ISO-10303-21;
HEADER;
FILE_DESCRIPTION(('FreeCAD Model'),'2;1');
FILE_NAME('Open CASCADE Shape Model','2026-10-06T23:34:19',('Author'),(
    ''),'Open CASCADE STEP processor 7.8','FreeCAD','Unknown');
FILE_SCHEMA(('AUTOMOTIVE_DESIGN { 1 0 10303 214 1 1 1 1 }'));
ENDSEC;
DATA;
#1 = APPLICATION_PROTOCOL_DEFINITION('international standard',
  'automotive_design',2000,#2);
#2 = APPLICATION_CONTEXT(
  'core data for automotive mechanical design processes');
#3 = SHAPE_DEFINITION_REPRESENTATION(#4,#10);
#4 = PRODUCT_DEFINITION_SHAPE('','',#5);
#5 = PRODUCT_DEFINITION('design','',#6,#9);
#6 = PRODUCT_DEFINITION_FORMATION('','',#7);
#7 = PRODUCT('Branch4','Branch4','',(#8));
#8 = PRODUCT_CONTEXT('',#2,'mechanical');
#9 = PRODUCT_DEFINITION_CONTEXT('part definition',#2,'design');
#10 = ADVANCED_BREP_SHAPE_REPRESENTATION('',(#11,#15),#5359);
#11 = AXIS2_PLACEMENT_3D('',#12,#13,#14);
#12 = CARTESIAN_POINT('',(0.,0.,0.));
#13 = DIRECTION('',(0.,0.,1.));
#14 = DIRECTION('',(1.,0.,-0.));
#15 = MANIFOLD_SOLID_BREP('',#16);
#16 = CLOSED_SHELL('',(#17,#947,#1098,#1122,#1146,#1170,#1194,#1218,
    #1259,#1283,#1332,#1356,#1380,#1404,#1428,#1452,#1476,#1500,#1524,
    #1548,#1572,#1596,#1620,#1644,#1668,#1692,#1716,#1740,#1764,#1788,
    #1812,#1836,#1860,#1884,#1908,#1932,#1956,#1980,#2004,#2028,#2052,
    #2076,#2100,#2124,#2148,#2172,#2196,#2220,#2244,#2268,#2292,#2316,
    #2340,#2364,#2388,#2412,#2436,#2460,#2484,#2508,#2532,#2556,#2580,
    #2604,#2628,#2652,#2676,#2700,#2724,#2748,#2772,#2796,#2820,#2844,
    #2868,#2892,#2916,#2940,#2964,#2988,#3012,#3068,#3092,#3139,#3163,
    #3187,#3211,#3235,#3291,#3331,#3362,#3386,#3410,#3434,#3458,#3482,
    #3506,#3530,#3554,#3578,#3602,#3619,#3644,#3669,#3700,#3724,#3748,
    #3772,#3796,#3820,#3844,#3868,#3892,#3916,#3940,#3957,#4177,#4208,
    #4232,#4256,#4280,#4304,#4328,#4352,#4376,#4400,#4424,#4448,#4465,
    #4490,#4525,#4536,#4576,#4600,#4633,#4705,#4738,#4762,#4788,#4819,
    #4843,#4867,#4891,#4915,#4939,#4963,#4987,#5011,#5035,#5052,#5072,
    #5081,#5139,#5156,#5173,#5190,#5202,#5219,#5231,#5276,#5307,#5331,
    #5348));
#17 = ADVANCED_FACE('',(#18,#724,#822,#833,#844),#942,.T.);
#18 = FACE_BOUND('',#19,.T.);
#19 = EDGE_LOOP('',(#20,#30,#38,#46,#54,#62,#70,#78,#86,#94,#102,#110,
    #118,#126,#134,#142,#150,#158,#166,#174,#182,#190,#198,#206,#214,
    #222,#230,#238,#246,#254,#262,#270,#278,#286,#294,#302,#310,#318,
    #326,#334,#342,#350,#358,#366,#374,#382,#390,#398,#406,#414,#422,
    #430,#438,#446,#454,#462,#470,#478,#486,#494,#502,#510,#518,#526,
    #534,#542,#550,#558,#566,#574,#582,#590,#598,#606,#614,#622,#630,
    #638,#646,#654,#662,#670,#678,#686,#694,#702,#710,#718));
#20 = ORIENTED_EDGE('',*,*,#21,.F.);
#21 = EDGE_CURVE('',#22,#24,#26,.T.);
#22 = VERTEX_POINT('',#23);
#23 = CARTESIAN_POINT('',(0.,11.352483798121,0.));
#24 = VERTEX_POINT('',#25);
#25 = CARTESIAN_POINT('',(-0.,-11.,0.));
#26 = LINE('',#27,#28);
#27 = CARTESIAN_POINT('',(0.,-10.81608918632,0.));
#28 = VECTOR('',#29,1.);
#29 = DIRECTION('',(0.,-1.,0.));
#30 = ORIENTED_EDGE('',*,*,#31,.F.);
#31 = EDGE_CURVE('',#32,#22,#34,.T.);
#32 = VERTEX_POINT('',#33);
#33 = CARTESIAN_POINT('',(2.4314,11.9736,0.));
#34 = LINE('',#35,#36);
#35 = CARTESIAN_POINT('',(2.4314,11.9736,0.));
#36 = VECTOR('',#37,1.);
#37 = DIRECTION('',(-0.968885874663,-0.247507902659,0.));
#38 = ORIENTED_EDGE('',*,*,#39,.F.);
#39 = EDGE_CURVE('',#40,#32,#42,.T.);
#40 = VERTEX_POINT('',#41);
#41 = CARTESIAN_POINT('',(7.7099,13.2505,0.));
#42 = LINE('',#43,#44);
#43 = CARTESIAN_POINT('',(7.7099,13.2505,0.));
#44 = VECTOR('',#45,1.);
#45 = DIRECTION('',(-0.971965358054,-0.235124100729,0.));
#46 = ORIENTED_EDGE('',*,*,#47,.F.);
#47 = EDGE_CURVE('',#48,#40,#50,.T.);
#48 = VERTEX_POINT('',#49);
#49 = CARTESIAN_POINT('',(12.9883,14.4681,0.));
#50 = LINE('',#51,#52);
#51 = CARTESIAN_POINT('',(12.9883,14.4681,0.));
#52 = VECTOR('',#53,1.);
#53 = DIRECTION('',(-0.974411104162,-0.224773219238,0.));
#54 = ORIENTED_EDGE('',*,*,#55,.F.);
#55 = EDGE_CURVE('',#56,#48,#58,.T.);
#56 = VERTEX_POINT('',#57);
#57 = CARTESIAN_POINT('',(18.2667,15.6389,0.));
#58 = LINE('',#59,#60);
#59 = CARTESIAN_POINT('',(18.2667,15.6389,0.));
#60 = VECTOR('',#61,1.);
#61 = DIRECTION('',(-0.976272282123,-0.216546602741,0.));
#62 = ORIENTED_EDGE('',*,*,#63,.F.);
#63 = EDGE_CURVE('',#64,#56,#66,.T.);
#64 = VERTEX_POINT('',#65);
#65 = CARTESIAN_POINT('',(23.5451,16.7754,0.));
#66 = LINE('',#67,#68);
#67 = CARTESIAN_POINT('',(23.5451,16.7754,0.));
#68 = VECTOR('',#69,1.);
#69 = DIRECTION('',(-0.977596499827,-0.210487727731,0.));
#70 = ORIENTED_EDGE('',*,*,#71,.F.);
#71 = EDGE_CURVE('',#72,#64,#74,.T.);
#72 = VERTEX_POINT('',#73);
#73 = CARTESIAN_POINT('',(28.8236,17.8899,0.));
#74 = LINE('',#75,#76);
#75 = CARTESIAN_POINT('',(28.8236,17.8899,0.));
#76 = VECTOR('',#77,1.);
#77 = DIRECTION('',(-0.978428664514,-0.206584966676,0.));
#78 = ORIENTED_EDGE('',*,*,#79,.F.);
#79 = EDGE_CURVE('',#80,#72,#82,.T.);
#80 = VERTEX_POINT('',#81);
#81 = CARTESIAN_POINT('',(34.102,18.9949,0.));
#82 = LINE('',#83,#84);
#83 = CARTESIAN_POINT('',(34.102,18.9949,0.));
#84 = VECTOR('',#85,1.);
#85 = DIRECTION('',(-0.978782496234,-0.204901988924,0.));
#86 = ORIENTED_EDGE('',*,*,#87,.F.);
#87 = EDGE_CURVE('',#88,#80,#90,.T.);
#88 = VERTEX_POINT('',#89);
#89 = CARTESIAN_POINT('',(39.3804,20.1027,0.));
#90 = LINE('',#91,#92);
#91 = CARTESIAN_POINT('',(39.3804,20.1027,0.));
#92 = VECTOR('',#93,1.);
#93 = DIRECTION('',(-0.978678251339,-0.20539931927,0.));
#94 = ORIENTED_EDGE('',*,*,#95,.F.);
#95 = EDGE_CURVE('',#96,#88,#98,.T.);
#96 = VERTEX_POINT('',#97);
#97 = CARTESIAN_POINT('',(43.884772421369,21.061089820297,0.));
#98 = LINE('',#99,#100);
#99 = CARTESIAN_POINT('',(44.6589,21.2258,0.));
#100 = VECTOR('',#101,1.);
#101 = DIRECTION('',(-0.978105367223,-0.208110284726,0.));
#102 = ORIENTED_EDGE('',*,*,#103,.F.);
#103 = EDGE_CURVE('',#104,#96,#106,.T.);
#104 = VERTEX_POINT('',#105);
#105 = CARTESIAN_POINT('',(54.7412,34.7068,0.));
#106 = LINE('',#107,#108);
#107 = CARTESIAN_POINT('',(54.7412,34.7068,0.));
#108 = VECTOR('',#109,1.);
#109 = DIRECTION('',(-0.62258978481,-0.782548375406,0.));
#110 = ORIENTED_EDGE('',*,*,#111,.F.);
#111 = EDGE_CURVE('',#112,#104,#114,.T.);
#112 = VERTEX_POINT('',#113);
#113 = CARTESIAN_POINT('',(55.2797,35.12,0.));
#114 = LINE('',#115,#116);
#115 = CARTESIAN_POINT('',(55.2797,35.12,0.));
#116 = VECTOR('',#117,1.);
#117 = DIRECTION('',(-0.793357312799,-0.608756251901,0.));
#118 = ORIENTED_EDGE('',*,*,#119,.F.);
#119 = EDGE_CURVE('',#120,#112,#122,.T.);
#120 = VERTEX_POINT('',#121);
#121 = CARTESIAN_POINT('',(55.9067,35.3797,0.));
#122 = LINE('',#123,#124);
#123 = CARTESIAN_POINT('',(55.9067,35.3797,0.));
#124 = VECTOR('',#125,1.);
#125 = DIRECTION('',(-0.923885733713,-0.382668460997,0.));
#126 = ORIENTED_EDGE('',*,*,#127,.F.);
#127 = EDGE_CURVE('',#128,#120,#130,.T.);
#128 = VERTEX_POINT('',#129);
#129 = CARTESIAN_POINT('',(56.5797,35.4683,0.));
#130 = LINE('',#131,#132);
#131 = CARTESIAN_POINT('',(56.5797,35.4683,0.));
#132 = VECTOR('',#133,1.);
#133 = DIRECTION('',(-0.991445267605,-0.130523106552,0.));
#134 = ORIENTED_EDGE('',*,*,#135,.F.);
#135 = EDGE_CURVE('',#136,#128,#138,.T.);
#136 = VERTEX_POINT('',#137);
#137 = CARTESIAN_POINT('',(57.2526,35.3797,0.));
#138 = LINE('',#139,#140);
#139 = CARTESIAN_POINT('',(57.2526,35.3797,0.));
#140 = VECTOR('',#141,1.);
#141 = DIRECTION('',(-0.991442757316,0.130542173129,0.));
#142 = ORIENTED_EDGE('',*,*,#143,.F.);
#143 = EDGE_CURVE('',#144,#136,#146,.T.);
#144 = VERTEX_POINT('',#145);
#145 = CARTESIAN_POINT('',(57.8797,35.12,0.));
#146 = LINE('',#147,#148);
#147 = CARTESIAN_POINT('',(57.8797,35.12,0.));
#148 = VECTOR('',#149,1.);
#149 = DIRECTION('',(-0.923907306556,0.382616373007,0.));
#150 = ORIENTED_EDGE('',*,*,#151,.F.);
#151 = EDGE_CURVE('',#152,#144,#154,.T.);
#152 = VERTEX_POINT('',#153);
#153 = CARTESIAN_POINT('',(58.4181,34.7068,0.));
#154 = LINE('',#155,#156);
#155 = CARTESIAN_POINT('',(58.4181,34.7068,0.));
#156 = VECTOR('',#157,1.);
#157 = DIRECTION('',(-0.793302706073,0.608827411125,0.));
#158 = ORIENTED_EDGE('',*,*,#159,.F.);
#159 = EDGE_CURVE('',#160,#152,#162,.T.);
#160 = VERTEX_POINT('',#161);
#161 = CARTESIAN_POINT('',(58.8313,34.1683,0.));
#162 = LINE('',#163,#164);
#163 = CARTESIAN_POINT('',(58.8313,34.1683,0.));
#164 = VECTOR('',#165,1.);
#165 = DIRECTION('',(-0.608756251901,0.793357312799,0.));
#166 = ORIENTED_EDGE('',*,*,#167,.F.);
#167 = EDGE_CURVE('',#168,#160,#170,.T.);
#168 = VERTEX_POINT('',#169);
#169 = CARTESIAN_POINT('',(59.0911,33.5413,0.));
#170 = LINE('',#171,#172);
#171 = CARTESIAN_POINT('',(59.0911,33.5413,0.));
#172 = VECTOR('',#173,1.);
#173 = DIRECTION('',(-0.382794223307,0.923833633617,0.));
#174 = ORIENTED_EDGE('',*,*,#175,.F.);
#175 = EDGE_CURVE('',#176,#168,#178,.T.);
#176 = VERTEX_POINT('',#177);
#177 = CARTESIAN_POINT('',(59.1797,32.8683,0.));
#178 = LINE('',#179,#180);
#179 = CARTESIAN_POINT('',(59.1797,32.8683,0.));
#180 = VECTOR('',#181,1.);
#181 = DIRECTION('',(-0.130523106552,0.991445267605,0.));
#182 = ORIENTED_EDGE('',*,*,#183,.F.);
#183 = EDGE_CURVE('',#184,#176,#186,.T.);
#184 = VERTEX_POINT('',#185);
#185 = CARTESIAN_POINT('',(59.0911,32.1954,0.));
#186 = LINE('',#187,#188);
#187 = CARTESIAN_POINT('',(59.0911,32.1954,0.));
#188 = VECTOR('',#189,1.);
#189 = DIRECTION('',(0.130542173129,0.991442757316,0.));
#190 = ORIENTED_EDGE('',*,*,#191,.F.);
#191 = EDGE_CURVE('',#192,#184,#194,.T.);
#192 = VERTEX_POINT('',#193);
#193 = CARTESIAN_POINT('',(58.8313,31.5683,0.));
#194 = LINE('',#195,#196);
#195 = CARTESIAN_POINT('',(58.8313,31.5683,0.));
#196 = VECTOR('',#197,1.);
#197 = DIRECTION('',(0.382742124074,0.923855219425,0.));
#198 = ORIENTED_EDGE('',*,*,#199,.F.);
#199 = EDGE_CURVE('',#200,#192,#202,.T.);
#200 = VERTEX_POINT('',#201);
#201 = CARTESIAN_POINT('',(53.728133105925,23.231878710565,0.));
#202 = LINE('',#203,#204);
#203 = CARTESIAN_POINT('',(45.304,9.4704,0.));
#204 = VECTOR('',#205,1.);
#205 = DIRECTION('',(0.522096967963,0.852886133105,0.));
#206 = ORIENTED_EDGE('',*,*,#207,.F.);
#207 = EDGE_CURVE('',#208,#200,#210,.T.);
#208 = VERTEX_POINT('',#209);
#209 = CARTESIAN_POINT('',(55.2157,23.5675,0.));
#210 = LINE('',#211,#212);
#211 = CARTESIAN_POINT('',(55.2157,23.5675,0.));
#212 = VECTOR('',#213,1.);
#213 = DIRECTION('',(-0.975480564104,-0.220085594838,0.));
#214 = ORIENTED_EDGE('',*,*,#215,.F.);
#215 = EDGE_CURVE('',#216,#208,#218,.T.);
#216 = VERTEX_POINT('',#217);
#217 = CARTESIAN_POINT('',(60.4942,24.8109,0.));
#218 = LINE('',#219,#220);
#219 = CARTESIAN_POINT('',(60.4942,24.8109,0.));
#220 = VECTOR('',#221,1.);
#221 = DIRECTION('',(-0.973359580367,-0.229283944724,0.));
#222 = ORIENTED_EDGE('',*,*,#223,.F.);
#223 = EDGE_CURVE('',#224,#216,#226,.T.);
#224 = VERTEX_POINT('',#225);
#225 = CARTESIAN_POINT('',(65.7726,26.1193,0.));
#226 = LINE('',#227,#228);
#227 = CARTESIAN_POINT('',(65.7726,26.1193,0.));
#228 = VECTOR('',#229,1.);
#229 = DIRECTION('',(-0.970625158013,-0.240596763554,0.));
#230 = ORIENTED_EDGE('',*,*,#231,.F.);
#231 = EDGE_CURVE('',#232,#224,#234,.T.);
#232 = VERTEX_POINT('',#233);
#233 = CARTESIAN_POINT('',(71.051,27.505,0.));
#234 = LINE('',#235,#236);
#235 = CARTESIAN_POINT('',(71.051,27.505,0.));
#236 = VECTOR('',#237,1.);
#237 = DIRECTION('',(-0.967225565128,-0.253918699909,0.));
#238 = ORIENTED_EDGE('',*,*,#239,.F.);
#239 = EDGE_CURVE('',#240,#232,#242,.T.);
#240 = VERTEX_POINT('',#241);
#241 = CARTESIAN_POINT('',(76.3294,28.9804,0.));
#242 = LINE('',#243,#244);
#243 = CARTESIAN_POINT('',(76.3294,28.9804,0.));
#244 = VECTOR('',#245,1.);
#245 = DIRECTION('',(-0.963084821453,-0.269198117909,0.));
#246 = ORIENTED_EDGE('',*,*,#247,.F.);
#247 = EDGE_CURVE('',#248,#240,#250,.T.);
#248 = VERTEX_POINT('',#249);
#249 = CARTESIAN_POINT('',(81.6079,30.558,0.));
#250 = LINE('',#251,#252);
#251 = CARTESIAN_POINT('',(81.6079,30.558,0.));
#252 = VECTOR('',#253,1.);
#253 = DIRECTION('',(-0.958123023148,-0.286356897095,0.));
#254 = ORIENTED_EDGE('',*,*,#255,.F.);
#255 = EDGE_CURVE('',#256,#248,#258,.T.);
#256 = VERTEX_POINT('',#257);
#257 = CARTESIAN_POINT('',(86.8863,32.2502,0.));
#258 = LINE('',#259,#260);
#259 = CARTESIAN_POINT('',(86.8863,32.2502,0.));
#260 = VECTOR('',#261,1.);
#261 = DIRECTION('',(-0.952261042385,-0.30528496058,0.));
#262 = ORIENTED_EDGE('',*,*,#263,.F.);
#263 = EDGE_CURVE('',#264,#256,#266,.T.);
#264 = VERTEX_POINT('',#265);
#265 = CARTESIAN_POINT('',(92.1647,34.0694,0.));
#266 = LINE('',#267,#268);
#267 = CARTESIAN_POINT('',(92.1647,34.0694,0.));
#268 = VECTOR('',#269,1.);
#269 = DIRECTION('',(-0.945424742777,-0.325840537295,0.));
#270 = ORIENTED_EDGE('',*,*,#271,.F.);
#271 = EDGE_CURVE('',#272,#264,#274,.T.);
#272 = VERTEX_POINT('',#273);
#273 = CARTESIAN_POINT('',(97.4432,36.028,0.));
#274 = LINE('',#275,#276);
#275 = CARTESIAN_POINT('',(97.4432,36.028,0.));
#276 = VECTOR('',#277,1.);
#277 = DIRECTION('',(-0.937540339194,-0.347876576366,0.));
#278 = ORIENTED_EDGE('',*,*,#279,.F.);
#279 = EDGE_CURVE('',#280,#272,#282,.T.);
#280 = VERTEX_POINT('',#281);
#281 = CARTESIAN_POINT('',(102.00244151111,37.850953775615,0.));
#282 = LINE('',#283,#284);
#283 = CARTESIAN_POINT('',(102.7216,38.1385,0.));
#284 = VECTOR('',#285,1.);
#285 = DIRECTION('',(-0.928528848449,-0.371260255883,0.));
#286 = ORIENTED_EDGE('',*,*,#287,.F.);
#287 = EDGE_CURVE('',#288,#280,#290,.T.);
#288 = VERTEX_POINT('',#289);
#289 = CARTESIAN_POINT('',(106.7188,39.8824,0.));
#290 = LINE('',#291,#292);
#291 = CARTESIAN_POINT('',(106.7188,39.8824,0.));
#292 = VECTOR('',#293,1.);
#293 = DIRECTION('',(-0.918427890752,-0.395588434474,0.));
#294 = ORIENTED_EDGE('',*,*,#295,.F.);
#295 = EDGE_CURVE('',#296,#288,#298,.T.);
#296 = VERTEX_POINT('',#297);
#297 = CARTESIAN_POINT('',(112.0625,42.3608,0.));
#298 = LINE('',#299,#300);
#299 = CARTESIAN_POINT('',(112.0625,42.3608,0.));
#300 = VECTOR('',#301,1.);
#301 = DIRECTION('',(-0.907177716569,-0.420747656632,0.));
#302 = ORIENTED_EDGE('',*,*,#303,.F.);
#303 = EDGE_CURVE('',#304,#296,#306,.T.);
#304 = VERTEX_POINT('',#305);
#305 = CARTESIAN_POINT('',(117.4062,45.0282,0.));
#306 = LINE('',#307,#308);
#307 = CARTESIAN_POINT('',(117.4062,45.0282,0.));
#308 = VECTOR('',#309,1.);
#309 = DIRECTION('',(-0.894725027553,-0.446617425846,0.));
#310 = ORIENTED_EDGE('',*,*,#311,.F.);
#311 = EDGE_CURVE('',#312,#304,#314,.T.);
#312 = VERTEX_POINT('',#313);
#313 = CARTESIAN_POINT('',(122.75,47.8971,0.));
#314 = LINE('',#315,#316);
#315 = CARTESIAN_POINT('',(122.75,47.8971,0.));
#316 = VECTOR('',#317,1.);
#317 = DIRECTION('',(-0.881057545174,-0.473009093033,0.));
#318 = ORIENTED_EDGE('',*,*,#319,.F.);
#319 = EDGE_CURVE('',#320,#312,#322,.T.);
#320 = VERTEX_POINT('',#321);
#321 = CARTESIAN_POINT('',(123.8353,48.3467,0.));
#322 = LINE('',#323,#324);
#323 = CARTESIAN_POINT('',(123.8353,48.3467,0.));
#324 = VECTOR('',#325,1.);
#325 = DIRECTION('',(-0.923863273436,-0.382722682887,0.));
#326 = ORIENTED_EDGE('',*,*,#327,.F.);
#327 = EDGE_CURVE('',#328,#320,#330,.T.);
#328 = VERTEX_POINT('',#329);
#329 = CARTESIAN_POINT('',(125.,48.5,0.));
#330 = LINE('',#331,#332);
#331 = CARTESIAN_POINT('',(125.,48.5,0.));
#332 = VECTOR('',#333,1.);
#333 = DIRECTION('',(-0.991448789651,-0.130496350522,0.));
#334 = ORIENTED_EDGE('',*,*,#335,.F.);
#335 = EDGE_CURVE('',#336,#328,#338,.T.);
#336 = VERTEX_POINT('',#337);
#337 = CARTESIAN_POINT('',(126.1647,48.3467,0.));
#338 = LINE('',#339,#340);
#339 = CARTESIAN_POINT('',(126.1647,48.3467,0.));
#340 = VECTOR('',#341,1.);
#341 = DIRECTION('',(-0.991448789651,0.130496350522,0.));
#342 = ORIENTED_EDGE('',*,*,#343,.F.);
#343 = EDGE_CURVE('',#344,#336,#346,.T.);
#344 = VERTEX_POINT('',#345);
#345 = CARTESIAN_POINT('',(127.25,47.8971,0.));
#346 = LINE('',#347,#348);
#347 = CARTESIAN_POINT('',(127.25,47.8971,0.));
#348 = VECTOR('',#349,1.);
#349 = DIRECTION('',(-0.923863273436,0.382722682887,0.));
#350 = ORIENTED_EDGE('',*,*,#351,.F.);
#351 = EDGE_CURVE('',#352,#344,#354,.T.);
#352 = VERTEX_POINT('',#353);
#353 = CARTESIAN_POINT('',(128.182,47.182,0.));
#354 = LINE('',#355,#356);
#355 = CARTESIAN_POINT('',(128.182,47.182,0.));
#356 = VECTOR('',#357,1.);
#357 = DIRECTION('',(-0.793373383429,0.608735307393,0.));
#358 = ORIENTED_EDGE('',*,*,#359,.F.);
#359 = EDGE_CURVE('',#360,#352,#362,.T.);
#360 = VERTEX_POINT('',#361);
#361 = CARTESIAN_POINT('',(128.8971,46.25,0.));
#362 = LINE('',#363,#364);
#363 = CARTESIAN_POINT('',(128.8971,46.25,0.));
#364 = VECTOR('',#365,1.);
#365 = DIRECTION('',(-0.608735307393,0.793373383429,0.));
#366 = ORIENTED_EDGE('',*,*,#367,.F.);
#367 = EDGE_CURVE('',#368,#360,#370,.T.);
#368 = VERTEX_POINT('',#369);
#369 = CARTESIAN_POINT('',(129.3467,45.1647,0.));
#370 = LINE('',#371,#372);
#371 = CARTESIAN_POINT('',(129.3467,45.1647,0.));
#372 = VECTOR('',#373,1.);
#373 = DIRECTION('',(-0.382722682887,0.923863273436,0.));
#374 = ORIENTED_EDGE('',*,*,#375,.F.);
#375 = EDGE_CURVE('',#376,#368,#378,.T.);
#376 = VERTEX_POINT('',#377);
#377 = CARTESIAN_POINT('',(129.5,44.,0.));
#378 = LINE('',#379,#380);
#379 = CARTESIAN_POINT('',(129.5,44.,0.));
#380 = VECTOR('',#381,1.);
#381 = DIRECTION('',(-0.130496350522,0.991448789651,0.));
#382 = ORIENTED_EDGE('',*,*,#383,.F.);
#383 = EDGE_CURVE('',#384,#376,#386,.T.);
#384 = VERTEX_POINT('',#385);
#385 = CARTESIAN_POINT('',(129.3467,42.8353,0.));
#386 = LINE('',#387,#388);
#387 = CARTESIAN_POINT('',(129.3467,42.8353,0.));
#388 = VECTOR('',#389,1.);
#389 = DIRECTION('',(0.130496350522,0.991448789651,0.));
#390 = ORIENTED_EDGE('',*,*,#391,.F.);
#391 = EDGE_CURVE('',#392,#384,#394,.T.);
#392 = VERTEX_POINT('',#393);
#393 = CARTESIAN_POINT('',(128.8971,41.75,0.));
#394 = LINE('',#395,#396);
#395 = CARTESIAN_POINT('',(128.8971,41.75,0.));
#396 = VECTOR('',#397,1.);
#397 = DIRECTION('',(0.382722682887,0.923863273436,0.));
#398 = ORIENTED_EDGE('',*,*,#399,.F.);
#399 = EDGE_CURVE('',#400,#392,#402,.T.);
#400 = VERTEX_POINT('',#401);
#401 = CARTESIAN_POINT('',(128.182,40.818,0.));
#402 = LINE('',#403,#404);
#403 = CARTESIAN_POINT('',(128.182,40.818,0.));
#404 = VECTOR('',#405,1.);
#405 = DIRECTION('',(0.608735307393,0.793373383429,0.));
#406 = ORIENTED_EDGE('',*,*,#407,.F.);
#407 = EDGE_CURVE('',#408,#400,#410,.T.);
#408 = VERTEX_POINT('',#409);
#409 = CARTESIAN_POINT('',(127.25,40.1029,0.));
#410 = LINE('',#411,#412);
#411 = CARTESIAN_POINT('',(127.25,40.1029,0.));
#412 = VECTOR('',#413,1.);
#413 = DIRECTION('',(0.793373383429,0.608735307393,0.));
#414 = ORIENTED_EDGE('',*,*,#415,.F.);
#415 = EDGE_CURVE('',#416,#408,#418,.T.);
#416 = VERTEX_POINT('',#417);
#417 = CARTESIAN_POINT('',(122.1771,36.7649,0.));
#418 = LINE('',#419,#420);
#419 = CARTESIAN_POINT('',(122.1771,36.7649,0.));
#420 = VECTOR('',#421,1.);
#421 = DIRECTION('',(0.835374299516,0.549681525712,0.));
#422 = ORIENTED_EDGE('',*,*,#423,.F.);
#423 = EDGE_CURVE('',#424,#416,#426,.T.);
#424 = VERTEX_POINT('',#425);
#425 = CARTESIAN_POINT('',(117.1042,33.6283,0.));
#426 = LINE('',#427,#428);
#427 = CARTESIAN_POINT('',(117.1042,33.6283,0.));
#428 = VECTOR('',#429,1.);
#429 = DIRECTION('',(0.850547663278,0.525897967758,0.));
#430 = ORIENTED_EDGE('',*,*,#431,.F.);
#431 = EDGE_CURVE('',#432,#424,#434,.T.);
#432 = VERTEX_POINT('',#433);
#433 = CARTESIAN_POINT('',(112.0312,30.6809,0.));
#434 = LINE('',#435,#436);
#435 = CARTESIAN_POINT('',(112.0312,30.6809,0.));
#436 = VECTOR('',#437,1.);
#437 = DIRECTION('',(0.86465664764,0.502363296522,0.));
#438 = ORIENTED_EDGE('',*,*,#439,.F.);
#439 = EDGE_CURVE('',#440,#432,#442,.T.);
#440 = VERTEX_POINT('',#441);
#441 = CARTESIAN_POINT('',(106.9583,27.9101,0.));
#442 = LINE('',#443,#444);
#443 = CARTESIAN_POINT('',(106.9583,27.9101,0.));
#444 = VECTOR('',#445,1.);
#445 = DIRECTION('',(0.87762171172,0.479353868366,0.));
#446 = ORIENTED_EDGE('',*,*,#447,.F.);
#447 = EDGE_CURVE('',#448,#440,#450,.T.);
#448 = VERTEX_POINT('',#449);
#449 = CARTESIAN_POINT('',(101.8854,25.3035,0.));
#450 = LINE('',#451,#452);
#451 = CARTESIAN_POINT('',(101.8854,25.3035,0.));
#452 = VECTOR('',#453,1.);
#453 = DIRECTION('',(0.889453185425,0.457026291298,0.));
#454 = ORIENTED_EDGE('',*,*,#455,.F.);
#455 = EDGE_CURVE('',#456,#448,#458,.T.);
#456 = VERTEX_POINT('',#457);
#457 = CARTESIAN_POINT('',(96.8125,22.8487,0.));
#458 = LINE('',#459,#460);
#459 = CARTESIAN_POINT('',(96.8125,22.8487,0.));
#460 = VECTOR('',#461,1.);
#461 = DIRECTION('',(0.900147356756,0.435585509544,0.));
#462 = ORIENTED_EDGE('',*,*,#463,.F.);
#463 = EDGE_CURVE('',#464,#456,#466,.T.);
#464 = VERTEX_POINT('',#465);
#465 = CARTESIAN_POINT('',(91.7396,20.5334,0.));
#466 = LINE('',#467,#468);
#467 = CARTESIAN_POINT('',(91.7396,20.5334,0.));
#468 = VECTOR('',#469,1.);
#469 = DIRECTION('',(0.909727912543,0.415204919456,0.));
#470 = ORIENTED_EDGE('',*,*,#471,.F.);
#471 = EDGE_CURVE('',#472,#464,#474,.T.);
#472 = VERTEX_POINT('',#473);
#473 = CARTESIAN_POINT('',(86.6667,18.345,0.));
#474 = LINE('',#475,#476);
#475 = CARTESIAN_POINT('',(86.6667,18.345,0.));
#476 = VECTOR('',#477,1.);
#477 = DIRECTION('',(0.918205275197,0.39610487576,0.));
#478 = ORIENTED_EDGE('',*,*,#479,.F.);
#479 = EDGE_CURVE('',#480,#472,#482,.T.);
#480 = VERTEX_POINT('',#481);
#481 = CARTESIAN_POINT('',(85.0588,17.679,0.));
#482 = LINE('',#483,#484);
#483 = CARTESIAN_POINT('',(85.0588,17.679,0.));
#484 = VECTOR('',#485,1.);
#485 = DIRECTION('',(0.923882373905,0.382676572561,0.));
#486 = ORIENTED_EDGE('',*,*,#487,.F.);
#487 = EDGE_CURVE('',#488,#480,#490,.T.);
#488 = VERTEX_POINT('',#489);
#489 = CARTESIAN_POINT('',(82.758228482937,16.738390322867,0.));
#490 = LINE('',#491,#492);
#491 = CARTESIAN_POINT('',(79.9206,15.5782,0.));
#492 = VECTOR('',#493,1.);
#493 = DIRECTION('',(0.925622120686,0.378449058257,0.));
#494 = ORIENTED_EDGE('',*,*,#495,.F.);
#495 = EDGE_CURVE('',#496,#488,#498,.T.);
#496 = VERTEX_POINT('',#497);
#497 = CARTESIAN_POINT('',(90.076,9.525,0.));
#498 = LINE('',#499,#500);
#499 = CARTESIAN_POINT('',(90.076,9.525,0.));
#500 = VECTOR('',#501,1.);
#501 = DIRECTION('',(-0.712167743523,0.702009334045,0.));
#502 = ORIENTED_EDGE('',*,*,#503,.F.);
#503 = EDGE_CURVE('',#504,#496,#506,.T.);
#504 = VERTEX_POINT('',#505);
#505 = CARTESIAN_POINT('',(90.4892,8.9865,0.));
#506 = LINE('',#507,#508);
#507 = CARTESIAN_POINT('',(90.4892,8.9865,0.));
#508 = VECTOR('',#509,1.);
#509 = DIRECTION('',(-0.608756251901,0.793357312799,0.));
#510 = ORIENTED_EDGE('',*,*,#511,.F.);
#511 = EDGE_CURVE('',#512,#504,#514,.T.);
#512 = VERTEX_POINT('',#513);
#513 = CARTESIAN_POINT('',(90.749,8.3594,0.));
#514 = LINE('',#515,#516);
#515 = CARTESIAN_POINT('',(90.749,8.3594,0.));
#516 = VECTOR('',#517,1.);
#517 = DIRECTION('',(-0.382742124074,0.923855219425,0.));
#518 = ORIENTED_EDGE('',*,*,#519,.F.);
#519 = EDGE_CURVE('',#520,#512,#522,.T.);
#520 = VERTEX_POINT('',#521);
#521 = CARTESIAN_POINT('',(90.8376,7.6865,0.));
#522 = LINE('',#523,#524);
#523 = CARTESIAN_POINT('',(90.8376,7.6865,0.));
#524 = VECTOR('',#525,1.);
#525 = DIRECTION('',(-0.130542173129,0.991442757316,0.));
#526 = ORIENTED_EDGE('',*,*,#527,.F.);
#527 = EDGE_CURVE('',#528,#520,#530,.T.);
#528 = VERTEX_POINT('',#529);
#529 = CARTESIAN_POINT('',(90.749,7.0136,0.));
#530 = LINE('',#531,#532);
#531 = CARTESIAN_POINT('',(90.749,7.0136,0.));
#532 = VECTOR('',#533,1.);
#533 = DIRECTION('',(0.130542173129,0.991442757316,0.));
#534 = ORIENTED_EDGE('',*,*,#535,.F.);
#535 = EDGE_CURVE('',#536,#528,#538,.T.);
#536 = VERTEX_POINT('',#537);
#537 = CARTESIAN_POINT('',(90.4892,6.3865,0.));
#538 = LINE('',#539,#540);
#539 = CARTESIAN_POINT('',(90.4892,6.3865,0.));
#540 = VECTOR('',#541,1.);
#541 = DIRECTION('',(0.382742124074,0.923855219425,0.));
#542 = ORIENTED_EDGE('',*,*,#543,.F.);
#543 = EDGE_CURVE('',#544,#536,#546,.T.);
#544 = VERTEX_POINT('',#545);
#545 = CARTESIAN_POINT('',(90.076,5.848,0.));
#546 = LINE('',#547,#548);
#547 = CARTESIAN_POINT('',(90.076,5.848,0.));
#548 = VECTOR('',#549,1.);
#549 = DIRECTION('',(0.608756251901,0.793357312799,0.));
#550 = ORIENTED_EDGE('',*,*,#551,.F.);
#551 = EDGE_CURVE('',#552,#544,#554,.T.);
#552 = VERTEX_POINT('',#553);
#553 = CARTESIAN_POINT('',(89.5376,5.4348,0.));
#554 = LINE('',#555,#556);
#555 = CARTESIAN_POINT('',(89.5376,5.4348,0.));
#556 = VECTOR('',#557,1.);
#557 = DIRECTION('',(0.793302706073,0.608827411125,0.));
#558 = ORIENTED_EDGE('',*,*,#559,.F.);
#559 = EDGE_CURVE('',#560,#552,#562,.T.);
#560 = VERTEX_POINT('',#561);
#561 = CARTESIAN_POINT('',(88.9105,5.1751,0.));
#562 = LINE('',#563,#564);
#563 = CARTESIAN_POINT('',(88.9105,5.1751,0.));
#564 = VECTOR('',#565,1.);
#565 = DIRECTION('',(0.923907306556,0.382616373007,0.));
#566 = ORIENTED_EDGE('',*,*,#567,.F.);
#567 = EDGE_CURVE('',#568,#560,#570,.T.);
#568 = VERTEX_POINT('',#569);
#569 = CARTESIAN_POINT('',(88.2376,5.0865,0.));
#570 = LINE('',#571,#572);
#571 = CARTESIAN_POINT('',(88.2376,5.0865,0.));
#572 = VECTOR('',#573,1.);
#573 = DIRECTION('',(0.991442757316,0.130542173129,0.));
#574 = ORIENTED_EDGE('',*,*,#575,.F.);
#575 = EDGE_CURVE('',#576,#568,#578,.T.);
#576 = VERTEX_POINT('',#577);
#577 = CARTESIAN_POINT('',(87.5646,5.1751,0.));
#578 = LINE('',#579,#580);
#579 = CARTESIAN_POINT('',(87.5646,5.1751,0.));
#580 = VECTOR('',#581,1.);
#581 = DIRECTION('',(0.991445267605,-0.130523106552,0.));
#582 = ORIENTED_EDGE('',*,*,#583,.F.);
#583 = EDGE_CURVE('',#584,#576,#586,.T.);
#584 = VERTEX_POINT('',#585);
#585 = CARTESIAN_POINT('',(86.9376,5.4348,0.));
#586 = LINE('',#587,#588);
#587 = CARTESIAN_POINT('',(86.9376,5.4348,0.));
#588 = VECTOR('',#589,1.);
#589 = DIRECTION('',(0.923885733713,-0.382668460997,0.));
#590 = ORIENTED_EDGE('',*,*,#591,.F.);
#591 = EDGE_CURVE('',#592,#584,#594,.T.);
#592 = VERTEX_POINT('',#593);
#593 = CARTESIAN_POINT('',(75.240148740879,13.757594365528,0.));
#594 = LINE('',#595,#596);
#595 = CARTESIAN_POINT('',(70.8167,16.9049,0.));
#596 = VECTOR('',#597,1.);
#597 = DIRECTION('',(0.814803743008,-0.579736888925,0.));
#598 = ORIENTED_EDGE('',*,*,#599,.F.);
#599 = EDGE_CURVE('',#600,#592,#602,.T.);
#600 = VERTEX_POINT('',#601);
#601 = CARTESIAN_POINT('',(74.7823,13.5795,0.));
#602 = LINE('',#603,#604);
#603 = CARTESIAN_POINT('',(74.7823,13.5795,0.));
#604 = VECTOR('',#605,1.);
#605 = DIRECTION('',(0.931975735584,0.362520659111,0.));
#606 = ORIENTED_EDGE('',*,*,#607,.F.);
#607 = EDGE_CURVE('',#608,#600,#610,.T.);
#608 = VERTEX_POINT('',#609);
#609 = CARTESIAN_POINT('',(69.6441,11.6706,0.));
#610 = LINE('',#611,#612);
#611 = CARTESIAN_POINT('',(69.6441,11.6706,0.));
#612 = VECTOR('',#613,1.);
#613 = DIRECTION('',(0.937399919362,0.348254779119,0.));
#614 = ORIENTED_EDGE('',*,*,#615,.F.);
#615 = EDGE_CURVE('',#616,#608,#618,.T.);
#616 = VERTEX_POINT('',#617);
#617 = CARTESIAN_POINT('',(64.5058,9.8391,0.));
#618 = LINE('',#619,#620);
#619 = CARTESIAN_POINT('',(64.5058,9.8391,0.));
#620 = VECTOR('',#621,1.);
#621 = DIRECTION('',(0.941951177872,0.335749874914,0.));
#622 = ORIENTED_EDGE('',*,*,#623,.F.);
#623 = EDGE_CURVE('',#624,#616,#626,.T.);
#624 = VERTEX_POINT('',#625);
#625 = CARTESIAN_POINT('',(59.3676,8.0724,0.));
#626 = LINE('',#627,#628);
#627 = CARTESIAN_POINT('',(59.3676,8.0724,0.));
#628 = VECTOR('',#629,1.);
#629 = DIRECTION('',(0.945661489171,0.325152806998,0.));
#630 = ORIENTED_EDGE('',*,*,#631,.F.);
#631 = EDGE_CURVE('',#632,#624,#634,.T.);
#632 = VERTEX_POINT('',#633);
#633 = CARTESIAN_POINT('',(54.2294,6.3583,0.));
#634 = LINE('',#635,#636);
#635 = CARTESIAN_POINT('',(54.2294,6.3583,0.));
#636 = VECTOR('',#637,1.);
#637 = DIRECTION('',(0.948607577224,0.316454837904,0.));
#638 = ORIENTED_EDGE('',*,*,#639,.F.);
#639 = EDGE_CURVE('',#640,#632,#642,.T.);
#640 = VERTEX_POINT('',#641);
#641 = CARTESIAN_POINT('',(49.0911,4.6843,0.));
#642 = LINE('',#643,#644);
#643 = CARTESIAN_POINT('',(49.0911,4.6843,0.));
#644 = VECTOR('',#645,1.);
#645 = DIRECTION('',(0.950813395014,0.309764245617,0.));
#646 = ORIENTED_EDGE('',*,*,#647,.F.);
#647 = EDGE_CURVE('',#648,#640,#650,.T.);
#648 = VERTEX_POINT('',#649);
#649 = CARTESIAN_POINT('',(43.9529,3.038,0.));
#650 = LINE('',#651,#652);
#651 = CARTESIAN_POINT('',(43.9529,3.038,0.));
#652 = VECTOR('',#653,1.);
#653 = DIRECTION('',(0.952312395237,0.305124731672,0.));
#654 = ORIENTED_EDGE('',*,*,#655,.F.);
#655 = EDGE_CURVE('',#656,#648,#658,.T.);
#656 = VERTEX_POINT('',#657);
#657 = CARTESIAN_POINT('',(38.8147,1.407,0.));
#658 = LINE('',#659,#660);
#659 = CARTESIAN_POINT('',(38.8147,1.407,0.));
#660 = VECTOR('',#661,1.);
#661 = DIRECTION('',(0.953133607476,0.302549708807,0.));
#662 = ORIENTED_EDGE('',*,*,#663,.F.);
#663 = EDGE_CURVE('',#664,#656,#666,.T.);
#664 = VERTEX_POINT('',#665);
#665 = CARTESIAN_POINT('',(33.6764,-0.2212,0.));
#666 = LINE('',#667,#668);
#667 = CARTESIAN_POINT('',(33.6764,-0.2212,0.));
#668 = VECTOR('',#669,1.);
#669 = DIRECTION('',(0.953284986226,0.302072400322,0.));
#670 = ORIENTED_EDGE('',*,*,#671,.F.);
#671 = EDGE_CURVE('',#672,#664,#674,.T.);
#672 = VERTEX_POINT('',#673);
#673 = CARTESIAN_POINT('',(28.5382,-1.8589,0.));
#674 = LINE('',#675,#676);
#675 = CARTESIAN_POINT('',(28.5382,-1.8589,0.));
#676 = VECTOR('',#677,1.);
#677 = DIRECTION('',(0.952774674108,0.303678152619,0.));
#678 = ORIENTED_EDGE('',*,*,#679,.F.);
#679 = EDGE_CURVE('',#680,#672,#682,.T.);
#680 = VERTEX_POINT('',#681);
#681 = CARTESIAN_POINT('',(23.4,-3.5186,0.));
#682 = LINE('',#683,#684);
#683 = CARTESIAN_POINT('',(23.4,-3.5186,0.));
#684 = VECTOR('',#685,1.);
#685 = DIRECTION('',(0.95158862848,0.307374498207,0.));
#686 = ORIENTED_EDGE('',*,*,#687,.F.);
#687 = EDGE_CURVE('',#688,#680,#690,.T.);
#688 = VERTEX_POINT('',#689);
#689 = CARTESIAN_POINT('',(18.2617,-5.2126,0.));
#690 = LINE('',#691,#692);
#691 = CARTESIAN_POINT('',(18.2617,-5.2126,0.));
#692 = VECTOR('',#693,1.);
#693 = DIRECTION('',(0.949718761954,0.313104252914,0.));
#694 = ORIENTED_EDGE('',*,*,#695,.F.);
#695 = EDGE_CURVE('',#696,#688,#698,.T.);
#696 = VERTEX_POINT('',#697);
#697 = CARTESIAN_POINT('',(13.1235,-6.9535,0.));
#698 = LINE('',#699,#700);
#699 = CARTESIAN_POINT('',(13.1235,-6.9535,0.));
#700 = VECTOR('',#701,1.);
#701 = DIRECTION('',(0.947114218565,0.320896645343,0.));
#702 = ORIENTED_EDGE('',*,*,#703,.F.);
#703 = EDGE_CURVE('',#704,#696,#706,.T.);
#704 = VERTEX_POINT('',#705);
#705 = CARTESIAN_POINT('',(7.9852,-8.7535,0.));
#706 = LINE('',#707,#708);
#707 = CARTESIAN_POINT('',(7.9852,-8.7535,0.));
#708 = VECTOR('',#709,1.);
#709 = DIRECTION('',(0.943766974669,0.330611399569,0.));
#710 = ORIENTED_EDGE('',*,*,#711,.F.);
#711 = EDGE_CURVE('',#712,#704,#714,.T.);
#712 = VERTEX_POINT('',#713);
#713 = CARTESIAN_POINT('',(2.847,-10.6252,0.));
#714 = LINE('',#715,#716);
#715 = CARTESIAN_POINT('',(2.847,-10.6252,0.));
#716 = VECTOR('',#717,1.);
#717 = DIRECTION('',(0.939601600163,0.342270116972,0.));
#718 = ORIENTED_EDGE('',*,*,#719,.F.);
#719 = EDGE_CURVE('',#24,#712,#720,.T.);
#720 = LINE('',#721,#722);
#721 = CARTESIAN_POINT('',(-0.,-11.,0.));
#722 = VECTOR('',#723,1.);
#723 = DIRECTION('',(0.991445522055,0.13052117375,0.));
#724 = FACE_BOUND('',#725,.T.);
#725 = EDGE_LOOP('',(#726,#736,#744,#752,#760,#768,#776,#784,#792,#800,
    #808,#816));
#726 = ORIENTED_EDGE('',*,*,#727,.F.);
#727 = EDGE_CURVE('',#728,#730,#732,.T.);
#728 = VERTEX_POINT('',#729);
#729 = CARTESIAN_POINT('',(60.,18.325,0.));
#730 = VERTEX_POINT('',#731);
#731 = CARTESIAN_POINT('',(61.5,18.325,0.));
#732 = LINE('',#733,#734);
#733 = CARTESIAN_POINT('',(60.171311324962,18.325,0.));
#734 = VECTOR('',#735,1.);
#735 = DIRECTION('',(1.,0.,-0.));
#736 = ORIENTED_EDGE('',*,*,#737,.T.);
#737 = EDGE_CURVE('',#728,#738,#740,.T.);
#738 = VERTEX_POINT('',#739);
#739 = CARTESIAN_POINT('',(60.,16.325,0.));
#740 = LINE('',#741,#742);
#741 = CARTESIAN_POINT('',(60.,17.34641081368,0.));
#742 = VECTOR('',#743,1.);
#743 = DIRECTION('',(0.,-1.,0.));
#744 = ORIENTED_EDGE('',*,*,#745,.T.);
#745 = EDGE_CURVE('',#738,#746,#748,.T.);
#746 = VERTEX_POINT('',#747);
#747 = CARTESIAN_POINT('',(61.5,16.325,0.));
#748 = LINE('',#749,#750);
#749 = CARTESIAN_POINT('',(60.171311324962,16.325,0.));
#750 = VECTOR('',#751,1.);
#751 = DIRECTION('',(1.,0.,-0.));
#752 = ORIENTED_EDGE('',*,*,#753,.T.);
#753 = EDGE_CURVE('',#746,#754,#756,.T.);
#754 = VERTEX_POINT('',#755);
#755 = CARTESIAN_POINT('',(61.5,14.825,0.));
#756 = LINE('',#757,#758);
#757 = CARTESIAN_POINT('',(61.5,16.59641081368,0.));
#758 = VECTOR('',#759,1.);
#759 = DIRECTION('',(0.,-1.,0.));
#760 = ORIENTED_EDGE('',*,*,#761,.T.);
#761 = EDGE_CURVE('',#754,#762,#764,.T.);
#762 = VERTEX_POINT('',#763);
#763 = CARTESIAN_POINT('',(63.5,14.825,0.));
#764 = LINE('',#765,#766);
#765 = CARTESIAN_POINT('',(60.921311324962,14.825,0.));
#766 = VECTOR('',#767,1.);
#767 = DIRECTION('',(1.,0.,-0.));
#768 = ORIENTED_EDGE('',*,*,#769,.F.);
#769 = EDGE_CURVE('',#770,#762,#772,.T.);
#770 = VERTEX_POINT('',#771);
#771 = CARTESIAN_POINT('',(63.5,16.325,0.));
#772 = LINE('',#773,#774);
#773 = CARTESIAN_POINT('',(63.5,16.59641081368,0.));
#774 = VECTOR('',#775,1.);
#775 = DIRECTION('',(0.,-1.,0.));
#776 = ORIENTED_EDGE('',*,*,#777,.T.);
#777 = EDGE_CURVE('',#770,#778,#780,.T.);
#778 = VERTEX_POINT('',#779);
#779 = CARTESIAN_POINT('',(65.,16.325,0.));
#780 = LINE('',#781,#782);
#781 = CARTESIAN_POINT('',(60.171311324962,16.325,0.));
#782 = VECTOR('',#783,1.);
#783 = DIRECTION('',(1.,0.,-0.));
#784 = ORIENTED_EDGE('',*,*,#785,.F.);
#785 = EDGE_CURVE('',#786,#778,#788,.T.);
#786 = VERTEX_POINT('',#787);
#787 = CARTESIAN_POINT('',(65.,18.325,0.));
#788 = LINE('',#789,#790);
#789 = CARTESIAN_POINT('',(65.,17.34641081368,0.));
#790 = VECTOR('',#791,1.);
#791 = DIRECTION('',(0.,-1.,0.));
#792 = ORIENTED_EDGE('',*,*,#793,.F.);
#793 = EDGE_CURVE('',#794,#786,#796,.T.);
#794 = VERTEX_POINT('',#795);
#795 = CARTESIAN_POINT('',(63.5,18.325,0.));
#796 = LINE('',#797,#798);
#797 = CARTESIAN_POINT('',(60.171311324962,18.325,0.));
#798 = VECTOR('',#799,1.);
#799 = DIRECTION('',(1.,0.,-0.));
#800 = ORIENTED_EDGE('',*,*,#801,.F.);
#801 = EDGE_CURVE('',#802,#794,#804,.T.);
#802 = VERTEX_POINT('',#803);
#803 = CARTESIAN_POINT('',(63.5,19.825,0.));
#804 = LINE('',#805,#806);
#805 = CARTESIAN_POINT('',(63.5,16.59641081368,0.));
#806 = VECTOR('',#807,1.);
#807 = DIRECTION('',(0.,-1.,0.));
#808 = ORIENTED_EDGE('',*,*,#809,.F.);
#809 = EDGE_CURVE('',#810,#802,#812,.T.);
#810 = VERTEX_POINT('',#811);
#811 = CARTESIAN_POINT('',(61.5,19.825,0.));
#812 = LINE('',#813,#814);
#813 = CARTESIAN_POINT('',(60.921311324962,19.825,0.));
#814 = VECTOR('',#815,1.);
#815 = DIRECTION('',(1.,0.,-0.));
#816 = ORIENTED_EDGE('',*,*,#817,.T.);
#817 = EDGE_CURVE('',#810,#730,#818,.T.);
#818 = LINE('',#819,#820);
#819 = CARTESIAN_POINT('',(61.5,16.59641081368,0.));
#820 = VECTOR('',#821,1.);
#821 = DIRECTION('',(0.,-1.,0.));
#822 = FACE_BOUND('',#823,.T.);
#823 = EDGE_LOOP('',(#824));
#824 = ORIENTED_EDGE('',*,*,#825,.T.);
#825 = EDGE_CURVE('',#826,#826,#828,.T.);
#826 = VERTEX_POINT('',#827);
#827 = CARTESIAN_POINT('',(58.953012649307,18.597691229831,0.));
#828 = CIRCLE('',#829,2.45);
#829 = AXIS2_PLACEMENT_3D('',#830,#831,#832);
#830 = CARTESIAN_POINT('',(56.503012649307,18.597691229831,0.));
#831 = DIRECTION('',(0.,0.,1.));
#832 = DIRECTION('',(1.,0.,-0.));
#833 = FACE_BOUND('',#834,.T.);
#834 = EDGE_LOOP('',(#835));
#835 = ORIENTED_EDGE('',*,*,#836,.T.);
#836 = EDGE_CURVE('',#837,#837,#839,.T.);
#837 = VERTEX_POINT('',#838);
#838 = CARTESIAN_POINT('',(84.962165742724,26.373664586544,0.));
#839 = CIRCLE('',#840,2.45);
#840 = AXIS2_PLACEMENT_3D('',#841,#842,#843);
#841 = CARTESIAN_POINT('',(82.512165742724,26.373664586544,0.));
#842 = DIRECTION('',(0.,0.,1.));
#843 = DIRECTION('',(1.,0.,-0.));
#844 = FACE_BOUND('',#845,.T.);
#845 = EDGE_LOOP('',(#846,#856,#864,#872,#880,#888,#896,#904,#912,#920,
    #928,#936));
#846 = ORIENTED_EDGE('',*,*,#847,.F.);
#847 = EDGE_CURVE('',#848,#850,#852,.T.);
#848 = VERTEX_POINT('',#849);
#849 = CARTESIAN_POINT('',(96.458333333333,31.373336226852,0.));
#850 = VERTEX_POINT('',#851);
#851 = CARTESIAN_POINT('',(97.958333333333,31.373336226852,0.));
#852 = LINE('',#853,#854);
#853 = CARTESIAN_POINT('',(78.400477991629,31.373336226852,0.));
#854 = VECTOR('',#855,1.);
#855 = DIRECTION('',(1.,0.,-0.));
#856 = ORIENTED_EDGE('',*,*,#857,.T.);
#857 = EDGE_CURVE('',#848,#858,#860,.T.);
#858 = VERTEX_POINT('',#859);
#859 = CARTESIAN_POINT('',(96.458333333333,29.373336226852,0.));
#860 = LINE('',#861,#862);
#861 = CARTESIAN_POINT('',(96.458333333333,23.870578927106,0.));
#862 = VECTOR('',#863,1.);
#863 = DIRECTION('',(0.,-1.,0.));
#864 = ORIENTED_EDGE('',*,*,#865,.T.);
#865 = EDGE_CURVE('',#858,#866,#868,.T.);
#866 = VERTEX_POINT('',#867);
#867 = CARTESIAN_POINT('',(97.958333333333,29.373336226852,0.));
#868 = LINE('',#869,#870);
#869 = CARTESIAN_POINT('',(78.400477991629,29.373336226852,0.));
#870 = VECTOR('',#871,1.);
#871 = DIRECTION('',(1.,0.,-0.));
#872 = ORIENTED_EDGE('',*,*,#873,.T.);
#873 = EDGE_CURVE('',#866,#874,#876,.T.);
#874 = VERTEX_POINT('',#875);
#875 = CARTESIAN_POINT('',(97.958333333333,27.873336226852,0.));
#876 = LINE('',#877,#878);
#877 = CARTESIAN_POINT('',(97.958333333333,23.120578927106,0.));
#878 = VECTOR('',#879,1.);
#879 = DIRECTION('',(0.,-1.,0.));
#880 = ORIENTED_EDGE('',*,*,#881,.T.);
#881 = EDGE_CURVE('',#874,#882,#884,.T.);
#882 = VERTEX_POINT('',#883);
#883 = CARTESIAN_POINT('',(99.958333333333,27.873336226852,0.));
#884 = LINE('',#885,#886);
#885 = CARTESIAN_POINT('',(79.150477991629,27.873336226852,0.));
#886 = VECTOR('',#887,1.);
#887 = DIRECTION('',(1.,0.,-0.));
#888 = ORIENTED_EDGE('',*,*,#889,.F.);
#889 = EDGE_CURVE('',#890,#882,#892,.T.);
#890 = VERTEX_POINT('',#891);
#891 = CARTESIAN_POINT('',(99.958333333333,29.373336226852,0.));
#892 = LINE('',#893,#894);
#893 = CARTESIAN_POINT('',(99.958333333333,23.120578927106,0.));
#894 = VECTOR('',#895,1.);
#895 = DIRECTION('',(0.,-1.,0.));
#896 = ORIENTED_EDGE('',*,*,#897,.T.);
#897 = EDGE_CURVE('',#890,#898,#900,.T.);
#898 = VERTEX_POINT('',#899);
#899 = CARTESIAN_POINT('',(101.45833333333,29.373336226852,0.));
#900 = LINE('',#901,#902);
#901 = CARTESIAN_POINT('',(78.400477991629,29.373336226852,0.));
#902 = VECTOR('',#903,1.);
#903 = DIRECTION('',(1.,0.,-0.));
#904 = ORIENTED_EDGE('',*,*,#905,.F.);
#905 = EDGE_CURVE('',#906,#898,#908,.T.);
#906 = VERTEX_POINT('',#907);
#907 = CARTESIAN_POINT('',(101.45833333333,31.373336226852,0.));
#908 = LINE('',#909,#910);
#909 = CARTESIAN_POINT('',(101.45833333333,23.870578927106,0.));
#910 = VECTOR('',#911,1.);
#911 = DIRECTION('',(0.,-1.,0.));
#912 = ORIENTED_EDGE('',*,*,#913,.F.);
#913 = EDGE_CURVE('',#914,#906,#916,.T.);
#914 = VERTEX_POINT('',#915);
#915 = CARTESIAN_POINT('',(99.958333333333,31.373336226852,0.));
#916 = LINE('',#917,#918);
#917 = CARTESIAN_POINT('',(78.400477991629,31.373336226852,0.));
#918 = VECTOR('',#919,1.);
#919 = DIRECTION('',(1.,0.,-0.));
#920 = ORIENTED_EDGE('',*,*,#921,.F.);
#921 = EDGE_CURVE('',#922,#914,#924,.T.);
#922 = VERTEX_POINT('',#923);
#923 = CARTESIAN_POINT('',(99.958333333333,32.873336226852,0.));
#924 = LINE('',#925,#926);
#925 = CARTESIAN_POINT('',(99.958333333333,23.120578927106,0.));
#926 = VECTOR('',#927,1.);
#927 = DIRECTION('',(0.,-1.,0.));
#928 = ORIENTED_EDGE('',*,*,#929,.F.);
#929 = EDGE_CURVE('',#930,#922,#932,.T.);
#930 = VERTEX_POINT('',#931);
#931 = CARTESIAN_POINT('',(97.958333333333,32.873336226852,0.));
#932 = LINE('',#933,#934);
#933 = CARTESIAN_POINT('',(79.150477991629,32.873336226852,0.));
#934 = VECTOR('',#935,1.);
#935 = DIRECTION('',(1.,0.,-0.));
#936 = ORIENTED_EDGE('',*,*,#937,.T.);
#937 = EDGE_CURVE('',#930,#850,#938,.T.);
#938 = LINE('',#939,#940);
#939 = CARTESIAN_POINT('',(97.958333333333,23.120578927106,0.));
#940 = VECTOR('',#941,1.);
#941 = DIRECTION('',(0.,-1.,0.));
#942 = PLANE('',#943);
#943 = AXIS2_PLACEMENT_3D('',#944,#945,#946);
#944 = CARTESIAN_POINT('',(60.342622649924,18.367821627361,0.));
#945 = DIRECTION('',(-0.,-0.,-1.));
#946 = DIRECTION('',(-1.,0.,0.));
#947 = ADVANCED_FACE('',(#948,#973,#1071,#1082),#1093,.F.);
#948 = FACE_BOUND('',#949,.F.);
#949 = EDGE_LOOP('',(#950,#958,#959,#967));
#950 = ORIENTED_EDGE('',*,*,#951,.F.);
#951 = EDGE_CURVE('',#24,#952,#954,.T.);
#952 = VERTEX_POINT('',#953);
#953 = CARTESIAN_POINT('',(0.,-11.,9.));
#954 = LINE('',#955,#956);
#955 = CARTESIAN_POINT('',(-0.,-11.,0.));
#956 = VECTOR('',#957,1.);
#957 = DIRECTION('',(0.,0.,1.));
#958 = ORIENTED_EDGE('',*,*,#21,.F.);
#959 = ORIENTED_EDGE('',*,*,#960,.T.);
#960 = EDGE_CURVE('',#22,#961,#963,.T.);
#961 = VERTEX_POINT('',#962);
#962 = CARTESIAN_POINT('',(0.,11.352483798121,9.));
#963 = LINE('',#964,#965);
#964 = CARTESIAN_POINT('',(0.,11.352483798121,-0.5));
#965 = VECTOR('',#966,1.);
#966 = DIRECTION('',(0.,0.,1.));
#967 = ORIENTED_EDGE('',*,*,#968,.F.);
#968 = EDGE_CURVE('',#952,#961,#969,.T.);
#969 = LINE('',#970,#971);
#970 = CARTESIAN_POINT('',(0.,-10.81608918632,9.));
#971 = VECTOR('',#972,1.);
#972 = DIRECTION('',(-0.,1.,0.));
#973 = FACE_BOUND('',#974,.F.);
#974 = EDGE_LOOP('',(#975,#985,#993,#1001,#1009,#1017,#1025,#1033,#1041,
    #1049,#1057,#1065));
#975 = ORIENTED_EDGE('',*,*,#976,.T.);
#976 = EDGE_CURVE('',#977,#979,#981,.T.);
#977 = VERTEX_POINT('',#978);
#978 = CARTESIAN_POINT('',(0.,4.775,3.475));
#979 = VERTEX_POINT('',#980);
#980 = CARTESIAN_POINT('',(0.,3.275,3.475));
#981 = LINE('',#982,#983);
#982 = CARTESIAN_POINT('',(0.,-18.3625,3.475));
#983 = VECTOR('',#984,1.);
#984 = DIRECTION('',(0.,-1.,0.));
#985 = ORIENTED_EDGE('',*,*,#986,.T.);
#986 = EDGE_CURVE('',#979,#987,#989,.T.);
#987 = VERTEX_POINT('',#988);
#988 = CARTESIAN_POINT('',(0.,3.275,5.525));
#989 = LINE('',#990,#991);
#990 = CARTESIAN_POINT('',(0.,3.275,1.2375));
#991 = VECTOR('',#992,1.);
#992 = DIRECTION('',(0.,-0.,1.));
#993 = ORIENTED_EDGE('',*,*,#994,.F.);
#994 = EDGE_CURVE('',#995,#987,#997,.T.);
#995 = VERTEX_POINT('',#996);
#996 = CARTESIAN_POINT('',(0.,4.775,5.525));
#997 = LINE('',#998,#999);
#998 = CARTESIAN_POINT('',(0.,-18.3625,5.525));
#999 = VECTOR('',#1000,1.);
#1000 = DIRECTION('',(0.,-1.,0.));
#1001 = ORIENTED_EDGE('',*,*,#1002,.T.);
#1002 = EDGE_CURVE('',#995,#1003,#1005,.T.);
#1003 = VERTEX_POINT('',#1004);
#1004 = CARTESIAN_POINT('',(0.,4.775,7.025));
#1005 = LINE('',#1006,#1007);
#1006 = CARTESIAN_POINT('',(0.,4.775,0.4875));
#1007 = VECTOR('',#1008,1.);
#1008 = DIRECTION('',(0.,-0.,1.));
#1009 = ORIENTED_EDGE('',*,*,#1010,.F.);
#1010 = EDGE_CURVE('',#1011,#1003,#1013,.T.);
#1011 = VERTEX_POINT('',#1012);
#1012 = CARTESIAN_POINT('',(0.,6.825,7.025));
#1013 = LINE('',#1014,#1015);
#1014 = CARTESIAN_POINT('',(0.,-17.6125,7.025));
#1015 = VECTOR('',#1016,1.);
#1016 = DIRECTION('',(0.,-1.,0.));
#1017 = ORIENTED_EDGE('',*,*,#1018,.F.);
#1018 = EDGE_CURVE('',#1019,#1011,#1021,.T.);
#1019 = VERTEX_POINT('',#1020);
#1020 = CARTESIAN_POINT('',(0.,6.825,5.525));
#1021 = LINE('',#1022,#1023);
#1022 = CARTESIAN_POINT('',(0.,6.825,0.4875));
#1023 = VECTOR('',#1024,1.);
#1024 = DIRECTION('',(0.,-0.,1.));
#1025 = ORIENTED_EDGE('',*,*,#1026,.F.);
#1026 = EDGE_CURVE('',#1027,#1019,#1029,.T.);
#1027 = VERTEX_POINT('',#1028);
#1028 = CARTESIAN_POINT('',(0.,8.325,5.525));
#1029 = LINE('',#1030,#1031);
#1030 = CARTESIAN_POINT('',(0.,-18.3625,5.525));
#1031 = VECTOR('',#1032,1.);
#1032 = DIRECTION('',(0.,-1.,0.));
#1033 = ORIENTED_EDGE('',*,*,#1034,.F.);
#1034 = EDGE_CURVE('',#1035,#1027,#1037,.T.);
#1035 = VERTEX_POINT('',#1036);
#1036 = CARTESIAN_POINT('',(0.,8.325,3.475));
#1037 = LINE('',#1038,#1039);
#1038 = CARTESIAN_POINT('',(0.,8.325,1.2375));
#1039 = VECTOR('',#1040,1.);
#1040 = DIRECTION('',(0.,-0.,1.));
#1041 = ORIENTED_EDGE('',*,*,#1042,.T.);
#1042 = EDGE_CURVE('',#1035,#1043,#1045,.T.);
#1043 = VERTEX_POINT('',#1044);
#1044 = CARTESIAN_POINT('',(0.,6.825,3.475));
#1045 = LINE('',#1046,#1047);
#1046 = CARTESIAN_POINT('',(0.,-18.3625,3.475));
#1047 = VECTOR('',#1048,1.);
#1048 = DIRECTION('',(0.,-1.,0.));
#1049 = ORIENTED_EDGE('',*,*,#1050,.F.);
#1050 = EDGE_CURVE('',#1051,#1043,#1053,.T.);
#1051 = VERTEX_POINT('',#1052);
#1052 = CARTESIAN_POINT('',(0.,6.825,1.975));
#1053 = LINE('',#1054,#1055);
#1054 = CARTESIAN_POINT('',(0.,6.825,0.4875));
#1055 = VECTOR('',#1056,1.);
#1056 = DIRECTION('',(0.,-0.,1.));
#1057 = ORIENTED_EDGE('',*,*,#1058,.T.);
#1058 = EDGE_CURVE('',#1051,#1059,#1061,.T.);
#1059 = VERTEX_POINT('',#1060);
#1060 = CARTESIAN_POINT('',(0.,4.775,1.975));
#1061 = LINE('',#1062,#1063);
#1062 = CARTESIAN_POINT('',(0.,-17.6125,1.975));
#1063 = VECTOR('',#1064,1.);
#1064 = DIRECTION('',(0.,-1.,0.));
#1065 = ORIENTED_EDGE('',*,*,#1066,.T.);
#1066 = EDGE_CURVE('',#1059,#977,#1067,.T.);
#1067 = LINE('',#1068,#1069);
#1068 = CARTESIAN_POINT('',(0.,4.775,0.4875));
#1069 = VECTOR('',#1070,1.);
#1070 = DIRECTION('',(0.,-0.,1.));
#1071 = FACE_BOUND('',#1072,.F.);
#1072 = EDGE_LOOP('',(#1073));
#1073 = ORIENTED_EDGE('',*,*,#1074,.F.);
#1074 = EDGE_CURVE('',#1075,#1075,#1077,.T.);
#1075 = VERTEX_POINT('',#1076);
#1076 = CARTESIAN_POINT('',(0.,2.65,6.3));
#1077 = CIRCLE('',#1078,1.2);
#1078 = AXIS2_PLACEMENT_3D('',#1079,#1080,#1081);
#1079 = CARTESIAN_POINT('',(0.,1.45,6.3));
#1080 = DIRECTION('',(1.,0.,0.));
#1081 = DIRECTION('',(-0.,1.,0.));
#1082 = FACE_BOUND('',#1083,.F.);
#1083 = EDGE_LOOP('',(#1084));
#1084 = ORIENTED_EDGE('',*,*,#1085,.F.);
#1085 = EDGE_CURVE('',#1086,#1086,#1088,.T.);
#1086 = VERTEX_POINT('',#1087);
#1087 = CARTESIAN_POINT('',(0.,-2.725,4.5));
#1088 = CIRCLE('',#1089,2.475);
#1089 = AXIS2_PLACEMENT_3D('',#1090,#1091,#1092);
#1090 = CARTESIAN_POINT('',(0.,-5.2,4.5));
#1091 = DIRECTION('',(1.,0.,0.));
#1092 = DIRECTION('',(-0.,1.,0.));
#1093 = PLANE('',#1094);
#1094 = AXIS2_PLACEMENT_3D('',#1095,#1096,#1097);
#1095 = CARTESIAN_POINT('',(0.,-40.,-1.));
#1096 = DIRECTION('',(1.,0.,-0.));
#1097 = DIRECTION('',(0.,0.,1.));
#1098 = ADVANCED_FACE('',(#1099),#1117,.F.);
#1099 = FACE_BOUND('',#1100,.F.);
#1100 = EDGE_LOOP('',(#1101,#1102,#1110,#1116));
#1101 = ORIENTED_EDGE('',*,*,#31,.F.);
#1102 = ORIENTED_EDGE('',*,*,#1103,.T.);
#1103 = EDGE_CURVE('',#32,#1104,#1106,.T.);
#1104 = VERTEX_POINT('',#1105);
#1105 = CARTESIAN_POINT('',(2.4314,11.9736,9.));
#1106 = LINE('',#1107,#1108);
#1107 = CARTESIAN_POINT('',(2.4314,11.9736,0.));
#1108 = VECTOR('',#1109,1.);
#1109 = DIRECTION('',(0.,0.,1.));
#1110 = ORIENTED_EDGE('',*,*,#1111,.T.);
#1111 = EDGE_CURVE('',#1104,#961,#1112,.T.);
#1112 = LINE('',#1113,#1114);
#1113 = CARTESIAN_POINT('',(2.4314,11.9736,9.));
#1114 = VECTOR('',#1115,1.);
#1115 = DIRECTION('',(-0.968885874663,-0.247507902659,0.));
#1116 = ORIENTED_EDGE('',*,*,#960,.F.);
#1117 = PLANE('',#1118);
#1118 = AXIS2_PLACEMENT_3D('',#1119,#1120,#1121);
#1119 = CARTESIAN_POINT('',(2.4314,11.9736,0.));
#1120 = DIRECTION('',(0.247507902659,-0.968885874663,0.));
#1121 = DIRECTION('',(-0.968885874663,-0.247507902659,0.));
#1122 = ADVANCED_FACE('',(#1123),#1141,.F.);
#1123 = FACE_BOUND('',#1124,.F.);
#1124 = EDGE_LOOP('',(#1125,#1126,#1134,#1140));
#1125 = ORIENTED_EDGE('',*,*,#951,.T.);
#1126 = ORIENTED_EDGE('',*,*,#1127,.T.);
#1127 = EDGE_CURVE('',#952,#1128,#1130,.T.);
#1128 = VERTEX_POINT('',#1129);
#1129 = CARTESIAN_POINT('',(2.847,-10.6252,9.));
#1130 = LINE('',#1131,#1132);
#1131 = CARTESIAN_POINT('',(0.,-11.,9.));
#1132 = VECTOR('',#1133,1.);
#1133 = DIRECTION('',(0.991445522055,0.13052117375,0.));
#1134 = ORIENTED_EDGE('',*,*,#1135,.F.);
#1135 = EDGE_CURVE('',#712,#1128,#1136,.T.);
#1136 = LINE('',#1137,#1138);
#1137 = CARTESIAN_POINT('',(2.847,-10.6252,0.));
#1138 = VECTOR('',#1139,1.);
#1139 = DIRECTION('',(0.,0.,1.));
#1140 = ORIENTED_EDGE('',*,*,#719,.F.);
#1141 = PLANE('',#1142);
#1142 = AXIS2_PLACEMENT_3D('',#1143,#1144,#1145);
#1143 = CARTESIAN_POINT('',(0.,-11.,0.));
#1144 = DIRECTION('',(-0.13052117375,0.991445522055,0.));
#1145 = DIRECTION('',(0.991445522055,0.13052117375,0.));
#1146 = ADVANCED_FACE('',(#1147),#1165,.F.);
#1147 = FACE_BOUND('',#1148,.F.);
#1148 = EDGE_LOOP('',(#1149,#1157,#1163,#1164));
#1149 = ORIENTED_EDGE('',*,*,#1150,.T.);
#1150 = EDGE_CURVE('',#40,#1151,#1153,.T.);
#1151 = VERTEX_POINT('',#1152);
#1152 = CARTESIAN_POINT('',(7.7099,13.2505,9.));
#1153 = LINE('',#1154,#1155);
#1154 = CARTESIAN_POINT('',(7.7099,13.2505,0.));
#1155 = VECTOR('',#1156,1.);
#1156 = DIRECTION('',(0.,0.,1.));
#1157 = ORIENTED_EDGE('',*,*,#1158,.T.);
#1158 = EDGE_CURVE('',#1151,#1104,#1159,.T.);
#1159 = LINE('',#1160,#1161);
#1160 = CARTESIAN_POINT('',(7.7099,13.2505,9.));
#1161 = VECTOR('',#1162,1.);
#1162 = DIRECTION('',(-0.971965358054,-0.235124100729,0.));
#1163 = ORIENTED_EDGE('',*,*,#1103,.F.);
#1164 = ORIENTED_EDGE('',*,*,#39,.F.);
#1165 = PLANE('',#1166);
#1166 = AXIS2_PLACEMENT_3D('',#1167,#1168,#1169);
#1167 = CARTESIAN_POINT('',(7.7099,13.2505,0.));
#1168 = DIRECTION('',(0.235124100729,-0.971965358054,0.));
#1169 = DIRECTION('',(-0.971965358054,-0.235124100729,0.));
#1170 = ADVANCED_FACE('',(#1171),#1189,.F.);
#1171 = FACE_BOUND('',#1172,.F.);
#1172 = EDGE_LOOP('',(#1173,#1174,#1182,#1188));
#1173 = ORIENTED_EDGE('',*,*,#1135,.T.);
#1174 = ORIENTED_EDGE('',*,*,#1175,.T.);
#1175 = EDGE_CURVE('',#1128,#1176,#1178,.T.);
#1176 = VERTEX_POINT('',#1177);
#1177 = CARTESIAN_POINT('',(7.9852,-8.7535,9.));
#1178 = LINE('',#1179,#1180);
#1179 = CARTESIAN_POINT('',(2.847,-10.6252,9.));
#1180 = VECTOR('',#1181,1.);
#1181 = DIRECTION('',(0.939601600163,0.342270116972,0.));
#1182 = ORIENTED_EDGE('',*,*,#1183,.F.);
#1183 = EDGE_CURVE('',#704,#1176,#1184,.T.);
#1184 = LINE('',#1185,#1186);
#1185 = CARTESIAN_POINT('',(7.9852,-8.7535,0.));
#1186 = VECTOR('',#1187,1.);
#1187 = DIRECTION('',(0.,0.,1.));
#1188 = ORIENTED_EDGE('',*,*,#711,.F.);
#1189 = PLANE('',#1190);
#1190 = AXIS2_PLACEMENT_3D('',#1191,#1192,#1193);
#1191 = CARTESIAN_POINT('',(2.847,-10.6252,0.));
#1192 = DIRECTION('',(-0.342270116972,0.939601600163,0.));
#1193 = DIRECTION('',(0.939601600163,0.342270116972,0.));
#1194 = ADVANCED_FACE('',(#1195),#1213,.F.);
#1195 = FACE_BOUND('',#1196,.F.);
#1196 = EDGE_LOOP('',(#1197,#1205,#1211,#1212));
#1197 = ORIENTED_EDGE('',*,*,#1198,.T.);
#1198 = EDGE_CURVE('',#48,#1199,#1201,.T.);
#1199 = VERTEX_POINT('',#1200);
#1200 = CARTESIAN_POINT('',(12.9883,14.4681,9.));
#1201 = LINE('',#1202,#1203);
#1202 = CARTESIAN_POINT('',(12.9883,14.4681,0.));
#1203 = VECTOR('',#1204,1.);
#1204 = DIRECTION('',(0.,0.,1.));
#1205 = ORIENTED_EDGE('',*,*,#1206,.T.);
#1206 = EDGE_CURVE('',#1199,#1151,#1207,.T.);
#1207 = LINE('',#1208,#1209);
#1208 = CARTESIAN_POINT('',(12.9883,14.4681,9.));
#1209 = VECTOR('',#1210,1.);
#1210 = DIRECTION('',(-0.974411104162,-0.224773219238,0.));
#1211 = ORIENTED_EDGE('',*,*,#1150,.F.);
#1212 = ORIENTED_EDGE('',*,*,#47,.F.);
#1213 = PLANE('',#1214);
#1214 = AXIS2_PLACEMENT_3D('',#1215,#1216,#1217);
#1215 = CARTESIAN_POINT('',(12.9883,14.4681,0.));
#1216 = DIRECTION('',(0.224773219238,-0.974411104162,0.));
#1217 = DIRECTION('',(-0.974411104162,-0.224773219238,0.));
#1218 = ADVANCED_FACE('',(#1219),#1254,.F.);
#1219 = FACE_BOUND('',#1220,.F.);
#1220 = EDGE_LOOP('',(#1221,#1222,#1223,#1231,#1239,#1248));
#1221 = ORIENTED_EDGE('',*,*,#703,.F.);
#1222 = ORIENTED_EDGE('',*,*,#1183,.T.);
#1223 = ORIENTED_EDGE('',*,*,#1224,.T.);
#1224 = EDGE_CURVE('',#1176,#1225,#1227,.T.);
#1225 = VERTEX_POINT('',#1226);
#1226 = CARTESIAN_POINT('',(13.1235,-6.9535,9.));
#1227 = LINE('',#1228,#1229);
#1228 = CARTESIAN_POINT('',(7.9852,-8.7535,9.));
#1229 = VECTOR('',#1230,1.);
#1230 = DIRECTION('',(0.943766974669,0.330611399569,0.));
#1231 = ORIENTED_EDGE('',*,*,#1232,.F.);
#1232 = EDGE_CURVE('',#1233,#1225,#1235,.T.);
#1233 = VERTEX_POINT('',#1234);
#1234 = CARTESIAN_POINT('',(13.1235,-6.9535,6.246671906799));
#1235 = LINE('',#1236,#1237);
#1236 = CARTESIAN_POINT('',(13.1235,-6.9535,0.));
#1237 = VECTOR('',#1238,1.);
#1238 = DIRECTION('',(0.,0.,1.));
#1239 = ORIENTED_EDGE('',*,*,#1240,.F.);
#1240 = EDGE_CURVE('',#1241,#1233,#1243,.T.);
#1241 = VERTEX_POINT('',#1242);
#1242 = CARTESIAN_POINT('',(13.1235,-6.9535,2.753328093201));
#1243 = ELLIPSE('',#1244,7.4861302521,2.475);
#1244 = AXIS2_PLACEMENT_3D('',#1245,#1246,#1247);
#1245 = CARTESIAN_POINT('',(18.129060583333,-5.2,4.5));
#1246 = DIRECTION('',(-0.330611399569,0.943766974669,0.));
#1247 = DIRECTION('',(0.943766974669,0.330611399569,0.));
#1248 = ORIENTED_EDGE('',*,*,#1249,.F.);
#1249 = EDGE_CURVE('',#696,#1241,#1250,.T.);
#1250 = LINE('',#1251,#1252);
#1251 = CARTESIAN_POINT('',(13.1235,-6.9535,0.));
#1252 = VECTOR('',#1253,1.);
#1253 = DIRECTION('',(0.,0.,1.));
#1254 = PLANE('',#1255);
#1255 = AXIS2_PLACEMENT_3D('',#1256,#1257,#1258);
#1256 = CARTESIAN_POINT('',(7.9852,-8.7535,0.));
#1257 = DIRECTION('',(-0.330611399569,0.943766974669,0.));
#1258 = DIRECTION('',(0.943766974669,0.330611399569,0.));
#1259 = ADVANCED_FACE('',(#1260),#1278,.F.);
#1260 = FACE_BOUND('',#1261,.F.);
#1261 = EDGE_LOOP('',(#1262,#1270,#1276,#1277));
#1262 = ORIENTED_EDGE('',*,*,#1263,.T.);
#1263 = EDGE_CURVE('',#56,#1264,#1266,.T.);
#1264 = VERTEX_POINT('',#1265);
#1265 = CARTESIAN_POINT('',(18.2667,15.6389,9.));
#1266 = LINE('',#1267,#1268);
#1267 = CARTESIAN_POINT('',(18.2667,15.6389,0.));
#1268 = VECTOR('',#1269,1.);
#1269 = DIRECTION('',(0.,0.,1.));
#1270 = ORIENTED_EDGE('',*,*,#1271,.T.);
#1271 = EDGE_CURVE('',#1264,#1199,#1272,.T.);
#1272 = LINE('',#1273,#1274);
#1273 = CARTESIAN_POINT('',(18.2667,15.6389,9.));
#1274 = VECTOR('',#1275,1.);
#1275 = DIRECTION('',(-0.976272282123,-0.216546602741,0.));
#1276 = ORIENTED_EDGE('',*,*,#1198,.F.);
#1277 = ORIENTED_EDGE('',*,*,#55,.F.);
#1278 = PLANE('',#1279);
#1279 = AXIS2_PLACEMENT_3D('',#1280,#1281,#1282);
#1280 = CARTESIAN_POINT('',(18.2667,15.6389,0.));
#1281 = DIRECTION('',(0.216546602741,-0.976272282123,0.));
#1282 = DIRECTION('',(-0.976272282123,-0.216546602741,0.));
#1283 = ADVANCED_FACE('',(#1284),#1327,.F.);
#1284 = FACE_BOUND('',#1285,.F.);
#1285 = EDGE_LOOP('',(#1286,#1287,#1288,#1297,#1305,#1312,#1313,#1321));
#1286 = ORIENTED_EDGE('',*,*,#695,.F.);
#1287 = ORIENTED_EDGE('',*,*,#1249,.T.);
#1288 = ORIENTED_EDGE('',*,*,#1289,.F.);
#1289 = EDGE_CURVE('',#1290,#1241,#1292,.T.);
#1290 = VERTEX_POINT('',#1291);
#1291 = CARTESIAN_POINT('',(16.8,-5.707846103694,2.077662836234));
#1292 = ELLIPSE('',#1293,7.712763707321,2.475);
#1293 = AXIS2_PLACEMENT_3D('',#1294,#1295,#1296);
#1294 = CARTESIAN_POINT('',(18.298888419783,-5.2,4.5));
#1295 = DIRECTION('',(-0.320896645343,0.947114218565,0.));
#1296 = DIRECTION('',(0.947114218565,0.320896645343,0.));
#1297 = ORIENTED_EDGE('',*,*,#1298,.F.);
#1298 = EDGE_CURVE('',#1299,#1290,#1301,.T.);
#1299 = VERTEX_POINT('',#1300);
#1300 = CARTESIAN_POINT('',(16.8,-5.707846103694,6.922337163766));
#1301 = LINE('',#1302,#1303);
#1302 = CARTESIAN_POINT('',(16.8,-5.707846103694,2.25));
#1303 = VECTOR('',#1304,1.);
#1304 = DIRECTION('',(0.,0.,-1.));
#1305 = ORIENTED_EDGE('',*,*,#1306,.F.);
#1306 = EDGE_CURVE('',#1233,#1299,#1307,.T.);
#1307 = ELLIPSE('',#1308,7.712763707321,2.475);
#1308 = AXIS2_PLACEMENT_3D('',#1309,#1310,#1311);
#1309 = CARTESIAN_POINT('',(18.298888419783,-5.2,4.5));
#1310 = DIRECTION('',(-0.320896645343,0.947114218565,0.));
#1311 = DIRECTION('',(0.947114218565,0.320896645343,0.));
#1312 = ORIENTED_EDGE('',*,*,#1232,.T.);
#1313 = ORIENTED_EDGE('',*,*,#1314,.T.);
#1314 = EDGE_CURVE('',#1225,#1315,#1317,.T.);
#1315 = VERTEX_POINT('',#1316);
#1316 = CARTESIAN_POINT('',(18.2617,-5.2126,9.));
#1317 = LINE('',#1318,#1319);
#1318 = CARTESIAN_POINT('',(13.1235,-6.9535,9.));
#1319 = VECTOR('',#1320,1.);
#1320 = DIRECTION('',(0.947114218565,0.320896645343,0.));
#1321 = ORIENTED_EDGE('',*,*,#1322,.F.);
#1322 = EDGE_CURVE('',#688,#1315,#1323,.T.);
#1323 = LINE('',#1324,#1325);
#1324 = CARTESIAN_POINT('',(18.2617,-5.2126,0.));
#1325 = VECTOR('',#1326,1.);
#1326 = DIRECTION('',(0.,0.,1.));
#1327 = PLANE('',#1328);
#1328 = AXIS2_PLACEMENT_3D('',#1329,#1330,#1331);
#1329 = CARTESIAN_POINT('',(13.1235,-6.9535,0.));
#1330 = DIRECTION('',(-0.320896645343,0.947114218565,0.));
#1331 = DIRECTION('',(0.947114218565,0.320896645343,0.));
#1332 = ADVANCED_FACE('',(#1333),#1351,.F.);
#1333 = FACE_BOUND('',#1334,.F.);
#1334 = EDGE_LOOP('',(#1335,#1343,#1349,#1350));
#1335 = ORIENTED_EDGE('',*,*,#1336,.T.);
#1336 = EDGE_CURVE('',#64,#1337,#1339,.T.);
#1337 = VERTEX_POINT('',#1338);
#1338 = CARTESIAN_POINT('',(23.5451,16.7754,9.));
#1339 = LINE('',#1340,#1341);
#1340 = CARTESIAN_POINT('',(23.5451,16.7754,0.));
#1341 = VECTOR('',#1342,1.);
#1342 = DIRECTION('',(0.,0.,1.));
#1343 = ORIENTED_EDGE('',*,*,#1344,.T.);
#1344 = EDGE_CURVE('',#1337,#1264,#1345,.T.);
#1345 = LINE('',#1346,#1347);
#1346 = CARTESIAN_POINT('',(23.5451,16.7754,9.));
#1347 = VECTOR('',#1348,1.);
#1348 = DIRECTION('',(-0.977596499827,-0.210487727731,0.));
#1349 = ORIENTED_EDGE('',*,*,#1263,.F.);
#1350 = ORIENTED_EDGE('',*,*,#63,.F.);
#1351 = PLANE('',#1352);
#1352 = AXIS2_PLACEMENT_3D('',#1353,#1354,#1355);
#1353 = CARTESIAN_POINT('',(23.5451,16.7754,0.));
#1354 = DIRECTION('',(0.210487727731,-0.977596499827,0.));
#1355 = DIRECTION('',(-0.977596499827,-0.210487727731,0.));
#1356 = ADVANCED_FACE('',(#1357),#1375,.F.);
#1357 = FACE_BOUND('',#1358,.F.);
#1358 = EDGE_LOOP('',(#1359,#1360,#1368,#1374));
#1359 = ORIENTED_EDGE('',*,*,#1322,.T.);
#1360 = ORIENTED_EDGE('',*,*,#1361,.T.);
#1361 = EDGE_CURVE('',#1315,#1362,#1364,.T.);
#1362 = VERTEX_POINT('',#1363);
#1363 = CARTESIAN_POINT('',(23.4,-3.5186,9.));
#1364 = LINE('',#1365,#1366);
#1365 = CARTESIAN_POINT('',(18.2617,-5.2126,9.));
#1366 = VECTOR('',#1367,1.);
#1367 = DIRECTION('',(0.949718761954,0.313104252914,0.));
#1368 = ORIENTED_EDGE('',*,*,#1369,.F.);
#1369 = EDGE_CURVE('',#680,#1362,#1370,.T.);
#1370 = LINE('',#1371,#1372);
#1371 = CARTESIAN_POINT('',(23.4,-3.5186,0.));
#1372 = VECTOR('',#1373,1.);
#1373 = DIRECTION('',(0.,0.,1.));
#1374 = ORIENTED_EDGE('',*,*,#687,.F.);
#1375 = PLANE('',#1376);
#1376 = AXIS2_PLACEMENT_3D('',#1377,#1378,#1379);
#1377 = CARTESIAN_POINT('',(18.2617,-5.2126,0.));
#1378 = DIRECTION('',(-0.313104252914,0.949718761954,0.));
#1379 = DIRECTION('',(0.949718761954,0.313104252914,0.));
#1380 = ADVANCED_FACE('',(#1381),#1399,.F.);
#1381 = FACE_BOUND('',#1382,.F.);
#1382 = EDGE_LOOP('',(#1383,#1391,#1397,#1398));
#1383 = ORIENTED_EDGE('',*,*,#1384,.T.);
#1384 = EDGE_CURVE('',#72,#1385,#1387,.T.);
#1385 = VERTEX_POINT('',#1386);
#1386 = CARTESIAN_POINT('',(28.8236,17.8899,9.));
#1387 = LINE('',#1388,#1389);
#1388 = CARTESIAN_POINT('',(28.8236,17.8899,0.));
#1389 = VECTOR('',#1390,1.);
#1390 = DIRECTION('',(0.,0.,1.));
#1391 = ORIENTED_EDGE('',*,*,#1392,.T.);
#1392 = EDGE_CURVE('',#1385,#1337,#1393,.T.);
#1393 = LINE('',#1394,#1395);
#1394 = CARTESIAN_POINT('',(28.8236,17.8899,9.));
#1395 = VECTOR('',#1396,1.);
#1396 = DIRECTION('',(-0.978428664514,-0.206584966676,0.));
#1397 = ORIENTED_EDGE('',*,*,#1336,.F.);
#1398 = ORIENTED_EDGE('',*,*,#71,.F.);
#1399 = PLANE('',#1400);
#1400 = AXIS2_PLACEMENT_3D('',#1401,#1402,#1403);
#1401 = CARTESIAN_POINT('',(28.8236,17.8899,0.));
#1402 = DIRECTION('',(0.206584966676,-0.978428664514,0.));
#1403 = DIRECTION('',(-0.978428664514,-0.206584966676,0.));
#1404 = ADVANCED_FACE('',(#1405),#1423,.F.);
#1405 = FACE_BOUND('',#1406,.F.);
#1406 = EDGE_LOOP('',(#1407,#1408,#1416,#1422));
#1407 = ORIENTED_EDGE('',*,*,#1369,.T.);
#1408 = ORIENTED_EDGE('',*,*,#1409,.T.);
#1409 = EDGE_CURVE('',#1362,#1410,#1412,.T.);
#1410 = VERTEX_POINT('',#1411);
#1411 = CARTESIAN_POINT('',(28.5382,-1.8589,9.));
#1412 = LINE('',#1413,#1414);
#1413 = CARTESIAN_POINT('',(23.4,-3.5186,9.));
#1414 = VECTOR('',#1415,1.);
#1415 = DIRECTION('',(0.95158862848,0.307374498207,0.));
#1416 = ORIENTED_EDGE('',*,*,#1417,.F.);
#1417 = EDGE_CURVE('',#672,#1410,#1418,.T.);
#1418 = LINE('',#1419,#1420);
#1419 = CARTESIAN_POINT('',(28.5382,-1.8589,0.));
#1420 = VECTOR('',#1421,1.);
#1421 = DIRECTION('',(0.,0.,1.));
#1422 = ORIENTED_EDGE('',*,*,#679,.F.);
#1423 = PLANE('',#1424);
#1424 = AXIS2_PLACEMENT_3D('',#1425,#1426,#1427);
#1425 = CARTESIAN_POINT('',(23.4,-3.5186,0.));
#1426 = DIRECTION('',(-0.307374498207,0.95158862848,0.));
#1427 = DIRECTION('',(0.95158862848,0.307374498207,0.));
#1428 = ADVANCED_FACE('',(#1429),#1447,.F.);
#1429 = FACE_BOUND('',#1430,.F.);
#1430 = EDGE_LOOP('',(#1431,#1439,#1445,#1446));
#1431 = ORIENTED_EDGE('',*,*,#1432,.T.);
#1432 = EDGE_CURVE('',#80,#1433,#1435,.T.);
#1433 = VERTEX_POINT('',#1434);
#1434 = CARTESIAN_POINT('',(34.102,18.9949,9.));
#1435 = LINE('',#1436,#1437);
#1436 = CARTESIAN_POINT('',(34.102,18.9949,0.));
#1437 = VECTOR('',#1438,1.);
#1438 = DIRECTION('',(0.,0.,1.));
#1439 = ORIENTED_EDGE('',*,*,#1440,.T.);
#1440 = EDGE_CURVE('',#1433,#1385,#1441,.T.);
#1441 = LINE('',#1442,#1443);
#1442 = CARTESIAN_POINT('',(34.102,18.9949,9.));
#1443 = VECTOR('',#1444,1.);
#1444 = DIRECTION('',(-0.978782496234,-0.204901988924,0.));
#1445 = ORIENTED_EDGE('',*,*,#1384,.F.);
#1446 = ORIENTED_EDGE('',*,*,#79,.F.);
#1447 = PLANE('',#1448);
#1448 = AXIS2_PLACEMENT_3D('',#1449,#1450,#1451);
#1449 = CARTESIAN_POINT('',(34.102,18.9949,0.));
#1450 = DIRECTION('',(0.204901988924,-0.978782496234,0.));
#1451 = DIRECTION('',(-0.978782496234,-0.204901988924,0.));
#1452 = ADVANCED_FACE('',(#1453),#1471,.F.);
#1453 = FACE_BOUND('',#1454,.F.);
#1454 = EDGE_LOOP('',(#1455,#1456,#1464,#1470));
#1455 = ORIENTED_EDGE('',*,*,#1417,.T.);
#1456 = ORIENTED_EDGE('',*,*,#1457,.T.);
#1457 = EDGE_CURVE('',#1410,#1458,#1460,.T.);
#1458 = VERTEX_POINT('',#1459);
#1459 = CARTESIAN_POINT('',(33.6764,-0.2212,9.));
#1460 = LINE('',#1461,#1462);
#1461 = CARTESIAN_POINT('',(28.5382,-1.8589,9.));
#1462 = VECTOR('',#1463,1.);
#1463 = DIRECTION('',(0.952774674108,0.303678152619,0.));
#1464 = ORIENTED_EDGE('',*,*,#1465,.F.);
#1465 = EDGE_CURVE('',#664,#1458,#1466,.T.);
#1466 = LINE('',#1467,#1468);
#1467 = CARTESIAN_POINT('',(33.6764,-0.2212,0.));
#1468 = VECTOR('',#1469,1.);
#1469 = DIRECTION('',(0.,0.,1.));
#1470 = ORIENTED_EDGE('',*,*,#671,.F.);
#1471 = PLANE('',#1472);
#1472 = AXIS2_PLACEMENT_3D('',#1473,#1474,#1475);
#1473 = CARTESIAN_POINT('',(28.5382,-1.8589,0.));
#1474 = DIRECTION('',(-0.303678152619,0.952774674108,0.));
#1475 = DIRECTION('',(0.952774674108,0.303678152619,0.));
#1476 = ADVANCED_FACE('',(#1477),#1495,.F.);
#1477 = FACE_BOUND('',#1478,.F.);
#1478 = EDGE_LOOP('',(#1479,#1487,#1493,#1494));
#1479 = ORIENTED_EDGE('',*,*,#1480,.T.);
#1480 = EDGE_CURVE('',#88,#1481,#1483,.T.);
#1481 = VERTEX_POINT('',#1482);
#1482 = CARTESIAN_POINT('',(39.3804,20.1027,9.));
#1483 = LINE('',#1484,#1485);
#1484 = CARTESIAN_POINT('',(39.3804,20.1027,0.));
#1485 = VECTOR('',#1486,1.);
#1486 = DIRECTION('',(0.,0.,1.));
#1487 = ORIENTED_EDGE('',*,*,#1488,.T.);
#1488 = EDGE_CURVE('',#1481,#1433,#1489,.T.);
#1489 = LINE('',#1490,#1491);
#1490 = CARTESIAN_POINT('',(39.3804,20.1027,9.));
#1491 = VECTOR('',#1492,1.);
#1492 = DIRECTION('',(-0.978678251339,-0.20539931927,0.));
#1493 = ORIENTED_EDGE('',*,*,#1432,.F.);
#1494 = ORIENTED_EDGE('',*,*,#87,.F.);
#1495 = PLANE('',#1496);
#1496 = AXIS2_PLACEMENT_3D('',#1497,#1498,#1499);
#1497 = CARTESIAN_POINT('',(39.3804,20.1027,0.));
#1498 = DIRECTION('',(0.20539931927,-0.978678251339,0.));
#1499 = DIRECTION('',(-0.978678251339,-0.20539931927,0.));
#1500 = ADVANCED_FACE('',(#1501),#1519,.F.);
#1501 = FACE_BOUND('',#1502,.F.);
#1502 = EDGE_LOOP('',(#1503,#1504,#1512,#1518));
#1503 = ORIENTED_EDGE('',*,*,#1465,.T.);
#1504 = ORIENTED_EDGE('',*,*,#1505,.T.);
#1505 = EDGE_CURVE('',#1458,#1506,#1508,.T.);
#1506 = VERTEX_POINT('',#1507);
#1507 = CARTESIAN_POINT('',(38.8147,1.407,9.));
#1508 = LINE('',#1509,#1510);
#1509 = CARTESIAN_POINT('',(33.6764,-0.2212,9.));
#1510 = VECTOR('',#1511,1.);
#1511 = DIRECTION('',(0.953284986226,0.302072400322,0.));
#1512 = ORIENTED_EDGE('',*,*,#1513,.F.);
#1513 = EDGE_CURVE('',#656,#1506,#1514,.T.);
#1514 = LINE('',#1515,#1516);
#1515 = CARTESIAN_POINT('',(38.8147,1.407,0.));
#1516 = VECTOR('',#1517,1.);
#1517 = DIRECTION('',(0.,0.,1.));
#1518 = ORIENTED_EDGE('',*,*,#663,.F.);
#1519 = PLANE('',#1520);
#1520 = AXIS2_PLACEMENT_3D('',#1521,#1522,#1523);
#1521 = CARTESIAN_POINT('',(33.6764,-0.2212,0.));
#1522 = DIRECTION('',(-0.302072400322,0.953284986226,0.));
#1523 = DIRECTION('',(0.953284986226,0.302072400322,0.));
#1524 = ADVANCED_FACE('',(#1525),#1543,.F.);
#1525 = FACE_BOUND('',#1526,.F.);
#1526 = EDGE_LOOP('',(#1527,#1528,#1536,#1542));
#1527 = ORIENTED_EDGE('',*,*,#95,.F.);
#1528 = ORIENTED_EDGE('',*,*,#1529,.T.);
#1529 = EDGE_CURVE('',#96,#1530,#1532,.T.);
#1530 = VERTEX_POINT('',#1531);
#1531 = CARTESIAN_POINT('',(43.884772421369,21.061089820297,9.));
#1532 = LINE('',#1533,#1534);
#1533 = CARTESIAN_POINT('',(43.884772421369,21.061089820297,0.));
#1534 = VECTOR('',#1535,1.);
#1535 = DIRECTION('',(0.,0.,1.));
#1536 = ORIENTED_EDGE('',*,*,#1537,.T.);
#1537 = EDGE_CURVE('',#1530,#1481,#1538,.T.);
#1538 = LINE('',#1539,#1540);
#1539 = CARTESIAN_POINT('',(44.6589,21.2258,9.));
#1540 = VECTOR('',#1541,1.);
#1541 = DIRECTION('',(-0.978105367223,-0.208110284726,0.));
#1542 = ORIENTED_EDGE('',*,*,#1480,.F.);
#1543 = PLANE('',#1544);
#1544 = AXIS2_PLACEMENT_3D('',#1545,#1546,#1547);
#1545 = CARTESIAN_POINT('',(44.6589,21.2258,0.));
#1546 = DIRECTION('',(0.208110284726,-0.978105367223,0.));
#1547 = DIRECTION('',(-0.978105367223,-0.208110284726,0.));
#1548 = ADVANCED_FACE('',(#1549),#1567,.F.);
#1549 = FACE_BOUND('',#1550,.F.);
#1550 = EDGE_LOOP('',(#1551,#1552,#1560,#1566));
#1551 = ORIENTED_EDGE('',*,*,#1513,.T.);
#1552 = ORIENTED_EDGE('',*,*,#1553,.T.);
#1553 = EDGE_CURVE('',#1506,#1554,#1556,.T.);
#1554 = VERTEX_POINT('',#1555);
#1555 = CARTESIAN_POINT('',(43.9529,3.038,9.));
#1556 = LINE('',#1557,#1558);
#1557 = CARTESIAN_POINT('',(38.8147,1.407,9.));
#1558 = VECTOR('',#1559,1.);
#1559 = DIRECTION('',(0.953133607476,0.302549708807,0.));
#1560 = ORIENTED_EDGE('',*,*,#1561,.F.);
#1561 = EDGE_CURVE('',#648,#1554,#1562,.T.);
#1562 = LINE('',#1563,#1564);
#1563 = CARTESIAN_POINT('',(43.9529,3.038,0.));
#1564 = VECTOR('',#1565,1.);
#1565 = DIRECTION('',(0.,0.,1.));
#1566 = ORIENTED_EDGE('',*,*,#655,.F.);
#1567 = PLANE('',#1568);
#1568 = AXIS2_PLACEMENT_3D('',#1569,#1570,#1571);
#1569 = CARTESIAN_POINT('',(38.8147,1.407,0.));
#1570 = DIRECTION('',(-0.302549708807,0.953133607476,0.));
#1571 = DIRECTION('',(0.953133607476,0.302549708807,0.));
#1572 = ADVANCED_FACE('',(#1573),#1591,.F.);
#1573 = FACE_BOUND('',#1574,.F.);
#1574 = EDGE_LOOP('',(#1575,#1576,#1584,#1590));
#1575 = ORIENTED_EDGE('',*,*,#103,.F.);
#1576 = ORIENTED_EDGE('',*,*,#1577,.T.);
#1577 = EDGE_CURVE('',#104,#1578,#1580,.T.);
#1578 = VERTEX_POINT('',#1579);
#1579 = CARTESIAN_POINT('',(54.7412,34.7068,9.));
#1580 = LINE('',#1581,#1582);
#1581 = CARTESIAN_POINT('',(54.7412,34.7068,0.));
#1582 = VECTOR('',#1583,1.);
#1583 = DIRECTION('',(0.,0.,1.));
#1584 = ORIENTED_EDGE('',*,*,#1585,.T.);
#1585 = EDGE_CURVE('',#1578,#1530,#1586,.T.);
#1586 = LINE('',#1587,#1588);
#1587 = CARTESIAN_POINT('',(54.7412,34.7068,9.));
#1588 = VECTOR('',#1589,1.);
#1589 = DIRECTION('',(-0.62258978481,-0.782548375406,0.));
#1590 = ORIENTED_EDGE('',*,*,#1529,.F.);
#1591 = PLANE('',#1592);
#1592 = AXIS2_PLACEMENT_3D('',#1593,#1594,#1595);
#1593 = CARTESIAN_POINT('',(54.7412,34.7068,0.));
#1594 = DIRECTION('',(0.782548375406,-0.62258978481,0.));
#1595 = DIRECTION('',(-0.62258978481,-0.782548375406,0.));
#1596 = ADVANCED_FACE('',(#1597),#1615,.F.);
#1597 = FACE_BOUND('',#1598,.F.);
#1598 = EDGE_LOOP('',(#1599,#1600,#1608,#1614));
#1599 = ORIENTED_EDGE('',*,*,#1561,.T.);
#1600 = ORIENTED_EDGE('',*,*,#1601,.T.);
#1601 = EDGE_CURVE('',#1554,#1602,#1604,.T.);
#1602 = VERTEX_POINT('',#1603);
#1603 = CARTESIAN_POINT('',(49.0911,4.6843,9.));
#1604 = LINE('',#1605,#1606);
#1605 = CARTESIAN_POINT('',(43.9529,3.038,9.));
#1606 = VECTOR('',#1607,1.);
#1607 = DIRECTION('',(0.952312395237,0.305124731672,0.));
#1608 = ORIENTED_EDGE('',*,*,#1609,.F.);
#1609 = EDGE_CURVE('',#640,#1602,#1610,.T.);
#1610 = LINE('',#1611,#1612);
#1611 = CARTESIAN_POINT('',(49.0911,4.6843,0.));
#1612 = VECTOR('',#1613,1.);
#1613 = DIRECTION('',(0.,0.,1.));
#1614 = ORIENTED_EDGE('',*,*,#647,.F.);
#1615 = PLANE('',#1616);
#1616 = AXIS2_PLACEMENT_3D('',#1617,#1618,#1619);
#1617 = CARTESIAN_POINT('',(43.9529,3.038,0.));
#1618 = DIRECTION('',(-0.305124731672,0.952312395237,0.));
#1619 = DIRECTION('',(0.952312395237,0.305124731672,0.));
#1620 = ADVANCED_FACE('',(#1621),#1639,.F.);
#1621 = FACE_BOUND('',#1622,.F.);
#1622 = EDGE_LOOP('',(#1623,#1631,#1637,#1638));
#1623 = ORIENTED_EDGE('',*,*,#1624,.T.);
#1624 = EDGE_CURVE('',#112,#1625,#1627,.T.);
#1625 = VERTEX_POINT('',#1626);
#1626 = CARTESIAN_POINT('',(55.2797,35.12,9.));
#1627 = LINE('',#1628,#1629);
#1628 = CARTESIAN_POINT('',(55.2797,35.12,0.));
#1629 = VECTOR('',#1630,1.);
#1630 = DIRECTION('',(0.,0.,1.));
#1631 = ORIENTED_EDGE('',*,*,#1632,.T.);
#1632 = EDGE_CURVE('',#1625,#1578,#1633,.T.);
#1633 = LINE('',#1634,#1635);
#1634 = CARTESIAN_POINT('',(55.2797,35.12,9.));
#1635 = VECTOR('',#1636,1.);
#1636 = DIRECTION('',(-0.793357312799,-0.608756251901,0.));
#1637 = ORIENTED_EDGE('',*,*,#1577,.F.);
#1638 = ORIENTED_EDGE('',*,*,#111,.F.);
#1639 = PLANE('',#1640);
#1640 = AXIS2_PLACEMENT_3D('',#1641,#1642,#1643);
#1641 = CARTESIAN_POINT('',(55.2797,35.12,0.));
#1642 = DIRECTION('',(0.608756251901,-0.793357312799,0.));
#1643 = DIRECTION('',(-0.793357312799,-0.608756251901,0.));
#1644 = ADVANCED_FACE('',(#1645),#1663,.F.);
#1645 = FACE_BOUND('',#1646,.F.);
#1646 = EDGE_LOOP('',(#1647,#1648,#1656,#1662));
#1647 = ORIENTED_EDGE('',*,*,#1609,.T.);
#1648 = ORIENTED_EDGE('',*,*,#1649,.T.);
#1649 = EDGE_CURVE('',#1602,#1650,#1652,.T.);
#1650 = VERTEX_POINT('',#1651);
#1651 = CARTESIAN_POINT('',(54.2294,6.3583,9.));
#1652 = LINE('',#1653,#1654);
#1653 = CARTESIAN_POINT('',(49.0911,4.6843,9.));
#1654 = VECTOR('',#1655,1.);
#1655 = DIRECTION('',(0.950813395014,0.309764245617,0.));
#1656 = ORIENTED_EDGE('',*,*,#1657,.F.);
#1657 = EDGE_CURVE('',#632,#1650,#1658,.T.);
#1658 = LINE('',#1659,#1660);
#1659 = CARTESIAN_POINT('',(54.2294,6.3583,0.));
#1660 = VECTOR('',#1661,1.);
#1661 = DIRECTION('',(0.,0.,1.));
#1662 = ORIENTED_EDGE('',*,*,#639,.F.);
#1663 = PLANE('',#1664);
#1664 = AXIS2_PLACEMENT_3D('',#1665,#1666,#1667);
#1665 = CARTESIAN_POINT('',(49.0911,4.6843,0.));
#1666 = DIRECTION('',(-0.309764245617,0.950813395014,0.));
#1667 = DIRECTION('',(0.950813395014,0.309764245617,0.));
#1668 = ADVANCED_FACE('',(#1669),#1687,.F.);
#1669 = FACE_BOUND('',#1670,.F.);
#1670 = EDGE_LOOP('',(#1671,#1679,#1685,#1686));
#1671 = ORIENTED_EDGE('',*,*,#1672,.T.);
#1672 = EDGE_CURVE('',#120,#1673,#1675,.T.);
#1673 = VERTEX_POINT('',#1674);
#1674 = CARTESIAN_POINT('',(55.9067,35.3797,9.));
#1675 = LINE('',#1676,#1677);
#1676 = CARTESIAN_POINT('',(55.9067,35.3797,0.));
#1677 = VECTOR('',#1678,1.);
#1678 = DIRECTION('',(0.,0.,1.));
#1679 = ORIENTED_EDGE('',*,*,#1680,.T.);
#1680 = EDGE_CURVE('',#1673,#1625,#1681,.T.);
#1681 = LINE('',#1682,#1683);
#1682 = CARTESIAN_POINT('',(55.9067,35.3797,9.));
#1683 = VECTOR('',#1684,1.);
#1684 = DIRECTION('',(-0.923885733713,-0.382668460997,0.));
#1685 = ORIENTED_EDGE('',*,*,#1624,.F.);
#1686 = ORIENTED_EDGE('',*,*,#119,.F.);
#1687 = PLANE('',#1688);
#1688 = AXIS2_PLACEMENT_3D('',#1689,#1690,#1691);
#1689 = CARTESIAN_POINT('',(55.9067,35.3797,0.));
#1690 = DIRECTION('',(0.382668460997,-0.923885733713,0.));
#1691 = DIRECTION('',(-0.923885733713,-0.382668460997,0.));
#1692 = ADVANCED_FACE('',(#1693),#1711,.F.);
#1693 = FACE_BOUND('',#1694,.F.);
#1694 = EDGE_LOOP('',(#1695,#1696,#1704,#1710));
#1695 = ORIENTED_EDGE('',*,*,#1657,.T.);
#1696 = ORIENTED_EDGE('',*,*,#1697,.T.);
#1697 = EDGE_CURVE('',#1650,#1698,#1700,.T.);
#1698 = VERTEX_POINT('',#1699);
#1699 = CARTESIAN_POINT('',(59.3676,8.0724,9.));
#1700 = LINE('',#1701,#1702);
#1701 = CARTESIAN_POINT('',(54.2294,6.3583,9.));
#1702 = VECTOR('',#1703,1.);
#1703 = DIRECTION('',(0.948607577224,0.316454837904,0.));
#1704 = ORIENTED_EDGE('',*,*,#1705,.F.);
#1705 = EDGE_CURVE('',#624,#1698,#1706,.T.);
#1706 = LINE('',#1707,#1708);
#1707 = CARTESIAN_POINT('',(59.3676,8.0724,0.));
#1708 = VECTOR('',#1709,1.);
#1709 = DIRECTION('',(0.,0.,1.));
#1710 = ORIENTED_EDGE('',*,*,#631,.F.);
#1711 = PLANE('',#1712);
#1712 = AXIS2_PLACEMENT_3D('',#1713,#1714,#1715);
#1713 = CARTESIAN_POINT('',(54.2294,6.3583,0.));
#1714 = DIRECTION('',(-0.316454837904,0.948607577224,0.));
#1715 = DIRECTION('',(0.948607577224,0.316454837904,0.));
#1716 = ADVANCED_FACE('',(#1717),#1735,.F.);
#1717 = FACE_BOUND('',#1718,.F.);
#1718 = EDGE_LOOP('',(#1719,#1727,#1733,#1734));
#1719 = ORIENTED_EDGE('',*,*,#1720,.T.);
#1720 = EDGE_CURVE('',#128,#1721,#1723,.T.);
#1721 = VERTEX_POINT('',#1722);
#1722 = CARTESIAN_POINT('',(56.5797,35.4683,9.));
#1723 = LINE('',#1724,#1725);
#1724 = CARTESIAN_POINT('',(56.5797,35.4683,0.));
#1725 = VECTOR('',#1726,1.);
#1726 = DIRECTION('',(0.,0.,1.));
#1727 = ORIENTED_EDGE('',*,*,#1728,.T.);
#1728 = EDGE_CURVE('',#1721,#1673,#1729,.T.);
#1729 = LINE('',#1730,#1731);
#1730 = CARTESIAN_POINT('',(56.5797,35.4683,9.));
#1731 = VECTOR('',#1732,1.);
#1732 = DIRECTION('',(-0.991445267605,-0.130523106552,0.));
#1733 = ORIENTED_EDGE('',*,*,#1672,.F.);
#1734 = ORIENTED_EDGE('',*,*,#127,.F.);
#1735 = PLANE('',#1736);
#1736 = AXIS2_PLACEMENT_3D('',#1737,#1738,#1739);
#1737 = CARTESIAN_POINT('',(56.5797,35.4683,0.));
#1738 = DIRECTION('',(0.130523106552,-0.991445267605,0.));
#1739 = DIRECTION('',(-0.991445267605,-0.130523106552,0.));
#1740 = ADVANCED_FACE('',(#1741),#1759,.F.);
#1741 = FACE_BOUND('',#1742,.F.);
#1742 = EDGE_LOOP('',(#1743,#1744,#1752,#1758));
#1743 = ORIENTED_EDGE('',*,*,#1705,.T.);
#1744 = ORIENTED_EDGE('',*,*,#1745,.T.);
#1745 = EDGE_CURVE('',#1698,#1746,#1748,.T.);
#1746 = VERTEX_POINT('',#1747);
#1747 = CARTESIAN_POINT('',(64.5058,9.8391,9.));
#1748 = LINE('',#1749,#1750);
#1749 = CARTESIAN_POINT('',(59.3676,8.0724,9.));
#1750 = VECTOR('',#1751,1.);
#1751 = DIRECTION('',(0.945661489171,0.325152806998,0.));
#1752 = ORIENTED_EDGE('',*,*,#1753,.F.);
#1753 = EDGE_CURVE('',#616,#1746,#1754,.T.);
#1754 = LINE('',#1755,#1756);
#1755 = CARTESIAN_POINT('',(64.5058,9.8391,0.));
#1756 = VECTOR('',#1757,1.);
#1757 = DIRECTION('',(0.,0.,1.));
#1758 = ORIENTED_EDGE('',*,*,#623,.F.);
#1759 = PLANE('',#1760);
#1760 = AXIS2_PLACEMENT_3D('',#1761,#1762,#1763);
#1761 = CARTESIAN_POINT('',(59.3676,8.0724,0.));
#1762 = DIRECTION('',(-0.325152806998,0.945661489171,0.));
#1763 = DIRECTION('',(0.945661489171,0.325152806998,0.));
#1764 = ADVANCED_FACE('',(#1765),#1783,.F.);
#1765 = FACE_BOUND('',#1766,.F.);
#1766 = EDGE_LOOP('',(#1767,#1775,#1781,#1782));
#1767 = ORIENTED_EDGE('',*,*,#1768,.T.);
#1768 = EDGE_CURVE('',#136,#1769,#1771,.T.);
#1769 = VERTEX_POINT('',#1770);
#1770 = CARTESIAN_POINT('',(57.2526,35.3797,9.));
#1771 = LINE('',#1772,#1773);
#1772 = CARTESIAN_POINT('',(57.2526,35.3797,0.));
#1773 = VECTOR('',#1774,1.);
#1774 = DIRECTION('',(0.,0.,1.));
#1775 = ORIENTED_EDGE('',*,*,#1776,.T.);
#1776 = EDGE_CURVE('',#1769,#1721,#1777,.T.);
#1777 = LINE('',#1778,#1779);
#1778 = CARTESIAN_POINT('',(57.2526,35.3797,9.));
#1779 = VECTOR('',#1780,1.);
#1780 = DIRECTION('',(-0.991442757316,0.130542173129,0.));
#1781 = ORIENTED_EDGE('',*,*,#1720,.F.);
#1782 = ORIENTED_EDGE('',*,*,#135,.F.);
#1783 = PLANE('',#1784);
#1784 = AXIS2_PLACEMENT_3D('',#1785,#1786,#1787);
#1785 = CARTESIAN_POINT('',(57.2526,35.3797,0.));
#1786 = DIRECTION('',(-0.130542173129,-0.991442757316,0.));
#1787 = DIRECTION('',(-0.991442757316,0.130542173129,0.));
#1788 = ADVANCED_FACE('',(#1789),#1807,.F.);
#1789 = FACE_BOUND('',#1790,.F.);
#1790 = EDGE_LOOP('',(#1791,#1792,#1800,#1806));
#1791 = ORIENTED_EDGE('',*,*,#1753,.T.);
#1792 = ORIENTED_EDGE('',*,*,#1793,.T.);
#1793 = EDGE_CURVE('',#1746,#1794,#1796,.T.);
#1794 = VERTEX_POINT('',#1795);
#1795 = CARTESIAN_POINT('',(69.6441,11.6706,9.));
#1796 = LINE('',#1797,#1798);
#1797 = CARTESIAN_POINT('',(64.5058,9.8391,9.));
#1798 = VECTOR('',#1799,1.);
#1799 = DIRECTION('',(0.941951177872,0.335749874914,0.));
#1800 = ORIENTED_EDGE('',*,*,#1801,.F.);
#1801 = EDGE_CURVE('',#608,#1794,#1802,.T.);
#1802 = LINE('',#1803,#1804);
#1803 = CARTESIAN_POINT('',(69.6441,11.6706,0.));
#1804 = VECTOR('',#1805,1.);
#1805 = DIRECTION('',(0.,0.,1.));
#1806 = ORIENTED_EDGE('',*,*,#615,.F.);
#1807 = PLANE('',#1808);
#1808 = AXIS2_PLACEMENT_3D('',#1809,#1810,#1811);
#1809 = CARTESIAN_POINT('',(64.5058,9.8391,0.));
#1810 = DIRECTION('',(-0.335749874914,0.941951177872,0.));
#1811 = DIRECTION('',(0.941951177872,0.335749874914,0.));
#1812 = ADVANCED_FACE('',(#1813),#1831,.F.);
#1813 = FACE_BOUND('',#1814,.F.);
#1814 = EDGE_LOOP('',(#1815,#1823,#1829,#1830));
#1815 = ORIENTED_EDGE('',*,*,#1816,.T.);
#1816 = EDGE_CURVE('',#144,#1817,#1819,.T.);
#1817 = VERTEX_POINT('',#1818);
#1818 = CARTESIAN_POINT('',(57.8797,35.12,9.));
#1819 = LINE('',#1820,#1821);
#1820 = CARTESIAN_POINT('',(57.8797,35.12,0.));
#1821 = VECTOR('',#1822,1.);
#1822 = DIRECTION('',(0.,0.,1.));
#1823 = ORIENTED_EDGE('',*,*,#1824,.T.);
#1824 = EDGE_CURVE('',#1817,#1769,#1825,.T.);
#1825 = LINE('',#1826,#1827);
#1826 = CARTESIAN_POINT('',(57.8797,35.12,9.));
#1827 = VECTOR('',#1828,1.);
#1828 = DIRECTION('',(-0.923907306556,0.382616373007,0.));
#1829 = ORIENTED_EDGE('',*,*,#1768,.F.);
#1830 = ORIENTED_EDGE('',*,*,#143,.F.);
#1831 = PLANE('',#1832);
#1832 = AXIS2_PLACEMENT_3D('',#1833,#1834,#1835);
#1833 = CARTESIAN_POINT('',(57.8797,35.12,0.));
#1834 = DIRECTION('',(-0.382616373007,-0.923907306556,0.));
#1835 = DIRECTION('',(-0.923907306556,0.382616373007,0.));
#1836 = ADVANCED_FACE('',(#1837),#1855,.F.);
#1837 = FACE_BOUND('',#1838,.F.);
#1838 = EDGE_LOOP('',(#1839,#1840,#1848,#1854));
#1839 = ORIENTED_EDGE('',*,*,#1801,.T.);
#1840 = ORIENTED_EDGE('',*,*,#1841,.T.);
#1841 = EDGE_CURVE('',#1794,#1842,#1844,.T.);
#1842 = VERTEX_POINT('',#1843);
#1843 = CARTESIAN_POINT('',(74.7823,13.5795,9.));
#1844 = LINE('',#1845,#1846);
#1845 = CARTESIAN_POINT('',(69.6441,11.6706,9.));
#1846 = VECTOR('',#1847,1.);
#1847 = DIRECTION('',(0.937399919362,0.348254779119,0.));
#1848 = ORIENTED_EDGE('',*,*,#1849,.F.);
#1849 = EDGE_CURVE('',#600,#1842,#1850,.T.);
#1850 = LINE('',#1851,#1852);
#1851 = CARTESIAN_POINT('',(74.7823,13.5795,0.));
#1852 = VECTOR('',#1853,1.);
#1853 = DIRECTION('',(0.,0.,1.));
#1854 = ORIENTED_EDGE('',*,*,#607,.F.);
#1855 = PLANE('',#1856);
#1856 = AXIS2_PLACEMENT_3D('',#1857,#1858,#1859);
#1857 = CARTESIAN_POINT('',(69.6441,11.6706,0.));
#1858 = DIRECTION('',(-0.348254779119,0.937399919362,0.));
#1859 = DIRECTION('',(0.937399919362,0.348254779119,0.));
#1860 = ADVANCED_FACE('',(#1861),#1879,.F.);
#1861 = FACE_BOUND('',#1862,.F.);
#1862 = EDGE_LOOP('',(#1863,#1871,#1877,#1878));
#1863 = ORIENTED_EDGE('',*,*,#1864,.T.);
#1864 = EDGE_CURVE('',#152,#1865,#1867,.T.);
#1865 = VERTEX_POINT('',#1866);
#1866 = CARTESIAN_POINT('',(58.4181,34.7068,9.));
#1867 = LINE('',#1868,#1869);
#1868 = CARTESIAN_POINT('',(58.4181,34.7068,0.));
#1869 = VECTOR('',#1870,1.);
#1870 = DIRECTION('',(0.,0.,1.));
#1871 = ORIENTED_EDGE('',*,*,#1872,.T.);
#1872 = EDGE_CURVE('',#1865,#1817,#1873,.T.);
#1873 = LINE('',#1874,#1875);
#1874 = CARTESIAN_POINT('',(58.4181,34.7068,9.));
#1875 = VECTOR('',#1876,1.);
#1876 = DIRECTION('',(-0.793302706073,0.608827411125,0.));
#1877 = ORIENTED_EDGE('',*,*,#1816,.F.);
#1878 = ORIENTED_EDGE('',*,*,#151,.F.);
#1879 = PLANE('',#1880);
#1880 = AXIS2_PLACEMENT_3D('',#1881,#1882,#1883);
#1881 = CARTESIAN_POINT('',(58.4181,34.7068,0.));
#1882 = DIRECTION('',(-0.608827411125,-0.793302706073,0.));
#1883 = DIRECTION('',(-0.793302706073,0.608827411125,0.));
#1884 = ADVANCED_FACE('',(#1885),#1903,.F.);
#1885 = FACE_BOUND('',#1886,.F.);
#1886 = EDGE_LOOP('',(#1887,#1888,#1889,#1897));
#1887 = ORIENTED_EDGE('',*,*,#599,.F.);
#1888 = ORIENTED_EDGE('',*,*,#1849,.T.);
#1889 = ORIENTED_EDGE('',*,*,#1890,.T.);
#1890 = EDGE_CURVE('',#1842,#1891,#1893,.T.);
#1891 = VERTEX_POINT('',#1892);
#1892 = CARTESIAN_POINT('',(75.240148740879,13.757594365528,9.));
#1893 = LINE('',#1894,#1895);
#1894 = CARTESIAN_POINT('',(74.7823,13.5795,9.));
#1895 = VECTOR('',#1896,1.);
#1896 = DIRECTION('',(0.931975735584,0.362520659111,0.));
#1897 = ORIENTED_EDGE('',*,*,#1898,.T.);
#1898 = EDGE_CURVE('',#1891,#592,#1899,.T.);
#1899 = LINE('',#1900,#1901);
#1900 = CARTESIAN_POINT('',(75.240148740879,13.757594365528,0.));
#1901 = VECTOR('',#1902,1.);
#1902 = DIRECTION('',(-0.,0.,-1.));
#1903 = PLANE('',#1904);
#1904 = AXIS2_PLACEMENT_3D('',#1905,#1906,#1907);
#1905 = CARTESIAN_POINT('',(74.7823,13.5795,0.));
#1906 = DIRECTION('',(-0.362520659111,0.931975735584,0.));
#1907 = DIRECTION('',(0.931975735584,0.362520659111,0.));
#1908 = ADVANCED_FACE('',(#1909),#1927,.F.);
#1909 = FACE_BOUND('',#1910,.F.);
#1910 = EDGE_LOOP('',(#1911,#1919,#1925,#1926));
#1911 = ORIENTED_EDGE('',*,*,#1912,.T.);
#1912 = EDGE_CURVE('',#160,#1913,#1915,.T.);
#1913 = VERTEX_POINT('',#1914);
#1914 = CARTESIAN_POINT('',(58.8313,34.1683,9.));
#1915 = LINE('',#1916,#1917);
#1916 = CARTESIAN_POINT('',(58.8313,34.1683,0.));
#1917 = VECTOR('',#1918,1.);
#1918 = DIRECTION('',(0.,0.,1.));
#1919 = ORIENTED_EDGE('',*,*,#1920,.T.);
#1920 = EDGE_CURVE('',#1913,#1865,#1921,.T.);
#1921 = LINE('',#1922,#1923);
#1922 = CARTESIAN_POINT('',(58.8313,34.1683,9.));
#1923 = VECTOR('',#1924,1.);
#1924 = DIRECTION('',(-0.608756251901,0.793357312799,0.));
#1925 = ORIENTED_EDGE('',*,*,#1864,.F.);
#1926 = ORIENTED_EDGE('',*,*,#159,.F.);
#1927 = PLANE('',#1928);
#1928 = AXIS2_PLACEMENT_3D('',#1929,#1930,#1931);
#1929 = CARTESIAN_POINT('',(58.8313,34.1683,0.));
#1930 = DIRECTION('',(-0.793357312799,-0.608756251901,0.));
#1931 = DIRECTION('',(-0.608756251901,0.793357312799,0.));
#1932 = ADVANCED_FACE('',(#1933),#1951,.F.);
#1933 = FACE_BOUND('',#1934,.F.);
#1934 = EDGE_LOOP('',(#1935,#1936,#1937,#1945));
#1935 = ORIENTED_EDGE('',*,*,#591,.F.);
#1936 = ORIENTED_EDGE('',*,*,#1898,.F.);
#1937 = ORIENTED_EDGE('',*,*,#1938,.T.);
#1938 = EDGE_CURVE('',#1891,#1939,#1941,.T.);
#1939 = VERTEX_POINT('',#1940);
#1940 = CARTESIAN_POINT('',(86.9376,5.4348,9.));
#1941 = LINE('',#1942,#1943);
#1942 = CARTESIAN_POINT('',(70.8167,16.9049,9.));
#1943 = VECTOR('',#1944,1.);
#1944 = DIRECTION('',(0.814803743008,-0.579736888925,0.));
#1945 = ORIENTED_EDGE('',*,*,#1946,.F.);
#1946 = EDGE_CURVE('',#584,#1939,#1947,.T.);
#1947 = LINE('',#1948,#1949);
#1948 = CARTESIAN_POINT('',(86.9376,5.4348,0.));
#1949 = VECTOR('',#1950,1.);
#1950 = DIRECTION('',(0.,0.,1.));
#1951 = PLANE('',#1952);
#1952 = AXIS2_PLACEMENT_3D('',#1953,#1954,#1955);
#1953 = CARTESIAN_POINT('',(70.8167,16.9049,0.));
#1954 = DIRECTION('',(0.579736888925,0.814803743008,-0.));
#1955 = DIRECTION('',(0.814803743008,-0.579736888925,0.));
#1956 = ADVANCED_FACE('',(#1957),#1975,.F.);
#1957 = FACE_BOUND('',#1958,.F.);
#1958 = EDGE_LOOP('',(#1959,#1967,#1973,#1974));
#1959 = ORIENTED_EDGE('',*,*,#1960,.T.);
#1960 = EDGE_CURVE('',#168,#1961,#1963,.T.);
#1961 = VERTEX_POINT('',#1962);
#1962 = CARTESIAN_POINT('',(59.0911,33.5413,9.));
#1963 = LINE('',#1964,#1965);
#1964 = CARTESIAN_POINT('',(59.0911,33.5413,0.));
#1965 = VECTOR('',#1966,1.);
#1966 = DIRECTION('',(0.,0.,1.));
#1967 = ORIENTED_EDGE('',*,*,#1968,.T.);
#1968 = EDGE_CURVE('',#1961,#1913,#1969,.T.);
#1969 = LINE('',#1970,#1971);
#1970 = CARTESIAN_POINT('',(59.0911,33.5413,9.));
#1971 = VECTOR('',#1972,1.);
#1972 = DIRECTION('',(-0.382794223307,0.923833633617,0.));
#1973 = ORIENTED_EDGE('',*,*,#1912,.F.);
#1974 = ORIENTED_EDGE('',*,*,#167,.F.);
#1975 = PLANE('',#1976);
#1976 = AXIS2_PLACEMENT_3D('',#1977,#1978,#1979);
#1977 = CARTESIAN_POINT('',(59.0911,33.5413,0.));
#1978 = DIRECTION('',(-0.923833633617,-0.382794223307,0.));
#1979 = DIRECTION('',(-0.382794223307,0.923833633617,0.));
#1980 = ADVANCED_FACE('',(#1981),#1999,.F.);
#1981 = FACE_BOUND('',#1982,.F.);
#1982 = EDGE_LOOP('',(#1983,#1984,#1992,#1998));
#1983 = ORIENTED_EDGE('',*,*,#1946,.T.);
#1984 = ORIENTED_EDGE('',*,*,#1985,.T.);
#1985 = EDGE_CURVE('',#1939,#1986,#1988,.T.);
#1986 = VERTEX_POINT('',#1987);
#1987 = CARTESIAN_POINT('',(87.5646,5.1751,9.));
#1988 = LINE('',#1989,#1990);
#1989 = CARTESIAN_POINT('',(86.9376,5.4348,9.));
#1990 = VECTOR('',#1991,1.);
#1991 = DIRECTION('',(0.923885733713,-0.382668460997,0.));
#1992 = ORIENTED_EDGE('',*,*,#1993,.F.);
#1993 = EDGE_CURVE('',#576,#1986,#1994,.T.);
#1994 = LINE('',#1995,#1996);
#1995 = CARTESIAN_POINT('',(87.5646,5.1751,0.));
#1996 = VECTOR('',#1997,1.);
#1997 = DIRECTION('',(0.,0.,1.));
#1998 = ORIENTED_EDGE('',*,*,#583,.F.);
#1999 = PLANE('',#2000);
#2000 = AXIS2_PLACEMENT_3D('',#2001,#2002,#2003);
#2001 = CARTESIAN_POINT('',(86.9376,5.4348,0.));
#2002 = DIRECTION('',(0.382668460997,0.923885733713,-0.));
#2003 = DIRECTION('',(0.923885733713,-0.382668460997,0.));
#2004 = ADVANCED_FACE('',(#2005),#2023,.F.);
#2005 = FACE_BOUND('',#2006,.F.);
#2006 = EDGE_LOOP('',(#2007,#2015,#2021,#2022));
#2007 = ORIENTED_EDGE('',*,*,#2008,.T.);
#2008 = EDGE_CURVE('',#176,#2009,#2011,.T.);
#2009 = VERTEX_POINT('',#2010);
#2010 = CARTESIAN_POINT('',(59.1797,32.8683,9.));
#2011 = LINE('',#2012,#2013);
#2012 = CARTESIAN_POINT('',(59.1797,32.8683,0.));
#2013 = VECTOR('',#2014,1.);
#2014 = DIRECTION('',(0.,0.,1.));
#2015 = ORIENTED_EDGE('',*,*,#2016,.T.);
#2016 = EDGE_CURVE('',#2009,#1961,#2017,.T.);
#2017 = LINE('',#2018,#2019);
#2018 = CARTESIAN_POINT('',(59.1797,32.8683,9.));
#2019 = VECTOR('',#2020,1.);
#2020 = DIRECTION('',(-0.130523106552,0.991445267605,0.));
#2021 = ORIENTED_EDGE('',*,*,#1960,.F.);
#2022 = ORIENTED_EDGE('',*,*,#175,.F.);
#2023 = PLANE('',#2024);
#2024 = AXIS2_PLACEMENT_3D('',#2025,#2026,#2027);
#2025 = CARTESIAN_POINT('',(59.1797,32.8683,0.));
#2026 = DIRECTION('',(-0.991445267605,-0.130523106552,0.));
#2027 = DIRECTION('',(-0.130523106552,0.991445267605,0.));
#2028 = ADVANCED_FACE('',(#2029),#2047,.F.);
#2029 = FACE_BOUND('',#2030,.F.);
#2030 = EDGE_LOOP('',(#2031,#2032,#2040,#2046));
#2031 = ORIENTED_EDGE('',*,*,#1993,.T.);
#2032 = ORIENTED_EDGE('',*,*,#2033,.T.);
#2033 = EDGE_CURVE('',#1986,#2034,#2036,.T.);
#2034 = VERTEX_POINT('',#2035);
#2035 = CARTESIAN_POINT('',(88.2376,5.0865,9.));
#2036 = LINE('',#2037,#2038);
#2037 = CARTESIAN_POINT('',(87.5646,5.1751,9.));
#2038 = VECTOR('',#2039,1.);
#2039 = DIRECTION('',(0.991445267605,-0.130523106552,0.));
#2040 = ORIENTED_EDGE('',*,*,#2041,.F.);
#2041 = EDGE_CURVE('',#568,#2034,#2042,.T.);
#2042 = LINE('',#2043,#2044);
#2043 = CARTESIAN_POINT('',(88.2376,5.0865,0.));
#2044 = VECTOR('',#2045,1.);
#2045 = DIRECTION('',(0.,0.,1.));
#2046 = ORIENTED_EDGE('',*,*,#575,.F.);
#2047 = PLANE('',#2048);
#2048 = AXIS2_PLACEMENT_3D('',#2049,#2050,#2051);
#2049 = CARTESIAN_POINT('',(87.5646,5.1751,0.));
#2050 = DIRECTION('',(0.130523106552,0.991445267605,-0.));
#2051 = DIRECTION('',(0.991445267605,-0.130523106552,0.));
#2052 = ADVANCED_FACE('',(#2053),#2071,.F.);
#2053 = FACE_BOUND('',#2054,.F.);
#2054 = EDGE_LOOP('',(#2055,#2063,#2069,#2070));
#2055 = ORIENTED_EDGE('',*,*,#2056,.T.);
#2056 = EDGE_CURVE('',#184,#2057,#2059,.T.);
#2057 = VERTEX_POINT('',#2058);
#2058 = CARTESIAN_POINT('',(59.0911,32.1954,9.));
#2059 = LINE('',#2060,#2061);
#2060 = CARTESIAN_POINT('',(59.0911,32.1954,0.));
#2061 = VECTOR('',#2062,1.);
#2062 = DIRECTION('',(0.,0.,1.));
#2063 = ORIENTED_EDGE('',*,*,#2064,.T.);
#2064 = EDGE_CURVE('',#2057,#2009,#2065,.T.);
#2065 = LINE('',#2066,#2067);
#2066 = CARTESIAN_POINT('',(59.0911,32.1954,9.));
#2067 = VECTOR('',#2068,1.);
#2068 = DIRECTION('',(0.130542173129,0.991442757316,0.));
#2069 = ORIENTED_EDGE('',*,*,#2008,.F.);
#2070 = ORIENTED_EDGE('',*,*,#183,.F.);
#2071 = PLANE('',#2072);
#2072 = AXIS2_PLACEMENT_3D('',#2073,#2074,#2075);
#2073 = CARTESIAN_POINT('',(59.0911,32.1954,0.));
#2074 = DIRECTION('',(-0.991442757316,0.130542173129,0.));
#2075 = DIRECTION('',(0.130542173129,0.991442757316,0.));
#2076 = ADVANCED_FACE('',(#2077),#2095,.F.);
#2077 = FACE_BOUND('',#2078,.F.);
#2078 = EDGE_LOOP('',(#2079,#2080,#2088,#2094));
#2079 = ORIENTED_EDGE('',*,*,#2041,.T.);
#2080 = ORIENTED_EDGE('',*,*,#2081,.T.);
#2081 = EDGE_CURVE('',#2034,#2082,#2084,.T.);
#2082 = VERTEX_POINT('',#2083);
#2083 = CARTESIAN_POINT('',(88.9105,5.1751,9.));
#2084 = LINE('',#2085,#2086);
#2085 = CARTESIAN_POINT('',(88.2376,5.0865,9.));
#2086 = VECTOR('',#2087,1.);
#2087 = DIRECTION('',(0.991442757316,0.130542173129,0.));
#2088 = ORIENTED_EDGE('',*,*,#2089,.F.);
#2089 = EDGE_CURVE('',#560,#2082,#2090,.T.);
#2090 = LINE('',#2091,#2092);
#2091 = CARTESIAN_POINT('',(88.9105,5.1751,0.));
#2092 = VECTOR('',#2093,1.);
#2093 = DIRECTION('',(0.,0.,1.));
#2094 = ORIENTED_EDGE('',*,*,#567,.F.);
#2095 = PLANE('',#2096);
#2096 = AXIS2_PLACEMENT_3D('',#2097,#2098,#2099);
#2097 = CARTESIAN_POINT('',(88.2376,5.0865,0.));
#2098 = DIRECTION('',(-0.130542173129,0.991442757316,0.));
#2099 = DIRECTION('',(0.991442757316,0.130542173129,0.));
#2100 = ADVANCED_FACE('',(#2101),#2119,.F.);
#2101 = FACE_BOUND('',#2102,.F.);
#2102 = EDGE_LOOP('',(#2103,#2111,#2117,#2118));
#2103 = ORIENTED_EDGE('',*,*,#2104,.T.);
#2104 = EDGE_CURVE('',#192,#2105,#2107,.T.);
#2105 = VERTEX_POINT('',#2106);
#2106 = CARTESIAN_POINT('',(58.8313,31.5683,9.));
#2107 = LINE('',#2108,#2109);
#2108 = CARTESIAN_POINT('',(58.8313,31.5683,0.));
#2109 = VECTOR('',#2110,1.);
#2110 = DIRECTION('',(0.,0.,1.));
#2111 = ORIENTED_EDGE('',*,*,#2112,.T.);
#2112 = EDGE_CURVE('',#2105,#2057,#2113,.T.);
#2113 = LINE('',#2114,#2115);
#2114 = CARTESIAN_POINT('',(58.8313,31.5683,9.));
#2115 = VECTOR('',#2116,1.);
#2116 = DIRECTION('',(0.382742124074,0.923855219425,0.));
#2117 = ORIENTED_EDGE('',*,*,#2056,.F.);
#2118 = ORIENTED_EDGE('',*,*,#191,.F.);
#2119 = PLANE('',#2120);
#2120 = AXIS2_PLACEMENT_3D('',#2121,#2122,#2123);
#2121 = CARTESIAN_POINT('',(58.8313,31.5683,0.));
#2122 = DIRECTION('',(-0.923855219425,0.382742124074,0.));
#2123 = DIRECTION('',(0.382742124074,0.923855219425,0.));
#2124 = ADVANCED_FACE('',(#2125),#2143,.F.);
#2125 = FACE_BOUND('',#2126,.F.);
#2126 = EDGE_LOOP('',(#2127,#2128,#2136,#2142));
#2127 = ORIENTED_EDGE('',*,*,#2089,.T.);
#2128 = ORIENTED_EDGE('',*,*,#2129,.T.);
#2129 = EDGE_CURVE('',#2082,#2130,#2132,.T.);
#2130 = VERTEX_POINT('',#2131);
#2131 = CARTESIAN_POINT('',(89.5376,5.4348,9.));
#2132 = LINE('',#2133,#2134);
#2133 = CARTESIAN_POINT('',(88.9105,5.1751,9.));
#2134 = VECTOR('',#2135,1.);
#2135 = DIRECTION('',(0.923907306556,0.382616373007,0.));
#2136 = ORIENTED_EDGE('',*,*,#2137,.F.);
#2137 = EDGE_CURVE('',#552,#2130,#2138,.T.);
#2138 = LINE('',#2139,#2140);
#2139 = CARTESIAN_POINT('',(89.5376,5.4348,0.));
#2140 = VECTOR('',#2141,1.);
#2141 = DIRECTION('',(0.,0.,1.));
#2142 = ORIENTED_EDGE('',*,*,#559,.F.);
#2143 = PLANE('',#2144);
#2144 = AXIS2_PLACEMENT_3D('',#2145,#2146,#2147);
#2145 = CARTESIAN_POINT('',(88.9105,5.1751,0.));
#2146 = DIRECTION('',(-0.382616373007,0.923907306556,0.));
#2147 = DIRECTION('',(0.923907306556,0.382616373007,0.));
#2148 = ADVANCED_FACE('',(#2149),#2167,.F.);
#2149 = FACE_BOUND('',#2150,.F.);
#2150 = EDGE_LOOP('',(#2151,#2152,#2160,#2166));
#2151 = ORIENTED_EDGE('',*,*,#199,.F.);
#2152 = ORIENTED_EDGE('',*,*,#2153,.F.);
#2153 = EDGE_CURVE('',#2154,#200,#2156,.T.);
#2154 = VERTEX_POINT('',#2155);
#2155 = CARTESIAN_POINT('',(53.728133105925,23.231878710565,9.));
#2156 = LINE('',#2157,#2158);
#2157 = CARTESIAN_POINT('',(53.728133105925,23.231878710565,0.));
#2158 = VECTOR('',#2159,1.);
#2159 = DIRECTION('',(-0.,-0.,-1.));
#2160 = ORIENTED_EDGE('',*,*,#2161,.T.);
#2161 = EDGE_CURVE('',#2154,#2105,#2162,.T.);
#2162 = LINE('',#2163,#2164);
#2163 = CARTESIAN_POINT('',(45.304,9.4704,9.));
#2164 = VECTOR('',#2165,1.);
#2165 = DIRECTION('',(0.522096967963,0.852886133105,0.));
#2166 = ORIENTED_EDGE('',*,*,#2104,.F.);
#2167 = PLANE('',#2168);
#2168 = AXIS2_PLACEMENT_3D('',#2169,#2170,#2171);
#2169 = CARTESIAN_POINT('',(45.304,9.4704,0.));
#2170 = DIRECTION('',(-0.852886133105,0.522096967963,0.));
#2171 = DIRECTION('',(0.522096967963,0.852886133105,0.));
#2172 = ADVANCED_FACE('',(#2173),#2191,.F.);
#2173 = FACE_BOUND('',#2174,.F.);
#2174 = EDGE_LOOP('',(#2175,#2176,#2184,#2190));
#2175 = ORIENTED_EDGE('',*,*,#2137,.T.);
#2176 = ORIENTED_EDGE('',*,*,#2177,.T.);
#2177 = EDGE_CURVE('',#2130,#2178,#2180,.T.);
#2178 = VERTEX_POINT('',#2179);
#2179 = CARTESIAN_POINT('',(90.076,5.848,9.));
#2180 = LINE('',#2181,#2182);
#2181 = CARTESIAN_POINT('',(89.5376,5.4348,9.));
#2182 = VECTOR('',#2183,1.);
#2183 = DIRECTION('',(0.793302706073,0.608827411125,0.));
#2184 = ORIENTED_EDGE('',*,*,#2185,.F.);
#2185 = EDGE_CURVE('',#544,#2178,#2186,.T.);
#2186 = LINE('',#2187,#2188);
#2187 = CARTESIAN_POINT('',(90.076,5.848,0.));
#2188 = VECTOR('',#2189,1.);
#2189 = DIRECTION('',(0.,0.,1.));
#2190 = ORIENTED_EDGE('',*,*,#551,.F.);
#2191 = PLANE('',#2192);
#2192 = AXIS2_PLACEMENT_3D('',#2193,#2194,#2195);
#2193 = CARTESIAN_POINT('',(89.5376,5.4348,0.));
#2194 = DIRECTION('',(-0.608827411125,0.793302706073,0.));
#2195 = DIRECTION('',(0.793302706073,0.608827411125,0.));
#2196 = ADVANCED_FACE('',(#2197),#2215,.F.);
#2197 = FACE_BOUND('',#2198,.F.);
#2198 = EDGE_LOOP('',(#2199,#2200,#2208,#2214));
#2199 = ORIENTED_EDGE('',*,*,#207,.F.);
#2200 = ORIENTED_EDGE('',*,*,#2201,.T.);
#2201 = EDGE_CURVE('',#208,#2202,#2204,.T.);
#2202 = VERTEX_POINT('',#2203);
#2203 = CARTESIAN_POINT('',(55.2157,23.5675,9.));
#2204 = LINE('',#2205,#2206);
#2205 = CARTESIAN_POINT('',(55.2157,23.5675,0.));
#2206 = VECTOR('',#2207,1.);
#2207 = DIRECTION('',(0.,0.,1.));
#2208 = ORIENTED_EDGE('',*,*,#2209,.T.);
#2209 = EDGE_CURVE('',#2202,#2154,#2210,.T.);
#2210 = LINE('',#2211,#2212);
#2211 = CARTESIAN_POINT('',(55.2157,23.5675,9.));
#2212 = VECTOR('',#2213,1.);
#2213 = DIRECTION('',(-0.975480564104,-0.220085594838,0.));
#2214 = ORIENTED_EDGE('',*,*,#2153,.T.);
#2215 = PLANE('',#2216);
#2216 = AXIS2_PLACEMENT_3D('',#2217,#2218,#2219);
#2217 = CARTESIAN_POINT('',(55.2157,23.5675,0.));
#2218 = DIRECTION('',(0.220085594838,-0.975480564104,0.));
#2219 = DIRECTION('',(-0.975480564104,-0.220085594838,0.));
#2220 = ADVANCED_FACE('',(#2221),#2239,.F.);
#2221 = FACE_BOUND('',#2222,.F.);
#2222 = EDGE_LOOP('',(#2223,#2224,#2232,#2238));
#2223 = ORIENTED_EDGE('',*,*,#2185,.T.);
#2224 = ORIENTED_EDGE('',*,*,#2225,.T.);
#2225 = EDGE_CURVE('',#2178,#2226,#2228,.T.);
#2226 = VERTEX_POINT('',#2227);
#2227 = CARTESIAN_POINT('',(90.4892,6.3865,9.));
#2228 = LINE('',#2229,#2230);
#2229 = CARTESIAN_POINT('',(90.076,5.848,9.));
#2230 = VECTOR('',#2231,1.);
#2231 = DIRECTION('',(0.608756251901,0.793357312799,0.));
#2232 = ORIENTED_EDGE('',*,*,#2233,.F.);
#2233 = EDGE_CURVE('',#536,#2226,#2234,.T.);
#2234 = LINE('',#2235,#2236);
#2235 = CARTESIAN_POINT('',(90.4892,6.3865,0.));
#2236 = VECTOR('',#2237,1.);
#2237 = DIRECTION('',(0.,0.,1.));
#2238 = ORIENTED_EDGE('',*,*,#543,.F.);
#2239 = PLANE('',#2240);
#2240 = AXIS2_PLACEMENT_3D('',#2241,#2242,#2243);
#2241 = CARTESIAN_POINT('',(90.076,5.848,0.));
#2242 = DIRECTION('',(-0.793357312799,0.608756251901,0.));
#2243 = DIRECTION('',(0.608756251901,0.793357312799,0.));
#2244 = ADVANCED_FACE('',(#2245),#2263,.F.);
#2245 = FACE_BOUND('',#2246,.F.);
#2246 = EDGE_LOOP('',(#2247,#2255,#2261,#2262));
#2247 = ORIENTED_EDGE('',*,*,#2248,.T.);
#2248 = EDGE_CURVE('',#216,#2249,#2251,.T.);
#2249 = VERTEX_POINT('',#2250);
#2250 = CARTESIAN_POINT('',(60.4942,24.8109,9.));
#2251 = LINE('',#2252,#2253);
#2252 = CARTESIAN_POINT('',(60.4942,24.8109,0.));
#2253 = VECTOR('',#2254,1.);
#2254 = DIRECTION('',(0.,0.,1.));
#2255 = ORIENTED_EDGE('',*,*,#2256,.T.);
#2256 = EDGE_CURVE('',#2249,#2202,#2257,.T.);
#2257 = LINE('',#2258,#2259);
#2258 = CARTESIAN_POINT('',(60.4942,24.8109,9.));
#2259 = VECTOR('',#2260,1.);
#2260 = DIRECTION('',(-0.973359580367,-0.229283944724,0.));
#2261 = ORIENTED_EDGE('',*,*,#2201,.F.);
#2262 = ORIENTED_EDGE('',*,*,#215,.F.);
#2263 = PLANE('',#2264);
#2264 = AXIS2_PLACEMENT_3D('',#2265,#2266,#2267);
#2265 = CARTESIAN_POINT('',(60.4942,24.8109,0.));
#2266 = DIRECTION('',(0.229283944724,-0.973359580367,0.));
#2267 = DIRECTION('',(-0.973359580367,-0.229283944724,0.));
#2268 = ADVANCED_FACE('',(#2269),#2287,.F.);
#2269 = FACE_BOUND('',#2270,.F.);
#2270 = EDGE_LOOP('',(#2271,#2272,#2280,#2286));
#2271 = ORIENTED_EDGE('',*,*,#2233,.T.);
#2272 = ORIENTED_EDGE('',*,*,#2273,.T.);
#2273 = EDGE_CURVE('',#2226,#2274,#2276,.T.);
#2274 = VERTEX_POINT('',#2275);
#2275 = CARTESIAN_POINT('',(90.749,7.0136,9.));
#2276 = LINE('',#2277,#2278);
#2277 = CARTESIAN_POINT('',(90.4892,6.3865,9.));
#2278 = VECTOR('',#2279,1.);
#2279 = DIRECTION('',(0.382742124074,0.923855219425,0.));
#2280 = ORIENTED_EDGE('',*,*,#2281,.F.);
#2281 = EDGE_CURVE('',#528,#2274,#2282,.T.);
#2282 = LINE('',#2283,#2284);
#2283 = CARTESIAN_POINT('',(90.749,7.0136,0.));
#2284 = VECTOR('',#2285,1.);
#2285 = DIRECTION('',(0.,0.,1.));
#2286 = ORIENTED_EDGE('',*,*,#535,.F.);
#2287 = PLANE('',#2288);
#2288 = AXIS2_PLACEMENT_3D('',#2289,#2290,#2291);
#2289 = CARTESIAN_POINT('',(90.4892,6.3865,0.));
#2290 = DIRECTION('',(-0.923855219425,0.382742124074,0.));
#2291 = DIRECTION('',(0.382742124074,0.923855219425,0.));
#2292 = ADVANCED_FACE('',(#2293),#2311,.F.);
#2293 = FACE_BOUND('',#2294,.F.);
#2294 = EDGE_LOOP('',(#2295,#2303,#2309,#2310));
#2295 = ORIENTED_EDGE('',*,*,#2296,.T.);
#2296 = EDGE_CURVE('',#224,#2297,#2299,.T.);
#2297 = VERTEX_POINT('',#2298);
#2298 = CARTESIAN_POINT('',(65.7726,26.1193,9.));
#2299 = LINE('',#2300,#2301);
#2300 = CARTESIAN_POINT('',(65.7726,26.1193,0.));
#2301 = VECTOR('',#2302,1.);
#2302 = DIRECTION('',(0.,0.,1.));
#2303 = ORIENTED_EDGE('',*,*,#2304,.T.);
#2304 = EDGE_CURVE('',#2297,#2249,#2305,.T.);
#2305 = LINE('',#2306,#2307);
#2306 = CARTESIAN_POINT('',(65.7726,26.1193,9.));
#2307 = VECTOR('',#2308,1.);
#2308 = DIRECTION('',(-0.970625158013,-0.240596763554,0.));
#2309 = ORIENTED_EDGE('',*,*,#2248,.F.);
#2310 = ORIENTED_EDGE('',*,*,#223,.F.);
#2311 = PLANE('',#2312);
#2312 = AXIS2_PLACEMENT_3D('',#2313,#2314,#2315);
#2313 = CARTESIAN_POINT('',(65.7726,26.1193,0.));
#2314 = DIRECTION('',(0.240596763554,-0.970625158013,0.));
#2315 = DIRECTION('',(-0.970625158013,-0.240596763554,0.));
#2316 = ADVANCED_FACE('',(#2317),#2335,.F.);
#2317 = FACE_BOUND('',#2318,.F.);
#2318 = EDGE_LOOP('',(#2319,#2320,#2328,#2334));
#2319 = ORIENTED_EDGE('',*,*,#2281,.T.);
#2320 = ORIENTED_EDGE('',*,*,#2321,.T.);
#2321 = EDGE_CURVE('',#2274,#2322,#2324,.T.);
#2322 = VERTEX_POINT('',#2323);
#2323 = CARTESIAN_POINT('',(90.8376,7.6865,9.));
#2324 = LINE('',#2325,#2326);
#2325 = CARTESIAN_POINT('',(90.749,7.0136,9.));
#2326 = VECTOR('',#2327,1.);
#2327 = DIRECTION('',(0.130542173129,0.991442757316,0.));
#2328 = ORIENTED_EDGE('',*,*,#2329,.F.);
#2329 = EDGE_CURVE('',#520,#2322,#2330,.T.);
#2330 = LINE('',#2331,#2332);
#2331 = CARTESIAN_POINT('',(90.8376,7.6865,0.));
#2332 = VECTOR('',#2333,1.);
#2333 = DIRECTION('',(0.,0.,1.));
#2334 = ORIENTED_EDGE('',*,*,#527,.F.);
#2335 = PLANE('',#2336);
#2336 = AXIS2_PLACEMENT_3D('',#2337,#2338,#2339);
#2337 = CARTESIAN_POINT('',(90.749,7.0136,0.));
#2338 = DIRECTION('',(-0.991442757316,0.130542173129,0.));
#2339 = DIRECTION('',(0.130542173129,0.991442757316,0.));
#2340 = ADVANCED_FACE('',(#2341),#2359,.F.);
#2341 = FACE_BOUND('',#2342,.F.);
#2342 = EDGE_LOOP('',(#2343,#2351,#2357,#2358));
#2343 = ORIENTED_EDGE('',*,*,#2344,.T.);
#2344 = EDGE_CURVE('',#232,#2345,#2347,.T.);
#2345 = VERTEX_POINT('',#2346);
#2346 = CARTESIAN_POINT('',(71.051,27.505,9.));
#2347 = LINE('',#2348,#2349);
#2348 = CARTESIAN_POINT('',(71.051,27.505,0.));
#2349 = VECTOR('',#2350,1.);
#2350 = DIRECTION('',(0.,0.,1.));
#2351 = ORIENTED_EDGE('',*,*,#2352,.T.);
#2352 = EDGE_CURVE('',#2345,#2297,#2353,.T.);
#2353 = LINE('',#2354,#2355);
#2354 = CARTESIAN_POINT('',(71.051,27.505,9.));
#2355 = VECTOR('',#2356,1.);
#2356 = DIRECTION('',(-0.967225565128,-0.253918699909,0.));
#2357 = ORIENTED_EDGE('',*,*,#2296,.F.);
#2358 = ORIENTED_EDGE('',*,*,#231,.F.);
#2359 = PLANE('',#2360);
#2360 = AXIS2_PLACEMENT_3D('',#2361,#2362,#2363);
#2361 = CARTESIAN_POINT('',(71.051,27.505,0.));
#2362 = DIRECTION('',(0.253918699909,-0.967225565128,0.));
#2363 = DIRECTION('',(-0.967225565128,-0.253918699909,0.));
#2364 = ADVANCED_FACE('',(#2365),#2383,.F.);
#2365 = FACE_BOUND('',#2366,.F.);
#2366 = EDGE_LOOP('',(#2367,#2368,#2376,#2382));
#2367 = ORIENTED_EDGE('',*,*,#2329,.T.);
#2368 = ORIENTED_EDGE('',*,*,#2369,.T.);
#2369 = EDGE_CURVE('',#2322,#2370,#2372,.T.);
#2370 = VERTEX_POINT('',#2371);
#2371 = CARTESIAN_POINT('',(90.749,8.3594,9.));
#2372 = LINE('',#2373,#2374);
#2373 = CARTESIAN_POINT('',(90.8376,7.6865,9.));
#2374 = VECTOR('',#2375,1.);
#2375 = DIRECTION('',(-0.130542173129,0.991442757316,0.));
#2376 = ORIENTED_EDGE('',*,*,#2377,.F.);
#2377 = EDGE_CURVE('',#512,#2370,#2378,.T.);
#2378 = LINE('',#2379,#2380);
#2379 = CARTESIAN_POINT('',(90.749,8.3594,0.));
#2380 = VECTOR('',#2381,1.);
#2381 = DIRECTION('',(0.,0.,1.));
#2382 = ORIENTED_EDGE('',*,*,#519,.F.);
#2383 = PLANE('',#2384);
#2384 = AXIS2_PLACEMENT_3D('',#2385,#2386,#2387);
#2385 = CARTESIAN_POINT('',(90.8376,7.6865,0.));
#2386 = DIRECTION('',(-0.991442757316,-0.130542173129,0.));
#2387 = DIRECTION('',(-0.130542173129,0.991442757316,0.));
#2388 = ADVANCED_FACE('',(#2389),#2407,.F.);
#2389 = FACE_BOUND('',#2390,.F.);
#2390 = EDGE_LOOP('',(#2391,#2399,#2405,#2406));
#2391 = ORIENTED_EDGE('',*,*,#2392,.T.);
#2392 = EDGE_CURVE('',#240,#2393,#2395,.T.);
#2393 = VERTEX_POINT('',#2394);
#2394 = CARTESIAN_POINT('',(76.3294,28.9804,9.));
#2395 = LINE('',#2396,#2397);
#2396 = CARTESIAN_POINT('',(76.3294,28.9804,0.));
#2397 = VECTOR('',#2398,1.);
#2398 = DIRECTION('',(0.,0.,1.));
#2399 = ORIENTED_EDGE('',*,*,#2400,.T.);
#2400 = EDGE_CURVE('',#2393,#2345,#2401,.T.);
#2401 = LINE('',#2402,#2403);
#2402 = CARTESIAN_POINT('',(76.3294,28.9804,9.));
#2403 = VECTOR('',#2404,1.);
#2404 = DIRECTION('',(-0.963084821453,-0.269198117909,0.));
#2405 = ORIENTED_EDGE('',*,*,#2344,.F.);
#2406 = ORIENTED_EDGE('',*,*,#239,.F.);
#2407 = PLANE('',#2408);
#2408 = AXIS2_PLACEMENT_3D('',#2409,#2410,#2411);
#2409 = CARTESIAN_POINT('',(76.3294,28.9804,0.));
#2410 = DIRECTION('',(0.269198117909,-0.963084821453,0.));
#2411 = DIRECTION('',(-0.963084821453,-0.269198117909,0.));
#2412 = ADVANCED_FACE('',(#2413),#2431,.F.);
#2413 = FACE_BOUND('',#2414,.F.);
#2414 = EDGE_LOOP('',(#2415,#2416,#2424,#2430));
#2415 = ORIENTED_EDGE('',*,*,#2377,.T.);
#2416 = ORIENTED_EDGE('',*,*,#2417,.T.);
#2417 = EDGE_CURVE('',#2370,#2418,#2420,.T.);
#2418 = VERTEX_POINT('',#2419);
#2419 = CARTESIAN_POINT('',(90.4892,8.9865,9.));
#2420 = LINE('',#2421,#2422);
#2421 = CARTESIAN_POINT('',(90.749,8.3594,9.));
#2422 = VECTOR('',#2423,1.);
#2423 = DIRECTION('',(-0.382742124074,0.923855219425,0.));
#2424 = ORIENTED_EDGE('',*,*,#2425,.F.);
#2425 = EDGE_CURVE('',#504,#2418,#2426,.T.);
#2426 = LINE('',#2427,#2428);
#2427 = CARTESIAN_POINT('',(90.4892,8.9865,0.));
#2428 = VECTOR('',#2429,1.);
#2429 = DIRECTION('',(0.,0.,1.));
#2430 = ORIENTED_EDGE('',*,*,#511,.F.);
#2431 = PLANE('',#2432);
#2432 = AXIS2_PLACEMENT_3D('',#2433,#2434,#2435);
#2433 = CARTESIAN_POINT('',(90.749,8.3594,0.));
#2434 = DIRECTION('',(-0.923855219425,-0.382742124074,0.));
#2435 = DIRECTION('',(-0.382742124074,0.923855219425,0.));
#2436 = ADVANCED_FACE('',(#2437),#2455,.F.);
#2437 = FACE_BOUND('',#2438,.F.);
#2438 = EDGE_LOOP('',(#2439,#2447,#2453,#2454));
#2439 = ORIENTED_EDGE('',*,*,#2440,.T.);
#2440 = EDGE_CURVE('',#248,#2441,#2443,.T.);
#2441 = VERTEX_POINT('',#2442);
#2442 = CARTESIAN_POINT('',(81.6079,30.558,9.));
#2443 = LINE('',#2444,#2445);
#2444 = CARTESIAN_POINT('',(81.6079,30.558,0.));
#2445 = VECTOR('',#2446,1.);
#2446 = DIRECTION('',(0.,0.,1.));
#2447 = ORIENTED_EDGE('',*,*,#2448,.T.);
#2448 = EDGE_CURVE('',#2441,#2393,#2449,.T.);
#2449 = LINE('',#2450,#2451);
#2450 = CARTESIAN_POINT('',(81.6079,30.558,9.));
#2451 = VECTOR('',#2452,1.);
#2452 = DIRECTION('',(-0.958123023148,-0.286356897095,0.));
#2453 = ORIENTED_EDGE('',*,*,#2392,.F.);
#2454 = ORIENTED_EDGE('',*,*,#247,.F.);
#2455 = PLANE('',#2456);
#2456 = AXIS2_PLACEMENT_3D('',#2457,#2458,#2459);
#2457 = CARTESIAN_POINT('',(81.6079,30.558,0.));
#2458 = DIRECTION('',(0.286356897095,-0.958123023148,0.));
#2459 = DIRECTION('',(-0.958123023148,-0.286356897095,0.));
#2460 = ADVANCED_FACE('',(#2461),#2479,.F.);
#2461 = FACE_BOUND('',#2462,.F.);
#2462 = EDGE_LOOP('',(#2463,#2464,#2472,#2478));
#2463 = ORIENTED_EDGE('',*,*,#2425,.T.);
#2464 = ORIENTED_EDGE('',*,*,#2465,.T.);
#2465 = EDGE_CURVE('',#2418,#2466,#2468,.T.);
#2466 = VERTEX_POINT('',#2467);
#2467 = CARTESIAN_POINT('',(90.076,9.525,9.));
#2468 = LINE('',#2469,#2470);
#2469 = CARTESIAN_POINT('',(90.4892,8.9865,9.));
#2470 = VECTOR('',#2471,1.);
#2471 = DIRECTION('',(-0.608756251901,0.793357312799,0.));
#2472 = ORIENTED_EDGE('',*,*,#2473,.F.);
#2473 = EDGE_CURVE('',#496,#2466,#2474,.T.);
#2474 = LINE('',#2475,#2476);
#2475 = CARTESIAN_POINT('',(90.076,9.525,0.));
#2476 = VECTOR('',#2477,1.);
#2477 = DIRECTION('',(0.,0.,1.));
#2478 = ORIENTED_EDGE('',*,*,#503,.F.);
#2479 = PLANE('',#2480);
#2480 = AXIS2_PLACEMENT_3D('',#2481,#2482,#2483);
#2481 = CARTESIAN_POINT('',(90.4892,8.9865,0.));
#2482 = DIRECTION('',(-0.793357312799,-0.608756251901,0.));
#2483 = DIRECTION('',(-0.608756251901,0.793357312799,0.));
#2484 = ADVANCED_FACE('',(#2485),#2503,.F.);
#2485 = FACE_BOUND('',#2486,.F.);
#2486 = EDGE_LOOP('',(#2487,#2495,#2501,#2502));
#2487 = ORIENTED_EDGE('',*,*,#2488,.T.);
#2488 = EDGE_CURVE('',#256,#2489,#2491,.T.);
#2489 = VERTEX_POINT('',#2490);
#2490 = CARTESIAN_POINT('',(86.8863,32.2502,9.));
#2491 = LINE('',#2492,#2493);
#2492 = CARTESIAN_POINT('',(86.8863,32.2502,0.));
#2493 = VECTOR('',#2494,1.);
#2494 = DIRECTION('',(0.,0.,1.));
#2495 = ORIENTED_EDGE('',*,*,#2496,.T.);
#2496 = EDGE_CURVE('',#2489,#2441,#2497,.T.);
#2497 = LINE('',#2498,#2499);
#2498 = CARTESIAN_POINT('',(86.8863,32.2502,9.));
#2499 = VECTOR('',#2500,1.);
#2500 = DIRECTION('',(-0.952261042385,-0.30528496058,0.));
#2501 = ORIENTED_EDGE('',*,*,#2440,.F.);
#2502 = ORIENTED_EDGE('',*,*,#255,.F.);
#2503 = PLANE('',#2504);
#2504 = AXIS2_PLACEMENT_3D('',#2505,#2506,#2507);
#2505 = CARTESIAN_POINT('',(86.8863,32.2502,0.));
#2506 = DIRECTION('',(0.30528496058,-0.952261042385,0.));
#2507 = DIRECTION('',(-0.952261042385,-0.30528496058,0.));
#2508 = ADVANCED_FACE('',(#2509),#2527,.F.);
#2509 = FACE_BOUND('',#2510,.F.);
#2510 = EDGE_LOOP('',(#2511,#2512,#2513,#2521));
#2511 = ORIENTED_EDGE('',*,*,#495,.F.);
#2512 = ORIENTED_EDGE('',*,*,#2473,.T.);
#2513 = ORIENTED_EDGE('',*,*,#2514,.T.);
#2514 = EDGE_CURVE('',#2466,#2515,#2517,.T.);
#2515 = VERTEX_POINT('',#2516);
#2516 = CARTESIAN_POINT('',(82.758228482937,16.738390322867,9.));
#2517 = LINE('',#2518,#2519);
#2518 = CARTESIAN_POINT('',(90.076,9.525,9.));
#2519 = VECTOR('',#2520,1.);
#2520 = DIRECTION('',(-0.712167743523,0.702009334045,0.));
#2521 = ORIENTED_EDGE('',*,*,#2522,.F.);
#2522 = EDGE_CURVE('',#488,#2515,#2523,.T.);
#2523 = LINE('',#2524,#2525);
#2524 = CARTESIAN_POINT('',(82.758228482937,16.738390322867,0.));
#2525 = VECTOR('',#2526,1.);
#2526 = DIRECTION('',(0.,0.,1.));
#2527 = PLANE('',#2528);
#2528 = AXIS2_PLACEMENT_3D('',#2529,#2530,#2531);
#2529 = CARTESIAN_POINT('',(90.076,9.525,0.));
#2530 = DIRECTION('',(-0.702009334045,-0.712167743523,0.));
#2531 = DIRECTION('',(-0.712167743523,0.702009334045,0.));
#2532 = ADVANCED_FACE('',(#2533),#2551,.F.);
#2533 = FACE_BOUND('',#2534,.F.);
#2534 = EDGE_LOOP('',(#2535,#2543,#2549,#2550));
#2535 = ORIENTED_EDGE('',*,*,#2536,.T.);
#2536 = EDGE_CURVE('',#264,#2537,#2539,.T.);
#2537 = VERTEX_POINT('',#2538);
#2538 = CARTESIAN_POINT('',(92.1647,34.0694,9.));
#2539 = LINE('',#2540,#2541);
#2540 = CARTESIAN_POINT('',(92.1647,34.0694,0.));
#2541 = VECTOR('',#2542,1.);
#2542 = DIRECTION('',(0.,0.,1.));
#2543 = ORIENTED_EDGE('',*,*,#2544,.T.);
#2544 = EDGE_CURVE('',#2537,#2489,#2545,.T.);
#2545 = LINE('',#2546,#2547);
#2546 = CARTESIAN_POINT('',(92.1647,34.0694,9.));
#2547 = VECTOR('',#2548,1.);
#2548 = DIRECTION('',(-0.945424742777,-0.325840537295,0.));
#2549 = ORIENTED_EDGE('',*,*,#2488,.F.);
#2550 = ORIENTED_EDGE('',*,*,#263,.F.);
#2551 = PLANE('',#2552);
#2552 = AXIS2_PLACEMENT_3D('',#2553,#2554,#2555);
#2553 = CARTESIAN_POINT('',(92.1647,34.0694,0.));
#2554 = DIRECTION('',(0.325840537295,-0.945424742777,0.));
#2555 = DIRECTION('',(-0.945424742777,-0.325840537295,0.));
#2556 = ADVANCED_FACE('',(#2557),#2575,.F.);
#2557 = FACE_BOUND('',#2558,.F.);
#2558 = EDGE_LOOP('',(#2559,#2560,#2561,#2569));
#2559 = ORIENTED_EDGE('',*,*,#487,.F.);
#2560 = ORIENTED_EDGE('',*,*,#2522,.T.);
#2561 = ORIENTED_EDGE('',*,*,#2562,.T.);
#2562 = EDGE_CURVE('',#2515,#2563,#2565,.T.);
#2563 = VERTEX_POINT('',#2564);
#2564 = CARTESIAN_POINT('',(85.0588,17.679,9.));
#2565 = LINE('',#2566,#2567);
#2566 = CARTESIAN_POINT('',(79.9206,15.5782,9.));
#2567 = VECTOR('',#2568,1.);
#2568 = DIRECTION('',(0.925622120686,0.378449058257,0.));
#2569 = ORIENTED_EDGE('',*,*,#2570,.F.);
#2570 = EDGE_CURVE('',#480,#2563,#2571,.T.);
#2571 = LINE('',#2572,#2573);
#2572 = CARTESIAN_POINT('',(85.0588,17.679,0.));
#2573 = VECTOR('',#2574,1.);
#2574 = DIRECTION('',(0.,0.,1.));
#2575 = PLANE('',#2576);
#2576 = AXIS2_PLACEMENT_3D('',#2577,#2578,#2579);
#2577 = CARTESIAN_POINT('',(79.9206,15.5782,0.));
#2578 = DIRECTION('',(-0.378449058257,0.925622120686,0.));
#2579 = DIRECTION('',(0.925622120686,0.378449058257,0.));
#2580 = ADVANCED_FACE('',(#2581),#2599,.F.);
#2581 = FACE_BOUND('',#2582,.F.);
#2582 = EDGE_LOOP('',(#2583,#2591,#2597,#2598));
#2583 = ORIENTED_EDGE('',*,*,#2584,.T.);
#2584 = EDGE_CURVE('',#272,#2585,#2587,.T.);
#2585 = VERTEX_POINT('',#2586);
#2586 = CARTESIAN_POINT('',(97.4432,36.028,9.));
#2587 = LINE('',#2588,#2589);
#2588 = CARTESIAN_POINT('',(97.4432,36.028,0.));
#2589 = VECTOR('',#2590,1.);
#2590 = DIRECTION('',(0.,0.,1.));
#2591 = ORIENTED_EDGE('',*,*,#2592,.T.);
#2592 = EDGE_CURVE('',#2585,#2537,#2593,.T.);
#2593 = LINE('',#2594,#2595);
#2594 = CARTESIAN_POINT('',(97.4432,36.028,9.));
#2595 = VECTOR('',#2596,1.);
#2596 = DIRECTION('',(-0.937540339194,-0.347876576366,0.));
#2597 = ORIENTED_EDGE('',*,*,#2536,.F.);
#2598 = ORIENTED_EDGE('',*,*,#271,.F.);
#2599 = PLANE('',#2600);
#2600 = AXIS2_PLACEMENT_3D('',#2601,#2602,#2603);
#2601 = CARTESIAN_POINT('',(97.4432,36.028,0.));
#2602 = DIRECTION('',(0.347876576366,-0.937540339194,0.));
#2603 = DIRECTION('',(-0.937540339194,-0.347876576366,0.));
#2604 = ADVANCED_FACE('',(#2605),#2623,.F.);
#2605 = FACE_BOUND('',#2606,.F.);
#2606 = EDGE_LOOP('',(#2607,#2608,#2616,#2622));
#2607 = ORIENTED_EDGE('',*,*,#2570,.T.);
#2608 = ORIENTED_EDGE('',*,*,#2609,.T.);
#2609 = EDGE_CURVE('',#2563,#2610,#2612,.T.);
#2610 = VERTEX_POINT('',#2611);
#2611 = CARTESIAN_POINT('',(86.6667,18.345,9.));
#2612 = LINE('',#2613,#2614);
#2613 = CARTESIAN_POINT('',(85.0588,17.679,9.));
#2614 = VECTOR('',#2615,1.);
#2615 = DIRECTION('',(0.923882373905,0.382676572561,0.));
#2616 = ORIENTED_EDGE('',*,*,#2617,.F.);
#2617 = EDGE_CURVE('',#472,#2610,#2618,.T.);
#2618 = LINE('',#2619,#2620);
#2619 = CARTESIAN_POINT('',(86.6667,18.345,0.));
#2620 = VECTOR('',#2621,1.);
#2621 = DIRECTION('',(0.,0.,1.));
#2622 = ORIENTED_EDGE('',*,*,#479,.F.);
#2623 = PLANE('',#2624);
#2624 = AXIS2_PLACEMENT_3D('',#2625,#2626,#2627);
#2625 = CARTESIAN_POINT('',(85.0588,17.679,0.));
#2626 = DIRECTION('',(-0.382676572561,0.923882373905,0.));
#2627 = DIRECTION('',(0.923882373905,0.382676572561,0.));
#2628 = ADVANCED_FACE('',(#2629),#2647,.F.);
#2629 = FACE_BOUND('',#2630,.F.);
#2630 = EDGE_LOOP('',(#2631,#2632,#2640,#2646));
#2631 = ORIENTED_EDGE('',*,*,#279,.F.);
#2632 = ORIENTED_EDGE('',*,*,#2633,.T.);
#2633 = EDGE_CURVE('',#280,#2634,#2636,.T.);
#2634 = VERTEX_POINT('',#2635);
#2635 = CARTESIAN_POINT('',(102.00244151111,37.850953775615,9.));
#2636 = LINE('',#2637,#2638);
#2637 = CARTESIAN_POINT('',(102.00244151111,37.850953775615,0.));
#2638 = VECTOR('',#2639,1.);
#2639 = DIRECTION('',(0.,0.,1.));
#2640 = ORIENTED_EDGE('',*,*,#2641,.T.);
#2641 = EDGE_CURVE('',#2634,#2585,#2642,.T.);
#2642 = LINE('',#2643,#2644);
#2643 = CARTESIAN_POINT('',(102.7216,38.1385,9.));
#2644 = VECTOR('',#2645,1.);
#2645 = DIRECTION('',(-0.928528848449,-0.371260255883,0.));
#2646 = ORIENTED_EDGE('',*,*,#2584,.F.);
#2647 = PLANE('',#2648);
#2648 = AXIS2_PLACEMENT_3D('',#2649,#2650,#2651);
#2649 = CARTESIAN_POINT('',(102.7216,38.1385,0.));
#2650 = DIRECTION('',(0.371260255883,-0.928528848449,0.));
#2651 = DIRECTION('',(-0.928528848449,-0.371260255883,0.));
#2652 = ADVANCED_FACE('',(#2653),#2671,.F.);
#2653 = FACE_BOUND('',#2654,.F.);
#2654 = EDGE_LOOP('',(#2655,#2656,#2664,#2670));
#2655 = ORIENTED_EDGE('',*,*,#2617,.T.);
#2656 = ORIENTED_EDGE('',*,*,#2657,.T.);
#2657 = EDGE_CURVE('',#2610,#2658,#2660,.T.);
#2658 = VERTEX_POINT('',#2659);
#2659 = CARTESIAN_POINT('',(91.7396,20.5334,9.));
#2660 = LINE('',#2661,#2662);
#2661 = CARTESIAN_POINT('',(86.6667,18.345,9.));
#2662 = VECTOR('',#2663,1.);
#2663 = DIRECTION('',(0.918205275197,0.39610487576,0.));
#2664 = ORIENTED_EDGE('',*,*,#2665,.F.);
#2665 = EDGE_CURVE('',#464,#2658,#2666,.T.);
#2666 = LINE('',#2667,#2668);
#2667 = CARTESIAN_POINT('',(91.7396,20.5334,0.));
#2668 = VECTOR('',#2669,1.);
#2669 = DIRECTION('',(0.,0.,1.));
#2670 = ORIENTED_EDGE('',*,*,#471,.F.);
#2671 = PLANE('',#2672);
#2672 = AXIS2_PLACEMENT_3D('',#2673,#2674,#2675);
#2673 = CARTESIAN_POINT('',(86.6667,18.345,0.));
#2674 = DIRECTION('',(-0.39610487576,0.918205275197,0.));
#2675 = DIRECTION('',(0.918205275197,0.39610487576,0.));
#2676 = ADVANCED_FACE('',(#2677),#2695,.F.);
#2677 = FACE_BOUND('',#2678,.F.);
#2678 = EDGE_LOOP('',(#2679,#2680,#2688,#2694));
#2679 = ORIENTED_EDGE('',*,*,#287,.F.);
#2680 = ORIENTED_EDGE('',*,*,#2681,.T.);
#2681 = EDGE_CURVE('',#288,#2682,#2684,.T.);
#2682 = VERTEX_POINT('',#2683);
#2683 = CARTESIAN_POINT('',(106.7188,39.8824,9.));
#2684 = LINE('',#2685,#2686);
#2685 = CARTESIAN_POINT('',(106.7188,39.8824,0.));
#2686 = VECTOR('',#2687,1.);
#2687 = DIRECTION('',(0.,0.,1.));
#2688 = ORIENTED_EDGE('',*,*,#2689,.T.);
#2689 = EDGE_CURVE('',#2682,#2634,#2690,.T.);
#2690 = LINE('',#2691,#2692);
#2691 = CARTESIAN_POINT('',(106.7188,39.8824,9.));
#2692 = VECTOR('',#2693,1.);
#2693 = DIRECTION('',(-0.918427890752,-0.395588434474,0.));
#2694 = ORIENTED_EDGE('',*,*,#2633,.F.);
#2695 = PLANE('',#2696);
#2696 = AXIS2_PLACEMENT_3D('',#2697,#2698,#2699);
#2697 = CARTESIAN_POINT('',(106.7188,39.8824,0.));
#2698 = DIRECTION('',(0.395588434474,-0.918427890752,0.));
#2699 = DIRECTION('',(-0.918427890752,-0.395588434474,0.));
#2700 = ADVANCED_FACE('',(#2701),#2719,.F.);
#2701 = FACE_BOUND('',#2702,.F.);
#2702 = EDGE_LOOP('',(#2703,#2704,#2712,#2718));
#2703 = ORIENTED_EDGE('',*,*,#2665,.T.);
#2704 = ORIENTED_EDGE('',*,*,#2705,.T.);
#2705 = EDGE_CURVE('',#2658,#2706,#2708,.T.);
#2706 = VERTEX_POINT('',#2707);
#2707 = CARTESIAN_POINT('',(96.8125,22.8487,9.));
#2708 = LINE('',#2709,#2710);
#2709 = CARTESIAN_POINT('',(91.7396,20.5334,9.));
#2710 = VECTOR('',#2711,1.);
#2711 = DIRECTION('',(0.909727912543,0.415204919456,0.));
#2712 = ORIENTED_EDGE('',*,*,#2713,.F.);
#2713 = EDGE_CURVE('',#456,#2706,#2714,.T.);
#2714 = LINE('',#2715,#2716);
#2715 = CARTESIAN_POINT('',(96.8125,22.8487,0.));
#2716 = VECTOR('',#2717,1.);
#2717 = DIRECTION('',(0.,0.,1.));
#2718 = ORIENTED_EDGE('',*,*,#463,.F.);
#2719 = PLANE('',#2720);
#2720 = AXIS2_PLACEMENT_3D('',#2721,#2722,#2723);
#2721 = CARTESIAN_POINT('',(91.7396,20.5334,0.));
#2722 = DIRECTION('',(-0.415204919456,0.909727912543,0.));
#2723 = DIRECTION('',(0.909727912543,0.415204919456,0.));
#2724 = ADVANCED_FACE('',(#2725),#2743,.F.);
#2725 = FACE_BOUND('',#2726,.F.);
#2726 = EDGE_LOOP('',(#2727,#2735,#2741,#2742));
#2727 = ORIENTED_EDGE('',*,*,#2728,.T.);
#2728 = EDGE_CURVE('',#296,#2729,#2731,.T.);
#2729 = VERTEX_POINT('',#2730);
#2730 = CARTESIAN_POINT('',(112.0625,42.3608,9.));
#2731 = LINE('',#2732,#2733);
#2732 = CARTESIAN_POINT('',(112.0625,42.3608,0.));
#2733 = VECTOR('',#2734,1.);
#2734 = DIRECTION('',(0.,0.,1.));
#2735 = ORIENTED_EDGE('',*,*,#2736,.T.);
#2736 = EDGE_CURVE('',#2729,#2682,#2737,.T.);
#2737 = LINE('',#2738,#2739);
#2738 = CARTESIAN_POINT('',(112.0625,42.3608,9.));
#2739 = VECTOR('',#2740,1.);
#2740 = DIRECTION('',(-0.907177716569,-0.420747656632,0.));
#2741 = ORIENTED_EDGE('',*,*,#2681,.F.);
#2742 = ORIENTED_EDGE('',*,*,#295,.F.);
#2743 = PLANE('',#2744);
#2744 = AXIS2_PLACEMENT_3D('',#2745,#2746,#2747);
#2745 = CARTESIAN_POINT('',(112.0625,42.3608,0.));
#2746 = DIRECTION('',(0.420747656632,-0.907177716569,0.));
#2747 = DIRECTION('',(-0.907177716569,-0.420747656632,0.));
#2748 = ADVANCED_FACE('',(#2749),#2767,.F.);
#2749 = FACE_BOUND('',#2750,.F.);
#2750 = EDGE_LOOP('',(#2751,#2752,#2760,#2766));
#2751 = ORIENTED_EDGE('',*,*,#2713,.T.);
#2752 = ORIENTED_EDGE('',*,*,#2753,.T.);
#2753 = EDGE_CURVE('',#2706,#2754,#2756,.T.);
#2754 = VERTEX_POINT('',#2755);
#2755 = CARTESIAN_POINT('',(101.8854,25.3035,9.));
#2756 = LINE('',#2757,#2758);
#2757 = CARTESIAN_POINT('',(96.8125,22.8487,9.));
#2758 = VECTOR('',#2759,1.);
#2759 = DIRECTION('',(0.900147356756,0.435585509544,0.));
#2760 = ORIENTED_EDGE('',*,*,#2761,.F.);
#2761 = EDGE_CURVE('',#448,#2754,#2762,.T.);
#2762 = LINE('',#2763,#2764);
#2763 = CARTESIAN_POINT('',(101.8854,25.3035,0.));
#2764 = VECTOR('',#2765,1.);
#2765 = DIRECTION('',(0.,0.,1.));
#2766 = ORIENTED_EDGE('',*,*,#455,.F.);
#2767 = PLANE('',#2768);
#2768 = AXIS2_PLACEMENT_3D('',#2769,#2770,#2771);
#2769 = CARTESIAN_POINT('',(96.8125,22.8487,0.));
#2770 = DIRECTION('',(-0.435585509544,0.900147356756,0.));
#2771 = DIRECTION('',(0.900147356756,0.435585509544,0.));
#2772 = ADVANCED_FACE('',(#2773),#2791,.F.);
#2773 = FACE_BOUND('',#2774,.F.);
#2774 = EDGE_LOOP('',(#2775,#2783,#2789,#2790));
#2775 = ORIENTED_EDGE('',*,*,#2776,.T.);
#2776 = EDGE_CURVE('',#304,#2777,#2779,.T.);
#2777 = VERTEX_POINT('',#2778);
#2778 = CARTESIAN_POINT('',(117.4062,45.0282,9.));
#2779 = LINE('',#2780,#2781);
#2780 = CARTESIAN_POINT('',(117.4062,45.0282,0.));
#2781 = VECTOR('',#2782,1.);
#2782 = DIRECTION('',(0.,0.,1.));
#2783 = ORIENTED_EDGE('',*,*,#2784,.T.);
#2784 = EDGE_CURVE('',#2777,#2729,#2785,.T.);
#2785 = LINE('',#2786,#2787);
#2786 = CARTESIAN_POINT('',(117.4062,45.0282,9.));
#2787 = VECTOR('',#2788,1.);
#2788 = DIRECTION('',(-0.894725027553,-0.446617425846,0.));
#2789 = ORIENTED_EDGE('',*,*,#2728,.F.);
#2790 = ORIENTED_EDGE('',*,*,#303,.F.);
#2791 = PLANE('',#2792);
#2792 = AXIS2_PLACEMENT_3D('',#2793,#2794,#2795);
#2793 = CARTESIAN_POINT('',(117.4062,45.0282,0.));
#2794 = DIRECTION('',(0.446617425846,-0.894725027553,0.));
#2795 = DIRECTION('',(-0.894725027553,-0.446617425846,0.));
#2796 = ADVANCED_FACE('',(#2797),#2815,.F.);
#2797 = FACE_BOUND('',#2798,.F.);
#2798 = EDGE_LOOP('',(#2799,#2800,#2808,#2814));
#2799 = ORIENTED_EDGE('',*,*,#2761,.T.);
#2800 = ORIENTED_EDGE('',*,*,#2801,.T.);
#2801 = EDGE_CURVE('',#2754,#2802,#2804,.T.);
#2802 = VERTEX_POINT('',#2803);
#2803 = CARTESIAN_POINT('',(106.9583,27.9101,9.));
#2804 = LINE('',#2805,#2806);
#2805 = CARTESIAN_POINT('',(101.8854,25.3035,9.));
#2806 = VECTOR('',#2807,1.);
#2807 = DIRECTION('',(0.889453185425,0.457026291298,0.));
#2808 = ORIENTED_EDGE('',*,*,#2809,.F.);
#2809 = EDGE_CURVE('',#440,#2802,#2810,.T.);
#2810 = LINE('',#2811,#2812);
#2811 = CARTESIAN_POINT('',(106.9583,27.9101,0.));
#2812 = VECTOR('',#2813,1.);
#2813 = DIRECTION('',(0.,0.,1.));
#2814 = ORIENTED_EDGE('',*,*,#447,.F.);
#2815 = PLANE('',#2816);
#2816 = AXIS2_PLACEMENT_3D('',#2817,#2818,#2819);
#2817 = CARTESIAN_POINT('',(101.8854,25.3035,0.));
#2818 = DIRECTION('',(-0.457026291298,0.889453185425,0.));
#2819 = DIRECTION('',(0.889453185425,0.457026291298,0.));
#2820 = ADVANCED_FACE('',(#2821),#2839,.F.);
#2821 = FACE_BOUND('',#2822,.F.);
#2822 = EDGE_LOOP('',(#2823,#2831,#2837,#2838));
#2823 = ORIENTED_EDGE('',*,*,#2824,.T.);
#2824 = EDGE_CURVE('',#312,#2825,#2827,.T.);
#2825 = VERTEX_POINT('',#2826);
#2826 = CARTESIAN_POINT('',(122.75,47.8971,9.));
#2827 = LINE('',#2828,#2829);
#2828 = CARTESIAN_POINT('',(122.75,47.8971,0.));
#2829 = VECTOR('',#2830,1.);
#2830 = DIRECTION('',(0.,0.,1.));
#2831 = ORIENTED_EDGE('',*,*,#2832,.T.);
#2832 = EDGE_CURVE('',#2825,#2777,#2833,.T.);
#2833 = LINE('',#2834,#2835);
#2834 = CARTESIAN_POINT('',(122.75,47.8971,9.));
#2835 = VECTOR('',#2836,1.);
#2836 = DIRECTION('',(-0.881057545174,-0.473009093033,0.));
#2837 = ORIENTED_EDGE('',*,*,#2776,.F.);
#2838 = ORIENTED_EDGE('',*,*,#311,.F.);
#2839 = PLANE('',#2840);
#2840 = AXIS2_PLACEMENT_3D('',#2841,#2842,#2843);
#2841 = CARTESIAN_POINT('',(122.75,47.8971,0.));
#2842 = DIRECTION('',(0.473009093033,-0.881057545174,0.));
#2843 = DIRECTION('',(-0.881057545174,-0.473009093033,0.));
#2844 = ADVANCED_FACE('',(#2845),#2863,.F.);
#2845 = FACE_BOUND('',#2846,.F.);
#2846 = EDGE_LOOP('',(#2847,#2848,#2856,#2862));
#2847 = ORIENTED_EDGE('',*,*,#2809,.T.);
#2848 = ORIENTED_EDGE('',*,*,#2849,.T.);
#2849 = EDGE_CURVE('',#2802,#2850,#2852,.T.);
#2850 = VERTEX_POINT('',#2851);
#2851 = CARTESIAN_POINT('',(112.0312,30.6809,9.));
#2852 = LINE('',#2853,#2854);
#2853 = CARTESIAN_POINT('',(106.9583,27.9101,9.));
#2854 = VECTOR('',#2855,1.);
#2855 = DIRECTION('',(0.87762171172,0.479353868366,0.));
#2856 = ORIENTED_EDGE('',*,*,#2857,.F.);
#2857 = EDGE_CURVE('',#432,#2850,#2858,.T.);
#2858 = LINE('',#2859,#2860);
#2859 = CARTESIAN_POINT('',(112.0312,30.6809,0.));
#2860 = VECTOR('',#2861,1.);
#2861 = DIRECTION('',(0.,0.,1.));
#2862 = ORIENTED_EDGE('',*,*,#439,.F.);
#2863 = PLANE('',#2864);
#2864 = AXIS2_PLACEMENT_3D('',#2865,#2866,#2867);
#2865 = CARTESIAN_POINT('',(106.9583,27.9101,0.));
#2866 = DIRECTION('',(-0.479353868366,0.87762171172,0.));
#2867 = DIRECTION('',(0.87762171172,0.479353868366,0.));
#2868 = ADVANCED_FACE('',(#2869),#2887,.F.);
#2869 = FACE_BOUND('',#2870,.F.);
#2870 = EDGE_LOOP('',(#2871,#2879,#2885,#2886));
#2871 = ORIENTED_EDGE('',*,*,#2872,.T.);
#2872 = EDGE_CURVE('',#320,#2873,#2875,.T.);
#2873 = VERTEX_POINT('',#2874);
#2874 = CARTESIAN_POINT('',(123.8353,48.3467,9.));
#2875 = LINE('',#2876,#2877);
#2876 = CARTESIAN_POINT('',(123.8353,48.3467,0.));
#2877 = VECTOR('',#2878,1.);
#2878 = DIRECTION('',(0.,0.,1.));
#2879 = ORIENTED_EDGE('',*,*,#2880,.T.);
#2880 = EDGE_CURVE('',#2873,#2825,#2881,.T.);
#2881 = LINE('',#2882,#2883);
#2882 = CARTESIAN_POINT('',(123.8353,48.3467,9.));
#2883 = VECTOR('',#2884,1.);
#2884 = DIRECTION('',(-0.923863273436,-0.382722682887,0.));
#2885 = ORIENTED_EDGE('',*,*,#2824,.F.);
#2886 = ORIENTED_EDGE('',*,*,#319,.F.);
#2887 = PLANE('',#2888);
#2888 = AXIS2_PLACEMENT_3D('',#2889,#2890,#2891);
#2889 = CARTESIAN_POINT('',(123.8353,48.3467,0.));
#2890 = DIRECTION('',(0.382722682887,-0.923863273436,0.));
#2891 = DIRECTION('',(-0.923863273436,-0.382722682887,0.));
#2892 = ADVANCED_FACE('',(#2893),#2911,.F.);
#2893 = FACE_BOUND('',#2894,.F.);
#2894 = EDGE_LOOP('',(#2895,#2896,#2904,#2910));
#2895 = ORIENTED_EDGE('',*,*,#2857,.T.);
#2896 = ORIENTED_EDGE('',*,*,#2897,.T.);
#2897 = EDGE_CURVE('',#2850,#2898,#2900,.T.);
#2898 = VERTEX_POINT('',#2899);
#2899 = CARTESIAN_POINT('',(117.1042,33.6283,9.));
#2900 = LINE('',#2901,#2902);
#2901 = CARTESIAN_POINT('',(112.0312,30.6809,9.));
#2902 = VECTOR('',#2903,1.);
#2903 = DIRECTION('',(0.86465664764,0.502363296522,0.));
#2904 = ORIENTED_EDGE('',*,*,#2905,.F.);
#2905 = EDGE_CURVE('',#424,#2898,#2906,.T.);
#2906 = LINE('',#2907,#2908);
#2907 = CARTESIAN_POINT('',(117.1042,33.6283,0.));
#2908 = VECTOR('',#2909,1.);
#2909 = DIRECTION('',(0.,0.,1.));
#2910 = ORIENTED_EDGE('',*,*,#431,.F.);
#2911 = PLANE('',#2912);
#2912 = AXIS2_PLACEMENT_3D('',#2913,#2914,#2915);
#2913 = CARTESIAN_POINT('',(112.0312,30.6809,0.));
#2914 = DIRECTION('',(-0.502363296522,0.86465664764,0.));
#2915 = DIRECTION('',(0.86465664764,0.502363296522,0.));
#2916 = ADVANCED_FACE('',(#2917),#2935,.F.);
#2917 = FACE_BOUND('',#2918,.F.);
#2918 = EDGE_LOOP('',(#2919,#2927,#2933,#2934));
#2919 = ORIENTED_EDGE('',*,*,#2920,.T.);
#2920 = EDGE_CURVE('',#328,#2921,#2923,.T.);
#2921 = VERTEX_POINT('',#2922);
#2922 = CARTESIAN_POINT('',(125.,48.5,9.));
#2923 = LINE('',#2924,#2925);
#2924 = CARTESIAN_POINT('',(125.,48.5,0.));
#2925 = VECTOR('',#2926,1.);
#2926 = DIRECTION('',(0.,0.,1.));
#2927 = ORIENTED_EDGE('',*,*,#2928,.T.);
#2928 = EDGE_CURVE('',#2921,#2873,#2929,.T.);
#2929 = LINE('',#2930,#2931);
#2930 = CARTESIAN_POINT('',(125.,48.5,9.));
#2931 = VECTOR('',#2932,1.);
#2932 = DIRECTION('',(-0.991448789651,-0.130496350522,0.));
#2933 = ORIENTED_EDGE('',*,*,#2872,.F.);
#2934 = ORIENTED_EDGE('',*,*,#327,.F.);
#2935 = PLANE('',#2936);
#2936 = AXIS2_PLACEMENT_3D('',#2937,#2938,#2939);
#2937 = CARTESIAN_POINT('',(125.,48.5,0.));
#2938 = DIRECTION('',(0.130496350522,-0.991448789651,0.));
#2939 = DIRECTION('',(-0.991448789651,-0.130496350522,0.));
#2940 = ADVANCED_FACE('',(#2941),#2959,.F.);
#2941 = FACE_BOUND('',#2942,.F.);
#2942 = EDGE_LOOP('',(#2943,#2944,#2952,#2958));
#2943 = ORIENTED_EDGE('',*,*,#2905,.T.);
#2944 = ORIENTED_EDGE('',*,*,#2945,.T.);
#2945 = EDGE_CURVE('',#2898,#2946,#2948,.T.);
#2946 = VERTEX_POINT('',#2947);
#2947 = CARTESIAN_POINT('',(122.1771,36.7649,9.));
#2948 = LINE('',#2949,#2950);
#2949 = CARTESIAN_POINT('',(117.1042,33.6283,9.));
#2950 = VECTOR('',#2951,1.);
#2951 = DIRECTION('',(0.850547663278,0.525897967758,0.));
#2952 = ORIENTED_EDGE('',*,*,#2953,.F.);
#2953 = EDGE_CURVE('',#416,#2946,#2954,.T.);
#2954 = LINE('',#2955,#2956);
#2955 = CARTESIAN_POINT('',(122.1771,36.7649,0.));
#2956 = VECTOR('',#2957,1.);
#2957 = DIRECTION('',(0.,0.,1.));
#2958 = ORIENTED_EDGE('',*,*,#423,.F.);
#2959 = PLANE('',#2960);
#2960 = AXIS2_PLACEMENT_3D('',#2961,#2962,#2963);
#2961 = CARTESIAN_POINT('',(117.1042,33.6283,0.));
#2962 = DIRECTION('',(-0.525897967758,0.850547663278,0.));
#2963 = DIRECTION('',(0.850547663278,0.525897967758,0.));
#2964 = ADVANCED_FACE('',(#2965),#2983,.F.);
#2965 = FACE_BOUND('',#2966,.F.);
#2966 = EDGE_LOOP('',(#2967,#2975,#2981,#2982));
#2967 = ORIENTED_EDGE('',*,*,#2968,.T.);
#2968 = EDGE_CURVE('',#336,#2969,#2971,.T.);
#2969 = VERTEX_POINT('',#2970);
#2970 = CARTESIAN_POINT('',(126.1647,48.3467,9.));
#2971 = LINE('',#2972,#2973);
#2972 = CARTESIAN_POINT('',(126.1647,48.3467,0.));
#2973 = VECTOR('',#2974,1.);
#2974 = DIRECTION('',(0.,0.,1.));
#2975 = ORIENTED_EDGE('',*,*,#2976,.T.);
#2976 = EDGE_CURVE('',#2969,#2921,#2977,.T.);
#2977 = LINE('',#2978,#2979);
#2978 = CARTESIAN_POINT('',(126.1647,48.3467,9.));
#2979 = VECTOR('',#2980,1.);
#2980 = DIRECTION('',(-0.991448789651,0.130496350522,0.));
#2981 = ORIENTED_EDGE('',*,*,#2920,.F.);
#2982 = ORIENTED_EDGE('',*,*,#335,.F.);
#2983 = PLANE('',#2984);
#2984 = AXIS2_PLACEMENT_3D('',#2985,#2986,#2987);
#2985 = CARTESIAN_POINT('',(126.1647,48.3467,0.));
#2986 = DIRECTION('',(-0.130496350522,-0.991448789651,0.));
#2987 = DIRECTION('',(-0.991448789651,0.130496350522,0.));
#2988 = ADVANCED_FACE('',(#2989),#3007,.F.);
#2989 = FACE_BOUND('',#2990,.F.);
#2990 = EDGE_LOOP('',(#2991,#2992,#3000,#3006));
#2991 = ORIENTED_EDGE('',*,*,#2953,.T.);
#2992 = ORIENTED_EDGE('',*,*,#2993,.T.);
#2993 = EDGE_CURVE('',#2946,#2994,#2996,.T.);
#2994 = VERTEX_POINT('',#2995);
#2995 = CARTESIAN_POINT('',(127.25,40.1029,9.));
#2996 = LINE('',#2997,#2998);
#2997 = CARTESIAN_POINT('',(122.1771,36.7649,9.));
#2998 = VECTOR('',#2999,1.);
#2999 = DIRECTION('',(0.835374299516,0.549681525712,0.));
#3000 = ORIENTED_EDGE('',*,*,#3001,.F.);
#3001 = EDGE_CURVE('',#408,#2994,#3002,.T.);
#3002 = LINE('',#3003,#3004);
#3003 = CARTESIAN_POINT('',(127.25,40.1029,0.));
#3004 = VECTOR('',#3005,1.);
#3005 = DIRECTION('',(0.,0.,1.));
#3006 = ORIENTED_EDGE('',*,*,#415,.F.);
#3007 = PLANE('',#3008);
#3008 = AXIS2_PLACEMENT_3D('',#3009,#3010,#3011);
#3009 = CARTESIAN_POINT('',(122.1771,36.7649,0.));
#3010 = DIRECTION('',(-0.549681525712,0.835374299516,0.));
#3011 = DIRECTION('',(0.835374299516,0.549681525712,0.));
#3012 = ADVANCED_FACE('',(#3013),#3063,.F.);
#3013 = FACE_BOUND('',#3014,.F.);
#3014 = EDGE_LOOP('',(#3015,#3016,#3024,#3032,#3040,#3048,#3056,#3062));
#3015 = ORIENTED_EDGE('',*,*,#343,.F.);
#3016 = ORIENTED_EDGE('',*,*,#3017,.T.);
#3017 = EDGE_CURVE('',#344,#3018,#3020,.T.);
#3018 = VERTEX_POINT('',#3019);
#3019 = CARTESIAN_POINT('',(127.25,47.8971,3.475));
#3020 = LINE('',#3021,#3022);
#3021 = CARTESIAN_POINT('',(127.25,47.8971,0.));
#3022 = VECTOR('',#3023,1.);
#3023 = DIRECTION('',(0.,0.,1.));
#3024 = ORIENTED_EDGE('',*,*,#3025,.T.);
#3025 = EDGE_CURVE('',#3018,#3026,#3028,.T.);
#3026 = VERTEX_POINT('',#3027);
#3027 = CARTESIAN_POINT('',(126.93242470882,48.028659799975,3.475));
#3028 = LINE('',#3029,#3030);
#3029 = CARTESIAN_POINT('',(129.11379786436,47.124996876606,3.475));
#3030 = VECTOR('',#3031,1.);
#3031 = DIRECTION('',(-0.923863273436,0.382722682887,0.));
#3032 = ORIENTED_EDGE('',*,*,#3033,.F.);
#3033 = EDGE_CURVE('',#3034,#3026,#3036,.T.);
#3034 = VERTEX_POINT('',#3035);
#3035 = CARTESIAN_POINT('',(126.93242470882,48.028659799975,5.525));
#3036 = LINE('',#3037,#3038);
#3037 = CARTESIAN_POINT('',(126.93242470882,48.028659799975,1.7375));
#3038 = VECTOR('',#3039,1.);
#3039 = DIRECTION('',(-0.,0.,-1.));
#3040 = ORIENTED_EDGE('',*,*,#3041,.F.);
#3041 = EDGE_CURVE('',#3042,#3034,#3044,.T.);
#3042 = VERTEX_POINT('',#3043);
#3043 = CARTESIAN_POINT('',(127.25,47.8971,5.525));
#3044 = LINE('',#3045,#3046);
#3045 = CARTESIAN_POINT('',(129.11379786436,47.124996876606,5.525));
#3046 = VECTOR('',#3047,1.);
#3047 = DIRECTION('',(-0.923863273436,0.382722682887,0.));
#3048 = ORIENTED_EDGE('',*,*,#3049,.T.);
#3049 = EDGE_CURVE('',#3042,#3050,#3052,.T.);
#3050 = VERTEX_POINT('',#3051);
#3051 = CARTESIAN_POINT('',(127.25,47.8971,9.));
#3052 = LINE('',#3053,#3054);
#3053 = CARTESIAN_POINT('',(127.25,47.8971,0.));
#3054 = VECTOR('',#3055,1.);
#3055 = DIRECTION('',(0.,0.,1.));
#3056 = ORIENTED_EDGE('',*,*,#3057,.T.);
#3057 = EDGE_CURVE('',#3050,#2969,#3058,.T.);
#3058 = LINE('',#3059,#3060);
#3059 = CARTESIAN_POINT('',(127.25,47.8971,9.));
#3060 = VECTOR('',#3061,1.);
#3061 = DIRECTION('',(-0.923863273436,0.382722682887,0.));
#3062 = ORIENTED_EDGE('',*,*,#2968,.F.);
#3063 = PLANE('',#3064);
#3064 = AXIS2_PLACEMENT_3D('',#3065,#3066,#3067);
#3065 = CARTESIAN_POINT('',(127.25,47.8971,0.));
#3066 = DIRECTION('',(-0.382722682887,-0.923863273436,0.));
#3067 = DIRECTION('',(-0.923863273436,0.382722682887,0.));
#3068 = ADVANCED_FACE('',(#3069),#3087,.F.);
#3069 = FACE_BOUND('',#3070,.F.);
#3070 = EDGE_LOOP('',(#3071,#3072,#3080,#3086));
#3071 = ORIENTED_EDGE('',*,*,#3001,.T.);
#3072 = ORIENTED_EDGE('',*,*,#3073,.T.);
#3073 = EDGE_CURVE('',#2994,#3074,#3076,.T.);
#3074 = VERTEX_POINT('',#3075);
#3075 = CARTESIAN_POINT('',(128.182,40.818,9.));
#3076 = LINE('',#3077,#3078);
#3077 = CARTESIAN_POINT('',(127.25,40.1029,9.));
#3078 = VECTOR('',#3079,1.);
#3079 = DIRECTION('',(0.793373383429,0.608735307393,0.));
#3080 = ORIENTED_EDGE('',*,*,#3081,.F.);
#3081 = EDGE_CURVE('',#400,#3074,#3082,.T.);
#3082 = LINE('',#3083,#3084);
#3083 = CARTESIAN_POINT('',(128.182,40.818,0.));
#3084 = VECTOR('',#3085,1.);
#3085 = DIRECTION('',(0.,0.,1.));
#3086 = ORIENTED_EDGE('',*,*,#407,.F.);
#3087 = PLANE('',#3088);
#3088 = AXIS2_PLACEMENT_3D('',#3089,#3090,#3091);
#3089 = CARTESIAN_POINT('',(127.25,40.1029,0.));
#3090 = DIRECTION('',(-0.608735307393,0.793373383429,0.));
#3091 = DIRECTION('',(0.793373383429,0.608735307393,0.));
#3092 = ADVANCED_FACE('',(#3093),#3134,.F.);
#3093 = FACE_BOUND('',#3094,.F.);
#3094 = EDGE_LOOP('',(#3095,#3096,#3104,#3110,#3111,#3119,#3127,#3133));
#3095 = ORIENTED_EDGE('',*,*,#351,.F.);
#3096 = ORIENTED_EDGE('',*,*,#3097,.T.);
#3097 = EDGE_CURVE('',#352,#3098,#3100,.T.);
#3098 = VERTEX_POINT('',#3099);
#3099 = CARTESIAN_POINT('',(128.182,47.182,9.));
#3100 = LINE('',#3101,#3102);
#3101 = CARTESIAN_POINT('',(128.182,47.182,0.));
#3102 = VECTOR('',#3103,1.);
#3103 = DIRECTION('',(0.,0.,1.));
#3104 = ORIENTED_EDGE('',*,*,#3105,.T.);
#3105 = EDGE_CURVE('',#3098,#3050,#3106,.T.);
#3106 = LINE('',#3107,#3108);
#3107 = CARTESIAN_POINT('',(128.182,47.182,9.));
#3108 = VECTOR('',#3109,1.);
#3109 = DIRECTION('',(-0.793373383429,0.608735307393,0.));
#3110 = ORIENTED_EDGE('',*,*,#3049,.F.);
#3111 = ORIENTED_EDGE('',*,*,#3112,.F.);
#3112 = EDGE_CURVE('',#3113,#3042,#3115,.T.);
#3113 = VERTEX_POINT('',#3114);
#3114 = CARTESIAN_POINT('',(128.08684923323,47.25500677394,5.525));
#3115 = LINE('',#3116,#3117);
#3116 = CARTESIAN_POINT('',(129.52787151072,46.149346869832,5.525));
#3117 = VECTOR('',#3118,1.);
#3118 = DIRECTION('',(-0.793373383429,0.608735307393,0.));
#3119 = ORIENTED_EDGE('',*,*,#3120,.F.);
#3120 = EDGE_CURVE('',#3121,#3113,#3123,.T.);
#3121 = VERTEX_POINT('',#3122);
#3122 = CARTESIAN_POINT('',(128.08684923323,47.25500677394,3.475));
#3123 = LINE('',#3124,#3125);
#3124 = CARTESIAN_POINT('',(128.08684923323,47.25500677394,2.25));
#3125 = VECTOR('',#3126,1.);
#3126 = DIRECTION('',(0.,0.,1.));
#3127 = ORIENTED_EDGE('',*,*,#3128,.T.);
#3128 = EDGE_CURVE('',#3121,#3018,#3129,.T.);
#3129 = LINE('',#3130,#3131);
#3130 = CARTESIAN_POINT('',(129.52787151072,46.149346869832,3.475));
#3131 = VECTOR('',#3132,1.);
#3132 = DIRECTION('',(-0.793373383429,0.608735307393,0.));
#3133 = ORIENTED_EDGE('',*,*,#3017,.F.);
#3134 = PLANE('',#3135);
#3135 = AXIS2_PLACEMENT_3D('',#3136,#3137,#3138);
#3136 = CARTESIAN_POINT('',(128.182,47.182,0.));
#3137 = DIRECTION('',(-0.608735307393,-0.793373383429,0.));
#3138 = DIRECTION('',(-0.793373383429,0.608735307393,0.));
#3139 = ADVANCED_FACE('',(#3140),#3158,.F.);
#3140 = FACE_BOUND('',#3141,.F.);
#3141 = EDGE_LOOP('',(#3142,#3143,#3151,#3157));
#3142 = ORIENTED_EDGE('',*,*,#3081,.T.);
#3143 = ORIENTED_EDGE('',*,*,#3144,.T.);
#3144 = EDGE_CURVE('',#3074,#3145,#3147,.T.);
#3145 = VERTEX_POINT('',#3146);
#3146 = CARTESIAN_POINT('',(128.8971,41.75,9.));
#3147 = LINE('',#3148,#3149);
#3148 = CARTESIAN_POINT('',(128.182,40.818,9.));
#3149 = VECTOR('',#3150,1.);
#3150 = DIRECTION('',(0.608735307393,0.793373383429,0.));
#3151 = ORIENTED_EDGE('',*,*,#3152,.F.);
#3152 = EDGE_CURVE('',#392,#3145,#3153,.T.);
#3153 = LINE('',#3154,#3155);
#3154 = CARTESIAN_POINT('',(128.8971,41.75,0.));
#3155 = VECTOR('',#3156,1.);
#3156 = DIRECTION('',(0.,0.,1.));
#3157 = ORIENTED_EDGE('',*,*,#399,.F.);
#3158 = PLANE('',#3159);
#3159 = AXIS2_PLACEMENT_3D('',#3160,#3161,#3162);
#3160 = CARTESIAN_POINT('',(128.182,40.818,0.));
#3161 = DIRECTION('',(-0.793373383429,0.608735307393,0.));
#3162 = DIRECTION('',(0.608735307393,0.793373383429,0.));
#3163 = ADVANCED_FACE('',(#3164),#3182,.F.);
#3164 = FACE_BOUND('',#3165,.F.);
#3165 = EDGE_LOOP('',(#3166,#3174,#3180,#3181));
#3166 = ORIENTED_EDGE('',*,*,#3167,.T.);
#3167 = EDGE_CURVE('',#360,#3168,#3170,.T.);
#3168 = VERTEX_POINT('',#3169);
#3169 = CARTESIAN_POINT('',(128.8971,46.25,9.));
#3170 = LINE('',#3171,#3172);
#3171 = CARTESIAN_POINT('',(128.8971,46.25,0.));
#3172 = VECTOR('',#3173,1.);
#3173 = DIRECTION('',(0.,0.,1.));
#3174 = ORIENTED_EDGE('',*,*,#3175,.T.);
#3175 = EDGE_CURVE('',#3168,#3098,#3176,.T.);
#3176 = LINE('',#3177,#3178);
#3177 = CARTESIAN_POINT('',(128.8971,46.25,9.));
#3178 = VECTOR('',#3179,1.);
#3179 = DIRECTION('',(-0.608735307393,0.793373383429,0.));
#3180 = ORIENTED_EDGE('',*,*,#3097,.F.);
#3181 = ORIENTED_EDGE('',*,*,#359,.F.);
#3182 = PLANE('',#3183);
#3183 = AXIS2_PLACEMENT_3D('',#3184,#3185,#3186);
#3184 = CARTESIAN_POINT('',(128.8971,46.25,0.));
#3185 = DIRECTION('',(-0.793373383429,-0.608735307393,0.));
#3186 = DIRECTION('',(-0.608735307393,0.793373383429,0.));
#3187 = ADVANCED_FACE('',(#3188),#3206,.F.);
#3188 = FACE_BOUND('',#3189,.F.);
#3189 = EDGE_LOOP('',(#3190,#3191,#3199,#3205));
#3190 = ORIENTED_EDGE('',*,*,#3152,.T.);
#3191 = ORIENTED_EDGE('',*,*,#3192,.T.);
#3192 = EDGE_CURVE('',#3145,#3193,#3195,.T.);
#3193 = VERTEX_POINT('',#3194);
#3194 = CARTESIAN_POINT('',(129.3467,42.8353,9.));
#3195 = LINE('',#3196,#3197);
#3196 = CARTESIAN_POINT('',(128.8971,41.75,9.));
#3197 = VECTOR('',#3198,1.);
#3198 = DIRECTION('',(0.382722682887,0.923863273436,0.));
#3199 = ORIENTED_EDGE('',*,*,#3200,.F.);
#3200 = EDGE_CURVE('',#384,#3193,#3201,.T.);
#3201 = LINE('',#3202,#3203);
#3202 = CARTESIAN_POINT('',(129.3467,42.8353,0.));
#3203 = VECTOR('',#3204,1.);
#3204 = DIRECTION('',(0.,0.,1.));
#3205 = ORIENTED_EDGE('',*,*,#391,.F.);
#3206 = PLANE('',#3207);
#3207 = AXIS2_PLACEMENT_3D('',#3208,#3209,#3210);
#3208 = CARTESIAN_POINT('',(128.8971,41.75,0.));
#3209 = DIRECTION('',(-0.923863273436,0.382722682887,0.));
#3210 = DIRECTION('',(0.382722682887,0.923863273436,0.));
#3211 = ADVANCED_FACE('',(#3212),#3230,.F.);
#3212 = FACE_BOUND('',#3213,.F.);
#3213 = EDGE_LOOP('',(#3214,#3222,#3228,#3229));
#3214 = ORIENTED_EDGE('',*,*,#3215,.T.);
#3215 = EDGE_CURVE('',#368,#3216,#3218,.T.);
#3216 = VERTEX_POINT('',#3217);
#3217 = CARTESIAN_POINT('',(129.3467,45.1647,9.));
#3218 = LINE('',#3219,#3220);
#3219 = CARTESIAN_POINT('',(129.3467,45.1647,0.));
#3220 = VECTOR('',#3221,1.);
#3221 = DIRECTION('',(0.,0.,1.));
#3222 = ORIENTED_EDGE('',*,*,#3223,.T.);
#3223 = EDGE_CURVE('',#3216,#3168,#3224,.T.);
#3224 = LINE('',#3225,#3226);
#3225 = CARTESIAN_POINT('',(129.3467,45.1647,9.));
#3226 = VECTOR('',#3227,1.);
#3227 = DIRECTION('',(-0.382722682887,0.923863273436,0.));
#3228 = ORIENTED_EDGE('',*,*,#3167,.F.);
#3229 = ORIENTED_EDGE('',*,*,#367,.F.);
#3230 = PLANE('',#3231);
#3231 = AXIS2_PLACEMENT_3D('',#3232,#3233,#3234);
#3232 = CARTESIAN_POINT('',(129.3467,45.1647,0.));
#3233 = DIRECTION('',(-0.923863273436,-0.382722682887,0.));
#3234 = DIRECTION('',(-0.382722682887,0.923863273436,0.));
#3235 = ADVANCED_FACE('',(#3236),#3286,.F.);
#3236 = FACE_BOUND('',#3237,.F.);
#3237 = EDGE_LOOP('',(#3238,#3239,#3240,#3248,#3256,#3264,#3272,#3280));
#3238 = ORIENTED_EDGE('',*,*,#383,.F.);
#3239 = ORIENTED_EDGE('',*,*,#3200,.T.);
#3240 = ORIENTED_EDGE('',*,*,#3241,.T.);
#3241 = EDGE_CURVE('',#3193,#3242,#3244,.T.);
#3242 = VERTEX_POINT('',#3243);
#3243 = CARTESIAN_POINT('',(129.5,44.,9.));
#3244 = LINE('',#3245,#3246);
#3245 = CARTESIAN_POINT('',(129.3467,42.8353,9.));
#3246 = VECTOR('',#3247,1.);
#3247 = DIRECTION('',(0.130496350522,0.991448789651,0.));
#3248 = ORIENTED_EDGE('',*,*,#3249,.F.);
#3249 = EDGE_CURVE('',#3250,#3242,#3252,.T.);
#3250 = VERTEX_POINT('',#3251);
#3251 = CARTESIAN_POINT('',(129.5,44.,5.525));
#3252 = LINE('',#3253,#3254);
#3253 = CARTESIAN_POINT('',(129.5,44.,0.));
#3254 = VECTOR('',#3255,1.);
#3255 = DIRECTION('',(0.,0.,1.));
#3256 = ORIENTED_EDGE('',*,*,#3257,.F.);
#3257 = EDGE_CURVE('',#3258,#3250,#3260,.T.);
#3258 = VERTEX_POINT('',#3259);
#3259 = CARTESIAN_POINT('',(129.45439053422,43.653481116872,5.525));
#3260 = LINE('',#3261,#3262);
#3261 = CARTESIAN_POINT('',(129.42491595525,43.429547378225,5.525));
#3262 = VECTOR('',#3263,1.);
#3263 = DIRECTION('',(0.130496350522,0.991448789651,-0.));
#3264 = ORIENTED_EDGE('',*,*,#3265,.T.);
#3265 = EDGE_CURVE('',#3258,#3266,#3268,.T.);
#3266 = VERTEX_POINT('',#3267);
#3267 = CARTESIAN_POINT('',(129.45439053422,43.653481116872,3.475));
#3268 = LINE('',#3269,#3270);
#3269 = CARTESIAN_POINT('',(129.45439053422,43.653481116872,1.7375));
#3270 = VECTOR('',#3271,1.);
#3271 = DIRECTION('',(0.,0.,-1.));
#3272 = ORIENTED_EDGE('',*,*,#3273,.T.);
#3273 = EDGE_CURVE('',#3266,#3274,#3276,.T.);
#3274 = VERTEX_POINT('',#3275);
#3275 = CARTESIAN_POINT('',(129.5,44.,3.475));
#3276 = LINE('',#3277,#3278);
#3277 = CARTESIAN_POINT('',(129.42491595525,43.429547378225,3.475));
#3278 = VECTOR('',#3279,1.);
#3279 = DIRECTION('',(0.130496350522,0.991448789651,-0.));
#3280 = ORIENTED_EDGE('',*,*,#3281,.F.);
#3281 = EDGE_CURVE('',#376,#3274,#3282,.T.);
#3282 = LINE('',#3283,#3284);
#3283 = CARTESIAN_POINT('',(129.5,44.,0.));
#3284 = VECTOR('',#3285,1.);
#3285 = DIRECTION('',(0.,0.,1.));
#3286 = PLANE('',#3287);
#3287 = AXIS2_PLACEMENT_3D('',#3288,#3289,#3290);
#3288 = CARTESIAN_POINT('',(129.3467,42.8353,0.));
#3289 = DIRECTION('',(-0.991448789651,0.130496350522,0.));
#3290 = DIRECTION('',(0.130496350522,0.991448789651,0.));
#3291 = ADVANCED_FACE('',(#3292),#3326,.F.);
#3292 = FACE_BOUND('',#3293,.F.);
#3293 = EDGE_LOOP('',(#3294,#3295,#3296,#3304,#3312,#3318,#3319,#3325));
#3294 = ORIENTED_EDGE('',*,*,#375,.F.);
#3295 = ORIENTED_EDGE('',*,*,#3281,.T.);
#3296 = ORIENTED_EDGE('',*,*,#3297,.T.);
#3297 = EDGE_CURVE('',#3274,#3298,#3300,.T.);
#3298 = VERTEX_POINT('',#3299);
#3299 = CARTESIAN_POINT('',(129.36289532429,45.041655680306,3.475));
#3300 = LINE('',#3301,#3302);
#3301 = CARTESIAN_POINT('',(129.50671684753,43.948968608479,3.475));
#3302 = VECTOR('',#3303,1.);
#3303 = DIRECTION('',(-0.130496350522,0.991448789651,0.));
#3304 = ORIENTED_EDGE('',*,*,#3305,.F.);
#3305 = EDGE_CURVE('',#3306,#3298,#3308,.T.);
#3306 = VERTEX_POINT('',#3307);
#3307 = CARTESIAN_POINT('',(129.36289532429,45.041655680306,5.525));
#3308 = LINE('',#3309,#3310);
#3309 = CARTESIAN_POINT('',(129.36289532429,45.041655680306,2.25));
#3310 = VECTOR('',#3311,1.);
#3311 = DIRECTION('',(0.,0.,-1.));
#3312 = ORIENTED_EDGE('',*,*,#3313,.F.);
#3313 = EDGE_CURVE('',#3250,#3306,#3314,.T.);
#3314 = LINE('',#3315,#3316);
#3315 = CARTESIAN_POINT('',(129.50671684753,43.948968608479,5.525));
#3316 = VECTOR('',#3317,1.);
#3317 = DIRECTION('',(-0.130496350522,0.991448789651,0.));
#3318 = ORIENTED_EDGE('',*,*,#3249,.T.);
#3319 = ORIENTED_EDGE('',*,*,#3320,.T.);
#3320 = EDGE_CURVE('',#3242,#3216,#3321,.T.);
#3321 = LINE('',#3322,#3323);
#3322 = CARTESIAN_POINT('',(129.5,44.,9.));
#3323 = VECTOR('',#3324,1.);
#3324 = DIRECTION('',(-0.130496350522,0.991448789651,0.));
#3325 = ORIENTED_EDGE('',*,*,#3215,.F.);
#3326 = PLANE('',#3327);
#3327 = AXIS2_PLACEMENT_3D('',#3328,#3329,#3330);
#3328 = CARTESIAN_POINT('',(129.5,44.,0.));
#3329 = DIRECTION('',(-0.991448789651,-0.130496350522,0.));
#3330 = DIRECTION('',(-0.130496350522,0.991448789651,0.));
#3331 = ADVANCED_FACE('',(#3332),#3357,.F.);
#3332 = FACE_BOUND('',#3333,.F.);
#3333 = EDGE_LOOP('',(#3334,#3335,#3343,#3351));
#3334 = ORIENTED_EDGE('',*,*,#727,.F.);
#3335 = ORIENTED_EDGE('',*,*,#3336,.T.);
#3336 = EDGE_CURVE('',#728,#3337,#3339,.T.);
#3337 = VERTEX_POINT('',#3338);
#3338 = CARTESIAN_POINT('',(60.,18.325,9.));
#3339 = LINE('',#3340,#3341);
#3340 = CARTESIAN_POINT('',(60.,18.325,-0.1));
#3341 = VECTOR('',#3342,1.);
#3342 = DIRECTION('',(0.,0.,1.));
#3343 = ORIENTED_EDGE('',*,*,#3344,.F.);
#3344 = EDGE_CURVE('',#3345,#3337,#3347,.T.);
#3345 = VERTEX_POINT('',#3346);
#3346 = CARTESIAN_POINT('',(61.5,18.325,9.));
#3347 = LINE('',#3348,#3349);
#3348 = CARTESIAN_POINT('',(60.171311324962,18.325,9.));
#3349 = VECTOR('',#3350,1.);
#3350 = DIRECTION('',(-1.,-0.,0.));
#3351 = ORIENTED_EDGE('',*,*,#3352,.T.);
#3352 = EDGE_CURVE('',#3345,#730,#3353,.T.);
#3353 = LINE('',#3354,#3355);
#3354 = CARTESIAN_POINT('',(61.5,18.325,-0.1));
#3355 = VECTOR('',#3356,1.);
#3356 = DIRECTION('',(-0.,0.,-1.));
#3357 = PLANE('',#3358);
#3358 = AXIS2_PLACEMENT_3D('',#3359,#3360,#3361);
#3359 = CARTESIAN_POINT('',(60.,18.325,-0.1));
#3360 = DIRECTION('',(-0.,1.,0.));
#3361 = DIRECTION('',(0.,0.,1.));
#3362 = ADVANCED_FACE('',(#3363),#3381,.T.);
#3363 = FACE_BOUND('',#3364,.T.);
#3364 = EDGE_LOOP('',(#3365,#3373,#3374,#3375));
#3365 = ORIENTED_EDGE('',*,*,#3366,.F.);
#3366 = EDGE_CURVE('',#738,#3367,#3369,.T.);
#3367 = VERTEX_POINT('',#3368);
#3368 = CARTESIAN_POINT('',(60.,16.325,9.));
#3369 = LINE('',#3370,#3371);
#3370 = CARTESIAN_POINT('',(60.,16.325,-0.1));
#3371 = VECTOR('',#3372,1.);
#3372 = DIRECTION('',(0.,0.,1.));
#3373 = ORIENTED_EDGE('',*,*,#737,.F.);
#3374 = ORIENTED_EDGE('',*,*,#3336,.T.);
#3375 = ORIENTED_EDGE('',*,*,#3376,.F.);
#3376 = EDGE_CURVE('',#3367,#3337,#3377,.T.);
#3377 = LINE('',#3378,#3379);
#3378 = CARTESIAN_POINT('',(60.,17.34641081368,9.));
#3379 = VECTOR('',#3380,1.);
#3380 = DIRECTION('',(-0.,1.,0.));
#3381 = PLANE('',#3382);
#3382 = AXIS2_PLACEMENT_3D('',#3383,#3384,#3385);
#3383 = CARTESIAN_POINT('',(60.,16.325,-0.1));
#3384 = DIRECTION('',(1.,0.,-0.));
#3385 = DIRECTION('',(0.,0.,1.));
#3386 = ADVANCED_FACE('',(#3387),#3405,.T.);
#3387 = FACE_BOUND('',#3388,.T.);
#3388 = EDGE_LOOP('',(#3389,#3397,#3398,#3399));
#3389 = ORIENTED_EDGE('',*,*,#3390,.F.);
#3390 = EDGE_CURVE('',#3345,#3391,#3393,.T.);
#3391 = VERTEX_POINT('',#3392);
#3392 = CARTESIAN_POINT('',(61.5,19.825,9.));
#3393 = LINE('',#3394,#3395);
#3394 = CARTESIAN_POINT('',(61.5,16.59641081368,9.));
#3395 = VECTOR('',#3396,1.);
#3396 = DIRECTION('',(-0.,1.,0.));
#3397 = ORIENTED_EDGE('',*,*,#3352,.T.);
#3398 = ORIENTED_EDGE('',*,*,#817,.F.);
#3399 = ORIENTED_EDGE('',*,*,#3400,.T.);
#3400 = EDGE_CURVE('',#810,#3391,#3401,.T.);
#3401 = LINE('',#3402,#3403);
#3402 = CARTESIAN_POINT('',(61.5,19.825,-0.1));
#3403 = VECTOR('',#3404,1.);
#3404 = DIRECTION('',(0.,0.,1.));
#3405 = PLANE('',#3406);
#3406 = AXIS2_PLACEMENT_3D('',#3407,#3408,#3409);
#3407 = CARTESIAN_POINT('',(61.5,14.825,-0.1));
#3408 = DIRECTION('',(1.,0.,-0.));
#3409 = DIRECTION('',(0.,0.,1.));
#3410 = ADVANCED_FACE('',(#3411),#3429,.T.);
#3411 = FACE_BOUND('',#3412,.T.);
#3412 = EDGE_LOOP('',(#3413,#3414,#3415,#3423));
#3413 = ORIENTED_EDGE('',*,*,#745,.F.);
#3414 = ORIENTED_EDGE('',*,*,#3366,.T.);
#3415 = ORIENTED_EDGE('',*,*,#3416,.F.);
#3416 = EDGE_CURVE('',#3417,#3367,#3419,.T.);
#3417 = VERTEX_POINT('',#3418);
#3418 = CARTESIAN_POINT('',(61.5,16.325,9.));
#3419 = LINE('',#3420,#3421);
#3420 = CARTESIAN_POINT('',(60.171311324962,16.325,9.));
#3421 = VECTOR('',#3422,1.);
#3422 = DIRECTION('',(-1.,-0.,0.));
#3423 = ORIENTED_EDGE('',*,*,#3424,.T.);
#3424 = EDGE_CURVE('',#3417,#746,#3425,.T.);
#3425 = LINE('',#3426,#3427);
#3426 = CARTESIAN_POINT('',(61.5,16.325,-0.1));
#3427 = VECTOR('',#3428,1.);
#3428 = DIRECTION('',(-0.,0.,-1.));
#3429 = PLANE('',#3430);
#3430 = AXIS2_PLACEMENT_3D('',#3431,#3432,#3433);
#3431 = CARTESIAN_POINT('',(60.,16.325,-0.1));
#3432 = DIRECTION('',(-0.,1.,0.));
#3433 = DIRECTION('',(0.,0.,1.));
#3434 = ADVANCED_FACE('',(#3435),#3453,.F.);
#3435 = FACE_BOUND('',#3436,.F.);
#3436 = EDGE_LOOP('',(#3437,#3445,#3446,#3447));
#3437 = ORIENTED_EDGE('',*,*,#3438,.F.);
#3438 = EDGE_CURVE('',#802,#3439,#3441,.T.);
#3439 = VERTEX_POINT('',#3440);
#3440 = CARTESIAN_POINT('',(63.5,19.825,9.));
#3441 = LINE('',#3442,#3443);
#3442 = CARTESIAN_POINT('',(63.5,19.825,-0.1));
#3443 = VECTOR('',#3444,1.);
#3444 = DIRECTION('',(0.,0.,1.));
#3445 = ORIENTED_EDGE('',*,*,#809,.F.);
#3446 = ORIENTED_EDGE('',*,*,#3400,.T.);
#3447 = ORIENTED_EDGE('',*,*,#3448,.F.);
#3448 = EDGE_CURVE('',#3439,#3391,#3449,.T.);
#3449 = LINE('',#3450,#3451);
#3450 = CARTESIAN_POINT('',(60.921311324962,19.825,9.));
#3451 = VECTOR('',#3452,1.);
#3452 = DIRECTION('',(-1.,-0.,0.));
#3453 = PLANE('',#3454);
#3454 = AXIS2_PLACEMENT_3D('',#3455,#3456,#3457);
#3455 = CARTESIAN_POINT('',(61.5,19.825,-0.1));
#3456 = DIRECTION('',(-0.,1.,0.));
#3457 = DIRECTION('',(0.,0.,1.));
#3458 = ADVANCED_FACE('',(#3459),#3477,.T.);
#3459 = FACE_BOUND('',#3460,.T.);
#3460 = EDGE_LOOP('',(#3461,#3469,#3475,#3476));
#3461 = ORIENTED_EDGE('',*,*,#3462,.F.);
#3462 = EDGE_CURVE('',#3463,#3417,#3465,.T.);
#3463 = VERTEX_POINT('',#3464);
#3464 = CARTESIAN_POINT('',(61.5,14.825,9.));
#3465 = LINE('',#3466,#3467);
#3466 = CARTESIAN_POINT('',(61.5,16.59641081368,9.));
#3467 = VECTOR('',#3468,1.);
#3468 = DIRECTION('',(-0.,1.,0.));
#3469 = ORIENTED_EDGE('',*,*,#3470,.F.);
#3470 = EDGE_CURVE('',#754,#3463,#3471,.T.);
#3471 = LINE('',#3472,#3473);
#3472 = CARTESIAN_POINT('',(61.5,14.825,-0.1));
#3473 = VECTOR('',#3474,1.);
#3474 = DIRECTION('',(0.,0.,1.));
#3475 = ORIENTED_EDGE('',*,*,#753,.F.);
#3476 = ORIENTED_EDGE('',*,*,#3424,.F.);
#3477 = PLANE('',#3478);
#3478 = AXIS2_PLACEMENT_3D('',#3479,#3480,#3481);
#3479 = CARTESIAN_POINT('',(61.5,14.825,-0.1));
#3480 = DIRECTION('',(1.,0.,-0.));
#3481 = DIRECTION('',(0.,0.,1.));
#3482 = ADVANCED_FACE('',(#3483),#3501,.F.);
#3483 = FACE_BOUND('',#3484,.F.);
#3484 = EDGE_LOOP('',(#3485,#3493,#3499,#3500));
#3485 = ORIENTED_EDGE('',*,*,#3486,.F.);
#3486 = EDGE_CURVE('',#3487,#3439,#3489,.T.);
#3487 = VERTEX_POINT('',#3488);
#3488 = CARTESIAN_POINT('',(63.5,18.325,9.));
#3489 = LINE('',#3490,#3491);
#3490 = CARTESIAN_POINT('',(63.5,16.59641081368,9.));
#3491 = VECTOR('',#3492,1.);
#3492 = DIRECTION('',(-0.,1.,0.));
#3493 = ORIENTED_EDGE('',*,*,#3494,.T.);
#3494 = EDGE_CURVE('',#3487,#794,#3495,.T.);
#3495 = LINE('',#3496,#3497);
#3496 = CARTESIAN_POINT('',(63.5,18.325,-0.1));
#3497 = VECTOR('',#3498,1.);
#3498 = DIRECTION('',(-0.,0.,-1.));
#3499 = ORIENTED_EDGE('',*,*,#801,.F.);
#3500 = ORIENTED_EDGE('',*,*,#3438,.T.);
#3501 = PLANE('',#3502);
#3502 = AXIS2_PLACEMENT_3D('',#3503,#3504,#3505);
#3503 = CARTESIAN_POINT('',(63.5,14.825,-0.1));
#3504 = DIRECTION('',(1.,0.,-0.));
#3505 = DIRECTION('',(0.,0.,1.));
#3506 = ADVANCED_FACE('',(#3507),#3525,.T.);
#3507 = FACE_BOUND('',#3508,.T.);
#3508 = EDGE_LOOP('',(#3509,#3517,#3518,#3519));
#3509 = ORIENTED_EDGE('',*,*,#3510,.F.);
#3510 = EDGE_CURVE('',#762,#3511,#3513,.T.);
#3511 = VERTEX_POINT('',#3512);
#3512 = CARTESIAN_POINT('',(63.5,14.825,9.));
#3513 = LINE('',#3514,#3515);
#3514 = CARTESIAN_POINT('',(63.5,14.825,-0.1));
#3515 = VECTOR('',#3516,1.);
#3516 = DIRECTION('',(0.,0.,1.));
#3517 = ORIENTED_EDGE('',*,*,#761,.F.);
#3518 = ORIENTED_EDGE('',*,*,#3470,.T.);
#3519 = ORIENTED_EDGE('',*,*,#3520,.F.);
#3520 = EDGE_CURVE('',#3511,#3463,#3521,.T.);
#3521 = LINE('',#3522,#3523);
#3522 = CARTESIAN_POINT('',(60.921311324962,14.825,9.));
#3523 = VECTOR('',#3524,1.);
#3524 = DIRECTION('',(-1.,-0.,0.));
#3525 = PLANE('',#3526);
#3526 = AXIS2_PLACEMENT_3D('',#3527,#3528,#3529);
#3527 = CARTESIAN_POINT('',(61.5,14.825,-0.1));
#3528 = DIRECTION('',(-0.,1.,0.));
#3529 = DIRECTION('',(0.,0.,1.));
#3530 = ADVANCED_FACE('',(#3531),#3549,.F.);
#3531 = FACE_BOUND('',#3532,.F.);
#3532 = EDGE_LOOP('',(#3533,#3534,#3535,#3543));
#3533 = ORIENTED_EDGE('',*,*,#793,.F.);
#3534 = ORIENTED_EDGE('',*,*,#3494,.F.);
#3535 = ORIENTED_EDGE('',*,*,#3536,.F.);
#3536 = EDGE_CURVE('',#3537,#3487,#3539,.T.);
#3537 = VERTEX_POINT('',#3538);
#3538 = CARTESIAN_POINT('',(65.,18.325,9.));
#3539 = LINE('',#3540,#3541);
#3540 = CARTESIAN_POINT('',(60.171311324962,18.325,9.));
#3541 = VECTOR('',#3542,1.);
#3542 = DIRECTION('',(-1.,-0.,0.));
#3543 = ORIENTED_EDGE('',*,*,#3544,.F.);
#3544 = EDGE_CURVE('',#786,#3537,#3545,.T.);
#3545 = LINE('',#3546,#3547);
#3546 = CARTESIAN_POINT('',(65.,18.325,-0.1));
#3547 = VECTOR('',#3548,1.);
#3548 = DIRECTION('',(0.,0.,1.));
#3549 = PLANE('',#3550);
#3550 = AXIS2_PLACEMENT_3D('',#3551,#3552,#3553);
#3551 = CARTESIAN_POINT('',(60.,18.325,-0.1));
#3552 = DIRECTION('',(-0.,1.,0.));
#3553 = DIRECTION('',(0.,0.,1.));
#3554 = ADVANCED_FACE('',(#3555),#3573,.F.);
#3555 = FACE_BOUND('',#3556,.F.);
#3556 = EDGE_LOOP('',(#3557,#3565,#3566,#3567));
#3557 = ORIENTED_EDGE('',*,*,#3558,.F.);
#3558 = EDGE_CURVE('',#3511,#3559,#3561,.T.);
#3559 = VERTEX_POINT('',#3560);
#3560 = CARTESIAN_POINT('',(63.5,16.325,9.));
#3561 = LINE('',#3562,#3563);
#3562 = CARTESIAN_POINT('',(63.5,16.59641081368,9.));
#3563 = VECTOR('',#3564,1.);
#3564 = DIRECTION('',(-0.,1.,0.));
#3565 = ORIENTED_EDGE('',*,*,#3510,.F.);
#3566 = ORIENTED_EDGE('',*,*,#769,.F.);
#3567 = ORIENTED_EDGE('',*,*,#3568,.F.);
#3568 = EDGE_CURVE('',#3559,#770,#3569,.T.);
#3569 = LINE('',#3570,#3571);
#3570 = CARTESIAN_POINT('',(63.5,16.325,-0.1));
#3571 = VECTOR('',#3572,1.);
#3572 = DIRECTION('',(-0.,0.,-1.));
#3573 = PLANE('',#3574);
#3574 = AXIS2_PLACEMENT_3D('',#3575,#3576,#3577);
#3575 = CARTESIAN_POINT('',(63.5,14.825,-0.1));
#3576 = DIRECTION('',(1.,0.,-0.));
#3577 = DIRECTION('',(0.,0.,1.));
#3578 = ADVANCED_FACE('',(#3579),#3597,.F.);
#3579 = FACE_BOUND('',#3580,.F.);
#3580 = EDGE_LOOP('',(#3581,#3589,#3590,#3591));
#3581 = ORIENTED_EDGE('',*,*,#3582,.F.);
#3582 = EDGE_CURVE('',#778,#3583,#3585,.T.);
#3583 = VERTEX_POINT('',#3584);
#3584 = CARTESIAN_POINT('',(65.,16.325,9.));
#3585 = LINE('',#3586,#3587);
#3586 = CARTESIAN_POINT('',(65.,16.325,-0.1));
#3587 = VECTOR('',#3588,1.);
#3588 = DIRECTION('',(0.,0.,1.));
#3589 = ORIENTED_EDGE('',*,*,#785,.F.);
#3590 = ORIENTED_EDGE('',*,*,#3544,.T.);
#3591 = ORIENTED_EDGE('',*,*,#3592,.F.);
#3592 = EDGE_CURVE('',#3583,#3537,#3593,.T.);
#3593 = LINE('',#3594,#3595);
#3594 = CARTESIAN_POINT('',(65.,17.34641081368,9.));
#3595 = VECTOR('',#3596,1.);
#3596 = DIRECTION('',(-0.,1.,0.));
#3597 = PLANE('',#3598);
#3598 = AXIS2_PLACEMENT_3D('',#3599,#3600,#3601);
#3599 = CARTESIAN_POINT('',(65.,16.325,-0.1));
#3600 = DIRECTION('',(1.,0.,-0.));
#3601 = DIRECTION('',(0.,0.,1.));
#3602 = ADVANCED_FACE('',(#3603),#3614,.T.);
#3603 = FACE_BOUND('',#3604,.T.);
#3604 = EDGE_LOOP('',(#3605,#3606,#3607,#3613));
#3605 = ORIENTED_EDGE('',*,*,#777,.F.);
#3606 = ORIENTED_EDGE('',*,*,#3568,.F.);
#3607 = ORIENTED_EDGE('',*,*,#3608,.F.);
#3608 = EDGE_CURVE('',#3583,#3559,#3609,.T.);
#3609 = LINE('',#3610,#3611);
#3610 = CARTESIAN_POINT('',(60.171311324962,16.325,9.));
#3611 = VECTOR('',#3612,1.);
#3612 = DIRECTION('',(-1.,-0.,0.));
#3613 = ORIENTED_EDGE('',*,*,#3582,.F.);
#3614 = PLANE('',#3615);
#3615 = AXIS2_PLACEMENT_3D('',#3616,#3617,#3618);
#3616 = CARTESIAN_POINT('',(60.,16.325,-0.1));
#3617 = DIRECTION('',(-0.,1.,0.));
#3618 = DIRECTION('',(0.,0.,1.));
#3619 = ADVANCED_FACE('',(#3620),#3639,.F.);
#3620 = FACE_BOUND('',#3621,.F.);
#3621 = EDGE_LOOP('',(#3622,#3631,#3637,#3638));
#3622 = ORIENTED_EDGE('',*,*,#3623,.F.);
#3623 = EDGE_CURVE('',#3624,#3624,#3626,.T.);
#3624 = VERTEX_POINT('',#3625);
#3625 = CARTESIAN_POINT('',(58.953012649307,18.597691229831,9.));
#3626 = CIRCLE('',#3627,2.45);
#3627 = AXIS2_PLACEMENT_3D('',#3628,#3629,#3630);
#3628 = CARTESIAN_POINT('',(56.503012649307,18.597691229831,9.));
#3629 = DIRECTION('',(0.,0.,1.));
#3630 = DIRECTION('',(1.,0.,-0.));
#3631 = ORIENTED_EDGE('',*,*,#3632,.F.);
#3632 = EDGE_CURVE('',#826,#3624,#3633,.T.);
#3633 = LINE('',#3634,#3635);
#3634 = CARTESIAN_POINT('',(58.953012649307,18.597691229831,-0.1));
#3635 = VECTOR('',#3636,1.);
#3636 = DIRECTION('',(0.,0.,1.));
#3637 = ORIENTED_EDGE('',*,*,#825,.T.);
#3638 = ORIENTED_EDGE('',*,*,#3632,.T.);
#3639 = CYLINDRICAL_SURFACE('',#3640,2.45);
#3640 = AXIS2_PLACEMENT_3D('',#3641,#3642,#3643);
#3641 = CARTESIAN_POINT('',(56.503012649307,18.597691229831,-0.1));
#3642 = DIRECTION('',(0.,0.,1.));
#3643 = DIRECTION('',(1.,0.,-0.));
#3644 = ADVANCED_FACE('',(#3645),#3664,.F.);
#3645 = FACE_BOUND('',#3646,.F.);
#3646 = EDGE_LOOP('',(#3647,#3656,#3662,#3663));
#3647 = ORIENTED_EDGE('',*,*,#3648,.F.);
#3648 = EDGE_CURVE('',#3649,#3649,#3651,.T.);
#3649 = VERTEX_POINT('',#3650);
#3650 = CARTESIAN_POINT('',(84.962165742724,26.373664586544,9.));
#3651 = CIRCLE('',#3652,2.45);
#3652 = AXIS2_PLACEMENT_3D('',#3653,#3654,#3655);
#3653 = CARTESIAN_POINT('',(82.512165742724,26.373664586544,9.));
#3654 = DIRECTION('',(0.,0.,1.));
#3655 = DIRECTION('',(1.,0.,-0.));
#3656 = ORIENTED_EDGE('',*,*,#3657,.F.);
#3657 = EDGE_CURVE('',#837,#3649,#3658,.T.);
#3658 = LINE('',#3659,#3660);
#3659 = CARTESIAN_POINT('',(84.962165742724,26.373664586544,-0.1));
#3660 = VECTOR('',#3661,1.);
#3661 = DIRECTION('',(0.,0.,1.));
#3662 = ORIENTED_EDGE('',*,*,#836,.T.);
#3663 = ORIENTED_EDGE('',*,*,#3657,.T.);
#3664 = CYLINDRICAL_SURFACE('',#3665,2.45);
#3665 = AXIS2_PLACEMENT_3D('',#3666,#3667,#3668);
#3666 = CARTESIAN_POINT('',(82.512165742724,26.373664586544,-0.1));
#3667 = DIRECTION('',(0.,0.,1.));
#3668 = DIRECTION('',(1.,0.,-0.));
#3669 = ADVANCED_FACE('',(#3670),#3695,.F.);
#3670 = FACE_BOUND('',#3671,.F.);
#3671 = EDGE_LOOP('',(#3672,#3673,#3681,#3689));
#3672 = ORIENTED_EDGE('',*,*,#847,.F.);
#3673 = ORIENTED_EDGE('',*,*,#3674,.T.);
#3674 = EDGE_CURVE('',#848,#3675,#3677,.T.);
#3675 = VERTEX_POINT('',#3676);
#3676 = CARTESIAN_POINT('',(96.458333333333,31.373336226852,9.));
#3677 = LINE('',#3678,#3679);
#3678 = CARTESIAN_POINT('',(96.458333333333,31.373336226852,-0.1));
#3679 = VECTOR('',#3680,1.);
#3680 = DIRECTION('',(0.,0.,1.));
#3681 = ORIENTED_EDGE('',*,*,#3682,.F.);
#3682 = EDGE_CURVE('',#3683,#3675,#3685,.T.);
#3683 = VERTEX_POINT('',#3684);
#3684 = CARTESIAN_POINT('',(97.958333333333,31.373336226852,9.));
#3685 = LINE('',#3686,#3687);
#3686 = CARTESIAN_POINT('',(78.400477991629,31.373336226852,9.));
#3687 = VECTOR('',#3688,1.);
#3688 = DIRECTION('',(-1.,-0.,0.));
#3689 = ORIENTED_EDGE('',*,*,#3690,.T.);
#3690 = EDGE_CURVE('',#3683,#850,#3691,.T.);
#3691 = LINE('',#3692,#3693);
#3692 = CARTESIAN_POINT('',(97.958333333333,31.373336226852,-0.1));
#3693 = VECTOR('',#3694,1.);
#3694 = DIRECTION('',(-0.,0.,-1.));
#3695 = PLANE('',#3696);
#3696 = AXIS2_PLACEMENT_3D('',#3697,#3698,#3699);
#3697 = CARTESIAN_POINT('',(96.458333333333,31.373336226852,-0.1));
#3698 = DIRECTION('',(-0.,1.,0.));
#3699 = DIRECTION('',(0.,0.,1.));
#3700 = ADVANCED_FACE('',(#3701),#3719,.T.);
#3701 = FACE_BOUND('',#3702,.T.);
#3702 = EDGE_LOOP('',(#3703,#3711,#3712,#3713));
#3703 = ORIENTED_EDGE('',*,*,#3704,.F.);
#3704 = EDGE_CURVE('',#858,#3705,#3707,.T.);
#3705 = VERTEX_POINT('',#3706);
#3706 = CARTESIAN_POINT('',(96.458333333333,29.373336226852,9.));
#3707 = LINE('',#3708,#3709);
#3708 = CARTESIAN_POINT('',(96.458333333333,29.373336226852,-0.1));
#3709 = VECTOR('',#3710,1.);
#3710 = DIRECTION('',(0.,0.,1.));
#3711 = ORIENTED_EDGE('',*,*,#857,.F.);
#3712 = ORIENTED_EDGE('',*,*,#3674,.T.);
#3713 = ORIENTED_EDGE('',*,*,#3714,.F.);
#3714 = EDGE_CURVE('',#3705,#3675,#3715,.T.);
#3715 = LINE('',#3716,#3717);
#3716 = CARTESIAN_POINT('',(96.458333333333,23.870578927106,9.));
#3717 = VECTOR('',#3718,1.);
#3718 = DIRECTION('',(-0.,1.,0.));
#3719 = PLANE('',#3720);
#3720 = AXIS2_PLACEMENT_3D('',#3721,#3722,#3723);
#3721 = CARTESIAN_POINT('',(96.458333333333,29.373336226852,-0.1));
#3722 = DIRECTION('',(1.,0.,-0.));
#3723 = DIRECTION('',(0.,0.,1.));
#3724 = ADVANCED_FACE('',(#3725),#3743,.T.);
#3725 = FACE_BOUND('',#3726,.T.);
#3726 = EDGE_LOOP('',(#3727,#3735,#3736,#3737));
#3727 = ORIENTED_EDGE('',*,*,#3728,.F.);
#3728 = EDGE_CURVE('',#3683,#3729,#3731,.T.);
#3729 = VERTEX_POINT('',#3730);
#3730 = CARTESIAN_POINT('',(97.958333333333,32.873336226852,9.));
#3731 = LINE('',#3732,#3733);
#3732 = CARTESIAN_POINT('',(97.958333333333,23.120578927106,9.));
#3733 = VECTOR('',#3734,1.);
#3734 = DIRECTION('',(-0.,1.,0.));
#3735 = ORIENTED_EDGE('',*,*,#3690,.T.);
#3736 = ORIENTED_EDGE('',*,*,#937,.F.);
#3737 = ORIENTED_EDGE('',*,*,#3738,.T.);
#3738 = EDGE_CURVE('',#930,#3729,#3739,.T.);
#3739 = LINE('',#3740,#3741);
#3740 = CARTESIAN_POINT('',(97.958333333333,32.873336226852,-0.1));
#3741 = VECTOR('',#3742,1.);
#3742 = DIRECTION('',(0.,0.,1.));
#3743 = PLANE('',#3744);
#3744 = AXIS2_PLACEMENT_3D('',#3745,#3746,#3747);
#3745 = CARTESIAN_POINT('',(97.958333333333,27.873336226852,-0.1));
#3746 = DIRECTION('',(1.,0.,-0.));
#3747 = DIRECTION('',(0.,0.,1.));
#3748 = ADVANCED_FACE('',(#3749),#3767,.T.);
#3749 = FACE_BOUND('',#3750,.T.);
#3750 = EDGE_LOOP('',(#3751,#3752,#3753,#3761));
#3751 = ORIENTED_EDGE('',*,*,#865,.F.);
#3752 = ORIENTED_EDGE('',*,*,#3704,.T.);
#3753 = ORIENTED_EDGE('',*,*,#3754,.F.);
#3754 = EDGE_CURVE('',#3755,#3705,#3757,.T.);
#3755 = VERTEX_POINT('',#3756);
#3756 = CARTESIAN_POINT('',(97.958333333333,29.373336226852,9.));
#3757 = LINE('',#3758,#3759);
#3758 = CARTESIAN_POINT('',(78.400477991629,29.373336226852,9.));
#3759 = VECTOR('',#3760,1.);
#3760 = DIRECTION('',(-1.,-0.,0.));
#3761 = ORIENTED_EDGE('',*,*,#3762,.T.);
#3762 = EDGE_CURVE('',#3755,#866,#3763,.T.);
#3763 = LINE('',#3764,#3765);
#3764 = CARTESIAN_POINT('',(97.958333333333,29.373336226852,-0.1));
#3765 = VECTOR('',#3766,1.);
#3766 = DIRECTION('',(-0.,0.,-1.));
#3767 = PLANE('',#3768);
#3768 = AXIS2_PLACEMENT_3D('',#3769,#3770,#3771);
#3769 = CARTESIAN_POINT('',(96.458333333333,29.373336226852,-0.1));
#3770 = DIRECTION('',(-0.,1.,0.));
#3771 = DIRECTION('',(0.,0.,1.));
#3772 = ADVANCED_FACE('',(#3773),#3791,.F.);
#3773 = FACE_BOUND('',#3774,.F.);
#3774 = EDGE_LOOP('',(#3775,#3783,#3784,#3785));
#3775 = ORIENTED_EDGE('',*,*,#3776,.F.);
#3776 = EDGE_CURVE('',#922,#3777,#3779,.T.);
#3777 = VERTEX_POINT('',#3778);
#3778 = CARTESIAN_POINT('',(99.958333333333,32.873336226852,9.));
#3779 = LINE('',#3780,#3781);
#3780 = CARTESIAN_POINT('',(99.958333333333,32.873336226852,-0.1));
#3781 = VECTOR('',#3782,1.);
#3782 = DIRECTION('',(0.,0.,1.));
#3783 = ORIENTED_EDGE('',*,*,#929,.F.);
#3784 = ORIENTED_EDGE('',*,*,#3738,.T.);
#3785 = ORIENTED_EDGE('',*,*,#3786,.F.);
#3786 = EDGE_CURVE('',#3777,#3729,#3787,.T.);
#3787 = LINE('',#3788,#3789);
#3788 = CARTESIAN_POINT('',(79.150477991629,32.873336226852,9.));
#3789 = VECTOR('',#3790,1.);
#3790 = DIRECTION('',(-1.,-0.,0.));
#3791 = PLANE('',#3792);
#3792 = AXIS2_PLACEMENT_3D('',#3793,#3794,#3795);
#3793 = CARTESIAN_POINT('',(97.958333333333,32.873336226852,-0.1));
#3794 = DIRECTION('',(-0.,1.,0.));
#3795 = DIRECTION('',(0.,0.,1.));
#3796 = ADVANCED_FACE('',(#3797),#3815,.T.);
#3797 = FACE_BOUND('',#3798,.T.);
#3798 = EDGE_LOOP('',(#3799,#3807,#3813,#3814));
#3799 = ORIENTED_EDGE('',*,*,#3800,.F.);
#3800 = EDGE_CURVE('',#3801,#3755,#3803,.T.);
#3801 = VERTEX_POINT('',#3802);
#3802 = CARTESIAN_POINT('',(97.958333333333,27.873336226852,9.));
#3803 = LINE('',#3804,#3805);
#3804 = CARTESIAN_POINT('',(97.958333333333,23.120578927106,9.));
#3805 = VECTOR('',#3806,1.);
#3806 = DIRECTION('',(-0.,1.,0.));
#3807 = ORIENTED_EDGE('',*,*,#3808,.F.);
#3808 = EDGE_CURVE('',#874,#3801,#3809,.T.);
#3809 = LINE('',#3810,#3811);
#3810 = CARTESIAN_POINT('',(97.958333333333,27.873336226852,-0.1));
#3811 = VECTOR('',#3812,1.);
#3812 = DIRECTION('',(0.,0.,1.));
#3813 = ORIENTED_EDGE('',*,*,#873,.F.);
#3814 = ORIENTED_EDGE('',*,*,#3762,.F.);
#3815 = PLANE('',#3816);
#3816 = AXIS2_PLACEMENT_3D('',#3817,#3818,#3819);
#3817 = CARTESIAN_POINT('',(97.958333333333,27.873336226852,-0.1));
#3818 = DIRECTION('',(1.,0.,-0.));
#3819 = DIRECTION('',(0.,0.,1.));
#3820 = ADVANCED_FACE('',(#3821),#3839,.F.);
#3821 = FACE_BOUND('',#3822,.F.);
#3822 = EDGE_LOOP('',(#3823,#3831,#3837,#3838));
#3823 = ORIENTED_EDGE('',*,*,#3824,.F.);
#3824 = EDGE_CURVE('',#3825,#3777,#3827,.T.);
#3825 = VERTEX_POINT('',#3826);
#3826 = CARTESIAN_POINT('',(99.958333333333,31.373336226852,9.));
#3827 = LINE('',#3828,#3829);
#3828 = CARTESIAN_POINT('',(99.958333333333,23.120578927106,9.));
#3829 = VECTOR('',#3830,1.);
#3830 = DIRECTION('',(-0.,1.,0.));
#3831 = ORIENTED_EDGE('',*,*,#3832,.T.);
#3832 = EDGE_CURVE('',#3825,#914,#3833,.T.);
#3833 = LINE('',#3834,#3835);
#3834 = CARTESIAN_POINT('',(99.958333333333,31.373336226852,-0.1));
#3835 = VECTOR('',#3836,1.);
#3836 = DIRECTION('',(-0.,0.,-1.));
#3837 = ORIENTED_EDGE('',*,*,#921,.F.);
#3838 = ORIENTED_EDGE('',*,*,#3776,.T.);
#3839 = PLANE('',#3840);
#3840 = AXIS2_PLACEMENT_3D('',#3841,#3842,#3843);
#3841 = CARTESIAN_POINT('',(99.958333333333,27.873336226852,-0.1));
#3842 = DIRECTION('',(1.,0.,-0.));
#3843 = DIRECTION('',(0.,0.,1.));
#3844 = ADVANCED_FACE('',(#3845),#3863,.T.);
#3845 = FACE_BOUND('',#3846,.T.);
#3846 = EDGE_LOOP('',(#3847,#3855,#3856,#3857));
#3847 = ORIENTED_EDGE('',*,*,#3848,.F.);
#3848 = EDGE_CURVE('',#882,#3849,#3851,.T.);
#3849 = VERTEX_POINT('',#3850);
#3850 = CARTESIAN_POINT('',(99.958333333333,27.873336226852,9.));
#3851 = LINE('',#3852,#3853);
#3852 = CARTESIAN_POINT('',(99.958333333333,27.873336226852,-0.1));
#3853 = VECTOR('',#3854,1.);
#3854 = DIRECTION('',(0.,0.,1.));
#3855 = ORIENTED_EDGE('',*,*,#881,.F.);
#3856 = ORIENTED_EDGE('',*,*,#3808,.T.);
#3857 = ORIENTED_EDGE('',*,*,#3858,.F.);
#3858 = EDGE_CURVE('',#3849,#3801,#3859,.T.);
#3859 = LINE('',#3860,#3861);
#3860 = CARTESIAN_POINT('',(79.150477991629,27.873336226852,9.));
#3861 = VECTOR('',#3862,1.);
#3862 = DIRECTION('',(-1.,-0.,0.));
#3863 = PLANE('',#3864);
#3864 = AXIS2_PLACEMENT_3D('',#3865,#3866,#3867);
#3865 = CARTESIAN_POINT('',(97.958333333333,27.873336226852,-0.1));
#3866 = DIRECTION('',(-0.,1.,0.));
#3867 = DIRECTION('',(0.,0.,1.));
#3868 = ADVANCED_FACE('',(#3869),#3887,.F.);
#3869 = FACE_BOUND('',#3870,.F.);
#3870 = EDGE_LOOP('',(#3871,#3872,#3873,#3881));
#3871 = ORIENTED_EDGE('',*,*,#913,.F.);
#3872 = ORIENTED_EDGE('',*,*,#3832,.F.);
#3873 = ORIENTED_EDGE('',*,*,#3874,.F.);
#3874 = EDGE_CURVE('',#3875,#3825,#3877,.T.);
#3875 = VERTEX_POINT('',#3876);
#3876 = CARTESIAN_POINT('',(101.45833333333,31.373336226852,9.));
#3877 = LINE('',#3878,#3879);
#3878 = CARTESIAN_POINT('',(78.400477991629,31.373336226852,9.));
#3879 = VECTOR('',#3880,1.);
#3880 = DIRECTION('',(-1.,-0.,0.));
#3881 = ORIENTED_EDGE('',*,*,#3882,.F.);
#3882 = EDGE_CURVE('',#906,#3875,#3883,.T.);
#3883 = LINE('',#3884,#3885);
#3884 = CARTESIAN_POINT('',(101.45833333333,31.373336226852,-0.1));
#3885 = VECTOR('',#3886,1.);
#3886 = DIRECTION('',(0.,0.,1.));
#3887 = PLANE('',#3888);
#3888 = AXIS2_PLACEMENT_3D('',#3889,#3890,#3891);
#3889 = CARTESIAN_POINT('',(96.458333333333,31.373336226852,-0.1));
#3890 = DIRECTION('',(-0.,1.,0.));
#3891 = DIRECTION('',(0.,0.,1.));
#3892 = ADVANCED_FACE('',(#3893),#3911,.F.);
#3893 = FACE_BOUND('',#3894,.F.);
#3894 = EDGE_LOOP('',(#3895,#3903,#3904,#3905));
#3895 = ORIENTED_EDGE('',*,*,#3896,.F.);
#3896 = EDGE_CURVE('',#3849,#3897,#3899,.T.);
#3897 = VERTEX_POINT('',#3898);
#3898 = CARTESIAN_POINT('',(99.958333333333,29.373336226852,9.));
#3899 = LINE('',#3900,#3901);
#3900 = CARTESIAN_POINT('',(99.958333333333,23.120578927106,9.));
#3901 = VECTOR('',#3902,1.);
#3902 = DIRECTION('',(-0.,1.,0.));
#3903 = ORIENTED_EDGE('',*,*,#3848,.F.);
#3904 = ORIENTED_EDGE('',*,*,#889,.F.);
#3905 = ORIENTED_EDGE('',*,*,#3906,.F.);
#3906 = EDGE_CURVE('',#3897,#890,#3907,.T.);
#3907 = LINE('',#3908,#3909);
#3908 = CARTESIAN_POINT('',(99.958333333333,29.373336226852,-0.1));
#3909 = VECTOR('',#3910,1.);
#3910 = DIRECTION('',(-0.,0.,-1.));
#3911 = PLANE('',#3912);
#3912 = AXIS2_PLACEMENT_3D('',#3913,#3914,#3915);
#3913 = CARTESIAN_POINT('',(99.958333333333,27.873336226852,-0.1));
#3914 = DIRECTION('',(1.,0.,-0.));
#3915 = DIRECTION('',(0.,0.,1.));
#3916 = ADVANCED_FACE('',(#3917),#3935,.F.);
#3917 = FACE_BOUND('',#3918,.F.);
#3918 = EDGE_LOOP('',(#3919,#3927,#3928,#3929));
#3919 = ORIENTED_EDGE('',*,*,#3920,.F.);
#3920 = EDGE_CURVE('',#898,#3921,#3923,.T.);
#3921 = VERTEX_POINT('',#3922);
#3922 = CARTESIAN_POINT('',(101.45833333333,29.373336226852,9.));
#3923 = LINE('',#3924,#3925);
#3924 = CARTESIAN_POINT('',(101.45833333333,29.373336226852,-0.1));
#3925 = VECTOR('',#3926,1.);
#3926 = DIRECTION('',(0.,0.,1.));
#3927 = ORIENTED_EDGE('',*,*,#905,.F.);
#3928 = ORIENTED_EDGE('',*,*,#3882,.T.);
#3929 = ORIENTED_EDGE('',*,*,#3930,.F.);
#3930 = EDGE_CURVE('',#3921,#3875,#3931,.T.);
#3931 = LINE('',#3932,#3933);
#3932 = CARTESIAN_POINT('',(101.45833333333,23.870578927106,9.));
#3933 = VECTOR('',#3934,1.);
#3934 = DIRECTION('',(-0.,1.,0.));
#3935 = PLANE('',#3936);
#3936 = AXIS2_PLACEMENT_3D('',#3937,#3938,#3939);
#3937 = CARTESIAN_POINT('',(101.45833333333,29.373336226852,-0.1));
#3938 = DIRECTION('',(1.,0.,-0.));
#3939 = DIRECTION('',(0.,0.,1.));
#3940 = ADVANCED_FACE('',(#3941),#3952,.T.);
#3941 = FACE_BOUND('',#3942,.T.);
#3942 = EDGE_LOOP('',(#3943,#3944,#3945,#3951));
#3943 = ORIENTED_EDGE('',*,*,#897,.F.);
#3944 = ORIENTED_EDGE('',*,*,#3906,.F.);
#3945 = ORIENTED_EDGE('',*,*,#3946,.F.);
#3946 = EDGE_CURVE('',#3921,#3897,#3947,.T.);
#3947 = LINE('',#3948,#3949);
#3948 = CARTESIAN_POINT('',(78.400477991629,29.373336226852,9.));
#3949 = VECTOR('',#3950,1.);
#3950 = DIRECTION('',(-1.,-0.,0.));
#3951 = ORIENTED_EDGE('',*,*,#3920,.F.);
#3952 = PLANE('',#3953);
#3953 = AXIS2_PLACEMENT_3D('',#3954,#3955,#3956);
#3954 = CARTESIAN_POINT('',(96.458333333333,29.373336226852,-0.1));
#3955 = DIRECTION('',(-0.,1.,0.));
#3956 = DIRECTION('',(0.,0.,1.));
#3957 = ADVANCED_FACE('',(#3958,#4048,#4138,#4152,#4155,#4158),#4172,.T.
  );
#3958 = FACE_BOUND('',#3959,.T.);
#3959 = EDGE_LOOP('',(#3960,#3961,#3962,#3963,#3964,#3965,#3966,#3967,
    #3968,#3969,#3970,#3971,#3972,#3973,#3974,#3975,#3976,#3977,#3978,
    #3979,#3980,#3981,#3982,#3983,#3984,#3985,#3986,#3987,#3988,#3989,
    #3990,#3991,#3992,#3993,#3994,#3995,#3996,#3997,#3998,#3999,#4000,
    #4001,#4002,#4003,#4004,#4005,#4006,#4007,#4008,#4009,#4010,#4011,
    #4012,#4013,#4014,#4015,#4016,#4017,#4018,#4019,#4020,#4021,#4022,
    #4023,#4024,#4025,#4026,#4027,#4028,#4029,#4030,#4031,#4032,#4033,
    #4034,#4035,#4036,#4037,#4038,#4039,#4040,#4041,#4042,#4043,#4044,
    #4045,#4046,#4047));
#3960 = ORIENTED_EDGE('',*,*,#1111,.T.);
#3961 = ORIENTED_EDGE('',*,*,#968,.F.);
#3962 = ORIENTED_EDGE('',*,*,#1127,.T.);
#3963 = ORIENTED_EDGE('',*,*,#1175,.T.);
#3964 = ORIENTED_EDGE('',*,*,#1224,.T.);
#3965 = ORIENTED_EDGE('',*,*,#1314,.T.);
#3966 = ORIENTED_EDGE('',*,*,#1361,.T.);
#3967 = ORIENTED_EDGE('',*,*,#1409,.T.);
#3968 = ORIENTED_EDGE('',*,*,#1457,.T.);
#3969 = ORIENTED_EDGE('',*,*,#1505,.T.);
#3970 = ORIENTED_EDGE('',*,*,#1553,.T.);
#3971 = ORIENTED_EDGE('',*,*,#1601,.T.);
#3972 = ORIENTED_EDGE('',*,*,#1649,.T.);
#3973 = ORIENTED_EDGE('',*,*,#1697,.T.);
#3974 = ORIENTED_EDGE('',*,*,#1745,.T.);
#3975 = ORIENTED_EDGE('',*,*,#1793,.T.);
#3976 = ORIENTED_EDGE('',*,*,#1841,.T.);
#3977 = ORIENTED_EDGE('',*,*,#1890,.T.);
#3978 = ORIENTED_EDGE('',*,*,#1938,.T.);
#3979 = ORIENTED_EDGE('',*,*,#1985,.T.);
#3980 = ORIENTED_EDGE('',*,*,#2033,.T.);
#3981 = ORIENTED_EDGE('',*,*,#2081,.T.);
#3982 = ORIENTED_EDGE('',*,*,#2129,.T.);
#3983 = ORIENTED_EDGE('',*,*,#2177,.T.);
#3984 = ORIENTED_EDGE('',*,*,#2225,.T.);
#3985 = ORIENTED_EDGE('',*,*,#2273,.T.);
#3986 = ORIENTED_EDGE('',*,*,#2321,.T.);
#3987 = ORIENTED_EDGE('',*,*,#2369,.T.);
#3988 = ORIENTED_EDGE('',*,*,#2417,.T.);
#3989 = ORIENTED_EDGE('',*,*,#2465,.T.);
#3990 = ORIENTED_EDGE('',*,*,#2514,.T.);
#3991 = ORIENTED_EDGE('',*,*,#2562,.T.);
#3992 = ORIENTED_EDGE('',*,*,#2609,.T.);
#3993 = ORIENTED_EDGE('',*,*,#2657,.T.);
#3994 = ORIENTED_EDGE('',*,*,#2705,.T.);
#3995 = ORIENTED_EDGE('',*,*,#2753,.T.);
#3996 = ORIENTED_EDGE('',*,*,#2801,.T.);
#3997 = ORIENTED_EDGE('',*,*,#2849,.T.);
#3998 = ORIENTED_EDGE('',*,*,#2897,.T.);
#3999 = ORIENTED_EDGE('',*,*,#2945,.T.);
#4000 = ORIENTED_EDGE('',*,*,#2993,.T.);
#4001 = ORIENTED_EDGE('',*,*,#3073,.T.);
#4002 = ORIENTED_EDGE('',*,*,#3144,.T.);
#4003 = ORIENTED_EDGE('',*,*,#3192,.T.);
#4004 = ORIENTED_EDGE('',*,*,#3241,.T.);
#4005 = ORIENTED_EDGE('',*,*,#3320,.T.);
#4006 = ORIENTED_EDGE('',*,*,#3223,.T.);
#4007 = ORIENTED_EDGE('',*,*,#3175,.T.);
#4008 = ORIENTED_EDGE('',*,*,#3105,.T.);
#4009 = ORIENTED_EDGE('',*,*,#3057,.T.);
#4010 = ORIENTED_EDGE('',*,*,#2976,.T.);
#4011 = ORIENTED_EDGE('',*,*,#2928,.T.);
#4012 = ORIENTED_EDGE('',*,*,#2880,.T.);
#4013 = ORIENTED_EDGE('',*,*,#2832,.T.);
#4014 = ORIENTED_EDGE('',*,*,#2784,.T.);
#4015 = ORIENTED_EDGE('',*,*,#2736,.T.);
#4016 = ORIENTED_EDGE('',*,*,#2689,.T.);
#4017 = ORIENTED_EDGE('',*,*,#2641,.T.);
#4018 = ORIENTED_EDGE('',*,*,#2592,.T.);
#4019 = ORIENTED_EDGE('',*,*,#2544,.T.);
#4020 = ORIENTED_EDGE('',*,*,#2496,.T.);
#4021 = ORIENTED_EDGE('',*,*,#2448,.T.);
#4022 = ORIENTED_EDGE('',*,*,#2400,.T.);
#4023 = ORIENTED_EDGE('',*,*,#2352,.T.);
#4024 = ORIENTED_EDGE('',*,*,#2304,.T.);
#4025 = ORIENTED_EDGE('',*,*,#2256,.T.);
#4026 = ORIENTED_EDGE('',*,*,#2209,.T.);
#4027 = ORIENTED_EDGE('',*,*,#2161,.T.);
#4028 = ORIENTED_EDGE('',*,*,#2112,.T.);
#4029 = ORIENTED_EDGE('',*,*,#2064,.T.);
#4030 = ORIENTED_EDGE('',*,*,#2016,.T.);
#4031 = ORIENTED_EDGE('',*,*,#1968,.T.);
#4032 = ORIENTED_EDGE('',*,*,#1920,.T.);
#4033 = ORIENTED_EDGE('',*,*,#1872,.T.);
#4034 = ORIENTED_EDGE('',*,*,#1824,.T.);
#4035 = ORIENTED_EDGE('',*,*,#1776,.T.);
#4036 = ORIENTED_EDGE('',*,*,#1728,.T.);
#4037 = ORIENTED_EDGE('',*,*,#1680,.T.);
#4038 = ORIENTED_EDGE('',*,*,#1632,.T.);
#4039 = ORIENTED_EDGE('',*,*,#1585,.T.);
#4040 = ORIENTED_EDGE('',*,*,#1537,.T.);
#4041 = ORIENTED_EDGE('',*,*,#1488,.T.);
#4042 = ORIENTED_EDGE('',*,*,#1440,.T.);
#4043 = ORIENTED_EDGE('',*,*,#1392,.T.);
#4044 = ORIENTED_EDGE('',*,*,#1344,.T.);
#4045 = ORIENTED_EDGE('',*,*,#1271,.T.);
#4046 = ORIENTED_EDGE('',*,*,#1206,.T.);
#4047 = ORIENTED_EDGE('',*,*,#1158,.T.);
#4048 = FACE_BOUND('',#4049,.T.);
#4049 = EDGE_LOOP('',(#4050,#4060,#4068,#4076,#4084,#4092,#4100,#4108,
    #4116,#4124,#4132));
#4050 = ORIENTED_EDGE('',*,*,#4051,.F.);
#4051 = EDGE_CURVE('',#4052,#4054,#4056,.T.);
#4052 = VERTEX_POINT('',#4053);
#4053 = CARTESIAN_POINT('',(25.882066970412,10.819786487095,9.));
#4054 = VERTEX_POINT('',#4055);
#4055 = CARTESIAN_POINT('',(24.060716993902,10.333821171763,9.));
#4056 = LINE('',#4057,#4058);
#4057 = CARTESIAN_POINT('',(41.996600272552,15.119401804639,9.));
#4058 = VECTOR('',#4059,1.);
#4059 = DIRECTION('',(-0.966199008456,-0.25779735464,0.));
#4060 = ORIENTED_EDGE('',*,*,#4061,.F.);
#4061 = EDGE_CURVE('',#4062,#4052,#4064,.T.);
#4062 = VERTEX_POINT('',#4063);
#4063 = CARTESIAN_POINT('',(26.952704574783,6.807142551308,9.));
#4064 = LINE('',#4065,#4066);
#4065 = CARTESIAN_POINT('',(26.087136519773,10.051206082018,9.));
#4066 = VECTOR('',#4067,1.);
#4067 = DIRECTION('',(-0.25779735464,0.966199008456,0.));
#4068 = ORIENTED_EDGE('',*,*,#4069,.F.);
#4069 = EDGE_CURVE('',#4070,#4062,#4072,.T.);
#4070 = VERTEX_POINT('',#4071);
#4071 = CARTESIAN_POINT('',(27.859124072439,7.048989775994,9.));
#4072 = LINE('',#4073,#4074);
#4073 = CARTESIAN_POINT('',(43.977912865178,11.349740526518,9.));
#4074 = VECTOR('',#4075,1.);
#4075 = DIRECTION('',(-0.966199008456,-0.25779735464,0.));
#4076 = ORIENTED_EDGE('',*,*,#4077,.F.);
#4077 = EDGE_CURVE('',#4078,#4070,#4080,.T.);
#4078 = VERTEX_POINT('',#4079);
#4079 = CARTESIAN_POINT('',(28.174017485489,5.868800383115,9.));
#4080 = LINE('',#4081,#4082);
#4081 = CARTESIAN_POINT('',(27.528874819614,8.286731338811,9.));
#4082 = VECTOR('',#4083,1.);
#4083 = DIRECTION('',(-0.25779735464,0.966199008456,0.));
#4084 = ORIENTED_EDGE('',*,*,#4085,.F.);
#4085 = EDGE_CURVE('',#4086,#4078,#4088,.T.);
#4086 = VERTEX_POINT('',#4087);
#4087 = CARTESIAN_POINT('',(27.267597987833,5.626953158429,9.));
#4088 = LINE('',#4089,#4090);
#4089 = CARTESIAN_POINT('',(44.746016027056,10.290474745982,9.));
#4090 = VECTOR('',#4091,1.);
#4091 = DIRECTION('',(0.966199008456,0.25779735464,-0.));
#4092 = ORIENTED_EDGE('',*,*,#4093,.F.);
#4093 = EDGE_CURVE('',#4094,#4086,#4096,.T.);
#4094 = VERTEX_POINT('',#4095);
#4095 = CARTESIAN_POINT('',(27.577646886837,4.464920525441,9.));
#4096 = LINE('',#4097,#4098);
#4097 = CARTESIAN_POINT('',(26.779902028484,7.454789417685,9.));
#4098 = VECTOR('',#4099,1.);
#4099 = DIRECTION('',(-0.25779735464,0.966199008456,0.));
#4100 = ORIENTED_EDGE('',*,*,#4101,.F.);
#4101 = EDGE_CURVE('',#4102,#4094,#4104,.T.);
#4102 = VERTEX_POINT('',#4103);
#4103 = CARTESIAN_POINT('',(26.028648308684,4.051622920812,9.));
#4104 = LINE('',#4105,#4106);
#4105 = CARTESIAN_POINT('',(44.602855177232,9.007518500651,9.));
#4106 = VECTOR('',#4107,1.);
#4107 = DIRECTION('',(0.966199008456,0.25779735464,-0.));
#4108 = ORIENTED_EDGE('',*,*,#4109,.F.);
#4109 = EDGE_CURVE('',#4110,#4102,#4112,.T.);
#4110 = VERTEX_POINT('',#4111);
#4111 = CARTESIAN_POINT('',(25.71859940968,5.2136555538,9.));
#4112 = LINE('',#4113,#4114);
#4113 = CARTESIAN_POINT('',(25.385927899832,6.460475496562,9.));
#4114 = VECTOR('',#4115,1.);
#4115 = DIRECTION('',(0.25779735464,-0.966199008456,0.));
#4116 = ORIENTED_EDGE('',*,*,#4117,.F.);
#4117 = EDGE_CURVE('',#4118,#4110,#4120,.T.);
#4118 = VERTEX_POINT('',#4119);
#4119 = CARTESIAN_POINT('',(22.901464632929,4.461998921207,9.));
#4120 = LINE('',#4121,#4122);
#4121 = CARTESIAN_POINT('',(43.518306989152,9.962902331325,9.));
#4122 = VECTOR('',#4123,1.);
#4123 = DIRECTION('',(0.966199008456,0.25779735464,-0.));
#4124 = ORIENTED_EDGE('',*,*,#4125,.F.);
#4125 = EDGE_CURVE('',#4126,#4118,#4128,.T.);
#4126 = VERTEX_POINT('',#4127);
#4127 = CARTESIAN_POINT('',(22.526998836208,5.865459720863,9.));
#4128 = LINE('',#4129,#4130);
#4129 = CARTESIAN_POINT('',(22.413768673579,6.289835180463,9.));
#4130 = VECTOR('',#4131,1.);
#4131 = DIRECTION('',(0.25779735464,-0.966199008456,0.));
#4132 = ORIENTED_EDGE('',*,*,#4133,.F.);
#4133 = EDGE_CURVE('',#4054,#4126,#4134,.T.);
#4134 = LINE('',#4135,#4136);
#4135 = CARTESIAN_POINT('',(26.439320137217,17.263685396982,9.));
#4136 = VECTOR('',#4137,1.);
#4137 = DIRECTION('',(-0.324647913235,-0.945834939317,0.));
#4138 = FACE_BOUND('',#4139,.T.);
#4139 = EDGE_LOOP('',(#4140,#4141,#4142,#4143,#4144,#4145,#4146,#4147,
    #4148,#4149,#4150,#4151));
#4140 = ORIENTED_EDGE('',*,*,#3416,.T.);
#4141 = ORIENTED_EDGE('',*,*,#3376,.T.);
#4142 = ORIENTED_EDGE('',*,*,#3344,.F.);
#4143 = ORIENTED_EDGE('',*,*,#3390,.T.);
#4144 = ORIENTED_EDGE('',*,*,#3448,.F.);
#4145 = ORIENTED_EDGE('',*,*,#3486,.F.);
#4146 = ORIENTED_EDGE('',*,*,#3536,.F.);
#4147 = ORIENTED_EDGE('',*,*,#3592,.F.);
#4148 = ORIENTED_EDGE('',*,*,#3608,.T.);
#4149 = ORIENTED_EDGE('',*,*,#3558,.F.);
#4150 = ORIENTED_EDGE('',*,*,#3520,.T.);
#4151 = ORIENTED_EDGE('',*,*,#3462,.T.);
#4152 = FACE_BOUND('',#4153,.T.);
#4153 = EDGE_LOOP('',(#4154));
#4154 = ORIENTED_EDGE('',*,*,#3623,.F.);
#4155 = FACE_BOUND('',#4156,.T.);
#4156 = EDGE_LOOP('',(#4157));
#4157 = ORIENTED_EDGE('',*,*,#3648,.F.);
#4158 = FACE_BOUND('',#4159,.T.);
#4159 = EDGE_LOOP('',(#4160,#4161,#4162,#4163,#4164,#4165,#4166,#4167,
    #4168,#4169,#4170,#4171));
#4160 = ORIENTED_EDGE('',*,*,#3754,.T.);
#4161 = ORIENTED_EDGE('',*,*,#3714,.T.);
#4162 = ORIENTED_EDGE('',*,*,#3682,.F.);
#4163 = ORIENTED_EDGE('',*,*,#3728,.T.);
#4164 = ORIENTED_EDGE('',*,*,#3786,.F.);
#4165 = ORIENTED_EDGE('',*,*,#3824,.F.);
#4166 = ORIENTED_EDGE('',*,*,#3874,.F.);
#4167 = ORIENTED_EDGE('',*,*,#3930,.F.);
#4168 = ORIENTED_EDGE('',*,*,#3946,.T.);
#4169 = ORIENTED_EDGE('',*,*,#3896,.F.);
#4170 = ORIENTED_EDGE('',*,*,#3858,.T.);
#4171 = ORIENTED_EDGE('',*,*,#3800,.T.);
#4172 = PLANE('',#4173);
#4173 = AXIS2_PLACEMENT_3D('',#4174,#4175,#4176);
#4174 = CARTESIAN_POINT('',(60.342622649924,18.367821627361,9.));
#4175 = DIRECTION('',(0.,0.,1.));
#4176 = DIRECTION('',(1.,0.,-0.));
#4177 = ADVANCED_FACE('',(#4178),#4203,.T.);
#4178 = FACE_BOUND('',#4179,.T.);
#4179 = EDGE_LOOP('',(#4180,#4181,#4189,#4197));
#4180 = ORIENTED_EDGE('',*,*,#976,.T.);
#4181 = ORIENTED_EDGE('',*,*,#4182,.T.);
#4182 = EDGE_CURVE('',#979,#4183,#4185,.T.);
#4183 = VERTEX_POINT('',#4184);
#4184 = CARTESIAN_POINT('',(10.1,3.275,3.475));
#4185 = LINE('',#4186,#4187);
#4186 = CARTESIAN_POINT('',(-0.1,3.275,3.475));
#4187 = VECTOR('',#4188,1.);
#4188 = DIRECTION('',(1.,0.,0.));
#4189 = ORIENTED_EDGE('',*,*,#4190,.T.);
#4190 = EDGE_CURVE('',#4183,#4191,#4193,.T.);
#4191 = VERTEX_POINT('',#4192);
#4192 = CARTESIAN_POINT('',(10.1,4.775,3.475));
#4193 = LINE('',#4194,#4195);
#4194 = CARTESIAN_POINT('',(10.1,3.275,3.475));
#4195 = VECTOR('',#4196,1.);
#4196 = DIRECTION('',(0.,1.,0.));
#4197 = ORIENTED_EDGE('',*,*,#4198,.T.);
#4198 = EDGE_CURVE('',#4191,#977,#4199,.T.);
#4199 = LINE('',#4200,#4201);
#4200 = CARTESIAN_POINT('',(-0.1,4.775,3.475));
#4201 = VECTOR('',#4202,1.);
#4202 = DIRECTION('',(-1.,0.,0.));
#4203 = PLANE('',#4204);
#4204 = AXIS2_PLACEMENT_3D('',#4205,#4206,#4207);
#4205 = CARTESIAN_POINT('',(-0.1,3.275,3.475));
#4206 = DIRECTION('',(0.,0.,1.));
#4207 = DIRECTION('',(1.,0.,0.));
#4208 = ADVANCED_FACE('',(#4209),#4227,.T.);
#4209 = FACE_BOUND('',#4210,.T.);
#4210 = EDGE_LOOP('',(#4211,#4219,#4225,#4226));
#4211 = ORIENTED_EDGE('',*,*,#4212,.F.);
#4212 = EDGE_CURVE('',#4213,#4191,#4215,.T.);
#4213 = VERTEX_POINT('',#4214);
#4214 = CARTESIAN_POINT('',(10.1,4.775,1.975));
#4215 = LINE('',#4216,#4217);
#4216 = CARTESIAN_POINT('',(10.1,4.775,1.975));
#4217 = VECTOR('',#4218,1.);
#4218 = DIRECTION('',(0.,0.,1.));
#4219 = ORIENTED_EDGE('',*,*,#4220,.F.);
#4220 = EDGE_CURVE('',#1059,#4213,#4221,.T.);
#4221 = LINE('',#4222,#4223);
#4222 = CARTESIAN_POINT('',(-0.1,4.775,1.975));
#4223 = VECTOR('',#4224,1.);
#4224 = DIRECTION('',(1.,0.,0.));
#4225 = ORIENTED_EDGE('',*,*,#1066,.T.);
#4226 = ORIENTED_EDGE('',*,*,#4198,.F.);
#4227 = PLANE('',#4228);
#4228 = AXIS2_PLACEMENT_3D('',#4229,#4230,#4231);
#4229 = CARTESIAN_POINT('',(-0.1,4.775,1.975));
#4230 = DIRECTION('',(0.,1.,0.));
#4231 = DIRECTION('',(1.,0.,0.));
#4232 = ADVANCED_FACE('',(#4233),#4251,.T.);
#4233 = FACE_BOUND('',#4234,.T.);
#4234 = EDGE_LOOP('',(#4235,#4236,#4237,#4245));
#4235 = ORIENTED_EDGE('',*,*,#4182,.F.);
#4236 = ORIENTED_EDGE('',*,*,#986,.T.);
#4237 = ORIENTED_EDGE('',*,*,#4238,.T.);
#4238 = EDGE_CURVE('',#987,#4239,#4241,.T.);
#4239 = VERTEX_POINT('',#4240);
#4240 = CARTESIAN_POINT('',(10.1,3.275,5.525));
#4241 = LINE('',#4242,#4243);
#4242 = CARTESIAN_POINT('',(-0.1,3.275,5.525));
#4243 = VECTOR('',#4244,1.);
#4244 = DIRECTION('',(1.,0.,0.));
#4245 = ORIENTED_EDGE('',*,*,#4246,.F.);
#4246 = EDGE_CURVE('',#4183,#4239,#4247,.T.);
#4247 = LINE('',#4248,#4249);
#4248 = CARTESIAN_POINT('',(10.1,3.275,3.475));
#4249 = VECTOR('',#4250,1.);
#4250 = DIRECTION('',(0.,0.,1.));
#4251 = PLANE('',#4252);
#4252 = AXIS2_PLACEMENT_3D('',#4253,#4254,#4255);
#4253 = CARTESIAN_POINT('',(-0.1,3.275,3.475));
#4254 = DIRECTION('',(0.,1.,0.));
#4255 = DIRECTION('',(1.,0.,0.));
#4256 = ADVANCED_FACE('',(#4257),#4275,.T.);
#4257 = FACE_BOUND('',#4258,.T.);
#4258 = EDGE_LOOP('',(#4259,#4267,#4268,#4269));
#4259 = ORIENTED_EDGE('',*,*,#4260,.F.);
#4260 = EDGE_CURVE('',#1051,#4261,#4263,.T.);
#4261 = VERTEX_POINT('',#4262);
#4262 = CARTESIAN_POINT('',(10.1,6.825,1.975));
#4263 = LINE('',#4264,#4265);
#4264 = CARTESIAN_POINT('',(-0.1,6.825,1.975));
#4265 = VECTOR('',#4266,1.);
#4266 = DIRECTION('',(1.,0.,0.));
#4267 = ORIENTED_EDGE('',*,*,#1058,.T.);
#4268 = ORIENTED_EDGE('',*,*,#4220,.T.);
#4269 = ORIENTED_EDGE('',*,*,#4270,.T.);
#4270 = EDGE_CURVE('',#4213,#4261,#4271,.T.);
#4271 = LINE('',#4272,#4273);
#4272 = CARTESIAN_POINT('',(10.1,4.775,1.975));
#4273 = VECTOR('',#4274,1.);
#4274 = DIRECTION('',(0.,1.,0.));
#4275 = PLANE('',#4276);
#4276 = AXIS2_PLACEMENT_3D('',#4277,#4278,#4279);
#4277 = CARTESIAN_POINT('',(-0.1,4.775,1.975));
#4278 = DIRECTION('',(0.,0.,1.));
#4279 = DIRECTION('',(1.,0.,0.));
#4280 = ADVANCED_FACE('',(#4281),#4299,.F.);
#4281 = FACE_BOUND('',#4282,.F.);
#4282 = EDGE_LOOP('',(#4283,#4284,#4285,#4293));
#4283 = ORIENTED_EDGE('',*,*,#994,.T.);
#4284 = ORIENTED_EDGE('',*,*,#4238,.T.);
#4285 = ORIENTED_EDGE('',*,*,#4286,.T.);
#4286 = EDGE_CURVE('',#4239,#4287,#4289,.T.);
#4287 = VERTEX_POINT('',#4288);
#4288 = CARTESIAN_POINT('',(10.1,4.775,5.525));
#4289 = LINE('',#4290,#4291);
#4290 = CARTESIAN_POINT('',(10.1,3.275,5.525));
#4291 = VECTOR('',#4292,1.);
#4292 = DIRECTION('',(0.,1.,0.));
#4293 = ORIENTED_EDGE('',*,*,#4294,.T.);
#4294 = EDGE_CURVE('',#4287,#995,#4295,.T.);
#4295 = LINE('',#4296,#4297);
#4296 = CARTESIAN_POINT('',(-0.1,4.775,5.525));
#4297 = VECTOR('',#4298,1.);
#4298 = DIRECTION('',(-1.,0.,0.));
#4299 = PLANE('',#4300);
#4300 = AXIS2_PLACEMENT_3D('',#4301,#4302,#4303);
#4301 = CARTESIAN_POINT('',(-0.1,3.275,5.525));
#4302 = DIRECTION('',(0.,0.,1.));
#4303 = DIRECTION('',(1.,0.,0.));
#4304 = ADVANCED_FACE('',(#4305),#4323,.F.);
#4305 = FACE_BOUND('',#4306,.F.);
#4306 = EDGE_LOOP('',(#4307,#4315,#4316,#4317));
#4307 = ORIENTED_EDGE('',*,*,#4308,.F.);
#4308 = EDGE_CURVE('',#4261,#4309,#4311,.T.);
#4309 = VERTEX_POINT('',#4310);
#4310 = CARTESIAN_POINT('',(10.1,6.825,3.475));
#4311 = LINE('',#4312,#4313);
#4312 = CARTESIAN_POINT('',(10.1,6.825,1.975));
#4313 = VECTOR('',#4314,1.);
#4314 = DIRECTION('',(0.,0.,1.));
#4315 = ORIENTED_EDGE('',*,*,#4260,.F.);
#4316 = ORIENTED_EDGE('',*,*,#1050,.T.);
#4317 = ORIENTED_EDGE('',*,*,#4318,.F.);
#4318 = EDGE_CURVE('',#4309,#1043,#4319,.T.);
#4319 = LINE('',#4320,#4321);
#4320 = CARTESIAN_POINT('',(-0.1,6.825,3.475));
#4321 = VECTOR('',#4322,1.);
#4322 = DIRECTION('',(-1.,0.,0.));
#4323 = PLANE('',#4324);
#4324 = AXIS2_PLACEMENT_3D('',#4325,#4326,#4327);
#4325 = CARTESIAN_POINT('',(-0.1,6.825,1.975));
#4326 = DIRECTION('',(0.,1.,0.));
#4327 = DIRECTION('',(1.,0.,0.));
#4328 = ADVANCED_FACE('',(#4329),#4347,.T.);
#4329 = FACE_BOUND('',#4330,.T.);
#4330 = EDGE_LOOP('',(#4331,#4339,#4340,#4341));
#4331 = ORIENTED_EDGE('',*,*,#4332,.F.);
#4332 = EDGE_CURVE('',#4287,#4333,#4335,.T.);
#4333 = VERTEX_POINT('',#4334);
#4334 = CARTESIAN_POINT('',(10.1,4.775,7.025));
#4335 = LINE('',#4336,#4337);
#4336 = CARTESIAN_POINT('',(10.1,4.775,1.975));
#4337 = VECTOR('',#4338,1.);
#4338 = DIRECTION('',(0.,0.,1.));
#4339 = ORIENTED_EDGE('',*,*,#4294,.T.);
#4340 = ORIENTED_EDGE('',*,*,#1002,.T.);
#4341 = ORIENTED_EDGE('',*,*,#4342,.T.);
#4342 = EDGE_CURVE('',#1003,#4333,#4343,.T.);
#4343 = LINE('',#4344,#4345);
#4344 = CARTESIAN_POINT('',(-0.1,4.775,7.025));
#4345 = VECTOR('',#4346,1.);
#4346 = DIRECTION('',(1.,0.,0.));
#4347 = PLANE('',#4348);
#4348 = AXIS2_PLACEMENT_3D('',#4349,#4350,#4351);
#4349 = CARTESIAN_POINT('',(-0.1,4.775,1.975));
#4350 = DIRECTION('',(0.,1.,0.));
#4351 = DIRECTION('',(1.,0.,0.));
#4352 = ADVANCED_FACE('',(#4353),#4371,.T.);
#4353 = FACE_BOUND('',#4354,.T.);
#4354 = EDGE_LOOP('',(#4355,#4356,#4357,#4365));
#4355 = ORIENTED_EDGE('',*,*,#1042,.T.);
#4356 = ORIENTED_EDGE('',*,*,#4318,.F.);
#4357 = ORIENTED_EDGE('',*,*,#4358,.T.);
#4358 = EDGE_CURVE('',#4309,#4359,#4361,.T.);
#4359 = VERTEX_POINT('',#4360);
#4360 = CARTESIAN_POINT('',(10.1,8.325,3.475));
#4361 = LINE('',#4362,#4363);
#4362 = CARTESIAN_POINT('',(10.1,3.275,3.475));
#4363 = VECTOR('',#4364,1.);
#4364 = DIRECTION('',(0.,1.,0.));
#4365 = ORIENTED_EDGE('',*,*,#4366,.F.);
#4366 = EDGE_CURVE('',#1035,#4359,#4367,.T.);
#4367 = LINE('',#4368,#4369);
#4368 = CARTESIAN_POINT('',(-0.1,8.325,3.475));
#4369 = VECTOR('',#4370,1.);
#4370 = DIRECTION('',(1.,0.,0.));
#4371 = PLANE('',#4372);
#4372 = AXIS2_PLACEMENT_3D('',#4373,#4374,#4375);
#4373 = CARTESIAN_POINT('',(-0.1,3.275,3.475));
#4374 = DIRECTION('',(0.,0.,1.));
#4375 = DIRECTION('',(1.,0.,0.));
#4376 = ADVANCED_FACE('',(#4377),#4395,.F.);
#4377 = FACE_BOUND('',#4378,.F.);
#4378 = EDGE_LOOP('',(#4379,#4387,#4388,#4389));
#4379 = ORIENTED_EDGE('',*,*,#4380,.F.);
#4380 = EDGE_CURVE('',#1011,#4381,#4383,.T.);
#4381 = VERTEX_POINT('',#4382);
#4382 = CARTESIAN_POINT('',(10.1,6.825,7.025));
#4383 = LINE('',#4384,#4385);
#4384 = CARTESIAN_POINT('',(-0.1,6.825,7.025));
#4385 = VECTOR('',#4386,1.);
#4386 = DIRECTION('',(1.,0.,0.));
#4387 = ORIENTED_EDGE('',*,*,#1010,.T.);
#4388 = ORIENTED_EDGE('',*,*,#4342,.T.);
#4389 = ORIENTED_EDGE('',*,*,#4390,.T.);
#4390 = EDGE_CURVE('',#4333,#4381,#4391,.T.);
#4391 = LINE('',#4392,#4393);
#4392 = CARTESIAN_POINT('',(10.1,4.775,7.025));
#4393 = VECTOR('',#4394,1.);
#4394 = DIRECTION('',(0.,1.,0.));
#4395 = PLANE('',#4396);
#4396 = AXIS2_PLACEMENT_3D('',#4397,#4398,#4399);
#4397 = CARTESIAN_POINT('',(-0.1,4.775,7.025));
#4398 = DIRECTION('',(0.,0.,1.));
#4399 = DIRECTION('',(1.,0.,0.));
#4400 = ADVANCED_FACE('',(#4401),#4419,.F.);
#4401 = FACE_BOUND('',#4402,.F.);
#4402 = EDGE_LOOP('',(#4403,#4404,#4405,#4413));
#4403 = ORIENTED_EDGE('',*,*,#4366,.F.);
#4404 = ORIENTED_EDGE('',*,*,#1034,.T.);
#4405 = ORIENTED_EDGE('',*,*,#4406,.T.);
#4406 = EDGE_CURVE('',#1027,#4407,#4409,.T.);
#4407 = VERTEX_POINT('',#4408);
#4408 = CARTESIAN_POINT('',(10.1,8.325,5.525));
#4409 = LINE('',#4410,#4411);
#4410 = CARTESIAN_POINT('',(-0.1,8.325,5.525));
#4411 = VECTOR('',#4412,1.);
#4412 = DIRECTION('',(1.,0.,0.));
#4413 = ORIENTED_EDGE('',*,*,#4414,.F.);
#4414 = EDGE_CURVE('',#4359,#4407,#4415,.T.);
#4415 = LINE('',#4416,#4417);
#4416 = CARTESIAN_POINT('',(10.1,8.325,3.475));
#4417 = VECTOR('',#4418,1.);
#4418 = DIRECTION('',(0.,0.,1.));
#4419 = PLANE('',#4420);
#4420 = AXIS2_PLACEMENT_3D('',#4421,#4422,#4423);
#4421 = CARTESIAN_POINT('',(-0.1,8.325,3.475));
#4422 = DIRECTION('',(0.,1.,0.));
#4423 = DIRECTION('',(1.,0.,0.));
#4424 = ADVANCED_FACE('',(#4425),#4443,.F.);
#4425 = FACE_BOUND('',#4426,.F.);
#4426 = EDGE_LOOP('',(#4427,#4435,#4441,#4442));
#4427 = ORIENTED_EDGE('',*,*,#4428,.F.);
#4428 = EDGE_CURVE('',#4429,#4381,#4431,.T.);
#4429 = VERTEX_POINT('',#4430);
#4430 = CARTESIAN_POINT('',(10.1,6.825,5.525));
#4431 = LINE('',#4432,#4433);
#4432 = CARTESIAN_POINT('',(10.1,6.825,1.975));
#4433 = VECTOR('',#4434,1.);
#4434 = DIRECTION('',(0.,0.,1.));
#4435 = ORIENTED_EDGE('',*,*,#4436,.T.);
#4436 = EDGE_CURVE('',#4429,#1019,#4437,.T.);
#4437 = LINE('',#4438,#4439);
#4438 = CARTESIAN_POINT('',(-0.1,6.825,5.525));
#4439 = VECTOR('',#4440,1.);
#4440 = DIRECTION('',(-1.,0.,0.));
#4441 = ORIENTED_EDGE('',*,*,#1018,.T.);
#4442 = ORIENTED_EDGE('',*,*,#4380,.T.);
#4443 = PLANE('',#4444);
#4444 = AXIS2_PLACEMENT_3D('',#4445,#4446,#4447);
#4445 = CARTESIAN_POINT('',(-0.1,6.825,1.975));
#4446 = DIRECTION('',(0.,1.,0.));
#4447 = DIRECTION('',(1.,0.,0.));
#4448 = ADVANCED_FACE('',(#4449),#4460,.F.);
#4449 = FACE_BOUND('',#4450,.F.);
#4450 = EDGE_LOOP('',(#4451,#4452,#4453,#4459));
#4451 = ORIENTED_EDGE('',*,*,#1026,.T.);
#4452 = ORIENTED_EDGE('',*,*,#4436,.F.);
#4453 = ORIENTED_EDGE('',*,*,#4454,.T.);
#4454 = EDGE_CURVE('',#4429,#4407,#4455,.T.);
#4455 = LINE('',#4456,#4457);
#4456 = CARTESIAN_POINT('',(10.1,3.275,5.525));
#4457 = VECTOR('',#4458,1.);
#4458 = DIRECTION('',(0.,1.,0.));
#4459 = ORIENTED_EDGE('',*,*,#4406,.F.);
#4460 = PLANE('',#4461);
#4461 = AXIS2_PLACEMENT_3D('',#4462,#4463,#4464);
#4462 = CARTESIAN_POINT('',(-0.1,3.275,5.525));
#4463 = DIRECTION('',(0.,0.,1.));
#4464 = DIRECTION('',(1.,0.,0.));
#4465 = ADVANCED_FACE('',(#4466),#4485,.F.);
#4466 = FACE_BOUND('',#4467,.F.);
#4467 = EDGE_LOOP('',(#4468,#4476,#4483,#4484));
#4468 = ORIENTED_EDGE('',*,*,#4469,.T.);
#4469 = EDGE_CURVE('',#1075,#4470,#4472,.T.);
#4470 = VERTEX_POINT('',#4471);
#4471 = CARTESIAN_POINT('',(2.,2.65,6.3));
#4472 = LINE('',#4473,#4474);
#4473 = CARTESIAN_POINT('',(-0.1,2.65,6.3));
#4474 = VECTOR('',#4475,1.);
#4475 = DIRECTION('',(1.,0.,0.));
#4476 = ORIENTED_EDGE('',*,*,#4477,.F.);
#4477 = EDGE_CURVE('',#4470,#4470,#4478,.T.);
#4478 = CIRCLE('',#4479,1.2);
#4479 = AXIS2_PLACEMENT_3D('',#4480,#4481,#4482);
#4480 = CARTESIAN_POINT('',(2.,1.45,6.3));
#4481 = DIRECTION('',(1.,0.,0.));
#4482 = DIRECTION('',(0.,1.,0.));
#4483 = ORIENTED_EDGE('',*,*,#4469,.F.);
#4484 = ORIENTED_EDGE('',*,*,#1074,.T.);
#4485 = CYLINDRICAL_SURFACE('',#4486,1.2);
#4486 = AXIS2_PLACEMENT_3D('',#4487,#4488,#4489);
#4487 = CARTESIAN_POINT('',(-0.1,1.45,6.3));
#4488 = DIRECTION('',(1.,0.,0.));
#4489 = DIRECTION('',(0.,1.,0.));
#4490 = ADVANCED_FACE('',(#4491),#4520,.F.);
#4491 = FACE_BOUND('',#4492,.F.);
#4492 = EDGE_LOOP('',(#4493,#4501,#4508,#4509,#4510,#4511,#4518,#4519));
#4493 = ORIENTED_EDGE('',*,*,#4494,.T.);
#4494 = EDGE_CURVE('',#1086,#4495,#4497,.T.);
#4495 = VERTEX_POINT('',#4496);
#4496 = CARTESIAN_POINT('',(16.8,-2.725,4.5));
#4497 = LINE('',#4498,#4499);
#4498 = CARTESIAN_POINT('',(-0.1,-2.725,4.5));
#4499 = VECTOR('',#4500,1.);
#4500 = DIRECTION('',(1.,0.,0.));
#4501 = ORIENTED_EDGE('',*,*,#4502,.F.);
#4502 = EDGE_CURVE('',#1290,#4495,#4503,.T.);
#4503 = CIRCLE('',#4504,2.475);
#4504 = AXIS2_PLACEMENT_3D('',#4505,#4506,#4507);
#4505 = CARTESIAN_POINT('',(16.8,-5.2,4.5));
#4506 = DIRECTION('',(1.,0.,0.));
#4507 = DIRECTION('',(0.,1.,0.));
#4508 = ORIENTED_EDGE('',*,*,#1289,.T.);
#4509 = ORIENTED_EDGE('',*,*,#1240,.T.);
#4510 = ORIENTED_EDGE('',*,*,#1306,.T.);
#4511 = ORIENTED_EDGE('',*,*,#4512,.F.);
#4512 = EDGE_CURVE('',#4495,#1299,#4513,.T.);
#4513 = CIRCLE('',#4514,2.475);
#4514 = AXIS2_PLACEMENT_3D('',#4515,#4516,#4517);
#4515 = CARTESIAN_POINT('',(16.8,-5.2,4.5));
#4516 = DIRECTION('',(1.,0.,0.));
#4517 = DIRECTION('',(0.,1.,0.));
#4518 = ORIENTED_EDGE('',*,*,#4494,.F.);
#4519 = ORIENTED_EDGE('',*,*,#1085,.T.);
#4520 = CYLINDRICAL_SURFACE('',#4521,2.475);
#4521 = AXIS2_PLACEMENT_3D('',#4522,#4523,#4524);
#4522 = CARTESIAN_POINT('',(-0.1,-5.2,4.5));
#4523 = DIRECTION('',(1.,0.,0.));
#4524 = DIRECTION('',(0.,1.,0.));
#4525 = ADVANCED_FACE('',(#4526),#4531,.F.);
#4526 = FACE_BOUND('',#4527,.F.);
#4527 = EDGE_LOOP('',(#4528,#4529,#4530));
#4528 = ORIENTED_EDGE('',*,*,#4502,.T.);
#4529 = ORIENTED_EDGE('',*,*,#4512,.T.);
#4530 = ORIENTED_EDGE('',*,*,#1298,.T.);
#4531 = PLANE('',#4532);
#4532 = AXIS2_PLACEMENT_3D('',#4533,#4534,#4535);
#4533 = CARTESIAN_POINT('',(16.8,-5.2,4.5));
#4534 = DIRECTION('',(1.,0.,0.));
#4535 = DIRECTION('',(0.,1.,0.));
#4536 = ADVANCED_FACE('',(#4537),#4571,.F.);
#4537 = FACE_BOUND('',#4538,.F.);
#4538 = EDGE_LOOP('',(#4539,#4549,#4557,#4563,#4564,#4565));
#4539 = ORIENTED_EDGE('',*,*,#4540,.F.);
#4540 = EDGE_CURVE('',#4541,#4543,#4545,.T.);
#4541 = VERTEX_POINT('',#4542);
#4542 = CARTESIAN_POINT('',(119.37666996764,41.941169179551,5.525));
#4543 = VERTEX_POINT('',#4544);
#4544 = CARTESIAN_POINT('',(118.62747715001,43.240672977933,5.525));
#4545 = LINE('',#4546,#4547);
#4546 = CARTESIAN_POINT('',(121.14975963603,38.865676856711,5.525));
#4547 = VECTOR('',#4548,1.);
#4548 = DIRECTION('',(-0.49946187842,0.866335865589,0.));
#4549 = ORIENTED_EDGE('',*,*,#4550,.T.);
#4550 = EDGE_CURVE('',#4541,#4551,#4553,.T.);
#4551 = VERTEX_POINT('',#4552);
#4552 = CARTESIAN_POINT('',(128.21329579665,47.035680339434,5.525));
#4553 = LINE('',#4554,#4555);
#4554 = CARTESIAN_POINT('',(128.21329579665,47.035680339434,5.525));
#4555 = VECTOR('',#4556,1.);
#4556 = DIRECTION('',(0.866335865589,0.49946187842,0.));
#4557 = ORIENTED_EDGE('',*,*,#4558,.T.);
#4558 = EDGE_CURVE('',#4551,#3113,#4559,.T.);
#4559 = LINE('',#4560,#4561);
#4560 = CARTESIAN_POINT('',(129.98638546504,43.960188016595,5.525));
#4561 = VECTOR('',#4562,1.);
#4562 = DIRECTION('',(-0.49946187842,0.866335865589,0.));
#4563 = ORIENTED_EDGE('',*,*,#3112,.T.);
#4564 = ORIENTED_EDGE('',*,*,#3041,.T.);
#4565 = ORIENTED_EDGE('',*,*,#4566,.T.);
#4566 = EDGE_CURVE('',#3034,#4543,#4567,.T.);
#4567 = LINE('',#4568,#4569);
#4568 = CARTESIAN_POINT('',(127.46410297902,48.335184137817,5.525));
#4569 = VECTOR('',#4570,1.);
#4570 = DIRECTION('',(-0.866335865589,-0.49946187842,0.));
#4571 = PLANE('',#4572);
#4572 = AXIS2_PLACEMENT_3D('',#4573,#4574,#4575);
#4573 = CARTESIAN_POINT('',(129.98638546504,43.960188016595,5.525));
#4574 = DIRECTION('',(0.,0.,1.));
#4575 = DIRECTION('',(-0.866335865589,-0.49946187842,0.));
#4576 = ADVANCED_FACE('',(#4577),#4595,.F.);
#4577 = FACE_BOUND('',#4578,.F.);
#4578 = EDGE_LOOP('',(#4579,#4580,#4581,#4589));
#4579 = ORIENTED_EDGE('',*,*,#4566,.F.);
#4580 = ORIENTED_EDGE('',*,*,#3033,.T.);
#4581 = ORIENTED_EDGE('',*,*,#4582,.T.);
#4582 = EDGE_CURVE('',#3026,#4583,#4585,.T.);
#4583 = VERTEX_POINT('',#4584);
#4584 = CARTESIAN_POINT('',(118.62747715001,43.240672977933,3.475));
#4585 = LINE('',#4586,#4587);
#4586 = CARTESIAN_POINT('',(127.46410297902,48.335184137817,3.475));
#4587 = VECTOR('',#4588,1.);
#4588 = DIRECTION('',(-0.866335865589,-0.49946187842,0.));
#4589 = ORIENTED_EDGE('',*,*,#4590,.T.);
#4590 = EDGE_CURVE('',#4583,#4543,#4591,.T.);
#4591 = LINE('',#4592,#4593);
#4592 = CARTESIAN_POINT('',(118.62747715001,43.240672977933,3.475));
#4593 = VECTOR('',#4594,1.);
#4594 = DIRECTION('',(0.,0.,1.));
#4595 = PLANE('',#4596);
#4596 = AXIS2_PLACEMENT_3D('',#4597,#4598,#4599);
#4597 = CARTESIAN_POINT('',(127.46410297902,48.335184137817,3.475));
#4598 = DIRECTION('',(-0.49946187842,0.866335865589,0.));
#4599 = DIRECTION('',(-0.866335865589,-0.49946187842,0.));
#4600 = ADVANCED_FACE('',(#4601),#4628,.T.);
#4601 = FACE_BOUND('',#4602,.T.);
#4602 = EDGE_LOOP('',(#4603,#4611,#4619,#4625,#4626,#4627));
#4603 = ORIENTED_EDGE('',*,*,#4604,.F.);
#4604 = EDGE_CURVE('',#4605,#4583,#4607,.T.);
#4605 = VERTEX_POINT('',#4606);
#4606 = CARTESIAN_POINT('',(119.37666996764,41.941169179551,3.475));
#4607 = LINE('',#4608,#4609);
#4608 = CARTESIAN_POINT('',(121.14975963603,38.865676856711,3.475));
#4609 = VECTOR('',#4610,1.);
#4610 = DIRECTION('',(-0.49946187842,0.866335865589,0.));
#4611 = ORIENTED_EDGE('',*,*,#4612,.T.);
#4612 = EDGE_CURVE('',#4605,#4613,#4615,.T.);
#4613 = VERTEX_POINT('',#4614);
#4614 = CARTESIAN_POINT('',(128.21329579665,47.035680339434,3.475));
#4615 = LINE('',#4616,#4617);
#4616 = CARTESIAN_POINT('',(128.21329579665,47.035680339434,3.475));
#4617 = VECTOR('',#4618,1.);
#4618 = DIRECTION('',(0.866335865589,0.49946187842,0.));
#4619 = ORIENTED_EDGE('',*,*,#4620,.T.);
#4620 = EDGE_CURVE('',#4613,#3121,#4621,.T.);
#4621 = LINE('',#4622,#4623);
#4622 = CARTESIAN_POINT('',(129.98638546504,43.960188016595,3.475));
#4623 = VECTOR('',#4624,1.);
#4624 = DIRECTION('',(-0.49946187842,0.866335865589,0.));
#4625 = ORIENTED_EDGE('',*,*,#3128,.T.);
#4626 = ORIENTED_EDGE('',*,*,#3025,.T.);
#4627 = ORIENTED_EDGE('',*,*,#4582,.T.);
#4628 = PLANE('',#4629);
#4629 = AXIS2_PLACEMENT_3D('',#4630,#4631,#4632);
#4630 = CARTESIAN_POINT('',(129.98638546504,43.960188016595,3.475));
#4631 = DIRECTION('',(0.,0.,1.));
#4632 = DIRECTION('',(-0.866335865589,-0.49946187842,0.));
#4633 = ADVANCED_FACE('',(#4634),#4700,.F.);
#4634 = FACE_BOUND('',#4635,.F.);
#4635 = EDGE_LOOP('',(#4636,#4646,#4652,#4653,#4654,#4655,#4663,#4671,
    #4679,#4685,#4686,#4694));
#4636 = ORIENTED_EDGE('',*,*,#4637,.T.);
#4637 = EDGE_CURVE('',#4638,#4640,#4642,.T.);
#4638 = VERTEX_POINT('',#4639);
#4639 = CARTESIAN_POINT('',(129.23719264741,45.259691814978,1.975));
#4640 = VERTEX_POINT('',#4641);
#4641 = CARTESIAN_POINT('',(128.21329579665,47.035680339434,1.975));
#4642 = LINE('',#4643,#4644);
#4643 = CARTESIAN_POINT('',(129.23719264741,45.259691814978,1.975));
#4644 = VECTOR('',#4645,1.);
#4645 = DIRECTION('',(-0.49946187842,0.866335865589,0.));
#4646 = ORIENTED_EDGE('',*,*,#4647,.T.);
#4647 = EDGE_CURVE('',#4640,#4613,#4648,.T.);
#4648 = LINE('',#4649,#4650);
#4649 = CARTESIAN_POINT('',(128.21329579665,47.035680339434,1.975));
#4650 = VECTOR('',#4651,1.);
#4651 = DIRECTION('',(0.,0.,1.));
#4652 = ORIENTED_EDGE('',*,*,#4620,.T.);
#4653 = ORIENTED_EDGE('',*,*,#3120,.T.);
#4654 = ORIENTED_EDGE('',*,*,#4558,.F.);
#4655 = ORIENTED_EDGE('',*,*,#4656,.T.);
#4656 = EDGE_CURVE('',#4551,#4657,#4659,.T.);
#4657 = VERTEX_POINT('',#4658);
#4658 = CARTESIAN_POINT('',(128.21329579665,47.035680339434,7.025));
#4659 = LINE('',#4660,#4661);
#4660 = CARTESIAN_POINT('',(128.21329579665,47.035680339434,1.975));
#4661 = VECTOR('',#4662,1.);
#4662 = DIRECTION('',(0.,0.,1.));
#4663 = ORIENTED_EDGE('',*,*,#4664,.F.);
#4664 = EDGE_CURVE('',#4665,#4657,#4667,.T.);
#4665 = VERTEX_POINT('',#4666);
#4666 = CARTESIAN_POINT('',(129.23719264741,45.259691814978,7.025));
#4667 = LINE('',#4668,#4669);
#4668 = CARTESIAN_POINT('',(129.23719264741,45.259691814978,7.025));
#4669 = VECTOR('',#4670,1.);
#4670 = DIRECTION('',(-0.49946187842,0.866335865589,0.));
#4671 = ORIENTED_EDGE('',*,*,#4672,.F.);
#4672 = EDGE_CURVE('',#4673,#4665,#4675,.T.);
#4673 = VERTEX_POINT('',#4674);
#4674 = CARTESIAN_POINT('',(129.23719264741,45.259691814978,5.525));
#4675 = LINE('',#4676,#4677);
#4676 = CARTESIAN_POINT('',(129.23719264741,45.259691814978,1.975));
#4677 = VECTOR('',#4678,1.);
#4678 = DIRECTION('',(0.,0.,1.));
#4679 = ORIENTED_EDGE('',*,*,#4680,.F.);
#4680 = EDGE_CURVE('',#3306,#4673,#4681,.T.);
#4681 = LINE('',#4682,#4683);
#4682 = CARTESIAN_POINT('',(129.98638546504,43.960188016595,5.525));
#4683 = VECTOR('',#4684,1.);
#4684 = DIRECTION('',(-0.49946187842,0.866335865589,0.));
#4685 = ORIENTED_EDGE('',*,*,#3305,.T.);
#4686 = ORIENTED_EDGE('',*,*,#4687,.T.);
#4687 = EDGE_CURVE('',#3298,#4688,#4690,.T.);
#4688 = VERTEX_POINT('',#4689);
#4689 = CARTESIAN_POINT('',(129.23719264741,45.259691814978,3.475));
#4690 = LINE('',#4691,#4692);
#4691 = CARTESIAN_POINT('',(129.98638546504,43.960188016595,3.475));
#4692 = VECTOR('',#4693,1.);
#4693 = DIRECTION('',(-0.49946187842,0.866335865589,0.));
#4694 = ORIENTED_EDGE('',*,*,#4695,.F.);
#4695 = EDGE_CURVE('',#4638,#4688,#4696,.T.);
#4696 = LINE('',#4697,#4698);
#4697 = CARTESIAN_POINT('',(129.23719264741,45.259691814978,1.975));
#4698 = VECTOR('',#4699,1.);
#4699 = DIRECTION('',(0.,0.,1.));
#4700 = PLANE('',#4701);
#4701 = AXIS2_PLACEMENT_3D('',#4702,#4703,#4704);
#4702 = CARTESIAN_POINT('',(128.72524422203,46.147686077206,4.5));
#4703 = DIRECTION('',(0.866335865589,0.49946187842,-0.));
#4704 = DIRECTION('',(-0.,0.,-1.));
#4705 = ADVANCED_FACE('',(#4706),#4733,.T.);
#4706 = FACE_BOUND('',#4707,.T.);
#4707 = EDGE_LOOP('',(#4708,#4718,#4724,#4725,#4726,#4727));
#4708 = ORIENTED_EDGE('',*,*,#4709,.F.);
#4709 = EDGE_CURVE('',#4710,#4712,#4714,.T.);
#4710 = VERTEX_POINT('',#4711);
#4711 = CARTESIAN_POINT('',(121.14975963603,38.865676856711,3.475));
#4712 = VERTEX_POINT('',#4713);
#4713 = CARTESIAN_POINT('',(120.4005668184,40.165180655094,3.475));
#4714 = LINE('',#4715,#4716);
#4715 = CARTESIAN_POINT('',(121.14975963603,38.865676856711,3.475));
#4716 = VECTOR('',#4717,1.);
#4717 = DIRECTION('',(-0.49946187842,0.866335865589,0.));
#4718 = ORIENTED_EDGE('',*,*,#4719,.F.);
#4719 = EDGE_CURVE('',#3266,#4710,#4720,.T.);
#4720 = LINE('',#4721,#4722);
#4721 = CARTESIAN_POINT('',(129.98638546504,43.960188016595,3.475));
#4722 = VECTOR('',#4723,1.);
#4723 = DIRECTION('',(-0.866335865589,-0.49946187842,0.));
#4724 = ORIENTED_EDGE('',*,*,#3273,.T.);
#4725 = ORIENTED_EDGE('',*,*,#3297,.T.);
#4726 = ORIENTED_EDGE('',*,*,#4687,.T.);
#4727 = ORIENTED_EDGE('',*,*,#4728,.F.);
#4728 = EDGE_CURVE('',#4712,#4688,#4729,.T.);
#4729 = LINE('',#4730,#4731);
#4730 = CARTESIAN_POINT('',(129.23719264741,45.259691814978,3.475));
#4731 = VECTOR('',#4732,1.);
#4732 = DIRECTION('',(0.866335865589,0.49946187842,0.));
#4733 = PLANE('',#4734);
#4734 = AXIS2_PLACEMENT_3D('',#4735,#4736,#4737);
#4735 = CARTESIAN_POINT('',(129.98638546504,43.960188016595,3.475));
#4736 = DIRECTION('',(0.,0.,1.));
#4737 = DIRECTION('',(-0.866335865589,-0.49946187842,0.));
#4738 = ADVANCED_FACE('',(#4739),#4757,.T.);
#4739 = FACE_BOUND('',#4740,.T.);
#4740 = EDGE_LOOP('',(#4741,#4749,#4750,#4751));
#4741 = ORIENTED_EDGE('',*,*,#4742,.F.);
#4742 = EDGE_CURVE('',#3258,#4743,#4745,.T.);
#4743 = VERTEX_POINT('',#4744);
#4744 = CARTESIAN_POINT('',(121.14975963603,38.865676856711,5.525));
#4745 = LINE('',#4746,#4747);
#4746 = CARTESIAN_POINT('',(129.98638546504,43.960188016595,5.525));
#4747 = VECTOR('',#4748,1.);
#4748 = DIRECTION('',(-0.866335865589,-0.49946187842,0.));
#4749 = ORIENTED_EDGE('',*,*,#3265,.T.);
#4750 = ORIENTED_EDGE('',*,*,#4719,.T.);
#4751 = ORIENTED_EDGE('',*,*,#4752,.T.);
#4752 = EDGE_CURVE('',#4710,#4743,#4753,.T.);
#4753 = LINE('',#4754,#4755);
#4754 = CARTESIAN_POINT('',(121.14975963603,38.865676856711,3.475));
#4755 = VECTOR('',#4756,1.);
#4756 = DIRECTION('',(0.,0.,1.));
#4757 = PLANE('',#4758);
#4758 = AXIS2_PLACEMENT_3D('',#4759,#4760,#4761);
#4759 = CARTESIAN_POINT('',(129.98638546504,43.960188016595,3.475));
#4760 = DIRECTION('',(-0.49946187842,0.866335865589,0.));
#4761 = DIRECTION('',(-0.866335865589,-0.49946187842,0.));
#4762 = ADVANCED_FACE('',(#4763),#4783,.F.);
#4763 = FACE_BOUND('',#4764,.F.);
#4764 = EDGE_LOOP('',(#4765,#4773,#4774,#4775,#4776,#4777));
#4765 = ORIENTED_EDGE('',*,*,#4766,.F.);
#4766 = EDGE_CURVE('',#4743,#4767,#4769,.T.);
#4767 = VERTEX_POINT('',#4768);
#4768 = CARTESIAN_POINT('',(120.4005668184,40.165180655094,5.525));
#4769 = LINE('',#4770,#4771);
#4770 = CARTESIAN_POINT('',(121.14975963603,38.865676856711,5.525));
#4771 = VECTOR('',#4772,1.);
#4772 = DIRECTION('',(-0.49946187842,0.866335865589,0.));
#4773 = ORIENTED_EDGE('',*,*,#4742,.F.);
#4774 = ORIENTED_EDGE('',*,*,#3257,.T.);
#4775 = ORIENTED_EDGE('',*,*,#3313,.T.);
#4776 = ORIENTED_EDGE('',*,*,#4680,.T.);
#4777 = ORIENTED_EDGE('',*,*,#4778,.F.);
#4778 = EDGE_CURVE('',#4767,#4673,#4779,.T.);
#4779 = LINE('',#4780,#4781);
#4780 = CARTESIAN_POINT('',(129.23719264741,45.259691814978,5.525));
#4781 = VECTOR('',#4782,1.);
#4782 = DIRECTION('',(0.866335865589,0.49946187842,0.));
#4783 = PLANE('',#4784);
#4784 = AXIS2_PLACEMENT_3D('',#4785,#4786,#4787);
#4785 = CARTESIAN_POINT('',(129.98638546504,43.960188016595,5.525));
#4786 = DIRECTION('',(0.,0.,1.));
#4787 = DIRECTION('',(-0.866335865589,-0.49946187842,0.));
#4788 = ADVANCED_FACE('',(#4789),#4814,.F.);
#4789 = FACE_BOUND('',#4790,.F.);
#4790 = EDGE_LOOP('',(#4791,#4801,#4807,#4808));
#4791 = ORIENTED_EDGE('',*,*,#4792,.F.);
#4792 = EDGE_CURVE('',#4793,#4795,#4797,.T.);
#4793 = VERTEX_POINT('',#4794);
#4794 = CARTESIAN_POINT('',(24.060716993902,10.333821171763,8.4));
#4795 = VERTEX_POINT('',#4796);
#4796 = CARTESIAN_POINT('',(25.882066970412,10.819786487095,8.4));
#4797 = LINE('',#4798,#4799);
#4798 = CARTESIAN_POINT('',(24.060716993902,10.333821171763,8.4));
#4799 = VECTOR('',#4800,1.);
#4800 = DIRECTION('',(0.966199008456,0.25779735464,0.));
#4801 = ORIENTED_EDGE('',*,*,#4802,.T.);
#4802 = EDGE_CURVE('',#4793,#4054,#4803,.T.);
#4803 = LINE('',#4804,#4805);
#4804 = CARTESIAN_POINT('',(24.060716993902,10.333821171763,8.4));
#4805 = VECTOR('',#4806,1.);
#4806 = DIRECTION('',(0.,0.,1.));
#4807 = ORIENTED_EDGE('',*,*,#4051,.F.);
#4808 = ORIENTED_EDGE('',*,*,#4809,.F.);
#4809 = EDGE_CURVE('',#4795,#4052,#4810,.T.);
#4810 = LINE('',#4811,#4812);
#4811 = CARTESIAN_POINT('',(25.882066970412,10.819786487095,8.4));
#4812 = VECTOR('',#4813,1.);
#4813 = DIRECTION('',(0.,0.,1.));
#4814 = PLANE('',#4815);
#4815 = AXIS2_PLACEMENT_3D('',#4816,#4817,#4818);
#4816 = CARTESIAN_POINT('',(24.060716993902,10.333821171763,8.4));
#4817 = DIRECTION('',(-0.25779735464,0.966199008456,0.));
#4818 = DIRECTION('',(0.966199008456,0.25779735464,0.));
#4819 = ADVANCED_FACE('',(#4820),#4838,.F.);
#4820 = FACE_BOUND('',#4821,.F.);
#4821 = EDGE_LOOP('',(#4822,#4830,#4831,#4832));
#4822 = ORIENTED_EDGE('',*,*,#4823,.F.);
#4823 = EDGE_CURVE('',#4795,#4824,#4826,.T.);
#4824 = VERTEX_POINT('',#4825);
#4825 = CARTESIAN_POINT('',(26.952704574783,6.807142551308,8.4));
#4826 = LINE('',#4827,#4828);
#4827 = CARTESIAN_POINT('',(25.882066970412,10.819786487095,8.4));
#4828 = VECTOR('',#4829,1.);
#4829 = DIRECTION('',(0.25779735464,-0.966199008456,-0.));
#4830 = ORIENTED_EDGE('',*,*,#4809,.T.);
#4831 = ORIENTED_EDGE('',*,*,#4061,.F.);
#4832 = ORIENTED_EDGE('',*,*,#4833,.F.);
#4833 = EDGE_CURVE('',#4824,#4062,#4834,.T.);
#4834 = LINE('',#4835,#4836);
#4835 = CARTESIAN_POINT('',(26.952704574783,6.807142551308,8.4));
#4836 = VECTOR('',#4837,1.);
#4837 = DIRECTION('',(0.,0.,1.));
#4838 = PLANE('',#4839);
#4839 = AXIS2_PLACEMENT_3D('',#4840,#4841,#4842);
#4840 = CARTESIAN_POINT('',(25.882066970412,10.819786487095,8.4));
#4841 = DIRECTION('',(0.966199008456,0.25779735464,0.));
#4842 = DIRECTION('',(0.25779735464,-0.966199008456,0.));
#4843 = ADVANCED_FACE('',(#4844),#4862,.F.);
#4844 = FACE_BOUND('',#4845,.F.);
#4845 = EDGE_LOOP('',(#4846,#4854,#4860,#4861));
#4846 = ORIENTED_EDGE('',*,*,#4847,.F.);
#4847 = EDGE_CURVE('',#4848,#4793,#4850,.T.);
#4848 = VERTEX_POINT('',#4849);
#4849 = CARTESIAN_POINT('',(22.526998836208,5.865459720863,8.4));
#4850 = LINE('',#4851,#4852);
#4851 = CARTESIAN_POINT('',(22.526998836208,5.865459720863,8.4));
#4852 = VECTOR('',#4853,1.);
#4853 = DIRECTION('',(0.324647913235,0.945834939317,0.));
#4854 = ORIENTED_EDGE('',*,*,#4855,.T.);
#4855 = EDGE_CURVE('',#4848,#4126,#4856,.T.);
#4856 = LINE('',#4857,#4858);
#4857 = CARTESIAN_POINT('',(22.526998836208,5.865459720863,8.4));
#4858 = VECTOR('',#4859,1.);
#4859 = DIRECTION('',(0.,0.,1.));
#4860 = ORIENTED_EDGE('',*,*,#4133,.F.);
#4861 = ORIENTED_EDGE('',*,*,#4802,.F.);
#4862 = PLANE('',#4863);
#4863 = AXIS2_PLACEMENT_3D('',#4864,#4865,#4866);
#4864 = CARTESIAN_POINT('',(22.526998836208,5.865459720863,8.4));
#4865 = DIRECTION('',(-0.945834939317,0.324647913235,0.));
#4866 = DIRECTION('',(0.324647913235,0.945834939317,0.));
#4867 = ADVANCED_FACE('',(#4868),#4886,.F.);
#4868 = FACE_BOUND('',#4869,.F.);
#4869 = EDGE_LOOP('',(#4870,#4878,#4879,#4880));
#4870 = ORIENTED_EDGE('',*,*,#4871,.F.);
#4871 = EDGE_CURVE('',#4824,#4872,#4874,.T.);
#4872 = VERTEX_POINT('',#4873);
#4873 = CARTESIAN_POINT('',(27.859124072439,7.048989775994,8.4));
#4874 = LINE('',#4875,#4876);
#4875 = CARTESIAN_POINT('',(26.952704574783,6.807142551308,8.4));
#4876 = VECTOR('',#4877,1.);
#4877 = DIRECTION('',(0.966199008456,0.25779735464,0.));
#4878 = ORIENTED_EDGE('',*,*,#4833,.T.);
#4879 = ORIENTED_EDGE('',*,*,#4069,.F.);
#4880 = ORIENTED_EDGE('',*,*,#4881,.F.);
#4881 = EDGE_CURVE('',#4872,#4070,#4882,.T.);
#4882 = LINE('',#4883,#4884);
#4883 = CARTESIAN_POINT('',(27.859124072439,7.048989775994,8.4));
#4884 = VECTOR('',#4885,1.);
#4885 = DIRECTION('',(0.,0.,1.));
#4886 = PLANE('',#4887);
#4887 = AXIS2_PLACEMENT_3D('',#4888,#4889,#4890);
#4888 = CARTESIAN_POINT('',(26.952704574783,6.807142551308,8.4));
#4889 = DIRECTION('',(-0.25779735464,0.966199008456,0.));
#4890 = DIRECTION('',(0.966199008456,0.25779735464,0.));
#4891 = ADVANCED_FACE('',(#4892),#4910,.F.);
#4892 = FACE_BOUND('',#4893,.F.);
#4893 = EDGE_LOOP('',(#4894,#4902,#4908,#4909));
#4894 = ORIENTED_EDGE('',*,*,#4895,.F.);
#4895 = EDGE_CURVE('',#4896,#4848,#4898,.T.);
#4896 = VERTEX_POINT('',#4897);
#4897 = CARTESIAN_POINT('',(22.901464632929,4.461998921207,8.4));
#4898 = LINE('',#4899,#4900);
#4899 = CARTESIAN_POINT('',(22.901464632929,4.461998921207,8.4));
#4900 = VECTOR('',#4901,1.);
#4901 = DIRECTION('',(-0.25779735464,0.966199008456,0.));
#4902 = ORIENTED_EDGE('',*,*,#4903,.T.);
#4903 = EDGE_CURVE('',#4896,#4118,#4904,.T.);
#4904 = LINE('',#4905,#4906);
#4905 = CARTESIAN_POINT('',(22.901464632929,4.461998921207,8.4));
#4906 = VECTOR('',#4907,1.);
#4907 = DIRECTION('',(0.,0.,1.));
#4908 = ORIENTED_EDGE('',*,*,#4125,.F.);
#4909 = ORIENTED_EDGE('',*,*,#4855,.F.);
#4910 = PLANE('',#4911);
#4911 = AXIS2_PLACEMENT_3D('',#4912,#4913,#4914);
#4912 = CARTESIAN_POINT('',(22.901464632929,4.461998921207,8.4));
#4913 = DIRECTION('',(-0.966199008456,-0.25779735464,0.));
#4914 = DIRECTION('',(-0.25779735464,0.966199008456,0.));
#4915 = ADVANCED_FACE('',(#4916),#4934,.F.);
#4916 = FACE_BOUND('',#4917,.F.);
#4917 = EDGE_LOOP('',(#4918,#4926,#4927,#4928));
#4918 = ORIENTED_EDGE('',*,*,#4919,.F.);
#4919 = EDGE_CURVE('',#4872,#4920,#4922,.T.);
#4920 = VERTEX_POINT('',#4921);
#4921 = CARTESIAN_POINT('',(28.174017485489,5.868800383115,8.4));
#4922 = LINE('',#4923,#4924);
#4923 = CARTESIAN_POINT('',(27.859124072439,7.048989775994,8.4));
#4924 = VECTOR('',#4925,1.);
#4925 = DIRECTION('',(0.25779735464,-0.966199008456,-0.));
#4926 = ORIENTED_EDGE('',*,*,#4881,.T.);
#4927 = ORIENTED_EDGE('',*,*,#4077,.F.);
#4928 = ORIENTED_EDGE('',*,*,#4929,.F.);
#4929 = EDGE_CURVE('',#4920,#4078,#4930,.T.);
#4930 = LINE('',#4931,#4932);
#4931 = CARTESIAN_POINT('',(28.174017485489,5.868800383115,8.4));
#4932 = VECTOR('',#4933,1.);
#4933 = DIRECTION('',(0.,0.,1.));
#4934 = PLANE('',#4935);
#4935 = AXIS2_PLACEMENT_3D('',#4936,#4937,#4938);
#4936 = CARTESIAN_POINT('',(27.859124072439,7.048989775994,8.4));
#4937 = DIRECTION('',(0.966199008456,0.25779735464,0.));
#4938 = DIRECTION('',(0.25779735464,-0.966199008456,0.));
#4939 = ADVANCED_FACE('',(#4940),#4958,.F.);
#4940 = FACE_BOUND('',#4941,.F.);
#4941 = EDGE_LOOP('',(#4942,#4950,#4956,#4957));
#4942 = ORIENTED_EDGE('',*,*,#4943,.F.);
#4943 = EDGE_CURVE('',#4944,#4896,#4946,.T.);
#4944 = VERTEX_POINT('',#4945);
#4945 = CARTESIAN_POINT('',(25.71859940968,5.2136555538,8.4));
#4946 = LINE('',#4947,#4948);
#4947 = CARTESIAN_POINT('',(25.71859940968,5.2136555538,8.4));
#4948 = VECTOR('',#4949,1.);
#4949 = DIRECTION('',(-0.966199008456,-0.25779735464,0.));
#4950 = ORIENTED_EDGE('',*,*,#4951,.T.);
#4951 = EDGE_CURVE('',#4944,#4110,#4952,.T.);
#4952 = LINE('',#4953,#4954);
#4953 = CARTESIAN_POINT('',(25.71859940968,5.2136555538,8.4));
#4954 = VECTOR('',#4955,1.);
#4955 = DIRECTION('',(0.,0.,1.));
#4956 = ORIENTED_EDGE('',*,*,#4117,.F.);
#4957 = ORIENTED_EDGE('',*,*,#4903,.F.);
#4958 = PLANE('',#4959);
#4959 = AXIS2_PLACEMENT_3D('',#4960,#4961,#4962);
#4960 = CARTESIAN_POINT('',(25.71859940968,5.2136555538,8.4));
#4961 = DIRECTION('',(0.25779735464,-0.966199008456,0.));
#4962 = DIRECTION('',(-0.966199008456,-0.25779735464,0.));
#4963 = ADVANCED_FACE('',(#4964),#4982,.F.);
#4964 = FACE_BOUND('',#4965,.F.);
#4965 = EDGE_LOOP('',(#4966,#4974,#4975,#4976));
#4966 = ORIENTED_EDGE('',*,*,#4967,.F.);
#4967 = EDGE_CURVE('',#4920,#4968,#4970,.T.);
#4968 = VERTEX_POINT('',#4969);
#4969 = CARTESIAN_POINT('',(27.267597987833,5.626953158429,8.4));
#4970 = LINE('',#4971,#4972);
#4971 = CARTESIAN_POINT('',(28.174017485489,5.868800383115,8.4));
#4972 = VECTOR('',#4973,1.);
#4973 = DIRECTION('',(-0.966199008456,-0.25779735464,0.));
#4974 = ORIENTED_EDGE('',*,*,#4929,.T.);
#4975 = ORIENTED_EDGE('',*,*,#4085,.F.);
#4976 = ORIENTED_EDGE('',*,*,#4977,.F.);
#4977 = EDGE_CURVE('',#4968,#4086,#4978,.T.);
#4978 = LINE('',#4979,#4980);
#4979 = CARTESIAN_POINT('',(27.267597987833,5.626953158429,8.4));
#4980 = VECTOR('',#4981,1.);
#4981 = DIRECTION('',(0.,0.,1.));
#4982 = PLANE('',#4983);
#4983 = AXIS2_PLACEMENT_3D('',#4984,#4985,#4986);
#4984 = CARTESIAN_POINT('',(28.174017485489,5.868800383115,8.4));
#4985 = DIRECTION('',(0.25779735464,-0.966199008456,0.));
#4986 = DIRECTION('',(-0.966199008456,-0.25779735464,0.));
#4987 = ADVANCED_FACE('',(#4988),#5006,.F.);
#4988 = FACE_BOUND('',#4989,.F.);
#4989 = EDGE_LOOP('',(#4990,#4998,#5004,#5005));
#4990 = ORIENTED_EDGE('',*,*,#4991,.F.);
#4991 = EDGE_CURVE('',#4992,#4944,#4994,.T.);
#4992 = VERTEX_POINT('',#4993);
#4993 = CARTESIAN_POINT('',(26.028648308684,4.051622920812,8.4));
#4994 = LINE('',#4995,#4996);
#4995 = CARTESIAN_POINT('',(26.028648308684,4.051622920812,8.4));
#4996 = VECTOR('',#4997,1.);
#4997 = DIRECTION('',(-0.25779735464,0.966199008456,0.));
#4998 = ORIENTED_EDGE('',*,*,#4999,.T.);
#4999 = EDGE_CURVE('',#4992,#4102,#5000,.T.);
#5000 = LINE('',#5001,#5002);
#5001 = CARTESIAN_POINT('',(26.028648308684,4.051622920812,8.4));
#5002 = VECTOR('',#5003,1.);
#5003 = DIRECTION('',(0.,0.,1.));
#5004 = ORIENTED_EDGE('',*,*,#4109,.F.);
#5005 = ORIENTED_EDGE('',*,*,#4951,.F.);
#5006 = PLANE('',#5007);
#5007 = AXIS2_PLACEMENT_3D('',#5008,#5009,#5010);
#5008 = CARTESIAN_POINT('',(26.028648308684,4.051622920812,8.4));
#5009 = DIRECTION('',(-0.966199008456,-0.25779735464,0.));
#5010 = DIRECTION('',(-0.25779735464,0.966199008456,0.));
#5011 = ADVANCED_FACE('',(#5012),#5030,.F.);
#5012 = FACE_BOUND('',#5013,.F.);
#5013 = EDGE_LOOP('',(#5014,#5022,#5023,#5024));
#5014 = ORIENTED_EDGE('',*,*,#5015,.F.);
#5015 = EDGE_CURVE('',#4968,#5016,#5018,.T.);
#5016 = VERTEX_POINT('',#5017);
#5017 = CARTESIAN_POINT('',(27.577646886837,4.464920525441,8.4));
#5018 = LINE('',#5019,#5020);
#5019 = CARTESIAN_POINT('',(27.267597987833,5.626953158429,8.4));
#5020 = VECTOR('',#5021,1.);
#5021 = DIRECTION('',(0.25779735464,-0.966199008456,-0.));
#5022 = ORIENTED_EDGE('',*,*,#4977,.T.);
#5023 = ORIENTED_EDGE('',*,*,#4093,.F.);
#5024 = ORIENTED_EDGE('',*,*,#5025,.F.);
#5025 = EDGE_CURVE('',#5016,#4094,#5026,.T.);
#5026 = LINE('',#5027,#5028);
#5027 = CARTESIAN_POINT('',(27.577646886837,4.464920525441,8.4));
#5028 = VECTOR('',#5029,1.);
#5029 = DIRECTION('',(0.,0.,1.));
#5030 = PLANE('',#5031);
#5031 = AXIS2_PLACEMENT_3D('',#5032,#5033,#5034);
#5032 = CARTESIAN_POINT('',(27.267597987833,5.626953158429,8.4));
#5033 = DIRECTION('',(0.966199008456,0.25779735464,0.));
#5034 = DIRECTION('',(0.25779735464,-0.966199008456,0.));
#5035 = ADVANCED_FACE('',(#5036),#5047,.F.);
#5036 = FACE_BOUND('',#5037,.F.);
#5037 = EDGE_LOOP('',(#5038,#5044,#5045,#5046));
#5038 = ORIENTED_EDGE('',*,*,#5039,.F.);
#5039 = EDGE_CURVE('',#5016,#4992,#5040,.T.);
#5040 = LINE('',#5041,#5042);
#5041 = CARTESIAN_POINT('',(27.577646886837,4.464920525441,8.4));
#5042 = VECTOR('',#5043,1.);
#5043 = DIRECTION('',(-0.966199008456,-0.25779735464,0.));
#5044 = ORIENTED_EDGE('',*,*,#5025,.T.);
#5045 = ORIENTED_EDGE('',*,*,#4101,.F.);
#5046 = ORIENTED_EDGE('',*,*,#4999,.F.);
#5047 = PLANE('',#5048);
#5048 = AXIS2_PLACEMENT_3D('',#5049,#5050,#5051);
#5049 = CARTESIAN_POINT('',(27.577646886837,4.464920525441,8.4));
#5050 = DIRECTION('',(0.25779735464,-0.966199008456,0.));
#5051 = DIRECTION('',(-0.966199008456,-0.25779735464,0.));
#5052 = ADVANCED_FACE('',(#5053),#5067,.F.);
#5053 = FACE_BOUND('',#5054,.F.);
#5054 = EDGE_LOOP('',(#5055,#5056,#5057,#5058,#5059,#5060,#5061,#5062,
    #5063,#5064,#5065,#5066));
#5055 = ORIENTED_EDGE('',*,*,#4286,.F.);
#5056 = ORIENTED_EDGE('',*,*,#4246,.F.);
#5057 = ORIENTED_EDGE('',*,*,#4190,.T.);
#5058 = ORIENTED_EDGE('',*,*,#4212,.F.);
#5059 = ORIENTED_EDGE('',*,*,#4270,.T.);
#5060 = ORIENTED_EDGE('',*,*,#4308,.T.);
#5061 = ORIENTED_EDGE('',*,*,#4358,.T.);
#5062 = ORIENTED_EDGE('',*,*,#4414,.T.);
#5063 = ORIENTED_EDGE('',*,*,#4454,.F.);
#5064 = ORIENTED_EDGE('',*,*,#4428,.T.);
#5065 = ORIENTED_EDGE('',*,*,#4390,.F.);
#5066 = ORIENTED_EDGE('',*,*,#4332,.F.);
#5067 = PLANE('',#5068);
#5068 = AXIS2_PLACEMENT_3D('',#5069,#5070,#5071);
#5069 = CARTESIAN_POINT('',(10.1,5.8,4.5));
#5070 = DIRECTION('',(1.,0.,0.));
#5071 = DIRECTION('',(0.,1.,0.));
#5072 = ADVANCED_FACE('',(#5073),#5076,.F.);
#5073 = FACE_BOUND('',#5074,.F.);
#5074 = EDGE_LOOP('',(#5075));
#5075 = ORIENTED_EDGE('',*,*,#4477,.T.);
#5076 = PLANE('',#5077);
#5077 = AXIS2_PLACEMENT_3D('',#5078,#5079,#5080);
#5078 = CARTESIAN_POINT('',(2.,1.45,6.3));
#5079 = DIRECTION('',(1.,0.,0.));
#5080 = DIRECTION('',(0.,1.,0.));
#5081 = ADVANCED_FACE('',(#5082),#5134,.F.);
#5082 = FACE_BOUND('',#5083,.F.);
#5083 = EDGE_LOOP('',(#5084,#5092,#5100,#5106,#5107,#5108,#5109,#5117,
    #5125,#5131,#5132,#5133));
#5084 = ORIENTED_EDGE('',*,*,#5085,.F.);
#5085 = EDGE_CURVE('',#5086,#4605,#5088,.T.);
#5086 = VERTEX_POINT('',#5087);
#5087 = CARTESIAN_POINT('',(119.37666996764,41.941169179551,1.975));
#5088 = LINE('',#5089,#5090);
#5089 = CARTESIAN_POINT('',(119.37666996764,41.941169179551,1.975));
#5090 = VECTOR('',#5091,1.);
#5091 = DIRECTION('',(0.,0.,1.));
#5092 = ORIENTED_EDGE('',*,*,#5093,.F.);
#5093 = EDGE_CURVE('',#5094,#5086,#5096,.T.);
#5094 = VERTEX_POINT('',#5095);
#5095 = CARTESIAN_POINT('',(120.4005668184,40.165180655094,1.975));
#5096 = LINE('',#5097,#5098);
#5097 = CARTESIAN_POINT('',(120.4005668184,40.165180655094,1.975));
#5098 = VECTOR('',#5099,1.);
#5099 = DIRECTION('',(-0.49946187842,0.866335865589,0.));
#5100 = ORIENTED_EDGE('',*,*,#5101,.T.);
#5101 = EDGE_CURVE('',#5094,#4712,#5102,.T.);
#5102 = LINE('',#5103,#5104);
#5103 = CARTESIAN_POINT('',(120.4005668184,40.165180655094,1.975));
#5104 = VECTOR('',#5105,1.);
#5105 = DIRECTION('',(0.,0.,1.));
#5106 = ORIENTED_EDGE('',*,*,#4709,.F.);
#5107 = ORIENTED_EDGE('',*,*,#4752,.T.);
#5108 = ORIENTED_EDGE('',*,*,#4766,.T.);
#5109 = ORIENTED_EDGE('',*,*,#5110,.T.);
#5110 = EDGE_CURVE('',#4767,#5111,#5113,.T.);
#5111 = VERTEX_POINT('',#5112);
#5112 = CARTESIAN_POINT('',(120.4005668184,40.165180655094,7.025));
#5113 = LINE('',#5114,#5115);
#5114 = CARTESIAN_POINT('',(120.4005668184,40.165180655094,1.975));
#5115 = VECTOR('',#5116,1.);
#5116 = DIRECTION('',(0.,0.,1.));
#5117 = ORIENTED_EDGE('',*,*,#5118,.T.);
#5118 = EDGE_CURVE('',#5111,#5119,#5121,.T.);
#5119 = VERTEX_POINT('',#5120);
#5120 = CARTESIAN_POINT('',(119.37666996764,41.941169179551,7.025));
#5121 = LINE('',#5122,#5123);
#5122 = CARTESIAN_POINT('',(120.4005668184,40.165180655094,7.025));
#5123 = VECTOR('',#5124,1.);
#5124 = DIRECTION('',(-0.49946187842,0.866335865589,0.));
#5125 = ORIENTED_EDGE('',*,*,#5126,.F.);
#5126 = EDGE_CURVE('',#4541,#5119,#5127,.T.);
#5127 = LINE('',#5128,#5129);
#5128 = CARTESIAN_POINT('',(119.37666996764,41.941169179551,1.975));
#5129 = VECTOR('',#5130,1.);
#5130 = DIRECTION('',(0.,0.,1.));
#5131 = ORIENTED_EDGE('',*,*,#4540,.T.);
#5132 = ORIENTED_EDGE('',*,*,#4590,.F.);
#5133 = ORIENTED_EDGE('',*,*,#4604,.F.);
#5134 = PLANE('',#5135);
#5135 = AXIS2_PLACEMENT_3D('',#5136,#5137,#5138);
#5136 = CARTESIAN_POINT('',(119.88861839302,41.053174917322,4.5));
#5137 = DIRECTION('',(-0.866335865589,-0.49946187842,0.));
#5138 = DIRECTION('',(0.,0.,1.));
#5139 = ADVANCED_FACE('',(#5140),#5151,.F.);
#5140 = FACE_BOUND('',#5141,.F.);
#5141 = EDGE_LOOP('',(#5142,#5143,#5144,#5145));
#5142 = ORIENTED_EDGE('',*,*,#4656,.F.);
#5143 = ORIENTED_EDGE('',*,*,#4550,.F.);
#5144 = ORIENTED_EDGE('',*,*,#5126,.T.);
#5145 = ORIENTED_EDGE('',*,*,#5146,.F.);
#5146 = EDGE_CURVE('',#4657,#5119,#5147,.T.);
#5147 = LINE('',#5148,#5149);
#5148 = CARTESIAN_POINT('',(128.21329579665,47.035680339434,7.025));
#5149 = VECTOR('',#5150,1.);
#5150 = DIRECTION('',(-0.866335865589,-0.49946187842,0.));
#5151 = PLANE('',#5152);
#5152 = AXIS2_PLACEMENT_3D('',#5153,#5154,#5155);
#5153 = CARTESIAN_POINT('',(128.21329579665,47.035680339434,1.975));
#5154 = DIRECTION('',(-0.49946187842,0.866335865589,0.));
#5155 = DIRECTION('',(-0.866335865589,-0.49946187842,0.));
#5156 = ADVANCED_FACE('',(#5157),#5168,.F.);
#5157 = FACE_BOUND('',#5158,.F.);
#5158 = EDGE_LOOP('',(#5159,#5160,#5166,#5167));
#5159 = ORIENTED_EDGE('',*,*,#4647,.F.);
#5160 = ORIENTED_EDGE('',*,*,#5161,.T.);
#5161 = EDGE_CURVE('',#4640,#5086,#5162,.T.);
#5162 = LINE('',#5163,#5164);
#5163 = CARTESIAN_POINT('',(128.21329579665,47.035680339434,1.975));
#5164 = VECTOR('',#5165,1.);
#5165 = DIRECTION('',(-0.866335865589,-0.49946187842,0.));
#5166 = ORIENTED_EDGE('',*,*,#5085,.T.);
#5167 = ORIENTED_EDGE('',*,*,#4612,.T.);
#5168 = PLANE('',#5169);
#5169 = AXIS2_PLACEMENT_3D('',#5170,#5171,#5172);
#5170 = CARTESIAN_POINT('',(128.21329579665,47.035680339434,1.975));
#5171 = DIRECTION('',(-0.49946187842,0.866335865589,0.));
#5172 = DIRECTION('',(-0.866335865589,-0.49946187842,0.));
#5173 = ADVANCED_FACE('',(#5174),#5185,.T.);
#5174 = FACE_BOUND('',#5175,.T.);
#5175 = EDGE_LOOP('',(#5176,#5182,#5183,#5184));
#5176 = ORIENTED_EDGE('',*,*,#5177,.F.);
#5177 = EDGE_CURVE('',#4638,#5094,#5178,.T.);
#5178 = LINE('',#5179,#5180);
#5179 = CARTESIAN_POINT('',(129.23719264741,45.259691814978,1.975));
#5180 = VECTOR('',#5181,1.);
#5181 = DIRECTION('',(-0.866335865589,-0.49946187842,0.));
#5182 = ORIENTED_EDGE('',*,*,#4637,.T.);
#5183 = ORIENTED_EDGE('',*,*,#5161,.T.);
#5184 = ORIENTED_EDGE('',*,*,#5093,.F.);
#5185 = PLANE('',#5186);
#5186 = AXIS2_PLACEMENT_3D('',#5187,#5188,#5189);
#5187 = CARTESIAN_POINT('',(129.23719264741,45.259691814978,1.975));
#5188 = DIRECTION('',(0.,0.,1.));
#5189 = DIRECTION('',(-0.866335865589,-0.49946187842,0.));
#5190 = ADVANCED_FACE('',(#5191),#5197,.T.);
#5191 = FACE_BOUND('',#5192,.T.);
#5192 = EDGE_LOOP('',(#5193,#5194,#5195,#5196));
#5193 = ORIENTED_EDGE('',*,*,#4695,.F.);
#5194 = ORIENTED_EDGE('',*,*,#5177,.T.);
#5195 = ORIENTED_EDGE('',*,*,#5101,.T.);
#5196 = ORIENTED_EDGE('',*,*,#4728,.T.);
#5197 = PLANE('',#5198);
#5198 = AXIS2_PLACEMENT_3D('',#5199,#5200,#5201);
#5199 = CARTESIAN_POINT('',(129.23719264741,45.259691814978,1.975));
#5200 = DIRECTION('',(-0.49946187842,0.866335865589,0.));
#5201 = DIRECTION('',(-0.866335865589,-0.49946187842,0.));
#5202 = ADVANCED_FACE('',(#5203),#5214,.T.);
#5203 = FACE_BOUND('',#5204,.T.);
#5204 = EDGE_LOOP('',(#5205,#5206,#5207,#5208));
#5205 = ORIENTED_EDGE('',*,*,#4672,.F.);
#5206 = ORIENTED_EDGE('',*,*,#4778,.F.);
#5207 = ORIENTED_EDGE('',*,*,#5110,.T.);
#5208 = ORIENTED_EDGE('',*,*,#5209,.F.);
#5209 = EDGE_CURVE('',#4665,#5111,#5210,.T.);
#5210 = LINE('',#5211,#5212);
#5211 = CARTESIAN_POINT('',(129.23719264741,45.259691814978,7.025));
#5212 = VECTOR('',#5213,1.);
#5213 = DIRECTION('',(-0.866335865589,-0.49946187842,0.));
#5214 = PLANE('',#5215);
#5215 = AXIS2_PLACEMENT_3D('',#5216,#5217,#5218);
#5216 = CARTESIAN_POINT('',(129.23719264741,45.259691814978,1.975));
#5217 = DIRECTION('',(-0.49946187842,0.866335865589,0.));
#5218 = DIRECTION('',(-0.866335865589,-0.49946187842,0.));
#5219 = ADVANCED_FACE('',(#5220),#5226,.F.);
#5220 = FACE_BOUND('',#5221,.F.);
#5221 = EDGE_LOOP('',(#5222,#5223,#5224,#5225));
#5222 = ORIENTED_EDGE('',*,*,#5209,.F.);
#5223 = ORIENTED_EDGE('',*,*,#4664,.T.);
#5224 = ORIENTED_EDGE('',*,*,#5146,.T.);
#5225 = ORIENTED_EDGE('',*,*,#5118,.F.);
#5226 = PLANE('',#5227);
#5227 = AXIS2_PLACEMENT_3D('',#5228,#5229,#5230);
#5228 = CARTESIAN_POINT('',(129.23719264741,45.259691814978,7.025));
#5229 = DIRECTION('',(0.,0.,1.));
#5230 = DIRECTION('',(-0.866335865589,-0.49946187842,0.));
#5231 = ADVANCED_FACE('',(#5232,#5245),#5271,.T.);
#5232 = FACE_BOUND('',#5233,.F.);
#5233 = EDGE_LOOP('',(#5234,#5235,#5236,#5237,#5238,#5239,#5240,#5241,
    #5242,#5243,#5244));
#5234 = ORIENTED_EDGE('',*,*,#4792,.T.);
#5235 = ORIENTED_EDGE('',*,*,#4823,.T.);
#5236 = ORIENTED_EDGE('',*,*,#4871,.T.);
#5237 = ORIENTED_EDGE('',*,*,#4919,.T.);
#5238 = ORIENTED_EDGE('',*,*,#4967,.T.);
#5239 = ORIENTED_EDGE('',*,*,#5015,.T.);
#5240 = ORIENTED_EDGE('',*,*,#5039,.T.);
#5241 = ORIENTED_EDGE('',*,*,#4991,.T.);
#5242 = ORIENTED_EDGE('',*,*,#4943,.T.);
#5243 = ORIENTED_EDGE('',*,*,#4895,.T.);
#5244 = ORIENTED_EDGE('',*,*,#4847,.T.);
#5245 = FACE_BOUND('',#5246,.F.);
#5246 = EDGE_LOOP('',(#5247,#5257,#5265));
#5247 = ORIENTED_EDGE('',*,*,#5248,.T.);
#5248 = EDGE_CURVE('',#5249,#5251,#5253,.T.);
#5249 = VERTEX_POINT('',#5250);
#5250 = CARTESIAN_POINT('',(24.693379124499,9.056079865615,8.4));
#5251 = VERTEX_POINT('',#5252);
#5252 = CARTESIAN_POINT('',(23.607888963716,5.914692229225,8.4));
#5253 = LINE('',#5254,#5255);
#5254 = CARTESIAN_POINT('',(24.693379124499,9.056079865615,8.4));
#5255 = VECTOR('',#5256,1.);
#5256 = DIRECTION('',(-0.326596461732,-0.945163875306,0.));
#5257 = ORIENTED_EDGE('',*,*,#5258,.T.);
#5258 = EDGE_CURVE('',#5251,#5259,#5261,.T.);
#5259 = VERTEX_POINT('',#5260);
#5260 = CARTESIAN_POINT('',(25.40370599663,6.393844946679,8.4));
#5261 = LINE('',#5262,#5263);
#5262 = CARTESIAN_POINT('',(23.607888963716,5.914692229225,8.4));
#5263 = VECTOR('',#5264,1.);
#5264 = DIRECTION('',(0.966199008456,0.25779735464,0.));
#5265 = ORIENTED_EDGE('',*,*,#5266,.T.);
#5266 = EDGE_CURVE('',#5259,#5249,#5267,.T.);
#5267 = LINE('',#5268,#5269);
#5268 = CARTESIAN_POINT('',(25.40370599663,6.393844946679,8.4));
#5269 = VECTOR('',#5270,1.);
#5270 = DIRECTION('',(-0.25779735464,0.966199008456,0.));
#5271 = PLANE('',#5272);
#5272 = AXIS2_PLACEMENT_3D('',#5273,#5274,#5275);
#5273 = CARTESIAN_POINT('',(25.138589124203,7.034476568665,8.4));
#5274 = DIRECTION('',(0.,0.,1.));
#5275 = DIRECTION('',(0.966199008456,0.25779735464,0.));
#5276 = ADVANCED_FACE('',(#5277),#5302,.F.);
#5277 = FACE_BOUND('',#5278,.F.);
#5278 = EDGE_LOOP('',(#5279,#5280,#5288,#5296));
#5279 = ORIENTED_EDGE('',*,*,#5248,.F.);
#5280 = ORIENTED_EDGE('',*,*,#5281,.T.);
#5281 = EDGE_CURVE('',#5249,#5282,#5284,.T.);
#5282 = VERTEX_POINT('',#5283);
#5283 = CARTESIAN_POINT('',(24.693379124499,9.056079865615,9.));
#5284 = LINE('',#5285,#5286);
#5285 = CARTESIAN_POINT('',(24.693379124499,9.056079865615,8.4));
#5286 = VECTOR('',#5287,1.);
#5287 = DIRECTION('',(0.,0.,1.));
#5288 = ORIENTED_EDGE('',*,*,#5289,.F.);
#5289 = EDGE_CURVE('',#5290,#5282,#5292,.T.);
#5290 = VERTEX_POINT('',#5291);
#5291 = CARTESIAN_POINT('',(23.607888963716,5.914692229225,9.));
#5292 = LINE('',#5293,#5294);
#5293 = CARTESIAN_POINT('',(28.031854480568,18.717563301246,9.));
#5294 = VECTOR('',#5295,1.);
#5295 = DIRECTION('',(0.326596461732,0.945163875306,-0.));
#5296 = ORIENTED_EDGE('',*,*,#5297,.F.);
#5297 = EDGE_CURVE('',#5251,#5290,#5298,.T.);
#5298 = LINE('',#5299,#5300);
#5299 = CARTESIAN_POINT('',(23.607888963716,5.914692229225,8.4));
#5300 = VECTOR('',#5301,1.);
#5301 = DIRECTION('',(0.,0.,1.));
#5302 = PLANE('',#5303);
#5303 = AXIS2_PLACEMENT_3D('',#5304,#5305,#5306);
#5304 = CARTESIAN_POINT('',(24.693379124499,9.056079865615,8.4));
#5305 = DIRECTION('',(0.945163875306,-0.326596461732,0.));
#5306 = DIRECTION('',(-0.326596461732,-0.945163875306,0.));
#5307 = ADVANCED_FACE('',(#5308),#5326,.F.);
#5308 = FACE_BOUND('',#5309,.F.);
#5309 = EDGE_LOOP('',(#5310,#5311,#5312,#5320));
#5310 = ORIENTED_EDGE('',*,*,#5258,.F.);
#5311 = ORIENTED_EDGE('',*,*,#5297,.T.);
#5312 = ORIENTED_EDGE('',*,*,#5313,.F.);
#5313 = EDGE_CURVE('',#5314,#5290,#5316,.T.);
#5314 = VERTEX_POINT('',#5315);
#5315 = CARTESIAN_POINT('',(25.40370599663,6.393844946679,9.));
#5316 = LINE('',#5317,#5318);
#5317 = CARTESIAN_POINT('',(42.305505059645,10.903515365476,9.));
#5318 = VECTOR('',#5319,1.);
#5319 = DIRECTION('',(-0.966199008456,-0.25779735464,0.));
#5320 = ORIENTED_EDGE('',*,*,#5321,.F.);
#5321 = EDGE_CURVE('',#5259,#5314,#5322,.T.);
#5322 = LINE('',#5323,#5324);
#5323 = CARTESIAN_POINT('',(25.40370599663,6.393844946679,8.4));
#5324 = VECTOR('',#5325,1.);
#5325 = DIRECTION('',(0.,0.,1.));
#5326 = PLANE('',#5327);
#5327 = AXIS2_PLACEMENT_3D('',#5328,#5329,#5330);
#5328 = CARTESIAN_POINT('',(23.607888963716,5.914692229225,8.4));
#5329 = DIRECTION('',(-0.25779735464,0.966199008456,0.));
#5330 = DIRECTION('',(0.966199008456,0.25779735464,0.));
#5331 = ADVANCED_FACE('',(#5332),#5343,.F.);
#5332 = FACE_BOUND('',#5333,.F.);
#5333 = EDGE_LOOP('',(#5334,#5335,#5336,#5342));
#5334 = ORIENTED_EDGE('',*,*,#5266,.F.);
#5335 = ORIENTED_EDGE('',*,*,#5321,.T.);
#5336 = ORIENTED_EDGE('',*,*,#5337,.F.);
#5337 = EDGE_CURVE('',#5282,#5314,#5338,.T.);
#5338 = LINE('',#5339,#5340);
#5339 = CARTESIAN_POINT('',(25.073456743805,7.631586509496,9.));
#5340 = VECTOR('',#5341,1.);
#5341 = DIRECTION('',(0.25779735464,-0.966199008456,0.));
#5342 = ORIENTED_EDGE('',*,*,#5281,.F.);
#5343 = PLANE('',#5344);
#5344 = AXIS2_PLACEMENT_3D('',#5345,#5346,#5347);
#5345 = CARTESIAN_POINT('',(25.40370599663,6.393844946679,8.4));
#5346 = DIRECTION('',(-0.966199008456,-0.25779735464,0.));
#5347 = DIRECTION('',(-0.25779735464,0.966199008456,0.));
#5348 = ADVANCED_FACE('',(#5349),#5354,.T.);
#5349 = FACE_BOUND('',#5350,.T.);
#5350 = EDGE_LOOP('',(#5351,#5352,#5353));
#5351 = ORIENTED_EDGE('',*,*,#5289,.F.);
#5352 = ORIENTED_EDGE('',*,*,#5313,.F.);
#5353 = ORIENTED_EDGE('',*,*,#5337,.F.);
#5354 = PLANE('',#5355);
#5355 = AXIS2_PLACEMENT_3D('',#5356,#5357,#5358);
#5356 = CARTESIAN_POINT('',(60.342622649924,18.367821627361,9.));
#5357 = DIRECTION('',(0.,0.,1.));
#5358 = DIRECTION('',(1.,0.,-0.));
#5359 = ( GEOMETRIC_REPRESENTATION_CONTEXT(3) 
GLOBAL_UNCERTAINTY_ASSIGNED_CONTEXT((#5363)) 
GLOBAL_UNIT_ASSIGNED_CONTEXT((#5360,#5361,#5362)) REPRESENTATION_CONTEXT
('Context #1','3D Context with UNIT and UNCERTAINTY') );
#5360 = ( LENGTH_UNIT() NAMED_UNIT(*) SI_UNIT(.MILLI.,.METRE.) );
#5361 = ( NAMED_UNIT(*) PLANE_ANGLE_UNIT() SI_UNIT($,.RADIAN.) );
#5362 = ( NAMED_UNIT(*) SI_UNIT($,.STERADIAN.) SOLID_ANGLE_UNIT() );
#5363 = UNCERTAINTY_MEASURE_WITH_UNIT(LENGTH_MEASURE(1.E-07),#5360,
  'distance_accuracy_value','confusion accuracy');
#5364 = PRODUCT_RELATED_PRODUCT_CATEGORY('part',$,(#7));
ENDSEC;
END-ISO-10303-21;
