ISO-10303-21;
HEADER;
FILE_DESCRIPTION(('FreeCAD Model'),'2;1');
FILE_NAME('Open CASCADE Shape Model','2026-10-06T23:34:18',('Author'),(
    ''),'Open CASCADE STEP processor 7.8','FreeCAD','Unknown');
FILE_SCHEMA(('AUTOMOTIVE_DESIGN { 1 0 10303 214 1 1 1 1 }'));
ENDSEC;
DATA;
#1 = APPLICATION_PROTOCOL_DEFINITION('international standard',
  'automotive_design',2000,#2);
#2 = APPLICATION_CONTEXT(
  'core data for automotive mechanical design processes');
#3 = SHAPE_DEFINITION_REPRESENTATION(#4,#10);
#4 = PRODUCT_DEFINITION_SHAPE('','',#5);
#5 = PRODUCT_DEFINITION('design','',#6,#9);
#6 = PRODUCT_DEFINITION_FORMATION('','',#7);
#7 = PRODUCT('Branch1','Branch1','',(#8));
#8 = PRODUCT_CONTEXT('',#2,'mechanical');
#9 = PRODUCT_DEFINITION_CONTEXT('part definition',#2,'design');
#10 = ADVANCED_BREP_SHAPE_REPRESENTATION('',(#11,#15),#5330);
#11 = AXIS2_PLACEMENT_3D('',#12,#13,#14);
#12 = CARTESIAN_POINT('',(0.,0.,0.));
#13 = DIRECTION('',(0.,0.,1.));
#14 = DIRECTION('',(1.,0.,-0.));
#15 = MANIFOLD_SOLID_BREP('',#16);
#16 = CLOSED_SHELL('',(#17,#966,#1117,#1141,#1165,#1189,#1213,#1237,
    #1261,#1285,#1328,#1352,#1376,#1400,#1424,#1448,#1472,#1496,#1520,
    #1544,#1568,#1592,#1616,#1640,#1664,#1688,#1712,#1736,#1760,#1784,
    #1808,#1832,#1856,#1880,#1904,#1928,#1952,#1976,#2000,#2024,#2048,
    #2072,#2096,#2120,#2144,#2168,#2192,#2216,#2240,#2264,#2288,#2312,
    #2336,#2360,#2384,#2408,#2432,#2456,#2480,#2504,#2528,#2552,#2576,
    #2600,#2624,#2648,#2672,#2696,#2720,#2744,#2768,#2792,#2816,#2840,
    #2864,#2888,#2912,#2936,#2960,#2984,#3008,#3032,#3056,#3080,#3104,
    #3160,#3216,#3263,#3287,#3311,#3360,#3391,#3415,#3439,#3463,#3487,
    #3511,#3535,#3559,#3583,#3607,#3631,#3648,#3673,#3698,#3729,#3753,
    #3777,#3801,#3825,#3849,#3873,#3897,#3921,#3945,#3969,#3986,#4011,
    #4240,#4271,#4295,#4319,#4343,#4367,#4391,#4415,#4439,#4463,#4487,
    #4511,#4528,#4553,#4586,#4597,#4637,#4661,#4694,#4735,#4759,#4798,
    #4810,#4868,#4899,#4923,#4947,#4971,#4995,#5019,#5043,#5067,#5091,
    #5115,#5132,#5152,#5161,#5219,#5236,#5253,#5270,#5287,#5299,#5311));
#17 = ADVANCED_FACE('',(#18,#732,#830,#841,#852,#950),#961,.T.);
#18 = FACE_BOUND('',#19,.T.);
#19 = EDGE_LOOP('',(#20,#30,#38,#46,#54,#62,#70,#78,#86,#94,#102,#110,
    #118,#126,#134,#142,#150,#158,#166,#174,#182,#190,#198,#206,#214,
    #222,#230,#238,#246,#254,#262,#270,#278,#286,#294,#302,#310,#318,
    #326,#334,#342,#350,#358,#366,#374,#382,#390,#398,#406,#414,#422,
    #430,#438,#446,#454,#462,#470,#478,#486,#494,#502,#510,#518,#526,
    #534,#542,#550,#558,#566,#574,#582,#590,#598,#606,#614,#622,#630,
    #638,#646,#654,#662,#670,#678,#686,#694,#702,#710,#718,#726));
#20 = ORIENTED_EDGE('',*,*,#21,.F.);
#21 = EDGE_CURVE('',#22,#24,#26,.T.);
#22 = VERTEX_POINT('',#23);
#23 = CARTESIAN_POINT('',(0.,11.001835923482,0.));
#24 = VERTEX_POINT('',#25);
#25 = CARTESIAN_POINT('',(-0.,-11.,0.));
#26 = LINE('',#27,#28);
#27 = CARTESIAN_POINT('',(0.,-13.6385540776,0.));
#28 = VECTOR('',#29,1.);
#29 = DIRECTION('',(0.,-1.,0.));
#30 = ORIENTED_EDGE('',*,*,#31,.F.);
#31 = EDGE_CURVE('',#32,#22,#34,.T.);
#32 = VERTEX_POINT('',#33);
#33 = CARTESIAN_POINT('',(3.4731,11.4613,0.));
#34 = LINE('',#35,#36);
#35 = CARTESIAN_POINT('',(3.4731,11.4613,0.));
#36 = VECTOR('',#37,1.);
#37 = DIRECTION('',(-0.99136259549,-0.13114954923,0.));
#38 = ORIENTED_EDGE('',*,*,#39,.F.);
#39 = EDGE_CURVE('',#40,#32,#42,.T.);
#40 = VERTEX_POINT('',#41);
#41 = CARTESIAN_POINT('',(6.25,11.8269,0.));
#42 = LINE('',#43,#44);
#43 = CARTESIAN_POINT('',(6.25,11.8269,0.));
#44 = VECTOR('',#45,1.);
#45 = DIRECTION('',(-0.991444206222,-0.130531168495,0.));
#46 = ORIENTED_EDGE('',*,*,#47,.F.);
#47 = EDGE_CURVE('',#48,#40,#50,.T.);
#48 = VERTEX_POINT('',#49);
#49 = CARTESIAN_POINT('',(12.5,12.605,0.));
#50 = LINE('',#51,#52);
#51 = CARTESIAN_POINT('',(12.5,12.605,0.));
#52 = VECTOR('',#53,1.);
#53 = DIRECTION('',(-0.99233931009,-0.123542274749,0.));
#54 = ORIENTED_EDGE('',*,*,#55,.F.);
#55 = EDGE_CURVE('',#56,#48,#58,.T.);
#56 = VERTEX_POINT('',#57);
#57 = CARTESIAN_POINT('',(18.75,13.3428,0.));
#58 = LINE('',#59,#60);
#59 = CARTESIAN_POINT('',(18.75,13.3428,0.));
#60 = VECTOR('',#61,1.);
#61 = DIRECTION('',(-0.993104321897,-0.117233978991,0.));
#62 = ORIENTED_EDGE('',*,*,#63,.F.);
#63 = EDGE_CURVE('',#64,#56,#66,.T.);
#64 = VERTEX_POINT('',#65);
#65 = CARTESIAN_POINT('',(25.,14.0486,0.));
#66 = LINE('',#67,#68);
#67 = CARTESIAN_POINT('',(25.,14.0486,0.));
#68 = VECTOR('',#69,1.);
#69 = DIRECTION('',(-0.993683979508,-0.112214744438,0.));
#70 = ORIENTED_EDGE('',*,*,#71,.F.);
#71 = EDGE_CURVE('',#72,#64,#74,.T.);
#72 = VERTEX_POINT('',#73);
#73 = CARTESIAN_POINT('',(31.25,14.731,0.));
#74 = LINE('',#75,#76);
#75 = CARTESIAN_POINT('',(31.25,14.731,0.));
#76 = VECTOR('',#77,1.);
#77 = DIRECTION('',(-0.994092195756,-0.108538962301,0.));
#78 = ORIENTED_EDGE('',*,*,#79,.F.);
#79 = EDGE_CURVE('',#80,#72,#82,.T.);
#80 = VERTEX_POINT('',#81);
#81 = CARTESIAN_POINT('',(37.5,15.3984,0.));
#82 = LINE('',#83,#84);
#83 = CARTESIAN_POINT('',(37.5,15.3984,0.));
#84 = VECTOR('',#85,1.);
#85 = DIRECTION('',(-0.994346889058,-0.106180338201,0.));
#86 = ORIENTED_EDGE('',*,*,#87,.F.);
#87 = EDGE_CURVE('',#88,#80,#90,.T.);
#88 = VERTEX_POINT('',#89);
#89 = CARTESIAN_POINT('',(43.75,16.0594,0.));
#90 = LINE('',#91,#92);
#91 = CARTESIAN_POINT('',(43.75,16.0594,0.));
#92 = VECTOR('',#93,1.);
#93 = DIRECTION('',(-0.994453893712,-0.105173443799,0.));
#94 = ORIENTED_EDGE('',*,*,#95,.F.);
#95 = EDGE_CURVE('',#96,#88,#98,.T.);
#96 = VERTEX_POINT('',#97);
#97 = CARTESIAN_POINT('',(50.,16.7222,0.));
#98 = LINE('',#99,#100);
#99 = CARTESIAN_POINT('',(50.,16.7222,0.));
#100 = VECTOR('',#101,1.);
#101 = DIRECTION('',(-0.994423899383,-0.105456665682,0.));
#102 = ORIENTED_EDGE('',*,*,#103,.F.);
#103 = EDGE_CURVE('',#104,#96,#106,.T.);
#104 = VERTEX_POINT('',#105);
#105 = CARTESIAN_POINT('',(51.854032503189,16.921931213504,0.));
#106 = LINE('',#107,#108);
#107 = CARTESIAN_POINT('',(56.25,17.3955,0.));
#108 = VECTOR('',#109,1.);
#109 = DIRECTION('',(-0.994247361777,-0.10710827979,0.));
#110 = ORIENTED_EDGE('',*,*,#111,.F.);
#111 = EDGE_CURVE('',#112,#104,#114,.T.);
#112 = VERTEX_POINT('',#113);
#113 = CARTESIAN_POINT('',(63.0745,31.0253,0.));
#114 = LINE('',#115,#116);
#115 = CARTESIAN_POINT('',(63.0745,31.0253,0.));
#116 = VECTOR('',#117,1.);
#117 = DIRECTION('',(-0.622587408504,-0.782550265972,0.));
#118 = ORIENTED_EDGE('',*,*,#119,.F.);
#119 = EDGE_CURVE('',#120,#112,#122,.T.);
#120 = VERTEX_POINT('',#121);
#121 = CARTESIAN_POINT('',(63.613,31.4385,0.));
#122 = LINE('',#123,#124);
#123 = CARTESIAN_POINT('',(63.613,31.4385,0.));
#124 = VECTOR('',#125,1.);
#125 = DIRECTION('',(-0.793357312799,-0.608756251901,0.));
#126 = ORIENTED_EDGE('',*,*,#127,.F.);
#127 = EDGE_CURVE('',#128,#120,#130,.T.);
#128 = VERTEX_POINT('',#129);
#129 = CARTESIAN_POINT('',(64.2401,31.6982,0.));
#130 = LINE('',#131,#132);
#131 = CARTESIAN_POINT('',(64.2401,31.6982,0.));
#132 = VECTOR('',#133,1.);
#133 = DIRECTION('',(-0.923907306556,-0.382616373007,0.));
#134 = ORIENTED_EDGE('',*,*,#135,.F.);
#135 = EDGE_CURVE('',#136,#128,#138,.T.);
#136 = VERTEX_POINT('',#137);
#137 = CARTESIAN_POINT('',(64.913,31.7868,0.));
#138 = LINE('',#139,#140);
#139 = CARTESIAN_POINT('',(64.913,31.7868,0.));
#140 = VECTOR('',#141,1.);
#141 = DIRECTION('',(-0.991442757316,-0.130542173129,0.));
#142 = ORIENTED_EDGE('',*,*,#143,.F.);
#143 = EDGE_CURVE('',#144,#136,#146,.T.);
#144 = VERTEX_POINT('',#145);
#145 = CARTESIAN_POINT('',(65.5859,31.6982,0.));
#146 = LINE('',#147,#148);
#147 = CARTESIAN_POINT('',(65.5859,31.6982,0.));
#148 = VECTOR('',#149,1.);
#149 = DIRECTION('',(-0.991442757316,0.130542173129,0.));
#150 = ORIENTED_EDGE('',*,*,#151,.F.);
#151 = EDGE_CURVE('',#152,#144,#154,.T.);
#152 = VERTEX_POINT('',#153);
#153 = CARTESIAN_POINT('',(66.213,31.4385,0.));
#154 = LINE('',#155,#156);
#155 = CARTESIAN_POINT('',(66.213,31.4385,0.));
#156 = VECTOR('',#157,1.);
#157 = DIRECTION('',(-0.923907306556,0.382616373007,0.));
#158 = ORIENTED_EDGE('',*,*,#159,.F.);
#159 = EDGE_CURVE('',#160,#152,#162,.T.);
#160 = VERTEX_POINT('',#161);
#161 = CARTESIAN_POINT('',(66.7515,31.0253,0.));
#162 = LINE('',#163,#164);
#163 = CARTESIAN_POINT('',(66.7515,31.0253,0.));
#164 = VECTOR('',#165,1.);
#165 = DIRECTION('',(-0.793357312799,0.608756251901,0.));
#166 = ORIENTED_EDGE('',*,*,#167,.F.);
#167 = EDGE_CURVE('',#168,#160,#170,.T.);
#168 = VERTEX_POINT('',#169);
#169 = CARTESIAN_POINT('',(67.1647,30.4868,0.));
#170 = LINE('',#171,#172);
#171 = CARTESIAN_POINT('',(67.1647,30.4868,0.));
#172 = VECTOR('',#173,1.);
#173 = DIRECTION('',(-0.608756251901,0.793357312799,0.));
#174 = ORIENTED_EDGE('',*,*,#175,.F.);
#175 = EDGE_CURVE('',#176,#168,#178,.T.);
#176 = VERTEX_POINT('',#177);
#177 = CARTESIAN_POINT('',(67.4244,29.8598,0.));
#178 = LINE('',#179,#180);
#179 = CARTESIAN_POINT('',(67.4244,29.8598,0.));
#180 = VECTOR('',#181,1.);
#181 = DIRECTION('',(-0.382668460997,0.923885733713,0.));
#182 = ORIENTED_EDGE('',*,*,#183,.F.);
#183 = EDGE_CURVE('',#184,#176,#186,.T.);
#184 = VERTEX_POINT('',#185);
#185 = CARTESIAN_POINT('',(67.513,29.1868,0.));
#186 = LINE('',#187,#188);
#187 = CARTESIAN_POINT('',(67.513,29.1868,0.));
#188 = VECTOR('',#189,1.);
#189 = DIRECTION('',(-0.130523106552,0.991445267605,0.));
#190 = ORIENTED_EDGE('',*,*,#191,.F.);
#191 = EDGE_CURVE('',#192,#184,#194,.T.);
#192 = VERTEX_POINT('',#193);
#193 = CARTESIAN_POINT('',(67.4244,28.5139,0.));
#194 = LINE('',#195,#196);
#195 = CARTESIAN_POINT('',(67.4244,28.5139,0.));
#196 = VECTOR('',#197,1.);
#197 = DIRECTION('',(0.130542173129,0.991442757316,0.));
#198 = ORIENTED_EDGE('',*,*,#199,.F.);
#199 = EDGE_CURVE('',#200,#192,#202,.T.);
#200 = VERTEX_POINT('',#201);
#201 = CARTESIAN_POINT('',(67.1647,27.8868,0.));
#202 = LINE('',#203,#204);
#203 = CARTESIAN_POINT('',(67.1647,27.8868,0.));
#204 = VECTOR('',#205,1.);
#205 = DIRECTION('',(0.382616373007,0.923907306556,0.));
#206 = ORIENTED_EDGE('',*,*,#207,.F.);
#207 = EDGE_CURVE('',#208,#200,#210,.T.);
#208 = VERTEX_POINT('',#209);
#209 = CARTESIAN_POINT('',(61.069093140059,17.929224203448,0.));
#210 = LINE('',#211,#212);
#211 = CARTESIAN_POINT('',(53.6373,5.7889,0.));
#212 = VECTOR('',#213,1.);
#213 = DIRECTION('',(0.52209977547,0.852884414475,0.));
#214 = ORIENTED_EDGE('',*,*,#215,.F.);
#215 = EDGE_CURVE('',#216,#208,#218,.T.);
#216 = VERTEX_POINT('',#217);
#217 = CARTESIAN_POINT('',(62.5,18.0877,0.));
#218 = LINE('',#219,#220);
#219 = CARTESIAN_POINT('',(62.5,18.0877,0.));
#220 = VECTOR('',#221,1.);
#221 = DIRECTION('',(-0.993922847242,-0.110078943178,0.));
#222 = ORIENTED_EDGE('',*,*,#223,.F.);
#223 = EDGE_CURVE('',#224,#216,#226,.T.);
#224 = VERTEX_POINT('',#225);
#225 = CARTESIAN_POINT('',(68.75,18.8072,0.));
#226 = LINE('',#227,#228);
#227 = CARTESIAN_POINT('',(68.75,18.8072,0.));
#228 = VECTOR('',#229,1.);
#229 = DIRECTION('',(-0.993438835687,-0.114364678764,0.));
#230 = ORIENTED_EDGE('',*,*,#231,.F.);
#231 = EDGE_CURVE('',#232,#224,#234,.T.);
#232 = VERTEX_POINT('',#233);
#233 = CARTESIAN_POINT('',(75.,19.5625,0.));
#234 = LINE('',#235,#236);
#235 = CARTESIAN_POINT('',(75.,19.5625,0.));
#236 = VECTOR('',#237,1.);
#237 = DIRECTION('',(-0.99277690076,-0.119975102903,0.));
#238 = ORIENTED_EDGE('',*,*,#239,.F.);
#239 = EDGE_CURVE('',#240,#232,#242,.T.);
#240 = VERTEX_POINT('',#241);
#241 = CARTESIAN_POINT('',(80.177211373749,20.224851714312,0.));
#242 = LINE('',#243,#244);
#243 = CARTESIAN_POINT('',(81.25,20.3621,0.));
#244 = VECTOR('',#245,1.);
#245 = DIRECTION('',(-0.991915301141,-0.126901675967,0.));
#246 = ORIENTED_EDGE('',*,*,#247,.F.);
#247 = EDGE_CURVE('',#248,#240,#250,.T.);
#248 = VERTEX_POINT('',#249);
#249 = CARTESIAN_POINT('',(85.6343,20.9688,0.));
#250 = LINE('',#251,#252);
#251 = CARTESIAN_POINT('',(85.6343,20.9688,0.));
#252 = VECTOR('',#253,1.);
#253 = DIRECTION('',(-0.99083503284,-0.135077524769,0.));
#254 = ORIENTED_EDGE('',*,*,#255,.F.);
#255 = EDGE_CURVE('',#256,#248,#258,.T.);
#256 = VERTEX_POINT('',#257);
#257 = CARTESIAN_POINT('',(91.9544,21.8915,0.));
#258 = LINE('',#259,#260);
#259 = CARTESIAN_POINT('',(91.9544,21.8915,0.));
#260 = VECTOR('',#261,1.);
#261 = DIRECTION('',(-0.989510192537,-0.144463070941,0.));
#262 = ORIENTED_EDGE('',*,*,#263,.F.);
#263 = EDGE_CURVE('',#264,#256,#266,.T.);
#264 = VERTEX_POINT('',#265);
#265 = CARTESIAN_POINT('',(98.2745,22.8839,0.));
#266 = LINE('',#267,#268);
#267 = CARTESIAN_POINT('',(98.2745,22.8839,0.));
#268 = VECTOR('',#269,1.);
#269 = DIRECTION('',(-0.987895302398,-0.15512211802,0.));
#270 = ORIENTED_EDGE('',*,*,#271,.F.);
#271 = EDGE_CURVE('',#272,#264,#274,.T.);
#272 = VERTEX_POINT('',#273);
#273 = CARTESIAN_POINT('',(104.5946,23.9545,0.));
#274 = LINE('',#275,#276);
#275 = CARTESIAN_POINT('',(104.5946,23.9545,0.));
#276 = VECTOR('',#277,1.);
#277 = DIRECTION('',(-0.985954062196,-0.167016727423,0.));
#278 = ORIENTED_EDGE('',*,*,#279,.F.);
#279 = EDGE_CURVE('',#280,#272,#282,.T.);
#280 = VERTEX_POINT('',#281);
#281 = CARTESIAN_POINT('',(110.9147,25.1116,0.));
#282 = LINE('',#283,#284);
#283 = CARTESIAN_POINT('',(110.9147,25.1116,0.));
#284 = VECTOR('',#285,1.);
#285 = DIRECTION('',(-0.983650283685,-0.18008919847,0.));
#286 = ORIENTED_EDGE('',*,*,#287,.F.);
#287 = EDGE_CURVE('',#288,#280,#290,.T.);
#288 = VERTEX_POINT('',#289);
#289 = CARTESIAN_POINT('',(117.2348,26.3638,0.));
#290 = LINE('',#291,#292);
#291 = CARTESIAN_POINT('',(117.2348,26.3638,0.));
#292 = VECTOR('',#293,1.);
#293 = DIRECTION('',(-0.9809318894,-0.194351815938,0.));
#294 = ORIENTED_EDGE('',*,*,#295,.F.);
#295 = EDGE_CURVE('',#296,#288,#298,.T.);
#296 = VERTEX_POINT('',#297);
#297 = CARTESIAN_POINT('',(123.5549,27.7195,0.));
#298 = LINE('',#299,#300);
#299 = CARTESIAN_POINT('',(123.5549,27.7195,0.));
#300 = VECTOR('',#301,1.);
#301 = DIRECTION('',(-0.977758244525,-0.209735107372,0.));
#302 = ORIENTED_EDGE('',*,*,#303,.F.);
#303 = EDGE_CURVE('',#304,#296,#306,.T.);
#304 = VERTEX_POINT('',#305);
#305 = CARTESIAN_POINT('',(129.875,29.1871,0.));
#306 = LINE('',#307,#308);
#307 = CARTESIAN_POINT('',(129.875,29.1871,0.));
#308 = VECTOR('',#309,1.);
#309 = DIRECTION('',(-0.974082466576,-0.226193165922,0.));
#310 = ORIENTED_EDGE('',*,*,#311,.F.);
#311 = EDGE_CURVE('',#312,#304,#314,.T.);
#312 = VERTEX_POINT('',#313);
#313 = CARTESIAN_POINT('',(136.1951,30.7753,0.));
#314 = LINE('',#315,#316);
#315 = CARTESIAN_POINT('',(136.1951,30.7753,0.));
#316 = VECTOR('',#317,1.);
#317 = DIRECTION('',(-0.969846607787,-0.243716140961,0.));
#318 = ORIENTED_EDGE('',*,*,#319,.F.);
#319 = EDGE_CURVE('',#320,#312,#322,.T.);
#320 = VERTEX_POINT('',#321);
#321 = CARTESIAN_POINT('',(142.5152,32.4923,0.));
#322 = LINE('',#323,#324);
#323 = CARTESIAN_POINT('',(142.5152,32.4923,0.));
#324 = VECTOR('',#325,1.);
#325 = DIRECTION('',(-0.965021638919,-0.262170243196,0.));
#326 = ORIENTED_EDGE('',*,*,#327,.F.);
#327 = EDGE_CURVE('',#328,#320,#330,.T.);
#328 = VERTEX_POINT('',#329);
#329 = CARTESIAN_POINT('',(148.8353,34.3467,0.));
#330 = LINE('',#331,#332);
#331 = CARTESIAN_POINT('',(148.8353,34.3467,0.));
#332 = VECTOR('',#333,1.);
#333 = DIRECTION('',(-0.959548311597,-0.281544024466,0.));
#334 = ORIENTED_EDGE('',*,*,#335,.F.);
#335 = EDGE_CURVE('',#336,#328,#338,.T.);
#336 = VERTEX_POINT('',#337);
#337 = CARTESIAN_POINT('',(150.,34.5,0.));
#338 = LINE('',#339,#340);
#339 = CARTESIAN_POINT('',(150.,34.5,0.));
#340 = VECTOR('',#341,1.);
#341 = DIRECTION('',(-0.991448789651,-0.130496350522,0.));
#342 = ORIENTED_EDGE('',*,*,#343,.F.);
#343 = EDGE_CURVE('',#344,#336,#346,.T.);
#344 = VERTEX_POINT('',#345);
#345 = CARTESIAN_POINT('',(151.1647,34.3467,0.));
#346 = LINE('',#347,#348);
#347 = CARTESIAN_POINT('',(151.1647,34.3467,0.));
#348 = VECTOR('',#349,1.);
#349 = DIRECTION('',(-0.991448789651,0.130496350522,0.));
#350 = ORIENTED_EDGE('',*,*,#351,.F.);
#351 = EDGE_CURVE('',#352,#344,#354,.T.);
#352 = VERTEX_POINT('',#353);
#353 = CARTESIAN_POINT('',(152.25,33.8971,0.));
#354 = LINE('',#355,#356);
#355 = CARTESIAN_POINT('',(152.25,33.8971,0.));
#356 = VECTOR('',#357,1.);
#357 = DIRECTION('',(-0.923863273436,0.382722682887,0.));
#358 = ORIENTED_EDGE('',*,*,#359,.F.);
#359 = EDGE_CURVE('',#360,#352,#362,.T.);
#360 = VERTEX_POINT('',#361);
#361 = CARTESIAN_POINT('',(153.182,33.182,0.));
#362 = LINE('',#363,#364);
#363 = CARTESIAN_POINT('',(153.182,33.182,0.));
#364 = VECTOR('',#365,1.);
#365 = DIRECTION('',(-0.793373383429,0.608735307393,0.));
#366 = ORIENTED_EDGE('',*,*,#367,.F.);
#367 = EDGE_CURVE('',#368,#360,#370,.T.);
#368 = VERTEX_POINT('',#369);
#369 = CARTESIAN_POINT('',(153.8971,32.25,0.));
#370 = LINE('',#371,#372);
#371 = CARTESIAN_POINT('',(153.8971,32.25,0.));
#372 = VECTOR('',#373,1.);
#373 = DIRECTION('',(-0.608735307393,0.793373383429,0.));
#374 = ORIENTED_EDGE('',*,*,#375,.F.);
#375 = EDGE_CURVE('',#376,#368,#378,.T.);
#376 = VERTEX_POINT('',#377);
#377 = CARTESIAN_POINT('',(154.3467,31.1647,0.));
#378 = LINE('',#379,#380);
#379 = CARTESIAN_POINT('',(154.3467,31.1647,0.));
#380 = VECTOR('',#381,1.);
#381 = DIRECTION('',(-0.382722682887,0.923863273436,0.));
#382 = ORIENTED_EDGE('',*,*,#383,.F.);
#383 = EDGE_CURVE('',#384,#376,#386,.T.);
#384 = VERTEX_POINT('',#385);
#385 = CARTESIAN_POINT('',(154.5,30.,0.));
#386 = LINE('',#387,#388);
#387 = CARTESIAN_POINT('',(154.5,30.,0.));
#388 = VECTOR('',#389,1.);
#389 = DIRECTION('',(-0.130496350522,0.991448789651,0.));
#390 = ORIENTED_EDGE('',*,*,#391,.F.);
#391 = EDGE_CURVE('',#392,#384,#394,.T.);
#392 = VERTEX_POINT('',#393);
#393 = CARTESIAN_POINT('',(154.3467,28.8353,0.));
#394 = LINE('',#395,#396);
#395 = CARTESIAN_POINT('',(154.3467,28.8353,0.));
#396 = VECTOR('',#397,1.);
#397 = DIRECTION('',(0.130496350522,0.991448789651,0.));
#398 = ORIENTED_EDGE('',*,*,#399,.F.);
#399 = EDGE_CURVE('',#400,#392,#402,.T.);
#400 = VERTEX_POINT('',#401);
#401 = CARTESIAN_POINT('',(153.8971,27.75,0.));
#402 = LINE('',#403,#404);
#403 = CARTESIAN_POINT('',(153.8971,27.75,0.));
#404 = VECTOR('',#405,1.);
#405 = DIRECTION('',(0.382722682887,0.923863273436,0.));
#406 = ORIENTED_EDGE('',*,*,#407,.F.);
#407 = EDGE_CURVE('',#408,#400,#410,.T.);
#408 = VERTEX_POINT('',#409);
#409 = CARTESIAN_POINT('',(153.182,26.818,0.));
#410 = LINE('',#411,#412);
#411 = CARTESIAN_POINT('',(153.182,26.818,0.));
#412 = VECTOR('',#413,1.);
#413 = DIRECTION('',(0.608735307393,0.793373383429,0.));
#414 = ORIENTED_EDGE('',*,*,#415,.F.);
#415 = EDGE_CURVE('',#416,#408,#418,.T.);
#416 = VERTEX_POINT('',#417);
#417 = CARTESIAN_POINT('',(152.25,26.1029,0.));
#418 = LINE('',#419,#420);
#419 = CARTESIAN_POINT('',(152.25,26.1029,0.));
#420 = VECTOR('',#421,1.);
#421 = DIRECTION('',(0.793373383429,0.608735307393,0.));
#422 = ORIENTED_EDGE('',*,*,#423,.F.);
#423 = EDGE_CURVE('',#424,#416,#426,.T.);
#424 = VERTEX_POINT('',#425);
#425 = CARTESIAN_POINT('',(151.1647,25.6533,0.));
#426 = LINE('',#427,#428);
#427 = CARTESIAN_POINT('',(151.1647,25.6533,0.));
#428 = VECTOR('',#429,1.);
#429 = DIRECTION('',(0.923863273436,0.382722682887,0.));
#430 = ORIENTED_EDGE('',*,*,#431,.F.);
#431 = EDGE_CURVE('',#432,#424,#434,.T.);
#432 = VERTEX_POINT('',#433);
#433 = CARTESIAN_POINT('',(144.9848,23.2757,0.));
#434 = LINE('',#435,#436);
#435 = CARTESIAN_POINT('',(144.9848,23.2757,0.));
#436 = VECTOR('',#437,1.);
#437 = DIRECTION('',(0.933309402554,0.359073194633,0.));
#438 = ORIENTED_EDGE('',*,*,#439,.F.);
#439 = EDGE_CURVE('',#440,#432,#442,.T.);
#440 = VERTEX_POINT('',#441);
#441 = CARTESIAN_POINT('',(138.8049,21.0355,0.));
#442 = LINE('',#443,#444);
#443 = CARTESIAN_POINT('',(138.8049,21.0355,0.));
#444 = VECTOR('',#445,1.);
#445 = DIRECTION('',(0.940136735356,0.340797474805,0.));
#446 = ORIENTED_EDGE('',*,*,#447,.F.);
#447 = EDGE_CURVE('',#448,#440,#450,.T.);
#448 = VERTEX_POINT('',#449);
#449 = CARTESIAN_POINT('',(132.625,18.9242,0.));
#450 = LINE('',#451,#452);
#451 = CARTESIAN_POINT('',(132.625,18.9242,0.));
#452 = VECTOR('',#453,1.);
#453 = DIRECTION('',(0.946298791627,0.323293360534,0.));
#454 = ORIENTED_EDGE('',*,*,#455,.F.);
#455 = EDGE_CURVE('',#456,#448,#458,.T.);
#456 = VERTEX_POINT('',#457);
#457 = CARTESIAN_POINT('',(126.4451,16.9333,0.));
#458 = LINE('',#459,#460);
#459 = CARTESIAN_POINT('',(126.4451,16.9333,0.));
#460 = VECTOR('',#461,1.);
#461 = DIRECTION('',(0.951826276312,0.306637798914,0.));
#462 = ORIENTED_EDGE('',*,*,#463,.F.);
#463 = EDGE_CURVE('',#464,#456,#466,.T.);
#464 = VERTEX_POINT('',#465);
#465 = CARTESIAN_POINT('',(120.2652,15.0544,0.));
#466 = LINE('',#467,#468);
#467 = CARTESIAN_POINT('',(120.2652,15.0544,0.));
#468 = VECTOR('',#469,1.);
#469 = DIRECTION('',(0.95675746392,0.290886842661,0.));
#470 = ORIENTED_EDGE('',*,*,#471,.F.);
#471 = EDGE_CURVE('',#472,#464,#474,.T.);
#472 = VERTEX_POINT('',#473);
#473 = CARTESIAN_POINT('',(114.0853,13.279,0.));
#474 = LINE('',#475,#476);
#475 = CARTESIAN_POINT('',(114.0853,13.279,0.));
#476 = VECTOR('',#477,1.);
#477 = DIRECTION('',(0.9611238522,0.276117621191,0.));
#478 = ORIENTED_EDGE('',*,*,#479,.F.);
#479 = EDGE_CURVE('',#480,#472,#482,.T.);
#480 = VERTEX_POINT('',#481);
#481 = CARTESIAN_POINT('',(107.9054,11.5987,0.));
#482 = LINE('',#483,#484);
#483 = CARTESIAN_POINT('',(107.9054,11.5987,0.));
#484 = VECTOR('',#485,1.);
#485 = DIRECTION('',(0.964966763498,0.262372150473,0.));
#486 = ORIENTED_EDGE('',*,*,#487,.F.);
#487 = EDGE_CURVE('',#488,#480,#490,.T.);
#488 = VERTEX_POINT('',#489);
#489 = CARTESIAN_POINT('',(101.7255,10.0049,0.));
#490 = LINE('',#491,#492);
#491 = CARTESIAN_POINT('',(101.7255,10.0049,0.));
#492 = VECTOR('',#493,1.);
#493 = DIRECTION('',(0.968315712283,0.249729216045,0.));
#494 = ORIENTED_EDGE('',*,*,#495,.F.);
#495 = EDGE_CURVE('',#496,#488,#498,.T.);
#496 = VERTEX_POINT('',#497);
#497 = CARTESIAN_POINT('',(98.375255289472,9.183263584641,0.));
#498 = LINE('',#499,#500);
#499 = CARTESIAN_POINT('',(95.5456,8.4893,0.));
#500 = VECTOR('',#501,1.);
#501 = DIRECTION('',(0.971219007497,0.238188243784,0.));
#502 = ORIENTED_EDGE('',*,*,#503,.F.);
#503 = EDGE_CURVE('',#504,#496,#506,.T.);
#504 = VERTEX_POINT('',#505);
#505 = CARTESIAN_POINT('',(104.6594,2.9888,0.));
#506 = LINE('',#507,#508);
#507 = CARTESIAN_POINT('',(104.6594,2.9888,0.));
#508 = VECTOR('',#509,1.);
#509 = DIRECTION('',(-0.712170216947,0.70200682482,0.));
#510 = ORIENTED_EDGE('',*,*,#511,.F.);
#511 = EDGE_CURVE('',#512,#504,#514,.T.);
#512 = VERTEX_POINT('',#513);
#513 = CARTESIAN_POINT('',(105.0726,2.4503,0.));
#514 = LINE('',#515,#516);
#515 = CARTESIAN_POINT('',(105.0726,2.4503,0.));
#516 = VECTOR('',#517,1.);
#517 = DIRECTION('',(-0.608756251901,0.793357312799,0.));
#518 = ORIENTED_EDGE('',*,*,#519,.F.);
#519 = EDGE_CURVE('',#520,#512,#522,.T.);
#520 = VERTEX_POINT('',#521);
#521 = CARTESIAN_POINT('',(105.3323,1.8233,0.));
#522 = LINE('',#523,#524);
#523 = CARTESIAN_POINT('',(105.3323,1.8233,0.));
#524 = VECTOR('',#525,1.);
#525 = DIRECTION('',(-0.382668460997,0.923885733713,0.));
#526 = ORIENTED_EDGE('',*,*,#527,.F.);
#527 = EDGE_CURVE('',#528,#520,#530,.T.);
#528 = VERTEX_POINT('',#529);
#529 = CARTESIAN_POINT('',(105.4209,1.1503,0.));
#530 = LINE('',#531,#532);
#531 = CARTESIAN_POINT('',(105.4209,1.1503,0.));
#532 = VECTOR('',#533,1.);
#533 = DIRECTION('',(-0.130523106552,0.991445267605,0.));
#534 = ORIENTED_EDGE('',*,*,#535,.F.);
#535 = EDGE_CURVE('',#536,#528,#538,.T.);
#536 = VERTEX_POINT('',#537);
#537 = CARTESIAN_POINT('',(105.3323,0.4774,0.));
#538 = LINE('',#539,#540);
#539 = CARTESIAN_POINT('',(105.3323,0.4774,0.));
#540 = VECTOR('',#541,1.);
#541 = DIRECTION('',(0.130542173129,0.991442757316,0.));
#542 = ORIENTED_EDGE('',*,*,#543,.F.);
#543 = EDGE_CURVE('',#544,#536,#546,.T.);
#544 = VERTEX_POINT('',#545);
#545 = CARTESIAN_POINT('',(105.0726,-0.1497,0.));
#546 = LINE('',#547,#548);
#547 = CARTESIAN_POINT('',(105.0726,-0.1497,0.));
#548 = VECTOR('',#549,1.);
#549 = DIRECTION('',(0.382616373007,0.923907306556,0.));
#550 = ORIENTED_EDGE('',*,*,#551,.F.);
#551 = EDGE_CURVE('',#552,#544,#554,.T.);
#552 = VERTEX_POINT('',#553);
#553 = CARTESIAN_POINT('',(104.6594,-0.6882,0.));
#554 = LINE('',#555,#556);
#555 = CARTESIAN_POINT('',(104.6594,-0.6882,0.));
#556 = VECTOR('',#557,1.);
#557 = DIRECTION('',(0.608756251901,0.793357312799,0.));
#558 = ORIENTED_EDGE('',*,*,#559,.F.);
#559 = EDGE_CURVE('',#560,#552,#562,.T.);
#560 = VERTEX_POINT('',#561);
#561 = CARTESIAN_POINT('',(104.1209,-1.1013,0.));
#562 = LINE('',#563,#564);
#563 = CARTESIAN_POINT('',(104.1209,-1.1013,0.));
#564 = VECTOR('',#565,1.);
#565 = DIRECTION('',(0.793428467116,0.608663509314,0.));
#566 = ORIENTED_EDGE('',*,*,#567,.F.);
#567 = EDGE_CURVE('',#568,#560,#570,.T.);
#568 = VERTEX_POINT('',#569);
#569 = CARTESIAN_POINT('',(103.4938,-1.3611,0.));
#570 = LINE('',#571,#572);
#571 = CARTESIAN_POINT('',(103.4938,-1.3611,0.));
#572 = VECTOR('',#573,1.);
#573 = DIRECTION('',(0.923855219425,0.382742124074,0.));
#574 = ORIENTED_EDGE('',*,*,#575,.F.);
#575 = EDGE_CURVE('',#576,#568,#578,.T.);
#576 = VERTEX_POINT('',#577);
#577 = CARTESIAN_POINT('',(102.8209,-1.4497,0.));
#578 = LINE('',#579,#580);
#579 = CARTESIAN_POINT('',(102.8209,-1.4497,0.));
#580 = VECTOR('',#581,1.);
#581 = DIRECTION('',(0.991442757316,0.130542173129,0.));
#582 = ORIENTED_EDGE('',*,*,#583,.F.);
#583 = EDGE_CURVE('',#584,#576,#586,.T.);
#584 = VERTEX_POINT('',#585);
#585 = CARTESIAN_POINT('',(102.148,-1.3611,0.));
#586 = LINE('',#587,#588);
#587 = CARTESIAN_POINT('',(102.148,-1.3611,0.));
#588 = VECTOR('',#589,1.);
#589 = DIRECTION('',(0.991442757316,-0.130542173129,0.));
#590 = ORIENTED_EDGE('',*,*,#591,.F.);
#591 = EDGE_CURVE('',#592,#584,#594,.T.);
#592 = VERTEX_POINT('',#593);
#593 = CARTESIAN_POINT('',(101.5209,-1.1013,0.));
#594 = LINE('',#595,#596);
#595 = CARTESIAN_POINT('',(101.5209,-1.1013,0.));
#596 = VECTOR('',#597,1.);
#597 = DIRECTION('',(0.923855219425,-0.382742124074,0.));
#598 = ORIENTED_EDGE('',*,*,#599,.F.);
#599 = EDGE_CURVE('',#600,#592,#602,.T.);
#600 = VERTEX_POINT('',#601);
#601 = CARTESIAN_POINT('',(89.898538894514,7.168067350212,0.));
#602 = LINE('',#603,#604);
#603 = CARTESIAN_POINT('',(85.4,10.3688,0.));
#604 = VECTOR('',#605,1.);
#605 = DIRECTION('',(0.814803743008,-0.579736888925,0.));
#606 = ORIENTED_EDGE('',*,*,#607,.F.);
#607 = EDGE_CURVE('',#608,#600,#610,.T.);
#608 = VERTEX_POINT('',#609);
#609 = CARTESIAN_POINT('',(89.3657,7.0434,0.));
#610 = LINE('',#611,#612);
#611 = CARTESIAN_POINT('',(89.3657,7.0434,0.));
#612 = VECTOR('',#613,1.);
#613 = DIRECTION('',(0.973704243426,0.227815816691,0.));
#614 = ORIENTED_EDGE('',*,*,#615,.F.);
#615 = EDGE_CURVE('',#616,#608,#618,.T.);
#616 = VERTEX_POINT('',#617);
#617 = CARTESIAN_POINT('',(83.1858,5.6586,0.));
#618 = LINE('',#619,#620);
#619 = CARTESIAN_POINT('',(83.1858,5.6586,0.));
#620 = VECTOR('',#621,1.);
#621 = DIRECTION('',(0.975801369994,0.218658835445,0.));
#622 = ORIENTED_EDGE('',*,*,#623,.F.);
#623 = EDGE_CURVE('',#624,#616,#626,.T.);
#624 = VERTEX_POINT('',#625);
#625 = CARTESIAN_POINT('',(77.0058,4.3266,0.));
#626 = LINE('',#627,#628);
#627 = CARTESIAN_POINT('',(77.0058,4.3266,0.));
#628 = VECTOR('',#629,1.);
#629 = DIRECTION('',(0.977551716678,0.210695612721,0.));
#630 = ORIENTED_EDGE('',*,*,#631,.F.);
#631 = EDGE_CURVE('',#632,#624,#634,.T.);
#632 = VERTEX_POINT('',#633);
#633 = CARTESIAN_POINT('',(70.8259,3.0388,0.));
#634 = LINE('',#635,#636);
#635 = CARTESIAN_POINT('',(70.8259,3.0388,0.));
#636 = VECTOR('',#637,1.);
#637 = DIRECTION('',(0.978970270669,0.20400296357,0.));
#638 = ORIENTED_EDGE('',*,*,#639,.F.);
#639 = EDGE_CURVE('',#640,#632,#642,.T.);
#640 = VERTEX_POINT('',#641);
#641 = CARTESIAN_POINT('',(64.646,1.7869,0.));
#642 = LINE('',#643,#644);
#643 = CARTESIAN_POINT('',(64.646,1.7869,0.));
#644 = VECTOR('',#645,1.);
#645 = DIRECTION('',(0.980092130282,0.198543234988,0.));
#646 = ORIENTED_EDGE('',*,*,#647,.F.);
#647 = EDGE_CURVE('',#648,#640,#650,.T.);
#648 = VERTEX_POINT('',#649);
#649 = CARTESIAN_POINT('',(58.4661,0.5623,0.));
#650 = LINE('',#651,#652);
#651 = CARTESIAN_POINT('',(58.4661,0.5623,0.));
#652 = VECTOR('',#653,1.);
#653 = DIRECTION('',(0.98092650879,0.194378970965,0.));
#654 = ORIENTED_EDGE('',*,*,#655,.F.);
#655 = EDGE_CURVE('',#656,#648,#658,.T.);
#656 = VERTEX_POINT('',#657);
#657 = CARTESIAN_POINT('',(52.2862,-0.6435,0.));
#658 = LINE('',#659,#660);
#659 = CARTESIAN_POINT('',(52.2862,-0.6435,0.));
#660 = VECTOR('',#661,1.);
#661 = DIRECTION('',(0.981491611372,0.191505135195,0.));
#662 = ORIENTED_EDGE('',*,*,#663,.F.);
#663 = EDGE_CURVE('',#664,#656,#666,.T.);
#664 = VERTEX_POINT('',#665);
#665 = CARTESIAN_POINT('',(46.1063,-1.8388,0.));
#666 = LINE('',#667,#668);
#667 = CARTESIAN_POINT('',(46.1063,-1.8388,0.));
#668 = VECTOR('',#669,1.);
#669 = DIRECTION('',(0.981803840653,0.189897915942,0.));
#670 = ORIENTED_EDGE('',*,*,#671,.F.);
#671 = EDGE_CURVE('',#672,#664,#674,.T.);
#672 = VERTEX_POINT('',#673);
#673 = CARTESIAN_POINT('',(39.9264,-3.0321,0.));
#674 = LINE('',#675,#676);
#675 = CARTESIAN_POINT('',(39.9264,-3.0321,0.));
#676 = VECTOR('',#677,1.);
#677 = DIRECTION('',(0.981863036875,0.18959160535,0.));
#678 = ORIENTED_EDGE('',*,*,#679,.F.);
#679 = EDGE_CURVE('',#680,#672,#682,.T.);
#680 = VERTEX_POINT('',#681);
#681 = CARTESIAN_POINT('',(33.7465,-4.232,0.));
#682 = LINE('',#683,#684);
#683 = CARTESIAN_POINT('',(33.7465,-4.232,0.));
#684 = VECTOR('',#685,1.);
#685 = DIRECTION('',(0.981667353952,0.190602219778,0.));
#686 = ORIENTED_EDGE('',*,*,#687,.F.);
#687 = EDGE_CURVE('',#688,#680,#690,.T.);
#688 = VERTEX_POINT('',#689);
#689 = CARTESIAN_POINT('',(27.5666,-5.4468,0.));
#690 = LINE('',#691,#692);
#691 = CARTESIAN_POINT('',(27.5666,-5.4468,0.));
#692 = VECTOR('',#693,1.);
#693 = DIRECTION('',(0.981222052592,0.192881527127,0.));
#694 = ORIENTED_EDGE('',*,*,#695,.F.);
#695 = EDGE_CURVE('',#696,#688,#698,.T.);
#696 = VERTEX_POINT('',#697);
#697 = CARTESIAN_POINT('',(21.3867,-6.6851,0.));
#698 = LINE('',#699,#700);
#699 = CARTESIAN_POINT('',(21.3867,-6.6851,0.));
#700 = VECTOR('',#701,1.);
#701 = DIRECTION('',(0.980509824548,0.196470058696,0.));
#702 = ORIENTED_EDGE('',*,*,#703,.F.);
#703 = EDGE_CURVE('',#704,#696,#706,.T.);
#704 = VERTEX_POINT('',#705);
#705 = CARTESIAN_POINT('',(15.2068,-7.9553,0.));
#706 = LINE('',#707,#708);
#707 = CARTESIAN_POINT('',(15.2068,-7.9553,0.));
#708 = VECTOR('',#709,1.);
#709 = DIRECTION('',(0.979523744392,0.201328672006,0.));
#710 = ORIENTED_EDGE('',*,*,#711,.F.);
#711 = EDGE_CURVE('',#712,#704,#714,.T.);
#712 = VERTEX_POINT('',#713);
#713 = CARTESIAN_POINT('',(9.0269,-9.2658,0.));
#714 = LINE('',#715,#716);
#715 = CARTESIAN_POINT('',(9.0269,-9.2658,0.));
#716 = VECTOR('',#717,1.);
#717 = DIRECTION('',(0.978246586626,0.207445452479,0.));
#718 = ORIENTED_EDGE('',*,*,#719,.F.);
#719 = EDGE_CURVE('',#720,#712,#722,.T.);
#720 = VERTEX_POINT('',#721);
#721 = CARTESIAN_POINT('',(2.847,-10.6252,0.));
#722 = LINE('',#723,#724);
#723 = CARTESIAN_POINT('',(2.847,-10.6252,0.));
#724 = VECTOR('',#725,1.);
#725 = DIRECTION('',(0.976650369344,0.214834950741,0.));
#726 = ORIENTED_EDGE('',*,*,#727,.F.);
#727 = EDGE_CURVE('',#24,#720,#728,.T.);
#728 = LINE('',#729,#730);
#729 = CARTESIAN_POINT('',(-0.,-11.,0.));
#730 = VECTOR('',#731,1.);
#731 = DIRECTION('',(0.991445522055,0.13052117375,0.));
#732 = FACE_BOUND('',#733,.T.);
#733 = EDGE_LOOP('',(#734,#744,#752,#760,#768,#776,#784,#792,#800,#808,
    #816,#824));
#734 = ORIENTED_EDGE('',*,*,#735,.F.);
#735 = EDGE_CURVE('',#736,#738,#740,.T.);
#736 = VERTEX_POINT('',#737);
#737 = CARTESIAN_POINT('',(72.5,12.8125,0.));
#738 = VERTEX_POINT('',#739);
#739 = CARTESIAN_POINT('',(74.,12.8125,0.));
#740 = LINE('',#741,#742);
#741 = CARTESIAN_POINT('',(72.095034382353,12.8125,0.));
#742 = VECTOR('',#743,1.);
#743 = DIRECTION('',(1.,0.,-0.));
#744 = ORIENTED_EDGE('',*,*,#745,.T.);
#745 = EDGE_CURVE('',#736,#746,#748,.T.);
#746 = VERTEX_POINT('',#747);
#747 = CARTESIAN_POINT('',(72.5,10.8125,0.));
#748 = LINE('',#749,#750);
#749 = CARTESIAN_POINT('',(72.5,11.7676959224,0.));
#750 = VECTOR('',#751,1.);
#751 = DIRECTION('',(0.,-1.,0.));
#752 = ORIENTED_EDGE('',*,*,#753,.T.);
#753 = EDGE_CURVE('',#746,#754,#756,.T.);
#754 = VERTEX_POINT('',#755);
#755 = CARTESIAN_POINT('',(74.,10.8125,0.));
#756 = LINE('',#757,#758);
#757 = CARTESIAN_POINT('',(72.095034382353,10.8125,0.));
#758 = VECTOR('',#759,1.);
#759 = DIRECTION('',(1.,0.,-0.));
#760 = ORIENTED_EDGE('',*,*,#761,.T.);
#761 = EDGE_CURVE('',#754,#762,#764,.T.);
#762 = VERTEX_POINT('',#763);
#763 = CARTESIAN_POINT('',(74.,9.3125,0.));
#764 = LINE('',#765,#766);
#765 = CARTESIAN_POINT('',(74.,11.0176959224,0.));
#766 = VECTOR('',#767,1.);
#767 = DIRECTION('',(0.,-1.,0.));
#768 = ORIENTED_EDGE('',*,*,#769,.T.);
#769 = EDGE_CURVE('',#762,#770,#772,.T.);
#770 = VERTEX_POINT('',#771);
#771 = CARTESIAN_POINT('',(76.,9.3125,0.));
#772 = LINE('',#773,#774);
#773 = CARTESIAN_POINT('',(72.845034382353,9.3125,0.));
#774 = VECTOR('',#775,1.);
#775 = DIRECTION('',(1.,0.,-0.));
#776 = ORIENTED_EDGE('',*,*,#777,.F.);
#777 = EDGE_CURVE('',#778,#770,#780,.T.);
#778 = VERTEX_POINT('',#779);
#779 = CARTESIAN_POINT('',(76.,10.8125,0.));
#780 = LINE('',#781,#782);
#781 = CARTESIAN_POINT('',(76.,11.0176959224,0.));
#782 = VECTOR('',#783,1.);
#783 = DIRECTION('',(0.,-1.,0.));
#784 = ORIENTED_EDGE('',*,*,#785,.T.);
#785 = EDGE_CURVE('',#778,#786,#788,.T.);
#786 = VERTEX_POINT('',#787);
#787 = CARTESIAN_POINT('',(77.5,10.8125,0.));
#788 = LINE('',#789,#790);
#789 = CARTESIAN_POINT('',(72.095034382353,10.8125,0.));
#790 = VECTOR('',#791,1.);
#791 = DIRECTION('',(1.,0.,-0.));
#792 = ORIENTED_EDGE('',*,*,#793,.F.);
#793 = EDGE_CURVE('',#794,#786,#796,.T.);
#794 = VERTEX_POINT('',#795);
#795 = CARTESIAN_POINT('',(77.5,12.8125,0.));
#796 = LINE('',#797,#798);
#797 = CARTESIAN_POINT('',(77.5,11.7676959224,0.));
#798 = VECTOR('',#799,1.);
#799 = DIRECTION('',(0.,-1.,0.));
#800 = ORIENTED_EDGE('',*,*,#801,.F.);
#801 = EDGE_CURVE('',#802,#794,#804,.T.);
#802 = VERTEX_POINT('',#803);
#803 = CARTESIAN_POINT('',(76.,12.8125,0.));
#804 = LINE('',#805,#806);
#805 = CARTESIAN_POINT('',(72.095034382353,12.8125,0.));
#806 = VECTOR('',#807,1.);
#807 = DIRECTION('',(1.,0.,-0.));
#808 = ORIENTED_EDGE('',*,*,#809,.F.);
#809 = EDGE_CURVE('',#810,#802,#812,.T.);
#810 = VERTEX_POINT('',#811);
#811 = CARTESIAN_POINT('',(76.,14.3125,0.));
#812 = LINE('',#813,#814);
#813 = CARTESIAN_POINT('',(76.,11.0176959224,0.));
#814 = VECTOR('',#815,1.);
#815 = DIRECTION('',(0.,-1.,0.));
#816 = ORIENTED_EDGE('',*,*,#817,.F.);
#817 = EDGE_CURVE('',#818,#810,#820,.T.);
#818 = VERTEX_POINT('',#819);
#819 = CARTESIAN_POINT('',(74.,14.3125,0.));
#820 = LINE('',#821,#822);
#821 = CARTESIAN_POINT('',(72.845034382353,14.3125,0.));
#822 = VECTOR('',#823,1.);
#823 = DIRECTION('',(1.,0.,-0.));
#824 = ORIENTED_EDGE('',*,*,#825,.T.);
#825 = EDGE_CURVE('',#818,#738,#826,.T.);
#826 = LINE('',#827,#828);
#827 = CARTESIAN_POINT('',(74.,11.0176959224,0.));
#828 = VECTOR('',#829,1.);
#829 = DIRECTION('',(0.,-1.,0.));
#830 = FACE_BOUND('',#831,.T.);
#831 = EDGE_LOOP('',(#832));
#832 = ORIENTED_EDGE('',*,*,#833,.T.);
#833 = EDGE_CURVE('',#834,#834,#836,.T.);
#834 = VERTEX_POINT('',#835);
#835 = CARTESIAN_POINT('',(58.235084579408,11.88024589012,0.));
#836 = CIRCLE('',#837,2.45);
#837 = AXIS2_PLACEMENT_3D('',#838,#839,#840);
#838 = CARTESIAN_POINT('',(55.785084579408,11.88024589012,0.));
#839 = DIRECTION('',(0.,0.,1.));
#840 = DIRECTION('',(1.,0.,-0.));
#841 = FACE_BOUND('',#842,.T.);
#842 = EDGE_LOOP('',(#843));
#843 = ORIENTED_EDGE('',*,*,#844,.T.);
#844 = EDGE_CURVE('',#845,#845,#847,.T.);
#845 = VERTEX_POINT('',#846);
#846 = CARTESIAN_POINT('',(83.234615160901,15.534896346486,0.));
#847 = CIRCLE('',#848,2.45);
#848 = AXIS2_PLACEMENT_3D('',#849,#850,#851);
#849 = CARTESIAN_POINT('',(80.784615160901,15.534896346486,0.));
#850 = DIRECTION('',(0.,0.,1.));
#851 = DIRECTION('',(1.,0.,-0.));
#852 = FACE_BOUND('',#853,.T.);
#853 = EDGE_LOOP('',(#854,#864,#872,#880,#888,#896,#904,#912,#920,#928,
    #936,#944));
#854 = ORIENTED_EDGE('',*,*,#855,.F.);
#855 = EDGE_CURVE('',#856,#858,#860,.T.);
#856 = VERTEX_POINT('',#857);
#857 = CARTESIAN_POINT('',(116.25,21.709092881944,0.));
#858 = VERTEX_POINT('',#859);
#859 = CARTESIAN_POINT('',(117.75,21.709092881944,0.));
#860 = LINE('',#861,#862);
#861 = CARTESIAN_POINT('',(93.970034382353,21.709092881944,0.));
#862 = VECTOR('',#863,1.);
#863 = DIRECTION('',(1.,0.,-0.));
#864 = ORIENTED_EDGE('',*,*,#865,.T.);
#865 = EDGE_CURVE('',#856,#866,#868,.T.);
#866 = VERTEX_POINT('',#867);
#867 = CARTESIAN_POINT('',(116.25,19.709092881944,0.));
#868 = LINE('',#869,#870);
#869 = CARTESIAN_POINT('',(116.25,16.215992363372,0.));
#870 = VECTOR('',#871,1.);
#871 = DIRECTION('',(0.,-1.,0.));
#872 = ORIENTED_EDGE('',*,*,#873,.T.);
#873 = EDGE_CURVE('',#866,#874,#876,.T.);
#874 = VERTEX_POINT('',#875);
#875 = CARTESIAN_POINT('',(117.75,19.709092881944,0.));
#876 = LINE('',#877,#878);
#877 = CARTESIAN_POINT('',(93.970034382353,19.709092881944,0.));
#878 = VECTOR('',#879,1.);
#879 = DIRECTION('',(1.,0.,-0.));
#880 = ORIENTED_EDGE('',*,*,#881,.T.);
#881 = EDGE_CURVE('',#874,#882,#884,.T.);
#882 = VERTEX_POINT('',#883);
#883 = CARTESIAN_POINT('',(117.75,18.209092881944,0.));
#884 = LINE('',#885,#886);
#885 = CARTESIAN_POINT('',(117.75,15.465992363372,0.));
#886 = VECTOR('',#887,1.);
#887 = DIRECTION('',(0.,-1.,0.));
#888 = ORIENTED_EDGE('',*,*,#889,.T.);
#889 = EDGE_CURVE('',#882,#890,#892,.T.);
#890 = VERTEX_POINT('',#891);
#891 = CARTESIAN_POINT('',(119.75,18.209092881944,0.));
#892 = LINE('',#893,#894);
#893 = CARTESIAN_POINT('',(94.720034382353,18.209092881944,0.));
#894 = VECTOR('',#895,1.);
#895 = DIRECTION('',(1.,0.,-0.));
#896 = ORIENTED_EDGE('',*,*,#897,.F.);
#897 = EDGE_CURVE('',#898,#890,#900,.T.);
#898 = VERTEX_POINT('',#899);
#899 = CARTESIAN_POINT('',(119.75,19.709092881944,0.));
#900 = LINE('',#901,#902);
#901 = CARTESIAN_POINT('',(119.75,15.465992363372,0.));
#902 = VECTOR('',#903,1.);
#903 = DIRECTION('',(0.,-1.,0.));
#904 = ORIENTED_EDGE('',*,*,#905,.T.);
#905 = EDGE_CURVE('',#898,#906,#908,.T.);
#906 = VERTEX_POINT('',#907);
#907 = CARTESIAN_POINT('',(121.25,19.709092881944,0.));
#908 = LINE('',#909,#910);
#909 = CARTESIAN_POINT('',(93.970034382353,19.709092881944,0.));
#910 = VECTOR('',#911,1.);
#911 = DIRECTION('',(1.,0.,-0.));
#912 = ORIENTED_EDGE('',*,*,#913,.F.);
#913 = EDGE_CURVE('',#914,#906,#916,.T.);
#914 = VERTEX_POINT('',#915);
#915 = CARTESIAN_POINT('',(121.25,21.709092881944,0.));
#916 = LINE('',#917,#918);
#917 = CARTESIAN_POINT('',(121.25,16.215992363372,0.));
#918 = VECTOR('',#919,1.);
#919 = DIRECTION('',(0.,-1.,0.));
#920 = ORIENTED_EDGE('',*,*,#921,.F.);
#921 = EDGE_CURVE('',#922,#914,#924,.T.);
#922 = VERTEX_POINT('',#923);
#923 = CARTESIAN_POINT('',(119.75,21.709092881944,0.));
#924 = LINE('',#925,#926);
#925 = CARTESIAN_POINT('',(93.970034382353,21.709092881944,0.));
#926 = VECTOR('',#927,1.);
#927 = DIRECTION('',(1.,0.,-0.));
#928 = ORIENTED_EDGE('',*,*,#929,.F.);
#929 = EDGE_CURVE('',#930,#922,#932,.T.);
#930 = VERTEX_POINT('',#931);
#931 = CARTESIAN_POINT('',(119.75,23.209092881944,0.));
#932 = LINE('',#933,#934);
#933 = CARTESIAN_POINT('',(119.75,15.465992363372,0.));
#934 = VECTOR('',#935,1.);
#935 = DIRECTION('',(0.,-1.,0.));
#936 = ORIENTED_EDGE('',*,*,#937,.F.);
#937 = EDGE_CURVE('',#938,#930,#940,.T.);
#938 = VERTEX_POINT('',#939);
#939 = CARTESIAN_POINT('',(117.75,23.209092881944,0.));
#940 = LINE('',#941,#942);
#941 = CARTESIAN_POINT('',(94.720034382353,23.209092881944,0.));
#942 = VECTOR('',#943,1.);
#943 = DIRECTION('',(1.,0.,-0.));
#944 = ORIENTED_EDGE('',*,*,#945,.T.);
#945 = EDGE_CURVE('',#938,#858,#946,.T.);
#946 = LINE('',#947,#948);
#947 = CARTESIAN_POINT('',(117.75,15.465992363372,0.));
#948 = VECTOR('',#949,1.);
#949 = DIRECTION('',(0.,-1.,0.));
#950 = FACE_BOUND('',#951,.T.);
#951 = EDGE_LOOP('',(#952));
#952 = ORIENTED_EDGE('',*,*,#953,.T.);
#953 = EDGE_CURVE('',#954,#954,#956,.T.);
#954 = VERTEX_POINT('',#955);
#955 = CARTESIAN_POINT('',(114.44637887146,21.342028773496,0.));
#956 = CIRCLE('',#957,2.45);
#957 = AXIS2_PLACEMENT_3D('',#958,#959,#960);
#958 = CARTESIAN_POINT('',(111.99637887146,21.342028773496,0.));
#959 = DIRECTION('',(0.,0.,1.));
#960 = DIRECTION('',(1.,0.,-0.));
#961 = PLANE('',#962);
#962 = AXIS2_PLACEMENT_3D('',#963,#964,#965);
#963 = CARTESIAN_POINT('',(71.690068764707,12.722891844799,0.));
#964 = DIRECTION('',(-0.,-0.,-1.));
#965 = DIRECTION('',(-1.,0.,0.));
#966 = ADVANCED_FACE('',(#967,#992,#1090,#1101),#1112,.F.);
#967 = FACE_BOUND('',#968,.F.);
#968 = EDGE_LOOP('',(#969,#977,#978,#986));
#969 = ORIENTED_EDGE('',*,*,#970,.F.);
#970 = EDGE_CURVE('',#24,#971,#973,.T.);
#971 = VERTEX_POINT('',#972);
#972 = CARTESIAN_POINT('',(0.,-11.,9.));
#973 = LINE('',#974,#975);
#974 = CARTESIAN_POINT('',(-0.,-11.,0.));
#975 = VECTOR('',#976,1.);
#976 = DIRECTION('',(0.,0.,1.));
#977 = ORIENTED_EDGE('',*,*,#21,.F.);
#978 = ORIENTED_EDGE('',*,*,#979,.T.);
#979 = EDGE_CURVE('',#22,#980,#982,.T.);
#980 = VERTEX_POINT('',#981);
#981 = CARTESIAN_POINT('',(0.,11.001835923482,9.));
#982 = LINE('',#983,#984);
#983 = CARTESIAN_POINT('',(-2.22044604925E-16,11.001835923482,-0.5));
#984 = VECTOR('',#985,1.);
#985 = DIRECTION('',(0.,0.,1.));
#986 = ORIENTED_EDGE('',*,*,#987,.F.);
#987 = EDGE_CURVE('',#971,#980,#988,.T.);
#988 = LINE('',#989,#990);
#989 = CARTESIAN_POINT('',(0.,-13.6385540776,9.));
#990 = VECTOR('',#991,1.);
#991 = DIRECTION('',(-0.,1.,0.));
#992 = FACE_BOUND('',#993,.F.);
#993 = EDGE_LOOP('',(#994,#1004,#1012,#1020,#1028,#1036,#1044,#1052,
    #1060,#1068,#1076,#1084));
#994 = ORIENTED_EDGE('',*,*,#995,.T.);
#995 = EDGE_CURVE('',#996,#998,#1000,.T.);
#996 = VERTEX_POINT('',#997);
#997 = CARTESIAN_POINT('',(0.,4.775,3.475));
#998 = VERTEX_POINT('',#999);
#999 = CARTESIAN_POINT('',(0.,3.275,3.475));
#1000 = LINE('',#1001,#1002);
#1001 = CARTESIAN_POINT('',(0.,-18.3625,3.475));
#1002 = VECTOR('',#1003,1.);
#1003 = DIRECTION('',(0.,-1.,0.));
#1004 = ORIENTED_EDGE('',*,*,#1005,.T.);
#1005 = EDGE_CURVE('',#998,#1006,#1008,.T.);
#1006 = VERTEX_POINT('',#1007);
#1007 = CARTESIAN_POINT('',(0.,3.275,5.525));
#1008 = LINE('',#1009,#1010);
#1009 = CARTESIAN_POINT('',(0.,3.275,1.2375));
#1010 = VECTOR('',#1011,1.);
#1011 = DIRECTION('',(0.,-0.,1.));
#1012 = ORIENTED_EDGE('',*,*,#1013,.F.);
#1013 = EDGE_CURVE('',#1014,#1006,#1016,.T.);
#1014 = VERTEX_POINT('',#1015);
#1015 = CARTESIAN_POINT('',(0.,4.775,5.525));
#1016 = LINE('',#1017,#1018);
#1017 = CARTESIAN_POINT('',(0.,-18.3625,5.525));
#1018 = VECTOR('',#1019,1.);
#1019 = DIRECTION('',(0.,-1.,0.));
#1020 = ORIENTED_EDGE('',*,*,#1021,.T.);
#1021 = EDGE_CURVE('',#1014,#1022,#1024,.T.);
#1022 = VERTEX_POINT('',#1023);
#1023 = CARTESIAN_POINT('',(0.,4.775,7.025));
#1024 = LINE('',#1025,#1026);
#1025 = CARTESIAN_POINT('',(0.,4.775,0.4875));
#1026 = VECTOR('',#1027,1.);
#1027 = DIRECTION('',(0.,-0.,1.));
#1028 = ORIENTED_EDGE('',*,*,#1029,.F.);
#1029 = EDGE_CURVE('',#1030,#1022,#1032,.T.);
#1030 = VERTEX_POINT('',#1031);
#1031 = CARTESIAN_POINT('',(0.,6.825,7.025));
#1032 = LINE('',#1033,#1034);
#1033 = CARTESIAN_POINT('',(0.,-17.6125,7.025));
#1034 = VECTOR('',#1035,1.);
#1035 = DIRECTION('',(0.,-1.,0.));
#1036 = ORIENTED_EDGE('',*,*,#1037,.F.);
#1037 = EDGE_CURVE('',#1038,#1030,#1040,.T.);
#1038 = VERTEX_POINT('',#1039);
#1039 = CARTESIAN_POINT('',(0.,6.825,5.525));
#1040 = LINE('',#1041,#1042);
#1041 = CARTESIAN_POINT('',(0.,6.825,0.4875));
#1042 = VECTOR('',#1043,1.);
#1043 = DIRECTION('',(0.,-0.,1.));
#1044 = ORIENTED_EDGE('',*,*,#1045,.F.);
#1045 = EDGE_CURVE('',#1046,#1038,#1048,.T.);
#1046 = VERTEX_POINT('',#1047);
#1047 = CARTESIAN_POINT('',(0.,8.325,5.525));
#1048 = LINE('',#1049,#1050);
#1049 = CARTESIAN_POINT('',(0.,-18.3625,5.525));
#1050 = VECTOR('',#1051,1.);
#1051 = DIRECTION('',(0.,-1.,0.));
#1052 = ORIENTED_EDGE('',*,*,#1053,.F.);
#1053 = EDGE_CURVE('',#1054,#1046,#1056,.T.);
#1054 = VERTEX_POINT('',#1055);
#1055 = CARTESIAN_POINT('',(0.,8.325,3.475));
#1056 = LINE('',#1057,#1058);
#1057 = CARTESIAN_POINT('',(0.,8.325,1.2375));
#1058 = VECTOR('',#1059,1.);
#1059 = DIRECTION('',(0.,-0.,1.));
#1060 = ORIENTED_EDGE('',*,*,#1061,.T.);
#1061 = EDGE_CURVE('',#1054,#1062,#1064,.T.);
#1062 = VERTEX_POINT('',#1063);
#1063 = CARTESIAN_POINT('',(0.,6.825,3.475));
#1064 = LINE('',#1065,#1066);
#1065 = CARTESIAN_POINT('',(0.,-18.3625,3.475));
#1066 = VECTOR('',#1067,1.);
#1067 = DIRECTION('',(0.,-1.,0.));
#1068 = ORIENTED_EDGE('',*,*,#1069,.F.);
#1069 = EDGE_CURVE('',#1070,#1062,#1072,.T.);
#1070 = VERTEX_POINT('',#1071);
#1071 = CARTESIAN_POINT('',(0.,6.825,1.975));
#1072 = LINE('',#1073,#1074);
#1073 = CARTESIAN_POINT('',(0.,6.825,0.4875));
#1074 = VECTOR('',#1075,1.);
#1075 = DIRECTION('',(0.,-0.,1.));
#1076 = ORIENTED_EDGE('',*,*,#1077,.T.);
#1077 = EDGE_CURVE('',#1070,#1078,#1080,.T.);
#1078 = VERTEX_POINT('',#1079);
#1079 = CARTESIAN_POINT('',(0.,4.775,1.975));
#1080 = LINE('',#1081,#1082);
#1081 = CARTESIAN_POINT('',(0.,-17.6125,1.975));
#1082 = VECTOR('',#1083,1.);
#1083 = DIRECTION('',(0.,-1.,0.));
#1084 = ORIENTED_EDGE('',*,*,#1085,.T.);
#1085 = EDGE_CURVE('',#1078,#996,#1086,.T.);
#1086 = LINE('',#1087,#1088);
#1087 = CARTESIAN_POINT('',(0.,4.775,0.4875));
#1088 = VECTOR('',#1089,1.);
#1089 = DIRECTION('',(0.,-0.,1.));
#1090 = FACE_BOUND('',#1091,.F.);
#1091 = EDGE_LOOP('',(#1092));
#1092 = ORIENTED_EDGE('',*,*,#1093,.F.);
#1093 = EDGE_CURVE('',#1094,#1094,#1096,.T.);
#1094 = VERTEX_POINT('',#1095);
#1095 = CARTESIAN_POINT('',(0.,2.65,4.5));
#1096 = CIRCLE('',#1097,1.2);
#1097 = AXIS2_PLACEMENT_3D('',#1098,#1099,#1100);
#1098 = CARTESIAN_POINT('',(0.,1.45,4.5));
#1099 = DIRECTION('',(1.,0.,0.));
#1100 = DIRECTION('',(-0.,1.,0.));
#1101 = FACE_BOUND('',#1102,.F.);
#1102 = EDGE_LOOP('',(#1103));
#1103 = ORIENTED_EDGE('',*,*,#1104,.F.);
#1104 = EDGE_CURVE('',#1105,#1105,#1107,.T.);
#1105 = VERTEX_POINT('',#1106);
#1106 = CARTESIAN_POINT('',(0.,-2.725,4.5));
#1107 = CIRCLE('',#1108,2.475);
#1108 = AXIS2_PLACEMENT_3D('',#1109,#1110,#1111);
#1109 = CARTESIAN_POINT('',(0.,-5.2,4.5));
#1110 = DIRECTION('',(1.,0.,0.));
#1111 = DIRECTION('',(-0.,1.,0.));
#1112 = PLANE('',#1113);
#1113 = AXIS2_PLACEMENT_3D('',#1114,#1115,#1116);
#1114 = CARTESIAN_POINT('',(0.,-40.,-1.));
#1115 = DIRECTION('',(1.,0.,-0.));
#1116 = DIRECTION('',(0.,0.,1.));
#1117 = ADVANCED_FACE('',(#1118),#1136,.F.);
#1118 = FACE_BOUND('',#1119,.F.);
#1119 = EDGE_LOOP('',(#1120,#1121,#1129,#1135));
#1120 = ORIENTED_EDGE('',*,*,#31,.F.);
#1121 = ORIENTED_EDGE('',*,*,#1122,.T.);
#1122 = EDGE_CURVE('',#32,#1123,#1125,.T.);
#1123 = VERTEX_POINT('',#1124);
#1124 = CARTESIAN_POINT('',(3.4731,11.4613,9.));
#1125 = LINE('',#1126,#1127);
#1126 = CARTESIAN_POINT('',(3.4731,11.4613,0.));
#1127 = VECTOR('',#1128,1.);
#1128 = DIRECTION('',(0.,0.,1.));
#1129 = ORIENTED_EDGE('',*,*,#1130,.T.);
#1130 = EDGE_CURVE('',#1123,#980,#1131,.T.);
#1131 = LINE('',#1132,#1133);
#1132 = CARTESIAN_POINT('',(3.4731,11.4613,9.));
#1133 = VECTOR('',#1134,1.);
#1134 = DIRECTION('',(-0.99136259549,-0.13114954923,0.));
#1135 = ORIENTED_EDGE('',*,*,#979,.F.);
#1136 = PLANE('',#1137);
#1137 = AXIS2_PLACEMENT_3D('',#1138,#1139,#1140);
#1138 = CARTESIAN_POINT('',(3.4731,11.4613,0.));
#1139 = DIRECTION('',(0.13114954923,-0.99136259549,0.));
#1140 = DIRECTION('',(-0.99136259549,-0.13114954923,0.));
#1141 = ADVANCED_FACE('',(#1142),#1160,.F.);
#1142 = FACE_BOUND('',#1143,.F.);
#1143 = EDGE_LOOP('',(#1144,#1145,#1153,#1159));
#1144 = ORIENTED_EDGE('',*,*,#970,.T.);
#1145 = ORIENTED_EDGE('',*,*,#1146,.T.);
#1146 = EDGE_CURVE('',#971,#1147,#1149,.T.);
#1147 = VERTEX_POINT('',#1148);
#1148 = CARTESIAN_POINT('',(2.847,-10.6252,9.));
#1149 = LINE('',#1150,#1151);
#1150 = CARTESIAN_POINT('',(0.,-11.,9.));
#1151 = VECTOR('',#1152,1.);
#1152 = DIRECTION('',(0.991445522055,0.13052117375,0.));
#1153 = ORIENTED_EDGE('',*,*,#1154,.F.);
#1154 = EDGE_CURVE('',#720,#1147,#1155,.T.);
#1155 = LINE('',#1156,#1157);
#1156 = CARTESIAN_POINT('',(2.847,-10.6252,0.));
#1157 = VECTOR('',#1158,1.);
#1158 = DIRECTION('',(0.,0.,1.));
#1159 = ORIENTED_EDGE('',*,*,#727,.F.);
#1160 = PLANE('',#1161);
#1161 = AXIS2_PLACEMENT_3D('',#1162,#1163,#1164);
#1162 = CARTESIAN_POINT('',(0.,-11.,0.));
#1163 = DIRECTION('',(-0.13052117375,0.991445522055,0.));
#1164 = DIRECTION('',(0.991445522055,0.13052117375,0.));
#1165 = ADVANCED_FACE('',(#1166),#1184,.F.);
#1166 = FACE_BOUND('',#1167,.F.);
#1167 = EDGE_LOOP('',(#1168,#1176,#1182,#1183));
#1168 = ORIENTED_EDGE('',*,*,#1169,.T.);
#1169 = EDGE_CURVE('',#40,#1170,#1172,.T.);
#1170 = VERTEX_POINT('',#1171);
#1171 = CARTESIAN_POINT('',(6.25,11.8269,9.));
#1172 = LINE('',#1173,#1174);
#1173 = CARTESIAN_POINT('',(6.25,11.8269,0.));
#1174 = VECTOR('',#1175,1.);
#1175 = DIRECTION('',(0.,0.,1.));
#1176 = ORIENTED_EDGE('',*,*,#1177,.T.);
#1177 = EDGE_CURVE('',#1170,#1123,#1178,.T.);
#1178 = LINE('',#1179,#1180);
#1179 = CARTESIAN_POINT('',(6.25,11.8269,9.));
#1180 = VECTOR('',#1181,1.);
#1181 = DIRECTION('',(-0.991444206222,-0.130531168495,0.));
#1182 = ORIENTED_EDGE('',*,*,#1122,.F.);
#1183 = ORIENTED_EDGE('',*,*,#39,.F.);
#1184 = PLANE('',#1185);
#1185 = AXIS2_PLACEMENT_3D('',#1186,#1187,#1188);
#1186 = CARTESIAN_POINT('',(6.25,11.8269,0.));
#1187 = DIRECTION('',(0.130531168495,-0.991444206222,0.));
#1188 = DIRECTION('',(-0.991444206222,-0.130531168495,0.));
#1189 = ADVANCED_FACE('',(#1190),#1208,.F.);
#1190 = FACE_BOUND('',#1191,.F.);
#1191 = EDGE_LOOP('',(#1192,#1193,#1201,#1207));
#1192 = ORIENTED_EDGE('',*,*,#1154,.T.);
#1193 = ORIENTED_EDGE('',*,*,#1194,.T.);
#1194 = EDGE_CURVE('',#1147,#1195,#1197,.T.);
#1195 = VERTEX_POINT('',#1196);
#1196 = CARTESIAN_POINT('',(9.0269,-9.2658,9.));
#1197 = LINE('',#1198,#1199);
#1198 = CARTESIAN_POINT('',(2.847,-10.6252,9.));
#1199 = VECTOR('',#1200,1.);
#1200 = DIRECTION('',(0.976650369344,0.214834950741,0.));
#1201 = ORIENTED_EDGE('',*,*,#1202,.F.);
#1202 = EDGE_CURVE('',#712,#1195,#1203,.T.);
#1203 = LINE('',#1204,#1205);
#1204 = CARTESIAN_POINT('',(9.0269,-9.2658,0.));
#1205 = VECTOR('',#1206,1.);
#1206 = DIRECTION('',(0.,0.,1.));
#1207 = ORIENTED_EDGE('',*,*,#719,.F.);
#1208 = PLANE('',#1209);
#1209 = AXIS2_PLACEMENT_3D('',#1210,#1211,#1212);
#1210 = CARTESIAN_POINT('',(2.847,-10.6252,0.));
#1211 = DIRECTION('',(-0.214834950741,0.976650369344,0.));
#1212 = DIRECTION('',(0.976650369344,0.214834950741,0.));
#1213 = ADVANCED_FACE('',(#1214),#1232,.F.);
#1214 = FACE_BOUND('',#1215,.F.);
#1215 = EDGE_LOOP('',(#1216,#1224,#1230,#1231));
#1216 = ORIENTED_EDGE('',*,*,#1217,.T.);
#1217 = EDGE_CURVE('',#48,#1218,#1220,.T.);
#1218 = VERTEX_POINT('',#1219);
#1219 = CARTESIAN_POINT('',(12.5,12.605,9.));
#1220 = LINE('',#1221,#1222);
#1221 = CARTESIAN_POINT('',(12.5,12.605,0.));
#1222 = VECTOR('',#1223,1.);
#1223 = DIRECTION('',(0.,0.,1.));
#1224 = ORIENTED_EDGE('',*,*,#1225,.T.);
#1225 = EDGE_CURVE('',#1218,#1170,#1226,.T.);
#1226 = LINE('',#1227,#1228);
#1227 = CARTESIAN_POINT('',(12.5,12.605,9.));
#1228 = VECTOR('',#1229,1.);
#1229 = DIRECTION('',(-0.99233931009,-0.123542274749,0.));
#1230 = ORIENTED_EDGE('',*,*,#1169,.F.);
#1231 = ORIENTED_EDGE('',*,*,#47,.F.);
#1232 = PLANE('',#1233);
#1233 = AXIS2_PLACEMENT_3D('',#1234,#1235,#1236);
#1234 = CARTESIAN_POINT('',(12.5,12.605,0.));
#1235 = DIRECTION('',(0.123542274749,-0.99233931009,0.));
#1236 = DIRECTION('',(-0.99233931009,-0.123542274749,0.));
#1237 = ADVANCED_FACE('',(#1238),#1256,.F.);
#1238 = FACE_BOUND('',#1239,.F.);
#1239 = EDGE_LOOP('',(#1240,#1241,#1249,#1255));
#1240 = ORIENTED_EDGE('',*,*,#1202,.T.);
#1241 = ORIENTED_EDGE('',*,*,#1242,.T.);
#1242 = EDGE_CURVE('',#1195,#1243,#1245,.T.);
#1243 = VERTEX_POINT('',#1244);
#1244 = CARTESIAN_POINT('',(15.2068,-7.9553,9.));
#1245 = LINE('',#1246,#1247);
#1246 = CARTESIAN_POINT('',(9.0269,-9.2658,9.));
#1247 = VECTOR('',#1248,1.);
#1248 = DIRECTION('',(0.978246586626,0.207445452479,0.));
#1249 = ORIENTED_EDGE('',*,*,#1250,.F.);
#1250 = EDGE_CURVE('',#704,#1243,#1251,.T.);
#1251 = LINE('',#1252,#1253);
#1252 = CARTESIAN_POINT('',(15.2068,-7.9553,0.));
#1253 = VECTOR('',#1254,1.);
#1254 = DIRECTION('',(0.,0.,1.));
#1255 = ORIENTED_EDGE('',*,*,#711,.F.);
#1256 = PLANE('',#1257);
#1257 = AXIS2_PLACEMENT_3D('',#1258,#1259,#1260);
#1258 = CARTESIAN_POINT('',(9.0269,-9.2658,0.));
#1259 = DIRECTION('',(-0.207445452479,0.978246586626,0.));
#1260 = DIRECTION('',(0.978246586626,0.207445452479,0.));
#1261 = ADVANCED_FACE('',(#1262),#1280,.F.);
#1262 = FACE_BOUND('',#1263,.F.);
#1263 = EDGE_LOOP('',(#1264,#1272,#1278,#1279));
#1264 = ORIENTED_EDGE('',*,*,#1265,.T.);
#1265 = EDGE_CURVE('',#56,#1266,#1268,.T.);
#1266 = VERTEX_POINT('',#1267);
#1267 = CARTESIAN_POINT('',(18.75,13.3428,9.));
#1268 = LINE('',#1269,#1270);
#1269 = CARTESIAN_POINT('',(18.75,13.3428,0.));
#1270 = VECTOR('',#1271,1.);
#1271 = DIRECTION('',(0.,0.,1.));
#1272 = ORIENTED_EDGE('',*,*,#1273,.T.);
#1273 = EDGE_CURVE('',#1266,#1218,#1274,.T.);
#1274 = LINE('',#1275,#1276);
#1275 = CARTESIAN_POINT('',(18.75,13.3428,9.));
#1276 = VECTOR('',#1277,1.);
#1277 = DIRECTION('',(-0.993104321897,-0.117233978991,0.));
#1278 = ORIENTED_EDGE('',*,*,#1217,.F.);
#1279 = ORIENTED_EDGE('',*,*,#55,.F.);
#1280 = PLANE('',#1281);
#1281 = AXIS2_PLACEMENT_3D('',#1282,#1283,#1284);
#1282 = CARTESIAN_POINT('',(18.75,13.3428,0.));
#1283 = DIRECTION('',(0.117233978991,-0.993104321897,0.));
#1284 = DIRECTION('',(-0.993104321897,-0.117233978991,0.));
#1285 = ADVANCED_FACE('',(#1286,#1304),#1323,.F.);
#1286 = FACE_BOUND('',#1287,.F.);
#1287 = EDGE_LOOP('',(#1288,#1289,#1297,#1303));
#1288 = ORIENTED_EDGE('',*,*,#1250,.T.);
#1289 = ORIENTED_EDGE('',*,*,#1290,.T.);
#1290 = EDGE_CURVE('',#1243,#1291,#1293,.T.);
#1291 = VERTEX_POINT('',#1292);
#1292 = CARTESIAN_POINT('',(21.3867,-6.6851,9.));
#1293 = LINE('',#1294,#1295);
#1294 = CARTESIAN_POINT('',(15.2068,-7.9553,9.));
#1295 = VECTOR('',#1296,1.);
#1296 = DIRECTION('',(0.979523744392,0.201328672006,0.));
#1297 = ORIENTED_EDGE('',*,*,#1298,.F.);
#1298 = EDGE_CURVE('',#696,#1291,#1299,.T.);
#1299 = LINE('',#1300,#1301);
#1300 = CARTESIAN_POINT('',(21.3867,-6.6851,0.));
#1301 = VECTOR('',#1302,1.);
#1302 = DIRECTION('',(0.,0.,1.));
#1303 = ORIENTED_EDGE('',*,*,#703,.F.);
#1304 = FACE_BOUND('',#1305,.F.);
#1305 = EDGE_LOOP('',(#1306,#1317));
#1306 = ORIENTED_EDGE('',*,*,#1307,.F.);
#1307 = EDGE_CURVE('',#1308,#1310,#1312,.T.);
#1308 = VERTEX_POINT('',#1309);
#1309 = CARTESIAN_POINT('',(16.8,-7.627837963397,4.019138457052));
#1310 = VERTEX_POINT('',#1311);
#1311 = CARTESIAN_POINT('',(16.8,-7.627837963397,4.980861542948));
#1312 = ELLIPSE('',#1313,12.293330976383,2.475);
#1313 = AXIS2_PLACEMENT_3D('',#1314,#1315,#1316);
#1314 = CARTESIAN_POINT('',(28.612152283105,-5.2,4.5));
#1315 = DIRECTION('',(-0.201328672006,0.979523744392,0.));
#1316 = DIRECTION('',(0.979523744392,0.201328672006,0.));
#1317 = ORIENTED_EDGE('',*,*,#1318,.F.);
#1318 = EDGE_CURVE('',#1310,#1308,#1319,.T.);
#1319 = LINE('',#1320,#1321);
#1320 = CARTESIAN_POINT('',(16.8,-7.627837963397,2.25));
#1321 = VECTOR('',#1322,1.);
#1322 = DIRECTION('',(0.,0.,-1.));
#1323 = PLANE('',#1324);
#1324 = AXIS2_PLACEMENT_3D('',#1325,#1326,#1327);
#1325 = CARTESIAN_POINT('',(15.2068,-7.9553,0.));
#1326 = DIRECTION('',(-0.201328672006,0.979523744392,0.));
#1327 = DIRECTION('',(0.979523744392,0.201328672006,0.));
#1328 = ADVANCED_FACE('',(#1329),#1347,.F.);
#1329 = FACE_BOUND('',#1330,.F.);
#1330 = EDGE_LOOP('',(#1331,#1339,#1345,#1346));
#1331 = ORIENTED_EDGE('',*,*,#1332,.T.);
#1332 = EDGE_CURVE('',#64,#1333,#1335,.T.);
#1333 = VERTEX_POINT('',#1334);
#1334 = CARTESIAN_POINT('',(25.,14.0486,9.));
#1335 = LINE('',#1336,#1337);
#1336 = CARTESIAN_POINT('',(25.,14.0486,0.));
#1337 = VECTOR('',#1338,1.);
#1338 = DIRECTION('',(0.,0.,1.));
#1339 = ORIENTED_EDGE('',*,*,#1340,.T.);
#1340 = EDGE_CURVE('',#1333,#1266,#1341,.T.);
#1341 = LINE('',#1342,#1343);
#1342 = CARTESIAN_POINT('',(25.,14.0486,9.));
#1343 = VECTOR('',#1344,1.);
#1344 = DIRECTION('',(-0.993683979508,-0.112214744438,0.));
#1345 = ORIENTED_EDGE('',*,*,#1265,.F.);
#1346 = ORIENTED_EDGE('',*,*,#63,.F.);
#1347 = PLANE('',#1348);
#1348 = AXIS2_PLACEMENT_3D('',#1349,#1350,#1351);
#1349 = CARTESIAN_POINT('',(25.,14.0486,0.));
#1350 = DIRECTION('',(0.112214744438,-0.993683979508,0.));
#1351 = DIRECTION('',(-0.993683979508,-0.112214744438,0.));
#1352 = ADVANCED_FACE('',(#1353),#1371,.F.);
#1353 = FACE_BOUND('',#1354,.F.);
#1354 = EDGE_LOOP('',(#1355,#1356,#1364,#1370));
#1355 = ORIENTED_EDGE('',*,*,#1298,.T.);
#1356 = ORIENTED_EDGE('',*,*,#1357,.T.);
#1357 = EDGE_CURVE('',#1291,#1358,#1360,.T.);
#1358 = VERTEX_POINT('',#1359);
#1359 = CARTESIAN_POINT('',(27.5666,-5.4468,9.));
#1360 = LINE('',#1361,#1362);
#1361 = CARTESIAN_POINT('',(21.3867,-6.6851,9.));
#1362 = VECTOR('',#1363,1.);
#1363 = DIRECTION('',(0.980509824548,0.196470058696,0.));
#1364 = ORIENTED_EDGE('',*,*,#1365,.F.);
#1365 = EDGE_CURVE('',#688,#1358,#1366,.T.);
#1366 = LINE('',#1367,#1368);
#1367 = CARTESIAN_POINT('',(27.5666,-5.4468,0.));
#1368 = VECTOR('',#1369,1.);
#1369 = DIRECTION('',(0.,0.,1.));
#1370 = ORIENTED_EDGE('',*,*,#695,.F.);
#1371 = PLANE('',#1372);
#1372 = AXIS2_PLACEMENT_3D('',#1373,#1374,#1375);
#1373 = CARTESIAN_POINT('',(21.3867,-6.6851,0.));
#1374 = DIRECTION('',(-0.196470058696,0.980509824548,0.));
#1375 = DIRECTION('',(0.980509824548,0.196470058696,0.));
#1376 = ADVANCED_FACE('',(#1377),#1395,.F.);
#1377 = FACE_BOUND('',#1378,.F.);
#1378 = EDGE_LOOP('',(#1379,#1387,#1393,#1394));
#1379 = ORIENTED_EDGE('',*,*,#1380,.T.);
#1380 = EDGE_CURVE('',#72,#1381,#1383,.T.);
#1381 = VERTEX_POINT('',#1382);
#1382 = CARTESIAN_POINT('',(31.25,14.731,9.));
#1383 = LINE('',#1384,#1385);
#1384 = CARTESIAN_POINT('',(31.25,14.731,0.));
#1385 = VECTOR('',#1386,1.);
#1386 = DIRECTION('',(0.,0.,1.));
#1387 = ORIENTED_EDGE('',*,*,#1388,.T.);
#1388 = EDGE_CURVE('',#1381,#1333,#1389,.T.);
#1389 = LINE('',#1390,#1391);
#1390 = CARTESIAN_POINT('',(31.25,14.731,9.));
#1391 = VECTOR('',#1392,1.);
#1392 = DIRECTION('',(-0.994092195756,-0.108538962301,0.));
#1393 = ORIENTED_EDGE('',*,*,#1332,.F.);
#1394 = ORIENTED_EDGE('',*,*,#71,.F.);
#1395 = PLANE('',#1396);
#1396 = AXIS2_PLACEMENT_3D('',#1397,#1398,#1399);
#1397 = CARTESIAN_POINT('',(31.25,14.731,0.));
#1398 = DIRECTION('',(0.108538962301,-0.994092195756,0.));
#1399 = DIRECTION('',(-0.994092195756,-0.108538962301,0.));
#1400 = ADVANCED_FACE('',(#1401),#1419,.F.);
#1401 = FACE_BOUND('',#1402,.F.);
#1402 = EDGE_LOOP('',(#1403,#1404,#1412,#1418));
#1403 = ORIENTED_EDGE('',*,*,#1365,.T.);
#1404 = ORIENTED_EDGE('',*,*,#1405,.T.);
#1405 = EDGE_CURVE('',#1358,#1406,#1408,.T.);
#1406 = VERTEX_POINT('',#1407);
#1407 = CARTESIAN_POINT('',(33.7465,-4.232,9.));
#1408 = LINE('',#1409,#1410);
#1409 = CARTESIAN_POINT('',(27.5666,-5.4468,9.));
#1410 = VECTOR('',#1411,1.);
#1411 = DIRECTION('',(0.981222052592,0.192881527127,0.));
#1412 = ORIENTED_EDGE('',*,*,#1413,.F.);
#1413 = EDGE_CURVE('',#680,#1406,#1414,.T.);
#1414 = LINE('',#1415,#1416);
#1415 = CARTESIAN_POINT('',(33.7465,-4.232,0.));
#1416 = VECTOR('',#1417,1.);
#1417 = DIRECTION('',(0.,0.,1.));
#1418 = ORIENTED_EDGE('',*,*,#687,.F.);
#1419 = PLANE('',#1420);
#1420 = AXIS2_PLACEMENT_3D('',#1421,#1422,#1423);
#1421 = CARTESIAN_POINT('',(27.5666,-5.4468,0.));
#1422 = DIRECTION('',(-0.192881527127,0.981222052592,0.));
#1423 = DIRECTION('',(0.981222052592,0.192881527127,0.));
#1424 = ADVANCED_FACE('',(#1425),#1443,.F.);
#1425 = FACE_BOUND('',#1426,.F.);
#1426 = EDGE_LOOP('',(#1427,#1435,#1441,#1442));
#1427 = ORIENTED_EDGE('',*,*,#1428,.T.);
#1428 = EDGE_CURVE('',#80,#1429,#1431,.T.);
#1429 = VERTEX_POINT('',#1430);
#1430 = CARTESIAN_POINT('',(37.5,15.3984,9.));
#1431 = LINE('',#1432,#1433);
#1432 = CARTESIAN_POINT('',(37.5,15.3984,0.));
#1433 = VECTOR('',#1434,1.);
#1434 = DIRECTION('',(0.,0.,1.));
#1435 = ORIENTED_EDGE('',*,*,#1436,.T.);
#1436 = EDGE_CURVE('',#1429,#1381,#1437,.T.);
#1437 = LINE('',#1438,#1439);
#1438 = CARTESIAN_POINT('',(37.5,15.3984,9.));
#1439 = VECTOR('',#1440,1.);
#1440 = DIRECTION('',(-0.994346889058,-0.106180338201,0.));
#1441 = ORIENTED_EDGE('',*,*,#1380,.F.);
#1442 = ORIENTED_EDGE('',*,*,#79,.F.);
#1443 = PLANE('',#1444);
#1444 = AXIS2_PLACEMENT_3D('',#1445,#1446,#1447);
#1445 = CARTESIAN_POINT('',(37.5,15.3984,0.));
#1446 = DIRECTION('',(0.106180338201,-0.994346889058,0.));
#1447 = DIRECTION('',(-0.994346889058,-0.106180338201,0.));
#1448 = ADVANCED_FACE('',(#1449),#1467,.F.);
#1449 = FACE_BOUND('',#1450,.F.);
#1450 = EDGE_LOOP('',(#1451,#1452,#1460,#1466));
#1451 = ORIENTED_EDGE('',*,*,#1413,.T.);
#1452 = ORIENTED_EDGE('',*,*,#1453,.T.);
#1453 = EDGE_CURVE('',#1406,#1454,#1456,.T.);
#1454 = VERTEX_POINT('',#1455);
#1455 = CARTESIAN_POINT('',(39.9264,-3.0321,9.));
#1456 = LINE('',#1457,#1458);
#1457 = CARTESIAN_POINT('',(33.7465,-4.232,9.));
#1458 = VECTOR('',#1459,1.);
#1459 = DIRECTION('',(0.981667353952,0.190602219778,0.));
#1460 = ORIENTED_EDGE('',*,*,#1461,.F.);
#1461 = EDGE_CURVE('',#672,#1454,#1462,.T.);
#1462 = LINE('',#1463,#1464);
#1463 = CARTESIAN_POINT('',(39.9264,-3.0321,0.));
#1464 = VECTOR('',#1465,1.);
#1465 = DIRECTION('',(0.,0.,1.));
#1466 = ORIENTED_EDGE('',*,*,#679,.F.);
#1467 = PLANE('',#1468);
#1468 = AXIS2_PLACEMENT_3D('',#1469,#1470,#1471);
#1469 = CARTESIAN_POINT('',(33.7465,-4.232,0.));
#1470 = DIRECTION('',(-0.190602219778,0.981667353952,0.));
#1471 = DIRECTION('',(0.981667353952,0.190602219778,0.));
#1472 = ADVANCED_FACE('',(#1473),#1491,.F.);
#1473 = FACE_BOUND('',#1474,.F.);
#1474 = EDGE_LOOP('',(#1475,#1483,#1489,#1490));
#1475 = ORIENTED_EDGE('',*,*,#1476,.T.);
#1476 = EDGE_CURVE('',#88,#1477,#1479,.T.);
#1477 = VERTEX_POINT('',#1478);
#1478 = CARTESIAN_POINT('',(43.75,16.0594,9.));
#1479 = LINE('',#1480,#1481);
#1480 = CARTESIAN_POINT('',(43.75,16.0594,0.));
#1481 = VECTOR('',#1482,1.);
#1482 = DIRECTION('',(0.,0.,1.));
#1483 = ORIENTED_EDGE('',*,*,#1484,.T.);
#1484 = EDGE_CURVE('',#1477,#1429,#1485,.T.);
#1485 = LINE('',#1486,#1487);
#1486 = CARTESIAN_POINT('',(43.75,16.0594,9.));
#1487 = VECTOR('',#1488,1.);
#1488 = DIRECTION('',(-0.994453893712,-0.105173443799,0.));
#1489 = ORIENTED_EDGE('',*,*,#1428,.F.);
#1490 = ORIENTED_EDGE('',*,*,#87,.F.);
#1491 = PLANE('',#1492);
#1492 = AXIS2_PLACEMENT_3D('',#1493,#1494,#1495);
#1493 = CARTESIAN_POINT('',(43.75,16.0594,0.));
#1494 = DIRECTION('',(0.105173443799,-0.994453893712,0.));
#1495 = DIRECTION('',(-0.994453893712,-0.105173443799,0.));
#1496 = ADVANCED_FACE('',(#1497),#1515,.F.);
#1497 = FACE_BOUND('',#1498,.F.);
#1498 = EDGE_LOOP('',(#1499,#1500,#1508,#1514));
#1499 = ORIENTED_EDGE('',*,*,#1461,.T.);
#1500 = ORIENTED_EDGE('',*,*,#1501,.T.);
#1501 = EDGE_CURVE('',#1454,#1502,#1504,.T.);
#1502 = VERTEX_POINT('',#1503);
#1503 = CARTESIAN_POINT('',(46.1063,-1.8388,9.));
#1504 = LINE('',#1505,#1506);
#1505 = CARTESIAN_POINT('',(39.9264,-3.0321,9.));
#1506 = VECTOR('',#1507,1.);
#1507 = DIRECTION('',(0.981863036875,0.18959160535,0.));
#1508 = ORIENTED_EDGE('',*,*,#1509,.F.);
#1509 = EDGE_CURVE('',#664,#1502,#1510,.T.);
#1510 = LINE('',#1511,#1512);
#1511 = CARTESIAN_POINT('',(46.1063,-1.8388,0.));
#1512 = VECTOR('',#1513,1.);
#1513 = DIRECTION('',(0.,0.,1.));
#1514 = ORIENTED_EDGE('',*,*,#671,.F.);
#1515 = PLANE('',#1516);
#1516 = AXIS2_PLACEMENT_3D('',#1517,#1518,#1519);
#1517 = CARTESIAN_POINT('',(39.9264,-3.0321,0.));
#1518 = DIRECTION('',(-0.18959160535,0.981863036875,0.));
#1519 = DIRECTION('',(0.981863036875,0.18959160535,0.));
#1520 = ADVANCED_FACE('',(#1521),#1539,.F.);
#1521 = FACE_BOUND('',#1522,.F.);
#1522 = EDGE_LOOP('',(#1523,#1531,#1537,#1538));
#1523 = ORIENTED_EDGE('',*,*,#1524,.T.);
#1524 = EDGE_CURVE('',#96,#1525,#1527,.T.);
#1525 = VERTEX_POINT('',#1526);
#1526 = CARTESIAN_POINT('',(50.,16.7222,9.));
#1527 = LINE('',#1528,#1529);
#1528 = CARTESIAN_POINT('',(50.,16.7222,0.));
#1529 = VECTOR('',#1530,1.);
#1530 = DIRECTION('',(0.,0.,1.));
#1531 = ORIENTED_EDGE('',*,*,#1532,.T.);
#1532 = EDGE_CURVE('',#1525,#1477,#1533,.T.);
#1533 = LINE('',#1534,#1535);
#1534 = CARTESIAN_POINT('',(50.,16.7222,9.));
#1535 = VECTOR('',#1536,1.);
#1536 = DIRECTION('',(-0.994423899383,-0.105456665682,0.));
#1537 = ORIENTED_EDGE('',*,*,#1476,.F.);
#1538 = ORIENTED_EDGE('',*,*,#95,.F.);
#1539 = PLANE('',#1540);
#1540 = AXIS2_PLACEMENT_3D('',#1541,#1542,#1543);
#1541 = CARTESIAN_POINT('',(50.,16.7222,0.));
#1542 = DIRECTION('',(0.105456665682,-0.994423899383,0.));
#1543 = DIRECTION('',(-0.994423899383,-0.105456665682,0.));
#1544 = ADVANCED_FACE('',(#1545),#1563,.F.);
#1545 = FACE_BOUND('',#1546,.F.);
#1546 = EDGE_LOOP('',(#1547,#1548,#1556,#1562));
#1547 = ORIENTED_EDGE('',*,*,#1509,.T.);
#1548 = ORIENTED_EDGE('',*,*,#1549,.T.);
#1549 = EDGE_CURVE('',#1502,#1550,#1552,.T.);
#1550 = VERTEX_POINT('',#1551);
#1551 = CARTESIAN_POINT('',(52.2862,-0.6435,9.));
#1552 = LINE('',#1553,#1554);
#1553 = CARTESIAN_POINT('',(46.1063,-1.8388,9.));
#1554 = VECTOR('',#1555,1.);
#1555 = DIRECTION('',(0.981803840653,0.189897915942,0.));
#1556 = ORIENTED_EDGE('',*,*,#1557,.F.);
#1557 = EDGE_CURVE('',#656,#1550,#1558,.T.);
#1558 = LINE('',#1559,#1560);
#1559 = CARTESIAN_POINT('',(52.2862,-0.6435,0.));
#1560 = VECTOR('',#1561,1.);
#1561 = DIRECTION('',(0.,0.,1.));
#1562 = ORIENTED_EDGE('',*,*,#663,.F.);
#1563 = PLANE('',#1564);
#1564 = AXIS2_PLACEMENT_3D('',#1565,#1566,#1567);
#1565 = CARTESIAN_POINT('',(46.1063,-1.8388,0.));
#1566 = DIRECTION('',(-0.189897915942,0.981803840653,0.));
#1567 = DIRECTION('',(0.981803840653,0.189897915942,0.));
#1568 = ADVANCED_FACE('',(#1569),#1587,.F.);
#1569 = FACE_BOUND('',#1570,.F.);
#1570 = EDGE_LOOP('',(#1571,#1572,#1580,#1586));
#1571 = ORIENTED_EDGE('',*,*,#103,.F.);
#1572 = ORIENTED_EDGE('',*,*,#1573,.T.);
#1573 = EDGE_CURVE('',#104,#1574,#1576,.T.);
#1574 = VERTEX_POINT('',#1575);
#1575 = CARTESIAN_POINT('',(51.854032503189,16.921931213504,9.));
#1576 = LINE('',#1577,#1578);
#1577 = CARTESIAN_POINT('',(51.854032503189,16.921931213504,0.));
#1578 = VECTOR('',#1579,1.);
#1579 = DIRECTION('',(0.,0.,1.));
#1580 = ORIENTED_EDGE('',*,*,#1581,.T.);
#1581 = EDGE_CURVE('',#1574,#1525,#1582,.T.);
#1582 = LINE('',#1583,#1584);
#1583 = CARTESIAN_POINT('',(56.25,17.3955,9.));
#1584 = VECTOR('',#1585,1.);
#1585 = DIRECTION('',(-0.994247361777,-0.10710827979,0.));
#1586 = ORIENTED_EDGE('',*,*,#1524,.F.);
#1587 = PLANE('',#1588);
#1588 = AXIS2_PLACEMENT_3D('',#1589,#1590,#1591);
#1589 = CARTESIAN_POINT('',(56.25,17.3955,0.));
#1590 = DIRECTION('',(0.10710827979,-0.994247361777,0.));
#1591 = DIRECTION('',(-0.994247361777,-0.10710827979,0.));
#1592 = ADVANCED_FACE('',(#1593),#1611,.F.);
#1593 = FACE_BOUND('',#1594,.F.);
#1594 = EDGE_LOOP('',(#1595,#1596,#1604,#1610));
#1595 = ORIENTED_EDGE('',*,*,#1557,.T.);
#1596 = ORIENTED_EDGE('',*,*,#1597,.T.);
#1597 = EDGE_CURVE('',#1550,#1598,#1600,.T.);
#1598 = VERTEX_POINT('',#1599);
#1599 = CARTESIAN_POINT('',(58.4661,0.5623,9.));
#1600 = LINE('',#1601,#1602);
#1601 = CARTESIAN_POINT('',(52.2862,-0.6435,9.));
#1602 = VECTOR('',#1603,1.);
#1603 = DIRECTION('',(0.981491611372,0.191505135195,0.));
#1604 = ORIENTED_EDGE('',*,*,#1605,.F.);
#1605 = EDGE_CURVE('',#648,#1598,#1606,.T.);
#1606 = LINE('',#1607,#1608);
#1607 = CARTESIAN_POINT('',(58.4661,0.5623,0.));
#1608 = VECTOR('',#1609,1.);
#1609 = DIRECTION('',(0.,0.,1.));
#1610 = ORIENTED_EDGE('',*,*,#655,.F.);
#1611 = PLANE('',#1612);
#1612 = AXIS2_PLACEMENT_3D('',#1613,#1614,#1615);
#1613 = CARTESIAN_POINT('',(52.2862,-0.6435,0.));
#1614 = DIRECTION('',(-0.191505135195,0.981491611372,0.));
#1615 = DIRECTION('',(0.981491611372,0.191505135195,0.));
#1616 = ADVANCED_FACE('',(#1617),#1635,.F.);
#1617 = FACE_BOUND('',#1618,.F.);
#1618 = EDGE_LOOP('',(#1619,#1620,#1628,#1634));
#1619 = ORIENTED_EDGE('',*,*,#111,.F.);
#1620 = ORIENTED_EDGE('',*,*,#1621,.T.);
#1621 = EDGE_CURVE('',#112,#1622,#1624,.T.);
#1622 = VERTEX_POINT('',#1623);
#1623 = CARTESIAN_POINT('',(63.0745,31.0253,9.));
#1624 = LINE('',#1625,#1626);
#1625 = CARTESIAN_POINT('',(63.0745,31.0253,0.));
#1626 = VECTOR('',#1627,1.);
#1627 = DIRECTION('',(0.,0.,1.));
#1628 = ORIENTED_EDGE('',*,*,#1629,.T.);
#1629 = EDGE_CURVE('',#1622,#1574,#1630,.T.);
#1630 = LINE('',#1631,#1632);
#1631 = CARTESIAN_POINT('',(63.0745,31.0253,9.));
#1632 = VECTOR('',#1633,1.);
#1633 = DIRECTION('',(-0.622587408504,-0.782550265972,0.));
#1634 = ORIENTED_EDGE('',*,*,#1573,.F.);
#1635 = PLANE('',#1636);
#1636 = AXIS2_PLACEMENT_3D('',#1637,#1638,#1639);
#1637 = CARTESIAN_POINT('',(63.0745,31.0253,0.));
#1638 = DIRECTION('',(0.782550265972,-0.622587408504,0.));
#1639 = DIRECTION('',(-0.622587408504,-0.782550265972,0.));
#1640 = ADVANCED_FACE('',(#1641),#1659,.F.);
#1641 = FACE_BOUND('',#1642,.F.);
#1642 = EDGE_LOOP('',(#1643,#1644,#1652,#1658));
#1643 = ORIENTED_EDGE('',*,*,#1605,.T.);
#1644 = ORIENTED_EDGE('',*,*,#1645,.T.);
#1645 = EDGE_CURVE('',#1598,#1646,#1648,.T.);
#1646 = VERTEX_POINT('',#1647);
#1647 = CARTESIAN_POINT('',(64.646,1.7869,9.));
#1648 = LINE('',#1649,#1650);
#1649 = CARTESIAN_POINT('',(58.4661,0.5623,9.));
#1650 = VECTOR('',#1651,1.);
#1651 = DIRECTION('',(0.98092650879,0.194378970965,0.));
#1652 = ORIENTED_EDGE('',*,*,#1653,.F.);
#1653 = EDGE_CURVE('',#640,#1646,#1654,.T.);
#1654 = LINE('',#1655,#1656);
#1655 = CARTESIAN_POINT('',(64.646,1.7869,0.));
#1656 = VECTOR('',#1657,1.);
#1657 = DIRECTION('',(0.,0.,1.));
#1658 = ORIENTED_EDGE('',*,*,#647,.F.);
#1659 = PLANE('',#1660);
#1660 = AXIS2_PLACEMENT_3D('',#1661,#1662,#1663);
#1661 = CARTESIAN_POINT('',(58.4661,0.5623,0.));
#1662 = DIRECTION('',(-0.194378970965,0.98092650879,0.));
#1663 = DIRECTION('',(0.98092650879,0.194378970965,0.));
#1664 = ADVANCED_FACE('',(#1665),#1683,.F.);
#1665 = FACE_BOUND('',#1666,.F.);
#1666 = EDGE_LOOP('',(#1667,#1675,#1681,#1682));
#1667 = ORIENTED_EDGE('',*,*,#1668,.T.);
#1668 = EDGE_CURVE('',#120,#1669,#1671,.T.);
#1669 = VERTEX_POINT('',#1670);
#1670 = CARTESIAN_POINT('',(63.613,31.4385,9.));
#1671 = LINE('',#1672,#1673);
#1672 = CARTESIAN_POINT('',(63.613,31.4385,0.));
#1673 = VECTOR('',#1674,1.);
#1674 = DIRECTION('',(0.,0.,1.));
#1675 = ORIENTED_EDGE('',*,*,#1676,.T.);
#1676 = EDGE_CURVE('',#1669,#1622,#1677,.T.);
#1677 = LINE('',#1678,#1679);
#1678 = CARTESIAN_POINT('',(63.613,31.4385,9.));
#1679 = VECTOR('',#1680,1.);
#1680 = DIRECTION('',(-0.793357312799,-0.608756251901,0.));
#1681 = ORIENTED_EDGE('',*,*,#1621,.F.);
#1682 = ORIENTED_EDGE('',*,*,#119,.F.);
#1683 = PLANE('',#1684);
#1684 = AXIS2_PLACEMENT_3D('',#1685,#1686,#1687);
#1685 = CARTESIAN_POINT('',(63.613,31.4385,0.));
#1686 = DIRECTION('',(0.608756251901,-0.793357312799,0.));
#1687 = DIRECTION('',(-0.793357312799,-0.608756251901,0.));
#1688 = ADVANCED_FACE('',(#1689),#1707,.F.);
#1689 = FACE_BOUND('',#1690,.F.);
#1690 = EDGE_LOOP('',(#1691,#1692,#1700,#1706));
#1691 = ORIENTED_EDGE('',*,*,#1653,.T.);
#1692 = ORIENTED_EDGE('',*,*,#1693,.T.);
#1693 = EDGE_CURVE('',#1646,#1694,#1696,.T.);
#1694 = VERTEX_POINT('',#1695);
#1695 = CARTESIAN_POINT('',(70.8259,3.0388,9.));
#1696 = LINE('',#1697,#1698);
#1697 = CARTESIAN_POINT('',(64.646,1.7869,9.));
#1698 = VECTOR('',#1699,1.);
#1699 = DIRECTION('',(0.980092130282,0.198543234988,0.));
#1700 = ORIENTED_EDGE('',*,*,#1701,.F.);
#1701 = EDGE_CURVE('',#632,#1694,#1702,.T.);
#1702 = LINE('',#1703,#1704);
#1703 = CARTESIAN_POINT('',(70.8259,3.0388,0.));
#1704 = VECTOR('',#1705,1.);
#1705 = DIRECTION('',(0.,0.,1.));
#1706 = ORIENTED_EDGE('',*,*,#639,.F.);
#1707 = PLANE('',#1708);
#1708 = AXIS2_PLACEMENT_3D('',#1709,#1710,#1711);
#1709 = CARTESIAN_POINT('',(64.646,1.7869,0.));
#1710 = DIRECTION('',(-0.198543234988,0.980092130282,0.));
#1711 = DIRECTION('',(0.980092130282,0.198543234988,0.));
#1712 = ADVANCED_FACE('',(#1713),#1731,.F.);
#1713 = FACE_BOUND('',#1714,.F.);
#1714 = EDGE_LOOP('',(#1715,#1723,#1729,#1730));
#1715 = ORIENTED_EDGE('',*,*,#1716,.T.);
#1716 = EDGE_CURVE('',#128,#1717,#1719,.T.);
#1717 = VERTEX_POINT('',#1718);
#1718 = CARTESIAN_POINT('',(64.2401,31.6982,9.));
#1719 = LINE('',#1720,#1721);
#1720 = CARTESIAN_POINT('',(64.2401,31.6982,0.));
#1721 = VECTOR('',#1722,1.);
#1722 = DIRECTION('',(0.,0.,1.));
#1723 = ORIENTED_EDGE('',*,*,#1724,.T.);
#1724 = EDGE_CURVE('',#1717,#1669,#1725,.T.);
#1725 = LINE('',#1726,#1727);
#1726 = CARTESIAN_POINT('',(64.2401,31.6982,9.));
#1727 = VECTOR('',#1728,1.);
#1728 = DIRECTION('',(-0.923907306556,-0.382616373007,0.));
#1729 = ORIENTED_EDGE('',*,*,#1668,.F.);
#1730 = ORIENTED_EDGE('',*,*,#127,.F.);
#1731 = PLANE('',#1732);
#1732 = AXIS2_PLACEMENT_3D('',#1733,#1734,#1735);
#1733 = CARTESIAN_POINT('',(64.2401,31.6982,0.));
#1734 = DIRECTION('',(0.382616373007,-0.923907306556,0.));
#1735 = DIRECTION('',(-0.923907306556,-0.382616373007,0.));
#1736 = ADVANCED_FACE('',(#1737),#1755,.F.);
#1737 = FACE_BOUND('',#1738,.F.);
#1738 = EDGE_LOOP('',(#1739,#1740,#1748,#1754));
#1739 = ORIENTED_EDGE('',*,*,#1701,.T.);
#1740 = ORIENTED_EDGE('',*,*,#1741,.T.);
#1741 = EDGE_CURVE('',#1694,#1742,#1744,.T.);
#1742 = VERTEX_POINT('',#1743);
#1743 = CARTESIAN_POINT('',(77.0058,4.3266,9.));
#1744 = LINE('',#1745,#1746);
#1745 = CARTESIAN_POINT('',(70.8259,3.0388,9.));
#1746 = VECTOR('',#1747,1.);
#1747 = DIRECTION('',(0.978970270669,0.20400296357,0.));
#1748 = ORIENTED_EDGE('',*,*,#1749,.F.);
#1749 = EDGE_CURVE('',#624,#1742,#1750,.T.);
#1750 = LINE('',#1751,#1752);
#1751 = CARTESIAN_POINT('',(77.0058,4.3266,0.));
#1752 = VECTOR('',#1753,1.);
#1753 = DIRECTION('',(0.,0.,1.));
#1754 = ORIENTED_EDGE('',*,*,#631,.F.);
#1755 = PLANE('',#1756);
#1756 = AXIS2_PLACEMENT_3D('',#1757,#1758,#1759);
#1757 = CARTESIAN_POINT('',(70.8259,3.0388,0.));
#1758 = DIRECTION('',(-0.20400296357,0.978970270669,0.));
#1759 = DIRECTION('',(0.978970270669,0.20400296357,0.));
#1760 = ADVANCED_FACE('',(#1761),#1779,.F.);
#1761 = FACE_BOUND('',#1762,.F.);
#1762 = EDGE_LOOP('',(#1763,#1771,#1777,#1778));
#1763 = ORIENTED_EDGE('',*,*,#1764,.T.);
#1764 = EDGE_CURVE('',#136,#1765,#1767,.T.);
#1765 = VERTEX_POINT('',#1766);
#1766 = CARTESIAN_POINT('',(64.913,31.7868,9.));
#1767 = LINE('',#1768,#1769);
#1768 = CARTESIAN_POINT('',(64.913,31.7868,0.));
#1769 = VECTOR('',#1770,1.);
#1770 = DIRECTION('',(0.,0.,1.));
#1771 = ORIENTED_EDGE('',*,*,#1772,.T.);
#1772 = EDGE_CURVE('',#1765,#1717,#1773,.T.);
#1773 = LINE('',#1774,#1775);
#1774 = CARTESIAN_POINT('',(64.913,31.7868,9.));
#1775 = VECTOR('',#1776,1.);
#1776 = DIRECTION('',(-0.991442757316,-0.130542173129,0.));
#1777 = ORIENTED_EDGE('',*,*,#1716,.F.);
#1778 = ORIENTED_EDGE('',*,*,#135,.F.);
#1779 = PLANE('',#1780);
#1780 = AXIS2_PLACEMENT_3D('',#1781,#1782,#1783);
#1781 = CARTESIAN_POINT('',(64.913,31.7868,0.));
#1782 = DIRECTION('',(0.130542173129,-0.991442757316,0.));
#1783 = DIRECTION('',(-0.991442757316,-0.130542173129,0.));
#1784 = ADVANCED_FACE('',(#1785),#1803,.F.);
#1785 = FACE_BOUND('',#1786,.F.);
#1786 = EDGE_LOOP('',(#1787,#1788,#1796,#1802));
#1787 = ORIENTED_EDGE('',*,*,#1749,.T.);
#1788 = ORIENTED_EDGE('',*,*,#1789,.T.);
#1789 = EDGE_CURVE('',#1742,#1790,#1792,.T.);
#1790 = VERTEX_POINT('',#1791);
#1791 = CARTESIAN_POINT('',(83.1858,5.6586,9.));
#1792 = LINE('',#1793,#1794);
#1793 = CARTESIAN_POINT('',(77.0058,4.3266,9.));
#1794 = VECTOR('',#1795,1.);
#1795 = DIRECTION('',(0.977551716678,0.210695612721,0.));
#1796 = ORIENTED_EDGE('',*,*,#1797,.F.);
#1797 = EDGE_CURVE('',#616,#1790,#1798,.T.);
#1798 = LINE('',#1799,#1800);
#1799 = CARTESIAN_POINT('',(83.1858,5.6586,0.));
#1800 = VECTOR('',#1801,1.);
#1801 = DIRECTION('',(0.,0.,1.));
#1802 = ORIENTED_EDGE('',*,*,#623,.F.);
#1803 = PLANE('',#1804);
#1804 = AXIS2_PLACEMENT_3D('',#1805,#1806,#1807);
#1805 = CARTESIAN_POINT('',(77.0058,4.3266,0.));
#1806 = DIRECTION('',(-0.210695612721,0.977551716678,0.));
#1807 = DIRECTION('',(0.977551716678,0.210695612721,0.));
#1808 = ADVANCED_FACE('',(#1809),#1827,.F.);
#1809 = FACE_BOUND('',#1810,.F.);
#1810 = EDGE_LOOP('',(#1811,#1819,#1825,#1826));
#1811 = ORIENTED_EDGE('',*,*,#1812,.T.);
#1812 = EDGE_CURVE('',#144,#1813,#1815,.T.);
#1813 = VERTEX_POINT('',#1814);
#1814 = CARTESIAN_POINT('',(65.5859,31.6982,9.));
#1815 = LINE('',#1816,#1817);
#1816 = CARTESIAN_POINT('',(65.5859,31.6982,0.));
#1817 = VECTOR('',#1818,1.);
#1818 = DIRECTION('',(0.,0.,1.));
#1819 = ORIENTED_EDGE('',*,*,#1820,.T.);
#1820 = EDGE_CURVE('',#1813,#1765,#1821,.T.);
#1821 = LINE('',#1822,#1823);
#1822 = CARTESIAN_POINT('',(65.5859,31.6982,9.));
#1823 = VECTOR('',#1824,1.);
#1824 = DIRECTION('',(-0.991442757316,0.130542173129,0.));
#1825 = ORIENTED_EDGE('',*,*,#1764,.F.);
#1826 = ORIENTED_EDGE('',*,*,#143,.F.);
#1827 = PLANE('',#1828);
#1828 = AXIS2_PLACEMENT_3D('',#1829,#1830,#1831);
#1829 = CARTESIAN_POINT('',(65.5859,31.6982,0.));
#1830 = DIRECTION('',(-0.130542173129,-0.991442757316,0.));
#1831 = DIRECTION('',(-0.991442757316,0.130542173129,0.));
#1832 = ADVANCED_FACE('',(#1833),#1851,.F.);
#1833 = FACE_BOUND('',#1834,.F.);
#1834 = EDGE_LOOP('',(#1835,#1836,#1844,#1850));
#1835 = ORIENTED_EDGE('',*,*,#1797,.T.);
#1836 = ORIENTED_EDGE('',*,*,#1837,.T.);
#1837 = EDGE_CURVE('',#1790,#1838,#1840,.T.);
#1838 = VERTEX_POINT('',#1839);
#1839 = CARTESIAN_POINT('',(89.3657,7.0434,9.));
#1840 = LINE('',#1841,#1842);
#1841 = CARTESIAN_POINT('',(83.1858,5.6586,9.));
#1842 = VECTOR('',#1843,1.);
#1843 = DIRECTION('',(0.975801369994,0.218658835445,0.));
#1844 = ORIENTED_EDGE('',*,*,#1845,.F.);
#1845 = EDGE_CURVE('',#608,#1838,#1846,.T.);
#1846 = LINE('',#1847,#1848);
#1847 = CARTESIAN_POINT('',(89.3657,7.0434,0.));
#1848 = VECTOR('',#1849,1.);
#1849 = DIRECTION('',(0.,0.,1.));
#1850 = ORIENTED_EDGE('',*,*,#615,.F.);
#1851 = PLANE('',#1852);
#1852 = AXIS2_PLACEMENT_3D('',#1853,#1854,#1855);
#1853 = CARTESIAN_POINT('',(83.1858,5.6586,0.));
#1854 = DIRECTION('',(-0.218658835445,0.975801369994,0.));
#1855 = DIRECTION('',(0.975801369994,0.218658835445,0.));
#1856 = ADVANCED_FACE('',(#1857),#1875,.F.);
#1857 = FACE_BOUND('',#1858,.F.);
#1858 = EDGE_LOOP('',(#1859,#1867,#1873,#1874));
#1859 = ORIENTED_EDGE('',*,*,#1860,.T.);
#1860 = EDGE_CURVE('',#152,#1861,#1863,.T.);
#1861 = VERTEX_POINT('',#1862);
#1862 = CARTESIAN_POINT('',(66.213,31.4385,9.));
#1863 = LINE('',#1864,#1865);
#1864 = CARTESIAN_POINT('',(66.213,31.4385,0.));
#1865 = VECTOR('',#1866,1.);
#1866 = DIRECTION('',(0.,0.,1.));
#1867 = ORIENTED_EDGE('',*,*,#1868,.T.);
#1868 = EDGE_CURVE('',#1861,#1813,#1869,.T.);
#1869 = LINE('',#1870,#1871);
#1870 = CARTESIAN_POINT('',(66.213,31.4385,9.));
#1871 = VECTOR('',#1872,1.);
#1872 = DIRECTION('',(-0.923907306556,0.382616373007,0.));
#1873 = ORIENTED_EDGE('',*,*,#1812,.F.);
#1874 = ORIENTED_EDGE('',*,*,#151,.F.);
#1875 = PLANE('',#1876);
#1876 = AXIS2_PLACEMENT_3D('',#1877,#1878,#1879);
#1877 = CARTESIAN_POINT('',(66.213,31.4385,0.));
#1878 = DIRECTION('',(-0.382616373007,-0.923907306556,0.));
#1879 = DIRECTION('',(-0.923907306556,0.382616373007,0.));
#1880 = ADVANCED_FACE('',(#1881),#1899,.F.);
#1881 = FACE_BOUND('',#1882,.F.);
#1882 = EDGE_LOOP('',(#1883,#1884,#1885,#1893));
#1883 = ORIENTED_EDGE('',*,*,#607,.F.);
#1884 = ORIENTED_EDGE('',*,*,#1845,.T.);
#1885 = ORIENTED_EDGE('',*,*,#1886,.T.);
#1886 = EDGE_CURVE('',#1838,#1887,#1889,.T.);
#1887 = VERTEX_POINT('',#1888);
#1888 = CARTESIAN_POINT('',(89.898538894514,7.168067350212,9.));
#1889 = LINE('',#1890,#1891);
#1890 = CARTESIAN_POINT('',(89.3657,7.0434,9.));
#1891 = VECTOR('',#1892,1.);
#1892 = DIRECTION('',(0.973704243426,0.227815816691,0.));
#1893 = ORIENTED_EDGE('',*,*,#1894,.T.);
#1894 = EDGE_CURVE('',#1887,#600,#1895,.T.);
#1895 = LINE('',#1896,#1897);
#1896 = CARTESIAN_POINT('',(89.898538894514,7.168067350212,0.));
#1897 = VECTOR('',#1898,1.);
#1898 = DIRECTION('',(-0.,0.,-1.));
#1899 = PLANE('',#1900);
#1900 = AXIS2_PLACEMENT_3D('',#1901,#1902,#1903);
#1901 = CARTESIAN_POINT('',(89.3657,7.0434,0.));
#1902 = DIRECTION('',(-0.227815816691,0.973704243426,0.));
#1903 = DIRECTION('',(0.973704243426,0.227815816691,0.));
#1904 = ADVANCED_FACE('',(#1905),#1923,.F.);
#1905 = FACE_BOUND('',#1906,.F.);
#1906 = EDGE_LOOP('',(#1907,#1915,#1921,#1922));
#1907 = ORIENTED_EDGE('',*,*,#1908,.T.);
#1908 = EDGE_CURVE('',#160,#1909,#1911,.T.);
#1909 = VERTEX_POINT('',#1910);
#1910 = CARTESIAN_POINT('',(66.7515,31.0253,9.));
#1911 = LINE('',#1912,#1913);
#1912 = CARTESIAN_POINT('',(66.7515,31.0253,0.));
#1913 = VECTOR('',#1914,1.);
#1914 = DIRECTION('',(0.,0.,1.));
#1915 = ORIENTED_EDGE('',*,*,#1916,.T.);
#1916 = EDGE_CURVE('',#1909,#1861,#1917,.T.);
#1917 = LINE('',#1918,#1919);
#1918 = CARTESIAN_POINT('',(66.7515,31.0253,9.));
#1919 = VECTOR('',#1920,1.);
#1920 = DIRECTION('',(-0.793357312799,0.608756251901,0.));
#1921 = ORIENTED_EDGE('',*,*,#1860,.F.);
#1922 = ORIENTED_EDGE('',*,*,#159,.F.);
#1923 = PLANE('',#1924);
#1924 = AXIS2_PLACEMENT_3D('',#1925,#1926,#1927);
#1925 = CARTESIAN_POINT('',(66.7515,31.0253,0.));
#1926 = DIRECTION('',(-0.608756251901,-0.793357312799,0.));
#1927 = DIRECTION('',(-0.793357312799,0.608756251901,0.));
#1928 = ADVANCED_FACE('',(#1929),#1947,.F.);
#1929 = FACE_BOUND('',#1930,.F.);
#1930 = EDGE_LOOP('',(#1931,#1932,#1933,#1941));
#1931 = ORIENTED_EDGE('',*,*,#599,.F.);
#1932 = ORIENTED_EDGE('',*,*,#1894,.F.);
#1933 = ORIENTED_EDGE('',*,*,#1934,.T.);
#1934 = EDGE_CURVE('',#1887,#1935,#1937,.T.);
#1935 = VERTEX_POINT('',#1936);
#1936 = CARTESIAN_POINT('',(101.5209,-1.1013,9.));
#1937 = LINE('',#1938,#1939);
#1938 = CARTESIAN_POINT('',(85.4,10.3688,9.));
#1939 = VECTOR('',#1940,1.);
#1940 = DIRECTION('',(0.814803743008,-0.579736888925,0.));
#1941 = ORIENTED_EDGE('',*,*,#1942,.F.);
#1942 = EDGE_CURVE('',#592,#1935,#1943,.T.);
#1943 = LINE('',#1944,#1945);
#1944 = CARTESIAN_POINT('',(101.5209,-1.1013,0.));
#1945 = VECTOR('',#1946,1.);
#1946 = DIRECTION('',(0.,0.,1.));
#1947 = PLANE('',#1948);
#1948 = AXIS2_PLACEMENT_3D('',#1949,#1950,#1951);
#1949 = CARTESIAN_POINT('',(85.4,10.3688,0.));
#1950 = DIRECTION('',(0.579736888925,0.814803743008,-0.));
#1951 = DIRECTION('',(0.814803743008,-0.579736888925,0.));
#1952 = ADVANCED_FACE('',(#1953),#1971,.F.);
#1953 = FACE_BOUND('',#1954,.F.);
#1954 = EDGE_LOOP('',(#1955,#1963,#1969,#1970));
#1955 = ORIENTED_EDGE('',*,*,#1956,.T.);
#1956 = EDGE_CURVE('',#168,#1957,#1959,.T.);
#1957 = VERTEX_POINT('',#1958);
#1958 = CARTESIAN_POINT('',(67.1647,30.4868,9.));
#1959 = LINE('',#1960,#1961);
#1960 = CARTESIAN_POINT('',(67.1647,30.4868,0.));
#1961 = VECTOR('',#1962,1.);
#1962 = DIRECTION('',(0.,0.,1.));
#1963 = ORIENTED_EDGE('',*,*,#1964,.T.);
#1964 = EDGE_CURVE('',#1957,#1909,#1965,.T.);
#1965 = LINE('',#1966,#1967);
#1966 = CARTESIAN_POINT('',(67.1647,30.4868,9.));
#1967 = VECTOR('',#1968,1.);
#1968 = DIRECTION('',(-0.608756251901,0.793357312799,0.));
#1969 = ORIENTED_EDGE('',*,*,#1908,.F.);
#1970 = ORIENTED_EDGE('',*,*,#167,.F.);
#1971 = PLANE('',#1972);
#1972 = AXIS2_PLACEMENT_3D('',#1973,#1974,#1975);
#1973 = CARTESIAN_POINT('',(67.1647,30.4868,0.));
#1974 = DIRECTION('',(-0.793357312799,-0.608756251901,0.));
#1975 = DIRECTION('',(-0.608756251901,0.793357312799,0.));
#1976 = ADVANCED_FACE('',(#1977),#1995,.F.);
#1977 = FACE_BOUND('',#1978,.F.);
#1978 = EDGE_LOOP('',(#1979,#1980,#1988,#1994));
#1979 = ORIENTED_EDGE('',*,*,#1942,.T.);
#1980 = ORIENTED_EDGE('',*,*,#1981,.T.);
#1981 = EDGE_CURVE('',#1935,#1982,#1984,.T.);
#1982 = VERTEX_POINT('',#1983);
#1983 = CARTESIAN_POINT('',(102.148,-1.3611,9.));
#1984 = LINE('',#1985,#1986);
#1985 = CARTESIAN_POINT('',(101.5209,-1.1013,9.));
#1986 = VECTOR('',#1987,1.);
#1987 = DIRECTION('',(0.923855219425,-0.382742124074,0.));
#1988 = ORIENTED_EDGE('',*,*,#1989,.F.);
#1989 = EDGE_CURVE('',#584,#1982,#1990,.T.);
#1990 = LINE('',#1991,#1992);
#1991 = CARTESIAN_POINT('',(102.148,-1.3611,0.));
#1992 = VECTOR('',#1993,1.);
#1993 = DIRECTION('',(0.,0.,1.));
#1994 = ORIENTED_EDGE('',*,*,#591,.F.);
#1995 = PLANE('',#1996);
#1996 = AXIS2_PLACEMENT_3D('',#1997,#1998,#1999);
#1997 = CARTESIAN_POINT('',(101.5209,-1.1013,0.));
#1998 = DIRECTION('',(0.382742124074,0.923855219425,-0.));
#1999 = DIRECTION('',(0.923855219425,-0.382742124074,0.));
#2000 = ADVANCED_FACE('',(#2001),#2019,.F.);
#2001 = FACE_BOUND('',#2002,.F.);
#2002 = EDGE_LOOP('',(#2003,#2011,#2017,#2018));
#2003 = ORIENTED_EDGE('',*,*,#2004,.T.);
#2004 = EDGE_CURVE('',#176,#2005,#2007,.T.);
#2005 = VERTEX_POINT('',#2006);
#2006 = CARTESIAN_POINT('',(67.4244,29.8598,9.));
#2007 = LINE('',#2008,#2009);
#2008 = CARTESIAN_POINT('',(67.4244,29.8598,0.));
#2009 = VECTOR('',#2010,1.);
#2010 = DIRECTION('',(0.,0.,1.));
#2011 = ORIENTED_EDGE('',*,*,#2012,.T.);
#2012 = EDGE_CURVE('',#2005,#1957,#2013,.T.);
#2013 = LINE('',#2014,#2015);
#2014 = CARTESIAN_POINT('',(67.4244,29.8598,9.));
#2015 = VECTOR('',#2016,1.);
#2016 = DIRECTION('',(-0.382668460997,0.923885733713,0.));
#2017 = ORIENTED_EDGE('',*,*,#1956,.F.);
#2018 = ORIENTED_EDGE('',*,*,#175,.F.);
#2019 = PLANE('',#2020);
#2020 = AXIS2_PLACEMENT_3D('',#2021,#2022,#2023);
#2021 = CARTESIAN_POINT('',(67.4244,29.8598,0.));
#2022 = DIRECTION('',(-0.923885733713,-0.382668460997,0.));
#2023 = DIRECTION('',(-0.382668460997,0.923885733713,0.));
#2024 = ADVANCED_FACE('',(#2025),#2043,.F.);
#2025 = FACE_BOUND('',#2026,.F.);
#2026 = EDGE_LOOP('',(#2027,#2028,#2036,#2042));
#2027 = ORIENTED_EDGE('',*,*,#1989,.T.);
#2028 = ORIENTED_EDGE('',*,*,#2029,.T.);
#2029 = EDGE_CURVE('',#1982,#2030,#2032,.T.);
#2030 = VERTEX_POINT('',#2031);
#2031 = CARTESIAN_POINT('',(102.8209,-1.4497,9.));
#2032 = LINE('',#2033,#2034);
#2033 = CARTESIAN_POINT('',(102.148,-1.3611,9.));
#2034 = VECTOR('',#2035,1.);
#2035 = DIRECTION('',(0.991442757316,-0.130542173129,0.));
#2036 = ORIENTED_EDGE('',*,*,#2037,.F.);
#2037 = EDGE_CURVE('',#576,#2030,#2038,.T.);
#2038 = LINE('',#2039,#2040);
#2039 = CARTESIAN_POINT('',(102.8209,-1.4497,0.));
#2040 = VECTOR('',#2041,1.);
#2041 = DIRECTION('',(0.,0.,1.));
#2042 = ORIENTED_EDGE('',*,*,#583,.F.);
#2043 = PLANE('',#2044);
#2044 = AXIS2_PLACEMENT_3D('',#2045,#2046,#2047);
#2045 = CARTESIAN_POINT('',(102.148,-1.3611,0.));
#2046 = DIRECTION('',(0.130542173129,0.991442757316,-0.));
#2047 = DIRECTION('',(0.991442757316,-0.130542173129,0.));
#2048 = ADVANCED_FACE('',(#2049),#2067,.F.);
#2049 = FACE_BOUND('',#2050,.F.);
#2050 = EDGE_LOOP('',(#2051,#2059,#2065,#2066));
#2051 = ORIENTED_EDGE('',*,*,#2052,.T.);
#2052 = EDGE_CURVE('',#184,#2053,#2055,.T.);
#2053 = VERTEX_POINT('',#2054);
#2054 = CARTESIAN_POINT('',(67.513,29.1868,9.));
#2055 = LINE('',#2056,#2057);
#2056 = CARTESIAN_POINT('',(67.513,29.1868,0.));
#2057 = VECTOR('',#2058,1.);
#2058 = DIRECTION('',(0.,0.,1.));
#2059 = ORIENTED_EDGE('',*,*,#2060,.T.);
#2060 = EDGE_CURVE('',#2053,#2005,#2061,.T.);
#2061 = LINE('',#2062,#2063);
#2062 = CARTESIAN_POINT('',(67.513,29.1868,9.));
#2063 = VECTOR('',#2064,1.);
#2064 = DIRECTION('',(-0.130523106552,0.991445267605,0.));
#2065 = ORIENTED_EDGE('',*,*,#2004,.F.);
#2066 = ORIENTED_EDGE('',*,*,#183,.F.);
#2067 = PLANE('',#2068);
#2068 = AXIS2_PLACEMENT_3D('',#2069,#2070,#2071);
#2069 = CARTESIAN_POINT('',(67.513,29.1868,0.));
#2070 = DIRECTION('',(-0.991445267605,-0.130523106552,0.));
#2071 = DIRECTION('',(-0.130523106552,0.991445267605,0.));
#2072 = ADVANCED_FACE('',(#2073),#2091,.F.);
#2073 = FACE_BOUND('',#2074,.F.);
#2074 = EDGE_LOOP('',(#2075,#2076,#2084,#2090));
#2075 = ORIENTED_EDGE('',*,*,#2037,.T.);
#2076 = ORIENTED_EDGE('',*,*,#2077,.T.);
#2077 = EDGE_CURVE('',#2030,#2078,#2080,.T.);
#2078 = VERTEX_POINT('',#2079);
#2079 = CARTESIAN_POINT('',(103.4938,-1.3611,9.));
#2080 = LINE('',#2081,#2082);
#2081 = CARTESIAN_POINT('',(102.8209,-1.4497,9.));
#2082 = VECTOR('',#2083,1.);
#2083 = DIRECTION('',(0.991442757316,0.130542173129,0.));
#2084 = ORIENTED_EDGE('',*,*,#2085,.F.);
#2085 = EDGE_CURVE('',#568,#2078,#2086,.T.);
#2086 = LINE('',#2087,#2088);
#2087 = CARTESIAN_POINT('',(103.4938,-1.3611,0.));
#2088 = VECTOR('',#2089,1.);
#2089 = DIRECTION('',(0.,0.,1.));
#2090 = ORIENTED_EDGE('',*,*,#575,.F.);
#2091 = PLANE('',#2092);
#2092 = AXIS2_PLACEMENT_3D('',#2093,#2094,#2095);
#2093 = CARTESIAN_POINT('',(102.8209,-1.4497,0.));
#2094 = DIRECTION('',(-0.130542173129,0.991442757316,0.));
#2095 = DIRECTION('',(0.991442757316,0.130542173129,0.));
#2096 = ADVANCED_FACE('',(#2097),#2115,.F.);
#2097 = FACE_BOUND('',#2098,.F.);
#2098 = EDGE_LOOP('',(#2099,#2107,#2113,#2114));
#2099 = ORIENTED_EDGE('',*,*,#2100,.T.);
#2100 = EDGE_CURVE('',#192,#2101,#2103,.T.);
#2101 = VERTEX_POINT('',#2102);
#2102 = CARTESIAN_POINT('',(67.4244,28.5139,9.));
#2103 = LINE('',#2104,#2105);
#2104 = CARTESIAN_POINT('',(67.4244,28.5139,0.));
#2105 = VECTOR('',#2106,1.);
#2106 = DIRECTION('',(0.,0.,1.));
#2107 = ORIENTED_EDGE('',*,*,#2108,.T.);
#2108 = EDGE_CURVE('',#2101,#2053,#2109,.T.);
#2109 = LINE('',#2110,#2111);
#2110 = CARTESIAN_POINT('',(67.4244,28.5139,9.));
#2111 = VECTOR('',#2112,1.);
#2112 = DIRECTION('',(0.130542173129,0.991442757316,0.));
#2113 = ORIENTED_EDGE('',*,*,#2052,.F.);
#2114 = ORIENTED_EDGE('',*,*,#191,.F.);
#2115 = PLANE('',#2116);
#2116 = AXIS2_PLACEMENT_3D('',#2117,#2118,#2119);
#2117 = CARTESIAN_POINT('',(67.4244,28.5139,0.));
#2118 = DIRECTION('',(-0.991442757316,0.130542173129,0.));
#2119 = DIRECTION('',(0.130542173129,0.991442757316,0.));
#2120 = ADVANCED_FACE('',(#2121),#2139,.F.);
#2121 = FACE_BOUND('',#2122,.F.);
#2122 = EDGE_LOOP('',(#2123,#2124,#2132,#2138));
#2123 = ORIENTED_EDGE('',*,*,#2085,.T.);
#2124 = ORIENTED_EDGE('',*,*,#2125,.T.);
#2125 = EDGE_CURVE('',#2078,#2126,#2128,.T.);
#2126 = VERTEX_POINT('',#2127);
#2127 = CARTESIAN_POINT('',(104.1209,-1.1013,9.));
#2128 = LINE('',#2129,#2130);
#2129 = CARTESIAN_POINT('',(103.4938,-1.3611,9.));
#2130 = VECTOR('',#2131,1.);
#2131 = DIRECTION('',(0.923855219425,0.382742124074,0.));
#2132 = ORIENTED_EDGE('',*,*,#2133,.F.);
#2133 = EDGE_CURVE('',#560,#2126,#2134,.T.);
#2134 = LINE('',#2135,#2136);
#2135 = CARTESIAN_POINT('',(104.1209,-1.1013,0.));
#2136 = VECTOR('',#2137,1.);
#2137 = DIRECTION('',(0.,0.,1.));
#2138 = ORIENTED_EDGE('',*,*,#567,.F.);
#2139 = PLANE('',#2140);
#2140 = AXIS2_PLACEMENT_3D('',#2141,#2142,#2143);
#2141 = CARTESIAN_POINT('',(103.4938,-1.3611,0.));
#2142 = DIRECTION('',(-0.382742124074,0.923855219425,0.));
#2143 = DIRECTION('',(0.923855219425,0.382742124074,0.));
#2144 = ADVANCED_FACE('',(#2145),#2163,.F.);
#2145 = FACE_BOUND('',#2146,.F.);
#2146 = EDGE_LOOP('',(#2147,#2155,#2161,#2162));
#2147 = ORIENTED_EDGE('',*,*,#2148,.T.);
#2148 = EDGE_CURVE('',#200,#2149,#2151,.T.);
#2149 = VERTEX_POINT('',#2150);
#2150 = CARTESIAN_POINT('',(67.1647,27.8868,9.));
#2151 = LINE('',#2152,#2153);
#2152 = CARTESIAN_POINT('',(67.1647,27.8868,0.));
#2153 = VECTOR('',#2154,1.);
#2154 = DIRECTION('',(0.,0.,1.));
#2155 = ORIENTED_EDGE('',*,*,#2156,.T.);
#2156 = EDGE_CURVE('',#2149,#2101,#2157,.T.);
#2157 = LINE('',#2158,#2159);
#2158 = CARTESIAN_POINT('',(67.1647,27.8868,9.));
#2159 = VECTOR('',#2160,1.);
#2160 = DIRECTION('',(0.382616373007,0.923907306556,0.));
#2161 = ORIENTED_EDGE('',*,*,#2100,.F.);
#2162 = ORIENTED_EDGE('',*,*,#199,.F.);
#2163 = PLANE('',#2164);
#2164 = AXIS2_PLACEMENT_3D('',#2165,#2166,#2167);
#2165 = CARTESIAN_POINT('',(67.1647,27.8868,0.));
#2166 = DIRECTION('',(-0.923907306556,0.382616373007,0.));
#2167 = DIRECTION('',(0.382616373007,0.923907306556,0.));
#2168 = ADVANCED_FACE('',(#2169),#2187,.F.);
#2169 = FACE_BOUND('',#2170,.F.);
#2170 = EDGE_LOOP('',(#2171,#2172,#2180,#2186));
#2171 = ORIENTED_EDGE('',*,*,#2133,.T.);
#2172 = ORIENTED_EDGE('',*,*,#2173,.T.);
#2173 = EDGE_CURVE('',#2126,#2174,#2176,.T.);
#2174 = VERTEX_POINT('',#2175);
#2175 = CARTESIAN_POINT('',(104.6594,-0.6882,9.));
#2176 = LINE('',#2177,#2178);
#2177 = CARTESIAN_POINT('',(104.1209,-1.1013,9.));
#2178 = VECTOR('',#2179,1.);
#2179 = DIRECTION('',(0.793428467116,0.608663509314,0.));
#2180 = ORIENTED_EDGE('',*,*,#2181,.F.);
#2181 = EDGE_CURVE('',#552,#2174,#2182,.T.);
#2182 = LINE('',#2183,#2184);
#2183 = CARTESIAN_POINT('',(104.6594,-0.6882,0.));
#2184 = VECTOR('',#2185,1.);
#2185 = DIRECTION('',(0.,0.,1.));
#2186 = ORIENTED_EDGE('',*,*,#559,.F.);
#2187 = PLANE('',#2188);
#2188 = AXIS2_PLACEMENT_3D('',#2189,#2190,#2191);
#2189 = CARTESIAN_POINT('',(104.1209,-1.1013,0.));
#2190 = DIRECTION('',(-0.608663509314,0.793428467116,0.));
#2191 = DIRECTION('',(0.793428467116,0.608663509314,0.));
#2192 = ADVANCED_FACE('',(#2193),#2211,.F.);
#2193 = FACE_BOUND('',#2194,.F.);
#2194 = EDGE_LOOP('',(#2195,#2196,#2204,#2210));
#2195 = ORIENTED_EDGE('',*,*,#207,.F.);
#2196 = ORIENTED_EDGE('',*,*,#2197,.F.);
#2197 = EDGE_CURVE('',#2198,#208,#2200,.T.);
#2198 = VERTEX_POINT('',#2199);
#2199 = CARTESIAN_POINT('',(61.069093140059,17.929224203448,9.));
#2200 = LINE('',#2201,#2202);
#2201 = CARTESIAN_POINT('',(61.069093140059,17.929224203448,0.));
#2202 = VECTOR('',#2203,1.);
#2203 = DIRECTION('',(-0.,-0.,-1.));
#2204 = ORIENTED_EDGE('',*,*,#2205,.T.);
#2205 = EDGE_CURVE('',#2198,#2149,#2206,.T.);
#2206 = LINE('',#2207,#2208);
#2207 = CARTESIAN_POINT('',(53.6373,5.7889,9.));
#2208 = VECTOR('',#2209,1.);
#2209 = DIRECTION('',(0.52209977547,0.852884414475,0.));
#2210 = ORIENTED_EDGE('',*,*,#2148,.F.);
#2211 = PLANE('',#2212);
#2212 = AXIS2_PLACEMENT_3D('',#2213,#2214,#2215);
#2213 = CARTESIAN_POINT('',(53.6373,5.7889,0.));
#2214 = DIRECTION('',(-0.852884414475,0.52209977547,0.));
#2215 = DIRECTION('',(0.52209977547,0.852884414475,0.));
#2216 = ADVANCED_FACE('',(#2217),#2235,.F.);
#2217 = FACE_BOUND('',#2218,.F.);
#2218 = EDGE_LOOP('',(#2219,#2220,#2228,#2234));
#2219 = ORIENTED_EDGE('',*,*,#2181,.T.);
#2220 = ORIENTED_EDGE('',*,*,#2221,.T.);
#2221 = EDGE_CURVE('',#2174,#2222,#2224,.T.);
#2222 = VERTEX_POINT('',#2223);
#2223 = CARTESIAN_POINT('',(105.0726,-0.1497,9.));
#2224 = LINE('',#2225,#2226);
#2225 = CARTESIAN_POINT('',(104.6594,-0.6882,9.));
#2226 = VECTOR('',#2227,1.);
#2227 = DIRECTION('',(0.608756251901,0.793357312799,0.));
#2228 = ORIENTED_EDGE('',*,*,#2229,.F.);
#2229 = EDGE_CURVE('',#544,#2222,#2230,.T.);
#2230 = LINE('',#2231,#2232);
#2231 = CARTESIAN_POINT('',(105.0726,-0.1497,0.));
#2232 = VECTOR('',#2233,1.);
#2233 = DIRECTION('',(0.,0.,1.));
#2234 = ORIENTED_EDGE('',*,*,#551,.F.);
#2235 = PLANE('',#2236);
#2236 = AXIS2_PLACEMENT_3D('',#2237,#2238,#2239);
#2237 = CARTESIAN_POINT('',(104.6594,-0.6882,0.));
#2238 = DIRECTION('',(-0.793357312799,0.608756251901,0.));
#2239 = DIRECTION('',(0.608756251901,0.793357312799,0.));
#2240 = ADVANCED_FACE('',(#2241),#2259,.F.);
#2241 = FACE_BOUND('',#2242,.F.);
#2242 = EDGE_LOOP('',(#2243,#2244,#2252,#2258));
#2243 = ORIENTED_EDGE('',*,*,#215,.F.);
#2244 = ORIENTED_EDGE('',*,*,#2245,.T.);
#2245 = EDGE_CURVE('',#216,#2246,#2248,.T.);
#2246 = VERTEX_POINT('',#2247);
#2247 = CARTESIAN_POINT('',(62.5,18.0877,9.));
#2248 = LINE('',#2249,#2250);
#2249 = CARTESIAN_POINT('',(62.5,18.0877,0.));
#2250 = VECTOR('',#2251,1.);
#2251 = DIRECTION('',(0.,0.,1.));
#2252 = ORIENTED_EDGE('',*,*,#2253,.T.);
#2253 = EDGE_CURVE('',#2246,#2198,#2254,.T.);
#2254 = LINE('',#2255,#2256);
#2255 = CARTESIAN_POINT('',(62.5,18.0877,9.));
#2256 = VECTOR('',#2257,1.);
#2257 = DIRECTION('',(-0.993922847242,-0.110078943178,0.));
#2258 = ORIENTED_EDGE('',*,*,#2197,.T.);
#2259 = PLANE('',#2260);
#2260 = AXIS2_PLACEMENT_3D('',#2261,#2262,#2263);
#2261 = CARTESIAN_POINT('',(62.5,18.0877,0.));
#2262 = DIRECTION('',(0.110078943178,-0.993922847242,0.));
#2263 = DIRECTION('',(-0.993922847242,-0.110078943178,0.));
#2264 = ADVANCED_FACE('',(#2265),#2283,.F.);
#2265 = FACE_BOUND('',#2266,.F.);
#2266 = EDGE_LOOP('',(#2267,#2268,#2276,#2282));
#2267 = ORIENTED_EDGE('',*,*,#2229,.T.);
#2268 = ORIENTED_EDGE('',*,*,#2269,.T.);
#2269 = EDGE_CURVE('',#2222,#2270,#2272,.T.);
#2270 = VERTEX_POINT('',#2271);
#2271 = CARTESIAN_POINT('',(105.3323,0.4774,9.));
#2272 = LINE('',#2273,#2274);
#2273 = CARTESIAN_POINT('',(105.0726,-0.1497,9.));
#2274 = VECTOR('',#2275,1.);
#2275 = DIRECTION('',(0.382616373007,0.923907306556,0.));
#2276 = ORIENTED_EDGE('',*,*,#2277,.F.);
#2277 = EDGE_CURVE('',#536,#2270,#2278,.T.);
#2278 = LINE('',#2279,#2280);
#2279 = CARTESIAN_POINT('',(105.3323,0.4774,0.));
#2280 = VECTOR('',#2281,1.);
#2281 = DIRECTION('',(0.,0.,1.));
#2282 = ORIENTED_EDGE('',*,*,#543,.F.);
#2283 = PLANE('',#2284);
#2284 = AXIS2_PLACEMENT_3D('',#2285,#2286,#2287);
#2285 = CARTESIAN_POINT('',(105.0726,-0.1497,0.));
#2286 = DIRECTION('',(-0.923907306556,0.382616373007,0.));
#2287 = DIRECTION('',(0.382616373007,0.923907306556,0.));
#2288 = ADVANCED_FACE('',(#2289),#2307,.F.);
#2289 = FACE_BOUND('',#2290,.F.);
#2290 = EDGE_LOOP('',(#2291,#2299,#2305,#2306));
#2291 = ORIENTED_EDGE('',*,*,#2292,.T.);
#2292 = EDGE_CURVE('',#224,#2293,#2295,.T.);
#2293 = VERTEX_POINT('',#2294);
#2294 = CARTESIAN_POINT('',(68.75,18.8072,9.));
#2295 = LINE('',#2296,#2297);
#2296 = CARTESIAN_POINT('',(68.75,18.8072,0.));
#2297 = VECTOR('',#2298,1.);
#2298 = DIRECTION('',(0.,0.,1.));
#2299 = ORIENTED_EDGE('',*,*,#2300,.T.);
#2300 = EDGE_CURVE('',#2293,#2246,#2301,.T.);
#2301 = LINE('',#2302,#2303);
#2302 = CARTESIAN_POINT('',(68.75,18.8072,9.));
#2303 = VECTOR('',#2304,1.);
#2304 = DIRECTION('',(-0.993438835687,-0.114364678764,0.));
#2305 = ORIENTED_EDGE('',*,*,#2245,.F.);
#2306 = ORIENTED_EDGE('',*,*,#223,.F.);
#2307 = PLANE('',#2308);
#2308 = AXIS2_PLACEMENT_3D('',#2309,#2310,#2311);
#2309 = CARTESIAN_POINT('',(68.75,18.8072,0.));
#2310 = DIRECTION('',(0.114364678764,-0.993438835687,0.));
#2311 = DIRECTION('',(-0.993438835687,-0.114364678764,0.));
#2312 = ADVANCED_FACE('',(#2313),#2331,.F.);
#2313 = FACE_BOUND('',#2314,.F.);
#2314 = EDGE_LOOP('',(#2315,#2316,#2324,#2330));
#2315 = ORIENTED_EDGE('',*,*,#2277,.T.);
#2316 = ORIENTED_EDGE('',*,*,#2317,.T.);
#2317 = EDGE_CURVE('',#2270,#2318,#2320,.T.);
#2318 = VERTEX_POINT('',#2319);
#2319 = CARTESIAN_POINT('',(105.4209,1.1503,9.));
#2320 = LINE('',#2321,#2322);
#2321 = CARTESIAN_POINT('',(105.3323,0.4774,9.));
#2322 = VECTOR('',#2323,1.);
#2323 = DIRECTION('',(0.130542173129,0.991442757316,0.));
#2324 = ORIENTED_EDGE('',*,*,#2325,.F.);
#2325 = EDGE_CURVE('',#528,#2318,#2326,.T.);
#2326 = LINE('',#2327,#2328);
#2327 = CARTESIAN_POINT('',(105.4209,1.1503,0.));
#2328 = VECTOR('',#2329,1.);
#2329 = DIRECTION('',(0.,0.,1.));
#2330 = ORIENTED_EDGE('',*,*,#535,.F.);
#2331 = PLANE('',#2332);
#2332 = AXIS2_PLACEMENT_3D('',#2333,#2334,#2335);
#2333 = CARTESIAN_POINT('',(105.3323,0.4774,0.));
#2334 = DIRECTION('',(-0.991442757316,0.130542173129,0.));
#2335 = DIRECTION('',(0.130542173129,0.991442757316,0.));
#2336 = ADVANCED_FACE('',(#2337),#2355,.F.);
#2337 = FACE_BOUND('',#2338,.F.);
#2338 = EDGE_LOOP('',(#2339,#2347,#2353,#2354));
#2339 = ORIENTED_EDGE('',*,*,#2340,.T.);
#2340 = EDGE_CURVE('',#232,#2341,#2343,.T.);
#2341 = VERTEX_POINT('',#2342);
#2342 = CARTESIAN_POINT('',(75.,19.5625,9.));
#2343 = LINE('',#2344,#2345);
#2344 = CARTESIAN_POINT('',(75.,19.5625,0.));
#2345 = VECTOR('',#2346,1.);
#2346 = DIRECTION('',(0.,0.,1.));
#2347 = ORIENTED_EDGE('',*,*,#2348,.T.);
#2348 = EDGE_CURVE('',#2341,#2293,#2349,.T.);
#2349 = LINE('',#2350,#2351);
#2350 = CARTESIAN_POINT('',(75.,19.5625,9.));
#2351 = VECTOR('',#2352,1.);
#2352 = DIRECTION('',(-0.99277690076,-0.119975102903,0.));
#2353 = ORIENTED_EDGE('',*,*,#2292,.F.);
#2354 = ORIENTED_EDGE('',*,*,#231,.F.);
#2355 = PLANE('',#2356);
#2356 = AXIS2_PLACEMENT_3D('',#2357,#2358,#2359);
#2357 = CARTESIAN_POINT('',(75.,19.5625,0.));
#2358 = DIRECTION('',(0.119975102903,-0.99277690076,0.));
#2359 = DIRECTION('',(-0.99277690076,-0.119975102903,0.));
#2360 = ADVANCED_FACE('',(#2361),#2379,.F.);
#2361 = FACE_BOUND('',#2362,.F.);
#2362 = EDGE_LOOP('',(#2363,#2364,#2372,#2378));
#2363 = ORIENTED_EDGE('',*,*,#2325,.T.);
#2364 = ORIENTED_EDGE('',*,*,#2365,.T.);
#2365 = EDGE_CURVE('',#2318,#2366,#2368,.T.);
#2366 = VERTEX_POINT('',#2367);
#2367 = CARTESIAN_POINT('',(105.3323,1.8233,9.));
#2368 = LINE('',#2369,#2370);
#2369 = CARTESIAN_POINT('',(105.4209,1.1503,9.));
#2370 = VECTOR('',#2371,1.);
#2371 = DIRECTION('',(-0.130523106552,0.991445267605,0.));
#2372 = ORIENTED_EDGE('',*,*,#2373,.F.);
#2373 = EDGE_CURVE('',#520,#2366,#2374,.T.);
#2374 = LINE('',#2375,#2376);
#2375 = CARTESIAN_POINT('',(105.3323,1.8233,0.));
#2376 = VECTOR('',#2377,1.);
#2377 = DIRECTION('',(0.,0.,1.));
#2378 = ORIENTED_EDGE('',*,*,#527,.F.);
#2379 = PLANE('',#2380);
#2380 = AXIS2_PLACEMENT_3D('',#2381,#2382,#2383);
#2381 = CARTESIAN_POINT('',(105.4209,1.1503,0.));
#2382 = DIRECTION('',(-0.991445267605,-0.130523106552,0.));
#2383 = DIRECTION('',(-0.130523106552,0.991445267605,0.));
#2384 = ADVANCED_FACE('',(#2385),#2403,.F.);
#2385 = FACE_BOUND('',#2386,.F.);
#2386 = EDGE_LOOP('',(#2387,#2388,#2396,#2402));
#2387 = ORIENTED_EDGE('',*,*,#239,.F.);
#2388 = ORIENTED_EDGE('',*,*,#2389,.T.);
#2389 = EDGE_CURVE('',#240,#2390,#2392,.T.);
#2390 = VERTEX_POINT('',#2391);
#2391 = CARTESIAN_POINT('',(80.177211373749,20.224851714312,9.));
#2392 = LINE('',#2393,#2394);
#2393 = CARTESIAN_POINT('',(80.177211373749,20.224851714312,0.));
#2394 = VECTOR('',#2395,1.);
#2395 = DIRECTION('',(0.,0.,1.));
#2396 = ORIENTED_EDGE('',*,*,#2397,.T.);
#2397 = EDGE_CURVE('',#2390,#2341,#2398,.T.);
#2398 = LINE('',#2399,#2400);
#2399 = CARTESIAN_POINT('',(81.25,20.3621,9.));
#2400 = VECTOR('',#2401,1.);
#2401 = DIRECTION('',(-0.991915301141,-0.126901675967,0.));
#2402 = ORIENTED_EDGE('',*,*,#2340,.F.);
#2403 = PLANE('',#2404);
#2404 = AXIS2_PLACEMENT_3D('',#2405,#2406,#2407);
#2405 = CARTESIAN_POINT('',(81.25,20.3621,0.));
#2406 = DIRECTION('',(0.126901675967,-0.991915301141,0.));
#2407 = DIRECTION('',(-0.991915301141,-0.126901675967,0.));
#2408 = ADVANCED_FACE('',(#2409),#2427,.F.);
#2409 = FACE_BOUND('',#2410,.F.);
#2410 = EDGE_LOOP('',(#2411,#2412,#2420,#2426));
#2411 = ORIENTED_EDGE('',*,*,#2373,.T.);
#2412 = ORIENTED_EDGE('',*,*,#2413,.T.);
#2413 = EDGE_CURVE('',#2366,#2414,#2416,.T.);
#2414 = VERTEX_POINT('',#2415);
#2415 = CARTESIAN_POINT('',(105.0726,2.4503,9.));
#2416 = LINE('',#2417,#2418);
#2417 = CARTESIAN_POINT('',(105.3323,1.8233,9.));
#2418 = VECTOR('',#2419,1.);
#2419 = DIRECTION('',(-0.382668460997,0.923885733713,0.));
#2420 = ORIENTED_EDGE('',*,*,#2421,.F.);
#2421 = EDGE_CURVE('',#512,#2414,#2422,.T.);
#2422 = LINE('',#2423,#2424);
#2423 = CARTESIAN_POINT('',(105.0726,2.4503,0.));
#2424 = VECTOR('',#2425,1.);
#2425 = DIRECTION('',(0.,0.,1.));
#2426 = ORIENTED_EDGE('',*,*,#519,.F.);
#2427 = PLANE('',#2428);
#2428 = AXIS2_PLACEMENT_3D('',#2429,#2430,#2431);
#2429 = CARTESIAN_POINT('',(105.3323,1.8233,0.));
#2430 = DIRECTION('',(-0.923885733713,-0.382668460997,0.));
#2431 = DIRECTION('',(-0.382668460997,0.923885733713,0.));
#2432 = ADVANCED_FACE('',(#2433),#2451,.F.);
#2433 = FACE_BOUND('',#2434,.F.);
#2434 = EDGE_LOOP('',(#2435,#2436,#2444,#2450));
#2435 = ORIENTED_EDGE('',*,*,#247,.F.);
#2436 = ORIENTED_EDGE('',*,*,#2437,.T.);
#2437 = EDGE_CURVE('',#248,#2438,#2440,.T.);
#2438 = VERTEX_POINT('',#2439);
#2439 = CARTESIAN_POINT('',(85.6343,20.9688,9.));
#2440 = LINE('',#2441,#2442);
#2441 = CARTESIAN_POINT('',(85.6343,20.9688,0.));
#2442 = VECTOR('',#2443,1.);
#2443 = DIRECTION('',(0.,0.,1.));
#2444 = ORIENTED_EDGE('',*,*,#2445,.T.);
#2445 = EDGE_CURVE('',#2438,#2390,#2446,.T.);
#2446 = LINE('',#2447,#2448);
#2447 = CARTESIAN_POINT('',(85.6343,20.9688,9.));
#2448 = VECTOR('',#2449,1.);
#2449 = DIRECTION('',(-0.99083503284,-0.135077524769,0.));
#2450 = ORIENTED_EDGE('',*,*,#2389,.F.);
#2451 = PLANE('',#2452);
#2452 = AXIS2_PLACEMENT_3D('',#2453,#2454,#2455);
#2453 = CARTESIAN_POINT('',(85.6343,20.9688,0.));
#2454 = DIRECTION('',(0.135077524769,-0.99083503284,0.));
#2455 = DIRECTION('',(-0.99083503284,-0.135077524769,0.));
#2456 = ADVANCED_FACE('',(#2457),#2475,.F.);
#2457 = FACE_BOUND('',#2458,.F.);
#2458 = EDGE_LOOP('',(#2459,#2460,#2468,#2474));
#2459 = ORIENTED_EDGE('',*,*,#2421,.T.);
#2460 = ORIENTED_EDGE('',*,*,#2461,.T.);
#2461 = EDGE_CURVE('',#2414,#2462,#2464,.T.);
#2462 = VERTEX_POINT('',#2463);
#2463 = CARTESIAN_POINT('',(104.6594,2.9888,9.));
#2464 = LINE('',#2465,#2466);
#2465 = CARTESIAN_POINT('',(105.0726,2.4503,9.));
#2466 = VECTOR('',#2467,1.);
#2467 = DIRECTION('',(-0.608756251901,0.793357312799,0.));
#2468 = ORIENTED_EDGE('',*,*,#2469,.F.);
#2469 = EDGE_CURVE('',#504,#2462,#2470,.T.);
#2470 = LINE('',#2471,#2472);
#2471 = CARTESIAN_POINT('',(104.6594,2.9888,0.));
#2472 = VECTOR('',#2473,1.);
#2473 = DIRECTION('',(0.,0.,1.));
#2474 = ORIENTED_EDGE('',*,*,#511,.F.);
#2475 = PLANE('',#2476);
#2476 = AXIS2_PLACEMENT_3D('',#2477,#2478,#2479);
#2477 = CARTESIAN_POINT('',(105.0726,2.4503,0.));
#2478 = DIRECTION('',(-0.793357312799,-0.608756251901,0.));
#2479 = DIRECTION('',(-0.608756251901,0.793357312799,0.));
#2480 = ADVANCED_FACE('',(#2481),#2499,.F.);
#2481 = FACE_BOUND('',#2482,.F.);
#2482 = EDGE_LOOP('',(#2483,#2491,#2497,#2498));
#2483 = ORIENTED_EDGE('',*,*,#2484,.T.);
#2484 = EDGE_CURVE('',#256,#2485,#2487,.T.);
#2485 = VERTEX_POINT('',#2486);
#2486 = CARTESIAN_POINT('',(91.9544,21.8915,9.));
#2487 = LINE('',#2488,#2489);
#2488 = CARTESIAN_POINT('',(91.9544,21.8915,0.));
#2489 = VECTOR('',#2490,1.);
#2490 = DIRECTION('',(0.,0.,1.));
#2491 = ORIENTED_EDGE('',*,*,#2492,.T.);
#2492 = EDGE_CURVE('',#2485,#2438,#2493,.T.);
#2493 = LINE('',#2494,#2495);
#2494 = CARTESIAN_POINT('',(91.9544,21.8915,9.));
#2495 = VECTOR('',#2496,1.);
#2496 = DIRECTION('',(-0.989510192537,-0.144463070941,0.));
#2497 = ORIENTED_EDGE('',*,*,#2437,.F.);
#2498 = ORIENTED_EDGE('',*,*,#255,.F.);
#2499 = PLANE('',#2500);
#2500 = AXIS2_PLACEMENT_3D('',#2501,#2502,#2503);
#2501 = CARTESIAN_POINT('',(91.9544,21.8915,0.));
#2502 = DIRECTION('',(0.144463070941,-0.989510192537,0.));
#2503 = DIRECTION('',(-0.989510192537,-0.144463070941,0.));
#2504 = ADVANCED_FACE('',(#2505),#2523,.F.);
#2505 = FACE_BOUND('',#2506,.F.);
#2506 = EDGE_LOOP('',(#2507,#2508,#2509,#2517));
#2507 = ORIENTED_EDGE('',*,*,#503,.F.);
#2508 = ORIENTED_EDGE('',*,*,#2469,.T.);
#2509 = ORIENTED_EDGE('',*,*,#2510,.T.);
#2510 = EDGE_CURVE('',#2462,#2511,#2513,.T.);
#2511 = VERTEX_POINT('',#2512);
#2512 = CARTESIAN_POINT('',(98.375255289472,9.183263584641,9.));
#2513 = LINE('',#2514,#2515);
#2514 = CARTESIAN_POINT('',(104.6594,2.9888,9.));
#2515 = VECTOR('',#2516,1.);
#2516 = DIRECTION('',(-0.712170216947,0.70200682482,0.));
#2517 = ORIENTED_EDGE('',*,*,#2518,.F.);
#2518 = EDGE_CURVE('',#496,#2511,#2519,.T.);
#2519 = LINE('',#2520,#2521);
#2520 = CARTESIAN_POINT('',(98.375255289472,9.183263584641,0.));
#2521 = VECTOR('',#2522,1.);
#2522 = DIRECTION('',(0.,0.,1.));
#2523 = PLANE('',#2524);
#2524 = AXIS2_PLACEMENT_3D('',#2525,#2526,#2527);
#2525 = CARTESIAN_POINT('',(104.6594,2.9888,0.));
#2526 = DIRECTION('',(-0.70200682482,-0.712170216947,0.));
#2527 = DIRECTION('',(-0.712170216947,0.70200682482,0.));
#2528 = ADVANCED_FACE('',(#2529),#2547,.F.);
#2529 = FACE_BOUND('',#2530,.F.);
#2530 = EDGE_LOOP('',(#2531,#2539,#2545,#2546));
#2531 = ORIENTED_EDGE('',*,*,#2532,.T.);
#2532 = EDGE_CURVE('',#264,#2533,#2535,.T.);
#2533 = VERTEX_POINT('',#2534);
#2534 = CARTESIAN_POINT('',(98.2745,22.8839,9.));
#2535 = LINE('',#2536,#2537);
#2536 = CARTESIAN_POINT('',(98.2745,22.8839,0.));
#2537 = VECTOR('',#2538,1.);
#2538 = DIRECTION('',(0.,0.,1.));
#2539 = ORIENTED_EDGE('',*,*,#2540,.T.);
#2540 = EDGE_CURVE('',#2533,#2485,#2541,.T.);
#2541 = LINE('',#2542,#2543);
#2542 = CARTESIAN_POINT('',(98.2745,22.8839,9.));
#2543 = VECTOR('',#2544,1.);
#2544 = DIRECTION('',(-0.987895302398,-0.15512211802,0.));
#2545 = ORIENTED_EDGE('',*,*,#2484,.F.);
#2546 = ORIENTED_EDGE('',*,*,#263,.F.);
#2547 = PLANE('',#2548);
#2548 = AXIS2_PLACEMENT_3D('',#2549,#2550,#2551);
#2549 = CARTESIAN_POINT('',(98.2745,22.8839,0.));
#2550 = DIRECTION('',(0.15512211802,-0.987895302398,0.));
#2551 = DIRECTION('',(-0.987895302398,-0.15512211802,0.));
#2552 = ADVANCED_FACE('',(#2553),#2571,.F.);
#2553 = FACE_BOUND('',#2554,.F.);
#2554 = EDGE_LOOP('',(#2555,#2556,#2557,#2565));
#2555 = ORIENTED_EDGE('',*,*,#495,.F.);
#2556 = ORIENTED_EDGE('',*,*,#2518,.T.);
#2557 = ORIENTED_EDGE('',*,*,#2558,.T.);
#2558 = EDGE_CURVE('',#2511,#2559,#2561,.T.);
#2559 = VERTEX_POINT('',#2560);
#2560 = CARTESIAN_POINT('',(101.7255,10.0049,9.));
#2561 = LINE('',#2562,#2563);
#2562 = CARTESIAN_POINT('',(95.5456,8.4893,9.));
#2563 = VECTOR('',#2564,1.);
#2564 = DIRECTION('',(0.971219007497,0.238188243784,0.));
#2565 = ORIENTED_EDGE('',*,*,#2566,.F.);
#2566 = EDGE_CURVE('',#488,#2559,#2567,.T.);
#2567 = LINE('',#2568,#2569);
#2568 = CARTESIAN_POINT('',(101.7255,10.0049,0.));
#2569 = VECTOR('',#2570,1.);
#2570 = DIRECTION('',(0.,0.,1.));
#2571 = PLANE('',#2572);
#2572 = AXIS2_PLACEMENT_3D('',#2573,#2574,#2575);
#2573 = CARTESIAN_POINT('',(95.5456,8.4893,0.));
#2574 = DIRECTION('',(-0.238188243784,0.971219007497,0.));
#2575 = DIRECTION('',(0.971219007497,0.238188243784,0.));
#2576 = ADVANCED_FACE('',(#2577),#2595,.F.);
#2577 = FACE_BOUND('',#2578,.F.);
#2578 = EDGE_LOOP('',(#2579,#2587,#2593,#2594));
#2579 = ORIENTED_EDGE('',*,*,#2580,.T.);
#2580 = EDGE_CURVE('',#272,#2581,#2583,.T.);
#2581 = VERTEX_POINT('',#2582);
#2582 = CARTESIAN_POINT('',(104.5946,23.9545,9.));
#2583 = LINE('',#2584,#2585);
#2584 = CARTESIAN_POINT('',(104.5946,23.9545,0.));
#2585 = VECTOR('',#2586,1.);
#2586 = DIRECTION('',(0.,0.,1.));
#2587 = ORIENTED_EDGE('',*,*,#2588,.T.);
#2588 = EDGE_CURVE('',#2581,#2533,#2589,.T.);
#2589 = LINE('',#2590,#2591);
#2590 = CARTESIAN_POINT('',(104.5946,23.9545,9.));
#2591 = VECTOR('',#2592,1.);
#2592 = DIRECTION('',(-0.985954062196,-0.167016727423,0.));
#2593 = ORIENTED_EDGE('',*,*,#2532,.F.);
#2594 = ORIENTED_EDGE('',*,*,#271,.F.);
#2595 = PLANE('',#2596);
#2596 = AXIS2_PLACEMENT_3D('',#2597,#2598,#2599);
#2597 = CARTESIAN_POINT('',(104.5946,23.9545,0.));
#2598 = DIRECTION('',(0.167016727423,-0.985954062196,0.));
#2599 = DIRECTION('',(-0.985954062196,-0.167016727423,0.));
#2600 = ADVANCED_FACE('',(#2601),#2619,.F.);
#2601 = FACE_BOUND('',#2602,.F.);
#2602 = EDGE_LOOP('',(#2603,#2604,#2612,#2618));
#2603 = ORIENTED_EDGE('',*,*,#2566,.T.);
#2604 = ORIENTED_EDGE('',*,*,#2605,.T.);
#2605 = EDGE_CURVE('',#2559,#2606,#2608,.T.);
#2606 = VERTEX_POINT('',#2607);
#2607 = CARTESIAN_POINT('',(107.9054,11.5987,9.));
#2608 = LINE('',#2609,#2610);
#2609 = CARTESIAN_POINT('',(101.7255,10.0049,9.));
#2610 = VECTOR('',#2611,1.);
#2611 = DIRECTION('',(0.968315712283,0.249729216045,0.));
#2612 = ORIENTED_EDGE('',*,*,#2613,.F.);
#2613 = EDGE_CURVE('',#480,#2606,#2614,.T.);
#2614 = LINE('',#2615,#2616);
#2615 = CARTESIAN_POINT('',(107.9054,11.5987,0.));
#2616 = VECTOR('',#2617,1.);
#2617 = DIRECTION('',(0.,0.,1.));
#2618 = ORIENTED_EDGE('',*,*,#487,.F.);
#2619 = PLANE('',#2620);
#2620 = AXIS2_PLACEMENT_3D('',#2621,#2622,#2623);
#2621 = CARTESIAN_POINT('',(101.7255,10.0049,0.));
#2622 = DIRECTION('',(-0.249729216045,0.968315712283,0.));
#2623 = DIRECTION('',(0.968315712283,0.249729216045,0.));
#2624 = ADVANCED_FACE('',(#2625),#2643,.F.);
#2625 = FACE_BOUND('',#2626,.F.);
#2626 = EDGE_LOOP('',(#2627,#2635,#2641,#2642));
#2627 = ORIENTED_EDGE('',*,*,#2628,.T.);
#2628 = EDGE_CURVE('',#280,#2629,#2631,.T.);
#2629 = VERTEX_POINT('',#2630);
#2630 = CARTESIAN_POINT('',(110.9147,25.1116,9.));
#2631 = LINE('',#2632,#2633);
#2632 = CARTESIAN_POINT('',(110.9147,25.1116,0.));
#2633 = VECTOR('',#2634,1.);
#2634 = DIRECTION('',(0.,0.,1.));
#2635 = ORIENTED_EDGE('',*,*,#2636,.T.);
#2636 = EDGE_CURVE('',#2629,#2581,#2637,.T.);
#2637 = LINE('',#2638,#2639);
#2638 = CARTESIAN_POINT('',(110.9147,25.1116,9.));
#2639 = VECTOR('',#2640,1.);
#2640 = DIRECTION('',(-0.983650283685,-0.18008919847,0.));
#2641 = ORIENTED_EDGE('',*,*,#2580,.F.);
#2642 = ORIENTED_EDGE('',*,*,#279,.F.);
#2643 = PLANE('',#2644);
#2644 = AXIS2_PLACEMENT_3D('',#2645,#2646,#2647);
#2645 = CARTESIAN_POINT('',(110.9147,25.1116,0.));
#2646 = DIRECTION('',(0.18008919847,-0.983650283685,0.));
#2647 = DIRECTION('',(-0.983650283685,-0.18008919847,0.));
#2648 = ADVANCED_FACE('',(#2649),#2667,.F.);
#2649 = FACE_BOUND('',#2650,.F.);
#2650 = EDGE_LOOP('',(#2651,#2652,#2660,#2666));
#2651 = ORIENTED_EDGE('',*,*,#2613,.T.);
#2652 = ORIENTED_EDGE('',*,*,#2653,.T.);
#2653 = EDGE_CURVE('',#2606,#2654,#2656,.T.);
#2654 = VERTEX_POINT('',#2655);
#2655 = CARTESIAN_POINT('',(114.0853,13.279,9.));
#2656 = LINE('',#2657,#2658);
#2657 = CARTESIAN_POINT('',(107.9054,11.5987,9.));
#2658 = VECTOR('',#2659,1.);
#2659 = DIRECTION('',(0.964966763498,0.262372150473,0.));
#2660 = ORIENTED_EDGE('',*,*,#2661,.F.);
#2661 = EDGE_CURVE('',#472,#2654,#2662,.T.);
#2662 = LINE('',#2663,#2664);
#2663 = CARTESIAN_POINT('',(114.0853,13.279,0.));
#2664 = VECTOR('',#2665,1.);
#2665 = DIRECTION('',(0.,0.,1.));
#2666 = ORIENTED_EDGE('',*,*,#479,.F.);
#2667 = PLANE('',#2668);
#2668 = AXIS2_PLACEMENT_3D('',#2669,#2670,#2671);
#2669 = CARTESIAN_POINT('',(107.9054,11.5987,0.));
#2670 = DIRECTION('',(-0.262372150473,0.964966763498,0.));
#2671 = DIRECTION('',(0.964966763498,0.262372150473,0.));
#2672 = ADVANCED_FACE('',(#2673),#2691,.F.);
#2673 = FACE_BOUND('',#2674,.F.);
#2674 = EDGE_LOOP('',(#2675,#2683,#2689,#2690));
#2675 = ORIENTED_EDGE('',*,*,#2676,.T.);
#2676 = EDGE_CURVE('',#288,#2677,#2679,.T.);
#2677 = VERTEX_POINT('',#2678);
#2678 = CARTESIAN_POINT('',(117.2348,26.3638,9.));
#2679 = LINE('',#2680,#2681);
#2680 = CARTESIAN_POINT('',(117.2348,26.3638,0.));
#2681 = VECTOR('',#2682,1.);
#2682 = DIRECTION('',(0.,0.,1.));
#2683 = ORIENTED_EDGE('',*,*,#2684,.T.);
#2684 = EDGE_CURVE('',#2677,#2629,#2685,.T.);
#2685 = LINE('',#2686,#2687);
#2686 = CARTESIAN_POINT('',(117.2348,26.3638,9.));
#2687 = VECTOR('',#2688,1.);
#2688 = DIRECTION('',(-0.9809318894,-0.194351815938,0.));
#2689 = ORIENTED_EDGE('',*,*,#2628,.F.);
#2690 = ORIENTED_EDGE('',*,*,#287,.F.);
#2691 = PLANE('',#2692);
#2692 = AXIS2_PLACEMENT_3D('',#2693,#2694,#2695);
#2693 = CARTESIAN_POINT('',(117.2348,26.3638,0.));
#2694 = DIRECTION('',(0.194351815938,-0.9809318894,0.));
#2695 = DIRECTION('',(-0.9809318894,-0.194351815938,0.));
#2696 = ADVANCED_FACE('',(#2697),#2715,.F.);
#2697 = FACE_BOUND('',#2698,.F.);
#2698 = EDGE_LOOP('',(#2699,#2700,#2708,#2714));
#2699 = ORIENTED_EDGE('',*,*,#2661,.T.);
#2700 = ORIENTED_EDGE('',*,*,#2701,.T.);
#2701 = EDGE_CURVE('',#2654,#2702,#2704,.T.);
#2702 = VERTEX_POINT('',#2703);
#2703 = CARTESIAN_POINT('',(120.2652,15.0544,9.));
#2704 = LINE('',#2705,#2706);
#2705 = CARTESIAN_POINT('',(114.0853,13.279,9.));
#2706 = VECTOR('',#2707,1.);
#2707 = DIRECTION('',(0.9611238522,0.276117621191,0.));
#2708 = ORIENTED_EDGE('',*,*,#2709,.F.);
#2709 = EDGE_CURVE('',#464,#2702,#2710,.T.);
#2710 = LINE('',#2711,#2712);
#2711 = CARTESIAN_POINT('',(120.2652,15.0544,0.));
#2712 = VECTOR('',#2713,1.);
#2713 = DIRECTION('',(0.,0.,1.));
#2714 = ORIENTED_EDGE('',*,*,#471,.F.);
#2715 = PLANE('',#2716);
#2716 = AXIS2_PLACEMENT_3D('',#2717,#2718,#2719);
#2717 = CARTESIAN_POINT('',(114.0853,13.279,0.));
#2718 = DIRECTION('',(-0.276117621191,0.9611238522,0.));
#2719 = DIRECTION('',(0.9611238522,0.276117621191,0.));
#2720 = ADVANCED_FACE('',(#2721),#2739,.F.);
#2721 = FACE_BOUND('',#2722,.F.);
#2722 = EDGE_LOOP('',(#2723,#2731,#2737,#2738));
#2723 = ORIENTED_EDGE('',*,*,#2724,.T.);
#2724 = EDGE_CURVE('',#296,#2725,#2727,.T.);
#2725 = VERTEX_POINT('',#2726);
#2726 = CARTESIAN_POINT('',(123.5549,27.7195,9.));
#2727 = LINE('',#2728,#2729);
#2728 = CARTESIAN_POINT('',(123.5549,27.7195,0.));
#2729 = VECTOR('',#2730,1.);
#2730 = DIRECTION('',(0.,0.,1.));
#2731 = ORIENTED_EDGE('',*,*,#2732,.T.);
#2732 = EDGE_CURVE('',#2725,#2677,#2733,.T.);
#2733 = LINE('',#2734,#2735);
#2734 = CARTESIAN_POINT('',(123.5549,27.7195,9.));
#2735 = VECTOR('',#2736,1.);
#2736 = DIRECTION('',(-0.977758244525,-0.209735107372,0.));
#2737 = ORIENTED_EDGE('',*,*,#2676,.F.);
#2738 = ORIENTED_EDGE('',*,*,#295,.F.);
#2739 = PLANE('',#2740);
#2740 = AXIS2_PLACEMENT_3D('',#2741,#2742,#2743);
#2741 = CARTESIAN_POINT('',(123.5549,27.7195,0.));
#2742 = DIRECTION('',(0.209735107372,-0.977758244525,0.));
#2743 = DIRECTION('',(-0.977758244525,-0.209735107372,0.));
#2744 = ADVANCED_FACE('',(#2745),#2763,.F.);
#2745 = FACE_BOUND('',#2746,.F.);
#2746 = EDGE_LOOP('',(#2747,#2748,#2756,#2762));
#2747 = ORIENTED_EDGE('',*,*,#2709,.T.);
#2748 = ORIENTED_EDGE('',*,*,#2749,.T.);
#2749 = EDGE_CURVE('',#2702,#2750,#2752,.T.);
#2750 = VERTEX_POINT('',#2751);
#2751 = CARTESIAN_POINT('',(126.4451,16.9333,9.));
#2752 = LINE('',#2753,#2754);
#2753 = CARTESIAN_POINT('',(120.2652,15.0544,9.));
#2754 = VECTOR('',#2755,1.);
#2755 = DIRECTION('',(0.95675746392,0.290886842661,0.));
#2756 = ORIENTED_EDGE('',*,*,#2757,.F.);
#2757 = EDGE_CURVE('',#456,#2750,#2758,.T.);
#2758 = LINE('',#2759,#2760);
#2759 = CARTESIAN_POINT('',(126.4451,16.9333,0.));
#2760 = VECTOR('',#2761,1.);
#2761 = DIRECTION('',(0.,0.,1.));
#2762 = ORIENTED_EDGE('',*,*,#463,.F.);
#2763 = PLANE('',#2764);
#2764 = AXIS2_PLACEMENT_3D('',#2765,#2766,#2767);
#2765 = CARTESIAN_POINT('',(120.2652,15.0544,0.));
#2766 = DIRECTION('',(-0.290886842661,0.95675746392,0.));
#2767 = DIRECTION('',(0.95675746392,0.290886842661,0.));
#2768 = ADVANCED_FACE('',(#2769),#2787,.F.);
#2769 = FACE_BOUND('',#2770,.F.);
#2770 = EDGE_LOOP('',(#2771,#2779,#2785,#2786));
#2771 = ORIENTED_EDGE('',*,*,#2772,.T.);
#2772 = EDGE_CURVE('',#304,#2773,#2775,.T.);
#2773 = VERTEX_POINT('',#2774);
#2774 = CARTESIAN_POINT('',(129.875,29.1871,9.));
#2775 = LINE('',#2776,#2777);
#2776 = CARTESIAN_POINT('',(129.875,29.1871,0.));
#2777 = VECTOR('',#2778,1.);
#2778 = DIRECTION('',(0.,0.,1.));
#2779 = ORIENTED_EDGE('',*,*,#2780,.T.);
#2780 = EDGE_CURVE('',#2773,#2725,#2781,.T.);
#2781 = LINE('',#2782,#2783);
#2782 = CARTESIAN_POINT('',(129.875,29.1871,9.));
#2783 = VECTOR('',#2784,1.);
#2784 = DIRECTION('',(-0.974082466576,-0.226193165922,0.));
#2785 = ORIENTED_EDGE('',*,*,#2724,.F.);
#2786 = ORIENTED_EDGE('',*,*,#303,.F.);
#2787 = PLANE('',#2788);
#2788 = AXIS2_PLACEMENT_3D('',#2789,#2790,#2791);
#2789 = CARTESIAN_POINT('',(129.875,29.1871,0.));
#2790 = DIRECTION('',(0.226193165922,-0.974082466576,0.));
#2791 = DIRECTION('',(-0.974082466576,-0.226193165922,0.));
#2792 = ADVANCED_FACE('',(#2793),#2811,.F.);
#2793 = FACE_BOUND('',#2794,.F.);
#2794 = EDGE_LOOP('',(#2795,#2796,#2804,#2810));
#2795 = ORIENTED_EDGE('',*,*,#2757,.T.);
#2796 = ORIENTED_EDGE('',*,*,#2797,.T.);
#2797 = EDGE_CURVE('',#2750,#2798,#2800,.T.);
#2798 = VERTEX_POINT('',#2799);
#2799 = CARTESIAN_POINT('',(132.625,18.9242,9.));
#2800 = LINE('',#2801,#2802);
#2801 = CARTESIAN_POINT('',(126.4451,16.9333,9.));
#2802 = VECTOR('',#2803,1.);
#2803 = DIRECTION('',(0.951826276312,0.306637798914,0.));
#2804 = ORIENTED_EDGE('',*,*,#2805,.F.);
#2805 = EDGE_CURVE('',#448,#2798,#2806,.T.);
#2806 = LINE('',#2807,#2808);
#2807 = CARTESIAN_POINT('',(132.625,18.9242,0.));
#2808 = VECTOR('',#2809,1.);
#2809 = DIRECTION('',(0.,0.,1.));
#2810 = ORIENTED_EDGE('',*,*,#455,.F.);
#2811 = PLANE('',#2812);
#2812 = AXIS2_PLACEMENT_3D('',#2813,#2814,#2815);
#2813 = CARTESIAN_POINT('',(126.4451,16.9333,0.));
#2814 = DIRECTION('',(-0.306637798914,0.951826276312,0.));
#2815 = DIRECTION('',(0.951826276312,0.306637798914,0.));
#2816 = ADVANCED_FACE('',(#2817),#2835,.F.);
#2817 = FACE_BOUND('',#2818,.F.);
#2818 = EDGE_LOOP('',(#2819,#2827,#2833,#2834));
#2819 = ORIENTED_EDGE('',*,*,#2820,.T.);
#2820 = EDGE_CURVE('',#312,#2821,#2823,.T.);
#2821 = VERTEX_POINT('',#2822);
#2822 = CARTESIAN_POINT('',(136.1951,30.7753,9.));
#2823 = LINE('',#2824,#2825);
#2824 = CARTESIAN_POINT('',(136.1951,30.7753,0.));
#2825 = VECTOR('',#2826,1.);
#2826 = DIRECTION('',(0.,0.,1.));
#2827 = ORIENTED_EDGE('',*,*,#2828,.T.);
#2828 = EDGE_CURVE('',#2821,#2773,#2829,.T.);
#2829 = LINE('',#2830,#2831);
#2830 = CARTESIAN_POINT('',(136.1951,30.7753,9.));
#2831 = VECTOR('',#2832,1.);
#2832 = DIRECTION('',(-0.969846607787,-0.243716140961,0.));
#2833 = ORIENTED_EDGE('',*,*,#2772,.F.);
#2834 = ORIENTED_EDGE('',*,*,#311,.F.);
#2835 = PLANE('',#2836);
#2836 = AXIS2_PLACEMENT_3D('',#2837,#2838,#2839);
#2837 = CARTESIAN_POINT('',(136.1951,30.7753,0.));
#2838 = DIRECTION('',(0.243716140961,-0.969846607787,0.));
#2839 = DIRECTION('',(-0.969846607787,-0.243716140961,0.));
#2840 = ADVANCED_FACE('',(#2841),#2859,.F.);
#2841 = FACE_BOUND('',#2842,.F.);
#2842 = EDGE_LOOP('',(#2843,#2844,#2852,#2858));
#2843 = ORIENTED_EDGE('',*,*,#2805,.T.);
#2844 = ORIENTED_EDGE('',*,*,#2845,.T.);
#2845 = EDGE_CURVE('',#2798,#2846,#2848,.T.);
#2846 = VERTEX_POINT('',#2847);
#2847 = CARTESIAN_POINT('',(138.8049,21.0355,9.));
#2848 = LINE('',#2849,#2850);
#2849 = CARTESIAN_POINT('',(132.625,18.9242,9.));
#2850 = VECTOR('',#2851,1.);
#2851 = DIRECTION('',(0.946298791627,0.323293360534,0.));
#2852 = ORIENTED_EDGE('',*,*,#2853,.F.);
#2853 = EDGE_CURVE('',#440,#2846,#2854,.T.);
#2854 = LINE('',#2855,#2856);
#2855 = CARTESIAN_POINT('',(138.8049,21.0355,0.));
#2856 = VECTOR('',#2857,1.);
#2857 = DIRECTION('',(0.,0.,1.));
#2858 = ORIENTED_EDGE('',*,*,#447,.F.);
#2859 = PLANE('',#2860);
#2860 = AXIS2_PLACEMENT_3D('',#2861,#2862,#2863);
#2861 = CARTESIAN_POINT('',(132.625,18.9242,0.));
#2862 = DIRECTION('',(-0.323293360534,0.946298791627,0.));
#2863 = DIRECTION('',(0.946298791627,0.323293360534,0.));
#2864 = ADVANCED_FACE('',(#2865),#2883,.F.);
#2865 = FACE_BOUND('',#2866,.F.);
#2866 = EDGE_LOOP('',(#2867,#2875,#2881,#2882));
#2867 = ORIENTED_EDGE('',*,*,#2868,.T.);
#2868 = EDGE_CURVE('',#320,#2869,#2871,.T.);
#2869 = VERTEX_POINT('',#2870);
#2870 = CARTESIAN_POINT('',(142.5152,32.4923,9.));
#2871 = LINE('',#2872,#2873);
#2872 = CARTESIAN_POINT('',(142.5152,32.4923,0.));
#2873 = VECTOR('',#2874,1.);
#2874 = DIRECTION('',(0.,0.,1.));
#2875 = ORIENTED_EDGE('',*,*,#2876,.T.);
#2876 = EDGE_CURVE('',#2869,#2821,#2877,.T.);
#2877 = LINE('',#2878,#2879);
#2878 = CARTESIAN_POINT('',(142.5152,32.4923,9.));
#2879 = VECTOR('',#2880,1.);
#2880 = DIRECTION('',(-0.965021638919,-0.262170243196,0.));
#2881 = ORIENTED_EDGE('',*,*,#2820,.F.);
#2882 = ORIENTED_EDGE('',*,*,#319,.F.);
#2883 = PLANE('',#2884);
#2884 = AXIS2_PLACEMENT_3D('',#2885,#2886,#2887);
#2885 = CARTESIAN_POINT('',(142.5152,32.4923,0.));
#2886 = DIRECTION('',(0.262170243196,-0.965021638919,0.));
#2887 = DIRECTION('',(-0.965021638919,-0.262170243196,0.));
#2888 = ADVANCED_FACE('',(#2889),#2907,.F.);
#2889 = FACE_BOUND('',#2890,.F.);
#2890 = EDGE_LOOP('',(#2891,#2892,#2900,#2906));
#2891 = ORIENTED_EDGE('',*,*,#2853,.T.);
#2892 = ORIENTED_EDGE('',*,*,#2893,.T.);
#2893 = EDGE_CURVE('',#2846,#2894,#2896,.T.);
#2894 = VERTEX_POINT('',#2895);
#2895 = CARTESIAN_POINT('',(144.9848,23.2757,9.));
#2896 = LINE('',#2897,#2898);
#2897 = CARTESIAN_POINT('',(138.8049,21.0355,9.));
#2898 = VECTOR('',#2899,1.);
#2899 = DIRECTION('',(0.940136735356,0.340797474805,0.));
#2900 = ORIENTED_EDGE('',*,*,#2901,.F.);
#2901 = EDGE_CURVE('',#432,#2894,#2902,.T.);
#2902 = LINE('',#2903,#2904);
#2903 = CARTESIAN_POINT('',(144.9848,23.2757,0.));
#2904 = VECTOR('',#2905,1.);
#2905 = DIRECTION('',(0.,0.,1.));
#2906 = ORIENTED_EDGE('',*,*,#439,.F.);
#2907 = PLANE('',#2908);
#2908 = AXIS2_PLACEMENT_3D('',#2909,#2910,#2911);
#2909 = CARTESIAN_POINT('',(138.8049,21.0355,0.));
#2910 = DIRECTION('',(-0.340797474805,0.940136735356,0.));
#2911 = DIRECTION('',(0.940136735356,0.340797474805,0.));
#2912 = ADVANCED_FACE('',(#2913),#2931,.F.);
#2913 = FACE_BOUND('',#2914,.F.);
#2914 = EDGE_LOOP('',(#2915,#2923,#2929,#2930));
#2915 = ORIENTED_EDGE('',*,*,#2916,.T.);
#2916 = EDGE_CURVE('',#328,#2917,#2919,.T.);
#2917 = VERTEX_POINT('',#2918);
#2918 = CARTESIAN_POINT('',(148.8353,34.3467,9.));
#2919 = LINE('',#2920,#2921);
#2920 = CARTESIAN_POINT('',(148.8353,34.3467,0.));
#2921 = VECTOR('',#2922,1.);
#2922 = DIRECTION('',(0.,0.,1.));
#2923 = ORIENTED_EDGE('',*,*,#2924,.T.);
#2924 = EDGE_CURVE('',#2917,#2869,#2925,.T.);
#2925 = LINE('',#2926,#2927);
#2926 = CARTESIAN_POINT('',(148.8353,34.3467,9.));
#2927 = VECTOR('',#2928,1.);
#2928 = DIRECTION('',(-0.959548311597,-0.281544024466,0.));
#2929 = ORIENTED_EDGE('',*,*,#2868,.F.);
#2930 = ORIENTED_EDGE('',*,*,#327,.F.);
#2931 = PLANE('',#2932);
#2932 = AXIS2_PLACEMENT_3D('',#2933,#2934,#2935);
#2933 = CARTESIAN_POINT('',(148.8353,34.3467,0.));
#2934 = DIRECTION('',(0.281544024466,-0.959548311597,0.));
#2935 = DIRECTION('',(-0.959548311597,-0.281544024466,0.));
#2936 = ADVANCED_FACE('',(#2937),#2955,.F.);
#2937 = FACE_BOUND('',#2938,.F.);
#2938 = EDGE_LOOP('',(#2939,#2940,#2948,#2954));
#2939 = ORIENTED_EDGE('',*,*,#2901,.T.);
#2940 = ORIENTED_EDGE('',*,*,#2941,.T.);
#2941 = EDGE_CURVE('',#2894,#2942,#2944,.T.);
#2942 = VERTEX_POINT('',#2943);
#2943 = CARTESIAN_POINT('',(151.1647,25.6533,9.));
#2944 = LINE('',#2945,#2946);
#2945 = CARTESIAN_POINT('',(144.9848,23.2757,9.));
#2946 = VECTOR('',#2947,1.);
#2947 = DIRECTION('',(0.933309402554,0.359073194633,0.));
#2948 = ORIENTED_EDGE('',*,*,#2949,.F.);
#2949 = EDGE_CURVE('',#424,#2942,#2950,.T.);
#2950 = LINE('',#2951,#2952);
#2951 = CARTESIAN_POINT('',(151.1647,25.6533,0.));
#2952 = VECTOR('',#2953,1.);
#2953 = DIRECTION('',(0.,0.,1.));
#2954 = ORIENTED_EDGE('',*,*,#431,.F.);
#2955 = PLANE('',#2956);
#2956 = AXIS2_PLACEMENT_3D('',#2957,#2958,#2959);
#2957 = CARTESIAN_POINT('',(144.9848,23.2757,0.));
#2958 = DIRECTION('',(-0.359073194633,0.933309402554,0.));
#2959 = DIRECTION('',(0.933309402554,0.359073194633,0.));
#2960 = ADVANCED_FACE('',(#2961),#2979,.F.);
#2961 = FACE_BOUND('',#2962,.F.);
#2962 = EDGE_LOOP('',(#2963,#2971,#2977,#2978));
#2963 = ORIENTED_EDGE('',*,*,#2964,.T.);
#2964 = EDGE_CURVE('',#336,#2965,#2967,.T.);
#2965 = VERTEX_POINT('',#2966);
#2966 = CARTESIAN_POINT('',(150.,34.5,9.));
#2967 = LINE('',#2968,#2969);
#2968 = CARTESIAN_POINT('',(150.,34.5,0.));
#2969 = VECTOR('',#2970,1.);
#2970 = DIRECTION('',(0.,0.,1.));
#2971 = ORIENTED_EDGE('',*,*,#2972,.T.);
#2972 = EDGE_CURVE('',#2965,#2917,#2973,.T.);
#2973 = LINE('',#2974,#2975);
#2974 = CARTESIAN_POINT('',(150.,34.5,9.));
#2975 = VECTOR('',#2976,1.);
#2976 = DIRECTION('',(-0.991448789651,-0.130496350522,0.));
#2977 = ORIENTED_EDGE('',*,*,#2916,.F.);
#2978 = ORIENTED_EDGE('',*,*,#335,.F.);
#2979 = PLANE('',#2980);
#2980 = AXIS2_PLACEMENT_3D('',#2981,#2982,#2983);
#2981 = CARTESIAN_POINT('',(150.,34.5,0.));
#2982 = DIRECTION('',(0.130496350522,-0.991448789651,0.));
#2983 = DIRECTION('',(-0.991448789651,-0.130496350522,0.));
#2984 = ADVANCED_FACE('',(#2985),#3003,.F.);
#2985 = FACE_BOUND('',#2986,.F.);
#2986 = EDGE_LOOP('',(#2987,#2988,#2996,#3002));
#2987 = ORIENTED_EDGE('',*,*,#2949,.T.);
#2988 = ORIENTED_EDGE('',*,*,#2989,.T.);
#2989 = EDGE_CURVE('',#2942,#2990,#2992,.T.);
#2990 = VERTEX_POINT('',#2991);
#2991 = CARTESIAN_POINT('',(152.25,26.1029,9.));
#2992 = LINE('',#2993,#2994);
#2993 = CARTESIAN_POINT('',(151.1647,25.6533,9.));
#2994 = VECTOR('',#2995,1.);
#2995 = DIRECTION('',(0.923863273436,0.382722682887,0.));
#2996 = ORIENTED_EDGE('',*,*,#2997,.F.);
#2997 = EDGE_CURVE('',#416,#2990,#2998,.T.);
#2998 = LINE('',#2999,#3000);
#2999 = CARTESIAN_POINT('',(152.25,26.1029,0.));
#3000 = VECTOR('',#3001,1.);
#3001 = DIRECTION('',(0.,0.,1.));
#3002 = ORIENTED_EDGE('',*,*,#423,.F.);
#3003 = PLANE('',#3004);
#3004 = AXIS2_PLACEMENT_3D('',#3005,#3006,#3007);
#3005 = CARTESIAN_POINT('',(151.1647,25.6533,0.));
#3006 = DIRECTION('',(-0.382722682887,0.923863273436,0.));
#3007 = DIRECTION('',(0.923863273436,0.382722682887,0.));
#3008 = ADVANCED_FACE('',(#3009),#3027,.F.);
#3009 = FACE_BOUND('',#3010,.F.);
#3010 = EDGE_LOOP('',(#3011,#3019,#3025,#3026));
#3011 = ORIENTED_EDGE('',*,*,#3012,.T.);
#3012 = EDGE_CURVE('',#344,#3013,#3015,.T.);
#3013 = VERTEX_POINT('',#3014);
#3014 = CARTESIAN_POINT('',(151.1647,34.3467,9.));
#3015 = LINE('',#3016,#3017);
#3016 = CARTESIAN_POINT('',(151.1647,34.3467,0.));
#3017 = VECTOR('',#3018,1.);
#3018 = DIRECTION('',(0.,0.,1.));
#3019 = ORIENTED_EDGE('',*,*,#3020,.T.);
#3020 = EDGE_CURVE('',#3013,#2965,#3021,.T.);
#3021 = LINE('',#3022,#3023);
#3022 = CARTESIAN_POINT('',(151.1647,34.3467,9.));
#3023 = VECTOR('',#3024,1.);
#3024 = DIRECTION('',(-0.991448789651,0.130496350522,0.));
#3025 = ORIENTED_EDGE('',*,*,#2964,.F.);
#3026 = ORIENTED_EDGE('',*,*,#343,.F.);
#3027 = PLANE('',#3028);
#3028 = AXIS2_PLACEMENT_3D('',#3029,#3030,#3031);
#3029 = CARTESIAN_POINT('',(151.1647,34.3467,0.));
#3030 = DIRECTION('',(-0.130496350522,-0.991448789651,0.));
#3031 = DIRECTION('',(-0.991448789651,0.130496350522,0.));
#3032 = ADVANCED_FACE('',(#3033),#3051,.F.);
#3033 = FACE_BOUND('',#3034,.F.);
#3034 = EDGE_LOOP('',(#3035,#3036,#3044,#3050));
#3035 = ORIENTED_EDGE('',*,*,#2997,.T.);
#3036 = ORIENTED_EDGE('',*,*,#3037,.T.);
#3037 = EDGE_CURVE('',#2990,#3038,#3040,.T.);
#3038 = VERTEX_POINT('',#3039);
#3039 = CARTESIAN_POINT('',(153.182,26.818,9.));
#3040 = LINE('',#3041,#3042);
#3041 = CARTESIAN_POINT('',(152.25,26.1029,9.));
#3042 = VECTOR('',#3043,1.);
#3043 = DIRECTION('',(0.793373383429,0.608735307393,0.));
#3044 = ORIENTED_EDGE('',*,*,#3045,.F.);
#3045 = EDGE_CURVE('',#408,#3038,#3046,.T.);
#3046 = LINE('',#3047,#3048);
#3047 = CARTESIAN_POINT('',(153.182,26.818,0.));
#3048 = VECTOR('',#3049,1.);
#3049 = DIRECTION('',(0.,0.,1.));
#3050 = ORIENTED_EDGE('',*,*,#415,.F.);
#3051 = PLANE('',#3052);
#3052 = AXIS2_PLACEMENT_3D('',#3053,#3054,#3055);
#3053 = CARTESIAN_POINT('',(152.25,26.1029,0.));
#3054 = DIRECTION('',(-0.608735307393,0.793373383429,0.));
#3055 = DIRECTION('',(0.793373383429,0.608735307393,0.));
#3056 = ADVANCED_FACE('',(#3057),#3075,.F.);
#3057 = FACE_BOUND('',#3058,.F.);
#3058 = EDGE_LOOP('',(#3059,#3067,#3073,#3074));
#3059 = ORIENTED_EDGE('',*,*,#3060,.T.);
#3060 = EDGE_CURVE('',#352,#3061,#3063,.T.);
#3061 = VERTEX_POINT('',#3062);
#3062 = CARTESIAN_POINT('',(152.25,33.8971,9.));
#3063 = LINE('',#3064,#3065);
#3064 = CARTESIAN_POINT('',(152.25,33.8971,0.));
#3065 = VECTOR('',#3066,1.);
#3066 = DIRECTION('',(0.,0.,1.));
#3067 = ORIENTED_EDGE('',*,*,#3068,.T.);
#3068 = EDGE_CURVE('',#3061,#3013,#3069,.T.);
#3069 = LINE('',#3070,#3071);
#3070 = CARTESIAN_POINT('',(152.25,33.8971,9.));
#3071 = VECTOR('',#3072,1.);
#3072 = DIRECTION('',(-0.923863273436,0.382722682887,0.));
#3073 = ORIENTED_EDGE('',*,*,#3012,.F.);
#3074 = ORIENTED_EDGE('',*,*,#351,.F.);
#3075 = PLANE('',#3076);
#3076 = AXIS2_PLACEMENT_3D('',#3077,#3078,#3079);
#3077 = CARTESIAN_POINT('',(152.25,33.8971,0.));
#3078 = DIRECTION('',(-0.382722682887,-0.923863273436,0.));
#3079 = DIRECTION('',(-0.923863273436,0.382722682887,0.));
#3080 = ADVANCED_FACE('',(#3081),#3099,.F.);
#3081 = FACE_BOUND('',#3082,.F.);
#3082 = EDGE_LOOP('',(#3083,#3084,#3092,#3098));
#3083 = ORIENTED_EDGE('',*,*,#3045,.T.);
#3084 = ORIENTED_EDGE('',*,*,#3085,.T.);
#3085 = EDGE_CURVE('',#3038,#3086,#3088,.T.);
#3086 = VERTEX_POINT('',#3087);
#3087 = CARTESIAN_POINT('',(153.8971,27.75,9.));
#3088 = LINE('',#3089,#3090);
#3089 = CARTESIAN_POINT('',(153.182,26.818,9.));
#3090 = VECTOR('',#3091,1.);
#3091 = DIRECTION('',(0.608735307393,0.793373383429,0.));
#3092 = ORIENTED_EDGE('',*,*,#3093,.F.);
#3093 = EDGE_CURVE('',#400,#3086,#3094,.T.);
#3094 = LINE('',#3095,#3096);
#3095 = CARTESIAN_POINT('',(153.8971,27.75,0.));
#3096 = VECTOR('',#3097,1.);
#3097 = DIRECTION('',(0.,0.,1.));
#3098 = ORIENTED_EDGE('',*,*,#407,.F.);
#3099 = PLANE('',#3100);
#3100 = AXIS2_PLACEMENT_3D('',#3101,#3102,#3103);
#3101 = CARTESIAN_POINT('',(153.182,26.818,0.));
#3102 = DIRECTION('',(-0.793373383429,0.608735307393,0.));
#3103 = DIRECTION('',(0.608735307393,0.793373383429,0.));
#3104 = ADVANCED_FACE('',(#3105),#3155,.F.);
#3105 = FACE_BOUND('',#3106,.F.);
#3106 = EDGE_LOOP('',(#3107,#3108,#3116,#3124,#3132,#3140,#3148,#3154));
#3107 = ORIENTED_EDGE('',*,*,#359,.F.);
#3108 = ORIENTED_EDGE('',*,*,#3109,.T.);
#3109 = EDGE_CURVE('',#360,#3110,#3112,.T.);
#3110 = VERTEX_POINT('',#3111);
#3111 = CARTESIAN_POINT('',(153.182,33.182,3.475));
#3112 = LINE('',#3113,#3114);
#3113 = CARTESIAN_POINT('',(153.182,33.182,0.));
#3114 = VECTOR('',#3115,1.);
#3115 = DIRECTION('',(0.,0.,1.));
#3116 = ORIENTED_EDGE('',*,*,#3117,.T.);
#3117 = EDGE_CURVE('',#3110,#3118,#3120,.T.);
#3118 = VERTEX_POINT('',#3119);
#3119 = CARTESIAN_POINT('',(152.70947317114,33.544557870512,3.475));
#3120 = LINE('',#3121,#3122);
#3121 = CARTESIAN_POINT('',(154.738575732,31.987678856273,3.475));
#3122 = VECTOR('',#3123,1.);
#3123 = DIRECTION('',(-0.793373383429,0.608735307393,0.));
#3124 = ORIENTED_EDGE('',*,*,#3125,.F.);
#3125 = EDGE_CURVE('',#3126,#3118,#3128,.T.);
#3126 = VERTEX_POINT('',#3127);
#3127 = CARTESIAN_POINT('',(152.70947317114,33.544557870512,5.525));
#3128 = LINE('',#3129,#3130);
#3129 = CARTESIAN_POINT('',(152.70947317114,33.544557870512,1.7375));
#3130 = VECTOR('',#3131,1.);
#3131 = DIRECTION('',(-0.,0.,-1.));
#3132 = ORIENTED_EDGE('',*,*,#3133,.F.);
#3133 = EDGE_CURVE('',#3134,#3126,#3136,.T.);
#3134 = VERTEX_POINT('',#3135);
#3135 = CARTESIAN_POINT('',(153.182,33.182,5.525));
#3136 = LINE('',#3137,#3138);
#3137 = CARTESIAN_POINT('',(154.738575732,31.987678856273,5.525));
#3138 = VECTOR('',#3139,1.);
#3139 = DIRECTION('',(-0.793373383429,0.608735307393,0.));
#3140 = ORIENTED_EDGE('',*,*,#3141,.T.);
#3141 = EDGE_CURVE('',#3134,#3142,#3144,.T.);
#3142 = VERTEX_POINT('',#3143);
#3143 = CARTESIAN_POINT('',(153.182,33.182,9.));
#3144 = LINE('',#3145,#3146);
#3145 = CARTESIAN_POINT('',(153.182,33.182,0.));
#3146 = VECTOR('',#3147,1.);
#3147 = DIRECTION('',(0.,0.,1.));
#3148 = ORIENTED_EDGE('',*,*,#3149,.T.);
#3149 = EDGE_CURVE('',#3142,#3061,#3150,.T.);
#3150 = LINE('',#3151,#3152);
#3151 = CARTESIAN_POINT('',(153.182,33.182,9.));
#3152 = VECTOR('',#3153,1.);
#3153 = DIRECTION('',(-0.793373383429,0.608735307393,0.));
#3154 = ORIENTED_EDGE('',*,*,#3060,.F.);
#3155 = PLANE('',#3156);
#3156 = AXIS2_PLACEMENT_3D('',#3157,#3158,#3159);
#3157 = CARTESIAN_POINT('',(153.182,33.182,0.));
#3158 = DIRECTION('',(-0.608735307393,-0.793373383429,0.));
#3159 = DIRECTION('',(-0.793373383429,0.608735307393,0.));
#3160 = ADVANCED_FACE('',(#3161),#3211,.F.);
#3161 = FACE_BOUND('',#3162,.F.);
#3162 = EDGE_LOOP('',(#3163,#3164,#3165,#3173,#3181,#3189,#3197,#3205));
#3163 = ORIENTED_EDGE('',*,*,#399,.F.);
#3164 = ORIENTED_EDGE('',*,*,#3093,.T.);
#3165 = ORIENTED_EDGE('',*,*,#3166,.T.);
#3166 = EDGE_CURVE('',#3086,#3167,#3169,.T.);
#3167 = VERTEX_POINT('',#3168);
#3168 = CARTESIAN_POINT('',(154.3467,28.8353,9.));
#3169 = LINE('',#3170,#3171);
#3170 = CARTESIAN_POINT('',(153.8971,27.75,9.));
#3171 = VECTOR('',#3172,1.);
#3172 = DIRECTION('',(0.382722682887,0.923863273436,0.));
#3173 = ORIENTED_EDGE('',*,*,#3174,.F.);
#3174 = EDGE_CURVE('',#3175,#3167,#3177,.T.);
#3175 = VERTEX_POINT('',#3176);
#3176 = CARTESIAN_POINT('',(154.3467,28.8353,5.525));
#3177 = LINE('',#3178,#3179);
#3178 = CARTESIAN_POINT('',(154.3467,28.8353,0.));
#3179 = VECTOR('',#3180,1.);
#3180 = DIRECTION('',(0.,0.,1.));
#3181 = ORIENTED_EDGE('',*,*,#3182,.F.);
#3182 = EDGE_CURVE('',#3183,#3175,#3185,.T.);
#3183 = VERTEX_POINT('',#3184);
#3184 = CARTESIAN_POINT('',(154.3138814354,28.756078496089,5.525));
#3185 = LINE('',#3186,#3187);
#3186 = CARTESIAN_POINT('',(154.17873587892,28.429847463067,5.525));
#3187 = VECTOR('',#3188,1.);
#3188 = DIRECTION('',(0.382722682887,0.923863273436,-0.));
#3189 = ORIENTED_EDGE('',*,*,#3190,.T.);
#3190 = EDGE_CURVE('',#3183,#3191,#3193,.T.);
#3191 = VERTEX_POINT('',#3192);
#3192 = CARTESIAN_POINT('',(154.3138814354,28.756078496089,3.475));
#3193 = LINE('',#3194,#3195);
#3194 = CARTESIAN_POINT('',(154.3138814354,28.756078496089,1.7375));
#3195 = VECTOR('',#3196,1.);
#3196 = DIRECTION('',(0.,0.,-1.));
#3197 = ORIENTED_EDGE('',*,*,#3198,.T.);
#3198 = EDGE_CURVE('',#3191,#3199,#3201,.T.);
#3199 = VERTEX_POINT('',#3200);
#3200 = CARTESIAN_POINT('',(154.3467,28.8353,3.475));
#3201 = LINE('',#3202,#3203);
#3202 = CARTESIAN_POINT('',(154.17873587892,28.429847463067,3.475));
#3203 = VECTOR('',#3204,1.);
#3204 = DIRECTION('',(0.382722682887,0.923863273436,-0.));
#3205 = ORIENTED_EDGE('',*,*,#3206,.F.);
#3206 = EDGE_CURVE('',#392,#3199,#3207,.T.);
#3207 = LINE('',#3208,#3209);
#3208 = CARTESIAN_POINT('',(154.3467,28.8353,0.));
#3209 = VECTOR('',#3210,1.);
#3210 = DIRECTION('',(0.,0.,1.));
#3211 = PLANE('',#3212);
#3212 = AXIS2_PLACEMENT_3D('',#3213,#3214,#3215);
#3213 = CARTESIAN_POINT('',(153.8971,27.75,0.));
#3214 = DIRECTION('',(-0.923863273436,0.382722682887,0.));
#3215 = DIRECTION('',(0.382722682887,0.923863273436,0.));
#3216 = ADVANCED_FACE('',(#3217),#3258,.F.);
#3217 = FACE_BOUND('',#3218,.F.);
#3218 = EDGE_LOOP('',(#3219,#3220,#3228,#3234,#3235,#3243,#3251,#3257));
#3219 = ORIENTED_EDGE('',*,*,#367,.F.);
#3220 = ORIENTED_EDGE('',*,*,#3221,.T.);
#3221 = EDGE_CURVE('',#368,#3222,#3224,.T.);
#3222 = VERTEX_POINT('',#3223);
#3223 = CARTESIAN_POINT('',(153.8971,32.25,9.));
#3224 = LINE('',#3225,#3226);
#3225 = CARTESIAN_POINT('',(153.8971,32.25,0.));
#3226 = VECTOR('',#3227,1.);
#3227 = DIRECTION('',(0.,0.,1.));
#3228 = ORIENTED_EDGE('',*,*,#3229,.T.);
#3229 = EDGE_CURVE('',#3222,#3142,#3230,.T.);
#3230 = LINE('',#3231,#3232);
#3231 = CARTESIAN_POINT('',(153.8971,32.25,9.));
#3232 = VECTOR('',#3233,1.);
#3233 = DIRECTION('',(-0.608735307393,0.793373383429,0.));
#3234 = ORIENTED_EDGE('',*,*,#3141,.F.);
#3235 = ORIENTED_EDGE('',*,*,#3236,.F.);
#3236 = EDGE_CURVE('',#3237,#3134,#3239,.T.);
#3237 = VERTEX_POINT('',#3238);
#3238 = CARTESIAN_POINT('',(153.70635712914,32.498597896294,5.525));
#3239 = LINE('',#3240,#3241);
#3240 = CARTESIAN_POINT('',(154.87732254393,30.972462017977,5.525));
#3241 = VECTOR('',#3242,1.);
#3242 = DIRECTION('',(-0.608735307393,0.793373383429,0.));
#3243 = ORIENTED_EDGE('',*,*,#3244,.F.);
#3244 = EDGE_CURVE('',#3245,#3237,#3247,.T.);
#3245 = VERTEX_POINT('',#3246);
#3246 = CARTESIAN_POINT('',(153.70635712914,32.498597896294,3.475));
#3247 = LINE('',#3248,#3249);
#3248 = CARTESIAN_POINT('',(153.70635712914,32.498597896294,2.25));
#3249 = VECTOR('',#3250,1.);
#3250 = DIRECTION('',(0.,0.,1.));
#3251 = ORIENTED_EDGE('',*,*,#3252,.T.);
#3252 = EDGE_CURVE('',#3245,#3110,#3253,.T.);
#3253 = LINE('',#3254,#3255);
#3254 = CARTESIAN_POINT('',(154.87732254393,30.972462017977,3.475));
#3255 = VECTOR('',#3256,1.);
#3256 = DIRECTION('',(-0.608735307393,0.793373383429,0.));
#3257 = ORIENTED_EDGE('',*,*,#3109,.F.);
#3258 = PLANE('',#3259);
#3259 = AXIS2_PLACEMENT_3D('',#3260,#3261,#3262);
#3260 = CARTESIAN_POINT('',(153.8971,32.25,0.));
#3261 = DIRECTION('',(-0.793373383429,-0.608735307393,0.));
#3262 = DIRECTION('',(-0.608735307393,0.793373383429,0.));
#3263 = ADVANCED_FACE('',(#3264),#3282,.F.);
#3264 = FACE_BOUND('',#3265,.F.);
#3265 = EDGE_LOOP('',(#3266,#3267,#3268,#3276));
#3266 = ORIENTED_EDGE('',*,*,#391,.F.);
#3267 = ORIENTED_EDGE('',*,*,#3206,.T.);
#3268 = ORIENTED_EDGE('',*,*,#3269,.T.);
#3269 = EDGE_CURVE('',#3199,#3270,#3272,.T.);
#3270 = VERTEX_POINT('',#3271);
#3271 = CARTESIAN_POINT('',(154.5,30.,3.475));
#3272 = LINE('',#3273,#3274);
#3273 = CARTESIAN_POINT('',(154.35788558813,28.920282743013,3.475));
#3274 = VECTOR('',#3275,1.);
#3275 = DIRECTION('',(0.130496350522,0.991448789651,-0.));
#3276 = ORIENTED_EDGE('',*,*,#3277,.F.);
#3277 = EDGE_CURVE('',#384,#3270,#3278,.T.);
#3278 = LINE('',#3279,#3280);
#3279 = CARTESIAN_POINT('',(154.5,30.,0.));
#3280 = VECTOR('',#3281,1.);
#3281 = DIRECTION('',(0.,0.,1.));
#3282 = PLANE('',#3283);
#3283 = AXIS2_PLACEMENT_3D('',#3284,#3285,#3286);
#3284 = CARTESIAN_POINT('',(154.3467,28.8353,0.));
#3285 = DIRECTION('',(-0.991448789651,0.130496350522,0.));
#3286 = DIRECTION('',(0.130496350522,0.991448789651,0.));
#3287 = ADVANCED_FACE('',(#3288),#3306,.F.);
#3288 = FACE_BOUND('',#3289,.F.);
#3289 = EDGE_LOOP('',(#3290,#3298,#3304,#3305));
#3290 = ORIENTED_EDGE('',*,*,#3291,.T.);
#3291 = EDGE_CURVE('',#376,#3292,#3294,.T.);
#3292 = VERTEX_POINT('',#3293);
#3293 = CARTESIAN_POINT('',(154.3467,31.1647,9.));
#3294 = LINE('',#3295,#3296);
#3295 = CARTESIAN_POINT('',(154.3467,31.1647,0.));
#3296 = VECTOR('',#3297,1.);
#3297 = DIRECTION('',(0.,0.,1.));
#3298 = ORIENTED_EDGE('',*,*,#3299,.T.);
#3299 = EDGE_CURVE('',#3292,#3222,#3300,.T.);
#3300 = LINE('',#3301,#3302);
#3301 = CARTESIAN_POINT('',(154.3467,31.1647,9.));
#3302 = VECTOR('',#3303,1.);
#3303 = DIRECTION('',(-0.382722682887,0.923863273436,0.));
#3304 = ORIENTED_EDGE('',*,*,#3221,.F.);
#3305 = ORIENTED_EDGE('',*,*,#375,.F.);
#3306 = PLANE('',#3307);
#3307 = AXIS2_PLACEMENT_3D('',#3308,#3309,#3310);
#3308 = CARTESIAN_POINT('',(154.3467,31.1647,0.));
#3309 = DIRECTION('',(-0.923863273436,-0.382722682887,0.));
#3310 = DIRECTION('',(-0.382722682887,0.923863273436,0.));
#3311 = ADVANCED_FACE('',(#3312),#3355,.F.);
#3312 = FACE_BOUND('',#3313,.F.);
#3313 = EDGE_LOOP('',(#3314,#3315,#3316,#3324,#3332,#3340,#3348,#3354));
#3314 = ORIENTED_EDGE('',*,*,#383,.F.);
#3315 = ORIENTED_EDGE('',*,*,#3277,.T.);
#3316 = ORIENTED_EDGE('',*,*,#3317,.T.);
#3317 = EDGE_CURVE('',#3270,#3318,#3320,.T.);
#3318 = VERTEX_POINT('',#3319);
#3319 = CARTESIAN_POINT('',(154.48332693591,30.126673957882,3.475));
#3320 = LINE('',#3321,#3322);
#3321 = CARTESIAN_POINT('',(154.57180553962,29.454455890418,3.475));
#3322 = VECTOR('',#3323,1.);
#3323 = DIRECTION('',(-0.130496350522,0.991448789651,0.));
#3324 = ORIENTED_EDGE('',*,*,#3325,.F.);
#3325 = EDGE_CURVE('',#3326,#3318,#3328,.T.);
#3326 = VERTEX_POINT('',#3327);
#3327 = CARTESIAN_POINT('',(154.48332693591,30.126673957882,5.525));
#3328 = LINE('',#3329,#3330);
#3329 = CARTESIAN_POINT('',(154.48332693591,30.126673957882,2.25));
#3330 = VECTOR('',#3331,1.);
#3331 = DIRECTION('',(0.,0.,-1.));
#3332 = ORIENTED_EDGE('',*,*,#3333,.F.);
#3333 = EDGE_CURVE('',#3334,#3326,#3336,.T.);
#3334 = VERTEX_POINT('',#3335);
#3335 = CARTESIAN_POINT('',(154.5,30.,5.525));
#3336 = LINE('',#3337,#3338);
#3337 = CARTESIAN_POINT('',(154.57180553962,29.454455890418,5.525));
#3338 = VECTOR('',#3339,1.);
#3339 = DIRECTION('',(-0.130496350522,0.991448789651,0.));
#3340 = ORIENTED_EDGE('',*,*,#3341,.T.);
#3341 = EDGE_CURVE('',#3334,#3342,#3344,.T.);
#3342 = VERTEX_POINT('',#3343);
#3343 = CARTESIAN_POINT('',(154.5,30.,9.));
#3344 = LINE('',#3345,#3346);
#3345 = CARTESIAN_POINT('',(154.5,30.,0.));
#3346 = VECTOR('',#3347,1.);
#3347 = DIRECTION('',(0.,0.,1.));
#3348 = ORIENTED_EDGE('',*,*,#3349,.T.);
#3349 = EDGE_CURVE('',#3342,#3292,#3350,.T.);
#3350 = LINE('',#3351,#3352);
#3351 = CARTESIAN_POINT('',(154.5,30.,9.));
#3352 = VECTOR('',#3353,1.);
#3353 = DIRECTION('',(-0.130496350522,0.991448789651,0.));
#3354 = ORIENTED_EDGE('',*,*,#3291,.F.);
#3355 = PLANE('',#3356);
#3356 = AXIS2_PLACEMENT_3D('',#3357,#3358,#3359);
#3357 = CARTESIAN_POINT('',(154.5,30.,0.));
#3358 = DIRECTION('',(-0.991448789651,-0.130496350522,0.));
#3359 = DIRECTION('',(-0.130496350522,0.991448789651,0.));
#3360 = ADVANCED_FACE('',(#3361),#3386,.F.);
#3361 = FACE_BOUND('',#3362,.F.);
#3362 = EDGE_LOOP('',(#3363,#3364,#3372,#3380));
#3363 = ORIENTED_EDGE('',*,*,#735,.F.);
#3364 = ORIENTED_EDGE('',*,*,#3365,.T.);
#3365 = EDGE_CURVE('',#736,#3366,#3368,.T.);
#3366 = VERTEX_POINT('',#3367);
#3367 = CARTESIAN_POINT('',(72.5,12.8125,9.));
#3368 = LINE('',#3369,#3370);
#3369 = CARTESIAN_POINT('',(72.5,12.8125,-0.1));
#3370 = VECTOR('',#3371,1.);
#3371 = DIRECTION('',(0.,0.,1.));
#3372 = ORIENTED_EDGE('',*,*,#3373,.F.);
#3373 = EDGE_CURVE('',#3374,#3366,#3376,.T.);
#3374 = VERTEX_POINT('',#3375);
#3375 = CARTESIAN_POINT('',(74.,12.8125,9.));
#3376 = LINE('',#3377,#3378);
#3377 = CARTESIAN_POINT('',(72.095034382353,12.8125,9.));
#3378 = VECTOR('',#3379,1.);
#3379 = DIRECTION('',(-1.,-0.,0.));
#3380 = ORIENTED_EDGE('',*,*,#3381,.T.);
#3381 = EDGE_CURVE('',#3374,#738,#3382,.T.);
#3382 = LINE('',#3383,#3384);
#3383 = CARTESIAN_POINT('',(74.,12.8125,-0.1));
#3384 = VECTOR('',#3385,1.);
#3385 = DIRECTION('',(-0.,0.,-1.));
#3386 = PLANE('',#3387);
#3387 = AXIS2_PLACEMENT_3D('',#3388,#3389,#3390);
#3388 = CARTESIAN_POINT('',(72.5,12.8125,-0.1));
#3389 = DIRECTION('',(-0.,1.,0.));
#3390 = DIRECTION('',(0.,0.,1.));
#3391 = ADVANCED_FACE('',(#3392),#3410,.T.);
#3392 = FACE_BOUND('',#3393,.T.);
#3393 = EDGE_LOOP('',(#3394,#3402,#3403,#3404));
#3394 = ORIENTED_EDGE('',*,*,#3395,.F.);
#3395 = EDGE_CURVE('',#746,#3396,#3398,.T.);
#3396 = VERTEX_POINT('',#3397);
#3397 = CARTESIAN_POINT('',(72.5,10.8125,9.));
#3398 = LINE('',#3399,#3400);
#3399 = CARTESIAN_POINT('',(72.5,10.8125,-0.1));
#3400 = VECTOR('',#3401,1.);
#3401 = DIRECTION('',(0.,0.,1.));
#3402 = ORIENTED_EDGE('',*,*,#745,.F.);
#3403 = ORIENTED_EDGE('',*,*,#3365,.T.);
#3404 = ORIENTED_EDGE('',*,*,#3405,.F.);
#3405 = EDGE_CURVE('',#3396,#3366,#3406,.T.);
#3406 = LINE('',#3407,#3408);
#3407 = CARTESIAN_POINT('',(72.5,11.7676959224,9.));
#3408 = VECTOR('',#3409,1.);
#3409 = DIRECTION('',(-0.,1.,0.));
#3410 = PLANE('',#3411);
#3411 = AXIS2_PLACEMENT_3D('',#3412,#3413,#3414);
#3412 = CARTESIAN_POINT('',(72.5,10.8125,-0.1));
#3413 = DIRECTION('',(1.,0.,-0.));
#3414 = DIRECTION('',(0.,0.,1.));
#3415 = ADVANCED_FACE('',(#3416),#3434,.T.);
#3416 = FACE_BOUND('',#3417,.T.);
#3417 = EDGE_LOOP('',(#3418,#3426,#3427,#3428));
#3418 = ORIENTED_EDGE('',*,*,#3419,.F.);
#3419 = EDGE_CURVE('',#3374,#3420,#3422,.T.);
#3420 = VERTEX_POINT('',#3421);
#3421 = CARTESIAN_POINT('',(74.,14.3125,9.));
#3422 = LINE('',#3423,#3424);
#3423 = CARTESIAN_POINT('',(74.,11.0176959224,9.));
#3424 = VECTOR('',#3425,1.);
#3425 = DIRECTION('',(-0.,1.,0.));
#3426 = ORIENTED_EDGE('',*,*,#3381,.T.);
#3427 = ORIENTED_EDGE('',*,*,#825,.F.);
#3428 = ORIENTED_EDGE('',*,*,#3429,.T.);
#3429 = EDGE_CURVE('',#818,#3420,#3430,.T.);
#3430 = LINE('',#3431,#3432);
#3431 = CARTESIAN_POINT('',(74.,14.3125,-0.1));
#3432 = VECTOR('',#3433,1.);
#3433 = DIRECTION('',(0.,0.,1.));
#3434 = PLANE('',#3435);
#3435 = AXIS2_PLACEMENT_3D('',#3436,#3437,#3438);
#3436 = CARTESIAN_POINT('',(74.,9.3125,-0.1));
#3437 = DIRECTION('',(1.,0.,-0.));
#3438 = DIRECTION('',(0.,0.,1.));
#3439 = ADVANCED_FACE('',(#3440),#3458,.T.);
#3440 = FACE_BOUND('',#3441,.T.);
#3441 = EDGE_LOOP('',(#3442,#3443,#3444,#3452));
#3442 = ORIENTED_EDGE('',*,*,#753,.F.);
#3443 = ORIENTED_EDGE('',*,*,#3395,.T.);
#3444 = ORIENTED_EDGE('',*,*,#3445,.F.);
#3445 = EDGE_CURVE('',#3446,#3396,#3448,.T.);
#3446 = VERTEX_POINT('',#3447);
#3447 = CARTESIAN_POINT('',(74.,10.8125,9.));
#3448 = LINE('',#3449,#3450);
#3449 = CARTESIAN_POINT('',(72.095034382353,10.8125,9.));
#3450 = VECTOR('',#3451,1.);
#3451 = DIRECTION('',(-1.,-0.,0.));
#3452 = ORIENTED_EDGE('',*,*,#3453,.T.);
#3453 = EDGE_CURVE('',#3446,#754,#3454,.T.);
#3454 = LINE('',#3455,#3456);
#3455 = CARTESIAN_POINT('',(74.,10.8125,-0.1));
#3456 = VECTOR('',#3457,1.);
#3457 = DIRECTION('',(-0.,0.,-1.));
#3458 = PLANE('',#3459);
#3459 = AXIS2_PLACEMENT_3D('',#3460,#3461,#3462);
#3460 = CARTESIAN_POINT('',(72.5,10.8125,-0.1));
#3461 = DIRECTION('',(-0.,1.,0.));
#3462 = DIRECTION('',(0.,0.,1.));
#3463 = ADVANCED_FACE('',(#3464),#3482,.F.);
#3464 = FACE_BOUND('',#3465,.F.);
#3465 = EDGE_LOOP('',(#3466,#3474,#3475,#3476));
#3466 = ORIENTED_EDGE('',*,*,#3467,.F.);
#3467 = EDGE_CURVE('',#810,#3468,#3470,.T.);
#3468 = VERTEX_POINT('',#3469);
#3469 = CARTESIAN_POINT('',(76.,14.3125,9.));
#3470 = LINE('',#3471,#3472);
#3471 = CARTESIAN_POINT('',(76.,14.3125,-0.1));
#3472 = VECTOR('',#3473,1.);
#3473 = DIRECTION('',(0.,0.,1.));
#3474 = ORIENTED_EDGE('',*,*,#817,.F.);
#3475 = ORIENTED_EDGE('',*,*,#3429,.T.);
#3476 = ORIENTED_EDGE('',*,*,#3477,.F.);
#3477 = EDGE_CURVE('',#3468,#3420,#3478,.T.);
#3478 = LINE('',#3479,#3480);
#3479 = CARTESIAN_POINT('',(72.845034382353,14.3125,9.));
#3480 = VECTOR('',#3481,1.);
#3481 = DIRECTION('',(-1.,-0.,0.));
#3482 = PLANE('',#3483);
#3483 = AXIS2_PLACEMENT_3D('',#3484,#3485,#3486);
#3484 = CARTESIAN_POINT('',(74.,14.3125,-0.1));
#3485 = DIRECTION('',(-0.,1.,0.));
#3486 = DIRECTION('',(0.,0.,1.));
#3487 = ADVANCED_FACE('',(#3488),#3506,.T.);
#3488 = FACE_BOUND('',#3489,.T.);
#3489 = EDGE_LOOP('',(#3490,#3498,#3504,#3505));
#3490 = ORIENTED_EDGE('',*,*,#3491,.F.);
#3491 = EDGE_CURVE('',#3492,#3446,#3494,.T.);
#3492 = VERTEX_POINT('',#3493);
#3493 = CARTESIAN_POINT('',(74.,9.3125,9.));
#3494 = LINE('',#3495,#3496);
#3495 = CARTESIAN_POINT('',(74.,11.0176959224,9.));
#3496 = VECTOR('',#3497,1.);
#3497 = DIRECTION('',(-0.,1.,0.));
#3498 = ORIENTED_EDGE('',*,*,#3499,.F.);
#3499 = EDGE_CURVE('',#762,#3492,#3500,.T.);
#3500 = LINE('',#3501,#3502);
#3501 = CARTESIAN_POINT('',(74.,9.3125,-0.1));
#3502 = VECTOR('',#3503,1.);
#3503 = DIRECTION('',(0.,0.,1.));
#3504 = ORIENTED_EDGE('',*,*,#761,.F.);
#3505 = ORIENTED_EDGE('',*,*,#3453,.F.);
#3506 = PLANE('',#3507);
#3507 = AXIS2_PLACEMENT_3D('',#3508,#3509,#3510);
#3508 = CARTESIAN_POINT('',(74.,9.3125,-0.1));
#3509 = DIRECTION('',(1.,0.,-0.));
#3510 = DIRECTION('',(0.,0.,1.));
#3511 = ADVANCED_FACE('',(#3512),#3530,.F.);
#3512 = FACE_BOUND('',#3513,.F.);
#3513 = EDGE_LOOP('',(#3514,#3522,#3528,#3529));
#3514 = ORIENTED_EDGE('',*,*,#3515,.F.);
#3515 = EDGE_CURVE('',#3516,#3468,#3518,.T.);
#3516 = VERTEX_POINT('',#3517);
#3517 = CARTESIAN_POINT('',(76.,12.8125,9.));
#3518 = LINE('',#3519,#3520);
#3519 = CARTESIAN_POINT('',(76.,11.0176959224,9.));
#3520 = VECTOR('',#3521,1.);
#3521 = DIRECTION('',(-0.,1.,0.));
#3522 = ORIENTED_EDGE('',*,*,#3523,.T.);
#3523 = EDGE_CURVE('',#3516,#802,#3524,.T.);
#3524 = LINE('',#3525,#3526);
#3525 = CARTESIAN_POINT('',(76.,12.8125,-0.1));
#3526 = VECTOR('',#3527,1.);
#3527 = DIRECTION('',(-0.,0.,-1.));
#3528 = ORIENTED_EDGE('',*,*,#809,.F.);
#3529 = ORIENTED_EDGE('',*,*,#3467,.T.);
#3530 = PLANE('',#3531);
#3531 = AXIS2_PLACEMENT_3D('',#3532,#3533,#3534);
#3532 = CARTESIAN_POINT('',(76.,9.3125,-0.1));
#3533 = DIRECTION('',(1.,0.,-0.));
#3534 = DIRECTION('',(0.,0.,1.));
#3535 = ADVANCED_FACE('',(#3536),#3554,.T.);
#3536 = FACE_BOUND('',#3537,.T.);
#3537 = EDGE_LOOP('',(#3538,#3546,#3547,#3548));
#3538 = ORIENTED_EDGE('',*,*,#3539,.F.);
#3539 = EDGE_CURVE('',#770,#3540,#3542,.T.);
#3540 = VERTEX_POINT('',#3541);
#3541 = CARTESIAN_POINT('',(76.,9.3125,9.));
#3542 = LINE('',#3543,#3544);
#3543 = CARTESIAN_POINT('',(76.,9.3125,-0.1));
#3544 = VECTOR('',#3545,1.);
#3545 = DIRECTION('',(0.,0.,1.));
#3546 = ORIENTED_EDGE('',*,*,#769,.F.);
#3547 = ORIENTED_EDGE('',*,*,#3499,.T.);
#3548 = ORIENTED_EDGE('',*,*,#3549,.F.);
#3549 = EDGE_CURVE('',#3540,#3492,#3550,.T.);
#3550 = LINE('',#3551,#3552);
#3551 = CARTESIAN_POINT('',(72.845034382353,9.3125,9.));
#3552 = VECTOR('',#3553,1.);
#3553 = DIRECTION('',(-1.,-0.,0.));
#3554 = PLANE('',#3555);
#3555 = AXIS2_PLACEMENT_3D('',#3556,#3557,#3558);
#3556 = CARTESIAN_POINT('',(74.,9.3125,-0.1));
#3557 = DIRECTION('',(-0.,1.,0.));
#3558 = DIRECTION('',(0.,0.,1.));
#3559 = ADVANCED_FACE('',(#3560),#3578,.F.);
#3560 = FACE_BOUND('',#3561,.F.);
#3561 = EDGE_LOOP('',(#3562,#3563,#3564,#3572));
#3562 = ORIENTED_EDGE('',*,*,#801,.F.);
#3563 = ORIENTED_EDGE('',*,*,#3523,.F.);
#3564 = ORIENTED_EDGE('',*,*,#3565,.F.);
#3565 = EDGE_CURVE('',#3566,#3516,#3568,.T.);
#3566 = VERTEX_POINT('',#3567);
#3567 = CARTESIAN_POINT('',(77.5,12.8125,9.));
#3568 = LINE('',#3569,#3570);
#3569 = CARTESIAN_POINT('',(72.095034382353,12.8125,9.));
#3570 = VECTOR('',#3571,1.);
#3571 = DIRECTION('',(-1.,-0.,0.));
#3572 = ORIENTED_EDGE('',*,*,#3573,.F.);
#3573 = EDGE_CURVE('',#794,#3566,#3574,.T.);
#3574 = LINE('',#3575,#3576);
#3575 = CARTESIAN_POINT('',(77.5,12.8125,-0.1));
#3576 = VECTOR('',#3577,1.);
#3577 = DIRECTION('',(0.,0.,1.));
#3578 = PLANE('',#3579);
#3579 = AXIS2_PLACEMENT_3D('',#3580,#3581,#3582);
#3580 = CARTESIAN_POINT('',(72.5,12.8125,-0.1));
#3581 = DIRECTION('',(-0.,1.,0.));
#3582 = DIRECTION('',(0.,0.,1.));
#3583 = ADVANCED_FACE('',(#3584),#3602,.F.);
#3584 = FACE_BOUND('',#3585,.F.);
#3585 = EDGE_LOOP('',(#3586,#3594,#3595,#3596));
#3586 = ORIENTED_EDGE('',*,*,#3587,.F.);
#3587 = EDGE_CURVE('',#3540,#3588,#3590,.T.);
#3588 = VERTEX_POINT('',#3589);
#3589 = CARTESIAN_POINT('',(76.,10.8125,9.));
#3590 = LINE('',#3591,#3592);
#3591 = CARTESIAN_POINT('',(76.,11.0176959224,9.));
#3592 = VECTOR('',#3593,1.);
#3593 = DIRECTION('',(-0.,1.,0.));
#3594 = ORIENTED_EDGE('',*,*,#3539,.F.);
#3595 = ORIENTED_EDGE('',*,*,#777,.F.);
#3596 = ORIENTED_EDGE('',*,*,#3597,.F.);
#3597 = EDGE_CURVE('',#3588,#778,#3598,.T.);
#3598 = LINE('',#3599,#3600);
#3599 = CARTESIAN_POINT('',(76.,10.8125,-0.1));
#3600 = VECTOR('',#3601,1.);
#3601 = DIRECTION('',(-0.,0.,-1.));
#3602 = PLANE('',#3603);
#3603 = AXIS2_PLACEMENT_3D('',#3604,#3605,#3606);
#3604 = CARTESIAN_POINT('',(76.,9.3125,-0.1));
#3605 = DIRECTION('',(1.,0.,-0.));
#3606 = DIRECTION('',(0.,0.,1.));
#3607 = ADVANCED_FACE('',(#3608),#3626,.F.);
#3608 = FACE_BOUND('',#3609,.F.);
#3609 = EDGE_LOOP('',(#3610,#3618,#3619,#3620));
#3610 = ORIENTED_EDGE('',*,*,#3611,.F.);
#3611 = EDGE_CURVE('',#786,#3612,#3614,.T.);
#3612 = VERTEX_POINT('',#3613);
#3613 = CARTESIAN_POINT('',(77.5,10.8125,9.));
#3614 = LINE('',#3615,#3616);
#3615 = CARTESIAN_POINT('',(77.5,10.8125,-0.1));
#3616 = VECTOR('',#3617,1.);
#3617 = DIRECTION('',(0.,0.,1.));
#3618 = ORIENTED_EDGE('',*,*,#793,.F.);
#3619 = ORIENTED_EDGE('',*,*,#3573,.T.);
#3620 = ORIENTED_EDGE('',*,*,#3621,.F.);
#3621 = EDGE_CURVE('',#3612,#3566,#3622,.T.);
#3622 = LINE('',#3623,#3624);
#3623 = CARTESIAN_POINT('',(77.5,11.7676959224,9.));
#3624 = VECTOR('',#3625,1.);
#3625 = DIRECTION('',(-0.,1.,0.));
#3626 = PLANE('',#3627);
#3627 = AXIS2_PLACEMENT_3D('',#3628,#3629,#3630);
#3628 = CARTESIAN_POINT('',(77.5,10.8125,-0.1));
#3629 = DIRECTION('',(1.,0.,-0.));
#3630 = DIRECTION('',(0.,0.,1.));
#3631 = ADVANCED_FACE('',(#3632),#3643,.T.);
#3632 = FACE_BOUND('',#3633,.T.);
#3633 = EDGE_LOOP('',(#3634,#3635,#3636,#3642));
#3634 = ORIENTED_EDGE('',*,*,#785,.F.);
#3635 = ORIENTED_EDGE('',*,*,#3597,.F.);
#3636 = ORIENTED_EDGE('',*,*,#3637,.F.);
#3637 = EDGE_CURVE('',#3612,#3588,#3638,.T.);
#3638 = LINE('',#3639,#3640);
#3639 = CARTESIAN_POINT('',(72.095034382353,10.8125,9.));
#3640 = VECTOR('',#3641,1.);
#3641 = DIRECTION('',(-1.,-0.,0.));
#3642 = ORIENTED_EDGE('',*,*,#3611,.F.);
#3643 = PLANE('',#3644);
#3644 = AXIS2_PLACEMENT_3D('',#3645,#3646,#3647);
#3645 = CARTESIAN_POINT('',(72.5,10.8125,-0.1));
#3646 = DIRECTION('',(-0.,1.,0.));
#3647 = DIRECTION('',(0.,0.,1.));
#3648 = ADVANCED_FACE('',(#3649),#3668,.F.);
#3649 = FACE_BOUND('',#3650,.F.);
#3650 = EDGE_LOOP('',(#3651,#3660,#3666,#3667));
#3651 = ORIENTED_EDGE('',*,*,#3652,.F.);
#3652 = EDGE_CURVE('',#3653,#3653,#3655,.T.);
#3653 = VERTEX_POINT('',#3654);
#3654 = CARTESIAN_POINT('',(58.235084579408,11.88024589012,9.));
#3655 = CIRCLE('',#3656,2.45);
#3656 = AXIS2_PLACEMENT_3D('',#3657,#3658,#3659);
#3657 = CARTESIAN_POINT('',(55.785084579408,11.88024589012,9.));
#3658 = DIRECTION('',(0.,0.,1.));
#3659 = DIRECTION('',(1.,0.,-0.));
#3660 = ORIENTED_EDGE('',*,*,#3661,.F.);
#3661 = EDGE_CURVE('',#834,#3653,#3662,.T.);
#3662 = LINE('',#3663,#3664);
#3663 = CARTESIAN_POINT('',(58.235084579408,11.88024589012,-0.1));
#3664 = VECTOR('',#3665,1.);
#3665 = DIRECTION('',(0.,0.,1.));
#3666 = ORIENTED_EDGE('',*,*,#833,.T.);
#3667 = ORIENTED_EDGE('',*,*,#3661,.T.);
#3668 = CYLINDRICAL_SURFACE('',#3669,2.45);
#3669 = AXIS2_PLACEMENT_3D('',#3670,#3671,#3672);
#3670 = CARTESIAN_POINT('',(55.785084579408,11.88024589012,-0.1));
#3671 = DIRECTION('',(0.,0.,1.));
#3672 = DIRECTION('',(1.,0.,-0.));
#3673 = ADVANCED_FACE('',(#3674),#3693,.F.);
#3674 = FACE_BOUND('',#3675,.F.);
#3675 = EDGE_LOOP('',(#3676,#3685,#3691,#3692));
#3676 = ORIENTED_EDGE('',*,*,#3677,.F.);
#3677 = EDGE_CURVE('',#3678,#3678,#3680,.T.);
#3678 = VERTEX_POINT('',#3679);
#3679 = CARTESIAN_POINT('',(83.234615160901,15.534896346486,9.));
#3680 = CIRCLE('',#3681,2.45);
#3681 = AXIS2_PLACEMENT_3D('',#3682,#3683,#3684);
#3682 = CARTESIAN_POINT('',(80.784615160901,15.534896346486,9.));
#3683 = DIRECTION('',(0.,0.,1.));
#3684 = DIRECTION('',(1.,0.,-0.));
#3685 = ORIENTED_EDGE('',*,*,#3686,.F.);
#3686 = EDGE_CURVE('',#845,#3678,#3687,.T.);
#3687 = LINE('',#3688,#3689);
#3688 = CARTESIAN_POINT('',(83.234615160901,15.534896346486,-0.1));
#3689 = VECTOR('',#3690,1.);
#3690 = DIRECTION('',(0.,0.,1.));
#3691 = ORIENTED_EDGE('',*,*,#844,.T.);
#3692 = ORIENTED_EDGE('',*,*,#3686,.T.);
#3693 = CYLINDRICAL_SURFACE('',#3694,2.45);
#3694 = AXIS2_PLACEMENT_3D('',#3695,#3696,#3697);
#3695 = CARTESIAN_POINT('',(80.784615160901,15.534896346486,-0.1));
#3696 = DIRECTION('',(0.,0.,1.));
#3697 = DIRECTION('',(1.,0.,-0.));
#3698 = ADVANCED_FACE('',(#3699),#3724,.F.);
#3699 = FACE_BOUND('',#3700,.F.);
#3700 = EDGE_LOOP('',(#3701,#3702,#3710,#3718));
#3701 = ORIENTED_EDGE('',*,*,#855,.F.);
#3702 = ORIENTED_EDGE('',*,*,#3703,.T.);
#3703 = EDGE_CURVE('',#856,#3704,#3706,.T.);
#3704 = VERTEX_POINT('',#3705);
#3705 = CARTESIAN_POINT('',(116.25,21.709092881944,9.));
#3706 = LINE('',#3707,#3708);
#3707 = CARTESIAN_POINT('',(116.25,21.709092881944,-0.1));
#3708 = VECTOR('',#3709,1.);
#3709 = DIRECTION('',(0.,0.,1.));
#3710 = ORIENTED_EDGE('',*,*,#3711,.F.);
#3711 = EDGE_CURVE('',#3712,#3704,#3714,.T.);
#3712 = VERTEX_POINT('',#3713);
#3713 = CARTESIAN_POINT('',(117.75,21.709092881944,9.));
#3714 = LINE('',#3715,#3716);
#3715 = CARTESIAN_POINT('',(93.970034382353,21.709092881944,9.));
#3716 = VECTOR('',#3717,1.);
#3717 = DIRECTION('',(-1.,-0.,0.));
#3718 = ORIENTED_EDGE('',*,*,#3719,.T.);
#3719 = EDGE_CURVE('',#3712,#858,#3720,.T.);
#3720 = LINE('',#3721,#3722);
#3721 = CARTESIAN_POINT('',(117.75,21.709092881944,-0.1));
#3722 = VECTOR('',#3723,1.);
#3723 = DIRECTION('',(-0.,0.,-1.));
#3724 = PLANE('',#3725);
#3725 = AXIS2_PLACEMENT_3D('',#3726,#3727,#3728);
#3726 = CARTESIAN_POINT('',(116.25,21.709092881944,-0.1));
#3727 = DIRECTION('',(-0.,1.,0.));
#3728 = DIRECTION('',(0.,0.,1.));
#3729 = ADVANCED_FACE('',(#3730),#3748,.T.);
#3730 = FACE_BOUND('',#3731,.T.);
#3731 = EDGE_LOOP('',(#3732,#3740,#3741,#3742));
#3732 = ORIENTED_EDGE('',*,*,#3733,.F.);
#3733 = EDGE_CURVE('',#866,#3734,#3736,.T.);
#3734 = VERTEX_POINT('',#3735);
#3735 = CARTESIAN_POINT('',(116.25,19.709092881944,9.));
#3736 = LINE('',#3737,#3738);
#3737 = CARTESIAN_POINT('',(116.25,19.709092881944,-0.1));
#3738 = VECTOR('',#3739,1.);
#3739 = DIRECTION('',(0.,0.,1.));
#3740 = ORIENTED_EDGE('',*,*,#865,.F.);
#3741 = ORIENTED_EDGE('',*,*,#3703,.T.);
#3742 = ORIENTED_EDGE('',*,*,#3743,.F.);
#3743 = EDGE_CURVE('',#3734,#3704,#3744,.T.);
#3744 = LINE('',#3745,#3746);
#3745 = CARTESIAN_POINT('',(116.25,16.215992363372,9.));
#3746 = VECTOR('',#3747,1.);
#3747 = DIRECTION('',(-0.,1.,0.));
#3748 = PLANE('',#3749);
#3749 = AXIS2_PLACEMENT_3D('',#3750,#3751,#3752);
#3750 = CARTESIAN_POINT('',(116.25,19.709092881944,-0.1));
#3751 = DIRECTION('',(1.,0.,-0.));
#3752 = DIRECTION('',(0.,0.,1.));
#3753 = ADVANCED_FACE('',(#3754),#3772,.T.);
#3754 = FACE_BOUND('',#3755,.T.);
#3755 = EDGE_LOOP('',(#3756,#3764,#3765,#3766));
#3756 = ORIENTED_EDGE('',*,*,#3757,.F.);
#3757 = EDGE_CURVE('',#3712,#3758,#3760,.T.);
#3758 = VERTEX_POINT('',#3759);
#3759 = CARTESIAN_POINT('',(117.75,23.209092881944,9.));
#3760 = LINE('',#3761,#3762);
#3761 = CARTESIAN_POINT('',(117.75,15.465992363372,9.));
#3762 = VECTOR('',#3763,1.);
#3763 = DIRECTION('',(-0.,1.,0.));
#3764 = ORIENTED_EDGE('',*,*,#3719,.T.);
#3765 = ORIENTED_EDGE('',*,*,#945,.F.);
#3766 = ORIENTED_EDGE('',*,*,#3767,.T.);
#3767 = EDGE_CURVE('',#938,#3758,#3768,.T.);
#3768 = LINE('',#3769,#3770);
#3769 = CARTESIAN_POINT('',(117.75,23.209092881944,-0.1));
#3770 = VECTOR('',#3771,1.);
#3771 = DIRECTION('',(0.,0.,1.));
#3772 = PLANE('',#3773);
#3773 = AXIS2_PLACEMENT_3D('',#3774,#3775,#3776);
#3774 = CARTESIAN_POINT('',(117.75,18.209092881944,-0.1));
#3775 = DIRECTION('',(1.,0.,-0.));
#3776 = DIRECTION('',(0.,0.,1.));
#3777 = ADVANCED_FACE('',(#3778),#3796,.T.);
#3778 = FACE_BOUND('',#3779,.T.);
#3779 = EDGE_LOOP('',(#3780,#3781,#3782,#3790));
#3780 = ORIENTED_EDGE('',*,*,#873,.F.);
#3781 = ORIENTED_EDGE('',*,*,#3733,.T.);
#3782 = ORIENTED_EDGE('',*,*,#3783,.F.);
#3783 = EDGE_CURVE('',#3784,#3734,#3786,.T.);
#3784 = VERTEX_POINT('',#3785);
#3785 = CARTESIAN_POINT('',(117.75,19.709092881944,9.));
#3786 = LINE('',#3787,#3788);
#3787 = CARTESIAN_POINT('',(93.970034382353,19.709092881944,9.));
#3788 = VECTOR('',#3789,1.);
#3789 = DIRECTION('',(-1.,-0.,0.));
#3790 = ORIENTED_EDGE('',*,*,#3791,.T.);
#3791 = EDGE_CURVE('',#3784,#874,#3792,.T.);
#3792 = LINE('',#3793,#3794);
#3793 = CARTESIAN_POINT('',(117.75,19.709092881944,-0.1));
#3794 = VECTOR('',#3795,1.);
#3795 = DIRECTION('',(-0.,0.,-1.));
#3796 = PLANE('',#3797);
#3797 = AXIS2_PLACEMENT_3D('',#3798,#3799,#3800);
#3798 = CARTESIAN_POINT('',(116.25,19.709092881944,-0.1));
#3799 = DIRECTION('',(-0.,1.,0.));
#3800 = DIRECTION('',(0.,0.,1.));
#3801 = ADVANCED_FACE('',(#3802),#3820,.F.);
#3802 = FACE_BOUND('',#3803,.F.);
#3803 = EDGE_LOOP('',(#3804,#3812,#3813,#3814));
#3804 = ORIENTED_EDGE('',*,*,#3805,.F.);
#3805 = EDGE_CURVE('',#930,#3806,#3808,.T.);
#3806 = VERTEX_POINT('',#3807);
#3807 = CARTESIAN_POINT('',(119.75,23.209092881944,9.));
#3808 = LINE('',#3809,#3810);
#3809 = CARTESIAN_POINT('',(119.75,23.209092881944,-0.1));
#3810 = VECTOR('',#3811,1.);
#3811 = DIRECTION('',(0.,0.,1.));
#3812 = ORIENTED_EDGE('',*,*,#937,.F.);
#3813 = ORIENTED_EDGE('',*,*,#3767,.T.);
#3814 = ORIENTED_EDGE('',*,*,#3815,.F.);
#3815 = EDGE_CURVE('',#3806,#3758,#3816,.T.);
#3816 = LINE('',#3817,#3818);
#3817 = CARTESIAN_POINT('',(94.720034382353,23.209092881944,9.));
#3818 = VECTOR('',#3819,1.);
#3819 = DIRECTION('',(-1.,-0.,0.));
#3820 = PLANE('',#3821);
#3821 = AXIS2_PLACEMENT_3D('',#3822,#3823,#3824);
#3822 = CARTESIAN_POINT('',(117.75,23.209092881944,-0.1));
#3823 = DIRECTION('',(-0.,1.,0.));
#3824 = DIRECTION('',(0.,0.,1.));
#3825 = ADVANCED_FACE('',(#3826),#3844,.T.);
#3826 = FACE_BOUND('',#3827,.T.);
#3827 = EDGE_LOOP('',(#3828,#3836,#3842,#3843));
#3828 = ORIENTED_EDGE('',*,*,#3829,.F.);
#3829 = EDGE_CURVE('',#3830,#3784,#3832,.T.);
#3830 = VERTEX_POINT('',#3831);
#3831 = CARTESIAN_POINT('',(117.75,18.209092881944,9.));
#3832 = LINE('',#3833,#3834);
#3833 = CARTESIAN_POINT('',(117.75,15.465992363372,9.));
#3834 = VECTOR('',#3835,1.);
#3835 = DIRECTION('',(-0.,1.,0.));
#3836 = ORIENTED_EDGE('',*,*,#3837,.F.);
#3837 = EDGE_CURVE('',#882,#3830,#3838,.T.);
#3838 = LINE('',#3839,#3840);
#3839 = CARTESIAN_POINT('',(117.75,18.209092881944,-0.1));
#3840 = VECTOR('',#3841,1.);
#3841 = DIRECTION('',(0.,0.,1.));
#3842 = ORIENTED_EDGE('',*,*,#881,.F.);
#3843 = ORIENTED_EDGE('',*,*,#3791,.F.);
#3844 = PLANE('',#3845);
#3845 = AXIS2_PLACEMENT_3D('',#3846,#3847,#3848);
#3846 = CARTESIAN_POINT('',(117.75,18.209092881944,-0.1));
#3847 = DIRECTION('',(1.,0.,-0.));
#3848 = DIRECTION('',(0.,0.,1.));
#3849 = ADVANCED_FACE('',(#3850),#3868,.F.);
#3850 = FACE_BOUND('',#3851,.F.);
#3851 = EDGE_LOOP('',(#3852,#3860,#3866,#3867));
#3852 = ORIENTED_EDGE('',*,*,#3853,.F.);
#3853 = EDGE_CURVE('',#3854,#3806,#3856,.T.);
#3854 = VERTEX_POINT('',#3855);
#3855 = CARTESIAN_POINT('',(119.75,21.709092881944,9.));
#3856 = LINE('',#3857,#3858);
#3857 = CARTESIAN_POINT('',(119.75,15.465992363372,9.));
#3858 = VECTOR('',#3859,1.);
#3859 = DIRECTION('',(-0.,1.,0.));
#3860 = ORIENTED_EDGE('',*,*,#3861,.T.);
#3861 = EDGE_CURVE('',#3854,#922,#3862,.T.);
#3862 = LINE('',#3863,#3864);
#3863 = CARTESIAN_POINT('',(119.75,21.709092881944,-0.1));
#3864 = VECTOR('',#3865,1.);
#3865 = DIRECTION('',(-0.,0.,-1.));
#3866 = ORIENTED_EDGE('',*,*,#929,.F.);
#3867 = ORIENTED_EDGE('',*,*,#3805,.T.);
#3868 = PLANE('',#3869);
#3869 = AXIS2_PLACEMENT_3D('',#3870,#3871,#3872);
#3870 = CARTESIAN_POINT('',(119.75,18.209092881944,-0.1));
#3871 = DIRECTION('',(1.,0.,-0.));
#3872 = DIRECTION('',(0.,0.,1.));
#3873 = ADVANCED_FACE('',(#3874),#3892,.T.);
#3874 = FACE_BOUND('',#3875,.T.);
#3875 = EDGE_LOOP('',(#3876,#3884,#3885,#3886));
#3876 = ORIENTED_EDGE('',*,*,#3877,.F.);
#3877 = EDGE_CURVE('',#890,#3878,#3880,.T.);
#3878 = VERTEX_POINT('',#3879);
#3879 = CARTESIAN_POINT('',(119.75,18.209092881944,9.));
#3880 = LINE('',#3881,#3882);
#3881 = CARTESIAN_POINT('',(119.75,18.209092881944,-0.1));
#3882 = VECTOR('',#3883,1.);
#3883 = DIRECTION('',(0.,0.,1.));
#3884 = ORIENTED_EDGE('',*,*,#889,.F.);
#3885 = ORIENTED_EDGE('',*,*,#3837,.T.);
#3886 = ORIENTED_EDGE('',*,*,#3887,.F.);
#3887 = EDGE_CURVE('',#3878,#3830,#3888,.T.);
#3888 = LINE('',#3889,#3890);
#3889 = CARTESIAN_POINT('',(94.720034382353,18.209092881944,9.));
#3890 = VECTOR('',#3891,1.);
#3891 = DIRECTION('',(-1.,-0.,0.));
#3892 = PLANE('',#3893);
#3893 = AXIS2_PLACEMENT_3D('',#3894,#3895,#3896);
#3894 = CARTESIAN_POINT('',(117.75,18.209092881944,-0.1));
#3895 = DIRECTION('',(-0.,1.,0.));
#3896 = DIRECTION('',(0.,0.,1.));
#3897 = ADVANCED_FACE('',(#3898),#3916,.F.);
#3898 = FACE_BOUND('',#3899,.F.);
#3899 = EDGE_LOOP('',(#3900,#3901,#3902,#3910));
#3900 = ORIENTED_EDGE('',*,*,#921,.F.);
#3901 = ORIENTED_EDGE('',*,*,#3861,.F.);
#3902 = ORIENTED_EDGE('',*,*,#3903,.F.);
#3903 = EDGE_CURVE('',#3904,#3854,#3906,.T.);
#3904 = VERTEX_POINT('',#3905);
#3905 = CARTESIAN_POINT('',(121.25,21.709092881944,9.));
#3906 = LINE('',#3907,#3908);
#3907 = CARTESIAN_POINT('',(93.970034382353,21.709092881944,9.));
#3908 = VECTOR('',#3909,1.);
#3909 = DIRECTION('',(-1.,-0.,0.));
#3910 = ORIENTED_EDGE('',*,*,#3911,.F.);
#3911 = EDGE_CURVE('',#914,#3904,#3912,.T.);
#3912 = LINE('',#3913,#3914);
#3913 = CARTESIAN_POINT('',(121.25,21.709092881944,-0.1));
#3914 = VECTOR('',#3915,1.);
#3915 = DIRECTION('',(0.,0.,1.));
#3916 = PLANE('',#3917);
#3917 = AXIS2_PLACEMENT_3D('',#3918,#3919,#3920);
#3918 = CARTESIAN_POINT('',(116.25,21.709092881944,-0.1));
#3919 = DIRECTION('',(-0.,1.,0.));
#3920 = DIRECTION('',(0.,0.,1.));
#3921 = ADVANCED_FACE('',(#3922),#3940,.F.);
#3922 = FACE_BOUND('',#3923,.F.);
#3923 = EDGE_LOOP('',(#3924,#3932,#3933,#3934));
#3924 = ORIENTED_EDGE('',*,*,#3925,.F.);
#3925 = EDGE_CURVE('',#3878,#3926,#3928,.T.);
#3926 = VERTEX_POINT('',#3927);
#3927 = CARTESIAN_POINT('',(119.75,19.709092881944,9.));
#3928 = LINE('',#3929,#3930);
#3929 = CARTESIAN_POINT('',(119.75,15.465992363372,9.));
#3930 = VECTOR('',#3931,1.);
#3931 = DIRECTION('',(-0.,1.,0.));
#3932 = ORIENTED_EDGE('',*,*,#3877,.F.);
#3933 = ORIENTED_EDGE('',*,*,#897,.F.);
#3934 = ORIENTED_EDGE('',*,*,#3935,.F.);
#3935 = EDGE_CURVE('',#3926,#898,#3936,.T.);
#3936 = LINE('',#3937,#3938);
#3937 = CARTESIAN_POINT('',(119.75,19.709092881944,-0.1));
#3938 = VECTOR('',#3939,1.);
#3939 = DIRECTION('',(-0.,0.,-1.));
#3940 = PLANE('',#3941);
#3941 = AXIS2_PLACEMENT_3D('',#3942,#3943,#3944);
#3942 = CARTESIAN_POINT('',(119.75,18.209092881944,-0.1));
#3943 = DIRECTION('',(1.,0.,-0.));
#3944 = DIRECTION('',(0.,0.,1.));
#3945 = ADVANCED_FACE('',(#3946),#3964,.F.);
#3946 = FACE_BOUND('',#3947,.F.);
#3947 = EDGE_LOOP('',(#3948,#3956,#3957,#3958));
#3948 = ORIENTED_EDGE('',*,*,#3949,.F.);
#3949 = EDGE_CURVE('',#906,#3950,#3952,.T.);
#3950 = VERTEX_POINT('',#3951);
#3951 = CARTESIAN_POINT('',(121.25,19.709092881944,9.));
#3952 = LINE('',#3953,#3954);
#3953 = CARTESIAN_POINT('',(121.25,19.709092881944,-0.1));
#3954 = VECTOR('',#3955,1.);
#3955 = DIRECTION('',(0.,0.,1.));
#3956 = ORIENTED_EDGE('',*,*,#913,.F.);
#3957 = ORIENTED_EDGE('',*,*,#3911,.T.);
#3958 = ORIENTED_EDGE('',*,*,#3959,.F.);
#3959 = EDGE_CURVE('',#3950,#3904,#3960,.T.);
#3960 = LINE('',#3961,#3962);
#3961 = CARTESIAN_POINT('',(121.25,16.215992363372,9.));
#3962 = VECTOR('',#3963,1.);
#3963 = DIRECTION('',(-0.,1.,0.));
#3964 = PLANE('',#3965);
#3965 = AXIS2_PLACEMENT_3D('',#3966,#3967,#3968);
#3966 = CARTESIAN_POINT('',(121.25,19.709092881944,-0.1));
#3967 = DIRECTION('',(1.,0.,-0.));
#3968 = DIRECTION('',(0.,0.,1.));
#3969 = ADVANCED_FACE('',(#3970),#3981,.T.);
#3970 = FACE_BOUND('',#3971,.T.);
#3971 = EDGE_LOOP('',(#3972,#3973,#3974,#3980));
#3972 = ORIENTED_EDGE('',*,*,#905,.F.);
#3973 = ORIENTED_EDGE('',*,*,#3935,.F.);
#3974 = ORIENTED_EDGE('',*,*,#3975,.F.);
#3975 = EDGE_CURVE('',#3950,#3926,#3976,.T.);
#3976 = LINE('',#3977,#3978);
#3977 = CARTESIAN_POINT('',(93.970034382353,19.709092881944,9.));
#3978 = VECTOR('',#3979,1.);
#3979 = DIRECTION('',(-1.,-0.,0.));
#3980 = ORIENTED_EDGE('',*,*,#3949,.F.);
#3981 = PLANE('',#3982);
#3982 = AXIS2_PLACEMENT_3D('',#3983,#3984,#3985);
#3983 = CARTESIAN_POINT('',(116.25,19.709092881944,-0.1));
#3984 = DIRECTION('',(-0.,1.,0.));
#3985 = DIRECTION('',(0.,0.,1.));
#3986 = ADVANCED_FACE('',(#3987),#4006,.F.);
#3987 = FACE_BOUND('',#3988,.F.);
#3988 = EDGE_LOOP('',(#3989,#3998,#4004,#4005));
#3989 = ORIENTED_EDGE('',*,*,#3990,.F.);
#3990 = EDGE_CURVE('',#3991,#3991,#3993,.T.);
#3991 = VERTEX_POINT('',#3992);
#3992 = CARTESIAN_POINT('',(114.44637887146,21.342028773496,9.));
#3993 = CIRCLE('',#3994,2.45);
#3994 = AXIS2_PLACEMENT_3D('',#3995,#3996,#3997);
#3995 = CARTESIAN_POINT('',(111.99637887146,21.342028773496,9.));
#3996 = DIRECTION('',(0.,0.,1.));
#3997 = DIRECTION('',(1.,0.,-0.));
#3998 = ORIENTED_EDGE('',*,*,#3999,.F.);
#3999 = EDGE_CURVE('',#954,#3991,#4000,.T.);
#4000 = LINE('',#4001,#4002);
#4001 = CARTESIAN_POINT('',(114.44637887146,21.342028773496,-0.1));
#4002 = VECTOR('',#4003,1.);
#4003 = DIRECTION('',(0.,0.,1.));
#4004 = ORIENTED_EDGE('',*,*,#953,.T.);
#4005 = ORIENTED_EDGE('',*,*,#3999,.T.);
#4006 = CYLINDRICAL_SURFACE('',#4007,2.45);
#4007 = AXIS2_PLACEMENT_3D('',#4008,#4009,#4010);
#4008 = CARTESIAN_POINT('',(111.99637887146,21.342028773496,-0.1));
#4009 = DIRECTION('',(0.,0.,1.));
#4010 = DIRECTION('',(1.,0.,-0.));
#4011 = ADVANCED_FACE('',(#4012,#4108,#4198,#4201,#4215,#4218,#4232),
  #4235,.T.);
#4012 = FACE_BOUND('',#4013,.T.);
#4013 = EDGE_LOOP('',(#4014,#4015,#4016,#4017,#4018,#4019,#4020,#4021,
    #4022,#4023,#4024,#4025,#4026,#4027,#4028,#4029,#4030,#4031,#4032,
    #4033,#4034,#4035,#4036,#4037,#4038,#4039,#4040,#4041,#4042,#4043,
    #4044,#4045,#4046,#4047,#4048,#4049,#4050,#4051,#4052,#4053,#4054,
    #4055,#4056,#4057,#4058,#4064,#4065,#4066,#4067,#4068,#4069,#4070,
    #4071,#4072,#4073,#4074,#4075,#4076,#4077,#4078,#4079,#4080,#4081,
    #4082,#4083,#4084,#4085,#4086,#4087,#4088,#4089,#4090,#4091,#4092,
    #4093,#4094,#4095,#4096,#4097,#4098,#4099,#4100,#4101,#4102,#4103,
    #4104,#4105,#4106,#4107));
#4014 = ORIENTED_EDGE('',*,*,#1130,.T.);
#4015 = ORIENTED_EDGE('',*,*,#987,.F.);
#4016 = ORIENTED_EDGE('',*,*,#1146,.T.);
#4017 = ORIENTED_EDGE('',*,*,#1194,.T.);
#4018 = ORIENTED_EDGE('',*,*,#1242,.T.);
#4019 = ORIENTED_EDGE('',*,*,#1290,.T.);
#4020 = ORIENTED_EDGE('',*,*,#1357,.T.);
#4021 = ORIENTED_EDGE('',*,*,#1405,.T.);
#4022 = ORIENTED_EDGE('',*,*,#1453,.T.);
#4023 = ORIENTED_EDGE('',*,*,#1501,.T.);
#4024 = ORIENTED_EDGE('',*,*,#1549,.T.);
#4025 = ORIENTED_EDGE('',*,*,#1597,.T.);
#4026 = ORIENTED_EDGE('',*,*,#1645,.T.);
#4027 = ORIENTED_EDGE('',*,*,#1693,.T.);
#4028 = ORIENTED_EDGE('',*,*,#1741,.T.);
#4029 = ORIENTED_EDGE('',*,*,#1789,.T.);
#4030 = ORIENTED_EDGE('',*,*,#1837,.T.);
#4031 = ORIENTED_EDGE('',*,*,#1886,.T.);
#4032 = ORIENTED_EDGE('',*,*,#1934,.T.);
#4033 = ORIENTED_EDGE('',*,*,#1981,.T.);
#4034 = ORIENTED_EDGE('',*,*,#2029,.T.);
#4035 = ORIENTED_EDGE('',*,*,#2077,.T.);
#4036 = ORIENTED_EDGE('',*,*,#2125,.T.);
#4037 = ORIENTED_EDGE('',*,*,#2173,.T.);
#4038 = ORIENTED_EDGE('',*,*,#2221,.T.);
#4039 = ORIENTED_EDGE('',*,*,#2269,.T.);
#4040 = ORIENTED_EDGE('',*,*,#2317,.T.);
#4041 = ORIENTED_EDGE('',*,*,#2365,.T.);
#4042 = ORIENTED_EDGE('',*,*,#2413,.T.);
#4043 = ORIENTED_EDGE('',*,*,#2461,.T.);
#4044 = ORIENTED_EDGE('',*,*,#2510,.T.);
#4045 = ORIENTED_EDGE('',*,*,#2558,.T.);
#4046 = ORIENTED_EDGE('',*,*,#2605,.T.);
#4047 = ORIENTED_EDGE('',*,*,#2653,.T.);
#4048 = ORIENTED_EDGE('',*,*,#2701,.T.);
#4049 = ORIENTED_EDGE('',*,*,#2749,.T.);
#4050 = ORIENTED_EDGE('',*,*,#2797,.T.);
#4051 = ORIENTED_EDGE('',*,*,#2845,.T.);
#4052 = ORIENTED_EDGE('',*,*,#2893,.T.);
#4053 = ORIENTED_EDGE('',*,*,#2941,.T.);
#4054 = ORIENTED_EDGE('',*,*,#2989,.T.);
#4055 = ORIENTED_EDGE('',*,*,#3037,.T.);
#4056 = ORIENTED_EDGE('',*,*,#3085,.T.);
#4057 = ORIENTED_EDGE('',*,*,#3166,.T.);
#4058 = ORIENTED_EDGE('',*,*,#4059,.T.);
#4059 = EDGE_CURVE('',#3167,#3342,#4060,.T.);
#4060 = LINE('',#4061,#4062);
#4061 = CARTESIAN_POINT('',(154.3467,28.8353,9.));
#4062 = VECTOR('',#4063,1.);
#4063 = DIRECTION('',(0.130496350522,0.991448789651,0.));
#4064 = ORIENTED_EDGE('',*,*,#3349,.T.);
#4065 = ORIENTED_EDGE('',*,*,#3299,.T.);
#4066 = ORIENTED_EDGE('',*,*,#3229,.T.);
#4067 = ORIENTED_EDGE('',*,*,#3149,.T.);
#4068 = ORIENTED_EDGE('',*,*,#3068,.T.);
#4069 = ORIENTED_EDGE('',*,*,#3020,.T.);
#4070 = ORIENTED_EDGE('',*,*,#2972,.T.);
#4071 = ORIENTED_EDGE('',*,*,#2924,.T.);
#4072 = ORIENTED_EDGE('',*,*,#2876,.T.);
#4073 = ORIENTED_EDGE('',*,*,#2828,.T.);
#4074 = ORIENTED_EDGE('',*,*,#2780,.T.);
#4075 = ORIENTED_EDGE('',*,*,#2732,.T.);
#4076 = ORIENTED_EDGE('',*,*,#2684,.T.);
#4077 = ORIENTED_EDGE('',*,*,#2636,.T.);
#4078 = ORIENTED_EDGE('',*,*,#2588,.T.);
#4079 = ORIENTED_EDGE('',*,*,#2540,.T.);
#4080 = ORIENTED_EDGE('',*,*,#2492,.T.);
#4081 = ORIENTED_EDGE('',*,*,#2445,.T.);
#4082 = ORIENTED_EDGE('',*,*,#2397,.T.);
#4083 = ORIENTED_EDGE('',*,*,#2348,.T.);
#4084 = ORIENTED_EDGE('',*,*,#2300,.T.);
#4085 = ORIENTED_EDGE('',*,*,#2253,.T.);
#4086 = ORIENTED_EDGE('',*,*,#2205,.T.);
#4087 = ORIENTED_EDGE('',*,*,#2156,.T.);
#4088 = ORIENTED_EDGE('',*,*,#2108,.T.);
#4089 = ORIENTED_EDGE('',*,*,#2060,.T.);
#4090 = ORIENTED_EDGE('',*,*,#2012,.T.);
#4091 = ORIENTED_EDGE('',*,*,#1964,.T.);
#4092 = ORIENTED_EDGE('',*,*,#1916,.T.);
#4093 = ORIENTED_EDGE('',*,*,#1868,.T.);
#4094 = ORIENTED_EDGE('',*,*,#1820,.T.);
#4095 = ORIENTED_EDGE('',*,*,#1772,.T.);
#4096 = ORIENTED_EDGE('',*,*,#1724,.T.);
#4097 = ORIENTED_EDGE('',*,*,#1676,.T.);
#4098 = ORIENTED_EDGE('',*,*,#1629,.T.);
#4099 = ORIENTED_EDGE('',*,*,#1581,.T.);
#4100 = ORIENTED_EDGE('',*,*,#1532,.T.);
#4101 = ORIENTED_EDGE('',*,*,#1484,.T.);
#4102 = ORIENTED_EDGE('',*,*,#1436,.T.);
#4103 = ORIENTED_EDGE('',*,*,#1388,.T.);
#4104 = ORIENTED_EDGE('',*,*,#1340,.T.);
#4105 = ORIENTED_EDGE('',*,*,#1273,.T.);
#4106 = ORIENTED_EDGE('',*,*,#1225,.T.);
#4107 = ORIENTED_EDGE('',*,*,#1177,.T.);
#4108 = FACE_BOUND('',#4109,.T.);
#4109 = EDGE_LOOP('',(#4110,#4120,#4128,#4136,#4144,#4152,#4160,#4168,
    #4176,#4184,#4192));
#4110 = ORIENTED_EDGE('',*,*,#4111,.F.);
#4111 = EDGE_CURVE('',#4112,#4114,#4116,.T.);
#4112 = VERTEX_POINT('',#4113);
#4113 = CARTESIAN_POINT('',(24.550902625684,1.914131976107,9.));
#4114 = VERTEX_POINT('',#4115);
#4115 = CARTESIAN_POINT('',(23.070903955291,1.685965514421,9.));
#4116 = LINE('',#4117,#4118);
#4117 = CARTESIAN_POINT('',(47.647137220533,5.474801476146,9.));
#4118 = VECTOR('',#4119,1.);
#4119 = DIRECTION('',(-0.988324042078,-0.152366623154,0.));
#4120 = ORIENTED_EDGE('',*,*,#4121,.F.);
#4121 = EDGE_CURVE('',#4122,#4112,#4124,.T.);
#4122 = VERTEX_POINT('',#4123);
#4123 = CARTESIAN_POINT('',(23.900941379533,6.130096816003,9.));
#4124 = LINE('',#4125,#4126);
#4125 = CARTESIAN_POINT('',(24.28425176515,3.643759179571,9.));
#4126 = VECTOR('',#4127,1.);
#4127 = DIRECTION('',(0.152366623154,-0.988324042078,0.));
#4128 = ORIENTED_EDGE('',*,*,#4129,.F.);
#4129 = EDGE_CURVE('',#4130,#4122,#4132,.T.);
#4130 = VERTEX_POINT('',#4131);
#4131 = CARTESIAN_POINT('',(22.430441785574,5.580157604178,9.));
#4132 = LINE('',#4133,#4134);
#4133 = CARTESIAN_POINT('',(45.945149956565,14.37421652877,9.));
#4134 = VECTOR('',#4135,1.);
#4135 = DIRECTION('',(0.936642528413,0.350286702529,-0.));
#4136 = ORIENTED_EDGE('',*,*,#4137,.F.);
#4137 = EDGE_CURVE('',#4138,#4130,#4140,.T.);
#4138 = VERTEX_POINT('',#4139);
#4139 = CARTESIAN_POINT('',(22.255782596079,6.713082076573,9.));
#4140 = LINE('',#4141,#4142);
#4141 = CARTESIAN_POINT('',(22.464433792202,5.359668912535,9.));
#4142 = VECTOR('',#4143,1.);
#4143 = DIRECTION('',(0.152366623154,-0.988324042078,0.));
#4144 = ORIENTED_EDGE('',*,*,#4145,.F.);
#4145 = EDGE_CURVE('',#4146,#4138,#4148,.T.);
#4146 = VERTEX_POINT('',#4147);
#4147 = CARTESIAN_POINT('',(23.717576315507,7.261679132741,9.));
#4148 = LINE('',#4149,#4150);
#4149 = CARTESIAN_POINT('',(44.909958986801,15.214975546702,9.));
#4150 = VECTOR('',#4151,1.);
#4151 = DIRECTION('',(-0.936239780401,-0.35136174179,0.));
#4152 = ORIENTED_EDGE('',*,*,#4153,.F.);
#4153 = EDGE_CURVE('',#4154,#4146,#4156,.T.);
#4154 = VERTEX_POINT('',#4155);
#4155 = CARTESIAN_POINT('',(25.310751354813,7.507293617968,9.));
#4156 = LINE('',#4157,#4158);
#4157 = CARTESIAN_POINT('',(47.558163182819,10.937102941452,9.));
#4158 = VECTOR('',#4159,1.);
#4159 = DIRECTION('',(-0.988324042078,-0.152366623154,0.));
#4160 = ORIENTED_EDGE('',*,*,#4161,.F.);
#4161 = EDGE_CURVE('',#4162,#4154,#4164,.T.);
#4162 = VERTEX_POINT('',#4163);
#4163 = CARTESIAN_POINT('',(26.135371790458,2.158404305676,9.));
#4164 = LINE('',#4165,#4166);
#4165 = CARTESIAN_POINT('',(25.456410712101,6.562476165286,9.));
#4166 = VECTOR('',#4167,1.);
#4167 = DIRECTION('',(-0.152366623154,0.988324042078,0.));
#4168 = ORIENTED_EDGE('',*,*,#4169,.F.);
#4169 = EDGE_CURVE('',#4170,#4162,#4172,.T.);
#4170 = VERTEX_POINT('',#4171);
#4171 = CARTESIAN_POINT('',(27.615370460851,2.386570767362,9.));
#4172 = LINE('',#4173,#4174);
#4173 = CARTESIAN_POINT('',(49.179371138116,5.711020871774,9.));
#4174 = VECTOR('',#4175,1.);
#4175 = DIRECTION('',(-0.988324042078,-0.152366623154,0.));
#4176 = ORIENTED_EDGE('',*,*,#4177,.F.);
#4177 = EDGE_CURVE('',#4178,#4170,#4180,.T.);
#4178 = VERTEX_POINT('',#4179);
#4179 = CARTESIAN_POINT('',(27.792892915747,1.235073762632,9.));
#4180 = LINE('',#4181,#4182);
#4181 = CARTESIAN_POINT('',(27.348719600317,4.116197970826,9.));
#4182 = VECTOR('',#4183,1.);
#4183 = DIRECTION('',(-0.152366623154,0.988324042078,0.));
#4184 = ORIENTED_EDGE('',*,*,#4185,.F.);
#4185 = EDGE_CURVE('',#4186,#4178,#4188,.T.);
#4186 = VERTEX_POINT('',#4187);
#4187 = CARTESIAN_POINT('',(23.248426410187,0.534468509692,9.));
#4188 = LINE('',#4189,#4190);
#4189 = CARTESIAN_POINT('',(50.096892928209,4.673607097887,9.));
#4190 = VECTOR('',#4191,1.);
#4191 = DIRECTION('',(0.988324042078,0.152366623154,-0.));
#4192 = ORIENTED_EDGE('',*,*,#4193,.F.);
#4193 = EDGE_CURVE('',#4114,#4186,#4194,.T.);
#4194 = LINE('',#4195,#4196);
#4195 = CARTESIAN_POINT('',(22.893014322205,2.839844215521,9.));
#4196 = VECTOR('',#4197,1.);
#4197 = DIRECTION('',(0.152366623154,-0.988324042078,0.));
#4198 = FACE_BOUND('',#4199,.T.);
#4199 = EDGE_LOOP('',(#4200));
#4200 = ORIENTED_EDGE('',*,*,#3652,.F.);
#4201 = FACE_BOUND('',#4202,.T.);
#4202 = EDGE_LOOP('',(#4203,#4204,#4205,#4206,#4207,#4208,#4209,#4210,
    #4211,#4212,#4213,#4214));
#4203 = ORIENTED_EDGE('',*,*,#3445,.T.);
#4204 = ORIENTED_EDGE('',*,*,#3405,.T.);
#4205 = ORIENTED_EDGE('',*,*,#3373,.F.);
#4206 = ORIENTED_EDGE('',*,*,#3419,.T.);
#4207 = ORIENTED_EDGE('',*,*,#3477,.F.);
#4208 = ORIENTED_EDGE('',*,*,#3515,.F.);
#4209 = ORIENTED_EDGE('',*,*,#3565,.F.);
#4210 = ORIENTED_EDGE('',*,*,#3621,.F.);
#4211 = ORIENTED_EDGE('',*,*,#3637,.T.);
#4212 = ORIENTED_EDGE('',*,*,#3587,.F.);
#4213 = ORIENTED_EDGE('',*,*,#3549,.T.);
#4214 = ORIENTED_EDGE('',*,*,#3491,.T.);
#4215 = FACE_BOUND('',#4216,.T.);
#4216 = EDGE_LOOP('',(#4217));
#4217 = ORIENTED_EDGE('',*,*,#3677,.F.);
#4218 = FACE_BOUND('',#4219,.T.);
#4219 = EDGE_LOOP('',(#4220,#4221,#4222,#4223,#4224,#4225,#4226,#4227,
    #4228,#4229,#4230,#4231));
#4220 = ORIENTED_EDGE('',*,*,#3783,.T.);
#4221 = ORIENTED_EDGE('',*,*,#3743,.T.);
#4222 = ORIENTED_EDGE('',*,*,#3711,.F.);
#4223 = ORIENTED_EDGE('',*,*,#3757,.T.);
#4224 = ORIENTED_EDGE('',*,*,#3815,.F.);
#4225 = ORIENTED_EDGE('',*,*,#3853,.F.);
#4226 = ORIENTED_EDGE('',*,*,#3903,.F.);
#4227 = ORIENTED_EDGE('',*,*,#3959,.F.);
#4228 = ORIENTED_EDGE('',*,*,#3975,.T.);
#4229 = ORIENTED_EDGE('',*,*,#3925,.F.);
#4230 = ORIENTED_EDGE('',*,*,#3887,.T.);
#4231 = ORIENTED_EDGE('',*,*,#3829,.T.);
#4232 = FACE_BOUND('',#4233,.T.);
#4233 = EDGE_LOOP('',(#4234));
#4234 = ORIENTED_EDGE('',*,*,#3990,.F.);
#4235 = PLANE('',#4236);
#4236 = AXIS2_PLACEMENT_3D('',#4237,#4238,#4239);
#4237 = CARTESIAN_POINT('',(71.690068764707,12.722891844799,9.));
#4238 = DIRECTION('',(0.,0.,1.));
#4239 = DIRECTION('',(1.,0.,-0.));
#4240 = ADVANCED_FACE('',(#4241),#4266,.T.);
#4241 = FACE_BOUND('',#4242,.T.);
#4242 = EDGE_LOOP('',(#4243,#4244,#4252,#4260));
#4243 = ORIENTED_EDGE('',*,*,#995,.T.);
#4244 = ORIENTED_EDGE('',*,*,#4245,.T.);
#4245 = EDGE_CURVE('',#998,#4246,#4248,.T.);
#4246 = VERTEX_POINT('',#4247);
#4247 = CARTESIAN_POINT('',(10.1,3.275,3.475));
#4248 = LINE('',#4249,#4250);
#4249 = CARTESIAN_POINT('',(-0.1,3.275,3.475));
#4250 = VECTOR('',#4251,1.);
#4251 = DIRECTION('',(1.,0.,0.));
#4252 = ORIENTED_EDGE('',*,*,#4253,.T.);
#4253 = EDGE_CURVE('',#4246,#4254,#4256,.T.);
#4254 = VERTEX_POINT('',#4255);
#4255 = CARTESIAN_POINT('',(10.1,4.775,3.475));
#4256 = LINE('',#4257,#4258);
#4257 = CARTESIAN_POINT('',(10.1,3.275,3.475));
#4258 = VECTOR('',#4259,1.);
#4259 = DIRECTION('',(0.,1.,0.));
#4260 = ORIENTED_EDGE('',*,*,#4261,.T.);
#4261 = EDGE_CURVE('',#4254,#996,#4262,.T.);
#4262 = LINE('',#4263,#4264);
#4263 = CARTESIAN_POINT('',(-0.1,4.775,3.475));
#4264 = VECTOR('',#4265,1.);
#4265 = DIRECTION('',(-1.,0.,0.));
#4266 = PLANE('',#4267);
#4267 = AXIS2_PLACEMENT_3D('',#4268,#4269,#4270);
#4268 = CARTESIAN_POINT('',(-0.1,3.275,3.475));
#4269 = DIRECTION('',(0.,0.,1.));
#4270 = DIRECTION('',(1.,0.,0.));
#4271 = ADVANCED_FACE('',(#4272),#4290,.T.);
#4272 = FACE_BOUND('',#4273,.T.);
#4273 = EDGE_LOOP('',(#4274,#4282,#4288,#4289));
#4274 = ORIENTED_EDGE('',*,*,#4275,.F.);
#4275 = EDGE_CURVE('',#4276,#4254,#4278,.T.);
#4276 = VERTEX_POINT('',#4277);
#4277 = CARTESIAN_POINT('',(10.1,4.775,1.975));
#4278 = LINE('',#4279,#4280);
#4279 = CARTESIAN_POINT('',(10.1,4.775,1.975));
#4280 = VECTOR('',#4281,1.);
#4281 = DIRECTION('',(0.,0.,1.));
#4282 = ORIENTED_EDGE('',*,*,#4283,.F.);
#4283 = EDGE_CURVE('',#1078,#4276,#4284,.T.);
#4284 = LINE('',#4285,#4286);
#4285 = CARTESIAN_POINT('',(-0.1,4.775,1.975));
#4286 = VECTOR('',#4287,1.);
#4287 = DIRECTION('',(1.,0.,0.));
#4288 = ORIENTED_EDGE('',*,*,#1085,.T.);
#4289 = ORIENTED_EDGE('',*,*,#4261,.F.);
#4290 = PLANE('',#4291);
#4291 = AXIS2_PLACEMENT_3D('',#4292,#4293,#4294);
#4292 = CARTESIAN_POINT('',(-0.1,4.775,1.975));
#4293 = DIRECTION('',(0.,1.,0.));
#4294 = DIRECTION('',(1.,0.,0.));
#4295 = ADVANCED_FACE('',(#4296),#4314,.T.);
#4296 = FACE_BOUND('',#4297,.T.);
#4297 = EDGE_LOOP('',(#4298,#4299,#4300,#4308));
#4298 = ORIENTED_EDGE('',*,*,#4245,.F.);
#4299 = ORIENTED_EDGE('',*,*,#1005,.T.);
#4300 = ORIENTED_EDGE('',*,*,#4301,.T.);
#4301 = EDGE_CURVE('',#1006,#4302,#4304,.T.);
#4302 = VERTEX_POINT('',#4303);
#4303 = CARTESIAN_POINT('',(10.1,3.275,5.525));
#4304 = LINE('',#4305,#4306);
#4305 = CARTESIAN_POINT('',(-0.1,3.275,5.525));
#4306 = VECTOR('',#4307,1.);
#4307 = DIRECTION('',(1.,0.,0.));
#4308 = ORIENTED_EDGE('',*,*,#4309,.F.);
#4309 = EDGE_CURVE('',#4246,#4302,#4310,.T.);
#4310 = LINE('',#4311,#4312);
#4311 = CARTESIAN_POINT('',(10.1,3.275,3.475));
#4312 = VECTOR('',#4313,1.);
#4313 = DIRECTION('',(0.,0.,1.));
#4314 = PLANE('',#4315);
#4315 = AXIS2_PLACEMENT_3D('',#4316,#4317,#4318);
#4316 = CARTESIAN_POINT('',(-0.1,3.275,3.475));
#4317 = DIRECTION('',(0.,1.,0.));
#4318 = DIRECTION('',(1.,0.,0.));
#4319 = ADVANCED_FACE('',(#4320),#4338,.T.);
#4320 = FACE_BOUND('',#4321,.T.);
#4321 = EDGE_LOOP('',(#4322,#4330,#4331,#4332));
#4322 = ORIENTED_EDGE('',*,*,#4323,.F.);
#4323 = EDGE_CURVE('',#1070,#4324,#4326,.T.);
#4324 = VERTEX_POINT('',#4325);
#4325 = CARTESIAN_POINT('',(10.1,6.825,1.975));
#4326 = LINE('',#4327,#4328);
#4327 = CARTESIAN_POINT('',(-0.1,6.825,1.975));
#4328 = VECTOR('',#4329,1.);
#4329 = DIRECTION('',(1.,0.,0.));
#4330 = ORIENTED_EDGE('',*,*,#1077,.T.);
#4331 = ORIENTED_EDGE('',*,*,#4283,.T.);
#4332 = ORIENTED_EDGE('',*,*,#4333,.T.);
#4333 = EDGE_CURVE('',#4276,#4324,#4334,.T.);
#4334 = LINE('',#4335,#4336);
#4335 = CARTESIAN_POINT('',(10.1,4.775,1.975));
#4336 = VECTOR('',#4337,1.);
#4337 = DIRECTION('',(0.,1.,0.));
#4338 = PLANE('',#4339);
#4339 = AXIS2_PLACEMENT_3D('',#4340,#4341,#4342);
#4340 = CARTESIAN_POINT('',(-0.1,4.775,1.975));
#4341 = DIRECTION('',(0.,0.,1.));
#4342 = DIRECTION('',(1.,0.,0.));
#4343 = ADVANCED_FACE('',(#4344),#4362,.F.);
#4344 = FACE_BOUND('',#4345,.F.);
#4345 = EDGE_LOOP('',(#4346,#4347,#4348,#4356));
#4346 = ORIENTED_EDGE('',*,*,#1013,.T.);
#4347 = ORIENTED_EDGE('',*,*,#4301,.T.);
#4348 = ORIENTED_EDGE('',*,*,#4349,.T.);
#4349 = EDGE_CURVE('',#4302,#4350,#4352,.T.);
#4350 = VERTEX_POINT('',#4351);
#4351 = CARTESIAN_POINT('',(10.1,4.775,5.525));
#4352 = LINE('',#4353,#4354);
#4353 = CARTESIAN_POINT('',(10.1,3.275,5.525));
#4354 = VECTOR('',#4355,1.);
#4355 = DIRECTION('',(0.,1.,0.));
#4356 = ORIENTED_EDGE('',*,*,#4357,.T.);
#4357 = EDGE_CURVE('',#4350,#1014,#4358,.T.);
#4358 = LINE('',#4359,#4360);
#4359 = CARTESIAN_POINT('',(-0.1,4.775,5.525));
#4360 = VECTOR('',#4361,1.);
#4361 = DIRECTION('',(-1.,0.,0.));
#4362 = PLANE('',#4363);
#4363 = AXIS2_PLACEMENT_3D('',#4364,#4365,#4366);
#4364 = CARTESIAN_POINT('',(-0.1,3.275,5.525));
#4365 = DIRECTION('',(0.,0.,1.));
#4366 = DIRECTION('',(1.,0.,0.));
#4367 = ADVANCED_FACE('',(#4368),#4386,.F.);
#4368 = FACE_BOUND('',#4369,.F.);
#4369 = EDGE_LOOP('',(#4370,#4378,#4379,#4380));
#4370 = ORIENTED_EDGE('',*,*,#4371,.F.);
#4371 = EDGE_CURVE('',#4324,#4372,#4374,.T.);
#4372 = VERTEX_POINT('',#4373);
#4373 = CARTESIAN_POINT('',(10.1,6.825,3.475));
#4374 = LINE('',#4375,#4376);
#4375 = CARTESIAN_POINT('',(10.1,6.825,1.975));
#4376 = VECTOR('',#4377,1.);
#4377 = DIRECTION('',(0.,0.,1.));
#4378 = ORIENTED_EDGE('',*,*,#4323,.F.);
#4379 = ORIENTED_EDGE('',*,*,#1069,.T.);
#4380 = ORIENTED_EDGE('',*,*,#4381,.F.);
#4381 = EDGE_CURVE('',#4372,#1062,#4382,.T.);
#4382 = LINE('',#4383,#4384);
#4383 = CARTESIAN_POINT('',(-0.1,6.825,3.475));
#4384 = VECTOR('',#4385,1.);
#4385 = DIRECTION('',(-1.,0.,0.));
#4386 = PLANE('',#4387);
#4387 = AXIS2_PLACEMENT_3D('',#4388,#4389,#4390);
#4388 = CARTESIAN_POINT('',(-0.1,6.825,1.975));
#4389 = DIRECTION('',(0.,1.,0.));
#4390 = DIRECTION('',(1.,0.,0.));
#4391 = ADVANCED_FACE('',(#4392),#4410,.T.);
#4392 = FACE_BOUND('',#4393,.T.);
#4393 = EDGE_LOOP('',(#4394,#4402,#4403,#4404));
#4394 = ORIENTED_EDGE('',*,*,#4395,.F.);
#4395 = EDGE_CURVE('',#4350,#4396,#4398,.T.);
#4396 = VERTEX_POINT('',#4397);
#4397 = CARTESIAN_POINT('',(10.1,4.775,7.025));
#4398 = LINE('',#4399,#4400);
#4399 = CARTESIAN_POINT('',(10.1,4.775,1.975));
#4400 = VECTOR('',#4401,1.);
#4401 = DIRECTION('',(0.,0.,1.));
#4402 = ORIENTED_EDGE('',*,*,#4357,.T.);
#4403 = ORIENTED_EDGE('',*,*,#1021,.T.);
#4404 = ORIENTED_EDGE('',*,*,#4405,.T.);
#4405 = EDGE_CURVE('',#1022,#4396,#4406,.T.);
#4406 = LINE('',#4407,#4408);
#4407 = CARTESIAN_POINT('',(-0.1,4.775,7.025));
#4408 = VECTOR('',#4409,1.);
#4409 = DIRECTION('',(1.,0.,0.));
#4410 = PLANE('',#4411);
#4411 = AXIS2_PLACEMENT_3D('',#4412,#4413,#4414);
#4412 = CARTESIAN_POINT('',(-0.1,4.775,1.975));
#4413 = DIRECTION('',(0.,1.,0.));
#4414 = DIRECTION('',(1.,0.,0.));
#4415 = ADVANCED_FACE('',(#4416),#4434,.T.);
#4416 = FACE_BOUND('',#4417,.T.);
#4417 = EDGE_LOOP('',(#4418,#4419,#4420,#4428));
#4418 = ORIENTED_EDGE('',*,*,#1061,.T.);
#4419 = ORIENTED_EDGE('',*,*,#4381,.F.);
#4420 = ORIENTED_EDGE('',*,*,#4421,.T.);
#4421 = EDGE_CURVE('',#4372,#4422,#4424,.T.);
#4422 = VERTEX_POINT('',#4423);
#4423 = CARTESIAN_POINT('',(10.1,8.325,3.475));
#4424 = LINE('',#4425,#4426);
#4425 = CARTESIAN_POINT('',(10.1,3.275,3.475));
#4426 = VECTOR('',#4427,1.);
#4427 = DIRECTION('',(0.,1.,0.));
#4428 = ORIENTED_EDGE('',*,*,#4429,.F.);
#4429 = EDGE_CURVE('',#1054,#4422,#4430,.T.);
#4430 = LINE('',#4431,#4432);
#4431 = CARTESIAN_POINT('',(-0.1,8.325,3.475));
#4432 = VECTOR('',#4433,1.);
#4433 = DIRECTION('',(1.,0.,0.));
#4434 = PLANE('',#4435);
#4435 = AXIS2_PLACEMENT_3D('',#4436,#4437,#4438);
#4436 = CARTESIAN_POINT('',(-0.1,3.275,3.475));
#4437 = DIRECTION('',(0.,0.,1.));
#4438 = DIRECTION('',(1.,0.,0.));
#4439 = ADVANCED_FACE('',(#4440),#4458,.F.);
#4440 = FACE_BOUND('',#4441,.F.);
#4441 = EDGE_LOOP('',(#4442,#4450,#4451,#4452));
#4442 = ORIENTED_EDGE('',*,*,#4443,.F.);
#4443 = EDGE_CURVE('',#1030,#4444,#4446,.T.);
#4444 = VERTEX_POINT('',#4445);
#4445 = CARTESIAN_POINT('',(10.1,6.825,7.025));
#4446 = LINE('',#4447,#4448);
#4447 = CARTESIAN_POINT('',(-0.1,6.825,7.025));
#4448 = VECTOR('',#4449,1.);
#4449 = DIRECTION('',(1.,0.,0.));
#4450 = ORIENTED_EDGE('',*,*,#1029,.T.);
#4451 = ORIENTED_EDGE('',*,*,#4405,.T.);
#4452 = ORIENTED_EDGE('',*,*,#4453,.T.);
#4453 = EDGE_CURVE('',#4396,#4444,#4454,.T.);
#4454 = LINE('',#4455,#4456);
#4455 = CARTESIAN_POINT('',(10.1,4.775,7.025));
#4456 = VECTOR('',#4457,1.);
#4457 = DIRECTION('',(0.,1.,0.));
#4458 = PLANE('',#4459);
#4459 = AXIS2_PLACEMENT_3D('',#4460,#4461,#4462);
#4460 = CARTESIAN_POINT('',(-0.1,4.775,7.025));
#4461 = DIRECTION('',(0.,0.,1.));
#4462 = DIRECTION('',(1.,0.,0.));
#4463 = ADVANCED_FACE('',(#4464),#4482,.F.);
#4464 = FACE_BOUND('',#4465,.F.);
#4465 = EDGE_LOOP('',(#4466,#4467,#4468,#4476));
#4466 = ORIENTED_EDGE('',*,*,#4429,.F.);
#4467 = ORIENTED_EDGE('',*,*,#1053,.T.);
#4468 = ORIENTED_EDGE('',*,*,#4469,.T.);
#4469 = EDGE_CURVE('',#1046,#4470,#4472,.T.);
#4470 = VERTEX_POINT('',#4471);
#4471 = CARTESIAN_POINT('',(10.1,8.325,5.525));
#4472 = LINE('',#4473,#4474);
#4473 = CARTESIAN_POINT('',(-0.1,8.325,5.525));
#4474 = VECTOR('',#4475,1.);
#4475 = DIRECTION('',(1.,0.,0.));
#4476 = ORIENTED_EDGE('',*,*,#4477,.F.);
#4477 = EDGE_CURVE('',#4422,#4470,#4478,.T.);
#4478 = LINE('',#4479,#4480);
#4479 = CARTESIAN_POINT('',(10.1,8.325,3.475));
#4480 = VECTOR('',#4481,1.);
#4481 = DIRECTION('',(0.,0.,1.));
#4482 = PLANE('',#4483);
#4483 = AXIS2_PLACEMENT_3D('',#4484,#4485,#4486);
#4484 = CARTESIAN_POINT('',(-0.1,8.325,3.475));
#4485 = DIRECTION('',(0.,1.,0.));
#4486 = DIRECTION('',(1.,0.,0.));
#4487 = ADVANCED_FACE('',(#4488),#4506,.F.);
#4488 = FACE_BOUND('',#4489,.F.);
#4489 = EDGE_LOOP('',(#4490,#4498,#4504,#4505));
#4490 = ORIENTED_EDGE('',*,*,#4491,.F.);
#4491 = EDGE_CURVE('',#4492,#4444,#4494,.T.);
#4492 = VERTEX_POINT('',#4493);
#4493 = CARTESIAN_POINT('',(10.1,6.825,5.525));
#4494 = LINE('',#4495,#4496);
#4495 = CARTESIAN_POINT('',(10.1,6.825,1.975));
#4496 = VECTOR('',#4497,1.);
#4497 = DIRECTION('',(0.,0.,1.));
#4498 = ORIENTED_EDGE('',*,*,#4499,.T.);
#4499 = EDGE_CURVE('',#4492,#1038,#4500,.T.);
#4500 = LINE('',#4501,#4502);
#4501 = CARTESIAN_POINT('',(-0.1,6.825,5.525));
#4502 = VECTOR('',#4503,1.);
#4503 = DIRECTION('',(-1.,0.,0.));
#4504 = ORIENTED_EDGE('',*,*,#1037,.T.);
#4505 = ORIENTED_EDGE('',*,*,#4443,.T.);
#4506 = PLANE('',#4507);
#4507 = AXIS2_PLACEMENT_3D('',#4508,#4509,#4510);
#4508 = CARTESIAN_POINT('',(-0.1,6.825,1.975));
#4509 = DIRECTION('',(0.,1.,0.));
#4510 = DIRECTION('',(1.,0.,0.));
#4511 = ADVANCED_FACE('',(#4512),#4523,.F.);
#4512 = FACE_BOUND('',#4513,.F.);
#4513 = EDGE_LOOP('',(#4514,#4515,#4516,#4522));
#4514 = ORIENTED_EDGE('',*,*,#1045,.T.);
#4515 = ORIENTED_EDGE('',*,*,#4499,.F.);
#4516 = ORIENTED_EDGE('',*,*,#4517,.T.);
#4517 = EDGE_CURVE('',#4492,#4470,#4518,.T.);
#4518 = LINE('',#4519,#4520);
#4519 = CARTESIAN_POINT('',(10.1,3.275,5.525));
#4520 = VECTOR('',#4521,1.);
#4521 = DIRECTION('',(0.,1.,0.));
#4522 = ORIENTED_EDGE('',*,*,#4469,.F.);
#4523 = PLANE('',#4524);
#4524 = AXIS2_PLACEMENT_3D('',#4525,#4526,#4527);
#4525 = CARTESIAN_POINT('',(-0.1,3.275,5.525));
#4526 = DIRECTION('',(0.,0.,1.));
#4527 = DIRECTION('',(1.,0.,0.));
#4528 = ADVANCED_FACE('',(#4529),#4548,.F.);
#4529 = FACE_BOUND('',#4530,.F.);
#4530 = EDGE_LOOP('',(#4531,#4539,#4546,#4547));
#4531 = ORIENTED_EDGE('',*,*,#4532,.T.);
#4532 = EDGE_CURVE('',#1094,#4533,#4535,.T.);
#4533 = VERTEX_POINT('',#4534);
#4534 = CARTESIAN_POINT('',(2.,2.65,4.5));
#4535 = LINE('',#4536,#4537);
#4536 = CARTESIAN_POINT('',(-0.1,2.65,4.5));
#4537 = VECTOR('',#4538,1.);
#4538 = DIRECTION('',(1.,0.,0.));
#4539 = ORIENTED_EDGE('',*,*,#4540,.F.);
#4540 = EDGE_CURVE('',#4533,#4533,#4541,.T.);
#4541 = CIRCLE('',#4542,1.2);
#4542 = AXIS2_PLACEMENT_3D('',#4543,#4544,#4545);
#4543 = CARTESIAN_POINT('',(2.,1.45,4.5));
#4544 = DIRECTION('',(1.,0.,0.));
#4545 = DIRECTION('',(0.,1.,0.));
#4546 = ORIENTED_EDGE('',*,*,#4532,.F.);
#4547 = ORIENTED_EDGE('',*,*,#1093,.T.);
#4548 = CYLINDRICAL_SURFACE('',#4549,1.2);
#4549 = AXIS2_PLACEMENT_3D('',#4550,#4551,#4552);
#4550 = CARTESIAN_POINT('',(-0.1,1.45,4.5));
#4551 = DIRECTION('',(1.,0.,0.));
#4552 = DIRECTION('',(0.,1.,0.));
#4553 = ADVANCED_FACE('',(#4554),#4581,.F.);
#4554 = FACE_BOUND('',#4555,.F.);
#4555 = EDGE_LOOP('',(#4556,#4564,#4571,#4572,#4579,#4580));
#4556 = ORIENTED_EDGE('',*,*,#4557,.T.);
#4557 = EDGE_CURVE('',#1105,#4558,#4560,.T.);
#4558 = VERTEX_POINT('',#4559);
#4559 = CARTESIAN_POINT('',(16.8,-2.725,4.5));
#4560 = LINE('',#4561,#4562);
#4561 = CARTESIAN_POINT('',(-0.1,-2.725,4.5));
#4562 = VECTOR('',#4563,1.);
#4563 = DIRECTION('',(1.,0.,0.));
#4564 = ORIENTED_EDGE('',*,*,#4565,.F.);
#4565 = EDGE_CURVE('',#1308,#4558,#4566,.T.);
#4566 = CIRCLE('',#4567,2.475);
#4567 = AXIS2_PLACEMENT_3D('',#4568,#4569,#4570);
#4568 = CARTESIAN_POINT('',(16.8,-5.2,4.5));
#4569 = DIRECTION('',(1.,0.,0.));
#4570 = DIRECTION('',(0.,1.,0.));
#4571 = ORIENTED_EDGE('',*,*,#1307,.T.);
#4572 = ORIENTED_EDGE('',*,*,#4573,.F.);
#4573 = EDGE_CURVE('',#4558,#1310,#4574,.T.);
#4574 = CIRCLE('',#4575,2.475);
#4575 = AXIS2_PLACEMENT_3D('',#4576,#4577,#4578);
#4576 = CARTESIAN_POINT('',(16.8,-5.2,4.5));
#4577 = DIRECTION('',(1.,0.,0.));
#4578 = DIRECTION('',(0.,1.,0.));
#4579 = ORIENTED_EDGE('',*,*,#4557,.F.);
#4580 = ORIENTED_EDGE('',*,*,#1104,.T.);
#4581 = CYLINDRICAL_SURFACE('',#4582,2.475);
#4582 = AXIS2_PLACEMENT_3D('',#4583,#4584,#4585);
#4583 = CARTESIAN_POINT('',(-0.1,-5.2,4.5));
#4584 = DIRECTION('',(1.,0.,0.));
#4585 = DIRECTION('',(0.,1.,0.));
#4586 = ADVANCED_FACE('',(#4587),#4592,.F.);
#4587 = FACE_BOUND('',#4588,.F.);
#4588 = EDGE_LOOP('',(#4589,#4590,#4591));
#4589 = ORIENTED_EDGE('',*,*,#4565,.T.);
#4590 = ORIENTED_EDGE('',*,*,#4573,.T.);
#4591 = ORIENTED_EDGE('',*,*,#1318,.T.);
#4592 = PLANE('',#4593);
#4593 = AXIS2_PLACEMENT_3D('',#4594,#4595,#4596);
#4594 = CARTESIAN_POINT('',(16.8,-5.2,4.5));
#4595 = DIRECTION('',(1.,0.,0.));
#4596 = DIRECTION('',(0.,1.,0.));
#4597 = ADVANCED_FACE('',(#4598),#4632,.F.);
#4598 = FACE_BOUND('',#4599,.F.);
#4599 = EDGE_LOOP('',(#4600,#4610,#4618,#4624,#4625,#4626));
#4600 = ORIENTED_EDGE('',*,*,#4601,.F.);
#4601 = EDGE_CURVE('',#4602,#4604,#4606,.T.);
#4602 = VERTEX_POINT('',#4603);
#4603 = CARTESIAN_POINT('',(144.07407284476,29.137438494468,5.525));
#4604 = VERTEX_POINT('',#4605);
#4605 = CARTESIAN_POINT('',(143.60713222883,30.562909104897,5.525));
#4606 = LINE('',#4607,#4608);
#4607 = CARTESIAN_POINT('',(145.17916563579,25.763824716455,5.525));
#4608 = VECTOR('',#4609,1.);
#4609 = DIRECTION('',(-0.311293743953,0.950313740286,0.));
#4610 = ORIENTED_EDGE('',*,*,#4611,.T.);
#4611 = EDGE_CURVE('',#4602,#4612,#4614,.T.);
#4612 = VERTEX_POINT('',#4613);
#4613 = CARTESIAN_POINT('',(153.76727299567,32.312634682792,5.525));
#4614 = LINE('',#4615,#4616);
#4615 = CARTESIAN_POINT('',(153.76727299567,32.312634682792,5.525));
#4616 = VECTOR('',#4617,1.);
#4617 = DIRECTION('',(0.950313740286,0.311293743953,0.));
#4618 = ORIENTED_EDGE('',*,*,#4619,.T.);
#4619 = EDGE_CURVE('',#4612,#3237,#4620,.T.);
#4620 = LINE('',#4621,#4622);
#4621 = CARTESIAN_POINT('',(154.87236578671,28.939020904778,5.525));
#4622 = VECTOR('',#4623,1.);
#4623 = DIRECTION('',(-0.311293743953,0.950313740286,0.));
#4624 = ORIENTED_EDGE('',*,*,#3236,.T.);
#4625 = ORIENTED_EDGE('',*,*,#3133,.T.);
#4626 = ORIENTED_EDGE('',*,*,#4627,.T.);
#4627 = EDGE_CURVE('',#3126,#4604,#4628,.T.);
#4628 = LINE('',#4629,#4630);
#4629 = CARTESIAN_POINT('',(153.30033237974,33.73810529322,5.525));
#4630 = VECTOR('',#4631,1.);
#4631 = DIRECTION('',(-0.950313740286,-0.311293743953,0.));
#4632 = PLANE('',#4633);
#4633 = AXIS2_PLACEMENT_3D('',#4634,#4635,#4636);
#4634 = CARTESIAN_POINT('',(154.87236578671,28.939020904778,5.525));
#4635 = DIRECTION('',(0.,0.,1.));
#4636 = DIRECTION('',(-0.950313740286,-0.311293743953,0.));
#4637 = ADVANCED_FACE('',(#4638),#4656,.F.);
#4638 = FACE_BOUND('',#4639,.F.);
#4639 = EDGE_LOOP('',(#4640,#4641,#4642,#4650));
#4640 = ORIENTED_EDGE('',*,*,#4627,.F.);
#4641 = ORIENTED_EDGE('',*,*,#3125,.T.);
#4642 = ORIENTED_EDGE('',*,*,#4643,.T.);
#4643 = EDGE_CURVE('',#3118,#4644,#4646,.T.);
#4644 = VERTEX_POINT('',#4645);
#4645 = CARTESIAN_POINT('',(143.60713222883,30.562909104897,3.475));
#4646 = LINE('',#4647,#4648);
#4647 = CARTESIAN_POINT('',(153.30033237974,33.73810529322,3.475));
#4648 = VECTOR('',#4649,1.);
#4649 = DIRECTION('',(-0.950313740286,-0.311293743953,0.));
#4650 = ORIENTED_EDGE('',*,*,#4651,.T.);
#4651 = EDGE_CURVE('',#4644,#4604,#4652,.T.);
#4652 = LINE('',#4653,#4654);
#4653 = CARTESIAN_POINT('',(143.60713222883,30.562909104897,3.475));
#4654 = VECTOR('',#4655,1.);
#4655 = DIRECTION('',(0.,0.,1.));
#4656 = PLANE('',#4657);
#4657 = AXIS2_PLACEMENT_3D('',#4658,#4659,#4660);
#4658 = CARTESIAN_POINT('',(153.30033237974,33.73810529322,3.475));
#4659 = DIRECTION('',(-0.311293743953,0.950313740286,0.));
#4660 = DIRECTION('',(-0.950313740286,-0.311293743953,0.));
#4661 = ADVANCED_FACE('',(#4662),#4689,.T.);
#4662 = FACE_BOUND('',#4663,.T.);
#4663 = EDGE_LOOP('',(#4664,#4672,#4680,#4686,#4687,#4688));
#4664 = ORIENTED_EDGE('',*,*,#4665,.F.);
#4665 = EDGE_CURVE('',#4666,#4644,#4668,.T.);
#4666 = VERTEX_POINT('',#4667);
#4667 = CARTESIAN_POINT('',(144.07407284476,29.137438494468,3.475));
#4668 = LINE('',#4669,#4670);
#4669 = CARTESIAN_POINT('',(145.17916563579,25.763824716455,3.475));
#4670 = VECTOR('',#4671,1.);
#4671 = DIRECTION('',(-0.311293743953,0.950313740286,0.));
#4672 = ORIENTED_EDGE('',*,*,#4673,.T.);
#4673 = EDGE_CURVE('',#4666,#4674,#4676,.T.);
#4674 = VERTEX_POINT('',#4675);
#4675 = CARTESIAN_POINT('',(153.76727299567,32.312634682792,3.475));
#4676 = LINE('',#4677,#4678);
#4677 = CARTESIAN_POINT('',(153.76727299567,32.312634682792,3.475));
#4678 = VECTOR('',#4679,1.);
#4679 = DIRECTION('',(0.950313740286,0.311293743953,0.));
#4680 = ORIENTED_EDGE('',*,*,#4681,.T.);
#4681 = EDGE_CURVE('',#4674,#3245,#4682,.T.);
#4682 = LINE('',#4683,#4684);
#4683 = CARTESIAN_POINT('',(154.87236578671,28.939020904778,3.475));
#4684 = VECTOR('',#4685,1.);
#4685 = DIRECTION('',(-0.311293743953,0.950313740286,0.));
#4686 = ORIENTED_EDGE('',*,*,#3252,.T.);
#4687 = ORIENTED_EDGE('',*,*,#3117,.T.);
#4688 = ORIENTED_EDGE('',*,*,#4643,.T.);
#4689 = PLANE('',#4690);
#4690 = AXIS2_PLACEMENT_3D('',#4691,#4692,#4693);
#4691 = CARTESIAN_POINT('',(154.87236578671,28.939020904778,3.475));
#4692 = DIRECTION('',(0.,0.,1.));
#4693 = DIRECTION('',(-0.950313740286,-0.311293743953,0.));
#4694 = ADVANCED_FACE('',(#4695),#4730,.T.);
#4695 = FACE_BOUND('',#4696,.T.);
#4696 = EDGE_LOOP('',(#4697,#4707,#4713,#4714,#4715,#4716,#4724));
#4697 = ORIENTED_EDGE('',*,*,#4698,.F.);
#4698 = EDGE_CURVE('',#4699,#4701,#4703,.T.);
#4699 = VERTEX_POINT('',#4700);
#4700 = CARTESIAN_POINT('',(145.17916563579,25.763824716455,3.475));
#4701 = VERTEX_POINT('',#4702);
#4702 = CARTESIAN_POINT('',(144.71222501986,27.189295326883,3.475));
#4703 = LINE('',#4704,#4705);
#4704 = CARTESIAN_POINT('',(145.17916563579,25.763824716455,3.475));
#4705 = VECTOR('',#4706,1.);
#4706 = DIRECTION('',(-0.311293743953,0.950313740286,0.));
#4707 = ORIENTED_EDGE('',*,*,#4708,.F.);
#4708 = EDGE_CURVE('',#3191,#4699,#4709,.T.);
#4709 = LINE('',#4710,#4711);
#4710 = CARTESIAN_POINT('',(154.87236578671,28.939020904778,3.475));
#4711 = VECTOR('',#4712,1.);
#4712 = DIRECTION('',(-0.950313740286,-0.311293743953,0.));
#4713 = ORIENTED_EDGE('',*,*,#3198,.T.);
#4714 = ORIENTED_EDGE('',*,*,#3269,.T.);
#4715 = ORIENTED_EDGE('',*,*,#3317,.T.);
#4716 = ORIENTED_EDGE('',*,*,#4717,.T.);
#4717 = EDGE_CURVE('',#3318,#4718,#4720,.T.);
#4718 = VERTEX_POINT('',#4719);
#4719 = CARTESIAN_POINT('',(154.40542517078,30.364491515206,3.475));
#4720 = LINE('',#4721,#4722);
#4721 = CARTESIAN_POINT('',(154.87236578671,28.939020904778,3.475));
#4722 = VECTOR('',#4723,1.);
#4723 = DIRECTION('',(-0.311293743953,0.950313740286,0.));
#4724 = ORIENTED_EDGE('',*,*,#4725,.F.);
#4725 = EDGE_CURVE('',#4701,#4718,#4726,.T.);
#4726 = LINE('',#4727,#4728);
#4727 = CARTESIAN_POINT('',(154.40542517078,30.364491515206,3.475));
#4728 = VECTOR('',#4729,1.);
#4729 = DIRECTION('',(0.950313740286,0.311293743953,0.));
#4730 = PLANE('',#4731);
#4731 = AXIS2_PLACEMENT_3D('',#4732,#4733,#4734);
#4732 = CARTESIAN_POINT('',(154.87236578671,28.939020904778,3.475));
#4733 = DIRECTION('',(0.,0.,1.));
#4734 = DIRECTION('',(-0.950313740286,-0.311293743953,0.));
#4735 = ADVANCED_FACE('',(#4736),#4754,.T.);
#4736 = FACE_BOUND('',#4737,.T.);
#4737 = EDGE_LOOP('',(#4738,#4746,#4747,#4748));
#4738 = ORIENTED_EDGE('',*,*,#4739,.F.);
#4739 = EDGE_CURVE('',#3183,#4740,#4742,.T.);
#4740 = VERTEX_POINT('',#4741);
#4741 = CARTESIAN_POINT('',(145.17916563579,25.763824716455,5.525));
#4742 = LINE('',#4743,#4744);
#4743 = CARTESIAN_POINT('',(154.87236578671,28.939020904778,5.525));
#4744 = VECTOR('',#4745,1.);
#4745 = DIRECTION('',(-0.950313740286,-0.311293743953,0.));
#4746 = ORIENTED_EDGE('',*,*,#3190,.T.);
#4747 = ORIENTED_EDGE('',*,*,#4708,.T.);
#4748 = ORIENTED_EDGE('',*,*,#4749,.T.);
#4749 = EDGE_CURVE('',#4699,#4740,#4750,.T.);
#4750 = LINE('',#4751,#4752);
#4751 = CARTESIAN_POINT('',(145.17916563579,25.763824716455,3.475));
#4752 = VECTOR('',#4753,1.);
#4753 = DIRECTION('',(0.,0.,1.));
#4754 = PLANE('',#4755);
#4755 = AXIS2_PLACEMENT_3D('',#4756,#4757,#4758);
#4756 = CARTESIAN_POINT('',(154.87236578671,28.939020904778,3.475));
#4757 = DIRECTION('',(-0.311293743953,0.950313740286,0.));
#4758 = DIRECTION('',(-0.950313740286,-0.311293743953,0.));
#4759 = ADVANCED_FACE('',(#4760),#4793,.F.);
#4760 = FACE_BOUND('',#4761,.F.);
#4761 = EDGE_LOOP('',(#4762,#4770,#4771,#4772,#4778,#4779,#4787));
#4762 = ORIENTED_EDGE('',*,*,#4763,.F.);
#4763 = EDGE_CURVE('',#4740,#4764,#4766,.T.);
#4764 = VERTEX_POINT('',#4765);
#4765 = CARTESIAN_POINT('',(144.71222501986,27.189295326883,5.525));
#4766 = LINE('',#4767,#4768);
#4767 = CARTESIAN_POINT('',(145.17916563579,25.763824716455,5.525));
#4768 = VECTOR('',#4769,1.);
#4769 = DIRECTION('',(-0.311293743953,0.950313740286,0.));
#4770 = ORIENTED_EDGE('',*,*,#4739,.F.);
#4771 = ORIENTED_EDGE('',*,*,#3182,.T.);
#4772 = ORIENTED_EDGE('',*,*,#4773,.T.);
#4773 = EDGE_CURVE('',#3175,#3334,#4774,.T.);
#4774 = LINE('',#4775,#4776);
#4775 = CARTESIAN_POINT('',(154.35788558813,28.920282743013,5.525));
#4776 = VECTOR('',#4777,1.);
#4777 = DIRECTION('',(0.130496350522,0.991448789651,-0.));
#4778 = ORIENTED_EDGE('',*,*,#3333,.T.);
#4779 = ORIENTED_EDGE('',*,*,#4780,.T.);
#4780 = EDGE_CURVE('',#3326,#4781,#4783,.T.);
#4781 = VERTEX_POINT('',#4782);
#4782 = CARTESIAN_POINT('',(154.40542517078,30.364491515206,5.525));
#4783 = LINE('',#4784,#4785);
#4784 = CARTESIAN_POINT('',(154.87236578671,28.939020904778,5.525));
#4785 = VECTOR('',#4786,1.);
#4786 = DIRECTION('',(-0.311293743953,0.950313740286,0.));
#4787 = ORIENTED_EDGE('',*,*,#4788,.F.);
#4788 = EDGE_CURVE('',#4764,#4781,#4789,.T.);
#4789 = LINE('',#4790,#4791);
#4790 = CARTESIAN_POINT('',(154.40542517078,30.364491515206,5.525));
#4791 = VECTOR('',#4792,1.);
#4792 = DIRECTION('',(0.950313740286,0.311293743953,0.));
#4793 = PLANE('',#4794);
#4794 = AXIS2_PLACEMENT_3D('',#4795,#4796,#4797);
#4795 = CARTESIAN_POINT('',(154.87236578671,28.939020904778,5.525));
#4796 = DIRECTION('',(0.,0.,1.));
#4797 = DIRECTION('',(-0.950313740286,-0.311293743953,0.));
#4798 = ADVANCED_FACE('',(#4799),#4805,.F.);
#4799 = FACE_BOUND('',#4800,.F.);
#4800 = EDGE_LOOP('',(#4801,#4802,#4803,#4804));
#4801 = ORIENTED_EDGE('',*,*,#4773,.F.);
#4802 = ORIENTED_EDGE('',*,*,#3174,.T.);
#4803 = ORIENTED_EDGE('',*,*,#4059,.T.);
#4804 = ORIENTED_EDGE('',*,*,#3341,.F.);
#4805 = PLANE('',#4806);
#4806 = AXIS2_PLACEMENT_3D('',#4807,#4808,#4809);
#4807 = CARTESIAN_POINT('',(154.3467,28.8353,0.));
#4808 = DIRECTION('',(-0.991448789651,0.130496350522,0.));
#4809 = DIRECTION('',(0.130496350522,0.991448789651,0.));
#4810 = ADVANCED_FACE('',(#4811),#4863,.F.);
#4811 = FACE_BOUND('',#4812,.F.);
#4812 = EDGE_LOOP('',(#4813,#4823,#4829,#4830,#4831,#4832,#4840,#4848,
    #4854,#4855,#4856,#4857));
#4813 = ORIENTED_EDGE('',*,*,#4814,.T.);
#4814 = EDGE_CURVE('',#4815,#4817,#4819,.T.);
#4815 = VERTEX_POINT('',#4816);
#4816 = CARTESIAN_POINT('',(154.40542517078,30.364491515206,1.975));
#4817 = VERTEX_POINT('',#4818);
#4818 = CARTESIAN_POINT('',(153.76727299567,32.312634682792,1.975));
#4819 = LINE('',#4820,#4821);
#4820 = CARTESIAN_POINT('',(154.40542517078,30.364491515206,1.975));
#4821 = VECTOR('',#4822,1.);
#4822 = DIRECTION('',(-0.311293743953,0.950313740286,0.));
#4823 = ORIENTED_EDGE('',*,*,#4824,.T.);
#4824 = EDGE_CURVE('',#4817,#4674,#4825,.T.);
#4825 = LINE('',#4826,#4827);
#4826 = CARTESIAN_POINT('',(153.76727299567,32.312634682792,1.975));
#4827 = VECTOR('',#4828,1.);
#4828 = DIRECTION('',(0.,0.,1.));
#4829 = ORIENTED_EDGE('',*,*,#4681,.T.);
#4830 = ORIENTED_EDGE('',*,*,#3244,.T.);
#4831 = ORIENTED_EDGE('',*,*,#4619,.F.);
#4832 = ORIENTED_EDGE('',*,*,#4833,.T.);
#4833 = EDGE_CURVE('',#4612,#4834,#4836,.T.);
#4834 = VERTEX_POINT('',#4835);
#4835 = CARTESIAN_POINT('',(153.76727299567,32.312634682792,7.025));
#4836 = LINE('',#4837,#4838);
#4837 = CARTESIAN_POINT('',(153.76727299567,32.312634682792,1.975));
#4838 = VECTOR('',#4839,1.);
#4839 = DIRECTION('',(0.,0.,1.));
#4840 = ORIENTED_EDGE('',*,*,#4841,.F.);
#4841 = EDGE_CURVE('',#4842,#4834,#4844,.T.);
#4842 = VERTEX_POINT('',#4843);
#4843 = CARTESIAN_POINT('',(154.40542517078,30.364491515206,7.025));
#4844 = LINE('',#4845,#4846);
#4845 = CARTESIAN_POINT('',(154.40542517078,30.364491515206,7.025));
#4846 = VECTOR('',#4847,1.);
#4847 = DIRECTION('',(-0.311293743953,0.950313740286,0.));
#4848 = ORIENTED_EDGE('',*,*,#4849,.F.);
#4849 = EDGE_CURVE('',#4781,#4842,#4850,.T.);
#4850 = LINE('',#4851,#4852);
#4851 = CARTESIAN_POINT('',(154.40542517078,30.364491515206,1.975));
#4852 = VECTOR('',#4853,1.);
#4853 = DIRECTION('',(0.,0.,1.));
#4854 = ORIENTED_EDGE('',*,*,#4780,.F.);
#4855 = ORIENTED_EDGE('',*,*,#3325,.T.);
#4856 = ORIENTED_EDGE('',*,*,#4717,.T.);
#4857 = ORIENTED_EDGE('',*,*,#4858,.F.);
#4858 = EDGE_CURVE('',#4815,#4718,#4859,.T.);
#4859 = LINE('',#4860,#4861);
#4860 = CARTESIAN_POINT('',(154.40542517078,30.364491515206,1.975));
#4861 = VECTOR('',#4862,1.);
#4862 = DIRECTION('',(0.,0.,1.));
#4863 = PLANE('',#4864);
#4864 = AXIS2_PLACEMENT_3D('',#4865,#4866,#4867);
#4865 = CARTESIAN_POINT('',(154.08634908322,31.338563098999,4.5));
#4866 = DIRECTION('',(0.950313740286,0.311293743953,-0.));
#4867 = DIRECTION('',(-0.,0.,-1.));
#4868 = ADVANCED_FACE('',(#4869),#4894,.F.);
#4869 = FACE_BOUND('',#4870,.F.);
#4870 = EDGE_LOOP('',(#4871,#4881,#4887,#4888));
#4871 = ORIENTED_EDGE('',*,*,#4872,.F.);
#4872 = EDGE_CURVE('',#4873,#4875,#4877,.T.);
#4873 = VERTEX_POINT('',#4874);
#4874 = CARTESIAN_POINT('',(23.070903955291,1.685965514421,8.4));
#4875 = VERTEX_POINT('',#4876);
#4876 = CARTESIAN_POINT('',(24.550902625684,1.914131976107,8.4));
#4877 = LINE('',#4878,#4879);
#4878 = CARTESIAN_POINT('',(23.070903955291,1.685965514421,8.4));
#4879 = VECTOR('',#4880,1.);
#4880 = DIRECTION('',(0.988324042078,0.152366623154,0.));
#4881 = ORIENTED_EDGE('',*,*,#4882,.T.);
#4882 = EDGE_CURVE('',#4873,#4114,#4883,.T.);
#4883 = LINE('',#4884,#4885);
#4884 = CARTESIAN_POINT('',(23.070903955291,1.685965514421,8.4));
#4885 = VECTOR('',#4886,1.);
#4886 = DIRECTION('',(0.,0.,1.));
#4887 = ORIENTED_EDGE('',*,*,#4111,.F.);
#4888 = ORIENTED_EDGE('',*,*,#4889,.F.);
#4889 = EDGE_CURVE('',#4875,#4112,#4890,.T.);
#4890 = LINE('',#4891,#4892);
#4891 = CARTESIAN_POINT('',(24.550902625684,1.914131976107,8.4));
#4892 = VECTOR('',#4893,1.);
#4893 = DIRECTION('',(0.,0.,1.));
#4894 = PLANE('',#4895);
#4895 = AXIS2_PLACEMENT_3D('',#4896,#4897,#4898);
#4896 = CARTESIAN_POINT('',(23.070903955291,1.685965514421,8.4));
#4897 = DIRECTION('',(-0.152366623154,0.988324042078,0.));
#4898 = DIRECTION('',(0.988324042078,0.152366623154,0.));
#4899 = ADVANCED_FACE('',(#4900),#4918,.F.);
#4900 = FACE_BOUND('',#4901,.F.);
#4901 = EDGE_LOOP('',(#4902,#4910,#4911,#4912));
#4902 = ORIENTED_EDGE('',*,*,#4903,.F.);
#4903 = EDGE_CURVE('',#4875,#4904,#4906,.T.);
#4904 = VERTEX_POINT('',#4905);
#4905 = CARTESIAN_POINT('',(23.900941379533,6.130096816003,8.4));
#4906 = LINE('',#4907,#4908);
#4907 = CARTESIAN_POINT('',(24.550902625684,1.914131976107,8.4));
#4908 = VECTOR('',#4909,1.);
#4909 = DIRECTION('',(-0.152366623154,0.988324042078,0.));
#4910 = ORIENTED_EDGE('',*,*,#4889,.T.);
#4911 = ORIENTED_EDGE('',*,*,#4121,.F.);
#4912 = ORIENTED_EDGE('',*,*,#4913,.F.);
#4913 = EDGE_CURVE('',#4904,#4122,#4914,.T.);
#4914 = LINE('',#4915,#4916);
#4915 = CARTESIAN_POINT('',(23.900941379533,6.130096816003,8.4));
#4916 = VECTOR('',#4917,1.);
#4917 = DIRECTION('',(0.,0.,1.));
#4918 = PLANE('',#4919);
#4919 = AXIS2_PLACEMENT_3D('',#4920,#4921,#4922);
#4920 = CARTESIAN_POINT('',(24.550902625684,1.914131976107,8.4));
#4921 = DIRECTION('',(-0.988324042078,-0.152366623154,0.));
#4922 = DIRECTION('',(-0.152366623154,0.988324042078,0.));
#4923 = ADVANCED_FACE('',(#4924),#4942,.F.);
#4924 = FACE_BOUND('',#4925,.F.);
#4925 = EDGE_LOOP('',(#4926,#4934,#4940,#4941));
#4926 = ORIENTED_EDGE('',*,*,#4927,.F.);
#4927 = EDGE_CURVE('',#4928,#4873,#4930,.T.);
#4928 = VERTEX_POINT('',#4929);
#4929 = CARTESIAN_POINT('',(23.248426410187,0.534468509692,8.4));
#4930 = LINE('',#4931,#4932);
#4931 = CARTESIAN_POINT('',(23.248426410187,0.534468509692,8.4));
#4932 = VECTOR('',#4933,1.);
#4933 = DIRECTION('',(-0.152366623154,0.988324042078,0.));
#4934 = ORIENTED_EDGE('',*,*,#4935,.T.);
#4935 = EDGE_CURVE('',#4928,#4186,#4936,.T.);
#4936 = LINE('',#4937,#4938);
#4937 = CARTESIAN_POINT('',(23.248426410187,0.534468509692,8.4));
#4938 = VECTOR('',#4939,1.);
#4939 = DIRECTION('',(0.,0.,1.));
#4940 = ORIENTED_EDGE('',*,*,#4193,.F.);
#4941 = ORIENTED_EDGE('',*,*,#4882,.F.);
#4942 = PLANE('',#4943);
#4943 = AXIS2_PLACEMENT_3D('',#4944,#4945,#4946);
#4944 = CARTESIAN_POINT('',(23.248426410187,0.534468509692,8.4));
#4945 = DIRECTION('',(-0.988324042078,-0.152366623154,0.));
#4946 = DIRECTION('',(-0.152366623154,0.988324042078,0.));
#4947 = ADVANCED_FACE('',(#4948),#4966,.F.);
#4948 = FACE_BOUND('',#4949,.F.);
#4949 = EDGE_LOOP('',(#4950,#4958,#4959,#4960));
#4950 = ORIENTED_EDGE('',*,*,#4951,.F.);
#4951 = EDGE_CURVE('',#4904,#4952,#4954,.T.);
#4952 = VERTEX_POINT('',#4953);
#4953 = CARTESIAN_POINT('',(22.430441785574,5.580157604178,8.4));
#4954 = LINE('',#4955,#4956);
#4955 = CARTESIAN_POINT('',(23.900941379533,6.130096816003,8.4));
#4956 = VECTOR('',#4957,1.);
#4957 = DIRECTION('',(-0.936642528413,-0.350286702529,0.));
#4958 = ORIENTED_EDGE('',*,*,#4913,.T.);
#4959 = ORIENTED_EDGE('',*,*,#4129,.F.);
#4960 = ORIENTED_EDGE('',*,*,#4961,.F.);
#4961 = EDGE_CURVE('',#4952,#4130,#4962,.T.);
#4962 = LINE('',#4963,#4964);
#4963 = CARTESIAN_POINT('',(22.430441785574,5.580157604178,8.4));
#4964 = VECTOR('',#4965,1.);
#4965 = DIRECTION('',(0.,0.,1.));
#4966 = PLANE('',#4967);
#4967 = AXIS2_PLACEMENT_3D('',#4968,#4969,#4970);
#4968 = CARTESIAN_POINT('',(23.900941379533,6.130096816003,8.4));
#4969 = DIRECTION('',(0.350286702529,-0.936642528413,0.));
#4970 = DIRECTION('',(-0.936642528413,-0.350286702529,0.));
#4971 = ADVANCED_FACE('',(#4972),#4990,.F.);
#4972 = FACE_BOUND('',#4973,.F.);
#4973 = EDGE_LOOP('',(#4974,#4982,#4988,#4989));
#4974 = ORIENTED_EDGE('',*,*,#4975,.F.);
#4975 = EDGE_CURVE('',#4976,#4928,#4978,.T.);
#4976 = VERTEX_POINT('',#4977);
#4977 = CARTESIAN_POINT('',(27.792892915747,1.235073762632,8.4));
#4978 = LINE('',#4979,#4980);
#4979 = CARTESIAN_POINT('',(27.792892915747,1.235073762632,8.4));
#4980 = VECTOR('',#4981,1.);
#4981 = DIRECTION('',(-0.988324042078,-0.152366623154,0.));
#4982 = ORIENTED_EDGE('',*,*,#4983,.T.);
#4983 = EDGE_CURVE('',#4976,#4178,#4984,.T.);
#4984 = LINE('',#4985,#4986);
#4985 = CARTESIAN_POINT('',(27.792892915747,1.235073762632,8.4));
#4986 = VECTOR('',#4987,1.);
#4987 = DIRECTION('',(0.,0.,1.));
#4988 = ORIENTED_EDGE('',*,*,#4185,.F.);
#4989 = ORIENTED_EDGE('',*,*,#4935,.F.);
#4990 = PLANE('',#4991);
#4991 = AXIS2_PLACEMENT_3D('',#4992,#4993,#4994);
#4992 = CARTESIAN_POINT('',(27.792892915747,1.235073762632,8.4));
#4993 = DIRECTION('',(0.152366623154,-0.988324042078,0.));
#4994 = DIRECTION('',(-0.988324042078,-0.152366623154,0.));
#4995 = ADVANCED_FACE('',(#4996),#5014,.F.);
#4996 = FACE_BOUND('',#4997,.F.);
#4997 = EDGE_LOOP('',(#4998,#5006,#5007,#5008));
#4998 = ORIENTED_EDGE('',*,*,#4999,.F.);
#4999 = EDGE_CURVE('',#4952,#5000,#5002,.T.);
#5000 = VERTEX_POINT('',#5001);
#5001 = CARTESIAN_POINT('',(22.255782596079,6.713082076573,8.4));
#5002 = LINE('',#5003,#5004);
#5003 = CARTESIAN_POINT('',(22.430441785574,5.580157604178,8.4));
#5004 = VECTOR('',#5005,1.);
#5005 = DIRECTION('',(-0.152366623154,0.988324042078,0.));
#5006 = ORIENTED_EDGE('',*,*,#4961,.T.);
#5007 = ORIENTED_EDGE('',*,*,#4137,.F.);
#5008 = ORIENTED_EDGE('',*,*,#5009,.F.);
#5009 = EDGE_CURVE('',#5000,#4138,#5010,.T.);
#5010 = LINE('',#5011,#5012);
#5011 = CARTESIAN_POINT('',(22.255782596079,6.713082076573,8.4));
#5012 = VECTOR('',#5013,1.);
#5013 = DIRECTION('',(0.,0.,1.));
#5014 = PLANE('',#5015);
#5015 = AXIS2_PLACEMENT_3D('',#5016,#5017,#5018);
#5016 = CARTESIAN_POINT('',(22.430441785574,5.580157604178,8.4));
#5017 = DIRECTION('',(-0.988324042078,-0.152366623154,0.));
#5018 = DIRECTION('',(-0.152366623154,0.988324042078,0.));
#5019 = ADVANCED_FACE('',(#5020),#5038,.F.);
#5020 = FACE_BOUND('',#5021,.F.);
#5021 = EDGE_LOOP('',(#5022,#5030,#5036,#5037));
#5022 = ORIENTED_EDGE('',*,*,#5023,.F.);
#5023 = EDGE_CURVE('',#5024,#4976,#5026,.T.);
#5024 = VERTEX_POINT('',#5025);
#5025 = CARTESIAN_POINT('',(27.615370460851,2.386570767362,8.4));
#5026 = LINE('',#5027,#5028);
#5027 = CARTESIAN_POINT('',(27.615370460851,2.386570767362,8.4));
#5028 = VECTOR('',#5029,1.);
#5029 = DIRECTION('',(0.152366623154,-0.988324042078,-0.));
#5030 = ORIENTED_EDGE('',*,*,#5031,.T.);
#5031 = EDGE_CURVE('',#5024,#4170,#5032,.T.);
#5032 = LINE('',#5033,#5034);
#5033 = CARTESIAN_POINT('',(27.615370460851,2.386570767362,8.4));
#5034 = VECTOR('',#5035,1.);
#5035 = DIRECTION('',(0.,0.,1.));
#5036 = ORIENTED_EDGE('',*,*,#4177,.F.);
#5037 = ORIENTED_EDGE('',*,*,#4983,.F.);
#5038 = PLANE('',#5039);
#5039 = AXIS2_PLACEMENT_3D('',#5040,#5041,#5042);
#5040 = CARTESIAN_POINT('',(27.615370460851,2.386570767362,8.4));
#5041 = DIRECTION('',(0.988324042078,0.152366623154,0.));
#5042 = DIRECTION('',(0.152366623154,-0.988324042078,0.));
#5043 = ADVANCED_FACE('',(#5044),#5062,.F.);
#5044 = FACE_BOUND('',#5045,.F.);
#5045 = EDGE_LOOP('',(#5046,#5054,#5055,#5056));
#5046 = ORIENTED_EDGE('',*,*,#5047,.F.);
#5047 = EDGE_CURVE('',#5000,#5048,#5050,.T.);
#5048 = VERTEX_POINT('',#5049);
#5049 = CARTESIAN_POINT('',(23.717576315507,7.261679132741,8.4));
#5050 = LINE('',#5051,#5052);
#5051 = CARTESIAN_POINT('',(22.255782596079,6.713082076573,8.4));
#5052 = VECTOR('',#5053,1.);
#5053 = DIRECTION('',(0.936239780401,0.35136174179,0.));
#5054 = ORIENTED_EDGE('',*,*,#5009,.T.);
#5055 = ORIENTED_EDGE('',*,*,#4145,.F.);
#5056 = ORIENTED_EDGE('',*,*,#5057,.F.);
#5057 = EDGE_CURVE('',#5048,#4146,#5058,.T.);
#5058 = LINE('',#5059,#5060);
#5059 = CARTESIAN_POINT('',(23.717576315507,7.261679132741,8.4));
#5060 = VECTOR('',#5061,1.);
#5061 = DIRECTION('',(0.,0.,1.));
#5062 = PLANE('',#5063);
#5063 = AXIS2_PLACEMENT_3D('',#5064,#5065,#5066);
#5064 = CARTESIAN_POINT('',(22.255782596079,6.713082076573,8.4));
#5065 = DIRECTION('',(-0.35136174179,0.936239780401,0.));
#5066 = DIRECTION('',(0.936239780401,0.35136174179,0.));
#5067 = ADVANCED_FACE('',(#5068),#5086,.F.);
#5068 = FACE_BOUND('',#5069,.F.);
#5069 = EDGE_LOOP('',(#5070,#5078,#5084,#5085));
#5070 = ORIENTED_EDGE('',*,*,#5071,.F.);
#5071 = EDGE_CURVE('',#5072,#5024,#5074,.T.);
#5072 = VERTEX_POINT('',#5073);
#5073 = CARTESIAN_POINT('',(26.135371790458,2.158404305676,8.4));
#5074 = LINE('',#5075,#5076);
#5075 = CARTESIAN_POINT('',(26.135371790458,2.158404305676,8.4));
#5076 = VECTOR('',#5077,1.);
#5077 = DIRECTION('',(0.988324042078,0.152366623154,0.));
#5078 = ORIENTED_EDGE('',*,*,#5079,.T.);
#5079 = EDGE_CURVE('',#5072,#4162,#5080,.T.);
#5080 = LINE('',#5081,#5082);
#5081 = CARTESIAN_POINT('',(26.135371790458,2.158404305676,8.4));
#5082 = VECTOR('',#5083,1.);
#5083 = DIRECTION('',(0.,0.,1.));
#5084 = ORIENTED_EDGE('',*,*,#4169,.F.);
#5085 = ORIENTED_EDGE('',*,*,#5031,.F.);
#5086 = PLANE('',#5087);
#5087 = AXIS2_PLACEMENT_3D('',#5088,#5089,#5090);
#5088 = CARTESIAN_POINT('',(26.135371790458,2.158404305676,8.4));
#5089 = DIRECTION('',(-0.152366623154,0.988324042078,0.));
#5090 = DIRECTION('',(0.988324042078,0.152366623154,0.));
#5091 = ADVANCED_FACE('',(#5092),#5110,.F.);
#5092 = FACE_BOUND('',#5093,.F.);
#5093 = EDGE_LOOP('',(#5094,#5102,#5103,#5104));
#5094 = ORIENTED_EDGE('',*,*,#5095,.F.);
#5095 = EDGE_CURVE('',#5048,#5096,#5098,.T.);
#5096 = VERTEX_POINT('',#5097);
#5097 = CARTESIAN_POINT('',(25.310751354813,7.507293617968,8.4));
#5098 = LINE('',#5099,#5100);
#5099 = CARTESIAN_POINT('',(23.717576315507,7.261679132741,8.4));
#5100 = VECTOR('',#5101,1.);
#5101 = DIRECTION('',(0.988324042078,0.152366623154,0.));
#5102 = ORIENTED_EDGE('',*,*,#5057,.T.);
#5103 = ORIENTED_EDGE('',*,*,#4153,.F.);
#5104 = ORIENTED_EDGE('',*,*,#5105,.F.);
#5105 = EDGE_CURVE('',#5096,#4154,#5106,.T.);
#5106 = LINE('',#5107,#5108);
#5107 = CARTESIAN_POINT('',(25.310751354813,7.507293617968,8.4));
#5108 = VECTOR('',#5109,1.);
#5109 = DIRECTION('',(0.,0.,1.));
#5110 = PLANE('',#5111);
#5111 = AXIS2_PLACEMENT_3D('',#5112,#5113,#5114);
#5112 = CARTESIAN_POINT('',(23.717576315507,7.261679132741,8.4));
#5113 = DIRECTION('',(-0.152366623154,0.988324042078,0.));
#5114 = DIRECTION('',(0.988324042078,0.152366623154,0.));
#5115 = ADVANCED_FACE('',(#5116),#5127,.F.);
#5116 = FACE_BOUND('',#5117,.F.);
#5117 = EDGE_LOOP('',(#5118,#5124,#5125,#5126));
#5118 = ORIENTED_EDGE('',*,*,#5119,.F.);
#5119 = EDGE_CURVE('',#5096,#5072,#5120,.T.);
#5120 = LINE('',#5121,#5122);
#5121 = CARTESIAN_POINT('',(25.310751354813,7.507293617968,8.4));
#5122 = VECTOR('',#5123,1.);
#5123 = DIRECTION('',(0.152366623154,-0.988324042078,-0.));
#5124 = ORIENTED_EDGE('',*,*,#5105,.T.);
#5125 = ORIENTED_EDGE('',*,*,#4161,.F.);
#5126 = ORIENTED_EDGE('',*,*,#5079,.F.);
#5127 = PLANE('',#5128);
#5128 = AXIS2_PLACEMENT_3D('',#5129,#5130,#5131);
#5129 = CARTESIAN_POINT('',(25.310751354813,7.507293617968,8.4));
#5130 = DIRECTION('',(0.988324042078,0.152366623154,0.));
#5131 = DIRECTION('',(0.152366623154,-0.988324042078,0.));
#5132 = ADVANCED_FACE('',(#5133),#5147,.F.);
#5133 = FACE_BOUND('',#5134,.F.);
#5134 = EDGE_LOOP('',(#5135,#5136,#5137,#5138,#5139,#5140,#5141,#5142,
    #5143,#5144,#5145,#5146));
#5135 = ORIENTED_EDGE('',*,*,#4349,.F.);
#5136 = ORIENTED_EDGE('',*,*,#4309,.F.);
#5137 = ORIENTED_EDGE('',*,*,#4253,.T.);
#5138 = ORIENTED_EDGE('',*,*,#4275,.F.);
#5139 = ORIENTED_EDGE('',*,*,#4333,.T.);
#5140 = ORIENTED_EDGE('',*,*,#4371,.T.);
#5141 = ORIENTED_EDGE('',*,*,#4421,.T.);
#5142 = ORIENTED_EDGE('',*,*,#4477,.T.);
#5143 = ORIENTED_EDGE('',*,*,#4517,.F.);
#5144 = ORIENTED_EDGE('',*,*,#4491,.T.);
#5145 = ORIENTED_EDGE('',*,*,#4453,.F.);
#5146 = ORIENTED_EDGE('',*,*,#4395,.F.);
#5147 = PLANE('',#5148);
#5148 = AXIS2_PLACEMENT_3D('',#5149,#5150,#5151);
#5149 = CARTESIAN_POINT('',(10.1,5.8,4.5));
#5150 = DIRECTION('',(1.,0.,0.));
#5151 = DIRECTION('',(0.,1.,0.));
#5152 = ADVANCED_FACE('',(#5153),#5156,.F.);
#5153 = FACE_BOUND('',#5154,.F.);
#5154 = EDGE_LOOP('',(#5155));
#5155 = ORIENTED_EDGE('',*,*,#4540,.T.);
#5156 = PLANE('',#5157);
#5157 = AXIS2_PLACEMENT_3D('',#5158,#5159,#5160);
#5158 = CARTESIAN_POINT('',(2.,1.45,4.5));
#5159 = DIRECTION('',(1.,0.,0.));
#5160 = DIRECTION('',(0.,1.,0.));
#5161 = ADVANCED_FACE('',(#5162),#5214,.F.);
#5162 = FACE_BOUND('',#5163,.F.);
#5163 = EDGE_LOOP('',(#5164,#5172,#5180,#5186,#5187,#5188,#5189,#5197,
    #5205,#5211,#5212,#5213));
#5164 = ORIENTED_EDGE('',*,*,#5165,.F.);
#5165 = EDGE_CURVE('',#5166,#4666,#5168,.T.);
#5166 = VERTEX_POINT('',#5167);
#5167 = CARTESIAN_POINT('',(144.07407284476,29.137438494468,1.975));
#5168 = LINE('',#5169,#5170);
#5169 = CARTESIAN_POINT('',(144.07407284476,29.137438494468,1.975));
#5170 = VECTOR('',#5171,1.);
#5171 = DIRECTION('',(0.,0.,1.));
#5172 = ORIENTED_EDGE('',*,*,#5173,.F.);
#5173 = EDGE_CURVE('',#5174,#5166,#5176,.T.);
#5174 = VERTEX_POINT('',#5175);
#5175 = CARTESIAN_POINT('',(144.71222501986,27.189295326883,1.975));
#5176 = LINE('',#5177,#5178);
#5177 = CARTESIAN_POINT('',(144.71222501986,27.189295326883,1.975));
#5178 = VECTOR('',#5179,1.);
#5179 = DIRECTION('',(-0.311293743953,0.950313740286,0.));
#5180 = ORIENTED_EDGE('',*,*,#5181,.T.);
#5181 = EDGE_CURVE('',#5174,#4701,#5182,.T.);
#5182 = LINE('',#5183,#5184);
#5183 = CARTESIAN_POINT('',(144.71222501986,27.189295326883,1.975));
#5184 = VECTOR('',#5185,1.);
#5185 = DIRECTION('',(0.,0.,1.));
#5186 = ORIENTED_EDGE('',*,*,#4698,.F.);
#5187 = ORIENTED_EDGE('',*,*,#4749,.T.);
#5188 = ORIENTED_EDGE('',*,*,#4763,.T.);
#5189 = ORIENTED_EDGE('',*,*,#5190,.T.);
#5190 = EDGE_CURVE('',#4764,#5191,#5193,.T.);
#5191 = VERTEX_POINT('',#5192);
#5192 = CARTESIAN_POINT('',(144.71222501986,27.189295326883,7.025));
#5193 = LINE('',#5194,#5195);
#5194 = CARTESIAN_POINT('',(144.71222501986,27.189295326883,1.975));
#5195 = VECTOR('',#5196,1.);
#5196 = DIRECTION('',(0.,0.,1.));
#5197 = ORIENTED_EDGE('',*,*,#5198,.T.);
#5198 = EDGE_CURVE('',#5191,#5199,#5201,.T.);
#5199 = VERTEX_POINT('',#5200);
#5200 = CARTESIAN_POINT('',(144.07407284476,29.137438494468,7.025));
#5201 = LINE('',#5202,#5203);
#5202 = CARTESIAN_POINT('',(144.71222501986,27.189295326883,7.025));
#5203 = VECTOR('',#5204,1.);
#5204 = DIRECTION('',(-0.311293743953,0.950313740286,0.));
#5205 = ORIENTED_EDGE('',*,*,#5206,.F.);
#5206 = EDGE_CURVE('',#4602,#5199,#5207,.T.);
#5207 = LINE('',#5208,#5209);
#5208 = CARTESIAN_POINT('',(144.07407284476,29.137438494468,1.975));
#5209 = VECTOR('',#5210,1.);
#5210 = DIRECTION('',(0.,0.,1.));
#5211 = ORIENTED_EDGE('',*,*,#4601,.T.);
#5212 = ORIENTED_EDGE('',*,*,#4651,.F.);
#5213 = ORIENTED_EDGE('',*,*,#4665,.F.);
#5214 = PLANE('',#5215);
#5215 = AXIS2_PLACEMENT_3D('',#5216,#5217,#5218);
#5216 = CARTESIAN_POINT('',(144.39314893231,28.163366910676,4.5));
#5217 = DIRECTION('',(-0.950313740286,-0.311293743953,0.));
#5218 = DIRECTION('',(0.,0.,1.));
#5219 = ADVANCED_FACE('',(#5220),#5231,.F.);
#5220 = FACE_BOUND('',#5221,.F.);
#5221 = EDGE_LOOP('',(#5222,#5223,#5224,#5225));
#5222 = ORIENTED_EDGE('',*,*,#4833,.F.);
#5223 = ORIENTED_EDGE('',*,*,#4611,.F.);
#5224 = ORIENTED_EDGE('',*,*,#5206,.T.);
#5225 = ORIENTED_EDGE('',*,*,#5226,.F.);
#5226 = EDGE_CURVE('',#4834,#5199,#5227,.T.);
#5227 = LINE('',#5228,#5229);
#5228 = CARTESIAN_POINT('',(153.76727299567,32.312634682792,7.025));
#5229 = VECTOR('',#5230,1.);
#5230 = DIRECTION('',(-0.950313740286,-0.311293743953,0.));
#5231 = PLANE('',#5232);
#5232 = AXIS2_PLACEMENT_3D('',#5233,#5234,#5235);
#5233 = CARTESIAN_POINT('',(153.76727299567,32.312634682792,1.975));
#5234 = DIRECTION('',(-0.311293743953,0.950313740286,0.));
#5235 = DIRECTION('',(-0.950313740286,-0.311293743953,0.));
#5236 = ADVANCED_FACE('',(#5237),#5248,.F.);
#5237 = FACE_BOUND('',#5238,.F.);
#5238 = EDGE_LOOP('',(#5239,#5240,#5246,#5247));
#5239 = ORIENTED_EDGE('',*,*,#4824,.F.);
#5240 = ORIENTED_EDGE('',*,*,#5241,.T.);
#5241 = EDGE_CURVE('',#4817,#5166,#5242,.T.);
#5242 = LINE('',#5243,#5244);
#5243 = CARTESIAN_POINT('',(153.76727299567,32.312634682792,1.975));
#5244 = VECTOR('',#5245,1.);
#5245 = DIRECTION('',(-0.950313740286,-0.311293743953,0.));
#5246 = ORIENTED_EDGE('',*,*,#5165,.T.);
#5247 = ORIENTED_EDGE('',*,*,#4673,.T.);
#5248 = PLANE('',#5249);
#5249 = AXIS2_PLACEMENT_3D('',#5250,#5251,#5252);
#5250 = CARTESIAN_POINT('',(153.76727299567,32.312634682792,1.975));
#5251 = DIRECTION('',(-0.311293743953,0.950313740286,0.));
#5252 = DIRECTION('',(-0.950313740286,-0.311293743953,0.));
#5253 = ADVANCED_FACE('',(#5254),#5265,.T.);
#5254 = FACE_BOUND('',#5255,.T.);
#5255 = EDGE_LOOP('',(#5256,#5257,#5263,#5264));
#5256 = ORIENTED_EDGE('',*,*,#4858,.F.);
#5257 = ORIENTED_EDGE('',*,*,#5258,.T.);
#5258 = EDGE_CURVE('',#4815,#5174,#5259,.T.);
#5259 = LINE('',#5260,#5261);
#5260 = CARTESIAN_POINT('',(154.40542517078,30.364491515206,1.975));
#5261 = VECTOR('',#5262,1.);
#5262 = DIRECTION('',(-0.950313740286,-0.311293743953,0.));
#5263 = ORIENTED_EDGE('',*,*,#5181,.T.);
#5264 = ORIENTED_EDGE('',*,*,#4725,.T.);
#5265 = PLANE('',#5266);
#5266 = AXIS2_PLACEMENT_3D('',#5267,#5268,#5269);
#5267 = CARTESIAN_POINT('',(154.40542517078,30.364491515206,1.975));
#5268 = DIRECTION('',(-0.311293743953,0.950313740286,0.));
#5269 = DIRECTION('',(-0.950313740286,-0.311293743953,0.));
#5270 = ADVANCED_FACE('',(#5271),#5282,.T.);
#5271 = FACE_BOUND('',#5272,.T.);
#5272 = EDGE_LOOP('',(#5273,#5274,#5275,#5276));
#5273 = ORIENTED_EDGE('',*,*,#4849,.F.);
#5274 = ORIENTED_EDGE('',*,*,#4788,.F.);
#5275 = ORIENTED_EDGE('',*,*,#5190,.T.);
#5276 = ORIENTED_EDGE('',*,*,#5277,.F.);
#5277 = EDGE_CURVE('',#4842,#5191,#5278,.T.);
#5278 = LINE('',#5279,#5280);
#5279 = CARTESIAN_POINT('',(154.40542517078,30.364491515206,7.025));
#5280 = VECTOR('',#5281,1.);
#5281 = DIRECTION('',(-0.950313740286,-0.311293743953,0.));
#5282 = PLANE('',#5283);
#5283 = AXIS2_PLACEMENT_3D('',#5284,#5285,#5286);
#5284 = CARTESIAN_POINT('',(154.40542517078,30.364491515206,1.975));
#5285 = DIRECTION('',(-0.311293743953,0.950313740286,0.));
#5286 = DIRECTION('',(-0.950313740286,-0.311293743953,0.));
#5287 = ADVANCED_FACE('',(#5288),#5294,.T.);
#5288 = FACE_BOUND('',#5289,.T.);
#5289 = EDGE_LOOP('',(#5290,#5291,#5292,#5293));
#5290 = ORIENTED_EDGE('',*,*,#5258,.F.);
#5291 = ORIENTED_EDGE('',*,*,#4814,.T.);
#5292 = ORIENTED_EDGE('',*,*,#5241,.T.);
#5293 = ORIENTED_EDGE('',*,*,#5173,.F.);
#5294 = PLANE('',#5295);
#5295 = AXIS2_PLACEMENT_3D('',#5296,#5297,#5298);
#5296 = CARTESIAN_POINT('',(154.40542517078,30.364491515206,1.975));
#5297 = DIRECTION('',(0.,0.,1.));
#5298 = DIRECTION('',(-0.950313740286,-0.311293743953,0.));
#5299 = ADVANCED_FACE('',(#5300),#5306,.F.);
#5300 = FACE_BOUND('',#5301,.F.);
#5301 = EDGE_LOOP('',(#5302,#5303,#5304,#5305));
#5302 = ORIENTED_EDGE('',*,*,#5277,.F.);
#5303 = ORIENTED_EDGE('',*,*,#4841,.T.);
#5304 = ORIENTED_EDGE('',*,*,#5226,.T.);
#5305 = ORIENTED_EDGE('',*,*,#5198,.F.);
#5306 = PLANE('',#5307);
#5307 = AXIS2_PLACEMENT_3D('',#5308,#5309,#5310);
#5308 = CARTESIAN_POINT('',(154.40542517078,30.364491515206,7.025));
#5309 = DIRECTION('',(0.,0.,1.));
#5310 = DIRECTION('',(-0.950313740286,-0.311293743953,0.));
#5311 = ADVANCED_FACE('',(#5312),#5325,.T.);
#5312 = FACE_BOUND('',#5313,.F.);
#5313 = EDGE_LOOP('',(#5314,#5315,#5316,#5317,#5318,#5319,#5320,#5321,
    #5322,#5323,#5324));
#5314 = ORIENTED_EDGE('',*,*,#4872,.T.);
#5315 = ORIENTED_EDGE('',*,*,#4903,.T.);
#5316 = ORIENTED_EDGE('',*,*,#4951,.T.);
#5317 = ORIENTED_EDGE('',*,*,#4999,.T.);
#5318 = ORIENTED_EDGE('',*,*,#5047,.T.);
#5319 = ORIENTED_EDGE('',*,*,#5095,.T.);
#5320 = ORIENTED_EDGE('',*,*,#5119,.T.);
#5321 = ORIENTED_EDGE('',*,*,#5071,.T.);
#5322 = ORIENTED_EDGE('',*,*,#5023,.T.);
#5323 = ORIENTED_EDGE('',*,*,#4975,.T.);
#5324 = ORIENTED_EDGE('',*,*,#4927,.T.);
#5325 = PLANE('',#5326);
#5326 = AXIS2_PLACEMENT_3D('',#5327,#5328,#5329);
#5327 = CARTESIAN_POINT('',(24.811199280127,3.763520927559,8.4));
#5328 = DIRECTION('',(0.,0.,1.));
#5329 = DIRECTION('',(0.988324042078,0.152366623154,0.));
#5330 = ( GEOMETRIC_REPRESENTATION_CONTEXT(3) 
GLOBAL_UNCERTAINTY_ASSIGNED_CONTEXT((#5334)) 
GLOBAL_UNIT_ASSIGNED_CONTEXT((#5331,#5332,#5333)) REPRESENTATION_CONTEXT
('Context #1','3D Context with UNIT and UNCERTAINTY') );
#5331 = ( LENGTH_UNIT() NAMED_UNIT(*) SI_UNIT(.MILLI.,.METRE.) );
#5332 = ( NAMED_UNIT(*) PLANE_ANGLE_UNIT() SI_UNIT($,.RADIAN.) );
#5333 = ( NAMED_UNIT(*) SI_UNIT($,.STERADIAN.) SOLID_ANGLE_UNIT() );
#5334 = UNCERTAINTY_MEASURE_WITH_UNIT(LENGTH_MEASURE(1.E-07),#5331,
  'distance_accuracy_value','confusion accuracy');
#5335 = PRODUCT_RELATED_PRODUCT_CATEGORY('part',$,(#7));
ENDSEC;
END-ISO-10303-21;
