ISO-10303-21;
HEADER;
FILE_DESCRIPTION(('FreeCAD Model'),'2;1');
FILE_NAME('Open CASCADE Shape Model','2026-10-06T23:34:19',('Author'),(
    ''),'Open CASCADE STEP processor 7.8','FreeCAD','Unknown');
FILE_SCHEMA(('AUTOMOTIVE_DESIGN { 1 0 10303 214 1 1 1 1 }'));
ENDSEC;
DATA;
#1 = APPLICATION_PROTOCOL_DEFINITION('international standard',
  'automotive_design',2000,#2);
#2 = APPLICATION_CONTEXT(
  'core data for automotive mechanical design processes');
#3 = SHAPE_DEFINITION_REPRESENTATION(#4,#10);
#4 = PRODUCT_DEFINITION_SHAPE('','',#5);
#5 = PRODUCT_DEFINITION('design','',#6,#9);
#6 = PRODUCT_DEFINITION_FORMATION('','',#7);
#7 = PRODUCT('Branch5','Branch5','',(#8));
#8 = PRODUCT_CONTEXT('',#2,'mechanical');
#9 = PRODUCT_DEFINITION_CONTEXT('part definition',#2,'design');
#10 = ADVANCED_BREP_SHAPE_REPRESENTATION('',(#11,#15),#5402);
#11 = AXIS2_PLACEMENT_3D('',#12,#13,#14);
#12 = CARTESIAN_POINT('',(0.,0.,0.));
#13 = DIRECTION('',(0.,0.,1.));
#14 = DIRECTION('',(1.,0.,-0.));
#15 = MANIFOLD_SOLID_BREP('',#16);
#16 = CLOSED_SHELL('',(#17,#841,#992,#1016,#1040,#1064,#1088,#1112,#1153
    ,#1177,#1202,#1226,#1251,#1275,#1333,#1357,#1381,#1405,#1429,#1453,
    #1477,#1501,#1525,#1549,#1573,#1597,#1621,#1645,#1669,#1693,#1717,
    #1741,#1765,#1789,#1813,#1837,#1861,#1885,#1909,#1933,#1957,#1981,
    #2005,#2029,#2053,#2077,#2101,#2125,#2149,#2173,#2197,#2221,#2245,
    #2269,#2293,#2317,#2341,#2365,#2389,#2413,#2437,#2461,#2485,#2509,
    #2533,#2557,#2581,#2605,#2629,#2653,#2677,#2701,#2725,#2749,#2773,
    #2797,#2821,#2845,#2869,#2925,#2949,#2996,#3020,#3044,#3068,#3124,
    #3148,#3195,#3212,#3237,#3268,#3292,#3316,#3340,#3364,#3388,#3412,
    #3436,#3460,#3484,#3508,#3525,#3550,#3975,#4000,#4031,#4055,#4079,
    #4103,#4127,#4151,#4175,#4199,#4223,#4247,#4271,#4288,#4341,#4358,
    #4370,#4381,#4421,#4445,#4478,#4550,#4583,#4616,#4633,#4664,#4688,
    #4712,#4736,#4762,#4786,#4812,#4838,#4864,#4890,#4916,#4942,#4968,
    #4994,#5020,#5046,#5072,#5098,#5124,#5150,#5174,#5193,#5202,#5222,
    #5280,#5297,#5314,#5331,#5343,#5360,#5372));
#17 = ADVANCED_FACE('',(#18,#716,#727,#825),#836,.T.);
#18 = FACE_BOUND('',#19,.T.);
#19 = EDGE_LOOP('',(#20,#30,#38,#46,#54,#62,#70,#78,#86,#94,#102,#110,
    #118,#126,#134,#142,#150,#158,#166,#174,#182,#190,#198,#206,#214,
    #222,#230,#238,#246,#254,#262,#270,#278,#286,#294,#302,#310,#318,
    #326,#334,#342,#350,#358,#366,#374,#382,#390,#398,#406,#414,#422,
    #430,#438,#446,#454,#462,#470,#478,#486,#494,#502,#510,#518,#526,
    #534,#542,#550,#558,#566,#574,#582,#590,#598,#606,#614,#622,#630,
    #638,#646,#654,#662,#670,#678,#686,#694,#702,#710));
#20 = ORIENTED_EDGE('',*,*,#21,.F.);
#21 = EDGE_CURVE('',#22,#24,#26,.T.);
#22 = VERTEX_POINT('',#23);
#23 = CARTESIAN_POINT('',(0.,11.523632612734,0.));
#24 = VERTEX_POINT('',#25);
#25 = CARTESIAN_POINT('',(-0.,-11.,0.));
#26 = LINE('',#27,#28);
#27 = CARTESIAN_POINT('',(0.,-10.00967158405,0.));
#28 = VECTOR('',#29,1.);
#29 = DIRECTION('',(0.,-1.,0.));
#30 = ORIENTED_EDGE('',*,*,#31,.F.);
#31 = EDGE_CURVE('',#32,#22,#34,.T.);
#32 = VERTEX_POINT('',#33);
#33 = CARTESIAN_POINT('',(1.8898,12.12,0.));
#34 = LINE('',#35,#36);
#35 = CARTESIAN_POINT('',(1.8898,12.12,0.));
#36 = VECTOR('',#37,1.);
#37 = DIRECTION('',(-0.953642283637,-0.300942510889,0.));
#38 = ORIENTED_EDGE('',*,*,#39,.F.);
#39 = EDGE_CURVE('',#40,#32,#42,.T.);
#40 = VERTEX_POINT('',#41);
#41 = CARTESIAN_POINT('',(6.6265,13.5367,0.));
#42 = LINE('',#43,#44);
#43 = CARTESIAN_POINT('',(6.6265,13.5367,0.));
#44 = VECTOR('',#45,1.);
#45 = DIRECTION('',(-0.958065885166,-0.286548005893,0.));
#46 = ORIENTED_EDGE('',*,*,#47,.F.);
#47 = EDGE_CURVE('',#48,#40,#50,.T.);
#48 = VERTEX_POINT('',#49);
#49 = CARTESIAN_POINT('',(11.3633,14.8888,0.));
#50 = LINE('',#51,#52);
#51 = CARTESIAN_POINT('',(11.3633,14.8888,0.));
#52 = VECTOR('',#53,1.);
#53 = DIRECTION('',(-0.961592096927,-0.274482493298,0.));
#54 = ORIENTED_EDGE('',*,*,#55,.F.);
#55 = EDGE_CURVE('',#56,#48,#58,.T.);
#56 = VERTEX_POINT('',#57);
#57 = CARTESIAN_POINT('',(16.1,16.1899,0.));
#58 = LINE('',#59,#60);
#59 = CARTESIAN_POINT('',(16.1,16.1899,0.));
#60 = VECTOR('',#61,1.);
#61 = DIRECTION('',(-0.964283032423,-0.264873995289,0.));
#62 = ORIENTED_EDGE('',*,*,#63,.F.);
#63 = EDGE_CURVE('',#64,#56,#66,.T.);
#64 = VERTEX_POINT('',#65);
#65 = CARTESIAN_POINT('',(20.8368,17.4534,0.));
#66 = LINE('',#67,#68);
#67 = CARTESIAN_POINT('',(20.8368,17.4534,0.));
#68 = VECTOR('',#69,1.);
#69 = DIRECTION('',(-0.966216993705,-0.257729938259,0.));
#70 = ORIENTED_EDGE('',*,*,#71,.F.);
#71 = EDGE_CURVE('',#72,#64,#74,.T.);
#72 = VERTEX_POINT('',#73);
#73 = CARTESIAN_POINT('',(25.5736,18.6931,0.));
#74 = LINE('',#75,#76);
#75 = CARTESIAN_POINT('',(25.5736,18.6931,0.));
#76 = VECTOR('',#77,1.);
#77 = DIRECTION('',(-0.967416782398,-0.253189196322,0.));
#78 = ORIENTED_EDGE('',*,*,#79,.F.);
#79 = EDGE_CURVE('',#80,#72,#82,.T.);
#80 = VERTEX_POINT('',#81);
#81 = CARTESIAN_POINT('',(30.3103,19.9222,0.));
#82 = LINE('',#83,#84);
#83 = CARTESIAN_POINT('',(30.3103,19.9222,0.));
#84 = VECTOR('',#85,1.);
#85 = DIRECTION('',(-0.967943924267,-0.251166397981,0.));
#86 = ORIENTED_EDGE('',*,*,#87,.F.);
#87 = EDGE_CURVE('',#88,#80,#90,.T.);
#88 = VERTEX_POINT('',#89);
#89 = CARTESIAN_POINT('',(35.0471,21.1546,0.));
#90 = LINE('',#91,#92);
#91 = CARTESIAN_POINT('',(35.0471,21.1546,0.));
#92 = VECTOR('',#93,1.);
#93 = DIRECTION('',(-0.967781095611,-0.251793071743,0.));
#94 = ORIENTED_EDGE('',*,*,#95,.F.);
#95 = EDGE_CURVE('',#96,#88,#98,.T.);
#96 = VERTEX_POINT('',#97);
#97 = CARTESIAN_POINT('',(39.782313081624,22.40318156117,0.));
#98 = LINE('',#99,#100);
#99 = CARTESIAN_POINT('',(39.7839,22.4036,0.));
#100 = VECTOR('',#101,1.);
#101 = DIRECTION('',(-0.966950142423,-0.254965531136,0.));
#102 = ORIENTED_EDGE('',*,*,#103,.F.);
#103 = EDGE_CURVE('',#104,#96,#106,.T.);
#104 = VERTEX_POINT('',#105);
#105 = CARTESIAN_POINT('',(50.4078,35.7587,0.));
#106 = LINE('',#107,#108);
#107 = CARTESIAN_POINT('',(50.4078,35.7587,0.));
#108 = VECTOR('',#109,1.);
#109 = DIRECTION('',(-0.622587408504,-0.782550265972,0.));
#110 = ORIENTED_EDGE('',*,*,#111,.F.);
#111 = EDGE_CURVE('',#112,#104,#114,.T.);
#112 = VERTEX_POINT('',#113);
#113 = CARTESIAN_POINT('',(50.9463,36.1718,0.));
#114 = LINE('',#115,#116);
#115 = CARTESIAN_POINT('',(50.9463,36.1718,0.));
#116 = VECTOR('',#117,1.);
#117 = DIRECTION('',(-0.793428467116,-0.608663509314,0.));
#118 = ORIENTED_EDGE('',*,*,#119,.F.);
#119 = EDGE_CURVE('',#120,#112,#122,.T.);
#120 = VERTEX_POINT('',#121);
#121 = CARTESIAN_POINT('',(51.5734,36.4316,0.));
#122 = LINE('',#123,#124);
#123 = CARTESIAN_POINT('',(51.5734,36.4316,0.));
#124 = VECTOR('',#125,1.);
#125 = DIRECTION('',(-0.923855219425,-0.382742124074,0.));
#126 = ORIENTED_EDGE('',*,*,#127,.F.);
#127 = EDGE_CURVE('',#128,#120,#130,.T.);
#128 = VERTEX_POINT('',#129);
#129 = CARTESIAN_POINT('',(52.2463,36.5202,0.));
#130 = LINE('',#131,#132);
#131 = CARTESIAN_POINT('',(52.2463,36.5202,0.));
#132 = VECTOR('',#133,1.);
#133 = DIRECTION('',(-0.991442757316,-0.130542173129,0.));
#134 = ORIENTED_EDGE('',*,*,#135,.F.);
#135 = EDGE_CURVE('',#136,#128,#138,.T.);
#136 = VERTEX_POINT('',#137);
#137 = CARTESIAN_POINT('',(52.9193,36.4316,0.));
#138 = LINE('',#139,#140);
#139 = CARTESIAN_POINT('',(52.9193,36.4316,0.));
#140 = VECTOR('',#141,1.);
#141 = DIRECTION('',(-0.991445267605,0.130523106552,0.));
#142 = ORIENTED_EDGE('',*,*,#143,.F.);
#143 = EDGE_CURVE('',#144,#136,#146,.T.);
#144 = VERTEX_POINT('',#145);
#145 = CARTESIAN_POINT('',(53.5463,36.1718,0.));
#146 = LINE('',#147,#148);
#147 = CARTESIAN_POINT('',(53.5463,36.1718,0.));
#148 = VECTOR('',#149,1.);
#149 = DIRECTION('',(-0.923833633617,0.382794223307,0.));
#150 = ORIENTED_EDGE('',*,*,#151,.F.);
#151 = EDGE_CURVE('',#152,#144,#154,.T.);
#152 = VERTEX_POINT('',#153);
#153 = CARTESIAN_POINT('',(54.0848,35.7587,0.));
#154 = LINE('',#155,#156);
#155 = CARTESIAN_POINT('',(54.0848,35.7587,0.));
#156 = VECTOR('',#157,1.);
#157 = DIRECTION('',(-0.793428467116,0.608663509314,0.));
#158 = ORIENTED_EDGE('',*,*,#159,.F.);
#159 = EDGE_CURVE('',#160,#152,#162,.T.);
#160 = VERTEX_POINT('',#161);
#161 = CARTESIAN_POINT('',(54.498,35.2202,0.));
#162 = LINE('',#163,#164);
#163 = CARTESIAN_POINT('',(54.498,35.2202,0.));
#164 = VECTOR('',#165,1.);
#165 = DIRECTION('',(-0.608756251901,0.793357312799,0.));
#166 = ORIENTED_EDGE('',*,*,#167,.F.);
#167 = EDGE_CURVE('',#168,#160,#170,.T.);
#168 = VERTEX_POINT('',#169);
#169 = CARTESIAN_POINT('',(54.7577,34.5931,0.));
#170 = LINE('',#171,#172);
#171 = CARTESIAN_POINT('',(54.7577,34.5931,0.));
#172 = VECTOR('',#173,1.);
#173 = DIRECTION('',(-0.382616373007,0.923907306556,0.));
#174 = ORIENTED_EDGE('',*,*,#175,.F.);
#175 = EDGE_CURVE('',#176,#168,#178,.T.);
#176 = VERTEX_POINT('',#177);
#177 = CARTESIAN_POINT('',(54.8463,33.9202,0.));
#178 = LINE('',#179,#180);
#179 = CARTESIAN_POINT('',(54.8463,33.9202,0.));
#180 = VECTOR('',#181,1.);
#181 = DIRECTION('',(-0.130542173129,0.991442757316,0.));
#182 = ORIENTED_EDGE('',*,*,#183,.F.);
#183 = EDGE_CURVE('',#184,#176,#186,.T.);
#184 = VERTEX_POINT('',#185);
#185 = CARTESIAN_POINT('',(54.7577,33.2472,0.));
#186 = LINE('',#187,#188);
#187 = CARTESIAN_POINT('',(54.7577,33.2472,0.));
#188 = VECTOR('',#189,1.);
#189 = DIRECTION('',(0.130523106552,0.991445267605,0.));
#190 = ORIENTED_EDGE('',*,*,#191,.F.);
#191 = EDGE_CURVE('',#192,#184,#194,.T.);
#192 = VERTEX_POINT('',#193);
#193 = CARTESIAN_POINT('',(54.498,32.6202,0.));
#194 = LINE('',#195,#196);
#195 = CARTESIAN_POINT('',(54.498,32.6202,0.));
#196 = VECTOR('',#197,1.);
#197 = DIRECTION('',(0.382668460997,0.923885733713,0.));
#198 = ORIENTED_EDGE('',*,*,#199,.F.);
#199 = EDGE_CURVE('',#200,#192,#202,.T.);
#200 = VERTEX_POINT('',#201);
#201 = CARTESIAN_POINT('',(49.962516848655,25.211155639781,0.));
#202 = LINE('',#203,#204);
#203 = CARTESIAN_POINT('',(40.9706,10.5222,0.));
#204 = VECTOR('',#205,1.);
#205 = DIRECTION('',(0.522098056843,0.852885466543,0.));
#206 = ORIENTED_EDGE('',*,*,#207,.F.);
#207 = EDGE_CURVE('',#208,#200,#210,.T.);
#208 = VERTEX_POINT('',#209);
#209 = CARTESIAN_POINT('',(53.9942,26.3859,0.));
#210 = LINE('',#211,#212);
#211 = CARTESIAN_POINT('',(53.9942,26.3859,0.));
#212 = VECTOR('',#213,1.);
#213 = DIRECTION('',(-0.960074424118,-0.279744705322,0.));
#214 = ORIENTED_EDGE('',*,*,#215,.F.);
#215 = EDGE_CURVE('',#216,#208,#218,.T.);
#216 = VERTEX_POINT('',#217);
#217 = CARTESIAN_POINT('',(58.7309,27.837,0.));
#218 = LINE('',#219,#220);
#219 = CARTESIAN_POINT('',(58.7309,27.837,0.));
#220 = VECTOR('',#221,1.);
#221 = DIRECTION('',(-0.956138362439,-0.292915400539,0.));
#222 = ORIENTED_EDGE('',*,*,#223,.F.);
#223 = EDGE_CURVE('',#224,#216,#226,.T.);
#224 = VERTEX_POINT('',#225);
#225 = CARTESIAN_POINT('',(63.4677,29.3724,0.));
#226 = LINE('',#227,#228);
#227 = CARTESIAN_POINT('',(63.4677,29.3724,0.));
#228 = VECTOR('',#229,1.);
#229 = DIRECTION('',(-0.951273457332,-0.308348519335,0.));
#230 = ORIENTED_EDGE('',*,*,#231,.F.);
#231 = EDGE_CURVE('',#232,#224,#234,.T.);
#232 = VERTEX_POINT('',#233);
#233 = CARTESIAN_POINT('',(68.2044,31.0058,0.));
#234 = LINE('',#235,#236);
#235 = CARTESIAN_POINT('',(68.2044,31.0058,0.));
#236 = VECTOR('',#237,1.);
#237 = DIRECTION('',(-0.945369588011,-0.326000524639,0.));
#238 = ORIENTED_EDGE('',*,*,#239,.F.);
#239 = EDGE_CURVE('',#240,#232,#242,.T.);
#240 = VERTEX_POINT('',#241);
#241 = CARTESIAN_POINT('',(72.9412,32.7506,0.));
#242 = LINE('',#243,#244);
#243 = CARTESIAN_POINT('',(72.9412,32.7506,0.));
#244 = VECTOR('',#245,1.);
#245 = DIRECTION('',(-0.938364761134,-0.345646604296,0.));
#246 = ORIENTED_EDGE('',*,*,#247,.F.);
#247 = EDGE_CURVE('',#248,#240,#250,.T.);
#248 = VERTEX_POINT('',#249);
#249 = CARTESIAN_POINT('',(77.164879316154,34.417851221362,0.));
#250 = LINE('',#251,#252);
#251 = CARTESIAN_POINT('',(77.678,34.6204,0.));
#252 = VECTOR('',#253,1.);
#253 = DIRECTION('',(-0.930154515394,-0.367168323105,0.));
#254 = ORIENTED_EDGE('',*,*,#255,.F.);
#255 = EDGE_CURVE('',#256,#248,#258,.T.);
#256 = VERTEX_POINT('',#257);
#257 = CARTESIAN_POINT('',(80.9375,36.0169,0.));
#258 = LINE('',#259,#260);
#259 = CARTESIAN_POINT('',(80.9375,36.0169,0.));
#260 = VECTOR('',#261,1.);
#261 = DIRECTION('',(-0.920709572859,-0.390248488077,0.));
#262 = ORIENTED_EDGE('',*,*,#263,.F.);
#263 = EDGE_CURVE('',#264,#256,#266,.T.);
#264 = VERTEX_POINT('',#265);
#265 = CARTESIAN_POINT('',(85.7396,38.2044,0.));
#266 = LINE('',#267,#268);
#267 = CARTESIAN_POINT('',(85.7396,38.2044,0.));
#268 = VECTOR('',#269,1.);
#269 = DIRECTION('',(-0.910028697554,-0.414545256429,0.));
#270 = ORIENTED_EDGE('',*,*,#271,.F.);
#271 = EDGE_CURVE('',#272,#264,#274,.T.);
#272 = VERTEX_POINT('',#273);
#273 = CARTESIAN_POINT('',(90.5417,40.5575,0.));
#274 = LINE('',#275,#276);
#275 = CARTESIAN_POINT('',(90.5417,40.5575,0.));
#276 = VECTOR('',#277,1.);
#277 = DIRECTION('',(-0.897985055425,-0.440025954045,0.));
#278 = ORIENTED_EDGE('',*,*,#279,.F.);
#279 = EDGE_CURVE('',#280,#272,#282,.T.);
#280 = VERTEX_POINT('',#281);
#281 = CARTESIAN_POINT('',(95.3438,43.0898,0.));
#282 = LINE('',#283,#284);
#283 = CARTESIAN_POINT('',(95.3438,43.0898,0.));
#284 = VECTOR('',#285,1.);
#285 = DIRECTION('',(-0.884547544407,-0.466450042003,0.));
#286 = ORIENTED_EDGE('',*,*,#287,.F.);
#287 = EDGE_CURVE('',#288,#280,#290,.T.);
#288 = VERTEX_POINT('',#289);
#289 = CARTESIAN_POINT('',(100.1458,45.8148,0.));
#290 = LINE('',#291,#292);
#291 = CARTESIAN_POINT('',(100.1458,45.8148,0.));
#292 = VECTOR('',#293,1.);
#293 = DIRECTION('',(-0.869721635945,-0.493542577666,0.));
#294 = ORIENTED_EDGE('',*,*,#295,.F.);
#295 = EDGE_CURVE('',#296,#288,#298,.T.);
#296 = VERTEX_POINT('',#297);
#297 = CARTESIAN_POINT('',(104.9479,48.7461,0.));
#298 = LINE('',#299,#300);
#299 = CARTESIAN_POINT('',(104.9479,48.7461,0.));
#300 = VECTOR('',#301,1.);
#301 = DIRECTION('',(-0.853544027777,-0.521020721897,0.));
#302 = ORIENTED_EDGE('',*,*,#303,.F.);
#303 = EDGE_CURVE('',#304,#296,#306,.T.);
#304 = VERTEX_POINT('',#305);
#305 = CARTESIAN_POINT('',(109.75,51.8971,0.));
#306 = LINE('',#307,#308);
#307 = CARTESIAN_POINT('',(109.75,51.8971,0.));
#308 = VECTOR('',#309,1.);
#309 = DIRECTION('',(-0.836078107884,-0.548610424178,0.));
#310 = ORIENTED_EDGE('',*,*,#311,.F.);
#311 = EDGE_CURVE('',#312,#304,#314,.T.);
#312 = VERTEX_POINT('',#313);
#313 = CARTESIAN_POINT('',(110.8353,52.3467,0.));
#314 = LINE('',#315,#316);
#315 = CARTESIAN_POINT('',(110.8353,52.3467,0.));
#316 = VECTOR('',#317,1.);
#317 = DIRECTION('',(-0.923863273436,-0.382722682887,0.));
#318 = ORIENTED_EDGE('',*,*,#319,.F.);
#319 = EDGE_CURVE('',#320,#312,#322,.T.);
#320 = VERTEX_POINT('',#321);
#321 = CARTESIAN_POINT('',(112.,52.5,0.));
#322 = LINE('',#323,#324);
#323 = CARTESIAN_POINT('',(112.,52.5,0.));
#324 = VECTOR('',#325,1.);
#325 = DIRECTION('',(-0.991448789651,-0.130496350522,0.));
#326 = ORIENTED_EDGE('',*,*,#327,.F.);
#327 = EDGE_CURVE('',#328,#320,#330,.T.);
#328 = VERTEX_POINT('',#329);
#329 = CARTESIAN_POINT('',(113.1647,52.3467,0.));
#330 = LINE('',#331,#332);
#331 = CARTESIAN_POINT('',(113.1647,52.3467,0.));
#332 = VECTOR('',#333,1.);
#333 = DIRECTION('',(-0.991448789651,0.130496350522,0.));
#334 = ORIENTED_EDGE('',*,*,#335,.F.);
#335 = EDGE_CURVE('',#336,#328,#338,.T.);
#336 = VERTEX_POINT('',#337);
#337 = CARTESIAN_POINT('',(114.25,51.8971,0.));
#338 = LINE('',#339,#340);
#339 = CARTESIAN_POINT('',(114.25,51.8971,0.));
#340 = VECTOR('',#341,1.);
#341 = DIRECTION('',(-0.923863273436,0.382722682887,0.));
#342 = ORIENTED_EDGE('',*,*,#343,.F.);
#343 = EDGE_CURVE('',#344,#336,#346,.T.);
#344 = VERTEX_POINT('',#345);
#345 = CARTESIAN_POINT('',(115.182,51.182,0.));
#346 = LINE('',#347,#348);
#347 = CARTESIAN_POINT('',(115.182,51.182,0.));
#348 = VECTOR('',#349,1.);
#349 = DIRECTION('',(-0.793373383429,0.608735307393,0.));
#350 = ORIENTED_EDGE('',*,*,#351,.F.);
#351 = EDGE_CURVE('',#352,#344,#354,.T.);
#352 = VERTEX_POINT('',#353);
#353 = CARTESIAN_POINT('',(115.8971,50.25,0.));
#354 = LINE('',#355,#356);
#355 = CARTESIAN_POINT('',(115.8971,50.25,0.));
#356 = VECTOR('',#357,1.);
#357 = DIRECTION('',(-0.608735307393,0.793373383429,0.));
#358 = ORIENTED_EDGE('',*,*,#359,.F.);
#359 = EDGE_CURVE('',#360,#352,#362,.T.);
#360 = VERTEX_POINT('',#361);
#361 = CARTESIAN_POINT('',(116.3467,49.1647,0.));
#362 = LINE('',#363,#364);
#363 = CARTESIAN_POINT('',(116.3467,49.1647,0.));
#364 = VECTOR('',#365,1.);
#365 = DIRECTION('',(-0.382722682887,0.923863273436,0.));
#366 = ORIENTED_EDGE('',*,*,#367,.F.);
#367 = EDGE_CURVE('',#368,#360,#370,.T.);
#368 = VERTEX_POINT('',#369);
#369 = CARTESIAN_POINT('',(116.5,48.,0.));
#370 = LINE('',#371,#372);
#371 = CARTESIAN_POINT('',(116.5,48.,0.));
#372 = VECTOR('',#373,1.);
#373 = DIRECTION('',(-0.130496350522,0.991448789651,0.));
#374 = ORIENTED_EDGE('',*,*,#375,.F.);
#375 = EDGE_CURVE('',#376,#368,#378,.T.);
#376 = VERTEX_POINT('',#377);
#377 = CARTESIAN_POINT('',(116.3467,46.8353,0.));
#378 = LINE('',#379,#380);
#379 = CARTESIAN_POINT('',(116.3467,46.8353,0.));
#380 = VECTOR('',#381,1.);
#381 = DIRECTION('',(0.130496350522,0.991448789651,0.));
#382 = ORIENTED_EDGE('',*,*,#383,.F.);
#383 = EDGE_CURVE('',#384,#376,#386,.T.);
#384 = VERTEX_POINT('',#385);
#385 = CARTESIAN_POINT('',(115.8971,45.75,0.));
#386 = LINE('',#387,#388);
#387 = CARTESIAN_POINT('',(115.8971,45.75,0.));
#388 = VECTOR('',#389,1.);
#389 = DIRECTION('',(0.382722682887,0.923863273436,0.));
#390 = ORIENTED_EDGE('',*,*,#391,.F.);
#391 = EDGE_CURVE('',#392,#384,#394,.T.);
#392 = VERTEX_POINT('',#393);
#393 = CARTESIAN_POINT('',(115.182,44.818,0.));
#394 = LINE('',#395,#396);
#395 = CARTESIAN_POINT('',(115.182,44.818,0.));
#396 = VECTOR('',#397,1.);
#397 = DIRECTION('',(0.608735307393,0.793373383429,0.));
#398 = ORIENTED_EDGE('',*,*,#399,.F.);
#399 = EDGE_CURVE('',#400,#392,#402,.T.);
#400 = VERTEX_POINT('',#401);
#401 = CARTESIAN_POINT('',(110.7068,41.2409,0.));
#402 = LINE('',#403,#404);
#403 = CARTESIAN_POINT('',(110.7068,41.2409,0.));
#404 = VECTOR('',#405,1.);
#405 = DIRECTION('',(0.781129283704,0.624369315502,0.));
#406 = ORIENTED_EDGE('',*,*,#407,.F.);
#407 = EDGE_CURVE('',#408,#400,#410,.T.);
#408 = VERTEX_POINT('',#409);
#409 = CARTESIAN_POINT('',(109.7188,40.4827,0.));
#410 = LINE('',#411,#412);
#411 = CARTESIAN_POINT('',(109.7188,40.4827,0.));
#412 = VECTOR('',#413,1.);
#413 = DIRECTION('',(0.793321952412,0.608802332306,0.));
#414 = ORIENTED_EDGE('',*,*,#415,.F.);
#415 = EDGE_CURVE('',#416,#408,#418,.T.);
#416 = VERTEX_POINT('',#417);
#417 = CARTESIAN_POINT('',(105.1875,37.0824,0.));
#418 = LINE('',#419,#420);
#419 = CARTESIAN_POINT('',(105.1875,37.0824,0.));
#420 = VECTOR('',#421,1.);
#421 = DIRECTION('',(0.799845345728,0.600206150349,0.));
#422 = ORIENTED_EDGE('',*,*,#423,.F.);
#423 = EDGE_CURVE('',#424,#416,#426,.T.);
#424 = VERTEX_POINT('',#425);
#425 = CARTESIAN_POINT('',(100.6562,33.8883,0.));
#426 = LINE('',#427,#428);
#427 = CARTESIAN_POINT('',(100.6562,33.8883,0.));
#428 = VECTOR('',#429,1.);
#429 = DIRECTION('',(0.817347105235,0.576145562826,0.));
#430 = ORIENTED_EDGE('',*,*,#431,.F.);
#431 = EDGE_CURVE('',#432,#424,#434,.T.);
#432 = VERTEX_POINT('',#433);
#433 = CARTESIAN_POINT('',(96.125,30.8869,0.));
#434 = LINE('',#435,#436);
#435 = CARTESIAN_POINT('',(96.125,30.8869,0.));
#436 = VECTOR('',#437,1.);
#437 = DIRECTION('',(0.833694040104,0.552226626935,0.));
#438 = ORIENTED_EDGE('',*,*,#439,.F.);
#439 = EDGE_CURVE('',#440,#432,#442,.T.);
#440 = VERTEX_POINT('',#441);
#441 = CARTESIAN_POINT('',(91.5937,28.0647,0.));
#442 = LINE('',#443,#444);
#443 = CARTESIAN_POINT('',(91.5937,28.0647,0.));
#444 = VECTOR('',#445,1.);
#445 = DIRECTION('',(0.848827598947,0.528669752554,0.));
#446 = ORIENTED_EDGE('',*,*,#447,.F.);
#447 = EDGE_CURVE('',#448,#440,#450,.T.);
#448 = VERTEX_POINT('',#449);
#449 = CARTESIAN_POINT('',(87.0625,25.4081,0.));
#450 = LINE('',#451,#452);
#451 = CARTESIAN_POINT('',(87.0625,25.4081,0.));
#452 = VECTOR('',#453,1.);
#453 = DIRECTION('',(0.862666462454,0.505773244208,0.));
#454 = ORIENTED_EDGE('',*,*,#455,.F.);
#455 = EDGE_CURVE('',#456,#448,#458,.T.);
#456 = VERTEX_POINT('',#457);
#457 = CARTESIAN_POINT('',(82.5313,22.9036,0.));
#458 = LINE('',#459,#460);
#459 = CARTESIAN_POINT('',(82.5313,22.9036,0.));
#460 = VECTOR('',#461,1.);
#461 = DIRECTION('',(0.875207534535,0.483747632028,0.));
#462 = ORIENTED_EDGE('',*,*,#463,.F.);
#463 = EDGE_CURVE('',#464,#456,#466,.T.);
#464 = VERTEX_POINT('',#465);
#465 = CARTESIAN_POINT('',(78.,20.5376,0.));
#466 = LINE('',#467,#468);
#467 = CARTESIAN_POINT('',(78.,20.5376,0.));
#468 = VECTOR('',#469,1.);
#469 = DIRECTION('',(0.886436904637,0.462849450791,0.));
#470 = ORIENTED_EDGE('',*,*,#471,.F.);
#471 = EDGE_CURVE('',#472,#464,#474,.T.);
#472 = VERTEX_POINT('',#473);
#473 = CARTESIAN_POINT('',(74.813816077911,18.961805912473,0.));
#474 = LINE('',#475,#476);
#475 = CARTESIAN_POINT('',(73.4688,18.2966,0.));
#476 = VECTOR('',#477,1.);
#477 = DIRECTION('',(0.896365274264,0.443316247269,0.));
#478 = ORIENTED_EDGE('',*,*,#479,.F.);
#479 = EDGE_CURVE('',#480,#472,#482,.T.);
#480 = VERTEX_POINT('',#481);
#481 = CARTESIAN_POINT('',(82.4927,11.3924,0.));
#482 = LINE('',#483,#484);
#483 = CARTESIAN_POINT('',(82.4927,11.3924,0.));
#484 = VECTOR('',#485,1.);
#485 = DIRECTION('',(-0.712165234297,0.70201187957,0.));
#486 = ORIENTED_EDGE('',*,*,#487,.F.);
#487 = EDGE_CURVE('',#488,#480,#490,.T.);
#488 = VERTEX_POINT('',#489);
#489 = CARTESIAN_POINT('',(82.9059,10.854,0.));
#490 = LINE('',#491,#492);
#491 = CARTESIAN_POINT('',(82.9059,10.854,0.));
#492 = VECTOR('',#493,1.);
#493 = DIRECTION('',(-0.608827411125,0.793302706073,0.));
#494 = ORIENTED_EDGE('',*,*,#495,.F.);
#495 = EDGE_CURVE('',#496,#488,#498,.T.);
#496 = VERTEX_POINT('',#497);
#497 = CARTESIAN_POINT('',(83.1656,10.2269,0.));
#498 = LINE('',#499,#500);
#499 = CARTESIAN_POINT('',(83.1656,10.2269,0.));
#500 = VECTOR('',#501,1.);
#501 = DIRECTION('',(-0.382616373007,0.923907306556,0.));
#502 = ORIENTED_EDGE('',*,*,#503,.F.);
#503 = EDGE_CURVE('',#504,#496,#506,.T.);
#504 = VERTEX_POINT('',#505);
#505 = CARTESIAN_POINT('',(83.2542,9.554,0.));
#506 = LINE('',#507,#508);
#507 = CARTESIAN_POINT('',(83.2542,9.554,0.));
#508 = VECTOR('',#509,1.);
#509 = DIRECTION('',(-0.130542173129,0.991442757316,0.));
#510 = ORIENTED_EDGE('',*,*,#511,.F.);
#511 = EDGE_CURVE('',#512,#504,#514,.T.);
#512 = VERTEX_POINT('',#513);
#513 = CARTESIAN_POINT('',(83.1656,8.881,0.));
#514 = LINE('',#515,#516);
#515 = CARTESIAN_POINT('',(83.1656,8.881,0.));
#516 = VECTOR('',#517,1.);
#517 = DIRECTION('',(0.130523106552,0.991445267605,0.));
#518 = ORIENTED_EDGE('',*,*,#519,.F.);
#519 = EDGE_CURVE('',#520,#512,#522,.T.);
#520 = VERTEX_POINT('',#521);
#521 = CARTESIAN_POINT('',(82.9059,8.254,0.));
#522 = LINE('',#523,#524);
#523 = CARTESIAN_POINT('',(82.9059,8.254,0.));
#524 = VECTOR('',#525,1.);
#525 = DIRECTION('',(0.382668460997,0.923885733713,0.));
#526 = ORIENTED_EDGE('',*,*,#527,.F.);
#527 = EDGE_CURVE('',#528,#520,#530,.T.);
#528 = VERTEX_POINT('',#529);
#529 = CARTESIAN_POINT('',(82.4927,7.7155,0.));
#530 = LINE('',#531,#532);
#531 = CARTESIAN_POINT('',(82.4927,7.7155,0.));
#532 = VECTOR('',#533,1.);
#533 = DIRECTION('',(0.608756251901,0.793357312799,0.));
#534 = ORIENTED_EDGE('',*,*,#535,.F.);
#535 = EDGE_CURVE('',#536,#528,#538,.T.);
#536 = VERTEX_POINT('',#537);
#537 = CARTESIAN_POINT('',(81.9542,7.3023,0.));
#538 = LINE('',#539,#540);
#539 = CARTESIAN_POINT('',(81.9542,7.3023,0.));
#540 = VECTOR('',#541,1.);
#541 = DIRECTION('',(0.793357312799,0.608756251901,0.));
#542 = ORIENTED_EDGE('',*,*,#543,.F.);
#543 = EDGE_CURVE('',#544,#536,#546,.T.);
#544 = VERTEX_POINT('',#545);
#545 = CARTESIAN_POINT('',(81.3272,7.0426,0.));
#546 = LINE('',#547,#548);
#547 = CARTESIAN_POINT('',(81.3272,7.0426,0.));
#548 = VECTOR('',#549,1.);
#549 = DIRECTION('',(0.923885733713,0.382668460997,0.));
#550 = ORIENTED_EDGE('',*,*,#551,.F.);
#551 = EDGE_CURVE('',#552,#544,#554,.T.);
#552 = VERTEX_POINT('',#553);
#553 = CARTESIAN_POINT('',(80.6542,6.954,0.));
#554 = LINE('',#555,#556);
#555 = CARTESIAN_POINT('',(80.6542,6.954,0.));
#556 = VECTOR('',#557,1.);
#557 = DIRECTION('',(0.991445267605,0.130523106552,0.));
#558 = ORIENTED_EDGE('',*,*,#559,.F.);
#559 = EDGE_CURVE('',#560,#552,#562,.T.);
#560 = VERTEX_POINT('',#561);
#561 = CARTESIAN_POINT('',(79.9813,7.0426,0.));
#562 = LINE('',#563,#564);
#563 = CARTESIAN_POINT('',(79.9813,7.0426,0.));
#564 = VECTOR('',#565,1.);
#565 = DIRECTION('',(0.991442757316,-0.130542173129,0.));
#566 = ORIENTED_EDGE('',*,*,#567,.F.);
#567 = EDGE_CURVE('',#568,#560,#570,.T.);
#568 = VERTEX_POINT('',#569);
#569 = CARTESIAN_POINT('',(79.3542,7.3023,0.));
#570 = LINE('',#571,#572);
#571 = CARTESIAN_POINT('',(79.3542,7.3023,0.));
#572 = VECTOR('',#573,1.);
#573 = DIRECTION('',(0.923907306556,-0.382616373007,0.));
#574 = ORIENTED_EDGE('',*,*,#575,.F.);
#575 = EDGE_CURVE('',#576,#568,#578,.T.);
#576 = VERTEX_POINT('',#577);
#577 = CARTESIAN_POINT('',(67.684525388747,15.605331143332,0.));
#578 = LINE('',#579,#580);
#579 = CARTESIAN_POINT('',(63.2333,18.7724,0.));
#580 = VECTOR('',#581,1.);
#581 = DIRECTION('',(0.814803743008,-0.579736888925,0.));
#582 = ORIENTED_EDGE('',*,*,#583,.F.);
#583 = EDGE_CURVE('',#584,#576,#586,.T.);
#584 = VERTEX_POINT('',#585);
#585 = CARTESIAN_POINT('',(64.4062,14.1355,0.));
#586 = LINE('',#587,#588);
#587 = CARTESIAN_POINT('',(64.4062,14.1355,0.));
#588 = VECTOR('',#589,1.);
#589 = DIRECTION('',(0.912484699443,0.409110832518,0.));
#590 = ORIENTED_EDGE('',*,*,#591,.F.);
#591 = EDGE_CURVE('',#592,#584,#594,.T.);
#592 = VERTEX_POINT('',#593);
#593 = CARTESIAN_POINT('',(59.875,12.1883,0.));
#594 = LINE('',#595,#596);
#595 = CARTESIAN_POINT('',(59.875,12.1883,0.));
#596 = VECTOR('',#597,1.);
#597 = DIRECTION('',(0.918758640421,0.394819655859,0.));
#598 = ORIENTED_EDGE('',*,*,#599,.F.);
#599 = EDGE_CURVE('',#600,#592,#602,.T.);
#600 = VERTEX_POINT('',#601);
#601 = CARTESIAN_POINT('',(58.0058,11.4141,0.));
#602 = LINE('',#603,#604);
#603 = CARTESIAN_POINT('',(58.0058,11.4141,0.));
#604 = VECTOR('',#605,1.);
#605 = DIRECTION('',(0.923887918705,0.382663185674,0.));
#606 = ORIENTED_EDGE('',*,*,#607,.F.);
#607 = EDGE_CURVE('',#608,#600,#610,.T.);
#608 = VERTEX_POINT('',#609);
#609 = CARTESIAN_POINT('',(53.4093,9.5106,0.));
#610 = LINE('',#611,#612);
#611 = CARTESIAN_POINT('',(53.4093,9.5106,0.));
#612 = VECTOR('',#613,1.);
#613 = DIRECTION('',(0.923910275178,0.382609204569,0.));
#614 = ORIENTED_EDGE('',*,*,#615,.F.);
#615 = EDGE_CURVE('',#616,#608,#618,.T.);
#616 = VERTEX_POINT('',#617);
#617 = CARTESIAN_POINT('',(48.8127,7.6645,0.));
#618 = LINE('',#619,#620);
#619 = CARTESIAN_POINT('',(48.8127,7.6645,0.));
#620 = VECTOR('',#621,1.);
#621 = DIRECTION('',(0.927956467165,0.372688603323,0.));
#622 = ORIENTED_EDGE('',*,*,#623,.F.);
#623 = EDGE_CURVE('',#624,#616,#626,.T.);
#624 = VERTEX_POINT('',#625);
#625 = CARTESIAN_POINT('',(44.2161,5.8621,0.));
#626 = LINE('',#627,#628);
#627 = CARTESIAN_POINT('',(44.2161,5.8621,0.));
#628 = VECTOR('',#629,1.);
#629 = DIRECTION('',(0.930986156013,0.365054485402,0.));
#630 = ORIENTED_EDGE('',*,*,#631,.F.);
#631 = EDGE_CURVE('',#632,#624,#634,.T.);
#632 = VERTEX_POINT('',#633);
#633 = CARTESIAN_POINT('',(39.6196,4.0899,0.));
#634 = LINE('',#635,#636);
#635 = CARTESIAN_POINT('',(39.6196,4.0899,0.));
#636 = VECTOR('',#637,1.);
#637 = DIRECTION('',(0.933051793221,0.359742061992,0.));
#638 = ORIENTED_EDGE('',*,*,#639,.F.);
#639 = EDGE_CURVE('',#640,#632,#642,.T.);
#640 = VERTEX_POINT('',#641);
#641 = CARTESIAN_POINT('',(35.023,2.3343,0.));
#642 = LINE('',#643,#644);
#643 = CARTESIAN_POINT('',(35.023,2.3343,0.));
#644 = VECTOR('',#645,1.);
#645 = DIRECTION('',(0.934182179337,0.356796378637,0.));
#646 = ORIENTED_EDGE('',*,*,#647,.F.);
#647 = EDGE_CURVE('',#648,#640,#650,.T.);
#648 = VERTEX_POINT('',#649);
#649 = CARTESIAN_POINT('',(30.4264,0.5819,0.));
#650 = LINE('',#651,#652);
#651 = CARTESIAN_POINT('',(30.4264,0.5819,0.));
#652 = VECTOR('',#653,1.);
#653 = DIRECTION('',(0.934398825965,0.356228626076,0.));
#654 = ORIENTED_EDGE('',*,*,#655,.F.);
#655 = EDGE_CURVE('',#656,#648,#658,.T.);
#656 = VERTEX_POINT('',#657);
#657 = CARTESIAN_POINT('',(25.8299,-1.1809,0.));
#658 = LINE('',#659,#660);
#659 = CARTESIAN_POINT('',(25.8299,-1.1809,0.));
#660 = VECTOR('',#661,1.);
#661 = DIRECTION('',(0.93369122802,0.358079168227,0.));
#662 = ORIENTED_EDGE('',*,*,#663,.F.);
#663 = EDGE_CURVE('',#664,#656,#666,.T.);
#664 = VERTEX_POINT('',#665);
#665 = CARTESIAN_POINT('',(21.2333,-2.9677,0.));
#666 = LINE('',#667,#668);
#667 = CARTESIAN_POINT('',(21.2333,-2.9677,0.));
#668 = VECTOR('',#669,1.);
#669 = DIRECTION('',(0.932057175642,0.36231122165,0.));
#670 = ORIENTED_EDGE('',*,*,#671,.F.);
#671 = EDGE_CURVE('',#672,#664,#674,.T.);
#672 = VERTEX_POINT('',#673);
#673 = CARTESIAN_POINT('',(16.6367,-4.7919,0.));
#674 = LINE('',#675,#676);
#675 = CARTESIAN_POINT('',(16.6367,-4.7919,0.));
#676 = VECTOR('',#677,1.);
#677 = DIRECTION('',(0.929480146904,0.368872141144,0.));
#678 = ORIENTED_EDGE('',*,*,#679,.F.);
#679 = EDGE_CURVE('',#680,#672,#682,.T.);
#680 = VERTEX_POINT('',#681);
#681 = CARTESIAN_POINT('',(13.453924858034,-6.090463394954,0.));
#682 = LINE('',#683,#684);
#683 = CARTESIAN_POINT('',(12.0401,-6.6673,0.));
#684 = VECTOR('',#685,1.);
#685 = DIRECTION('',(0.925901426171,0.377765203551,0.));
#686 = ORIENTED_EDGE('',*,*,#687,.F.);
#687 = EDGE_CURVE('',#688,#680,#690,.T.);
#688 = VERTEX_POINT('',#689);
#689 = CARTESIAN_POINT('',(10.0312,-7.5353,0.));
#690 = LINE('',#691,#692);
#691 = CARTESIAN_POINT('',(10.0312,-7.5353,0.));
#692 = VECTOR('',#693,1.);
#693 = DIRECTION('',(0.921279834274,0.388900330368,0.));
#694 = ORIENTED_EDGE('',*,*,#695,.F.);
#695 = EDGE_CURVE('',#696,#688,#698,.T.);
#696 = VERTEX_POINT('',#697);
#697 = CARTESIAN_POINT('',(5.5,-9.5263,0.));
#698 = LINE('',#699,#700);
#699 = CARTESIAN_POINT('',(5.5,-9.5263,0.));
#700 = VECTOR('',#701,1.);
#701 = DIRECTION('',(0.915518101073,0.40227677861,0.));
#702 = ORIENTED_EDGE('',*,*,#703,.F.);
#703 = EDGE_CURVE('',#704,#696,#706,.T.);
#704 = VERTEX_POINT('',#705);
#705 = CARTESIAN_POINT('',(2.847,-10.6252,0.));
#706 = LINE('',#707,#708);
#707 = CARTESIAN_POINT('',(2.847,-10.6252,0.));
#708 = VECTOR('',#709,1.);
#709 = DIRECTION('',(0.92388058901,0.382680881742,0.));
#710 = ORIENTED_EDGE('',*,*,#711,.F.);
#711 = EDGE_CURVE('',#24,#704,#712,.T.);
#712 = LINE('',#713,#714);
#713 = CARTESIAN_POINT('',(-0.,-11.,0.));
#714 = VECTOR('',#715,1.);
#715 = DIRECTION('',(0.991445522055,0.13052117375,0.));
#716 = FACE_BOUND('',#717,.T.);
#717 = EDGE_LOOP('',(#718));
#718 = ORIENTED_EDGE('',*,*,#719,.T.);
#719 = EDGE_CURVE('',#720,#720,#722,.T.);
#720 = VERTEX_POINT('',#721);
#721 = CARTESIAN_POINT('',(52.839945416556,19.987202684229,0.));
#722 = CIRCLE('',#723,2.45);
#723 = AXIS2_PLACEMENT_3D('',#724,#725,#726);
#724 = CARTESIAN_POINT('',(50.389945416556,19.987202684229,0.));
#725 = DIRECTION('',(0.,0.,1.));
#726 = DIRECTION('',(1.,0.,-0.));
#727 = FACE_BOUND('',#728,.T.);
#728 = EDGE_LOOP('',(#729,#739,#747,#755,#763,#771,#779,#787,#795,#803,
    #811,#819));
#729 = ORIENTED_EDGE('',*,*,#730,.F.);
#730 = EDGE_CURVE('',#731,#733,#735,.T.);
#731 = VERTEX_POINT('',#732);
#732 = CARTESIAN_POINT('',(67.5,25.3046875,0.));
#733 = VERTEX_POINT('',#734);
#734 = CARTESIAN_POINT('',(69.,25.3046875,0.));
#735 = LINE('',#736,#737);
#736 = CARTESIAN_POINT('',(60.943339277263,25.3046875,0.));
#737 = VECTOR('',#738,1.);
#738 = DIRECTION('',(1.,0.,-0.));
#739 = ORIENTED_EDGE('',*,*,#740,.T.);
#740 = EDGE_CURVE('',#731,#741,#743,.T.);
#741 = VERTEX_POINT('',#742);
#742 = CARTESIAN_POINT('',(67.5,23.3046875,0.));
#743 = LINE('',#744,#745);
#744 = CARTESIAN_POINT('',(67.5,21.642672165942,0.));
#745 = VECTOR('',#746,1.);
#746 = DIRECTION('',(0.,-1.,0.));
#747 = ORIENTED_EDGE('',*,*,#748,.T.);
#748 = EDGE_CURVE('',#741,#749,#751,.T.);
#749 = VERTEX_POINT('',#750);
#750 = CARTESIAN_POINT('',(69.,23.3046875,0.));
#751 = LINE('',#752,#753);
#752 = CARTESIAN_POINT('',(60.943339277263,23.3046875,0.));
#753 = VECTOR('',#754,1.);
#754 = DIRECTION('',(1.,0.,-0.));
#755 = ORIENTED_EDGE('',*,*,#756,.T.);
#756 = EDGE_CURVE('',#749,#757,#759,.T.);
#757 = VERTEX_POINT('',#758);
#758 = CARTESIAN_POINT('',(69.,21.8046875,0.));
#759 = LINE('',#760,#761);
#760 = CARTESIAN_POINT('',(69.,20.892672165942,0.));
#761 = VECTOR('',#762,1.);
#762 = DIRECTION('',(0.,-1.,0.));
#763 = ORIENTED_EDGE('',*,*,#764,.T.);
#764 = EDGE_CURVE('',#757,#765,#767,.T.);
#765 = VERTEX_POINT('',#766);
#766 = CARTESIAN_POINT('',(71.,21.8046875,0.));
#767 = LINE('',#768,#769);
#768 = CARTESIAN_POINT('',(61.693339277263,21.8046875,0.));
#769 = VECTOR('',#770,1.);
#770 = DIRECTION('',(1.,0.,-0.));
#771 = ORIENTED_EDGE('',*,*,#772,.F.);
#772 = EDGE_CURVE('',#773,#765,#775,.T.);
#773 = VERTEX_POINT('',#774);
#774 = CARTESIAN_POINT('',(71.,23.3046875,0.));
#775 = LINE('',#776,#777);
#776 = CARTESIAN_POINT('',(71.,20.892672165942,0.));
#777 = VECTOR('',#778,1.);
#778 = DIRECTION('',(0.,-1.,0.));
#779 = ORIENTED_EDGE('',*,*,#780,.T.);
#780 = EDGE_CURVE('',#773,#781,#783,.T.);
#781 = VERTEX_POINT('',#782);
#782 = CARTESIAN_POINT('',(72.5,23.3046875,0.));
#783 = LINE('',#784,#785);
#784 = CARTESIAN_POINT('',(60.943339277263,23.3046875,0.));
#785 = VECTOR('',#786,1.);
#786 = DIRECTION('',(1.,0.,-0.));
#787 = ORIENTED_EDGE('',*,*,#788,.F.);
#788 = EDGE_CURVE('',#789,#781,#791,.T.);
#789 = VERTEX_POINT('',#790);
#790 = CARTESIAN_POINT('',(72.5,25.3046875,0.));
#791 = LINE('',#792,#793);
#792 = CARTESIAN_POINT('',(72.5,21.642672165942,0.));
#793 = VECTOR('',#794,1.);
#794 = DIRECTION('',(0.,-1.,0.));
#795 = ORIENTED_EDGE('',*,*,#796,.F.);
#796 = EDGE_CURVE('',#797,#789,#799,.T.);
#797 = VERTEX_POINT('',#798);
#798 = CARTESIAN_POINT('',(71.,25.3046875,0.));
#799 = LINE('',#800,#801);
#800 = CARTESIAN_POINT('',(60.943339277263,25.3046875,0.));
#801 = VECTOR('',#802,1.);
#802 = DIRECTION('',(1.,0.,-0.));
#803 = ORIENTED_EDGE('',*,*,#804,.F.);
#804 = EDGE_CURVE('',#805,#797,#807,.T.);
#805 = VERTEX_POINT('',#806);
#806 = CARTESIAN_POINT('',(71.,26.8046875,0.));
#807 = LINE('',#808,#809);
#808 = CARTESIAN_POINT('',(71.,20.892672165942,0.));
#809 = VECTOR('',#810,1.);
#810 = DIRECTION('',(0.,-1.,0.));
#811 = ORIENTED_EDGE('',*,*,#812,.F.);
#812 = EDGE_CURVE('',#813,#805,#815,.T.);
#813 = VERTEX_POINT('',#814);
#814 = CARTESIAN_POINT('',(69.,26.8046875,0.));
#815 = LINE('',#816,#817);
#816 = CARTESIAN_POINT('',(61.693339277263,26.8046875,0.));
#817 = VECTOR('',#818,1.);
#818 = DIRECTION('',(1.,0.,-0.));
#819 = ORIENTED_EDGE('',*,*,#820,.T.);
#820 = EDGE_CURVE('',#813,#733,#821,.T.);
#821 = LINE('',#822,#823);
#822 = CARTESIAN_POINT('',(69.,20.892672165942,0.));
#823 = VECTOR('',#824,1.);
#824 = DIRECTION('',(0.,-1.,0.));
#825 = FACE_BOUND('',#826,.T.);
#826 = EDGE_LOOP('',(#827));
#827 = ORIENTED_EDGE('',*,*,#828,.T.);
#828 = EDGE_CURVE('',#829,#829,#831,.T.);
#829 = VERTEX_POINT('',#830);
#830 = CARTESIAN_POINT('',(76.143956842745,28.505156597979,0.));
#831 = CIRCLE('',#832,2.45);
#832 = AXIS2_PLACEMENT_3D('',#833,#834,#835);
#833 = CARTESIAN_POINT('',(73.693956842745,28.505156597979,0.));
#834 = DIRECTION('',(0.,0.,1.));
#835 = DIRECTION('',(1.,0.,-0.));
#836 = PLANE('',#837);
#837 = AXIS2_PLACEMENT_3D('',#838,#839,#840);
#838 = CARTESIAN_POINT('',(54.386678554527,19.980656831884,0.));
#839 = DIRECTION('',(-0.,-0.,-1.));
#840 = DIRECTION('',(-1.,0.,0.));
#841 = ADVANCED_FACE('',(#842,#867,#878,#976),#987,.F.);
#842 = FACE_BOUND('',#843,.F.);
#843 = EDGE_LOOP('',(#844,#852,#853,#861));
#844 = ORIENTED_EDGE('',*,*,#845,.F.);
#845 = EDGE_CURVE('',#24,#846,#848,.T.);
#846 = VERTEX_POINT('',#847);
#847 = CARTESIAN_POINT('',(0.,-11.,9.));
#848 = LINE('',#849,#850);
#849 = CARTESIAN_POINT('',(-0.,-11.,0.));
#850 = VECTOR('',#851,1.);
#851 = DIRECTION('',(0.,0.,1.));
#852 = ORIENTED_EDGE('',*,*,#21,.F.);
#853 = ORIENTED_EDGE('',*,*,#854,.T.);
#854 = EDGE_CURVE('',#22,#855,#857,.T.);
#855 = VERTEX_POINT('',#856);
#856 = CARTESIAN_POINT('',(0.,11.523632612734,9.));
#857 = LINE('',#858,#859);
#858 = CARTESIAN_POINT('',(-2.22044604925E-16,11.523632612734,-0.5));
#859 = VECTOR('',#860,1.);
#860 = DIRECTION('',(0.,0.,1.));
#861 = ORIENTED_EDGE('',*,*,#862,.F.);
#862 = EDGE_CURVE('',#846,#855,#863,.T.);
#863 = LINE('',#864,#865);
#864 = CARTESIAN_POINT('',(0.,-10.00967158405,9.));
#865 = VECTOR('',#866,1.);
#866 = DIRECTION('',(-0.,1.,0.));
#867 = FACE_BOUND('',#868,.F.);
#868 = EDGE_LOOP('',(#869));
#869 = ORIENTED_EDGE('',*,*,#870,.F.);
#870 = EDGE_CURVE('',#871,#871,#873,.T.);
#871 = VERTEX_POINT('',#872);
#872 = CARTESIAN_POINT('',(0.,2.65,2.1));
#873 = CIRCLE('',#874,1.2);
#874 = AXIS2_PLACEMENT_3D('',#875,#876,#877);
#875 = CARTESIAN_POINT('',(0.,1.45,2.1));
#876 = DIRECTION('',(1.,0.,0.));
#877 = DIRECTION('',(-0.,1.,0.));
#878 = FACE_BOUND('',#879,.F.);
#879 = EDGE_LOOP('',(#880,#890,#898,#906,#914,#922,#930,#938,#946,#954,
    #962,#970));
#880 = ORIENTED_EDGE('',*,*,#881,.T.);
#881 = EDGE_CURVE('',#882,#884,#886,.T.);
#882 = VERTEX_POINT('',#883);
#883 = CARTESIAN_POINT('',(0.,4.775,3.475));
#884 = VERTEX_POINT('',#885);
#885 = CARTESIAN_POINT('',(0.,3.275,3.475));
#886 = LINE('',#887,#888);
#887 = CARTESIAN_POINT('',(0.,-18.3625,3.475));
#888 = VECTOR('',#889,1.);
#889 = DIRECTION('',(0.,-1.,0.));
#890 = ORIENTED_EDGE('',*,*,#891,.T.);
#891 = EDGE_CURVE('',#884,#892,#894,.T.);
#892 = VERTEX_POINT('',#893);
#893 = CARTESIAN_POINT('',(0.,3.275,5.525));
#894 = LINE('',#895,#896);
#895 = CARTESIAN_POINT('',(0.,3.275,1.2375));
#896 = VECTOR('',#897,1.);
#897 = DIRECTION('',(0.,-0.,1.));
#898 = ORIENTED_EDGE('',*,*,#899,.F.);
#899 = EDGE_CURVE('',#900,#892,#902,.T.);
#900 = VERTEX_POINT('',#901);
#901 = CARTESIAN_POINT('',(0.,4.775,5.525));
#902 = LINE('',#903,#904);
#903 = CARTESIAN_POINT('',(0.,-18.3625,5.525));
#904 = VECTOR('',#905,1.);
#905 = DIRECTION('',(0.,-1.,0.));
#906 = ORIENTED_EDGE('',*,*,#907,.T.);
#907 = EDGE_CURVE('',#900,#908,#910,.T.);
#908 = VERTEX_POINT('',#909);
#909 = CARTESIAN_POINT('',(0.,4.775,7.025));
#910 = LINE('',#911,#912);
#911 = CARTESIAN_POINT('',(0.,4.775,0.4875));
#912 = VECTOR('',#913,1.);
#913 = DIRECTION('',(0.,-0.,1.));
#914 = ORIENTED_EDGE('',*,*,#915,.F.);
#915 = EDGE_CURVE('',#916,#908,#918,.T.);
#916 = VERTEX_POINT('',#917);
#917 = CARTESIAN_POINT('',(0.,6.825,7.025));
#918 = LINE('',#919,#920);
#919 = CARTESIAN_POINT('',(0.,-17.6125,7.025));
#920 = VECTOR('',#921,1.);
#921 = DIRECTION('',(0.,-1.,0.));
#922 = ORIENTED_EDGE('',*,*,#923,.F.);
#923 = EDGE_CURVE('',#924,#916,#926,.T.);
#924 = VERTEX_POINT('',#925);
#925 = CARTESIAN_POINT('',(0.,6.825,5.525));
#926 = LINE('',#927,#928);
#927 = CARTESIAN_POINT('',(0.,6.825,0.4875));
#928 = VECTOR('',#929,1.);
#929 = DIRECTION('',(0.,-0.,1.));
#930 = ORIENTED_EDGE('',*,*,#931,.F.);
#931 = EDGE_CURVE('',#932,#924,#934,.T.);
#932 = VERTEX_POINT('',#933);
#933 = CARTESIAN_POINT('',(0.,8.325,5.525));
#934 = LINE('',#935,#936);
#935 = CARTESIAN_POINT('',(0.,-18.3625,5.525));
#936 = VECTOR('',#937,1.);
#937 = DIRECTION('',(0.,-1.,0.));
#938 = ORIENTED_EDGE('',*,*,#939,.F.);
#939 = EDGE_CURVE('',#940,#932,#942,.T.);
#940 = VERTEX_POINT('',#941);
#941 = CARTESIAN_POINT('',(0.,8.325,3.475));
#942 = LINE('',#943,#944);
#943 = CARTESIAN_POINT('',(0.,8.325,1.2375));
#944 = VECTOR('',#945,1.);
#945 = DIRECTION('',(0.,-0.,1.));
#946 = ORIENTED_EDGE('',*,*,#947,.T.);
#947 = EDGE_CURVE('',#940,#948,#950,.T.);
#948 = VERTEX_POINT('',#949);
#949 = CARTESIAN_POINT('',(0.,6.825,3.475));
#950 = LINE('',#951,#952);
#951 = CARTESIAN_POINT('',(0.,-18.3625,3.475));
#952 = VECTOR('',#953,1.);
#953 = DIRECTION('',(0.,-1.,0.));
#954 = ORIENTED_EDGE('',*,*,#955,.F.);
#955 = EDGE_CURVE('',#956,#948,#958,.T.);
#956 = VERTEX_POINT('',#957);
#957 = CARTESIAN_POINT('',(0.,6.825,1.975));
#958 = LINE('',#959,#960);
#959 = CARTESIAN_POINT('',(0.,6.825,0.4875));
#960 = VECTOR('',#961,1.);
#961 = DIRECTION('',(0.,-0.,1.));
#962 = ORIENTED_EDGE('',*,*,#963,.T.);
#963 = EDGE_CURVE('',#956,#964,#966,.T.);
#964 = VERTEX_POINT('',#965);
#965 = CARTESIAN_POINT('',(0.,4.775,1.975));
#966 = LINE('',#967,#968);
#967 = CARTESIAN_POINT('',(0.,-17.6125,1.975));
#968 = VECTOR('',#969,1.);
#969 = DIRECTION('',(0.,-1.,0.));
#970 = ORIENTED_EDGE('',*,*,#971,.T.);
#971 = EDGE_CURVE('',#964,#882,#972,.T.);
#972 = LINE('',#973,#974);
#973 = CARTESIAN_POINT('',(0.,4.775,0.4875));
#974 = VECTOR('',#975,1.);
#975 = DIRECTION('',(0.,-0.,1.));
#976 = FACE_BOUND('',#977,.F.);
#977 = EDGE_LOOP('',(#978));
#978 = ORIENTED_EDGE('',*,*,#979,.F.);
#979 = EDGE_CURVE('',#980,#980,#982,.T.);
#980 = VERTEX_POINT('',#981);
#981 = CARTESIAN_POINT('',(0.,-2.725,4.5));
#982 = CIRCLE('',#983,2.475);
#983 = AXIS2_PLACEMENT_3D('',#984,#985,#986);
#984 = CARTESIAN_POINT('',(0.,-5.2,4.5));
#985 = DIRECTION('',(1.,0.,0.));
#986 = DIRECTION('',(-0.,1.,0.));
#987 = PLANE('',#988);
#988 = AXIS2_PLACEMENT_3D('',#989,#990,#991);
#989 = CARTESIAN_POINT('',(0.,-40.,-1.));
#990 = DIRECTION('',(1.,0.,-0.));
#991 = DIRECTION('',(0.,0.,1.));
#992 = ADVANCED_FACE('',(#993),#1011,.F.);
#993 = FACE_BOUND('',#994,.F.);
#994 = EDGE_LOOP('',(#995,#996,#1004,#1010));
#995 = ORIENTED_EDGE('',*,*,#31,.F.);
#996 = ORIENTED_EDGE('',*,*,#997,.T.);
#997 = EDGE_CURVE('',#32,#998,#1000,.T.);
#998 = VERTEX_POINT('',#999);
#999 = CARTESIAN_POINT('',(1.8898,12.12,9.));
#1000 = LINE('',#1001,#1002);
#1001 = CARTESIAN_POINT('',(1.8898,12.12,0.));
#1002 = VECTOR('',#1003,1.);
#1003 = DIRECTION('',(0.,0.,1.));
#1004 = ORIENTED_EDGE('',*,*,#1005,.T.);
#1005 = EDGE_CURVE('',#998,#855,#1006,.T.);
#1006 = LINE('',#1007,#1008);
#1007 = CARTESIAN_POINT('',(1.8898,12.12,9.));
#1008 = VECTOR('',#1009,1.);
#1009 = DIRECTION('',(-0.953642283637,-0.300942510889,0.));
#1010 = ORIENTED_EDGE('',*,*,#854,.F.);
#1011 = PLANE('',#1012);
#1012 = AXIS2_PLACEMENT_3D('',#1013,#1014,#1015);
#1013 = CARTESIAN_POINT('',(1.8898,12.12,0.));
#1014 = DIRECTION('',(0.300942510889,-0.953642283637,0.));
#1015 = DIRECTION('',(-0.953642283637,-0.300942510889,0.));
#1016 = ADVANCED_FACE('',(#1017),#1035,.F.);
#1017 = FACE_BOUND('',#1018,.F.);
#1018 = EDGE_LOOP('',(#1019,#1020,#1028,#1034));
#1019 = ORIENTED_EDGE('',*,*,#845,.T.);
#1020 = ORIENTED_EDGE('',*,*,#1021,.T.);
#1021 = EDGE_CURVE('',#846,#1022,#1024,.T.);
#1022 = VERTEX_POINT('',#1023);
#1023 = CARTESIAN_POINT('',(2.847,-10.6252,9.));
#1024 = LINE('',#1025,#1026);
#1025 = CARTESIAN_POINT('',(0.,-11.,9.));
#1026 = VECTOR('',#1027,1.);
#1027 = DIRECTION('',(0.991445522055,0.13052117375,0.));
#1028 = ORIENTED_EDGE('',*,*,#1029,.F.);
#1029 = EDGE_CURVE('',#704,#1022,#1030,.T.);
#1030 = LINE('',#1031,#1032);
#1031 = CARTESIAN_POINT('',(2.847,-10.6252,0.));
#1032 = VECTOR('',#1033,1.);
#1033 = DIRECTION('',(0.,0.,1.));
#1034 = ORIENTED_EDGE('',*,*,#711,.F.);
#1035 = PLANE('',#1036);
#1036 = AXIS2_PLACEMENT_3D('',#1037,#1038,#1039);
#1037 = CARTESIAN_POINT('',(0.,-11.,0.));
#1038 = DIRECTION('',(-0.13052117375,0.991445522055,0.));
#1039 = DIRECTION('',(0.991445522055,0.13052117375,0.));
#1040 = ADVANCED_FACE('',(#1041),#1059,.F.);
#1041 = FACE_BOUND('',#1042,.F.);
#1042 = EDGE_LOOP('',(#1043,#1051,#1057,#1058));
#1043 = ORIENTED_EDGE('',*,*,#1044,.T.);
#1044 = EDGE_CURVE('',#40,#1045,#1047,.T.);
#1045 = VERTEX_POINT('',#1046);
#1046 = CARTESIAN_POINT('',(6.6265,13.5367,9.));
#1047 = LINE('',#1048,#1049);
#1048 = CARTESIAN_POINT('',(6.6265,13.5367,0.));
#1049 = VECTOR('',#1050,1.);
#1050 = DIRECTION('',(0.,0.,1.));
#1051 = ORIENTED_EDGE('',*,*,#1052,.T.);
#1052 = EDGE_CURVE('',#1045,#998,#1053,.T.);
#1053 = LINE('',#1054,#1055);
#1054 = CARTESIAN_POINT('',(6.6265,13.5367,9.));
#1055 = VECTOR('',#1056,1.);
#1056 = DIRECTION('',(-0.958065885166,-0.286548005893,0.));
#1057 = ORIENTED_EDGE('',*,*,#997,.F.);
#1058 = ORIENTED_EDGE('',*,*,#39,.F.);
#1059 = PLANE('',#1060);
#1060 = AXIS2_PLACEMENT_3D('',#1061,#1062,#1063);
#1061 = CARTESIAN_POINT('',(6.6265,13.5367,0.));
#1062 = DIRECTION('',(0.286548005893,-0.958065885166,0.));
#1063 = DIRECTION('',(-0.958065885166,-0.286548005893,0.));
#1064 = ADVANCED_FACE('',(#1065),#1083,.F.);
#1065 = FACE_BOUND('',#1066,.F.);
#1066 = EDGE_LOOP('',(#1067,#1068,#1076,#1082));
#1067 = ORIENTED_EDGE('',*,*,#1029,.T.);
#1068 = ORIENTED_EDGE('',*,*,#1069,.T.);
#1069 = EDGE_CURVE('',#1022,#1070,#1072,.T.);
#1070 = VERTEX_POINT('',#1071);
#1071 = CARTESIAN_POINT('',(5.5,-9.5263,9.));
#1072 = LINE('',#1073,#1074);
#1073 = CARTESIAN_POINT('',(2.847,-10.6252,9.));
#1074 = VECTOR('',#1075,1.);
#1075 = DIRECTION('',(0.92388058901,0.382680881742,0.));
#1076 = ORIENTED_EDGE('',*,*,#1077,.F.);
#1077 = EDGE_CURVE('',#696,#1070,#1078,.T.);
#1078 = LINE('',#1079,#1080);
#1079 = CARTESIAN_POINT('',(5.5,-9.5263,0.));
#1080 = VECTOR('',#1081,1.);
#1081 = DIRECTION('',(0.,0.,1.));
#1082 = ORIENTED_EDGE('',*,*,#703,.F.);
#1083 = PLANE('',#1084);
#1084 = AXIS2_PLACEMENT_3D('',#1085,#1086,#1087);
#1085 = CARTESIAN_POINT('',(2.847,-10.6252,0.));
#1086 = DIRECTION('',(-0.382680881742,0.92388058901,0.));
#1087 = DIRECTION('',(0.92388058901,0.382680881742,0.));
#1088 = ADVANCED_FACE('',(#1089),#1107,.F.);
#1089 = FACE_BOUND('',#1090,.F.);
#1090 = EDGE_LOOP('',(#1091,#1099,#1105,#1106));
#1091 = ORIENTED_EDGE('',*,*,#1092,.T.);
#1092 = EDGE_CURVE('',#48,#1093,#1095,.T.);
#1093 = VERTEX_POINT('',#1094);
#1094 = CARTESIAN_POINT('',(11.3633,14.8888,9.));
#1095 = LINE('',#1096,#1097);
#1096 = CARTESIAN_POINT('',(11.3633,14.8888,0.));
#1097 = VECTOR('',#1098,1.);
#1098 = DIRECTION('',(0.,0.,1.));
#1099 = ORIENTED_EDGE('',*,*,#1100,.T.);
#1100 = EDGE_CURVE('',#1093,#1045,#1101,.T.);
#1101 = LINE('',#1102,#1103);
#1102 = CARTESIAN_POINT('',(11.3633,14.8888,9.));
#1103 = VECTOR('',#1104,1.);
#1104 = DIRECTION('',(-0.961592096927,-0.274482493298,0.));
#1105 = ORIENTED_EDGE('',*,*,#1044,.F.);
#1106 = ORIENTED_EDGE('',*,*,#47,.F.);
#1107 = PLANE('',#1108);
#1108 = AXIS2_PLACEMENT_3D('',#1109,#1110,#1111);
#1109 = CARTESIAN_POINT('',(11.3633,14.8888,0.));
#1110 = DIRECTION('',(0.274482493298,-0.961592096927,0.));
#1111 = DIRECTION('',(-0.961592096927,-0.274482493298,0.));
#1112 = ADVANCED_FACE('',(#1113),#1148,.F.);
#1113 = FACE_BOUND('',#1114,.F.);
#1114 = EDGE_LOOP('',(#1115,#1116,#1117,#1125,#1133,#1142));
#1115 = ORIENTED_EDGE('',*,*,#695,.F.);
#1116 = ORIENTED_EDGE('',*,*,#1077,.T.);
#1117 = ORIENTED_EDGE('',*,*,#1118,.T.);
#1118 = EDGE_CURVE('',#1070,#1119,#1121,.T.);
#1119 = VERTEX_POINT('',#1120);
#1120 = CARTESIAN_POINT('',(10.0312,-7.5353,9.));
#1121 = LINE('',#1122,#1123);
#1122 = CARTESIAN_POINT('',(5.5,-9.5263,9.));
#1123 = VECTOR('',#1124,1.);
#1124 = DIRECTION('',(0.915518101073,0.40227677861,0.));
#1125 = ORIENTED_EDGE('',*,*,#1126,.F.);
#1126 = EDGE_CURVE('',#1127,#1119,#1129,.T.);
#1127 = VERTEX_POINT('',#1128);
#1128 = CARTESIAN_POINT('',(10.0312,-7.5353,5.319755396445));
#1129 = LINE('',#1130,#1131);
#1130 = CARTESIAN_POINT('',(10.0312,-7.5353,0.));
#1131 = VECTOR('',#1132,1.);
#1132 = DIRECTION('',(0.,0.,1.));
#1133 = ORIENTED_EDGE('',*,*,#1134,.F.);
#1134 = EDGE_CURVE('',#1135,#1127,#1137,.T.);
#1135 = VERTEX_POINT('',#1136);
#1136 = CARTESIAN_POINT('',(10.0312,-7.5353,3.680244603555));
#1137 = ELLIPSE('',#1138,6.152480410514,2.475);
#1138 = AXIS2_PLACEMENT_3D('',#1139,#1140,#1141);
#1139 = CARTESIAN_POINT('',(15.345972154696,-5.2,4.5));
#1140 = DIRECTION('',(-0.40227677861,0.915518101073,0.));
#1141 = DIRECTION('',(0.915518101073,0.40227677861,0.));
#1142 = ORIENTED_EDGE('',*,*,#1143,.F.);
#1143 = EDGE_CURVE('',#688,#1135,#1144,.T.);
#1144 = LINE('',#1145,#1146);
#1145 = CARTESIAN_POINT('',(10.0312,-7.5353,0.));
#1146 = VECTOR('',#1147,1.);
#1147 = DIRECTION('',(0.,0.,1.));
#1148 = PLANE('',#1149);
#1149 = AXIS2_PLACEMENT_3D('',#1150,#1151,#1152);
#1150 = CARTESIAN_POINT('',(5.5,-9.5263,0.));
#1151 = DIRECTION('',(-0.40227677861,0.915518101073,0.));
#1152 = DIRECTION('',(0.915518101073,0.40227677861,0.));
#1153 = ADVANCED_FACE('',(#1154),#1172,.F.);
#1154 = FACE_BOUND('',#1155,.F.);
#1155 = EDGE_LOOP('',(#1156,#1164,#1170,#1171));
#1156 = ORIENTED_EDGE('',*,*,#1157,.T.);
#1157 = EDGE_CURVE('',#56,#1158,#1160,.T.);
#1158 = VERTEX_POINT('',#1159);
#1159 = CARTESIAN_POINT('',(16.1,16.1899,9.));
#1160 = LINE('',#1161,#1162);
#1161 = CARTESIAN_POINT('',(16.1,16.1899,0.));
#1162 = VECTOR('',#1163,1.);
#1163 = DIRECTION('',(0.,0.,1.));
#1164 = ORIENTED_EDGE('',*,*,#1165,.T.);
#1165 = EDGE_CURVE('',#1158,#1093,#1166,.T.);
#1166 = LINE('',#1167,#1168);
#1167 = CARTESIAN_POINT('',(16.1,16.1899,9.));
#1168 = VECTOR('',#1169,1.);
#1169 = DIRECTION('',(-0.964283032423,-0.264873995289,0.));
#1170 = ORIENTED_EDGE('',*,*,#1092,.F.);
#1171 = ORIENTED_EDGE('',*,*,#55,.F.);
#1172 = PLANE('',#1173);
#1173 = AXIS2_PLACEMENT_3D('',#1174,#1175,#1176);
#1174 = CARTESIAN_POINT('',(16.1,16.1899,0.));
#1175 = DIRECTION('',(0.264873995289,-0.964283032423,0.));
#1176 = DIRECTION('',(-0.964283032423,-0.264873995289,0.));
#1177 = ADVANCED_FACE('',(#1178),#1197,.F.);
#1178 = FACE_BOUND('',#1179,.F.);
#1179 = EDGE_LOOP('',(#1180,#1181,#1182,#1191));
#1180 = ORIENTED_EDGE('',*,*,#687,.F.);
#1181 = ORIENTED_EDGE('',*,*,#1143,.T.);
#1182 = ORIENTED_EDGE('',*,*,#1183,.F.);
#1183 = EDGE_CURVE('',#1184,#1135,#1186,.T.);
#1184 = VERTEX_POINT('',#1185);
#1185 = CARTESIAN_POINT('',(13.453924858032,-6.090463394954,
    2.190736060506));
#1186 = ELLIPSE('',#1187,6.364098476479,2.475);
#1187 = AXIS2_PLACEMENT_3D('',#1188,#1189,#1190);
#1188 = CARTESIAN_POINT('',(15.563375287537,-5.2,4.5));
#1189 = DIRECTION('',(-0.388900330368,0.921279834274,0.));
#1190 = DIRECTION('',(0.921279834274,0.388900330368,0.));
#1191 = ORIENTED_EDGE('',*,*,#1192,.T.);
#1192 = EDGE_CURVE('',#1184,#680,#1193,.T.);
#1193 = LINE('',#1194,#1195);
#1194 = CARTESIAN_POINT('',(13.453924858032,-6.090463394954,0.));
#1195 = VECTOR('',#1196,1.);
#1196 = DIRECTION('',(0.,0.,-1.));
#1197 = PLANE('',#1198);
#1198 = AXIS2_PLACEMENT_3D('',#1199,#1200,#1201);
#1199 = CARTESIAN_POINT('',(10.0312,-7.5353,0.));
#1200 = DIRECTION('',(-0.388900330368,0.921279834274,0.));
#1201 = DIRECTION('',(0.921279834274,0.388900330368,0.));
#1202 = ADVANCED_FACE('',(#1203),#1221,.F.);
#1203 = FACE_BOUND('',#1204,.F.);
#1204 = EDGE_LOOP('',(#1205,#1213,#1219,#1220));
#1205 = ORIENTED_EDGE('',*,*,#1206,.T.);
#1206 = EDGE_CURVE('',#64,#1207,#1209,.T.);
#1207 = VERTEX_POINT('',#1208);
#1208 = CARTESIAN_POINT('',(20.8368,17.4534,9.));
#1209 = LINE('',#1210,#1211);
#1210 = CARTESIAN_POINT('',(20.8368,17.4534,0.));
#1211 = VECTOR('',#1212,1.);
#1212 = DIRECTION('',(0.,0.,1.));
#1213 = ORIENTED_EDGE('',*,*,#1214,.T.);
#1214 = EDGE_CURVE('',#1207,#1158,#1215,.T.);
#1215 = LINE('',#1216,#1217);
#1216 = CARTESIAN_POINT('',(20.8368,17.4534,9.));
#1217 = VECTOR('',#1218,1.);
#1218 = DIRECTION('',(-0.966216993705,-0.257729938259,0.));
#1219 = ORIENTED_EDGE('',*,*,#1157,.F.);
#1220 = ORIENTED_EDGE('',*,*,#63,.F.);
#1221 = PLANE('',#1222);
#1222 = AXIS2_PLACEMENT_3D('',#1223,#1224,#1225);
#1223 = CARTESIAN_POINT('',(20.8368,17.4534,0.));
#1224 = DIRECTION('',(0.257729938259,-0.966216993705,0.));
#1225 = DIRECTION('',(-0.966216993705,-0.257729938259,0.));
#1226 = ADVANCED_FACE('',(#1227),#1246,.F.);
#1227 = FACE_BOUND('',#1228,.F.);
#1228 = EDGE_LOOP('',(#1229,#1230,#1231,#1240));
#1229 = ORIENTED_EDGE('',*,*,#679,.F.);
#1230 = ORIENTED_EDGE('',*,*,#1192,.F.);
#1231 = ORIENTED_EDGE('',*,*,#1232,.F.);
#1232 = EDGE_CURVE('',#1233,#1184,#1235,.T.);
#1233 = VERTEX_POINT('',#1234);
#1234 = CARTESIAN_POINT('',(16.6367,-4.7919,2.058877432409));
#1235 = ELLIPSE('',#1236,6.551688659347,2.475);
#1236 = AXIS2_PLACEMENT_3D('',#1237,#1238,#1239);
#1237 = CARTESIAN_POINT('',(15.636448075077,-5.2,4.5));
#1238 = DIRECTION('',(-0.377765203551,0.925901426171,0.));
#1239 = DIRECTION('',(0.925901426171,0.377765203551,0.));
#1240 = ORIENTED_EDGE('',*,*,#1241,.F.);
#1241 = EDGE_CURVE('',#672,#1233,#1242,.T.);
#1242 = LINE('',#1243,#1244);
#1243 = CARTESIAN_POINT('',(16.6367,-4.7919,0.));
#1244 = VECTOR('',#1245,1.);
#1245 = DIRECTION('',(0.,0.,1.));
#1246 = PLANE('',#1247);
#1247 = AXIS2_PLACEMENT_3D('',#1248,#1249,#1250);
#1248 = CARTESIAN_POINT('',(12.0401,-6.6673,0.));
#1249 = DIRECTION('',(-0.377765203551,0.925901426171,0.));
#1250 = DIRECTION('',(0.925901426171,0.377765203551,0.));
#1251 = ADVANCED_FACE('',(#1252),#1270,.F.);
#1252 = FACE_BOUND('',#1253,.F.);
#1253 = EDGE_LOOP('',(#1254,#1262,#1268,#1269));
#1254 = ORIENTED_EDGE('',*,*,#1255,.T.);
#1255 = EDGE_CURVE('',#72,#1256,#1258,.T.);
#1256 = VERTEX_POINT('',#1257);
#1257 = CARTESIAN_POINT('',(25.5736,18.6931,9.));
#1258 = LINE('',#1259,#1260);
#1259 = CARTESIAN_POINT('',(25.5736,18.6931,0.));
#1260 = VECTOR('',#1261,1.);
#1261 = DIRECTION('',(0.,0.,1.));
#1262 = ORIENTED_EDGE('',*,*,#1263,.T.);
#1263 = EDGE_CURVE('',#1256,#1207,#1264,.T.);
#1264 = LINE('',#1265,#1266);
#1265 = CARTESIAN_POINT('',(25.5736,18.6931,9.));
#1266 = VECTOR('',#1267,1.);
#1267 = DIRECTION('',(-0.967416782398,-0.253189196322,0.));
#1268 = ORIENTED_EDGE('',*,*,#1206,.F.);
#1269 = ORIENTED_EDGE('',*,*,#71,.F.);
#1270 = PLANE('',#1271);
#1271 = AXIS2_PLACEMENT_3D('',#1272,#1273,#1274);
#1272 = CARTESIAN_POINT('',(25.5736,18.6931,0.));
#1273 = DIRECTION('',(0.253189196322,-0.967416782398,0.));
#1274 = DIRECTION('',(-0.967416782398,-0.253189196322,0.));
#1275 = ADVANCED_FACE('',(#1276),#1328,.F.);
#1276 = FACE_BOUND('',#1277,.F.);
#1277 = EDGE_LOOP('',(#1278,#1279,#1280,#1289,#1297,#1306,#1314,#1322));
#1278 = ORIENTED_EDGE('',*,*,#671,.F.);
#1279 = ORIENTED_EDGE('',*,*,#1241,.T.);
#1280 = ORIENTED_EDGE('',*,*,#1281,.F.);
#1281 = EDGE_CURVE('',#1282,#1233,#1284,.T.);
#1282 = VERTEX_POINT('',#1283);
#1283 = CARTESIAN_POINT('',(16.8,-4.727092999173,2.070600080561));
#1284 = ELLIPSE('',#1285,6.70964197059,2.475);
#1285 = AXIS2_PLACEMENT_3D('',#1286,#1287,#1288);
#1286 = CARTESIAN_POINT('',(15.60837390637,-5.2,4.5));
#1287 = DIRECTION('',(-0.368872141144,0.929480146904,0.));
#1288 = DIRECTION('',(0.929480146904,0.368872141144,0.));
#1289 = ORIENTED_EDGE('',*,*,#1290,.F.);
#1290 = EDGE_CURVE('',#1291,#1282,#1293,.T.);
#1291 = VERTEX_POINT('',#1292);
#1292 = CARTESIAN_POINT('',(16.8,-4.727092999173,6.929399919439));
#1293 = LINE('',#1294,#1295);
#1294 = CARTESIAN_POINT('',(16.8,-4.727092999173,2.25));
#1295 = VECTOR('',#1296,1.);
#1296 = DIRECTION('',(0.,0.,-1.));
#1297 = ORIENTED_EDGE('',*,*,#1298,.F.);
#1298 = EDGE_CURVE('',#1299,#1291,#1301,.T.);
#1299 = VERTEX_POINT('',#1300);
#1300 = CARTESIAN_POINT('',(16.6367,-4.7919,6.941122567591));
#1301 = ELLIPSE('',#1302,6.70964197059,2.475);
#1302 = AXIS2_PLACEMENT_3D('',#1303,#1304,#1305);
#1303 = CARTESIAN_POINT('',(15.60837390637,-5.2,4.5));
#1304 = DIRECTION('',(-0.368872141144,0.929480146904,0.));
#1305 = DIRECTION('',(0.929480146904,0.368872141144,0.));
#1306 = ORIENTED_EDGE('',*,*,#1307,.T.);
#1307 = EDGE_CURVE('',#1299,#1308,#1310,.T.);
#1308 = VERTEX_POINT('',#1309);
#1309 = CARTESIAN_POINT('',(16.6367,-4.7919,9.));
#1310 = LINE('',#1311,#1312);
#1311 = CARTESIAN_POINT('',(16.6367,-4.7919,0.));
#1312 = VECTOR('',#1313,1.);
#1313 = DIRECTION('',(0.,0.,1.));
#1314 = ORIENTED_EDGE('',*,*,#1315,.T.);
#1315 = EDGE_CURVE('',#1308,#1316,#1318,.T.);
#1316 = VERTEX_POINT('',#1317);
#1317 = CARTESIAN_POINT('',(21.2333,-2.9677,9.));
#1318 = LINE('',#1319,#1320);
#1319 = CARTESIAN_POINT('',(16.6367,-4.7919,9.));
#1320 = VECTOR('',#1321,1.);
#1321 = DIRECTION('',(0.929480146904,0.368872141144,0.));
#1322 = ORIENTED_EDGE('',*,*,#1323,.F.);
#1323 = EDGE_CURVE('',#664,#1316,#1324,.T.);
#1324 = LINE('',#1325,#1326);
#1325 = CARTESIAN_POINT('',(21.2333,-2.9677,0.));
#1326 = VECTOR('',#1327,1.);
#1327 = DIRECTION('',(0.,0.,1.));
#1328 = PLANE('',#1329);
#1329 = AXIS2_PLACEMENT_3D('',#1330,#1331,#1332);
#1330 = CARTESIAN_POINT('',(16.6367,-4.7919,0.));
#1331 = DIRECTION('',(-0.368872141144,0.929480146904,0.));
#1332 = DIRECTION('',(0.929480146904,0.368872141144,0.));
#1333 = ADVANCED_FACE('',(#1334),#1352,.F.);
#1334 = FACE_BOUND('',#1335,.F.);
#1335 = EDGE_LOOP('',(#1336,#1344,#1350,#1351));
#1336 = ORIENTED_EDGE('',*,*,#1337,.T.);
#1337 = EDGE_CURVE('',#80,#1338,#1340,.T.);
#1338 = VERTEX_POINT('',#1339);
#1339 = CARTESIAN_POINT('',(30.3103,19.9222,9.));
#1340 = LINE('',#1341,#1342);
#1341 = CARTESIAN_POINT('',(30.3103,19.9222,0.));
#1342 = VECTOR('',#1343,1.);
#1343 = DIRECTION('',(0.,0.,1.));
#1344 = ORIENTED_EDGE('',*,*,#1345,.T.);
#1345 = EDGE_CURVE('',#1338,#1256,#1346,.T.);
#1346 = LINE('',#1347,#1348);
#1347 = CARTESIAN_POINT('',(30.3103,19.9222,9.));
#1348 = VECTOR('',#1349,1.);
#1349 = DIRECTION('',(-0.967943924267,-0.251166397981,0.));
#1350 = ORIENTED_EDGE('',*,*,#1255,.F.);
#1351 = ORIENTED_EDGE('',*,*,#79,.F.);
#1352 = PLANE('',#1353);
#1353 = AXIS2_PLACEMENT_3D('',#1354,#1355,#1356);
#1354 = CARTESIAN_POINT('',(30.3103,19.9222,0.));
#1355 = DIRECTION('',(0.251166397981,-0.967943924267,0.));
#1356 = DIRECTION('',(-0.967943924267,-0.251166397981,0.));
#1357 = ADVANCED_FACE('',(#1358),#1376,.F.);
#1358 = FACE_BOUND('',#1359,.F.);
#1359 = EDGE_LOOP('',(#1360,#1361,#1369,#1375));
#1360 = ORIENTED_EDGE('',*,*,#1323,.T.);
#1361 = ORIENTED_EDGE('',*,*,#1362,.T.);
#1362 = EDGE_CURVE('',#1316,#1363,#1365,.T.);
#1363 = VERTEX_POINT('',#1364);
#1364 = CARTESIAN_POINT('',(25.8299,-1.1809,9.));
#1365 = LINE('',#1366,#1367);
#1366 = CARTESIAN_POINT('',(21.2333,-2.9677,9.));
#1367 = VECTOR('',#1368,1.);
#1368 = DIRECTION('',(0.932057175642,0.36231122165,0.));
#1369 = ORIENTED_EDGE('',*,*,#1370,.F.);
#1370 = EDGE_CURVE('',#656,#1363,#1371,.T.);
#1371 = LINE('',#1372,#1373);
#1372 = CARTESIAN_POINT('',(25.8299,-1.1809,0.));
#1373 = VECTOR('',#1374,1.);
#1374 = DIRECTION('',(0.,0.,1.));
#1375 = ORIENTED_EDGE('',*,*,#663,.F.);
#1376 = PLANE('',#1377);
#1377 = AXIS2_PLACEMENT_3D('',#1378,#1379,#1380);
#1378 = CARTESIAN_POINT('',(21.2333,-2.9677,0.));
#1379 = DIRECTION('',(-0.36231122165,0.932057175642,0.));
#1380 = DIRECTION('',(0.932057175642,0.36231122165,0.));
#1381 = ADVANCED_FACE('',(#1382),#1400,.F.);
#1382 = FACE_BOUND('',#1383,.F.);
#1383 = EDGE_LOOP('',(#1384,#1392,#1398,#1399));
#1384 = ORIENTED_EDGE('',*,*,#1385,.T.);
#1385 = EDGE_CURVE('',#88,#1386,#1388,.T.);
#1386 = VERTEX_POINT('',#1387);
#1387 = CARTESIAN_POINT('',(35.0471,21.1546,9.));
#1388 = LINE('',#1389,#1390);
#1389 = CARTESIAN_POINT('',(35.0471,21.1546,0.));
#1390 = VECTOR('',#1391,1.);
#1391 = DIRECTION('',(0.,0.,1.));
#1392 = ORIENTED_EDGE('',*,*,#1393,.T.);
#1393 = EDGE_CURVE('',#1386,#1338,#1394,.T.);
#1394 = LINE('',#1395,#1396);
#1395 = CARTESIAN_POINT('',(35.0471,21.1546,9.));
#1396 = VECTOR('',#1397,1.);
#1397 = DIRECTION('',(-0.967781095611,-0.251793071743,0.));
#1398 = ORIENTED_EDGE('',*,*,#1337,.F.);
#1399 = ORIENTED_EDGE('',*,*,#87,.F.);
#1400 = PLANE('',#1401);
#1401 = AXIS2_PLACEMENT_3D('',#1402,#1403,#1404);
#1402 = CARTESIAN_POINT('',(35.0471,21.1546,0.));
#1403 = DIRECTION('',(0.251793071743,-0.967781095611,0.));
#1404 = DIRECTION('',(-0.967781095611,-0.251793071743,0.));
#1405 = ADVANCED_FACE('',(#1406),#1424,.F.);
#1406 = FACE_BOUND('',#1407,.F.);
#1407 = EDGE_LOOP('',(#1408,#1409,#1417,#1423));
#1408 = ORIENTED_EDGE('',*,*,#1370,.T.);
#1409 = ORIENTED_EDGE('',*,*,#1410,.T.);
#1410 = EDGE_CURVE('',#1363,#1411,#1413,.T.);
#1411 = VERTEX_POINT('',#1412);
#1412 = CARTESIAN_POINT('',(30.4264,0.5819,9.));
#1413 = LINE('',#1414,#1415);
#1414 = CARTESIAN_POINT('',(25.8299,-1.1809,9.));
#1415 = VECTOR('',#1416,1.);
#1416 = DIRECTION('',(0.93369122802,0.358079168227,0.));
#1417 = ORIENTED_EDGE('',*,*,#1418,.F.);
#1418 = EDGE_CURVE('',#648,#1411,#1419,.T.);
#1419 = LINE('',#1420,#1421);
#1420 = CARTESIAN_POINT('',(30.4264,0.5819,0.));
#1421 = VECTOR('',#1422,1.);
#1422 = DIRECTION('',(0.,0.,1.));
#1423 = ORIENTED_EDGE('',*,*,#655,.F.);
#1424 = PLANE('',#1425);
#1425 = AXIS2_PLACEMENT_3D('',#1426,#1427,#1428);
#1426 = CARTESIAN_POINT('',(25.8299,-1.1809,0.));
#1427 = DIRECTION('',(-0.358079168227,0.93369122802,0.));
#1428 = DIRECTION('',(0.93369122802,0.358079168227,0.));
#1429 = ADVANCED_FACE('',(#1430),#1448,.F.);
#1430 = FACE_BOUND('',#1431,.F.);
#1431 = EDGE_LOOP('',(#1432,#1433,#1441,#1447));
#1432 = ORIENTED_EDGE('',*,*,#95,.F.);
#1433 = ORIENTED_EDGE('',*,*,#1434,.T.);
#1434 = EDGE_CURVE('',#96,#1435,#1437,.T.);
#1435 = VERTEX_POINT('',#1436);
#1436 = CARTESIAN_POINT('',(39.782313081624,22.40318156117,9.));
#1437 = LINE('',#1438,#1439);
#1438 = CARTESIAN_POINT('',(39.782313081624,22.40318156117,0.));
#1439 = VECTOR('',#1440,1.);
#1440 = DIRECTION('',(0.,0.,1.));
#1441 = ORIENTED_EDGE('',*,*,#1442,.T.);
#1442 = EDGE_CURVE('',#1435,#1386,#1443,.T.);
#1443 = LINE('',#1444,#1445);
#1444 = CARTESIAN_POINT('',(39.7839,22.4036,9.));
#1445 = VECTOR('',#1446,1.);
#1446 = DIRECTION('',(-0.966950142423,-0.254965531136,0.));
#1447 = ORIENTED_EDGE('',*,*,#1385,.F.);
#1448 = PLANE('',#1449);
#1449 = AXIS2_PLACEMENT_3D('',#1450,#1451,#1452);
#1450 = CARTESIAN_POINT('',(39.7839,22.4036,0.));
#1451 = DIRECTION('',(0.254965531136,-0.966950142423,0.));
#1452 = DIRECTION('',(-0.966950142423,-0.254965531136,0.));
#1453 = ADVANCED_FACE('',(#1454),#1472,.F.);
#1454 = FACE_BOUND('',#1455,.F.);
#1455 = EDGE_LOOP('',(#1456,#1457,#1465,#1471));
#1456 = ORIENTED_EDGE('',*,*,#1418,.T.);
#1457 = ORIENTED_EDGE('',*,*,#1458,.T.);
#1458 = EDGE_CURVE('',#1411,#1459,#1461,.T.);
#1459 = VERTEX_POINT('',#1460);
#1460 = CARTESIAN_POINT('',(35.023,2.3343,9.));
#1461 = LINE('',#1462,#1463);
#1462 = CARTESIAN_POINT('',(30.4264,0.5819,9.));
#1463 = VECTOR('',#1464,1.);
#1464 = DIRECTION('',(0.934398825965,0.356228626076,0.));
#1465 = ORIENTED_EDGE('',*,*,#1466,.F.);
#1466 = EDGE_CURVE('',#640,#1459,#1467,.T.);
#1467 = LINE('',#1468,#1469);
#1468 = CARTESIAN_POINT('',(35.023,2.3343,0.));
#1469 = VECTOR('',#1470,1.);
#1470 = DIRECTION('',(0.,0.,1.));
#1471 = ORIENTED_EDGE('',*,*,#647,.F.);
#1472 = PLANE('',#1473);
#1473 = AXIS2_PLACEMENT_3D('',#1474,#1475,#1476);
#1474 = CARTESIAN_POINT('',(30.4264,0.5819,0.));
#1475 = DIRECTION('',(-0.356228626076,0.934398825965,0.));
#1476 = DIRECTION('',(0.934398825965,0.356228626076,0.));
#1477 = ADVANCED_FACE('',(#1478),#1496,.F.);
#1478 = FACE_BOUND('',#1479,.F.);
#1479 = EDGE_LOOP('',(#1480,#1481,#1489,#1495));
#1480 = ORIENTED_EDGE('',*,*,#103,.F.);
#1481 = ORIENTED_EDGE('',*,*,#1482,.T.);
#1482 = EDGE_CURVE('',#104,#1483,#1485,.T.);
#1483 = VERTEX_POINT('',#1484);
#1484 = CARTESIAN_POINT('',(50.4078,35.7587,9.));
#1485 = LINE('',#1486,#1487);
#1486 = CARTESIAN_POINT('',(50.4078,35.7587,0.));
#1487 = VECTOR('',#1488,1.);
#1488 = DIRECTION('',(0.,0.,1.));
#1489 = ORIENTED_EDGE('',*,*,#1490,.T.);
#1490 = EDGE_CURVE('',#1483,#1435,#1491,.T.);
#1491 = LINE('',#1492,#1493);
#1492 = CARTESIAN_POINT('',(50.4078,35.7587,9.));
#1493 = VECTOR('',#1494,1.);
#1494 = DIRECTION('',(-0.622587408504,-0.782550265972,0.));
#1495 = ORIENTED_EDGE('',*,*,#1434,.F.);
#1496 = PLANE('',#1497);
#1497 = AXIS2_PLACEMENT_3D('',#1498,#1499,#1500);
#1498 = CARTESIAN_POINT('',(50.4078,35.7587,0.));
#1499 = DIRECTION('',(0.782550265972,-0.622587408504,0.));
#1500 = DIRECTION('',(-0.622587408504,-0.782550265972,0.));
#1501 = ADVANCED_FACE('',(#1502),#1520,.F.);
#1502 = FACE_BOUND('',#1503,.F.);
#1503 = EDGE_LOOP('',(#1504,#1505,#1513,#1519));
#1504 = ORIENTED_EDGE('',*,*,#1466,.T.);
#1505 = ORIENTED_EDGE('',*,*,#1506,.T.);
#1506 = EDGE_CURVE('',#1459,#1507,#1509,.T.);
#1507 = VERTEX_POINT('',#1508);
#1508 = CARTESIAN_POINT('',(39.6196,4.0899,9.));
#1509 = LINE('',#1510,#1511);
#1510 = CARTESIAN_POINT('',(35.023,2.3343,9.));
#1511 = VECTOR('',#1512,1.);
#1512 = DIRECTION('',(0.934182179337,0.356796378637,0.));
#1513 = ORIENTED_EDGE('',*,*,#1514,.F.);
#1514 = EDGE_CURVE('',#632,#1507,#1515,.T.);
#1515 = LINE('',#1516,#1517);
#1516 = CARTESIAN_POINT('',(39.6196,4.0899,0.));
#1517 = VECTOR('',#1518,1.);
#1518 = DIRECTION('',(0.,0.,1.));
#1519 = ORIENTED_EDGE('',*,*,#639,.F.);
#1520 = PLANE('',#1521);
#1521 = AXIS2_PLACEMENT_3D('',#1522,#1523,#1524);
#1522 = CARTESIAN_POINT('',(35.023,2.3343,0.));
#1523 = DIRECTION('',(-0.356796378637,0.934182179337,0.));
#1524 = DIRECTION('',(0.934182179337,0.356796378637,0.));
#1525 = ADVANCED_FACE('',(#1526),#1544,.F.);
#1526 = FACE_BOUND('',#1527,.F.);
#1527 = EDGE_LOOP('',(#1528,#1536,#1542,#1543));
#1528 = ORIENTED_EDGE('',*,*,#1529,.T.);
#1529 = EDGE_CURVE('',#112,#1530,#1532,.T.);
#1530 = VERTEX_POINT('',#1531);
#1531 = CARTESIAN_POINT('',(50.9463,36.1718,9.));
#1532 = LINE('',#1533,#1534);
#1533 = CARTESIAN_POINT('',(50.9463,36.1718,0.));
#1534 = VECTOR('',#1535,1.);
#1535 = DIRECTION('',(0.,0.,1.));
#1536 = ORIENTED_EDGE('',*,*,#1537,.T.);
#1537 = EDGE_CURVE('',#1530,#1483,#1538,.T.);
#1538 = LINE('',#1539,#1540);
#1539 = CARTESIAN_POINT('',(50.9463,36.1718,9.));
#1540 = VECTOR('',#1541,1.);
#1541 = DIRECTION('',(-0.793428467116,-0.608663509314,0.));
#1542 = ORIENTED_EDGE('',*,*,#1482,.F.);
#1543 = ORIENTED_EDGE('',*,*,#111,.F.);
#1544 = PLANE('',#1545);
#1545 = AXIS2_PLACEMENT_3D('',#1546,#1547,#1548);
#1546 = CARTESIAN_POINT('',(50.9463,36.1718,0.));
#1547 = DIRECTION('',(0.608663509314,-0.793428467116,0.));
#1548 = DIRECTION('',(-0.793428467116,-0.608663509314,0.));
#1549 = ADVANCED_FACE('',(#1550),#1568,.F.);
#1550 = FACE_BOUND('',#1551,.F.);
#1551 = EDGE_LOOP('',(#1552,#1553,#1561,#1567));
#1552 = ORIENTED_EDGE('',*,*,#1514,.T.);
#1553 = ORIENTED_EDGE('',*,*,#1554,.T.);
#1554 = EDGE_CURVE('',#1507,#1555,#1557,.T.);
#1555 = VERTEX_POINT('',#1556);
#1556 = CARTESIAN_POINT('',(44.2161,5.8621,9.));
#1557 = LINE('',#1558,#1559);
#1558 = CARTESIAN_POINT('',(39.6196,4.0899,9.));
#1559 = VECTOR('',#1560,1.);
#1560 = DIRECTION('',(0.933051793221,0.359742061992,0.));
#1561 = ORIENTED_EDGE('',*,*,#1562,.F.);
#1562 = EDGE_CURVE('',#624,#1555,#1563,.T.);
#1563 = LINE('',#1564,#1565);
#1564 = CARTESIAN_POINT('',(44.2161,5.8621,0.));
#1565 = VECTOR('',#1566,1.);
#1566 = DIRECTION('',(0.,0.,1.));
#1567 = ORIENTED_EDGE('',*,*,#631,.F.);
#1568 = PLANE('',#1569);
#1569 = AXIS2_PLACEMENT_3D('',#1570,#1571,#1572);
#1570 = CARTESIAN_POINT('',(39.6196,4.0899,0.));
#1571 = DIRECTION('',(-0.359742061992,0.933051793221,0.));
#1572 = DIRECTION('',(0.933051793221,0.359742061992,0.));
#1573 = ADVANCED_FACE('',(#1574),#1592,.F.);
#1574 = FACE_BOUND('',#1575,.F.);
#1575 = EDGE_LOOP('',(#1576,#1584,#1590,#1591));
#1576 = ORIENTED_EDGE('',*,*,#1577,.T.);
#1577 = EDGE_CURVE('',#120,#1578,#1580,.T.);
#1578 = VERTEX_POINT('',#1579);
#1579 = CARTESIAN_POINT('',(51.5734,36.4316,9.));
#1580 = LINE('',#1581,#1582);
#1581 = CARTESIAN_POINT('',(51.5734,36.4316,0.));
#1582 = VECTOR('',#1583,1.);
#1583 = DIRECTION('',(0.,0.,1.));
#1584 = ORIENTED_EDGE('',*,*,#1585,.T.);
#1585 = EDGE_CURVE('',#1578,#1530,#1586,.T.);
#1586 = LINE('',#1587,#1588);
#1587 = CARTESIAN_POINT('',(51.5734,36.4316,9.));
#1588 = VECTOR('',#1589,1.);
#1589 = DIRECTION('',(-0.923855219425,-0.382742124074,0.));
#1590 = ORIENTED_EDGE('',*,*,#1529,.F.);
#1591 = ORIENTED_EDGE('',*,*,#119,.F.);
#1592 = PLANE('',#1593);
#1593 = AXIS2_PLACEMENT_3D('',#1594,#1595,#1596);
#1594 = CARTESIAN_POINT('',(51.5734,36.4316,0.));
#1595 = DIRECTION('',(0.382742124074,-0.923855219425,0.));
#1596 = DIRECTION('',(-0.923855219425,-0.382742124074,0.));
#1597 = ADVANCED_FACE('',(#1598),#1616,.F.);
#1598 = FACE_BOUND('',#1599,.F.);
#1599 = EDGE_LOOP('',(#1600,#1601,#1609,#1615));
#1600 = ORIENTED_EDGE('',*,*,#1562,.T.);
#1601 = ORIENTED_EDGE('',*,*,#1602,.T.);
#1602 = EDGE_CURVE('',#1555,#1603,#1605,.T.);
#1603 = VERTEX_POINT('',#1604);
#1604 = CARTESIAN_POINT('',(48.8127,7.6645,9.));
#1605 = LINE('',#1606,#1607);
#1606 = CARTESIAN_POINT('',(44.2161,5.8621,9.));
#1607 = VECTOR('',#1608,1.);
#1608 = DIRECTION('',(0.930986156013,0.365054485402,0.));
#1609 = ORIENTED_EDGE('',*,*,#1610,.F.);
#1610 = EDGE_CURVE('',#616,#1603,#1611,.T.);
#1611 = LINE('',#1612,#1613);
#1612 = CARTESIAN_POINT('',(48.8127,7.6645,0.));
#1613 = VECTOR('',#1614,1.);
#1614 = DIRECTION('',(0.,0.,1.));
#1615 = ORIENTED_EDGE('',*,*,#623,.F.);
#1616 = PLANE('',#1617);
#1617 = AXIS2_PLACEMENT_3D('',#1618,#1619,#1620);
#1618 = CARTESIAN_POINT('',(44.2161,5.8621,0.));
#1619 = DIRECTION('',(-0.365054485402,0.930986156013,0.));
#1620 = DIRECTION('',(0.930986156013,0.365054485402,0.));
#1621 = ADVANCED_FACE('',(#1622),#1640,.F.);
#1622 = FACE_BOUND('',#1623,.F.);
#1623 = EDGE_LOOP('',(#1624,#1632,#1638,#1639));
#1624 = ORIENTED_EDGE('',*,*,#1625,.T.);
#1625 = EDGE_CURVE('',#128,#1626,#1628,.T.);
#1626 = VERTEX_POINT('',#1627);
#1627 = CARTESIAN_POINT('',(52.2463,36.5202,9.));
#1628 = LINE('',#1629,#1630);
#1629 = CARTESIAN_POINT('',(52.2463,36.5202,0.));
#1630 = VECTOR('',#1631,1.);
#1631 = DIRECTION('',(0.,0.,1.));
#1632 = ORIENTED_EDGE('',*,*,#1633,.T.);
#1633 = EDGE_CURVE('',#1626,#1578,#1634,.T.);
#1634 = LINE('',#1635,#1636);
#1635 = CARTESIAN_POINT('',(52.2463,36.5202,9.));
#1636 = VECTOR('',#1637,1.);
#1637 = DIRECTION('',(-0.991442757316,-0.130542173129,0.));
#1638 = ORIENTED_EDGE('',*,*,#1577,.F.);
#1639 = ORIENTED_EDGE('',*,*,#127,.F.);
#1640 = PLANE('',#1641);
#1641 = AXIS2_PLACEMENT_3D('',#1642,#1643,#1644);
#1642 = CARTESIAN_POINT('',(52.2463,36.5202,0.));
#1643 = DIRECTION('',(0.130542173129,-0.991442757316,0.));
#1644 = DIRECTION('',(-0.991442757316,-0.130542173129,0.));
#1645 = ADVANCED_FACE('',(#1646),#1664,.F.);
#1646 = FACE_BOUND('',#1647,.F.);
#1647 = EDGE_LOOP('',(#1648,#1649,#1657,#1663));
#1648 = ORIENTED_EDGE('',*,*,#1610,.T.);
#1649 = ORIENTED_EDGE('',*,*,#1650,.T.);
#1650 = EDGE_CURVE('',#1603,#1651,#1653,.T.);
#1651 = VERTEX_POINT('',#1652);
#1652 = CARTESIAN_POINT('',(53.4093,9.5106,9.));
#1653 = LINE('',#1654,#1655);
#1654 = CARTESIAN_POINT('',(48.8127,7.6645,9.));
#1655 = VECTOR('',#1656,1.);
#1656 = DIRECTION('',(0.927956467165,0.372688603323,0.));
#1657 = ORIENTED_EDGE('',*,*,#1658,.F.);
#1658 = EDGE_CURVE('',#608,#1651,#1659,.T.);
#1659 = LINE('',#1660,#1661);
#1660 = CARTESIAN_POINT('',(53.4093,9.5106,0.));
#1661 = VECTOR('',#1662,1.);
#1662 = DIRECTION('',(0.,0.,1.));
#1663 = ORIENTED_EDGE('',*,*,#615,.F.);
#1664 = PLANE('',#1665);
#1665 = AXIS2_PLACEMENT_3D('',#1666,#1667,#1668);
#1666 = CARTESIAN_POINT('',(48.8127,7.6645,0.));
#1667 = DIRECTION('',(-0.372688603323,0.927956467165,0.));
#1668 = DIRECTION('',(0.927956467165,0.372688603323,0.));
#1669 = ADVANCED_FACE('',(#1670),#1688,.F.);
#1670 = FACE_BOUND('',#1671,.F.);
#1671 = EDGE_LOOP('',(#1672,#1680,#1686,#1687));
#1672 = ORIENTED_EDGE('',*,*,#1673,.T.);
#1673 = EDGE_CURVE('',#136,#1674,#1676,.T.);
#1674 = VERTEX_POINT('',#1675);
#1675 = CARTESIAN_POINT('',(52.9193,36.4316,9.));
#1676 = LINE('',#1677,#1678);
#1677 = CARTESIAN_POINT('',(52.9193,36.4316,0.));
#1678 = VECTOR('',#1679,1.);
#1679 = DIRECTION('',(0.,0.,1.));
#1680 = ORIENTED_EDGE('',*,*,#1681,.T.);
#1681 = EDGE_CURVE('',#1674,#1626,#1682,.T.);
#1682 = LINE('',#1683,#1684);
#1683 = CARTESIAN_POINT('',(52.9193,36.4316,9.));
#1684 = VECTOR('',#1685,1.);
#1685 = DIRECTION('',(-0.991445267605,0.130523106552,0.));
#1686 = ORIENTED_EDGE('',*,*,#1625,.F.);
#1687 = ORIENTED_EDGE('',*,*,#135,.F.);
#1688 = PLANE('',#1689);
#1689 = AXIS2_PLACEMENT_3D('',#1690,#1691,#1692);
#1690 = CARTESIAN_POINT('',(52.9193,36.4316,0.));
#1691 = DIRECTION('',(-0.130523106552,-0.991445267605,0.));
#1692 = DIRECTION('',(-0.991445267605,0.130523106552,0.));
#1693 = ADVANCED_FACE('',(#1694),#1712,.F.);
#1694 = FACE_BOUND('',#1695,.F.);
#1695 = EDGE_LOOP('',(#1696,#1697,#1705,#1711));
#1696 = ORIENTED_EDGE('',*,*,#1658,.T.);
#1697 = ORIENTED_EDGE('',*,*,#1698,.T.);
#1698 = EDGE_CURVE('',#1651,#1699,#1701,.T.);
#1699 = VERTEX_POINT('',#1700);
#1700 = CARTESIAN_POINT('',(58.0058,11.4141,9.));
#1701 = LINE('',#1702,#1703);
#1702 = CARTESIAN_POINT('',(53.4093,9.5106,9.));
#1703 = VECTOR('',#1704,1.);
#1704 = DIRECTION('',(0.923910275178,0.382609204569,0.));
#1705 = ORIENTED_EDGE('',*,*,#1706,.F.);
#1706 = EDGE_CURVE('',#600,#1699,#1707,.T.);
#1707 = LINE('',#1708,#1709);
#1708 = CARTESIAN_POINT('',(58.0058,11.4141,0.));
#1709 = VECTOR('',#1710,1.);
#1710 = DIRECTION('',(0.,0.,1.));
#1711 = ORIENTED_EDGE('',*,*,#607,.F.);
#1712 = PLANE('',#1713);
#1713 = AXIS2_PLACEMENT_3D('',#1714,#1715,#1716);
#1714 = CARTESIAN_POINT('',(53.4093,9.5106,0.));
#1715 = DIRECTION('',(-0.382609204569,0.923910275178,0.));
#1716 = DIRECTION('',(0.923910275178,0.382609204569,0.));
#1717 = ADVANCED_FACE('',(#1718),#1736,.F.);
#1718 = FACE_BOUND('',#1719,.F.);
#1719 = EDGE_LOOP('',(#1720,#1728,#1734,#1735));
#1720 = ORIENTED_EDGE('',*,*,#1721,.T.);
#1721 = EDGE_CURVE('',#144,#1722,#1724,.T.);
#1722 = VERTEX_POINT('',#1723);
#1723 = CARTESIAN_POINT('',(53.5463,36.1718,9.));
#1724 = LINE('',#1725,#1726);
#1725 = CARTESIAN_POINT('',(53.5463,36.1718,0.));
#1726 = VECTOR('',#1727,1.);
#1727 = DIRECTION('',(0.,0.,1.));
#1728 = ORIENTED_EDGE('',*,*,#1729,.T.);
#1729 = EDGE_CURVE('',#1722,#1674,#1730,.T.);
#1730 = LINE('',#1731,#1732);
#1731 = CARTESIAN_POINT('',(53.5463,36.1718,9.));
#1732 = VECTOR('',#1733,1.);
#1733 = DIRECTION('',(-0.923833633617,0.382794223307,0.));
#1734 = ORIENTED_EDGE('',*,*,#1673,.F.);
#1735 = ORIENTED_EDGE('',*,*,#143,.F.);
#1736 = PLANE('',#1737);
#1737 = AXIS2_PLACEMENT_3D('',#1738,#1739,#1740);
#1738 = CARTESIAN_POINT('',(53.5463,36.1718,0.));
#1739 = DIRECTION('',(-0.382794223307,-0.923833633617,0.));
#1740 = DIRECTION('',(-0.923833633617,0.382794223307,0.));
#1741 = ADVANCED_FACE('',(#1742),#1760,.F.);
#1742 = FACE_BOUND('',#1743,.F.);
#1743 = EDGE_LOOP('',(#1744,#1745,#1753,#1759));
#1744 = ORIENTED_EDGE('',*,*,#1706,.T.);
#1745 = ORIENTED_EDGE('',*,*,#1746,.T.);
#1746 = EDGE_CURVE('',#1699,#1747,#1749,.T.);
#1747 = VERTEX_POINT('',#1748);
#1748 = CARTESIAN_POINT('',(59.875,12.1883,9.));
#1749 = LINE('',#1750,#1751);
#1750 = CARTESIAN_POINT('',(58.0058,11.4141,9.));
#1751 = VECTOR('',#1752,1.);
#1752 = DIRECTION('',(0.923887918705,0.382663185674,0.));
#1753 = ORIENTED_EDGE('',*,*,#1754,.F.);
#1754 = EDGE_CURVE('',#592,#1747,#1755,.T.);
#1755 = LINE('',#1756,#1757);
#1756 = CARTESIAN_POINT('',(59.875,12.1883,0.));
#1757 = VECTOR('',#1758,1.);
#1758 = DIRECTION('',(0.,0.,1.));
#1759 = ORIENTED_EDGE('',*,*,#599,.F.);
#1760 = PLANE('',#1761);
#1761 = AXIS2_PLACEMENT_3D('',#1762,#1763,#1764);
#1762 = CARTESIAN_POINT('',(58.0058,11.4141,0.));
#1763 = DIRECTION('',(-0.382663185674,0.923887918705,0.));
#1764 = DIRECTION('',(0.923887918705,0.382663185674,0.));
#1765 = ADVANCED_FACE('',(#1766),#1784,.F.);
#1766 = FACE_BOUND('',#1767,.F.);
#1767 = EDGE_LOOP('',(#1768,#1776,#1782,#1783));
#1768 = ORIENTED_EDGE('',*,*,#1769,.T.);
#1769 = EDGE_CURVE('',#152,#1770,#1772,.T.);
#1770 = VERTEX_POINT('',#1771);
#1771 = CARTESIAN_POINT('',(54.0848,35.7587,9.));
#1772 = LINE('',#1773,#1774);
#1773 = CARTESIAN_POINT('',(54.0848,35.7587,0.));
#1774 = VECTOR('',#1775,1.);
#1775 = DIRECTION('',(0.,0.,1.));
#1776 = ORIENTED_EDGE('',*,*,#1777,.T.);
#1777 = EDGE_CURVE('',#1770,#1722,#1778,.T.);
#1778 = LINE('',#1779,#1780);
#1779 = CARTESIAN_POINT('',(54.0848,35.7587,9.));
#1780 = VECTOR('',#1781,1.);
#1781 = DIRECTION('',(-0.793428467116,0.608663509314,0.));
#1782 = ORIENTED_EDGE('',*,*,#1721,.F.);
#1783 = ORIENTED_EDGE('',*,*,#151,.F.);
#1784 = PLANE('',#1785);
#1785 = AXIS2_PLACEMENT_3D('',#1786,#1787,#1788);
#1786 = CARTESIAN_POINT('',(54.0848,35.7587,0.));
#1787 = DIRECTION('',(-0.608663509314,-0.793428467116,0.));
#1788 = DIRECTION('',(-0.793428467116,0.608663509314,0.));
#1789 = ADVANCED_FACE('',(#1790),#1808,.F.);
#1790 = FACE_BOUND('',#1791,.F.);
#1791 = EDGE_LOOP('',(#1792,#1793,#1801,#1807));
#1792 = ORIENTED_EDGE('',*,*,#1754,.T.);
#1793 = ORIENTED_EDGE('',*,*,#1794,.T.);
#1794 = EDGE_CURVE('',#1747,#1795,#1797,.T.);
#1795 = VERTEX_POINT('',#1796);
#1796 = CARTESIAN_POINT('',(64.4062,14.1355,9.));
#1797 = LINE('',#1798,#1799);
#1798 = CARTESIAN_POINT('',(59.875,12.1883,9.));
#1799 = VECTOR('',#1800,1.);
#1800 = DIRECTION('',(0.918758640421,0.394819655859,0.));
#1801 = ORIENTED_EDGE('',*,*,#1802,.F.);
#1802 = EDGE_CURVE('',#584,#1795,#1803,.T.);
#1803 = LINE('',#1804,#1805);
#1804 = CARTESIAN_POINT('',(64.4062,14.1355,0.));
#1805 = VECTOR('',#1806,1.);
#1806 = DIRECTION('',(0.,0.,1.));
#1807 = ORIENTED_EDGE('',*,*,#591,.F.);
#1808 = PLANE('',#1809);
#1809 = AXIS2_PLACEMENT_3D('',#1810,#1811,#1812);
#1810 = CARTESIAN_POINT('',(59.875,12.1883,0.));
#1811 = DIRECTION('',(-0.394819655859,0.918758640421,0.));
#1812 = DIRECTION('',(0.918758640421,0.394819655859,0.));
#1813 = ADVANCED_FACE('',(#1814),#1832,.F.);
#1814 = FACE_BOUND('',#1815,.F.);
#1815 = EDGE_LOOP('',(#1816,#1824,#1830,#1831));
#1816 = ORIENTED_EDGE('',*,*,#1817,.T.);
#1817 = EDGE_CURVE('',#160,#1818,#1820,.T.);
#1818 = VERTEX_POINT('',#1819);
#1819 = CARTESIAN_POINT('',(54.498,35.2202,9.));
#1820 = LINE('',#1821,#1822);
#1821 = CARTESIAN_POINT('',(54.498,35.2202,0.));
#1822 = VECTOR('',#1823,1.);
#1823 = DIRECTION('',(0.,0.,1.));
#1824 = ORIENTED_EDGE('',*,*,#1825,.T.);
#1825 = EDGE_CURVE('',#1818,#1770,#1826,.T.);
#1826 = LINE('',#1827,#1828);
#1827 = CARTESIAN_POINT('',(54.498,35.2202,9.));
#1828 = VECTOR('',#1829,1.);
#1829 = DIRECTION('',(-0.608756251901,0.793357312799,0.));
#1830 = ORIENTED_EDGE('',*,*,#1769,.F.);
#1831 = ORIENTED_EDGE('',*,*,#159,.F.);
#1832 = PLANE('',#1833);
#1833 = AXIS2_PLACEMENT_3D('',#1834,#1835,#1836);
#1834 = CARTESIAN_POINT('',(54.498,35.2202,0.));
#1835 = DIRECTION('',(-0.793357312799,-0.608756251901,0.));
#1836 = DIRECTION('',(-0.608756251901,0.793357312799,0.));
#1837 = ADVANCED_FACE('',(#1838),#1856,.F.);
#1838 = FACE_BOUND('',#1839,.F.);
#1839 = EDGE_LOOP('',(#1840,#1841,#1842,#1850));
#1840 = ORIENTED_EDGE('',*,*,#583,.F.);
#1841 = ORIENTED_EDGE('',*,*,#1802,.T.);
#1842 = ORIENTED_EDGE('',*,*,#1843,.T.);
#1843 = EDGE_CURVE('',#1795,#1844,#1846,.T.);
#1844 = VERTEX_POINT('',#1845);
#1845 = CARTESIAN_POINT('',(67.684525388747,15.605331143332,9.));
#1846 = LINE('',#1847,#1848);
#1847 = CARTESIAN_POINT('',(64.4062,14.1355,9.));
#1848 = VECTOR('',#1849,1.);
#1849 = DIRECTION('',(0.912484699443,0.409110832518,0.));
#1850 = ORIENTED_EDGE('',*,*,#1851,.T.);
#1851 = EDGE_CURVE('',#1844,#576,#1852,.T.);
#1852 = LINE('',#1853,#1854);
#1853 = CARTESIAN_POINT('',(67.684525388747,15.605331143332,0.));
#1854 = VECTOR('',#1855,1.);
#1855 = DIRECTION('',(-0.,0.,-1.));
#1856 = PLANE('',#1857);
#1857 = AXIS2_PLACEMENT_3D('',#1858,#1859,#1860);
#1858 = CARTESIAN_POINT('',(64.4062,14.1355,0.));
#1859 = DIRECTION('',(-0.409110832518,0.912484699443,0.));
#1860 = DIRECTION('',(0.912484699443,0.409110832518,0.));
#1861 = ADVANCED_FACE('',(#1862),#1880,.F.);
#1862 = FACE_BOUND('',#1863,.F.);
#1863 = EDGE_LOOP('',(#1864,#1872,#1878,#1879));
#1864 = ORIENTED_EDGE('',*,*,#1865,.T.);
#1865 = EDGE_CURVE('',#168,#1866,#1868,.T.);
#1866 = VERTEX_POINT('',#1867);
#1867 = CARTESIAN_POINT('',(54.7577,34.5931,9.));
#1868 = LINE('',#1869,#1870);
#1869 = CARTESIAN_POINT('',(54.7577,34.5931,0.));
#1870 = VECTOR('',#1871,1.);
#1871 = DIRECTION('',(0.,0.,1.));
#1872 = ORIENTED_EDGE('',*,*,#1873,.T.);
#1873 = EDGE_CURVE('',#1866,#1818,#1874,.T.);
#1874 = LINE('',#1875,#1876);
#1875 = CARTESIAN_POINT('',(54.7577,34.5931,9.));
#1876 = VECTOR('',#1877,1.);
#1877 = DIRECTION('',(-0.382616373007,0.923907306556,0.));
#1878 = ORIENTED_EDGE('',*,*,#1817,.F.);
#1879 = ORIENTED_EDGE('',*,*,#167,.F.);
#1880 = PLANE('',#1881);
#1881 = AXIS2_PLACEMENT_3D('',#1882,#1883,#1884);
#1882 = CARTESIAN_POINT('',(54.7577,34.5931,0.));
#1883 = DIRECTION('',(-0.923907306556,-0.382616373007,0.));
#1884 = DIRECTION('',(-0.382616373007,0.923907306556,0.));
#1885 = ADVANCED_FACE('',(#1886),#1904,.F.);
#1886 = FACE_BOUND('',#1887,.F.);
#1887 = EDGE_LOOP('',(#1888,#1889,#1890,#1898));
#1888 = ORIENTED_EDGE('',*,*,#575,.F.);
#1889 = ORIENTED_EDGE('',*,*,#1851,.F.);
#1890 = ORIENTED_EDGE('',*,*,#1891,.T.);
#1891 = EDGE_CURVE('',#1844,#1892,#1894,.T.);
#1892 = VERTEX_POINT('',#1893);
#1893 = CARTESIAN_POINT('',(79.3542,7.3023,9.));
#1894 = LINE('',#1895,#1896);
#1895 = CARTESIAN_POINT('',(63.2333,18.7724,9.));
#1896 = VECTOR('',#1897,1.);
#1897 = DIRECTION('',(0.814803743008,-0.579736888925,0.));
#1898 = ORIENTED_EDGE('',*,*,#1899,.F.);
#1899 = EDGE_CURVE('',#568,#1892,#1900,.T.);
#1900 = LINE('',#1901,#1902);
#1901 = CARTESIAN_POINT('',(79.3542,7.3023,0.));
#1902 = VECTOR('',#1903,1.);
#1903 = DIRECTION('',(0.,0.,1.));
#1904 = PLANE('',#1905);
#1905 = AXIS2_PLACEMENT_3D('',#1906,#1907,#1908);
#1906 = CARTESIAN_POINT('',(63.2333,18.7724,0.));
#1907 = DIRECTION('',(0.579736888925,0.814803743008,-0.));
#1908 = DIRECTION('',(0.814803743008,-0.579736888925,0.));
#1909 = ADVANCED_FACE('',(#1910),#1928,.F.);
#1910 = FACE_BOUND('',#1911,.F.);
#1911 = EDGE_LOOP('',(#1912,#1920,#1926,#1927));
#1912 = ORIENTED_EDGE('',*,*,#1913,.T.);
#1913 = EDGE_CURVE('',#176,#1914,#1916,.T.);
#1914 = VERTEX_POINT('',#1915);
#1915 = CARTESIAN_POINT('',(54.8463,33.9202,9.));
#1916 = LINE('',#1917,#1918);
#1917 = CARTESIAN_POINT('',(54.8463,33.9202,0.));
#1918 = VECTOR('',#1919,1.);
#1919 = DIRECTION('',(0.,0.,1.));
#1920 = ORIENTED_EDGE('',*,*,#1921,.T.);
#1921 = EDGE_CURVE('',#1914,#1866,#1922,.T.);
#1922 = LINE('',#1923,#1924);
#1923 = CARTESIAN_POINT('',(54.8463,33.9202,9.));
#1924 = VECTOR('',#1925,1.);
#1925 = DIRECTION('',(-0.130542173129,0.991442757316,0.));
#1926 = ORIENTED_EDGE('',*,*,#1865,.F.);
#1927 = ORIENTED_EDGE('',*,*,#175,.F.);
#1928 = PLANE('',#1929);
#1929 = AXIS2_PLACEMENT_3D('',#1930,#1931,#1932);
#1930 = CARTESIAN_POINT('',(54.8463,33.9202,0.));
#1931 = DIRECTION('',(-0.991442757316,-0.130542173129,0.));
#1932 = DIRECTION('',(-0.130542173129,0.991442757316,0.));
#1933 = ADVANCED_FACE('',(#1934),#1952,.F.);
#1934 = FACE_BOUND('',#1935,.F.);
#1935 = EDGE_LOOP('',(#1936,#1937,#1945,#1951));
#1936 = ORIENTED_EDGE('',*,*,#1899,.T.);
#1937 = ORIENTED_EDGE('',*,*,#1938,.T.);
#1938 = EDGE_CURVE('',#1892,#1939,#1941,.T.);
#1939 = VERTEX_POINT('',#1940);
#1940 = CARTESIAN_POINT('',(79.9813,7.0426,9.));
#1941 = LINE('',#1942,#1943);
#1942 = CARTESIAN_POINT('',(79.3542,7.3023,9.));
#1943 = VECTOR('',#1944,1.);
#1944 = DIRECTION('',(0.923907306556,-0.382616373007,0.));
#1945 = ORIENTED_EDGE('',*,*,#1946,.F.);
#1946 = EDGE_CURVE('',#560,#1939,#1947,.T.);
#1947 = LINE('',#1948,#1949);
#1948 = CARTESIAN_POINT('',(79.9813,7.0426,0.));
#1949 = VECTOR('',#1950,1.);
#1950 = DIRECTION('',(0.,0.,1.));
#1951 = ORIENTED_EDGE('',*,*,#567,.F.);
#1952 = PLANE('',#1953);
#1953 = AXIS2_PLACEMENT_3D('',#1954,#1955,#1956);
#1954 = CARTESIAN_POINT('',(79.3542,7.3023,0.));
#1955 = DIRECTION('',(0.382616373007,0.923907306556,-0.));
#1956 = DIRECTION('',(0.923907306556,-0.382616373007,0.));
#1957 = ADVANCED_FACE('',(#1958),#1976,.F.);
#1958 = FACE_BOUND('',#1959,.F.);
#1959 = EDGE_LOOP('',(#1960,#1968,#1974,#1975));
#1960 = ORIENTED_EDGE('',*,*,#1961,.T.);
#1961 = EDGE_CURVE('',#184,#1962,#1964,.T.);
#1962 = VERTEX_POINT('',#1963);
#1963 = CARTESIAN_POINT('',(54.7577,33.2472,9.));
#1964 = LINE('',#1965,#1966);
#1965 = CARTESIAN_POINT('',(54.7577,33.2472,0.));
#1966 = VECTOR('',#1967,1.);
#1967 = DIRECTION('',(0.,0.,1.));
#1968 = ORIENTED_EDGE('',*,*,#1969,.T.);
#1969 = EDGE_CURVE('',#1962,#1914,#1970,.T.);
#1970 = LINE('',#1971,#1972);
#1971 = CARTESIAN_POINT('',(54.7577,33.2472,9.));
#1972 = VECTOR('',#1973,1.);
#1973 = DIRECTION('',(0.130523106552,0.991445267605,0.));
#1974 = ORIENTED_EDGE('',*,*,#1913,.F.);
#1975 = ORIENTED_EDGE('',*,*,#183,.F.);
#1976 = PLANE('',#1977);
#1977 = AXIS2_PLACEMENT_3D('',#1978,#1979,#1980);
#1978 = CARTESIAN_POINT('',(54.7577,33.2472,0.));
#1979 = DIRECTION('',(-0.991445267605,0.130523106552,0.));
#1980 = DIRECTION('',(0.130523106552,0.991445267605,0.));
#1981 = ADVANCED_FACE('',(#1982),#2000,.F.);
#1982 = FACE_BOUND('',#1983,.F.);
#1983 = EDGE_LOOP('',(#1984,#1985,#1993,#1999));
#1984 = ORIENTED_EDGE('',*,*,#1946,.T.);
#1985 = ORIENTED_EDGE('',*,*,#1986,.T.);
#1986 = EDGE_CURVE('',#1939,#1987,#1989,.T.);
#1987 = VERTEX_POINT('',#1988);
#1988 = CARTESIAN_POINT('',(80.6542,6.954,9.));
#1989 = LINE('',#1990,#1991);
#1990 = CARTESIAN_POINT('',(79.9813,7.0426,9.));
#1991 = VECTOR('',#1992,1.);
#1992 = DIRECTION('',(0.991442757316,-0.130542173129,0.));
#1993 = ORIENTED_EDGE('',*,*,#1994,.F.);
#1994 = EDGE_CURVE('',#552,#1987,#1995,.T.);
#1995 = LINE('',#1996,#1997);
#1996 = CARTESIAN_POINT('',(80.6542,6.954,0.));
#1997 = VECTOR('',#1998,1.);
#1998 = DIRECTION('',(0.,0.,1.));
#1999 = ORIENTED_EDGE('',*,*,#559,.F.);
#2000 = PLANE('',#2001);
#2001 = AXIS2_PLACEMENT_3D('',#2002,#2003,#2004);
#2002 = CARTESIAN_POINT('',(79.9813,7.0426,0.));
#2003 = DIRECTION('',(0.130542173129,0.991442757316,-0.));
#2004 = DIRECTION('',(0.991442757316,-0.130542173129,0.));
#2005 = ADVANCED_FACE('',(#2006),#2024,.F.);
#2006 = FACE_BOUND('',#2007,.F.);
#2007 = EDGE_LOOP('',(#2008,#2016,#2022,#2023));
#2008 = ORIENTED_EDGE('',*,*,#2009,.T.);
#2009 = EDGE_CURVE('',#192,#2010,#2012,.T.);
#2010 = VERTEX_POINT('',#2011);
#2011 = CARTESIAN_POINT('',(54.498,32.6202,9.));
#2012 = LINE('',#2013,#2014);
#2013 = CARTESIAN_POINT('',(54.498,32.6202,0.));
#2014 = VECTOR('',#2015,1.);
#2015 = DIRECTION('',(0.,0.,1.));
#2016 = ORIENTED_EDGE('',*,*,#2017,.T.);
#2017 = EDGE_CURVE('',#2010,#1962,#2018,.T.);
#2018 = LINE('',#2019,#2020);
#2019 = CARTESIAN_POINT('',(54.498,32.6202,9.));
#2020 = VECTOR('',#2021,1.);
#2021 = DIRECTION('',(0.382668460997,0.923885733713,0.));
#2022 = ORIENTED_EDGE('',*,*,#1961,.F.);
#2023 = ORIENTED_EDGE('',*,*,#191,.F.);
#2024 = PLANE('',#2025);
#2025 = AXIS2_PLACEMENT_3D('',#2026,#2027,#2028);
#2026 = CARTESIAN_POINT('',(54.498,32.6202,0.));
#2027 = DIRECTION('',(-0.923885733713,0.382668460997,0.));
#2028 = DIRECTION('',(0.382668460997,0.923885733713,0.));
#2029 = ADVANCED_FACE('',(#2030),#2048,.F.);
#2030 = FACE_BOUND('',#2031,.F.);
#2031 = EDGE_LOOP('',(#2032,#2033,#2041,#2047));
#2032 = ORIENTED_EDGE('',*,*,#1994,.T.);
#2033 = ORIENTED_EDGE('',*,*,#2034,.T.);
#2034 = EDGE_CURVE('',#1987,#2035,#2037,.T.);
#2035 = VERTEX_POINT('',#2036);
#2036 = CARTESIAN_POINT('',(81.3272,7.0426,9.));
#2037 = LINE('',#2038,#2039);
#2038 = CARTESIAN_POINT('',(80.6542,6.954,9.));
#2039 = VECTOR('',#2040,1.);
#2040 = DIRECTION('',(0.991445267605,0.130523106552,0.));
#2041 = ORIENTED_EDGE('',*,*,#2042,.F.);
#2042 = EDGE_CURVE('',#544,#2035,#2043,.T.);
#2043 = LINE('',#2044,#2045);
#2044 = CARTESIAN_POINT('',(81.3272,7.0426,0.));
#2045 = VECTOR('',#2046,1.);
#2046 = DIRECTION('',(0.,0.,1.));
#2047 = ORIENTED_EDGE('',*,*,#551,.F.);
#2048 = PLANE('',#2049);
#2049 = AXIS2_PLACEMENT_3D('',#2050,#2051,#2052);
#2050 = CARTESIAN_POINT('',(80.6542,6.954,0.));
#2051 = DIRECTION('',(-0.130523106552,0.991445267605,0.));
#2052 = DIRECTION('',(0.991445267605,0.130523106552,0.));
#2053 = ADVANCED_FACE('',(#2054),#2072,.F.);
#2054 = FACE_BOUND('',#2055,.F.);
#2055 = EDGE_LOOP('',(#2056,#2057,#2065,#2071));
#2056 = ORIENTED_EDGE('',*,*,#199,.F.);
#2057 = ORIENTED_EDGE('',*,*,#2058,.F.);
#2058 = EDGE_CURVE('',#2059,#200,#2061,.T.);
#2059 = VERTEX_POINT('',#2060);
#2060 = CARTESIAN_POINT('',(49.962516848655,25.211155639781,9.));
#2061 = LINE('',#2062,#2063);
#2062 = CARTESIAN_POINT('',(49.962516848655,25.211155639781,0.));
#2063 = VECTOR('',#2064,1.);
#2064 = DIRECTION('',(-0.,-0.,-1.));
#2065 = ORIENTED_EDGE('',*,*,#2066,.T.);
#2066 = EDGE_CURVE('',#2059,#2010,#2067,.T.);
#2067 = LINE('',#2068,#2069);
#2068 = CARTESIAN_POINT('',(40.9706,10.5222,9.));
#2069 = VECTOR('',#2070,1.);
#2070 = DIRECTION('',(0.522098056843,0.852885466543,0.));
#2071 = ORIENTED_EDGE('',*,*,#2009,.F.);
#2072 = PLANE('',#2073);
#2073 = AXIS2_PLACEMENT_3D('',#2074,#2075,#2076);
#2074 = CARTESIAN_POINT('',(40.9706,10.5222,0.));
#2075 = DIRECTION('',(-0.852885466543,0.522098056843,0.));
#2076 = DIRECTION('',(0.522098056843,0.852885466543,0.));
#2077 = ADVANCED_FACE('',(#2078),#2096,.F.);
#2078 = FACE_BOUND('',#2079,.F.);
#2079 = EDGE_LOOP('',(#2080,#2081,#2089,#2095));
#2080 = ORIENTED_EDGE('',*,*,#2042,.T.);
#2081 = ORIENTED_EDGE('',*,*,#2082,.T.);
#2082 = EDGE_CURVE('',#2035,#2083,#2085,.T.);
#2083 = VERTEX_POINT('',#2084);
#2084 = CARTESIAN_POINT('',(81.9542,7.3023,9.));
#2085 = LINE('',#2086,#2087);
#2086 = CARTESIAN_POINT('',(81.3272,7.0426,9.));
#2087 = VECTOR('',#2088,1.);
#2088 = DIRECTION('',(0.923885733713,0.382668460997,0.));
#2089 = ORIENTED_EDGE('',*,*,#2090,.F.);
#2090 = EDGE_CURVE('',#536,#2083,#2091,.T.);
#2091 = LINE('',#2092,#2093);
#2092 = CARTESIAN_POINT('',(81.9542,7.3023,0.));
#2093 = VECTOR('',#2094,1.);
#2094 = DIRECTION('',(0.,0.,1.));
#2095 = ORIENTED_EDGE('',*,*,#543,.F.);
#2096 = PLANE('',#2097);
#2097 = AXIS2_PLACEMENT_3D('',#2098,#2099,#2100);
#2098 = CARTESIAN_POINT('',(81.3272,7.0426,0.));
#2099 = DIRECTION('',(-0.382668460997,0.923885733713,0.));
#2100 = DIRECTION('',(0.923885733713,0.382668460997,0.));
#2101 = ADVANCED_FACE('',(#2102),#2120,.F.);
#2102 = FACE_BOUND('',#2103,.F.);
#2103 = EDGE_LOOP('',(#2104,#2105,#2113,#2119));
#2104 = ORIENTED_EDGE('',*,*,#207,.F.);
#2105 = ORIENTED_EDGE('',*,*,#2106,.T.);
#2106 = EDGE_CURVE('',#208,#2107,#2109,.T.);
#2107 = VERTEX_POINT('',#2108);
#2108 = CARTESIAN_POINT('',(53.9942,26.3859,9.));
#2109 = LINE('',#2110,#2111);
#2110 = CARTESIAN_POINT('',(53.9942,26.3859,0.));
#2111 = VECTOR('',#2112,1.);
#2112 = DIRECTION('',(0.,0.,1.));
#2113 = ORIENTED_EDGE('',*,*,#2114,.T.);
#2114 = EDGE_CURVE('',#2107,#2059,#2115,.T.);
#2115 = LINE('',#2116,#2117);
#2116 = CARTESIAN_POINT('',(53.9942,26.3859,9.));
#2117 = VECTOR('',#2118,1.);
#2118 = DIRECTION('',(-0.960074424118,-0.279744705322,0.));
#2119 = ORIENTED_EDGE('',*,*,#2058,.T.);
#2120 = PLANE('',#2121);
#2121 = AXIS2_PLACEMENT_3D('',#2122,#2123,#2124);
#2122 = CARTESIAN_POINT('',(53.9942,26.3859,0.));
#2123 = DIRECTION('',(0.279744705322,-0.960074424118,0.));
#2124 = DIRECTION('',(-0.960074424118,-0.279744705322,0.));
#2125 = ADVANCED_FACE('',(#2126),#2144,.F.);
#2126 = FACE_BOUND('',#2127,.F.);
#2127 = EDGE_LOOP('',(#2128,#2129,#2137,#2143));
#2128 = ORIENTED_EDGE('',*,*,#2090,.T.);
#2129 = ORIENTED_EDGE('',*,*,#2130,.T.);
#2130 = EDGE_CURVE('',#2083,#2131,#2133,.T.);
#2131 = VERTEX_POINT('',#2132);
#2132 = CARTESIAN_POINT('',(82.4927,7.7155,9.));
#2133 = LINE('',#2134,#2135);
#2134 = CARTESIAN_POINT('',(81.9542,7.3023,9.));
#2135 = VECTOR('',#2136,1.);
#2136 = DIRECTION('',(0.793357312799,0.608756251901,0.));
#2137 = ORIENTED_EDGE('',*,*,#2138,.F.);
#2138 = EDGE_CURVE('',#528,#2131,#2139,.T.);
#2139 = LINE('',#2140,#2141);
#2140 = CARTESIAN_POINT('',(82.4927,7.7155,0.));
#2141 = VECTOR('',#2142,1.);
#2142 = DIRECTION('',(0.,0.,1.));
#2143 = ORIENTED_EDGE('',*,*,#535,.F.);
#2144 = PLANE('',#2145);
#2145 = AXIS2_PLACEMENT_3D('',#2146,#2147,#2148);
#2146 = CARTESIAN_POINT('',(81.9542,7.3023,0.));
#2147 = DIRECTION('',(-0.608756251901,0.793357312799,0.));
#2148 = DIRECTION('',(0.793357312799,0.608756251901,0.));
#2149 = ADVANCED_FACE('',(#2150),#2168,.F.);
#2150 = FACE_BOUND('',#2151,.F.);
#2151 = EDGE_LOOP('',(#2152,#2160,#2166,#2167));
#2152 = ORIENTED_EDGE('',*,*,#2153,.T.);
#2153 = EDGE_CURVE('',#216,#2154,#2156,.T.);
#2154 = VERTEX_POINT('',#2155);
#2155 = CARTESIAN_POINT('',(58.7309,27.837,9.));
#2156 = LINE('',#2157,#2158);
#2157 = CARTESIAN_POINT('',(58.7309,27.837,0.));
#2158 = VECTOR('',#2159,1.);
#2159 = DIRECTION('',(0.,0.,1.));
#2160 = ORIENTED_EDGE('',*,*,#2161,.T.);
#2161 = EDGE_CURVE('',#2154,#2107,#2162,.T.);
#2162 = LINE('',#2163,#2164);
#2163 = CARTESIAN_POINT('',(58.7309,27.837,9.));
#2164 = VECTOR('',#2165,1.);
#2165 = DIRECTION('',(-0.956138362439,-0.292915400539,0.));
#2166 = ORIENTED_EDGE('',*,*,#2106,.F.);
#2167 = ORIENTED_EDGE('',*,*,#215,.F.);
#2168 = PLANE('',#2169);
#2169 = AXIS2_PLACEMENT_3D('',#2170,#2171,#2172);
#2170 = CARTESIAN_POINT('',(58.7309,27.837,0.));
#2171 = DIRECTION('',(0.292915400539,-0.956138362439,0.));
#2172 = DIRECTION('',(-0.956138362439,-0.292915400539,0.));
#2173 = ADVANCED_FACE('',(#2174),#2192,.F.);
#2174 = FACE_BOUND('',#2175,.F.);
#2175 = EDGE_LOOP('',(#2176,#2177,#2185,#2191));
#2176 = ORIENTED_EDGE('',*,*,#2138,.T.);
#2177 = ORIENTED_EDGE('',*,*,#2178,.T.);
#2178 = EDGE_CURVE('',#2131,#2179,#2181,.T.);
#2179 = VERTEX_POINT('',#2180);
#2180 = CARTESIAN_POINT('',(82.9059,8.254,9.));
#2181 = LINE('',#2182,#2183);
#2182 = CARTESIAN_POINT('',(82.4927,7.7155,9.));
#2183 = VECTOR('',#2184,1.);
#2184 = DIRECTION('',(0.608756251901,0.793357312799,0.));
#2185 = ORIENTED_EDGE('',*,*,#2186,.F.);
#2186 = EDGE_CURVE('',#520,#2179,#2187,.T.);
#2187 = LINE('',#2188,#2189);
#2188 = CARTESIAN_POINT('',(82.9059,8.254,0.));
#2189 = VECTOR('',#2190,1.);
#2190 = DIRECTION('',(0.,0.,1.));
#2191 = ORIENTED_EDGE('',*,*,#527,.F.);
#2192 = PLANE('',#2193);
#2193 = AXIS2_PLACEMENT_3D('',#2194,#2195,#2196);
#2194 = CARTESIAN_POINT('',(82.4927,7.7155,0.));
#2195 = DIRECTION('',(-0.793357312799,0.608756251901,0.));
#2196 = DIRECTION('',(0.608756251901,0.793357312799,0.));
#2197 = ADVANCED_FACE('',(#2198),#2216,.F.);
#2198 = FACE_BOUND('',#2199,.F.);
#2199 = EDGE_LOOP('',(#2200,#2208,#2214,#2215));
#2200 = ORIENTED_EDGE('',*,*,#2201,.T.);
#2201 = EDGE_CURVE('',#224,#2202,#2204,.T.);
#2202 = VERTEX_POINT('',#2203);
#2203 = CARTESIAN_POINT('',(63.4677,29.3724,9.));
#2204 = LINE('',#2205,#2206);
#2205 = CARTESIAN_POINT('',(63.4677,29.3724,0.));
#2206 = VECTOR('',#2207,1.);
#2207 = DIRECTION('',(0.,0.,1.));
#2208 = ORIENTED_EDGE('',*,*,#2209,.T.);
#2209 = EDGE_CURVE('',#2202,#2154,#2210,.T.);
#2210 = LINE('',#2211,#2212);
#2211 = CARTESIAN_POINT('',(63.4677,29.3724,9.));
#2212 = VECTOR('',#2213,1.);
#2213 = DIRECTION('',(-0.951273457332,-0.308348519335,0.));
#2214 = ORIENTED_EDGE('',*,*,#2153,.F.);
#2215 = ORIENTED_EDGE('',*,*,#223,.F.);
#2216 = PLANE('',#2217);
#2217 = AXIS2_PLACEMENT_3D('',#2218,#2219,#2220);
#2218 = CARTESIAN_POINT('',(63.4677,29.3724,0.));
#2219 = DIRECTION('',(0.308348519335,-0.951273457332,0.));
#2220 = DIRECTION('',(-0.951273457332,-0.308348519335,0.));
#2221 = ADVANCED_FACE('',(#2222),#2240,.F.);
#2222 = FACE_BOUND('',#2223,.F.);
#2223 = EDGE_LOOP('',(#2224,#2225,#2233,#2239));
#2224 = ORIENTED_EDGE('',*,*,#2186,.T.);
#2225 = ORIENTED_EDGE('',*,*,#2226,.T.);
#2226 = EDGE_CURVE('',#2179,#2227,#2229,.T.);
#2227 = VERTEX_POINT('',#2228);
#2228 = CARTESIAN_POINT('',(83.1656,8.881,9.));
#2229 = LINE('',#2230,#2231);
#2230 = CARTESIAN_POINT('',(82.9059,8.254,9.));
#2231 = VECTOR('',#2232,1.);
#2232 = DIRECTION('',(0.382668460997,0.923885733713,0.));
#2233 = ORIENTED_EDGE('',*,*,#2234,.F.);
#2234 = EDGE_CURVE('',#512,#2227,#2235,.T.);
#2235 = LINE('',#2236,#2237);
#2236 = CARTESIAN_POINT('',(83.1656,8.881,0.));
#2237 = VECTOR('',#2238,1.);
#2238 = DIRECTION('',(0.,0.,1.));
#2239 = ORIENTED_EDGE('',*,*,#519,.F.);
#2240 = PLANE('',#2241);
#2241 = AXIS2_PLACEMENT_3D('',#2242,#2243,#2244);
#2242 = CARTESIAN_POINT('',(82.9059,8.254,0.));
#2243 = DIRECTION('',(-0.923885733713,0.382668460997,0.));
#2244 = DIRECTION('',(0.382668460997,0.923885733713,0.));
#2245 = ADVANCED_FACE('',(#2246),#2264,.F.);
#2246 = FACE_BOUND('',#2247,.F.);
#2247 = EDGE_LOOP('',(#2248,#2256,#2262,#2263));
#2248 = ORIENTED_EDGE('',*,*,#2249,.T.);
#2249 = EDGE_CURVE('',#232,#2250,#2252,.T.);
#2250 = VERTEX_POINT('',#2251);
#2251 = CARTESIAN_POINT('',(68.2044,31.0058,9.));
#2252 = LINE('',#2253,#2254);
#2253 = CARTESIAN_POINT('',(68.2044,31.0058,0.));
#2254 = VECTOR('',#2255,1.);
#2255 = DIRECTION('',(0.,0.,1.));
#2256 = ORIENTED_EDGE('',*,*,#2257,.T.);
#2257 = EDGE_CURVE('',#2250,#2202,#2258,.T.);
#2258 = LINE('',#2259,#2260);
#2259 = CARTESIAN_POINT('',(68.2044,31.0058,9.));
#2260 = VECTOR('',#2261,1.);
#2261 = DIRECTION('',(-0.945369588011,-0.326000524639,0.));
#2262 = ORIENTED_EDGE('',*,*,#2201,.F.);
#2263 = ORIENTED_EDGE('',*,*,#231,.F.);
#2264 = PLANE('',#2265);
#2265 = AXIS2_PLACEMENT_3D('',#2266,#2267,#2268);
#2266 = CARTESIAN_POINT('',(68.2044,31.0058,0.));
#2267 = DIRECTION('',(0.326000524639,-0.945369588011,0.));
#2268 = DIRECTION('',(-0.945369588011,-0.326000524639,0.));
#2269 = ADVANCED_FACE('',(#2270),#2288,.F.);
#2270 = FACE_BOUND('',#2271,.F.);
#2271 = EDGE_LOOP('',(#2272,#2273,#2281,#2287));
#2272 = ORIENTED_EDGE('',*,*,#2234,.T.);
#2273 = ORIENTED_EDGE('',*,*,#2274,.T.);
#2274 = EDGE_CURVE('',#2227,#2275,#2277,.T.);
#2275 = VERTEX_POINT('',#2276);
#2276 = CARTESIAN_POINT('',(83.2542,9.554,9.));
#2277 = LINE('',#2278,#2279);
#2278 = CARTESIAN_POINT('',(83.1656,8.881,9.));
#2279 = VECTOR('',#2280,1.);
#2280 = DIRECTION('',(0.130523106552,0.991445267605,0.));
#2281 = ORIENTED_EDGE('',*,*,#2282,.F.);
#2282 = EDGE_CURVE('',#504,#2275,#2283,.T.);
#2283 = LINE('',#2284,#2285);
#2284 = CARTESIAN_POINT('',(83.2542,9.554,0.));
#2285 = VECTOR('',#2286,1.);
#2286 = DIRECTION('',(0.,0.,1.));
#2287 = ORIENTED_EDGE('',*,*,#511,.F.);
#2288 = PLANE('',#2289);
#2289 = AXIS2_PLACEMENT_3D('',#2290,#2291,#2292);
#2290 = CARTESIAN_POINT('',(83.1656,8.881,0.));
#2291 = DIRECTION('',(-0.991445267605,0.130523106552,0.));
#2292 = DIRECTION('',(0.130523106552,0.991445267605,0.));
#2293 = ADVANCED_FACE('',(#2294),#2312,.F.);
#2294 = FACE_BOUND('',#2295,.F.);
#2295 = EDGE_LOOP('',(#2296,#2304,#2310,#2311));
#2296 = ORIENTED_EDGE('',*,*,#2297,.T.);
#2297 = EDGE_CURVE('',#240,#2298,#2300,.T.);
#2298 = VERTEX_POINT('',#2299);
#2299 = CARTESIAN_POINT('',(72.9412,32.7506,9.));
#2300 = LINE('',#2301,#2302);
#2301 = CARTESIAN_POINT('',(72.9412,32.7506,0.));
#2302 = VECTOR('',#2303,1.);
#2303 = DIRECTION('',(0.,0.,1.));
#2304 = ORIENTED_EDGE('',*,*,#2305,.T.);
#2305 = EDGE_CURVE('',#2298,#2250,#2306,.T.);
#2306 = LINE('',#2307,#2308);
#2307 = CARTESIAN_POINT('',(72.9412,32.7506,9.));
#2308 = VECTOR('',#2309,1.);
#2309 = DIRECTION('',(-0.938364761134,-0.345646604296,0.));
#2310 = ORIENTED_EDGE('',*,*,#2249,.F.);
#2311 = ORIENTED_EDGE('',*,*,#239,.F.);
#2312 = PLANE('',#2313);
#2313 = AXIS2_PLACEMENT_3D('',#2314,#2315,#2316);
#2314 = CARTESIAN_POINT('',(72.9412,32.7506,0.));
#2315 = DIRECTION('',(0.345646604296,-0.938364761134,0.));
#2316 = DIRECTION('',(-0.938364761134,-0.345646604296,0.));
#2317 = ADVANCED_FACE('',(#2318),#2336,.F.);
#2318 = FACE_BOUND('',#2319,.F.);
#2319 = EDGE_LOOP('',(#2320,#2321,#2329,#2335));
#2320 = ORIENTED_EDGE('',*,*,#2282,.T.);
#2321 = ORIENTED_EDGE('',*,*,#2322,.T.);
#2322 = EDGE_CURVE('',#2275,#2323,#2325,.T.);
#2323 = VERTEX_POINT('',#2324);
#2324 = CARTESIAN_POINT('',(83.1656,10.2269,9.));
#2325 = LINE('',#2326,#2327);
#2326 = CARTESIAN_POINT('',(83.2542,9.554,9.));
#2327 = VECTOR('',#2328,1.);
#2328 = DIRECTION('',(-0.130542173129,0.991442757316,0.));
#2329 = ORIENTED_EDGE('',*,*,#2330,.F.);
#2330 = EDGE_CURVE('',#496,#2323,#2331,.T.);
#2331 = LINE('',#2332,#2333);
#2332 = CARTESIAN_POINT('',(83.1656,10.2269,0.));
#2333 = VECTOR('',#2334,1.);
#2334 = DIRECTION('',(0.,0.,1.));
#2335 = ORIENTED_EDGE('',*,*,#503,.F.);
#2336 = PLANE('',#2337);
#2337 = AXIS2_PLACEMENT_3D('',#2338,#2339,#2340);
#2338 = CARTESIAN_POINT('',(83.2542,9.554,0.));
#2339 = DIRECTION('',(-0.991442757316,-0.130542173129,0.));
#2340 = DIRECTION('',(-0.130542173129,0.991442757316,0.));
#2341 = ADVANCED_FACE('',(#2342),#2360,.F.);
#2342 = FACE_BOUND('',#2343,.F.);
#2343 = EDGE_LOOP('',(#2344,#2345,#2353,#2359));
#2344 = ORIENTED_EDGE('',*,*,#247,.F.);
#2345 = ORIENTED_EDGE('',*,*,#2346,.T.);
#2346 = EDGE_CURVE('',#248,#2347,#2349,.T.);
#2347 = VERTEX_POINT('',#2348);
#2348 = CARTESIAN_POINT('',(77.164879316154,34.417851221362,9.));
#2349 = LINE('',#2350,#2351);
#2350 = CARTESIAN_POINT('',(77.164879316151,34.41785122136,0.));
#2351 = VECTOR('',#2352,1.);
#2352 = DIRECTION('',(0.,0.,1.));
#2353 = ORIENTED_EDGE('',*,*,#2354,.T.);
#2354 = EDGE_CURVE('',#2347,#2298,#2355,.T.);
#2355 = LINE('',#2356,#2357);
#2356 = CARTESIAN_POINT('',(77.678,34.6204,9.));
#2357 = VECTOR('',#2358,1.);
#2358 = DIRECTION('',(-0.930154515394,-0.367168323105,0.));
#2359 = ORIENTED_EDGE('',*,*,#2297,.F.);
#2360 = PLANE('',#2361);
#2361 = AXIS2_PLACEMENT_3D('',#2362,#2363,#2364);
#2362 = CARTESIAN_POINT('',(77.678,34.6204,0.));
#2363 = DIRECTION('',(0.367168323105,-0.930154515394,0.));
#2364 = DIRECTION('',(-0.930154515394,-0.367168323105,0.));
#2365 = ADVANCED_FACE('',(#2366),#2384,.F.);
#2366 = FACE_BOUND('',#2367,.F.);
#2367 = EDGE_LOOP('',(#2368,#2369,#2377,#2383));
#2368 = ORIENTED_EDGE('',*,*,#2330,.T.);
#2369 = ORIENTED_EDGE('',*,*,#2370,.T.);
#2370 = EDGE_CURVE('',#2323,#2371,#2373,.T.);
#2371 = VERTEX_POINT('',#2372);
#2372 = CARTESIAN_POINT('',(82.9059,10.854,9.));
#2373 = LINE('',#2374,#2375);
#2374 = CARTESIAN_POINT('',(83.1656,10.2269,9.));
#2375 = VECTOR('',#2376,1.);
#2376 = DIRECTION('',(-0.382616373007,0.923907306556,0.));
#2377 = ORIENTED_EDGE('',*,*,#2378,.F.);
#2378 = EDGE_CURVE('',#488,#2371,#2379,.T.);
#2379 = LINE('',#2380,#2381);
#2380 = CARTESIAN_POINT('',(82.9059,10.854,0.));
#2381 = VECTOR('',#2382,1.);
#2382 = DIRECTION('',(0.,0.,1.));
#2383 = ORIENTED_EDGE('',*,*,#495,.F.);
#2384 = PLANE('',#2385);
#2385 = AXIS2_PLACEMENT_3D('',#2386,#2387,#2388);
#2386 = CARTESIAN_POINT('',(83.1656,10.2269,0.));
#2387 = DIRECTION('',(-0.923907306556,-0.382616373007,0.));
#2388 = DIRECTION('',(-0.382616373007,0.923907306556,0.));
#2389 = ADVANCED_FACE('',(#2390),#2408,.F.);
#2390 = FACE_BOUND('',#2391,.F.);
#2391 = EDGE_LOOP('',(#2392,#2393,#2401,#2407));
#2392 = ORIENTED_EDGE('',*,*,#255,.F.);
#2393 = ORIENTED_EDGE('',*,*,#2394,.T.);
#2394 = EDGE_CURVE('',#256,#2395,#2397,.T.);
#2395 = VERTEX_POINT('',#2396);
#2396 = CARTESIAN_POINT('',(80.9375,36.0169,9.));
#2397 = LINE('',#2398,#2399);
#2398 = CARTESIAN_POINT('',(80.9375,36.0169,0.));
#2399 = VECTOR('',#2400,1.);
#2400 = DIRECTION('',(0.,0.,1.));
#2401 = ORIENTED_EDGE('',*,*,#2402,.T.);
#2402 = EDGE_CURVE('',#2395,#2347,#2403,.T.);
#2403 = LINE('',#2404,#2405);
#2404 = CARTESIAN_POINT('',(80.9375,36.0169,9.));
#2405 = VECTOR('',#2406,1.);
#2406 = DIRECTION('',(-0.920709572859,-0.390248488077,0.));
#2407 = ORIENTED_EDGE('',*,*,#2346,.F.);
#2408 = PLANE('',#2409);
#2409 = AXIS2_PLACEMENT_3D('',#2410,#2411,#2412);
#2410 = CARTESIAN_POINT('',(80.9375,36.0169,0.));
#2411 = DIRECTION('',(0.390248488077,-0.920709572859,0.));
#2412 = DIRECTION('',(-0.920709572859,-0.390248488077,0.));
#2413 = ADVANCED_FACE('',(#2414),#2432,.F.);
#2414 = FACE_BOUND('',#2415,.F.);
#2415 = EDGE_LOOP('',(#2416,#2417,#2425,#2431));
#2416 = ORIENTED_EDGE('',*,*,#2378,.T.);
#2417 = ORIENTED_EDGE('',*,*,#2418,.T.);
#2418 = EDGE_CURVE('',#2371,#2419,#2421,.T.);
#2419 = VERTEX_POINT('',#2420);
#2420 = CARTESIAN_POINT('',(82.4927,11.3924,9.));
#2421 = LINE('',#2422,#2423);
#2422 = CARTESIAN_POINT('',(82.9059,10.854,9.));
#2423 = VECTOR('',#2424,1.);
#2424 = DIRECTION('',(-0.608827411125,0.793302706073,0.));
#2425 = ORIENTED_EDGE('',*,*,#2426,.F.);
#2426 = EDGE_CURVE('',#480,#2419,#2427,.T.);
#2427 = LINE('',#2428,#2429);
#2428 = CARTESIAN_POINT('',(82.4927,11.3924,0.));
#2429 = VECTOR('',#2430,1.);
#2430 = DIRECTION('',(0.,0.,1.));
#2431 = ORIENTED_EDGE('',*,*,#487,.F.);
#2432 = PLANE('',#2433);
#2433 = AXIS2_PLACEMENT_3D('',#2434,#2435,#2436);
#2434 = CARTESIAN_POINT('',(82.9059,10.854,0.));
#2435 = DIRECTION('',(-0.793302706073,-0.608827411125,0.));
#2436 = DIRECTION('',(-0.608827411125,0.793302706073,0.));
#2437 = ADVANCED_FACE('',(#2438),#2456,.F.);
#2438 = FACE_BOUND('',#2439,.F.);
#2439 = EDGE_LOOP('',(#2440,#2448,#2454,#2455));
#2440 = ORIENTED_EDGE('',*,*,#2441,.T.);
#2441 = EDGE_CURVE('',#264,#2442,#2444,.T.);
#2442 = VERTEX_POINT('',#2443);
#2443 = CARTESIAN_POINT('',(85.7396,38.2044,9.));
#2444 = LINE('',#2445,#2446);
#2445 = CARTESIAN_POINT('',(85.7396,38.2044,0.));
#2446 = VECTOR('',#2447,1.);
#2447 = DIRECTION('',(0.,0.,1.));
#2448 = ORIENTED_EDGE('',*,*,#2449,.T.);
#2449 = EDGE_CURVE('',#2442,#2395,#2450,.T.);
#2450 = LINE('',#2451,#2452);
#2451 = CARTESIAN_POINT('',(85.7396,38.2044,9.));
#2452 = VECTOR('',#2453,1.);
#2453 = DIRECTION('',(-0.910028697554,-0.414545256429,0.));
#2454 = ORIENTED_EDGE('',*,*,#2394,.F.);
#2455 = ORIENTED_EDGE('',*,*,#263,.F.);
#2456 = PLANE('',#2457);
#2457 = AXIS2_PLACEMENT_3D('',#2458,#2459,#2460);
#2458 = CARTESIAN_POINT('',(85.7396,38.2044,0.));
#2459 = DIRECTION('',(0.414545256429,-0.910028697554,0.));
#2460 = DIRECTION('',(-0.910028697554,-0.414545256429,0.));
#2461 = ADVANCED_FACE('',(#2462),#2480,.F.);
#2462 = FACE_BOUND('',#2463,.F.);
#2463 = EDGE_LOOP('',(#2464,#2465,#2466,#2474));
#2464 = ORIENTED_EDGE('',*,*,#479,.F.);
#2465 = ORIENTED_EDGE('',*,*,#2426,.T.);
#2466 = ORIENTED_EDGE('',*,*,#2467,.T.);
#2467 = EDGE_CURVE('',#2419,#2468,#2470,.T.);
#2468 = VERTEX_POINT('',#2469);
#2469 = CARTESIAN_POINT('',(74.813816077911,18.961805912473,9.));
#2470 = LINE('',#2471,#2472);
#2471 = CARTESIAN_POINT('',(82.4927,11.3924,9.));
#2472 = VECTOR('',#2473,1.);
#2473 = DIRECTION('',(-0.712165234297,0.70201187957,0.));
#2474 = ORIENTED_EDGE('',*,*,#2475,.F.);
#2475 = EDGE_CURVE('',#472,#2468,#2476,.T.);
#2476 = LINE('',#2477,#2478);
#2477 = CARTESIAN_POINT('',(74.813816077911,18.961805912473,0.));
#2478 = VECTOR('',#2479,1.);
#2479 = DIRECTION('',(0.,0.,1.));
#2480 = PLANE('',#2481);
#2481 = AXIS2_PLACEMENT_3D('',#2482,#2483,#2484);
#2482 = CARTESIAN_POINT('',(82.4927,11.3924,0.));
#2483 = DIRECTION('',(-0.70201187957,-0.712165234297,0.));
#2484 = DIRECTION('',(-0.712165234297,0.70201187957,0.));
#2485 = ADVANCED_FACE('',(#2486),#2504,.F.);
#2486 = FACE_BOUND('',#2487,.F.);
#2487 = EDGE_LOOP('',(#2488,#2496,#2502,#2503));
#2488 = ORIENTED_EDGE('',*,*,#2489,.T.);
#2489 = EDGE_CURVE('',#272,#2490,#2492,.T.);
#2490 = VERTEX_POINT('',#2491);
#2491 = CARTESIAN_POINT('',(90.5417,40.5575,9.));
#2492 = LINE('',#2493,#2494);
#2493 = CARTESIAN_POINT('',(90.5417,40.5575,0.));
#2494 = VECTOR('',#2495,1.);
#2495 = DIRECTION('',(0.,0.,1.));
#2496 = ORIENTED_EDGE('',*,*,#2497,.T.);
#2497 = EDGE_CURVE('',#2490,#2442,#2498,.T.);
#2498 = LINE('',#2499,#2500);
#2499 = CARTESIAN_POINT('',(90.5417,40.5575,9.));
#2500 = VECTOR('',#2501,1.);
#2501 = DIRECTION('',(-0.897985055425,-0.440025954045,0.));
#2502 = ORIENTED_EDGE('',*,*,#2441,.F.);
#2503 = ORIENTED_EDGE('',*,*,#271,.F.);
#2504 = PLANE('',#2505);
#2505 = AXIS2_PLACEMENT_3D('',#2506,#2507,#2508);
#2506 = CARTESIAN_POINT('',(90.5417,40.5575,0.));
#2507 = DIRECTION('',(0.440025954045,-0.897985055425,0.));
#2508 = DIRECTION('',(-0.897985055425,-0.440025954045,0.));
#2509 = ADVANCED_FACE('',(#2510),#2528,.F.);
#2510 = FACE_BOUND('',#2511,.F.);
#2511 = EDGE_LOOP('',(#2512,#2513,#2514,#2522));
#2512 = ORIENTED_EDGE('',*,*,#471,.F.);
#2513 = ORIENTED_EDGE('',*,*,#2475,.T.);
#2514 = ORIENTED_EDGE('',*,*,#2515,.T.);
#2515 = EDGE_CURVE('',#2468,#2516,#2518,.T.);
#2516 = VERTEX_POINT('',#2517);
#2517 = CARTESIAN_POINT('',(78.,20.5376,9.));
#2518 = LINE('',#2519,#2520);
#2519 = CARTESIAN_POINT('',(73.4688,18.2966,9.));
#2520 = VECTOR('',#2521,1.);
#2521 = DIRECTION('',(0.896365274264,0.443316247269,0.));
#2522 = ORIENTED_EDGE('',*,*,#2523,.F.);
#2523 = EDGE_CURVE('',#464,#2516,#2524,.T.);
#2524 = LINE('',#2525,#2526);
#2525 = CARTESIAN_POINT('',(78.,20.5376,0.));
#2526 = VECTOR('',#2527,1.);
#2527 = DIRECTION('',(0.,0.,1.));
#2528 = PLANE('',#2529);
#2529 = AXIS2_PLACEMENT_3D('',#2530,#2531,#2532);
#2530 = CARTESIAN_POINT('',(73.4688,18.2966,0.));
#2531 = DIRECTION('',(-0.443316247269,0.896365274264,0.));
#2532 = DIRECTION('',(0.896365274264,0.443316247269,0.));
#2533 = ADVANCED_FACE('',(#2534),#2552,.F.);
#2534 = FACE_BOUND('',#2535,.F.);
#2535 = EDGE_LOOP('',(#2536,#2544,#2550,#2551));
#2536 = ORIENTED_EDGE('',*,*,#2537,.T.);
#2537 = EDGE_CURVE('',#280,#2538,#2540,.T.);
#2538 = VERTEX_POINT('',#2539);
#2539 = CARTESIAN_POINT('',(95.3438,43.0898,9.));
#2540 = LINE('',#2541,#2542);
#2541 = CARTESIAN_POINT('',(95.3438,43.0898,0.));
#2542 = VECTOR('',#2543,1.);
#2543 = DIRECTION('',(0.,0.,1.));
#2544 = ORIENTED_EDGE('',*,*,#2545,.T.);
#2545 = EDGE_CURVE('',#2538,#2490,#2546,.T.);
#2546 = LINE('',#2547,#2548);
#2547 = CARTESIAN_POINT('',(95.3438,43.0898,9.));
#2548 = VECTOR('',#2549,1.);
#2549 = DIRECTION('',(-0.884547544407,-0.466450042003,0.));
#2550 = ORIENTED_EDGE('',*,*,#2489,.F.);
#2551 = ORIENTED_EDGE('',*,*,#279,.F.);
#2552 = PLANE('',#2553);
#2553 = AXIS2_PLACEMENT_3D('',#2554,#2555,#2556);
#2554 = CARTESIAN_POINT('',(95.3438,43.0898,0.));
#2555 = DIRECTION('',(0.466450042003,-0.884547544407,0.));
#2556 = DIRECTION('',(-0.884547544407,-0.466450042003,0.));
#2557 = ADVANCED_FACE('',(#2558),#2576,.F.);
#2558 = FACE_BOUND('',#2559,.F.);
#2559 = EDGE_LOOP('',(#2560,#2561,#2569,#2575));
#2560 = ORIENTED_EDGE('',*,*,#2523,.T.);
#2561 = ORIENTED_EDGE('',*,*,#2562,.T.);
#2562 = EDGE_CURVE('',#2516,#2563,#2565,.T.);
#2563 = VERTEX_POINT('',#2564);
#2564 = CARTESIAN_POINT('',(82.5313,22.9036,9.));
#2565 = LINE('',#2566,#2567);
#2566 = CARTESIAN_POINT('',(78.,20.5376,9.));
#2567 = VECTOR('',#2568,1.);
#2568 = DIRECTION('',(0.886436904637,0.462849450791,0.));
#2569 = ORIENTED_EDGE('',*,*,#2570,.F.);
#2570 = EDGE_CURVE('',#456,#2563,#2571,.T.);
#2571 = LINE('',#2572,#2573);
#2572 = CARTESIAN_POINT('',(82.5313,22.9036,0.));
#2573 = VECTOR('',#2574,1.);
#2574 = DIRECTION('',(0.,0.,1.));
#2575 = ORIENTED_EDGE('',*,*,#463,.F.);
#2576 = PLANE('',#2577);
#2577 = AXIS2_PLACEMENT_3D('',#2578,#2579,#2580);
#2578 = CARTESIAN_POINT('',(78.,20.5376,0.));
#2579 = DIRECTION('',(-0.462849450791,0.886436904637,0.));
#2580 = DIRECTION('',(0.886436904637,0.462849450791,0.));
#2581 = ADVANCED_FACE('',(#2582),#2600,.F.);
#2582 = FACE_BOUND('',#2583,.F.);
#2583 = EDGE_LOOP('',(#2584,#2592,#2598,#2599));
#2584 = ORIENTED_EDGE('',*,*,#2585,.T.);
#2585 = EDGE_CURVE('',#288,#2586,#2588,.T.);
#2586 = VERTEX_POINT('',#2587);
#2587 = CARTESIAN_POINT('',(100.1458,45.8148,9.));
#2588 = LINE('',#2589,#2590);
#2589 = CARTESIAN_POINT('',(100.1458,45.8148,0.));
#2590 = VECTOR('',#2591,1.);
#2591 = DIRECTION('',(0.,0.,1.));
#2592 = ORIENTED_EDGE('',*,*,#2593,.T.);
#2593 = EDGE_CURVE('',#2586,#2538,#2594,.T.);
#2594 = LINE('',#2595,#2596);
#2595 = CARTESIAN_POINT('',(100.1458,45.8148,9.));
#2596 = VECTOR('',#2597,1.);
#2597 = DIRECTION('',(-0.869721635945,-0.493542577666,0.));
#2598 = ORIENTED_EDGE('',*,*,#2537,.F.);
#2599 = ORIENTED_EDGE('',*,*,#287,.F.);
#2600 = PLANE('',#2601);
#2601 = AXIS2_PLACEMENT_3D('',#2602,#2603,#2604);
#2602 = CARTESIAN_POINT('',(100.1458,45.8148,0.));
#2603 = DIRECTION('',(0.493542577666,-0.869721635945,0.));
#2604 = DIRECTION('',(-0.869721635945,-0.493542577666,0.));
#2605 = ADVANCED_FACE('',(#2606),#2624,.F.);
#2606 = FACE_BOUND('',#2607,.F.);
#2607 = EDGE_LOOP('',(#2608,#2609,#2617,#2623));
#2608 = ORIENTED_EDGE('',*,*,#2570,.T.);
#2609 = ORIENTED_EDGE('',*,*,#2610,.T.);
#2610 = EDGE_CURVE('',#2563,#2611,#2613,.T.);
#2611 = VERTEX_POINT('',#2612);
#2612 = CARTESIAN_POINT('',(87.0625,25.4081,9.));
#2613 = LINE('',#2614,#2615);
#2614 = CARTESIAN_POINT('',(82.5313,22.9036,9.));
#2615 = VECTOR('',#2616,1.);
#2616 = DIRECTION('',(0.875207534535,0.483747632028,0.));
#2617 = ORIENTED_EDGE('',*,*,#2618,.F.);
#2618 = EDGE_CURVE('',#448,#2611,#2619,.T.);
#2619 = LINE('',#2620,#2621);
#2620 = CARTESIAN_POINT('',(87.0625,25.4081,0.));
#2621 = VECTOR('',#2622,1.);
#2622 = DIRECTION('',(0.,0.,1.));
#2623 = ORIENTED_EDGE('',*,*,#455,.F.);
#2624 = PLANE('',#2625);
#2625 = AXIS2_PLACEMENT_3D('',#2626,#2627,#2628);
#2626 = CARTESIAN_POINT('',(82.5313,22.9036,0.));
#2627 = DIRECTION('',(-0.483747632028,0.875207534535,0.));
#2628 = DIRECTION('',(0.875207534535,0.483747632028,0.));
#2629 = ADVANCED_FACE('',(#2630),#2648,.F.);
#2630 = FACE_BOUND('',#2631,.F.);
#2631 = EDGE_LOOP('',(#2632,#2640,#2646,#2647));
#2632 = ORIENTED_EDGE('',*,*,#2633,.T.);
#2633 = EDGE_CURVE('',#296,#2634,#2636,.T.);
#2634 = VERTEX_POINT('',#2635);
#2635 = CARTESIAN_POINT('',(104.9479,48.7461,9.));
#2636 = LINE('',#2637,#2638);
#2637 = CARTESIAN_POINT('',(104.9479,48.7461,0.));
#2638 = VECTOR('',#2639,1.);
#2639 = DIRECTION('',(0.,0.,1.));
#2640 = ORIENTED_EDGE('',*,*,#2641,.T.);
#2641 = EDGE_CURVE('',#2634,#2586,#2642,.T.);
#2642 = LINE('',#2643,#2644);
#2643 = CARTESIAN_POINT('',(104.9479,48.7461,9.));
#2644 = VECTOR('',#2645,1.);
#2645 = DIRECTION('',(-0.853544027777,-0.521020721897,0.));
#2646 = ORIENTED_EDGE('',*,*,#2585,.F.);
#2647 = ORIENTED_EDGE('',*,*,#295,.F.);
#2648 = PLANE('',#2649);
#2649 = AXIS2_PLACEMENT_3D('',#2650,#2651,#2652);
#2650 = CARTESIAN_POINT('',(104.9479,48.7461,0.));
#2651 = DIRECTION('',(0.521020721897,-0.853544027777,0.));
#2652 = DIRECTION('',(-0.853544027777,-0.521020721897,0.));
#2653 = ADVANCED_FACE('',(#2654),#2672,.F.);
#2654 = FACE_BOUND('',#2655,.F.);
#2655 = EDGE_LOOP('',(#2656,#2657,#2665,#2671));
#2656 = ORIENTED_EDGE('',*,*,#2618,.T.);
#2657 = ORIENTED_EDGE('',*,*,#2658,.T.);
#2658 = EDGE_CURVE('',#2611,#2659,#2661,.T.);
#2659 = VERTEX_POINT('',#2660);
#2660 = CARTESIAN_POINT('',(91.5937,28.0647,9.));
#2661 = LINE('',#2662,#2663);
#2662 = CARTESIAN_POINT('',(87.0625,25.4081,9.));
#2663 = VECTOR('',#2664,1.);
#2664 = DIRECTION('',(0.862666462454,0.505773244208,0.));
#2665 = ORIENTED_EDGE('',*,*,#2666,.F.);
#2666 = EDGE_CURVE('',#440,#2659,#2667,.T.);
#2667 = LINE('',#2668,#2669);
#2668 = CARTESIAN_POINT('',(91.5937,28.0647,0.));
#2669 = VECTOR('',#2670,1.);
#2670 = DIRECTION('',(0.,0.,1.));
#2671 = ORIENTED_EDGE('',*,*,#447,.F.);
#2672 = PLANE('',#2673);
#2673 = AXIS2_PLACEMENT_3D('',#2674,#2675,#2676);
#2674 = CARTESIAN_POINT('',(87.0625,25.4081,0.));
#2675 = DIRECTION('',(-0.505773244208,0.862666462454,0.));
#2676 = DIRECTION('',(0.862666462454,0.505773244208,0.));
#2677 = ADVANCED_FACE('',(#2678),#2696,.F.);
#2678 = FACE_BOUND('',#2679,.F.);
#2679 = EDGE_LOOP('',(#2680,#2688,#2694,#2695));
#2680 = ORIENTED_EDGE('',*,*,#2681,.T.);
#2681 = EDGE_CURVE('',#304,#2682,#2684,.T.);
#2682 = VERTEX_POINT('',#2683);
#2683 = CARTESIAN_POINT('',(109.75,51.8971,9.));
#2684 = LINE('',#2685,#2686);
#2685 = CARTESIAN_POINT('',(109.75,51.8971,0.));
#2686 = VECTOR('',#2687,1.);
#2687 = DIRECTION('',(0.,0.,1.));
#2688 = ORIENTED_EDGE('',*,*,#2689,.T.);
#2689 = EDGE_CURVE('',#2682,#2634,#2690,.T.);
#2690 = LINE('',#2691,#2692);
#2691 = CARTESIAN_POINT('',(109.75,51.8971,9.));
#2692 = VECTOR('',#2693,1.);
#2693 = DIRECTION('',(-0.836078107884,-0.548610424178,0.));
#2694 = ORIENTED_EDGE('',*,*,#2633,.F.);
#2695 = ORIENTED_EDGE('',*,*,#303,.F.);
#2696 = PLANE('',#2697);
#2697 = AXIS2_PLACEMENT_3D('',#2698,#2699,#2700);
#2698 = CARTESIAN_POINT('',(109.75,51.8971,0.));
#2699 = DIRECTION('',(0.548610424178,-0.836078107884,0.));
#2700 = DIRECTION('',(-0.836078107884,-0.548610424178,0.));
#2701 = ADVANCED_FACE('',(#2702),#2720,.F.);
#2702 = FACE_BOUND('',#2703,.F.);
#2703 = EDGE_LOOP('',(#2704,#2705,#2713,#2719));
#2704 = ORIENTED_EDGE('',*,*,#2666,.T.);
#2705 = ORIENTED_EDGE('',*,*,#2706,.T.);
#2706 = EDGE_CURVE('',#2659,#2707,#2709,.T.);
#2707 = VERTEX_POINT('',#2708);
#2708 = CARTESIAN_POINT('',(96.125,30.8869,9.));
#2709 = LINE('',#2710,#2711);
#2710 = CARTESIAN_POINT('',(91.5937,28.0647,9.));
#2711 = VECTOR('',#2712,1.);
#2712 = DIRECTION('',(0.848827598947,0.528669752554,0.));
#2713 = ORIENTED_EDGE('',*,*,#2714,.F.);
#2714 = EDGE_CURVE('',#432,#2707,#2715,.T.);
#2715 = LINE('',#2716,#2717);
#2716 = CARTESIAN_POINT('',(96.125,30.8869,0.));
#2717 = VECTOR('',#2718,1.);
#2718 = DIRECTION('',(0.,0.,1.));
#2719 = ORIENTED_EDGE('',*,*,#439,.F.);
#2720 = PLANE('',#2721);
#2721 = AXIS2_PLACEMENT_3D('',#2722,#2723,#2724);
#2722 = CARTESIAN_POINT('',(91.5937,28.0647,0.));
#2723 = DIRECTION('',(-0.528669752554,0.848827598947,0.));
#2724 = DIRECTION('',(0.848827598947,0.528669752554,0.));
#2725 = ADVANCED_FACE('',(#2726),#2744,.F.);
#2726 = FACE_BOUND('',#2727,.F.);
#2727 = EDGE_LOOP('',(#2728,#2736,#2742,#2743));
#2728 = ORIENTED_EDGE('',*,*,#2729,.T.);
#2729 = EDGE_CURVE('',#312,#2730,#2732,.T.);
#2730 = VERTEX_POINT('',#2731);
#2731 = CARTESIAN_POINT('',(110.8353,52.3467,9.));
#2732 = LINE('',#2733,#2734);
#2733 = CARTESIAN_POINT('',(110.8353,52.3467,0.));
#2734 = VECTOR('',#2735,1.);
#2735 = DIRECTION('',(0.,0.,1.));
#2736 = ORIENTED_EDGE('',*,*,#2737,.T.);
#2737 = EDGE_CURVE('',#2730,#2682,#2738,.T.);
#2738 = LINE('',#2739,#2740);
#2739 = CARTESIAN_POINT('',(110.8353,52.3467,9.));
#2740 = VECTOR('',#2741,1.);
#2741 = DIRECTION('',(-0.923863273436,-0.382722682887,0.));
#2742 = ORIENTED_EDGE('',*,*,#2681,.F.);
#2743 = ORIENTED_EDGE('',*,*,#311,.F.);
#2744 = PLANE('',#2745);
#2745 = AXIS2_PLACEMENT_3D('',#2746,#2747,#2748);
#2746 = CARTESIAN_POINT('',(110.8353,52.3467,0.));
#2747 = DIRECTION('',(0.382722682887,-0.923863273436,0.));
#2748 = DIRECTION('',(-0.923863273436,-0.382722682887,0.));
#2749 = ADVANCED_FACE('',(#2750),#2768,.F.);
#2750 = FACE_BOUND('',#2751,.F.);
#2751 = EDGE_LOOP('',(#2752,#2753,#2761,#2767));
#2752 = ORIENTED_EDGE('',*,*,#2714,.T.);
#2753 = ORIENTED_EDGE('',*,*,#2754,.T.);
#2754 = EDGE_CURVE('',#2707,#2755,#2757,.T.);
#2755 = VERTEX_POINT('',#2756);
#2756 = CARTESIAN_POINT('',(100.6562,33.8883,9.));
#2757 = LINE('',#2758,#2759);
#2758 = CARTESIAN_POINT('',(96.125,30.8869,9.));
#2759 = VECTOR('',#2760,1.);
#2760 = DIRECTION('',(0.833694040104,0.552226626935,0.));
#2761 = ORIENTED_EDGE('',*,*,#2762,.F.);
#2762 = EDGE_CURVE('',#424,#2755,#2763,.T.);
#2763 = LINE('',#2764,#2765);
#2764 = CARTESIAN_POINT('',(100.6562,33.8883,0.));
#2765 = VECTOR('',#2766,1.);
#2766 = DIRECTION('',(0.,0.,1.));
#2767 = ORIENTED_EDGE('',*,*,#431,.F.);
#2768 = PLANE('',#2769);
#2769 = AXIS2_PLACEMENT_3D('',#2770,#2771,#2772);
#2770 = CARTESIAN_POINT('',(96.125,30.8869,0.));
#2771 = DIRECTION('',(-0.552226626935,0.833694040104,0.));
#2772 = DIRECTION('',(0.833694040104,0.552226626935,0.));
#2773 = ADVANCED_FACE('',(#2774),#2792,.F.);
#2774 = FACE_BOUND('',#2775,.F.);
#2775 = EDGE_LOOP('',(#2776,#2784,#2790,#2791));
#2776 = ORIENTED_EDGE('',*,*,#2777,.T.);
#2777 = EDGE_CURVE('',#320,#2778,#2780,.T.);
#2778 = VERTEX_POINT('',#2779);
#2779 = CARTESIAN_POINT('',(112.,52.5,9.));
#2780 = LINE('',#2781,#2782);
#2781 = CARTESIAN_POINT('',(112.,52.5,0.));
#2782 = VECTOR('',#2783,1.);
#2783 = DIRECTION('',(0.,0.,1.));
#2784 = ORIENTED_EDGE('',*,*,#2785,.T.);
#2785 = EDGE_CURVE('',#2778,#2730,#2786,.T.);
#2786 = LINE('',#2787,#2788);
#2787 = CARTESIAN_POINT('',(112.,52.5,9.));
#2788 = VECTOR('',#2789,1.);
#2789 = DIRECTION('',(-0.991448789651,-0.130496350522,0.));
#2790 = ORIENTED_EDGE('',*,*,#2729,.F.);
#2791 = ORIENTED_EDGE('',*,*,#319,.F.);
#2792 = PLANE('',#2793);
#2793 = AXIS2_PLACEMENT_3D('',#2794,#2795,#2796);
#2794 = CARTESIAN_POINT('',(112.,52.5,0.));
#2795 = DIRECTION('',(0.130496350522,-0.991448789651,0.));
#2796 = DIRECTION('',(-0.991448789651,-0.130496350522,0.));
#2797 = ADVANCED_FACE('',(#2798),#2816,.F.);
#2798 = FACE_BOUND('',#2799,.F.);
#2799 = EDGE_LOOP('',(#2800,#2801,#2809,#2815));
#2800 = ORIENTED_EDGE('',*,*,#2762,.T.);
#2801 = ORIENTED_EDGE('',*,*,#2802,.T.);
#2802 = EDGE_CURVE('',#2755,#2803,#2805,.T.);
#2803 = VERTEX_POINT('',#2804);
#2804 = CARTESIAN_POINT('',(105.1875,37.0824,9.));
#2805 = LINE('',#2806,#2807);
#2806 = CARTESIAN_POINT('',(100.6562,33.8883,9.));
#2807 = VECTOR('',#2808,1.);
#2808 = DIRECTION('',(0.817347105235,0.576145562826,0.));
#2809 = ORIENTED_EDGE('',*,*,#2810,.F.);
#2810 = EDGE_CURVE('',#416,#2803,#2811,.T.);
#2811 = LINE('',#2812,#2813);
#2812 = CARTESIAN_POINT('',(105.1875,37.0824,0.));
#2813 = VECTOR('',#2814,1.);
#2814 = DIRECTION('',(0.,0.,1.));
#2815 = ORIENTED_EDGE('',*,*,#423,.F.);
#2816 = PLANE('',#2817);
#2817 = AXIS2_PLACEMENT_3D('',#2818,#2819,#2820);
#2818 = CARTESIAN_POINT('',(100.6562,33.8883,0.));
#2819 = DIRECTION('',(-0.576145562826,0.817347105235,0.));
#2820 = DIRECTION('',(0.817347105235,0.576145562826,0.));
#2821 = ADVANCED_FACE('',(#2822),#2840,.F.);
#2822 = FACE_BOUND('',#2823,.F.);
#2823 = EDGE_LOOP('',(#2824,#2832,#2838,#2839));
#2824 = ORIENTED_EDGE('',*,*,#2825,.T.);
#2825 = EDGE_CURVE('',#328,#2826,#2828,.T.);
#2826 = VERTEX_POINT('',#2827);
#2827 = CARTESIAN_POINT('',(113.1647,52.3467,9.));
#2828 = LINE('',#2829,#2830);
#2829 = CARTESIAN_POINT('',(113.1647,52.3467,0.));
#2830 = VECTOR('',#2831,1.);
#2831 = DIRECTION('',(0.,0.,1.));
#2832 = ORIENTED_EDGE('',*,*,#2833,.T.);
#2833 = EDGE_CURVE('',#2826,#2778,#2834,.T.);
#2834 = LINE('',#2835,#2836);
#2835 = CARTESIAN_POINT('',(113.1647,52.3467,9.));
#2836 = VECTOR('',#2837,1.);
#2837 = DIRECTION('',(-0.991448789651,0.130496350522,0.));
#2838 = ORIENTED_EDGE('',*,*,#2777,.F.);
#2839 = ORIENTED_EDGE('',*,*,#327,.F.);
#2840 = PLANE('',#2841);
#2841 = AXIS2_PLACEMENT_3D('',#2842,#2843,#2844);
#2842 = CARTESIAN_POINT('',(113.1647,52.3467,0.));
#2843 = DIRECTION('',(-0.130496350522,-0.991448789651,0.));
#2844 = DIRECTION('',(-0.991448789651,0.130496350522,0.));
#2845 = ADVANCED_FACE('',(#2846),#2864,.F.);
#2846 = FACE_BOUND('',#2847,.F.);
#2847 = EDGE_LOOP('',(#2848,#2849,#2857,#2863));
#2848 = ORIENTED_EDGE('',*,*,#2810,.T.);
#2849 = ORIENTED_EDGE('',*,*,#2850,.T.);
#2850 = EDGE_CURVE('',#2803,#2851,#2853,.T.);
#2851 = VERTEX_POINT('',#2852);
#2852 = CARTESIAN_POINT('',(109.7188,40.4827,9.));
#2853 = LINE('',#2854,#2855);
#2854 = CARTESIAN_POINT('',(105.1875,37.0824,9.));
#2855 = VECTOR('',#2856,1.);
#2856 = DIRECTION('',(0.799845345728,0.600206150349,0.));
#2857 = ORIENTED_EDGE('',*,*,#2858,.F.);
#2858 = EDGE_CURVE('',#408,#2851,#2859,.T.);
#2859 = LINE('',#2860,#2861);
#2860 = CARTESIAN_POINT('',(109.7188,40.4827,0.));
#2861 = VECTOR('',#2862,1.);
#2862 = DIRECTION('',(0.,0.,1.));
#2863 = ORIENTED_EDGE('',*,*,#415,.F.);
#2864 = PLANE('',#2865);
#2865 = AXIS2_PLACEMENT_3D('',#2866,#2867,#2868);
#2866 = CARTESIAN_POINT('',(105.1875,37.0824,0.));
#2867 = DIRECTION('',(-0.600206150349,0.799845345728,0.));
#2868 = DIRECTION('',(0.799845345728,0.600206150349,0.));
#2869 = ADVANCED_FACE('',(#2870),#2920,.F.);
#2870 = FACE_BOUND('',#2871,.F.);
#2871 = EDGE_LOOP('',(#2872,#2873,#2881,#2889,#2897,#2905,#2913,#2919));
#2872 = ORIENTED_EDGE('',*,*,#335,.F.);
#2873 = ORIENTED_EDGE('',*,*,#2874,.T.);
#2874 = EDGE_CURVE('',#336,#2875,#2877,.T.);
#2875 = VERTEX_POINT('',#2876);
#2876 = CARTESIAN_POINT('',(114.25,51.8971,3.475));
#2877 = LINE('',#2878,#2879);
#2878 = CARTESIAN_POINT('',(114.25,51.8971,0.));
#2879 = VECTOR('',#2880,1.);
#2880 = DIRECTION('',(0.,0.,1.));
#2881 = ORIENTED_EDGE('',*,*,#2882,.T.);
#2882 = EDGE_CURVE('',#2875,#2883,#2885,.T.);
#2883 = VERTEX_POINT('',#2884);
#2884 = CARTESIAN_POINT('',(113.56265614325,52.181841359985,3.475));
#2885 = LINE('',#2886,#2887);
#2886 = CARTESIAN_POINT('',(116.02845527859,51.160351181005,3.475));
#2887 = VECTOR('',#2888,1.);
#2888 = DIRECTION('',(-0.923863273436,0.382722682887,0.));
#2889 = ORIENTED_EDGE('',*,*,#2890,.F.);
#2890 = EDGE_CURVE('',#2891,#2883,#2893,.T.);
#2891 = VERTEX_POINT('',#2892);
#2892 = CARTESIAN_POINT('',(113.56265614325,52.181841359985,5.525));
#2893 = LINE('',#2894,#2895);
#2894 = CARTESIAN_POINT('',(113.56265614325,52.181841359985,1.7375));
#2895 = VECTOR('',#2896,1.);
#2896 = DIRECTION('',(-0.,0.,-1.));
#2897 = ORIENTED_EDGE('',*,*,#2898,.F.);
#2898 = EDGE_CURVE('',#2899,#2891,#2901,.T.);
#2899 = VERTEX_POINT('',#2900);
#2900 = CARTESIAN_POINT('',(114.25,51.8971,5.525));
#2901 = LINE('',#2902,#2903);
#2902 = CARTESIAN_POINT('',(116.02845527859,51.160351181005,5.525));
#2903 = VECTOR('',#2904,1.);
#2904 = DIRECTION('',(-0.923863273436,0.382722682887,0.));
#2905 = ORIENTED_EDGE('',*,*,#2906,.T.);
#2906 = EDGE_CURVE('',#2899,#2907,#2909,.T.);
#2907 = VERTEX_POINT('',#2908);
#2908 = CARTESIAN_POINT('',(114.25,51.8971,9.));
#2909 = LINE('',#2910,#2911);
#2910 = CARTESIAN_POINT('',(114.25,51.8971,0.));
#2911 = VECTOR('',#2912,1.);
#2912 = DIRECTION('',(0.,0.,1.));
#2913 = ORIENTED_EDGE('',*,*,#2914,.T.);
#2914 = EDGE_CURVE('',#2907,#2826,#2915,.T.);
#2915 = LINE('',#2916,#2917);
#2916 = CARTESIAN_POINT('',(114.25,51.8971,9.));
#2917 = VECTOR('',#2918,1.);
#2918 = DIRECTION('',(-0.923863273436,0.382722682887,0.));
#2919 = ORIENTED_EDGE('',*,*,#2825,.F.);
#2920 = PLANE('',#2921);
#2921 = AXIS2_PLACEMENT_3D('',#2922,#2923,#2924);
#2922 = CARTESIAN_POINT('',(114.25,51.8971,0.));
#2923 = DIRECTION('',(-0.382722682887,-0.923863273436,0.));
#2924 = DIRECTION('',(-0.923863273436,0.382722682887,0.));
#2925 = ADVANCED_FACE('',(#2926),#2944,.F.);
#2926 = FACE_BOUND('',#2927,.F.);
#2927 = EDGE_LOOP('',(#2928,#2929,#2937,#2943));
#2928 = ORIENTED_EDGE('',*,*,#2858,.T.);
#2929 = ORIENTED_EDGE('',*,*,#2930,.T.);
#2930 = EDGE_CURVE('',#2851,#2931,#2933,.T.);
#2931 = VERTEX_POINT('',#2932);
#2932 = CARTESIAN_POINT('',(110.7068,41.2409,9.));
#2933 = LINE('',#2934,#2935);
#2934 = CARTESIAN_POINT('',(109.7188,40.4827,9.));
#2935 = VECTOR('',#2936,1.);
#2936 = DIRECTION('',(0.793321952412,0.608802332306,0.));
#2937 = ORIENTED_EDGE('',*,*,#2938,.F.);
#2938 = EDGE_CURVE('',#400,#2931,#2939,.T.);
#2939 = LINE('',#2940,#2941);
#2940 = CARTESIAN_POINT('',(110.7068,41.2409,0.));
#2941 = VECTOR('',#2942,1.);
#2942 = DIRECTION('',(0.,0.,1.));
#2943 = ORIENTED_EDGE('',*,*,#407,.F.);
#2944 = PLANE('',#2945);
#2945 = AXIS2_PLACEMENT_3D('',#2946,#2947,#2948);
#2946 = CARTESIAN_POINT('',(109.7188,40.4827,0.));
#2947 = DIRECTION('',(-0.608802332306,0.793321952412,0.));
#2948 = DIRECTION('',(0.793321952412,0.608802332306,0.));
#2949 = ADVANCED_FACE('',(#2950),#2991,.F.);
#2950 = FACE_BOUND('',#2951,.F.);
#2951 = EDGE_LOOP('',(#2952,#2953,#2961,#2967,#2968,#2976,#2984,#2990));
#2952 = ORIENTED_EDGE('',*,*,#343,.F.);
#2953 = ORIENTED_EDGE('',*,*,#2954,.T.);
#2954 = EDGE_CURVE('',#344,#2955,#2957,.T.);
#2955 = VERTEX_POINT('',#2956);
#2956 = CARTESIAN_POINT('',(115.182,51.182,9.));
#2957 = LINE('',#2958,#2959);
#2958 = CARTESIAN_POINT('',(115.182,51.182,0.));
#2959 = VECTOR('',#2960,1.);
#2960 = DIRECTION('',(0.,0.,1.));
#2961 = ORIENTED_EDGE('',*,*,#2962,.T.);
#2962 = EDGE_CURVE('',#2955,#2907,#2963,.T.);
#2963 = LINE('',#2964,#2965);
#2964 = CARTESIAN_POINT('',(115.182,51.182,9.));
#2965 = VECTOR('',#2966,1.);
#2966 = DIRECTION('',(-0.793373383429,0.608735307393,0.));
#2967 = ORIENTED_EDGE('',*,*,#2906,.F.);
#2968 = ORIENTED_EDGE('',*,*,#2969,.F.);
#2969 = EDGE_CURVE('',#2970,#2899,#2972,.T.);
#2970 = VERTEX_POINT('',#2971);
#2971 = CARTESIAN_POINT('',(114.8309948366,51.45131737376,5.525));
#2972 = LINE('',#2973,#2974);
#2973 = CARTESIAN_POINT('',(116.41565207934,50.235449997917,5.525));
#2974 = VECTOR('',#2975,1.);
#2975 = DIRECTION('',(-0.793373383429,0.608735307393,0.));
#2976 = ORIENTED_EDGE('',*,*,#2977,.F.);
#2977 = EDGE_CURVE('',#2978,#2970,#2980,.T.);
#2978 = VERTEX_POINT('',#2979);
#2979 = CARTESIAN_POINT('',(114.8309948366,51.45131737376,3.475));
#2980 = LINE('',#2981,#2982);
#2981 = CARTESIAN_POINT('',(114.8309948366,51.45131737376,2.25));
#2982 = VECTOR('',#2983,1.);
#2983 = DIRECTION('',(0.,0.,1.));
#2984 = ORIENTED_EDGE('',*,*,#2985,.T.);
#2985 = EDGE_CURVE('',#2978,#2875,#2986,.T.);
#2986 = LINE('',#2987,#2988);
#2987 = CARTESIAN_POINT('',(116.41565207934,50.235449997917,3.475));
#2988 = VECTOR('',#2989,1.);
#2989 = DIRECTION('',(-0.793373383429,0.608735307393,0.));
#2990 = ORIENTED_EDGE('',*,*,#2874,.F.);
#2991 = PLANE('',#2992);
#2992 = AXIS2_PLACEMENT_3D('',#2993,#2994,#2995);
#2993 = CARTESIAN_POINT('',(115.182,51.182,0.));
#2994 = DIRECTION('',(-0.608735307393,-0.793373383429,0.));
#2995 = DIRECTION('',(-0.793373383429,0.608735307393,0.));
#2996 = ADVANCED_FACE('',(#2997),#3015,.F.);
#2997 = FACE_BOUND('',#2998,.F.);
#2998 = EDGE_LOOP('',(#2999,#3000,#3008,#3014));
#2999 = ORIENTED_EDGE('',*,*,#2938,.T.);
#3000 = ORIENTED_EDGE('',*,*,#3001,.T.);
#3001 = EDGE_CURVE('',#2931,#3002,#3004,.T.);
#3002 = VERTEX_POINT('',#3003);
#3003 = CARTESIAN_POINT('',(115.182,44.818,9.));
#3004 = LINE('',#3005,#3006);
#3005 = CARTESIAN_POINT('',(110.7068,41.2409,9.));
#3006 = VECTOR('',#3007,1.);
#3007 = DIRECTION('',(0.781129283704,0.624369315502,0.));
#3008 = ORIENTED_EDGE('',*,*,#3009,.F.);
#3009 = EDGE_CURVE('',#392,#3002,#3010,.T.);
#3010 = LINE('',#3011,#3012);
#3011 = CARTESIAN_POINT('',(115.182,44.818,0.));
#3012 = VECTOR('',#3013,1.);
#3013 = DIRECTION('',(0.,0.,1.));
#3014 = ORIENTED_EDGE('',*,*,#399,.F.);
#3015 = PLANE('',#3016);
#3016 = AXIS2_PLACEMENT_3D('',#3017,#3018,#3019);
#3017 = CARTESIAN_POINT('',(110.7068,41.2409,0.));
#3018 = DIRECTION('',(-0.624369315502,0.781129283704,0.));
#3019 = DIRECTION('',(0.781129283704,0.624369315502,0.));
#3020 = ADVANCED_FACE('',(#3021),#3039,.F.);
#3021 = FACE_BOUND('',#3022,.F.);
#3022 = EDGE_LOOP('',(#3023,#3031,#3037,#3038));
#3023 = ORIENTED_EDGE('',*,*,#3024,.T.);
#3024 = EDGE_CURVE('',#352,#3025,#3027,.T.);
#3025 = VERTEX_POINT('',#3026);
#3026 = CARTESIAN_POINT('',(115.8971,50.25,9.));
#3027 = LINE('',#3028,#3029);
#3028 = CARTESIAN_POINT('',(115.8971,50.25,0.));
#3029 = VECTOR('',#3030,1.);
#3030 = DIRECTION('',(0.,0.,1.));
#3031 = ORIENTED_EDGE('',*,*,#3032,.T.);
#3032 = EDGE_CURVE('',#3025,#2955,#3033,.T.);
#3033 = LINE('',#3034,#3035);
#3034 = CARTESIAN_POINT('',(115.8971,50.25,9.));
#3035 = VECTOR('',#3036,1.);
#3036 = DIRECTION('',(-0.608735307393,0.793373383429,0.));
#3037 = ORIENTED_EDGE('',*,*,#2954,.F.);
#3038 = ORIENTED_EDGE('',*,*,#351,.F.);
#3039 = PLANE('',#3040);
#3040 = AXIS2_PLACEMENT_3D('',#3041,#3042,#3043);
#3041 = CARTESIAN_POINT('',(115.8971,50.25,0.));
#3042 = DIRECTION('',(-0.793373383429,-0.608735307393,0.));
#3043 = DIRECTION('',(-0.608735307393,0.793373383429,0.));
#3044 = ADVANCED_FACE('',(#3045),#3063,.F.);
#3045 = FACE_BOUND('',#3046,.F.);
#3046 = EDGE_LOOP('',(#3047,#3048,#3056,#3062));
#3047 = ORIENTED_EDGE('',*,*,#3009,.T.);
#3048 = ORIENTED_EDGE('',*,*,#3049,.T.);
#3049 = EDGE_CURVE('',#3002,#3050,#3052,.T.);
#3050 = VERTEX_POINT('',#3051);
#3051 = CARTESIAN_POINT('',(115.8971,45.75,9.));
#3052 = LINE('',#3053,#3054);
#3053 = CARTESIAN_POINT('',(115.182,44.818,9.));
#3054 = VECTOR('',#3055,1.);
#3055 = DIRECTION('',(0.608735307393,0.793373383429,0.));
#3056 = ORIENTED_EDGE('',*,*,#3057,.F.);
#3057 = EDGE_CURVE('',#384,#3050,#3058,.T.);
#3058 = LINE('',#3059,#3060);
#3059 = CARTESIAN_POINT('',(115.8971,45.75,0.));
#3060 = VECTOR('',#3061,1.);
#3061 = DIRECTION('',(0.,0.,1.));
#3062 = ORIENTED_EDGE('',*,*,#391,.F.);
#3063 = PLANE('',#3064);
#3064 = AXIS2_PLACEMENT_3D('',#3065,#3066,#3067);
#3065 = CARTESIAN_POINT('',(115.182,44.818,0.));
#3066 = DIRECTION('',(-0.793373383429,0.608735307393,0.));
#3067 = DIRECTION('',(0.608735307393,0.793373383429,0.));
#3068 = ADVANCED_FACE('',(#3069),#3119,.F.);
#3069 = FACE_BOUND('',#3070,.F.);
#3070 = EDGE_LOOP('',(#3071,#3072,#3080,#3088,#3096,#3104,#3112,#3118));
#3071 = ORIENTED_EDGE('',*,*,#359,.F.);
#3072 = ORIENTED_EDGE('',*,*,#3073,.T.);
#3073 = EDGE_CURVE('',#360,#3074,#3076,.T.);
#3074 = VERTEX_POINT('',#3075);
#3075 = CARTESIAN_POINT('',(116.3467,49.1647,3.475));
#3076 = LINE('',#3077,#3078);
#3077 = CARTESIAN_POINT('',(116.3467,49.1647,0.));
#3078 = VECTOR('',#3079,1.);
#3079 = DIRECTION('',(0.,0.,1.));
#3080 = ORIENTED_EDGE('',*,*,#3081,.T.);
#3081 = EDGE_CURVE('',#3074,#3082,#3084,.T.);
#3082 = VERTEX_POINT('',#3083);
#3083 = CARTESIAN_POINT('',(116.21803003284,49.475299455862,3.475));
#3084 = LINE('',#3085,#3086);
#3085 = CARTESIAN_POINT('',(116.5268871569,48.729741989789,3.475));
#3086 = VECTOR('',#3087,1.);
#3087 = DIRECTION('',(-0.382722682887,0.923863273436,0.));
#3088 = ORIENTED_EDGE('',*,*,#3089,.F.);
#3089 = EDGE_CURVE('',#3090,#3082,#3092,.T.);
#3090 = VERTEX_POINT('',#3091);
#3091 = CARTESIAN_POINT('',(116.21803003284,49.475299455862,5.525));
#3092 = LINE('',#3093,#3094);
#3093 = CARTESIAN_POINT('',(116.21803003284,49.475299455862,2.25));
#3094 = VECTOR('',#3095,1.);
#3095 = DIRECTION('',(0.,0.,-1.));
#3096 = ORIENTED_EDGE('',*,*,#3097,.F.);
#3097 = EDGE_CURVE('',#3098,#3090,#3100,.T.);
#3098 = VERTEX_POINT('',#3099);
#3099 = CARTESIAN_POINT('',(116.3467,49.1647,5.525));
#3100 = LINE('',#3101,#3102);
#3101 = CARTESIAN_POINT('',(116.5268871569,48.729741989789,5.525));
#3102 = VECTOR('',#3103,1.);
#3103 = DIRECTION('',(-0.382722682887,0.923863273436,0.));
#3104 = ORIENTED_EDGE('',*,*,#3105,.T.);
#3105 = EDGE_CURVE('',#3098,#3106,#3108,.T.);
#3106 = VERTEX_POINT('',#3107);
#3107 = CARTESIAN_POINT('',(116.3467,49.1647,9.));
#3108 = LINE('',#3109,#3110);
#3109 = CARTESIAN_POINT('',(116.3467,49.1647,0.));
#3110 = VECTOR('',#3111,1.);
#3111 = DIRECTION('',(0.,0.,1.));
#3112 = ORIENTED_EDGE('',*,*,#3113,.T.);
#3113 = EDGE_CURVE('',#3106,#3025,#3114,.T.);
#3114 = LINE('',#3115,#3116);
#3115 = CARTESIAN_POINT('',(116.3467,49.1647,9.));
#3116 = VECTOR('',#3117,1.);
#3117 = DIRECTION('',(-0.382722682887,0.923863273436,0.));
#3118 = ORIENTED_EDGE('',*,*,#3024,.F.);
#3119 = PLANE('',#3120);
#3120 = AXIS2_PLACEMENT_3D('',#3121,#3122,#3123);
#3121 = CARTESIAN_POINT('',(116.3467,49.1647,0.));
#3122 = DIRECTION('',(-0.923863273436,-0.382722682887,0.));
#3123 = DIRECTION('',(-0.382722682887,0.923863273436,0.));
#3124 = ADVANCED_FACE('',(#3125),#3143,.F.);
#3125 = FACE_BOUND('',#3126,.F.);
#3126 = EDGE_LOOP('',(#3127,#3128,#3136,#3142));
#3127 = ORIENTED_EDGE('',*,*,#3057,.T.);
#3128 = ORIENTED_EDGE('',*,*,#3129,.T.);
#3129 = EDGE_CURVE('',#3050,#3130,#3132,.T.);
#3130 = VERTEX_POINT('',#3131);
#3131 = CARTESIAN_POINT('',(116.3467,46.8353,9.));
#3132 = LINE('',#3133,#3134);
#3133 = CARTESIAN_POINT('',(115.8971,45.75,9.));
#3134 = VECTOR('',#3135,1.);
#3135 = DIRECTION('',(0.382722682887,0.923863273436,0.));
#3136 = ORIENTED_EDGE('',*,*,#3137,.F.);
#3137 = EDGE_CURVE('',#376,#3130,#3138,.T.);
#3138 = LINE('',#3139,#3140);
#3139 = CARTESIAN_POINT('',(116.3467,46.8353,0.));
#3140 = VECTOR('',#3141,1.);
#3141 = DIRECTION('',(0.,0.,1.));
#3142 = ORIENTED_EDGE('',*,*,#383,.F.);
#3143 = PLANE('',#3144);
#3144 = AXIS2_PLACEMENT_3D('',#3145,#3146,#3147);
#3145 = CARTESIAN_POINT('',(115.8971,45.75,0.));
#3146 = DIRECTION('',(-0.923863273436,0.382722682887,0.));
#3147 = DIRECTION('',(0.382722682887,0.923863273436,0.));
#3148 = ADVANCED_FACE('',(#3149),#3190,.F.);
#3149 = FACE_BOUND('',#3150,.F.);
#3150 = EDGE_LOOP('',(#3151,#3152,#3160,#3166,#3167,#3175,#3183,#3189));
#3151 = ORIENTED_EDGE('',*,*,#367,.F.);
#3152 = ORIENTED_EDGE('',*,*,#3153,.T.);
#3153 = EDGE_CURVE('',#368,#3154,#3156,.T.);
#3154 = VERTEX_POINT('',#3155);
#3155 = CARTESIAN_POINT('',(116.5,48.,9.));
#3156 = LINE('',#3157,#3158);
#3157 = CARTESIAN_POINT('',(116.5,48.,0.));
#3158 = VECTOR('',#3159,1.);
#3159 = DIRECTION('',(0.,0.,1.));
#3160 = ORIENTED_EDGE('',*,*,#3161,.T.);
#3161 = EDGE_CURVE('',#3154,#3106,#3162,.T.);
#3162 = LINE('',#3163,#3164);
#3163 = CARTESIAN_POINT('',(116.5,48.,9.));
#3164 = VECTOR('',#3165,1.);
#3165 = DIRECTION('',(-0.130496350522,0.991448789651,0.));
#3166 = ORIENTED_EDGE('',*,*,#3105,.F.);
#3167 = ORIENTED_EDGE('',*,*,#3168,.F.);
#3168 = EDGE_CURVE('',#3169,#3098,#3171,.T.);
#3169 = VERTEX_POINT('',#3170);
#3170 = CARTESIAN_POINT('',(116.49111432178,48.067509128643,5.525));
#3171 = LINE('',#3172,#3173);
#3172 = CARTESIAN_POINT('',(116.47788304321,48.168034048029,5.525));
#3173 = VECTOR('',#3174,1.);
#3174 = DIRECTION('',(-0.130496350522,0.991448789651,0.));
#3175 = ORIENTED_EDGE('',*,*,#3176,.T.);
#3176 = EDGE_CURVE('',#3169,#3177,#3179,.T.);
#3177 = VERTEX_POINT('',#3178);
#3178 = CARTESIAN_POINT('',(116.49111432178,48.067509128643,3.475));
#3179 = LINE('',#3180,#3181);
#3180 = CARTESIAN_POINT('',(116.49111432178,48.067509128643,1.7375));
#3181 = VECTOR('',#3182,1.);
#3182 = DIRECTION('',(-0.,0.,-1.));
#3183 = ORIENTED_EDGE('',*,*,#3184,.T.);
#3184 = EDGE_CURVE('',#3177,#3074,#3185,.T.);
#3185 = LINE('',#3186,#3187);
#3186 = CARTESIAN_POINT('',(116.47788304321,48.168034048029,3.475));
#3187 = VECTOR('',#3188,1.);
#3188 = DIRECTION('',(-0.130496350522,0.991448789651,0.));
#3189 = ORIENTED_EDGE('',*,*,#3073,.F.);
#3190 = PLANE('',#3191);
#3191 = AXIS2_PLACEMENT_3D('',#3192,#3193,#3194);
#3192 = CARTESIAN_POINT('',(116.5,48.,0.));
#3193 = DIRECTION('',(-0.991448789651,-0.130496350522,0.));
#3194 = DIRECTION('',(-0.130496350522,0.991448789651,0.));
#3195 = ADVANCED_FACE('',(#3196),#3207,.F.);
#3196 = FACE_BOUND('',#3197,.F.);
#3197 = EDGE_LOOP('',(#3198,#3199,#3205,#3206));
#3198 = ORIENTED_EDGE('',*,*,#3137,.T.);
#3199 = ORIENTED_EDGE('',*,*,#3200,.T.);
#3200 = EDGE_CURVE('',#3130,#3154,#3201,.T.);
#3201 = LINE('',#3202,#3203);
#3202 = CARTESIAN_POINT('',(116.3467,46.8353,9.));
#3203 = VECTOR('',#3204,1.);
#3204 = DIRECTION('',(0.130496350522,0.991448789651,0.));
#3205 = ORIENTED_EDGE('',*,*,#3153,.F.);
#3206 = ORIENTED_EDGE('',*,*,#375,.F.);
#3207 = PLANE('',#3208);
#3208 = AXIS2_PLACEMENT_3D('',#3209,#3210,#3211);
#3209 = CARTESIAN_POINT('',(116.3467,46.8353,0.));
#3210 = DIRECTION('',(-0.991448789651,0.130496350522,0.));
#3211 = DIRECTION('',(0.130496350522,0.991448789651,0.));
#3212 = ADVANCED_FACE('',(#3213),#3232,.F.);
#3213 = FACE_BOUND('',#3214,.F.);
#3214 = EDGE_LOOP('',(#3215,#3224,#3230,#3231));
#3215 = ORIENTED_EDGE('',*,*,#3216,.F.);
#3216 = EDGE_CURVE('',#3217,#3217,#3219,.T.);
#3217 = VERTEX_POINT('',#3218);
#3218 = CARTESIAN_POINT('',(52.839945416556,19.987202684229,9.));
#3219 = CIRCLE('',#3220,2.45);
#3220 = AXIS2_PLACEMENT_3D('',#3221,#3222,#3223);
#3221 = CARTESIAN_POINT('',(50.389945416556,19.987202684229,9.));
#3222 = DIRECTION('',(0.,0.,1.));
#3223 = DIRECTION('',(1.,0.,-0.));
#3224 = ORIENTED_EDGE('',*,*,#3225,.F.);
#3225 = EDGE_CURVE('',#720,#3217,#3226,.T.);
#3226 = LINE('',#3227,#3228);
#3227 = CARTESIAN_POINT('',(52.839945416556,19.987202684229,-0.1));
#3228 = VECTOR('',#3229,1.);
#3229 = DIRECTION('',(0.,0.,1.));
#3230 = ORIENTED_EDGE('',*,*,#719,.T.);
#3231 = ORIENTED_EDGE('',*,*,#3225,.T.);
#3232 = CYLINDRICAL_SURFACE('',#3233,2.45);
#3233 = AXIS2_PLACEMENT_3D('',#3234,#3235,#3236);
#3234 = CARTESIAN_POINT('',(50.389945416556,19.987202684229,-0.1));
#3235 = DIRECTION('',(0.,0.,1.));
#3236 = DIRECTION('',(1.,0.,-0.));
#3237 = ADVANCED_FACE('',(#3238),#3263,.F.);
#3238 = FACE_BOUND('',#3239,.F.);
#3239 = EDGE_LOOP('',(#3240,#3241,#3249,#3257));
#3240 = ORIENTED_EDGE('',*,*,#730,.F.);
#3241 = ORIENTED_EDGE('',*,*,#3242,.T.);
#3242 = EDGE_CURVE('',#731,#3243,#3245,.T.);
#3243 = VERTEX_POINT('',#3244);
#3244 = CARTESIAN_POINT('',(67.5,25.3046875,9.));
#3245 = LINE('',#3246,#3247);
#3246 = CARTESIAN_POINT('',(67.5,25.3046875,-0.1));
#3247 = VECTOR('',#3248,1.);
#3248 = DIRECTION('',(0.,0.,1.));
#3249 = ORIENTED_EDGE('',*,*,#3250,.F.);
#3250 = EDGE_CURVE('',#3251,#3243,#3253,.T.);
#3251 = VERTEX_POINT('',#3252);
#3252 = CARTESIAN_POINT('',(69.,25.3046875,9.));
#3253 = LINE('',#3254,#3255);
#3254 = CARTESIAN_POINT('',(60.943339277263,25.3046875,9.));
#3255 = VECTOR('',#3256,1.);
#3256 = DIRECTION('',(-1.,-0.,0.));
#3257 = ORIENTED_EDGE('',*,*,#3258,.T.);
#3258 = EDGE_CURVE('',#3251,#733,#3259,.T.);
#3259 = LINE('',#3260,#3261);
#3260 = CARTESIAN_POINT('',(69.,25.3046875,-0.1));
#3261 = VECTOR('',#3262,1.);
#3262 = DIRECTION('',(-0.,0.,-1.));
#3263 = PLANE('',#3264);
#3264 = AXIS2_PLACEMENT_3D('',#3265,#3266,#3267);
#3265 = CARTESIAN_POINT('',(67.5,25.3046875,-0.1));
#3266 = DIRECTION('',(-0.,1.,0.));
#3267 = DIRECTION('',(0.,0.,1.));
#3268 = ADVANCED_FACE('',(#3269),#3287,.T.);
#3269 = FACE_BOUND('',#3270,.T.);
#3270 = EDGE_LOOP('',(#3271,#3279,#3280,#3281));
#3271 = ORIENTED_EDGE('',*,*,#3272,.F.);
#3272 = EDGE_CURVE('',#741,#3273,#3275,.T.);
#3273 = VERTEX_POINT('',#3274);
#3274 = CARTESIAN_POINT('',(67.5,23.3046875,9.));
#3275 = LINE('',#3276,#3277);
#3276 = CARTESIAN_POINT('',(67.5,23.3046875,-0.1));
#3277 = VECTOR('',#3278,1.);
#3278 = DIRECTION('',(0.,0.,1.));
#3279 = ORIENTED_EDGE('',*,*,#740,.F.);
#3280 = ORIENTED_EDGE('',*,*,#3242,.T.);
#3281 = ORIENTED_EDGE('',*,*,#3282,.F.);
#3282 = EDGE_CURVE('',#3273,#3243,#3283,.T.);
#3283 = LINE('',#3284,#3285);
#3284 = CARTESIAN_POINT('',(67.5,21.642672165942,9.));
#3285 = VECTOR('',#3286,1.);
#3286 = DIRECTION('',(-0.,1.,0.));
#3287 = PLANE('',#3288);
#3288 = AXIS2_PLACEMENT_3D('',#3289,#3290,#3291);
#3289 = CARTESIAN_POINT('',(67.5,23.3046875,-0.1));
#3290 = DIRECTION('',(1.,0.,-0.));
#3291 = DIRECTION('',(0.,0.,1.));
#3292 = ADVANCED_FACE('',(#3293),#3311,.T.);
#3293 = FACE_BOUND('',#3294,.T.);
#3294 = EDGE_LOOP('',(#3295,#3303,#3304,#3305));
#3295 = ORIENTED_EDGE('',*,*,#3296,.F.);
#3296 = EDGE_CURVE('',#3251,#3297,#3299,.T.);
#3297 = VERTEX_POINT('',#3298);
#3298 = CARTESIAN_POINT('',(69.,26.8046875,9.));
#3299 = LINE('',#3300,#3301);
#3300 = CARTESIAN_POINT('',(69.,20.892672165942,9.));
#3301 = VECTOR('',#3302,1.);
#3302 = DIRECTION('',(-0.,1.,0.));
#3303 = ORIENTED_EDGE('',*,*,#3258,.T.);
#3304 = ORIENTED_EDGE('',*,*,#820,.F.);
#3305 = ORIENTED_EDGE('',*,*,#3306,.T.);
#3306 = EDGE_CURVE('',#813,#3297,#3307,.T.);
#3307 = LINE('',#3308,#3309);
#3308 = CARTESIAN_POINT('',(69.,26.8046875,-0.1));
#3309 = VECTOR('',#3310,1.);
#3310 = DIRECTION('',(0.,0.,1.));
#3311 = PLANE('',#3312);
#3312 = AXIS2_PLACEMENT_3D('',#3313,#3314,#3315);
#3313 = CARTESIAN_POINT('',(69.,21.8046875,-0.1));
#3314 = DIRECTION('',(1.,0.,-0.));
#3315 = DIRECTION('',(0.,0.,1.));
#3316 = ADVANCED_FACE('',(#3317),#3335,.T.);
#3317 = FACE_BOUND('',#3318,.T.);
#3318 = EDGE_LOOP('',(#3319,#3320,#3321,#3329));
#3319 = ORIENTED_EDGE('',*,*,#748,.F.);
#3320 = ORIENTED_EDGE('',*,*,#3272,.T.);
#3321 = ORIENTED_EDGE('',*,*,#3322,.F.);
#3322 = EDGE_CURVE('',#3323,#3273,#3325,.T.);
#3323 = VERTEX_POINT('',#3324);
#3324 = CARTESIAN_POINT('',(69.,23.3046875,9.));
#3325 = LINE('',#3326,#3327);
#3326 = CARTESIAN_POINT('',(60.943339277263,23.3046875,9.));
#3327 = VECTOR('',#3328,1.);
#3328 = DIRECTION('',(-1.,-0.,0.));
#3329 = ORIENTED_EDGE('',*,*,#3330,.T.);
#3330 = EDGE_CURVE('',#3323,#749,#3331,.T.);
#3331 = LINE('',#3332,#3333);
#3332 = CARTESIAN_POINT('',(69.,23.3046875,-0.1));
#3333 = VECTOR('',#3334,1.);
#3334 = DIRECTION('',(-0.,0.,-1.));
#3335 = PLANE('',#3336);
#3336 = AXIS2_PLACEMENT_3D('',#3337,#3338,#3339);
#3337 = CARTESIAN_POINT('',(67.5,23.3046875,-0.1));
#3338 = DIRECTION('',(-0.,1.,0.));
#3339 = DIRECTION('',(0.,0.,1.));
#3340 = ADVANCED_FACE('',(#3341),#3359,.F.);
#3341 = FACE_BOUND('',#3342,.F.);
#3342 = EDGE_LOOP('',(#3343,#3351,#3352,#3353));
#3343 = ORIENTED_EDGE('',*,*,#3344,.F.);
#3344 = EDGE_CURVE('',#805,#3345,#3347,.T.);
#3345 = VERTEX_POINT('',#3346);
#3346 = CARTESIAN_POINT('',(71.,26.8046875,9.));
#3347 = LINE('',#3348,#3349);
#3348 = CARTESIAN_POINT('',(71.,26.8046875,-0.1));
#3349 = VECTOR('',#3350,1.);
#3350 = DIRECTION('',(0.,0.,1.));
#3351 = ORIENTED_EDGE('',*,*,#812,.F.);
#3352 = ORIENTED_EDGE('',*,*,#3306,.T.);
#3353 = ORIENTED_EDGE('',*,*,#3354,.F.);
#3354 = EDGE_CURVE('',#3345,#3297,#3355,.T.);
#3355 = LINE('',#3356,#3357);
#3356 = CARTESIAN_POINT('',(61.693339277263,26.8046875,9.));
#3357 = VECTOR('',#3358,1.);
#3358 = DIRECTION('',(-1.,-0.,0.));
#3359 = PLANE('',#3360);
#3360 = AXIS2_PLACEMENT_3D('',#3361,#3362,#3363);
#3361 = CARTESIAN_POINT('',(69.,26.8046875,-0.1));
#3362 = DIRECTION('',(-0.,1.,0.));
#3363 = DIRECTION('',(0.,0.,1.));
#3364 = ADVANCED_FACE('',(#3365),#3383,.T.);
#3365 = FACE_BOUND('',#3366,.T.);
#3366 = EDGE_LOOP('',(#3367,#3375,#3381,#3382));
#3367 = ORIENTED_EDGE('',*,*,#3368,.F.);
#3368 = EDGE_CURVE('',#3369,#3323,#3371,.T.);
#3369 = VERTEX_POINT('',#3370);
#3370 = CARTESIAN_POINT('',(69.,21.8046875,9.));
#3371 = LINE('',#3372,#3373);
#3372 = CARTESIAN_POINT('',(69.,20.892672165942,9.));
#3373 = VECTOR('',#3374,1.);
#3374 = DIRECTION('',(-0.,1.,0.));
#3375 = ORIENTED_EDGE('',*,*,#3376,.F.);
#3376 = EDGE_CURVE('',#757,#3369,#3377,.T.);
#3377 = LINE('',#3378,#3379);
#3378 = CARTESIAN_POINT('',(69.,21.8046875,-0.1));
#3379 = VECTOR('',#3380,1.);
#3380 = DIRECTION('',(0.,0.,1.));
#3381 = ORIENTED_EDGE('',*,*,#756,.F.);
#3382 = ORIENTED_EDGE('',*,*,#3330,.F.);
#3383 = PLANE('',#3384);
#3384 = AXIS2_PLACEMENT_3D('',#3385,#3386,#3387);
#3385 = CARTESIAN_POINT('',(69.,21.8046875,-0.1));
#3386 = DIRECTION('',(1.,0.,-0.));
#3387 = DIRECTION('',(0.,0.,1.));
#3388 = ADVANCED_FACE('',(#3389),#3407,.F.);
#3389 = FACE_BOUND('',#3390,.F.);
#3390 = EDGE_LOOP('',(#3391,#3399,#3405,#3406));
#3391 = ORIENTED_EDGE('',*,*,#3392,.F.);
#3392 = EDGE_CURVE('',#3393,#3345,#3395,.T.);
#3393 = VERTEX_POINT('',#3394);
#3394 = CARTESIAN_POINT('',(71.,25.3046875,9.));
#3395 = LINE('',#3396,#3397);
#3396 = CARTESIAN_POINT('',(71.,20.892672165942,9.));
#3397 = VECTOR('',#3398,1.);
#3398 = DIRECTION('',(-0.,1.,0.));
#3399 = ORIENTED_EDGE('',*,*,#3400,.T.);
#3400 = EDGE_CURVE('',#3393,#797,#3401,.T.);
#3401 = LINE('',#3402,#3403);
#3402 = CARTESIAN_POINT('',(71.,25.3046875,-0.1));
#3403 = VECTOR('',#3404,1.);
#3404 = DIRECTION('',(-0.,0.,-1.));
#3405 = ORIENTED_EDGE('',*,*,#804,.F.);
#3406 = ORIENTED_EDGE('',*,*,#3344,.T.);
#3407 = PLANE('',#3408);
#3408 = AXIS2_PLACEMENT_3D('',#3409,#3410,#3411);
#3409 = CARTESIAN_POINT('',(71.,21.8046875,-0.1));
#3410 = DIRECTION('',(1.,0.,-0.));
#3411 = DIRECTION('',(0.,0.,1.));
#3412 = ADVANCED_FACE('',(#3413),#3431,.T.);
#3413 = FACE_BOUND('',#3414,.T.);
#3414 = EDGE_LOOP('',(#3415,#3423,#3424,#3425));
#3415 = ORIENTED_EDGE('',*,*,#3416,.F.);
#3416 = EDGE_CURVE('',#765,#3417,#3419,.T.);
#3417 = VERTEX_POINT('',#3418);
#3418 = CARTESIAN_POINT('',(71.,21.8046875,9.));
#3419 = LINE('',#3420,#3421);
#3420 = CARTESIAN_POINT('',(71.,21.8046875,-0.1));
#3421 = VECTOR('',#3422,1.);
#3422 = DIRECTION('',(0.,0.,1.));
#3423 = ORIENTED_EDGE('',*,*,#764,.F.);
#3424 = ORIENTED_EDGE('',*,*,#3376,.T.);
#3425 = ORIENTED_EDGE('',*,*,#3426,.F.);
#3426 = EDGE_CURVE('',#3417,#3369,#3427,.T.);
#3427 = LINE('',#3428,#3429);
#3428 = CARTESIAN_POINT('',(61.693339277263,21.8046875,9.));
#3429 = VECTOR('',#3430,1.);
#3430 = DIRECTION('',(-1.,-0.,0.));
#3431 = PLANE('',#3432);
#3432 = AXIS2_PLACEMENT_3D('',#3433,#3434,#3435);
#3433 = CARTESIAN_POINT('',(69.,21.8046875,-0.1));
#3434 = DIRECTION('',(-0.,1.,0.));
#3435 = DIRECTION('',(0.,0.,1.));
#3436 = ADVANCED_FACE('',(#3437),#3455,.F.);
#3437 = FACE_BOUND('',#3438,.F.);
#3438 = EDGE_LOOP('',(#3439,#3440,#3441,#3449));
#3439 = ORIENTED_EDGE('',*,*,#796,.F.);
#3440 = ORIENTED_EDGE('',*,*,#3400,.F.);
#3441 = ORIENTED_EDGE('',*,*,#3442,.F.);
#3442 = EDGE_CURVE('',#3443,#3393,#3445,.T.);
#3443 = VERTEX_POINT('',#3444);
#3444 = CARTESIAN_POINT('',(72.5,25.3046875,9.));
#3445 = LINE('',#3446,#3447);
#3446 = CARTESIAN_POINT('',(60.943339277263,25.3046875,9.));
#3447 = VECTOR('',#3448,1.);
#3448 = DIRECTION('',(-1.,-0.,0.));
#3449 = ORIENTED_EDGE('',*,*,#3450,.F.);
#3450 = EDGE_CURVE('',#789,#3443,#3451,.T.);
#3451 = LINE('',#3452,#3453);
#3452 = CARTESIAN_POINT('',(72.5,25.3046875,-0.1));
#3453 = VECTOR('',#3454,1.);
#3454 = DIRECTION('',(0.,0.,1.));
#3455 = PLANE('',#3456);
#3456 = AXIS2_PLACEMENT_3D('',#3457,#3458,#3459);
#3457 = CARTESIAN_POINT('',(67.5,25.3046875,-0.1));
#3458 = DIRECTION('',(-0.,1.,0.));
#3459 = DIRECTION('',(0.,0.,1.));
#3460 = ADVANCED_FACE('',(#3461),#3479,.F.);
#3461 = FACE_BOUND('',#3462,.F.);
#3462 = EDGE_LOOP('',(#3463,#3471,#3472,#3473));
#3463 = ORIENTED_EDGE('',*,*,#3464,.F.);
#3464 = EDGE_CURVE('',#3417,#3465,#3467,.T.);
#3465 = VERTEX_POINT('',#3466);
#3466 = CARTESIAN_POINT('',(71.,23.3046875,9.));
#3467 = LINE('',#3468,#3469);
#3468 = CARTESIAN_POINT('',(71.,20.892672165942,9.));
#3469 = VECTOR('',#3470,1.);
#3470 = DIRECTION('',(-0.,1.,0.));
#3471 = ORIENTED_EDGE('',*,*,#3416,.F.);
#3472 = ORIENTED_EDGE('',*,*,#772,.F.);
#3473 = ORIENTED_EDGE('',*,*,#3474,.F.);
#3474 = EDGE_CURVE('',#3465,#773,#3475,.T.);
#3475 = LINE('',#3476,#3477);
#3476 = CARTESIAN_POINT('',(71.,23.3046875,-0.1));
#3477 = VECTOR('',#3478,1.);
#3478 = DIRECTION('',(-0.,0.,-1.));
#3479 = PLANE('',#3480);
#3480 = AXIS2_PLACEMENT_3D('',#3481,#3482,#3483);
#3481 = CARTESIAN_POINT('',(71.,21.8046875,-0.1));
#3482 = DIRECTION('',(1.,0.,-0.));
#3483 = DIRECTION('',(0.,0.,1.));
#3484 = ADVANCED_FACE('',(#3485),#3503,.F.);
#3485 = FACE_BOUND('',#3486,.F.);
#3486 = EDGE_LOOP('',(#3487,#3495,#3496,#3497));
#3487 = ORIENTED_EDGE('',*,*,#3488,.F.);
#3488 = EDGE_CURVE('',#781,#3489,#3491,.T.);
#3489 = VERTEX_POINT('',#3490);
#3490 = CARTESIAN_POINT('',(72.5,23.3046875,9.));
#3491 = LINE('',#3492,#3493);
#3492 = CARTESIAN_POINT('',(72.5,23.3046875,-0.1));
#3493 = VECTOR('',#3494,1.);
#3494 = DIRECTION('',(0.,0.,1.));
#3495 = ORIENTED_EDGE('',*,*,#788,.F.);
#3496 = ORIENTED_EDGE('',*,*,#3450,.T.);
#3497 = ORIENTED_EDGE('',*,*,#3498,.F.);
#3498 = EDGE_CURVE('',#3489,#3443,#3499,.T.);
#3499 = LINE('',#3500,#3501);
#3500 = CARTESIAN_POINT('',(72.5,21.642672165942,9.));
#3501 = VECTOR('',#3502,1.);
#3502 = DIRECTION('',(-0.,1.,0.));
#3503 = PLANE('',#3504);
#3504 = AXIS2_PLACEMENT_3D('',#3505,#3506,#3507);
#3505 = CARTESIAN_POINT('',(72.5,23.3046875,-0.1));
#3506 = DIRECTION('',(1.,0.,-0.));
#3507 = DIRECTION('',(0.,0.,1.));
#3508 = ADVANCED_FACE('',(#3509),#3520,.T.);
#3509 = FACE_BOUND('',#3510,.T.);
#3510 = EDGE_LOOP('',(#3511,#3512,#3513,#3519));
#3511 = ORIENTED_EDGE('',*,*,#780,.F.);
#3512 = ORIENTED_EDGE('',*,*,#3474,.F.);
#3513 = ORIENTED_EDGE('',*,*,#3514,.F.);
#3514 = EDGE_CURVE('',#3489,#3465,#3515,.T.);
#3515 = LINE('',#3516,#3517);
#3516 = CARTESIAN_POINT('',(60.943339277263,23.3046875,9.));
#3517 = VECTOR('',#3518,1.);
#3518 = DIRECTION('',(-1.,-0.,0.));
#3519 = ORIENTED_EDGE('',*,*,#3488,.F.);
#3520 = PLANE('',#3521);
#3521 = AXIS2_PLACEMENT_3D('',#3522,#3523,#3524);
#3522 = CARTESIAN_POINT('',(67.5,23.3046875,-0.1));
#3523 = DIRECTION('',(-0.,1.,0.));
#3524 = DIRECTION('',(0.,0.,1.));
#3525 = ADVANCED_FACE('',(#3526),#3545,.F.);
#3526 = FACE_BOUND('',#3527,.F.);
#3527 = EDGE_LOOP('',(#3528,#3537,#3543,#3544));
#3528 = ORIENTED_EDGE('',*,*,#3529,.F.);
#3529 = EDGE_CURVE('',#3530,#3530,#3532,.T.);
#3530 = VERTEX_POINT('',#3531);
#3531 = CARTESIAN_POINT('',(76.143956842745,28.505156597979,9.));
#3532 = CIRCLE('',#3533,2.45);
#3533 = AXIS2_PLACEMENT_3D('',#3534,#3535,#3536);
#3534 = CARTESIAN_POINT('',(73.693956842745,28.505156597979,9.));
#3535 = DIRECTION('',(0.,0.,1.));
#3536 = DIRECTION('',(1.,0.,-0.));
#3537 = ORIENTED_EDGE('',*,*,#3538,.F.);
#3538 = EDGE_CURVE('',#829,#3530,#3539,.T.);
#3539 = LINE('',#3540,#3541);
#3540 = CARTESIAN_POINT('',(76.143956842745,28.505156597979,-0.1));
#3541 = VECTOR('',#3542,1.);
#3542 = DIRECTION('',(0.,0.,1.));
#3543 = ORIENTED_EDGE('',*,*,#828,.T.);
#3544 = ORIENTED_EDGE('',*,*,#3538,.T.);
#3545 = CYLINDRICAL_SURFACE('',#3546,2.45);
#3546 = AXIS2_PLACEMENT_3D('',#3547,#3548,#3549);
#3547 = CARTESIAN_POINT('',(73.693956842745,28.505156597979,-0.1));
#3548 = DIRECTION('',(0.,0.,1.));
#3549 = DIRECTION('',(1.,0.,-0.));
#3550 = ADVANCED_FACE('',(#3551,#3652,#3950,#3953,#3967),#3970,.T.);
#3551 = FACE_BOUND('',#3552,.T.);
#3552 = EDGE_LOOP('',(#3553,#3554,#3555,#3556,#3557,#3558,#3566,#3572,
    #3573,#3574,#3575,#3576,#3577,#3578,#3579,#3580,#3581,#3582,#3583,
    #3584,#3585,#3586,#3587,#3588,#3589,#3590,#3591,#3592,#3593,#3594,
    #3595,#3596,#3597,#3598,#3599,#3600,#3601,#3602,#3603,#3604,#3605,
    #3606,#3607,#3608,#3609,#3610,#3611,#3612,#3613,#3614,#3615,#3616,
    #3617,#3618,#3619,#3620,#3621,#3622,#3623,#3624,#3625,#3626,#3627,
    #3628,#3629,#3630,#3631,#3632,#3633,#3634,#3635,#3636,#3637,#3638,
    #3639,#3640,#3641,#3642,#3643,#3644,#3645,#3646,#3647,#3648,#3649,
    #3650,#3651));
#3553 = ORIENTED_EDGE('',*,*,#1005,.T.);
#3554 = ORIENTED_EDGE('',*,*,#862,.F.);
#3555 = ORIENTED_EDGE('',*,*,#1021,.T.);
#3556 = ORIENTED_EDGE('',*,*,#1069,.T.);
#3557 = ORIENTED_EDGE('',*,*,#1118,.T.);
#3558 = ORIENTED_EDGE('',*,*,#3559,.T.);
#3559 = EDGE_CURVE('',#1119,#3560,#3562,.T.);
#3560 = VERTEX_POINT('',#3561);
#3561 = CARTESIAN_POINT('',(13.453924858034,-6.090463394954,9.));
#3562 = LINE('',#3563,#3564);
#3563 = CARTESIAN_POINT('',(10.0312,-7.5353,9.));
#3564 = VECTOR('',#3565,1.);
#3565 = DIRECTION('',(0.921279834274,0.388900330368,0.));
#3566 = ORIENTED_EDGE('',*,*,#3567,.T.);
#3567 = EDGE_CURVE('',#3560,#1308,#3568,.T.);
#3568 = LINE('',#3569,#3570);
#3569 = CARTESIAN_POINT('',(12.0401,-6.6673,9.));
#3570 = VECTOR('',#3571,1.);
#3571 = DIRECTION('',(0.925901426171,0.377765203551,0.));
#3572 = ORIENTED_EDGE('',*,*,#1315,.T.);
#3573 = ORIENTED_EDGE('',*,*,#1362,.T.);
#3574 = ORIENTED_EDGE('',*,*,#1410,.T.);
#3575 = ORIENTED_EDGE('',*,*,#1458,.T.);
#3576 = ORIENTED_EDGE('',*,*,#1506,.T.);
#3577 = ORIENTED_EDGE('',*,*,#1554,.T.);
#3578 = ORIENTED_EDGE('',*,*,#1602,.T.);
#3579 = ORIENTED_EDGE('',*,*,#1650,.T.);
#3580 = ORIENTED_EDGE('',*,*,#1698,.T.);
#3581 = ORIENTED_EDGE('',*,*,#1746,.T.);
#3582 = ORIENTED_EDGE('',*,*,#1794,.T.);
#3583 = ORIENTED_EDGE('',*,*,#1843,.T.);
#3584 = ORIENTED_EDGE('',*,*,#1891,.T.);
#3585 = ORIENTED_EDGE('',*,*,#1938,.T.);
#3586 = ORIENTED_EDGE('',*,*,#1986,.T.);
#3587 = ORIENTED_EDGE('',*,*,#2034,.T.);
#3588 = ORIENTED_EDGE('',*,*,#2082,.T.);
#3589 = ORIENTED_EDGE('',*,*,#2130,.T.);
#3590 = ORIENTED_EDGE('',*,*,#2178,.T.);
#3591 = ORIENTED_EDGE('',*,*,#2226,.T.);
#3592 = ORIENTED_EDGE('',*,*,#2274,.T.);
#3593 = ORIENTED_EDGE('',*,*,#2322,.T.);
#3594 = ORIENTED_EDGE('',*,*,#2370,.T.);
#3595 = ORIENTED_EDGE('',*,*,#2418,.T.);
#3596 = ORIENTED_EDGE('',*,*,#2467,.T.);
#3597 = ORIENTED_EDGE('',*,*,#2515,.T.);
#3598 = ORIENTED_EDGE('',*,*,#2562,.T.);
#3599 = ORIENTED_EDGE('',*,*,#2610,.T.);
#3600 = ORIENTED_EDGE('',*,*,#2658,.T.);
#3601 = ORIENTED_EDGE('',*,*,#2706,.T.);
#3602 = ORIENTED_EDGE('',*,*,#2754,.T.);
#3603 = ORIENTED_EDGE('',*,*,#2802,.T.);
#3604 = ORIENTED_EDGE('',*,*,#2850,.T.);
#3605 = ORIENTED_EDGE('',*,*,#2930,.T.);
#3606 = ORIENTED_EDGE('',*,*,#3001,.T.);
#3607 = ORIENTED_EDGE('',*,*,#3049,.T.);
#3608 = ORIENTED_EDGE('',*,*,#3129,.T.);
#3609 = ORIENTED_EDGE('',*,*,#3200,.T.);
#3610 = ORIENTED_EDGE('',*,*,#3161,.T.);
#3611 = ORIENTED_EDGE('',*,*,#3113,.T.);
#3612 = ORIENTED_EDGE('',*,*,#3032,.T.);
#3613 = ORIENTED_EDGE('',*,*,#2962,.T.);
#3614 = ORIENTED_EDGE('',*,*,#2914,.T.);
#3615 = ORIENTED_EDGE('',*,*,#2833,.T.);
#3616 = ORIENTED_EDGE('',*,*,#2785,.T.);
#3617 = ORIENTED_EDGE('',*,*,#2737,.T.);
#3618 = ORIENTED_EDGE('',*,*,#2689,.T.);
#3619 = ORIENTED_EDGE('',*,*,#2641,.T.);
#3620 = ORIENTED_EDGE('',*,*,#2593,.T.);
#3621 = ORIENTED_EDGE('',*,*,#2545,.T.);
#3622 = ORIENTED_EDGE('',*,*,#2497,.T.);
#3623 = ORIENTED_EDGE('',*,*,#2449,.T.);
#3624 = ORIENTED_EDGE('',*,*,#2402,.T.);
#3625 = ORIENTED_EDGE('',*,*,#2354,.T.);
#3626 = ORIENTED_EDGE('',*,*,#2305,.T.);
#3627 = ORIENTED_EDGE('',*,*,#2257,.T.);
#3628 = ORIENTED_EDGE('',*,*,#2209,.T.);
#3629 = ORIENTED_EDGE('',*,*,#2161,.T.);
#3630 = ORIENTED_EDGE('',*,*,#2114,.T.);
#3631 = ORIENTED_EDGE('',*,*,#2066,.T.);
#3632 = ORIENTED_EDGE('',*,*,#2017,.T.);
#3633 = ORIENTED_EDGE('',*,*,#1969,.T.);
#3634 = ORIENTED_EDGE('',*,*,#1921,.T.);
#3635 = ORIENTED_EDGE('',*,*,#1873,.T.);
#3636 = ORIENTED_EDGE('',*,*,#1825,.T.);
#3637 = ORIENTED_EDGE('',*,*,#1777,.T.);
#3638 = ORIENTED_EDGE('',*,*,#1729,.T.);
#3639 = ORIENTED_EDGE('',*,*,#1681,.T.);
#3640 = ORIENTED_EDGE('',*,*,#1633,.T.);
#3641 = ORIENTED_EDGE('',*,*,#1585,.T.);
#3642 = ORIENTED_EDGE('',*,*,#1537,.T.);
#3643 = ORIENTED_EDGE('',*,*,#1490,.T.);
#3644 = ORIENTED_EDGE('',*,*,#1442,.T.);
#3645 = ORIENTED_EDGE('',*,*,#1393,.T.);
#3646 = ORIENTED_EDGE('',*,*,#1345,.T.);
#3647 = ORIENTED_EDGE('',*,*,#1263,.T.);
#3648 = ORIENTED_EDGE('',*,*,#1214,.T.);
#3649 = ORIENTED_EDGE('',*,*,#1165,.T.);
#3650 = ORIENTED_EDGE('',*,*,#1100,.T.);
#3651 = ORIENTED_EDGE('',*,*,#1052,.T.);
#3652 = FACE_BOUND('',#3653,.T.);
#3653 = EDGE_LOOP('',(#3654,#3664,#3672,#3680,#3688,#3698,#3708,#3730,
    #3753,#3776,#3798,#3811,#3822,#3830,#3842,#3854,#3871,#3888,#3905,
    #3922,#3933,#3944));
#3654 = ORIENTED_EDGE('',*,*,#3655,.F.);
#3655 = EDGE_CURVE('',#3656,#3658,#3660,.T.);
#3656 = VERTEX_POINT('',#3657);
#3657 = CARTESIAN_POINT('',(25.874794423753,12.480370846977,9.));
#3658 = VERTEX_POINT('',#3659);
#3659 = CARTESIAN_POINT('',(21.862831424963,11.188021926389,9.));
#3660 = LINE('',#3661,#3662);
#3661 = CARTESIAN_POINT('',(37.879014182467,16.347216192346,9.));
#3662 = VECTOR('',#3663,1.);
#3663 = DIRECTION('',(-0.951835576366,-0.306608929361,0.));
#3664 = ORIENTED_EDGE('',*,*,#3665,.F.);
#3665 = EDGE_CURVE('',#3666,#3656,#3668,.T.);
#3666 = VERTEX_POINT('',#3667);
#3667 = CARTESIAN_POINT('',(26.255071807282,11.299839205953,9.));
#3668 = LINE('',#3669,#3670);
#3669 = CARTESIAN_POINT('',(26.120535231031,11.717494033767,9.));
#3670 = VECTOR('',#3671,1.);
#3671 = DIRECTION('',(-0.306608929361,0.951835576366,0.));
#3672 = ORIENTED_EDGE('',*,*,#3673,.F.);
#3673 = EDGE_CURVE('',#3674,#3666,#3676,.T.);
#3674 = VERTEX_POINT('',#3675);
#3675 = CARTESIAN_POINT('',(23.530123062022,10.422068256756,9.));
#3676 = LINE('',#3677,#3678);
#3677 = CARTESIAN_POINT('',(40.265273065391,15.812859011617,9.));
#3678 = VECTOR('',#3679,1.);
#3679 = DIRECTION('',(0.951835576366,0.306608929361,-0.));
#3680 = ORIENTED_EDGE('',*,*,#3681,.F.);
#3681 = EDGE_CURVE('',#3682,#3674,#3684,.T.);
#3682 = VERTEX_POINT('',#3683);
#3683 = CARTESIAN_POINT('',(23.846390687102,9.440248262695,9.));
#3684 = LINE('',#3685,#3686);
#3685 = CARTESIAN_POINT('',(23.585725177536,10.249457264058,9.));
#3686 = VECTOR('',#3687,1.);
#3687 = DIRECTION('',(-0.306608929361,0.951835576366,0.));
#3688 = ORIENTED_EDGE('',*,*,#3689,.F.);
#3689 = EDGE_CURVE('',#3690,#3682,#3692,.T.);
#3690 = VERTEX_POINT('',#3691);
#3691 = CARTESIAN_POINT('',(24.192145445065,9.637690595978,9.));
#3692 = B_SPLINE_CURVE_WITH_KNOTS('',4,(#3693,#3694,#3695,#3696,#3697),
  .UNSPECIFIED.,.F.,.F.,(5,5),(0.,1.),.PIECEWISE_BEZIER_KNOTS.);
#3693 = CARTESIAN_POINT('',(24.192145445065,9.637690595978,9.));
#3694 = CARTESIAN_POINT('',(24.103273161892,9.593934086512,9.));
#3695 = CARTESIAN_POINT('',(24.016005644966,9.546425026658,9.));
#3696 = CARTESIAN_POINT('',(23.930371143058,9.495184436135,9.));
#3697 = CARTESIAN_POINT('',(23.846390687102,9.440248262695,9.));
#3698 = ORIENTED_EDGE('',*,*,#3699,.F.);
#3699 = EDGE_CURVE('',#3700,#3690,#3702,.T.);
#3700 = VERTEX_POINT('',#3701);
#3701 = CARTESIAN_POINT('',(24.571243630234,9.790038396442,9.));
#3702 = B_SPLINE_CURVE_WITH_KNOTS('',4,(#3703,#3704,#3705,#3706,#3707),
  .UNSPECIFIED.,.F.,.F.,(5,5),(0.,1.),.PIECEWISE_BEZIER_KNOTS.);
#3703 = CARTESIAN_POINT('',(24.571243630234,9.790038396442,9.));
#3704 = CARTESIAN_POINT('',(24.471122356395,9.75778694741,9.));
#3705 = CARTESIAN_POINT('',(24.374491817765,9.721670685556,9.));
#3706 = CARTESIAN_POINT('',(24.281467298073,9.681644561113,9.));
#3707 = CARTESIAN_POINT('',(24.192145445065,9.637690595978,9.));
#3708 = ORIENTED_EDGE('',*,*,#3709,.F.);
#3709 = EDGE_CURVE('',#3710,#3700,#3712,.T.);
#3710 = VERTEX_POINT('',#3711);
#3711 = CARTESIAN_POINT('',(26.537227772186,9.791866059989,9.));
#3712 = B_SPLINE_CURVE_WITH_KNOTS('',6,(#3713,#3714,#3715,#3716,#3717,
    #3718,#3719,#3720,#3721,#3722,#3723,#3724,#3725,#3726,#3727,#3728,
    #3729),.UNSPECIFIED.,.F.,.F.,(7,5,5,7),(0.,0.280802765867,
    0.568264743024,1.),.UNSPECIFIED.);
#3713 = CARTESIAN_POINT('',(26.537227772186,9.791866059989,9.));
#3714 = CARTESIAN_POINT('',(26.453261859094,9.829360300388,9.));
#3715 = CARTESIAN_POINT('',(26.36724295545,9.862257126085,9.));
#3716 = CARTESIAN_POINT('',(26.279425189633,9.890435911225,9.));
#3717 = CARTESIAN_POINT('',(26.190077573203,9.913882191593,9.));
#3718 = CARTESIAN_POINT('',(26.099477537595,9.932667711099,9.));
#3719 = CARTESIAN_POINT('',(25.91415975732,9.96153146537,9.));
#3720 = CARTESIAN_POINT('',(25.819386139062,9.971393770859,9.));
#3721 = CARTESIAN_POINT('',(25.723867219747,9.976667564763,9.));
#3722 = CARTESIAN_POINT('',(25.627853429424,9.977571639654,9.));
#3723 = CARTESIAN_POINT('',(25.531557636538,9.974360164073,9.));
#3724 = CARTESIAN_POINT('',(25.290358575536,9.956670030043,9.));
#3725 = CARTESIAN_POINT('',(25.145333538261,9.937347273937,9.));
#3726 = CARTESIAN_POINT('',(25.000603836685,9.910194954744,9.));
#3727 = CARTESIAN_POINT('',(24.856546549976,9.876096313367,9.));
#3728 = CARTESIAN_POINT('',(24.71339549259,9.835828899976,9.));
#3729 = CARTESIAN_POINT('',(24.571243630234,9.790038396442,9.));
#3730 = ORIENTED_EDGE('',*,*,#3731,.F.);
#3731 = EDGE_CURVE('',#3732,#3710,#3734,.T.);
#3732 = VERTEX_POINT('',#3733);
#3733 = CARTESIAN_POINT('',(27.687965067921,8.402964533959,9.));
#3734 = B_SPLINE_CURVE_WITH_KNOTS('',5,(#3735,#3736,#3737,#3738,#3739,
    #3740,#3741,#3742,#3743,#3744,#3745,#3746,#3747,#3748,#3749,#3750,
    #3751,#3752),.UNSPECIFIED.,.F.,.F.,(6,4,4,4,6),(0.,0.297497459645,
    0.535635579146,0.765389207975,1.),.UNSPECIFIED.);
#3735 = CARTESIAN_POINT('',(27.687965067921,8.402964533959,9.));
#3736 = CARTESIAN_POINT('',(27.653011414831,8.511474519642,9.));
#3737 = CARTESIAN_POINT('',(27.613753556627,8.617972023782,9.));
#3738 = CARTESIAN_POINT('',(27.569848702489,8.722052217417,9.));
#3739 = CARTESIAN_POINT('',(27.520952661294,8.823170169674,9.));
#3740 = CARTESIAN_POINT('',(27.423508599597,8.998781237475,9.));
#3741 = CARTESIAN_POINT('',(27.376838238087,9.074560544853,9.));
#3742 = CARTESIAN_POINT('',(27.326706486448,9.147719374168,9.));
#3743 = CARTESIAN_POINT('',(27.273049524671,9.217904335035,9.));
#3744 = CARTESIAN_POINT('',(27.160792426483,9.34930923557,9.));
#3745 = CARTESIAN_POINT('',(27.102429315826,9.410762137125,9.));
#3746 = CARTESIAN_POINT('',(27.040873731011,9.468838693503,9.));
#3747 = CARTESIAN_POINT('',(26.976249340117,9.523288459819,9.));
#3748 = CARTESIAN_POINT('',(26.839886930074,9.625669235119,9.));
#3749 = CARTESIAN_POINT('',(26.768020394684,9.673443362308,9.));
#3750 = CARTESIAN_POINT('',(26.693420500781,9.717084769042,9.));
#3751 = CARTESIAN_POINT('',(26.616381004348,9.756543937525,9.));
#3752 = CARTESIAN_POINT('',(26.537227772186,9.791866059989,9.));
#3753 = ORIENTED_EDGE('',*,*,#3754,.F.);
#3754 = EDGE_CURVE('',#3755,#3732,#3757,.T.);
#3755 = VERTEX_POINT('',#3756);
#3756 = CARTESIAN_POINT('',(27.505639382773,6.591129766147,9.));
#3757 = B_SPLINE_CURVE_WITH_KNOTS('',5,(#3758,#3759,#3760,#3761,#3762,
    #3763,#3764,#3765,#3766,#3767,#3768,#3769,#3770,#3771,#3772,#3773,
    #3774,#3775),.UNSPECIFIED.,.F.,.F.,(6,4,4,4,6),(0.,0.331256121992,
    0.613649773697,0.750653685443,1.),.UNSPECIFIED.);
#3758 = CARTESIAN_POINT('',(27.505639382773,6.591129766147,9.));
#3759 = CARTESIAN_POINT('',(27.572913720829,6.696540013545,9.));
#3760 = CARTESIAN_POINT('',(27.63230623661,6.806260881697,9.));
#3761 = CARTESIAN_POINT('',(27.682827012009,6.919969503547,9.));
#3762 = CARTESIAN_POINT('',(27.723707602957,7.037115794632,9.));
#3763 = CARTESIAN_POINT('',(27.78116013766,7.258822863811,9.));
#3764 = CARTESIAN_POINT('',(27.800435259252,7.362717850492,9.));
#3765 = CARTESIAN_POINT('',(27.812401336879,7.467933200957,9.));
#3766 = CARTESIAN_POINT('',(27.81724620139,7.573933769776,9.));
#3767 = CARTESIAN_POINT('',(27.814432150936,7.731781688049,9.));
#3768 = CARTESIAN_POINT('',(27.811926217698,7.783415627478,9.));
#3769 = CARTESIAN_POINT('',(27.807877867589,7.83506617145,9.));
#3770 = CARTESIAN_POINT('',(27.802338171807,7.886686423096,9.));
#3771 = CARTESIAN_POINT('',(27.782673917912,8.03205593817,9.));
#3772 = CARTESIAN_POINT('',(27.765233713083,8.125640710096,9.));
#3773 = CARTESIAN_POINT('',(27.743387480466,8.218752368527,9.));
#3774 = CARTESIAN_POINT('',(27.717516031852,8.31122663564,9.));
#3775 = CARTESIAN_POINT('',(27.687965067921,8.402964533959,9.));
#3776 = ORIENTED_EDGE('',*,*,#3777,.F.);
#3777 = EDGE_CURVE('',#3778,#3755,#3780,.T.);
#3778 = VERTEX_POINT('',#3779);
#3779 = CARTESIAN_POINT('',(25.764367052242,5.3966023708,9.));
#3780 = B_SPLINE_CURVE_WITH_KNOTS('',6,(#3781,#3782,#3783,#3784,#3785,
    #3786,#3787,#3788,#3789,#3790,#3791,#3792,#3793,#3794,#3795,#3796,
    #3797),.UNSPECIFIED.,.F.,.F.,(7,5,5,7),(0.,0.475833909474,
    0.744509510703,1.),.UNSPECIFIED.);
#3781 = CARTESIAN_POINT('',(25.764367052242,5.3966023708,9.));
#3782 = CARTESIAN_POINT('',(25.931757239407,5.450522740396,9.));
#3783 = CARTESIAN_POINT('',(26.096300862977,5.51053823299,9.));
#3784 = CARTESIAN_POINT('',(26.257440283253,5.577281472422,9.));
#3785 = CARTESIAN_POINT('',(26.414330072781,5.651432246957,9.));
#3786 = CARTESIAN_POINT('',(26.565849952344,5.73369461055,9.));
#3787 = CARTESIAN_POINT('',(26.792470057381,5.876026685924,9.));
#3788 = CARTESIAN_POINT('',(26.872111627372,5.930160303506,9.));
#3789 = CARTESIAN_POINT('',(26.949366349997,5.987160284609,9.));
#3790 = CARTESIAN_POINT('',(27.023957502729,6.047103890606,9.));
#3791 = CARTESIAN_POINT('',(27.095595116719,6.110030737999,9.));
#3792 = CARTESIAN_POINT('',(27.229033881443,6.238585274162,9.));
#3793 = CARTESIAN_POINT('',(27.291148731749,6.303932031986,9.));
#3794 = CARTESIAN_POINT('',(27.350084300505,6.371944401809,9.));
#3795 = CARTESIAN_POINT('',(27.405605107394,6.442563692033,9.));
#3796 = CARTESIAN_POINT('',(27.457508409979,6.51568180183,9.));
#3797 = CARTESIAN_POINT('',(27.505639382773,6.591129766147,9.));
#3798 = ORIENTED_EDGE('',*,*,#3799,.F.);
#3799 = EDGE_CURVE('',#3800,#3778,#3802,.T.);
#3800 = VERTEX_POINT('',#3801);
#3801 = CARTESIAN_POINT('',(24.677021615081,5.158938422154,9.));
#3802 = B_SPLINE_CURVE_WITH_KNOTS('',4,(#3803,#3804,#3805,#3806,#3807,
    #3808,#3809,#3810),.UNSPECIFIED.,.F.,.F.,(5,3,5),(0.,0.47695869197,
    1.),.UNSPECIFIED.);
#3803 = CARTESIAN_POINT('',(24.677021615081,5.158938422154,9.));
#3804 = CARTESIAN_POINT('',(24.80916607183,5.174693153789,9.));
#3805 = CARTESIAN_POINT('',(24.940665592611,5.194454703307,9.));
#3806 = CARTESIAN_POINT('',(25.071412324291,5.218239082823,9.));
#3807 = CARTESIAN_POINT('',(25.3437440415,5.276494203641,9.));
#3808 = CARTESIAN_POINT('',(25.485156089903,5.311775512907,9.));
#3809 = CARTESIAN_POINT('',(25.625403587024,5.351838925991,9.));
#3810 = CARTESIAN_POINT('',(25.764367052242,5.3966023708,9.));
#3811 = ORIENTED_EDGE('',*,*,#3812,.F.);
#3812 = EDGE_CURVE('',#3813,#3800,#3815,.T.);
#3813 = VERTEX_POINT('',#3814);
#3814 = CARTESIAN_POINT('',(23.539923955269,5.13414175524,9.));
#3815 = B_SPLINE_CURVE_WITH_KNOTS('',5,(#3816,#3817,#3818,#3819,#3820,
    #3821),.UNSPECIFIED.,.F.,.F.,(6,6),(0.,1.),
  .PIECEWISE_BEZIER_KNOTS.);
#3816 = CARTESIAN_POINT('',(23.539923955269,5.13414175524,9.));
#3817 = CARTESIAN_POINT('',(23.769628119549,5.117756330377,9.));
#3818 = CARTESIAN_POINT('',(23.998607642394,5.111714791278,9.));
#3819 = CARTESIAN_POINT('',(24.226459942154,5.116402959523,9.));
#3820 = CARTESIAN_POINT('',(24.452750532573,5.132105593615,9.));
#3821 = CARTESIAN_POINT('',(24.677021615081,5.158938422154,9.));
#3822 = ORIENTED_EDGE('',*,*,#3823,.F.);
#3823 = EDGE_CURVE('',#3824,#3813,#3826,.T.);
#3824 = VERTEX_POINT('',#3825);
#3825 = CARTESIAN_POINT('',(23.130837679048,6.404107611492,9.));
#3826 = LINE('',#3827,#3828);
#3827 = CARTESIAN_POINT('',(22.823447746647,7.35836773068,9.));
#3828 = VECTOR('',#3829,1.);
#3829 = DIRECTION('',(0.306608929361,-0.951835576366,0.));
#3830 = ORIENTED_EDGE('',*,*,#3831,.F.);
#3831 = EDGE_CURVE('',#3832,#3824,#3834,.T.);
#3832 = VERTEX_POINT('',#3833);
#3833 = CARTESIAN_POINT('',(24.243802933107,6.273984731812,9.));
#3834 = B_SPLINE_CURVE_WITH_KNOTS('',6,(#3835,#3836,#3837,#3838,#3839,
    #3840,#3841),.UNSPECIFIED.,.F.,.F.,(7,7),(0.,1.),
  .PIECEWISE_BEZIER_KNOTS.);
#3835 = CARTESIAN_POINT('',(24.243802933107,6.273984731812,9.));
#3836 = CARTESIAN_POINT('',(24.065411616144,6.273893439075,9.));
#3837 = CARTESIAN_POINT('',(23.883352581462,6.283529725695,9.));
#3838 = CARTESIAN_POINT('',(23.698327599316,6.302119971295,9.));
#3839 = CARTESIAN_POINT('',(23.510937273215,6.328879770682,9.));
#3840 = CARTESIAN_POINT('',(23.321658546587,6.36308742251,9.));
#3841 = CARTESIAN_POINT('',(23.130837679048,6.404107611492,9.));
#3842 = ORIENTED_EDGE('',*,*,#3843,.F.);
#3843 = EDGE_CURVE('',#3844,#3832,#3846,.T.);
#3844 = VERTEX_POINT('',#3845);
#3845 = CARTESIAN_POINT('',(25.157172602234,6.405324369055,9.));
#3846 = B_SPLINE_CURVE_WITH_KNOTS('',6,(#3847,#3848,#3849,#3850,#3851,
    #3852,#3853),.UNSPECIFIED.,.F.,.F.,(7,7),(0.,1.),
  .PIECEWISE_BEZIER_KNOTS.);
#3847 = CARTESIAN_POINT('',(25.157172602234,6.405324369055,9.));
#3848 = CARTESIAN_POINT('',(25.016643097023,6.360056465431,9.));
#3849 = CARTESIAN_POINT('',(24.870531760229,6.324661777837,9.));
#3850 = CARTESIAN_POINT('',(24.719531513818,6.298868343947,9.));
#3851 = CARTESIAN_POINT('',(24.564335235727,6.282199105171,9.));
#3852 = CARTESIAN_POINT('',(24.405577159996,6.274096216862,9.));
#3853 = CARTESIAN_POINT('',(24.243802933107,6.273984731812,9.));
#3854 = ORIENTED_EDGE('',*,*,#3855,.F.);
#3855 = EDGE_CURVE('',#3856,#3844,#3858,.T.);
#3856 = VERTEX_POINT('',#3857);
#3857 = CARTESIAN_POINT('',(25.988960780259,6.990074203965,9.));
#3858 = B_SPLINE_CURVE_WITH_KNOTS('',6,(#3859,#3860,#3861,#3862,#3863,
    #3864,#3865,#3866,#3867,#3868,#3869,#3870),.UNSPECIFIED.,.F.,.F.,(7,
    5,7),(0.,0.482417509566,1.),.UNSPECIFIED.);
#3859 = CARTESIAN_POINT('',(25.988960780259,6.990074203965,9.));
#3860 = CARTESIAN_POINT('',(25.94736150201,6.922854589193,9.));
#3861 = CARTESIAN_POINT('',(25.899851393085,6.859231890201,9.));
#3862 = CARTESIAN_POINT('',(25.846638910632,6.799528101827,9.));
#3863 = CARTESIAN_POINT('',(25.788090147296,6.74389701318,9.));
#3864 = CARTESIAN_POINT('',(25.724674563707,6.692365086129,9.));
#3865 = CARTESIAN_POINT('',(25.584207351381,6.593917680308,9.));
#3866 = CARTESIAN_POINT('',(25.506487366,6.54760442289,9.));
#3867 = CARTESIAN_POINT('',(25.424352010177,6.50583415517,9.));
#3868 = CARTESIAN_POINT('',(25.338411057872,6.468379450739,9.));
#3869 = CARTESIAN_POINT('',(25.249204267105,6.434969962195,9.));
#3870 = CARTESIAN_POINT('',(25.157172602234,6.405324369055,9.));
#3871 = ORIENTED_EDGE('',*,*,#3872,.F.);
#3872 = EDGE_CURVE('',#3873,#3856,#3875,.T.);
#3873 = VERTEX_POINT('',#3874);
#3874 = CARTESIAN_POINT('',(26.076207659701,7.876067000601,9.));
#3875 = B_SPLINE_CURVE_WITH_KNOTS('',6,(#3876,#3877,#3878,#3879,#3880,
    #3881,#3882,#3883,#3884,#3885,#3886,#3887),.UNSPECIFIED.,.F.,.F.,(7,
    5,7),(0.,0.645961856429,1.),.UNSPECIFIED.);
#3876 = CARTESIAN_POINT('',(26.076207659701,7.876067000601,9.));
#3877 = CARTESIAN_POINT('',(26.108405356659,7.776112594494,9.));
#3878 = CARTESIAN_POINT('',(26.131409680608,7.675840009978,9.));
#3879 = CARTESIAN_POINT('',(26.144090774695,7.575863938133,9.));
#3880 = CARTESIAN_POINT('',(26.145469089054,7.476923972501,9.));
#3881 = CARTESIAN_POINT('',(26.134973684534,7.379856487629,9.));
#3882 = CARTESIAN_POINT('',(26.100699493747,7.233872284008,9.));
#3883 = CARTESIAN_POINT('',(26.085064005076,7.183005883388,9.));
#3884 = CARTESIAN_POINT('',(26.065958986895,7.133094747614,9.));
#3885 = CARTESIAN_POINT('',(26.043475221328,7.084248726458,9.));
#3886 = CARTESIAN_POINT('',(26.01775105676,7.036553492629,9.));
#3887 = CARTESIAN_POINT('',(25.988960780259,6.990074203965,9.));
#3888 = ORIENTED_EDGE('',*,*,#3889,.F.);
#3889 = EDGE_CURVE('',#3890,#3873,#3892,.T.);
#3890 = VERTEX_POINT('',#3891);
#3891 = CARTESIAN_POINT('',(25.487596019636,8.546509030873,9.));
#3892 = B_SPLINE_CURVE_WITH_KNOTS('',6,(#3893,#3894,#3895,#3896,#3897,
    #3898,#3899,#3900,#3901,#3902,#3903,#3904),.UNSPECIFIED.,.F.,.F.,(7,
    5,7),(0.,0.339628056383,1.),.UNSPECIFIED.);
#3893 = CARTESIAN_POINT('',(25.487596019636,8.546509030873,9.));
#3894 = CARTESIAN_POINT('',(25.536094207867,8.526624322736,9.));
#3895 = CARTESIAN_POINT('',(25.582951140094,8.504127526492,9.));
#3896 = CARTESIAN_POINT('',(25.628006598276,8.478975986049,9.));
#3897 = CARTESIAN_POINT('',(25.671115784273,8.451160747795,9.));
#3898 = CARTESIAN_POINT('',(25.712155239209,8.42071466371,9.));
#3899 = CARTESIAN_POINT('',(25.826614344982,8.323566714371,9.));
#3900 = CARTESIAN_POINT('',(25.894049109798,8.249747442147,9.));
#3901 = CARTESIAN_POINT('',(25.952550160211,8.166902095199,9.));
#3902 = CARTESIAN_POINT('',(26.002104129375,8.076151607001,9.));
#3903 = CARTESIAN_POINT('',(26.043119270368,7.978786468679,9.));
#3904 = CARTESIAN_POINT('',(26.076207659701,7.876067000601,9.));
#3905 = ORIENTED_EDGE('',*,*,#3906,.F.);
#3906 = EDGE_CURVE('',#3907,#3890,#3909,.T.);
#3907 = VERTEX_POINT('',#3908);
#3908 = CARTESIAN_POINT('',(24.471520956174,8.533858691506,9.));
#3909 = B_SPLINE_CURVE_WITH_KNOTS('',6,(#3910,#3911,#3912,#3913,#3914,
    #3915,#3916,#3917,#3918,#3919,#3920,#3921),.UNSPECIFIED.,.F.,.F.,(7,
    5,7),(0.,0.519723423761,1.),.UNSPECIFIED.);
#3910 = CARTESIAN_POINT('',(24.471520956174,8.533858691506,9.));
#3911 = CARTESIAN_POINT('',(24.563895479713,8.563614727596,9.));
#3912 = CARTESIAN_POINT('',(24.65616292361,8.588659622484,9.));
#3913 = CARTESIAN_POINT('',(24.748128713364,8.60850552814,9.));
#3914 = CARTESIAN_POINT('',(24.839510780765,8.622614639498,9.));
#3915 = CARTESIAN_POINT('',(24.92994434594,8.630441747675,9.));
#3916 = CARTESIAN_POINT('',(25.101288162186,8.632575012728,9.));
#3917 = CARTESIAN_POINT('',(25.182411587093,8.627862337039,9.));
#3918 = CARTESIAN_POINT('',(25.261987795304,8.617065794199,9.));
#3919 = CARTESIAN_POINT('',(25.339626891617,8.599933306603,9.));
#3920 = CARTESIAN_POINT('',(25.414947343643,8.576371363442,9.));
#3921 = CARTESIAN_POINT('',(25.487596019636,8.546509030873,9.));
#3922 = ORIENTED_EDGE('',*,*,#3923,.F.);
#3923 = EDGE_CURVE('',#3924,#3907,#3926,.T.);
#3924 = VERTEX_POINT('',#3925);
#3925 = CARTESIAN_POINT('',(23.759115594494,8.202885357423,9.));
#3926 = B_SPLINE_CURVE_WITH_KNOTS('',5,(#3927,#3928,#3929,#3930,#3931,
    #3932),.UNSPECIFIED.,.F.,.F.,(6,6),(0.,1.),
  .PIECEWISE_BEZIER_KNOTS.);
#3927 = CARTESIAN_POINT('',(23.759115594494,8.202885357423,9.));
#3928 = CARTESIAN_POINT('',(23.900494974895,8.287797753125,9.));
#3929 = CARTESIAN_POINT('',(24.042662779552,8.364069903872,9.));
#3930 = CARTESIAN_POINT('',(24.185421036177,8.430981225324,9.));
#3931 = CARTESIAN_POINT('',(24.328493670573,8.487786193276,9.));
#3932 = CARTESIAN_POINT('',(24.471520956174,8.533858691506,9.));
#3933 = ORIENTED_EDGE('',*,*,#3934,.F.);
#3934 = EDGE_CURVE('',#3935,#3924,#3937,.T.);
#3935 = VERTEX_POINT('',#3936);
#3936 = CARTESIAN_POINT('',(23.00366357555,7.64642700332,9.));
#3937 = B_SPLINE_CURVE_WITH_KNOTS('',5,(#3938,#3939,#3940,#3941,#3942,
    #3943),.UNSPECIFIED.,.F.,.F.,(6,6),(0.,1.),
  .PIECEWISE_BEZIER_KNOTS.);
#3938 = CARTESIAN_POINT('',(23.00366357555,7.64642700332,9.));
#3939 = CARTESIAN_POINT('',(23.152917722467,7.775421323872,9.));
#3940 = CARTESIAN_POINT('',(23.303250901374,7.896560209553,9.));
#3941 = CARTESIAN_POINT('',(23.454558296257,8.008935588921,9.));
#3942 = CARTESIAN_POINT('',(23.606624834366,8.111439000041,9.));
#3943 = CARTESIAN_POINT('',(23.759115594494,8.202885357423,9.));
#3944 = ORIENTED_EDGE('',*,*,#3945,.F.);
#3945 = EDGE_CURVE('',#3658,#3935,#3946,.T.);
#3946 = LINE('',#3947,#3948);
#3947 = CARTESIAN_POINT('',(22.678988307535,8.654347651645,9.));
#3948 = VECTOR('',#3949,1.);
#3949 = DIRECTION('',(0.306608929361,-0.951835576366,0.));
#3950 = FACE_BOUND('',#3951,.T.);
#3951 = EDGE_LOOP('',(#3952));
#3952 = ORIENTED_EDGE('',*,*,#3216,.F.);
#3953 = FACE_BOUND('',#3954,.T.);
#3954 = EDGE_LOOP('',(#3955,#3956,#3957,#3958,#3959,#3960,#3961,#3962,
    #3963,#3964,#3965,#3966));
#3955 = ORIENTED_EDGE('',*,*,#3322,.T.);
#3956 = ORIENTED_EDGE('',*,*,#3282,.T.);
#3957 = ORIENTED_EDGE('',*,*,#3250,.F.);
#3958 = ORIENTED_EDGE('',*,*,#3296,.T.);
#3959 = ORIENTED_EDGE('',*,*,#3354,.F.);
#3960 = ORIENTED_EDGE('',*,*,#3392,.F.);
#3961 = ORIENTED_EDGE('',*,*,#3442,.F.);
#3962 = ORIENTED_EDGE('',*,*,#3498,.F.);
#3963 = ORIENTED_EDGE('',*,*,#3514,.T.);
#3964 = ORIENTED_EDGE('',*,*,#3464,.F.);
#3965 = ORIENTED_EDGE('',*,*,#3426,.T.);
#3966 = ORIENTED_EDGE('',*,*,#3368,.T.);
#3967 = FACE_BOUND('',#3968,.T.);
#3968 = EDGE_LOOP('',(#3969));
#3969 = ORIENTED_EDGE('',*,*,#3529,.F.);
#3970 = PLANE('',#3971);
#3971 = AXIS2_PLACEMENT_3D('',#3972,#3973,#3974);
#3972 = CARTESIAN_POINT('',(54.386678554527,19.980656831884,9.));
#3973 = DIRECTION('',(0.,0.,1.));
#3974 = DIRECTION('',(1.,0.,-0.));
#3975 = ADVANCED_FACE('',(#3976),#3995,.F.);
#3976 = FACE_BOUND('',#3977,.F.);
#3977 = EDGE_LOOP('',(#3978,#3986,#3993,#3994));
#3978 = ORIENTED_EDGE('',*,*,#3979,.T.);
#3979 = EDGE_CURVE('',#871,#3980,#3982,.T.);
#3980 = VERTEX_POINT('',#3981);
#3981 = CARTESIAN_POINT('',(2.,2.65,2.1));
#3982 = LINE('',#3983,#3984);
#3983 = CARTESIAN_POINT('',(-0.1,2.65,2.1));
#3984 = VECTOR('',#3985,1.);
#3985 = DIRECTION('',(1.,0.,0.));
#3986 = ORIENTED_EDGE('',*,*,#3987,.F.);
#3987 = EDGE_CURVE('',#3980,#3980,#3988,.T.);
#3988 = CIRCLE('',#3989,1.2);
#3989 = AXIS2_PLACEMENT_3D('',#3990,#3991,#3992);
#3990 = CARTESIAN_POINT('',(2.,1.45,2.1));
#3991 = DIRECTION('',(1.,0.,0.));
#3992 = DIRECTION('',(0.,1.,0.));
#3993 = ORIENTED_EDGE('',*,*,#3979,.F.);
#3994 = ORIENTED_EDGE('',*,*,#870,.T.);
#3995 = CYLINDRICAL_SURFACE('',#3996,1.2);
#3996 = AXIS2_PLACEMENT_3D('',#3997,#3998,#3999);
#3997 = CARTESIAN_POINT('',(-0.1,1.45,2.1));
#3998 = DIRECTION('',(1.,0.,0.));
#3999 = DIRECTION('',(0.,1.,0.));
#4000 = ADVANCED_FACE('',(#4001),#4026,.T.);
#4001 = FACE_BOUND('',#4002,.T.);
#4002 = EDGE_LOOP('',(#4003,#4004,#4012,#4020));
#4003 = ORIENTED_EDGE('',*,*,#881,.T.);
#4004 = ORIENTED_EDGE('',*,*,#4005,.T.);
#4005 = EDGE_CURVE('',#884,#4006,#4008,.T.);
#4006 = VERTEX_POINT('',#4007);
#4007 = CARTESIAN_POINT('',(10.1,3.275,3.475));
#4008 = LINE('',#4009,#4010);
#4009 = CARTESIAN_POINT('',(-0.1,3.275,3.475));
#4010 = VECTOR('',#4011,1.);
#4011 = DIRECTION('',(1.,0.,0.));
#4012 = ORIENTED_EDGE('',*,*,#4013,.T.);
#4013 = EDGE_CURVE('',#4006,#4014,#4016,.T.);
#4014 = VERTEX_POINT('',#4015);
#4015 = CARTESIAN_POINT('',(10.1,4.775,3.475));
#4016 = LINE('',#4017,#4018);
#4017 = CARTESIAN_POINT('',(10.1,3.275,3.475));
#4018 = VECTOR('',#4019,1.);
#4019 = DIRECTION('',(0.,1.,0.));
#4020 = ORIENTED_EDGE('',*,*,#4021,.T.);
#4021 = EDGE_CURVE('',#4014,#882,#4022,.T.);
#4022 = LINE('',#4023,#4024);
#4023 = CARTESIAN_POINT('',(-0.1,4.775,3.475));
#4024 = VECTOR('',#4025,1.);
#4025 = DIRECTION('',(-1.,0.,0.));
#4026 = PLANE('',#4027);
#4027 = AXIS2_PLACEMENT_3D('',#4028,#4029,#4030);
#4028 = CARTESIAN_POINT('',(-0.1,3.275,3.475));
#4029 = DIRECTION('',(0.,0.,1.));
#4030 = DIRECTION('',(1.,0.,0.));
#4031 = ADVANCED_FACE('',(#4032),#4050,.T.);
#4032 = FACE_BOUND('',#4033,.T.);
#4033 = EDGE_LOOP('',(#4034,#4042,#4048,#4049));
#4034 = ORIENTED_EDGE('',*,*,#4035,.F.);
#4035 = EDGE_CURVE('',#4036,#4014,#4038,.T.);
#4036 = VERTEX_POINT('',#4037);
#4037 = CARTESIAN_POINT('',(10.1,4.775,1.975));
#4038 = LINE('',#4039,#4040);
#4039 = CARTESIAN_POINT('',(10.1,4.775,1.975));
#4040 = VECTOR('',#4041,1.);
#4041 = DIRECTION('',(0.,0.,1.));
#4042 = ORIENTED_EDGE('',*,*,#4043,.F.);
#4043 = EDGE_CURVE('',#964,#4036,#4044,.T.);
#4044 = LINE('',#4045,#4046);
#4045 = CARTESIAN_POINT('',(-0.1,4.775,1.975));
#4046 = VECTOR('',#4047,1.);
#4047 = DIRECTION('',(1.,0.,0.));
#4048 = ORIENTED_EDGE('',*,*,#971,.T.);
#4049 = ORIENTED_EDGE('',*,*,#4021,.F.);
#4050 = PLANE('',#4051);
#4051 = AXIS2_PLACEMENT_3D('',#4052,#4053,#4054);
#4052 = CARTESIAN_POINT('',(-0.1,4.775,1.975));
#4053 = DIRECTION('',(0.,1.,0.));
#4054 = DIRECTION('',(1.,0.,0.));
#4055 = ADVANCED_FACE('',(#4056),#4074,.T.);
#4056 = FACE_BOUND('',#4057,.T.);
#4057 = EDGE_LOOP('',(#4058,#4059,#4060,#4068));
#4058 = ORIENTED_EDGE('',*,*,#4005,.F.);
#4059 = ORIENTED_EDGE('',*,*,#891,.T.);
#4060 = ORIENTED_EDGE('',*,*,#4061,.T.);
#4061 = EDGE_CURVE('',#892,#4062,#4064,.T.);
#4062 = VERTEX_POINT('',#4063);
#4063 = CARTESIAN_POINT('',(10.1,3.275,5.525));
#4064 = LINE('',#4065,#4066);
#4065 = CARTESIAN_POINT('',(-0.1,3.275,5.525));
#4066 = VECTOR('',#4067,1.);
#4067 = DIRECTION('',(1.,0.,0.));
#4068 = ORIENTED_EDGE('',*,*,#4069,.F.);
#4069 = EDGE_CURVE('',#4006,#4062,#4070,.T.);
#4070 = LINE('',#4071,#4072);
#4071 = CARTESIAN_POINT('',(10.1,3.275,3.475));
#4072 = VECTOR('',#4073,1.);
#4073 = DIRECTION('',(0.,0.,1.));
#4074 = PLANE('',#4075);
#4075 = AXIS2_PLACEMENT_3D('',#4076,#4077,#4078);
#4076 = CARTESIAN_POINT('',(-0.1,3.275,3.475));
#4077 = DIRECTION('',(0.,1.,0.));
#4078 = DIRECTION('',(1.,0.,0.));
#4079 = ADVANCED_FACE('',(#4080),#4098,.T.);
#4080 = FACE_BOUND('',#4081,.T.);
#4081 = EDGE_LOOP('',(#4082,#4090,#4091,#4092));
#4082 = ORIENTED_EDGE('',*,*,#4083,.F.);
#4083 = EDGE_CURVE('',#956,#4084,#4086,.T.);
#4084 = VERTEX_POINT('',#4085);
#4085 = CARTESIAN_POINT('',(10.1,6.825,1.975));
#4086 = LINE('',#4087,#4088);
#4087 = CARTESIAN_POINT('',(-0.1,6.825,1.975));
#4088 = VECTOR('',#4089,1.);
#4089 = DIRECTION('',(1.,0.,0.));
#4090 = ORIENTED_EDGE('',*,*,#963,.T.);
#4091 = ORIENTED_EDGE('',*,*,#4043,.T.);
#4092 = ORIENTED_EDGE('',*,*,#4093,.T.);
#4093 = EDGE_CURVE('',#4036,#4084,#4094,.T.);
#4094 = LINE('',#4095,#4096);
#4095 = CARTESIAN_POINT('',(10.1,4.775,1.975));
#4096 = VECTOR('',#4097,1.);
#4097 = DIRECTION('',(0.,1.,0.));
#4098 = PLANE('',#4099);
#4099 = AXIS2_PLACEMENT_3D('',#4100,#4101,#4102);
#4100 = CARTESIAN_POINT('',(-0.1,4.775,1.975));
#4101 = DIRECTION('',(0.,0.,1.));
#4102 = DIRECTION('',(1.,0.,0.));
#4103 = ADVANCED_FACE('',(#4104),#4122,.F.);
#4104 = FACE_BOUND('',#4105,.F.);
#4105 = EDGE_LOOP('',(#4106,#4107,#4108,#4116));
#4106 = ORIENTED_EDGE('',*,*,#899,.T.);
#4107 = ORIENTED_EDGE('',*,*,#4061,.T.);
#4108 = ORIENTED_EDGE('',*,*,#4109,.T.);
#4109 = EDGE_CURVE('',#4062,#4110,#4112,.T.);
#4110 = VERTEX_POINT('',#4111);
#4111 = CARTESIAN_POINT('',(10.1,4.775,5.525));
#4112 = LINE('',#4113,#4114);
#4113 = CARTESIAN_POINT('',(10.1,3.275,5.525));
#4114 = VECTOR('',#4115,1.);
#4115 = DIRECTION('',(0.,1.,0.));
#4116 = ORIENTED_EDGE('',*,*,#4117,.T.);
#4117 = EDGE_CURVE('',#4110,#900,#4118,.T.);
#4118 = LINE('',#4119,#4120);
#4119 = CARTESIAN_POINT('',(-0.1,4.775,5.525));
#4120 = VECTOR('',#4121,1.);
#4121 = DIRECTION('',(-1.,0.,0.));
#4122 = PLANE('',#4123);
#4123 = AXIS2_PLACEMENT_3D('',#4124,#4125,#4126);
#4124 = CARTESIAN_POINT('',(-0.1,3.275,5.525));
#4125 = DIRECTION('',(0.,0.,1.));
#4126 = DIRECTION('',(1.,0.,0.));
#4127 = ADVANCED_FACE('',(#4128),#4146,.F.);
#4128 = FACE_BOUND('',#4129,.F.);
#4129 = EDGE_LOOP('',(#4130,#4138,#4139,#4140));
#4130 = ORIENTED_EDGE('',*,*,#4131,.F.);
#4131 = EDGE_CURVE('',#4084,#4132,#4134,.T.);
#4132 = VERTEX_POINT('',#4133);
#4133 = CARTESIAN_POINT('',(10.1,6.825,3.475));
#4134 = LINE('',#4135,#4136);
#4135 = CARTESIAN_POINT('',(10.1,6.825,1.975));
#4136 = VECTOR('',#4137,1.);
#4137 = DIRECTION('',(0.,0.,1.));
#4138 = ORIENTED_EDGE('',*,*,#4083,.F.);
#4139 = ORIENTED_EDGE('',*,*,#955,.T.);
#4140 = ORIENTED_EDGE('',*,*,#4141,.F.);
#4141 = EDGE_CURVE('',#4132,#948,#4142,.T.);
#4142 = LINE('',#4143,#4144);
#4143 = CARTESIAN_POINT('',(-0.1,6.825,3.475));
#4144 = VECTOR('',#4145,1.);
#4145 = DIRECTION('',(-1.,0.,0.));
#4146 = PLANE('',#4147);
#4147 = AXIS2_PLACEMENT_3D('',#4148,#4149,#4150);
#4148 = CARTESIAN_POINT('',(-0.1,6.825,1.975));
#4149 = DIRECTION('',(0.,1.,0.));
#4150 = DIRECTION('',(1.,0.,0.));
#4151 = ADVANCED_FACE('',(#4152),#4170,.T.);
#4152 = FACE_BOUND('',#4153,.T.);
#4153 = EDGE_LOOP('',(#4154,#4162,#4163,#4164));
#4154 = ORIENTED_EDGE('',*,*,#4155,.F.);
#4155 = EDGE_CURVE('',#4110,#4156,#4158,.T.);
#4156 = VERTEX_POINT('',#4157);
#4157 = CARTESIAN_POINT('',(10.1,4.775,7.025));
#4158 = LINE('',#4159,#4160);
#4159 = CARTESIAN_POINT('',(10.1,4.775,1.975));
#4160 = VECTOR('',#4161,1.);
#4161 = DIRECTION('',(0.,0.,1.));
#4162 = ORIENTED_EDGE('',*,*,#4117,.T.);
#4163 = ORIENTED_EDGE('',*,*,#907,.T.);
#4164 = ORIENTED_EDGE('',*,*,#4165,.T.);
#4165 = EDGE_CURVE('',#908,#4156,#4166,.T.);
#4166 = LINE('',#4167,#4168);
#4167 = CARTESIAN_POINT('',(-0.1,4.775,7.025));
#4168 = VECTOR('',#4169,1.);
#4169 = DIRECTION('',(1.,0.,0.));
#4170 = PLANE('',#4171);
#4171 = AXIS2_PLACEMENT_3D('',#4172,#4173,#4174);
#4172 = CARTESIAN_POINT('',(-0.1,4.775,1.975));
#4173 = DIRECTION('',(0.,1.,0.));
#4174 = DIRECTION('',(1.,0.,0.));
#4175 = ADVANCED_FACE('',(#4176),#4194,.T.);
#4176 = FACE_BOUND('',#4177,.T.);
#4177 = EDGE_LOOP('',(#4178,#4179,#4180,#4188));
#4178 = ORIENTED_EDGE('',*,*,#947,.T.);
#4179 = ORIENTED_EDGE('',*,*,#4141,.F.);
#4180 = ORIENTED_EDGE('',*,*,#4181,.T.);
#4181 = EDGE_CURVE('',#4132,#4182,#4184,.T.);
#4182 = VERTEX_POINT('',#4183);
#4183 = CARTESIAN_POINT('',(10.1,8.325,3.475));
#4184 = LINE('',#4185,#4186);
#4185 = CARTESIAN_POINT('',(10.1,3.275,3.475));
#4186 = VECTOR('',#4187,1.);
#4187 = DIRECTION('',(0.,1.,0.));
#4188 = ORIENTED_EDGE('',*,*,#4189,.F.);
#4189 = EDGE_CURVE('',#940,#4182,#4190,.T.);
#4190 = LINE('',#4191,#4192);
#4191 = CARTESIAN_POINT('',(-0.1,8.325,3.475));
#4192 = VECTOR('',#4193,1.);
#4193 = DIRECTION('',(1.,0.,0.));
#4194 = PLANE('',#4195);
#4195 = AXIS2_PLACEMENT_3D('',#4196,#4197,#4198);
#4196 = CARTESIAN_POINT('',(-0.1,3.275,3.475));
#4197 = DIRECTION('',(0.,0.,1.));
#4198 = DIRECTION('',(1.,0.,0.));
#4199 = ADVANCED_FACE('',(#4200),#4218,.F.);
#4200 = FACE_BOUND('',#4201,.F.);
#4201 = EDGE_LOOP('',(#4202,#4210,#4211,#4212));
#4202 = ORIENTED_EDGE('',*,*,#4203,.F.);
#4203 = EDGE_CURVE('',#916,#4204,#4206,.T.);
#4204 = VERTEX_POINT('',#4205);
#4205 = CARTESIAN_POINT('',(10.1,6.825,7.025));
#4206 = LINE('',#4207,#4208);
#4207 = CARTESIAN_POINT('',(-0.1,6.825,7.025));
#4208 = VECTOR('',#4209,1.);
#4209 = DIRECTION('',(1.,0.,0.));
#4210 = ORIENTED_EDGE('',*,*,#915,.T.);
#4211 = ORIENTED_EDGE('',*,*,#4165,.T.);
#4212 = ORIENTED_EDGE('',*,*,#4213,.T.);
#4213 = EDGE_CURVE('',#4156,#4204,#4214,.T.);
#4214 = LINE('',#4215,#4216);
#4215 = CARTESIAN_POINT('',(10.1,4.775,7.025));
#4216 = VECTOR('',#4217,1.);
#4217 = DIRECTION('',(0.,1.,0.));
#4218 = PLANE('',#4219);
#4219 = AXIS2_PLACEMENT_3D('',#4220,#4221,#4222);
#4220 = CARTESIAN_POINT('',(-0.1,4.775,7.025));
#4221 = DIRECTION('',(0.,0.,1.));
#4222 = DIRECTION('',(1.,0.,0.));
#4223 = ADVANCED_FACE('',(#4224),#4242,.F.);
#4224 = FACE_BOUND('',#4225,.F.);
#4225 = EDGE_LOOP('',(#4226,#4227,#4228,#4236));
#4226 = ORIENTED_EDGE('',*,*,#4189,.F.);
#4227 = ORIENTED_EDGE('',*,*,#939,.T.);
#4228 = ORIENTED_EDGE('',*,*,#4229,.T.);
#4229 = EDGE_CURVE('',#932,#4230,#4232,.T.);
#4230 = VERTEX_POINT('',#4231);
#4231 = CARTESIAN_POINT('',(10.1,8.325,5.525));
#4232 = LINE('',#4233,#4234);
#4233 = CARTESIAN_POINT('',(-0.1,8.325,5.525));
#4234 = VECTOR('',#4235,1.);
#4235 = DIRECTION('',(1.,0.,0.));
#4236 = ORIENTED_EDGE('',*,*,#4237,.F.);
#4237 = EDGE_CURVE('',#4182,#4230,#4238,.T.);
#4238 = LINE('',#4239,#4240);
#4239 = CARTESIAN_POINT('',(10.1,8.325,3.475));
#4240 = VECTOR('',#4241,1.);
#4241 = DIRECTION('',(0.,0.,1.));
#4242 = PLANE('',#4243);
#4243 = AXIS2_PLACEMENT_3D('',#4244,#4245,#4246);
#4244 = CARTESIAN_POINT('',(-0.1,8.325,3.475));
#4245 = DIRECTION('',(0.,1.,0.));
#4246 = DIRECTION('',(1.,0.,0.));
#4247 = ADVANCED_FACE('',(#4248),#4266,.F.);
#4248 = FACE_BOUND('',#4249,.F.);
#4249 = EDGE_LOOP('',(#4250,#4258,#4264,#4265));
#4250 = ORIENTED_EDGE('',*,*,#4251,.F.);
#4251 = EDGE_CURVE('',#4252,#4204,#4254,.T.);
#4252 = VERTEX_POINT('',#4253);
#4253 = CARTESIAN_POINT('',(10.1,6.825,5.525));
#4254 = LINE('',#4255,#4256);
#4255 = CARTESIAN_POINT('',(10.1,6.825,1.975));
#4256 = VECTOR('',#4257,1.);
#4257 = DIRECTION('',(0.,0.,1.));
#4258 = ORIENTED_EDGE('',*,*,#4259,.T.);
#4259 = EDGE_CURVE('',#4252,#924,#4260,.T.);
#4260 = LINE('',#4261,#4262);
#4261 = CARTESIAN_POINT('',(-0.1,6.825,5.525));
#4262 = VECTOR('',#4263,1.);
#4263 = DIRECTION('',(-1.,0.,0.));
#4264 = ORIENTED_EDGE('',*,*,#923,.T.);
#4265 = ORIENTED_EDGE('',*,*,#4203,.T.);
#4266 = PLANE('',#4267);
#4267 = AXIS2_PLACEMENT_3D('',#4268,#4269,#4270);
#4268 = CARTESIAN_POINT('',(-0.1,6.825,1.975));
#4269 = DIRECTION('',(0.,1.,0.));
#4270 = DIRECTION('',(1.,0.,0.));
#4271 = ADVANCED_FACE('',(#4272),#4283,.F.);
#4272 = FACE_BOUND('',#4273,.F.);
#4273 = EDGE_LOOP('',(#4274,#4275,#4276,#4282));
#4274 = ORIENTED_EDGE('',*,*,#931,.T.);
#4275 = ORIENTED_EDGE('',*,*,#4259,.F.);
#4276 = ORIENTED_EDGE('',*,*,#4277,.T.);
#4277 = EDGE_CURVE('',#4252,#4230,#4278,.T.);
#4278 = LINE('',#4279,#4280);
#4279 = CARTESIAN_POINT('',(10.1,3.275,5.525));
#4280 = VECTOR('',#4281,1.);
#4281 = DIRECTION('',(0.,1.,0.));
#4282 = ORIENTED_EDGE('',*,*,#4229,.F.);
#4283 = PLANE('',#4284);
#4284 = AXIS2_PLACEMENT_3D('',#4285,#4286,#4287);
#4285 = CARTESIAN_POINT('',(-0.1,3.275,5.525));
#4286 = DIRECTION('',(0.,0.,1.));
#4287 = DIRECTION('',(1.,0.,0.));
#4288 = ADVANCED_FACE('',(#4289),#4336,.F.);
#4289 = FACE_BOUND('',#4290,.F.);
#4290 = EDGE_LOOP('',(#4291,#4299,#4306,#4307,#4308,#4309,#4310,#4319,
    #4326,#4327,#4334,#4335));
#4291 = ORIENTED_EDGE('',*,*,#4292,.T.);
#4292 = EDGE_CURVE('',#980,#4293,#4295,.T.);
#4293 = VERTEX_POINT('',#4294);
#4294 = CARTESIAN_POINT('',(16.8,-2.725,4.5));
#4295 = LINE('',#4296,#4297);
#4296 = CARTESIAN_POINT('',(-0.1,-2.725,4.5));
#4297 = VECTOR('',#4298,1.);
#4298 = DIRECTION('',(1.,0.,0.));
#4299 = ORIENTED_EDGE('',*,*,#4300,.F.);
#4300 = EDGE_CURVE('',#1282,#4293,#4301,.T.);
#4301 = CIRCLE('',#4302,2.475);
#4302 = AXIS2_PLACEMENT_3D('',#4303,#4304,#4305);
#4303 = CARTESIAN_POINT('',(16.8,-5.2,4.5));
#4304 = DIRECTION('',(1.,0.,0.));
#4305 = DIRECTION('',(0.,1.,0.));
#4306 = ORIENTED_EDGE('',*,*,#1281,.T.);
#4307 = ORIENTED_EDGE('',*,*,#1232,.T.);
#4308 = ORIENTED_EDGE('',*,*,#1183,.T.);
#4309 = ORIENTED_EDGE('',*,*,#1134,.T.);
#4310 = ORIENTED_EDGE('',*,*,#4311,.T.);
#4311 = EDGE_CURVE('',#1127,#4312,#4314,.T.);
#4312 = VERTEX_POINT('',#4313);
#4313 = CARTESIAN_POINT('',(13.453924858032,-6.090463394954,
    6.809263939494));
#4314 = ELLIPSE('',#4315,6.364098476479,2.475);
#4315 = AXIS2_PLACEMENT_3D('',#4316,#4317,#4318);
#4316 = CARTESIAN_POINT('',(15.563375287537,-5.2,4.5));
#4317 = DIRECTION('',(-0.388900330368,0.921279834274,0.));
#4318 = DIRECTION('',(0.921279834274,0.388900330368,0.));
#4319 = ORIENTED_EDGE('',*,*,#4320,.T.);
#4320 = EDGE_CURVE('',#4312,#1299,#4321,.T.);
#4321 = ELLIPSE('',#4322,6.551688659347,2.475);
#4322 = AXIS2_PLACEMENT_3D('',#4323,#4324,#4325);
#4323 = CARTESIAN_POINT('',(15.636448075077,-5.2,4.5));
#4324 = DIRECTION('',(-0.377765203551,0.925901426171,0.));
#4325 = DIRECTION('',(0.925901426171,0.377765203551,0.));
#4326 = ORIENTED_EDGE('',*,*,#1298,.T.);
#4327 = ORIENTED_EDGE('',*,*,#4328,.F.);
#4328 = EDGE_CURVE('',#4293,#1291,#4329,.T.);
#4329 = CIRCLE('',#4330,2.475);
#4330 = AXIS2_PLACEMENT_3D('',#4331,#4332,#4333);
#4331 = CARTESIAN_POINT('',(16.8,-5.2,4.5));
#4332 = DIRECTION('',(1.,0.,0.));
#4333 = DIRECTION('',(0.,1.,0.));
#4334 = ORIENTED_EDGE('',*,*,#4292,.F.);
#4335 = ORIENTED_EDGE('',*,*,#979,.T.);
#4336 = CYLINDRICAL_SURFACE('',#4337,2.475);
#4337 = AXIS2_PLACEMENT_3D('',#4338,#4339,#4340);
#4338 = CARTESIAN_POINT('',(-0.1,-5.2,4.5));
#4339 = DIRECTION('',(1.,0.,0.));
#4340 = DIRECTION('',(0.,1.,0.));
#4341 = ADVANCED_FACE('',(#4342),#4353,.F.);
#4342 = FACE_BOUND('',#4343,.F.);
#4343 = EDGE_LOOP('',(#4344,#4345,#4346,#4347));
#4344 = ORIENTED_EDGE('',*,*,#4311,.F.);
#4345 = ORIENTED_EDGE('',*,*,#1126,.T.);
#4346 = ORIENTED_EDGE('',*,*,#3559,.T.);
#4347 = ORIENTED_EDGE('',*,*,#4348,.T.);
#4348 = EDGE_CURVE('',#3560,#4312,#4349,.T.);
#4349 = LINE('',#4350,#4351);
#4350 = CARTESIAN_POINT('',(13.453924858032,-6.090463394954,0.));
#4351 = VECTOR('',#4352,1.);
#4352 = DIRECTION('',(0.,0.,-1.));
#4353 = PLANE('',#4354);
#4354 = AXIS2_PLACEMENT_3D('',#4355,#4356,#4357);
#4355 = CARTESIAN_POINT('',(10.0312,-7.5353,0.));
#4356 = DIRECTION('',(-0.388900330368,0.921279834274,0.));
#4357 = DIRECTION('',(0.921279834274,0.388900330368,0.));
#4358 = ADVANCED_FACE('',(#4359),#4365,.F.);
#4359 = FACE_BOUND('',#4360,.F.);
#4360 = EDGE_LOOP('',(#4361,#4362,#4363,#4364));
#4361 = ORIENTED_EDGE('',*,*,#4320,.F.);
#4362 = ORIENTED_EDGE('',*,*,#4348,.F.);
#4363 = ORIENTED_EDGE('',*,*,#3567,.T.);
#4364 = ORIENTED_EDGE('',*,*,#1307,.F.);
#4365 = PLANE('',#4366);
#4366 = AXIS2_PLACEMENT_3D('',#4367,#4368,#4369);
#4367 = CARTESIAN_POINT('',(12.0401,-6.6673,0.));
#4368 = DIRECTION('',(-0.377765203551,0.925901426171,0.));
#4369 = DIRECTION('',(0.925901426171,0.377765203551,0.));
#4370 = ADVANCED_FACE('',(#4371),#4376,.F.);
#4371 = FACE_BOUND('',#4372,.F.);
#4372 = EDGE_LOOP('',(#4373,#4374,#4375));
#4373 = ORIENTED_EDGE('',*,*,#4300,.T.);
#4374 = ORIENTED_EDGE('',*,*,#4328,.T.);
#4375 = ORIENTED_EDGE('',*,*,#1290,.T.);
#4376 = PLANE('',#4377);
#4377 = AXIS2_PLACEMENT_3D('',#4378,#4379,#4380);
#4378 = CARTESIAN_POINT('',(16.8,-5.2,4.5));
#4379 = DIRECTION('',(1.,0.,0.));
#4380 = DIRECTION('',(0.,1.,0.));
#4381 = ADVANCED_FACE('',(#4382),#4416,.F.);
#4382 = FACE_BOUND('',#4383,.F.);
#4383 = EDGE_LOOP('',(#4384,#4394,#4402,#4408,#4409,#4410));
#4384 = ORIENTED_EDGE('',*,*,#4385,.F.);
#4385 = EDGE_CURVE('',#4386,#4388,#4390,.T.);
#4386 = VERTEX_POINT('',#4387);
#4387 = CARTESIAN_POINT('',(106.58203692767,45.449254785974,5.525));
#4388 = VERTEX_POINT('',#4389);
#4389 = CARTESIAN_POINT('',(105.72025012479,46.676985825897,5.525));
#4390 = LINE('',#4391,#4392);
#4391 = CARTESIAN_POINT('',(108.6215990278,42.543624658155,5.525));
#4392 = VECTOR('',#4393,1.);
#4393 = DIRECTION('',(-0.57452453525,0.818487359949,0.));
#4394 = ORIENTED_EDGE('',*,*,#4395,.T.);
#4395 = EDGE_CURVE('',#4386,#4396,#4398,.T.);
#4396 = VERTEX_POINT('',#4397);
#4397 = CARTESIAN_POINT('',(114.93060799914,51.309405045522,5.525));
#4398 = LINE('',#4399,#4400);
#4399 = CARTESIAN_POINT('',(114.93060799914,51.309405045522,5.525));
#4400 = VECTOR('',#4401,1.);
#4401 = DIRECTION('',(0.818487359949,0.57452453525,0.));
#4402 = ORIENTED_EDGE('',*,*,#4403,.T.);
#4403 = EDGE_CURVE('',#4396,#2970,#4404,.T.);
#4404 = LINE('',#4405,#4406);
#4405 = CARTESIAN_POINT('',(116.97017009928,48.403774917703,5.525));
#4406 = VECTOR('',#4407,1.);
#4407 = DIRECTION('',(-0.57452453525,0.818487359949,0.));
#4408 = ORIENTED_EDGE('',*,*,#2969,.T.);
#4409 = ORIENTED_EDGE('',*,*,#2898,.T.);
#4410 = ORIENTED_EDGE('',*,*,#4411,.T.);
#4411 = EDGE_CURVE('',#2891,#4388,#4412,.T.);
#4412 = LINE('',#4413,#4414);
#4413 = CARTESIAN_POINT('',(114.06882119627,52.537136085445,5.525));
#4414 = VECTOR('',#4415,1.);
#4415 = DIRECTION('',(-0.818487359949,-0.57452453525,0.));
#4416 = PLANE('',#4417);
#4417 = AXIS2_PLACEMENT_3D('',#4418,#4419,#4420);
#4418 = CARTESIAN_POINT('',(116.97017009928,48.403774917703,5.525));
#4419 = DIRECTION('',(0.,0.,1.));
#4420 = DIRECTION('',(-0.818487359949,-0.57452453525,0.));
#4421 = ADVANCED_FACE('',(#4422),#4440,.F.);
#4422 = FACE_BOUND('',#4423,.F.);
#4423 = EDGE_LOOP('',(#4424,#4425,#4426,#4434));
#4424 = ORIENTED_EDGE('',*,*,#4411,.F.);
#4425 = ORIENTED_EDGE('',*,*,#2890,.T.);
#4426 = ORIENTED_EDGE('',*,*,#4427,.T.);
#4427 = EDGE_CURVE('',#2883,#4428,#4430,.T.);
#4428 = VERTEX_POINT('',#4429);
#4429 = CARTESIAN_POINT('',(105.72025012479,46.676985825897,3.475));
#4430 = LINE('',#4431,#4432);
#4431 = CARTESIAN_POINT('',(114.06882119627,52.537136085445,3.475));
#4432 = VECTOR('',#4433,1.);
#4433 = DIRECTION('',(-0.818487359949,-0.57452453525,0.));
#4434 = ORIENTED_EDGE('',*,*,#4435,.T.);
#4435 = EDGE_CURVE('',#4428,#4388,#4436,.T.);
#4436 = LINE('',#4437,#4438);
#4437 = CARTESIAN_POINT('',(105.72025012479,46.676985825897,3.475));
#4438 = VECTOR('',#4439,1.);
#4439 = DIRECTION('',(0.,0.,1.));
#4440 = PLANE('',#4441);
#4441 = AXIS2_PLACEMENT_3D('',#4442,#4443,#4444);
#4442 = CARTESIAN_POINT('',(114.06882119627,52.537136085445,3.475));
#4443 = DIRECTION('',(-0.57452453525,0.818487359949,0.));
#4444 = DIRECTION('',(-0.818487359949,-0.57452453525,0.));
#4445 = ADVANCED_FACE('',(#4446),#4473,.T.);
#4446 = FACE_BOUND('',#4447,.T.);
#4447 = EDGE_LOOP('',(#4448,#4456,#4464,#4470,#4471,#4472));
#4448 = ORIENTED_EDGE('',*,*,#4449,.F.);
#4449 = EDGE_CURVE('',#4450,#4428,#4452,.T.);
#4450 = VERTEX_POINT('',#4451);
#4451 = CARTESIAN_POINT('',(106.58203692767,45.449254785974,3.475));
#4452 = LINE('',#4453,#4454);
#4453 = CARTESIAN_POINT('',(108.6215990278,42.543624658155,3.475));
#4454 = VECTOR('',#4455,1.);
#4455 = DIRECTION('',(-0.57452453525,0.818487359949,0.));
#4456 = ORIENTED_EDGE('',*,*,#4457,.T.);
#4457 = EDGE_CURVE('',#4450,#4458,#4460,.T.);
#4458 = VERTEX_POINT('',#4459);
#4459 = CARTESIAN_POINT('',(114.93060799914,51.309405045522,3.475));
#4460 = LINE('',#4461,#4462);
#4461 = CARTESIAN_POINT('',(114.93060799914,51.309405045522,3.475));
#4462 = VECTOR('',#4463,1.);
#4463 = DIRECTION('',(0.818487359949,0.57452453525,0.));
#4464 = ORIENTED_EDGE('',*,*,#4465,.T.);
#4465 = EDGE_CURVE('',#4458,#2978,#4466,.T.);
#4466 = LINE('',#4467,#4468);
#4467 = CARTESIAN_POINT('',(116.97017009928,48.403774917703,3.475));
#4468 = VECTOR('',#4469,1.);
#4469 = DIRECTION('',(-0.57452453525,0.818487359949,0.));
#4470 = ORIENTED_EDGE('',*,*,#2985,.T.);
#4471 = ORIENTED_EDGE('',*,*,#2882,.T.);
#4472 = ORIENTED_EDGE('',*,*,#4427,.T.);
#4473 = PLANE('',#4474);
#4474 = AXIS2_PLACEMENT_3D('',#4475,#4476,#4477);
#4475 = CARTESIAN_POINT('',(116.97017009928,48.403774917703,3.475));
#4476 = DIRECTION('',(0.,0.,1.));
#4477 = DIRECTION('',(-0.818487359949,-0.57452453525,0.));
#4478 = ADVANCED_FACE('',(#4479),#4545,.F.);
#4479 = FACE_BOUND('',#4480,.F.);
#4480 = EDGE_LOOP('',(#4481,#4491,#4497,#4498,#4499,#4500,#4508,#4516,
    #4524,#4530,#4531,#4539));
#4481 = ORIENTED_EDGE('',*,*,#4482,.T.);
#4482 = EDGE_CURVE('',#4483,#4485,#4487,.T.);
#4483 = VERTEX_POINT('',#4484);
#4484 = CARTESIAN_POINT('',(116.10838329641,49.631505957627,1.975));
#4485 = VERTEX_POINT('',#4486);
#4486 = CARTESIAN_POINT('',(114.93060799914,51.309405045522,1.975));
#4487 = LINE('',#4488,#4489);
#4488 = CARTESIAN_POINT('',(116.10838329641,49.631505957627,1.975));
#4489 = VECTOR('',#4490,1.);
#4490 = DIRECTION('',(-0.57452453525,0.818487359949,0.));
#4491 = ORIENTED_EDGE('',*,*,#4492,.T.);
#4492 = EDGE_CURVE('',#4485,#4458,#4493,.T.);
#4493 = LINE('',#4494,#4495);
#4494 = CARTESIAN_POINT('',(114.93060799914,51.309405045522,1.975));
#4495 = VECTOR('',#4496,1.);
#4496 = DIRECTION('',(0.,0.,1.));
#4497 = ORIENTED_EDGE('',*,*,#4465,.T.);
#4498 = ORIENTED_EDGE('',*,*,#2977,.T.);
#4499 = ORIENTED_EDGE('',*,*,#4403,.F.);
#4500 = ORIENTED_EDGE('',*,*,#4501,.T.);
#4501 = EDGE_CURVE('',#4396,#4502,#4504,.T.);
#4502 = VERTEX_POINT('',#4503);
#4503 = CARTESIAN_POINT('',(114.93060799914,51.309405045522,7.025));
#4504 = LINE('',#4505,#4506);
#4505 = CARTESIAN_POINT('',(114.93060799914,51.309405045522,1.975));
#4506 = VECTOR('',#4507,1.);
#4507 = DIRECTION('',(0.,0.,1.));
#4508 = ORIENTED_EDGE('',*,*,#4509,.F.);
#4509 = EDGE_CURVE('',#4510,#4502,#4512,.T.);
#4510 = VERTEX_POINT('',#4511);
#4511 = CARTESIAN_POINT('',(116.10838329641,49.631505957627,7.025));
#4512 = LINE('',#4513,#4514);
#4513 = CARTESIAN_POINT('',(116.10838329641,49.631505957627,7.025));
#4514 = VECTOR('',#4515,1.);
#4515 = DIRECTION('',(-0.57452453525,0.818487359949,0.));
#4516 = ORIENTED_EDGE('',*,*,#4517,.F.);
#4517 = EDGE_CURVE('',#4518,#4510,#4520,.T.);
#4518 = VERTEX_POINT('',#4519);
#4519 = CARTESIAN_POINT('',(116.10838329641,49.631505957627,5.525));
#4520 = LINE('',#4521,#4522);
#4521 = CARTESIAN_POINT('',(116.10838329641,49.631505957627,1.975));
#4522 = VECTOR('',#4523,1.);
#4523 = DIRECTION('',(0.,0.,1.));
#4524 = ORIENTED_EDGE('',*,*,#4525,.F.);
#4525 = EDGE_CURVE('',#3090,#4518,#4526,.T.);
#4526 = LINE('',#4527,#4528);
#4527 = CARTESIAN_POINT('',(116.97017009928,48.403774917703,5.525));
#4528 = VECTOR('',#4529,1.);
#4529 = DIRECTION('',(-0.57452453525,0.818487359949,0.));
#4530 = ORIENTED_EDGE('',*,*,#3089,.T.);
#4531 = ORIENTED_EDGE('',*,*,#4532,.T.);
#4532 = EDGE_CURVE('',#3082,#4533,#4535,.T.);
#4533 = VERTEX_POINT('',#4534);
#4534 = CARTESIAN_POINT('',(116.10838329641,49.631505957627,3.475));
#4535 = LINE('',#4536,#4537);
#4536 = CARTESIAN_POINT('',(116.97017009928,48.403774917703,3.475));
#4537 = VECTOR('',#4538,1.);
#4538 = DIRECTION('',(-0.57452453525,0.818487359949,0.));
#4539 = ORIENTED_EDGE('',*,*,#4540,.F.);
#4540 = EDGE_CURVE('',#4483,#4533,#4541,.T.);
#4541 = LINE('',#4542,#4543);
#4542 = CARTESIAN_POINT('',(116.10838329641,49.631505957627,1.975));
#4543 = VECTOR('',#4544,1.);
#4544 = DIRECTION('',(0.,0.,1.));
#4545 = PLANE('',#4546);
#4546 = AXIS2_PLACEMENT_3D('',#4547,#4548,#4549);
#4547 = CARTESIAN_POINT('',(115.51949564778,50.470455501574,4.5));
#4548 = DIRECTION('',(0.818487359949,0.57452453525,-0.));
#4549 = DIRECTION('',(-0.,0.,-1.));
#4550 = ADVANCED_FACE('',(#4551),#4578,.F.);
#4551 = FACE_BOUND('',#4552,.F.);
#4552 = EDGE_LOOP('',(#4553,#4563,#4569,#4570,#4571,#4572));
#4553 = ORIENTED_EDGE('',*,*,#4554,.F.);
#4554 = EDGE_CURVE('',#4555,#4557,#4559,.T.);
#4555 = VERTEX_POINT('',#4556);
#4556 = CARTESIAN_POINT('',(108.6215990278,42.543624658155,5.525));
#4557 = VERTEX_POINT('',#4558);
#4558 = CARTESIAN_POINT('',(107.75981222493,43.771355698079,5.525));
#4559 = LINE('',#4560,#4561);
#4560 = CARTESIAN_POINT('',(108.6215990278,42.543624658155,5.525));
#4561 = VECTOR('',#4562,1.);
#4562 = DIRECTION('',(-0.57452453525,0.818487359949,0.));
#4563 = ORIENTED_EDGE('',*,*,#4564,.F.);
#4564 = EDGE_CURVE('',#3169,#4555,#4565,.T.);
#4565 = LINE('',#4566,#4567);
#4566 = CARTESIAN_POINT('',(116.97017009928,48.403774917703,5.525));
#4567 = VECTOR('',#4568,1.);
#4568 = DIRECTION('',(-0.818487359949,-0.57452453525,0.));
#4569 = ORIENTED_EDGE('',*,*,#3168,.T.);
#4570 = ORIENTED_EDGE('',*,*,#3097,.T.);
#4571 = ORIENTED_EDGE('',*,*,#4525,.T.);
#4572 = ORIENTED_EDGE('',*,*,#4573,.F.);
#4573 = EDGE_CURVE('',#4557,#4518,#4574,.T.);
#4574 = LINE('',#4575,#4576);
#4575 = CARTESIAN_POINT('',(116.10838329641,49.631505957627,5.525));
#4576 = VECTOR('',#4577,1.);
#4577 = DIRECTION('',(0.818487359949,0.57452453525,0.));
#4578 = PLANE('',#4579);
#4579 = AXIS2_PLACEMENT_3D('',#4580,#4581,#4582);
#4580 = CARTESIAN_POINT('',(116.97017009928,48.403774917703,5.525));
#4581 = DIRECTION('',(0.,0.,1.));
#4582 = DIRECTION('',(-0.818487359949,-0.57452453525,0.));
#4583 = ADVANCED_FACE('',(#4584),#4611,.T.);
#4584 = FACE_BOUND('',#4585,.T.);
#4585 = EDGE_LOOP('',(#4586,#4596,#4602,#4603,#4604,#4605));
#4586 = ORIENTED_EDGE('',*,*,#4587,.F.);
#4587 = EDGE_CURVE('',#4588,#4590,#4592,.T.);
#4588 = VERTEX_POINT('',#4589);
#4589 = CARTESIAN_POINT('',(108.6215990278,42.543624658155,3.475));
#4590 = VERTEX_POINT('',#4591);
#4591 = CARTESIAN_POINT('',(107.75981222493,43.771355698079,3.475));
#4592 = LINE('',#4593,#4594);
#4593 = CARTESIAN_POINT('',(108.6215990278,42.543624658155,3.475));
#4594 = VECTOR('',#4595,1.);
#4595 = DIRECTION('',(-0.57452453525,0.818487359949,0.));
#4596 = ORIENTED_EDGE('',*,*,#4597,.F.);
#4597 = EDGE_CURVE('',#3177,#4588,#4598,.T.);
#4598 = LINE('',#4599,#4600);
#4599 = CARTESIAN_POINT('',(116.97017009928,48.403774917703,3.475));
#4600 = VECTOR('',#4601,1.);
#4601 = DIRECTION('',(-0.818487359949,-0.57452453525,0.));
#4602 = ORIENTED_EDGE('',*,*,#3184,.T.);
#4603 = ORIENTED_EDGE('',*,*,#3081,.T.);
#4604 = ORIENTED_EDGE('',*,*,#4532,.T.);
#4605 = ORIENTED_EDGE('',*,*,#4606,.F.);
#4606 = EDGE_CURVE('',#4590,#4533,#4607,.T.);
#4607 = LINE('',#4608,#4609);
#4608 = CARTESIAN_POINT('',(116.10838329641,49.631505957627,3.475));
#4609 = VECTOR('',#4610,1.);
#4610 = DIRECTION('',(0.818487359949,0.57452453525,0.));
#4611 = PLANE('',#4612);
#4612 = AXIS2_PLACEMENT_3D('',#4613,#4614,#4615);
#4613 = CARTESIAN_POINT('',(116.97017009928,48.403774917703,3.475));
#4614 = DIRECTION('',(0.,0.,1.));
#4615 = DIRECTION('',(-0.818487359949,-0.57452453525,0.));
#4616 = ADVANCED_FACE('',(#4617),#4628,.T.);
#4617 = FACE_BOUND('',#4618,.T.);
#4618 = EDGE_LOOP('',(#4619,#4620,#4621,#4622));
#4619 = ORIENTED_EDGE('',*,*,#4564,.F.);
#4620 = ORIENTED_EDGE('',*,*,#3176,.T.);
#4621 = ORIENTED_EDGE('',*,*,#4597,.T.);
#4622 = ORIENTED_EDGE('',*,*,#4623,.T.);
#4623 = EDGE_CURVE('',#4588,#4555,#4624,.T.);
#4624 = LINE('',#4625,#4626);
#4625 = CARTESIAN_POINT('',(108.6215990278,42.543624658155,3.475));
#4626 = VECTOR('',#4627,1.);
#4627 = DIRECTION('',(0.,0.,1.));
#4628 = PLANE('',#4629);
#4629 = AXIS2_PLACEMENT_3D('',#4630,#4631,#4632);
#4630 = CARTESIAN_POINT('',(116.97017009928,48.403774917703,3.475));
#4631 = DIRECTION('',(-0.57452453525,0.818487359949,0.));
#4632 = DIRECTION('',(-0.818487359949,-0.57452453525,0.));
#4633 = ADVANCED_FACE('',(#4634),#4659,.F.);
#4634 = FACE_BOUND('',#4635,.F.);
#4635 = EDGE_LOOP('',(#4636,#4646,#4652,#4653));
#4636 = ORIENTED_EDGE('',*,*,#4637,.F.);
#4637 = EDGE_CURVE('',#4638,#4640,#4642,.T.);
#4638 = VERTEX_POINT('',#4639);
#4639 = CARTESIAN_POINT('',(21.862831424963,11.188021926389,8.4));
#4640 = VERTEX_POINT('',#4641);
#4641 = CARTESIAN_POINT('',(25.874794423753,12.480370846977,8.4));
#4642 = LINE('',#4643,#4644);
#4643 = CARTESIAN_POINT('',(21.862831424963,11.188021926389,8.4));
#4644 = VECTOR('',#4645,1.);
#4645 = DIRECTION('',(0.951835576366,0.306608929361,0.));
#4646 = ORIENTED_EDGE('',*,*,#4647,.T.);
#4647 = EDGE_CURVE('',#4638,#3658,#4648,.T.);
#4648 = LINE('',#4649,#4650);
#4649 = CARTESIAN_POINT('',(21.862831424963,11.188021926389,8.4));
#4650 = VECTOR('',#4651,1.);
#4651 = DIRECTION('',(0.,0.,1.));
#4652 = ORIENTED_EDGE('',*,*,#3655,.F.);
#4653 = ORIENTED_EDGE('',*,*,#4654,.F.);
#4654 = EDGE_CURVE('',#4640,#3656,#4655,.T.);
#4655 = LINE('',#4656,#4657);
#4656 = CARTESIAN_POINT('',(25.874794423753,12.480370846977,8.4));
#4657 = VECTOR('',#4658,1.);
#4658 = DIRECTION('',(0.,0.,1.));
#4659 = PLANE('',#4660);
#4660 = AXIS2_PLACEMENT_3D('',#4661,#4662,#4663);
#4661 = CARTESIAN_POINT('',(21.862831424963,11.188021926389,8.4));
#4662 = DIRECTION('',(-0.306608929361,0.951835576366,0.));
#4663 = DIRECTION('',(0.951835576366,0.306608929361,0.));
#4664 = ADVANCED_FACE('',(#4665),#4683,.F.);
#4665 = FACE_BOUND('',#4666,.F.);
#4666 = EDGE_LOOP('',(#4667,#4675,#4676,#4677));
#4667 = ORIENTED_EDGE('',*,*,#4668,.F.);
#4668 = EDGE_CURVE('',#4640,#4669,#4671,.T.);
#4669 = VERTEX_POINT('',#4670);
#4670 = CARTESIAN_POINT('',(26.255071807282,11.299839205953,8.4));
#4671 = LINE('',#4672,#4673);
#4672 = CARTESIAN_POINT('',(25.874794423753,12.480370846977,8.4));
#4673 = VECTOR('',#4674,1.);
#4674 = DIRECTION('',(0.306608929361,-0.951835576366,-0.));
#4675 = ORIENTED_EDGE('',*,*,#4654,.T.);
#4676 = ORIENTED_EDGE('',*,*,#3665,.F.);
#4677 = ORIENTED_EDGE('',*,*,#4678,.F.);
#4678 = EDGE_CURVE('',#4669,#3666,#4679,.T.);
#4679 = LINE('',#4680,#4681);
#4680 = CARTESIAN_POINT('',(26.255071807282,11.299839205953,8.4));
#4681 = VECTOR('',#4682,1.);
#4682 = DIRECTION('',(0.,0.,1.));
#4683 = PLANE('',#4684);
#4684 = AXIS2_PLACEMENT_3D('',#4685,#4686,#4687);
#4685 = CARTESIAN_POINT('',(25.874794423753,12.480370846977,8.4));
#4686 = DIRECTION('',(0.951835576366,0.306608929361,0.));
#4687 = DIRECTION('',(0.306608929361,-0.951835576366,0.));
#4688 = ADVANCED_FACE('',(#4689),#4707,.F.);
#4689 = FACE_BOUND('',#4690,.F.);
#4690 = EDGE_LOOP('',(#4691,#4699,#4705,#4706));
#4691 = ORIENTED_EDGE('',*,*,#4692,.F.);
#4692 = EDGE_CURVE('',#4693,#4638,#4695,.T.);
#4693 = VERTEX_POINT('',#4694);
#4694 = CARTESIAN_POINT('',(23.00366357555,7.64642700332,8.4));
#4695 = LINE('',#4696,#4697);
#4696 = CARTESIAN_POINT('',(23.00366357555,7.64642700332,8.4));
#4697 = VECTOR('',#4698,1.);
#4698 = DIRECTION('',(-0.306608929361,0.951835576366,0.));
#4699 = ORIENTED_EDGE('',*,*,#4700,.T.);
#4700 = EDGE_CURVE('',#4693,#3935,#4701,.T.);
#4701 = LINE('',#4702,#4703);
#4702 = CARTESIAN_POINT('',(23.00366357555,7.64642700332,8.4));
#4703 = VECTOR('',#4704,1.);
#4704 = DIRECTION('',(0.,0.,1.));
#4705 = ORIENTED_EDGE('',*,*,#3945,.F.);
#4706 = ORIENTED_EDGE('',*,*,#4647,.F.);
#4707 = PLANE('',#4708);
#4708 = AXIS2_PLACEMENT_3D('',#4709,#4710,#4711);
#4709 = CARTESIAN_POINT('',(23.00366357555,7.64642700332,8.4));
#4710 = DIRECTION('',(-0.951835576366,-0.306608929361,0.));
#4711 = DIRECTION('',(-0.306608929361,0.951835576366,0.));
#4712 = ADVANCED_FACE('',(#4713),#4731,.F.);
#4713 = FACE_BOUND('',#4714,.F.);
#4714 = EDGE_LOOP('',(#4715,#4723,#4724,#4725));
#4715 = ORIENTED_EDGE('',*,*,#4716,.F.);
#4716 = EDGE_CURVE('',#4669,#4717,#4719,.T.);
#4717 = VERTEX_POINT('',#4718);
#4718 = CARTESIAN_POINT('',(23.530123062022,10.422068256756,8.4));
#4719 = LINE('',#4720,#4721);
#4720 = CARTESIAN_POINT('',(26.255071807282,11.299839205953,8.4));
#4721 = VECTOR('',#4722,1.);
#4722 = DIRECTION('',(-0.951835576366,-0.306608929361,0.));
#4723 = ORIENTED_EDGE('',*,*,#4678,.T.);
#4724 = ORIENTED_EDGE('',*,*,#3673,.F.);
#4725 = ORIENTED_EDGE('',*,*,#4726,.F.);
#4726 = EDGE_CURVE('',#4717,#3674,#4727,.T.);
#4727 = LINE('',#4728,#4729);
#4728 = CARTESIAN_POINT('',(23.530123062022,10.422068256756,8.4));
#4729 = VECTOR('',#4730,1.);
#4730 = DIRECTION('',(0.,0.,1.));
#4731 = PLANE('',#4732);
#4732 = AXIS2_PLACEMENT_3D('',#4733,#4734,#4735);
#4733 = CARTESIAN_POINT('',(26.255071807282,11.299839205953,8.4));
#4734 = DIRECTION('',(0.306608929361,-0.951835576366,0.));
#4735 = DIRECTION('',(-0.951835576366,-0.306608929361,0.));
#4736 = ADVANCED_FACE('',(#4737),#4755,.F.);
#4737 = FACE_BOUND('',#4738,.F.);
#4738 = EDGE_LOOP('',(#4739,#4747,#4753,#4754));
#4739 = ORIENTED_EDGE('',*,*,#4740,.F.);
#4740 = EDGE_CURVE('',#4741,#4693,#4743,.T.);
#4741 = VERTEX_POINT('',#4742);
#4742 = CARTESIAN_POINT('',(23.759115594494,8.202885357423,8.4));
#4743 = B_SPLINE_CURVE_WITH_KNOTS('',2,(#4744,#4745,#4746),
  .UNSPECIFIED.,.F.,.F.,(3,3),(0.,1.),.PIECEWISE_BEZIER_KNOTS.);
#4744 = CARTESIAN_POINT('',(23.759115594494,8.202885357423,8.4));
#4745 = CARTESIAN_POINT('',(23.39457519865,7.984276103391,8.4));
#4746 = CARTESIAN_POINT('',(23.00366357555,7.64642700332,8.4));
#4747 = ORIENTED_EDGE('',*,*,#4748,.T.);
#4748 = EDGE_CURVE('',#4741,#3924,#4749,.T.);
#4749 = LINE('',#4750,#4751);
#4750 = CARTESIAN_POINT('',(23.759115594494,8.202885357423,8.4));
#4751 = VECTOR('',#4752,1.);
#4752 = DIRECTION('',(0.,0.,1.));
#4753 = ORIENTED_EDGE('',*,*,#3934,.F.);
#4754 = ORIENTED_EDGE('',*,*,#4700,.F.);
#4755 = SURFACE_OF_LINEAR_EXTRUSION('',#4756,#4760);
#4756 = B_SPLINE_CURVE_WITH_KNOTS('',2,(#4757,#4758,#4759),
  .UNSPECIFIED.,.F.,.F.,(3,3),(0.,1.),.PIECEWISE_BEZIER_KNOTS.);
#4757 = CARTESIAN_POINT('',(23.759115594494,8.202885357423,8.4));
#4758 = CARTESIAN_POINT('',(23.39457519865,7.984276103391,8.4));
#4759 = CARTESIAN_POINT('',(23.00366357555,7.64642700332,8.4));
#4760 = VECTOR('',#4761,1.);
#4761 = DIRECTION('',(0.,-0.,-1.));
#4762 = ADVANCED_FACE('',(#4763),#4781,.F.);
#4763 = FACE_BOUND('',#4764,.F.);
#4764 = EDGE_LOOP('',(#4765,#4773,#4774,#4775));
#4765 = ORIENTED_EDGE('',*,*,#4766,.F.);
#4766 = EDGE_CURVE('',#4717,#4767,#4769,.T.);
#4767 = VERTEX_POINT('',#4768);
#4768 = CARTESIAN_POINT('',(23.846390687102,9.440248262695,8.4));
#4769 = LINE('',#4770,#4771);
#4770 = CARTESIAN_POINT('',(23.530123062022,10.422068256756,8.4));
#4771 = VECTOR('',#4772,1.);
#4772 = DIRECTION('',(0.306608929361,-0.951835576366,-0.));
#4773 = ORIENTED_EDGE('',*,*,#4726,.T.);
#4774 = ORIENTED_EDGE('',*,*,#3681,.F.);
#4775 = ORIENTED_EDGE('',*,*,#4776,.F.);
#4776 = EDGE_CURVE('',#4767,#3682,#4777,.T.);
#4777 = LINE('',#4778,#4779);
#4778 = CARTESIAN_POINT('',(23.846390687102,9.440248262695,8.4));
#4779 = VECTOR('',#4780,1.);
#4780 = DIRECTION('',(0.,0.,1.));
#4781 = PLANE('',#4782);
#4782 = AXIS2_PLACEMENT_3D('',#4783,#4784,#4785);
#4783 = CARTESIAN_POINT('',(23.530123062022,10.422068256756,8.4));
#4784 = DIRECTION('',(0.951835576366,0.306608929361,0.));
#4785 = DIRECTION('',(0.306608929361,-0.951835576366,0.));
#4786 = ADVANCED_FACE('',(#4787),#4805,.F.);
#4787 = FACE_BOUND('',#4788,.F.);
#4788 = EDGE_LOOP('',(#4789,#4797,#4803,#4804));
#4789 = ORIENTED_EDGE('',*,*,#4790,.F.);
#4790 = EDGE_CURVE('',#4791,#4741,#4793,.T.);
#4791 = VERTEX_POINT('',#4792);
#4792 = CARTESIAN_POINT('',(24.471520956174,8.533858691506,8.4));
#4793 = B_SPLINE_CURVE_WITH_KNOTS('',2,(#4794,#4795,#4796),
  .UNSPECIFIED.,.F.,.F.,(3,3),(0.,1.),.PIECEWISE_BEZIER_KNOTS.);
#4794 = CARTESIAN_POINT('',(24.471520956174,8.533858691506,8.4));
#4795 = CARTESIAN_POINT('',(24.123565962548,8.421774093378,8.4));
#4796 = CARTESIAN_POINT('',(23.759115594494,8.202885357423,8.4));
#4797 = ORIENTED_EDGE('',*,*,#4798,.T.);
#4798 = EDGE_CURVE('',#4791,#3907,#4799,.T.);
#4799 = LINE('',#4800,#4801);
#4800 = CARTESIAN_POINT('',(24.471520956174,8.533858691506,8.4));
#4801 = VECTOR('',#4802,1.);
#4802 = DIRECTION('',(0.,0.,1.));
#4803 = ORIENTED_EDGE('',*,*,#3923,.F.);
#4804 = ORIENTED_EDGE('',*,*,#4748,.F.);
#4805 = SURFACE_OF_LINEAR_EXTRUSION('',#4806,#4810);
#4806 = B_SPLINE_CURVE_WITH_KNOTS('',2,(#4807,#4808,#4809),
  .UNSPECIFIED.,.F.,.F.,(3,3),(0.,1.),.PIECEWISE_BEZIER_KNOTS.);
#4807 = CARTESIAN_POINT('',(24.471520956174,8.533858691506,8.4));
#4808 = CARTESIAN_POINT('',(24.123565962548,8.421774093378,8.4));
#4809 = CARTESIAN_POINT('',(23.759115594494,8.202885357423,8.4));
#4810 = VECTOR('',#4811,1.);
#4811 = DIRECTION('',(0.,-0.,-1.));
#4812 = ADVANCED_FACE('',(#4813),#4831,.F.);
#4813 = FACE_BOUND('',#4814,.F.);
#4814 = EDGE_LOOP('',(#4815,#4823,#4824,#4825));
#4815 = ORIENTED_EDGE('',*,*,#4816,.F.);
#4816 = EDGE_CURVE('',#4767,#4817,#4819,.T.);
#4817 = VERTEX_POINT('',#4818);
#4818 = CARTESIAN_POINT('',(24.192145445065,9.637690595978,8.4));
#4819 = B_SPLINE_CURVE_WITH_KNOTS('',2,(#4820,#4821,#4822),
  .UNSPECIFIED.,.F.,.F.,(3,3),(0.,1.),.PIECEWISE_BEZIER_KNOTS.);
#4820 = CARTESIAN_POINT('',(23.846390687102,9.440248262695,8.4));
#4821 = CARTESIAN_POINT('',(24.014553726083,9.55025283186,8.4));
#4822 = CARTESIAN_POINT('',(24.192145445065,9.637690595978,8.4));
#4823 = ORIENTED_EDGE('',*,*,#4776,.T.);
#4824 = ORIENTED_EDGE('',*,*,#3689,.F.);
#4825 = ORIENTED_EDGE('',*,*,#4826,.F.);
#4826 = EDGE_CURVE('',#4817,#3690,#4827,.T.);
#4827 = LINE('',#4828,#4829);
#4828 = CARTESIAN_POINT('',(24.192145445065,9.637690595978,8.4));
#4829 = VECTOR('',#4830,1.);
#4830 = DIRECTION('',(0.,0.,1.));
#4831 = SURFACE_OF_LINEAR_EXTRUSION('',#4832,#4836);
#4832 = B_SPLINE_CURVE_WITH_KNOTS('',2,(#4833,#4834,#4835),
  .UNSPECIFIED.,.F.,.F.,(3,3),(0.,1.),.PIECEWISE_BEZIER_KNOTS.);
#4833 = CARTESIAN_POINT('',(23.846390687102,9.440248262695,8.4));
#4834 = CARTESIAN_POINT('',(24.014553726083,9.55025283186,8.4));
#4835 = CARTESIAN_POINT('',(24.192145445065,9.637690595978,8.4));
#4836 = VECTOR('',#4837,1.);
#4837 = DIRECTION('',(0.,-0.,-1.));
#4838 = ADVANCED_FACE('',(#4839),#4857,.F.);
#4839 = FACE_BOUND('',#4840,.F.);
#4840 = EDGE_LOOP('',(#4841,#4849,#4855,#4856));
#4841 = ORIENTED_EDGE('',*,*,#4842,.F.);
#4842 = EDGE_CURVE('',#4843,#4791,#4845,.T.);
#4843 = VERTEX_POINT('',#4844);
#4844 = CARTESIAN_POINT('',(25.487596019636,8.546509030873,8.4));
#4845 = B_SPLINE_CURVE_WITH_KNOTS('',2,(#4846,#4847,#4848),
  .UNSPECIFIED.,.F.,.F.,(3,3),(0.,1.),.PIECEWISE_BEZIER_KNOTS.);
#4846 = CARTESIAN_POINT('',(25.487596019636,8.546509030873,8.4));
#4847 = CARTESIAN_POINT('',(25.058432993614,8.722917049794,8.4));
#4848 = CARTESIAN_POINT('',(24.471520956174,8.533858691506,8.4));
#4849 = ORIENTED_EDGE('',*,*,#4850,.T.);
#4850 = EDGE_CURVE('',#4843,#3890,#4851,.T.);
#4851 = LINE('',#4852,#4853);
#4852 = CARTESIAN_POINT('',(25.487596019636,8.546509030873,8.4));
#4853 = VECTOR('',#4854,1.);
#4854 = DIRECTION('',(0.,0.,1.));
#4855 = ORIENTED_EDGE('',*,*,#3906,.F.);
#4856 = ORIENTED_EDGE('',*,*,#4798,.F.);
#4857 = SURFACE_OF_LINEAR_EXTRUSION('',#4858,#4862);
#4858 = B_SPLINE_CURVE_WITH_KNOTS('',2,(#4859,#4860,#4861),
  .UNSPECIFIED.,.F.,.F.,(3,3),(0.,1.),.PIECEWISE_BEZIER_KNOTS.);
#4859 = CARTESIAN_POINT('',(25.487596019636,8.546509030873,8.4));
#4860 = CARTESIAN_POINT('',(25.058432993614,8.722917049794,8.4));
#4861 = CARTESIAN_POINT('',(24.471520956174,8.533858691506,8.4));
#4862 = VECTOR('',#4863,1.);
#4863 = DIRECTION('',(0.,-0.,-1.));
#4864 = ADVANCED_FACE('',(#4865),#4883,.F.);
#4865 = FACE_BOUND('',#4866,.F.);
#4866 = EDGE_LOOP('',(#4867,#4875,#4876,#4877));
#4867 = ORIENTED_EDGE('',*,*,#4868,.F.);
#4868 = EDGE_CURVE('',#4817,#4869,#4871,.T.);
#4869 = VERTEX_POINT('',#4870);
#4870 = CARTESIAN_POINT('',(24.571243630234,9.790038396442,8.4));
#4871 = B_SPLINE_CURVE_WITH_KNOTS('',2,(#4872,#4873,#4874),
  .UNSPECIFIED.,.F.,.F.,(3,3),(0.,1.),.PIECEWISE_BEZIER_KNOTS.);
#4872 = CARTESIAN_POINT('',(24.192145445065,9.637690595978,8.4));
#4873 = CARTESIAN_POINT('',(24.370016645968,9.725218387886,8.4));
#4874 = CARTESIAN_POINT('',(24.571243630234,9.790038396442,8.4));
#4875 = ORIENTED_EDGE('',*,*,#4826,.T.);
#4876 = ORIENTED_EDGE('',*,*,#3699,.F.);
#4877 = ORIENTED_EDGE('',*,*,#4878,.F.);
#4878 = EDGE_CURVE('',#4869,#3700,#4879,.T.);
#4879 = LINE('',#4880,#4881);
#4880 = CARTESIAN_POINT('',(24.571243630234,9.790038396442,8.4));
#4881 = VECTOR('',#4882,1.);
#4882 = DIRECTION('',(0.,0.,1.));
#4883 = SURFACE_OF_LINEAR_EXTRUSION('',#4884,#4888);
#4884 = B_SPLINE_CURVE_WITH_KNOTS('',2,(#4885,#4886,#4887),
  .UNSPECIFIED.,.F.,.F.,(3,3),(0.,1.),.PIECEWISE_BEZIER_KNOTS.);
#4885 = CARTESIAN_POINT('',(24.192145445065,9.637690595978,8.4));
#4886 = CARTESIAN_POINT('',(24.370016645968,9.725218387886,8.4));
#4887 = CARTESIAN_POINT('',(24.571243630234,9.790038396442,8.4));
#4888 = VECTOR('',#4889,1.);
#4889 = DIRECTION('',(0.,-0.,-1.));
#4890 = ADVANCED_FACE('',(#4891),#4909,.F.);
#4891 = FACE_BOUND('',#4892,.F.);
#4892 = EDGE_LOOP('',(#4893,#4901,#4907,#4908));
#4893 = ORIENTED_EDGE('',*,*,#4894,.F.);
#4894 = EDGE_CURVE('',#4895,#4843,#4897,.T.);
#4895 = VERTEX_POINT('',#4896);
#4896 = CARTESIAN_POINT('',(26.076207659701,7.876067000601,8.4));
#4897 = B_SPLINE_CURVE_WITH_KNOTS('',2,(#4898,#4899,#4900),
  .UNSPECIFIED.,.F.,.F.,(3,3),(0.,1.),.PIECEWISE_BEZIER_KNOTS.);
#4898 = CARTESIAN_POINT('',(26.076207659701,7.876067000601,8.4));
#4899 = CARTESIAN_POINT('',(25.91694849979,8.370470521664,8.4));
#4900 = CARTESIAN_POINT('',(25.487596019636,8.546509030873,8.4));
#4901 = ORIENTED_EDGE('',*,*,#4902,.T.);
#4902 = EDGE_CURVE('',#4895,#3873,#4903,.T.);
#4903 = LINE('',#4904,#4905);
#4904 = CARTESIAN_POINT('',(26.076207659701,7.876067000601,8.4));
#4905 = VECTOR('',#4906,1.);
#4906 = DIRECTION('',(0.,0.,1.));
#4907 = ORIENTED_EDGE('',*,*,#3889,.F.);
#4908 = ORIENTED_EDGE('',*,*,#4850,.F.);
#4909 = SURFACE_OF_LINEAR_EXTRUSION('',#4910,#4914);
#4910 = B_SPLINE_CURVE_WITH_KNOTS('',2,(#4911,#4912,#4913),
  .UNSPECIFIED.,.F.,.F.,(3,3),(0.,1.),.PIECEWISE_BEZIER_KNOTS.);
#4911 = CARTESIAN_POINT('',(26.076207659701,7.876067000601,8.4));
#4912 = CARTESIAN_POINT('',(25.91694849979,8.370470521664,8.4));
#4913 = CARTESIAN_POINT('',(25.487596019636,8.546509030873,8.4));
#4914 = VECTOR('',#4915,1.);
#4915 = DIRECTION('',(0.,-0.,-1.));
#4916 = ADVANCED_FACE('',(#4917),#4935,.F.);
#4917 = FACE_BOUND('',#4918,.F.);
#4918 = EDGE_LOOP('',(#4919,#4927,#4928,#4929));
#4919 = ORIENTED_EDGE('',*,*,#4920,.F.);
#4920 = EDGE_CURVE('',#4869,#4921,#4923,.T.);
#4921 = VERTEX_POINT('',#4922);
#4922 = CARTESIAN_POINT('',(26.537227772186,9.791866059989,8.4));
#4923 = B_SPLINE_CURVE_WITH_KNOTS('',2,(#4924,#4925,#4926),
  .UNSPECIFIED.,.F.,.F.,(3,3),(0.,1.),.PIECEWISE_BEZIER_KNOTS.);
#4924 = CARTESIAN_POINT('',(24.571243630234,9.790038396442,8.4));
#4925 = CARTESIAN_POINT('',(25.715722103243,10.158702195105,8.4));
#4926 = CARTESIAN_POINT('',(26.537227772186,9.791866059989,8.4));
#4927 = ORIENTED_EDGE('',*,*,#4878,.T.);
#4928 = ORIENTED_EDGE('',*,*,#3709,.F.);
#4929 = ORIENTED_EDGE('',*,*,#4930,.F.);
#4930 = EDGE_CURVE('',#4921,#3710,#4931,.T.);
#4931 = LINE('',#4932,#4933);
#4932 = CARTESIAN_POINT('',(26.537227772186,9.791866059989,8.4));
#4933 = VECTOR('',#4934,1.);
#4934 = DIRECTION('',(0.,0.,1.));
#4935 = SURFACE_OF_LINEAR_EXTRUSION('',#4936,#4940);
#4936 = B_SPLINE_CURVE_WITH_KNOTS('',2,(#4937,#4938,#4939),
  .UNSPECIFIED.,.F.,.F.,(3,3),(0.,1.),.PIECEWISE_BEZIER_KNOTS.);
#4937 = CARTESIAN_POINT('',(24.571243630234,9.790038396442,8.4));
#4938 = CARTESIAN_POINT('',(25.715722103243,10.158702195105,8.4));
#4939 = CARTESIAN_POINT('',(26.537227772186,9.791866059989,8.4));
#4940 = VECTOR('',#4941,1.);
#4941 = DIRECTION('',(0.,-0.,-1.));
#4942 = ADVANCED_FACE('',(#4943),#4961,.F.);
#4943 = FACE_BOUND('',#4944,.F.);
#4944 = EDGE_LOOP('',(#4945,#4953,#4959,#4960));
#4945 = ORIENTED_EDGE('',*,*,#4946,.F.);
#4946 = EDGE_CURVE('',#4947,#4895,#4949,.T.);
#4947 = VERTEX_POINT('',#4948);
#4948 = CARTESIAN_POINT('',(25.988960780259,6.990074203965,8.4));
#4949 = B_SPLINE_CURVE_WITH_KNOTS('',2,(#4950,#4951,#4952),
  .UNSPECIFIED.,.F.,.F.,(3,3),(0.,1.),.PIECEWISE_BEZIER_KNOTS.);
#4950 = CARTESIAN_POINT('',(25.988960780259,6.990074203965,8.4));
#4951 = CARTESIAN_POINT('',(26.234116402767,7.385855708377,8.4));
#4952 = CARTESIAN_POINT('',(26.076207659701,7.876067000601,8.4));
#4953 = ORIENTED_EDGE('',*,*,#4954,.T.);
#4954 = EDGE_CURVE('',#4947,#3856,#4955,.T.);
#4955 = LINE('',#4956,#4957);
#4956 = CARTESIAN_POINT('',(25.988960780259,6.990074203965,8.4));
#4957 = VECTOR('',#4958,1.);
#4958 = DIRECTION('',(0.,0.,1.));
#4959 = ORIENTED_EDGE('',*,*,#3872,.F.);
#4960 = ORIENTED_EDGE('',*,*,#4902,.F.);
#4961 = SURFACE_OF_LINEAR_EXTRUSION('',#4962,#4966);
#4962 = B_SPLINE_CURVE_WITH_KNOTS('',2,(#4963,#4964,#4965),
  .UNSPECIFIED.,.F.,.F.,(3,3),(0.,1.),.PIECEWISE_BEZIER_KNOTS.);
#4963 = CARTESIAN_POINT('',(25.988960780259,6.990074203965,8.4));
#4964 = CARTESIAN_POINT('',(26.234116402767,7.385855708377,8.4));
#4965 = CARTESIAN_POINT('',(26.076207659701,7.876067000601,8.4));
#4966 = VECTOR('',#4967,1.);
#4967 = DIRECTION('',(0.,-0.,-1.));
#4968 = ADVANCED_FACE('',(#4969),#4987,.F.);
#4969 = FACE_BOUND('',#4970,.F.);
#4970 = EDGE_LOOP('',(#4971,#4979,#4980,#4981));
#4971 = ORIENTED_EDGE('',*,*,#4972,.F.);
#4972 = EDGE_CURVE('',#4921,#4973,#4975,.T.);
#4973 = VERTEX_POINT('',#4974);
#4974 = CARTESIAN_POINT('',(27.687965067921,8.402964533959,8.4));
#4975 = B_SPLINE_CURVE_WITH_KNOTS('',2,(#4976,#4977,#4978),
  .UNSPECIFIED.,.F.,.F.,(3,3),(0.,1.),.PIECEWISE_BEZIER_KNOTS.);
#4976 = CARTESIAN_POINT('',(26.537227772186,9.791866059989,8.4));
#4977 = CARTESIAN_POINT('',(27.35864341334,9.425309406796,8.4));
#4978 = CARTESIAN_POINT('',(27.687965067921,8.402964533959,8.4));
#4979 = ORIENTED_EDGE('',*,*,#4930,.T.);
#4980 = ORIENTED_EDGE('',*,*,#3731,.F.);
#4981 = ORIENTED_EDGE('',*,*,#4982,.F.);
#4982 = EDGE_CURVE('',#4973,#3732,#4983,.T.);
#4983 = LINE('',#4984,#4985);
#4984 = CARTESIAN_POINT('',(27.687965067921,8.402964533959,8.4));
#4985 = VECTOR('',#4986,1.);
#4986 = DIRECTION('',(0.,0.,1.));
#4987 = SURFACE_OF_LINEAR_EXTRUSION('',#4988,#4992);
#4988 = B_SPLINE_CURVE_WITH_KNOTS('',2,(#4989,#4990,#4991),
  .UNSPECIFIED.,.F.,.F.,(3,3),(0.,1.),.PIECEWISE_BEZIER_KNOTS.);
#4989 = CARTESIAN_POINT('',(26.537227772186,9.791866059989,8.4));
#4990 = CARTESIAN_POINT('',(27.35864341334,9.425309406796,8.4));
#4991 = CARTESIAN_POINT('',(27.687965067921,8.402964533959,8.4));
#4992 = VECTOR('',#4993,1.);
#4993 = DIRECTION('',(0.,-0.,-1.));
#4994 = ADVANCED_FACE('',(#4995),#5013,.F.);
#4995 = FACE_BOUND('',#4996,.F.);
#4996 = EDGE_LOOP('',(#4997,#5005,#5011,#5012));
#4997 = ORIENTED_EDGE('',*,*,#4998,.F.);
#4998 = EDGE_CURVE('',#4999,#4947,#5001,.T.);
#4999 = VERTEX_POINT('',#5000);
#5000 = CARTESIAN_POINT('',(25.157172602234,6.405324369055,8.4));
#5001 = B_SPLINE_CURVE_WITH_KNOTS('',2,(#5002,#5003,#5004),
  .UNSPECIFIED.,.F.,.F.,(3,3),(0.,1.),.PIECEWISE_BEZIER_KNOTS.);
#5002 = CARTESIAN_POINT('',(25.157172602234,6.405324369055,8.4));
#5003 = CARTESIAN_POINT('',(25.744084639674,6.594382727343,8.4));
#5004 = CARTESIAN_POINT('',(25.988960780259,6.990074203965,8.4));
#5005 = ORIENTED_EDGE('',*,*,#5006,.T.);
#5006 = EDGE_CURVE('',#4999,#3844,#5007,.T.);
#5007 = LINE('',#5008,#5009);
#5008 = CARTESIAN_POINT('',(25.157172602234,6.405324369055,8.4));
#5009 = VECTOR('',#5010,1.);
#5010 = DIRECTION('',(0.,0.,1.));
#5011 = ORIENTED_EDGE('',*,*,#3855,.F.);
#5012 = ORIENTED_EDGE('',*,*,#4954,.F.);
#5013 = SURFACE_OF_LINEAR_EXTRUSION('',#5014,#5018);
#5014 = B_SPLINE_CURVE_WITH_KNOTS('',2,(#5015,#5016,#5017),
  .UNSPECIFIED.,.F.,.F.,(3,3),(0.,1.),.PIECEWISE_BEZIER_KNOTS.);
#5015 = CARTESIAN_POINT('',(25.157172602234,6.405324369055,8.4));
#5016 = CARTESIAN_POINT('',(25.744084639674,6.594382727343,8.4));
#5017 = CARTESIAN_POINT('',(25.988960780259,6.990074203965,8.4));
#5018 = VECTOR('',#5019,1.);
#5019 = DIRECTION('',(0.,-0.,-1.));
#5020 = ADVANCED_FACE('',(#5021),#5039,.F.);
#5021 = FACE_BOUND('',#5022,.F.);
#5022 = EDGE_LOOP('',(#5023,#5031,#5032,#5033));
#5023 = ORIENTED_EDGE('',*,*,#5024,.F.);
#5024 = EDGE_CURVE('',#4973,#5025,#5027,.T.);
#5025 = VERTEX_POINT('',#5026);
#5026 = CARTESIAN_POINT('',(27.505639382773,6.591129766147,8.4));
#5027 = B_SPLINE_CURVE_WITH_KNOTS('',2,(#5028,#5029,#5030),
  .UNSPECIFIED.,.F.,.F.,(3,3),(0.,1.),.PIECEWISE_BEZIER_KNOTS.);
#5028 = CARTESIAN_POINT('',(27.687965067921,8.402964533959,8.4));
#5029 = CARTESIAN_POINT('',(28.014675916602,7.388724636877,8.4));
#5030 = CARTESIAN_POINT('',(27.505639382773,6.591129766147,8.4));
#5031 = ORIENTED_EDGE('',*,*,#4982,.T.);
#5032 = ORIENTED_EDGE('',*,*,#3754,.F.);
#5033 = ORIENTED_EDGE('',*,*,#5034,.F.);
#5034 = EDGE_CURVE('',#5025,#3755,#5035,.T.);
#5035 = LINE('',#5036,#5037);
#5036 = CARTESIAN_POINT('',(27.505639382773,6.591129766147,8.4));
#5037 = VECTOR('',#5038,1.);
#5038 = DIRECTION('',(0.,0.,1.));
#5039 = SURFACE_OF_LINEAR_EXTRUSION('',#5040,#5044);
#5040 = B_SPLINE_CURVE_WITH_KNOTS('',2,(#5041,#5042,#5043),
  .UNSPECIFIED.,.F.,.F.,(3,3),(0.,1.),.PIECEWISE_BEZIER_KNOTS.);
#5041 = CARTESIAN_POINT('',(27.687965067921,8.402964533959,8.4));
#5042 = CARTESIAN_POINT('',(28.014675916602,7.388724636877,8.4));
#5043 = CARTESIAN_POINT('',(27.505639382773,6.591129766147,8.4));
#5044 = VECTOR('',#5045,1.);
#5045 = DIRECTION('',(0.,-0.,-1.));
#5046 = ADVANCED_FACE('',(#5047),#5065,.F.);
#5047 = FACE_BOUND('',#5048,.F.);
#5048 = EDGE_LOOP('',(#5049,#5057,#5063,#5064));
#5049 = ORIENTED_EDGE('',*,*,#5050,.F.);
#5050 = EDGE_CURVE('',#5051,#4999,#5053,.T.);
#5051 = VERTEX_POINT('',#5052);
#5052 = CARTESIAN_POINT('',(24.243802933107,6.273984731812,8.4));
#5053 = B_SPLINE_CURVE_WITH_KNOTS('',2,(#5054,#5055,#5056),
  .UNSPECIFIED.,.F.,.F.,(3,3),(0.,1.),.PIECEWISE_BEZIER_KNOTS.);
#5054 = CARTESIAN_POINT('',(24.243802933107,6.273984731812,8.4));
#5055 = CARTESIAN_POINT('',(24.750526404864,6.274333935098,8.4));
#5056 = CARTESIAN_POINT('',(25.157172602234,6.405324369055,8.4));
#5057 = ORIENTED_EDGE('',*,*,#5058,.T.);
#5058 = EDGE_CURVE('',#5051,#3832,#5059,.T.);
#5059 = LINE('',#5060,#5061);
#5060 = CARTESIAN_POINT('',(24.243802933107,6.273984731812,8.4));
#5061 = VECTOR('',#5062,1.);
#5062 = DIRECTION('',(0.,0.,1.));
#5063 = ORIENTED_EDGE('',*,*,#3843,.F.);
#5064 = ORIENTED_EDGE('',*,*,#5006,.F.);
#5065 = SURFACE_OF_LINEAR_EXTRUSION('',#5066,#5070);
#5066 = B_SPLINE_CURVE_WITH_KNOTS('',2,(#5067,#5068,#5069),
  .UNSPECIFIED.,.F.,.F.,(3,3),(0.,1.),.PIECEWISE_BEZIER_KNOTS.);
#5067 = CARTESIAN_POINT('',(24.243802933107,6.273984731812,8.4));
#5068 = CARTESIAN_POINT('',(24.750526404864,6.274333935098,8.4));
#5069 = CARTESIAN_POINT('',(25.157172602234,6.405324369055,8.4));
#5070 = VECTOR('',#5071,1.);
#5071 = DIRECTION('',(0.,-0.,-1.));
#5072 = ADVANCED_FACE('',(#5073),#5091,.F.);
#5073 = FACE_BOUND('',#5074,.F.);
#5074 = EDGE_LOOP('',(#5075,#5083,#5084,#5085));
#5075 = ORIENTED_EDGE('',*,*,#5076,.F.);
#5076 = EDGE_CURVE('',#5025,#5077,#5079,.T.);
#5077 = VERTEX_POINT('',#5078);
#5078 = CARTESIAN_POINT('',(25.764367052242,5.3966023708,8.4));
#5079 = B_SPLINE_CURVE_WITH_KNOTS('',2,(#5080,#5081,#5082),
  .UNSPECIFIED.,.F.,.F.,(3,3),(0.,1.),.PIECEWISE_BEZIER_KNOTS.);
#5080 = CARTESIAN_POINT('',(27.505639382773,6.591129766147,8.4));
#5081 = CARTESIAN_POINT('',(26.996882330867,5.793624923207,8.4));
#5082 = CARTESIAN_POINT('',(25.764367052242,5.3966023708,8.4));
#5083 = ORIENTED_EDGE('',*,*,#5034,.T.);
#5084 = ORIENTED_EDGE('',*,*,#3777,.F.);
#5085 = ORIENTED_EDGE('',*,*,#5086,.F.);
#5086 = EDGE_CURVE('',#5077,#3778,#5087,.T.);
#5087 = LINE('',#5088,#5089);
#5088 = CARTESIAN_POINT('',(25.764367052242,5.3966023708,8.4));
#5089 = VECTOR('',#5090,1.);
#5090 = DIRECTION('',(0.,0.,1.));
#5091 = SURFACE_OF_LINEAR_EXTRUSION('',#5092,#5096);
#5092 = B_SPLINE_CURVE_WITH_KNOTS('',2,(#5093,#5094,#5095),
  .UNSPECIFIED.,.F.,.F.,(3,3),(0.,1.),.PIECEWISE_BEZIER_KNOTS.);
#5093 = CARTESIAN_POINT('',(27.505639382773,6.591129766147,8.4));
#5094 = CARTESIAN_POINT('',(26.996882330867,5.793624923207,8.4));
#5095 = CARTESIAN_POINT('',(25.764367052242,5.3966023708,8.4));
#5096 = VECTOR('',#5097,1.);
#5097 = DIRECTION('',(0.,-0.,-1.));
#5098 = ADVANCED_FACE('',(#5099),#5117,.F.);
#5099 = FACE_BOUND('',#5100,.F.);
#5100 = EDGE_LOOP('',(#5101,#5109,#5115,#5116));
#5101 = ORIENTED_EDGE('',*,*,#5102,.F.);
#5102 = EDGE_CURVE('',#5103,#5051,#5105,.T.);
#5103 = VERTEX_POINT('',#5104);
#5104 = CARTESIAN_POINT('',(23.130837679048,6.404107611492,8.4));
#5105 = B_SPLINE_CURVE_WITH_KNOTS('',2,(#5106,#5107,#5108),
  .UNSPECIFIED.,.F.,.F.,(3,3),(0.,1.),.PIECEWISE_BEZIER_KNOTS.);
#5106 = CARTESIAN_POINT('',(23.130837679048,6.404107611492,8.4));
#5107 = CARTESIAN_POINT('',(23.737358943271,6.273725556316,8.4));
#5108 = CARTESIAN_POINT('',(24.243802933107,6.273984731812,8.4));
#5109 = ORIENTED_EDGE('',*,*,#5110,.T.);
#5110 = EDGE_CURVE('',#5103,#3824,#5111,.T.);
#5111 = LINE('',#5112,#5113);
#5112 = CARTESIAN_POINT('',(23.130837679048,6.404107611492,8.4));
#5113 = VECTOR('',#5114,1.);
#5114 = DIRECTION('',(0.,0.,1.));
#5115 = ORIENTED_EDGE('',*,*,#3831,.F.);
#5116 = ORIENTED_EDGE('',*,*,#5058,.F.);
#5117 = SURFACE_OF_LINEAR_EXTRUSION('',#5118,#5122);
#5118 = B_SPLINE_CURVE_WITH_KNOTS('',2,(#5119,#5120,#5121),
  .UNSPECIFIED.,.F.,.F.,(3,3),(0.,1.),.PIECEWISE_BEZIER_KNOTS.);
#5119 = CARTESIAN_POINT('',(23.130837679048,6.404107611492,8.4));
#5120 = CARTESIAN_POINT('',(23.737358943271,6.273725556316,8.4));
#5121 = CARTESIAN_POINT('',(24.243802933107,6.273984731812,8.4));
#5122 = VECTOR('',#5123,1.);
#5123 = DIRECTION('',(0.,-0.,-1.));
#5124 = ADVANCED_FACE('',(#5125),#5143,.F.);
#5125 = FACE_BOUND('',#5126,.F.);
#5126 = EDGE_LOOP('',(#5127,#5135,#5136,#5137));
#5127 = ORIENTED_EDGE('',*,*,#5128,.F.);
#5128 = EDGE_CURVE('',#5077,#5129,#5131,.T.);
#5129 = VERTEX_POINT('',#5130);
#5130 = CARTESIAN_POINT('',(24.677021615081,5.158938422154,8.4));
#5131 = B_SPLINE_CURVE_WITH_KNOTS('',2,(#5132,#5133,#5134),
  .UNSPECIFIED.,.F.,.F.,(3,3),(0.,1.),.PIECEWISE_BEZIER_KNOTS.);
#5132 = CARTESIAN_POINT('',(25.764367052242,5.3966023708,8.4));
#5133 = CARTESIAN_POINT('',(25.231953989707,5.225099431496,8.4));
#5134 = CARTESIAN_POINT('',(24.677021615081,5.158938422154,8.4));
#5135 = ORIENTED_EDGE('',*,*,#5086,.T.);
#5136 = ORIENTED_EDGE('',*,*,#3799,.F.);
#5137 = ORIENTED_EDGE('',*,*,#5138,.F.);
#5138 = EDGE_CURVE('',#5129,#3800,#5139,.T.);
#5139 = LINE('',#5140,#5141);
#5140 = CARTESIAN_POINT('',(24.677021615081,5.158938422154,8.4));
#5141 = VECTOR('',#5142,1.);
#5142 = DIRECTION('',(0.,0.,1.));
#5143 = SURFACE_OF_LINEAR_EXTRUSION('',#5144,#5148);
#5144 = B_SPLINE_CURVE_WITH_KNOTS('',2,(#5145,#5146,#5147),
  .UNSPECIFIED.,.F.,.F.,(3,3),(0.,1.),.PIECEWISE_BEZIER_KNOTS.);
#5145 = CARTESIAN_POINT('',(25.764367052242,5.3966023708,8.4));
#5146 = CARTESIAN_POINT('',(25.231953989707,5.225099431496,8.4));
#5147 = CARTESIAN_POINT('',(24.677021615081,5.158938422154,8.4));
#5148 = VECTOR('',#5149,1.);
#5149 = DIRECTION('',(0.,-0.,-1.));
#5150 = ADVANCED_FACE('',(#5151),#5169,.F.);
#5151 = FACE_BOUND('',#5152,.F.);
#5152 = EDGE_LOOP('',(#5153,#5161,#5167,#5168));
#5153 = ORIENTED_EDGE('',*,*,#5154,.F.);
#5154 = EDGE_CURVE('',#5155,#5103,#5157,.T.);
#5155 = VERTEX_POINT('',#5156);
#5156 = CARTESIAN_POINT('',(23.539923955269,5.13414175524,8.4));
#5157 = LINE('',#5158,#5159);
#5158 = CARTESIAN_POINT('',(23.539923955269,5.13414175524,8.4));
#5159 = VECTOR('',#5160,1.);
#5160 = DIRECTION('',(-0.306608929361,0.951835576366,0.));
#5161 = ORIENTED_EDGE('',*,*,#5162,.T.);
#5162 = EDGE_CURVE('',#5155,#3813,#5163,.T.);
#5163 = LINE('',#5164,#5165);
#5164 = CARTESIAN_POINT('',(23.539923955269,5.13414175524,8.4));
#5165 = VECTOR('',#5166,1.);
#5166 = DIRECTION('',(0.,0.,1.));
#5167 = ORIENTED_EDGE('',*,*,#3823,.F.);
#5168 = ORIENTED_EDGE('',*,*,#5110,.F.);
#5169 = PLANE('',#5170);
#5170 = AXIS2_PLACEMENT_3D('',#5171,#5172,#5173);
#5171 = CARTESIAN_POINT('',(23.539923955269,5.13414175524,8.4));
#5172 = DIRECTION('',(-0.951835576366,-0.306608929361,0.));
#5173 = DIRECTION('',(-0.306608929361,0.951835576366,0.));
#5174 = ADVANCED_FACE('',(#5175),#5186,.F.);
#5175 = FACE_BOUND('',#5176,.F.);
#5176 = EDGE_LOOP('',(#5177,#5183,#5184,#5185));
#5177 = ORIENTED_EDGE('',*,*,#5178,.F.);
#5178 = EDGE_CURVE('',#5129,#5155,#5179,.T.);
#5179 = B_SPLINE_CURVE_WITH_KNOTS('',2,(#5180,#5181,#5182),
  .UNSPECIFIED.,.F.,.F.,(3,3),(0.,1.),.PIECEWISE_BEZIER_KNOTS.);
#5180 = CARTESIAN_POINT('',(24.677021615081,5.158938422154,8.4));
#5181 = CARTESIAN_POINT('',(24.122458750167,5.09258795868,8.4));
#5182 = CARTESIAN_POINT('',(23.539923955269,5.13414175524,8.4));
#5183 = ORIENTED_EDGE('',*,*,#5138,.T.);
#5184 = ORIENTED_EDGE('',*,*,#3812,.F.);
#5185 = ORIENTED_EDGE('',*,*,#5162,.F.);
#5186 = SURFACE_OF_LINEAR_EXTRUSION('',#5187,#5191);
#5187 = B_SPLINE_CURVE_WITH_KNOTS('',2,(#5188,#5189,#5190),
  .UNSPECIFIED.,.F.,.F.,(3,3),(0.,1.),.PIECEWISE_BEZIER_KNOTS.);
#5188 = CARTESIAN_POINT('',(24.677021615081,5.158938422154,8.4));
#5189 = CARTESIAN_POINT('',(24.122458750167,5.09258795868,8.4));
#5190 = CARTESIAN_POINT('',(23.539923955269,5.13414175524,8.4));
#5191 = VECTOR('',#5192,1.);
#5192 = DIRECTION('',(0.,-0.,-1.));
#5193 = ADVANCED_FACE('',(#5194),#5197,.F.);
#5194 = FACE_BOUND('',#5195,.F.);
#5195 = EDGE_LOOP('',(#5196));
#5196 = ORIENTED_EDGE('',*,*,#3987,.T.);
#5197 = PLANE('',#5198);
#5198 = AXIS2_PLACEMENT_3D('',#5199,#5200,#5201);
#5199 = CARTESIAN_POINT('',(2.,1.45,2.1));
#5200 = DIRECTION('',(1.,0.,0.));
#5201 = DIRECTION('',(0.,1.,0.));
#5202 = ADVANCED_FACE('',(#5203),#5217,.F.);
#5203 = FACE_BOUND('',#5204,.F.);
#5204 = EDGE_LOOP('',(#5205,#5206,#5207,#5208,#5209,#5210,#5211,#5212,
    #5213,#5214,#5215,#5216));
#5205 = ORIENTED_EDGE('',*,*,#4109,.F.);
#5206 = ORIENTED_EDGE('',*,*,#4069,.F.);
#5207 = ORIENTED_EDGE('',*,*,#4013,.T.);
#5208 = ORIENTED_EDGE('',*,*,#4035,.F.);
#5209 = ORIENTED_EDGE('',*,*,#4093,.T.);
#5210 = ORIENTED_EDGE('',*,*,#4131,.T.);
#5211 = ORIENTED_EDGE('',*,*,#4181,.T.);
#5212 = ORIENTED_EDGE('',*,*,#4237,.T.);
#5213 = ORIENTED_EDGE('',*,*,#4277,.F.);
#5214 = ORIENTED_EDGE('',*,*,#4251,.T.);
#5215 = ORIENTED_EDGE('',*,*,#4213,.F.);
#5216 = ORIENTED_EDGE('',*,*,#4155,.F.);
#5217 = PLANE('',#5218);
#5218 = AXIS2_PLACEMENT_3D('',#5219,#5220,#5221);
#5219 = CARTESIAN_POINT('',(10.1,5.8,4.5));
#5220 = DIRECTION('',(1.,0.,0.));
#5221 = DIRECTION('',(0.,1.,0.));
#5222 = ADVANCED_FACE('',(#5223),#5275,.F.);
#5223 = FACE_BOUND('',#5224,.F.);
#5224 = EDGE_LOOP('',(#5225,#5233,#5241,#5247,#5248,#5249,#5250,#5258,
    #5266,#5272,#5273,#5274));
#5225 = ORIENTED_EDGE('',*,*,#5226,.F.);
#5226 = EDGE_CURVE('',#5227,#4450,#5229,.T.);
#5227 = VERTEX_POINT('',#5228);
#5228 = CARTESIAN_POINT('',(106.58203692767,45.449254785974,1.975));
#5229 = LINE('',#5230,#5231);
#5230 = CARTESIAN_POINT('',(106.58203692767,45.449254785974,1.975));
#5231 = VECTOR('',#5232,1.);
#5232 = DIRECTION('',(0.,0.,1.));
#5233 = ORIENTED_EDGE('',*,*,#5234,.F.);
#5234 = EDGE_CURVE('',#5235,#5227,#5237,.T.);
#5235 = VERTEX_POINT('',#5236);
#5236 = CARTESIAN_POINT('',(107.75981222493,43.771355698079,1.975));
#5237 = LINE('',#5238,#5239);
#5238 = CARTESIAN_POINT('',(107.75981222493,43.771355698079,1.975));
#5239 = VECTOR('',#5240,1.);
#5240 = DIRECTION('',(-0.57452453525,0.818487359949,0.));
#5241 = ORIENTED_EDGE('',*,*,#5242,.T.);
#5242 = EDGE_CURVE('',#5235,#4590,#5243,.T.);
#5243 = LINE('',#5244,#5245);
#5244 = CARTESIAN_POINT('',(107.75981222493,43.771355698079,1.975));
#5245 = VECTOR('',#5246,1.);
#5246 = DIRECTION('',(0.,0.,1.));
#5247 = ORIENTED_EDGE('',*,*,#4587,.F.);
#5248 = ORIENTED_EDGE('',*,*,#4623,.T.);
#5249 = ORIENTED_EDGE('',*,*,#4554,.T.);
#5250 = ORIENTED_EDGE('',*,*,#5251,.T.);
#5251 = EDGE_CURVE('',#4557,#5252,#5254,.T.);
#5252 = VERTEX_POINT('',#5253);
#5253 = CARTESIAN_POINT('',(107.75981222493,43.771355698079,7.025));
#5254 = LINE('',#5255,#5256);
#5255 = CARTESIAN_POINT('',(107.75981222493,43.771355698079,1.975));
#5256 = VECTOR('',#5257,1.);
#5257 = DIRECTION('',(0.,0.,1.));
#5258 = ORIENTED_EDGE('',*,*,#5259,.T.);
#5259 = EDGE_CURVE('',#5252,#5260,#5262,.T.);
#5260 = VERTEX_POINT('',#5261);
#5261 = CARTESIAN_POINT('',(106.58203692767,45.449254785974,7.025));
#5262 = LINE('',#5263,#5264);
#5263 = CARTESIAN_POINT('',(107.75981222493,43.771355698079,7.025));
#5264 = VECTOR('',#5265,1.);
#5265 = DIRECTION('',(-0.57452453525,0.818487359949,0.));
#5266 = ORIENTED_EDGE('',*,*,#5267,.F.);
#5267 = EDGE_CURVE('',#4386,#5260,#5268,.T.);
#5268 = LINE('',#5269,#5270);
#5269 = CARTESIAN_POINT('',(106.58203692767,45.449254785974,1.975));
#5270 = VECTOR('',#5271,1.);
#5271 = DIRECTION('',(0.,0.,1.));
#5272 = ORIENTED_EDGE('',*,*,#4385,.T.);
#5273 = ORIENTED_EDGE('',*,*,#4435,.F.);
#5274 = ORIENTED_EDGE('',*,*,#4449,.F.);
#5275 = PLANE('',#5276);
#5276 = AXIS2_PLACEMENT_3D('',#5277,#5278,#5279);
#5277 = CARTESIAN_POINT('',(107.1709245763,44.610305242026,4.5));
#5278 = DIRECTION('',(-0.818487359949,-0.57452453525,0.));
#5279 = DIRECTION('',(0.,0.,1.));
#5280 = ADVANCED_FACE('',(#5281),#5292,.F.);
#5281 = FACE_BOUND('',#5282,.F.);
#5282 = EDGE_LOOP('',(#5283,#5284,#5285,#5286));
#5283 = ORIENTED_EDGE('',*,*,#4501,.F.);
#5284 = ORIENTED_EDGE('',*,*,#4395,.F.);
#5285 = ORIENTED_EDGE('',*,*,#5267,.T.);
#5286 = ORIENTED_EDGE('',*,*,#5287,.F.);
#5287 = EDGE_CURVE('',#4502,#5260,#5288,.T.);
#5288 = LINE('',#5289,#5290);
#5289 = CARTESIAN_POINT('',(114.93060799914,51.309405045522,7.025));
#5290 = VECTOR('',#5291,1.);
#5291 = DIRECTION('',(-0.818487359949,-0.57452453525,0.));
#5292 = PLANE('',#5293);
#5293 = AXIS2_PLACEMENT_3D('',#5294,#5295,#5296);
#5294 = CARTESIAN_POINT('',(114.93060799914,51.309405045522,1.975));
#5295 = DIRECTION('',(-0.57452453525,0.818487359949,0.));
#5296 = DIRECTION('',(-0.818487359949,-0.57452453525,0.));
#5297 = ADVANCED_FACE('',(#5298),#5309,.F.);
#5298 = FACE_BOUND('',#5299,.F.);
#5299 = EDGE_LOOP('',(#5300,#5301,#5307,#5308));
#5300 = ORIENTED_EDGE('',*,*,#4492,.F.);
#5301 = ORIENTED_EDGE('',*,*,#5302,.T.);
#5302 = EDGE_CURVE('',#4485,#5227,#5303,.T.);
#5303 = LINE('',#5304,#5305);
#5304 = CARTESIAN_POINT('',(114.93060799914,51.309405045522,1.975));
#5305 = VECTOR('',#5306,1.);
#5306 = DIRECTION('',(-0.818487359949,-0.57452453525,0.));
#5307 = ORIENTED_EDGE('',*,*,#5226,.T.);
#5308 = ORIENTED_EDGE('',*,*,#4457,.T.);
#5309 = PLANE('',#5310);
#5310 = AXIS2_PLACEMENT_3D('',#5311,#5312,#5313);
#5311 = CARTESIAN_POINT('',(114.93060799914,51.309405045522,1.975));
#5312 = DIRECTION('',(-0.57452453525,0.818487359949,0.));
#5313 = DIRECTION('',(-0.818487359949,-0.57452453525,0.));
#5314 = ADVANCED_FACE('',(#5315),#5326,.T.);
#5315 = FACE_BOUND('',#5316,.T.);
#5316 = EDGE_LOOP('',(#5317,#5323,#5324,#5325));
#5317 = ORIENTED_EDGE('',*,*,#5318,.F.);
#5318 = EDGE_CURVE('',#4483,#5235,#5319,.T.);
#5319 = LINE('',#5320,#5321);
#5320 = CARTESIAN_POINT('',(116.10838329641,49.631505957627,1.975));
#5321 = VECTOR('',#5322,1.);
#5322 = DIRECTION('',(-0.818487359949,-0.57452453525,0.));
#5323 = ORIENTED_EDGE('',*,*,#4482,.T.);
#5324 = ORIENTED_EDGE('',*,*,#5302,.T.);
#5325 = ORIENTED_EDGE('',*,*,#5234,.F.);
#5326 = PLANE('',#5327);
#5327 = AXIS2_PLACEMENT_3D('',#5328,#5329,#5330);
#5328 = CARTESIAN_POINT('',(116.10838329641,49.631505957627,1.975));
#5329 = DIRECTION('',(0.,0.,1.));
#5330 = DIRECTION('',(-0.818487359949,-0.57452453525,0.));
#5331 = ADVANCED_FACE('',(#5332),#5338,.T.);
#5332 = FACE_BOUND('',#5333,.T.);
#5333 = EDGE_LOOP('',(#5334,#5335,#5336,#5337));
#5334 = ORIENTED_EDGE('',*,*,#4540,.F.);
#5335 = ORIENTED_EDGE('',*,*,#5318,.T.);
#5336 = ORIENTED_EDGE('',*,*,#5242,.T.);
#5337 = ORIENTED_EDGE('',*,*,#4606,.T.);
#5338 = PLANE('',#5339);
#5339 = AXIS2_PLACEMENT_3D('',#5340,#5341,#5342);
#5340 = CARTESIAN_POINT('',(116.10838329641,49.631505957627,1.975));
#5341 = DIRECTION('',(-0.57452453525,0.818487359949,0.));
#5342 = DIRECTION('',(-0.818487359949,-0.57452453525,0.));
#5343 = ADVANCED_FACE('',(#5344),#5355,.T.);
#5344 = FACE_BOUND('',#5345,.T.);
#5345 = EDGE_LOOP('',(#5346,#5347,#5348,#5349));
#5346 = ORIENTED_EDGE('',*,*,#4517,.F.);
#5347 = ORIENTED_EDGE('',*,*,#4573,.F.);
#5348 = ORIENTED_EDGE('',*,*,#5251,.T.);
#5349 = ORIENTED_EDGE('',*,*,#5350,.F.);
#5350 = EDGE_CURVE('',#4510,#5252,#5351,.T.);
#5351 = LINE('',#5352,#5353);
#5352 = CARTESIAN_POINT('',(116.10838329641,49.631505957627,7.025));
#5353 = VECTOR('',#5354,1.);
#5354 = DIRECTION('',(-0.818487359949,-0.57452453525,0.));
#5355 = PLANE('',#5356);
#5356 = AXIS2_PLACEMENT_3D('',#5357,#5358,#5359);
#5357 = CARTESIAN_POINT('',(116.10838329641,49.631505957627,1.975));
#5358 = DIRECTION('',(-0.57452453525,0.818487359949,0.));
#5359 = DIRECTION('',(-0.818487359949,-0.57452453525,0.));
#5360 = ADVANCED_FACE('',(#5361),#5367,.F.);
#5361 = FACE_BOUND('',#5362,.F.);
#5362 = EDGE_LOOP('',(#5363,#5364,#5365,#5366));
#5363 = ORIENTED_EDGE('',*,*,#5350,.F.);
#5364 = ORIENTED_EDGE('',*,*,#4509,.T.);
#5365 = ORIENTED_EDGE('',*,*,#5287,.T.);
#5366 = ORIENTED_EDGE('',*,*,#5259,.F.);
#5367 = PLANE('',#5368);
#5368 = AXIS2_PLACEMENT_3D('',#5369,#5370,#5371);
#5369 = CARTESIAN_POINT('',(116.10838329641,49.631505957627,7.025));
#5370 = DIRECTION('',(0.,0.,1.));
#5371 = DIRECTION('',(-0.818487359949,-0.57452453525,0.));
#5372 = ADVANCED_FACE('',(#5373),#5397,.T.);
#5373 = FACE_BOUND('',#5374,.F.);
#5374 = EDGE_LOOP('',(#5375,#5376,#5377,#5378,#5379,#5380,#5381,#5382,
    #5383,#5384,#5385,#5386,#5387,#5388,#5389,#5390,#5391,#5392,#5393,
    #5394,#5395,#5396));
#5375 = ORIENTED_EDGE('',*,*,#4637,.T.);
#5376 = ORIENTED_EDGE('',*,*,#4668,.T.);
#5377 = ORIENTED_EDGE('',*,*,#4716,.T.);
#5378 = ORIENTED_EDGE('',*,*,#4766,.T.);
#5379 = ORIENTED_EDGE('',*,*,#4816,.T.);
#5380 = ORIENTED_EDGE('',*,*,#4868,.T.);
#5381 = ORIENTED_EDGE('',*,*,#4920,.T.);
#5382 = ORIENTED_EDGE('',*,*,#4972,.T.);
#5383 = ORIENTED_EDGE('',*,*,#5024,.T.);
#5384 = ORIENTED_EDGE('',*,*,#5076,.T.);
#5385 = ORIENTED_EDGE('',*,*,#5128,.T.);
#5386 = ORIENTED_EDGE('',*,*,#5178,.T.);
#5387 = ORIENTED_EDGE('',*,*,#5154,.T.);
#5388 = ORIENTED_EDGE('',*,*,#5102,.T.);
#5389 = ORIENTED_EDGE('',*,*,#5050,.T.);
#5390 = ORIENTED_EDGE('',*,*,#4998,.T.);
#5391 = ORIENTED_EDGE('',*,*,#4946,.T.);
#5392 = ORIENTED_EDGE('',*,*,#4894,.T.);
#5393 = ORIENTED_EDGE('',*,*,#4842,.T.);
#5394 = ORIENTED_EDGE('',*,*,#4790,.T.);
#5395 = ORIENTED_EDGE('',*,*,#4740,.T.);
#5396 = ORIENTED_EDGE('',*,*,#4692,.T.);
#5397 = PLANE('',#5398);
#5398 = AXIS2_PLACEMENT_3D('',#5399,#5400,#5401);
#5399 = CARTESIAN_POINT('',(24.815285185262,8.747987357427,8.4));
#5400 = DIRECTION('',(0.,0.,1.));
#5401 = DIRECTION('',(0.951835576366,0.306608929361,0.));
#5402 = ( GEOMETRIC_REPRESENTATION_CONTEXT(3) 
GLOBAL_UNCERTAINTY_ASSIGNED_CONTEXT((#5406)) 
GLOBAL_UNIT_ASSIGNED_CONTEXT((#5403,#5404,#5405)) REPRESENTATION_CONTEXT
('Context #1','3D Context with UNIT and UNCERTAINTY') );
#5403 = ( LENGTH_UNIT() NAMED_UNIT(*) SI_UNIT(.MILLI.,.METRE.) );
#5404 = ( NAMED_UNIT(*) PLANE_ANGLE_UNIT() SI_UNIT($,.RADIAN.) );
#5405 = ( NAMED_UNIT(*) SI_UNIT($,.STERADIAN.) SOLID_ANGLE_UNIT() );
#5406 = UNCERTAINTY_MEASURE_WITH_UNIT(LENGTH_MEASURE(5.E-07),#5403,
  'distance_accuracy_value','confusion accuracy');
#5407 = PRODUCT_RELATED_PRODUCT_CATEGORY('part',$,(#7));
ENDSEC;
END-ISO-10303-21;
