ISO-10303-21;
HEADER;
FILE_DESCRIPTION(('FreeCAD Model'),'2;1');
FILE_NAME('Open CASCADE Shape Model','2026-10-06T23:34:19',('Author'),(
    ''),'Open CASCADE STEP processor 7.8','FreeCAD','Unknown');
FILE_SCHEMA(('AUTOMOTIVE_DESIGN { 1 0 10303 214 1 1 1 1 }'));
ENDSEC;
DATA;
#1 = APPLICATION_PROTOCOL_DEFINITION('international standard',
  'automotive_design',2000,#2);
#2 = APPLICATION_CONTEXT(
  'core data for automotive mechanical design processes');
#3 = SHAPE_DEFINITION_REPRESENTATION(#4,#10);
#4 = PRODUCT_DEFINITION_SHAPE('','',#5);
#5 = PRODUCT_DEFINITION('design','',#6,#9);
#6 = PRODUCT_DEFINITION_FORMATION('','',#7);
#7 = PRODUCT('Branch2','Branch2','',(#8));
#8 = PRODUCT_CONTEXT('',#2,'mechanical');
#9 = PRODUCT_DEFINITION_CONTEXT('part definition',#2,'design');
#10 = ADVANCED_BREP_SHAPE_REPRESENTATION('',(#11,#15),#5703);
#11 = AXIS2_PLACEMENT_3D('',#12,#13,#14);
#12 = CARTESIAN_POINT('',(0.,0.,0.));
#13 = DIRECTION('',(0.,0.,1.));
#14 = DIRECTION('',(1.,0.,-0.));
#15 = MANIFOLD_SOLID_BREP('',#16);
#16 = CLOSED_SHELL('',(#17,#958,#1109,#1133,#1157,#1181,#1205,#1229,
    #1270,#1294,#1343,#1367,#1391,#1415,#1439,#1463,#1487,#1511,#1535,
    #1559,#1583,#1607,#1631,#1655,#1679,#1703,#1727,#1751,#1775,#1799,
    #1823,#1847,#1871,#1895,#1919,#1943,#1967,#1991,#2015,#2039,#2063,
    #2087,#2111,#2135,#2159,#2183,#2207,#2231,#2255,#2279,#2303,#2327,
    #2351,#2375,#2399,#2423,#2447,#2471,#2495,#2519,#2543,#2567,#2591,
    #2615,#2639,#2663,#2687,#2711,#2735,#2759,#2783,#2807,#2831,#2855,
    #2879,#2903,#2927,#2951,#2975,#2999,#3023,#3079,#3103,#3127,#3151,
    #3207,#3231,#3255,#3311,#3351,#3382,#3406,#3430,#3454,#3478,#3502,
    #3526,#3550,#3574,#3598,#3622,#3639,#3664,#3689,#3720,#3744,#3768,
    #3792,#3816,#3840,#3864,#3888,#3912,#3936,#3960,#3977,#4002,#4387,
    #4418,#4442,#4466,#4490,#4514,#4538,#4562,#4586,#4610,#4634,#4658,
    #4675,#4700,#4735,#4746,#4763,#4804,#4828,#4862,#4934,#4967,#4991,
    #5017,#5048,#5072,#5096,#5120,#5146,#5170,#5196,#5220,#5246,#5272,
    #5298,#5324,#5350,#5376,#5402,#5428,#5452,#5478,#5497,#5517,#5526,
    #5584,#5601,#5618,#5635,#5647,#5664,#5676));
#17 = ADVANCED_FACE('',(#18,#724,#822,#833,#844,#942),#953,.T.);
#18 = FACE_BOUND('',#19,.T.);
#19 = EDGE_LOOP('',(#20,#30,#38,#46,#54,#62,#70,#78,#86,#94,#102,#110,
    #118,#126,#134,#142,#150,#158,#166,#174,#182,#190,#198,#206,#214,
    #222,#230,#238,#246,#254,#262,#270,#278,#286,#294,#302,#310,#318,
    #326,#334,#342,#350,#358,#366,#374,#382,#390,#398,#406,#414,#422,
    #430,#438,#446,#454,#462,#470,#478,#486,#494,#502,#510,#518,#526,
    #534,#542,#550,#558,#566,#574,#582,#590,#598,#606,#614,#622,#630,
    #638,#646,#654,#662,#670,#678,#686,#694,#702,#710,#718));
#20 = ORIENTED_EDGE('',*,*,#21,.F.);
#21 = EDGE_CURVE('',#22,#24,#26,.T.);
#22 = VERTEX_POINT('',#23);
#23 = CARTESIAN_POINT('',(0.,11.226133908096,0.));
#24 = VERTEX_POINT('',#25);
#25 = CARTESIAN_POINT('',(-0.,-11.,0.));
#26 = LINE('',#27,#28);
#27 = CARTESIAN_POINT('',(0.,-11.62354970213,0.));
#28 = VECTOR('',#29,1.);
#29 = DIRECTION('',(0.,-1.,0.));
#30 = ORIENTED_EDGE('',*,*,#31,.F.);
#31 = EDGE_CURVE('',#32,#22,#34,.T.);
#32 = VERTEX_POINT('',#33);
#33 = CARTESIAN_POINT('',(2.8481,11.8273,0.));
#34 = LINE('',#35,#36);
#35 = CARTESIAN_POINT('',(2.8481,11.8273,0.));
#36 = VECTOR('',#37,1.);
#37 = DIRECTION('',(-0.978441189525,-0.206525636763,0.));
#38 = ORIENTED_EDGE('',*,*,#39,.F.);
#39 = EDGE_CURVE('',#40,#32,#42,.T.);
#40 = VERTEX_POINT('',#41);
#41 = CARTESIAN_POINT('',(8.5432,12.9642,0.));
#42 = LINE('',#43,#44);
#43 = CARTESIAN_POINT('',(8.5432,12.9642,0.));
#44 = VECTOR('',#45,1.);
#45 = DIRECTION('',(-0.980650814233,-0.195765115749,0.));
#46 = ORIENTED_EDGE('',*,*,#47,.F.);
#47 = EDGE_CURVE('',#48,#40,#50,.T.);
#48 = VERTEX_POINT('',#49);
#49 = CARTESIAN_POINT('',(14.2383,14.0474,0.));
#50 = LINE('',#51,#52);
#51 = CARTESIAN_POINT('',(14.2383,14.0474,0.));
#52 = VECTOR('',#53,1.);
#53 = DIRECTION('',(-0.982388657266,-0.186848939185,0.));
#54 = ORIENTED_EDGE('',*,*,#55,.F.);
#55 = EDGE_CURVE('',#56,#48,#58,.T.);
#56 = VERTEX_POINT('',#57);
#57 = CARTESIAN_POINT('',(19.9334,15.088,0.));
#58 = LINE('',#59,#60);
#59 = CARTESIAN_POINT('',(19.9334,15.088,0.));
#60 = VECTOR('',#61,1.);
#61 = DIRECTION('',(-0.9837136652,-0.179742662992,0.));
#62 = ORIENTED_EDGE('',*,*,#63,.F.);
#63 = EDGE_CURVE('',#64,#56,#66,.T.);
#64 = VERTEX_POINT('',#65);
#65 = CARTESIAN_POINT('',(25.6285,16.0974,0.));
#66 = LINE('',#67,#68);
#67 = CARTESIAN_POINT('',(25.6285,16.0974,0.));
#68 = VECTOR('',#69,1.);
#69 = DIRECTION('',(-0.984653613521,-0.174520088758,0.));
#70 = ORIENTED_EDGE('',*,*,#71,.F.);
#71 = EDGE_CURVE('',#72,#64,#74,.T.);
#72 = VERTEX_POINT('',#73);
#73 = CARTESIAN_POINT('',(31.3236,17.0868,0.));
#74 = LINE('',#75,#76);
#75 = CARTESIAN_POINT('',(31.3236,17.0868,0.));
#76 = VECTOR('',#77,1.);
#77 = DIRECTION('',(-0.98524246601,-0.171164491558,0.));
#78 = ORIENTED_EDGE('',*,*,#79,.F.);
#79 = EDGE_CURVE('',#80,#72,#82,.T.);
#80 = VERTEX_POINT('',#81);
#81 = CARTESIAN_POINT('',(37.0187,18.0675,0.));
#82 = LINE('',#83,#84);
#83 = CARTESIAN_POINT('',(37.0187,18.0675,0.));
#84 = VECTOR('',#85,1.);
#85 = DIRECTION('',(-0.985495262658,-0.169702938331,0.));
#86 = ORIENTED_EDGE('',*,*,#87,.F.);
#87 = EDGE_CURVE('',#88,#80,#90,.T.);
#88 = VERTEX_POINT('',#89);
#89 = CARTESIAN_POINT('',(42.7138,19.0509,0.));
#90 = LINE('',#91,#92);
#91 = CARTESIAN_POINT('',(42.7138,19.0509,0.));
#92 = VECTOR('',#93,1.);
#93 = DIRECTION('',(-0.985417026672,-0.170156644138,0.));
#94 = ORIENTED_EDGE('',*,*,#95,.F.);
#95 = EDGE_CURVE('',#96,#88,#98,.T.);
#96 = VERTEX_POINT('',#97);
#97 = CARTESIAN_POINT('',(47.061315714352,19.81214083341,0.));
#98 = LINE('',#99,#100);
#99 = CARTESIAN_POINT('',(48.4089,20.0481,0.));
#100 = VECTOR('',#101,1.);
#101 = DIRECTION('',(-0.985014089898,-0.172473889914,0.));
#102 = ORIENTED_EDGE('',*,*,#103,.F.);
#103 = EDGE_CURVE('',#104,#96,#106,.T.);
#104 = VERTEX_POINT('',#105);
#105 = CARTESIAN_POINT('',(58.0745,33.6549,0.));
#106 = LINE('',#107,#108);
#107 = CARTESIAN_POINT('',(58.0745,33.6549,0.));
#108 = VECTOR('',#109,1.);
#109 = DIRECTION('',(-0.622589299075,-0.782548761853,0.));
#110 = ORIENTED_EDGE('',*,*,#111,.F.);
#111 = EDGE_CURVE('',#112,#104,#114,.T.);
#112 = VERTEX_POINT('',#113);
#113 = CARTESIAN_POINT('',(58.613,34.0681,0.));
#114 = LINE('',#115,#116);
#115 = CARTESIAN_POINT('',(58.613,34.0681,0.));
#116 = VECTOR('',#117,1.);
#117 = DIRECTION('',(-0.793357312799,-0.608756251901,0.));
#118 = ORIENTED_EDGE('',*,*,#119,.F.);
#119 = EDGE_CURVE('',#120,#112,#122,.T.);
#120 = VERTEX_POINT('',#121);
#121 = CARTESIAN_POINT('',(59.2401,34.3279,0.));
#122 = LINE('',#123,#124);
#123 = CARTESIAN_POINT('',(59.2401,34.3279,0.));
#124 = VECTOR('',#125,1.);
#125 = DIRECTION('',(-0.923855219425,-0.382742124074,0.));
#126 = ORIENTED_EDGE('',*,*,#127,.F.);
#127 = EDGE_CURVE('',#128,#120,#130,.T.);
#128 = VERTEX_POINT('',#129);
#129 = CARTESIAN_POINT('',(59.913,34.4165,0.));
#130 = LINE('',#131,#132);
#131 = CARTESIAN_POINT('',(59.913,34.4165,0.));
#132 = VECTOR('',#133,1.);
#133 = DIRECTION('',(-0.991442757316,-0.130542173129,0.));
#134 = ORIENTED_EDGE('',*,*,#135,.F.);
#135 = EDGE_CURVE('',#136,#128,#138,.T.);
#136 = VERTEX_POINT('',#137);
#137 = CARTESIAN_POINT('',(60.5859,34.3279,0.));
#138 = LINE('',#139,#140);
#139 = CARTESIAN_POINT('',(60.5859,34.3279,0.));
#140 = VECTOR('',#141,1.);
#141 = DIRECTION('',(-0.991442757316,0.130542173129,0.));
#142 = ORIENTED_EDGE('',*,*,#143,.F.);
#143 = EDGE_CURVE('',#144,#136,#146,.T.);
#144 = VERTEX_POINT('',#145);
#145 = CARTESIAN_POINT('',(61.213,34.0681,0.));
#146 = LINE('',#147,#148);
#147 = CARTESIAN_POINT('',(61.213,34.0681,0.));
#148 = VECTOR('',#149,1.);
#149 = DIRECTION('',(-0.923855219425,0.382742124074,0.));
#150 = ORIENTED_EDGE('',*,*,#151,.F.);
#151 = EDGE_CURVE('',#152,#144,#154,.T.);
#152 = VERTEX_POINT('',#153);
#153 = CARTESIAN_POINT('',(61.7515,33.6549,0.));
#154 = LINE('',#155,#156);
#155 = CARTESIAN_POINT('',(61.7515,33.6549,0.));
#156 = VECTOR('',#157,1.);
#157 = DIRECTION('',(-0.793357312799,0.608756251901,0.));
#158 = ORIENTED_EDGE('',*,*,#159,.F.);
#159 = EDGE_CURVE('',#160,#152,#162,.T.);
#160 = VERTEX_POINT('',#161);
#161 = CARTESIAN_POINT('',(62.1647,33.1165,0.));
#162 = LINE('',#163,#164);
#163 = CARTESIAN_POINT('',(62.1647,33.1165,0.));
#164 = VECTOR('',#165,1.);
#165 = DIRECTION('',(-0.608827411125,0.793302706073,0.));
#166 = ORIENTED_EDGE('',*,*,#167,.F.);
#167 = EDGE_CURVE('',#168,#160,#170,.T.);
#168 = VERTEX_POINT('',#169);
#169 = CARTESIAN_POINT('',(62.4244,32.4894,0.));
#170 = LINE('',#171,#172);
#171 = CARTESIAN_POINT('',(62.4244,32.4894,0.));
#172 = VECTOR('',#173,1.);
#173 = DIRECTION('',(-0.382616373007,0.923907306556,0.));
#174 = ORIENTED_EDGE('',*,*,#175,.F.);
#175 = EDGE_CURVE('',#176,#168,#178,.T.);
#176 = VERTEX_POINT('',#177);
#177 = CARTESIAN_POINT('',(62.513,31.8165,0.));
#178 = LINE('',#179,#180);
#179 = CARTESIAN_POINT('',(62.513,31.8165,0.));
#180 = VECTOR('',#181,1.);
#181 = DIRECTION('',(-0.130542173129,0.991442757316,0.));
#182 = ORIENTED_EDGE('',*,*,#183,.F.);
#183 = EDGE_CURVE('',#184,#176,#186,.T.);
#184 = VERTEX_POINT('',#185);
#185 = CARTESIAN_POINT('',(62.4244,31.1435,0.));
#186 = LINE('',#187,#188);
#187 = CARTESIAN_POINT('',(62.4244,31.1435,0.));
#188 = VECTOR('',#189,1.);
#189 = DIRECTION('',(0.130523106552,0.991445267605,0.));
#190 = ORIENTED_EDGE('',*,*,#191,.F.);
#191 = EDGE_CURVE('',#192,#184,#194,.T.);
#192 = VERTEX_POINT('',#193);
#193 = CARTESIAN_POINT('',(62.1647,30.5165,0.));
#194 = LINE('',#195,#196);
#195 = CARTESIAN_POINT('',(62.1647,30.5165,0.));
#196 = VECTOR('',#197,1.);
#197 = DIRECTION('',(0.382668460997,0.923885733713,0.));
#198 = ORIENTED_EDGE('',*,*,#199,.F.);
#199 = EDGE_CURVE('',#200,#192,#202,.T.);
#200 = VERTEX_POINT('',#201);
#201 = CARTESIAN_POINT('',(56.674870819633,21.548461409603,0.));
#202 = LINE('',#203,#204);
#203 = CARTESIAN_POINT('',(48.6373,8.4185,0.));
#204 = VECTOR('',#205,1.);
#205 = DIRECTION('',(0.522098056843,0.852885466543,0.));
#206 = ORIENTED_EDGE('',*,*,#207,.F.);
#207 = EDGE_CURVE('',#208,#200,#210,.T.);
#208 = VERTEX_POINT('',#209);
#209 = CARTESIAN_POINT('',(59.7991,22.1293,0.));
#210 = LINE('',#211,#212);
#211 = CARTESIAN_POINT('',(59.7991,22.1293,0.));
#212 = VECTOR('',#213,1.);
#213 = DIRECTION('',(-0.98315343197,-0.182782190615,0.));
#214 = ORIENTED_EDGE('',*,*,#215,.F.);
#215 = EDGE_CURVE('',#216,#208,#218,.T.);
#216 = VERTEX_POINT('',#217);
#217 = CARTESIAN_POINT('',(65.4942,23.2359,0.));
#218 = LINE('',#219,#220);
#219 = CARTESIAN_POINT('',(65.4942,23.2359,0.));
#220 = VECTOR('',#221,1.);
#221 = DIRECTION('',(-0.981640588808,-0.190740017836,0.));
#222 = ORIENTED_EDGE('',*,*,#223,.F.);
#223 = EDGE_CURVE('',#224,#216,#226,.T.);
#224 = VERTEX_POINT('',#225);
#225 = CARTESIAN_POINT('',(71.1892,24.4015,0.));
#226 = LINE('',#227,#228);
#227 = CARTESIAN_POINT('',(71.1892,24.4015,0.));
#228 = VECTOR('',#229,1.);
#229 = DIRECTION('',(-0.979690822725,-0.200514069002,0.));
#230 = ORIENTED_EDGE('',*,*,#231,.F.);
#231 = EDGE_CURVE('',#232,#224,#234,.T.);
#232 = VERTEX_POINT('',#233);
#233 = CARTESIAN_POINT('',(76.8843,25.6375,0.));
#234 = LINE('',#235,#236);
#235 = CARTESIAN_POINT('',(76.8843,25.6375,0.));
#236 = VECTOR('',#237,1.);
#237 = DIRECTION('',(-0.977249868109,-0.21209124282,0.));
#238 = ORIENTED_EDGE('',*,*,#239,.F.);
#239 = EDGE_CURVE('',#240,#232,#242,.T.);
#240 = VERTEX_POINT('',#241);
#241 = CARTESIAN_POINT('',(82.5794,26.955,0.));
#242 = LINE('',#243,#244);
#243 = CARTESIAN_POINT('',(82.5794,26.955,0.));
#244 = VECTOR('',#245,1.);
#245 = DIRECTION('',(-0.974269380835,-0.225386720031,0.));
#246 = ORIENTED_EDGE('',*,*,#247,.F.);
#247 = EDGE_CURVE('',#248,#240,#250,.T.);
#248 = VERTEX_POINT('',#249);
#249 = CARTESIAN_POINT('',(88.2745,28.3654,0.));
#250 = LINE('',#251,#252);
#251 = CARTESIAN_POINT('',(88.2745,28.3654,0.));
#252 = VECTOR('',#253,1.);
#253 = DIRECTION('',(-0.970676514353,-0.240389484968,0.));
#254 = ORIENTED_EDGE('',*,*,#255,.F.);
#255 = EDGE_CURVE('',#256,#248,#258,.T.);
#256 = VERTEX_POINT('',#257);
#257 = CARTESIAN_POINT('',(93.9696,29.88,0.));
#258 = LINE('',#259,#260);
#259 = CARTESIAN_POINT('',(93.9696,29.88,0.));
#260 = VECTOR('',#261,1.);
#261 = DIRECTION('',(-0.966407651979,-0.257014105053,0.));
#262 = ORIENTED_EDGE('',*,*,#263,.F.);
#263 = EDGE_CURVE('',#264,#256,#266,.T.);
#264 = VERTEX_POINT('',#265);
#265 = CARTESIAN_POINT('',(99.6647,31.51,0.));
#266 = LINE('',#267,#268);
#267 = CARTESIAN_POINT('',(99.6647,31.51,0.));
#268 = VECTOR('',#269,1.);
#269 = DIRECTION('',(-0.961397715529,-0.275162556639,0.));
#270 = ORIENTED_EDGE('',*,*,#271,.F.);
#271 = EDGE_CURVE('',#272,#264,#274,.T.);
#272 = VERTEX_POINT('',#273);
#273 = CARTESIAN_POINT('',(105.3598,33.2668,0.));
#274 = LINE('',#275,#276);
#275 = CARTESIAN_POINT('',(105.3598,33.2668,0.));
#276 = VECTOR('',#277,1.);
#277 = DIRECTION('',(-0.955568349097,-0.294769622253,0.));
#278 = ORIENTED_EDGE('',*,*,#279,.F.);
#279 = EDGE_CURVE('',#280,#272,#282,.T.);
#280 = VERTEX_POINT('',#281);
#281 = CARTESIAN_POINT('',(111.0549,35.1616,0.));
#282 = LINE('',#283,#284);
#283 = CARTESIAN_POINT('',(111.0549,35.1616,0.));
#284 = VECTOR('',#285,1.);
#285 = DIRECTION('',(-0.948861420151,-0.31569289721,0.));
#286 = ORIENTED_EDGE('',*,*,#287,.F.);
#287 = EDGE_CURVE('',#288,#280,#290,.T.);
#288 = VERTEX_POINT('',#289);
#289 = CARTESIAN_POINT('',(116.75,37.2057,0.));
#290 = LINE('',#291,#292);
#291 = CARTESIAN_POINT('',(116.75,37.2057,0.));
#292 = VECTOR('',#293,1.);
#293 = DIRECTION('',(-0.941210166529,-0.337821583713,0.));
#294 = ORIENTED_EDGE('',*,*,#295,.F.);
#295 = EDGE_CURVE('',#296,#288,#298,.T.);
#296 = VERTEX_POINT('',#297);
#297 = CARTESIAN_POINT('',(122.32400998125,39.363523357917,0.));
#298 = LINE('',#299,#300);
#299 = CARTESIAN_POINT('',(122.4451,39.4104,0.));
#300 = VECTOR('',#301,1.);
#301 = DIRECTION('',(-0.93256009589,-0.361014774703,0.));
#302 = ORIENTED_EDGE('',*,*,#303,.F.);
#303 = EDGE_CURVE('',#304,#296,#306,.T.);
#304 = VERTEX_POINT('',#305);
#305 = CARTESIAN_POINT('',(126.9896,41.3103,0.));
#306 = LINE('',#307,#308);
#307 = CARTESIAN_POINT('',(126.9896,41.3103,0.));
#308 = VECTOR('',#309,1.);
#309 = DIRECTION('',(-0.92288151687,-0.385084024364,0.));
#310 = ORIENTED_EDGE('',*,*,#311,.F.);
#311 = EDGE_CURVE('',#312,#304,#314,.T.);
#312 = VERTEX_POINT('',#313);
#313 = CARTESIAN_POINT('',(132.75,43.8971,0.));
#314 = LINE('',#315,#316);
#315 = CARTESIAN_POINT('',(132.75,43.8971,0.));
#316 = VECTOR('',#317,1.);
#317 = DIRECTION('',(-0.912240065088,-0.409656030895,0.));
#318 = ORIENTED_EDGE('',*,*,#319,.F.);
#319 = EDGE_CURVE('',#320,#312,#322,.T.);
#320 = VERTEX_POINT('',#321);
#321 = CARTESIAN_POINT('',(133.8353,44.3467,0.));
#322 = LINE('',#323,#324);
#323 = CARTESIAN_POINT('',(133.8353,44.3467,0.));
#324 = VECTOR('',#325,1.);
#325 = DIRECTION('',(-0.923863273436,-0.382722682887,0.));
#326 = ORIENTED_EDGE('',*,*,#327,.F.);
#327 = EDGE_CURVE('',#328,#320,#330,.T.);
#328 = VERTEX_POINT('',#329);
#329 = CARTESIAN_POINT('',(135.,44.5,0.));
#330 = LINE('',#331,#332);
#331 = CARTESIAN_POINT('',(135.,44.5,0.));
#332 = VECTOR('',#333,1.);
#333 = DIRECTION('',(-0.991448789651,-0.130496350522,0.));
#334 = ORIENTED_EDGE('',*,*,#335,.F.);
#335 = EDGE_CURVE('',#336,#328,#338,.T.);
#336 = VERTEX_POINT('',#337);
#337 = CARTESIAN_POINT('',(136.1647,44.3467,0.));
#338 = LINE('',#339,#340);
#339 = CARTESIAN_POINT('',(136.1647,44.3467,0.));
#340 = VECTOR('',#341,1.);
#341 = DIRECTION('',(-0.991448789651,0.130496350522,0.));
#342 = ORIENTED_EDGE('',*,*,#343,.F.);
#343 = EDGE_CURVE('',#344,#336,#346,.T.);
#344 = VERTEX_POINT('',#345);
#345 = CARTESIAN_POINT('',(137.25,43.8971,0.));
#346 = LINE('',#347,#348);
#347 = CARTESIAN_POINT('',(137.25,43.8971,0.));
#348 = VECTOR('',#349,1.);
#349 = DIRECTION('',(-0.923863273436,0.382722682887,0.));
#350 = ORIENTED_EDGE('',*,*,#351,.F.);
#351 = EDGE_CURVE('',#352,#344,#354,.T.);
#352 = VERTEX_POINT('',#353);
#353 = CARTESIAN_POINT('',(138.182,43.182,0.));
#354 = LINE('',#355,#356);
#355 = CARTESIAN_POINT('',(138.182,43.182,0.));
#356 = VECTOR('',#357,1.);
#357 = DIRECTION('',(-0.793373383429,0.608735307393,0.));
#358 = ORIENTED_EDGE('',*,*,#359,.F.);
#359 = EDGE_CURVE('',#360,#352,#362,.T.);
#360 = VERTEX_POINT('',#361);
#361 = CARTESIAN_POINT('',(138.8971,42.25,0.));
#362 = LINE('',#363,#364);
#363 = CARTESIAN_POINT('',(138.8971,42.25,0.));
#364 = VECTOR('',#365,1.);
#365 = DIRECTION('',(-0.608735307393,0.793373383429,0.));
#366 = ORIENTED_EDGE('',*,*,#367,.F.);
#367 = EDGE_CURVE('',#368,#360,#370,.T.);
#368 = VERTEX_POINT('',#369);
#369 = CARTESIAN_POINT('',(139.3467,41.1647,0.));
#370 = LINE('',#371,#372);
#371 = CARTESIAN_POINT('',(139.3467,41.1647,0.));
#372 = VECTOR('',#373,1.);
#373 = DIRECTION('',(-0.382722682887,0.923863273436,0.));
#374 = ORIENTED_EDGE('',*,*,#375,.F.);
#375 = EDGE_CURVE('',#376,#368,#378,.T.);
#376 = VERTEX_POINT('',#377);
#377 = CARTESIAN_POINT('',(139.5,40.,0.));
#378 = LINE('',#379,#380);
#379 = CARTESIAN_POINT('',(139.5,40.,0.));
#380 = VECTOR('',#381,1.);
#381 = DIRECTION('',(-0.130496350522,0.991448789651,0.));
#382 = ORIENTED_EDGE('',*,*,#383,.F.);
#383 = EDGE_CURVE('',#384,#376,#386,.T.);
#384 = VERTEX_POINT('',#385);
#385 = CARTESIAN_POINT('',(139.3467,38.8353,0.));
#386 = LINE('',#387,#388);
#387 = CARTESIAN_POINT('',(139.3467,38.8353,0.));
#388 = VECTOR('',#389,1.);
#389 = DIRECTION('',(0.130496350522,0.991448789651,0.));
#390 = ORIENTED_EDGE('',*,*,#391,.F.);
#391 = EDGE_CURVE('',#392,#384,#394,.T.);
#392 = VERTEX_POINT('',#393);
#393 = CARTESIAN_POINT('',(138.8971,37.75,0.));
#394 = LINE('',#395,#396);
#395 = CARTESIAN_POINT('',(138.8971,37.75,0.));
#396 = VECTOR('',#397,1.);
#397 = DIRECTION('',(0.382722682887,0.923863273436,0.));
#398 = ORIENTED_EDGE('',*,*,#399,.F.);
#399 = EDGE_CURVE('',#400,#392,#402,.T.);
#400 = VERTEX_POINT('',#401);
#401 = CARTESIAN_POINT('',(138.182,36.818,0.));
#402 = LINE('',#403,#404);
#403 = CARTESIAN_POINT('',(138.182,36.818,0.));
#404 = VECTOR('',#405,1.);
#405 = DIRECTION('',(0.608735307393,0.793373383429,0.));
#406 = ORIENTED_EDGE('',*,*,#407,.F.);
#407 = EDGE_CURVE('',#408,#400,#410,.T.);
#408 = VERTEX_POINT('',#409);
#409 = CARTESIAN_POINT('',(137.25,36.1029,0.));
#410 = LINE('',#411,#412);
#411 = CARTESIAN_POINT('',(137.25,36.1029,0.));
#412 = VECTOR('',#413,1.);
#413 = DIRECTION('',(0.793373383429,0.608735307393,0.));
#414 = ORIENTED_EDGE('',*,*,#415,.F.);
#415 = EDGE_CURVE('',#416,#408,#418,.T.);
#416 = VERTEX_POINT('',#417);
#417 = CARTESIAN_POINT('',(131.7604,33.047,0.));
#418 = LINE('',#419,#420);
#419 = CARTESIAN_POINT('',(131.7604,33.047,0.));
#420 = VECTOR('',#421,1.);
#421 = DIRECTION('',(0.873743284356,0.486387369328,0.));
#422 = ORIENTED_EDGE('',*,*,#423,.F.);
#423 = EDGE_CURVE('',#424,#416,#426,.T.);
#424 = VERTEX_POINT('',#425);
#425 = CARTESIAN_POINT('',(126.2708,30.1743,0.));
#426 = LINE('',#427,#428);
#427 = CARTESIAN_POINT('',(126.2708,30.1743,0.));
#428 = VECTOR('',#429,1.);
#429 = DIRECTION('',(0.886017532739,0.463651735336,0.));
#430 = ORIENTED_EDGE('',*,*,#431,.F.);
#431 = EDGE_CURVE('',#432,#424,#434,.T.);
#432 = VERTEX_POINT('',#433);
#433 = CARTESIAN_POINT('',(120.7812,27.4735,0.));
#434 = LINE('',#435,#436);
#435 = CARTESIAN_POINT('',(120.7812,27.4735,0.));
#436 = VECTOR('',#437,1.);
#437 = DIRECTION('',(0.897285438845,0.441450836715,0.));
#438 = ORIENTED_EDGE('',*,*,#439,.F.);
#439 = EDGE_CURVE('',#440,#432,#442,.T.);
#440 = VERTEX_POINT('',#441);
#441 = CARTESIAN_POINT('',(115.2917,24.9332,0.));
#442 = LINE('',#443,#444);
#443 = CARTESIAN_POINT('',(115.2917,24.9332,0.));
#444 = VECTOR('',#445,1.);
#445 = DIRECTION('',(0.907538443492,0.419969015029,0.));
#446 = ORIENTED_EDGE('',*,*,#447,.F.);
#447 = EDGE_CURVE('',#448,#440,#450,.T.);
#448 = VERTEX_POINT('',#449);
#449 = CARTESIAN_POINT('',(109.8021,22.5423,0.));
#450 = LINE('',#451,#452);
#451 = CARTESIAN_POINT('',(109.8021,22.5423,0.));
#452 = VECTOR('',#453,1.);
#453 = DIRECTION('',(0.916818429503,0.399304354251,0.));
#454 = ORIENTED_EDGE('',*,*,#455,.F.);
#455 = EDGE_CURVE('',#456,#448,#458,.T.);
#456 = VERTEX_POINT('',#457);
#457 = CARTESIAN_POINT('',(108.3902,21.9574,0.));
#458 = LINE('',#459,#460);
#459 = CARTESIAN_POINT('',(108.3902,21.9574,0.));
#460 = VECTOR('',#461,1.);
#461 = DIRECTION('',(0.923862904635,0.382723573143,0.));
#462 = ORIENTED_EDGE('',*,*,#463,.F.);
#463 = EDGE_CURVE('',#464,#456,#466,.T.);
#464 = VERTEX_POINT('',#465);
#465 = CARTESIAN_POINT('',(102.8353,19.6775,0.));
#466 = LINE('',#467,#468);
#467 = CARTESIAN_POINT('',(102.8353,19.6775,0.));
#468 = VECTOR('',#469,1.);
#469 = DIRECTION('',(0.925112076418,0.379694148054,0.));
#470 = ORIENTED_EDGE('',*,*,#471,.F.);
#471 = EDGE_CURVE('',#472,#464,#474,.T.);
#472 = VERTEX_POINT('',#473);
#473 = CARTESIAN_POINT('',(97.2804,17.5242,0.));
#474 = LINE('',#475,#476);
#475 = CARTESIAN_POINT('',(97.2804,17.5242,0.));
#476 = VECTOR('',#477,1.);
#477 = DIRECTION('',(0.932397560643,0.361434349373,0.));
#478 = ORIENTED_EDGE('',*,*,#479,.F.);
#479 = EDGE_CURVE('',#480,#472,#482,.T.);
#480 = VERTEX_POINT('',#481);
#481 = CARTESIAN_POINT('',(91.7255,15.4864,0.));
#482 = LINE('',#483,#484);
#483 = CARTESIAN_POINT('',(91.7255,15.4864,0.));
#484 = VECTOR('',#485,1.);
#485 = DIRECTION('',(0.938821496459,0.344404119873,0.));
#486 = ORIENTED_EDGE('',*,*,#487,.F.);
#487 = EDGE_CURVE('',#488,#480,#490,.T.);
#488 = VERTEX_POINT('',#489);
#489 = CARTESIAN_POINT('',(88.947978376291,14.51957506857,0.));
#490 = LINE('',#491,#492);
#491 = CARTESIAN_POINT('',(86.1706,13.5528,0.));
#492 = VECTOR('',#493,1.);
#493 = DIRECTION('',(0.944419704621,0.328742180931,0.));
#494 = ORIENTED_EDGE('',*,*,#495,.F.);
#495 = EDGE_CURVE('',#496,#488,#498,.T.);
#496 = VERTEX_POINT('',#497);
#497 = CARTESIAN_POINT('',(95.9094,7.6575,0.));
#498 = LINE('',#499,#500);
#499 = CARTESIAN_POINT('',(95.9094,7.6575,0.));
#500 = VECTOR('',#501,1.);
#501 = DIRECTION('',(-0.712170216947,0.70200682482,0.));
#502 = ORIENTED_EDGE('',*,*,#503,.F.);
#503 = EDGE_CURVE('',#504,#496,#506,.T.);
#504 = VERTEX_POINT('',#505);
#505 = CARTESIAN_POINT('',(96.3226,7.119,0.));
#506 = LINE('',#507,#508);
#507 = CARTESIAN_POINT('',(96.3226,7.119,0.));
#508 = VECTOR('',#509,1.);
#509 = DIRECTION('',(-0.608756251901,0.793357312799,0.));
#510 = ORIENTED_EDGE('',*,*,#511,.F.);
#511 = EDGE_CURVE('',#512,#504,#514,.T.);
#512 = VERTEX_POINT('',#513);
#513 = CARTESIAN_POINT('',(96.5823,6.4919,0.));
#514 = LINE('',#515,#516);
#515 = CARTESIAN_POINT('',(96.5823,6.4919,0.));
#516 = VECTOR('',#517,1.);
#517 = DIRECTION('',(-0.382616373007,0.923907306556,0.));
#518 = ORIENTED_EDGE('',*,*,#519,.F.);
#519 = EDGE_CURVE('',#520,#512,#522,.T.);
#520 = VERTEX_POINT('',#521);
#521 = CARTESIAN_POINT('',(96.6709,5.819,0.));
#522 = LINE('',#523,#524);
#523 = CARTESIAN_POINT('',(96.6709,5.819,0.));
#524 = VECTOR('',#525,1.);
#525 = DIRECTION('',(-0.130542173129,0.991442757316,0.));
#526 = ORIENTED_EDGE('',*,*,#527,.F.);
#527 = EDGE_CURVE('',#528,#520,#530,.T.);
#528 = VERTEX_POINT('',#529);
#529 = CARTESIAN_POINT('',(96.5823,5.1461,0.));
#530 = LINE('',#531,#532);
#531 = CARTESIAN_POINT('',(96.5823,5.1461,0.));
#532 = VECTOR('',#533,1.);
#533 = DIRECTION('',(0.130542173129,0.991442757316,0.));
#534 = ORIENTED_EDGE('',*,*,#535,.F.);
#535 = EDGE_CURVE('',#536,#528,#538,.T.);
#536 = VERTEX_POINT('',#537);
#537 = CARTESIAN_POINT('',(96.3226,4.519,0.));
#538 = LINE('',#539,#540);
#539 = CARTESIAN_POINT('',(96.3226,4.519,0.));
#540 = VECTOR('',#541,1.);
#541 = DIRECTION('',(0.382616373007,0.923907306556,0.));
#542 = ORIENTED_EDGE('',*,*,#543,.F.);
#543 = EDGE_CURVE('',#544,#536,#546,.T.);
#544 = VERTEX_POINT('',#545);
#545 = CARTESIAN_POINT('',(95.9094,3.9805,0.));
#546 = LINE('',#547,#548);
#547 = CARTESIAN_POINT('',(95.9094,3.9805,0.));
#548 = VECTOR('',#549,1.);
#549 = DIRECTION('',(0.608756251901,0.793357312799,0.));
#550 = ORIENTED_EDGE('',*,*,#551,.F.);
#551 = EDGE_CURVE('',#552,#544,#554,.T.);
#552 = VERTEX_POINT('',#553);
#553 = CARTESIAN_POINT('',(95.3709,3.5674,0.));
#554 = LINE('',#555,#556);
#555 = CARTESIAN_POINT('',(95.3709,3.5674,0.));
#556 = VECTOR('',#557,1.);
#557 = DIRECTION('',(0.793428467116,0.608663509314,0.));
#558 = ORIENTED_EDGE('',*,*,#559,.F.);
#559 = EDGE_CURVE('',#560,#552,#562,.T.);
#560 = VERTEX_POINT('',#561);
#561 = CARTESIAN_POINT('',(94.7438,3.3076,0.));
#562 = LINE('',#563,#564);
#563 = CARTESIAN_POINT('',(94.7438,3.3076,0.));
#564 = VECTOR('',#565,1.);
#565 = DIRECTION('',(0.923855219425,0.382742124074,0.));
#566 = ORIENTED_EDGE('',*,*,#567,.F.);
#567 = EDGE_CURVE('',#568,#560,#570,.T.);
#568 = VERTEX_POINT('',#569);
#569 = CARTESIAN_POINT('',(94.0709,3.219,0.));
#570 = LINE('',#571,#572);
#571 = CARTESIAN_POINT('',(94.0709,3.219,0.));
#572 = VECTOR('',#573,1.);
#573 = DIRECTION('',(0.991442757316,0.130542173129,0.));
#574 = ORIENTED_EDGE('',*,*,#575,.F.);
#575 = EDGE_CURVE('',#576,#568,#578,.T.);
#576 = VERTEX_POINT('',#577);
#577 = CARTESIAN_POINT('',(93.398,3.3076,0.));
#578 = LINE('',#579,#580);
#579 = CARTESIAN_POINT('',(93.398,3.3076,0.));
#580 = VECTOR('',#581,1.);
#581 = DIRECTION('',(0.991442757316,-0.130542173129,0.));
#582 = ORIENTED_EDGE('',*,*,#583,.F.);
#583 = EDGE_CURVE('',#584,#576,#586,.T.);
#584 = VERTEX_POINT('',#585);
#585 = CARTESIAN_POINT('',(92.7709,3.5674,0.));
#586 = LINE('',#587,#588);
#587 = CARTESIAN_POINT('',(92.7709,3.5674,0.));
#588 = VECTOR('',#589,1.);
#589 = DIRECTION('',(0.923855219425,-0.382742124074,0.));
#590 = ORIENTED_EDGE('',*,*,#591,.F.);
#591 = EDGE_CURVE('',#592,#584,#594,.T.);
#592 = VERTEX_POINT('',#593);
#593 = CARTESIAN_POINT('',(81.098775393939,11.872174326743,0.));
#594 = LINE('',#595,#596);
#595 = CARTESIAN_POINT('',(76.65,15.0375,0.));
#596 = VECTOR('',#597,1.);
#597 = DIRECTION('',(0.814803743008,-0.579736888925,0.));
#598 = ORIENTED_EDGE('',*,*,#599,.F.);
#599 = EDGE_CURVE('',#600,#592,#602,.T.);
#600 = VERTEX_POINT('',#601);
#601 = CARTESIAN_POINT('',(80.6157,11.7121,0.));
#602 = LINE('',#603,#604);
#603 = CARTESIAN_POINT('',(80.6157,11.7121,0.));
#604 = VECTOR('',#605,1.);
#605 = DIRECTION('',(0.94924230666,0.314545772897,0.));
#606 = ORIENTED_EDGE('',*,*,#607,.F.);
#607 = EDGE_CURVE('',#608,#600,#610,.T.);
#608 = VERTEX_POINT('',#609);
#609 = CARTESIAN_POINT('',(75.0608,9.9529,0.));
#610 = LINE('',#611,#612);
#611 = CARTESIAN_POINT('',(75.0608,9.9529,0.));
#612 = VECTOR('',#613,1.);
#613 = DIRECTION('',(0.953334898377,0.301914841532,0.));
#614 = ORIENTED_EDGE('',*,*,#615,.F.);
#615 = EDGE_CURVE('',#616,#608,#618,.T.);
#616 = VERTEX_POINT('',#617);
#617 = CARTESIAN_POINT('',(69.5058,8.2641,0.));
#618 = LINE('',#619,#620);
#619 = CARTESIAN_POINT('',(69.5058,8.2641,0.));
#620 = VECTOR('',#621,1.);
#621 = DIRECTION('',(0.95676269458,0.290869637913,0.));
#622 = ORIENTED_EDGE('',*,*,#623,.F.);
#623 = EDGE_CURVE('',#624,#616,#626,.T.);
#624 = VERTEX_POINT('',#625);
#625 = CARTESIAN_POINT('',(63.9509,6.6343,0.));
#626 = LINE('',#627,#628);
#627 = CARTESIAN_POINT('',(63.9509,6.6343,0.));
#628 = VECTOR('',#629,1.);
#629 = DIRECTION('',(0.959552059394,0.28153125104,0.));
#630 = ORIENTED_EDGE('',*,*,#631,.F.);
#631 = EDGE_CURVE('',#632,#624,#634,.T.);
#632 = VERTEX_POINT('',#633);
#633 = CARTESIAN_POINT('',(58.396,5.0522,0.));
#634 = LINE('',#635,#636);
#635 = CARTESIAN_POINT('',(58.396,5.0522,0.));
#636 = VECTOR('',#637,1.);
#637 = DIRECTION('',(0.961752936119,0.273918400013,0.));
#638 = ORIENTED_EDGE('',*,*,#639,.F.);
#639 = EDGE_CURVE('',#640,#632,#642,.T.);
#640 = VERTEX_POINT('',#641);
#641 = CARTESIAN_POINT('',(52.8411,3.5066,0.));
#642 = LINE('',#643,#644);
#643 = CARTESIAN_POINT('',(52.8411,3.5066,0.));
#644 = VECTOR('',#645,1.);
#645 = DIRECTION('',(0.963402778411,0.268057991019,0.));
#646 = ORIENTED_EDGE('',*,*,#647,.F.);
#647 = EDGE_CURVE('',#648,#640,#650,.T.);
#648 = VERTEX_POINT('',#649);
#649 = CARTESIAN_POINT('',(47.2862,1.9862,0.));
#650 = LINE('',#651,#652);
#651 = CARTESIAN_POINT('',(47.2862,1.9862,0.));
#652 = VECTOR('',#653,1.);
#653 = DIRECTION('',(0.964524207124,0.263994420154,0.));
#654 = ORIENTED_EDGE('',*,*,#655,.F.);
#655 = EDGE_CURVE('',#656,#648,#658,.T.);
#656 = VERTEX_POINT('',#657);
#657 = CARTESIAN_POINT('',(41.7313,0.4796,0.));
#658 = LINE('',#659,#660);
#659 = CARTESIAN_POINT('',(41.7313,0.4796,0.));
#660 = VECTOR('',#661,1.);
#661 = DIRECTION('',(0.965132144533,0.261763144063,0.));
#662 = ORIENTED_EDGE('',*,*,#663,.F.);
#663 = EDGE_CURVE('',#664,#656,#666,.T.);
#664 = VERTEX_POINT('',#665);
#665 = CARTESIAN_POINT('',(36.1764,-1.0243,0.));
#666 = LINE('',#667,#668);
#667 = CARTESIAN_POINT('',(36.1764,-1.0243,0.));
#668 = VECTOR('',#669,1.);
#669 = DIRECTION('',(0.965250574111,0.261326097392,0.));
#670 = ORIENTED_EDGE('',*,*,#671,.F.);
#671 = EDGE_CURVE('',#672,#664,#674,.T.);
#672 = VERTEX_POINT('',#673);
#673 = CARTESIAN_POINT('',(30.6215,-2.5369,0.));
#674 = LINE('',#675,#676);
#675 = CARTESIAN_POINT('',(30.6215,-2.5369,0.));
#676 = VECTOR('',#677,1.);
#677 = DIRECTION('',(0.964868363895,0.262733782287,0.));
#678 = ORIENTED_EDGE('',*,*,#679,.F.);
#679 = EDGE_CURVE('',#680,#672,#682,.T.);
#680 = VERTEX_POINT('',#681);
#681 = CARTESIAN_POINT('',(25.0666,-4.0695,0.));
#682 = LINE('',#683,#684);
#683 = CARTESIAN_POINT('',(25.0666,-4.0695,0.));
#684 = VECTOR('',#685,1.);
#685 = DIRECTION('',(0.963983106587,0.265963475338,0.));
#686 = ORIENTED_EDGE('',*,*,#687,.F.);
#687 = EDGE_CURVE('',#688,#680,#690,.T.);
#688 = VERTEX_POINT('',#689);
#689 = CARTESIAN_POINT('',(19.5117,-5.6333,0.));
#690 = LINE('',#691,#692);
#691 = CARTESIAN_POINT('',(19.5117,-5.6333,0.));
#692 = VECTOR('',#693,1.);
#693 = DIRECTION('',(0.962583870308,0.270983934254,0.));
#694 = ORIENTED_EDGE('',*,*,#695,.F.);
#695 = EDGE_CURVE('',#696,#688,#698,.T.);
#696 = VERTEX_POINT('',#697);
#697 = CARTESIAN_POINT('',(13.9568,-7.2397,0.));
#698 = LINE('',#699,#700);
#699 = CARTESIAN_POINT('',(13.9568,-7.2397,0.));
#700 = VECTOR('',#701,1.);
#701 = DIRECTION('',(0.960638012621,0.277803183401,0.));
#702 = ORIENTED_EDGE('',*,*,#703,.F.);
#703 = EDGE_CURVE('',#704,#696,#706,.T.);
#704 = VERTEX_POINT('',#705);
#705 = CARTESIAN_POINT('',(8.4019,-8.8999,0.));
#706 = LINE('',#707,#708);
#707 = CARTESIAN_POINT('',(8.4019,-8.8999,0.));
#708 = VECTOR('',#709,1.);
#709 = DIRECTION('',(0.95812342246,0.286355561031,0.));
#710 = ORIENTED_EDGE('',*,*,#711,.F.);
#711 = EDGE_CURVE('',#712,#704,#714,.T.);
#712 = VERTEX_POINT('',#713);
#713 = CARTESIAN_POINT('',(2.847,-10.6252,0.));
#714 = LINE('',#715,#716);
#715 = CARTESIAN_POINT('',(2.847,-10.6252,0.));
#716 = VECTOR('',#717,1.);
#717 = DIRECTION('',(0.954997657014,0.296613342751,0.));
#718 = ORIENTED_EDGE('',*,*,#719,.F.);
#719 = EDGE_CURVE('',#24,#712,#720,.T.);
#720 = LINE('',#721,#722);
#721 = CARTESIAN_POINT('',(-0.,-11.,0.));
#722 = VECTOR('',#723,1.);
#723 = DIRECTION('',(0.991445522055,0.13052117375,0.));
#724 = FACE_BOUND('',#725,.T.);
#725 = EDGE_LOOP('',(#726,#736,#744,#752,#760,#768,#776,#784,#792,#800,
    #808,#816));
#726 = ORIENTED_EDGE('',*,*,#727,.F.);
#727 = EDGE_CURVE('',#728,#730,#732,.T.);
#728 = VERTEX_POINT('',#729);
#729 = CARTESIAN_POINT('',(65.,16.75,0.));
#730 = VERTEX_POINT('',#731);
#731 = CARTESIAN_POINT('',(66.5,16.75,0.));
#732 = LINE('',#733,#734);
#733 = CARTESIAN_POINT('',(64.955960343397,16.75,0.));
#734 = VECTOR('',#735,1.);
#735 = DIRECTION('',(1.,0.,-0.));
#736 = ORIENTED_EDGE('',*,*,#737,.T.);
#737 = EDGE_CURVE('',#728,#738,#740,.T.);
#738 = VERTEX_POINT('',#739);
#739 = CARTESIAN_POINT('',(65.,14.75,0.));
#740 = LINE('',#741,#742);
#741 = CARTESIAN_POINT('',(65.,15.751450297868,0.));
#742 = VECTOR('',#743,1.);
#743 = DIRECTION('',(0.,-1.,0.));
#744 = ORIENTED_EDGE('',*,*,#745,.T.);
#745 = EDGE_CURVE('',#738,#746,#748,.T.);
#746 = VERTEX_POINT('',#747);
#747 = CARTESIAN_POINT('',(66.5,14.75,0.));
#748 = LINE('',#749,#750);
#749 = CARTESIAN_POINT('',(64.955960343397,14.75,0.));
#750 = VECTOR('',#751,1.);
#751 = DIRECTION('',(1.,0.,-0.));
#752 = ORIENTED_EDGE('',*,*,#753,.T.);
#753 = EDGE_CURVE('',#746,#754,#756,.T.);
#754 = VERTEX_POINT('',#755);
#755 = CARTESIAN_POINT('',(66.5,13.25,0.));
#756 = LINE('',#757,#758);
#757 = CARTESIAN_POINT('',(66.5,15.001450297868,0.));
#758 = VECTOR('',#759,1.);
#759 = DIRECTION('',(0.,-1.,0.));
#760 = ORIENTED_EDGE('',*,*,#761,.T.);
#761 = EDGE_CURVE('',#754,#762,#764,.T.);
#762 = VERTEX_POINT('',#763);
#763 = CARTESIAN_POINT('',(68.5,13.25,0.));
#764 = LINE('',#765,#766);
#765 = CARTESIAN_POINT('',(65.705960343397,13.25,0.));
#766 = VECTOR('',#767,1.);
#767 = DIRECTION('',(1.,0.,-0.));
#768 = ORIENTED_EDGE('',*,*,#769,.F.);
#769 = EDGE_CURVE('',#770,#762,#772,.T.);
#770 = VERTEX_POINT('',#771);
#771 = CARTESIAN_POINT('',(68.5,14.75,0.));
#772 = LINE('',#773,#774);
#773 = CARTESIAN_POINT('',(68.5,15.001450297868,0.));
#774 = VECTOR('',#775,1.);
#775 = DIRECTION('',(0.,-1.,0.));
#776 = ORIENTED_EDGE('',*,*,#777,.T.);
#777 = EDGE_CURVE('',#770,#778,#780,.T.);
#778 = VERTEX_POINT('',#779);
#779 = CARTESIAN_POINT('',(70.,14.75,0.));
#780 = LINE('',#781,#782);
#781 = CARTESIAN_POINT('',(64.955960343397,14.75,0.));
#782 = VECTOR('',#783,1.);
#783 = DIRECTION('',(1.,0.,-0.));
#784 = ORIENTED_EDGE('',*,*,#785,.F.);
#785 = EDGE_CURVE('',#786,#778,#788,.T.);
#786 = VERTEX_POINT('',#787);
#787 = CARTESIAN_POINT('',(70.,16.75,0.));
#788 = LINE('',#789,#790);
#789 = CARTESIAN_POINT('',(70.,15.751450297868,0.));
#790 = VECTOR('',#791,1.);
#791 = DIRECTION('',(0.,-1.,0.));
#792 = ORIENTED_EDGE('',*,*,#793,.F.);
#793 = EDGE_CURVE('',#794,#786,#796,.T.);
#794 = VERTEX_POINT('',#795);
#795 = CARTESIAN_POINT('',(68.5,16.75,0.));
#796 = LINE('',#797,#798);
#797 = CARTESIAN_POINT('',(64.955960343397,16.75,0.));
#798 = VECTOR('',#799,1.);
#799 = DIRECTION('',(1.,0.,-0.));
#800 = ORIENTED_EDGE('',*,*,#801,.F.);
#801 = EDGE_CURVE('',#802,#794,#804,.T.);
#802 = VERTEX_POINT('',#803);
#803 = CARTESIAN_POINT('',(68.5,18.25,0.));
#804 = LINE('',#805,#806);
#805 = CARTESIAN_POINT('',(68.5,15.001450297868,0.));
#806 = VECTOR('',#807,1.);
#807 = DIRECTION('',(0.,-1.,0.));
#808 = ORIENTED_EDGE('',*,*,#809,.F.);
#809 = EDGE_CURVE('',#810,#802,#812,.T.);
#810 = VERTEX_POINT('',#811);
#811 = CARTESIAN_POINT('',(66.5,18.25,0.));
#812 = LINE('',#813,#814);
#813 = CARTESIAN_POINT('',(65.705960343397,18.25,0.));
#814 = VECTOR('',#815,1.);
#815 = DIRECTION('',(1.,0.,-0.));
#816 = ORIENTED_EDGE('',*,*,#817,.T.);
#817 = EDGE_CURVE('',#810,#730,#818,.T.);
#818 = LINE('',#819,#820);
#819 = CARTESIAN_POINT('',(66.5,15.001450297868,0.));
#820 = VECTOR('',#821,1.);
#821 = DIRECTION('',(0.,-1.,0.));
#822 = FACE_BOUND('',#823,.T.);
#823 = EDGE_LOOP('',(#824));
#824 = ORIENTED_EDGE('',*,*,#825,.T.);
#825 = EDGE_CURVE('',#826,#826,#828,.T.);
#826 = VERTEX_POINT('',#827);
#827 = CARTESIAN_POINT('',(52.39540976904,14.783996933855,0.));
#828 = CIRCLE('',#829,2.45);
#829 = AXIS2_PLACEMENT_3D('',#830,#831,#832);
#830 = CARTESIAN_POINT('',(49.94540976904,14.783996933855,0.));
#831 = DIRECTION('',(0.,0.,1.));
#832 = DIRECTION('',(1.,0.,-0.));
#833 = FACE_BOUND('',#834,.T.);
#834 = EDGE_LOOP('',(#835));
#835 = ORIENTED_EDGE('',*,*,#836,.T.);
#836 = EDGE_CURVE('',#837,#837,#839,.T.);
#837 = VERTEX_POINT('',#838);
#838 = CARTESIAN_POINT('',(74.897526077956,19.783103166467,0.));
#839 = CIRCLE('',#840,2.45);
#840 = AXIS2_PLACEMENT_3D('',#841,#842,#843);
#841 = CARTESIAN_POINT('',(72.447526077956,19.783103166467,0.));
#842 = DIRECTION('',(0.,0.,1.));
#843 = DIRECTION('',(1.,0.,-0.));
#844 = FACE_BOUND('',#845,.T.);
#845 = EDGE_LOOP('',(#846,#856,#864,#872,#880,#888,#896,#904,#912,#920,
    #928,#936));
#846 = ORIENTED_EDGE('',*,*,#847,.F.);
#847 = EDGE_CURVE('',#848,#850,#852,.T.);
#848 = VERTEX_POINT('',#849);
#849 = CARTESIAN_POINT('',(104.375,28.612123842593,0.));
#850 = VERTEX_POINT('',#851);
#851 = CARTESIAN_POINT('',(105.875,28.612123842593,0.));
#852 = LINE('',#853,#854);
#853 = CARTESIAN_POINT('',(84.643460343397,28.612123842593,0.));
#854 = VECTOR('',#855,1.);
#855 = DIRECTION('',(1.,0.,-0.));
#856 = ORIENTED_EDGE('',*,*,#857,.T.);
#857 = EDGE_CURVE('',#848,#858,#860,.T.);
#858 = VERTEX_POINT('',#859);
#859 = CARTESIAN_POINT('',(104.375,26.612123842593,0.));
#860 = LINE('',#861,#862);
#861 = CARTESIAN_POINT('',(104.375,21.682512219164,0.));
#862 = VECTOR('',#863,1.);
#863 = DIRECTION('',(0.,-1.,0.));
#864 = ORIENTED_EDGE('',*,*,#865,.T.);
#865 = EDGE_CURVE('',#858,#866,#868,.T.);
#866 = VERTEX_POINT('',#867);
#867 = CARTESIAN_POINT('',(105.875,26.612123842593,0.));
#868 = LINE('',#869,#870);
#869 = CARTESIAN_POINT('',(84.643460343397,26.612123842593,0.));
#870 = VECTOR('',#871,1.);
#871 = DIRECTION('',(1.,0.,-0.));
#872 = ORIENTED_EDGE('',*,*,#873,.T.);
#873 = EDGE_CURVE('',#866,#874,#876,.T.);
#874 = VERTEX_POINT('',#875);
#875 = CARTESIAN_POINT('',(105.875,25.112123842593,0.));
#876 = LINE('',#877,#878);
#877 = CARTESIAN_POINT('',(105.875,20.932512219164,0.));
#878 = VECTOR('',#879,1.);
#879 = DIRECTION('',(0.,-1.,0.));
#880 = ORIENTED_EDGE('',*,*,#881,.T.);
#881 = EDGE_CURVE('',#874,#882,#884,.T.);
#882 = VERTEX_POINT('',#883);
#883 = CARTESIAN_POINT('',(107.875,25.112123842593,0.));
#884 = LINE('',#885,#886);
#885 = CARTESIAN_POINT('',(85.393460343397,25.112123842593,0.));
#886 = VECTOR('',#887,1.);
#887 = DIRECTION('',(1.,0.,-0.));
#888 = ORIENTED_EDGE('',*,*,#889,.F.);
#889 = EDGE_CURVE('',#890,#882,#892,.T.);
#890 = VERTEX_POINT('',#891);
#891 = CARTESIAN_POINT('',(107.875,26.612123842593,0.));
#892 = LINE('',#893,#894);
#893 = CARTESIAN_POINT('',(107.875,20.932512219164,0.));
#894 = VECTOR('',#895,1.);
#895 = DIRECTION('',(0.,-1.,0.));
#896 = ORIENTED_EDGE('',*,*,#897,.T.);
#897 = EDGE_CURVE('',#890,#898,#900,.T.);
#898 = VERTEX_POINT('',#899);
#899 = CARTESIAN_POINT('',(109.375,26.612123842593,0.));
#900 = LINE('',#901,#902);
#901 = CARTESIAN_POINT('',(84.643460343397,26.612123842593,0.));
#902 = VECTOR('',#903,1.);
#903 = DIRECTION('',(1.,0.,-0.));
#904 = ORIENTED_EDGE('',*,*,#905,.F.);
#905 = EDGE_CURVE('',#906,#898,#908,.T.);
#906 = VERTEX_POINT('',#907);
#907 = CARTESIAN_POINT('',(109.375,28.612123842593,0.));
#908 = LINE('',#909,#910);
#909 = CARTESIAN_POINT('',(109.375,21.682512219164,0.));
#910 = VECTOR('',#911,1.);
#911 = DIRECTION('',(0.,-1.,0.));
#912 = ORIENTED_EDGE('',*,*,#913,.F.);
#913 = EDGE_CURVE('',#914,#906,#916,.T.);
#914 = VERTEX_POINT('',#915);
#915 = CARTESIAN_POINT('',(107.875,28.612123842593,0.));
#916 = LINE('',#917,#918);
#917 = CARTESIAN_POINT('',(84.643460343397,28.612123842593,0.));
#918 = VECTOR('',#919,1.);
#919 = DIRECTION('',(1.,0.,-0.));
#920 = ORIENTED_EDGE('',*,*,#921,.F.);
#921 = EDGE_CURVE('',#922,#914,#924,.T.);
#922 = VERTEX_POINT('',#923);
#923 = CARTESIAN_POINT('',(107.875,30.112123842593,0.));
#924 = LINE('',#925,#926);
#925 = CARTESIAN_POINT('',(107.875,20.932512219164,0.));
#926 = VECTOR('',#927,1.);
#927 = DIRECTION('',(0.,-1.,0.));
#928 = ORIENTED_EDGE('',*,*,#929,.F.);
#929 = EDGE_CURVE('',#930,#922,#932,.T.);
#930 = VERTEX_POINT('',#931);
#931 = CARTESIAN_POINT('',(105.875,30.112123842593,0.));
#932 = LINE('',#933,#934);
#933 = CARTESIAN_POINT('',(85.393460343397,30.112123842593,0.));
#934 = VECTOR('',#935,1.);
#935 = DIRECTION('',(1.,0.,-0.));
#936 = ORIENTED_EDGE('',*,*,#937,.T.);
#937 = EDGE_CURVE('',#930,#850,#938,.T.);
#938 = LINE('',#939,#940);
#939 = CARTESIAN_POINT('',(105.875,20.932512219164,0.));
#940 = VECTOR('',#941,1.);
#941 = DIRECTION('',(0.,-1.,0.));
#942 = FACE_BOUND('',#943,.T.);
#943 = EDGE_LOOP('',(#944));
#944 = ORIENTED_EDGE('',*,*,#945,.T.);
#945 = EDGE_CURVE('',#946,#946,#948,.T.);
#946 = VERTEX_POINT('',#947);
#947 = CARTESIAN_POINT('',(102.97611277952,27.676539545784,0.));
#948 = CIRCLE('',#949,2.45);
#949 = AXIS2_PLACEMENT_3D('',#950,#951,#952);
#950 = CARTESIAN_POINT('',(100.52611277952,27.676539545784,0.));
#951 = DIRECTION('',(0.,0.,1.));
#952 = DIRECTION('',(1.,0.,-0.));
#953 = PLANE('',#954);
#954 = AXIS2_PLACEMENT_3D('',#955,#956,#957);
#955 = CARTESIAN_POINT('',(64.911920686793,16.752900595736,0.));
#956 = DIRECTION('',(-0.,-0.,-1.));
#957 = DIRECTION('',(-1.,0.,0.));
#958 = ADVANCED_FACE('',(#959,#984,#1082,#1093),#1104,.F.);
#959 = FACE_BOUND('',#960,.F.);
#960 = EDGE_LOOP('',(#961,#969,#970,#978));
#961 = ORIENTED_EDGE('',*,*,#962,.F.);
#962 = EDGE_CURVE('',#24,#963,#965,.T.);
#963 = VERTEX_POINT('',#964);
#964 = CARTESIAN_POINT('',(0.,-11.,9.));
#965 = LINE('',#966,#967);
#966 = CARTESIAN_POINT('',(-0.,-11.,0.));
#967 = VECTOR('',#968,1.);
#968 = DIRECTION('',(0.,0.,1.));
#969 = ORIENTED_EDGE('',*,*,#21,.F.);
#970 = ORIENTED_EDGE('',*,*,#971,.T.);
#971 = EDGE_CURVE('',#22,#972,#974,.T.);
#972 = VERTEX_POINT('',#973);
#973 = CARTESIAN_POINT('',(0.,11.226133908096,9.));
#974 = LINE('',#975,#976);
#975 = CARTESIAN_POINT('',(-2.22044604925E-16,11.226133908096,-0.5));
#976 = VECTOR('',#977,1.);
#977 = DIRECTION('',(0.,0.,1.));
#978 = ORIENTED_EDGE('',*,*,#979,.F.);
#979 = EDGE_CURVE('',#963,#972,#980,.T.);
#980 = LINE('',#981,#982);
#981 = CARTESIAN_POINT('',(0.,-11.62354970213,9.));
#982 = VECTOR('',#983,1.);
#983 = DIRECTION('',(-0.,1.,0.));
#984 = FACE_BOUND('',#985,.F.);
#985 = EDGE_LOOP('',(#986,#996,#1004,#1012,#1020,#1028,#1036,#1044,#1052
    ,#1060,#1068,#1076));
#986 = ORIENTED_EDGE('',*,*,#987,.T.);
#987 = EDGE_CURVE('',#988,#990,#992,.T.);
#988 = VERTEX_POINT('',#989);
#989 = CARTESIAN_POINT('',(0.,4.775,3.475));
#990 = VERTEX_POINT('',#991);
#991 = CARTESIAN_POINT('',(0.,3.275,3.475));
#992 = LINE('',#993,#994);
#993 = CARTESIAN_POINT('',(0.,-18.3625,3.475));
#994 = VECTOR('',#995,1.);
#995 = DIRECTION('',(0.,-1.,0.));
#996 = ORIENTED_EDGE('',*,*,#997,.T.);
#997 = EDGE_CURVE('',#990,#998,#1000,.T.);
#998 = VERTEX_POINT('',#999);
#999 = CARTESIAN_POINT('',(0.,3.275,5.525));
#1000 = LINE('',#1001,#1002);
#1001 = CARTESIAN_POINT('',(0.,3.275,1.2375));
#1002 = VECTOR('',#1003,1.);
#1003 = DIRECTION('',(0.,-0.,1.));
#1004 = ORIENTED_EDGE('',*,*,#1005,.F.);
#1005 = EDGE_CURVE('',#1006,#998,#1008,.T.);
#1006 = VERTEX_POINT('',#1007);
#1007 = CARTESIAN_POINT('',(0.,4.775,5.525));
#1008 = LINE('',#1009,#1010);
#1009 = CARTESIAN_POINT('',(0.,-18.3625,5.525));
#1010 = VECTOR('',#1011,1.);
#1011 = DIRECTION('',(0.,-1.,0.));
#1012 = ORIENTED_EDGE('',*,*,#1013,.T.);
#1013 = EDGE_CURVE('',#1006,#1014,#1016,.T.);
#1014 = VERTEX_POINT('',#1015);
#1015 = CARTESIAN_POINT('',(0.,4.775,7.025));
#1016 = LINE('',#1017,#1018);
#1017 = CARTESIAN_POINT('',(0.,4.775,0.4875));
#1018 = VECTOR('',#1019,1.);
#1019 = DIRECTION('',(0.,-0.,1.));
#1020 = ORIENTED_EDGE('',*,*,#1021,.F.);
#1021 = EDGE_CURVE('',#1022,#1014,#1024,.T.);
#1022 = VERTEX_POINT('',#1023);
#1023 = CARTESIAN_POINT('',(0.,6.825,7.025));
#1024 = LINE('',#1025,#1026);
#1025 = CARTESIAN_POINT('',(0.,-17.6125,7.025));
#1026 = VECTOR('',#1027,1.);
#1027 = DIRECTION('',(0.,-1.,0.));
#1028 = ORIENTED_EDGE('',*,*,#1029,.F.);
#1029 = EDGE_CURVE('',#1030,#1022,#1032,.T.);
#1030 = VERTEX_POINT('',#1031);
#1031 = CARTESIAN_POINT('',(0.,6.825,5.525));
#1032 = LINE('',#1033,#1034);
#1033 = CARTESIAN_POINT('',(0.,6.825,0.4875));
#1034 = VECTOR('',#1035,1.);
#1035 = DIRECTION('',(0.,-0.,1.));
#1036 = ORIENTED_EDGE('',*,*,#1037,.F.);
#1037 = EDGE_CURVE('',#1038,#1030,#1040,.T.);
#1038 = VERTEX_POINT('',#1039);
#1039 = CARTESIAN_POINT('',(0.,8.325,5.525));
#1040 = LINE('',#1041,#1042);
#1041 = CARTESIAN_POINT('',(0.,-18.3625,5.525));
#1042 = VECTOR('',#1043,1.);
#1043 = DIRECTION('',(0.,-1.,0.));
#1044 = ORIENTED_EDGE('',*,*,#1045,.F.);
#1045 = EDGE_CURVE('',#1046,#1038,#1048,.T.);
#1046 = VERTEX_POINT('',#1047);
#1047 = CARTESIAN_POINT('',(0.,8.325,3.475));
#1048 = LINE('',#1049,#1050);
#1049 = CARTESIAN_POINT('',(0.,8.325,1.2375));
#1050 = VECTOR('',#1051,1.);
#1051 = DIRECTION('',(0.,-0.,1.));
#1052 = ORIENTED_EDGE('',*,*,#1053,.T.);
#1053 = EDGE_CURVE('',#1046,#1054,#1056,.T.);
#1054 = VERTEX_POINT('',#1055);
#1055 = CARTESIAN_POINT('',(0.,6.825,3.475));
#1056 = LINE('',#1057,#1058);
#1057 = CARTESIAN_POINT('',(0.,-18.3625,3.475));
#1058 = VECTOR('',#1059,1.);
#1059 = DIRECTION('',(0.,-1.,0.));
#1060 = ORIENTED_EDGE('',*,*,#1061,.F.);
#1061 = EDGE_CURVE('',#1062,#1054,#1064,.T.);
#1062 = VERTEX_POINT('',#1063);
#1063 = CARTESIAN_POINT('',(0.,6.825,1.975));
#1064 = LINE('',#1065,#1066);
#1065 = CARTESIAN_POINT('',(0.,6.825,0.4875));
#1066 = VECTOR('',#1067,1.);
#1067 = DIRECTION('',(0.,-0.,1.));
#1068 = ORIENTED_EDGE('',*,*,#1069,.T.);
#1069 = EDGE_CURVE('',#1062,#1070,#1072,.T.);
#1070 = VERTEX_POINT('',#1071);
#1071 = CARTESIAN_POINT('',(0.,4.775,1.975));
#1072 = LINE('',#1073,#1074);
#1073 = CARTESIAN_POINT('',(0.,-17.6125,1.975));
#1074 = VECTOR('',#1075,1.);
#1075 = DIRECTION('',(0.,-1.,0.));
#1076 = ORIENTED_EDGE('',*,*,#1077,.T.);
#1077 = EDGE_CURVE('',#1070,#988,#1078,.T.);
#1078 = LINE('',#1079,#1080);
#1079 = CARTESIAN_POINT('',(0.,4.775,0.4875));
#1080 = VECTOR('',#1081,1.);
#1081 = DIRECTION('',(0.,-0.,1.));
#1082 = FACE_BOUND('',#1083,.F.);
#1083 = EDGE_LOOP('',(#1084));
#1084 = ORIENTED_EDGE('',*,*,#1085,.F.);
#1085 = EDGE_CURVE('',#1086,#1086,#1088,.T.);
#1086 = VERTEX_POINT('',#1087);
#1087 = CARTESIAN_POINT('',(0.,2.65,3.3));
#1088 = CIRCLE('',#1089,1.2);
#1089 = AXIS2_PLACEMENT_3D('',#1090,#1091,#1092);
#1090 = CARTESIAN_POINT('',(0.,1.45,3.3));
#1091 = DIRECTION('',(1.,0.,0.));
#1092 = DIRECTION('',(-0.,1.,0.));
#1093 = FACE_BOUND('',#1094,.F.);
#1094 = EDGE_LOOP('',(#1095));
#1095 = ORIENTED_EDGE('',*,*,#1096,.F.);
#1096 = EDGE_CURVE('',#1097,#1097,#1099,.T.);
#1097 = VERTEX_POINT('',#1098);
#1098 = CARTESIAN_POINT('',(0.,-2.725,4.5));
#1099 = CIRCLE('',#1100,2.475);
#1100 = AXIS2_PLACEMENT_3D('',#1101,#1102,#1103);
#1101 = CARTESIAN_POINT('',(0.,-5.2,4.5));
#1102 = DIRECTION('',(1.,0.,0.));
#1103 = DIRECTION('',(-0.,1.,0.));
#1104 = PLANE('',#1105);
#1105 = AXIS2_PLACEMENT_3D('',#1106,#1107,#1108);
#1106 = CARTESIAN_POINT('',(0.,-40.,-1.));
#1107 = DIRECTION('',(1.,0.,-0.));
#1108 = DIRECTION('',(0.,0.,1.));
#1109 = ADVANCED_FACE('',(#1110),#1128,.F.);
#1110 = FACE_BOUND('',#1111,.F.);
#1111 = EDGE_LOOP('',(#1112,#1113,#1121,#1127));
#1112 = ORIENTED_EDGE('',*,*,#31,.F.);
#1113 = ORIENTED_EDGE('',*,*,#1114,.T.);
#1114 = EDGE_CURVE('',#32,#1115,#1117,.T.);
#1115 = VERTEX_POINT('',#1116);
#1116 = CARTESIAN_POINT('',(2.8481,11.8273,9.));
#1117 = LINE('',#1118,#1119);
#1118 = CARTESIAN_POINT('',(2.8481,11.8273,0.));
#1119 = VECTOR('',#1120,1.);
#1120 = DIRECTION('',(0.,0.,1.));
#1121 = ORIENTED_EDGE('',*,*,#1122,.T.);
#1122 = EDGE_CURVE('',#1115,#972,#1123,.T.);
#1123 = LINE('',#1124,#1125);
#1124 = CARTESIAN_POINT('',(2.8481,11.8273,9.));
#1125 = VECTOR('',#1126,1.);
#1126 = DIRECTION('',(-0.978441189525,-0.206525636763,0.));
#1127 = ORIENTED_EDGE('',*,*,#971,.F.);
#1128 = PLANE('',#1129);
#1129 = AXIS2_PLACEMENT_3D('',#1130,#1131,#1132);
#1130 = CARTESIAN_POINT('',(2.8481,11.8273,0.));
#1131 = DIRECTION('',(0.206525636763,-0.978441189525,0.));
#1132 = DIRECTION('',(-0.978441189525,-0.206525636763,0.));
#1133 = ADVANCED_FACE('',(#1134),#1152,.F.);
#1134 = FACE_BOUND('',#1135,.F.);
#1135 = EDGE_LOOP('',(#1136,#1137,#1145,#1151));
#1136 = ORIENTED_EDGE('',*,*,#962,.T.);
#1137 = ORIENTED_EDGE('',*,*,#1138,.T.);
#1138 = EDGE_CURVE('',#963,#1139,#1141,.T.);
#1139 = VERTEX_POINT('',#1140);
#1140 = CARTESIAN_POINT('',(2.847,-10.6252,9.));
#1141 = LINE('',#1142,#1143);
#1142 = CARTESIAN_POINT('',(0.,-11.,9.));
#1143 = VECTOR('',#1144,1.);
#1144 = DIRECTION('',(0.991445522055,0.13052117375,0.));
#1145 = ORIENTED_EDGE('',*,*,#1146,.F.);
#1146 = EDGE_CURVE('',#712,#1139,#1147,.T.);
#1147 = LINE('',#1148,#1149);
#1148 = CARTESIAN_POINT('',(2.847,-10.6252,0.));
#1149 = VECTOR('',#1150,1.);
#1150 = DIRECTION('',(0.,0.,1.));
#1151 = ORIENTED_EDGE('',*,*,#719,.F.);
#1152 = PLANE('',#1153);
#1153 = AXIS2_PLACEMENT_3D('',#1154,#1155,#1156);
#1154 = CARTESIAN_POINT('',(0.,-11.,0.));
#1155 = DIRECTION('',(-0.13052117375,0.991445522055,0.));
#1156 = DIRECTION('',(0.991445522055,0.13052117375,0.));
#1157 = ADVANCED_FACE('',(#1158),#1176,.F.);
#1158 = FACE_BOUND('',#1159,.F.);
#1159 = EDGE_LOOP('',(#1160,#1168,#1174,#1175));
#1160 = ORIENTED_EDGE('',*,*,#1161,.T.);
#1161 = EDGE_CURVE('',#40,#1162,#1164,.T.);
#1162 = VERTEX_POINT('',#1163);
#1163 = CARTESIAN_POINT('',(8.5432,12.9642,9.));
#1164 = LINE('',#1165,#1166);
#1165 = CARTESIAN_POINT('',(8.5432,12.9642,0.));
#1166 = VECTOR('',#1167,1.);
#1167 = DIRECTION('',(0.,0.,1.));
#1168 = ORIENTED_EDGE('',*,*,#1169,.T.);
#1169 = EDGE_CURVE('',#1162,#1115,#1170,.T.);
#1170 = LINE('',#1171,#1172);
#1171 = CARTESIAN_POINT('',(8.5432,12.9642,9.));
#1172 = VECTOR('',#1173,1.);
#1173 = DIRECTION('',(-0.980650814233,-0.195765115749,0.));
#1174 = ORIENTED_EDGE('',*,*,#1114,.F.);
#1175 = ORIENTED_EDGE('',*,*,#39,.F.);
#1176 = PLANE('',#1177);
#1177 = AXIS2_PLACEMENT_3D('',#1178,#1179,#1180);
#1178 = CARTESIAN_POINT('',(8.5432,12.9642,0.));
#1179 = DIRECTION('',(0.195765115749,-0.980650814233,0.));
#1180 = DIRECTION('',(-0.980650814233,-0.195765115749,0.));
#1181 = ADVANCED_FACE('',(#1182),#1200,.F.);
#1182 = FACE_BOUND('',#1183,.F.);
#1183 = EDGE_LOOP('',(#1184,#1185,#1193,#1199));
#1184 = ORIENTED_EDGE('',*,*,#1146,.T.);
#1185 = ORIENTED_EDGE('',*,*,#1186,.T.);
#1186 = EDGE_CURVE('',#1139,#1187,#1189,.T.);
#1187 = VERTEX_POINT('',#1188);
#1188 = CARTESIAN_POINT('',(8.4019,-8.8999,9.));
#1189 = LINE('',#1190,#1191);
#1190 = CARTESIAN_POINT('',(2.847,-10.6252,9.));
#1191 = VECTOR('',#1192,1.);
#1192 = DIRECTION('',(0.954997657014,0.296613342751,0.));
#1193 = ORIENTED_EDGE('',*,*,#1194,.F.);
#1194 = EDGE_CURVE('',#704,#1187,#1195,.T.);
#1195 = LINE('',#1196,#1197);
#1196 = CARTESIAN_POINT('',(8.4019,-8.8999,0.));
#1197 = VECTOR('',#1198,1.);
#1198 = DIRECTION('',(0.,0.,1.));
#1199 = ORIENTED_EDGE('',*,*,#711,.F.);
#1200 = PLANE('',#1201);
#1201 = AXIS2_PLACEMENT_3D('',#1202,#1203,#1204);
#1202 = CARTESIAN_POINT('',(2.847,-10.6252,0.));
#1203 = DIRECTION('',(-0.296613342751,0.954997657014,0.));
#1204 = DIRECTION('',(0.954997657014,0.296613342751,0.));
#1205 = ADVANCED_FACE('',(#1206),#1224,.F.);
#1206 = FACE_BOUND('',#1207,.F.);
#1207 = EDGE_LOOP('',(#1208,#1216,#1222,#1223));
#1208 = ORIENTED_EDGE('',*,*,#1209,.T.);
#1209 = EDGE_CURVE('',#48,#1210,#1212,.T.);
#1210 = VERTEX_POINT('',#1211);
#1211 = CARTESIAN_POINT('',(14.2383,14.0474,9.));
#1212 = LINE('',#1213,#1214);
#1213 = CARTESIAN_POINT('',(14.2383,14.0474,0.));
#1214 = VECTOR('',#1215,1.);
#1215 = DIRECTION('',(0.,0.,1.));
#1216 = ORIENTED_EDGE('',*,*,#1217,.T.);
#1217 = EDGE_CURVE('',#1210,#1162,#1218,.T.);
#1218 = LINE('',#1219,#1220);
#1219 = CARTESIAN_POINT('',(14.2383,14.0474,9.));
#1220 = VECTOR('',#1221,1.);
#1221 = DIRECTION('',(-0.982388657266,-0.186848939185,0.));
#1222 = ORIENTED_EDGE('',*,*,#1161,.F.);
#1223 = ORIENTED_EDGE('',*,*,#47,.F.);
#1224 = PLANE('',#1225);
#1225 = AXIS2_PLACEMENT_3D('',#1226,#1227,#1228);
#1226 = CARTESIAN_POINT('',(14.2383,14.0474,0.));
#1227 = DIRECTION('',(0.186848939185,-0.982388657266,0.));
#1228 = DIRECTION('',(-0.982388657266,-0.186848939185,0.));
#1229 = ADVANCED_FACE('',(#1230),#1265,.F.);
#1230 = FACE_BOUND('',#1231,.F.);
#1231 = EDGE_LOOP('',(#1232,#1233,#1234,#1242,#1250,#1259));
#1232 = ORIENTED_EDGE('',*,*,#703,.F.);
#1233 = ORIENTED_EDGE('',*,*,#1194,.T.);
#1234 = ORIENTED_EDGE('',*,*,#1235,.T.);
#1235 = EDGE_CURVE('',#1187,#1236,#1238,.T.);
#1236 = VERTEX_POINT('',#1237);
#1237 = CARTESIAN_POINT('',(13.9568,-7.2397,9.));
#1238 = LINE('',#1239,#1240);
#1239 = CARTESIAN_POINT('',(8.4019,-8.8999,9.));
#1240 = VECTOR('',#1241,1.);
#1241 = DIRECTION('',(0.95812342246,0.286355561031,0.));
#1242 = ORIENTED_EDGE('',*,*,#1243,.F.);
#1243 = EDGE_CURVE('',#1244,#1236,#1246,.T.);
#1244 = VERTEX_POINT('',#1245);
#1245 = CARTESIAN_POINT('',(13.9568,-7.2397,5.901873357333));
#1246 = LINE('',#1247,#1248);
#1247 = CARTESIAN_POINT('',(13.9568,-7.2397,0.));
#1248 = VECTOR('',#1249,1.);
#1249 = DIRECTION('',(0.,0.,1.));
#1250 = ORIENTED_EDGE('',*,*,#1251,.F.);
#1251 = EDGE_CURVE('',#1252,#1244,#1254,.T.);
#1252 = VERTEX_POINT('',#1253);
#1253 = CARTESIAN_POINT('',(13.9568,-7.2397,3.098126642667));
#1254 = ELLIPSE('',#1255,8.643100874637,2.475);
#1255 = AXIS2_PLACEMENT_3D('',#1256,#1257,#1258);
#1256 = CARTESIAN_POINT('',(20.78147746657,-5.2,4.5));
#1257 = DIRECTION('',(-0.286355561031,0.95812342246,0.));
#1258 = DIRECTION('',(0.95812342246,0.286355561031,0.));
#1259 = ORIENTED_EDGE('',*,*,#1260,.F.);
#1260 = EDGE_CURVE('',#696,#1252,#1261,.T.);
#1261 = LINE('',#1262,#1263);
#1262 = CARTESIAN_POINT('',(13.9568,-7.2397,0.));
#1263 = VECTOR('',#1264,1.);
#1264 = DIRECTION('',(0.,0.,1.));
#1265 = PLANE('',#1266);
#1266 = AXIS2_PLACEMENT_3D('',#1267,#1268,#1269);
#1267 = CARTESIAN_POINT('',(8.4019,-8.8999,0.));
#1268 = DIRECTION('',(-0.286355561031,0.95812342246,0.));
#1269 = DIRECTION('',(0.95812342246,0.286355561031,0.));
#1270 = ADVANCED_FACE('',(#1271),#1289,.F.);
#1271 = FACE_BOUND('',#1272,.F.);
#1272 = EDGE_LOOP('',(#1273,#1281,#1287,#1288));
#1273 = ORIENTED_EDGE('',*,*,#1274,.T.);
#1274 = EDGE_CURVE('',#56,#1275,#1277,.T.);
#1275 = VERTEX_POINT('',#1276);
#1276 = CARTESIAN_POINT('',(19.9334,15.088,9.));
#1277 = LINE('',#1278,#1279);
#1278 = CARTESIAN_POINT('',(19.9334,15.088,0.));
#1279 = VECTOR('',#1280,1.);
#1280 = DIRECTION('',(0.,0.,1.));
#1281 = ORIENTED_EDGE('',*,*,#1282,.T.);
#1282 = EDGE_CURVE('',#1275,#1210,#1283,.T.);
#1283 = LINE('',#1284,#1285);
#1284 = CARTESIAN_POINT('',(19.9334,15.088,9.));
#1285 = VECTOR('',#1286,1.);
#1286 = DIRECTION('',(-0.9837136652,-0.179742662992,0.));
#1287 = ORIENTED_EDGE('',*,*,#1209,.F.);
#1288 = ORIENTED_EDGE('',*,*,#55,.F.);
#1289 = PLANE('',#1290);
#1290 = AXIS2_PLACEMENT_3D('',#1291,#1292,#1293);
#1291 = CARTESIAN_POINT('',(19.9334,15.088,0.));
#1292 = DIRECTION('',(0.179742662992,-0.9837136652,0.));
#1293 = DIRECTION('',(-0.9837136652,-0.179742662992,0.));
#1294 = ADVANCED_FACE('',(#1295),#1338,.F.);
#1295 = FACE_BOUND('',#1296,.F.);
#1296 = EDGE_LOOP('',(#1297,#1298,#1299,#1308,#1316,#1323,#1324,#1332));
#1297 = ORIENTED_EDGE('',*,*,#695,.F.);
#1298 = ORIENTED_EDGE('',*,*,#1260,.T.);
#1299 = ORIENTED_EDGE('',*,*,#1300,.F.);
#1300 = EDGE_CURVE('',#1301,#1252,#1303,.T.);
#1301 = VERTEX_POINT('',#1302);
#1302 = CARTESIAN_POINT('',(16.8,-6.417486012349,2.345155966263));
#1303 = ELLIPSE('',#1304,8.909185163754,2.475);
#1304 = AXIS2_PLACEMENT_3D('',#1305,#1306,#1307);
#1305 = CARTESIAN_POINT('',(21.010042984313,-5.2,4.5));
#1306 = DIRECTION('',(-0.277803183401,0.960638012621,0.));
#1307 = DIRECTION('',(0.960638012621,0.277803183401,0.));
#1308 = ORIENTED_EDGE('',*,*,#1309,.F.);
#1309 = EDGE_CURVE('',#1310,#1301,#1312,.T.);
#1310 = VERTEX_POINT('',#1311);
#1311 = CARTESIAN_POINT('',(16.8,-6.417486012349,6.654844033737));
#1312 = LINE('',#1313,#1314);
#1313 = CARTESIAN_POINT('',(16.8,-6.417486012349,2.25));
#1314 = VECTOR('',#1315,1.);
#1315 = DIRECTION('',(0.,0.,-1.));
#1316 = ORIENTED_EDGE('',*,*,#1317,.F.);
#1317 = EDGE_CURVE('',#1244,#1310,#1318,.T.);
#1318 = ELLIPSE('',#1319,8.909185163754,2.475);
#1319 = AXIS2_PLACEMENT_3D('',#1320,#1321,#1322);
#1320 = CARTESIAN_POINT('',(21.010042984313,-5.2,4.5));
#1321 = DIRECTION('',(-0.277803183401,0.960638012621,0.));
#1322 = DIRECTION('',(0.960638012621,0.277803183401,0.));
#1323 = ORIENTED_EDGE('',*,*,#1243,.T.);
#1324 = ORIENTED_EDGE('',*,*,#1325,.T.);
#1325 = EDGE_CURVE('',#1236,#1326,#1328,.T.);
#1326 = VERTEX_POINT('',#1327);
#1327 = CARTESIAN_POINT('',(19.5117,-5.6333,9.));
#1328 = LINE('',#1329,#1330);
#1329 = CARTESIAN_POINT('',(13.9568,-7.2397,9.));
#1330 = VECTOR('',#1331,1.);
#1331 = DIRECTION('',(0.960638012621,0.277803183401,0.));
#1332 = ORIENTED_EDGE('',*,*,#1333,.F.);
#1333 = EDGE_CURVE('',#688,#1326,#1334,.T.);
#1334 = LINE('',#1335,#1336);
#1335 = CARTESIAN_POINT('',(19.5117,-5.6333,0.));
#1336 = VECTOR('',#1337,1.);
#1337 = DIRECTION('',(0.,0.,1.));
#1338 = PLANE('',#1339);
#1339 = AXIS2_PLACEMENT_3D('',#1340,#1341,#1342);
#1340 = CARTESIAN_POINT('',(13.9568,-7.2397,0.));
#1341 = DIRECTION('',(-0.277803183401,0.960638012621,0.));
#1342 = DIRECTION('',(0.960638012621,0.277803183401,0.));
#1343 = ADVANCED_FACE('',(#1344),#1362,.F.);
#1344 = FACE_BOUND('',#1345,.F.);
#1345 = EDGE_LOOP('',(#1346,#1354,#1360,#1361));
#1346 = ORIENTED_EDGE('',*,*,#1347,.T.);
#1347 = EDGE_CURVE('',#64,#1348,#1350,.T.);
#1348 = VERTEX_POINT('',#1349);
#1349 = CARTESIAN_POINT('',(25.6285,16.0974,9.));
#1350 = LINE('',#1351,#1352);
#1351 = CARTESIAN_POINT('',(25.6285,16.0974,0.));
#1352 = VECTOR('',#1353,1.);
#1353 = DIRECTION('',(0.,0.,1.));
#1354 = ORIENTED_EDGE('',*,*,#1355,.T.);
#1355 = EDGE_CURVE('',#1348,#1275,#1356,.T.);
#1356 = LINE('',#1357,#1358);
#1357 = CARTESIAN_POINT('',(25.6285,16.0974,9.));
#1358 = VECTOR('',#1359,1.);
#1359 = DIRECTION('',(-0.984653613521,-0.174520088758,0.));
#1360 = ORIENTED_EDGE('',*,*,#1274,.F.);
#1361 = ORIENTED_EDGE('',*,*,#63,.F.);
#1362 = PLANE('',#1363);
#1363 = AXIS2_PLACEMENT_3D('',#1364,#1365,#1366);
#1364 = CARTESIAN_POINT('',(25.6285,16.0974,0.));
#1365 = DIRECTION('',(0.174520088758,-0.984653613521,0.));
#1366 = DIRECTION('',(-0.984653613521,-0.174520088758,0.));
#1367 = ADVANCED_FACE('',(#1368),#1386,.F.);
#1368 = FACE_BOUND('',#1369,.F.);
#1369 = EDGE_LOOP('',(#1370,#1371,#1379,#1385));
#1370 = ORIENTED_EDGE('',*,*,#1333,.T.);
#1371 = ORIENTED_EDGE('',*,*,#1372,.T.);
#1372 = EDGE_CURVE('',#1326,#1373,#1375,.T.);
#1373 = VERTEX_POINT('',#1374);
#1374 = CARTESIAN_POINT('',(25.0666,-4.0695,9.));
#1375 = LINE('',#1376,#1377);
#1376 = CARTESIAN_POINT('',(19.5117,-5.6333,9.));
#1377 = VECTOR('',#1378,1.);
#1378 = DIRECTION('',(0.962583870308,0.270983934254,0.));
#1379 = ORIENTED_EDGE('',*,*,#1380,.F.);
#1380 = EDGE_CURVE('',#680,#1373,#1381,.T.);
#1381 = LINE('',#1382,#1383);
#1382 = CARTESIAN_POINT('',(25.0666,-4.0695,0.));
#1383 = VECTOR('',#1384,1.);
#1384 = DIRECTION('',(0.,0.,1.));
#1385 = ORIENTED_EDGE('',*,*,#687,.F.);
#1386 = PLANE('',#1387);
#1387 = AXIS2_PLACEMENT_3D('',#1388,#1389,#1390);
#1388 = CARTESIAN_POINT('',(19.5117,-5.6333,0.));
#1389 = DIRECTION('',(-0.270983934254,0.962583870308,0.));
#1390 = DIRECTION('',(0.962583870308,0.270983934254,0.));
#1391 = ADVANCED_FACE('',(#1392),#1410,.F.);
#1392 = FACE_BOUND('',#1393,.F.);
#1393 = EDGE_LOOP('',(#1394,#1402,#1408,#1409));
#1394 = ORIENTED_EDGE('',*,*,#1395,.T.);
#1395 = EDGE_CURVE('',#72,#1396,#1398,.T.);
#1396 = VERTEX_POINT('',#1397);
#1397 = CARTESIAN_POINT('',(31.3236,17.0868,9.));
#1398 = LINE('',#1399,#1400);
#1399 = CARTESIAN_POINT('',(31.3236,17.0868,0.));
#1400 = VECTOR('',#1401,1.);
#1401 = DIRECTION('',(0.,0.,1.));
#1402 = ORIENTED_EDGE('',*,*,#1403,.T.);
#1403 = EDGE_CURVE('',#1396,#1348,#1404,.T.);
#1404 = LINE('',#1405,#1406);
#1405 = CARTESIAN_POINT('',(31.3236,17.0868,9.));
#1406 = VECTOR('',#1407,1.);
#1407 = DIRECTION('',(-0.98524246601,-0.171164491558,0.));
#1408 = ORIENTED_EDGE('',*,*,#1347,.F.);
#1409 = ORIENTED_EDGE('',*,*,#71,.F.);
#1410 = PLANE('',#1411);
#1411 = AXIS2_PLACEMENT_3D('',#1412,#1413,#1414);
#1412 = CARTESIAN_POINT('',(31.3236,17.0868,0.));
#1413 = DIRECTION('',(0.171164491558,-0.98524246601,0.));
#1414 = DIRECTION('',(-0.98524246601,-0.171164491558,0.));
#1415 = ADVANCED_FACE('',(#1416),#1434,.F.);
#1416 = FACE_BOUND('',#1417,.F.);
#1417 = EDGE_LOOP('',(#1418,#1419,#1427,#1433));
#1418 = ORIENTED_EDGE('',*,*,#1380,.T.);
#1419 = ORIENTED_EDGE('',*,*,#1420,.T.);
#1420 = EDGE_CURVE('',#1373,#1421,#1423,.T.);
#1421 = VERTEX_POINT('',#1422);
#1422 = CARTESIAN_POINT('',(30.6215,-2.5369,9.));
#1423 = LINE('',#1424,#1425);
#1424 = CARTESIAN_POINT('',(25.0666,-4.0695,9.));
#1425 = VECTOR('',#1426,1.);
#1426 = DIRECTION('',(0.963983106587,0.265963475338,0.));
#1427 = ORIENTED_EDGE('',*,*,#1428,.F.);
#1428 = EDGE_CURVE('',#672,#1421,#1429,.T.);
#1429 = LINE('',#1430,#1431);
#1430 = CARTESIAN_POINT('',(30.6215,-2.5369,0.));
#1431 = VECTOR('',#1432,1.);
#1432 = DIRECTION('',(0.,0.,1.));
#1433 = ORIENTED_EDGE('',*,*,#679,.F.);
#1434 = PLANE('',#1435);
#1435 = AXIS2_PLACEMENT_3D('',#1436,#1437,#1438);
#1436 = CARTESIAN_POINT('',(25.0666,-4.0695,0.));
#1437 = DIRECTION('',(-0.265963475338,0.963983106587,0.));
#1438 = DIRECTION('',(0.963983106587,0.265963475338,0.));
#1439 = ADVANCED_FACE('',(#1440),#1458,.F.);
#1440 = FACE_BOUND('',#1441,.F.);
#1441 = EDGE_LOOP('',(#1442,#1450,#1456,#1457));
#1442 = ORIENTED_EDGE('',*,*,#1443,.T.);
#1443 = EDGE_CURVE('',#80,#1444,#1446,.T.);
#1444 = VERTEX_POINT('',#1445);
#1445 = CARTESIAN_POINT('',(37.0187,18.0675,9.));
#1446 = LINE('',#1447,#1448);
#1447 = CARTESIAN_POINT('',(37.0187,18.0675,0.));
#1448 = VECTOR('',#1449,1.);
#1449 = DIRECTION('',(0.,0.,1.));
#1450 = ORIENTED_EDGE('',*,*,#1451,.T.);
#1451 = EDGE_CURVE('',#1444,#1396,#1452,.T.);
#1452 = LINE('',#1453,#1454);
#1453 = CARTESIAN_POINT('',(37.0187,18.0675,9.));
#1454 = VECTOR('',#1455,1.);
#1455 = DIRECTION('',(-0.985495262658,-0.169702938331,0.));
#1456 = ORIENTED_EDGE('',*,*,#1395,.F.);
#1457 = ORIENTED_EDGE('',*,*,#79,.F.);
#1458 = PLANE('',#1459);
#1459 = AXIS2_PLACEMENT_3D('',#1460,#1461,#1462);
#1460 = CARTESIAN_POINT('',(37.0187,18.0675,0.));
#1461 = DIRECTION('',(0.169702938331,-0.985495262658,0.));
#1462 = DIRECTION('',(-0.985495262658,-0.169702938331,0.));
#1463 = ADVANCED_FACE('',(#1464),#1482,.F.);
#1464 = FACE_BOUND('',#1465,.F.);
#1465 = EDGE_LOOP('',(#1466,#1467,#1475,#1481));
#1466 = ORIENTED_EDGE('',*,*,#1428,.T.);
#1467 = ORIENTED_EDGE('',*,*,#1468,.T.);
#1468 = EDGE_CURVE('',#1421,#1469,#1471,.T.);
#1469 = VERTEX_POINT('',#1470);
#1470 = CARTESIAN_POINT('',(36.1764,-1.0243,9.));
#1471 = LINE('',#1472,#1473);
#1472 = CARTESIAN_POINT('',(30.6215,-2.5369,9.));
#1473 = VECTOR('',#1474,1.);
#1474 = DIRECTION('',(0.964868363895,0.262733782287,0.));
#1475 = ORIENTED_EDGE('',*,*,#1476,.F.);
#1476 = EDGE_CURVE('',#664,#1469,#1477,.T.);
#1477 = LINE('',#1478,#1479);
#1478 = CARTESIAN_POINT('',(36.1764,-1.0243,0.));
#1479 = VECTOR('',#1480,1.);
#1480 = DIRECTION('',(0.,0.,1.));
#1481 = ORIENTED_EDGE('',*,*,#671,.F.);
#1482 = PLANE('',#1483);
#1483 = AXIS2_PLACEMENT_3D('',#1484,#1485,#1486);
#1484 = CARTESIAN_POINT('',(30.6215,-2.5369,0.));
#1485 = DIRECTION('',(-0.262733782287,0.964868363895,0.));
#1486 = DIRECTION('',(0.964868363895,0.262733782287,0.));
#1487 = ADVANCED_FACE('',(#1488),#1506,.F.);
#1488 = FACE_BOUND('',#1489,.F.);
#1489 = EDGE_LOOP('',(#1490,#1498,#1504,#1505));
#1490 = ORIENTED_EDGE('',*,*,#1491,.T.);
#1491 = EDGE_CURVE('',#88,#1492,#1494,.T.);
#1492 = VERTEX_POINT('',#1493);
#1493 = CARTESIAN_POINT('',(42.7138,19.0509,9.));
#1494 = LINE('',#1495,#1496);
#1495 = CARTESIAN_POINT('',(42.7138,19.0509,0.));
#1496 = VECTOR('',#1497,1.);
#1497 = DIRECTION('',(0.,0.,1.));
#1498 = ORIENTED_EDGE('',*,*,#1499,.T.);
#1499 = EDGE_CURVE('',#1492,#1444,#1500,.T.);
#1500 = LINE('',#1501,#1502);
#1501 = CARTESIAN_POINT('',(42.7138,19.0509,9.));
#1502 = VECTOR('',#1503,1.);
#1503 = DIRECTION('',(-0.985417026672,-0.170156644138,0.));
#1504 = ORIENTED_EDGE('',*,*,#1443,.F.);
#1505 = ORIENTED_EDGE('',*,*,#87,.F.);
#1506 = PLANE('',#1507);
#1507 = AXIS2_PLACEMENT_3D('',#1508,#1509,#1510);
#1508 = CARTESIAN_POINT('',(42.7138,19.0509,0.));
#1509 = DIRECTION('',(0.170156644138,-0.985417026672,0.));
#1510 = DIRECTION('',(-0.985417026672,-0.170156644138,0.));
#1511 = ADVANCED_FACE('',(#1512),#1530,.F.);
#1512 = FACE_BOUND('',#1513,.F.);
#1513 = EDGE_LOOP('',(#1514,#1515,#1523,#1529));
#1514 = ORIENTED_EDGE('',*,*,#1476,.T.);
#1515 = ORIENTED_EDGE('',*,*,#1516,.T.);
#1516 = EDGE_CURVE('',#1469,#1517,#1519,.T.);
#1517 = VERTEX_POINT('',#1518);
#1518 = CARTESIAN_POINT('',(41.7313,0.4796,9.));
#1519 = LINE('',#1520,#1521);
#1520 = CARTESIAN_POINT('',(36.1764,-1.0243,9.));
#1521 = VECTOR('',#1522,1.);
#1522 = DIRECTION('',(0.965250574111,0.261326097392,0.));
#1523 = ORIENTED_EDGE('',*,*,#1524,.F.);
#1524 = EDGE_CURVE('',#656,#1517,#1525,.T.);
#1525 = LINE('',#1526,#1527);
#1526 = CARTESIAN_POINT('',(41.7313,0.4796,0.));
#1527 = VECTOR('',#1528,1.);
#1528 = DIRECTION('',(0.,0.,1.));
#1529 = ORIENTED_EDGE('',*,*,#663,.F.);
#1530 = PLANE('',#1531);
#1531 = AXIS2_PLACEMENT_3D('',#1532,#1533,#1534);
#1532 = CARTESIAN_POINT('',(36.1764,-1.0243,0.));
#1533 = DIRECTION('',(-0.261326097392,0.965250574111,0.));
#1534 = DIRECTION('',(0.965250574111,0.261326097392,0.));
#1535 = ADVANCED_FACE('',(#1536),#1554,.F.);
#1536 = FACE_BOUND('',#1537,.F.);
#1537 = EDGE_LOOP('',(#1538,#1539,#1547,#1553));
#1538 = ORIENTED_EDGE('',*,*,#95,.F.);
#1539 = ORIENTED_EDGE('',*,*,#1540,.T.);
#1540 = EDGE_CURVE('',#96,#1541,#1543,.T.);
#1541 = VERTEX_POINT('',#1542);
#1542 = CARTESIAN_POINT('',(47.061315714352,19.81214083341,9.));
#1543 = LINE('',#1544,#1545);
#1544 = CARTESIAN_POINT('',(47.061315714352,19.81214083341,0.));
#1545 = VECTOR('',#1546,1.);
#1546 = DIRECTION('',(0.,0.,1.));
#1547 = ORIENTED_EDGE('',*,*,#1548,.T.);
#1548 = EDGE_CURVE('',#1541,#1492,#1549,.T.);
#1549 = LINE('',#1550,#1551);
#1550 = CARTESIAN_POINT('',(48.4089,20.0481,9.));
#1551 = VECTOR('',#1552,1.);
#1552 = DIRECTION('',(-0.985014089898,-0.172473889914,0.));
#1553 = ORIENTED_EDGE('',*,*,#1491,.F.);
#1554 = PLANE('',#1555);
#1555 = AXIS2_PLACEMENT_3D('',#1556,#1557,#1558);
#1556 = CARTESIAN_POINT('',(48.4089,20.0481,0.));
#1557 = DIRECTION('',(0.172473889914,-0.985014089898,0.));
#1558 = DIRECTION('',(-0.985014089898,-0.172473889914,0.));
#1559 = ADVANCED_FACE('',(#1560),#1578,.F.);
#1560 = FACE_BOUND('',#1561,.F.);
#1561 = EDGE_LOOP('',(#1562,#1563,#1571,#1577));
#1562 = ORIENTED_EDGE('',*,*,#1524,.T.);
#1563 = ORIENTED_EDGE('',*,*,#1564,.T.);
#1564 = EDGE_CURVE('',#1517,#1565,#1567,.T.);
#1565 = VERTEX_POINT('',#1566);
#1566 = CARTESIAN_POINT('',(47.2862,1.9862,9.));
#1567 = LINE('',#1568,#1569);
#1568 = CARTESIAN_POINT('',(41.7313,0.4796,9.));
#1569 = VECTOR('',#1570,1.);
#1570 = DIRECTION('',(0.965132144533,0.261763144063,0.));
#1571 = ORIENTED_EDGE('',*,*,#1572,.F.);
#1572 = EDGE_CURVE('',#648,#1565,#1573,.T.);
#1573 = LINE('',#1574,#1575);
#1574 = CARTESIAN_POINT('',(47.2862,1.9862,0.));
#1575 = VECTOR('',#1576,1.);
#1576 = DIRECTION('',(0.,0.,1.));
#1577 = ORIENTED_EDGE('',*,*,#655,.F.);
#1578 = PLANE('',#1579);
#1579 = AXIS2_PLACEMENT_3D('',#1580,#1581,#1582);
#1580 = CARTESIAN_POINT('',(41.7313,0.4796,0.));
#1581 = DIRECTION('',(-0.261763144063,0.965132144533,0.));
#1582 = DIRECTION('',(0.965132144533,0.261763144063,0.));
#1583 = ADVANCED_FACE('',(#1584),#1602,.F.);
#1584 = FACE_BOUND('',#1585,.F.);
#1585 = EDGE_LOOP('',(#1586,#1587,#1595,#1601));
#1586 = ORIENTED_EDGE('',*,*,#103,.F.);
#1587 = ORIENTED_EDGE('',*,*,#1588,.T.);
#1588 = EDGE_CURVE('',#104,#1589,#1591,.T.);
#1589 = VERTEX_POINT('',#1590);
#1590 = CARTESIAN_POINT('',(58.0745,33.6549,9.));
#1591 = LINE('',#1592,#1593);
#1592 = CARTESIAN_POINT('',(58.0745,33.6549,0.));
#1593 = VECTOR('',#1594,1.);
#1594 = DIRECTION('',(0.,0.,1.));
#1595 = ORIENTED_EDGE('',*,*,#1596,.T.);
#1596 = EDGE_CURVE('',#1589,#1541,#1597,.T.);
#1597 = LINE('',#1598,#1599);
#1598 = CARTESIAN_POINT('',(58.0745,33.6549,9.));
#1599 = VECTOR('',#1600,1.);
#1600 = DIRECTION('',(-0.622589299075,-0.782548761853,0.));
#1601 = ORIENTED_EDGE('',*,*,#1540,.F.);
#1602 = PLANE('',#1603);
#1603 = AXIS2_PLACEMENT_3D('',#1604,#1605,#1606);
#1604 = CARTESIAN_POINT('',(58.0745,33.6549,0.));
#1605 = DIRECTION('',(0.782548761853,-0.622589299075,0.));
#1606 = DIRECTION('',(-0.622589299075,-0.782548761853,0.));
#1607 = ADVANCED_FACE('',(#1608),#1626,.F.);
#1608 = FACE_BOUND('',#1609,.F.);
#1609 = EDGE_LOOP('',(#1610,#1611,#1619,#1625));
#1610 = ORIENTED_EDGE('',*,*,#1572,.T.);
#1611 = ORIENTED_EDGE('',*,*,#1612,.T.);
#1612 = EDGE_CURVE('',#1565,#1613,#1615,.T.);
#1613 = VERTEX_POINT('',#1614);
#1614 = CARTESIAN_POINT('',(52.8411,3.5066,9.));
#1615 = LINE('',#1616,#1617);
#1616 = CARTESIAN_POINT('',(47.2862,1.9862,9.));
#1617 = VECTOR('',#1618,1.);
#1618 = DIRECTION('',(0.964524207124,0.263994420154,0.));
#1619 = ORIENTED_EDGE('',*,*,#1620,.F.);
#1620 = EDGE_CURVE('',#640,#1613,#1621,.T.);
#1621 = LINE('',#1622,#1623);
#1622 = CARTESIAN_POINT('',(52.8411,3.5066,0.));
#1623 = VECTOR('',#1624,1.);
#1624 = DIRECTION('',(0.,0.,1.));
#1625 = ORIENTED_EDGE('',*,*,#647,.F.);
#1626 = PLANE('',#1627);
#1627 = AXIS2_PLACEMENT_3D('',#1628,#1629,#1630);
#1628 = CARTESIAN_POINT('',(47.2862,1.9862,0.));
#1629 = DIRECTION('',(-0.263994420154,0.964524207124,0.));
#1630 = DIRECTION('',(0.964524207124,0.263994420154,0.));
#1631 = ADVANCED_FACE('',(#1632),#1650,.F.);
#1632 = FACE_BOUND('',#1633,.F.);
#1633 = EDGE_LOOP('',(#1634,#1642,#1648,#1649));
#1634 = ORIENTED_EDGE('',*,*,#1635,.T.);
#1635 = EDGE_CURVE('',#112,#1636,#1638,.T.);
#1636 = VERTEX_POINT('',#1637);
#1637 = CARTESIAN_POINT('',(58.613,34.0681,9.));
#1638 = LINE('',#1639,#1640);
#1639 = CARTESIAN_POINT('',(58.613,34.0681,0.));
#1640 = VECTOR('',#1641,1.);
#1641 = DIRECTION('',(0.,0.,1.));
#1642 = ORIENTED_EDGE('',*,*,#1643,.T.);
#1643 = EDGE_CURVE('',#1636,#1589,#1644,.T.);
#1644 = LINE('',#1645,#1646);
#1645 = CARTESIAN_POINT('',(58.613,34.0681,9.));
#1646 = VECTOR('',#1647,1.);
#1647 = DIRECTION('',(-0.793357312799,-0.608756251901,0.));
#1648 = ORIENTED_EDGE('',*,*,#1588,.F.);
#1649 = ORIENTED_EDGE('',*,*,#111,.F.);
#1650 = PLANE('',#1651);
#1651 = AXIS2_PLACEMENT_3D('',#1652,#1653,#1654);
#1652 = CARTESIAN_POINT('',(58.613,34.0681,0.));
#1653 = DIRECTION('',(0.608756251901,-0.793357312799,0.));
#1654 = DIRECTION('',(-0.793357312799,-0.608756251901,0.));
#1655 = ADVANCED_FACE('',(#1656),#1674,.F.);
#1656 = FACE_BOUND('',#1657,.F.);
#1657 = EDGE_LOOP('',(#1658,#1659,#1667,#1673));
#1658 = ORIENTED_EDGE('',*,*,#1620,.T.);
#1659 = ORIENTED_EDGE('',*,*,#1660,.T.);
#1660 = EDGE_CURVE('',#1613,#1661,#1663,.T.);
#1661 = VERTEX_POINT('',#1662);
#1662 = CARTESIAN_POINT('',(58.396,5.0522,9.));
#1663 = LINE('',#1664,#1665);
#1664 = CARTESIAN_POINT('',(52.8411,3.5066,9.));
#1665 = VECTOR('',#1666,1.);
#1666 = DIRECTION('',(0.963402778411,0.268057991019,0.));
#1667 = ORIENTED_EDGE('',*,*,#1668,.F.);
#1668 = EDGE_CURVE('',#632,#1661,#1669,.T.);
#1669 = LINE('',#1670,#1671);
#1670 = CARTESIAN_POINT('',(58.396,5.0522,0.));
#1671 = VECTOR('',#1672,1.);
#1672 = DIRECTION('',(0.,0.,1.));
#1673 = ORIENTED_EDGE('',*,*,#639,.F.);
#1674 = PLANE('',#1675);
#1675 = AXIS2_PLACEMENT_3D('',#1676,#1677,#1678);
#1676 = CARTESIAN_POINT('',(52.8411,3.5066,0.));
#1677 = DIRECTION('',(-0.268057991019,0.963402778411,0.));
#1678 = DIRECTION('',(0.963402778411,0.268057991019,0.));
#1679 = ADVANCED_FACE('',(#1680),#1698,.F.);
#1680 = FACE_BOUND('',#1681,.F.);
#1681 = EDGE_LOOP('',(#1682,#1690,#1696,#1697));
#1682 = ORIENTED_EDGE('',*,*,#1683,.T.);
#1683 = EDGE_CURVE('',#120,#1684,#1686,.T.);
#1684 = VERTEX_POINT('',#1685);
#1685 = CARTESIAN_POINT('',(59.2401,34.3279,9.));
#1686 = LINE('',#1687,#1688);
#1687 = CARTESIAN_POINT('',(59.2401,34.3279,0.));
#1688 = VECTOR('',#1689,1.);
#1689 = DIRECTION('',(0.,0.,1.));
#1690 = ORIENTED_EDGE('',*,*,#1691,.T.);
#1691 = EDGE_CURVE('',#1684,#1636,#1692,.T.);
#1692 = LINE('',#1693,#1694);
#1693 = CARTESIAN_POINT('',(59.2401,34.3279,9.));
#1694 = VECTOR('',#1695,1.);
#1695 = DIRECTION('',(-0.923855219425,-0.382742124074,0.));
#1696 = ORIENTED_EDGE('',*,*,#1635,.F.);
#1697 = ORIENTED_EDGE('',*,*,#119,.F.);
#1698 = PLANE('',#1699);
#1699 = AXIS2_PLACEMENT_3D('',#1700,#1701,#1702);
#1700 = CARTESIAN_POINT('',(59.2401,34.3279,0.));
#1701 = DIRECTION('',(0.382742124074,-0.923855219425,0.));
#1702 = DIRECTION('',(-0.923855219425,-0.382742124074,0.));
#1703 = ADVANCED_FACE('',(#1704),#1722,.F.);
#1704 = FACE_BOUND('',#1705,.F.);
#1705 = EDGE_LOOP('',(#1706,#1707,#1715,#1721));
#1706 = ORIENTED_EDGE('',*,*,#1668,.T.);
#1707 = ORIENTED_EDGE('',*,*,#1708,.T.);
#1708 = EDGE_CURVE('',#1661,#1709,#1711,.T.);
#1709 = VERTEX_POINT('',#1710);
#1710 = CARTESIAN_POINT('',(63.9509,6.6343,9.));
#1711 = LINE('',#1712,#1713);
#1712 = CARTESIAN_POINT('',(58.396,5.0522,9.));
#1713 = VECTOR('',#1714,1.);
#1714 = DIRECTION('',(0.961752936119,0.273918400013,0.));
#1715 = ORIENTED_EDGE('',*,*,#1716,.F.);
#1716 = EDGE_CURVE('',#624,#1709,#1717,.T.);
#1717 = LINE('',#1718,#1719);
#1718 = CARTESIAN_POINT('',(63.9509,6.6343,0.));
#1719 = VECTOR('',#1720,1.);
#1720 = DIRECTION('',(0.,0.,1.));
#1721 = ORIENTED_EDGE('',*,*,#631,.F.);
#1722 = PLANE('',#1723);
#1723 = AXIS2_PLACEMENT_3D('',#1724,#1725,#1726);
#1724 = CARTESIAN_POINT('',(58.396,5.0522,0.));
#1725 = DIRECTION('',(-0.273918400013,0.961752936119,0.));
#1726 = DIRECTION('',(0.961752936119,0.273918400013,0.));
#1727 = ADVANCED_FACE('',(#1728),#1746,.F.);
#1728 = FACE_BOUND('',#1729,.F.);
#1729 = EDGE_LOOP('',(#1730,#1738,#1744,#1745));
#1730 = ORIENTED_EDGE('',*,*,#1731,.T.);
#1731 = EDGE_CURVE('',#128,#1732,#1734,.T.);
#1732 = VERTEX_POINT('',#1733);
#1733 = CARTESIAN_POINT('',(59.913,34.4165,9.));
#1734 = LINE('',#1735,#1736);
#1735 = CARTESIAN_POINT('',(59.913,34.4165,0.));
#1736 = VECTOR('',#1737,1.);
#1737 = DIRECTION('',(0.,0.,1.));
#1738 = ORIENTED_EDGE('',*,*,#1739,.T.);
#1739 = EDGE_CURVE('',#1732,#1684,#1740,.T.);
#1740 = LINE('',#1741,#1742);
#1741 = CARTESIAN_POINT('',(59.913,34.4165,9.));
#1742 = VECTOR('',#1743,1.);
#1743 = DIRECTION('',(-0.991442757316,-0.130542173129,0.));
#1744 = ORIENTED_EDGE('',*,*,#1683,.F.);
#1745 = ORIENTED_EDGE('',*,*,#127,.F.);
#1746 = PLANE('',#1747);
#1747 = AXIS2_PLACEMENT_3D('',#1748,#1749,#1750);
#1748 = CARTESIAN_POINT('',(59.913,34.4165,0.));
#1749 = DIRECTION('',(0.130542173129,-0.991442757316,0.));
#1750 = DIRECTION('',(-0.991442757316,-0.130542173129,0.));
#1751 = ADVANCED_FACE('',(#1752),#1770,.F.);
#1752 = FACE_BOUND('',#1753,.F.);
#1753 = EDGE_LOOP('',(#1754,#1755,#1763,#1769));
#1754 = ORIENTED_EDGE('',*,*,#1716,.T.);
#1755 = ORIENTED_EDGE('',*,*,#1756,.T.);
#1756 = EDGE_CURVE('',#1709,#1757,#1759,.T.);
#1757 = VERTEX_POINT('',#1758);
#1758 = CARTESIAN_POINT('',(69.5058,8.2641,9.));
#1759 = LINE('',#1760,#1761);
#1760 = CARTESIAN_POINT('',(63.9509,6.6343,9.));
#1761 = VECTOR('',#1762,1.);
#1762 = DIRECTION('',(0.959552059394,0.28153125104,0.));
#1763 = ORIENTED_EDGE('',*,*,#1764,.F.);
#1764 = EDGE_CURVE('',#616,#1757,#1765,.T.);
#1765 = LINE('',#1766,#1767);
#1766 = CARTESIAN_POINT('',(69.5058,8.2641,0.));
#1767 = VECTOR('',#1768,1.);
#1768 = DIRECTION('',(0.,0.,1.));
#1769 = ORIENTED_EDGE('',*,*,#623,.F.);
#1770 = PLANE('',#1771);
#1771 = AXIS2_PLACEMENT_3D('',#1772,#1773,#1774);
#1772 = CARTESIAN_POINT('',(63.9509,6.6343,0.));
#1773 = DIRECTION('',(-0.28153125104,0.959552059394,0.));
#1774 = DIRECTION('',(0.959552059394,0.28153125104,0.));
#1775 = ADVANCED_FACE('',(#1776),#1794,.F.);
#1776 = FACE_BOUND('',#1777,.F.);
#1777 = EDGE_LOOP('',(#1778,#1786,#1792,#1793));
#1778 = ORIENTED_EDGE('',*,*,#1779,.T.);
#1779 = EDGE_CURVE('',#136,#1780,#1782,.T.);
#1780 = VERTEX_POINT('',#1781);
#1781 = CARTESIAN_POINT('',(60.5859,34.3279,9.));
#1782 = LINE('',#1783,#1784);
#1783 = CARTESIAN_POINT('',(60.5859,34.3279,0.));
#1784 = VECTOR('',#1785,1.);
#1785 = DIRECTION('',(0.,0.,1.));
#1786 = ORIENTED_EDGE('',*,*,#1787,.T.);
#1787 = EDGE_CURVE('',#1780,#1732,#1788,.T.);
#1788 = LINE('',#1789,#1790);
#1789 = CARTESIAN_POINT('',(60.5859,34.3279,9.));
#1790 = VECTOR('',#1791,1.);
#1791 = DIRECTION('',(-0.991442757316,0.130542173129,0.));
#1792 = ORIENTED_EDGE('',*,*,#1731,.F.);
#1793 = ORIENTED_EDGE('',*,*,#135,.F.);
#1794 = PLANE('',#1795);
#1795 = AXIS2_PLACEMENT_3D('',#1796,#1797,#1798);
#1796 = CARTESIAN_POINT('',(60.5859,34.3279,0.));
#1797 = DIRECTION('',(-0.130542173129,-0.991442757316,0.));
#1798 = DIRECTION('',(-0.991442757316,0.130542173129,0.));
#1799 = ADVANCED_FACE('',(#1800),#1818,.F.);
#1800 = FACE_BOUND('',#1801,.F.);
#1801 = EDGE_LOOP('',(#1802,#1803,#1811,#1817));
#1802 = ORIENTED_EDGE('',*,*,#1764,.T.);
#1803 = ORIENTED_EDGE('',*,*,#1804,.T.);
#1804 = EDGE_CURVE('',#1757,#1805,#1807,.T.);
#1805 = VERTEX_POINT('',#1806);
#1806 = CARTESIAN_POINT('',(75.0608,9.9529,9.));
#1807 = LINE('',#1808,#1809);
#1808 = CARTESIAN_POINT('',(69.5058,8.2641,9.));
#1809 = VECTOR('',#1810,1.);
#1810 = DIRECTION('',(0.95676269458,0.290869637913,0.));
#1811 = ORIENTED_EDGE('',*,*,#1812,.F.);
#1812 = EDGE_CURVE('',#608,#1805,#1813,.T.);
#1813 = LINE('',#1814,#1815);
#1814 = CARTESIAN_POINT('',(75.0608,9.9529,0.));
#1815 = VECTOR('',#1816,1.);
#1816 = DIRECTION('',(0.,0.,1.));
#1817 = ORIENTED_EDGE('',*,*,#615,.F.);
#1818 = PLANE('',#1819);
#1819 = AXIS2_PLACEMENT_3D('',#1820,#1821,#1822);
#1820 = CARTESIAN_POINT('',(69.5058,8.2641,0.));
#1821 = DIRECTION('',(-0.290869637913,0.95676269458,0.));
#1822 = DIRECTION('',(0.95676269458,0.290869637913,0.));
#1823 = ADVANCED_FACE('',(#1824),#1842,.F.);
#1824 = FACE_BOUND('',#1825,.F.);
#1825 = EDGE_LOOP('',(#1826,#1834,#1840,#1841));
#1826 = ORIENTED_EDGE('',*,*,#1827,.T.);
#1827 = EDGE_CURVE('',#144,#1828,#1830,.T.);
#1828 = VERTEX_POINT('',#1829);
#1829 = CARTESIAN_POINT('',(61.213,34.0681,9.));
#1830 = LINE('',#1831,#1832);
#1831 = CARTESIAN_POINT('',(61.213,34.0681,0.));
#1832 = VECTOR('',#1833,1.);
#1833 = DIRECTION('',(0.,0.,1.));
#1834 = ORIENTED_EDGE('',*,*,#1835,.T.);
#1835 = EDGE_CURVE('',#1828,#1780,#1836,.T.);
#1836 = LINE('',#1837,#1838);
#1837 = CARTESIAN_POINT('',(61.213,34.0681,9.));
#1838 = VECTOR('',#1839,1.);
#1839 = DIRECTION('',(-0.923855219425,0.382742124074,0.));
#1840 = ORIENTED_EDGE('',*,*,#1779,.F.);
#1841 = ORIENTED_EDGE('',*,*,#143,.F.);
#1842 = PLANE('',#1843);
#1843 = AXIS2_PLACEMENT_3D('',#1844,#1845,#1846);
#1844 = CARTESIAN_POINT('',(61.213,34.0681,0.));
#1845 = DIRECTION('',(-0.382742124074,-0.923855219425,0.));
#1846 = DIRECTION('',(-0.923855219425,0.382742124074,0.));
#1847 = ADVANCED_FACE('',(#1848),#1866,.F.);
#1848 = FACE_BOUND('',#1849,.F.);
#1849 = EDGE_LOOP('',(#1850,#1851,#1859,#1865));
#1850 = ORIENTED_EDGE('',*,*,#1812,.T.);
#1851 = ORIENTED_EDGE('',*,*,#1852,.T.);
#1852 = EDGE_CURVE('',#1805,#1853,#1855,.T.);
#1853 = VERTEX_POINT('',#1854);
#1854 = CARTESIAN_POINT('',(80.6157,11.7121,9.));
#1855 = LINE('',#1856,#1857);
#1856 = CARTESIAN_POINT('',(75.0608,9.9529,9.));
#1857 = VECTOR('',#1858,1.);
#1858 = DIRECTION('',(0.953334898377,0.301914841532,0.));
#1859 = ORIENTED_EDGE('',*,*,#1860,.F.);
#1860 = EDGE_CURVE('',#600,#1853,#1861,.T.);
#1861 = LINE('',#1862,#1863);
#1862 = CARTESIAN_POINT('',(80.6157,11.7121,0.));
#1863 = VECTOR('',#1864,1.);
#1864 = DIRECTION('',(0.,0.,1.));
#1865 = ORIENTED_EDGE('',*,*,#607,.F.);
#1866 = PLANE('',#1867);
#1867 = AXIS2_PLACEMENT_3D('',#1868,#1869,#1870);
#1868 = CARTESIAN_POINT('',(75.0608,9.9529,0.));
#1869 = DIRECTION('',(-0.301914841532,0.953334898377,0.));
#1870 = DIRECTION('',(0.953334898377,0.301914841532,0.));
#1871 = ADVANCED_FACE('',(#1872),#1890,.F.);
#1872 = FACE_BOUND('',#1873,.F.);
#1873 = EDGE_LOOP('',(#1874,#1882,#1888,#1889));
#1874 = ORIENTED_EDGE('',*,*,#1875,.T.);
#1875 = EDGE_CURVE('',#152,#1876,#1878,.T.);
#1876 = VERTEX_POINT('',#1877);
#1877 = CARTESIAN_POINT('',(61.7515,33.6549,9.));
#1878 = LINE('',#1879,#1880);
#1879 = CARTESIAN_POINT('',(61.7515,33.6549,0.));
#1880 = VECTOR('',#1881,1.);
#1881 = DIRECTION('',(0.,0.,1.));
#1882 = ORIENTED_EDGE('',*,*,#1883,.T.);
#1883 = EDGE_CURVE('',#1876,#1828,#1884,.T.);
#1884 = LINE('',#1885,#1886);
#1885 = CARTESIAN_POINT('',(61.7515,33.6549,9.));
#1886 = VECTOR('',#1887,1.);
#1887 = DIRECTION('',(-0.793357312799,0.608756251901,0.));
#1888 = ORIENTED_EDGE('',*,*,#1827,.F.);
#1889 = ORIENTED_EDGE('',*,*,#151,.F.);
#1890 = PLANE('',#1891);
#1891 = AXIS2_PLACEMENT_3D('',#1892,#1893,#1894);
#1892 = CARTESIAN_POINT('',(61.7515,33.6549,0.));
#1893 = DIRECTION('',(-0.608756251901,-0.793357312799,0.));
#1894 = DIRECTION('',(-0.793357312799,0.608756251901,0.));
#1895 = ADVANCED_FACE('',(#1896),#1914,.F.);
#1896 = FACE_BOUND('',#1897,.F.);
#1897 = EDGE_LOOP('',(#1898,#1899,#1900,#1908));
#1898 = ORIENTED_EDGE('',*,*,#599,.F.);
#1899 = ORIENTED_EDGE('',*,*,#1860,.T.);
#1900 = ORIENTED_EDGE('',*,*,#1901,.T.);
#1901 = EDGE_CURVE('',#1853,#1902,#1904,.T.);
#1902 = VERTEX_POINT('',#1903);
#1903 = CARTESIAN_POINT('',(81.098775393939,11.872174326743,9.));
#1904 = LINE('',#1905,#1906);
#1905 = CARTESIAN_POINT('',(80.6157,11.7121,9.));
#1906 = VECTOR('',#1907,1.);
#1907 = DIRECTION('',(0.94924230666,0.314545772897,0.));
#1908 = ORIENTED_EDGE('',*,*,#1909,.T.);
#1909 = EDGE_CURVE('',#1902,#592,#1910,.T.);
#1910 = LINE('',#1911,#1912);
#1911 = CARTESIAN_POINT('',(81.098775393939,11.872174326743,0.));
#1912 = VECTOR('',#1913,1.);
#1913 = DIRECTION('',(-0.,0.,-1.));
#1914 = PLANE('',#1915);
#1915 = AXIS2_PLACEMENT_3D('',#1916,#1917,#1918);
#1916 = CARTESIAN_POINT('',(80.6157,11.7121,0.));
#1917 = DIRECTION('',(-0.314545772897,0.94924230666,0.));
#1918 = DIRECTION('',(0.94924230666,0.314545772897,0.));
#1919 = ADVANCED_FACE('',(#1920),#1938,.F.);
#1920 = FACE_BOUND('',#1921,.F.);
#1921 = EDGE_LOOP('',(#1922,#1930,#1936,#1937));
#1922 = ORIENTED_EDGE('',*,*,#1923,.T.);
#1923 = EDGE_CURVE('',#160,#1924,#1926,.T.);
#1924 = VERTEX_POINT('',#1925);
#1925 = CARTESIAN_POINT('',(62.1647,33.1165,9.));
#1926 = LINE('',#1927,#1928);
#1927 = CARTESIAN_POINT('',(62.1647,33.1165,0.));
#1928 = VECTOR('',#1929,1.);
#1929 = DIRECTION('',(0.,0.,1.));
#1930 = ORIENTED_EDGE('',*,*,#1931,.T.);
#1931 = EDGE_CURVE('',#1924,#1876,#1932,.T.);
#1932 = LINE('',#1933,#1934);
#1933 = CARTESIAN_POINT('',(62.1647,33.1165,9.));
#1934 = VECTOR('',#1935,1.);
#1935 = DIRECTION('',(-0.608827411125,0.793302706073,0.));
#1936 = ORIENTED_EDGE('',*,*,#1875,.F.);
#1937 = ORIENTED_EDGE('',*,*,#159,.F.);
#1938 = PLANE('',#1939);
#1939 = AXIS2_PLACEMENT_3D('',#1940,#1941,#1942);
#1940 = CARTESIAN_POINT('',(62.1647,33.1165,0.));
#1941 = DIRECTION('',(-0.793302706073,-0.608827411125,0.));
#1942 = DIRECTION('',(-0.608827411125,0.793302706073,0.));
#1943 = ADVANCED_FACE('',(#1944),#1962,.F.);
#1944 = FACE_BOUND('',#1945,.F.);
#1945 = EDGE_LOOP('',(#1946,#1947,#1948,#1956));
#1946 = ORIENTED_EDGE('',*,*,#591,.F.);
#1947 = ORIENTED_EDGE('',*,*,#1909,.F.);
#1948 = ORIENTED_EDGE('',*,*,#1949,.T.);
#1949 = EDGE_CURVE('',#1902,#1950,#1952,.T.);
#1950 = VERTEX_POINT('',#1951);
#1951 = CARTESIAN_POINT('',(92.7709,3.5674,9.));
#1952 = LINE('',#1953,#1954);
#1953 = CARTESIAN_POINT('',(76.65,15.0375,9.));
#1954 = VECTOR('',#1955,1.);
#1955 = DIRECTION('',(0.814803743008,-0.579736888925,0.));
#1956 = ORIENTED_EDGE('',*,*,#1957,.F.);
#1957 = EDGE_CURVE('',#584,#1950,#1958,.T.);
#1958 = LINE('',#1959,#1960);
#1959 = CARTESIAN_POINT('',(92.7709,3.5674,0.));
#1960 = VECTOR('',#1961,1.);
#1961 = DIRECTION('',(0.,0.,1.));
#1962 = PLANE('',#1963);
#1963 = AXIS2_PLACEMENT_3D('',#1964,#1965,#1966);
#1964 = CARTESIAN_POINT('',(76.65,15.0375,0.));
#1965 = DIRECTION('',(0.579736888925,0.814803743008,-0.));
#1966 = DIRECTION('',(0.814803743008,-0.579736888925,0.));
#1967 = ADVANCED_FACE('',(#1968),#1986,.F.);
#1968 = FACE_BOUND('',#1969,.F.);
#1969 = EDGE_LOOP('',(#1970,#1978,#1984,#1985));
#1970 = ORIENTED_EDGE('',*,*,#1971,.T.);
#1971 = EDGE_CURVE('',#168,#1972,#1974,.T.);
#1972 = VERTEX_POINT('',#1973);
#1973 = CARTESIAN_POINT('',(62.4244,32.4894,9.));
#1974 = LINE('',#1975,#1976);
#1975 = CARTESIAN_POINT('',(62.4244,32.4894,0.));
#1976 = VECTOR('',#1977,1.);
#1977 = DIRECTION('',(0.,0.,1.));
#1978 = ORIENTED_EDGE('',*,*,#1979,.T.);
#1979 = EDGE_CURVE('',#1972,#1924,#1980,.T.);
#1980 = LINE('',#1981,#1982);
#1981 = CARTESIAN_POINT('',(62.4244,32.4894,9.));
#1982 = VECTOR('',#1983,1.);
#1983 = DIRECTION('',(-0.382616373007,0.923907306556,0.));
#1984 = ORIENTED_EDGE('',*,*,#1923,.F.);
#1985 = ORIENTED_EDGE('',*,*,#167,.F.);
#1986 = PLANE('',#1987);
#1987 = AXIS2_PLACEMENT_3D('',#1988,#1989,#1990);
#1988 = CARTESIAN_POINT('',(62.4244,32.4894,0.));
#1989 = DIRECTION('',(-0.923907306556,-0.382616373007,0.));
#1990 = DIRECTION('',(-0.382616373007,0.923907306556,0.));
#1991 = ADVANCED_FACE('',(#1992),#2010,.F.);
#1992 = FACE_BOUND('',#1993,.F.);
#1993 = EDGE_LOOP('',(#1994,#1995,#2003,#2009));
#1994 = ORIENTED_EDGE('',*,*,#1957,.T.);
#1995 = ORIENTED_EDGE('',*,*,#1996,.T.);
#1996 = EDGE_CURVE('',#1950,#1997,#1999,.T.);
#1997 = VERTEX_POINT('',#1998);
#1998 = CARTESIAN_POINT('',(93.398,3.3076,9.));
#1999 = LINE('',#2000,#2001);
#2000 = CARTESIAN_POINT('',(92.7709,3.5674,9.));
#2001 = VECTOR('',#2002,1.);
#2002 = DIRECTION('',(0.923855219425,-0.382742124074,0.));
#2003 = ORIENTED_EDGE('',*,*,#2004,.F.);
#2004 = EDGE_CURVE('',#576,#1997,#2005,.T.);
#2005 = LINE('',#2006,#2007);
#2006 = CARTESIAN_POINT('',(93.398,3.3076,0.));
#2007 = VECTOR('',#2008,1.);
#2008 = DIRECTION('',(0.,0.,1.));
#2009 = ORIENTED_EDGE('',*,*,#583,.F.);
#2010 = PLANE('',#2011);
#2011 = AXIS2_PLACEMENT_3D('',#2012,#2013,#2014);
#2012 = CARTESIAN_POINT('',(92.7709,3.5674,0.));
#2013 = DIRECTION('',(0.382742124074,0.923855219425,-0.));
#2014 = DIRECTION('',(0.923855219425,-0.382742124074,0.));
#2015 = ADVANCED_FACE('',(#2016),#2034,.F.);
#2016 = FACE_BOUND('',#2017,.F.);
#2017 = EDGE_LOOP('',(#2018,#2026,#2032,#2033));
#2018 = ORIENTED_EDGE('',*,*,#2019,.T.);
#2019 = EDGE_CURVE('',#176,#2020,#2022,.T.);
#2020 = VERTEX_POINT('',#2021);
#2021 = CARTESIAN_POINT('',(62.513,31.8165,9.));
#2022 = LINE('',#2023,#2024);
#2023 = CARTESIAN_POINT('',(62.513,31.8165,0.));
#2024 = VECTOR('',#2025,1.);
#2025 = DIRECTION('',(0.,0.,1.));
#2026 = ORIENTED_EDGE('',*,*,#2027,.T.);
#2027 = EDGE_CURVE('',#2020,#1972,#2028,.T.);
#2028 = LINE('',#2029,#2030);
#2029 = CARTESIAN_POINT('',(62.513,31.8165,9.));
#2030 = VECTOR('',#2031,1.);
#2031 = DIRECTION('',(-0.130542173129,0.991442757316,0.));
#2032 = ORIENTED_EDGE('',*,*,#1971,.F.);
#2033 = ORIENTED_EDGE('',*,*,#175,.F.);
#2034 = PLANE('',#2035);
#2035 = AXIS2_PLACEMENT_3D('',#2036,#2037,#2038);
#2036 = CARTESIAN_POINT('',(62.513,31.8165,0.));
#2037 = DIRECTION('',(-0.991442757316,-0.130542173129,0.));
#2038 = DIRECTION('',(-0.130542173129,0.991442757316,0.));
#2039 = ADVANCED_FACE('',(#2040),#2058,.F.);
#2040 = FACE_BOUND('',#2041,.F.);
#2041 = EDGE_LOOP('',(#2042,#2043,#2051,#2057));
#2042 = ORIENTED_EDGE('',*,*,#2004,.T.);
#2043 = ORIENTED_EDGE('',*,*,#2044,.T.);
#2044 = EDGE_CURVE('',#1997,#2045,#2047,.T.);
#2045 = VERTEX_POINT('',#2046);
#2046 = CARTESIAN_POINT('',(94.0709,3.219,9.));
#2047 = LINE('',#2048,#2049);
#2048 = CARTESIAN_POINT('',(93.398,3.3076,9.));
#2049 = VECTOR('',#2050,1.);
#2050 = DIRECTION('',(0.991442757316,-0.130542173129,0.));
#2051 = ORIENTED_EDGE('',*,*,#2052,.F.);
#2052 = EDGE_CURVE('',#568,#2045,#2053,.T.);
#2053 = LINE('',#2054,#2055);
#2054 = CARTESIAN_POINT('',(94.0709,3.219,0.));
#2055 = VECTOR('',#2056,1.);
#2056 = DIRECTION('',(0.,0.,1.));
#2057 = ORIENTED_EDGE('',*,*,#575,.F.);
#2058 = PLANE('',#2059);
#2059 = AXIS2_PLACEMENT_3D('',#2060,#2061,#2062);
#2060 = CARTESIAN_POINT('',(93.398,3.3076,0.));
#2061 = DIRECTION('',(0.130542173129,0.991442757316,-0.));
#2062 = DIRECTION('',(0.991442757316,-0.130542173129,0.));
#2063 = ADVANCED_FACE('',(#2064),#2082,.F.);
#2064 = FACE_BOUND('',#2065,.F.);
#2065 = EDGE_LOOP('',(#2066,#2074,#2080,#2081));
#2066 = ORIENTED_EDGE('',*,*,#2067,.T.);
#2067 = EDGE_CURVE('',#184,#2068,#2070,.T.);
#2068 = VERTEX_POINT('',#2069);
#2069 = CARTESIAN_POINT('',(62.4244,31.1435,9.));
#2070 = LINE('',#2071,#2072);
#2071 = CARTESIAN_POINT('',(62.4244,31.1435,0.));
#2072 = VECTOR('',#2073,1.);
#2073 = DIRECTION('',(0.,0.,1.));
#2074 = ORIENTED_EDGE('',*,*,#2075,.T.);
#2075 = EDGE_CURVE('',#2068,#2020,#2076,.T.);
#2076 = LINE('',#2077,#2078);
#2077 = CARTESIAN_POINT('',(62.4244,31.1435,9.));
#2078 = VECTOR('',#2079,1.);
#2079 = DIRECTION('',(0.130523106552,0.991445267605,0.));
#2080 = ORIENTED_EDGE('',*,*,#2019,.F.);
#2081 = ORIENTED_EDGE('',*,*,#183,.F.);
#2082 = PLANE('',#2083);
#2083 = AXIS2_PLACEMENT_3D('',#2084,#2085,#2086);
#2084 = CARTESIAN_POINT('',(62.4244,31.1435,0.));
#2085 = DIRECTION('',(-0.991445267605,0.130523106552,0.));
#2086 = DIRECTION('',(0.130523106552,0.991445267605,0.));
#2087 = ADVANCED_FACE('',(#2088),#2106,.F.);
#2088 = FACE_BOUND('',#2089,.F.);
#2089 = EDGE_LOOP('',(#2090,#2091,#2099,#2105));
#2090 = ORIENTED_EDGE('',*,*,#2052,.T.);
#2091 = ORIENTED_EDGE('',*,*,#2092,.T.);
#2092 = EDGE_CURVE('',#2045,#2093,#2095,.T.);
#2093 = VERTEX_POINT('',#2094);
#2094 = CARTESIAN_POINT('',(94.7438,3.3076,9.));
#2095 = LINE('',#2096,#2097);
#2096 = CARTESIAN_POINT('',(94.0709,3.219,9.));
#2097 = VECTOR('',#2098,1.);
#2098 = DIRECTION('',(0.991442757316,0.130542173129,0.));
#2099 = ORIENTED_EDGE('',*,*,#2100,.F.);
#2100 = EDGE_CURVE('',#560,#2093,#2101,.T.);
#2101 = LINE('',#2102,#2103);
#2102 = CARTESIAN_POINT('',(94.7438,3.3076,0.));
#2103 = VECTOR('',#2104,1.);
#2104 = DIRECTION('',(0.,0.,1.));
#2105 = ORIENTED_EDGE('',*,*,#567,.F.);
#2106 = PLANE('',#2107);
#2107 = AXIS2_PLACEMENT_3D('',#2108,#2109,#2110);
#2108 = CARTESIAN_POINT('',(94.0709,3.219,0.));
#2109 = DIRECTION('',(-0.130542173129,0.991442757316,0.));
#2110 = DIRECTION('',(0.991442757316,0.130542173129,0.));
#2111 = ADVANCED_FACE('',(#2112),#2130,.F.);
#2112 = FACE_BOUND('',#2113,.F.);
#2113 = EDGE_LOOP('',(#2114,#2122,#2128,#2129));
#2114 = ORIENTED_EDGE('',*,*,#2115,.T.);
#2115 = EDGE_CURVE('',#192,#2116,#2118,.T.);
#2116 = VERTEX_POINT('',#2117);
#2117 = CARTESIAN_POINT('',(62.1647,30.5165,9.));
#2118 = LINE('',#2119,#2120);
#2119 = CARTESIAN_POINT('',(62.1647,30.5165,0.));
#2120 = VECTOR('',#2121,1.);
#2121 = DIRECTION('',(0.,0.,1.));
#2122 = ORIENTED_EDGE('',*,*,#2123,.T.);
#2123 = EDGE_CURVE('',#2116,#2068,#2124,.T.);
#2124 = LINE('',#2125,#2126);
#2125 = CARTESIAN_POINT('',(62.1647,30.5165,9.));
#2126 = VECTOR('',#2127,1.);
#2127 = DIRECTION('',(0.382668460997,0.923885733713,0.));
#2128 = ORIENTED_EDGE('',*,*,#2067,.F.);
#2129 = ORIENTED_EDGE('',*,*,#191,.F.);
#2130 = PLANE('',#2131);
#2131 = AXIS2_PLACEMENT_3D('',#2132,#2133,#2134);
#2132 = CARTESIAN_POINT('',(62.1647,30.5165,0.));
#2133 = DIRECTION('',(-0.923885733713,0.382668460997,0.));
#2134 = DIRECTION('',(0.382668460997,0.923885733713,0.));
#2135 = ADVANCED_FACE('',(#2136),#2154,.F.);
#2136 = FACE_BOUND('',#2137,.F.);
#2137 = EDGE_LOOP('',(#2138,#2139,#2147,#2153));
#2138 = ORIENTED_EDGE('',*,*,#2100,.T.);
#2139 = ORIENTED_EDGE('',*,*,#2140,.T.);
#2140 = EDGE_CURVE('',#2093,#2141,#2143,.T.);
#2141 = VERTEX_POINT('',#2142);
#2142 = CARTESIAN_POINT('',(95.3709,3.5674,9.));
#2143 = LINE('',#2144,#2145);
#2144 = CARTESIAN_POINT('',(94.7438,3.3076,9.));
#2145 = VECTOR('',#2146,1.);
#2146 = DIRECTION('',(0.923855219425,0.382742124074,0.));
#2147 = ORIENTED_EDGE('',*,*,#2148,.F.);
#2148 = EDGE_CURVE('',#552,#2141,#2149,.T.);
#2149 = LINE('',#2150,#2151);
#2150 = CARTESIAN_POINT('',(95.3709,3.5674,0.));
#2151 = VECTOR('',#2152,1.);
#2152 = DIRECTION('',(0.,0.,1.));
#2153 = ORIENTED_EDGE('',*,*,#559,.F.);
#2154 = PLANE('',#2155);
#2155 = AXIS2_PLACEMENT_3D('',#2156,#2157,#2158);
#2156 = CARTESIAN_POINT('',(94.7438,3.3076,0.));
#2157 = DIRECTION('',(-0.382742124074,0.923855219425,0.));
#2158 = DIRECTION('',(0.923855219425,0.382742124074,0.));
#2159 = ADVANCED_FACE('',(#2160),#2178,.F.);
#2160 = FACE_BOUND('',#2161,.F.);
#2161 = EDGE_LOOP('',(#2162,#2163,#2171,#2177));
#2162 = ORIENTED_EDGE('',*,*,#199,.F.);
#2163 = ORIENTED_EDGE('',*,*,#2164,.F.);
#2164 = EDGE_CURVE('',#2165,#200,#2167,.T.);
#2165 = VERTEX_POINT('',#2166);
#2166 = CARTESIAN_POINT('',(56.674870819633,21.548461409603,9.));
#2167 = LINE('',#2168,#2169);
#2168 = CARTESIAN_POINT('',(56.674870819633,21.548461409603,0.));
#2169 = VECTOR('',#2170,1.);
#2170 = DIRECTION('',(-0.,-0.,-1.));
#2171 = ORIENTED_EDGE('',*,*,#2172,.T.);
#2172 = EDGE_CURVE('',#2165,#2116,#2173,.T.);
#2173 = LINE('',#2174,#2175);
#2174 = CARTESIAN_POINT('',(48.6373,8.4185,9.));
#2175 = VECTOR('',#2176,1.);
#2176 = DIRECTION('',(0.522098056843,0.852885466543,0.));
#2177 = ORIENTED_EDGE('',*,*,#2115,.F.);
#2178 = PLANE('',#2179);
#2179 = AXIS2_PLACEMENT_3D('',#2180,#2181,#2182);
#2180 = CARTESIAN_POINT('',(48.6373,8.4185,0.));
#2181 = DIRECTION('',(-0.852885466543,0.522098056843,0.));
#2182 = DIRECTION('',(0.522098056843,0.852885466543,0.));
#2183 = ADVANCED_FACE('',(#2184),#2202,.F.);
#2184 = FACE_BOUND('',#2185,.F.);
#2185 = EDGE_LOOP('',(#2186,#2187,#2195,#2201));
#2186 = ORIENTED_EDGE('',*,*,#2148,.T.);
#2187 = ORIENTED_EDGE('',*,*,#2188,.T.);
#2188 = EDGE_CURVE('',#2141,#2189,#2191,.T.);
#2189 = VERTEX_POINT('',#2190);
#2190 = CARTESIAN_POINT('',(95.9094,3.9805,9.));
#2191 = LINE('',#2192,#2193);
#2192 = CARTESIAN_POINT('',(95.3709,3.5674,9.));
#2193 = VECTOR('',#2194,1.);
#2194 = DIRECTION('',(0.793428467116,0.608663509314,0.));
#2195 = ORIENTED_EDGE('',*,*,#2196,.F.);
#2196 = EDGE_CURVE('',#544,#2189,#2197,.T.);
#2197 = LINE('',#2198,#2199);
#2198 = CARTESIAN_POINT('',(95.9094,3.9805,0.));
#2199 = VECTOR('',#2200,1.);
#2200 = DIRECTION('',(0.,0.,1.));
#2201 = ORIENTED_EDGE('',*,*,#551,.F.);
#2202 = PLANE('',#2203);
#2203 = AXIS2_PLACEMENT_3D('',#2204,#2205,#2206);
#2204 = CARTESIAN_POINT('',(95.3709,3.5674,0.));
#2205 = DIRECTION('',(-0.608663509314,0.793428467116,0.));
#2206 = DIRECTION('',(0.793428467116,0.608663509314,0.));
#2207 = ADVANCED_FACE('',(#2208),#2226,.F.);
#2208 = FACE_BOUND('',#2209,.F.);
#2209 = EDGE_LOOP('',(#2210,#2211,#2219,#2225));
#2210 = ORIENTED_EDGE('',*,*,#207,.F.);
#2211 = ORIENTED_EDGE('',*,*,#2212,.T.);
#2212 = EDGE_CURVE('',#208,#2213,#2215,.T.);
#2213 = VERTEX_POINT('',#2214);
#2214 = CARTESIAN_POINT('',(59.7991,22.1293,9.));
#2215 = LINE('',#2216,#2217);
#2216 = CARTESIAN_POINT('',(59.7991,22.1293,0.));
#2217 = VECTOR('',#2218,1.);
#2218 = DIRECTION('',(0.,0.,1.));
#2219 = ORIENTED_EDGE('',*,*,#2220,.T.);
#2220 = EDGE_CURVE('',#2213,#2165,#2221,.T.);
#2221 = LINE('',#2222,#2223);
#2222 = CARTESIAN_POINT('',(59.7991,22.1293,9.));
#2223 = VECTOR('',#2224,1.);
#2224 = DIRECTION('',(-0.98315343197,-0.182782190615,0.));
#2225 = ORIENTED_EDGE('',*,*,#2164,.T.);
#2226 = PLANE('',#2227);
#2227 = AXIS2_PLACEMENT_3D('',#2228,#2229,#2230);
#2228 = CARTESIAN_POINT('',(59.7991,22.1293,0.));
#2229 = DIRECTION('',(0.182782190615,-0.98315343197,0.));
#2230 = DIRECTION('',(-0.98315343197,-0.182782190615,0.));
#2231 = ADVANCED_FACE('',(#2232),#2250,.F.);
#2232 = FACE_BOUND('',#2233,.F.);
#2233 = EDGE_LOOP('',(#2234,#2235,#2243,#2249));
#2234 = ORIENTED_EDGE('',*,*,#2196,.T.);
#2235 = ORIENTED_EDGE('',*,*,#2236,.T.);
#2236 = EDGE_CURVE('',#2189,#2237,#2239,.T.);
#2237 = VERTEX_POINT('',#2238);
#2238 = CARTESIAN_POINT('',(96.3226,4.519,9.));
#2239 = LINE('',#2240,#2241);
#2240 = CARTESIAN_POINT('',(95.9094,3.9805,9.));
#2241 = VECTOR('',#2242,1.);
#2242 = DIRECTION('',(0.608756251901,0.793357312799,0.));
#2243 = ORIENTED_EDGE('',*,*,#2244,.F.);
#2244 = EDGE_CURVE('',#536,#2237,#2245,.T.);
#2245 = LINE('',#2246,#2247);
#2246 = CARTESIAN_POINT('',(96.3226,4.519,0.));
#2247 = VECTOR('',#2248,1.);
#2248 = DIRECTION('',(0.,0.,1.));
#2249 = ORIENTED_EDGE('',*,*,#543,.F.);
#2250 = PLANE('',#2251);
#2251 = AXIS2_PLACEMENT_3D('',#2252,#2253,#2254);
#2252 = CARTESIAN_POINT('',(95.9094,3.9805,0.));
#2253 = DIRECTION('',(-0.793357312799,0.608756251901,0.));
#2254 = DIRECTION('',(0.608756251901,0.793357312799,0.));
#2255 = ADVANCED_FACE('',(#2256),#2274,.F.);
#2256 = FACE_BOUND('',#2257,.F.);
#2257 = EDGE_LOOP('',(#2258,#2266,#2272,#2273));
#2258 = ORIENTED_EDGE('',*,*,#2259,.T.);
#2259 = EDGE_CURVE('',#216,#2260,#2262,.T.);
#2260 = VERTEX_POINT('',#2261);
#2261 = CARTESIAN_POINT('',(65.4942,23.2359,9.));
#2262 = LINE('',#2263,#2264);
#2263 = CARTESIAN_POINT('',(65.4942,23.2359,0.));
#2264 = VECTOR('',#2265,1.);
#2265 = DIRECTION('',(0.,0.,1.));
#2266 = ORIENTED_EDGE('',*,*,#2267,.T.);
#2267 = EDGE_CURVE('',#2260,#2213,#2268,.T.);
#2268 = LINE('',#2269,#2270);
#2269 = CARTESIAN_POINT('',(65.4942,23.2359,9.));
#2270 = VECTOR('',#2271,1.);
#2271 = DIRECTION('',(-0.981640588808,-0.190740017836,0.));
#2272 = ORIENTED_EDGE('',*,*,#2212,.F.);
#2273 = ORIENTED_EDGE('',*,*,#215,.F.);
#2274 = PLANE('',#2275);
#2275 = AXIS2_PLACEMENT_3D('',#2276,#2277,#2278);
#2276 = CARTESIAN_POINT('',(65.4942,23.2359,0.));
#2277 = DIRECTION('',(0.190740017836,-0.981640588808,0.));
#2278 = DIRECTION('',(-0.981640588808,-0.190740017836,0.));
#2279 = ADVANCED_FACE('',(#2280),#2298,.F.);
#2280 = FACE_BOUND('',#2281,.F.);
#2281 = EDGE_LOOP('',(#2282,#2283,#2291,#2297));
#2282 = ORIENTED_EDGE('',*,*,#2244,.T.);
#2283 = ORIENTED_EDGE('',*,*,#2284,.T.);
#2284 = EDGE_CURVE('',#2237,#2285,#2287,.T.);
#2285 = VERTEX_POINT('',#2286);
#2286 = CARTESIAN_POINT('',(96.5823,5.1461,9.));
#2287 = LINE('',#2288,#2289);
#2288 = CARTESIAN_POINT('',(96.3226,4.519,9.));
#2289 = VECTOR('',#2290,1.);
#2290 = DIRECTION('',(0.382616373007,0.923907306556,0.));
#2291 = ORIENTED_EDGE('',*,*,#2292,.F.);
#2292 = EDGE_CURVE('',#528,#2285,#2293,.T.);
#2293 = LINE('',#2294,#2295);
#2294 = CARTESIAN_POINT('',(96.5823,5.1461,0.));
#2295 = VECTOR('',#2296,1.);
#2296 = DIRECTION('',(0.,0.,1.));
#2297 = ORIENTED_EDGE('',*,*,#535,.F.);
#2298 = PLANE('',#2299);
#2299 = AXIS2_PLACEMENT_3D('',#2300,#2301,#2302);
#2300 = CARTESIAN_POINT('',(96.3226,4.519,0.));
#2301 = DIRECTION('',(-0.923907306556,0.382616373007,0.));
#2302 = DIRECTION('',(0.382616373007,0.923907306556,0.));
#2303 = ADVANCED_FACE('',(#2304),#2322,.F.);
#2304 = FACE_BOUND('',#2305,.F.);
#2305 = EDGE_LOOP('',(#2306,#2314,#2320,#2321));
#2306 = ORIENTED_EDGE('',*,*,#2307,.T.);
#2307 = EDGE_CURVE('',#224,#2308,#2310,.T.);
#2308 = VERTEX_POINT('',#2309);
#2309 = CARTESIAN_POINT('',(71.1892,24.4015,9.));
#2310 = LINE('',#2311,#2312);
#2311 = CARTESIAN_POINT('',(71.1892,24.4015,0.));
#2312 = VECTOR('',#2313,1.);
#2313 = DIRECTION('',(0.,0.,1.));
#2314 = ORIENTED_EDGE('',*,*,#2315,.T.);
#2315 = EDGE_CURVE('',#2308,#2260,#2316,.T.);
#2316 = LINE('',#2317,#2318);
#2317 = CARTESIAN_POINT('',(71.1892,24.4015,9.));
#2318 = VECTOR('',#2319,1.);
#2319 = DIRECTION('',(-0.979690822725,-0.200514069002,0.));
#2320 = ORIENTED_EDGE('',*,*,#2259,.F.);
#2321 = ORIENTED_EDGE('',*,*,#223,.F.);
#2322 = PLANE('',#2323);
#2323 = AXIS2_PLACEMENT_3D('',#2324,#2325,#2326);
#2324 = CARTESIAN_POINT('',(71.1892,24.4015,0.));
#2325 = DIRECTION('',(0.200514069002,-0.979690822725,0.));
#2326 = DIRECTION('',(-0.979690822725,-0.200514069002,0.));
#2327 = ADVANCED_FACE('',(#2328),#2346,.F.);
#2328 = FACE_BOUND('',#2329,.F.);
#2329 = EDGE_LOOP('',(#2330,#2331,#2339,#2345));
#2330 = ORIENTED_EDGE('',*,*,#2292,.T.);
#2331 = ORIENTED_EDGE('',*,*,#2332,.T.);
#2332 = EDGE_CURVE('',#2285,#2333,#2335,.T.);
#2333 = VERTEX_POINT('',#2334);
#2334 = CARTESIAN_POINT('',(96.6709,5.819,9.));
#2335 = LINE('',#2336,#2337);
#2336 = CARTESIAN_POINT('',(96.5823,5.1461,9.));
#2337 = VECTOR('',#2338,1.);
#2338 = DIRECTION('',(0.130542173129,0.991442757316,0.));
#2339 = ORIENTED_EDGE('',*,*,#2340,.F.);
#2340 = EDGE_CURVE('',#520,#2333,#2341,.T.);
#2341 = LINE('',#2342,#2343);
#2342 = CARTESIAN_POINT('',(96.6709,5.819,0.));
#2343 = VECTOR('',#2344,1.);
#2344 = DIRECTION('',(0.,0.,1.));
#2345 = ORIENTED_EDGE('',*,*,#527,.F.);
#2346 = PLANE('',#2347);
#2347 = AXIS2_PLACEMENT_3D('',#2348,#2349,#2350);
#2348 = CARTESIAN_POINT('',(96.5823,5.1461,0.));
#2349 = DIRECTION('',(-0.991442757316,0.130542173129,0.));
#2350 = DIRECTION('',(0.130542173129,0.991442757316,0.));
#2351 = ADVANCED_FACE('',(#2352),#2370,.F.);
#2352 = FACE_BOUND('',#2353,.F.);
#2353 = EDGE_LOOP('',(#2354,#2362,#2368,#2369));
#2354 = ORIENTED_EDGE('',*,*,#2355,.T.);
#2355 = EDGE_CURVE('',#232,#2356,#2358,.T.);
#2356 = VERTEX_POINT('',#2357);
#2357 = CARTESIAN_POINT('',(76.8843,25.6375,9.));
#2358 = LINE('',#2359,#2360);
#2359 = CARTESIAN_POINT('',(76.8843,25.6375,0.));
#2360 = VECTOR('',#2361,1.);
#2361 = DIRECTION('',(0.,0.,1.));
#2362 = ORIENTED_EDGE('',*,*,#2363,.T.);
#2363 = EDGE_CURVE('',#2356,#2308,#2364,.T.);
#2364 = LINE('',#2365,#2366);
#2365 = CARTESIAN_POINT('',(76.8843,25.6375,9.));
#2366 = VECTOR('',#2367,1.);
#2367 = DIRECTION('',(-0.977249868109,-0.21209124282,0.));
#2368 = ORIENTED_EDGE('',*,*,#2307,.F.);
#2369 = ORIENTED_EDGE('',*,*,#231,.F.);
#2370 = PLANE('',#2371);
#2371 = AXIS2_PLACEMENT_3D('',#2372,#2373,#2374);
#2372 = CARTESIAN_POINT('',(76.8843,25.6375,0.));
#2373 = DIRECTION('',(0.21209124282,-0.977249868109,0.));
#2374 = DIRECTION('',(-0.977249868109,-0.21209124282,0.));
#2375 = ADVANCED_FACE('',(#2376),#2394,.F.);
#2376 = FACE_BOUND('',#2377,.F.);
#2377 = EDGE_LOOP('',(#2378,#2379,#2387,#2393));
#2378 = ORIENTED_EDGE('',*,*,#2340,.T.);
#2379 = ORIENTED_EDGE('',*,*,#2380,.T.);
#2380 = EDGE_CURVE('',#2333,#2381,#2383,.T.);
#2381 = VERTEX_POINT('',#2382);
#2382 = CARTESIAN_POINT('',(96.5823,6.4919,9.));
#2383 = LINE('',#2384,#2385);
#2384 = CARTESIAN_POINT('',(96.6709,5.819,9.));
#2385 = VECTOR('',#2386,1.);
#2386 = DIRECTION('',(-0.130542173129,0.991442757316,0.));
#2387 = ORIENTED_EDGE('',*,*,#2388,.F.);
#2388 = EDGE_CURVE('',#512,#2381,#2389,.T.);
#2389 = LINE('',#2390,#2391);
#2390 = CARTESIAN_POINT('',(96.5823,6.4919,0.));
#2391 = VECTOR('',#2392,1.);
#2392 = DIRECTION('',(0.,0.,1.));
#2393 = ORIENTED_EDGE('',*,*,#519,.F.);
#2394 = PLANE('',#2395);
#2395 = AXIS2_PLACEMENT_3D('',#2396,#2397,#2398);
#2396 = CARTESIAN_POINT('',(96.6709,5.819,0.));
#2397 = DIRECTION('',(-0.991442757316,-0.130542173129,0.));
#2398 = DIRECTION('',(-0.130542173129,0.991442757316,0.));
#2399 = ADVANCED_FACE('',(#2400),#2418,.F.);
#2400 = FACE_BOUND('',#2401,.F.);
#2401 = EDGE_LOOP('',(#2402,#2410,#2416,#2417));
#2402 = ORIENTED_EDGE('',*,*,#2403,.T.);
#2403 = EDGE_CURVE('',#240,#2404,#2406,.T.);
#2404 = VERTEX_POINT('',#2405);
#2405 = CARTESIAN_POINT('',(82.5794,26.955,9.));
#2406 = LINE('',#2407,#2408);
#2407 = CARTESIAN_POINT('',(82.5794,26.955,0.));
#2408 = VECTOR('',#2409,1.);
#2409 = DIRECTION('',(0.,0.,1.));
#2410 = ORIENTED_EDGE('',*,*,#2411,.T.);
#2411 = EDGE_CURVE('',#2404,#2356,#2412,.T.);
#2412 = LINE('',#2413,#2414);
#2413 = CARTESIAN_POINT('',(82.5794,26.955,9.));
#2414 = VECTOR('',#2415,1.);
#2415 = DIRECTION('',(-0.974269380835,-0.225386720031,0.));
#2416 = ORIENTED_EDGE('',*,*,#2355,.F.);
#2417 = ORIENTED_EDGE('',*,*,#239,.F.);
#2418 = PLANE('',#2419);
#2419 = AXIS2_PLACEMENT_3D('',#2420,#2421,#2422);
#2420 = CARTESIAN_POINT('',(82.5794,26.955,0.));
#2421 = DIRECTION('',(0.225386720031,-0.974269380835,0.));
#2422 = DIRECTION('',(-0.974269380835,-0.225386720031,0.));
#2423 = ADVANCED_FACE('',(#2424),#2442,.F.);
#2424 = FACE_BOUND('',#2425,.F.);
#2425 = EDGE_LOOP('',(#2426,#2427,#2435,#2441));
#2426 = ORIENTED_EDGE('',*,*,#2388,.T.);
#2427 = ORIENTED_EDGE('',*,*,#2428,.T.);
#2428 = EDGE_CURVE('',#2381,#2429,#2431,.T.);
#2429 = VERTEX_POINT('',#2430);
#2430 = CARTESIAN_POINT('',(96.3226,7.119,9.));
#2431 = LINE('',#2432,#2433);
#2432 = CARTESIAN_POINT('',(96.5823,6.4919,9.));
#2433 = VECTOR('',#2434,1.);
#2434 = DIRECTION('',(-0.382616373007,0.923907306556,0.));
#2435 = ORIENTED_EDGE('',*,*,#2436,.F.);
#2436 = EDGE_CURVE('',#504,#2429,#2437,.T.);
#2437 = LINE('',#2438,#2439);
#2438 = CARTESIAN_POINT('',(96.3226,7.119,0.));
#2439 = VECTOR('',#2440,1.);
#2440 = DIRECTION('',(0.,0.,1.));
#2441 = ORIENTED_EDGE('',*,*,#511,.F.);
#2442 = PLANE('',#2443);
#2443 = AXIS2_PLACEMENT_3D('',#2444,#2445,#2446);
#2444 = CARTESIAN_POINT('',(96.5823,6.4919,0.));
#2445 = DIRECTION('',(-0.923907306556,-0.382616373007,0.));
#2446 = DIRECTION('',(-0.382616373007,0.923907306556,0.));
#2447 = ADVANCED_FACE('',(#2448),#2466,.F.);
#2448 = FACE_BOUND('',#2449,.F.);
#2449 = EDGE_LOOP('',(#2450,#2458,#2464,#2465));
#2450 = ORIENTED_EDGE('',*,*,#2451,.T.);
#2451 = EDGE_CURVE('',#248,#2452,#2454,.T.);
#2452 = VERTEX_POINT('',#2453);
#2453 = CARTESIAN_POINT('',(88.2745,28.3654,9.));
#2454 = LINE('',#2455,#2456);
#2455 = CARTESIAN_POINT('',(88.2745,28.3654,0.));
#2456 = VECTOR('',#2457,1.);
#2457 = DIRECTION('',(0.,0.,1.));
#2458 = ORIENTED_EDGE('',*,*,#2459,.T.);
#2459 = EDGE_CURVE('',#2452,#2404,#2460,.T.);
#2460 = LINE('',#2461,#2462);
#2461 = CARTESIAN_POINT('',(88.2745,28.3654,9.));
#2462 = VECTOR('',#2463,1.);
#2463 = DIRECTION('',(-0.970676514353,-0.240389484968,0.));
#2464 = ORIENTED_EDGE('',*,*,#2403,.F.);
#2465 = ORIENTED_EDGE('',*,*,#247,.F.);
#2466 = PLANE('',#2467);
#2467 = AXIS2_PLACEMENT_3D('',#2468,#2469,#2470);
#2468 = CARTESIAN_POINT('',(88.2745,28.3654,0.));
#2469 = DIRECTION('',(0.240389484968,-0.970676514353,0.));
#2470 = DIRECTION('',(-0.970676514353,-0.240389484968,0.));
#2471 = ADVANCED_FACE('',(#2472),#2490,.F.);
#2472 = FACE_BOUND('',#2473,.F.);
#2473 = EDGE_LOOP('',(#2474,#2475,#2483,#2489));
#2474 = ORIENTED_EDGE('',*,*,#2436,.T.);
#2475 = ORIENTED_EDGE('',*,*,#2476,.T.);
#2476 = EDGE_CURVE('',#2429,#2477,#2479,.T.);
#2477 = VERTEX_POINT('',#2478);
#2478 = CARTESIAN_POINT('',(95.9094,7.6575,9.));
#2479 = LINE('',#2480,#2481);
#2480 = CARTESIAN_POINT('',(96.3226,7.119,9.));
#2481 = VECTOR('',#2482,1.);
#2482 = DIRECTION('',(-0.608756251901,0.793357312799,0.));
#2483 = ORIENTED_EDGE('',*,*,#2484,.F.);
#2484 = EDGE_CURVE('',#496,#2477,#2485,.T.);
#2485 = LINE('',#2486,#2487);
#2486 = CARTESIAN_POINT('',(95.9094,7.6575,0.));
#2487 = VECTOR('',#2488,1.);
#2488 = DIRECTION('',(0.,0.,1.));
#2489 = ORIENTED_EDGE('',*,*,#503,.F.);
#2490 = PLANE('',#2491);
#2491 = AXIS2_PLACEMENT_3D('',#2492,#2493,#2494);
#2492 = CARTESIAN_POINT('',(96.3226,7.119,0.));
#2493 = DIRECTION('',(-0.793357312799,-0.608756251901,0.));
#2494 = DIRECTION('',(-0.608756251901,0.793357312799,0.));
#2495 = ADVANCED_FACE('',(#2496),#2514,.F.);
#2496 = FACE_BOUND('',#2497,.F.);
#2497 = EDGE_LOOP('',(#2498,#2506,#2512,#2513));
#2498 = ORIENTED_EDGE('',*,*,#2499,.T.);
#2499 = EDGE_CURVE('',#256,#2500,#2502,.T.);
#2500 = VERTEX_POINT('',#2501);
#2501 = CARTESIAN_POINT('',(93.9696,29.88,9.));
#2502 = LINE('',#2503,#2504);
#2503 = CARTESIAN_POINT('',(93.9696,29.88,0.));
#2504 = VECTOR('',#2505,1.);
#2505 = DIRECTION('',(0.,0.,1.));
#2506 = ORIENTED_EDGE('',*,*,#2507,.T.);
#2507 = EDGE_CURVE('',#2500,#2452,#2508,.T.);
#2508 = LINE('',#2509,#2510);
#2509 = CARTESIAN_POINT('',(93.9696,29.88,9.));
#2510 = VECTOR('',#2511,1.);
#2511 = DIRECTION('',(-0.966407651979,-0.257014105053,0.));
#2512 = ORIENTED_EDGE('',*,*,#2451,.F.);
#2513 = ORIENTED_EDGE('',*,*,#255,.F.);
#2514 = PLANE('',#2515);
#2515 = AXIS2_PLACEMENT_3D('',#2516,#2517,#2518);
#2516 = CARTESIAN_POINT('',(93.9696,29.88,0.));
#2517 = DIRECTION('',(0.257014105053,-0.966407651979,0.));
#2518 = DIRECTION('',(-0.966407651979,-0.257014105053,0.));
#2519 = ADVANCED_FACE('',(#2520),#2538,.F.);
#2520 = FACE_BOUND('',#2521,.F.);
#2521 = EDGE_LOOP('',(#2522,#2523,#2524,#2532));
#2522 = ORIENTED_EDGE('',*,*,#495,.F.);
#2523 = ORIENTED_EDGE('',*,*,#2484,.T.);
#2524 = ORIENTED_EDGE('',*,*,#2525,.T.);
#2525 = EDGE_CURVE('',#2477,#2526,#2528,.T.);
#2526 = VERTEX_POINT('',#2527);
#2527 = CARTESIAN_POINT('',(88.947978376291,14.51957506857,9.));
#2528 = LINE('',#2529,#2530);
#2529 = CARTESIAN_POINT('',(95.9094,7.6575,9.));
#2530 = VECTOR('',#2531,1.);
#2531 = DIRECTION('',(-0.712170216947,0.70200682482,0.));
#2532 = ORIENTED_EDGE('',*,*,#2533,.F.);
#2533 = EDGE_CURVE('',#488,#2526,#2534,.T.);
#2534 = LINE('',#2535,#2536);
#2535 = CARTESIAN_POINT('',(88.947978376291,14.51957506857,0.));
#2536 = VECTOR('',#2537,1.);
#2537 = DIRECTION('',(0.,0.,1.));
#2538 = PLANE('',#2539);
#2539 = AXIS2_PLACEMENT_3D('',#2540,#2541,#2542);
#2540 = CARTESIAN_POINT('',(95.9094,7.6575,0.));
#2541 = DIRECTION('',(-0.70200682482,-0.712170216947,0.));
#2542 = DIRECTION('',(-0.712170216947,0.70200682482,0.));
#2543 = ADVANCED_FACE('',(#2544),#2562,.F.);
#2544 = FACE_BOUND('',#2545,.F.);
#2545 = EDGE_LOOP('',(#2546,#2554,#2560,#2561));
#2546 = ORIENTED_EDGE('',*,*,#2547,.T.);
#2547 = EDGE_CURVE('',#264,#2548,#2550,.T.);
#2548 = VERTEX_POINT('',#2549);
#2549 = CARTESIAN_POINT('',(99.6647,31.51,9.));
#2550 = LINE('',#2551,#2552);
#2551 = CARTESIAN_POINT('',(99.6647,31.51,0.));
#2552 = VECTOR('',#2553,1.);
#2553 = DIRECTION('',(0.,0.,1.));
#2554 = ORIENTED_EDGE('',*,*,#2555,.T.);
#2555 = EDGE_CURVE('',#2548,#2500,#2556,.T.);
#2556 = LINE('',#2557,#2558);
#2557 = CARTESIAN_POINT('',(99.6647,31.51,9.));
#2558 = VECTOR('',#2559,1.);
#2559 = DIRECTION('',(-0.961397715529,-0.275162556639,0.));
#2560 = ORIENTED_EDGE('',*,*,#2499,.F.);
#2561 = ORIENTED_EDGE('',*,*,#263,.F.);
#2562 = PLANE('',#2563);
#2563 = AXIS2_PLACEMENT_3D('',#2564,#2565,#2566);
#2564 = CARTESIAN_POINT('',(99.6647,31.51,0.));
#2565 = DIRECTION('',(0.275162556639,-0.961397715529,0.));
#2566 = DIRECTION('',(-0.961397715529,-0.275162556639,0.));
#2567 = ADVANCED_FACE('',(#2568),#2586,.F.);
#2568 = FACE_BOUND('',#2569,.F.);
#2569 = EDGE_LOOP('',(#2570,#2571,#2572,#2580));
#2570 = ORIENTED_EDGE('',*,*,#487,.F.);
#2571 = ORIENTED_EDGE('',*,*,#2533,.T.);
#2572 = ORIENTED_EDGE('',*,*,#2573,.T.);
#2573 = EDGE_CURVE('',#2526,#2574,#2576,.T.);
#2574 = VERTEX_POINT('',#2575);
#2575 = CARTESIAN_POINT('',(91.7255,15.4864,9.));
#2576 = LINE('',#2577,#2578);
#2577 = CARTESIAN_POINT('',(86.1706,13.5528,9.));
#2578 = VECTOR('',#2579,1.);
#2579 = DIRECTION('',(0.944419704621,0.328742180931,0.));
#2580 = ORIENTED_EDGE('',*,*,#2581,.F.);
#2581 = EDGE_CURVE('',#480,#2574,#2582,.T.);
#2582 = LINE('',#2583,#2584);
#2583 = CARTESIAN_POINT('',(91.7255,15.4864,0.));
#2584 = VECTOR('',#2585,1.);
#2585 = DIRECTION('',(0.,0.,1.));
#2586 = PLANE('',#2587);
#2587 = AXIS2_PLACEMENT_3D('',#2588,#2589,#2590);
#2588 = CARTESIAN_POINT('',(86.1706,13.5528,0.));
#2589 = DIRECTION('',(-0.328742180931,0.944419704621,0.));
#2590 = DIRECTION('',(0.944419704621,0.328742180931,0.));
#2591 = ADVANCED_FACE('',(#2592),#2610,.F.);
#2592 = FACE_BOUND('',#2593,.F.);
#2593 = EDGE_LOOP('',(#2594,#2602,#2608,#2609));
#2594 = ORIENTED_EDGE('',*,*,#2595,.T.);
#2595 = EDGE_CURVE('',#272,#2596,#2598,.T.);
#2596 = VERTEX_POINT('',#2597);
#2597 = CARTESIAN_POINT('',(105.3598,33.2668,9.));
#2598 = LINE('',#2599,#2600);
#2599 = CARTESIAN_POINT('',(105.3598,33.2668,0.));
#2600 = VECTOR('',#2601,1.);
#2601 = DIRECTION('',(0.,0.,1.));
#2602 = ORIENTED_EDGE('',*,*,#2603,.T.);
#2603 = EDGE_CURVE('',#2596,#2548,#2604,.T.);
#2604 = LINE('',#2605,#2606);
#2605 = CARTESIAN_POINT('',(105.3598,33.2668,9.));
#2606 = VECTOR('',#2607,1.);
#2607 = DIRECTION('',(-0.955568349097,-0.294769622253,0.));
#2608 = ORIENTED_EDGE('',*,*,#2547,.F.);
#2609 = ORIENTED_EDGE('',*,*,#271,.F.);
#2610 = PLANE('',#2611);
#2611 = AXIS2_PLACEMENT_3D('',#2612,#2613,#2614);
#2612 = CARTESIAN_POINT('',(105.3598,33.2668,0.));
#2613 = DIRECTION('',(0.294769622253,-0.955568349097,0.));
#2614 = DIRECTION('',(-0.955568349097,-0.294769622253,0.));
#2615 = ADVANCED_FACE('',(#2616),#2634,.F.);
#2616 = FACE_BOUND('',#2617,.F.);
#2617 = EDGE_LOOP('',(#2618,#2619,#2627,#2633));
#2618 = ORIENTED_EDGE('',*,*,#2581,.T.);
#2619 = ORIENTED_EDGE('',*,*,#2620,.T.);
#2620 = EDGE_CURVE('',#2574,#2621,#2623,.T.);
#2621 = VERTEX_POINT('',#2622);
#2622 = CARTESIAN_POINT('',(97.2804,17.5242,9.));
#2623 = LINE('',#2624,#2625);
#2624 = CARTESIAN_POINT('',(91.7255,15.4864,9.));
#2625 = VECTOR('',#2626,1.);
#2626 = DIRECTION('',(0.938821496459,0.344404119873,0.));
#2627 = ORIENTED_EDGE('',*,*,#2628,.F.);
#2628 = EDGE_CURVE('',#472,#2621,#2629,.T.);
#2629 = LINE('',#2630,#2631);
#2630 = CARTESIAN_POINT('',(97.2804,17.5242,0.));
#2631 = VECTOR('',#2632,1.);
#2632 = DIRECTION('',(0.,0.,1.));
#2633 = ORIENTED_EDGE('',*,*,#479,.F.);
#2634 = PLANE('',#2635);
#2635 = AXIS2_PLACEMENT_3D('',#2636,#2637,#2638);
#2636 = CARTESIAN_POINT('',(91.7255,15.4864,0.));
#2637 = DIRECTION('',(-0.344404119873,0.938821496459,0.));
#2638 = DIRECTION('',(0.938821496459,0.344404119873,0.));
#2639 = ADVANCED_FACE('',(#2640),#2658,.F.);
#2640 = FACE_BOUND('',#2641,.F.);
#2641 = EDGE_LOOP('',(#2642,#2650,#2656,#2657));
#2642 = ORIENTED_EDGE('',*,*,#2643,.T.);
#2643 = EDGE_CURVE('',#280,#2644,#2646,.T.);
#2644 = VERTEX_POINT('',#2645);
#2645 = CARTESIAN_POINT('',(111.0549,35.1616,9.));
#2646 = LINE('',#2647,#2648);
#2647 = CARTESIAN_POINT('',(111.0549,35.1616,0.));
#2648 = VECTOR('',#2649,1.);
#2649 = DIRECTION('',(0.,0.,1.));
#2650 = ORIENTED_EDGE('',*,*,#2651,.T.);
#2651 = EDGE_CURVE('',#2644,#2596,#2652,.T.);
#2652 = LINE('',#2653,#2654);
#2653 = CARTESIAN_POINT('',(111.0549,35.1616,9.));
#2654 = VECTOR('',#2655,1.);
#2655 = DIRECTION('',(-0.948861420151,-0.31569289721,0.));
#2656 = ORIENTED_EDGE('',*,*,#2595,.F.);
#2657 = ORIENTED_EDGE('',*,*,#279,.F.);
#2658 = PLANE('',#2659);
#2659 = AXIS2_PLACEMENT_3D('',#2660,#2661,#2662);
#2660 = CARTESIAN_POINT('',(111.0549,35.1616,0.));
#2661 = DIRECTION('',(0.31569289721,-0.948861420151,0.));
#2662 = DIRECTION('',(-0.948861420151,-0.31569289721,0.));
#2663 = ADVANCED_FACE('',(#2664),#2682,.F.);
#2664 = FACE_BOUND('',#2665,.F.);
#2665 = EDGE_LOOP('',(#2666,#2667,#2675,#2681));
#2666 = ORIENTED_EDGE('',*,*,#2628,.T.);
#2667 = ORIENTED_EDGE('',*,*,#2668,.T.);
#2668 = EDGE_CURVE('',#2621,#2669,#2671,.T.);
#2669 = VERTEX_POINT('',#2670);
#2670 = CARTESIAN_POINT('',(102.8353,19.6775,9.));
#2671 = LINE('',#2672,#2673);
#2672 = CARTESIAN_POINT('',(97.2804,17.5242,9.));
#2673 = VECTOR('',#2674,1.);
#2674 = DIRECTION('',(0.932397560643,0.361434349373,0.));
#2675 = ORIENTED_EDGE('',*,*,#2676,.F.);
#2676 = EDGE_CURVE('',#464,#2669,#2677,.T.);
#2677 = LINE('',#2678,#2679);
#2678 = CARTESIAN_POINT('',(102.8353,19.6775,0.));
#2679 = VECTOR('',#2680,1.);
#2680 = DIRECTION('',(0.,0.,1.));
#2681 = ORIENTED_EDGE('',*,*,#471,.F.);
#2682 = PLANE('',#2683);
#2683 = AXIS2_PLACEMENT_3D('',#2684,#2685,#2686);
#2684 = CARTESIAN_POINT('',(97.2804,17.5242,0.));
#2685 = DIRECTION('',(-0.361434349373,0.932397560643,0.));
#2686 = DIRECTION('',(0.932397560643,0.361434349373,0.));
#2687 = ADVANCED_FACE('',(#2688),#2706,.F.);
#2688 = FACE_BOUND('',#2689,.F.);
#2689 = EDGE_LOOP('',(#2690,#2698,#2704,#2705));
#2690 = ORIENTED_EDGE('',*,*,#2691,.T.);
#2691 = EDGE_CURVE('',#288,#2692,#2694,.T.);
#2692 = VERTEX_POINT('',#2693);
#2693 = CARTESIAN_POINT('',(116.75,37.2057,9.));
#2694 = LINE('',#2695,#2696);
#2695 = CARTESIAN_POINT('',(116.75,37.2057,0.));
#2696 = VECTOR('',#2697,1.);
#2697 = DIRECTION('',(0.,0.,1.));
#2698 = ORIENTED_EDGE('',*,*,#2699,.T.);
#2699 = EDGE_CURVE('',#2692,#2644,#2700,.T.);
#2700 = LINE('',#2701,#2702);
#2701 = CARTESIAN_POINT('',(116.75,37.2057,9.));
#2702 = VECTOR('',#2703,1.);
#2703 = DIRECTION('',(-0.941210166529,-0.337821583713,0.));
#2704 = ORIENTED_EDGE('',*,*,#2643,.F.);
#2705 = ORIENTED_EDGE('',*,*,#287,.F.);
#2706 = PLANE('',#2707);
#2707 = AXIS2_PLACEMENT_3D('',#2708,#2709,#2710);
#2708 = CARTESIAN_POINT('',(116.75,37.2057,0.));
#2709 = DIRECTION('',(0.337821583713,-0.941210166529,0.));
#2710 = DIRECTION('',(-0.941210166529,-0.337821583713,0.));
#2711 = ADVANCED_FACE('',(#2712),#2730,.F.);
#2712 = FACE_BOUND('',#2713,.F.);
#2713 = EDGE_LOOP('',(#2714,#2715,#2723,#2729));
#2714 = ORIENTED_EDGE('',*,*,#2676,.T.);
#2715 = ORIENTED_EDGE('',*,*,#2716,.T.);
#2716 = EDGE_CURVE('',#2669,#2717,#2719,.T.);
#2717 = VERTEX_POINT('',#2718);
#2718 = CARTESIAN_POINT('',(108.3902,21.9574,9.));
#2719 = LINE('',#2720,#2721);
#2720 = CARTESIAN_POINT('',(102.8353,19.6775,9.));
#2721 = VECTOR('',#2722,1.);
#2722 = DIRECTION('',(0.925112076418,0.379694148054,0.));
#2723 = ORIENTED_EDGE('',*,*,#2724,.F.);
#2724 = EDGE_CURVE('',#456,#2717,#2725,.T.);
#2725 = LINE('',#2726,#2727);
#2726 = CARTESIAN_POINT('',(108.3902,21.9574,0.));
#2727 = VECTOR('',#2728,1.);
#2728 = DIRECTION('',(0.,0.,1.));
#2729 = ORIENTED_EDGE('',*,*,#463,.F.);
#2730 = PLANE('',#2731);
#2731 = AXIS2_PLACEMENT_3D('',#2732,#2733,#2734);
#2732 = CARTESIAN_POINT('',(102.8353,19.6775,0.));
#2733 = DIRECTION('',(-0.379694148054,0.925112076418,0.));
#2734 = DIRECTION('',(0.925112076418,0.379694148054,0.));
#2735 = ADVANCED_FACE('',(#2736),#2754,.F.);
#2736 = FACE_BOUND('',#2737,.F.);
#2737 = EDGE_LOOP('',(#2738,#2739,#2747,#2753));
#2738 = ORIENTED_EDGE('',*,*,#295,.F.);
#2739 = ORIENTED_EDGE('',*,*,#2740,.T.);
#2740 = EDGE_CURVE('',#296,#2741,#2743,.T.);
#2741 = VERTEX_POINT('',#2742);
#2742 = CARTESIAN_POINT('',(122.32400998125,39.363523357917,9.));
#2743 = LINE('',#2744,#2745);
#2744 = CARTESIAN_POINT('',(122.32400998125,39.363523357918,0.));
#2745 = VECTOR('',#2746,1.);
#2746 = DIRECTION('',(0.,0.,1.));
#2747 = ORIENTED_EDGE('',*,*,#2748,.T.);
#2748 = EDGE_CURVE('',#2741,#2692,#2749,.T.);
#2749 = LINE('',#2750,#2751);
#2750 = CARTESIAN_POINT('',(122.4451,39.4104,9.));
#2751 = VECTOR('',#2752,1.);
#2752 = DIRECTION('',(-0.93256009589,-0.361014774703,0.));
#2753 = ORIENTED_EDGE('',*,*,#2691,.F.);
#2754 = PLANE('',#2755);
#2755 = AXIS2_PLACEMENT_3D('',#2756,#2757,#2758);
#2756 = CARTESIAN_POINT('',(122.4451,39.4104,0.));
#2757 = DIRECTION('',(0.361014774703,-0.93256009589,0.));
#2758 = DIRECTION('',(-0.93256009589,-0.361014774703,0.));
#2759 = ADVANCED_FACE('',(#2760),#2778,.F.);
#2760 = FACE_BOUND('',#2761,.F.);
#2761 = EDGE_LOOP('',(#2762,#2763,#2771,#2777));
#2762 = ORIENTED_EDGE('',*,*,#2724,.T.);
#2763 = ORIENTED_EDGE('',*,*,#2764,.T.);
#2764 = EDGE_CURVE('',#2717,#2765,#2767,.T.);
#2765 = VERTEX_POINT('',#2766);
#2766 = CARTESIAN_POINT('',(109.8021,22.5423,9.));
#2767 = LINE('',#2768,#2769);
#2768 = CARTESIAN_POINT('',(108.3902,21.9574,9.));
#2769 = VECTOR('',#2770,1.);
#2770 = DIRECTION('',(0.923862904635,0.382723573143,0.));
#2771 = ORIENTED_EDGE('',*,*,#2772,.F.);
#2772 = EDGE_CURVE('',#448,#2765,#2773,.T.);
#2773 = LINE('',#2774,#2775);
#2774 = CARTESIAN_POINT('',(109.8021,22.5423,0.));
#2775 = VECTOR('',#2776,1.);
#2776 = DIRECTION('',(0.,0.,1.));
#2777 = ORIENTED_EDGE('',*,*,#455,.F.);
#2778 = PLANE('',#2779);
#2779 = AXIS2_PLACEMENT_3D('',#2780,#2781,#2782);
#2780 = CARTESIAN_POINT('',(108.3902,21.9574,0.));
#2781 = DIRECTION('',(-0.382723573143,0.923862904635,0.));
#2782 = DIRECTION('',(0.923862904635,0.382723573143,0.));
#2783 = ADVANCED_FACE('',(#2784),#2802,.F.);
#2784 = FACE_BOUND('',#2785,.F.);
#2785 = EDGE_LOOP('',(#2786,#2787,#2795,#2801));
#2786 = ORIENTED_EDGE('',*,*,#303,.F.);
#2787 = ORIENTED_EDGE('',*,*,#2788,.T.);
#2788 = EDGE_CURVE('',#304,#2789,#2791,.T.);
#2789 = VERTEX_POINT('',#2790);
#2790 = CARTESIAN_POINT('',(126.9896,41.3103,9.));
#2791 = LINE('',#2792,#2793);
#2792 = CARTESIAN_POINT('',(126.9896,41.3103,0.));
#2793 = VECTOR('',#2794,1.);
#2794 = DIRECTION('',(0.,0.,1.));
#2795 = ORIENTED_EDGE('',*,*,#2796,.T.);
#2796 = EDGE_CURVE('',#2789,#2741,#2797,.T.);
#2797 = LINE('',#2798,#2799);
#2798 = CARTESIAN_POINT('',(126.9896,41.3103,9.));
#2799 = VECTOR('',#2800,1.);
#2800 = DIRECTION('',(-0.92288151687,-0.385084024364,0.));
#2801 = ORIENTED_EDGE('',*,*,#2740,.F.);
#2802 = PLANE('',#2803);
#2803 = AXIS2_PLACEMENT_3D('',#2804,#2805,#2806);
#2804 = CARTESIAN_POINT('',(126.9896,41.3103,0.));
#2805 = DIRECTION('',(0.385084024364,-0.92288151687,0.));
#2806 = DIRECTION('',(-0.92288151687,-0.385084024364,0.));
#2807 = ADVANCED_FACE('',(#2808),#2826,.F.);
#2808 = FACE_BOUND('',#2809,.F.);
#2809 = EDGE_LOOP('',(#2810,#2811,#2819,#2825));
#2810 = ORIENTED_EDGE('',*,*,#2772,.T.);
#2811 = ORIENTED_EDGE('',*,*,#2812,.T.);
#2812 = EDGE_CURVE('',#2765,#2813,#2815,.T.);
#2813 = VERTEX_POINT('',#2814);
#2814 = CARTESIAN_POINT('',(115.2917,24.9332,9.));
#2815 = LINE('',#2816,#2817);
#2816 = CARTESIAN_POINT('',(109.8021,22.5423,9.));
#2817 = VECTOR('',#2818,1.);
#2818 = DIRECTION('',(0.916818429503,0.399304354251,0.));
#2819 = ORIENTED_EDGE('',*,*,#2820,.F.);
#2820 = EDGE_CURVE('',#440,#2813,#2821,.T.);
#2821 = LINE('',#2822,#2823);
#2822 = CARTESIAN_POINT('',(115.2917,24.9332,0.));
#2823 = VECTOR('',#2824,1.);
#2824 = DIRECTION('',(0.,0.,1.));
#2825 = ORIENTED_EDGE('',*,*,#447,.F.);
#2826 = PLANE('',#2827);
#2827 = AXIS2_PLACEMENT_3D('',#2828,#2829,#2830);
#2828 = CARTESIAN_POINT('',(109.8021,22.5423,0.));
#2829 = DIRECTION('',(-0.399304354251,0.916818429503,0.));
#2830 = DIRECTION('',(0.916818429503,0.399304354251,0.));
#2831 = ADVANCED_FACE('',(#2832),#2850,.F.);
#2832 = FACE_BOUND('',#2833,.F.);
#2833 = EDGE_LOOP('',(#2834,#2842,#2848,#2849));
#2834 = ORIENTED_EDGE('',*,*,#2835,.T.);
#2835 = EDGE_CURVE('',#312,#2836,#2838,.T.);
#2836 = VERTEX_POINT('',#2837);
#2837 = CARTESIAN_POINT('',(132.75,43.8971,9.));
#2838 = LINE('',#2839,#2840);
#2839 = CARTESIAN_POINT('',(132.75,43.8971,0.));
#2840 = VECTOR('',#2841,1.);
#2841 = DIRECTION('',(0.,0.,1.));
#2842 = ORIENTED_EDGE('',*,*,#2843,.T.);
#2843 = EDGE_CURVE('',#2836,#2789,#2844,.T.);
#2844 = LINE('',#2845,#2846);
#2845 = CARTESIAN_POINT('',(132.75,43.8971,9.));
#2846 = VECTOR('',#2847,1.);
#2847 = DIRECTION('',(-0.912240065088,-0.409656030895,0.));
#2848 = ORIENTED_EDGE('',*,*,#2788,.F.);
#2849 = ORIENTED_EDGE('',*,*,#311,.F.);
#2850 = PLANE('',#2851);
#2851 = AXIS2_PLACEMENT_3D('',#2852,#2853,#2854);
#2852 = CARTESIAN_POINT('',(132.75,43.8971,0.));
#2853 = DIRECTION('',(0.409656030895,-0.912240065088,0.));
#2854 = DIRECTION('',(-0.912240065088,-0.409656030895,0.));
#2855 = ADVANCED_FACE('',(#2856),#2874,.F.);
#2856 = FACE_BOUND('',#2857,.F.);
#2857 = EDGE_LOOP('',(#2858,#2859,#2867,#2873));
#2858 = ORIENTED_EDGE('',*,*,#2820,.T.);
#2859 = ORIENTED_EDGE('',*,*,#2860,.T.);
#2860 = EDGE_CURVE('',#2813,#2861,#2863,.T.);
#2861 = VERTEX_POINT('',#2862);
#2862 = CARTESIAN_POINT('',(120.7812,27.4735,9.));
#2863 = LINE('',#2864,#2865);
#2864 = CARTESIAN_POINT('',(115.2917,24.9332,9.));
#2865 = VECTOR('',#2866,1.);
#2866 = DIRECTION('',(0.907538443492,0.419969015029,0.));
#2867 = ORIENTED_EDGE('',*,*,#2868,.F.);
#2868 = EDGE_CURVE('',#432,#2861,#2869,.T.);
#2869 = LINE('',#2870,#2871);
#2870 = CARTESIAN_POINT('',(120.7812,27.4735,0.));
#2871 = VECTOR('',#2872,1.);
#2872 = DIRECTION('',(0.,0.,1.));
#2873 = ORIENTED_EDGE('',*,*,#439,.F.);
#2874 = PLANE('',#2875);
#2875 = AXIS2_PLACEMENT_3D('',#2876,#2877,#2878);
#2876 = CARTESIAN_POINT('',(115.2917,24.9332,0.));
#2877 = DIRECTION('',(-0.419969015029,0.907538443492,0.));
#2878 = DIRECTION('',(0.907538443492,0.419969015029,0.));
#2879 = ADVANCED_FACE('',(#2880),#2898,.F.);
#2880 = FACE_BOUND('',#2881,.F.);
#2881 = EDGE_LOOP('',(#2882,#2890,#2896,#2897));
#2882 = ORIENTED_EDGE('',*,*,#2883,.T.);
#2883 = EDGE_CURVE('',#320,#2884,#2886,.T.);
#2884 = VERTEX_POINT('',#2885);
#2885 = CARTESIAN_POINT('',(133.8353,44.3467,9.));
#2886 = LINE('',#2887,#2888);
#2887 = CARTESIAN_POINT('',(133.8353,44.3467,0.));
#2888 = VECTOR('',#2889,1.);
#2889 = DIRECTION('',(0.,0.,1.));
#2890 = ORIENTED_EDGE('',*,*,#2891,.T.);
#2891 = EDGE_CURVE('',#2884,#2836,#2892,.T.);
#2892 = LINE('',#2893,#2894);
#2893 = CARTESIAN_POINT('',(133.8353,44.3467,9.));
#2894 = VECTOR('',#2895,1.);
#2895 = DIRECTION('',(-0.923863273436,-0.382722682887,0.));
#2896 = ORIENTED_EDGE('',*,*,#2835,.F.);
#2897 = ORIENTED_EDGE('',*,*,#319,.F.);
#2898 = PLANE('',#2899);
#2899 = AXIS2_PLACEMENT_3D('',#2900,#2901,#2902);
#2900 = CARTESIAN_POINT('',(133.8353,44.3467,0.));
#2901 = DIRECTION('',(0.382722682887,-0.923863273436,0.));
#2902 = DIRECTION('',(-0.923863273436,-0.382722682887,0.));
#2903 = ADVANCED_FACE('',(#2904),#2922,.F.);
#2904 = FACE_BOUND('',#2905,.F.);
#2905 = EDGE_LOOP('',(#2906,#2907,#2915,#2921));
#2906 = ORIENTED_EDGE('',*,*,#2868,.T.);
#2907 = ORIENTED_EDGE('',*,*,#2908,.T.);
#2908 = EDGE_CURVE('',#2861,#2909,#2911,.T.);
#2909 = VERTEX_POINT('',#2910);
#2910 = CARTESIAN_POINT('',(126.2708,30.1743,9.));
#2911 = LINE('',#2912,#2913);
#2912 = CARTESIAN_POINT('',(120.7812,27.4735,9.));
#2913 = VECTOR('',#2914,1.);
#2914 = DIRECTION('',(0.897285438845,0.441450836715,0.));
#2915 = ORIENTED_EDGE('',*,*,#2916,.F.);
#2916 = EDGE_CURVE('',#424,#2909,#2917,.T.);
#2917 = LINE('',#2918,#2919);
#2918 = CARTESIAN_POINT('',(126.2708,30.1743,0.));
#2919 = VECTOR('',#2920,1.);
#2920 = DIRECTION('',(0.,0.,1.));
#2921 = ORIENTED_EDGE('',*,*,#431,.F.);
#2922 = PLANE('',#2923);
#2923 = AXIS2_PLACEMENT_3D('',#2924,#2925,#2926);
#2924 = CARTESIAN_POINT('',(120.7812,27.4735,0.));
#2925 = DIRECTION('',(-0.441450836715,0.897285438845,0.));
#2926 = DIRECTION('',(0.897285438845,0.441450836715,0.));
#2927 = ADVANCED_FACE('',(#2928),#2946,.F.);
#2928 = FACE_BOUND('',#2929,.F.);
#2929 = EDGE_LOOP('',(#2930,#2938,#2944,#2945));
#2930 = ORIENTED_EDGE('',*,*,#2931,.T.);
#2931 = EDGE_CURVE('',#328,#2932,#2934,.T.);
#2932 = VERTEX_POINT('',#2933);
#2933 = CARTESIAN_POINT('',(135.,44.5,9.));
#2934 = LINE('',#2935,#2936);
#2935 = CARTESIAN_POINT('',(135.,44.5,0.));
#2936 = VECTOR('',#2937,1.);
#2937 = DIRECTION('',(0.,0.,1.));
#2938 = ORIENTED_EDGE('',*,*,#2939,.T.);
#2939 = EDGE_CURVE('',#2932,#2884,#2940,.T.);
#2940 = LINE('',#2941,#2942);
#2941 = CARTESIAN_POINT('',(135.,44.5,9.));
#2942 = VECTOR('',#2943,1.);
#2943 = DIRECTION('',(-0.991448789651,-0.130496350522,0.));
#2944 = ORIENTED_EDGE('',*,*,#2883,.F.);
#2945 = ORIENTED_EDGE('',*,*,#327,.F.);
#2946 = PLANE('',#2947);
#2947 = AXIS2_PLACEMENT_3D('',#2948,#2949,#2950);
#2948 = CARTESIAN_POINT('',(135.,44.5,0.));
#2949 = DIRECTION('',(0.130496350522,-0.991448789651,0.));
#2950 = DIRECTION('',(-0.991448789651,-0.130496350522,0.));
#2951 = ADVANCED_FACE('',(#2952),#2970,.F.);
#2952 = FACE_BOUND('',#2953,.F.);
#2953 = EDGE_LOOP('',(#2954,#2955,#2963,#2969));
#2954 = ORIENTED_EDGE('',*,*,#2916,.T.);
#2955 = ORIENTED_EDGE('',*,*,#2956,.T.);
#2956 = EDGE_CURVE('',#2909,#2957,#2959,.T.);
#2957 = VERTEX_POINT('',#2958);
#2958 = CARTESIAN_POINT('',(131.7604,33.047,9.));
#2959 = LINE('',#2960,#2961);
#2960 = CARTESIAN_POINT('',(126.2708,30.1743,9.));
#2961 = VECTOR('',#2962,1.);
#2962 = DIRECTION('',(0.886017532739,0.463651735336,0.));
#2963 = ORIENTED_EDGE('',*,*,#2964,.F.);
#2964 = EDGE_CURVE('',#416,#2957,#2965,.T.);
#2965 = LINE('',#2966,#2967);
#2966 = CARTESIAN_POINT('',(131.7604,33.047,0.));
#2967 = VECTOR('',#2968,1.);
#2968 = DIRECTION('',(0.,0.,1.));
#2969 = ORIENTED_EDGE('',*,*,#423,.F.);
#2970 = PLANE('',#2971);
#2971 = AXIS2_PLACEMENT_3D('',#2972,#2973,#2974);
#2972 = CARTESIAN_POINT('',(126.2708,30.1743,0.));
#2973 = DIRECTION('',(-0.463651735336,0.886017532739,0.));
#2974 = DIRECTION('',(0.886017532739,0.463651735336,0.));
#2975 = ADVANCED_FACE('',(#2976),#2994,.F.);
#2976 = FACE_BOUND('',#2977,.F.);
#2977 = EDGE_LOOP('',(#2978,#2986,#2992,#2993));
#2978 = ORIENTED_EDGE('',*,*,#2979,.T.);
#2979 = EDGE_CURVE('',#336,#2980,#2982,.T.);
#2980 = VERTEX_POINT('',#2981);
#2981 = CARTESIAN_POINT('',(136.1647,44.3467,9.));
#2982 = LINE('',#2983,#2984);
#2983 = CARTESIAN_POINT('',(136.1647,44.3467,0.));
#2984 = VECTOR('',#2985,1.);
#2985 = DIRECTION('',(0.,0.,1.));
#2986 = ORIENTED_EDGE('',*,*,#2987,.T.);
#2987 = EDGE_CURVE('',#2980,#2932,#2988,.T.);
#2988 = LINE('',#2989,#2990);
#2989 = CARTESIAN_POINT('',(136.1647,44.3467,9.));
#2990 = VECTOR('',#2991,1.);
#2991 = DIRECTION('',(-0.991448789651,0.130496350522,0.));
#2992 = ORIENTED_EDGE('',*,*,#2931,.F.);
#2993 = ORIENTED_EDGE('',*,*,#335,.F.);
#2994 = PLANE('',#2995);
#2995 = AXIS2_PLACEMENT_3D('',#2996,#2997,#2998);
#2996 = CARTESIAN_POINT('',(136.1647,44.3467,0.));
#2997 = DIRECTION('',(-0.130496350522,-0.991448789651,0.));
#2998 = DIRECTION('',(-0.991448789651,0.130496350522,0.));
#2999 = ADVANCED_FACE('',(#3000),#3018,.F.);
#3000 = FACE_BOUND('',#3001,.F.);
#3001 = EDGE_LOOP('',(#3002,#3003,#3011,#3017));
#3002 = ORIENTED_EDGE('',*,*,#2964,.T.);
#3003 = ORIENTED_EDGE('',*,*,#3004,.T.);
#3004 = EDGE_CURVE('',#2957,#3005,#3007,.T.);
#3005 = VERTEX_POINT('',#3006);
#3006 = CARTESIAN_POINT('',(137.25,36.1029,9.));
#3007 = LINE('',#3008,#3009);
#3008 = CARTESIAN_POINT('',(131.7604,33.047,9.));
#3009 = VECTOR('',#3010,1.);
#3010 = DIRECTION('',(0.873743284356,0.486387369328,0.));
#3011 = ORIENTED_EDGE('',*,*,#3012,.F.);
#3012 = EDGE_CURVE('',#408,#3005,#3013,.T.);
#3013 = LINE('',#3014,#3015);
#3014 = CARTESIAN_POINT('',(137.25,36.1029,0.));
#3015 = VECTOR('',#3016,1.);
#3016 = DIRECTION('',(0.,0.,1.));
#3017 = ORIENTED_EDGE('',*,*,#415,.F.);
#3018 = PLANE('',#3019);
#3019 = AXIS2_PLACEMENT_3D('',#3020,#3021,#3022);
#3020 = CARTESIAN_POINT('',(131.7604,33.047,0.));
#3021 = DIRECTION('',(-0.486387369328,0.873743284356,0.));
#3022 = DIRECTION('',(0.873743284356,0.486387369328,0.));
#3023 = ADVANCED_FACE('',(#3024),#3074,.F.);
#3024 = FACE_BOUND('',#3025,.F.);
#3025 = EDGE_LOOP('',(#3026,#3027,#3035,#3043,#3051,#3059,#3067,#3073));
#3026 = ORIENTED_EDGE('',*,*,#343,.F.);
#3027 = ORIENTED_EDGE('',*,*,#3028,.T.);
#3028 = EDGE_CURVE('',#344,#3029,#3031,.T.);
#3029 = VERTEX_POINT('',#3030);
#3030 = CARTESIAN_POINT('',(137.25,43.8971,3.475));
#3031 = LINE('',#3032,#3033);
#3032 = CARTESIAN_POINT('',(137.25,43.8971,0.));
#3033 = VECTOR('',#3034,1.);
#3034 = DIRECTION('',(0.,0.,1.));
#3035 = ORIENTED_EDGE('',*,*,#3036,.T.);
#3036 = EDGE_CURVE('',#3029,#3037,#3039,.T.);
#3037 = VERTEX_POINT('',#3038);
#3038 = CARTESIAN_POINT('',(137.24842396992,43.89775289148,3.475));
#3039 = LINE('',#3040,#3041);
#3040 = CARTESIAN_POINT('',(139.16987087727,43.101767883146,3.475));
#3041 = VECTOR('',#3042,1.);
#3042 = DIRECTION('',(-0.923863273436,0.382722682887,0.));
#3043 = ORIENTED_EDGE('',*,*,#3044,.F.);
#3044 = EDGE_CURVE('',#3045,#3037,#3047,.T.);
#3045 = VERTEX_POINT('',#3046);
#3046 = CARTESIAN_POINT('',(137.24842396992,43.89775289148,5.525));
#3047 = LINE('',#3048,#3049);
#3048 = CARTESIAN_POINT('',(137.24842396992,43.89775289148,1.7375));
#3049 = VECTOR('',#3050,1.);
#3050 = DIRECTION('',(-0.,0.,-1.));
#3051 = ORIENTED_EDGE('',*,*,#3052,.F.);
#3052 = EDGE_CURVE('',#3053,#3045,#3055,.T.);
#3053 = VERTEX_POINT('',#3054);
#3054 = CARTESIAN_POINT('',(137.25,43.8971,5.525));
#3055 = LINE('',#3056,#3057);
#3056 = CARTESIAN_POINT('',(139.16987087727,43.101767883146,5.525));
#3057 = VECTOR('',#3058,1.);
#3058 = DIRECTION('',(-0.923863273436,0.382722682887,0.));
#3059 = ORIENTED_EDGE('',*,*,#3060,.T.);
#3060 = EDGE_CURVE('',#3053,#3061,#3063,.T.);
#3061 = VERTEX_POINT('',#3062);
#3062 = CARTESIAN_POINT('',(137.25,43.8971,9.));
#3063 = LINE('',#3064,#3065);
#3064 = CARTESIAN_POINT('',(137.25,43.8971,0.));
#3065 = VECTOR('',#3066,1.);
#3066 = DIRECTION('',(0.,0.,1.));
#3067 = ORIENTED_EDGE('',*,*,#3068,.T.);
#3068 = EDGE_CURVE('',#3061,#2980,#3069,.T.);
#3069 = LINE('',#3070,#3071);
#3070 = CARTESIAN_POINT('',(137.25,43.8971,9.));
#3071 = VECTOR('',#3072,1.);
#3072 = DIRECTION('',(-0.923863273436,0.382722682887,0.));
#3073 = ORIENTED_EDGE('',*,*,#2979,.F.);
#3074 = PLANE('',#3075);
#3075 = AXIS2_PLACEMENT_3D('',#3076,#3077,#3078);
#3076 = CARTESIAN_POINT('',(137.25,43.8971,0.));
#3077 = DIRECTION('',(-0.382722682887,-0.923863273436,0.));
#3078 = DIRECTION('',(-0.923863273436,0.382722682887,0.));
#3079 = ADVANCED_FACE('',(#3080),#3098,.F.);
#3080 = FACE_BOUND('',#3081,.F.);
#3081 = EDGE_LOOP('',(#3082,#3083,#3091,#3097));
#3082 = ORIENTED_EDGE('',*,*,#3012,.T.);
#3083 = ORIENTED_EDGE('',*,*,#3084,.T.);
#3084 = EDGE_CURVE('',#3005,#3085,#3087,.T.);
#3085 = VERTEX_POINT('',#3086);
#3086 = CARTESIAN_POINT('',(138.182,36.818,9.));
#3087 = LINE('',#3088,#3089);
#3088 = CARTESIAN_POINT('',(137.25,36.1029,9.));
#3089 = VECTOR('',#3090,1.);
#3090 = DIRECTION('',(0.793373383429,0.608735307393,0.));
#3091 = ORIENTED_EDGE('',*,*,#3092,.F.);
#3092 = EDGE_CURVE('',#400,#3085,#3093,.T.);
#3093 = LINE('',#3094,#3095);
#3094 = CARTESIAN_POINT('',(138.182,36.818,0.));
#3095 = VECTOR('',#3096,1.);
#3096 = DIRECTION('',(0.,0.,1.));
#3097 = ORIENTED_EDGE('',*,*,#407,.F.);
#3098 = PLANE('',#3099);
#3099 = AXIS2_PLACEMENT_3D('',#3100,#3101,#3102);
#3100 = CARTESIAN_POINT('',(137.25,36.1029,0.));
#3101 = DIRECTION('',(-0.608735307393,0.793373383429,0.));
#3102 = DIRECTION('',(0.793373383429,0.608735307393,0.));
#3103 = ADVANCED_FACE('',(#3104),#3122,.F.);
#3104 = FACE_BOUND('',#3105,.F.);
#3105 = EDGE_LOOP('',(#3106,#3107,#3115,#3121));
#3106 = ORIENTED_EDGE('',*,*,#351,.F.);
#3107 = ORIENTED_EDGE('',*,*,#3108,.T.);
#3108 = EDGE_CURVE('',#352,#3109,#3111,.T.);
#3109 = VERTEX_POINT('',#3110);
#3110 = CARTESIAN_POINT('',(138.182,43.182,3.475));
#3111 = LINE('',#3112,#3113);
#3112 = CARTESIAN_POINT('',(138.182,43.182,0.));
#3113 = VECTOR('',#3114,1.);
#3114 = DIRECTION('',(0.,0.,1.));
#3115 = ORIENTED_EDGE('',*,*,#3116,.T.);
#3116 = EDGE_CURVE('',#3109,#3029,#3117,.T.);
#3117 = LINE('',#3118,#3119);
#3118 = CARTESIAN_POINT('',(139.60860525744,42.087401910304,3.475));
#3119 = VECTOR('',#3120,1.);
#3120 = DIRECTION('',(-0.793373383429,0.608735307393,0.));
#3121 = ORIENTED_EDGE('',*,*,#3028,.F.);
#3122 = PLANE('',#3123);
#3123 = AXIS2_PLACEMENT_3D('',#3124,#3125,#3126);
#3124 = CARTESIAN_POINT('',(138.182,43.182,0.));
#3125 = DIRECTION('',(-0.608735307393,-0.793373383429,0.));
#3126 = DIRECTION('',(-0.793373383429,0.608735307393,0.));
#3127 = ADVANCED_FACE('',(#3128),#3146,.F.);
#3128 = FACE_BOUND('',#3129,.F.);
#3129 = EDGE_LOOP('',(#3130,#3131,#3139,#3145));
#3130 = ORIENTED_EDGE('',*,*,#3092,.T.);
#3131 = ORIENTED_EDGE('',*,*,#3132,.T.);
#3132 = EDGE_CURVE('',#3085,#3133,#3135,.T.);
#3133 = VERTEX_POINT('',#3134);
#3134 = CARTESIAN_POINT('',(138.8971,37.75,9.));
#3135 = LINE('',#3136,#3137);
#3136 = CARTESIAN_POINT('',(138.182,36.818,9.));
#3137 = VECTOR('',#3138,1.);
#3138 = DIRECTION('',(0.608735307393,0.793373383429,0.));
#3139 = ORIENTED_EDGE('',*,*,#3140,.F.);
#3140 = EDGE_CURVE('',#392,#3133,#3141,.T.);
#3141 = LINE('',#3142,#3143);
#3142 = CARTESIAN_POINT('',(138.8971,37.75,0.));
#3143 = VECTOR('',#3144,1.);
#3144 = DIRECTION('',(0.,0.,1.));
#3145 = ORIENTED_EDGE('',*,*,#399,.F.);
#3146 = PLANE('',#3147);
#3147 = AXIS2_PLACEMENT_3D('',#3148,#3149,#3150);
#3148 = CARTESIAN_POINT('',(138.182,36.818,0.));
#3149 = DIRECTION('',(-0.793373383429,0.608735307393,0.));
#3150 = DIRECTION('',(0.608735307393,0.793373383429,0.));
#3151 = ADVANCED_FACE('',(#3152),#3202,.F.);
#3152 = FACE_BOUND('',#3153,.F.);
#3153 = EDGE_LOOP('',(#3154,#3155,#3163,#3171,#3179,#3187,#3195,#3201));
#3154 = ORIENTED_EDGE('',*,*,#359,.F.);
#3155 = ORIENTED_EDGE('',*,*,#3156,.T.);
#3156 = EDGE_CURVE('',#360,#3157,#3159,.T.);
#3157 = VERTEX_POINT('',#3158);
#3158 = CARTESIAN_POINT('',(138.8971,42.25,9.));
#3159 = LINE('',#3160,#3161);
#3160 = CARTESIAN_POINT('',(138.8971,42.25,0.));
#3161 = VECTOR('',#3162,1.);
#3162 = DIRECTION('',(0.,0.,1.));
#3163 = ORIENTED_EDGE('',*,*,#3164,.T.);
#3164 = EDGE_CURVE('',#3157,#3165,#3167,.T.);
#3165 = VERTEX_POINT('',#3166);
#3166 = CARTESIAN_POINT('',(138.182,43.182,9.));
#3167 = LINE('',#3168,#3169);
#3168 = CARTESIAN_POINT('',(138.8971,42.25,9.));
#3169 = VECTOR('',#3170,1.);
#3170 = DIRECTION('',(-0.608735307393,0.793373383429,0.));
#3171 = ORIENTED_EDGE('',*,*,#3172,.F.);
#3172 = EDGE_CURVE('',#3173,#3165,#3175,.T.);
#3173 = VERTEX_POINT('',#3174);
#3174 = CARTESIAN_POINT('',(138.182,43.182,5.525));
#3175 = LINE('',#3176,#3177);
#3176 = CARTESIAN_POINT('',(138.182,43.182,0.));
#3177 = VECTOR('',#3178,1.);
#3178 = DIRECTION('',(0.,0.,1.));
#3179 = ORIENTED_EDGE('',*,*,#3180,.F.);
#3180 = EDGE_CURVE('',#3181,#3173,#3183,.T.);
#3181 = VERTEX_POINT('',#3182);
#3182 = CARTESIAN_POINT('',(138.32730788227,42.992618170491,5.525));
#3183 = LINE('',#3184,#3185);
#3184 = CARTESIAN_POINT('',(139.73459354269,41.158482755149,5.525));
#3185 = VECTOR('',#3186,1.);
#3186 = DIRECTION('',(-0.608735307393,0.793373383429,0.));
#3187 = ORIENTED_EDGE('',*,*,#3188,.F.);
#3188 = EDGE_CURVE('',#3189,#3181,#3191,.T.);
#3189 = VERTEX_POINT('',#3190);
#3190 = CARTESIAN_POINT('',(138.32730788227,42.992618170491,3.475));
#3191 = LINE('',#3192,#3193);
#3192 = CARTESIAN_POINT('',(138.32730788227,42.992618170491,2.25));
#3193 = VECTOR('',#3194,1.);
#3194 = DIRECTION('',(0.,0.,1.));
#3195 = ORIENTED_EDGE('',*,*,#3196,.T.);
#3196 = EDGE_CURVE('',#3189,#3109,#3197,.T.);
#3197 = LINE('',#3198,#3199);
#3198 = CARTESIAN_POINT('',(139.73459354269,41.158482755149,3.475));
#3199 = VECTOR('',#3200,1.);
#3200 = DIRECTION('',(-0.608735307393,0.793373383429,0.));
#3201 = ORIENTED_EDGE('',*,*,#3108,.F.);
#3202 = PLANE('',#3203);
#3203 = AXIS2_PLACEMENT_3D('',#3204,#3205,#3206);
#3204 = CARTESIAN_POINT('',(138.8971,42.25,0.));
#3205 = DIRECTION('',(-0.793373383429,-0.608735307393,0.));
#3206 = DIRECTION('',(-0.608735307393,0.793373383429,0.));
#3207 = ADVANCED_FACE('',(#3208),#3226,.F.);
#3208 = FACE_BOUND('',#3209,.F.);
#3209 = EDGE_LOOP('',(#3210,#3211,#3219,#3225));
#3210 = ORIENTED_EDGE('',*,*,#3140,.T.);
#3211 = ORIENTED_EDGE('',*,*,#3212,.T.);
#3212 = EDGE_CURVE('',#3133,#3213,#3215,.T.);
#3213 = VERTEX_POINT('',#3214);
#3214 = CARTESIAN_POINT('',(139.3467,38.8353,9.));
#3215 = LINE('',#3216,#3217);
#3216 = CARTESIAN_POINT('',(138.8971,37.75,9.));
#3217 = VECTOR('',#3218,1.);
#3218 = DIRECTION('',(0.382722682887,0.923863273436,0.));
#3219 = ORIENTED_EDGE('',*,*,#3220,.F.);
#3220 = EDGE_CURVE('',#384,#3213,#3221,.T.);
#3221 = LINE('',#3222,#3223);
#3222 = CARTESIAN_POINT('',(139.3467,38.8353,0.));
#3223 = VECTOR('',#3224,1.);
#3224 = DIRECTION('',(0.,0.,1.));
#3225 = ORIENTED_EDGE('',*,*,#391,.F.);
#3226 = PLANE('',#3227);
#3227 = AXIS2_PLACEMENT_3D('',#3228,#3229,#3230);
#3228 = CARTESIAN_POINT('',(138.8971,37.75,0.));
#3229 = DIRECTION('',(-0.923863273436,0.382722682887,0.));
#3230 = DIRECTION('',(0.382722682887,0.923863273436,0.));
#3231 = ADVANCED_FACE('',(#3232),#3250,.F.);
#3232 = FACE_BOUND('',#3233,.F.);
#3233 = EDGE_LOOP('',(#3234,#3242,#3248,#3249));
#3234 = ORIENTED_EDGE('',*,*,#3235,.T.);
#3235 = EDGE_CURVE('',#368,#3236,#3238,.T.);
#3236 = VERTEX_POINT('',#3237);
#3237 = CARTESIAN_POINT('',(139.3467,41.1647,9.));
#3238 = LINE('',#3239,#3240);
#3239 = CARTESIAN_POINT('',(139.3467,41.1647,0.));
#3240 = VECTOR('',#3241,1.);
#3241 = DIRECTION('',(0.,0.,1.));
#3242 = ORIENTED_EDGE('',*,*,#3243,.T.);
#3243 = EDGE_CURVE('',#3236,#3157,#3244,.T.);
#3244 = LINE('',#3245,#3246);
#3245 = CARTESIAN_POINT('',(139.3467,41.1647,9.));
#3246 = VECTOR('',#3247,1.);
#3247 = DIRECTION('',(-0.382722682887,0.923863273436,0.));
#3248 = ORIENTED_EDGE('',*,*,#3156,.F.);
#3249 = ORIENTED_EDGE('',*,*,#367,.F.);
#3250 = PLANE('',#3251);
#3251 = AXIS2_PLACEMENT_3D('',#3252,#3253,#3254);
#3252 = CARTESIAN_POINT('',(139.3467,41.1647,0.));
#3253 = DIRECTION('',(-0.923863273436,-0.382722682887,0.));
#3254 = DIRECTION('',(-0.382722682887,0.923863273436,0.));
#3255 = ADVANCED_FACE('',(#3256),#3306,.F.);
#3256 = FACE_BOUND('',#3257,.F.);
#3257 = EDGE_LOOP('',(#3258,#3259,#3260,#3268,#3276,#3284,#3292,#3300));
#3258 = ORIENTED_EDGE('',*,*,#383,.F.);
#3259 = ORIENTED_EDGE('',*,*,#3220,.T.);
#3260 = ORIENTED_EDGE('',*,*,#3261,.T.);
#3261 = EDGE_CURVE('',#3213,#3262,#3264,.T.);
#3262 = VERTEX_POINT('',#3263);
#3263 = CARTESIAN_POINT('',(139.5,40.,9.));
#3264 = LINE('',#3265,#3266);
#3265 = CARTESIAN_POINT('',(139.3467,38.8353,9.));
#3266 = VECTOR('',#3267,1.);
#3267 = DIRECTION('',(0.130496350522,0.991448789651,0.));
#3268 = ORIENTED_EDGE('',*,*,#3269,.F.);
#3269 = EDGE_CURVE('',#3270,#3262,#3272,.T.);
#3270 = VERTEX_POINT('',#3271);
#3271 = CARTESIAN_POINT('',(139.5,40.,5.525));
#3272 = LINE('',#3273,#3274);
#3273 = CARTESIAN_POINT('',(139.5,40.,0.));
#3274 = VECTOR('',#3275,1.);
#3275 = DIRECTION('',(0.,0.,1.));
#3276 = ORIENTED_EDGE('',*,*,#3277,.F.);
#3277 = EDGE_CURVE('',#3278,#3270,#3280,.T.);
#3278 = VERTEX_POINT('',#3279);
#3279 = CARTESIAN_POINT('',(139.41242929416,39.334679705918,5.525));
#3280 = LINE('',#3281,#3282);
#3281 = CARTESIAN_POINT('',(139.40185339236,39.254329067755,5.525));
#3282 = VECTOR('',#3283,1.);
#3283 = DIRECTION('',(0.130496350522,0.991448789651,-0.));
#3284 = ORIENTED_EDGE('',*,*,#3285,.T.);
#3285 = EDGE_CURVE('',#3278,#3286,#3288,.T.);
#3286 = VERTEX_POINT('',#3287);
#3287 = CARTESIAN_POINT('',(139.41242929416,39.334679705918,3.475));
#3288 = LINE('',#3289,#3290);
#3289 = CARTESIAN_POINT('',(139.41242929416,39.334679705918,1.7375));
#3290 = VECTOR('',#3291,1.);
#3291 = DIRECTION('',(0.,0.,-1.));
#3292 = ORIENTED_EDGE('',*,*,#3293,.T.);
#3293 = EDGE_CURVE('',#3286,#3294,#3296,.T.);
#3294 = VERTEX_POINT('',#3295);
#3295 = CARTESIAN_POINT('',(139.5,40.,3.475));
#3296 = LINE('',#3297,#3298);
#3297 = CARTESIAN_POINT('',(139.40185339236,39.254329067755,3.475));
#3298 = VECTOR('',#3299,1.);
#3299 = DIRECTION('',(0.130496350522,0.991448789651,-0.));
#3300 = ORIENTED_EDGE('',*,*,#3301,.F.);
#3301 = EDGE_CURVE('',#376,#3294,#3302,.T.);
#3302 = LINE('',#3303,#3304);
#3303 = CARTESIAN_POINT('',(139.5,40.,0.));
#3304 = VECTOR('',#3305,1.);
#3305 = DIRECTION('',(0.,0.,1.));
#3306 = PLANE('',#3307);
#3307 = AXIS2_PLACEMENT_3D('',#3308,#3309,#3310);
#3308 = CARTESIAN_POINT('',(139.3467,38.8353,0.));
#3309 = DIRECTION('',(-0.991448789651,0.130496350522,0.));
#3310 = DIRECTION('',(0.130496350522,0.991448789651,0.));
#3311 = ADVANCED_FACE('',(#3312),#3346,.F.);
#3312 = FACE_BOUND('',#3313,.F.);
#3313 = EDGE_LOOP('',(#3314,#3315,#3316,#3324,#3332,#3338,#3339,#3345));
#3314 = ORIENTED_EDGE('',*,*,#375,.F.);
#3315 = ORIENTED_EDGE('',*,*,#3301,.T.);
#3316 = ORIENTED_EDGE('',*,*,#3317,.T.);
#3317 = EDGE_CURVE('',#3294,#3318,#3320,.T.);
#3318 = VERTEX_POINT('',#3319);
#3319 = CARTESIAN_POINT('',(139.39594671215,40.790547060381,3.475));
#3320 = LINE('',#3321,#3322);
#3321 = CARTESIAN_POINT('',(139.52951624684,39.775749688868,3.475));
#3322 = VECTOR('',#3323,1.);
#3323 = DIRECTION('',(-0.130496350522,0.991448789651,0.));
#3324 = ORIENTED_EDGE('',*,*,#3325,.F.);
#3325 = EDGE_CURVE('',#3326,#3318,#3328,.T.);
#3326 = VERTEX_POINT('',#3327);
#3327 = CARTESIAN_POINT('',(139.39594671215,40.790547060381,5.525));
#3328 = LINE('',#3329,#3330);
#3329 = CARTESIAN_POINT('',(139.39594671215,40.790547060381,2.25));
#3330 = VECTOR('',#3331,1.);
#3331 = DIRECTION('',(0.,0.,-1.));
#3332 = ORIENTED_EDGE('',*,*,#3333,.F.);
#3333 = EDGE_CURVE('',#3270,#3326,#3334,.T.);
#3334 = LINE('',#3335,#3336);
#3335 = CARTESIAN_POINT('',(139.52951624684,39.775749688868,5.525));
#3336 = VECTOR('',#3337,1.);
#3337 = DIRECTION('',(-0.130496350522,0.991448789651,0.));
#3338 = ORIENTED_EDGE('',*,*,#3269,.T.);
#3339 = ORIENTED_EDGE('',*,*,#3340,.T.);
#3340 = EDGE_CURVE('',#3262,#3236,#3341,.T.);
#3341 = LINE('',#3342,#3343);
#3342 = CARTESIAN_POINT('',(139.5,40.,9.));
#3343 = VECTOR('',#3344,1.);
#3344 = DIRECTION('',(-0.130496350522,0.991448789651,0.));
#3345 = ORIENTED_EDGE('',*,*,#3235,.F.);
#3346 = PLANE('',#3347);
#3347 = AXIS2_PLACEMENT_3D('',#3348,#3349,#3350);
#3348 = CARTESIAN_POINT('',(139.5,40.,0.));
#3349 = DIRECTION('',(-0.991448789651,-0.130496350522,0.));
#3350 = DIRECTION('',(-0.130496350522,0.991448789651,0.));
#3351 = ADVANCED_FACE('',(#3352),#3377,.F.);
#3352 = FACE_BOUND('',#3353,.F.);
#3353 = EDGE_LOOP('',(#3354,#3355,#3363,#3371));
#3354 = ORIENTED_EDGE('',*,*,#727,.F.);
#3355 = ORIENTED_EDGE('',*,*,#3356,.T.);
#3356 = EDGE_CURVE('',#728,#3357,#3359,.T.);
#3357 = VERTEX_POINT('',#3358);
#3358 = CARTESIAN_POINT('',(65.,16.75,9.));
#3359 = LINE('',#3360,#3361);
#3360 = CARTESIAN_POINT('',(65.,16.75,-0.1));
#3361 = VECTOR('',#3362,1.);
#3362 = DIRECTION('',(0.,0.,1.));
#3363 = ORIENTED_EDGE('',*,*,#3364,.F.);
#3364 = EDGE_CURVE('',#3365,#3357,#3367,.T.);
#3365 = VERTEX_POINT('',#3366);
#3366 = CARTESIAN_POINT('',(66.5,16.75,9.));
#3367 = LINE('',#3368,#3369);
#3368 = CARTESIAN_POINT('',(64.955960343397,16.75,9.));
#3369 = VECTOR('',#3370,1.);
#3370 = DIRECTION('',(-1.,-0.,0.));
#3371 = ORIENTED_EDGE('',*,*,#3372,.T.);
#3372 = EDGE_CURVE('',#3365,#730,#3373,.T.);
#3373 = LINE('',#3374,#3375);
#3374 = CARTESIAN_POINT('',(66.5,16.75,-0.1));
#3375 = VECTOR('',#3376,1.);
#3376 = DIRECTION('',(-0.,0.,-1.));
#3377 = PLANE('',#3378);
#3378 = AXIS2_PLACEMENT_3D('',#3379,#3380,#3381);
#3379 = CARTESIAN_POINT('',(65.,16.75,-0.1));
#3380 = DIRECTION('',(-0.,1.,0.));
#3381 = DIRECTION('',(0.,0.,1.));
#3382 = ADVANCED_FACE('',(#3383),#3401,.T.);
#3383 = FACE_BOUND('',#3384,.T.);
#3384 = EDGE_LOOP('',(#3385,#3393,#3394,#3395));
#3385 = ORIENTED_EDGE('',*,*,#3386,.F.);
#3386 = EDGE_CURVE('',#738,#3387,#3389,.T.);
#3387 = VERTEX_POINT('',#3388);
#3388 = CARTESIAN_POINT('',(65.,14.75,9.));
#3389 = LINE('',#3390,#3391);
#3390 = CARTESIAN_POINT('',(65.,14.75,-0.1));
#3391 = VECTOR('',#3392,1.);
#3392 = DIRECTION('',(0.,0.,1.));
#3393 = ORIENTED_EDGE('',*,*,#737,.F.);
#3394 = ORIENTED_EDGE('',*,*,#3356,.T.);
#3395 = ORIENTED_EDGE('',*,*,#3396,.F.);
#3396 = EDGE_CURVE('',#3387,#3357,#3397,.T.);
#3397 = LINE('',#3398,#3399);
#3398 = CARTESIAN_POINT('',(65.,15.751450297868,9.));
#3399 = VECTOR('',#3400,1.);
#3400 = DIRECTION('',(-0.,1.,0.));
#3401 = PLANE('',#3402);
#3402 = AXIS2_PLACEMENT_3D('',#3403,#3404,#3405);
#3403 = CARTESIAN_POINT('',(65.,14.75,-0.1));
#3404 = DIRECTION('',(1.,0.,-0.));
#3405 = DIRECTION('',(0.,0.,1.));
#3406 = ADVANCED_FACE('',(#3407),#3425,.T.);
#3407 = FACE_BOUND('',#3408,.T.);
#3408 = EDGE_LOOP('',(#3409,#3417,#3418,#3419));
#3409 = ORIENTED_EDGE('',*,*,#3410,.F.);
#3410 = EDGE_CURVE('',#3365,#3411,#3413,.T.);
#3411 = VERTEX_POINT('',#3412);
#3412 = CARTESIAN_POINT('',(66.5,18.25,9.));
#3413 = LINE('',#3414,#3415);
#3414 = CARTESIAN_POINT('',(66.5,15.001450297868,9.));
#3415 = VECTOR('',#3416,1.);
#3416 = DIRECTION('',(-0.,1.,0.));
#3417 = ORIENTED_EDGE('',*,*,#3372,.T.);
#3418 = ORIENTED_EDGE('',*,*,#817,.F.);
#3419 = ORIENTED_EDGE('',*,*,#3420,.T.);
#3420 = EDGE_CURVE('',#810,#3411,#3421,.T.);
#3421 = LINE('',#3422,#3423);
#3422 = CARTESIAN_POINT('',(66.5,18.25,-0.1));
#3423 = VECTOR('',#3424,1.);
#3424 = DIRECTION('',(0.,0.,1.));
#3425 = PLANE('',#3426);
#3426 = AXIS2_PLACEMENT_3D('',#3427,#3428,#3429);
#3427 = CARTESIAN_POINT('',(66.5,13.25,-0.1));
#3428 = DIRECTION('',(1.,0.,-0.));
#3429 = DIRECTION('',(0.,0.,1.));
#3430 = ADVANCED_FACE('',(#3431),#3449,.T.);
#3431 = FACE_BOUND('',#3432,.T.);
#3432 = EDGE_LOOP('',(#3433,#3434,#3435,#3443));
#3433 = ORIENTED_EDGE('',*,*,#745,.F.);
#3434 = ORIENTED_EDGE('',*,*,#3386,.T.);
#3435 = ORIENTED_EDGE('',*,*,#3436,.F.);
#3436 = EDGE_CURVE('',#3437,#3387,#3439,.T.);
#3437 = VERTEX_POINT('',#3438);
#3438 = CARTESIAN_POINT('',(66.5,14.75,9.));
#3439 = LINE('',#3440,#3441);
#3440 = CARTESIAN_POINT('',(64.955960343397,14.75,9.));
#3441 = VECTOR('',#3442,1.);
#3442 = DIRECTION('',(-1.,-0.,0.));
#3443 = ORIENTED_EDGE('',*,*,#3444,.T.);
#3444 = EDGE_CURVE('',#3437,#746,#3445,.T.);
#3445 = LINE('',#3446,#3447);
#3446 = CARTESIAN_POINT('',(66.5,14.75,-0.1));
#3447 = VECTOR('',#3448,1.);
#3448 = DIRECTION('',(-0.,0.,-1.));
#3449 = PLANE('',#3450);
#3450 = AXIS2_PLACEMENT_3D('',#3451,#3452,#3453);
#3451 = CARTESIAN_POINT('',(65.,14.75,-0.1));
#3452 = DIRECTION('',(-0.,1.,0.));
#3453 = DIRECTION('',(0.,0.,1.));
#3454 = ADVANCED_FACE('',(#3455),#3473,.F.);
#3455 = FACE_BOUND('',#3456,.F.);
#3456 = EDGE_LOOP('',(#3457,#3465,#3466,#3467));
#3457 = ORIENTED_EDGE('',*,*,#3458,.F.);
#3458 = EDGE_CURVE('',#802,#3459,#3461,.T.);
#3459 = VERTEX_POINT('',#3460);
#3460 = CARTESIAN_POINT('',(68.5,18.25,9.));
#3461 = LINE('',#3462,#3463);
#3462 = CARTESIAN_POINT('',(68.5,18.25,-0.1));
#3463 = VECTOR('',#3464,1.);
#3464 = DIRECTION('',(0.,0.,1.));
#3465 = ORIENTED_EDGE('',*,*,#809,.F.);
#3466 = ORIENTED_EDGE('',*,*,#3420,.T.);
#3467 = ORIENTED_EDGE('',*,*,#3468,.F.);
#3468 = EDGE_CURVE('',#3459,#3411,#3469,.T.);
#3469 = LINE('',#3470,#3471);
#3470 = CARTESIAN_POINT('',(65.705960343397,18.25,9.));
#3471 = VECTOR('',#3472,1.);
#3472 = DIRECTION('',(-1.,-0.,0.));
#3473 = PLANE('',#3474);
#3474 = AXIS2_PLACEMENT_3D('',#3475,#3476,#3477);
#3475 = CARTESIAN_POINT('',(66.5,18.25,-0.1));
#3476 = DIRECTION('',(-0.,1.,0.));
#3477 = DIRECTION('',(0.,0.,1.));
#3478 = ADVANCED_FACE('',(#3479),#3497,.T.);
#3479 = FACE_BOUND('',#3480,.T.);
#3480 = EDGE_LOOP('',(#3481,#3489,#3495,#3496));
#3481 = ORIENTED_EDGE('',*,*,#3482,.F.);
#3482 = EDGE_CURVE('',#3483,#3437,#3485,.T.);
#3483 = VERTEX_POINT('',#3484);
#3484 = CARTESIAN_POINT('',(66.5,13.25,9.));
#3485 = LINE('',#3486,#3487);
#3486 = CARTESIAN_POINT('',(66.5,15.001450297868,9.));
#3487 = VECTOR('',#3488,1.);
#3488 = DIRECTION('',(-0.,1.,0.));
#3489 = ORIENTED_EDGE('',*,*,#3490,.F.);
#3490 = EDGE_CURVE('',#754,#3483,#3491,.T.);
#3491 = LINE('',#3492,#3493);
#3492 = CARTESIAN_POINT('',(66.5,13.25,-0.1));
#3493 = VECTOR('',#3494,1.);
#3494 = DIRECTION('',(0.,0.,1.));
#3495 = ORIENTED_EDGE('',*,*,#753,.F.);
#3496 = ORIENTED_EDGE('',*,*,#3444,.F.);
#3497 = PLANE('',#3498);
#3498 = AXIS2_PLACEMENT_3D('',#3499,#3500,#3501);
#3499 = CARTESIAN_POINT('',(66.5,13.25,-0.1));
#3500 = DIRECTION('',(1.,0.,-0.));
#3501 = DIRECTION('',(0.,0.,1.));
#3502 = ADVANCED_FACE('',(#3503),#3521,.F.);
#3503 = FACE_BOUND('',#3504,.F.);
#3504 = EDGE_LOOP('',(#3505,#3513,#3519,#3520));
#3505 = ORIENTED_EDGE('',*,*,#3506,.F.);
#3506 = EDGE_CURVE('',#3507,#3459,#3509,.T.);
#3507 = VERTEX_POINT('',#3508);
#3508 = CARTESIAN_POINT('',(68.5,16.75,9.));
#3509 = LINE('',#3510,#3511);
#3510 = CARTESIAN_POINT('',(68.5,15.001450297868,9.));
#3511 = VECTOR('',#3512,1.);
#3512 = DIRECTION('',(-0.,1.,0.));
#3513 = ORIENTED_EDGE('',*,*,#3514,.T.);
#3514 = EDGE_CURVE('',#3507,#794,#3515,.T.);
#3515 = LINE('',#3516,#3517);
#3516 = CARTESIAN_POINT('',(68.5,16.75,-0.1));
#3517 = VECTOR('',#3518,1.);
#3518 = DIRECTION('',(-0.,0.,-1.));
#3519 = ORIENTED_EDGE('',*,*,#801,.F.);
#3520 = ORIENTED_EDGE('',*,*,#3458,.T.);
#3521 = PLANE('',#3522);
#3522 = AXIS2_PLACEMENT_3D('',#3523,#3524,#3525);
#3523 = CARTESIAN_POINT('',(68.5,13.25,-0.1));
#3524 = DIRECTION('',(1.,0.,-0.));
#3525 = DIRECTION('',(0.,0.,1.));
#3526 = ADVANCED_FACE('',(#3527),#3545,.T.);
#3527 = FACE_BOUND('',#3528,.T.);
#3528 = EDGE_LOOP('',(#3529,#3537,#3538,#3539));
#3529 = ORIENTED_EDGE('',*,*,#3530,.F.);
#3530 = EDGE_CURVE('',#762,#3531,#3533,.T.);
#3531 = VERTEX_POINT('',#3532);
#3532 = CARTESIAN_POINT('',(68.5,13.25,9.));
#3533 = LINE('',#3534,#3535);
#3534 = CARTESIAN_POINT('',(68.5,13.25,-0.1));
#3535 = VECTOR('',#3536,1.);
#3536 = DIRECTION('',(0.,0.,1.));
#3537 = ORIENTED_EDGE('',*,*,#761,.F.);
#3538 = ORIENTED_EDGE('',*,*,#3490,.T.);
#3539 = ORIENTED_EDGE('',*,*,#3540,.F.);
#3540 = EDGE_CURVE('',#3531,#3483,#3541,.T.);
#3541 = LINE('',#3542,#3543);
#3542 = CARTESIAN_POINT('',(65.705960343397,13.25,9.));
#3543 = VECTOR('',#3544,1.);
#3544 = DIRECTION('',(-1.,-0.,0.));
#3545 = PLANE('',#3546);
#3546 = AXIS2_PLACEMENT_3D('',#3547,#3548,#3549);
#3547 = CARTESIAN_POINT('',(66.5,13.25,-0.1));
#3548 = DIRECTION('',(-0.,1.,0.));
#3549 = DIRECTION('',(0.,0.,1.));
#3550 = ADVANCED_FACE('',(#3551),#3569,.F.);
#3551 = FACE_BOUND('',#3552,.F.);
#3552 = EDGE_LOOP('',(#3553,#3554,#3555,#3563));
#3553 = ORIENTED_EDGE('',*,*,#793,.F.);
#3554 = ORIENTED_EDGE('',*,*,#3514,.F.);
#3555 = ORIENTED_EDGE('',*,*,#3556,.F.);
#3556 = EDGE_CURVE('',#3557,#3507,#3559,.T.);
#3557 = VERTEX_POINT('',#3558);
#3558 = CARTESIAN_POINT('',(70.,16.75,9.));
#3559 = LINE('',#3560,#3561);
#3560 = CARTESIAN_POINT('',(64.955960343397,16.75,9.));
#3561 = VECTOR('',#3562,1.);
#3562 = DIRECTION('',(-1.,-0.,0.));
#3563 = ORIENTED_EDGE('',*,*,#3564,.F.);
#3564 = EDGE_CURVE('',#786,#3557,#3565,.T.);
#3565 = LINE('',#3566,#3567);
#3566 = CARTESIAN_POINT('',(70.,16.75,-0.1));
#3567 = VECTOR('',#3568,1.);
#3568 = DIRECTION('',(0.,0.,1.));
#3569 = PLANE('',#3570);
#3570 = AXIS2_PLACEMENT_3D('',#3571,#3572,#3573);
#3571 = CARTESIAN_POINT('',(65.,16.75,-0.1));
#3572 = DIRECTION('',(-0.,1.,0.));
#3573 = DIRECTION('',(0.,0.,1.));
#3574 = ADVANCED_FACE('',(#3575),#3593,.F.);
#3575 = FACE_BOUND('',#3576,.F.);
#3576 = EDGE_LOOP('',(#3577,#3585,#3586,#3587));
#3577 = ORIENTED_EDGE('',*,*,#3578,.F.);
#3578 = EDGE_CURVE('',#3531,#3579,#3581,.T.);
#3579 = VERTEX_POINT('',#3580);
#3580 = CARTESIAN_POINT('',(68.5,14.75,9.));
#3581 = LINE('',#3582,#3583);
#3582 = CARTESIAN_POINT('',(68.5,15.001450297868,9.));
#3583 = VECTOR('',#3584,1.);
#3584 = DIRECTION('',(-0.,1.,0.));
#3585 = ORIENTED_EDGE('',*,*,#3530,.F.);
#3586 = ORIENTED_EDGE('',*,*,#769,.F.);
#3587 = ORIENTED_EDGE('',*,*,#3588,.F.);
#3588 = EDGE_CURVE('',#3579,#770,#3589,.T.);
#3589 = LINE('',#3590,#3591);
#3590 = CARTESIAN_POINT('',(68.5,14.75,-0.1));
#3591 = VECTOR('',#3592,1.);
#3592 = DIRECTION('',(-0.,0.,-1.));
#3593 = PLANE('',#3594);
#3594 = AXIS2_PLACEMENT_3D('',#3595,#3596,#3597);
#3595 = CARTESIAN_POINT('',(68.5,13.25,-0.1));
#3596 = DIRECTION('',(1.,0.,-0.));
#3597 = DIRECTION('',(0.,0.,1.));
#3598 = ADVANCED_FACE('',(#3599),#3617,.F.);
#3599 = FACE_BOUND('',#3600,.F.);
#3600 = EDGE_LOOP('',(#3601,#3609,#3610,#3611));
#3601 = ORIENTED_EDGE('',*,*,#3602,.F.);
#3602 = EDGE_CURVE('',#778,#3603,#3605,.T.);
#3603 = VERTEX_POINT('',#3604);
#3604 = CARTESIAN_POINT('',(70.,14.75,9.));
#3605 = LINE('',#3606,#3607);
#3606 = CARTESIAN_POINT('',(70.,14.75,-0.1));
#3607 = VECTOR('',#3608,1.);
#3608 = DIRECTION('',(0.,0.,1.));
#3609 = ORIENTED_EDGE('',*,*,#785,.F.);
#3610 = ORIENTED_EDGE('',*,*,#3564,.T.);
#3611 = ORIENTED_EDGE('',*,*,#3612,.F.);
#3612 = EDGE_CURVE('',#3603,#3557,#3613,.T.);
#3613 = LINE('',#3614,#3615);
#3614 = CARTESIAN_POINT('',(70.,15.751450297868,9.));
#3615 = VECTOR('',#3616,1.);
#3616 = DIRECTION('',(-0.,1.,0.));
#3617 = PLANE('',#3618);
#3618 = AXIS2_PLACEMENT_3D('',#3619,#3620,#3621);
#3619 = CARTESIAN_POINT('',(70.,14.75,-0.1));
#3620 = DIRECTION('',(1.,0.,-0.));
#3621 = DIRECTION('',(0.,0.,1.));
#3622 = ADVANCED_FACE('',(#3623),#3634,.T.);
#3623 = FACE_BOUND('',#3624,.T.);
#3624 = EDGE_LOOP('',(#3625,#3626,#3627,#3633));
#3625 = ORIENTED_EDGE('',*,*,#777,.F.);
#3626 = ORIENTED_EDGE('',*,*,#3588,.F.);
#3627 = ORIENTED_EDGE('',*,*,#3628,.F.);
#3628 = EDGE_CURVE('',#3603,#3579,#3629,.T.);
#3629 = LINE('',#3630,#3631);
#3630 = CARTESIAN_POINT('',(64.955960343397,14.75,9.));
#3631 = VECTOR('',#3632,1.);
#3632 = DIRECTION('',(-1.,-0.,0.));
#3633 = ORIENTED_EDGE('',*,*,#3602,.F.);
#3634 = PLANE('',#3635);
#3635 = AXIS2_PLACEMENT_3D('',#3636,#3637,#3638);
#3636 = CARTESIAN_POINT('',(65.,14.75,-0.1));
#3637 = DIRECTION('',(-0.,1.,0.));
#3638 = DIRECTION('',(0.,0.,1.));
#3639 = ADVANCED_FACE('',(#3640),#3659,.F.);
#3640 = FACE_BOUND('',#3641,.F.);
#3641 = EDGE_LOOP('',(#3642,#3651,#3657,#3658));
#3642 = ORIENTED_EDGE('',*,*,#3643,.F.);
#3643 = EDGE_CURVE('',#3644,#3644,#3646,.T.);
#3644 = VERTEX_POINT('',#3645);
#3645 = CARTESIAN_POINT('',(52.39540976904,14.783996933855,9.));
#3646 = CIRCLE('',#3647,2.45);
#3647 = AXIS2_PLACEMENT_3D('',#3648,#3649,#3650);
#3648 = CARTESIAN_POINT('',(49.94540976904,14.783996933855,9.));
#3649 = DIRECTION('',(0.,0.,1.));
#3650 = DIRECTION('',(1.,0.,-0.));
#3651 = ORIENTED_EDGE('',*,*,#3652,.F.);
#3652 = EDGE_CURVE('',#826,#3644,#3653,.T.);
#3653 = LINE('',#3654,#3655);
#3654 = CARTESIAN_POINT('',(52.39540976904,14.783996933855,-0.1));
#3655 = VECTOR('',#3656,1.);
#3656 = DIRECTION('',(0.,0.,1.));
#3657 = ORIENTED_EDGE('',*,*,#825,.T.);
#3658 = ORIENTED_EDGE('',*,*,#3652,.T.);
#3659 = CYLINDRICAL_SURFACE('',#3660,2.45);
#3660 = AXIS2_PLACEMENT_3D('',#3661,#3662,#3663);
#3661 = CARTESIAN_POINT('',(49.94540976904,14.783996933855,-0.1));
#3662 = DIRECTION('',(0.,0.,1.));
#3663 = DIRECTION('',(1.,0.,-0.));
#3664 = ADVANCED_FACE('',(#3665),#3684,.F.);
#3665 = FACE_BOUND('',#3666,.F.);
#3666 = EDGE_LOOP('',(#3667,#3676,#3682,#3683));
#3667 = ORIENTED_EDGE('',*,*,#3668,.F.);
#3668 = EDGE_CURVE('',#3669,#3669,#3671,.T.);
#3669 = VERTEX_POINT('',#3670);
#3670 = CARTESIAN_POINT('',(74.897526077956,19.783103166467,9.));
#3671 = CIRCLE('',#3672,2.45);
#3672 = AXIS2_PLACEMENT_3D('',#3673,#3674,#3675);
#3673 = CARTESIAN_POINT('',(72.447526077956,19.783103166467,9.));
#3674 = DIRECTION('',(0.,0.,1.));
#3675 = DIRECTION('',(1.,0.,-0.));
#3676 = ORIENTED_EDGE('',*,*,#3677,.F.);
#3677 = EDGE_CURVE('',#837,#3669,#3678,.T.);
#3678 = LINE('',#3679,#3680);
#3679 = CARTESIAN_POINT('',(74.897526077956,19.783103166467,-0.1));
#3680 = VECTOR('',#3681,1.);
#3681 = DIRECTION('',(0.,0.,1.));
#3682 = ORIENTED_EDGE('',*,*,#836,.T.);
#3683 = ORIENTED_EDGE('',*,*,#3677,.T.);
#3684 = CYLINDRICAL_SURFACE('',#3685,2.45);
#3685 = AXIS2_PLACEMENT_3D('',#3686,#3687,#3688);
#3686 = CARTESIAN_POINT('',(72.447526077956,19.783103166467,-0.1));
#3687 = DIRECTION('',(0.,0.,1.));
#3688 = DIRECTION('',(1.,0.,-0.));
#3689 = ADVANCED_FACE('',(#3690),#3715,.F.);
#3690 = FACE_BOUND('',#3691,.F.);
#3691 = EDGE_LOOP('',(#3692,#3693,#3701,#3709));
#3692 = ORIENTED_EDGE('',*,*,#847,.F.);
#3693 = ORIENTED_EDGE('',*,*,#3694,.T.);
#3694 = EDGE_CURVE('',#848,#3695,#3697,.T.);
#3695 = VERTEX_POINT('',#3696);
#3696 = CARTESIAN_POINT('',(104.375,28.612123842593,9.));
#3697 = LINE('',#3698,#3699);
#3698 = CARTESIAN_POINT('',(104.375,28.612123842593,-0.1));
#3699 = VECTOR('',#3700,1.);
#3700 = DIRECTION('',(0.,0.,1.));
#3701 = ORIENTED_EDGE('',*,*,#3702,.F.);
#3702 = EDGE_CURVE('',#3703,#3695,#3705,.T.);
#3703 = VERTEX_POINT('',#3704);
#3704 = CARTESIAN_POINT('',(105.875,28.612123842593,9.));
#3705 = LINE('',#3706,#3707);
#3706 = CARTESIAN_POINT('',(84.643460343397,28.612123842593,9.));
#3707 = VECTOR('',#3708,1.);
#3708 = DIRECTION('',(-1.,-0.,0.));
#3709 = ORIENTED_EDGE('',*,*,#3710,.T.);
#3710 = EDGE_CURVE('',#3703,#850,#3711,.T.);
#3711 = LINE('',#3712,#3713);
#3712 = CARTESIAN_POINT('',(105.875,28.612123842593,-0.1));
#3713 = VECTOR('',#3714,1.);
#3714 = DIRECTION('',(-0.,0.,-1.));
#3715 = PLANE('',#3716);
#3716 = AXIS2_PLACEMENT_3D('',#3717,#3718,#3719);
#3717 = CARTESIAN_POINT('',(104.375,28.612123842593,-0.1));
#3718 = DIRECTION('',(-0.,1.,0.));
#3719 = DIRECTION('',(0.,0.,1.));
#3720 = ADVANCED_FACE('',(#3721),#3739,.T.);
#3721 = FACE_BOUND('',#3722,.T.);
#3722 = EDGE_LOOP('',(#3723,#3731,#3732,#3733));
#3723 = ORIENTED_EDGE('',*,*,#3724,.F.);
#3724 = EDGE_CURVE('',#858,#3725,#3727,.T.);
#3725 = VERTEX_POINT('',#3726);
#3726 = CARTESIAN_POINT('',(104.375,26.612123842593,9.));
#3727 = LINE('',#3728,#3729);
#3728 = CARTESIAN_POINT('',(104.375,26.612123842593,-0.1));
#3729 = VECTOR('',#3730,1.);
#3730 = DIRECTION('',(0.,0.,1.));
#3731 = ORIENTED_EDGE('',*,*,#857,.F.);
#3732 = ORIENTED_EDGE('',*,*,#3694,.T.);
#3733 = ORIENTED_EDGE('',*,*,#3734,.F.);
#3734 = EDGE_CURVE('',#3725,#3695,#3735,.T.);
#3735 = LINE('',#3736,#3737);
#3736 = CARTESIAN_POINT('',(104.375,21.682512219164,9.));
#3737 = VECTOR('',#3738,1.);
#3738 = DIRECTION('',(-0.,1.,0.));
#3739 = PLANE('',#3740);
#3740 = AXIS2_PLACEMENT_3D('',#3741,#3742,#3743);
#3741 = CARTESIAN_POINT('',(104.375,26.612123842593,-0.1));
#3742 = DIRECTION('',(1.,0.,-0.));
#3743 = DIRECTION('',(0.,0.,1.));
#3744 = ADVANCED_FACE('',(#3745),#3763,.T.);
#3745 = FACE_BOUND('',#3746,.T.);
#3746 = EDGE_LOOP('',(#3747,#3755,#3756,#3757));
#3747 = ORIENTED_EDGE('',*,*,#3748,.F.);
#3748 = EDGE_CURVE('',#3703,#3749,#3751,.T.);
#3749 = VERTEX_POINT('',#3750);
#3750 = CARTESIAN_POINT('',(105.875,30.112123842593,9.));
#3751 = LINE('',#3752,#3753);
#3752 = CARTESIAN_POINT('',(105.875,20.932512219164,9.));
#3753 = VECTOR('',#3754,1.);
#3754 = DIRECTION('',(-0.,1.,0.));
#3755 = ORIENTED_EDGE('',*,*,#3710,.T.);
#3756 = ORIENTED_EDGE('',*,*,#937,.F.);
#3757 = ORIENTED_EDGE('',*,*,#3758,.T.);
#3758 = EDGE_CURVE('',#930,#3749,#3759,.T.);
#3759 = LINE('',#3760,#3761);
#3760 = CARTESIAN_POINT('',(105.875,30.112123842593,-0.1));
#3761 = VECTOR('',#3762,1.);
#3762 = DIRECTION('',(0.,0.,1.));
#3763 = PLANE('',#3764);
#3764 = AXIS2_PLACEMENT_3D('',#3765,#3766,#3767);
#3765 = CARTESIAN_POINT('',(105.875,25.112123842593,-0.1));
#3766 = DIRECTION('',(1.,0.,-0.));
#3767 = DIRECTION('',(0.,0.,1.));
#3768 = ADVANCED_FACE('',(#3769),#3787,.T.);
#3769 = FACE_BOUND('',#3770,.T.);
#3770 = EDGE_LOOP('',(#3771,#3772,#3773,#3781));
#3771 = ORIENTED_EDGE('',*,*,#865,.F.);
#3772 = ORIENTED_EDGE('',*,*,#3724,.T.);
#3773 = ORIENTED_EDGE('',*,*,#3774,.F.);
#3774 = EDGE_CURVE('',#3775,#3725,#3777,.T.);
#3775 = VERTEX_POINT('',#3776);
#3776 = CARTESIAN_POINT('',(105.875,26.612123842593,9.));
#3777 = LINE('',#3778,#3779);
#3778 = CARTESIAN_POINT('',(84.643460343397,26.612123842593,9.));
#3779 = VECTOR('',#3780,1.);
#3780 = DIRECTION('',(-1.,-0.,0.));
#3781 = ORIENTED_EDGE('',*,*,#3782,.T.);
#3782 = EDGE_CURVE('',#3775,#866,#3783,.T.);
#3783 = LINE('',#3784,#3785);
#3784 = CARTESIAN_POINT('',(105.875,26.612123842593,-0.1));
#3785 = VECTOR('',#3786,1.);
#3786 = DIRECTION('',(-0.,0.,-1.));
#3787 = PLANE('',#3788);
#3788 = AXIS2_PLACEMENT_3D('',#3789,#3790,#3791);
#3789 = CARTESIAN_POINT('',(104.375,26.612123842593,-0.1));
#3790 = DIRECTION('',(-0.,1.,0.));
#3791 = DIRECTION('',(0.,0.,1.));
#3792 = ADVANCED_FACE('',(#3793),#3811,.F.);
#3793 = FACE_BOUND('',#3794,.F.);
#3794 = EDGE_LOOP('',(#3795,#3803,#3804,#3805));
#3795 = ORIENTED_EDGE('',*,*,#3796,.F.);
#3796 = EDGE_CURVE('',#922,#3797,#3799,.T.);
#3797 = VERTEX_POINT('',#3798);
#3798 = CARTESIAN_POINT('',(107.875,30.112123842593,9.));
#3799 = LINE('',#3800,#3801);
#3800 = CARTESIAN_POINT('',(107.875,30.112123842593,-0.1));
#3801 = VECTOR('',#3802,1.);
#3802 = DIRECTION('',(0.,0.,1.));
#3803 = ORIENTED_EDGE('',*,*,#929,.F.);
#3804 = ORIENTED_EDGE('',*,*,#3758,.T.);
#3805 = ORIENTED_EDGE('',*,*,#3806,.F.);
#3806 = EDGE_CURVE('',#3797,#3749,#3807,.T.);
#3807 = LINE('',#3808,#3809);
#3808 = CARTESIAN_POINT('',(85.393460343397,30.112123842593,9.));
#3809 = VECTOR('',#3810,1.);
#3810 = DIRECTION('',(-1.,-0.,0.));
#3811 = PLANE('',#3812);
#3812 = AXIS2_PLACEMENT_3D('',#3813,#3814,#3815);
#3813 = CARTESIAN_POINT('',(105.875,30.112123842593,-0.1));
#3814 = DIRECTION('',(-0.,1.,0.));
#3815 = DIRECTION('',(0.,0.,1.));
#3816 = ADVANCED_FACE('',(#3817),#3835,.T.);
#3817 = FACE_BOUND('',#3818,.T.);
#3818 = EDGE_LOOP('',(#3819,#3827,#3833,#3834));
#3819 = ORIENTED_EDGE('',*,*,#3820,.F.);
#3820 = EDGE_CURVE('',#3821,#3775,#3823,.T.);
#3821 = VERTEX_POINT('',#3822);
#3822 = CARTESIAN_POINT('',(105.875,25.112123842593,9.));
#3823 = LINE('',#3824,#3825);
#3824 = CARTESIAN_POINT('',(105.875,20.932512219164,9.));
#3825 = VECTOR('',#3826,1.);
#3826 = DIRECTION('',(-0.,1.,0.));
#3827 = ORIENTED_EDGE('',*,*,#3828,.F.);
#3828 = EDGE_CURVE('',#874,#3821,#3829,.T.);
#3829 = LINE('',#3830,#3831);
#3830 = CARTESIAN_POINT('',(105.875,25.112123842593,-0.1));
#3831 = VECTOR('',#3832,1.);
#3832 = DIRECTION('',(0.,0.,1.));
#3833 = ORIENTED_EDGE('',*,*,#873,.F.);
#3834 = ORIENTED_EDGE('',*,*,#3782,.F.);
#3835 = PLANE('',#3836);
#3836 = AXIS2_PLACEMENT_3D('',#3837,#3838,#3839);
#3837 = CARTESIAN_POINT('',(105.875,25.112123842593,-0.1));
#3838 = DIRECTION('',(1.,0.,-0.));
#3839 = DIRECTION('',(0.,0.,1.));
#3840 = ADVANCED_FACE('',(#3841),#3859,.F.);
#3841 = FACE_BOUND('',#3842,.F.);
#3842 = EDGE_LOOP('',(#3843,#3851,#3857,#3858));
#3843 = ORIENTED_EDGE('',*,*,#3844,.F.);
#3844 = EDGE_CURVE('',#3845,#3797,#3847,.T.);
#3845 = VERTEX_POINT('',#3846);
#3846 = CARTESIAN_POINT('',(107.875,28.612123842593,9.));
#3847 = LINE('',#3848,#3849);
#3848 = CARTESIAN_POINT('',(107.875,20.932512219164,9.));
#3849 = VECTOR('',#3850,1.);
#3850 = DIRECTION('',(-0.,1.,0.));
#3851 = ORIENTED_EDGE('',*,*,#3852,.T.);
#3852 = EDGE_CURVE('',#3845,#914,#3853,.T.);
#3853 = LINE('',#3854,#3855);
#3854 = CARTESIAN_POINT('',(107.875,28.612123842593,-0.1));
#3855 = VECTOR('',#3856,1.);
#3856 = DIRECTION('',(-0.,0.,-1.));
#3857 = ORIENTED_EDGE('',*,*,#921,.F.);
#3858 = ORIENTED_EDGE('',*,*,#3796,.T.);
#3859 = PLANE('',#3860);
#3860 = AXIS2_PLACEMENT_3D('',#3861,#3862,#3863);
#3861 = CARTESIAN_POINT('',(107.875,25.112123842593,-0.1));
#3862 = DIRECTION('',(1.,0.,-0.));
#3863 = DIRECTION('',(0.,0.,1.));
#3864 = ADVANCED_FACE('',(#3865),#3883,.T.);
#3865 = FACE_BOUND('',#3866,.T.);
#3866 = EDGE_LOOP('',(#3867,#3875,#3876,#3877));
#3867 = ORIENTED_EDGE('',*,*,#3868,.F.);
#3868 = EDGE_CURVE('',#882,#3869,#3871,.T.);
#3869 = VERTEX_POINT('',#3870);
#3870 = CARTESIAN_POINT('',(107.875,25.112123842593,9.));
#3871 = LINE('',#3872,#3873);
#3872 = CARTESIAN_POINT('',(107.875,25.112123842593,-0.1));
#3873 = VECTOR('',#3874,1.);
#3874 = DIRECTION('',(0.,0.,1.));
#3875 = ORIENTED_EDGE('',*,*,#881,.F.);
#3876 = ORIENTED_EDGE('',*,*,#3828,.T.);
#3877 = ORIENTED_EDGE('',*,*,#3878,.F.);
#3878 = EDGE_CURVE('',#3869,#3821,#3879,.T.);
#3879 = LINE('',#3880,#3881);
#3880 = CARTESIAN_POINT('',(85.393460343397,25.112123842593,9.));
#3881 = VECTOR('',#3882,1.);
#3882 = DIRECTION('',(-1.,-0.,0.));
#3883 = PLANE('',#3884);
#3884 = AXIS2_PLACEMENT_3D('',#3885,#3886,#3887);
#3885 = CARTESIAN_POINT('',(105.875,25.112123842593,-0.1));
#3886 = DIRECTION('',(-0.,1.,0.));
#3887 = DIRECTION('',(0.,0.,1.));
#3888 = ADVANCED_FACE('',(#3889),#3907,.F.);
#3889 = FACE_BOUND('',#3890,.F.);
#3890 = EDGE_LOOP('',(#3891,#3892,#3893,#3901));
#3891 = ORIENTED_EDGE('',*,*,#913,.F.);
#3892 = ORIENTED_EDGE('',*,*,#3852,.F.);
#3893 = ORIENTED_EDGE('',*,*,#3894,.F.);
#3894 = EDGE_CURVE('',#3895,#3845,#3897,.T.);
#3895 = VERTEX_POINT('',#3896);
#3896 = CARTESIAN_POINT('',(109.375,28.612123842593,9.));
#3897 = LINE('',#3898,#3899);
#3898 = CARTESIAN_POINT('',(84.643460343397,28.612123842593,9.));
#3899 = VECTOR('',#3900,1.);
#3900 = DIRECTION('',(-1.,-0.,0.));
#3901 = ORIENTED_EDGE('',*,*,#3902,.F.);
#3902 = EDGE_CURVE('',#906,#3895,#3903,.T.);
#3903 = LINE('',#3904,#3905);
#3904 = CARTESIAN_POINT('',(109.375,28.612123842593,-0.1));
#3905 = VECTOR('',#3906,1.);
#3906 = DIRECTION('',(0.,0.,1.));
#3907 = PLANE('',#3908);
#3908 = AXIS2_PLACEMENT_3D('',#3909,#3910,#3911);
#3909 = CARTESIAN_POINT('',(104.375,28.612123842593,-0.1));
#3910 = DIRECTION('',(-0.,1.,0.));
#3911 = DIRECTION('',(0.,0.,1.));
#3912 = ADVANCED_FACE('',(#3913),#3931,.F.);
#3913 = FACE_BOUND('',#3914,.F.);
#3914 = EDGE_LOOP('',(#3915,#3923,#3924,#3925));
#3915 = ORIENTED_EDGE('',*,*,#3916,.F.);
#3916 = EDGE_CURVE('',#3869,#3917,#3919,.T.);
#3917 = VERTEX_POINT('',#3918);
#3918 = CARTESIAN_POINT('',(107.875,26.612123842593,9.));
#3919 = LINE('',#3920,#3921);
#3920 = CARTESIAN_POINT('',(107.875,20.932512219164,9.));
#3921 = VECTOR('',#3922,1.);
#3922 = DIRECTION('',(-0.,1.,0.));
#3923 = ORIENTED_EDGE('',*,*,#3868,.F.);
#3924 = ORIENTED_EDGE('',*,*,#889,.F.);
#3925 = ORIENTED_EDGE('',*,*,#3926,.F.);
#3926 = EDGE_CURVE('',#3917,#890,#3927,.T.);
#3927 = LINE('',#3928,#3929);
#3928 = CARTESIAN_POINT('',(107.875,26.612123842593,-0.1));
#3929 = VECTOR('',#3930,1.);
#3930 = DIRECTION('',(-0.,0.,-1.));
#3931 = PLANE('',#3932);
#3932 = AXIS2_PLACEMENT_3D('',#3933,#3934,#3935);
#3933 = CARTESIAN_POINT('',(107.875,25.112123842593,-0.1));
#3934 = DIRECTION('',(1.,0.,-0.));
#3935 = DIRECTION('',(0.,0.,1.));
#3936 = ADVANCED_FACE('',(#3937),#3955,.F.);
#3937 = FACE_BOUND('',#3938,.F.);
#3938 = EDGE_LOOP('',(#3939,#3947,#3948,#3949));
#3939 = ORIENTED_EDGE('',*,*,#3940,.F.);
#3940 = EDGE_CURVE('',#898,#3941,#3943,.T.);
#3941 = VERTEX_POINT('',#3942);
#3942 = CARTESIAN_POINT('',(109.375,26.612123842593,9.));
#3943 = LINE('',#3944,#3945);
#3944 = CARTESIAN_POINT('',(109.375,26.612123842593,-0.1));
#3945 = VECTOR('',#3946,1.);
#3946 = DIRECTION('',(0.,0.,1.));
#3947 = ORIENTED_EDGE('',*,*,#905,.F.);
#3948 = ORIENTED_EDGE('',*,*,#3902,.T.);
#3949 = ORIENTED_EDGE('',*,*,#3950,.F.);
#3950 = EDGE_CURVE('',#3941,#3895,#3951,.T.);
#3951 = LINE('',#3952,#3953);
#3952 = CARTESIAN_POINT('',(109.375,21.682512219164,9.));
#3953 = VECTOR('',#3954,1.);
#3954 = DIRECTION('',(-0.,1.,0.));
#3955 = PLANE('',#3956);
#3956 = AXIS2_PLACEMENT_3D('',#3957,#3958,#3959);
#3957 = CARTESIAN_POINT('',(109.375,26.612123842593,-0.1));
#3958 = DIRECTION('',(1.,0.,-0.));
#3959 = DIRECTION('',(0.,0.,1.));
#3960 = ADVANCED_FACE('',(#3961),#3972,.T.);
#3961 = FACE_BOUND('',#3962,.T.);
#3962 = EDGE_LOOP('',(#3963,#3964,#3965,#3971));
#3963 = ORIENTED_EDGE('',*,*,#897,.F.);
#3964 = ORIENTED_EDGE('',*,*,#3926,.F.);
#3965 = ORIENTED_EDGE('',*,*,#3966,.F.);
#3966 = EDGE_CURVE('',#3941,#3917,#3967,.T.);
#3967 = LINE('',#3968,#3969);
#3968 = CARTESIAN_POINT('',(84.643460343397,26.612123842593,9.));
#3969 = VECTOR('',#3970,1.);
#3970 = DIRECTION('',(-1.,-0.,0.));
#3971 = ORIENTED_EDGE('',*,*,#3940,.F.);
#3972 = PLANE('',#3973);
#3973 = AXIS2_PLACEMENT_3D('',#3974,#3975,#3976);
#3974 = CARTESIAN_POINT('',(104.375,26.612123842593,-0.1));
#3975 = DIRECTION('',(-0.,1.,0.));
#3976 = DIRECTION('',(0.,0.,1.));
#3977 = ADVANCED_FACE('',(#3978),#3997,.F.);
#3978 = FACE_BOUND('',#3979,.F.);
#3979 = EDGE_LOOP('',(#3980,#3989,#3995,#3996));
#3980 = ORIENTED_EDGE('',*,*,#3981,.F.);
#3981 = EDGE_CURVE('',#3982,#3982,#3984,.T.);
#3982 = VERTEX_POINT('',#3983);
#3983 = CARTESIAN_POINT('',(102.97611277952,27.676539545784,9.));
#3984 = CIRCLE('',#3985,2.45);
#3985 = AXIS2_PLACEMENT_3D('',#3986,#3987,#3988);
#3986 = CARTESIAN_POINT('',(100.52611277952,27.676539545784,9.));
#3987 = DIRECTION('',(0.,0.,1.));
#3988 = DIRECTION('',(1.,0.,-0.));
#3989 = ORIENTED_EDGE('',*,*,#3990,.F.);
#3990 = EDGE_CURVE('',#946,#3982,#3991,.T.);
#3991 = LINE('',#3992,#3993);
#3992 = CARTESIAN_POINT('',(102.97611277952,27.676539545784,-0.1));
#3993 = VECTOR('',#3994,1.);
#3994 = DIRECTION('',(0.,0.,1.));
#3995 = ORIENTED_EDGE('',*,*,#945,.T.);
#3996 = ORIENTED_EDGE('',*,*,#3990,.T.);
#3997 = CYLINDRICAL_SURFACE('',#3998,2.45);
#3998 = AXIS2_PLACEMENT_3D('',#3999,#4000,#4001);
#3999 = CARTESIAN_POINT('',(100.52611277952,27.676539545784,-0.1));
#4000 = DIRECTION('',(0.,0.,1.));
#4001 = DIRECTION('',(1.,0.,-0.));
#4002 = ADVANCED_FACE('',(#4003,#4098,#4345,#4348,#4362,#4365,#4368),
  #4382,.T.);
#4003 = FACE_BOUND('',#4004,.T.);
#4004 = EDGE_LOOP('',(#4005,#4006,#4007,#4008,#4009,#4010,#4011,#4012,
    #4013,#4014,#4015,#4016,#4017,#4018,#4019,#4020,#4021,#4022,#4023,
    #4024,#4025,#4026,#4027,#4028,#4029,#4030,#4031,#4032,#4033,#4034,
    #4035,#4036,#4037,#4038,#4039,#4040,#4041,#4042,#4043,#4044,#4045,
    #4046,#4047,#4048,#4049,#4050,#4051,#4052,#4053,#4059,#4060,#4061,
    #4062,#4063,#4064,#4065,#4066,#4067,#4068,#4069,#4070,#4071,#4072,
    #4073,#4074,#4075,#4076,#4077,#4078,#4079,#4080,#4081,#4082,#4083,
    #4084,#4085,#4086,#4087,#4088,#4089,#4090,#4091,#4092,#4093,#4094,
    #4095,#4096,#4097));
#4005 = ORIENTED_EDGE('',*,*,#1122,.T.);
#4006 = ORIENTED_EDGE('',*,*,#979,.F.);
#4007 = ORIENTED_EDGE('',*,*,#1138,.T.);
#4008 = ORIENTED_EDGE('',*,*,#1186,.T.);
#4009 = ORIENTED_EDGE('',*,*,#1235,.T.);
#4010 = ORIENTED_EDGE('',*,*,#1325,.T.);
#4011 = ORIENTED_EDGE('',*,*,#1372,.T.);
#4012 = ORIENTED_EDGE('',*,*,#1420,.T.);
#4013 = ORIENTED_EDGE('',*,*,#1468,.T.);
#4014 = ORIENTED_EDGE('',*,*,#1516,.T.);
#4015 = ORIENTED_EDGE('',*,*,#1564,.T.);
#4016 = ORIENTED_EDGE('',*,*,#1612,.T.);
#4017 = ORIENTED_EDGE('',*,*,#1660,.T.);
#4018 = ORIENTED_EDGE('',*,*,#1708,.T.);
#4019 = ORIENTED_EDGE('',*,*,#1756,.T.);
#4020 = ORIENTED_EDGE('',*,*,#1804,.T.);
#4021 = ORIENTED_EDGE('',*,*,#1852,.T.);
#4022 = ORIENTED_EDGE('',*,*,#1901,.T.);
#4023 = ORIENTED_EDGE('',*,*,#1949,.T.);
#4024 = ORIENTED_EDGE('',*,*,#1996,.T.);
#4025 = ORIENTED_EDGE('',*,*,#2044,.T.);
#4026 = ORIENTED_EDGE('',*,*,#2092,.T.);
#4027 = ORIENTED_EDGE('',*,*,#2140,.T.);
#4028 = ORIENTED_EDGE('',*,*,#2188,.T.);
#4029 = ORIENTED_EDGE('',*,*,#2236,.T.);
#4030 = ORIENTED_EDGE('',*,*,#2284,.T.);
#4031 = ORIENTED_EDGE('',*,*,#2332,.T.);
#4032 = ORIENTED_EDGE('',*,*,#2380,.T.);
#4033 = ORIENTED_EDGE('',*,*,#2428,.T.);
#4034 = ORIENTED_EDGE('',*,*,#2476,.T.);
#4035 = ORIENTED_EDGE('',*,*,#2525,.T.);
#4036 = ORIENTED_EDGE('',*,*,#2573,.T.);
#4037 = ORIENTED_EDGE('',*,*,#2620,.T.);
#4038 = ORIENTED_EDGE('',*,*,#2668,.T.);
#4039 = ORIENTED_EDGE('',*,*,#2716,.T.);
#4040 = ORIENTED_EDGE('',*,*,#2764,.T.);
#4041 = ORIENTED_EDGE('',*,*,#2812,.T.);
#4042 = ORIENTED_EDGE('',*,*,#2860,.T.);
#4043 = ORIENTED_EDGE('',*,*,#2908,.T.);
#4044 = ORIENTED_EDGE('',*,*,#2956,.T.);
#4045 = ORIENTED_EDGE('',*,*,#3004,.T.);
#4046 = ORIENTED_EDGE('',*,*,#3084,.T.);
#4047 = ORIENTED_EDGE('',*,*,#3132,.T.);
#4048 = ORIENTED_EDGE('',*,*,#3212,.T.);
#4049 = ORIENTED_EDGE('',*,*,#3261,.T.);
#4050 = ORIENTED_EDGE('',*,*,#3340,.T.);
#4051 = ORIENTED_EDGE('',*,*,#3243,.T.);
#4052 = ORIENTED_EDGE('',*,*,#3164,.T.);
#4053 = ORIENTED_EDGE('',*,*,#4054,.T.);
#4054 = EDGE_CURVE('',#3165,#3061,#4055,.T.);
#4055 = LINE('',#4056,#4057);
#4056 = CARTESIAN_POINT('',(138.182,43.182,9.));
#4057 = VECTOR('',#4058,1.);
#4058 = DIRECTION('',(-0.793373383429,0.608735307393,0.));
#4059 = ORIENTED_EDGE('',*,*,#3068,.T.);
#4060 = ORIENTED_EDGE('',*,*,#2987,.T.);
#4061 = ORIENTED_EDGE('',*,*,#2939,.T.);
#4062 = ORIENTED_EDGE('',*,*,#2891,.T.);
#4063 = ORIENTED_EDGE('',*,*,#2843,.T.);
#4064 = ORIENTED_EDGE('',*,*,#2796,.T.);
#4065 = ORIENTED_EDGE('',*,*,#2748,.T.);
#4066 = ORIENTED_EDGE('',*,*,#2699,.T.);
#4067 = ORIENTED_EDGE('',*,*,#2651,.T.);
#4068 = ORIENTED_EDGE('',*,*,#2603,.T.);
#4069 = ORIENTED_EDGE('',*,*,#2555,.T.);
#4070 = ORIENTED_EDGE('',*,*,#2507,.T.);
#4071 = ORIENTED_EDGE('',*,*,#2459,.T.);
#4072 = ORIENTED_EDGE('',*,*,#2411,.T.);
#4073 = ORIENTED_EDGE('',*,*,#2363,.T.);
#4074 = ORIENTED_EDGE('',*,*,#2315,.T.);
#4075 = ORIENTED_EDGE('',*,*,#2267,.T.);
#4076 = ORIENTED_EDGE('',*,*,#2220,.T.);
#4077 = ORIENTED_EDGE('',*,*,#2172,.T.);
#4078 = ORIENTED_EDGE('',*,*,#2123,.T.);
#4079 = ORIENTED_EDGE('',*,*,#2075,.T.);
#4080 = ORIENTED_EDGE('',*,*,#2027,.T.);
#4081 = ORIENTED_EDGE('',*,*,#1979,.T.);
#4082 = ORIENTED_EDGE('',*,*,#1931,.T.);
#4083 = ORIENTED_EDGE('',*,*,#1883,.T.);
#4084 = ORIENTED_EDGE('',*,*,#1835,.T.);
#4085 = ORIENTED_EDGE('',*,*,#1787,.T.);
#4086 = ORIENTED_EDGE('',*,*,#1739,.T.);
#4087 = ORIENTED_EDGE('',*,*,#1691,.T.);
#4088 = ORIENTED_EDGE('',*,*,#1643,.T.);
#4089 = ORIENTED_EDGE('',*,*,#1596,.T.);
#4090 = ORIENTED_EDGE('',*,*,#1548,.T.);
#4091 = ORIENTED_EDGE('',*,*,#1499,.T.);
#4092 = ORIENTED_EDGE('',*,*,#1451,.T.);
#4093 = ORIENTED_EDGE('',*,*,#1403,.T.);
#4094 = ORIENTED_EDGE('',*,*,#1355,.T.);
#4095 = ORIENTED_EDGE('',*,*,#1282,.T.);
#4096 = ORIENTED_EDGE('',*,*,#1217,.T.);
#4097 = ORIENTED_EDGE('',*,*,#1169,.T.);
#4098 = FACE_BOUND('',#4099,.T.);
#4099 = EDGE_LOOP('',(#4100,#4110,#4118,#4126,#4134,#4142,#4154,#4169,
    #4186,#4203,#4215,#4227,#4235,#4246,#4257,#4280,#4303,#4318,#4339));
#4100 = ORIENTED_EDGE('',*,*,#4101,.F.);
#4101 = EDGE_CURVE('',#4102,#4104,#4106,.T.);
#4102 = VERTEX_POINT('',#4103);
#4103 = CARTESIAN_POINT('',(27.794729999709,4.551445326002,9.));
#4104 = VERTEX_POINT('',#4105);
#4105 = CARTESIAN_POINT('',(24.972322162316,3.913230988621,9.));
#4106 = LINE('',#4107,#4108);
#4107 = CARTESIAN_POINT('',(45.351757390184,8.521511754368,9.));
#4108 = VECTOR('',#4109,1.);
#4109 = DIRECTION('',(-0.975374397962,-0.220555625182,0.));
#4110 = ORIENTED_EDGE('',*,*,#4111,.F.);
#4111 = EDGE_CURVE('',#4112,#4102,#4114,.T.);
#4112 = VERTEX_POINT('',#4113);
#4113 = CARTESIAN_POINT('',(28.068278184498,3.341719227053,9.));
#4114 = LINE('',#4115,#4116);
#4115 = CARTESIAN_POINT('',(27.385094034079,6.362999363813,9.));
#4116 = VECTOR('',#4117,1.);
#4117 = DIRECTION('',(-0.220555625182,0.975374397962,0.));
#4118 = ORIENTED_EDGE('',*,*,#4119,.F.);
#4119 = EDGE_CURVE('',#4120,#4112,#4122,.T.);
#4120 = VERTEX_POINT('',#4121);
#4121 = CARTESIAN_POINT('',(23.407224145577,2.287742733814,9.));
#4122 = LINE('',#4123,#4124);
#4123 = CARTESIAN_POINT('',(47.03650949367,7.630892824109,9.));
#4124 = VECTOR('',#4125,1.);
#4125 = DIRECTION('',(0.975374397962,0.220555625182,-0.));
#4126 = ORIENTED_EDGE('',*,*,#4127,.F.);
#4127 = EDGE_CURVE('',#4128,#4120,#4130,.T.);
#4128 = VERTEX_POINT('',#4129);
#4129 = CARTESIAN_POINT('',(23.133675960788,3.497468832763,9.));
#4130 = LINE('',#4131,#4132);
#4131 = CARTESIAN_POINT('',(22.860814087553,4.704159821099,9.));
#4132 = VECTOR('',#4133,1.);
#4133 = DIRECTION('',(0.220555625182,-0.975374397962,0.));
#4134 = ORIENTED_EDGE('',*,*,#4135,.F.);
#4135 = EDGE_CURVE('',#4136,#4128,#4138,.T.);
#4136 = VERTEX_POINT('',#4137);
#4137 = CARTESIAN_POINT('',(25.008732181577,6.088632326368,9.));
#4138 = LINE('',#4139,#4140);
#4139 = CARTESIAN_POINT('',(33.46059338636,17.768364360019,9.));
#4140 = VECTOR('',#4141,1.);
#4141 = DIRECTION('',(-0.586242418766,-0.810135683969,0.));
#4142 = ORIENTED_EDGE('',*,*,#4143,.F.);
#4143 = EDGE_CURVE('',#4144,#4136,#4146,.T.);
#4144 = VERTEX_POINT('',#4145);
#4145 = CARTESIAN_POINT('',(25.347442903858,6.747429280612,9.));
#4146 = B_SPLINE_CURVE_WITH_KNOTS('',6,(#4147,#4148,#4149,#4150,#4151,
    #4152,#4153),.UNSPECIFIED.,.F.,.F.,(7,7),(0.,1.),
  .PIECEWISE_BEZIER_KNOTS.);
#4147 = CARTESIAN_POINT('',(25.347442903858,6.747429280612,9.));
#4148 = CARTESIAN_POINT('',(25.316109170903,6.640544284078,9.));
#4149 = CARTESIAN_POINT('',(25.273474776725,6.531859322558,9.));
#4150 = CARTESIAN_POINT('',(25.220420882828,6.421919733927,9.));
#4151 = CARTESIAN_POINT('',(25.157978506805,6.311184849397,9.));
#4152 = CARTESIAN_POINT('',(25.087128614905,6.200008453567,9.));
#4153 = CARTESIAN_POINT('',(25.008732181577,6.088632326368,9.));
#4154 = ORIENTED_EDGE('',*,*,#4155,.F.);
#4155 = EDGE_CURVE('',#4156,#4144,#4158,.T.);
#4156 = VERTEX_POINT('',#4157);
#4157 = CARTESIAN_POINT('',(25.370545181045,7.344191728872,9.));
#4158 = B_SPLINE_CURVE_WITH_KNOTS('',5,(#4159,#4160,#4161,#4162,#4163,
    #4164,#4165,#4166,#4167,#4168),.UNSPECIFIED.,.F.,.F.,(6,4,6),(0.,
    0.271929262872,1.),.UNSPECIFIED.);
#4159 = CARTESIAN_POINT('',(25.370545181045,7.344191728872,9.));
#4160 = CARTESIAN_POINT('',(25.377745723595,7.312348402052,9.));
#4161 = CARTESIAN_POINT('',(25.383803099558,7.2803699381,9.));
#4162 = CARTESIAN_POINT('',(25.38870802514,7.24826971652,9.));
#4163 = CARTESIAN_POINT('',(25.392455270758,7.216061689883,9.));
#4164 = CARTESIAN_POINT('',(25.401973886941,7.09727599647,9.));
#4165 = CARTESIAN_POINT('',(25.400597183943,7.010118436043,9.));
#4166 = CARTESIAN_POINT('',(25.3908889331,6.922577607331,9.));
#4167 = CARTESIAN_POINT('',(25.373050914773,6.834928517805,9.));
#4168 = CARTESIAN_POINT('',(25.347442903858,6.747429280612,9.));
#4169 = ORIENTED_EDGE('',*,*,#4170,.F.);
#4170 = EDGE_CURVE('',#4171,#4156,#4173,.T.);
#4171 = VERTEX_POINT('',#4172);
#4172 = CARTESIAN_POINT('',(24.90343786264,8.001396263728,9.));
#4173 = B_SPLINE_CURVE_WITH_KNOTS('',6,(#4174,#4175,#4176,#4177,#4178,
    #4179,#4180,#4181,#4182,#4183,#4184,#4185),.UNSPECIFIED.,.F.,.F.,(7,
    5,7),(0.,0.348626311003,1.),.UNSPECIFIED.);
#4174 = CARTESIAN_POINT('',(24.90343786264,8.001396263728,9.));
#4175 = CARTESIAN_POINT('',(24.945734120898,7.977516501489,9.));
#4176 = CARTESIAN_POINT('',(24.986228448097,7.951485722575,9.));
#4177 = CARTESIAN_POINT('',(25.024791596854,7.923287907969,9.));
#4178 = CARTESIAN_POINT('',(25.061310713765,7.892931594928,9.));
#4179 = CARTESIAN_POINT('',(25.095693838581,7.86045463488,9.));
#4180 = CARTESIAN_POINT('',(25.188000597389,7.761421135449,9.));
#4181 = CARTESIAN_POINT('',(25.240460405098,7.689737245145,9.));
#4182 = CARTESIAN_POINT('',(25.284775778075,7.61137035892,9.));
#4183 = CARTESIAN_POINT('',(25.320974737361,7.527074625905,9.));
#4184 = CARTESIAN_POINT('',(25.349395878556,7.437721368688,9.));
#4185 = CARTESIAN_POINT('',(25.370545181045,7.344191728872,9.));
#4186 = ORIENTED_EDGE('',*,*,#4187,.F.);
#4187 = EDGE_CURVE('',#4188,#4171,#4190,.T.);
#4188 = VERTEX_POINT('',#4189);
#4189 = CARTESIAN_POINT('',(24.035929328634,8.094227598805,9.));
#4190 = B_SPLINE_CURVE_WITH_KNOTS('',6,(#4191,#4192,#4193,#4194,#4195,
    #4196,#4197,#4198,#4199,#4200,#4201,#4202),.UNSPECIFIED.,.F.,.F.,(7,
    5,7),(0.,0.873751487615,1.),.UNSPECIFIED.);
#4191 = CARTESIAN_POINT('',(24.035929328634,8.094227598805,9.));
#4192 = CARTESIAN_POINT('',(24.172640740917,8.125141339281,9.));
#4193 = CARTESIAN_POINT('',(24.307957673894,8.142911245933,9.));
#4194 = CARTESIAN_POINT('',(24.440584727412,8.145584419504,9.));
#4195 = CARTESIAN_POINT('',(24.568946747013,8.131362263863,9.));
#4196 = CARTESIAN_POINT('',(24.691344085807,8.099157199325,9.));
#4197 = CARTESIAN_POINT('',(24.82284054405,8.042522141868,9.));
#4198 = CARTESIAN_POINT('',(24.839286296502,8.035010787468,9.));
#4199 = CARTESIAN_POINT('',(24.855572519654,8.02713992811,9.));
#4200 = CARTESIAN_POINT('',(24.871695453622,8.018911879252,9.));
#4201 = CARTESIAN_POINT('',(24.887651628157,8.010329514125,9.));
#4202 = CARTESIAN_POINT('',(24.90343786264,8.001396263728,9.));
#4203 = ORIENTED_EDGE('',*,*,#4204,.F.);
#4204 = EDGE_CURVE('',#4205,#4188,#4207,.T.);
#4205 = VERTEX_POINT('',#4206);
#4206 = CARTESIAN_POINT('',(23.22719763469,7.736752214467,9.));
#4207 = B_SPLINE_CURVE_WITH_KNOTS('',6,(#4208,#4209,#4210,#4211,#4212,
    #4213,#4214),.UNSPECIFIED.,.F.,.F.,(7,7),(0.,1.),
  .PIECEWISE_BEZIER_KNOTS.);
#4208 = CARTESIAN_POINT('',(23.22719763469,7.736752214467,9.));
#4209 = CARTESIAN_POINT('',(23.360222346417,7.821857918532,9.));
#4210 = CARTESIAN_POINT('',(23.494363566011,7.898147582723,9.));
#4211 = CARTESIAN_POINT('',(23.62941353546,7.96461973941,9.));
#4212 = CARTESIAN_POINT('',(23.765032430314,8.020163770002,9.));
#4213 = CARTESIAN_POINT('',(23.900744516702,8.063659059408,9.));
#4214 = CARTESIAN_POINT('',(24.035929328634,8.094227598805,9.));
#4215 = ORIENTED_EDGE('',*,*,#4216,.F.);
#4216 = EDGE_CURVE('',#4217,#4205,#4219,.T.);
#4217 = VERTEX_POINT('',#4218);
#4218 = CARTESIAN_POINT('',(22.355083032579,7.020557657332,9.));
#4219 = B_SPLINE_CURVE_WITH_KNOTS('',6,(#4220,#4221,#4222,#4223,#4224,
    #4225,#4226),.UNSPECIFIED.,.F.,.F.,(7,7),(0.,1.),
  .PIECEWISE_BEZIER_KNOTS.);
#4220 = CARTESIAN_POINT('',(22.355083032579,7.020557657332,9.));
#4221 = CARTESIAN_POINT('',(22.495413476069,7.159681819379,9.));
#4222 = CARTESIAN_POINT('',(22.637775788713,7.292160723547,9.));
#4223 = CARTESIAN_POINT('',(22.78221685012,7.417193218598,9.));
#4224 = CARTESIAN_POINT('',(22.928700621306,7.533776706741,9.));
#4225 = CARTESIAN_POINT('',(23.077103648745,7.640726038699,9.));
#4226 = CARTESIAN_POINT('',(23.22719763469,7.736752214467,9.));
#4227 = ORIENTED_EDGE('',*,*,#4228,.F.);
#4228 = EDGE_CURVE('',#4229,#4217,#4231,.T.);
#4229 = VERTEX_POINT('',#4230);
#4230 = CARTESIAN_POINT('',(22.035943483659,8.431904772773,9.));
#4231 = LINE('',#4232,#4233);
#4232 = CARTESIAN_POINT('',(22.343335335734,7.07251009667,9.));
#4233 = VECTOR('',#4234,1.);
#4234 = DIRECTION('',(0.220555625182,-0.975374397962,0.));
#4235 = ORIENTED_EDGE('',*,*,#4236,.F.);
#4236 = EDGE_CURVE('',#4237,#4229,#4239,.T.);
#4237 = VERTEX_POINT('',#4238);
#4238 = CARTESIAN_POINT('',(23.07522992463,8.967949837004,9.));
#4239 = B_SPLINE_CURVE_WITH_KNOTS('',5,(#4240,#4241,#4242,#4243,#4244,
    #4245),.UNSPECIFIED.,.F.,.F.,(6,6),(0.,1.),
  .PIECEWISE_BEZIER_KNOTS.);
#4240 = CARTESIAN_POINT('',(23.07522992463,8.967949837004,9.));
#4241 = CARTESIAN_POINT('',(22.862349960449,8.877813141871,9.));
#4242 = CARTESIAN_POINT('',(22.651814642277,8.778742890993,9.));
#4243 = CARTESIAN_POINT('',(22.443818375726,8.671115402162,9.));
#4244 = CARTESIAN_POINT('',(22.238497517161,8.555357677067,9.));
#4245 = CARTESIAN_POINT('',(22.035943483659,8.431904772773,9.));
#4246 = ORIENTED_EDGE('',*,*,#4247,.F.);
#4247 = EDGE_CURVE('',#4248,#4237,#4250,.T.);
#4248 = VERTEX_POINT('',#4249);
#4249 = CARTESIAN_POINT('',(24.122632008912,9.308349516981,9.));
#4250 = B_SPLINE_CURVE_WITH_KNOTS('',5,(#4251,#4252,#4253,#4254,#4255,
    #4256),.UNSPECIFIED.,.F.,.F.,(6,6),(0.,1.),
  .PIECEWISE_BEZIER_KNOTS.);
#4251 = CARTESIAN_POINT('',(24.122632008912,9.308349516981,9.));
#4252 = CARTESIAN_POINT('',(23.910026403419,9.260274272917,9.));
#4253 = CARTESIAN_POINT('',(23.698685269181,9.20183416379,9.));
#4254 = CARTESIAN_POINT('',(23.488938641103,9.133341072251,9.));
#4255 = CARTESIAN_POINT('',(23.281050540886,9.055220920826,9.));
#4256 = CARTESIAN_POINT('',(23.07522992463,8.967949837004,9.));
#4257 = ORIENTED_EDGE('',*,*,#4258,.F.);
#4258 = EDGE_CURVE('',#4259,#4248,#4261,.T.);
#4259 = VERTEX_POINT('',#4260);
#4260 = CARTESIAN_POINT('',(26.026487672639,9.205418850087,9.));
#4261 = B_SPLINE_CURVE_WITH_KNOTS('',5,(#4262,#4263,#4264,#4265,#4266,
    #4267,#4268,#4269,#4270,#4271,#4272,#4273,#4274,#4275,#4276,#4277,
    #4278,#4279),.UNSPECIFIED.,.F.,.F.,(6,4,4,4,6),(0.,0.240858292203,
    0.494612674917,0.737340040742,1.),.UNSPECIFIED.);
#4262 = CARTESIAN_POINT('',(26.026487672639,9.205418850087,9.));
#4263 = CARTESIAN_POINT('',(25.945061920213,9.244724140702,9.));
#4264 = CARTESIAN_POINT('',(25.861142725553,9.279261730598,9.));
#4265 = CARTESIAN_POINT('',(25.775076232849,9.308989484373,9.));
#4266 = CARTESIAN_POINT('',(25.687221330287,9.334022861575,9.));
#4267 = CARTESIAN_POINT('',(25.503827458687,9.376183388314,9.));
#4268 = CARTESIAN_POINT('',(25.408125128638,9.392816197857,9.));
#4269 = CARTESIAN_POINT('',(25.31118942161,9.404680211662,9.));
#4270 = CARTESIAN_POINT('',(25.213346404335,9.412094490913,9.));
#4271 = CARTESIAN_POINT('',(25.020622291283,9.418516752975,9.));
#4272 = CARTESIAN_POINT('',(24.925798863025,9.417876083536,9.));
#4273 = CARTESIAN_POINT('',(24.830587217498,9.413735181082,9.));
#4274 = CARTESIAN_POINT('',(24.735152272855,9.406373553161,9.));
#4275 = CARTESIAN_POINT('',(24.536216491831,9.384860265947,9.));
#4276 = CARTESIAN_POINT('',(24.432700681316,9.370200821593,9.));
#4277 = CARTESIAN_POINT('',(24.329203255779,9.35238199644,9.));
#4278 = CARTESIAN_POINT('',(24.225826558733,9.331684288223,9.));
#4279 = CARTESIAN_POINT('',(24.122632008912,9.308349516981,9.));
#4280 = ORIENTED_EDGE('',*,*,#4281,.F.);
#4281 = EDGE_CURVE('',#4282,#4259,#4284,.T.);
#4282 = VERTEX_POINT('',#4283);
#4283 = CARTESIAN_POINT('',(26.984489041322,7.934921318577,9.));
#4284 = B_SPLINE_CURVE_WITH_KNOTS('',5,(#4285,#4286,#4287,#4288,#4289,
    #4290,#4291,#4292,#4293,#4294,#4295,#4296,#4297,#4298,#4299,#4300,
    #4301,#4302),.UNSPECIFIED.,.F.,.F.,(6,4,4,4,6),(0.,0.236664999668,
    0.369633233804,0.646796118007,1.),.UNSPECIFIED.);
#4285 = CARTESIAN_POINT('',(26.984489041322,7.934921318577,9.));
#4286 = CARTESIAN_POINT('',(26.966737918143,8.013423016593,9.));
#4287 = CARTESIAN_POINT('',(26.946097949671,8.090830367275,9.));
#4288 = CARTESIAN_POINT('',(26.922384508376,8.166936406438,9.));
#4289 = CARTESIAN_POINT('',(26.895418705781,8.241484162987,9.));
#4290 = CARTESIAN_POINT('',(26.848025069373,8.355036835739,9.));
#4291 = CARTESIAN_POINT('',(26.829909803555,8.395303241878,9.));
#4292 = CARTESIAN_POINT('',(26.810705413757,8.434936292737,9.));
#4293 = CARTESIAN_POINT('',(26.790396283281,8.473883311198,9.));
#4294 = CARTESIAN_POINT('',(26.724320637878,8.591730313005,9.));
#4295 = CARTESIAN_POINT('',(26.674826241405,8.668165016405,9.));
#4296 = CARTESIAN_POINT('',(26.620430964708,8.740886461145,9.));
#4297 = CARTESIAN_POINT('',(26.561223516564,8.809447808579,9.));
#4298 = CARTESIAN_POINT('',(26.416347267772,8.955194404514,9.));
#4299 = CARTESIAN_POINT('',(26.327848297951,9.029611883724,9.));
#4300 = CARTESIAN_POINT('',(26.232697448335,9.096095637359,9.));
#4301 = CARTESIAN_POINT('',(26.131889178638,9.154604292599,9.));
#4302 = CARTESIAN_POINT('',(26.026487672639,9.205418850087,9.));
#4303 = ORIENTED_EDGE('',*,*,#4304,.F.);
#4304 = EDGE_CURVE('',#4305,#4282,#4307,.T.);
#4305 = VERTEX_POINT('',#4306);
#4306 = CARTESIAN_POINT('',(26.935004166215,6.895688917408,9.));
#4307 = B_SPLINE_CURVE_WITH_KNOTS('',5,(#4308,#4309,#4310,#4311,#4312,
    #4313,#4314,#4315,#4316,#4317),.UNSPECIFIED.,.F.,.F.,(6,4,6),(0.,
    0.526333387963,1.),.UNSPECIFIED.);
#4308 = CARTESIAN_POINT('',(26.935004166215,6.895688917408,9.));
#4309 = CARTESIAN_POINT('',(26.969865795652,7.00248548564,9.));
#4310 = CARTESIAN_POINT('',(26.997381312841,7.1106489144,9.));
#4311 = CARTESIAN_POINT('',(27.017124942491,7.21986787601,9.));
#4312 = CARTESIAN_POINT('',(27.028834796657,7.329776825582,9.));
#4313 = CARTESIAN_POINT('',(27.035796291333,7.539092152299,9.));
#4314 = CARTESIAN_POINT('',(27.032577881623,7.638458937956,9.));
#4315 = CARTESIAN_POINT('',(27.022832069112,7.737736732183,9.));
#4316 = CARTESIAN_POINT('',(27.006712121336,7.836643057611,9.));
#4317 = CARTESIAN_POINT('',(26.984489041322,7.934921318577,9.));
#4318 = ORIENTED_EDGE('',*,*,#4319,.F.);
#4319 = EDGE_CURVE('',#4320,#4305,#4322,.T.);
#4320 = VERTEX_POINT('',#4321);
#4321 = CARTESIAN_POINT('',(26.071303919187,5.423384905504,9.));
#4322 = B_SPLINE_CURVE_WITH_KNOTS('',8,(#4323,#4324,#4325,#4326,#4327,
    #4328,#4329,#4330,#4331,#4332,#4333,#4334,#4335,#4336,#4337,#4338),
  .UNSPECIFIED.,.F.,.F.,(9,7,9),(0.,0.742890107421,1.),.UNSPECIFIED.);
#4323 = CARTESIAN_POINT('',(26.071303919187,5.423384905504,9.));
#4324 = CARTESIAN_POINT('',(26.171535840248,5.561341328242,9.));
#4325 = CARTESIAN_POINT('',(26.269343435984,5.699325018596,9.));
#4326 = CARTESIAN_POINT('',(26.364507281274,5.83748119138,9.));
#4327 = CARTESIAN_POINT('',(26.456594167197,5.975815509141,9.));
#4328 = CARTESIAN_POINT('',(26.544972958068,6.114198684523,9.));
#4329 = CARTESIAN_POINT('',(26.628671480089,6.252352196111,9.));
#4330 = CARTESIAN_POINT('',(26.706437053163,6.38985606917,9.));
#4331 = CARTESIAN_POINT('',(26.800220220674,6.573265086801,9.));
#4332 = CARTESIAN_POINT('',(26.823350473719,6.620246406391,9.));
#4333 = CARTESIAN_POINT('',(26.845408344957,6.667025139847,9.));
#4334 = CARTESIAN_POINT('',(26.866284604161,6.713556616785,9.));
#4335 = CARTESIAN_POINT('',(26.885848816897,6.759778570008,9.));
#4336 = CARTESIAN_POINT('',(26.903947315831,6.805610576181,9.));
#4337 = CARTESIAN_POINT('',(26.920401172019,6.850953496508,9.));
#4338 = CARTESIAN_POINT('',(26.935004166215,6.895688917408,9.));
#4339 = ORIENTED_EDGE('',*,*,#4340,.F.);
#4340 = EDGE_CURVE('',#4104,#4320,#4341,.T.);
#4341 = LINE('',#4342,#4343);
#4342 = CARTESIAN_POINT('',(35.49029246373,18.366386329039,9.));
#4343 = VECTOR('',#4344,1.);
#4344 = DIRECTION('',(0.588412602761,0.808560825734,-0.));
#4345 = FACE_BOUND('',#4346,.T.);
#4346 = EDGE_LOOP('',(#4347));
#4347 = ORIENTED_EDGE('',*,*,#3643,.F.);
#4348 = FACE_BOUND('',#4349,.T.);
#4349 = EDGE_LOOP('',(#4350,#4351,#4352,#4353,#4354,#4355,#4356,#4357,
    #4358,#4359,#4360,#4361));
#4350 = ORIENTED_EDGE('',*,*,#3436,.T.);
#4351 = ORIENTED_EDGE('',*,*,#3396,.T.);
#4352 = ORIENTED_EDGE('',*,*,#3364,.F.);
#4353 = ORIENTED_EDGE('',*,*,#3410,.T.);
#4354 = ORIENTED_EDGE('',*,*,#3468,.F.);
#4355 = ORIENTED_EDGE('',*,*,#3506,.F.);
#4356 = ORIENTED_EDGE('',*,*,#3556,.F.);
#4357 = ORIENTED_EDGE('',*,*,#3612,.F.);
#4358 = ORIENTED_EDGE('',*,*,#3628,.T.);
#4359 = ORIENTED_EDGE('',*,*,#3578,.F.);
#4360 = ORIENTED_EDGE('',*,*,#3540,.T.);
#4361 = ORIENTED_EDGE('',*,*,#3482,.T.);
#4362 = FACE_BOUND('',#4363,.T.);
#4363 = EDGE_LOOP('',(#4364));
#4364 = ORIENTED_EDGE('',*,*,#3668,.F.);
#4365 = FACE_BOUND('',#4366,.T.);
#4366 = EDGE_LOOP('',(#4367));
#4367 = ORIENTED_EDGE('',*,*,#3981,.F.);
#4368 = FACE_BOUND('',#4369,.T.);
#4369 = EDGE_LOOP('',(#4370,#4371,#4372,#4373,#4374,#4375,#4376,#4377,
    #4378,#4379,#4380,#4381));
#4370 = ORIENTED_EDGE('',*,*,#3774,.T.);
#4371 = ORIENTED_EDGE('',*,*,#3734,.T.);
#4372 = ORIENTED_EDGE('',*,*,#3702,.F.);
#4373 = ORIENTED_EDGE('',*,*,#3748,.T.);
#4374 = ORIENTED_EDGE('',*,*,#3806,.F.);
#4375 = ORIENTED_EDGE('',*,*,#3844,.F.);
#4376 = ORIENTED_EDGE('',*,*,#3894,.F.);
#4377 = ORIENTED_EDGE('',*,*,#3950,.F.);
#4378 = ORIENTED_EDGE('',*,*,#3966,.T.);
#4379 = ORIENTED_EDGE('',*,*,#3916,.F.);
#4380 = ORIENTED_EDGE('',*,*,#3878,.T.);
#4381 = ORIENTED_EDGE('',*,*,#3820,.T.);
#4382 = PLANE('',#4383);
#4383 = AXIS2_PLACEMENT_3D('',#4384,#4385,#4386);
#4384 = CARTESIAN_POINT('',(64.911920686793,16.752900595736,9.));
#4385 = DIRECTION('',(0.,0.,1.));
#4386 = DIRECTION('',(1.,0.,-0.));
#4387 = ADVANCED_FACE('',(#4388),#4413,.T.);
#4388 = FACE_BOUND('',#4389,.T.);
#4389 = EDGE_LOOP('',(#4390,#4391,#4399,#4407));
#4390 = ORIENTED_EDGE('',*,*,#987,.T.);
#4391 = ORIENTED_EDGE('',*,*,#4392,.T.);
#4392 = EDGE_CURVE('',#990,#4393,#4395,.T.);
#4393 = VERTEX_POINT('',#4394);
#4394 = CARTESIAN_POINT('',(10.1,3.275,3.475));
#4395 = LINE('',#4396,#4397);
#4396 = CARTESIAN_POINT('',(-0.1,3.275,3.475));
#4397 = VECTOR('',#4398,1.);
#4398 = DIRECTION('',(1.,0.,0.));
#4399 = ORIENTED_EDGE('',*,*,#4400,.T.);
#4400 = EDGE_CURVE('',#4393,#4401,#4403,.T.);
#4401 = VERTEX_POINT('',#4402);
#4402 = CARTESIAN_POINT('',(10.1,4.775,3.475));
#4403 = LINE('',#4404,#4405);
#4404 = CARTESIAN_POINT('',(10.1,3.275,3.475));
#4405 = VECTOR('',#4406,1.);
#4406 = DIRECTION('',(0.,1.,0.));
#4407 = ORIENTED_EDGE('',*,*,#4408,.T.);
#4408 = EDGE_CURVE('',#4401,#988,#4409,.T.);
#4409 = LINE('',#4410,#4411);
#4410 = CARTESIAN_POINT('',(-0.1,4.775,3.475));
#4411 = VECTOR('',#4412,1.);
#4412 = DIRECTION('',(-1.,0.,0.));
#4413 = PLANE('',#4414);
#4414 = AXIS2_PLACEMENT_3D('',#4415,#4416,#4417);
#4415 = CARTESIAN_POINT('',(-0.1,3.275,3.475));
#4416 = DIRECTION('',(0.,0.,1.));
#4417 = DIRECTION('',(1.,0.,0.));
#4418 = ADVANCED_FACE('',(#4419),#4437,.T.);
#4419 = FACE_BOUND('',#4420,.T.);
#4420 = EDGE_LOOP('',(#4421,#4429,#4435,#4436));
#4421 = ORIENTED_EDGE('',*,*,#4422,.F.);
#4422 = EDGE_CURVE('',#4423,#4401,#4425,.T.);
#4423 = VERTEX_POINT('',#4424);
#4424 = CARTESIAN_POINT('',(10.1,4.775,1.975));
#4425 = LINE('',#4426,#4427);
#4426 = CARTESIAN_POINT('',(10.1,4.775,1.975));
#4427 = VECTOR('',#4428,1.);
#4428 = DIRECTION('',(0.,0.,1.));
#4429 = ORIENTED_EDGE('',*,*,#4430,.F.);
#4430 = EDGE_CURVE('',#1070,#4423,#4431,.T.);
#4431 = LINE('',#4432,#4433);
#4432 = CARTESIAN_POINT('',(-0.1,4.775,1.975));
#4433 = VECTOR('',#4434,1.);
#4434 = DIRECTION('',(1.,0.,0.));
#4435 = ORIENTED_EDGE('',*,*,#1077,.T.);
#4436 = ORIENTED_EDGE('',*,*,#4408,.F.);
#4437 = PLANE('',#4438);
#4438 = AXIS2_PLACEMENT_3D('',#4439,#4440,#4441);
#4439 = CARTESIAN_POINT('',(-0.1,4.775,1.975));
#4440 = DIRECTION('',(0.,1.,0.));
#4441 = DIRECTION('',(1.,0.,0.));
#4442 = ADVANCED_FACE('',(#4443),#4461,.T.);
#4443 = FACE_BOUND('',#4444,.T.);
#4444 = EDGE_LOOP('',(#4445,#4446,#4447,#4455));
#4445 = ORIENTED_EDGE('',*,*,#4392,.F.);
#4446 = ORIENTED_EDGE('',*,*,#997,.T.);
#4447 = ORIENTED_EDGE('',*,*,#4448,.T.);
#4448 = EDGE_CURVE('',#998,#4449,#4451,.T.);
#4449 = VERTEX_POINT('',#4450);
#4450 = CARTESIAN_POINT('',(10.1,3.275,5.525));
#4451 = LINE('',#4452,#4453);
#4452 = CARTESIAN_POINT('',(-0.1,3.275,5.525));
#4453 = VECTOR('',#4454,1.);
#4454 = DIRECTION('',(1.,0.,0.));
#4455 = ORIENTED_EDGE('',*,*,#4456,.F.);
#4456 = EDGE_CURVE('',#4393,#4449,#4457,.T.);
#4457 = LINE('',#4458,#4459);
#4458 = CARTESIAN_POINT('',(10.1,3.275,3.475));
#4459 = VECTOR('',#4460,1.);
#4460 = DIRECTION('',(0.,0.,1.));
#4461 = PLANE('',#4462);
#4462 = AXIS2_PLACEMENT_3D('',#4463,#4464,#4465);
#4463 = CARTESIAN_POINT('',(-0.1,3.275,3.475));
#4464 = DIRECTION('',(0.,1.,0.));
#4465 = DIRECTION('',(1.,0.,0.));
#4466 = ADVANCED_FACE('',(#4467),#4485,.T.);
#4467 = FACE_BOUND('',#4468,.T.);
#4468 = EDGE_LOOP('',(#4469,#4477,#4478,#4479));
#4469 = ORIENTED_EDGE('',*,*,#4470,.F.);
#4470 = EDGE_CURVE('',#1062,#4471,#4473,.T.);
#4471 = VERTEX_POINT('',#4472);
#4472 = CARTESIAN_POINT('',(10.1,6.825,1.975));
#4473 = LINE('',#4474,#4475);
#4474 = CARTESIAN_POINT('',(-0.1,6.825,1.975));
#4475 = VECTOR('',#4476,1.);
#4476 = DIRECTION('',(1.,0.,0.));
#4477 = ORIENTED_EDGE('',*,*,#1069,.T.);
#4478 = ORIENTED_EDGE('',*,*,#4430,.T.);
#4479 = ORIENTED_EDGE('',*,*,#4480,.T.);
#4480 = EDGE_CURVE('',#4423,#4471,#4481,.T.);
#4481 = LINE('',#4482,#4483);
#4482 = CARTESIAN_POINT('',(10.1,4.775,1.975));
#4483 = VECTOR('',#4484,1.);
#4484 = DIRECTION('',(0.,1.,0.));
#4485 = PLANE('',#4486);
#4486 = AXIS2_PLACEMENT_3D('',#4487,#4488,#4489);
#4487 = CARTESIAN_POINT('',(-0.1,4.775,1.975));
#4488 = DIRECTION('',(0.,0.,1.));
#4489 = DIRECTION('',(1.,0.,0.));
#4490 = ADVANCED_FACE('',(#4491),#4509,.F.);
#4491 = FACE_BOUND('',#4492,.F.);
#4492 = EDGE_LOOP('',(#4493,#4494,#4495,#4503));
#4493 = ORIENTED_EDGE('',*,*,#1005,.T.);
#4494 = ORIENTED_EDGE('',*,*,#4448,.T.);
#4495 = ORIENTED_EDGE('',*,*,#4496,.T.);
#4496 = EDGE_CURVE('',#4449,#4497,#4499,.T.);
#4497 = VERTEX_POINT('',#4498);
#4498 = CARTESIAN_POINT('',(10.1,4.775,5.525));
#4499 = LINE('',#4500,#4501);
#4500 = CARTESIAN_POINT('',(10.1,3.275,5.525));
#4501 = VECTOR('',#4502,1.);
#4502 = DIRECTION('',(0.,1.,0.));
#4503 = ORIENTED_EDGE('',*,*,#4504,.T.);
#4504 = EDGE_CURVE('',#4497,#1006,#4505,.T.);
#4505 = LINE('',#4506,#4507);
#4506 = CARTESIAN_POINT('',(-0.1,4.775,5.525));
#4507 = VECTOR('',#4508,1.);
#4508 = DIRECTION('',(-1.,0.,0.));
#4509 = PLANE('',#4510);
#4510 = AXIS2_PLACEMENT_3D('',#4511,#4512,#4513);
#4511 = CARTESIAN_POINT('',(-0.1,3.275,5.525));
#4512 = DIRECTION('',(0.,0.,1.));
#4513 = DIRECTION('',(1.,0.,0.));
#4514 = ADVANCED_FACE('',(#4515),#4533,.F.);
#4515 = FACE_BOUND('',#4516,.F.);
#4516 = EDGE_LOOP('',(#4517,#4525,#4526,#4527));
#4517 = ORIENTED_EDGE('',*,*,#4518,.F.);
#4518 = EDGE_CURVE('',#4471,#4519,#4521,.T.);
#4519 = VERTEX_POINT('',#4520);
#4520 = CARTESIAN_POINT('',(10.1,6.825,3.475));
#4521 = LINE('',#4522,#4523);
#4522 = CARTESIAN_POINT('',(10.1,6.825,1.975));
#4523 = VECTOR('',#4524,1.);
#4524 = DIRECTION('',(0.,0.,1.));
#4525 = ORIENTED_EDGE('',*,*,#4470,.F.);
#4526 = ORIENTED_EDGE('',*,*,#1061,.T.);
#4527 = ORIENTED_EDGE('',*,*,#4528,.F.);
#4528 = EDGE_CURVE('',#4519,#1054,#4529,.T.);
#4529 = LINE('',#4530,#4531);
#4530 = CARTESIAN_POINT('',(-0.1,6.825,3.475));
#4531 = VECTOR('',#4532,1.);
#4532 = DIRECTION('',(-1.,0.,0.));
#4533 = PLANE('',#4534);
#4534 = AXIS2_PLACEMENT_3D('',#4535,#4536,#4537);
#4535 = CARTESIAN_POINT('',(-0.1,6.825,1.975));
#4536 = DIRECTION('',(0.,1.,0.));
#4537 = DIRECTION('',(1.,0.,0.));
#4538 = ADVANCED_FACE('',(#4539),#4557,.T.);
#4539 = FACE_BOUND('',#4540,.T.);
#4540 = EDGE_LOOP('',(#4541,#4549,#4550,#4551));
#4541 = ORIENTED_EDGE('',*,*,#4542,.F.);
#4542 = EDGE_CURVE('',#4497,#4543,#4545,.T.);
#4543 = VERTEX_POINT('',#4544);
#4544 = CARTESIAN_POINT('',(10.1,4.775,7.025));
#4545 = LINE('',#4546,#4547);
#4546 = CARTESIAN_POINT('',(10.1,4.775,1.975));
#4547 = VECTOR('',#4548,1.);
#4548 = DIRECTION('',(0.,0.,1.));
#4549 = ORIENTED_EDGE('',*,*,#4504,.T.);
#4550 = ORIENTED_EDGE('',*,*,#1013,.T.);
#4551 = ORIENTED_EDGE('',*,*,#4552,.T.);
#4552 = EDGE_CURVE('',#1014,#4543,#4553,.T.);
#4553 = LINE('',#4554,#4555);
#4554 = CARTESIAN_POINT('',(-0.1,4.775,7.025));
#4555 = VECTOR('',#4556,1.);
#4556 = DIRECTION('',(1.,0.,0.));
#4557 = PLANE('',#4558);
#4558 = AXIS2_PLACEMENT_3D('',#4559,#4560,#4561);
#4559 = CARTESIAN_POINT('',(-0.1,4.775,1.975));
#4560 = DIRECTION('',(0.,1.,0.));
#4561 = DIRECTION('',(1.,0.,0.));
#4562 = ADVANCED_FACE('',(#4563),#4581,.T.);
#4563 = FACE_BOUND('',#4564,.T.);
#4564 = EDGE_LOOP('',(#4565,#4566,#4567,#4575));
#4565 = ORIENTED_EDGE('',*,*,#1053,.T.);
#4566 = ORIENTED_EDGE('',*,*,#4528,.F.);
#4567 = ORIENTED_EDGE('',*,*,#4568,.T.);
#4568 = EDGE_CURVE('',#4519,#4569,#4571,.T.);
#4569 = VERTEX_POINT('',#4570);
#4570 = CARTESIAN_POINT('',(10.1,8.325,3.475));
#4571 = LINE('',#4572,#4573);
#4572 = CARTESIAN_POINT('',(10.1,3.275,3.475));
#4573 = VECTOR('',#4574,1.);
#4574 = DIRECTION('',(0.,1.,0.));
#4575 = ORIENTED_EDGE('',*,*,#4576,.F.);
#4576 = EDGE_CURVE('',#1046,#4569,#4577,.T.);
#4577 = LINE('',#4578,#4579);
#4578 = CARTESIAN_POINT('',(-0.1,8.325,3.475));
#4579 = VECTOR('',#4580,1.);
#4580 = DIRECTION('',(1.,0.,0.));
#4581 = PLANE('',#4582);
#4582 = AXIS2_PLACEMENT_3D('',#4583,#4584,#4585);
#4583 = CARTESIAN_POINT('',(-0.1,3.275,3.475));
#4584 = DIRECTION('',(0.,0.,1.));
#4585 = DIRECTION('',(1.,0.,0.));
#4586 = ADVANCED_FACE('',(#4587),#4605,.F.);
#4587 = FACE_BOUND('',#4588,.F.);
#4588 = EDGE_LOOP('',(#4589,#4597,#4598,#4599));
#4589 = ORIENTED_EDGE('',*,*,#4590,.F.);
#4590 = EDGE_CURVE('',#1022,#4591,#4593,.T.);
#4591 = VERTEX_POINT('',#4592);
#4592 = CARTESIAN_POINT('',(10.1,6.825,7.025));
#4593 = LINE('',#4594,#4595);
#4594 = CARTESIAN_POINT('',(-0.1,6.825,7.025));
#4595 = VECTOR('',#4596,1.);
#4596 = DIRECTION('',(1.,0.,0.));
#4597 = ORIENTED_EDGE('',*,*,#1021,.T.);
#4598 = ORIENTED_EDGE('',*,*,#4552,.T.);
#4599 = ORIENTED_EDGE('',*,*,#4600,.T.);
#4600 = EDGE_CURVE('',#4543,#4591,#4601,.T.);
#4601 = LINE('',#4602,#4603);
#4602 = CARTESIAN_POINT('',(10.1,4.775,7.025));
#4603 = VECTOR('',#4604,1.);
#4604 = DIRECTION('',(0.,1.,0.));
#4605 = PLANE('',#4606);
#4606 = AXIS2_PLACEMENT_3D('',#4607,#4608,#4609);
#4607 = CARTESIAN_POINT('',(-0.1,4.775,7.025));
#4608 = DIRECTION('',(0.,0.,1.));
#4609 = DIRECTION('',(1.,0.,0.));
#4610 = ADVANCED_FACE('',(#4611),#4629,.F.);
#4611 = FACE_BOUND('',#4612,.F.);
#4612 = EDGE_LOOP('',(#4613,#4614,#4615,#4623));
#4613 = ORIENTED_EDGE('',*,*,#4576,.F.);
#4614 = ORIENTED_EDGE('',*,*,#1045,.T.);
#4615 = ORIENTED_EDGE('',*,*,#4616,.T.);
#4616 = EDGE_CURVE('',#1038,#4617,#4619,.T.);
#4617 = VERTEX_POINT('',#4618);
#4618 = CARTESIAN_POINT('',(10.1,8.325,5.525));
#4619 = LINE('',#4620,#4621);
#4620 = CARTESIAN_POINT('',(-0.1,8.325,5.525));
#4621 = VECTOR('',#4622,1.);
#4622 = DIRECTION('',(1.,0.,0.));
#4623 = ORIENTED_EDGE('',*,*,#4624,.F.);
#4624 = EDGE_CURVE('',#4569,#4617,#4625,.T.);
#4625 = LINE('',#4626,#4627);
#4626 = CARTESIAN_POINT('',(10.1,8.325,3.475));
#4627 = VECTOR('',#4628,1.);
#4628 = DIRECTION('',(0.,0.,1.));
#4629 = PLANE('',#4630);
#4630 = AXIS2_PLACEMENT_3D('',#4631,#4632,#4633);
#4631 = CARTESIAN_POINT('',(-0.1,8.325,3.475));
#4632 = DIRECTION('',(0.,1.,0.));
#4633 = DIRECTION('',(1.,0.,0.));
#4634 = ADVANCED_FACE('',(#4635),#4653,.F.);
#4635 = FACE_BOUND('',#4636,.F.);
#4636 = EDGE_LOOP('',(#4637,#4645,#4651,#4652));
#4637 = ORIENTED_EDGE('',*,*,#4638,.F.);
#4638 = EDGE_CURVE('',#4639,#4591,#4641,.T.);
#4639 = VERTEX_POINT('',#4640);
#4640 = CARTESIAN_POINT('',(10.1,6.825,5.525));
#4641 = LINE('',#4642,#4643);
#4642 = CARTESIAN_POINT('',(10.1,6.825,1.975));
#4643 = VECTOR('',#4644,1.);
#4644 = DIRECTION('',(0.,0.,1.));
#4645 = ORIENTED_EDGE('',*,*,#4646,.T.);
#4646 = EDGE_CURVE('',#4639,#1030,#4647,.T.);
#4647 = LINE('',#4648,#4649);
#4648 = CARTESIAN_POINT('',(-0.1,6.825,5.525));
#4649 = VECTOR('',#4650,1.);
#4650 = DIRECTION('',(-1.,0.,0.));
#4651 = ORIENTED_EDGE('',*,*,#1029,.T.);
#4652 = ORIENTED_EDGE('',*,*,#4590,.T.);
#4653 = PLANE('',#4654);
#4654 = AXIS2_PLACEMENT_3D('',#4655,#4656,#4657);
#4655 = CARTESIAN_POINT('',(-0.1,6.825,1.975));
#4656 = DIRECTION('',(0.,1.,0.));
#4657 = DIRECTION('',(1.,0.,0.));
#4658 = ADVANCED_FACE('',(#4659),#4670,.F.);
#4659 = FACE_BOUND('',#4660,.F.);
#4660 = EDGE_LOOP('',(#4661,#4662,#4663,#4669));
#4661 = ORIENTED_EDGE('',*,*,#1037,.T.);
#4662 = ORIENTED_EDGE('',*,*,#4646,.F.);
#4663 = ORIENTED_EDGE('',*,*,#4664,.T.);
#4664 = EDGE_CURVE('',#4639,#4617,#4665,.T.);
#4665 = LINE('',#4666,#4667);
#4666 = CARTESIAN_POINT('',(10.1,3.275,5.525));
#4667 = VECTOR('',#4668,1.);
#4668 = DIRECTION('',(0.,1.,0.));
#4669 = ORIENTED_EDGE('',*,*,#4616,.F.);
#4670 = PLANE('',#4671);
#4671 = AXIS2_PLACEMENT_3D('',#4672,#4673,#4674);
#4672 = CARTESIAN_POINT('',(-0.1,3.275,5.525));
#4673 = DIRECTION('',(0.,0.,1.));
#4674 = DIRECTION('',(1.,0.,0.));
#4675 = ADVANCED_FACE('',(#4676),#4695,.F.);
#4676 = FACE_BOUND('',#4677,.F.);
#4677 = EDGE_LOOP('',(#4678,#4686,#4693,#4694));
#4678 = ORIENTED_EDGE('',*,*,#4679,.T.);
#4679 = EDGE_CURVE('',#1086,#4680,#4682,.T.);
#4680 = VERTEX_POINT('',#4681);
#4681 = CARTESIAN_POINT('',(2.,2.65,3.3));
#4682 = LINE('',#4683,#4684);
#4683 = CARTESIAN_POINT('',(-0.1,2.65,3.3));
#4684 = VECTOR('',#4685,1.);
#4685 = DIRECTION('',(1.,0.,0.));
#4686 = ORIENTED_EDGE('',*,*,#4687,.F.);
#4687 = EDGE_CURVE('',#4680,#4680,#4688,.T.);
#4688 = CIRCLE('',#4689,1.2);
#4689 = AXIS2_PLACEMENT_3D('',#4690,#4691,#4692);
#4690 = CARTESIAN_POINT('',(2.,1.45,3.3));
#4691 = DIRECTION('',(1.,0.,0.));
#4692 = DIRECTION('',(0.,1.,0.));
#4693 = ORIENTED_EDGE('',*,*,#4679,.F.);
#4694 = ORIENTED_EDGE('',*,*,#1085,.T.);
#4695 = CYLINDRICAL_SURFACE('',#4696,1.2);
#4696 = AXIS2_PLACEMENT_3D('',#4697,#4698,#4699);
#4697 = CARTESIAN_POINT('',(-0.1,1.45,3.3));
#4698 = DIRECTION('',(1.,0.,0.));
#4699 = DIRECTION('',(0.,1.,0.));
#4700 = ADVANCED_FACE('',(#4701),#4730,.F.);
#4701 = FACE_BOUND('',#4702,.F.);
#4702 = EDGE_LOOP('',(#4703,#4711,#4718,#4719,#4720,#4721,#4728,#4729));
#4703 = ORIENTED_EDGE('',*,*,#4704,.T.);
#4704 = EDGE_CURVE('',#1097,#4705,#4707,.T.);
#4705 = VERTEX_POINT('',#4706);
#4706 = CARTESIAN_POINT('',(16.8,-2.725,4.5));
#4707 = LINE('',#4708,#4709);
#4708 = CARTESIAN_POINT('',(-0.1,-2.725,4.5));
#4709 = VECTOR('',#4710,1.);
#4710 = DIRECTION('',(1.,0.,0.));
#4711 = ORIENTED_EDGE('',*,*,#4712,.F.);
#4712 = EDGE_CURVE('',#1301,#4705,#4713,.T.);
#4713 = CIRCLE('',#4714,2.475);
#4714 = AXIS2_PLACEMENT_3D('',#4715,#4716,#4717);
#4715 = CARTESIAN_POINT('',(16.8,-5.2,4.5));
#4716 = DIRECTION('',(1.,0.,0.));
#4717 = DIRECTION('',(0.,1.,0.));
#4718 = ORIENTED_EDGE('',*,*,#1300,.T.);
#4719 = ORIENTED_EDGE('',*,*,#1251,.T.);
#4720 = ORIENTED_EDGE('',*,*,#1317,.T.);
#4721 = ORIENTED_EDGE('',*,*,#4722,.F.);
#4722 = EDGE_CURVE('',#4705,#1310,#4723,.T.);
#4723 = CIRCLE('',#4724,2.475);
#4724 = AXIS2_PLACEMENT_3D('',#4725,#4726,#4727);
#4725 = CARTESIAN_POINT('',(16.8,-5.2,4.5));
#4726 = DIRECTION('',(1.,0.,0.));
#4727 = DIRECTION('',(0.,1.,0.));
#4728 = ORIENTED_EDGE('',*,*,#4704,.F.);
#4729 = ORIENTED_EDGE('',*,*,#1096,.T.);
#4730 = CYLINDRICAL_SURFACE('',#4731,2.475);
#4731 = AXIS2_PLACEMENT_3D('',#4732,#4733,#4734);
#4732 = CARTESIAN_POINT('',(-0.1,-5.2,4.5));
#4733 = DIRECTION('',(1.,0.,0.));
#4734 = DIRECTION('',(0.,1.,0.));
#4735 = ADVANCED_FACE('',(#4736),#4741,.F.);
#4736 = FACE_BOUND('',#4737,.F.);
#4737 = EDGE_LOOP('',(#4738,#4739,#4740));
#4738 = ORIENTED_EDGE('',*,*,#4712,.T.);
#4739 = ORIENTED_EDGE('',*,*,#4722,.T.);
#4740 = ORIENTED_EDGE('',*,*,#1309,.T.);
#4741 = PLANE('',#4742);
#4742 = AXIS2_PLACEMENT_3D('',#4743,#4744,#4745);
#4743 = CARTESIAN_POINT('',(16.8,-5.2,4.5));
#4744 = DIRECTION('',(1.,0.,0.));
#4745 = DIRECTION('',(0.,1.,0.));
#4746 = ADVANCED_FACE('',(#4747),#4758,.F.);
#4747 = FACE_BOUND('',#4748,.F.);
#4748 = EDGE_LOOP('',(#4749,#4755,#4756,#4757));
#4749 = ORIENTED_EDGE('',*,*,#4750,.F.);
#4750 = EDGE_CURVE('',#3173,#3053,#4751,.T.);
#4751 = LINE('',#4752,#4753);
#4752 = CARTESIAN_POINT('',(139.60860525744,42.087401910304,5.525));
#4753 = VECTOR('',#4754,1.);
#4754 = DIRECTION('',(-0.793373383429,0.608735307393,0.));
#4755 = ORIENTED_EDGE('',*,*,#3172,.T.);
#4756 = ORIENTED_EDGE('',*,*,#4054,.T.);
#4757 = ORIENTED_EDGE('',*,*,#3060,.F.);
#4758 = PLANE('',#4759);
#4759 = AXIS2_PLACEMENT_3D('',#4760,#4761,#4762);
#4760 = CARTESIAN_POINT('',(138.182,43.182,0.));
#4761 = DIRECTION('',(-0.608735307393,-0.793373383429,0.));
#4762 = DIRECTION('',(-0.793373383429,0.608735307393,0.));
#4763 = ADVANCED_FACE('',(#4764),#4799,.F.);
#4764 = FACE_BOUND('',#4765,.F.);
#4765 = EDGE_LOOP('',(#4766,#4776,#4784,#4790,#4791,#4792,#4793));
#4766 = ORIENTED_EDGE('',*,*,#4767,.F.);
#4767 = EDGE_CURVE('',#4768,#4770,#4772,.T.);
#4768 = VERTEX_POINT('',#4769);
#4769 = CARTESIAN_POINT('',(129.24450455023,38.346247561536,5.525));
#4770 = VERTEX_POINT('',#4771);
#4771 = CARTESIAN_POINT('',(128.58961403077,39.695735763604,5.525));
#4772 = LINE('',#4773,#4774);
#4773 = CARTESIAN_POINT('',(130.79441211295,35.152458816641,5.525));
#4774 = VECTOR('',#4775,1.);
#4775 = DIRECTION('',(-0.43659367964,0.899658801379,0.));
#4776 = ORIENTED_EDGE('',*,*,#4777,.T.);
#4777 = EDGE_CURVE('',#4768,#4778,#4780,.T.);
#4778 = VERTEX_POINT('',#4779);
#4779 = CARTESIAN_POINT('',(138.42102432429,42.799503093866,5.525));
#4780 = LINE('',#4781,#4782);
#4781 = CARTESIAN_POINT('',(138.42102432429,42.799503093866,5.525));
#4782 = VECTOR('',#4783,1.);
#4783 = DIRECTION('',(0.899658801379,0.43659367964,0.));
#4784 = ORIENTED_EDGE('',*,*,#4785,.T.);
#4785 = EDGE_CURVE('',#4778,#3181,#4786,.T.);
#4786 = LINE('',#4787,#4788);
#4787 = CARTESIAN_POINT('',(139.97093188702,39.605714348972,5.525));
#4788 = VECTOR('',#4789,1.);
#4789 = DIRECTION('',(-0.43659367964,0.899658801379,0.));
#4790 = ORIENTED_EDGE('',*,*,#3180,.T.);
#4791 = ORIENTED_EDGE('',*,*,#4750,.T.);
#4792 = ORIENTED_EDGE('',*,*,#3052,.T.);
#4793 = ORIENTED_EDGE('',*,*,#4794,.T.);
#4794 = EDGE_CURVE('',#3045,#4770,#4795,.T.);
#4795 = LINE('',#4796,#4797);
#4796 = CARTESIAN_POINT('',(137.76613380483,44.148991295934,5.525));
#4797 = VECTOR('',#4798,1.);
#4798 = DIRECTION('',(-0.899658801379,-0.43659367964,0.));
#4799 = PLANE('',#4800);
#4800 = AXIS2_PLACEMENT_3D('',#4801,#4802,#4803);
#4801 = CARTESIAN_POINT('',(139.97093188702,39.605714348972,5.525));
#4802 = DIRECTION('',(0.,0.,1.));
#4803 = DIRECTION('',(-0.899658801379,-0.43659367964,0.));
#4804 = ADVANCED_FACE('',(#4805),#4823,.F.);
#4805 = FACE_BOUND('',#4806,.F.);
#4806 = EDGE_LOOP('',(#4807,#4808,#4809,#4817));
#4807 = ORIENTED_EDGE('',*,*,#4794,.F.);
#4808 = ORIENTED_EDGE('',*,*,#3044,.T.);
#4809 = ORIENTED_EDGE('',*,*,#4810,.T.);
#4810 = EDGE_CURVE('',#3037,#4811,#4813,.T.);
#4811 = VERTEX_POINT('',#4812);
#4812 = CARTESIAN_POINT('',(128.58961403077,39.695735763604,3.475));
#4813 = LINE('',#4814,#4815);
#4814 = CARTESIAN_POINT('',(137.76613380483,44.148991295934,3.475));
#4815 = VECTOR('',#4816,1.);
#4816 = DIRECTION('',(-0.899658801379,-0.43659367964,0.));
#4817 = ORIENTED_EDGE('',*,*,#4818,.T.);
#4818 = EDGE_CURVE('',#4811,#4770,#4819,.T.);
#4819 = LINE('',#4820,#4821);
#4820 = CARTESIAN_POINT('',(128.58961403077,39.695735763604,3.475));
#4821 = VECTOR('',#4822,1.);
#4822 = DIRECTION('',(0.,0.,1.));
#4823 = PLANE('',#4824);
#4824 = AXIS2_PLACEMENT_3D('',#4825,#4826,#4827);
#4825 = CARTESIAN_POINT('',(137.76613380483,44.148991295934,3.475));
#4826 = DIRECTION('',(-0.43659367964,0.899658801379,0.));
#4827 = DIRECTION('',(-0.899658801379,-0.43659367964,0.));
#4828 = ADVANCED_FACE('',(#4829),#4857,.T.);
#4829 = FACE_BOUND('',#4830,.T.);
#4830 = EDGE_LOOP('',(#4831,#4839,#4847,#4853,#4854,#4855,#4856));
#4831 = ORIENTED_EDGE('',*,*,#4832,.F.);
#4832 = EDGE_CURVE('',#4833,#4811,#4835,.T.);
#4833 = VERTEX_POINT('',#4834);
#4834 = CARTESIAN_POINT('',(129.24450455023,38.346247561536,3.475));
#4835 = LINE('',#4836,#4837);
#4836 = CARTESIAN_POINT('',(130.79441211295,35.152458816641,3.475));
#4837 = VECTOR('',#4838,1.);
#4838 = DIRECTION('',(-0.43659367964,0.899658801379,0.));
#4839 = ORIENTED_EDGE('',*,*,#4840,.T.);
#4840 = EDGE_CURVE('',#4833,#4841,#4843,.T.);
#4841 = VERTEX_POINT('',#4842);
#4842 = CARTESIAN_POINT('',(138.42102432429,42.799503093866,3.475));
#4843 = LINE('',#4844,#4845);
#4844 = CARTESIAN_POINT('',(138.42102432429,42.799503093866,3.475));
#4845 = VECTOR('',#4846,1.);
#4846 = DIRECTION('',(0.899658801379,0.43659367964,0.));
#4847 = ORIENTED_EDGE('',*,*,#4848,.T.);
#4848 = EDGE_CURVE('',#4841,#3189,#4849,.T.);
#4849 = LINE('',#4850,#4851);
#4850 = CARTESIAN_POINT('',(139.97093188702,39.605714348972,3.475));
#4851 = VECTOR('',#4852,1.);
#4852 = DIRECTION('',(-0.43659367964,0.899658801379,0.));
#4853 = ORIENTED_EDGE('',*,*,#3196,.T.);
#4854 = ORIENTED_EDGE('',*,*,#3116,.T.);
#4855 = ORIENTED_EDGE('',*,*,#3036,.T.);
#4856 = ORIENTED_EDGE('',*,*,#4810,.T.);
#4857 = PLANE('',#4858);
#4858 = AXIS2_PLACEMENT_3D('',#4859,#4860,#4861);
#4859 = CARTESIAN_POINT('',(139.97093188702,39.605714348972,3.475));
#4860 = DIRECTION('',(0.,0.,1.));
#4861 = DIRECTION('',(-0.899658801379,-0.43659367964,0.));
#4862 = ADVANCED_FACE('',(#4863),#4929,.F.);
#4863 = FACE_BOUND('',#4864,.F.);
#4864 = EDGE_LOOP('',(#4865,#4875,#4881,#4882,#4883,#4884,#4892,#4900,
    #4908,#4914,#4915,#4923));
#4865 = ORIENTED_EDGE('',*,*,#4866,.T.);
#4866 = EDGE_CURVE('',#4867,#4869,#4871,.T.);
#4867 = VERTEX_POINT('',#4868);
#4868 = CARTESIAN_POINT('',(139.31604136756,40.95520255104,1.975));
#4869 = VERTEX_POINT('',#4870);
#4870 = CARTESIAN_POINT('',(138.42102432429,42.799503093866,1.975));
#4871 = LINE('',#4872,#4873);
#4872 = CARTESIAN_POINT('',(139.31604136756,40.95520255104,1.975));
#4873 = VECTOR('',#4874,1.);
#4874 = DIRECTION('',(-0.43659367964,0.899658801379,0.));
#4875 = ORIENTED_EDGE('',*,*,#4876,.T.);
#4876 = EDGE_CURVE('',#4869,#4841,#4877,.T.);
#4877 = LINE('',#4878,#4879);
#4878 = CARTESIAN_POINT('',(138.42102432429,42.799503093866,1.975));
#4879 = VECTOR('',#4880,1.);
#4880 = DIRECTION('',(0.,0.,1.));
#4881 = ORIENTED_EDGE('',*,*,#4848,.T.);
#4882 = ORIENTED_EDGE('',*,*,#3188,.T.);
#4883 = ORIENTED_EDGE('',*,*,#4785,.F.);
#4884 = ORIENTED_EDGE('',*,*,#4885,.T.);
#4885 = EDGE_CURVE('',#4778,#4886,#4888,.T.);
#4886 = VERTEX_POINT('',#4887);
#4887 = CARTESIAN_POINT('',(138.42102432429,42.799503093866,7.025));
#4888 = LINE('',#4889,#4890);
#4889 = CARTESIAN_POINT('',(138.42102432429,42.799503093866,1.975));
#4890 = VECTOR('',#4891,1.);
#4891 = DIRECTION('',(0.,0.,1.));
#4892 = ORIENTED_EDGE('',*,*,#4893,.F.);
#4893 = EDGE_CURVE('',#4894,#4886,#4896,.T.);
#4894 = VERTEX_POINT('',#4895);
#4895 = CARTESIAN_POINT('',(139.31604136756,40.95520255104,7.025));
#4896 = LINE('',#4897,#4898);
#4897 = CARTESIAN_POINT('',(139.31604136756,40.95520255104,7.025));
#4898 = VECTOR('',#4899,1.);
#4899 = DIRECTION('',(-0.43659367964,0.899658801379,0.));
#4900 = ORIENTED_EDGE('',*,*,#4901,.F.);
#4901 = EDGE_CURVE('',#4902,#4894,#4904,.T.);
#4902 = VERTEX_POINT('',#4903);
#4903 = CARTESIAN_POINT('',(139.31604136756,40.95520255104,5.525));
#4904 = LINE('',#4905,#4906);
#4905 = CARTESIAN_POINT('',(139.31604136756,40.95520255104,1.975));
#4906 = VECTOR('',#4907,1.);
#4907 = DIRECTION('',(0.,0.,1.));
#4908 = ORIENTED_EDGE('',*,*,#4909,.F.);
#4909 = EDGE_CURVE('',#3326,#4902,#4910,.T.);
#4910 = LINE('',#4911,#4912);
#4911 = CARTESIAN_POINT('',(139.97093188702,39.605714348972,5.525));
#4912 = VECTOR('',#4913,1.);
#4913 = DIRECTION('',(-0.43659367964,0.899658801379,0.));
#4914 = ORIENTED_EDGE('',*,*,#3325,.T.);
#4915 = ORIENTED_EDGE('',*,*,#4916,.T.);
#4916 = EDGE_CURVE('',#3318,#4917,#4919,.T.);
#4917 = VERTEX_POINT('',#4918);
#4918 = CARTESIAN_POINT('',(139.31604136756,40.95520255104,3.475));
#4919 = LINE('',#4920,#4921);
#4920 = CARTESIAN_POINT('',(139.97093188702,39.605714348972,3.475));
#4921 = VECTOR('',#4922,1.);
#4922 = DIRECTION('',(-0.43659367964,0.899658801379,0.));
#4923 = ORIENTED_EDGE('',*,*,#4924,.F.);
#4924 = EDGE_CURVE('',#4867,#4917,#4925,.T.);
#4925 = LINE('',#4926,#4927);
#4926 = CARTESIAN_POINT('',(139.31604136756,40.95520255104,1.975));
#4927 = VECTOR('',#4928,1.);
#4928 = DIRECTION('',(0.,0.,1.));
#4929 = PLANE('',#4930);
#4930 = AXIS2_PLACEMENT_3D('',#4931,#4932,#4933);
#4931 = CARTESIAN_POINT('',(138.86853284592,41.877352822453,4.5));
#4932 = DIRECTION('',(0.899658801379,0.43659367964,-0.));
#4933 = DIRECTION('',(-0.,0.,-1.));
#4934 = ADVANCED_FACE('',(#4935),#4962,.T.);
#4935 = FACE_BOUND('',#4936,.T.);
#4936 = EDGE_LOOP('',(#4937,#4947,#4953,#4954,#4955,#4956));
#4937 = ORIENTED_EDGE('',*,*,#4938,.F.);
#4938 = EDGE_CURVE('',#4939,#4941,#4943,.T.);
#4939 = VERTEX_POINT('',#4940);
#4940 = CARTESIAN_POINT('',(130.79441211295,35.152458816641,3.475));
#4941 = VERTEX_POINT('',#4942);
#4942 = CARTESIAN_POINT('',(130.13952159349,36.501947018709,3.475));
#4943 = LINE('',#4944,#4945);
#4944 = CARTESIAN_POINT('',(130.79441211295,35.152458816641,3.475));
#4945 = VECTOR('',#4946,1.);
#4946 = DIRECTION('',(-0.43659367964,0.899658801379,0.));
#4947 = ORIENTED_EDGE('',*,*,#4948,.F.);
#4948 = EDGE_CURVE('',#3286,#4939,#4949,.T.);
#4949 = LINE('',#4950,#4951);
#4950 = CARTESIAN_POINT('',(139.97093188702,39.605714348972,3.475));
#4951 = VECTOR('',#4952,1.);
#4952 = DIRECTION('',(-0.899658801379,-0.43659367964,0.));
#4953 = ORIENTED_EDGE('',*,*,#3293,.T.);
#4954 = ORIENTED_EDGE('',*,*,#3317,.T.);
#4955 = ORIENTED_EDGE('',*,*,#4916,.T.);
#4956 = ORIENTED_EDGE('',*,*,#4957,.F.);
#4957 = EDGE_CURVE('',#4941,#4917,#4958,.T.);
#4958 = LINE('',#4959,#4960);
#4959 = CARTESIAN_POINT('',(139.31604136756,40.95520255104,3.475));
#4960 = VECTOR('',#4961,1.);
#4961 = DIRECTION('',(0.899658801379,0.43659367964,0.));
#4962 = PLANE('',#4963);
#4963 = AXIS2_PLACEMENT_3D('',#4964,#4965,#4966);
#4964 = CARTESIAN_POINT('',(139.97093188702,39.605714348972,3.475));
#4965 = DIRECTION('',(0.,0.,1.));
#4966 = DIRECTION('',(-0.899658801379,-0.43659367964,0.));
#4967 = ADVANCED_FACE('',(#4968),#4986,.T.);
#4968 = FACE_BOUND('',#4969,.T.);
#4969 = EDGE_LOOP('',(#4970,#4978,#4979,#4980));
#4970 = ORIENTED_EDGE('',*,*,#4971,.F.);
#4971 = EDGE_CURVE('',#3278,#4972,#4974,.T.);
#4972 = VERTEX_POINT('',#4973);
#4973 = CARTESIAN_POINT('',(130.79441211295,35.152458816641,5.525));
#4974 = LINE('',#4975,#4976);
#4975 = CARTESIAN_POINT('',(139.97093188702,39.605714348972,5.525));
#4976 = VECTOR('',#4977,1.);
#4977 = DIRECTION('',(-0.899658801379,-0.43659367964,0.));
#4978 = ORIENTED_EDGE('',*,*,#3285,.T.);
#4979 = ORIENTED_EDGE('',*,*,#4948,.T.);
#4980 = ORIENTED_EDGE('',*,*,#4981,.T.);
#4981 = EDGE_CURVE('',#4939,#4972,#4982,.T.);
#4982 = LINE('',#4983,#4984);
#4983 = CARTESIAN_POINT('',(130.79441211295,35.152458816641,3.475));
#4984 = VECTOR('',#4985,1.);
#4985 = DIRECTION('',(0.,0.,1.));
#4986 = PLANE('',#4987);
#4987 = AXIS2_PLACEMENT_3D('',#4988,#4989,#4990);
#4988 = CARTESIAN_POINT('',(139.97093188702,39.605714348972,3.475));
#4989 = DIRECTION('',(-0.43659367964,0.899658801379,0.));
#4990 = DIRECTION('',(-0.899658801379,-0.43659367964,0.));
#4991 = ADVANCED_FACE('',(#4992),#5012,.F.);
#4992 = FACE_BOUND('',#4993,.F.);
#4993 = EDGE_LOOP('',(#4994,#5002,#5003,#5004,#5005,#5006));
#4994 = ORIENTED_EDGE('',*,*,#4995,.F.);
#4995 = EDGE_CURVE('',#4972,#4996,#4998,.T.);
#4996 = VERTEX_POINT('',#4997);
#4997 = CARTESIAN_POINT('',(130.13952159349,36.501947018709,5.525));
#4998 = LINE('',#4999,#5000);
#4999 = CARTESIAN_POINT('',(130.79441211295,35.152458816641,5.525));
#5000 = VECTOR('',#5001,1.);
#5001 = DIRECTION('',(-0.43659367964,0.899658801379,0.));
#5002 = ORIENTED_EDGE('',*,*,#4971,.F.);
#5003 = ORIENTED_EDGE('',*,*,#3277,.T.);
#5004 = ORIENTED_EDGE('',*,*,#3333,.T.);
#5005 = ORIENTED_EDGE('',*,*,#4909,.T.);
#5006 = ORIENTED_EDGE('',*,*,#5007,.F.);
#5007 = EDGE_CURVE('',#4996,#4902,#5008,.T.);
#5008 = LINE('',#5009,#5010);
#5009 = CARTESIAN_POINT('',(139.31604136756,40.95520255104,5.525));
#5010 = VECTOR('',#5011,1.);
#5011 = DIRECTION('',(0.899658801379,0.43659367964,0.));
#5012 = PLANE('',#5013);
#5013 = AXIS2_PLACEMENT_3D('',#5014,#5015,#5016);
#5014 = CARTESIAN_POINT('',(139.97093188702,39.605714348972,5.525));
#5015 = DIRECTION('',(0.,0.,1.));
#5016 = DIRECTION('',(-0.899658801379,-0.43659367964,0.));
#5017 = ADVANCED_FACE('',(#5018),#5043,.F.);
#5018 = FACE_BOUND('',#5019,.F.);
#5019 = EDGE_LOOP('',(#5020,#5030,#5036,#5037));
#5020 = ORIENTED_EDGE('',*,*,#5021,.F.);
#5021 = EDGE_CURVE('',#5022,#5024,#5026,.T.);
#5022 = VERTEX_POINT('',#5023);
#5023 = CARTESIAN_POINT('',(24.972322162316,3.913230988621,8.4));
#5024 = VERTEX_POINT('',#5025);
#5025 = CARTESIAN_POINT('',(27.794729999709,4.551445326002,8.4));
#5026 = LINE('',#5027,#5028);
#5027 = CARTESIAN_POINT('',(24.972322162316,3.913230988621,8.4));
#5028 = VECTOR('',#5029,1.);
#5029 = DIRECTION('',(0.975374397962,0.220555625182,0.));
#5030 = ORIENTED_EDGE('',*,*,#5031,.T.);
#5031 = EDGE_CURVE('',#5022,#4104,#5032,.T.);
#5032 = LINE('',#5033,#5034);
#5033 = CARTESIAN_POINT('',(24.972322162316,3.913230988621,8.4));
#5034 = VECTOR('',#5035,1.);
#5035 = DIRECTION('',(0.,0.,1.));
#5036 = ORIENTED_EDGE('',*,*,#4101,.F.);
#5037 = ORIENTED_EDGE('',*,*,#5038,.F.);
#5038 = EDGE_CURVE('',#5024,#4102,#5039,.T.);
#5039 = LINE('',#5040,#5041);
#5040 = CARTESIAN_POINT('',(27.794729999709,4.551445326002,8.4));
#5041 = VECTOR('',#5042,1.);
#5042 = DIRECTION('',(0.,0.,1.));
#5043 = PLANE('',#5044);
#5044 = AXIS2_PLACEMENT_3D('',#5045,#5046,#5047);
#5045 = CARTESIAN_POINT('',(24.972322162316,3.913230988621,8.4));
#5046 = DIRECTION('',(-0.220555625182,0.975374397962,0.));
#5047 = DIRECTION('',(0.975374397962,0.220555625182,0.));
#5048 = ADVANCED_FACE('',(#5049),#5067,.F.);
#5049 = FACE_BOUND('',#5050,.F.);
#5050 = EDGE_LOOP('',(#5051,#5059,#5060,#5061));
#5051 = ORIENTED_EDGE('',*,*,#5052,.F.);
#5052 = EDGE_CURVE('',#5024,#5053,#5055,.T.);
#5053 = VERTEX_POINT('',#5054);
#5054 = CARTESIAN_POINT('',(28.068278184498,3.341719227053,8.4));
#5055 = LINE('',#5056,#5057);
#5056 = CARTESIAN_POINT('',(27.794729999709,4.551445326002,8.4));
#5057 = VECTOR('',#5058,1.);
#5058 = DIRECTION('',(0.220555625182,-0.975374397962,-0.));
#5059 = ORIENTED_EDGE('',*,*,#5038,.T.);
#5060 = ORIENTED_EDGE('',*,*,#4111,.F.);
#5061 = ORIENTED_EDGE('',*,*,#5062,.F.);
#5062 = EDGE_CURVE('',#5053,#4112,#5063,.T.);
#5063 = LINE('',#5064,#5065);
#5064 = CARTESIAN_POINT('',(28.068278184498,3.341719227053,8.4));
#5065 = VECTOR('',#5066,1.);
#5066 = DIRECTION('',(0.,0.,1.));
#5067 = PLANE('',#5068);
#5068 = AXIS2_PLACEMENT_3D('',#5069,#5070,#5071);
#5069 = CARTESIAN_POINT('',(27.794729999709,4.551445326002,8.4));
#5070 = DIRECTION('',(0.975374397962,0.220555625182,0.));
#5071 = DIRECTION('',(0.220555625182,-0.975374397962,0.));
#5072 = ADVANCED_FACE('',(#5073),#5091,.F.);
#5073 = FACE_BOUND('',#5074,.F.);
#5074 = EDGE_LOOP('',(#5075,#5083,#5089,#5090));
#5075 = ORIENTED_EDGE('',*,*,#5076,.F.);
#5076 = EDGE_CURVE('',#5077,#5022,#5079,.T.);
#5077 = VERTEX_POINT('',#5078);
#5078 = CARTESIAN_POINT('',(26.071303919187,5.423384905504,8.4));
#5079 = LINE('',#5080,#5081);
#5080 = CARTESIAN_POINT('',(26.071303919187,5.423384905504,8.4));
#5081 = VECTOR('',#5082,1.);
#5082 = DIRECTION('',(-0.588412602761,-0.808560825734,0.));
#5083 = ORIENTED_EDGE('',*,*,#5084,.T.);
#5084 = EDGE_CURVE('',#5077,#4320,#5085,.T.);
#5085 = LINE('',#5086,#5087);
#5086 = CARTESIAN_POINT('',(26.071303919187,5.423384905504,8.4));
#5087 = VECTOR('',#5088,1.);
#5088 = DIRECTION('',(0.,0.,1.));
#5089 = ORIENTED_EDGE('',*,*,#4340,.F.);
#5090 = ORIENTED_EDGE('',*,*,#5031,.F.);
#5091 = PLANE('',#5092);
#5092 = AXIS2_PLACEMENT_3D('',#5093,#5094,#5095);
#5093 = CARTESIAN_POINT('',(26.071303919187,5.423384905504,8.4));
#5094 = DIRECTION('',(0.808560825734,-0.588412602761,0.));
#5095 = DIRECTION('',(-0.588412602761,-0.808560825734,0.));
#5096 = ADVANCED_FACE('',(#5097),#5115,.F.);
#5097 = FACE_BOUND('',#5098,.F.);
#5098 = EDGE_LOOP('',(#5099,#5107,#5108,#5109));
#5099 = ORIENTED_EDGE('',*,*,#5100,.F.);
#5100 = EDGE_CURVE('',#5053,#5101,#5103,.T.);
#5101 = VERTEX_POINT('',#5102);
#5102 = CARTESIAN_POINT('',(23.407224145577,2.287742733814,8.4));
#5103 = LINE('',#5104,#5105);
#5104 = CARTESIAN_POINT('',(28.068278184498,3.341719227053,8.4));
#5105 = VECTOR('',#5106,1.);
#5106 = DIRECTION('',(-0.975374397962,-0.220555625182,0.));
#5107 = ORIENTED_EDGE('',*,*,#5062,.T.);
#5108 = ORIENTED_EDGE('',*,*,#4119,.F.);
#5109 = ORIENTED_EDGE('',*,*,#5110,.F.);
#5110 = EDGE_CURVE('',#5101,#4120,#5111,.T.);
#5111 = LINE('',#5112,#5113);
#5112 = CARTESIAN_POINT('',(23.407224145577,2.287742733814,8.4));
#5113 = VECTOR('',#5114,1.);
#5114 = DIRECTION('',(0.,0.,1.));
#5115 = PLANE('',#5116);
#5116 = AXIS2_PLACEMENT_3D('',#5117,#5118,#5119);
#5117 = CARTESIAN_POINT('',(28.068278184498,3.341719227053,8.4));
#5118 = DIRECTION('',(0.220555625182,-0.975374397962,0.));
#5119 = DIRECTION('',(-0.975374397962,-0.220555625182,0.));
#5120 = ADVANCED_FACE('',(#5121),#5139,.F.);
#5121 = FACE_BOUND('',#5122,.F.);
#5122 = EDGE_LOOP('',(#5123,#5131,#5137,#5138));
#5123 = ORIENTED_EDGE('',*,*,#5124,.F.);
#5124 = EDGE_CURVE('',#5125,#5077,#5127,.T.);
#5125 = VERTEX_POINT('',#5126);
#5126 = CARTESIAN_POINT('',(26.935004166215,6.895688917408,8.4));
#5127 = B_SPLINE_CURVE_WITH_KNOTS('',2,(#5128,#5129,#5130),
  .UNSPECIFIED.,.F.,.F.,(3,3),(0.,1.),.PIECEWISE_BEZIER_KNOTS.);
#5128 = CARTESIAN_POINT('',(26.935004166215,6.895688917408,8.4));
#5129 = CARTESIAN_POINT('',(26.76694288809,6.38084299521,8.4));
#5130 = CARTESIAN_POINT('',(26.071303919187,5.423384905504,8.4));
#5131 = ORIENTED_EDGE('',*,*,#5132,.T.);
#5132 = EDGE_CURVE('',#5125,#4305,#5133,.T.);
#5133 = LINE('',#5134,#5135);
#5134 = CARTESIAN_POINT('',(26.935004166215,6.895688917408,8.4));
#5135 = VECTOR('',#5136,1.);
#5136 = DIRECTION('',(0.,0.,1.));
#5137 = ORIENTED_EDGE('',*,*,#4319,.F.);
#5138 = ORIENTED_EDGE('',*,*,#5084,.F.);
#5139 = SURFACE_OF_LINEAR_EXTRUSION('',#5140,#5144);
#5140 = B_SPLINE_CURVE_WITH_KNOTS('',2,(#5141,#5142,#5143),
  .UNSPECIFIED.,.F.,.F.,(3,3),(0.,1.),.PIECEWISE_BEZIER_KNOTS.);
#5141 = CARTESIAN_POINT('',(26.935004166215,6.895688917408,8.4));
#5142 = CARTESIAN_POINT('',(26.76694288809,6.38084299521,8.4));
#5143 = CARTESIAN_POINT('',(26.071303919187,5.423384905504,8.4));
#5144 = VECTOR('',#5145,1.);
#5145 = DIRECTION('',(0.,-0.,-1.));
#5146 = ADVANCED_FACE('',(#5147),#5165,.F.);
#5147 = FACE_BOUND('',#5148,.F.);
#5148 = EDGE_LOOP('',(#5149,#5157,#5158,#5159));
#5149 = ORIENTED_EDGE('',*,*,#5150,.F.);
#5150 = EDGE_CURVE('',#5101,#5151,#5153,.T.);
#5151 = VERTEX_POINT('',#5152);
#5152 = CARTESIAN_POINT('',(23.133675960788,3.497468832763,8.4));
#5153 = LINE('',#5154,#5155);
#5154 = CARTESIAN_POINT('',(23.407224145577,2.287742733814,8.4));
#5155 = VECTOR('',#5156,1.);
#5156 = DIRECTION('',(-0.220555625182,0.975374397962,0.));
#5157 = ORIENTED_EDGE('',*,*,#5110,.T.);
#5158 = ORIENTED_EDGE('',*,*,#4127,.F.);
#5159 = ORIENTED_EDGE('',*,*,#5160,.F.);
#5160 = EDGE_CURVE('',#5151,#4128,#5161,.T.);
#5161 = LINE('',#5162,#5163);
#5162 = CARTESIAN_POINT('',(23.133675960788,3.497468832763,8.4));
#5163 = VECTOR('',#5164,1.);
#5164 = DIRECTION('',(0.,0.,1.));
#5165 = PLANE('',#5166);
#5166 = AXIS2_PLACEMENT_3D('',#5167,#5168,#5169);
#5167 = CARTESIAN_POINT('',(23.407224145577,2.287742733814,8.4));
#5168 = DIRECTION('',(-0.975374397962,-0.220555625182,0.));
#5169 = DIRECTION('',(-0.220555625182,0.975374397962,0.));
#5170 = ADVANCED_FACE('',(#5171),#5189,.F.);
#5171 = FACE_BOUND('',#5172,.F.);
#5172 = EDGE_LOOP('',(#5173,#5181,#5187,#5188));
#5173 = ORIENTED_EDGE('',*,*,#5174,.F.);
#5174 = EDGE_CURVE('',#5175,#5125,#5177,.T.);
#5175 = VERTEX_POINT('',#5176);
#5176 = CARTESIAN_POINT('',(26.984489041322,7.934921318577,8.4));
#5177 = B_SPLINE_CURVE_WITH_KNOTS('',2,(#5178,#5179,#5180),
  .UNSPECIFIED.,.F.,.F.,(3,3),(0.,1.),.PIECEWISE_BEZIER_KNOTS.);
#5178 = CARTESIAN_POINT('',(26.984489041322,7.934921318577,8.4));
#5179 = CARTESIAN_POINT('',(27.103065444341,7.410534839605,8.4));
#5180 = CARTESIAN_POINT('',(26.935004166215,6.895688917408,8.4));
#5181 = ORIENTED_EDGE('',*,*,#5182,.T.);
#5182 = EDGE_CURVE('',#5175,#4282,#5183,.T.);
#5183 = LINE('',#5184,#5185);
#5184 = CARTESIAN_POINT('',(26.984489041322,7.934921318577,8.4));
#5185 = VECTOR('',#5186,1.);
#5186 = DIRECTION('',(0.,0.,1.));
#5187 = ORIENTED_EDGE('',*,*,#4304,.F.);
#5188 = ORIENTED_EDGE('',*,*,#5132,.F.);
#5189 = SURFACE_OF_LINEAR_EXTRUSION('',#5190,#5194);
#5190 = B_SPLINE_CURVE_WITH_KNOTS('',2,(#5191,#5192,#5193),
  .UNSPECIFIED.,.F.,.F.,(3,3),(0.,1.),.PIECEWISE_BEZIER_KNOTS.);
#5191 = CARTESIAN_POINT('',(26.984489041322,7.934921318577,8.4));
#5192 = CARTESIAN_POINT('',(27.103065444341,7.410534839605,8.4));
#5193 = CARTESIAN_POINT('',(26.935004166215,6.895688917408,8.4));
#5194 = VECTOR('',#5195,1.);
#5195 = DIRECTION('',(0.,-0.,-1.));
#5196 = ADVANCED_FACE('',(#5197),#5215,.F.);
#5197 = FACE_BOUND('',#5198,.F.);
#5198 = EDGE_LOOP('',(#5199,#5207,#5208,#5209));
#5199 = ORIENTED_EDGE('',*,*,#5200,.F.);
#5200 = EDGE_CURVE('',#5151,#5201,#5203,.T.);
#5201 = VERTEX_POINT('',#5202);
#5202 = CARTESIAN_POINT('',(25.008732181577,6.088632326368,8.4));
#5203 = LINE('',#5204,#5205);
#5204 = CARTESIAN_POINT('',(23.133675960788,3.497468832763,8.4));
#5205 = VECTOR('',#5206,1.);
#5206 = DIRECTION('',(0.586242418766,0.810135683969,0.));
#5207 = ORIENTED_EDGE('',*,*,#5160,.T.);
#5208 = ORIENTED_EDGE('',*,*,#4135,.F.);
#5209 = ORIENTED_EDGE('',*,*,#5210,.F.);
#5210 = EDGE_CURVE('',#5201,#4136,#5211,.T.);
#5211 = LINE('',#5212,#5213);
#5212 = CARTESIAN_POINT('',(25.008732181577,6.088632326368,8.4));
#5213 = VECTOR('',#5214,1.);
#5214 = DIRECTION('',(0.,0.,1.));
#5215 = PLANE('',#5216);
#5216 = AXIS2_PLACEMENT_3D('',#5217,#5218,#5219);
#5217 = CARTESIAN_POINT('',(23.133675960788,3.497468832763,8.4));
#5218 = DIRECTION('',(-0.810135683969,0.586242418766,0.));
#5219 = DIRECTION('',(0.586242418766,0.810135683969,0.));
#5220 = ADVANCED_FACE('',(#5221),#5239,.F.);
#5221 = FACE_BOUND('',#5222,.F.);
#5222 = EDGE_LOOP('',(#5223,#5231,#5237,#5238));
#5223 = ORIENTED_EDGE('',*,*,#5224,.F.);
#5224 = EDGE_CURVE('',#5225,#5175,#5227,.T.);
#5225 = VERTEX_POINT('',#5226);
#5226 = CARTESIAN_POINT('',(26.026487672639,9.205418850087,8.4));
#5227 = B_SPLINE_CURVE_WITH_KNOTS('',2,(#5228,#5229,#5230),
  .UNSPECIFIED.,.F.,.F.,(3,3),(0.,1.),.PIECEWISE_BEZIER_KNOTS.);
#5228 = CARTESIAN_POINT('',(26.026487672639,9.205418850087,8.4));
#5229 = CARTESIAN_POINT('',(26.77926314227,8.842502286278,8.4));
#5230 = CARTESIAN_POINT('',(26.984489041322,7.934921318577,8.4));
#5231 = ORIENTED_EDGE('',*,*,#5232,.T.);
#5232 = EDGE_CURVE('',#5225,#4259,#5233,.T.);
#5233 = LINE('',#5234,#5235);
#5234 = CARTESIAN_POINT('',(26.026487672639,9.205418850087,8.4));
#5235 = VECTOR('',#5236,1.);
#5236 = DIRECTION('',(0.,0.,1.));
#5237 = ORIENTED_EDGE('',*,*,#4281,.F.);
#5238 = ORIENTED_EDGE('',*,*,#5182,.F.);
#5239 = SURFACE_OF_LINEAR_EXTRUSION('',#5240,#5244);
#5240 = B_SPLINE_CURVE_WITH_KNOTS('',2,(#5241,#5242,#5243),
  .UNSPECIFIED.,.F.,.F.,(3,3),(0.,1.),.PIECEWISE_BEZIER_KNOTS.);
#5241 = CARTESIAN_POINT('',(26.026487672639,9.205418850087,8.4));
#5242 = CARTESIAN_POINT('',(26.77926314227,8.842502286278,8.4));
#5243 = CARTESIAN_POINT('',(26.984489041322,7.934921318577,8.4));
#5244 = VECTOR('',#5245,1.);
#5245 = DIRECTION('',(0.,-0.,-1.));
#5246 = ADVANCED_FACE('',(#5247),#5265,.F.);
#5247 = FACE_BOUND('',#5248,.F.);
#5248 = EDGE_LOOP('',(#5249,#5257,#5258,#5259));
#5249 = ORIENTED_EDGE('',*,*,#5250,.F.);
#5250 = EDGE_CURVE('',#5201,#5251,#5253,.T.);
#5251 = VERTEX_POINT('',#5252);
#5252 = CARTESIAN_POINT('',(25.347442903858,6.747429280612,8.4));
#5253 = B_SPLINE_CURVE_WITH_KNOTS('',2,(#5254,#5255,#5256),
  .UNSPECIFIED.,.F.,.F.,(3,3),(0.,1.),.PIECEWISE_BEZIER_KNOTS.);
#5254 = CARTESIAN_POINT('',(25.008732181577,6.088632326368,8.4));
#5255 = CARTESIAN_POINT('',(25.258220196589,6.443074584963,8.4));
#5256 = CARTESIAN_POINT('',(25.347442903858,6.747429280612,8.4));
#5257 = ORIENTED_EDGE('',*,*,#5210,.T.);
#5258 = ORIENTED_EDGE('',*,*,#4143,.F.);
#5259 = ORIENTED_EDGE('',*,*,#5260,.F.);
#5260 = EDGE_CURVE('',#5251,#4144,#5261,.T.);
#5261 = LINE('',#5262,#5263);
#5262 = CARTESIAN_POINT('',(25.347442903858,6.747429280612,8.4));
#5263 = VECTOR('',#5264,1.);
#5264 = DIRECTION('',(0.,0.,1.));
#5265 = SURFACE_OF_LINEAR_EXTRUSION('',#5266,#5270);
#5266 = B_SPLINE_CURVE_WITH_KNOTS('',2,(#5267,#5268,#5269),
  .UNSPECIFIED.,.F.,.F.,(3,3),(0.,1.),.PIECEWISE_BEZIER_KNOTS.);
#5267 = CARTESIAN_POINT('',(25.008732181577,6.088632326368,8.4));
#5268 = CARTESIAN_POINT('',(25.258220196589,6.443074584963,8.4));
#5269 = CARTESIAN_POINT('',(25.347442903858,6.747429280612,8.4));
#5270 = VECTOR('',#5271,1.);
#5271 = DIRECTION('',(0.,-0.,-1.));
#5272 = ADVANCED_FACE('',(#5273),#5291,.F.);
#5273 = FACE_BOUND('',#5274,.F.);
#5274 = EDGE_LOOP('',(#5275,#5283,#5289,#5290));
#5275 = ORIENTED_EDGE('',*,*,#5276,.F.);
#5276 = EDGE_CURVE('',#5277,#5225,#5279,.T.);
#5277 = VERTEX_POINT('',#5278);
#5278 = CARTESIAN_POINT('',(24.122632008912,9.308349516981,8.4));
#5279 = B_SPLINE_CURVE_WITH_KNOTS('',2,(#5280,#5281,#5282),
  .UNSPECIFIED.,.F.,.F.,(3,3),(0.,1.),.PIECEWISE_BEZIER_KNOTS.);
#5280 = CARTESIAN_POINT('',(24.122632008912,9.308349516981,8.4));
#5281 = CARTESIAN_POINT('',(25.273933836037,9.568686567846,8.4));
#5282 = CARTESIAN_POINT('',(26.026487672639,9.205418850087,8.4));
#5283 = ORIENTED_EDGE('',*,*,#5284,.T.);
#5284 = EDGE_CURVE('',#5277,#4248,#5285,.T.);
#5285 = LINE('',#5286,#5287);
#5286 = CARTESIAN_POINT('',(24.122632008912,9.308349516981,8.4));
#5287 = VECTOR('',#5288,1.);
#5288 = DIRECTION('',(0.,0.,1.));
#5289 = ORIENTED_EDGE('',*,*,#4258,.F.);
#5290 = ORIENTED_EDGE('',*,*,#5232,.F.);
#5291 = SURFACE_OF_LINEAR_EXTRUSION('',#5292,#5296);
#5292 = B_SPLINE_CURVE_WITH_KNOTS('',2,(#5293,#5294,#5295),
  .UNSPECIFIED.,.F.,.F.,(3,3),(0.,1.),.PIECEWISE_BEZIER_KNOTS.);
#5293 = CARTESIAN_POINT('',(24.122632008912,9.308349516981,8.4));
#5294 = CARTESIAN_POINT('',(25.273933836037,9.568686567846,8.4));
#5295 = CARTESIAN_POINT('',(26.026487672639,9.205418850087,8.4));
#5296 = VECTOR('',#5297,1.);
#5297 = DIRECTION('',(0.,-0.,-1.));
#5298 = ADVANCED_FACE('',(#5299),#5317,.F.);
#5299 = FACE_BOUND('',#5300,.F.);
#5300 = EDGE_LOOP('',(#5301,#5309,#5310,#5311));
#5301 = ORIENTED_EDGE('',*,*,#5302,.F.);
#5302 = EDGE_CURVE('',#5251,#5303,#5305,.T.);
#5303 = VERTEX_POINT('',#5304);
#5304 = CARTESIAN_POINT('',(25.370545181045,7.344191728872,8.4));
#5305 = B_SPLINE_CURVE_WITH_KNOTS('',2,(#5306,#5307,#5308),
  .UNSPECIFIED.,.F.,.F.,(3,3),(0.,1.),.PIECEWISE_BEZIER_KNOTS.);
#5306 = CARTESIAN_POINT('',(25.347442903858,6.747429280612,8.4));
#5307 = CARTESIAN_POINT('',(25.436600850668,7.052070369751,8.4));
#5308 = CARTESIAN_POINT('',(25.370545181045,7.344191728872,8.4));
#5309 = ORIENTED_EDGE('',*,*,#5260,.T.);
#5310 = ORIENTED_EDGE('',*,*,#4155,.F.);
#5311 = ORIENTED_EDGE('',*,*,#5312,.F.);
#5312 = EDGE_CURVE('',#5303,#4156,#5313,.T.);
#5313 = LINE('',#5314,#5315);
#5314 = CARTESIAN_POINT('',(25.370545181045,7.344191728872,8.4));
#5315 = VECTOR('',#5316,1.);
#5316 = DIRECTION('',(0.,0.,1.));
#5317 = SURFACE_OF_LINEAR_EXTRUSION('',#5318,#5322);
#5318 = B_SPLINE_CURVE_WITH_KNOTS('',2,(#5319,#5320,#5321),
  .UNSPECIFIED.,.F.,.F.,(3,3),(0.,1.),.PIECEWISE_BEZIER_KNOTS.);
#5319 = CARTESIAN_POINT('',(25.347442903858,6.747429280612,8.4));
#5320 = CARTESIAN_POINT('',(25.436600850668,7.052070369751,8.4));
#5321 = CARTESIAN_POINT('',(25.370545181045,7.344191728872,8.4));
#5322 = VECTOR('',#5323,1.);
#5323 = DIRECTION('',(0.,-0.,-1.));
#5324 = ADVANCED_FACE('',(#5325),#5343,.F.);
#5325 = FACE_BOUND('',#5326,.F.);
#5326 = EDGE_LOOP('',(#5327,#5335,#5341,#5342));
#5327 = ORIENTED_EDGE('',*,*,#5328,.F.);
#5328 = EDGE_CURVE('',#5329,#5277,#5331,.T.);
#5329 = VERTEX_POINT('',#5330);
#5330 = CARTESIAN_POINT('',(23.07522992463,8.967949837004,8.4));
#5331 = B_SPLINE_CURVE_WITH_KNOTS('',2,(#5332,#5333,#5334),
  .UNSPECIFIED.,.F.,.F.,(3,3),(0.,1.),.PIECEWISE_BEZIER_KNOTS.);
#5332 = CARTESIAN_POINT('',(23.07522992463,8.967949837004,8.4));
#5333 = CARTESIAN_POINT('',(23.59853192343,9.189837874424,8.4));
#5334 = CARTESIAN_POINT('',(24.122632008912,9.308349516981,8.4));
#5335 = ORIENTED_EDGE('',*,*,#5336,.T.);
#5336 = EDGE_CURVE('',#5329,#4237,#5337,.T.);
#5337 = LINE('',#5338,#5339);
#5338 = CARTESIAN_POINT('',(23.07522992463,8.967949837004,8.4));
#5339 = VECTOR('',#5340,1.);
#5340 = DIRECTION('',(0.,0.,1.));
#5341 = ORIENTED_EDGE('',*,*,#4247,.F.);
#5342 = ORIENTED_EDGE('',*,*,#5284,.F.);
#5343 = SURFACE_OF_LINEAR_EXTRUSION('',#5344,#5348);
#5344 = B_SPLINE_CURVE_WITH_KNOTS('',2,(#5345,#5346,#5347),
  .UNSPECIFIED.,.F.,.F.,(3,3),(0.,1.),.PIECEWISE_BEZIER_KNOTS.);
#5345 = CARTESIAN_POINT('',(23.07522992463,8.967949837004,8.4));
#5346 = CARTESIAN_POINT('',(23.59853192343,9.189837874424,8.4));
#5347 = CARTESIAN_POINT('',(24.122632008912,9.308349516981,8.4));
#5348 = VECTOR('',#5349,1.);
#5349 = DIRECTION('',(0.,-0.,-1.));
#5350 = ADVANCED_FACE('',(#5351),#5369,.F.);
#5351 = FACE_BOUND('',#5352,.F.);
#5352 = EDGE_LOOP('',(#5353,#5361,#5362,#5363));
#5353 = ORIENTED_EDGE('',*,*,#5354,.F.);
#5354 = EDGE_CURVE('',#5303,#5355,#5357,.T.);
#5355 = VERTEX_POINT('',#5356);
#5356 = CARTESIAN_POINT('',(24.90343786264,8.001396263728,8.4));
#5357 = B_SPLINE_CURVE_WITH_KNOTS('',2,(#5358,#5359,#5360),
  .UNSPECIFIED.,.F.,.F.,(3,3),(0.,1.),.PIECEWISE_BEZIER_KNOTS.);
#5358 = CARTESIAN_POINT('',(25.370545181045,7.344191728872,8.4));
#5359 = CARTESIAN_POINT('',(25.268547455893,7.795261474574,8.4));
#5360 = CARTESIAN_POINT('',(24.90343786264,8.001396263728,8.4));
#5361 = ORIENTED_EDGE('',*,*,#5312,.T.);
#5362 = ORIENTED_EDGE('',*,*,#4170,.F.);
#5363 = ORIENTED_EDGE('',*,*,#5364,.F.);
#5364 = EDGE_CURVE('',#5355,#4171,#5365,.T.);
#5365 = LINE('',#5366,#5367);
#5366 = CARTESIAN_POINT('',(24.90343786264,8.001396263728,8.4));
#5367 = VECTOR('',#5368,1.);
#5368 = DIRECTION('',(0.,0.,1.));
#5369 = SURFACE_OF_LINEAR_EXTRUSION('',#5370,#5374);
#5370 = B_SPLINE_CURVE_WITH_KNOTS('',2,(#5371,#5372,#5373),
  .UNSPECIFIED.,.F.,.F.,(3,3),(0.,1.),.PIECEWISE_BEZIER_KNOTS.);
#5371 = CARTESIAN_POINT('',(25.370545181045,7.344191728872,8.4));
#5372 = CARTESIAN_POINT('',(25.268547455893,7.795261474574,8.4));
#5373 = CARTESIAN_POINT('',(24.90343786264,8.001396263728,8.4));
#5374 = VECTOR('',#5375,1.);
#5375 = DIRECTION('',(0.,-0.,-1.));
#5376 = ADVANCED_FACE('',(#5377),#5395,.F.);
#5377 = FACE_BOUND('',#5378,.F.);
#5378 = EDGE_LOOP('',(#5379,#5387,#5393,#5394));
#5379 = ORIENTED_EDGE('',*,*,#5380,.F.);
#5380 = EDGE_CURVE('',#5381,#5329,#5383,.T.);
#5381 = VERTEX_POINT('',#5382);
#5382 = CARTESIAN_POINT('',(22.035943483659,8.431904772773,8.4));
#5383 = B_SPLINE_CURVE_WITH_KNOTS('',2,(#5384,#5385,#5386),
  .UNSPECIFIED.,.F.,.F.,(3,3),(0.,1.),.PIECEWISE_BEZIER_KNOTS.);
#5384 = CARTESIAN_POINT('',(22.035943483659,8.431904772773,8.4));
#5385 = CARTESIAN_POINT('',(22.551863165369,8.746348193073,8.4));
#5386 = CARTESIAN_POINT('',(23.07522992463,8.967949837004,8.4));
#5387 = ORIENTED_EDGE('',*,*,#5388,.T.);
#5388 = EDGE_CURVE('',#5381,#4229,#5389,.T.);
#5389 = LINE('',#5390,#5391);
#5390 = CARTESIAN_POINT('',(22.035943483659,8.431904772773,8.4));
#5391 = VECTOR('',#5392,1.);
#5392 = DIRECTION('',(0.,0.,1.));
#5393 = ORIENTED_EDGE('',*,*,#4236,.F.);
#5394 = ORIENTED_EDGE('',*,*,#5336,.F.);
#5395 = SURFACE_OF_LINEAR_EXTRUSION('',#5396,#5400);
#5396 = B_SPLINE_CURVE_WITH_KNOTS('',2,(#5397,#5398,#5399),
  .UNSPECIFIED.,.F.,.F.,(3,3),(0.,1.),.PIECEWISE_BEZIER_KNOTS.);
#5397 = CARTESIAN_POINT('',(22.035943483659,8.431904772773,8.4));
#5398 = CARTESIAN_POINT('',(22.551863165369,8.746348193073,8.4));
#5399 = CARTESIAN_POINT('',(23.07522992463,8.967949837004,8.4));
#5400 = VECTOR('',#5401,1.);
#5401 = DIRECTION('',(0.,-0.,-1.));
#5402 = ADVANCED_FACE('',(#5403),#5421,.F.);
#5403 = FACE_BOUND('',#5404,.F.);
#5404 = EDGE_LOOP('',(#5405,#5413,#5414,#5415));
#5405 = ORIENTED_EDGE('',*,*,#5406,.F.);
#5406 = EDGE_CURVE('',#5355,#5407,#5409,.T.);
#5407 = VERTEX_POINT('',#5408);
#5408 = CARTESIAN_POINT('',(24.035929328634,8.094227598805,8.4));
#5409 = B_SPLINE_CURVE_WITH_KNOTS('',2,(#5410,#5411,#5412),
  .UNSPECIFIED.,.F.,.F.,(3,3),(0.,1.),.PIECEWISE_BEZIER_KNOTS.);
#5410 = CARTESIAN_POINT('',(24.90343786264,8.001396263728,8.4));
#5411 = CARTESIAN_POINT('',(24.538549902416,8.207882206832,8.4));
#5412 = CARTESIAN_POINT('',(24.035929328634,8.094227598805,8.4));
#5413 = ORIENTED_EDGE('',*,*,#5364,.T.);
#5414 = ORIENTED_EDGE('',*,*,#4187,.F.);
#5415 = ORIENTED_EDGE('',*,*,#5416,.F.);
#5416 = EDGE_CURVE('',#5407,#4188,#5417,.T.);
#5417 = LINE('',#5418,#5419);
#5418 = CARTESIAN_POINT('',(24.035929328634,8.094227598805,8.4));
#5419 = VECTOR('',#5420,1.);
#5420 = DIRECTION('',(0.,0.,1.));
#5421 = SURFACE_OF_LINEAR_EXTRUSION('',#5422,#5426);
#5422 = B_SPLINE_CURVE_WITH_KNOTS('',2,(#5423,#5424,#5425),
  .UNSPECIFIED.,.F.,.F.,(3,3),(0.,1.),.PIECEWISE_BEZIER_KNOTS.);
#5423 = CARTESIAN_POINT('',(24.90343786264,8.001396263728,8.4));
#5424 = CARTESIAN_POINT('',(24.538549902416,8.207882206832,8.4));
#5425 = CARTESIAN_POINT('',(24.035929328634,8.094227598805,8.4));
#5426 = VECTOR('',#5427,1.);
#5427 = DIRECTION('',(0.,-0.,-1.));
#5428 = ADVANCED_FACE('',(#5429),#5447,.F.);
#5429 = FACE_BOUND('',#5430,.F.);
#5430 = EDGE_LOOP('',(#5431,#5439,#5445,#5446));
#5431 = ORIENTED_EDGE('',*,*,#5432,.F.);
#5432 = EDGE_CURVE('',#5433,#5381,#5435,.T.);
#5433 = VERTEX_POINT('',#5434);
#5434 = CARTESIAN_POINT('',(22.355083032579,7.020557657332,8.4));
#5435 = LINE('',#5436,#5437);
#5436 = CARTESIAN_POINT('',(22.355083032579,7.020557657332,8.4));
#5437 = VECTOR('',#5438,1.);
#5438 = DIRECTION('',(-0.220555625182,0.975374397962,0.));
#5439 = ORIENTED_EDGE('',*,*,#5440,.T.);
#5440 = EDGE_CURVE('',#5433,#4217,#5441,.T.);
#5441 = LINE('',#5442,#5443);
#5442 = CARTESIAN_POINT('',(22.355083032579,7.020557657332,8.4));
#5443 = VECTOR('',#5444,1.);
#5444 = DIRECTION('',(0.,0.,1.));
#5445 = ORIENTED_EDGE('',*,*,#4228,.F.);
#5446 = ORIENTED_EDGE('',*,*,#5388,.F.);
#5447 = PLANE('',#5448);
#5448 = AXIS2_PLACEMENT_3D('',#5449,#5450,#5451);
#5449 = CARTESIAN_POINT('',(22.355083032579,7.020557657332,8.4));
#5450 = DIRECTION('',(-0.975374397962,-0.220555625182,0.));
#5451 = DIRECTION('',(-0.220555625182,0.975374397962,0.));
#5452 = ADVANCED_FACE('',(#5453),#5471,.F.);
#5453 = FACE_BOUND('',#5454,.F.);
#5454 = EDGE_LOOP('',(#5455,#5463,#5464,#5465));
#5455 = ORIENTED_EDGE('',*,*,#5456,.F.);
#5456 = EDGE_CURVE('',#5407,#5457,#5459,.T.);
#5457 = VERTEX_POINT('',#5458);
#5458 = CARTESIAN_POINT('',(23.22719763469,7.736752214467,8.4));
#5459 = B_SPLINE_CURVE_WITH_KNOTS('',2,(#5460,#5461,#5462),
  .UNSPECIFIED.,.F.,.F.,(3,3),(0.,1.),.PIECEWISE_BEZIER_KNOTS.);
#5460 = CARTESIAN_POINT('',(24.035929328634,8.094227598805,8.4));
#5461 = CARTESIAN_POINT('',(23.649298118032,8.006800977246,8.4));
#5462 = CARTESIAN_POINT('',(23.22719763469,7.736752214467,8.4));
#5463 = ORIENTED_EDGE('',*,*,#5416,.T.);
#5464 = ORIENTED_EDGE('',*,*,#4204,.F.);
#5465 = ORIENTED_EDGE('',*,*,#5466,.F.);
#5466 = EDGE_CURVE('',#5457,#4205,#5467,.T.);
#5467 = LINE('',#5468,#5469);
#5468 = CARTESIAN_POINT('',(23.22719763469,7.736752214467,8.4));
#5469 = VECTOR('',#5470,1.);
#5470 = DIRECTION('',(0.,0.,1.));
#5471 = SURFACE_OF_LINEAR_EXTRUSION('',#5472,#5476);
#5472 = B_SPLINE_CURVE_WITH_KNOTS('',2,(#5473,#5474,#5475),
  .UNSPECIFIED.,.F.,.F.,(3,3),(0.,1.),.PIECEWISE_BEZIER_KNOTS.);
#5473 = CARTESIAN_POINT('',(24.035929328634,8.094227598805,8.4));
#5474 = CARTESIAN_POINT('',(23.649298118032,8.006800977246,8.4));
#5475 = CARTESIAN_POINT('',(23.22719763469,7.736752214467,8.4));
#5476 = VECTOR('',#5477,1.);
#5477 = DIRECTION('',(0.,-0.,-1.));
#5478 = ADVANCED_FACE('',(#5479),#5490,.F.);
#5479 = FACE_BOUND('',#5480,.F.);
#5480 = EDGE_LOOP('',(#5481,#5487,#5488,#5489));
#5481 = ORIENTED_EDGE('',*,*,#5482,.F.);
#5482 = EDGE_CURVE('',#5457,#5433,#5483,.T.);
#5483 = B_SPLINE_CURVE_WITH_KNOTS('',2,(#5484,#5485,#5486),
  .UNSPECIFIED.,.F.,.F.,(3,3),(0.,1.),.PIECEWISE_BEZIER_KNOTS.);
#5484 = CARTESIAN_POINT('',(23.22719763469,7.736752214467,8.4));
#5485 = CARTESIAN_POINT('',(22.805097151348,7.466703451688,8.4));
#5486 = CARTESIAN_POINT('',(22.355083032579,7.020557657332,8.4));
#5487 = ORIENTED_EDGE('',*,*,#5466,.T.);
#5488 = ORIENTED_EDGE('',*,*,#4216,.F.);
#5489 = ORIENTED_EDGE('',*,*,#5440,.F.);
#5490 = SURFACE_OF_LINEAR_EXTRUSION('',#5491,#5495);
#5491 = B_SPLINE_CURVE_WITH_KNOTS('',2,(#5492,#5493,#5494),
  .UNSPECIFIED.,.F.,.F.,(3,3),(0.,1.),.PIECEWISE_BEZIER_KNOTS.);
#5492 = CARTESIAN_POINT('',(23.22719763469,7.736752214467,8.4));
#5493 = CARTESIAN_POINT('',(22.805097151348,7.466703451688,8.4));
#5494 = CARTESIAN_POINT('',(22.355083032579,7.020557657332,8.4));
#5495 = VECTOR('',#5496,1.);
#5496 = DIRECTION('',(0.,-0.,-1.));
#5497 = ADVANCED_FACE('',(#5498),#5512,.F.);
#5498 = FACE_BOUND('',#5499,.F.);
#5499 = EDGE_LOOP('',(#5500,#5501,#5502,#5503,#5504,#5505,#5506,#5507,
    #5508,#5509,#5510,#5511));
#5500 = ORIENTED_EDGE('',*,*,#4496,.F.);
#5501 = ORIENTED_EDGE('',*,*,#4456,.F.);
#5502 = ORIENTED_EDGE('',*,*,#4400,.T.);
#5503 = ORIENTED_EDGE('',*,*,#4422,.F.);
#5504 = ORIENTED_EDGE('',*,*,#4480,.T.);
#5505 = ORIENTED_EDGE('',*,*,#4518,.T.);
#5506 = ORIENTED_EDGE('',*,*,#4568,.T.);
#5507 = ORIENTED_EDGE('',*,*,#4624,.T.);
#5508 = ORIENTED_EDGE('',*,*,#4664,.F.);
#5509 = ORIENTED_EDGE('',*,*,#4638,.T.);
#5510 = ORIENTED_EDGE('',*,*,#4600,.F.);
#5511 = ORIENTED_EDGE('',*,*,#4542,.F.);
#5512 = PLANE('',#5513);
#5513 = AXIS2_PLACEMENT_3D('',#5514,#5515,#5516);
#5514 = CARTESIAN_POINT('',(10.1,5.8,4.5));
#5515 = DIRECTION('',(1.,0.,0.));
#5516 = DIRECTION('',(0.,1.,0.));
#5517 = ADVANCED_FACE('',(#5518),#5521,.F.);
#5518 = FACE_BOUND('',#5519,.F.);
#5519 = EDGE_LOOP('',(#5520));
#5520 = ORIENTED_EDGE('',*,*,#4687,.T.);
#5521 = PLANE('',#5522);
#5522 = AXIS2_PLACEMENT_3D('',#5523,#5524,#5525);
#5523 = CARTESIAN_POINT('',(2.,1.45,3.3));
#5524 = DIRECTION('',(1.,0.,0.));
#5525 = DIRECTION('',(0.,1.,0.));
#5526 = ADVANCED_FACE('',(#5527),#5579,.F.);
#5527 = FACE_BOUND('',#5528,.F.);
#5528 = EDGE_LOOP('',(#5529,#5537,#5545,#5551,#5552,#5553,#5554,#5562,
    #5570,#5576,#5577,#5578));
#5529 = ORIENTED_EDGE('',*,*,#5530,.F.);
#5530 = EDGE_CURVE('',#5531,#4833,#5533,.T.);
#5531 = VERTEX_POINT('',#5532);
#5532 = CARTESIAN_POINT('',(129.24450455023,38.346247561536,1.975));
#5533 = LINE('',#5534,#5535);
#5534 = CARTESIAN_POINT('',(129.24450455023,38.346247561536,1.975));
#5535 = VECTOR('',#5536,1.);
#5536 = DIRECTION('',(0.,0.,1.));
#5537 = ORIENTED_EDGE('',*,*,#5538,.F.);
#5538 = EDGE_CURVE('',#5539,#5531,#5541,.T.);
#5539 = VERTEX_POINT('',#5540);
#5540 = CARTESIAN_POINT('',(130.13952159349,36.501947018709,1.975));
#5541 = LINE('',#5542,#5543);
#5542 = CARTESIAN_POINT('',(130.13952159349,36.501947018709,1.975));
#5543 = VECTOR('',#5544,1.);
#5544 = DIRECTION('',(-0.43659367964,0.899658801379,0.));
#5545 = ORIENTED_EDGE('',*,*,#5546,.T.);
#5546 = EDGE_CURVE('',#5539,#4941,#5547,.T.);
#5547 = LINE('',#5548,#5549);
#5548 = CARTESIAN_POINT('',(130.13952159349,36.501947018709,1.975));
#5549 = VECTOR('',#5550,1.);
#5550 = DIRECTION('',(0.,0.,1.));
#5551 = ORIENTED_EDGE('',*,*,#4938,.F.);
#5552 = ORIENTED_EDGE('',*,*,#4981,.T.);
#5553 = ORIENTED_EDGE('',*,*,#4995,.T.);
#5554 = ORIENTED_EDGE('',*,*,#5555,.T.);
#5555 = EDGE_CURVE('',#4996,#5556,#5558,.T.);
#5556 = VERTEX_POINT('',#5557);
#5557 = CARTESIAN_POINT('',(130.13952159349,36.501947018709,7.025));
#5558 = LINE('',#5559,#5560);
#5559 = CARTESIAN_POINT('',(130.13952159349,36.501947018709,1.975));
#5560 = VECTOR('',#5561,1.);
#5561 = DIRECTION('',(0.,0.,1.));
#5562 = ORIENTED_EDGE('',*,*,#5563,.T.);
#5563 = EDGE_CURVE('',#5556,#5564,#5566,.T.);
#5564 = VERTEX_POINT('',#5565);
#5565 = CARTESIAN_POINT('',(129.24450455023,38.346247561536,7.025));
#5566 = LINE('',#5567,#5568);
#5567 = CARTESIAN_POINT('',(130.13952159349,36.501947018709,7.025));
#5568 = VECTOR('',#5569,1.);
#5569 = DIRECTION('',(-0.43659367964,0.899658801379,0.));
#5570 = ORIENTED_EDGE('',*,*,#5571,.F.);
#5571 = EDGE_CURVE('',#4768,#5564,#5572,.T.);
#5572 = LINE('',#5573,#5574);
#5573 = CARTESIAN_POINT('',(129.24450455023,38.346247561536,1.975));
#5574 = VECTOR('',#5575,1.);
#5575 = DIRECTION('',(0.,0.,1.));
#5576 = ORIENTED_EDGE('',*,*,#4767,.T.);
#5577 = ORIENTED_EDGE('',*,*,#4818,.F.);
#5578 = ORIENTED_EDGE('',*,*,#4832,.F.);
#5579 = PLANE('',#5580);
#5580 = AXIS2_PLACEMENT_3D('',#5581,#5582,#5583);
#5581 = CARTESIAN_POINT('',(129.69201307186,37.424097290122,4.5));
#5582 = DIRECTION('',(-0.899658801379,-0.43659367964,0.));
#5583 = DIRECTION('',(0.,0.,1.));
#5584 = ADVANCED_FACE('',(#5585),#5596,.F.);
#5585 = FACE_BOUND('',#5586,.F.);
#5586 = EDGE_LOOP('',(#5587,#5588,#5589,#5590));
#5587 = ORIENTED_EDGE('',*,*,#4885,.F.);
#5588 = ORIENTED_EDGE('',*,*,#4777,.F.);
#5589 = ORIENTED_EDGE('',*,*,#5571,.T.);
#5590 = ORIENTED_EDGE('',*,*,#5591,.F.);
#5591 = EDGE_CURVE('',#4886,#5564,#5592,.T.);
#5592 = LINE('',#5593,#5594);
#5593 = CARTESIAN_POINT('',(138.42102432429,42.799503093866,7.025));
#5594 = VECTOR('',#5595,1.);
#5595 = DIRECTION('',(-0.899658801379,-0.43659367964,0.));
#5596 = PLANE('',#5597);
#5597 = AXIS2_PLACEMENT_3D('',#5598,#5599,#5600);
#5598 = CARTESIAN_POINT('',(138.42102432429,42.799503093866,1.975));
#5599 = DIRECTION('',(-0.43659367964,0.899658801379,0.));
#5600 = DIRECTION('',(-0.899658801379,-0.43659367964,0.));
#5601 = ADVANCED_FACE('',(#5602),#5613,.F.);
#5602 = FACE_BOUND('',#5603,.F.);
#5603 = EDGE_LOOP('',(#5604,#5605,#5611,#5612));
#5604 = ORIENTED_EDGE('',*,*,#4876,.F.);
#5605 = ORIENTED_EDGE('',*,*,#5606,.T.);
#5606 = EDGE_CURVE('',#4869,#5531,#5607,.T.);
#5607 = LINE('',#5608,#5609);
#5608 = CARTESIAN_POINT('',(138.42102432429,42.799503093866,1.975));
#5609 = VECTOR('',#5610,1.);
#5610 = DIRECTION('',(-0.899658801379,-0.43659367964,0.));
#5611 = ORIENTED_EDGE('',*,*,#5530,.T.);
#5612 = ORIENTED_EDGE('',*,*,#4840,.T.);
#5613 = PLANE('',#5614);
#5614 = AXIS2_PLACEMENT_3D('',#5615,#5616,#5617);
#5615 = CARTESIAN_POINT('',(138.42102432429,42.799503093866,1.975));
#5616 = DIRECTION('',(-0.43659367964,0.899658801379,0.));
#5617 = DIRECTION('',(-0.899658801379,-0.43659367964,0.));
#5618 = ADVANCED_FACE('',(#5619),#5630,.T.);
#5619 = FACE_BOUND('',#5620,.T.);
#5620 = EDGE_LOOP('',(#5621,#5627,#5628,#5629));
#5621 = ORIENTED_EDGE('',*,*,#5622,.F.);
#5622 = EDGE_CURVE('',#4867,#5539,#5623,.T.);
#5623 = LINE('',#5624,#5625);
#5624 = CARTESIAN_POINT('',(139.31604136756,40.95520255104,1.975));
#5625 = VECTOR('',#5626,1.);
#5626 = DIRECTION('',(-0.899658801379,-0.43659367964,0.));
#5627 = ORIENTED_EDGE('',*,*,#4866,.T.);
#5628 = ORIENTED_EDGE('',*,*,#5606,.T.);
#5629 = ORIENTED_EDGE('',*,*,#5538,.F.);
#5630 = PLANE('',#5631);
#5631 = AXIS2_PLACEMENT_3D('',#5632,#5633,#5634);
#5632 = CARTESIAN_POINT('',(139.31604136756,40.95520255104,1.975));
#5633 = DIRECTION('',(0.,0.,1.));
#5634 = DIRECTION('',(-0.899658801379,-0.43659367964,0.));
#5635 = ADVANCED_FACE('',(#5636),#5642,.T.);
#5636 = FACE_BOUND('',#5637,.T.);
#5637 = EDGE_LOOP('',(#5638,#5639,#5640,#5641));
#5638 = ORIENTED_EDGE('',*,*,#4924,.F.);
#5639 = ORIENTED_EDGE('',*,*,#5622,.T.);
#5640 = ORIENTED_EDGE('',*,*,#5546,.T.);
#5641 = ORIENTED_EDGE('',*,*,#4957,.T.);
#5642 = PLANE('',#5643);
#5643 = AXIS2_PLACEMENT_3D('',#5644,#5645,#5646);
#5644 = CARTESIAN_POINT('',(139.31604136756,40.95520255104,1.975));
#5645 = DIRECTION('',(-0.43659367964,0.899658801379,0.));
#5646 = DIRECTION('',(-0.899658801379,-0.43659367964,0.));
#5647 = ADVANCED_FACE('',(#5648),#5659,.T.);
#5648 = FACE_BOUND('',#5649,.T.);
#5649 = EDGE_LOOP('',(#5650,#5651,#5652,#5653));
#5650 = ORIENTED_EDGE('',*,*,#4901,.F.);
#5651 = ORIENTED_EDGE('',*,*,#5007,.F.);
#5652 = ORIENTED_EDGE('',*,*,#5555,.T.);
#5653 = ORIENTED_EDGE('',*,*,#5654,.F.);
#5654 = EDGE_CURVE('',#4894,#5556,#5655,.T.);
#5655 = LINE('',#5656,#5657);
#5656 = CARTESIAN_POINT('',(139.31604136756,40.95520255104,7.025));
#5657 = VECTOR('',#5658,1.);
#5658 = DIRECTION('',(-0.899658801379,-0.43659367964,0.));
#5659 = PLANE('',#5660);
#5660 = AXIS2_PLACEMENT_3D('',#5661,#5662,#5663);
#5661 = CARTESIAN_POINT('',(139.31604136756,40.95520255104,1.975));
#5662 = DIRECTION('',(-0.43659367964,0.899658801379,0.));
#5663 = DIRECTION('',(-0.899658801379,-0.43659367964,0.));
#5664 = ADVANCED_FACE('',(#5665),#5671,.F.);
#5665 = FACE_BOUND('',#5666,.F.);
#5666 = EDGE_LOOP('',(#5667,#5668,#5669,#5670));
#5667 = ORIENTED_EDGE('',*,*,#5654,.F.);
#5668 = ORIENTED_EDGE('',*,*,#4893,.T.);
#5669 = ORIENTED_EDGE('',*,*,#5591,.T.);
#5670 = ORIENTED_EDGE('',*,*,#5563,.F.);
#5671 = PLANE('',#5672);
#5672 = AXIS2_PLACEMENT_3D('',#5673,#5674,#5675);
#5673 = CARTESIAN_POINT('',(139.31604136756,40.95520255104,7.025));
#5674 = DIRECTION('',(0.,0.,1.));
#5675 = DIRECTION('',(-0.899658801379,-0.43659367964,0.));
#5676 = ADVANCED_FACE('',(#5677),#5698,.T.);
#5677 = FACE_BOUND('',#5678,.F.);
#5678 = EDGE_LOOP('',(#5679,#5680,#5681,#5682,#5683,#5684,#5685,#5686,
    #5687,#5688,#5689,#5690,#5691,#5692,#5693,#5694,#5695,#5696,#5697));
#5679 = ORIENTED_EDGE('',*,*,#5021,.T.);
#5680 = ORIENTED_EDGE('',*,*,#5052,.T.);
#5681 = ORIENTED_EDGE('',*,*,#5100,.T.);
#5682 = ORIENTED_EDGE('',*,*,#5150,.T.);
#5683 = ORIENTED_EDGE('',*,*,#5200,.T.);
#5684 = ORIENTED_EDGE('',*,*,#5250,.T.);
#5685 = ORIENTED_EDGE('',*,*,#5302,.T.);
#5686 = ORIENTED_EDGE('',*,*,#5354,.T.);
#5687 = ORIENTED_EDGE('',*,*,#5406,.T.);
#5688 = ORIENTED_EDGE('',*,*,#5456,.T.);
#5689 = ORIENTED_EDGE('',*,*,#5482,.T.);
#5690 = ORIENTED_EDGE('',*,*,#5432,.T.);
#5691 = ORIENTED_EDGE('',*,*,#5380,.T.);
#5692 = ORIENTED_EDGE('',*,*,#5328,.T.);
#5693 = ORIENTED_EDGE('',*,*,#5276,.T.);
#5694 = ORIENTED_EDGE('',*,*,#5224,.T.);
#5695 = ORIENTED_EDGE('',*,*,#5174,.T.);
#5696 = ORIENTED_EDGE('',*,*,#5124,.T.);
#5697 = ORIENTED_EDGE('',*,*,#5076,.T.);
#5698 = PLANE('',#5699);
#5699 = AXIS2_PLACEMENT_3D('',#5700,#5701,#5702);
#5700 = CARTESIAN_POINT('',(25.076543234741,5.868999336919,8.4));
#5701 = DIRECTION('',(0.,0.,1.));
#5702 = DIRECTION('',(0.975374397962,0.220555625182,0.));
#5703 = ( GEOMETRIC_REPRESENTATION_CONTEXT(3) 
GLOBAL_UNCERTAINTY_ASSIGNED_CONTEXT((#5707)) 
GLOBAL_UNIT_ASSIGNED_CONTEXT((#5704,#5705,#5706)) REPRESENTATION_CONTEXT
('Context #1','3D Context with UNIT and UNCERTAINTY') );
#5704 = ( LENGTH_UNIT() NAMED_UNIT(*) SI_UNIT(.MILLI.,.METRE.) );
#5705 = ( NAMED_UNIT(*) PLANE_ANGLE_UNIT() SI_UNIT($,.RADIAN.) );
#5706 = ( NAMED_UNIT(*) SI_UNIT($,.STERADIAN.) SOLID_ANGLE_UNIT() );
#5707 = UNCERTAINTY_MEASURE_WITH_UNIT(LENGTH_MEASURE(2.E-07),#5704,
  'distance_accuracy_value','confusion accuracy');
#5708 = PRODUCT_RELATED_PRODUCT_CATEGORY('part',$,(#7));
ENDSEC;
END-ISO-10303-21;
