ISO-10303-21;
HEADER;
FILE_DESCRIPTION(('FreeCAD Model'),'2;1');
FILE_NAME('Open CASCADE Shape Model','2026-10-06T23:34:19',('Author'),(
    ''),'Open CASCADE STEP processor 7.8','FreeCAD','Unknown');
FILE_SCHEMA(('AUTOMOTIVE_DESIGN { 1 0 10303 214 1 1 1 1 }'));
ENDSEC;
DATA;
#1 = APPLICATION_PROTOCOL_DEFINITION('international standard',
  'automotive_design',2000,#2);
#2 = APPLICATION_CONTEXT(
  'core data for automotive mechanical design processes');
#3 = SHAPE_DEFINITION_REPRESENTATION(#4,#10);
#4 = PRODUCT_DEFINITION_SHAPE('','',#5);
#5 = PRODUCT_DEFINITION('design','',#6,#9);
#6 = PRODUCT_DEFINITION_FORMATION('','',#7);
#7 = PRODUCT('FT1_FloorPegs','FT1_FloorPegs','',(#8));
#8 = PRODUCT_CONTEXT('',#2,'mechanical');
#9 = PRODUCT_DEFINITION_CONTEXT('part definition',#2,'design');
#10 = ADVANCED_BREP_SHAPE_REPRESENTATION('',(#11,#15),#7904);
#11 = AXIS2_PLACEMENT_3D('',#12,#13,#14);
#12 = CARTESIAN_POINT('',(0.,0.,0.));
#13 = DIRECTION('',(0.,0.,1.));
#14 = DIRECTION('',(1.,0.,-0.));
#15 = MANIFOLD_SOLID_BREP('',#16);
#16 = CLOSED_SHELL('',(#17,#57,#88,#2160,#2184,#2201,#2213,#2244,#2268,
    #2292,#2316,#2340,#2364,#2388,#2412,#2436,#2460,#2477,#2508,#2532,
    #2556,#2580,#2606,#2630,#2656,#2680,#2706,#2732,#2758,#2784,#2810,
    #2836,#2862,#2888,#2912,#2938,#2957,#2990,#3016,#3042,#3068,#3094,
    #3120,#3146,#3172,#3198,#3224,#3250,#3274,#3300,#3326,#3350,#3376,
    #3402,#3428,#3454,#3480,#3506,#3532,#3558,#3584,#3610,#3634,#3660,
    #3684,#3701,#3732,#3756,#3780,#3804,#3828,#3852,#3876,#3900,#3924,
    #3948,#3965,#3996,#4020,#4044,#4068,#4094,#4118,#4144,#4170,#4196,
    #4222,#4248,#4274,#4300,#4326,#4352,#4378,#4404,#4430,#4456,#4482,
    #4506,#4525,#4556,#4582,#4608,#4634,#4660,#4686,#4712,#4738,#4764,
    #4790,#4816,#4842,#4868,#4894,#4920,#4946,#4965,#4996,#5020,#5044,
    #5068,#5092,#5116,#5133,#5164,#5188,#5212,#5236,#5260,#5284,#5308,
    #5332,#5356,#5380,#5404,#5421,#5452,#5476,#5500,#5524,#5548,#5572,
    #5596,#5620,#5644,#5668,#5692,#5709,#5740,#5764,#5788,#5812,#5836,
    #5860,#5884,#5908,#5932,#5956,#5980,#5997,#6028,#6052,#6076,#6100,
    #6124,#6148,#6172,#6196,#6220,#6244,#6268,#6285,#6316,#6340,#6364,
    #6388,#6412,#6436,#6460,#6484,#6508,#6532,#6556,#6573,#6604,#6628,
    #6652,#6676,#6700,#6724,#6748,#6772,#6796,#6820,#6844,#6861,#6892,
    #6916,#6940,#6964,#6988,#7012,#7036,#7060,#7084,#7108,#7132,#7149,
    #7168,#7195,#7232,#7277,#7307,#7398,#7413,#7433,#7453,#7473,#7493,
    #7513,#7533,#7553,#7584,#7608,#7625,#7665,#7695,#7725,#7758,#7791,
    #7821,#7851,#7877,#7888));
#17 = ADVANCED_FACE('',(#18),#52,.F.);
#18 = FACE_BOUND('',#19,.F.);
#19 = EDGE_LOOP('',(#20,#30,#38,#46));
#20 = ORIENTED_EDGE('',*,*,#21,.F.);
#21 = EDGE_CURVE('',#22,#24,#26,.T.);
#22 = VERTEX_POINT('',#23);
#23 = CARTESIAN_POINT('',(0.,0.,0.));
#24 = VERTEX_POINT('',#25);
#25 = CARTESIAN_POINT('',(0.,0.,3.));
#26 = LINE('',#27,#28);
#27 = CARTESIAN_POINT('',(0.,0.,0.));
#28 = VECTOR('',#29,1.);
#29 = DIRECTION('',(0.,0.,1.));
#30 = ORIENTED_EDGE('',*,*,#31,.T.);
#31 = EDGE_CURVE('',#22,#32,#34,.T.);
#32 = VERTEX_POINT('',#33);
#33 = CARTESIAN_POINT('',(0.,20.,0.));
#34 = LINE('',#35,#36);
#35 = CARTESIAN_POINT('',(0.,0.,0.));
#36 = VECTOR('',#37,1.);
#37 = DIRECTION('',(-0.,1.,0.));
#38 = ORIENTED_EDGE('',*,*,#39,.T.);
#39 = EDGE_CURVE('',#32,#40,#42,.T.);
#40 = VERTEX_POINT('',#41);
#41 = CARTESIAN_POINT('',(0.,20.,3.));
#42 = LINE('',#43,#44);
#43 = CARTESIAN_POINT('',(0.,20.,0.));
#44 = VECTOR('',#45,1.);
#45 = DIRECTION('',(0.,0.,1.));
#46 = ORIENTED_EDGE('',*,*,#47,.F.);
#47 = EDGE_CURVE('',#24,#40,#48,.T.);
#48 = LINE('',#49,#50);
#49 = CARTESIAN_POINT('',(0.,0.,3.));
#50 = VECTOR('',#51,1.);
#51 = DIRECTION('',(-0.,1.,0.));
#52 = PLANE('',#53);
#53 = AXIS2_PLACEMENT_3D('',#54,#55,#56);
#54 = CARTESIAN_POINT('',(0.,0.,0.));
#55 = DIRECTION('',(1.,0.,-0.));
#56 = DIRECTION('',(0.,0.,1.));
#57 = ADVANCED_FACE('',(#58),#83,.F.);
#58 = FACE_BOUND('',#59,.F.);
#59 = EDGE_LOOP('',(#60,#68,#69,#77));
#60 = ORIENTED_EDGE('',*,*,#61,.F.);
#61 = EDGE_CURVE('',#22,#62,#64,.T.);
#62 = VERTEX_POINT('',#63);
#63 = CARTESIAN_POINT('',(86.,0.,0.));
#64 = LINE('',#65,#66);
#65 = CARTESIAN_POINT('',(0.,0.,0.));
#66 = VECTOR('',#67,1.);
#67 = DIRECTION('',(1.,0.,-0.));
#68 = ORIENTED_EDGE('',*,*,#21,.T.);
#69 = ORIENTED_EDGE('',*,*,#70,.T.);
#70 = EDGE_CURVE('',#24,#71,#73,.T.);
#71 = VERTEX_POINT('',#72);
#72 = CARTESIAN_POINT('',(86.,0.,3.));
#73 = LINE('',#74,#75);
#74 = CARTESIAN_POINT('',(0.,0.,3.));
#75 = VECTOR('',#76,1.);
#76 = DIRECTION('',(1.,0.,-0.));
#77 = ORIENTED_EDGE('',*,*,#78,.F.);
#78 = EDGE_CURVE('',#62,#71,#79,.T.);
#79 = LINE('',#80,#81);
#80 = CARTESIAN_POINT('',(86.,0.,0.));
#81 = VECTOR('',#82,1.);
#82 = DIRECTION('',(0.,0.,1.));
#83 = PLANE('',#84);
#84 = AXIS2_PLACEMENT_3D('',#85,#86,#87);
#85 = CARTESIAN_POINT('',(0.,0.,0.));
#86 = DIRECTION('',(-0.,1.,0.));
#87 = DIRECTION('',(0.,0.,1.));
#88 = ADVANCED_FACE('',(#89,#107,#197,#416,#782,#872,#1142,#1411,#1469,
    #1567,#1665,#1763,#1861,#1959,#2057),#2155,.T.);
#89 = FACE_BOUND('',#90,.T.);
#90 = EDGE_LOOP('',(#91,#92,#93,#101));
#91 = ORIENTED_EDGE('',*,*,#47,.F.);
#92 = ORIENTED_EDGE('',*,*,#70,.T.);
#93 = ORIENTED_EDGE('',*,*,#94,.T.);
#94 = EDGE_CURVE('',#71,#95,#97,.T.);
#95 = VERTEX_POINT('',#96);
#96 = CARTESIAN_POINT('',(86.,20.,3.));
#97 = LINE('',#98,#99);
#98 = CARTESIAN_POINT('',(86.,0.,3.));
#99 = VECTOR('',#100,1.);
#100 = DIRECTION('',(-0.,1.,0.));
#101 = ORIENTED_EDGE('',*,*,#102,.F.);
#102 = EDGE_CURVE('',#40,#95,#103,.T.);
#103 = LINE('',#104,#105);
#104 = CARTESIAN_POINT('',(0.,20.,3.));
#105 = VECTOR('',#106,1.);
#106 = DIRECTION('',(1.,0.,-0.));
#107 = FACE_BOUND('',#108,.T.);
#108 = EDGE_LOOP('',(#109,#119,#127,#135,#143,#151,#159,#167,#175,#183,
    #191));
#109 = ORIENTED_EDGE('',*,*,#110,.F.);
#110 = EDGE_CURVE('',#111,#113,#115,.T.);
#111 = VERTEX_POINT('',#112);
#112 = CARTESIAN_POINT('',(6.553271812081,3.286577181208,3.));
#113 = VERTEX_POINT('',#114);
#114 = CARTESIAN_POINT('',(5.697567114094,3.286577181208,3.));
#115 = LINE('',#116,#117);
#116 = CARTESIAN_POINT('',(2.848783557047,3.286577181208,3.));
#117 = VECTOR('',#118,1.);
#118 = DIRECTION('',(-1.,0.,0.));
#119 = ORIENTED_EDGE('',*,*,#120,.F.);
#120 = EDGE_CURVE('',#121,#111,#123,.T.);
#121 = VERTEX_POINT('',#122);
#122 = CARTESIAN_POINT('',(6.553271812081,5.724161073826,3.));
#123 = LINE('',#124,#125);
#124 = CARTESIAN_POINT('',(6.553271812081,1.643288590604,3.));
#125 = VECTOR('',#126,1.);
#126 = DIRECTION('',(0.,-1.,0.));
#127 = ORIENTED_EDGE('',*,*,#128,.F.);
#128 = EDGE_CURVE('',#129,#121,#131,.T.);
#129 = VERTEX_POINT('',#130);
#130 = CARTESIAN_POINT('',(5.674916107383,5.541610738255,3.));
#131 = LINE('',#132,#133);
#132 = CARTESIAN_POINT('',(2.842104783966,4.952862176674,3.));
#133 = VECTOR('',#134,1.);
#134 = DIRECTION('',(0.979078331663,0.203483710573,-0.));
#135 = ORIENTED_EDGE('',*,*,#136,.F.);
#136 = EDGE_CURVE('',#137,#129,#139,.T.);
#137 = VERTEX_POINT('',#138);
#138 = CARTESIAN_POINT('',(5.674916107383,6.196644295302,3.));
#139 = LINE('',#140,#141);
#140 = CARTESIAN_POINT('',(5.674916107383,2.770805369128,3.));
#141 = VECTOR('',#142,1.);
#142 = DIRECTION('',(0.,-1.,0.));
#143 = ORIENTED_EDGE('',*,*,#144,.F.);
#144 = EDGE_CURVE('',#145,#137,#147,.T.);
#145 = VERTEX_POINT('',#146);
#146 = CARTESIAN_POINT('',(6.548238255034,6.379194630872,3.));
#147 = LINE('',#148,#149);
#148 = CARTESIAN_POINT('',(2.335717559605,5.498652360627,3.));
#149 = VECTOR('',#150,1.);
#150 = DIRECTION('',(-0.978844086222,-0.204607563076,0.));
#151 = ORIENTED_EDGE('',*,*,#152,.F.);
#152 = EDGE_CURVE('',#153,#145,#155,.T.);
#153 = VERTEX_POINT('',#154);
#154 = CARTESIAN_POINT('',(7.469379194631,6.379194630872,3.));
#155 = LINE('',#156,#157);
#156 = CARTESIAN_POINT('',(3.274119127517,6.379194630872,3.));
#157 = VECTOR('',#158,1.);
#158 = DIRECTION('',(-1.,0.,0.));
#159 = ORIENTED_EDGE('',*,*,#160,.F.);
#160 = EDGE_CURVE('',#161,#153,#163,.T.);
#161 = VERTEX_POINT('',#162);
#162 = CARTESIAN_POINT('',(7.469379194631,3.286577181208,3.));
#163 = LINE('',#164,#165);
#164 = CARTESIAN_POINT('',(7.469379194631,3.189597315436,3.));
#165 = VECTOR('',#166,1.);
#166 = DIRECTION('',(0.,1.,0.));
#167 = ORIENTED_EDGE('',*,*,#168,.F.);
#168 = EDGE_CURVE('',#169,#161,#171,.T.);
#169 = VERTEX_POINT('',#170);
#170 = CARTESIAN_POINT('',(8.325083892617,3.286577181208,3.));
#171 = LINE('',#172,#173);
#172 = CARTESIAN_POINT('',(3.734689597315,3.286577181208,3.));
#173 = VECTOR('',#174,1.);
#174 = DIRECTION('',(-1.,0.,0.));
#175 = ORIENTED_EDGE('',*,*,#176,.F.);
#176 = EDGE_CURVE('',#177,#169,#179,.T.);
#177 = VERTEX_POINT('',#178);
#178 = CARTESIAN_POINT('',(8.325083892617,2.620805369128,3.));
#179 = LINE('',#180,#181);
#180 = CARTESIAN_POINT('',(8.325083892617,1.643288590604,3.));
#181 = VECTOR('',#182,1.);
#182 = DIRECTION('',(0.,1.,0.));
#183 = ORIENTED_EDGE('',*,*,#184,.F.);
#184 = EDGE_CURVE('',#185,#177,#187,.T.);
#185 = VERTEX_POINT('',#186);
#186 = CARTESIAN_POINT('',(5.697567114094,2.620805369128,3.));
#187 = LINE('',#188,#189);
#188 = CARTESIAN_POINT('',(4.162541946309,2.620805369128,3.));
#189 = VECTOR('',#190,1.);
#190 = DIRECTION('',(1.,0.,-0.));
#191 = ORIENTED_EDGE('',*,*,#192,.F.);
#192 = EDGE_CURVE('',#113,#185,#193,.T.);
#193 = LINE('',#194,#195);
#194 = CARTESIAN_POINT('',(5.697567114094,1.310402684564,3.));
#195 = VECTOR('',#196,1.);
#196 = DIRECTION('',(0.,-1.,0.));
#197 = FACE_BOUND('',#198,.T.);
#198 = EDGE_LOOP('',(#199,#209,#217,#225,#233,#241,#252,#265,#280,#295,
    #306,#317,#325,#336,#347,#364,#383,#398,#410));
#199 = ORIENTED_EDGE('',*,*,#200,.F.);
#200 = EDGE_CURVE('',#201,#203,#205,.T.);
#201 = VERTEX_POINT('',#202);
#202 = CARTESIAN_POINT('',(20.365352348993,3.297315436242,3.));
#203 = VERTEX_POINT('',#204);
#204 = CARTESIAN_POINT('',(18.71182885906,3.297315436242,3.));
#205 = LINE('',#206,#207);
#206 = CARTESIAN_POINT('',(9.35591442953,3.297315436242,3.));
#207 = VECTOR('',#208,1.);
#208 = DIRECTION('',(-1.,0.,0.));
#209 = ORIENTED_EDGE('',*,*,#210,.F.);
#210 = EDGE_CURVE('',#211,#201,#213,.T.);
#211 = VERTEX_POINT('',#212);
#212 = CARTESIAN_POINT('',(20.365352348993,2.588590604027,3.));
#213 = LINE('',#214,#215);
#214 = CARTESIAN_POINT('',(20.365352348993,1.648657718121,3.));
#215 = VECTOR('',#216,1.);
#216 = DIRECTION('',(0.,1.,0.));
#217 = ORIENTED_EDGE('',*,*,#218,.F.);
#218 = EDGE_CURVE('',#219,#211,#221,.T.);
#219 = VERTEX_POINT('',#220);
#220 = CARTESIAN_POINT('',(17.634647651007,2.588590604027,3.));
#221 = LINE('',#222,#223);
#222 = CARTESIAN_POINT('',(10.182676174497,2.588590604027,3.));
#223 = VECTOR('',#224,1.);
#224 = DIRECTION('',(1.,0.,-0.));
#225 = ORIENTED_EDGE('',*,*,#226,.F.);
#226 = EDGE_CURVE('',#227,#219,#229,.T.);
#227 = VERTEX_POINT('',#228);
#228 = CARTESIAN_POINT('',(17.634647651007,3.297315436242,3.));
#229 = LINE('',#230,#231);
#230 = CARTESIAN_POINT('',(17.634647651007,1.294295302013,3.));
#231 = VECTOR('',#232,1.);
#232 = DIRECTION('',(0.,-1.,0.));
#233 = ORIENTED_EDGE('',*,*,#234,.F.);
#234 = EDGE_CURVE('',#235,#227,#237,.T.);
#235 = VERTEX_POINT('',#236);
#236 = CARTESIAN_POINT('',(19.006291946309,4.505201342282,3.));
#237 = LINE('',#238,#239);
#238 = CARTESIAN_POINT('',(11.850764236431,-1.796039511958,3.));
#239 = VECTOR('',#240,1.);
#240 = DIRECTION('',(-0.750485828524,-0.66088654184,0.));
#241 = ORIENTED_EDGE('',*,*,#242,.F.);
#242 = EDGE_CURVE('',#243,#235,#245,.T.);
#243 = VERTEX_POINT('',#244);
#244 = CARTESIAN_POINT('',(19.278104026846,4.829697986577,3.));
#245 = B_SPLINE_CURVE_WITH_KNOTS('',5,(#246,#247,#248,#249,#250,#251),
  .UNSPECIFIED.,.F.,.F.,(6,6),(0.,1.),.PIECEWISE_BEZIER_KNOTS.);
#246 = CARTESIAN_POINT('',(19.278104026846,4.829697986577,3.));
#247 = CARTESIAN_POINT('',(19.242089363543,4.764940191991,3.));
#248 = CARTESIAN_POINT('',(19.19639627756,4.699939754703,3.));
#249 = CARTESIAN_POINT('',(19.141463003452,4.634885056063,3.));
#250 = CARTESIAN_POINT('',(19.077887409584,4.569931487161,3.));
#251 = CARTESIAN_POINT('',(19.006291946309,4.505201342282,3.));
#252 = ORIENTED_EDGE('',*,*,#253,.F.);
#253 = EDGE_CURVE('',#254,#243,#256,.T.);
#254 = VERTEX_POINT('',#255);
#255 = CARTESIAN_POINT('',(19.366191275168,5.159395973154,3.));
#256 = B_SPLINE_CURVE_WITH_KNOTS('',4,(#257,#258,#259,#260,#261,#262,
    #263,#264),.UNSPECIFIED.,.F.,.F.,(5,3,5),(0.,0.272572784169,1.),
  .UNSPECIFIED.);
#257 = CARTESIAN_POINT('',(19.366191275168,5.159395973154,3.));
#258 = CARTESIAN_POINT('',(19.366191275168,5.13605160501,3.));
#259 = CARTESIAN_POINT('',(19.365098633913,5.112846953349,3.));
#260 = CARTESIAN_POINT('',(19.362909893034,5.089790676813,3.));
#261 = CARTESIAN_POINT('',(19.350862936819,5.005777183625,3.));
#262 = CARTESIAN_POINT('',(19.334300728524,4.945777383325,3.));
#263 = CARTESIAN_POINT('',(19.309964990763,4.887047721629,3.));
#264 = CARTESIAN_POINT('',(19.278104026846,4.829697986577,3.));
#265 = ORIENTED_EDGE('',*,*,#266,.F.);
#266 = EDGE_CURVE('',#267,#254,#269,.T.);
#267 = VERTEX_POINT('',#268);
#268 = CARTESIAN_POINT('',(19.188674496644,5.584563758389,3.));
#269 = B_SPLINE_CURVE_WITH_KNOTS('',5,(#270,#271,#272,#273,#274,#275,
    #276,#277,#278,#279),.UNSPECIFIED.,.F.,.F.,(6,4,6),(0.,0.35047226179
    ,1.),.UNSPECIFIED.);
#270 = CARTESIAN_POINT('',(19.188674496644,5.584563758389,3.));
#271 = CARTESIAN_POINT('',(19.213526183788,5.56203751267,3.));
#272 = CARTESIAN_POINT('',(19.236309182894,5.538149647322,3.));
#273 = CARTESIAN_POINT('',(19.25695246254,5.512908331968,3.));
#274 = CARTESIAN_POINT('',(19.275408097712,5.486338074444,3.));
#275 = CARTESIAN_POINT('',(19.321754624549,5.406850033089,3.));
#276 = CARTESIAN_POINT('',(19.344263296061,5.350790051949,3.));
#277 = CARTESIAN_POINT('',(19.359013095074,5.290572585705,3.));
#278 = CARTESIAN_POINT('',(19.366191275168,5.226613349865,3.));
#279 = CARTESIAN_POINT('',(19.366191275168,5.159395973154,3.));
#280 = ORIENTED_EDGE('',*,*,#281,.F.);
#281 = EDGE_CURVE('',#282,#267,#284,.T.);
#282 = VERTEX_POINT('',#283);
#283 = CARTESIAN_POINT('',(18.716862416107,5.745637583893,3.));
#284 = B_SPLINE_CURVE_WITH_KNOTS('',5,(#285,#286,#287,#288,#289,#290,
    #291,#292,#293,#294),.UNSPECIFIED.,.F.,.F.,(6,4,6),(0.,
    0.870759233454,1.),.UNSPECIFIED.);
#285 = CARTESIAN_POINT('',(18.716862416107,5.745637583893,3.));
#286 = CARTESIAN_POINT('',(18.816114778379,5.745637583893,3.));
#287 = CARTESIAN_POINT('',(18.909226619712,5.734199849158,3.));
#288 = CARTESIAN_POINT('',(18.994947598996,5.710324218923,3.));
#289 = CARTESIAN_POINT('',(19.072145880719,5.673435758748,3.));
#290 = CARTESIAN_POINT('',(19.150299958336,5.616663640696,3.));
#291 = CARTESIAN_POINT('',(19.160199549034,5.60904972975,3.));
#292 = CARTESIAN_POINT('',(19.169896161882,5.601160540795,3.));
#293 = CARTESIAN_POINT('',(19.179388230274,5.592997831914,3.));
#294 = CARTESIAN_POINT('',(19.188674496644,5.584563758389,3.));
#295 = ORIENTED_EDGE('',*,*,#296,.F.);
#296 = EDGE_CURVE('',#297,#282,#299,.T.);
#297 = VERTEX_POINT('',#298);
#298 = CARTESIAN_POINT('',(18.22105704698,5.648322147651,3.));
#299 = B_SPLINE_CURVE_WITH_KNOTS('',5,(#300,#301,#302,#303,#304,#305),
  .UNSPECIFIED.,.F.,.F.,(6,6),(0.,1.),.PIECEWISE_BEZIER_KNOTS.);
#300 = CARTESIAN_POINT('',(18.22105704698,5.648322147651,3.));
#301 = CARTESIAN_POINT('',(18.325932083611,5.686220914782,3.));
#302 = CARTESIAN_POINT('',(18.428368793735,5.715479309122,3.));
#303 = CARTESIAN_POINT('',(18.527961021051,5.735473213702,3.));
#304 = CARTESIAN_POINT('',(18.624266410627,5.745637583893,3.));
#305 = CARTESIAN_POINT('',(18.716862416107,5.745637583893,3.));
#306 = ORIENTED_EDGE('',*,*,#307,.F.);
#307 = EDGE_CURVE('',#308,#297,#310,.T.);
#308 = VERTEX_POINT('',#309);
#309 = CARTESIAN_POINT('',(17.644714765101,5.359060402685,3.));
#310 = B_SPLINE_CURVE_WITH_KNOTS('',5,(#311,#312,#313,#314,#315,#316),
  .UNSPECIFIED.,.F.,.F.,(6,6),(0.,1.),.PIECEWISE_BEZIER_KNOTS.);
#311 = CARTESIAN_POINT('',(17.644714765101,5.359060402685,3.));
#312 = CARTESIAN_POINT('',(17.763197155231,5.433128082635,3.));
#313 = CARTESIAN_POINT('',(17.880396766185,5.499783245527,3.));
#314 = CARTESIAN_POINT('',(17.996025594706,5.558349573279,3.));
#315 = CARTESIAN_POINT('',(18.109717741018,5.60808738288,3.));
#316 = CARTESIAN_POINT('',(18.22105704698,5.648322147651,3.));
#317 = ORIENTED_EDGE('',*,*,#318,.F.);
#318 = EDGE_CURVE('',#319,#308,#321,.T.);
#319 = VERTEX_POINT('',#320);
#320 = CARTESIAN_POINT('',(17.644714765101,6.185906040268,3.));
#321 = LINE('',#322,#323);
#322 = CARTESIAN_POINT('',(17.644714765101,2.679530201342,3.));
#323 = VECTOR('',#324,1.);
#324 = DIRECTION('',(0.,-1.,0.));
#325 = ORIENTED_EDGE('',*,*,#326,.F.);
#326 = EDGE_CURVE('',#327,#319,#329,.T.);
#327 = VERTEX_POINT('',#328);
#328 = CARTESIAN_POINT('',(18.291526845638,6.353691275168,3.));
#329 = B_SPLINE_CURVE_WITH_KNOTS('',5,(#330,#331,#332,#333,#334,#335),
  .UNSPECIFIED.,.F.,.F.,(6,6),(0.,1.),.PIECEWISE_BEZIER_KNOTS.);
#330 = CARTESIAN_POINT('',(18.291526845638,6.353691275168,3.));
#331 = CARTESIAN_POINT('',(18.162532533743,6.330465527672,3.));
#332 = CARTESIAN_POINT('',(18.033267873202,6.301966493297,3.));
#333 = CARTESIAN_POINT('',(17.903822241531,6.268291007636,3.));
#334 = CARTESIAN_POINT('',(17.77427890264,6.229559188147,3.));
#335 = CARTESIAN_POINT('',(17.644714765101,6.185906040268,3.));
#336 = ORIENTED_EDGE('',*,*,#337,.F.);
#337 = EDGE_CURVE('',#338,#327,#340,.T.);
#338 = VERTEX_POINT('',#339);
#339 = CARTESIAN_POINT('',(18.918204697987,6.411409395973,3.));
#340 = B_SPLINE_CURVE_WITH_KNOTS('',5,(#341,#342,#343,#344,#345,#346),
  .UNSPECIFIED.,.F.,.F.,(6,6),(0.,1.),.PIECEWISE_BEZIER_KNOTS.);
#341 = CARTESIAN_POINT('',(18.918204697987,6.411409395973,3.));
#342 = CARTESIAN_POINT('',(18.794493875986,6.411409395973,3.));
#343 = CARTESIAN_POINT('',(18.66985557588,6.405553435765,3.));
#344 = CARTESIAN_POINT('',(18.544406117233,6.393907661138,3.));
#345 = CARTESIAN_POINT('',(18.41825967114,6.376576362818,3.));
#346 = CARTESIAN_POINT('',(18.291526845638,6.353691275168,3.));
#347 = ORIENTED_EDGE('',*,*,#348,.F.);
#348 = EDGE_CURVE('',#349,#338,#351,.T.);
#349 = VERTEX_POINT('',#350);
#350 = CARTESIAN_POINT('',(19.966359060403,6.114093959732,3.));
#351 = B_SPLINE_CURVE_WITH_KNOTS('',6,(#352,#353,#354,#355,#356,#357,
    #358,#359,#360,#361,#362,#363),.UNSPECIFIED.,.F.,.F.,(7,5,7),(0.,
    0.476753394118,1.),.UNSPECIFIED.);
#352 = CARTESIAN_POINT('',(19.966359060403,6.114093959732,3.));
#353 = CARTESIAN_POINT('',(19.902100364373,6.165223914543,3.));
#354 = CARTESIAN_POINT('',(19.832829983685,6.210818265701,3.));
#355 = CARTESIAN_POINT('',(19.758982985485,6.250712202475,3.));
#356 = CARTESIAN_POINT('',(19.681094579177,6.284989789452,3.));
#357 = CARTESIAN_POINT('',(19.599721829407,6.31387689972,3.));
#358 = CARTESIAN_POINT('',(19.422842688556,6.363791759471,3.));
#359 = CARTESIAN_POINT('',(19.326724018927,6.383780466408,3.));
#360 = CARTESIAN_POINT('',(19.227682945927,6.398051246084,3.));
#361 = CARTESIAN_POINT('',(19.126296970506,6.40710105445,3.));
#362 = CARTESIAN_POINT('',(19.02302712438,6.411409395973,3.));
#363 = CARTESIAN_POINT('',(18.918204697987,6.411409395973,3.));
#364 = ORIENTED_EDGE('',*,*,#365,.F.);
#365 = EDGE_CURVE('',#366,#349,#368,.T.);
#366 = VERTEX_POINT('',#367);
#367 = CARTESIAN_POINT('',(20.340184563758,5.285234899329,3.));
#368 = B_SPLINE_CURVE_WITH_KNOTS('',5,(#369,#370,#371,#372,#373,#374,
    #375,#376,#377,#378,#379,#380,#381,#382),.UNSPECIFIED.,.F.,.F.,(6,4,
    4,6),(0.,0.220027553948,0.644397392163,1.),.UNSPECIFIED.);
#369 = CARTESIAN_POINT('',(20.340184563758,5.285234899329,3.));
#370 = CARTESIAN_POINT('',(20.340184563758,5.329313807126,3.));
#371 = CARTESIAN_POINT('',(20.338578869781,5.372920019366,3.));
#372 = CARTESIAN_POINT('',(20.335289650378,5.415981373922,3.));
#373 = CARTESIAN_POINT('',(20.330243546073,5.458416387344,3.));
#374 = CARTESIAN_POINT('',(20.310152006792,5.580607873781,3.));
#375 = CARTESIAN_POINT('',(20.290169339664,5.658442961389,3.));
#376 = CARTESIAN_POINT('',(20.263027281074,5.732975984995,3.));
#377 = CARTESIAN_POINT('',(20.228556660408,5.803571822214,3.));
#378 = CARTESIAN_POINT('',(20.152298049058,5.925200970146,3.));
#379 = CARTESIAN_POINT('',(20.112592585631,5.977564000038,3.));
#380 = CARTESIAN_POINT('',(20.068122377547,6.026556050459,3.));
#381 = CARTESIAN_POINT('',(20.019232155281,6.072066019413,3.));
#382 = CARTESIAN_POINT('',(19.966359060403,6.114093959732,3.));
#383 = ORIENTED_EDGE('',*,*,#384,.F.);
#384 = EDGE_CURVE('',#385,#366,#387,.T.);
#385 = VERTEX_POINT('',#386);
#386 = CARTESIAN_POINT('',(20.181627516779,4.712248322148,3.));
#387 = B_SPLINE_CURVE_WITH_KNOTS('',5,(#388,#389,#390,#391,#392,#393,
    #394,#395,#396,#397),.UNSPECIFIED.,.F.,.F.,(6,4,6),(0.,
    0.525172440085,1.),.UNSPECIFIED.);
#388 = CARTESIAN_POINT('',(20.181627516779,4.712248322148,3.));
#389 = CARTESIAN_POINT('',(20.21468505304,4.767659049596,3.));
#390 = CARTESIAN_POINT('',(20.243611599893,4.824491698609,3.));
#391 = CARTESIAN_POINT('',(20.268260212667,4.882678406156,3.));
#392 = CARTESIAN_POINT('',(20.288536325475,4.942129841373,3.));
#393 = CARTESIAN_POINT('',(20.318762215767,5.057523553532,3.));
#394 = CARTESIAN_POINT('',(20.329515624306,5.113257447469,3.));
#395 = CARTESIAN_POINT('',(20.33664935493,5.169848737434,3.));
#396 = CARTESIAN_POINT('',(20.340184563758,5.227206825577,3.));
#397 = CARTESIAN_POINT('',(20.340184563758,5.285234899329,3.));
#398 = ORIENTED_EDGE('',*,*,#399,.F.);
#399 = EDGE_CURVE('',#400,#385,#402,.T.);
#400 = VERTEX_POINT('',#401);
#401 = CARTESIAN_POINT('',(19.514681208054,4.000503355705,3.));
#402 = B_SPLINE_CURVE_WITH_KNOTS('',6,(#403,#404,#405,#406,#407,#408,
    #409),.UNSPECIFIED.,.F.,.F.,(7,7),(0.,1.),.PIECEWISE_BEZIER_KNOTS.);
#403 = CARTESIAN_POINT('',(19.514681208054,4.000503355705,3.));
#404 = CARTESIAN_POINT('',(19.656645504383,4.125038372089,3.));
#405 = CARTESIAN_POINT('',(19.790401094986,4.248298998908,3.));
#406 = CARTESIAN_POINT('',(19.91486570521,4.370615699307,3.));
#407 = CARTESIAN_POINT('',(20.026318159336,4.490796610753,3.));
#408 = CARTESIAN_POINT('',(20.118300949514,4.60610093321,3.));
#409 = CARTESIAN_POINT('',(20.181627516779,4.712248322148,3.));
#410 = ORIENTED_EDGE('',*,*,#411,.F.);
#411 = EDGE_CURVE('',#203,#400,#412,.T.);
#412 = LINE('',#413,#414);
#413 = CARTESIAN_POINT('',(13.001715690281,-1.703956097793,3.));
#414 = VECTOR('',#415,1.);
#415 = DIRECTION('',(0.752255226589,0.65887181915,-0.));
#416 = FACE_BOUND('',#417,.T.);
#417 = EDGE_LOOP('',(#418,#435,#452,#471,#488,#498,#508,#516,#527,#538,
    #550,#565,#580,#592,#600,#608,#616,#628,#643,#658,#670,#680,#690,
    #698,#708,#718,#735,#754,#769));
#418 = ORIENTED_EDGE('',*,*,#419,.F.);
#419 = EDGE_CURVE('',#420,#422,#424,.T.);
#420 = VERTEX_POINT('',#421);
#421 = CARTESIAN_POINT('',(32.218036912752,4.30855704698,3.));
#422 = VERTEX_POINT('',#423);
#423 = CARTESIAN_POINT('',(31.640520134228,4.649496644295,3.));
#424 = B_SPLINE_CURVE_WITH_KNOTS('',5,(#425,#426,#427,#428,#429,#430,
    #431,#432,#433,#434),.UNSPECIFIED.,.F.,.F.,(6,4,6),(0.,
    0.492450394655,1.),.UNSPECIFIED.);
#425 = CARTESIAN_POINT('',(32.218036912752,4.30855704698,3.));
#426 = CARTESIAN_POINT('',(32.178098037514,4.357657771253,3.));
#427 = CARTESIAN_POINT('',(32.133504186025,4.40304712332,3.));
#428 = CARTESIAN_POINT('',(32.084399716314,4.444558365821,3.));
#429 = CARTESIAN_POINT('',(32.03104204277,4.482149370767,3.));
#430 = CARTESIAN_POINT('',(31.9147223083,4.550616152454,3.));
#431 = CARTESIAN_POINT('',(31.851511680113,4.581252998435,3.));
#432 = CARTESIAN_POINT('',(31.784481451265,4.607830079019,3.));
#433 = CARTESIAN_POINT('',(31.71402751301,4.630511294809,3.));
#434 = CARTESIAN_POINT('',(31.640520134228,4.649496644295,3.));
#435 = ORIENTED_EDGE('',*,*,#436,.F.);
#436 = EDGE_CURVE('',#437,#420,#439,.T.);
#437 = VERTEX_POINT('',#438);
#438 = CARTESIAN_POINT('',(32.415687919463,3.690771812081,3.));
#439 = B_SPLINE_CURVE_WITH_KNOTS('',6,(#440,#441,#442,#443,#444,#445,
    #446,#447,#448,#449,#450,#451),.UNSPECIFIED.,.F.,.F.,(7,5,7),(0.,
    0.878140094649,1.),.UNSPECIFIED.);
#440 = CARTESIAN_POINT('',(32.415687919463,3.690771812081,3.));
#441 = CARTESIAN_POINT('',(32.415687919463,3.796101392108,3.));
#442 = CARTESIAN_POINT('',(32.406331888615,3.897469992868,3.));
#443 = CARTESIAN_POINT('',(32.38685497782,3.993993524758,3.));
#444 = CARTESIAN_POINT('',(32.356683134847,4.084791791363,3.));
#445 = CARTESIAN_POINT('',(32.315607493407,4.169084042288,3.));
#446 = CARTESIAN_POINT('',(32.256855805397,4.257030524494,3.));
#447 = CARTESIAN_POINT('',(32.249493533836,4.267612071493,3.));
#448 = CARTESIAN_POINT('',(32.241929364765,4.278056666642,3.));
#449 = CARTESIAN_POINT('',(32.234164360505,4.288363080724,3.));
#450 = CARTESIAN_POINT('',(32.226199746787,4.298530204154,3.));
#451 = CARTESIAN_POINT('',(32.218036912752,4.30855704698,3.));
#452 = ORIENTED_EDGE('',*,*,#453,.F.);
#453 = EDGE_CURVE('',#454,#437,#456,.T.);
#454 = VERTEX_POINT('',#455);
#455 = CARTESIAN_POINT('',(31.98783557047,2.841610738255,3.));
#456 = B_SPLINE_CURVE_WITH_KNOTS('',5,(#457,#458,#459,#460,#461,#462,
    #463,#464,#465,#466,#467,#468,#469,#470),.UNSPECIFIED.,.F.,.F.,(6,4,
    4,6),(0.,0.409428489586,0.797495903705,1.),.UNSPECIFIED.);
#457 = CARTESIAN_POINT('',(31.98783557047,2.841610738255,3.));
#458 = CARTESIAN_POINT('',(32.056499222924,2.888248168079,3.));
#459 = CARTESIAN_POINT('',(32.119697399904,2.940164710878,3.));
#460 = CARTESIAN_POINT('',(32.176509537052,2.997478259163,3.));
#461 = CARTESIAN_POINT('',(32.226150347772,3.060069106766,3.));
#462 = CARTESIAN_POINT('',(32.308179025744,3.191128723374,3.));
#463 = CARTESIAN_POINT('',(32.341346443707,3.259143593309,3.));
#464 = CARTESIAN_POINT('',(32.367454751218,3.33091121309,3.));
#465 = CARTESIAN_POINT('',(32.38667600487,3.405793020401,3.));
#466 = CARTESIAN_POINT('',(32.406068387505,3.523476606034,3.));
#467 = CARTESIAN_POINT('',(32.41095477137,3.564502072455,3.));
#468 = CARTESIAN_POINT('',(32.414136401102,3.60611235292,3.));
#469 = CARTESIAN_POINT('',(32.415687919463,3.6482260161,3.));
#470 = CARTESIAN_POINT('',(32.415687919463,3.690771812081,3.));
#471 = ORIENTED_EDGE('',*,*,#472,.F.);
#472 = EDGE_CURVE('',#473,#454,#475,.T.);
#473 = VERTEX_POINT('',#474);
#474 = CARTESIAN_POINT('',(30.739513422819,2.551006711409,3.));
#475 = B_SPLINE_CURVE_WITH_KNOTS('',6,(#476,#477,#478,#479,#480,#481,
    #482,#483,#484,#485,#486,#487),.UNSPECIFIED.,.F.,.F.,(7,5,7),(0.,
    0.537355717675,1.),.UNSPECIFIED.);
#476 = CARTESIAN_POINT('',(30.739513422819,2.551006711409,3.));
#477 = CARTESIAN_POINT('',(30.865227383058,2.551006711409,3.));
#478 = CARTESIAN_POINT('',(30.989419011875,2.555100153106,3.));
#479 = CARTESIAN_POINT('',(31.111780104683,2.563776840834,3.));
#480 = CARTESIAN_POINT('',(31.231802574554,2.57762761801,3.));
#481 = CARTESIAN_POINT('',(31.348780034614,2.597340438021,3.));
#482 = CARTESIAN_POINT('',(31.55915990167,2.646315966212,3.));
#483 = CARTESIAN_POINT('',(31.653562787745,2.6738659187,3.));
#484 = CARTESIAN_POINT('',(31.74444191426,2.706771136433,3.));
#485 = CARTESIAN_POINT('',(31.831030663716,2.745488891278,3.));
#486 = CARTESIAN_POINT('',(31.91244265962,2.790402690572,3.));
#487 = CARTESIAN_POINT('',(31.98783557047,2.841610738255,3.));
#488 = ORIENTED_EDGE('',*,*,#489,.F.);
#489 = EDGE_CURVE('',#490,#473,#492,.T.);
#490 = VERTEX_POINT('',#491);
#491 = CARTESIAN_POINT('',(30.159312080537,2.596644295302,3.));
#492 = B_SPLINE_CURVE_WITH_KNOTS('',4,(#493,#494,#495,#496,#497),
  .UNSPECIFIED.,.F.,.F.,(5,5),(0.,1.),.PIECEWISE_BEZIER_KNOTS.);
#493 = CARTESIAN_POINT('',(30.159312080537,2.596644295302,3.));
#494 = CARTESIAN_POINT('',(30.304313316465,2.573885878584,3.));
#495 = CARTESIAN_POINT('',(30.449446479213,2.558637769948,3.));
#496 = CARTESIAN_POINT('',(30.594564147483,2.551006711409,3.));
#497 = CARTESIAN_POINT('',(30.739513422819,2.551006711409,3.));
#498 = ORIENTED_EDGE('',*,*,#499,.F.);
#499 = EDGE_CURVE('',#500,#490,#502,.T.);
#500 = VERTEX_POINT('',#501);
#501 = CARTESIAN_POINT('',(29.584312080537,2.73355704698,3.));
#502 = B_SPLINE_CURVE_WITH_KNOTS('',4,(#503,#504,#505,#506,#507),
  .UNSPECIFIED.,.F.,.F.,(5,5),(0.,1.),.PIECEWISE_BEZIER_KNOTS.);
#503 = CARTESIAN_POINT('',(29.584312080537,2.73355704698,3.));
#504 = CARTESIAN_POINT('',(29.726154635896,2.688033536587,3.));
#505 = CARTESIAN_POINT('',(29.86936068147,2.64997100037,3.));
#506 = CARTESIAN_POINT('',(30.013797551155,2.619496461579,3.));
#507 = CARTESIAN_POINT('',(30.159312080537,2.596644295302,3.));
#508 = ORIENTED_EDGE('',*,*,#509,.F.);
#509 = EDGE_CURVE('',#510,#500,#512,.T.);
#510 = VERTEX_POINT('',#511);
#511 = CARTESIAN_POINT('',(29.584312080537,3.485234899329,3.));
#512 = LINE('',#513,#514);
#513 = CARTESIAN_POINT('',(29.584312080537,1.36677852349,3.));
#514 = VECTOR('',#515,1.);
#515 = DIRECTION('',(0.,-1.,0.));
#516 = ORIENTED_EDGE('',*,*,#517,.F.);
#517 = EDGE_CURVE('',#518,#510,#520,.T.);
#518 = VERTEX_POINT('',#519);
#519 = CARTESIAN_POINT('',(30.124077181208,3.276510067114,3.));
#520 = B_SPLINE_CURVE_WITH_KNOTS('',5,(#521,#522,#523,#524,#525,#526),
  .UNSPECIFIED.,.F.,.F.,(6,6),(0.,1.),.PIECEWISE_BEZIER_KNOTS.);
#521 = CARTESIAN_POINT('',(30.124077181208,3.276510067114,3.));
#522 = CARTESIAN_POINT('',(30.015700430907,3.305012405954,3.));
#523 = CARTESIAN_POINT('',(29.907415829747,3.340317344173,3.));
#524 = CARTESIAN_POINT('',(29.799350636539,3.382268691276,3.));
#525 = CARTESIAN_POINT('',(29.691616827245,3.430655201003,3.));
#526 = CARTESIAN_POINT('',(29.584312080537,3.485234899329,3.));
#527 = ORIENTED_EDGE('',*,*,#528,.F.);
#528 = EDGE_CURVE('',#529,#518,#531,.T.);
#529 = VERTEX_POINT('',#530);
#530 = CARTESIAN_POINT('',(30.651426174497,3.206040268456,3.));
#531 = B_SPLINE_CURVE_WITH_KNOTS('',5,(#532,#533,#534,#535,#536,#537),
  .UNSPECIFIED.,.F.,.F.,(6,6),(0.,1.),.PIECEWISE_BEZIER_KNOTS.);
#532 = CARTESIAN_POINT('',(30.651426174497,3.206040268456,3.));
#533 = CARTESIAN_POINT('',(30.547086458532,3.206040268456,3.));
#534 = CARTESIAN_POINT('',(30.44203621212,3.213175661112,3.));
#535 = CARTESIAN_POINT('',(30.336422837813,3.227394507103,3.));
#536 = CARTESIAN_POINT('',(30.23039018849,3.248567975087,3.));
#537 = CARTESIAN_POINT('',(30.124077181208,3.276510067114,3.));
#538 = ORIENTED_EDGE('',*,*,#539,.F.);
#539 = EDGE_CURVE('',#540,#529,#542,.T.);
#540 = VERTEX_POINT('',#541);
#541 = CARTESIAN_POINT('',(31.241526845638,3.339932885906,3.));
#542 = B_SPLINE_CURVE_WITH_KNOTS('',6,(#543,#544,#545,#546,#547,#548,
    #549),.UNSPECIFIED.,.F.,.F.,(7,7),(0.,1.),.PIECEWISE_BEZIER_KNOTS.);
#543 = CARTESIAN_POINT('',(31.241526845638,3.339932885906,3.));
#544 = CARTESIAN_POINT('',(31.169390759767,3.292826014773,3.));
#545 = CARTESIAN_POINT('',(31.084821856147,3.256276117438,3.));
#546 = CARTESIAN_POINT('',(30.989086205205,3.230196658387,3.));
#547 = CARTESIAN_POINT('',(30.883911463336,3.213775712902,3.));
#548 = CARTESIAN_POINT('',(30.770916425743,3.206040268456,3.));
#549 = CARTESIAN_POINT('',(30.651426174497,3.206040268456,3.));
#550 = ORIENTED_EDGE('',*,*,#551,.F.);
#551 = EDGE_CURVE('',#552,#540,#554,.T.);
#552 = VERTEX_POINT('',#553);
#553 = CARTESIAN_POINT('',(31.446728187919,3.72432885906,3.));
#554 = B_SPLINE_CURVE_WITH_KNOTS('',5,(#555,#556,#557,#558,#559,#560,
    #561,#562,#563,#564),.UNSPECIFIED.,.F.,.F.,(6,4,6),(0.,
    0.524347241791,1.),.UNSPECIFIED.);
#555 = CARTESIAN_POINT('',(31.446728187919,3.72432885906,3.));
#556 = CARTESIAN_POINT('',(31.446728187919,3.672720879386,3.));
#557 = CARTESIAN_POINT('',(31.441277538252,3.623577251268,3.));
#558 = CARTESIAN_POINT('',(31.430112506151,3.577224256712,3.));
#559 = CARTESIAN_POINT('',(31.413112422217,3.53393847107,3.));
#560 = CARTESIAN_POINT('',(31.369767866845,3.457586549669,3.));
#561 = CARTESIAN_POINT('',(31.344434980018,3.423939696538,3.));
#562 = CARTESIAN_POINT('',(31.314462953659,3.393100419951,3.));
#563 = CARTESIAN_POINT('',(31.280061541163,3.365108046761,3.));
#564 = CARTESIAN_POINT('',(31.241526845638,3.339932885906,3.));
#565 = ORIENTED_EDGE('',*,*,#566,.F.);
#566 = EDGE_CURVE('',#567,#552,#569,.T.);
#567 = VERTEX_POINT('',#568);
#568 = CARTESIAN_POINT('',(31.236493288591,4.114932885906,3.));
#569 = B_SPLINE_CURVE_WITH_KNOTS('',5,(#570,#571,#572,#573,#574,#575,
    #576,#577,#578,#579),.UNSPECIFIED.,.F.,.F.,(6,4,6),(0.,
    0.459374033194,1.),.UNSPECIFIED.);
#570 = CARTESIAN_POINT('',(31.236493288591,4.114932885906,3.));
#571 = CARTESIAN_POINT('',(31.274646292185,4.090847470229,3.));
#572 = CARTESIAN_POINT('',(31.308857335808,4.063942267081,3.));
#573 = CARTESIAN_POINT('',(31.338839452885,4.034183826991,3.));
#574 = CARTESIAN_POINT('',(31.364387707028,4.001607525299,3.));
#575 = CARTESIAN_POINT('',(31.410180422174,3.924849129435,3.));
#576 = CARTESIAN_POINT('',(31.428691842632,3.879626100472,3.));
#577 = CARTESIAN_POINT('',(31.440823444422,3.830895622255,3.));
#578 = CARTESIAN_POINT('',(31.446728187919,3.778997155332,3.));
#579 = CARTESIAN_POINT('',(31.446728187919,3.72432885906,3.));
#580 = ORIENTED_EDGE('',*,*,#581,.F.);
#581 = EDGE_CURVE('',#582,#567,#584,.T.);
#582 = VERTEX_POINT('',#583);
#583 = CARTESIAN_POINT('',(30.616191275168,4.247651006711,3.));
#584 = B_SPLINE_CURVE_WITH_KNOTS('',6,(#585,#586,#587,#588,#589,#590,
    #591),.UNSPECIFIED.,.F.,.F.,(7,7),(0.,1.),.PIECEWISE_BEZIER_KNOTS.);
#585 = CARTESIAN_POINT('',(30.616191275168,4.247651006711,3.));
#586 = CARTESIAN_POINT('',(30.742102132211,4.247651006711,3.));
#587 = CARTESIAN_POINT('',(30.861277919102,4.240150124147,3.));
#588 = CARTESIAN_POINT('',(30.97226612835,4.224122039828,3.));
#589 = CARTESIAN_POINT('',(31.073160834444,4.198456418434,3.));
#590 = CARTESIAN_POINT('',(31.161787688581,4.162131072494,3.));
#591 = CARTESIAN_POINT('',(31.236493288591,4.114932885906,3.));
#592 = ORIENTED_EDGE('',*,*,#593,.F.);
#593 = EDGE_CURVE('',#594,#582,#596,.T.);
#594 = VERTEX_POINT('',#595);
#595 = CARTESIAN_POINT('',(30.22860738255,4.247651006711,3.));
#596 = LINE('',#597,#598);
#597 = CARTESIAN_POINT('',(15.308095637584,4.247651006711,3.));
#598 = VECTOR('',#599,1.);
#599 = DIRECTION('',(1.,0.,-0.));
#600 = ORIENTED_EDGE('',*,*,#601,.F.);
#601 = EDGE_CURVE('',#602,#594,#604,.T.);
#602 = VERTEX_POINT('',#603);
#603 = CARTESIAN_POINT('',(30.22860738255,4.870469798658,3.));
#604 = LINE('',#605,#606);
#605 = CARTESIAN_POINT('',(30.22860738255,2.123825503356,3.));
#606 = VECTOR('',#607,1.);
#607 = DIRECTION('',(0.,-1.,0.));
#608 = ORIENTED_EDGE('',*,*,#609,.F.);
#609 = EDGE_CURVE('',#610,#602,#612,.T.);
#610 = VERTEX_POINT('',#611);
#611 = CARTESIAN_POINT('',(30.636325503356,4.870469798658,3.));
#612 = LINE('',#613,#614);
#613 = CARTESIAN_POINT('',(15.114303691275,4.870469798658,3.));
#614 = VECTOR('',#615,1.);
#615 = DIRECTION('',(-1.,0.,0.));
#616 = ORIENTED_EDGE('',*,*,#617,.F.);
#617 = EDGE_CURVE('',#618,#610,#620,.T.);
#618 = VERTEX_POINT('',#619);
#619 = CARTESIAN_POINT('',(31.17994966443,4.984563758389,3.));
#620 = B_SPLINE_CURVE_WITH_KNOTS('',6,(#621,#622,#623,#624,#625,#626,
    #627),.UNSPECIFIED.,.F.,.F.,(7,7),(0.,1.),.PIECEWISE_BEZIER_KNOTS.);
#621 = CARTESIAN_POINT('',(31.17994966443,4.984563758389,3.));
#622 = CARTESIAN_POINT('',(31.116881185993,4.944294682955,3.));
#623 = CARTESIAN_POINT('',(31.040818247448,4.913144799739,3.));
#624 = CARTESIAN_POINT('',(30.953043092441,4.890971086436,3.));
#625 = CARTESIAN_POINT('',(30.855323890011,4.877030856451,3.));
#626 = CARTESIAN_POINT('',(30.749305522974,4.870469798658,3.));
#627 = CARTESIAN_POINT('',(30.636325503356,4.870469798658,3.));
#628 = ORIENTED_EDGE('',*,*,#629,.F.);
#629 = EDGE_CURVE('',#630,#618,#632,.T.);
#630 = VERTEX_POINT('',#631);
#631 = CARTESIAN_POINT('',(31.358640939597,5.331879194631,3.));
#632 = B_SPLINE_CURVE_WITH_KNOTS('',5,(#633,#634,#635,#636,#637,#638,
    #639,#640,#641,#642),.UNSPECIFIED.,.F.,.F.,(6,4,6),(0.,
    0.603284239132,1.),.UNSPECIFIED.);
#633 = CARTESIAN_POINT('',(31.358640939597,5.331879194631,3.));
#634 = CARTESIAN_POINT('',(31.358640939597,5.276761715911,3.));
#635 = CARTESIAN_POINT('',(31.352403227199,5.225052644931,3.));
#636 = CARTESIAN_POINT('',(31.339588315756,5.177185395329,3.));
#637 = CARTESIAN_POINT('',(31.320034549822,5.133516989803,3.));
#638 = CARTESIAN_POINT('',(31.276685094599,5.068432968453,3.));
#639 = CARTESIAN_POINT('',(31.256632814358,5.044515257205,3.));
#640 = CARTESIAN_POINT('',(31.2337632103,5.022556883138,3.));
#641 = CARTESIAN_POINT('',(31.208161430601,5.002576904865,3.));
#642 = CARTESIAN_POINT('',(31.17994966443,4.984563758389,3.));
#643 = ORIENTED_EDGE('',*,*,#644,.F.);
#644 = EDGE_CURVE('',#645,#630,#647,.T.);
#645 = VERTEX_POINT('',#646);
#646 = CARTESIAN_POINT('',(31.184983221477,5.665268456376,3.));
#647 = B_SPLINE_CURVE_WITH_KNOTS('',5,(#648,#649,#650,#651,#652,#653,
    #654,#655,#656,#657),.UNSPECIFIED.,.F.,.F.,(6,4,6),(0.,
    0.469644265467,1.),.UNSPECIFIED.);
#648 = CARTESIAN_POINT('',(31.184983221477,5.665268456376,3.));
#649 = CARTESIAN_POINT('',(31.217304775558,5.643346010999,3.));
#650 = CARTESIAN_POINT('',(31.246105980646,5.619143267338,3.));
#651 = CARTESIAN_POINT('',(31.271202719539,5.592646679396,3.));
#652 = CARTESIAN_POINT('',(31.292469553102,5.5638850593,3.));
#653 = CARTESIAN_POINT('',(31.32949956657,5.497999244981,3.));
#654 = CARTESIAN_POINT('',(31.344197653441,5.460271518564,3.));
#655 = CARTESIAN_POINT('',(31.353885907664,5.419879575169,3.));
#656 = CARTESIAN_POINT('',(31.358640939597,5.37700729943,3.));
#657 = CARTESIAN_POINT('',(31.358640939597,5.331879194631,3.));
#658 = ORIENTED_EDGE('',*,*,#659,.F.);
#659 = EDGE_CURVE('',#660,#645,#662,.T.);
#660 = VERTEX_POINT('',#661);
#661 = CARTESIAN_POINT('',(30.694211409396,5.78322147651,3.));
#662 = B_SPLINE_CURVE_WITH_KNOTS('',6,(#663,#664,#665,#666,#667,#668,
    #669),.UNSPECIFIED.,.F.,.F.,(7,7),(0.,1.),.PIECEWISE_BEZIER_KNOTS.);
#663 = CARTESIAN_POINT('',(30.694211409396,5.78322147651,3.));
#664 = CARTESIAN_POINT('',(30.794616901647,5.78322147651,3.));
#665 = CARTESIAN_POINT('',(30.888892704285,5.776126633181,3.));
#666 = CARTESIAN_POINT('',(30.976062530437,5.761274541793,3.));
#667 = CARTESIAN_POINT('',(31.055076927631,5.738056556414,3.));
#668 = CARTESIAN_POINT('',(31.124943877879,5.7060488028,3.));
#669 = CARTESIAN_POINT('',(31.184983221477,5.665268456376,3.));
#670 = ORIENTED_EDGE('',*,*,#671,.F.);
#671 = EDGE_CURVE('',#672,#660,#674,.T.);
#672 = VERTEX_POINT('',#673);
#673 = CARTESIAN_POINT('',(30.22105704698,5.731543624161,3.));
#674 = B_SPLINE_CURVE_WITH_KNOTS('',4,(#675,#676,#677,#678,#679),
  .UNSPECIFIED.,.F.,.F.,(5,5),(0.,1.),.PIECEWISE_BEZIER_KNOTS.);
#675 = CARTESIAN_POINT('',(30.22105704698,5.731543624161,3.));
#676 = CARTESIAN_POINT('',(30.340028183823,5.757258087423,3.));
#677 = CARTESIAN_POINT('',(30.45866246919,5.774549499317,3.));
#678 = CARTESIAN_POINT('',(30.576783562026,5.78322147651,3.));
#679 = CARTESIAN_POINT('',(30.694211409396,5.78322147651,3.));
#680 = ORIENTED_EDGE('',*,*,#681,.F.);
#681 = EDGE_CURVE('',#682,#672,#684,.T.);
#682 = VERTEX_POINT('',#683);
#683 = CARTESIAN_POINT('',(29.74538590604,5.579194630872,3.));
#684 = B_SPLINE_CURVE_WITH_KNOTS('',4,(#685,#686,#687,#688,#689),
  .UNSPECIFIED.,.F.,.F.,(5,5),(0.,1.),.PIECEWISE_BEZIER_KNOTS.);
#685 = CARTESIAN_POINT('',(29.74538590604,5.579194630872,3.));
#686 = CARTESIAN_POINT('',(29.863004956749,5.629328708515,3.));
#687 = CARTESIAN_POINT('',(29.981579057855,5.67156482387,3.));
#688 = CARTESIAN_POINT('',(30.100980780404,5.705674561818,3.));
#689 = CARTESIAN_POINT('',(30.22105704698,5.731543624161,3.));
#690 = ORIENTED_EDGE('',*,*,#691,.F.);
#691 = EDGE_CURVE('',#692,#682,#694,.T.);
#692 = VERTEX_POINT('',#693);
#693 = CARTESIAN_POINT('',(29.74538590604,6.287919463087,3.));
#694 = LINE('',#695,#696);
#695 = CARTESIAN_POINT('',(29.74538590604,2.789597315436,3.));
#696 = VECTOR('',#697,1.);
#697 = DIRECTION('',(0.,-1.,0.));
#698 = ORIENTED_EDGE('',*,*,#699,.F.);
#699 = EDGE_CURVE('',#700,#692,#702,.T.);
#700 = VERTEX_POINT('',#701);
#701 = CARTESIAN_POINT('',(30.314177852349,6.408724832215,3.));
#702 = B_SPLINE_CURVE_WITH_KNOTS('',4,(#703,#704,#705,#706,#707),
  .UNSPECIFIED.,.F.,.F.,(5,5),(0.,1.),.PIECEWISE_BEZIER_KNOTS.);
#703 = CARTESIAN_POINT('',(30.314177852349,6.408724832215,3.));
#704 = CARTESIAN_POINT('',(30.172477125163,6.388481871188,3.));
#705 = CARTESIAN_POINT('',(30.030364359164,6.361516881497,3.));
#706 = CARTESIAN_POINT('',(29.887962643637,6.327941003465,3.));
#707 = CARTESIAN_POINT('',(29.74538590604,6.287919463087,3.));
#708 = ORIENTED_EDGE('',*,*,#709,.F.);
#709 = EDGE_CURVE('',#710,#700,#712,.T.);
#710 = VERTEX_POINT('',#711);
#711 = CARTESIAN_POINT('',(30.867869127517,6.448993288591,3.));
#712 = B_SPLINE_CURVE_WITH_KNOTS('',4,(#713,#714,#715,#716,#717),
  .UNSPECIFIED.,.F.,.F.,(5,5),(0.,1.),.PIECEWISE_BEZIER_KNOTS.);
#713 = CARTESIAN_POINT('',(30.867869127517,6.448993288591,3.));
#714 = CARTESIAN_POINT('',(30.731270961009,6.448993288591,3.));
#715 = CARTESIAN_POINT('',(30.593364274819,6.442213119879,3.));
#716 = CARTESIAN_POINT('',(30.45428735287,6.428740475146,3.));
#717 = CARTESIAN_POINT('',(30.314177852349,6.408724832215,3.));
#718 = ORIENTED_EDGE('',*,*,#719,.F.);
#719 = EDGE_CURVE('',#720,#710,#722,.T.);
#720 = VERTEX_POINT('',#721);
#721 = CARTESIAN_POINT('',(31.963842281879,6.20855704698,3.));
#722 = B_SPLINE_CURVE_WITH_KNOTS('',6,(#723,#724,#725,#726,#727,#728,
    #729,#730,#731,#732,#733,#734),.UNSPECIFIED.,.F.,.F.,(7,5,7),(0.,
    0.4646021361,1.),.UNSPECIFIED.);
#723 = CARTESIAN_POINT('',(31.963842281879,6.20855704698,3.));
#724 = CARTESIAN_POINT('',(31.899378115928,6.251186096268,3.));
#725 = CARTESIAN_POINT('',(31.829155837171,6.288488154703,3.));
#726 = CARTESIAN_POINT('',(31.753943758873,6.320592751141,3.));
#727 = CARTESIAN_POINT('',(31.674550624723,6.347845062295,3.));
#728 = CARTESIAN_POINT('',(31.591674919037,6.370638500993,3.));
#729 = CARTESIAN_POINT('',(31.406969248162,6.410943175634,3.));
#730 = CARTESIAN_POINT('',(31.304195786675,6.427115218852,3.));
#731 = CARTESIAN_POINT('',(31.198340801811,6.438491358093,3.));
#732 = CARTESIAN_POINT('',(31.090046932264,6.445624015794,3.));
#733 = CARTESIAN_POINT('',(30.979789776034,6.448993288591,3.));
#734 = CARTESIAN_POINT('',(30.867869127517,6.448993288591,3.));
#735 = ORIENTED_EDGE('',*,*,#736,.F.);
#736 = EDGE_CURVE('',#737,#720,#739,.T.);
#737 = VERTEX_POINT('',#738);
#738 = CARTESIAN_POINT('',(32.327600671141,5.485067114094,3.));
#739 = B_SPLINE_CURVE_WITH_KNOTS('',5,(#740,#741,#742,#743,#744,#745,
    #746,#747,#748,#749,#750,#751,#752,#753),.UNSPECIFIED.,.F.,.F.,(6,4,
    4,6),(0.,0.211573451287,0.617937577815,1.),.UNSPECIFIED.);
#740 = CARTESIAN_POINT('',(32.327600671141,5.485067114094,3.));
#741 = CARTESIAN_POINT('',(32.327600671141,5.523616828029,3.));
#742 = CARTESIAN_POINT('',(32.326153742768,5.561666970454,3.));
#743 = CARTESIAN_POINT('',(32.323189886997,5.599150141285,3.));
#744 = CARTESIAN_POINT('',(32.318643216696,5.635991060227,3.));
#745 = CARTESIAN_POINT('',(32.300591349427,5.741484965696,3.));
#746 = CARTESIAN_POINT('',(32.282689532875,5.808214035891,3.));
#747 = CARTESIAN_POINT('',(32.258396159922,5.871699661617,3.));
#748 = CARTESIAN_POINT('',(32.227563327342,5.931385240831,3.));
#749 = CARTESIAN_POINT('',(32.155585669838,6.039038111202,3.));
#750 = CARTESIAN_POINT('',(32.115157318165,6.08750845932,3.));
#751 = CARTESIAN_POINT('',(32.06939990084,6.131947473709,3.));
#752 = CARTESIAN_POINT('',(32.018772830808,6.172274507281,3.));
#753 = CARTESIAN_POINT('',(31.963842281879,6.20855704698,3.));
#754 = ORIENTED_EDGE('',*,*,#755,.F.);
#755 = EDGE_CURVE('',#756,#737,#758,.T.);
#756 = VERTEX_POINT('',#757);
#757 = CARTESIAN_POINT('',(32.15394295302,4.945134228188,3.));
#758 = B_SPLINE_CURVE_WITH_KNOTS('',5,(#759,#760,#761,#762,#763,#764,
    #765,#766,#767,#768),.UNSPECIFIED.,.F.,.F.,(6,4,6),(0.,
    0.112272943137,1.),.UNSPECIFIED.);
#759 = CARTESIAN_POINT('',(32.15394295302,4.945134228188,3.));
#760 = CARTESIAN_POINT('',(32.1618570765,4.954715287822,3.));
#761 = CARTESIAN_POINT('',(32.169549285542,4.964455661633,3.));
#762 = CARTESIAN_POINT('',(32.177018012624,4.974354211801,3.));
#763 = CARTESIAN_POINT('',(32.18426195147,4.984409608024,3.));
#764 = CARTESIAN_POINT('',(32.246771273674,5.075355112856,3.));
#765 = CARTESIAN_POINT('',(32.288158670061,5.165823249702,3.));
#766 = CARTESIAN_POINT('',(32.314858105915,5.265200262802,3.));
#767 = CARTESIAN_POINT('',(32.327600671141,5.372101608386,3.));
#768 = CARTESIAN_POINT('',(32.327600671141,5.485067114094,3.));
#769 = ORIENTED_EDGE('',*,*,#770,.F.);
#770 = EDGE_CURVE('',#422,#756,#771,.T.);
#771 = B_SPLINE_CURVE_WITH_KNOTS('',5,(#772,#773,#774,#775,#776,#777,
    #778,#779,#780,#781),.UNSPECIFIED.,.F.,.F.,(6,4,6),(0.,
    0.522782370138,1.),.UNSPECIFIED.);
#772 = CARTESIAN_POINT('',(31.640520134228,4.649496644295,3.));
#773 = CARTESIAN_POINT('',(31.708493495393,4.666615861181,3.));
#774 = CARTESIAN_POINT('',(31.773356992403,4.687112725086,3.));
#775 = CARTESIAN_POINT('',(31.834774343442,4.711157841093,3.));
#776 = CARTESIAN_POINT('',(31.892395134724,4.738889267736,3.));
#777 = CARTESIAN_POINT('',(31.994767785392,4.799077477488,3.));
#778 = CARTESIAN_POINT('',(32.040205813851,4.830912958791,3.));
#779 = CARTESIAN_POINT('',(32.081992076515,4.865895609133,3.));
#780 = CARTESIAN_POINT('',(32.119940830218,4.9040031579,3.));
#781 = CARTESIAN_POINT('',(32.15394295302,4.945134228188,3.));
#782 = FACE_BOUND('',#783,.T.);
#783 = EDGE_LOOP('',(#784,#794,#802,#810,#818,#826,#834,#842,#850,#858,
    #866));
#784 = ORIENTED_EDGE('',*,*,#785,.F.);
#785 = EDGE_CURVE('',#786,#788,#790,.T.);
#786 = VERTEX_POINT('',#787);
#787 = CARTESIAN_POINT('',(44.023070469799,6.379194630872,3.));
#788 = VERTEX_POINT('',#789);
#789 = CARTESIAN_POINT('',(42.945889261745,6.379194630872,3.));
#790 = LINE('',#791,#792);
#791 = CARTESIAN_POINT('',(21.472944630872,6.379194630872,3.));
#792 = VECTOR('',#793,1.);
#793 = DIRECTION('',(-1.,0.,0.));
#794 = ORIENTED_EDGE('',*,*,#795,.F.);
#795 = EDGE_CURVE('',#796,#786,#798,.T.);
#796 = VERTEX_POINT('',#797);
#797 = CARTESIAN_POINT('',(44.023070469799,4.006040268456,3.));
#798 = LINE('',#799,#800);
#799 = CARTESIAN_POINT('',(44.023070469799,3.189597315436,3.));
#800 = VECTOR('',#801,1.);
#801 = DIRECTION('',(0.,1.,0.));
#802 = ORIENTED_EDGE('',*,*,#803,.F.);
#803 = EDGE_CURVE('',#804,#796,#806,.T.);
#804 = VERTEX_POINT('',#805);
#805 = CARTESIAN_POINT('',(44.559144295302,4.006040268456,3.));
#806 = LINE('',#807,#808);
#807 = CARTESIAN_POINT('',(22.011535234899,4.006040268456,3.));
#808 = VECTOR('',#809,1.);
#809 = DIRECTION('',(-1.,0.,0.));
#810 = ORIENTED_EDGE('',*,*,#811,.F.);
#811 = EDGE_CURVE('',#812,#804,#814,.T.);
#812 = VERTEX_POINT('',#813);
#813 = CARTESIAN_POINT('',(44.559144295302,3.308053691275,3.));
#814 = LINE('',#815,#816);
#815 = CARTESIAN_POINT('',(44.559144295302,2.003020134228,3.));
#816 = VECTOR('',#817,1.);
#817 = DIRECTION('',(0.,1.,0.));
#818 = ORIENTED_EDGE('',*,*,#819,.F.);
#819 = EDGE_CURVE('',#820,#812,#822,.T.);
#820 = VERTEX_POINT('',#821);
#821 = CARTESIAN_POINT('',(44.023070469799,3.308053691275,3.));
#822 = LINE('',#823,#824);
#823 = CARTESIAN_POINT('',(22.279572147651,3.308053691275,3.));
#824 = VECTOR('',#825,1.);
#825 = DIRECTION('',(1.,0.,-0.));
#826 = ORIENTED_EDGE('',*,*,#827,.F.);
#827 = EDGE_CURVE('',#828,#820,#830,.T.);
#828 = VERTEX_POINT('',#829);
#829 = CARTESIAN_POINT('',(44.023070469799,2.620805369128,3.));
#830 = LINE('',#831,#832);
#831 = CARTESIAN_POINT('',(44.023070469799,1.654026845638,3.));
#832 = VECTOR('',#833,1.);
#833 = DIRECTION('',(0.,1.,0.));
#834 = ORIENTED_EDGE('',*,*,#835,.F.);
#835 = EDGE_CURVE('',#836,#828,#838,.T.);
#836 = VERTEX_POINT('',#837);
#837 = CARTESIAN_POINT('',(43.106963087248,2.620805369128,3.));
#838 = LINE('',#839,#840);
#839 = CARTESIAN_POINT('',(22.011535234899,2.620805369128,3.));
#840 = VECTOR('',#841,1.);
#841 = DIRECTION('',(1.,0.,-0.));
#842 = ORIENTED_EDGE('',*,*,#843,.F.);
#843 = EDGE_CURVE('',#844,#836,#846,.T.);
#844 = VERTEX_POINT('',#845);
#845 = CARTESIAN_POINT('',(43.106963087248,3.308053691275,3.));
#846 = LINE('',#847,#848);
#847 = CARTESIAN_POINT('',(43.106963087248,1.310402684564,3.));
#848 = VECTOR('',#849,1.);
#849 = DIRECTION('',(0.,-1.,0.));
#850 = ORIENTED_EDGE('',*,*,#851,.F.);
#851 = EDGE_CURVE('',#852,#844,#854,.T.);
#852 = VERTEX_POINT('',#853);
#853 = CARTESIAN_POINT('',(41.440855704698,3.308053691275,3.));
#854 = LINE('',#855,#856);
#855 = CARTESIAN_POINT('',(21.553481543624,3.308053691275,3.));
#856 = VECTOR('',#857,1.);
#857 = DIRECTION('',(1.,0.,-0.));
#858 = ORIENTED_EDGE('',*,*,#859,.F.);
#859 = EDGE_CURVE('',#860,#852,#862,.T.);
#860 = VERTEX_POINT('',#861);
#861 = CARTESIAN_POINT('',(41.440855704698,4.138087248322,3.));
#862 = LINE('',#863,#864);
#863 = CARTESIAN_POINT('',(41.440855704698,1.654026845638,3.));
#864 = VECTOR('',#865,1.);
#865 = DIRECTION('',(0.,-1.,0.));
#866 = ORIENTED_EDGE('',*,*,#867,.F.);
#867 = EDGE_CURVE('',#788,#860,#868,.T.);
#868 = LINE('',#869,#870);
#869 = CARTESIAN_POINT('',(34.043016842489,-6.87784738741,3.));
#870 = VECTOR('',#871,1.);
#871 = DIRECTION('',(-0.557508237146,-0.830171407309,0.));
#872 = FACE_BOUND('',#873,.T.);
#873 = EDGE_LOOP('',(#874,#884,#892,#900,#908,#918,#928,#945,#964,#983,
    #1000,#1013,#1024,#1032,#1043,#1054,#1069,#1084,#1099,#1114,#1125,
    #1136));
#874 = ORIENTED_EDGE('',*,*,#875,.F.);
#875 = EDGE_CURVE('',#876,#878,#880,.T.);
#876 = VERTEX_POINT('',#877);
#877 = CARTESIAN_POINT('',(56.142617449664,6.41677852349,3.));
#878 = VERTEX_POINT('',#879);
#879 = CARTESIAN_POINT('',(53.734060402685,6.41677852349,3.));
#880 = LINE('',#881,#882);
#881 = CARTESIAN_POINT('',(26.867030201342,6.41677852349,3.));
#882 = VECTOR('',#883,1.);
#883 = DIRECTION('',(-1.,0.,0.));
#884 = ORIENTED_EDGE('',*,*,#885,.F.);
#885 = EDGE_CURVE('',#886,#876,#888,.T.);
#886 = VERTEX_POINT('',#887);
#887 = CARTESIAN_POINT('',(56.142617449664,5.708053691275,3.));
#888 = LINE('',#889,#890);
#889 = CARTESIAN_POINT('',(56.142617449664,3.208389261745,3.));
#890 = VECTOR('',#891,1.);
#891 = DIRECTION('',(0.,1.,0.));
#892 = ORIENTED_EDGE('',*,*,#893,.F.);
#893 = EDGE_CURVE('',#894,#886,#896,.T.);
#894 = VERTEX_POINT('',#895);
#895 = CARTESIAN_POINT('',(54.506711409396,5.708053691275,3.));
#896 = LINE('',#897,#898);
#897 = CARTESIAN_POINT('',(28.071308724832,5.708053691275,3.));
#898 = VECTOR('',#899,1.);
#899 = DIRECTION('',(1.,0.,-0.));
#900 = ORIENTED_EDGE('',*,*,#901,.F.);
#901 = EDGE_CURVE('',#902,#894,#904,.T.);
#902 = VERTEX_POINT('',#903);
#903 = CARTESIAN_POINT('',(54.506711409396,5.118624161074,3.));
#904 = LINE('',#905,#906);
#905 = CARTESIAN_POINT('',(54.506711409396,2.854026845638,3.));
#906 = VECTOR('',#907,1.);
#907 = DIRECTION('',(0.,1.,0.));
#908 = ORIENTED_EDGE('',*,*,#909,.F.);
#909 = EDGE_CURVE('',#910,#902,#912,.T.);
#910 = VERTEX_POINT('',#911);
#911 = CARTESIAN_POINT('',(54.729362416107,5.165436241611,3.));
#912 = B_SPLINE_CURVE_WITH_KNOTS('',4,(#913,#914,#915,#916,#917),
  .UNSPECIFIED.,.F.,.F.,(5,5),(0.,1.),.PIECEWISE_BEZIER_KNOTS.);
#913 = CARTESIAN_POINT('',(54.729362416107,5.165436241611,3.));
#914 = CARTESIAN_POINT('',(54.673388727933,5.157212221459,3.));
#915 = CARTESIAN_POINT('',(54.617617836539,5.146666752653,3.));
#916 = CARTESIAN_POINT('',(54.562056572178,5.133802152685,3.));
#917 = CARTESIAN_POINT('',(54.506711409396,5.118624161074,3.));
#918 = ORIENTED_EDGE('',*,*,#919,.F.);
#919 = EDGE_CURVE('',#920,#910,#922,.T.);
#920 = VERTEX_POINT('',#921);
#921 = CARTESIAN_POINT('',(54.962248322148,5.181879194631,3.));
#922 = B_SPLINE_CURVE_WITH_KNOTS('',4,(#923,#924,#925,#926,#927),
  .UNSPECIFIED.,.F.,.F.,(5,5),(0.,1.),.PIECEWISE_BEZIER_KNOTS.);
#923 = CARTESIAN_POINT('',(54.962248322148,5.181879194631,3.));
#924 = CARTESIAN_POINT('',(54.901952885265,5.181879194631,3.));
#925 = CARTESIAN_POINT('',(54.84302649886,5.179148432933,3.));
#926 = CARTESIAN_POINT('',(54.785490328923,5.173670576126,3.));
#927 = CARTESIAN_POINT('',(54.729362416107,5.165436241611,3.));
#928 = ORIENTED_EDGE('',*,*,#929,.F.);
#929 = EDGE_CURVE('',#930,#920,#932,.T.);
#930 = VERTEX_POINT('',#931);
#931 = CARTESIAN_POINT('',(56.031879194631,4.838422818792,3.));
#932 = B_SPLINE_CURVE_WITH_KNOTS('',6,(#933,#934,#935,#936,#937,#938,
    #939,#940,#941,#942,#943,#944),.UNSPECIFIED.,.F.,.F.,(7,5,7),(0.,
    0.481726522684,1.),.UNSPECIFIED.);
#933 = CARTESIAN_POINT('',(56.031879194631,4.838422818792,3.));
#934 = CARTESIAN_POINT('',(55.966560675521,4.897066243624,3.));
#935 = CARTESIAN_POINT('',(55.895881888066,4.949731483019,3.));
#936 = CARTESIAN_POINT('',(55.820222508608,4.996058267659,3.));
#937 = CARTESIAN_POINT('',(55.740103379241,5.035985591868,3.));
#938 = CARTESIAN_POINT('',(55.656126148617,5.069666593009,3.));
#939 = CARTESIAN_POINT('',(55.475083104985,5.127203051058,3.));
#940 = CARTESIAN_POINT('',(55.377488002783,5.150125693647,3.));
#941 = CARTESIAN_POINT('',(55.276826898154,5.166522925969,3.));
#942 = CARTESIAN_POINT('',(55.173742900998,5.176927323057,3.));
#943 = CARTESIAN_POINT('',(55.068757004647,5.181879194631,3.));
#944 = CARTESIAN_POINT('',(54.962248322148,5.181879194631,3.));
#945 = ORIENTED_EDGE('',*,*,#946,.F.);
#946 = EDGE_CURVE('',#947,#930,#949,.T.);
#947 = VERTEX_POINT('',#948);
#948 = CARTESIAN_POINT('',(56.414429530201,3.881375838926,3.));
#949 = B_SPLINE_CURVE_WITH_KNOTS('',5,(#950,#951,#952,#953,#954,#955,
    #956,#957,#958,#959,#960,#961,#962,#963),.UNSPECIFIED.,.F.,.F.,(6,4,
    4,6),(0.,0.2751480847,0.762439655246,1.),.UNSPECIFIED.);
#950 = CARTESIAN_POINT('',(56.414429530201,3.881375838926,3.));
#951 = CARTESIAN_POINT('',(56.414429530201,3.943682461465,3.));
#952 = CARTESIAN_POINT('',(56.411965457609,4.00529414042,3.));
#953 = CARTESIAN_POINT('',(56.406872070717,4.066071101612,3.));
#954 = CARTESIAN_POINT('',(56.398984006087,4.125842654854,3.));
#955 = CARTESIAN_POINT('',(56.369017519024,4.288158919192,3.));
#956 = CARTESIAN_POINT('',(56.340679651463,4.388190054694,3.));
#957 = CARTESIAN_POINT('',(56.302435314213,4.483356583334,3.));
#958 = CARTESIAN_POINT('',(56.253937274562,4.572503592703,3.));
#959 = CARTESIAN_POINT('',(56.167439907369,4.694913465602,3.));
#960 = CARTESIAN_POINT('',(56.136793445985,4.733408751231,3.));
#961 = CARTESIAN_POINT('',(56.103912774156,4.770189997074,3.));
#962 = CARTESIAN_POINT('',(56.068898502611,4.805202860842,3.));
#963 = CARTESIAN_POINT('',(56.031879194631,4.838422818792,3.));
#964 = ORIENTED_EDGE('',*,*,#965,.F.);
#965 = EDGE_CURVE('',#966,#947,#968,.T.);
#966 = VERTEX_POINT('',#967);
#967 = CARTESIAN_POINT('',(55.997818791946,2.927852348993,3.));
#968 = B_SPLINE_CURVE_WITH_KNOTS('',5,(#969,#970,#971,#972,#973,#974,
    #975,#976,#977,#978,#979,#980,#981,#982),.UNSPECIFIED.,.F.,.F.,(6,4,
    4,6),(0.,0.332669873401,0.768281440384,1.),.UNSPECIFIED.);
#969 = CARTESIAN_POINT('',(55.997818791946,2.927852348993,3.));
#970 = CARTESIAN_POINT('',(56.053166307101,2.973637204461,3.));
#971 = CARTESIAN_POINT('',(56.104623306222,3.022920426971,3.));
#972 = CARTESIAN_POINT('',(56.151758855928,3.075687810429,3.));
#973 = CARTESIAN_POINT('',(56.194229401455,3.131815320773,3.));
#974 = CARTESIAN_POINT('',(56.281117435857,3.268529185187,3.));
#975 = CARTESIAN_POINT('',(56.322087273992,3.351336144215,3.));
#976 = CARTESIAN_POINT('',(56.354328271105,3.438769766575,3.));
#977 = CARTESIAN_POINT('',(56.378082686748,3.529967282014,3.));
#978 = CARTESIAN_POINT('',(56.402309680947,3.674098352441,3.));
#979 = CARTESIAN_POINT('',(56.408476794178,3.724969974661,3.));
#980 = CARTESIAN_POINT('',(56.412481622581,3.776544707245,3.));
#981 = CARTESIAN_POINT('',(56.414429530201,3.82871152674,3.));
#982 = CARTESIAN_POINT('',(56.414429530201,3.881375838926,3.));
#983 = ORIENTED_EDGE('',*,*,#984,.F.);
#984 = EDGE_CURVE('',#985,#966,#987,.T.);
#985 = VERTEX_POINT('',#986);
#986 = CARTESIAN_POINT('',(54.84144295302,2.58322147651,3.));
#987 = B_SPLINE_CURVE_WITH_KNOTS('',6,(#988,#989,#990,#991,#992,#993,
    #994,#995,#996,#997,#998,#999),.UNSPECIFIED.,.F.,.F.,(7,5,7),(0.,
    0.525185810279,1.),.UNSPECIFIED.);
#988 = CARTESIAN_POINT('',(54.84144295302,2.58322147651,3.));
#989 = CARTESIAN_POINT('',(54.956603989379,2.58322147651,3.));
#990 = CARTESIAN_POINT('',(55.070283840218,2.588230147038,3.));
#991 = CARTESIAN_POINT('',(55.182112264497,2.598773456751,3.));
#992 = CARTESIAN_POINT('',(55.291557400038,2.615434337078,3.));
#993 = CARTESIAN_POINT('',(55.39794159799,2.638813052677,3.));
#994 = CARTESIAN_POINT('',(55.593228210285,2.697013676829,3.));
#995 = CARTESIAN_POINT('',(55.682840177097,2.73052631915,3.));
#996 = CARTESIAN_POINT('',(55.768717087484,2.770248739851,3.));
#997 = CARTESIAN_POINT('',(55.850218372904,2.816406296397,3.));
#998 = CARTESIAN_POINT('',(55.926743928715,2.869033747431,3.));
#999 = CARTESIAN_POINT('',(55.997818791946,2.927852348993,3.));
#1000 = ORIENTED_EDGE('',*,*,#1001,.F.);
#1001 = EDGE_CURVE('',#1002,#985,#1004,.T.);
#1002 = VERTEX_POINT('',#1003);
#1003 = CARTESIAN_POINT('',(54.208389261745,2.644463087248,3.));
#1004 = B_SPLINE_CURVE_WITH_KNOTS('',4,(#1005,#1006,#1007,#1008,#1009,
    #1010,#1011,#1012),.UNSPECIFIED.,.F.,.F.,(5,3,5),(0.,0.475978922429,
    1.),.UNSPECIFIED.);
#1005 = CARTESIAN_POINT('',(54.208389261745,2.644463087248,3.));
#1006 = CARTESIAN_POINT('',(54.282923151758,2.629899452423,3.));
#1007 = CARTESIAN_POINT('',(54.357751704867,2.617632851548,3.));
#1008 = CARTESIAN_POINT('',(54.432845722471,2.607677633749,3.));
#1009 = CARTESIAN_POINT('',(54.591106215084,2.591625072661,3.));
#1010 = CARTESIAN_POINT('',(54.674322514289,2.586018532395,3.));
#1011 = CARTESIAN_POINT('',(54.757782112678,2.58322147651,3.));
#1012 = CARTESIAN_POINT('',(54.84144295302,2.58322147651,3.));
#1013 = ORIENTED_EDGE('',*,*,#1014,.F.);
#1014 = EDGE_CURVE('',#1015,#1002,#1017,.T.);
#1015 = VERTEX_POINT('',#1016);
#1016 = CARTESIAN_POINT('',(53.585570469799,2.830201342282,3.));
#1017 = B_SPLINE_CURVE_WITH_KNOTS('',5,(#1018,#1019,#1020,#1021,#1022,
    #1023),.UNSPECIFIED.,.F.,.F.,(6,6),(0.,1.),
  .PIECEWISE_BEZIER_KNOTS.);
#1018 = CARTESIAN_POINT('',(53.585570469799,2.830201342282,3.));
#1019 = CARTESIAN_POINT('',(53.708460677412,2.780712223443,3.));
#1020 = CARTESIAN_POINT('',(53.832287510041,2.737255690116,3.));
#1021 = CARTESIAN_POINT('',(53.956957125348,2.699989087387,3.));
#1022 = CARTESIAN_POINT('',(54.082363952286,2.669033634995,3.));
#1023 = CARTESIAN_POINT('',(54.208389261745,2.644463087248,3.));
#1024 = ORIENTED_EDGE('',*,*,#1025,.F.);
#1025 = EDGE_CURVE('',#1026,#1015,#1028,.T.);
#1026 = VERTEX_POINT('',#1027);
#1027 = CARTESIAN_POINT('',(53.585570469799,3.592617449664,3.));
#1028 = LINE('',#1029,#1030);
#1029 = CARTESIAN_POINT('',(53.585570469799,1.415100671141,3.));
#1030 = VECTOR('',#1031,1.);
#1031 = DIRECTION('',(0.,-1.,0.));
#1032 = ORIENTED_EDGE('',*,*,#1033,.F.);
#1033 = EDGE_CURVE('',#1034,#1026,#1036,.T.);
#1034 = VERTEX_POINT('',#1035);
#1035 = CARTESIAN_POINT('',(54.168120805369,3.326845637584,3.));
#1036 = B_SPLINE_CURVE_WITH_KNOTS('',5,(#1037,#1038,#1039,#1040,#1041,
    #1042),.UNSPECIFIED.,.F.,.F.,(6,6),(0.,1.),
  .PIECEWISE_BEZIER_KNOTS.);
#1037 = CARTESIAN_POINT('',(54.168120805369,3.326845637584,3.));
#1038 = CARTESIAN_POINT('',(54.054764409006,3.363296415464,3.));
#1039 = CARTESIAN_POINT('',(53.939515514329,3.408656285597,3.));
#1040 = CARTESIAN_POINT('',(53.82271055671,3.462392655739,3.));
#1041 = CARTESIAN_POINT('',(53.70464797166,3.52390387482,3.));
#1042 = CARTESIAN_POINT('',(53.585570469799,3.592617449664,3.));
#1043 = ORIENTED_EDGE('',*,*,#1044,.F.);
#1044 = EDGE_CURVE('',#1045,#1034,#1047,.T.);
#1045 = VERTEX_POINT('',#1046);
#1046 = CARTESIAN_POINT('',(54.687919463087,3.238255033557,3.));
#1047 = B_SPLINE_CURVE_WITH_KNOTS('',5,(#1048,#1049,#1050,#1051,#1052,
    #1053),.UNSPECIFIED.,.F.,.F.,(6,6),(0.,1.),
  .PIECEWISE_BEZIER_KNOTS.);
#1048 = CARTESIAN_POINT('',(54.687919463087,3.238255033557,3.));
#1049 = CARTESIAN_POINT('',(54.588609508423,3.238255033557,3.));
#1050 = CARTESIAN_POINT('',(54.486663750183,3.247417743336,3.));
#1051 = CARTESIAN_POINT('',(54.382393094044,3.265511322633,3.));
#1052 = CARTESIAN_POINT('',(54.2761133879,3.292140778438,3.));
#1053 = CARTESIAN_POINT('',(54.168120805369,3.326845637584,3.));
#1054 = ORIENTED_EDGE('',*,*,#1055,.F.);
#1055 = EDGE_CURVE('',#1056,#1045,#1058,.T.);
#1056 = VERTEX_POINT('',#1057);
#1057 = CARTESIAN_POINT('',(55.242785234899,3.410570469799,3.));
#1058 = B_SPLINE_CURVE_WITH_KNOTS('',5,(#1059,#1060,#1061,#1062,#1063,
    #1064,#1065,#1066,#1067,#1068),.UNSPECIFIED.,.F.,.F.,(6,4,6),(0.,
    0.492147623879,1.),.UNSPECIFIED.);
#1059 = CARTESIAN_POINT('',(55.242785234899,3.410570469799,3.));
#1060 = CARTESIAN_POINT('',(55.201823807262,3.375717622919,3.));
#1061 = CARTESIAN_POINT('',(55.157039613613,3.345277646853,3.));
#1062 = CARTESIAN_POINT('',(55.108584721944,3.319373915055,3.));
#1063 = CARTESIAN_POINT('',(55.056704120601,3.297984960169,3.));
#1064 = CARTESIAN_POINT('',(54.944940807887,3.263452619997,3.));
#1065 = CARTESIAN_POINT('',(54.884851215085,3.250592973607,3.));
#1066 = CARTESIAN_POINT('',(54.821755614785,3.242276483067,3.));
#1067 = CARTESIAN_POINT('',(54.756004950545,3.238255033557,3.));
#1068 = CARTESIAN_POINT('',(54.687919463087,3.238255033557,3.));
#1069 = ORIENTED_EDGE('',*,*,#1070,.F.);
#1070 = EDGE_CURVE('',#1071,#1056,#1073,.T.);
#1071 = VERTEX_POINT('',#1072);
#1072 = CARTESIAN_POINT('',(55.445469798658,3.877181208054,3.));
#1073 = B_SPLINE_CURVE_WITH_KNOTS('',5,(#1074,#1075,#1076,#1077,#1078,
    #1079,#1080,#1081,#1082,#1083),.UNSPECIFIED.,.F.,.F.,(6,4,6),(0.,
    0.643881110253,1.),.UNSPECIFIED.);
#1074 = CARTESIAN_POINT('',(55.445469798658,3.877181208054,3.));
#1075 = CARTESIAN_POINT('',(55.445469798658,3.803358338261,3.));
#1076 = CARTESIAN_POINT('',(55.437498668905,3.733083703788,3.));
#1077 = CARTESIAN_POINT('',(55.421017504544,3.667009397503,3.));
#1078 = CARTESIAN_POINT('',(55.395749562011,3.605715965681,3.));
#1079 = CARTESIAN_POINT('',(55.343225822221,3.518534939366,3.));
#1080 = CARTESIAN_POINT('',(55.321903401601,3.489063064478,3.));
#1081 = CARTESIAN_POINT('',(55.298000111342,3.461227636502,3.));
#1082 = CARTESIAN_POINT('',(55.271591770508,3.43506079436,3.));
#1083 = CARTESIAN_POINT('',(55.242785234899,3.410570469799,3.));
#1084 = ORIENTED_EDGE('',*,*,#1085,.F.);
#1085 = EDGE_CURVE('',#1086,#1071,#1088,.T.);
#1086 = VERTEX_POINT('',#1087);
#1087 = CARTESIAN_POINT('',(55.242785234899,4.344966442953,3.));
#1088 = B_SPLINE_CURVE_WITH_KNOTS('',5,(#1089,#1090,#1091,#1092,#1093,
    #1094,#1095,#1096,#1097,#1098),.UNSPECIFIED.,.F.,.F.,(6,4,6),(0.,
    0.341922524454,1.),.UNSPECIFIED.);
#1089 = CARTESIAN_POINT('',(55.242785234899,4.344966442953,3.));
#1090 = CARTESIAN_POINT('',(55.270478406724,4.321606060429,3.));
#1091 = CARTESIAN_POINT('',(55.295951686067,4.296655153819,3.));
#1092 = CARTESIAN_POINT('',(55.319110321002,4.270121103012,3.));
#1093 = CARTESIAN_POINT('',(55.339886806652,4.242032933803,3.));
#1094 = CARTESIAN_POINT('',(55.393584724346,4.155500769049,3.));
#1095 = CARTESIAN_POINT('',(55.419979948505,4.092991157972,3.));
#1096 = CARTESIAN_POINT('',(55.437170928588,4.025326687363,3.));
#1097 = CARTESIAN_POINT('',(55.445469798658,3.953150461637,3.));
#1098 = CARTESIAN_POINT('',(55.445469798658,3.877181208054,3.));
#1099 = ORIENTED_EDGE('',*,*,#1100,.F.);
#1100 = EDGE_CURVE('',#1101,#1086,#1103,.T.);
#1101 = VERTEX_POINT('',#1102);
#1102 = CARTESIAN_POINT('',(54.687919463087,4.51610738255,3.));
#1103 = B_SPLINE_CURVE_WITH_KNOTS('',5,(#1104,#1105,#1106,#1107,#1108,
    #1109,#1110,#1111,#1112,#1113),.UNSPECIFIED.,.F.,.F.,(6,4,6),(0.,
    0.509918609715,1.),.UNSPECIFIED.);
#1104 = CARTESIAN_POINT('',(54.687919463087,4.51610738255,3.));
#1105 = CARTESIAN_POINT('',(54.75626814679,4.51610738255,3.));
#1106 = CARTESIAN_POINT('',(54.822263891627,4.512082402535,3.));
#1107 = CARTESIAN_POINT('',(54.885584272036,4.503757565505,3.));
#1108 = CARTESIAN_POINT('',(54.945875503046,4.490882957337,3.));
#1109 = CARTESIAN_POINT('',(55.057530380028,4.456444501177,3.));
#1110 = CARTESIAN_POINT('',(55.109154019306,4.435237130071,3.));
#1111 = CARTESIAN_POINT('',(55.157384051513,4.40958049545,3.));
#1112 = CARTESIAN_POINT('',(55.201978352451,4.379451132346,3.));
#1113 = CARTESIAN_POINT('',(55.242785234899,4.344966442953,3.));
#1114 = ORIENTED_EDGE('',*,*,#1115,.F.);
#1115 = EDGE_CURVE('',#1116,#1101,#1118,.T.);
#1116 = VERTEX_POINT('',#1117);
#1117 = CARTESIAN_POINT('',(54.24244966443,4.460906040268,3.));
#1118 = B_SPLINE_CURVE_WITH_KNOTS('',5,(#1119,#1120,#1121,#1122,#1123,
    #1124),.UNSPECIFIED.,.F.,.F.,(6,6),(0.,1.),
  .PIECEWISE_BEZIER_KNOTS.);
#1119 = CARTESIAN_POINT('',(54.24244966443,4.460906040268,3.));
#1120 = CARTESIAN_POINT('',(54.335794404206,4.48268647955,3.));
#1121 = CARTESIAN_POINT('',(54.427160698314,4.499262698263,3.));
#1122 = CARTESIAN_POINT('',(54.516400816794,4.510454936228,3.));
#1123 = CARTESIAN_POINT('',(54.603367046166,4.51610738255,3.));
#1124 = CARTESIAN_POINT('',(54.687919463087,4.51610738255,3.));
#1125 = ORIENTED_EDGE('',*,*,#1126,.F.);
#1126 = EDGE_CURVE('',#1127,#1116,#1129,.T.);
#1127 = VERTEX_POINT('',#1128);
#1128 = CARTESIAN_POINT('',(53.734060402685,4.290604026846,3.));
#1129 = B_SPLINE_CURVE_WITH_KNOTS('',5,(#1130,#1131,#1132,#1133,#1134,
    #1135),.UNSPECIFIED.,.F.,.F.,(6,6),(0.,1.),
  .PIECEWISE_BEZIER_KNOTS.);
#1130 = CARTESIAN_POINT('',(53.734060402685,4.290604026846,3.));
#1131 = CARTESIAN_POINT('',(53.840347675364,4.335677703593,3.));
#1132 = CARTESIAN_POINT('',(53.944540539537,4.375534702765,3.));
#1133 = CARTESIAN_POINT('',(54.046436781704,4.409882148841,3.));
#1134 = CARTESIAN_POINT('',(54.145815242239,4.438426543475,3.));
#1135 = CARTESIAN_POINT('',(54.24244966443,4.460906040268,3.));
#1136 = ORIENTED_EDGE('',*,*,#1137,.F.);
#1137 = EDGE_CURVE('',#878,#1127,#1138,.T.);
#1138 = LINE('',#1139,#1140);
#1139 = CARTESIAN_POINT('',(53.734060402685,2.145302013423,3.));
#1140 = VECTOR('',#1141,1.);
#1141 = DIRECTION('',(0.,-1.,0.));
#1142 = FACE_BOUND('',#1143,.T.);
#1143 = EDGE_LOOP('',(#1144,#1154,#1165,#1176,#1193,#1208,#1221,#1232,
    #1249,#1266,#1285,#1302,#1321,#1343,#1370,#1393,#1403));
#1144 = ORIENTED_EDGE('',*,*,#1145,.F.);
#1145 = EDGE_CURVE('',#1146,#1148,#1150,.T.);
#1146 = VERTEX_POINT('',#1147);
#1147 = CARTESIAN_POINT('',(68.248322147651,5.589932885906,3.));
#1148 = VERTEX_POINT('',#1149);
#1149 = CARTESIAN_POINT('',(68.248322147651,6.287919463087,3.));
#1150 = LINE('',#1151,#1152);
#1151 = CARTESIAN_POINT('',(68.248322147651,3.143959731544,3.));
#1152 = VECTOR('',#1153,1.);
#1153 = DIRECTION('',(0.,1.,0.));
#1154 = ORIENTED_EDGE('',*,*,#1155,.F.);
#1155 = EDGE_CURVE('',#1156,#1146,#1158,.T.);
#1156 = VERTEX_POINT('',#1157);
#1157 = CARTESIAN_POINT('',(67.797818791946,5.760234899329,3.));
#1158 = B_SPLINE_CURVE_WITH_KNOTS('',5,(#1159,#1160,#1161,#1162,#1163,
    #1164),.UNSPECIFIED.,.F.,.F.,(6,6),(0.,1.),
  .PIECEWISE_BEZIER_KNOTS.);
#1159 = CARTESIAN_POINT('',(67.797818791946,5.760234899329,3.));
#1160 = CARTESIAN_POINT('',(67.883874438451,5.737833111985,3.));
#1161 = CARTESIAN_POINT('',(67.972123041331,5.70936886184,3.));
#1162 = CARTESIAN_POINT('',(68.062392738087,5.675059130885,3.));
#1163 = CARTESIAN_POINT('',(68.154512543165,5.635158989963,3.));
#1164 = CARTESIAN_POINT('',(68.248322147651,5.589932885906,3.));
#1165 = ORIENTED_EDGE('',*,*,#1166,.F.);
#1166 = EDGE_CURVE('',#1167,#1156,#1169,.T.);
#1167 = VERTEX_POINT('',#1168);
#1168 = CARTESIAN_POINT('',(67.385067114094,5.815436241611,3.));
#1169 = B_SPLINE_CURVE_WITH_KNOTS('',5,(#1170,#1171,#1172,#1173,#1174,
    #1175),.UNSPECIFIED.,.F.,.F.,(6,6),(0.,1.),
  .PIECEWISE_BEZIER_KNOTS.);
#1170 = CARTESIAN_POINT('',(67.385067114094,5.815436241611,3.));
#1171 = CARTESIAN_POINT('',(67.466028717611,5.815436241611,3.));
#1172 = CARTESIAN_POINT('',(67.547866044499,5.809857736057,3.));
#1173 = CARTESIAN_POINT('',(67.630498445346,5.798739759225,3.));
#1174 = CARTESIAN_POINT('',(67.713843617331,5.782161750478,3.));
#1175 = CARTESIAN_POINT('',(67.797818791946,5.760234899329,3.));
#1176 = ORIENTED_EDGE('',*,*,#1177,.F.);
#1177 = EDGE_CURVE('',#1178,#1167,#1180,.T.);
#1178 = VERTEX_POINT('',#1179);
#1179 = CARTESIAN_POINT('',(66.710570469799,5.574832214765,3.));
#1180 = B_SPLINE_CURVE_WITH_KNOTS('',6,(#1181,#1182,#1183,#1184,#1185,
    #1186,#1187,#1188,#1189,#1190,#1191,#1192),.UNSPECIFIED.,.F.,.F.,(7,
    5,7),(0.,0.120666637961,1.),.UNSPECIFIED.);
#1181 = CARTESIAN_POINT('',(66.710570469799,5.574832214765,3.));
#1182 = CARTESIAN_POINT('',(66.720543898132,5.584764087147,3.));
#1183 = CARTESIAN_POINT('',(66.730720759066,5.594457821539,3.));
#1184 = CARTESIAN_POINT('',(66.741099682418,5.603910741037,3.));
#1185 = CARTESIAN_POINT('',(66.751679021654,5.61312047839,3.));
#1186 = CARTESIAN_POINT('',(66.762456853885,5.622084975996,3.));
#1187 = CARTESIAN_POINT('',(66.85340267094,5.694329550446,3.));
#1188 = CARTESIAN_POINT('',(66.94383438861,5.744769371734,3.));
#1189 = CARTESIAN_POINT('',(67.043764839414,5.781321477698,3.));
#1190 = CARTESIAN_POINT('',(67.151678764757,5.80450438186,3.));
#1191 = CARTESIAN_POINT('',(67.265945383127,5.815436241611,3.));
#1192 = CARTESIAN_POINT('',(67.385067114094,5.815436241611,3.));
#1193 = ORIENTED_EDGE('',*,*,#1194,.F.);
#1194 = EDGE_CURVE('',#1195,#1178,#1197,.T.);
#1195 = VERTEX_POINT('',#1196);
#1196 = CARTESIAN_POINT('',(66.428691275168,4.860570469799,3.));
#1197 = B_SPLINE_CURVE_WITH_KNOTS('',5,(#1198,#1199,#1200,#1201,#1202,
    #1203,#1204,#1205,#1206,#1207),.UNSPECIFIED.,.F.,.F.,(6,4,6),(0.,
    0.516881654097,1.),.UNSPECIFIED.);
#1198 = CARTESIAN_POINT('',(66.428691275168,4.860570469799,3.));
#1199 = CARTESIAN_POINT('',(66.436367787362,4.950865444477,3.));
#1200 = CARTESIAN_POINT('',(66.448814575212,5.038178805641,3.));
#1201 = CARTESIAN_POINT('',(66.466494649729,5.121950057989,3.));
#1202 = CARTESIAN_POINT('',(66.489890742741,5.201455712231,3.));
#1203 = CARTESIAN_POINT('',(66.546779121423,5.345606800355,3.));
#1204 = CARTESIAN_POINT('',(66.57951452218,5.410891234858,3.));
#1205 = CARTESIAN_POINT('',(66.617727871366,5.471195570702,3.));
#1206 = CARTESIAN_POINT('',(66.661492360896,5.525958597983,3.));
#1207 = CARTESIAN_POINT('',(66.710570469799,5.574832214765,3.));
#1208 = ORIENTED_EDGE('',*,*,#1209,.F.);
#1209 = EDGE_CURVE('',#1210,#1195,#1212,.T.);
#1210 = VERTEX_POINT('',#1211);
#1211 = CARTESIAN_POINT('',(66.788590604027,5.045134228188,3.));
#1212 = B_SPLINE_CURVE_WITH_KNOTS('',4,(#1213,#1214,#1215,#1216,#1217,
    #1218,#1219,#1220),.UNSPECIFIED.,.F.,.F.,(5,3,5),(0.,0.343814995152,
    1.),.UNSPECIFIED.);
#1213 = CARTESIAN_POINT('',(66.788590604027,5.045134228188,3.));
#1214 = CARTESIAN_POINT('',(66.755279027548,5.034578352005,3.));
#1215 = CARTESIAN_POINT('',(66.722492165795,5.022799674507,3.));
#1216 = CARTESIAN_POINT('',(66.690241805457,5.009798051719,3.));
#1217 = CARTESIAN_POINT('',(66.598029480804,4.968438191009,3.));
#1218 = CARTESIAN_POINT('',(66.539511204907,4.936859856095,3.));
#1219 = CARTESIAN_POINT('',(66.483051961577,4.90087425144,3.));
#1220 = CARTESIAN_POINT('',(66.428691275168,4.860570469799,3.));
#1221 = ORIENTED_EDGE('',*,*,#1222,.F.);
#1222 = EDGE_CURVE('',#1223,#1210,#1225,.T.);
#1223 = VERTEX_POINT('',#1224);
#1224 = CARTESIAN_POINT('',(67.211409395973,5.106711409396,3.));
#1225 = B_SPLINE_CURVE_WITH_KNOTS('',5,(#1226,#1227,#1228,#1229,#1230,
    #1231),.UNSPECIFIED.,.F.,.F.,(6,6),(0.,1.),
  .PIECEWISE_BEZIER_KNOTS.);
#1226 = CARTESIAN_POINT('',(67.211409395973,5.106711409396,3.));
#1227 = CARTESIAN_POINT('',(67.120773439351,5.106711409396,3.));
#1228 = CARTESIAN_POINT('',(67.032987324244,5.100684031072,3.));
#1229 = CARTESIAN_POINT('',(66.948246666376,5.088469954262,3.));
#1230 = CARTESIAN_POINT('',(66.866730709169,5.06996316203,3.));
#1231 = CARTESIAN_POINT('',(66.788590604027,5.045134228188,3.));
#1232 = ORIENTED_EDGE('',*,*,#1233,.F.);
#1233 = EDGE_CURVE('',#1234,#1223,#1236,.T.);
#1234 = VERTEX_POINT('',#1235);
#1235 = CARTESIAN_POINT('',(68.141275167785,4.768959731544,3.));
#1236 = B_SPLINE_CURVE_WITH_KNOTS('',6,(#1237,#1238,#1239,#1240,#1241,
    #1242,#1243,#1244,#1245,#1246,#1247,#1248),.UNSPECIFIED.,.F.,.F.,(7,
    5,7),(0.,0.210852117753,1.),.UNSPECIFIED.);
#1237 = CARTESIAN_POINT('',(68.141275167785,4.768959731544,3.));
#1238 = CARTESIAN_POINT('',(68.115954140842,4.793151106597,3.));
#1239 = CARTESIAN_POINT('',(68.089868552165,4.816378192467,3.));
#1240 = CARTESIAN_POINT('',(68.063029018478,4.838610677942,3.));
#1241 = CARTESIAN_POINT('',(68.035450441302,4.859823111424,3.));
#1242 = CARTESIAN_POINT('',(68.00715200696,4.879994900931,3.));
#1243 = CARTESIAN_POINT('',(67.869639419029,4.970652814955,3.));
#1244 = CARTESIAN_POINT('',(67.751314850863,5.027434397712,3.));
#1245 = CARTESIAN_POINT('',(67.62457215616,5.068501830316,3.));
#1246 = CARTESIAN_POINT('',(67.491196421939,5.094486982461,3.));
#1247 = CARTESIAN_POINT('',(67.352962076429,5.106711409396,3.));
#1248 = CARTESIAN_POINT('',(67.211409395973,5.106711409396,3.));
#1249 = ORIENTED_EDGE('',*,*,#1250,.F.);
#1250 = EDGE_CURVE('',#1251,#1234,#1253,.T.);
#1251 = VERTEX_POINT('',#1252);
#1252 = CARTESIAN_POINT('',(68.494966442953,3.884228187919,3.));
#1253 = B_SPLINE_CURVE_WITH_KNOTS('',6,(#1254,#1255,#1256,#1257,#1258,
    #1259,#1260,#1261,#1262,#1263,#1264,#1265),.UNSPECIFIED.,.F.,.F.,(7,
    5,7),(0.,0.682396951107,1.),.UNSPECIFIED.);
#1254 = CARTESIAN_POINT('',(68.494966442953,3.884228187919,3.));
#1255 = CARTESIAN_POINT('',(68.494966442953,4.001820802896,3.));
#1256 = CARTESIAN_POINT('',(68.485158053387,4.116852870058,3.));
#1257 = CARTESIAN_POINT('',(68.464528019496,4.228277924728,3.));
#1258 = CARTESIAN_POINT('',(68.432262312864,4.334951654205,3.));
#1259 = CARTESIAN_POINT('',(68.388023015753,4.435750985388,3.));
#1260 = CARTESIAN_POINT('',(68.306482802474,4.573505191397,3.));
#1261 = CARTESIAN_POINT('',(68.278109570957,4.615793565917,3.));
#1262 = CARTESIAN_POINT('',(68.247311152095,4.656532896377,3.));
#1263 = CARTESIAN_POINT('',(68.214166982107,4.695662587234,3.));
#1264 = CARTESIAN_POINT('',(68.178780638304,4.733144498074,3.));
#1265 = CARTESIAN_POINT('',(68.141275167785,4.768959731544,3.));
#1266 = ORIENTED_EDGE('',*,*,#1267,.F.);
#1267 = EDGE_CURVE('',#1268,#1251,#1270,.T.);
#1268 = VERTEX_POINT('',#1269);
#1269 = CARTESIAN_POINT('',(68.099832214765,2.915100671141,3.));
#1270 = B_SPLINE_CURVE_WITH_KNOTS('',5,(#1271,#1272,#1273,#1274,#1275,
    #1276,#1277,#1278,#1279,#1280,#1281,#1282,#1283,#1284),
  .UNSPECIFIED.,.F.,.F.,(6,4,4,6),(0.,0.314890719923,0.762712595754,1.),
  .UNSPECIFIED.);
#1271 = CARTESIAN_POINT('',(68.099832214765,2.915100671141,3.));
#1272 = CARTESIAN_POINT('',(68.14971714069,2.96108800625,3.));
#1273 = CARTESIAN_POINT('',(68.196169669413,3.009936542871,3.));
#1274 = CARTESIAN_POINT('',(68.23888403319,3.061607881317,3.));
#1275 = CARTESIAN_POINT('',(68.277622785457,3.115989440623,3.));
#1276 = CARTESIAN_POINT('',(68.361510540634,3.253753103408,3.));
#1277 = CARTESIAN_POINT('',(68.40247559366,3.339709047458,3.));
#1278 = CARTESIAN_POINT('',(68.434755650371,3.430097162474,3.));
#1279 = CARTESIAN_POINT('',(68.458568756617,3.524108930697,3.));
#1280 = CARTESIAN_POINT('',(68.482827949941,3.672212629731,3.));
#1281 = CARTESIAN_POINT('',(68.488997510676,3.724300361469,3.));
#1282 = CARTESIAN_POINT('',(68.493011019457,3.777066241716,3.));
#1283 = CARTESIAN_POINT('',(68.494966442953,3.830405618875,3.));
#1284 = CARTESIAN_POINT('',(68.494966442953,3.884228187919,3.));
#1285 = ORIENTED_EDGE('',*,*,#1286,.F.);
#1286 = EDGE_CURVE('',#1287,#1268,#1289,.T.);
#1287 = VERTEX_POINT('',#1288);
#1288 = CARTESIAN_POINT('',(67.040268456376,2.551006711409,3.));
#1289 = B_SPLINE_CURVE_WITH_KNOTS('',6,(#1290,#1291,#1292,#1293,#1294,
    #1295,#1296,#1297,#1298,#1299,#1300,#1301),.UNSPECIFIED.,.F.,.F.,(7,
    5,7),(0.,0.876909578582,1.),.UNSPECIFIED.);
#1290 = CARTESIAN_POINT('',(67.040268456376,2.551006711409,3.));
#1291 = CARTESIAN_POINT('',(67.218012559681,2.551006711409,3.));
#1292 = CARTESIAN_POINT('',(67.391879542607,2.56663999115,3.));
#1293 = CARTESIAN_POINT('',(67.559495865337,2.600443719146,3.));
#1294 = CARTESIAN_POINT('',(67.717815863042,2.654834205427,3.));
#1295 = CARTESIAN_POINT('',(67.863547467282,2.731253324706,3.));
#1296 = CARTESIAN_POINT('',(68.012614433856,2.841418170135,3.));
#1297 = CARTESIAN_POINT('',(68.030668500443,2.855376999743,3.));
#1298 = CARTESIAN_POINT('',(68.048422102742,2.8697301159,3.));
#1299 = CARTESIAN_POINT('',(68.065870108431,2.884472449168,3.));
#1300 = CARTESIAN_POINT('',(68.083008068003,2.899598166481,3.));
#1301 = CARTESIAN_POINT('',(68.099832214765,2.915100671141,3.));
#1302 = ORIENTED_EDGE('',*,*,#1303,.F.);
#1303 = EDGE_CURVE('',#1304,#1287,#1306,.T.);
#1304 = VERTEX_POINT('',#1305);
#1305 = CARTESIAN_POINT('',(65.906375838926,3.046140939597,3.));
#1306 = B_SPLINE_CURVE_WITH_KNOTS('',5,(#1307,#1308,#1309,#1310,#1311,
    #1312,#1313,#1314,#1315,#1316,#1317,#1318,#1319,#1320),
  .UNSPECIFIED.,.F.,.F.,(6,4,4,6),(0.,0.309993308183,0.749080225575,1.),
  .UNSPECIFIED.);
#1307 = CARTESIAN_POINT('',(65.906375838926,3.046140939597,3.));
#1308 = CARTESIAN_POINT('',(65.956355518836,2.984506992495,3.));
#1309 = CARTESIAN_POINT('',(66.010211036282,2.926840030146,3.));
#1310 = CARTESIAN_POINT('',(66.067928273358,2.873627478967,3.));
#1311 = CARTESIAN_POINT('',(66.12936506578,2.825266948815,3.));
#1312 = CARTESIAN_POINT('',(66.285991941303,2.72066997523,3.));
#1313 = CARTESIAN_POINT('',(66.384624561422,2.669513877255,3.));
#1314 = CARTESIAN_POINT('',(66.489086673565,2.629189086782,3.));
#1315 = CARTESIAN_POINT('',(66.598091453117,2.599300211401,3.));
#1316 = CARTESIAN_POINT('',(66.774573819407,2.567482715802,3.));
#1317 = CARTESIAN_POINT('',(66.839844462179,2.559058076282,3.));
#1318 = CARTESIAN_POINT('',(66.90599911341,2.553628697282,3.));
#1319 = CARTESIAN_POINT('',(66.972855238452,2.551006711409,3.));
#1320 = CARTESIAN_POINT('',(67.040268456376,2.551006711409,3.));
#1321 = ORIENTED_EDGE('',*,*,#1322,.F.);
#1322 = EDGE_CURVE('',#1323,#1304,#1325,.T.);
#1323 = VERTEX_POINT('',#1324);
#1324 = CARTESIAN_POINT('',(65.505033557047,4.450838926174,3.));
#1325 = B_SPLINE_CURVE_WITH_KNOTS('',6,(#1326,#1327,#1328,#1329,#1330,
    #1331,#1332,#1333,#1334,#1335,#1336,#1337,#1338,#1339,#1340,#1341,
    #1342),.UNSPECIFIED.,.F.,.F.,(7,5,5,7),(0.,0.486790293134,
    0.761218908976,1.),.UNSPECIFIED.);
#1326 = CARTESIAN_POINT('',(65.505033557047,4.450838926174,3.));
#1327 = CARTESIAN_POINT('',(65.505033557047,4.323125882619,3.));
#1328 = CARTESIAN_POINT('',(65.50978102158,4.196566748062,3.));
#1329 = CARTESIAN_POINT('',(65.519799120383,4.071460062187,3.));
#1330 = CARTESIAN_POINT('',(65.535693632876,3.948277788706,3.));
#1331 = CARTESIAN_POINT('',(65.558133971779,3.827659104357,3.));
#1332 = CARTESIAN_POINT('',(65.604456428129,3.644256868036,3.));
#1333 = CARTESIAN_POINT('',(65.623437324636,3.579204623122,3.));
#1334 = CARTESIAN_POINT('',(65.64480986583,3.515364341548,3.));
#1335 = CARTESIAN_POINT('',(65.668678556377,3.45290197438,3.));
#1336 = CARTESIAN_POINT('',(65.695128993002,3.391996479116,3.));
#1337 = CARTESIAN_POINT('',(65.749522824472,3.281353499132,3.));
#1338 = CARTESIAN_POINT('',(65.776826505754,3.231191771657,3.));
#1339 = CARTESIAN_POINT('',(65.806159839979,3.18247143486,3.));
#1340 = CARTESIAN_POINT('',(65.837539215011,3.13531471587,3.));
#1341 = CARTESIAN_POINT('',(65.870957151561,3.089836820205,3.));
#1342 = CARTESIAN_POINT('',(65.906375838926,3.046140939597,3.));
#1343 = ORIENTED_EDGE('',*,*,#1344,.F.);
#1344 = EDGE_CURVE('',#1345,#1323,#1347,.T.);
#1345 = VERTEX_POINT('',#1346);
#1346 = CARTESIAN_POINT('',(65.97432885906,5.91610738255,3.));
#1347 = B_SPLINE_CURVE_WITH_KNOTS('',6,(#1348,#1349,#1350,#1351,#1352,
    #1353,#1354,#1355,#1356,#1357,#1358,#1359,#1360,#1361,#1362,#1363,
    #1364,#1365,#1366,#1367,#1368,#1369),.UNSPECIFIED.,.F.,.F.,(7,5,5,5,
    7),(0.,1.768739876422E-02,0.300941497811,0.595673389922,1.),
  .UNSPECIFIED.);
#1348 = CARTESIAN_POINT('',(65.97432885906,5.91610738255,3.));
#1349 = CARTESIAN_POINT('',(65.971356840669,5.91273264876,3.));
#1350 = CARTESIAN_POINT('',(65.968396005158,5.909348176613,3.));
#1351 = CARTESIAN_POINT('',(65.965446381095,5.90595399543,3.));
#1352 = CARTESIAN_POINT('',(65.962507996377,5.902550135131,3.));
#1353 = CARTESIAN_POINT('',(65.959580878225,5.899136626229,3.));
#1354 = CARTESIAN_POINT('',(65.909969696522,5.840893987003,3.));
#1355 = CARTESIAN_POINT('',(65.866168003115,5.783604910224,3.));
#1356 = CARTESIAN_POINT('',(65.825375792825,5.723980674795,3.));
#1357 = CARTESIAN_POINT('',(65.787650801495,5.662184213714,3.));
#1358 = CARTESIAN_POINT('',(65.753001836517,5.598400506356,3.));
#1359 = CARTESIAN_POINT('',(65.688513400456,5.464602696953,3.));
#1360 = CARTESIAN_POINT('',(65.658923460699,5.3944358236,3.));
#1361 = CARTESIAN_POINT('',(65.632590011043,5.322547976492,3.));
#1362 = CARTESIAN_POINT('',(65.609423406027,5.249154388266,3.));
#1363 = CARTESIAN_POINT('',(65.589301442778,5.174457669881,3.));
#1364 = CARTESIAN_POINT('',(65.548474639542,4.99462621045,3.));
#1365 = CARTESIAN_POINT('',(65.530336050955,4.888505854137,3.));
#1366 = CARTESIAN_POINT('',(65.51731478321,4.780725171301,3.));
#1367 = CARTESIAN_POINT('',(65.509009542307,4.67166735448,3.));
#1368 = CARTESIAN_POINT('',(65.505033557047,4.561633865185,3.));
#1369 = CARTESIAN_POINT('',(65.505033557047,4.450838926174,3.));
#1370 = ORIENTED_EDGE('',*,*,#1371,.F.);
#1371 = EDGE_CURVE('',#1372,#1345,#1374,.T.);
#1372 = VERTEX_POINT('',#1373);
#1373 = CARTESIAN_POINT('',(67.261744966443,6.448993288591,3.));
#1374 = B_SPLINE_CURVE_WITH_KNOTS('',5,(#1375,#1376,#1377,#1378,#1379,
    #1380,#1381,#1382,#1383,#1384,#1385,#1386,#1387,#1388,#1389,#1390,
    #1391,#1392),.UNSPECIFIED.,.F.,.F.,(6,4,4,4,6),(0.,0.259808563783,
    0.488769641819,0.710372816815,1.),.UNSPECIFIED.);
#1375 = CARTESIAN_POINT('',(67.261744966443,6.448993288591,3.));
#1376 = CARTESIAN_POINT('',(67.184032919807,6.448993288591,3.));
#1377 = CARTESIAN_POINT('',(67.106855859956,6.445986872165,3.));
#1378 = CARTESIAN_POINT('',(67.030377704878,6.439753244321,3.));
#1379 = CARTESIAN_POINT('',(66.95481037818,6.430066600619,3.));
#1380 = CARTESIAN_POINT('',(66.814826925469,6.405005404899,3.));
#1381 = CARTESIAN_POINT('',(66.750151490507,6.390442680691,3.));
#1382 = CARTESIAN_POINT('',(66.686547913955,6.372933892108,3.));
#1383 = CARTESIAN_POINT('',(66.624205880962,6.352383838897,3.));
#1384 = CARTESIAN_POINT('',(66.504386103061,6.305897120768,3.));
#1385 = CARTESIAN_POINT('',(66.446813751878,6.280153797805,3.));
#1386 = CARTESIAN_POINT('',(66.390777948543,6.251503060828,3.));
#1387 = CARTESIAN_POINT('',(66.336438572659,6.219967792552,3.));
#1388 = CARTESIAN_POINT('',(66.215302956923,6.140766253327,3.));
#1389 = CARTESIAN_POINT('',(66.149794901477,6.091114441573,3.));
#1390 = CARTESIAN_POINT('',(66.087713626717,6.036879707977,3.));
#1391 = CARTESIAN_POINT('',(66.029210457253,5.978403292436,3.));
#1392 = CARTESIAN_POINT('',(65.97432885906,5.91610738255,3.));
#1393 = ORIENTED_EDGE('',*,*,#1394,.F.);
#1394 = EDGE_CURVE('',#1395,#1372,#1397,.T.);
#1395 = VERTEX_POINT('',#1396);
#1396 = CARTESIAN_POINT('',(67.765100671141,6.408724832215,3.));
#1397 = B_SPLINE_CURVE_WITH_KNOTS('',4,(#1398,#1399,#1400,#1401,#1402),
  .UNSPECIFIED.,.F.,.F.,(5,5),(0.,1.),.PIECEWISE_BEZIER_KNOTS.);
#1398 = CARTESIAN_POINT('',(67.765100671141,6.408724832215,3.));
#1399 = CARTESIAN_POINT('',(67.642512683184,6.428945531259,3.));
#1400 = CARTESIAN_POINT('',(67.517658290906,6.44235193998,3.));
#1401 = CARTESIAN_POINT('',(67.390682953821,6.448993288591,3.));
#1402 = CARTESIAN_POINT('',(67.261744966443,6.448993288591,3.));
#1403 = ORIENTED_EDGE('',*,*,#1404,.F.);
#1404 = EDGE_CURVE('',#1148,#1395,#1405,.T.);
#1405 = B_SPLINE_CURVE_WITH_KNOTS('',4,(#1406,#1407,#1408,#1409,#1410),
  .UNSPECIFIED.,.F.,.F.,(5,5),(0.,1.),.PIECEWISE_BEZIER_KNOTS.);
#1406 = CARTESIAN_POINT('',(68.248322147651,6.287919463087,3.));
#1407 = CARTESIAN_POINT('',(68.129059690763,6.328092080144,3.));
#1408 = CARTESIAN_POINT('',(68.008704230228,6.361672213447,3.));
#1409 = CARTESIAN_POINT('',(67.887348851372,6.388560183929,3.));
#1410 = CARTESIAN_POINT('',(67.765100671141,6.408724832215,3.));
#1411 = FACE_BOUND('',#1412,.T.);
#1412 = EDGE_LOOP('',(#1413,#1423,#1431,#1439,#1447,#1455,#1463));
#1413 = ORIENTED_EDGE('',*,*,#1414,.F.);
#1414 = EDGE_CURVE('',#1415,#1417,#1419,.T.);
#1415 = VERTEX_POINT('',#1416);
#1416 = CARTESIAN_POINT('',(80.415687919463,6.379194630872,3.));
#1417 = VERTEX_POINT('',#1418);
#1418 = CARTESIAN_POINT('',(77.584312080537,6.379194630872,3.));
#1419 = LINE('',#1420,#1421);
#1420 = CARTESIAN_POINT('',(38.792156040268,6.379194630872,3.));
#1421 = VECTOR('',#1422,1.);
#1422 = DIRECTION('',(-1.,0.,0.));
#1423 = ORIENTED_EDGE('',*,*,#1424,.F.);
#1424 = EDGE_CURVE('',#1425,#1415,#1427,.T.);
#1425 = VERTEX_POINT('',#1426);
#1426 = CARTESIAN_POINT('',(80.415687919463,5.83288590604,3.));
#1427 = LINE('',#1428,#1429);
#1428 = CARTESIAN_POINT('',(80.415687919463,3.189597315436,3.));
#1429 = VECTOR('',#1430,1.);
#1430 = DIRECTION('',(0.,1.,0.));
#1431 = ORIENTED_EDGE('',*,*,#1432,.F.);
#1432 = EDGE_CURVE('',#1433,#1425,#1435,.T.);
#1433 = VERTEX_POINT('',#1434);
#1434 = CARTESIAN_POINT('',(78.950922818792,2.620805369128,3.));
#1435 = LINE('',#1436,#1437);
#1436 = CARTESIAN_POINT('',(72.392810383065,-11.76046662051,3.));
#1437 = VECTOR('',#1438,1.);
#1438 = DIRECTION('',(0.414912690401,0.909861230817,-0.));
#1439 = ORIENTED_EDGE('',*,*,#1440,.F.);
#1440 = EDGE_CURVE('',#1441,#1433,#1443,.T.);
#1441 = VERTEX_POINT('',#1442);
#1442 = CARTESIAN_POINT('',(78.007130872483,2.620805369128,3.));
#1443 = LINE('',#1444,#1445);
#1444 = CARTESIAN_POINT('',(39.475461409396,2.620805369128,3.));
#1445 = VECTOR('',#1446,1.);
#1446 = DIRECTION('',(1.,0.,-0.));
#1447 = ORIENTED_EDGE('',*,*,#1448,.F.);
#1448 = EDGE_CURVE('',#1449,#1441,#1451,.T.);
#1449 = VERTEX_POINT('',#1450);
#1450 = CARTESIAN_POINT('',(79.393875838926,5.670469798658,3.));
#1451 = LINE('',#1452,#1453);
#1452 = CARTESIAN_POINT('',(70.830404701238,-13.16191391563,3.));
#1453 = VECTOR('',#1454,1.);
#1454 = DIRECTION('',(-0.413935007817,-0.910306437033,0.));
#1455 = ORIENTED_EDGE('',*,*,#1456,.F.);
#1456 = EDGE_CURVE('',#1457,#1449,#1459,.T.);
#1457 = VERTEX_POINT('',#1458);
#1458 = CARTESIAN_POINT('',(77.584312080537,5.670469798658,3.));
#1459 = LINE('',#1460,#1461);
#1460 = CARTESIAN_POINT('',(39.696937919463,5.670469798658,3.));
#1461 = VECTOR('',#1462,1.);
#1462 = DIRECTION('',(1.,0.,-0.));
#1463 = ORIENTED_EDGE('',*,*,#1464,.F.);
#1464 = EDGE_CURVE('',#1417,#1457,#1465,.T.);
#1465 = LINE('',#1466,#1467);
#1466 = CARTESIAN_POINT('',(77.584312080537,2.835234899329,3.));
#1467 = VECTOR('',#1468,1.);
#1468 = DIRECTION('',(0.,-1.,0.));
#1469 = FACE_BOUND('',#1470,.T.);
#1470 = EDGE_LOOP('',(#1471,#1481,#1489,#1497,#1505,#1513,#1521,#1529,
    #1537,#1545,#1553,#1561));
#1471 = ORIENTED_EDGE('',*,*,#1472,.T.);
#1472 = EDGE_CURVE('',#1473,#1475,#1477,.T.);
#1473 = VERTEX_POINT('',#1474);
#1474 = CARTESIAN_POINT('',(6.2,12.2,3.));
#1475 = VERTEX_POINT('',#1476);
#1476 = CARTESIAN_POINT('',(4.7,12.2,3.));
#1477 = LINE('',#1478,#1479);
#1478 = CARTESIAN_POINT('',(2.35,12.2,3.));
#1479 = VECTOR('',#1480,1.);
#1480 = DIRECTION('',(-1.,-0.,0.));
#1481 = ORIENTED_EDGE('',*,*,#1482,.T.);
#1482 = EDGE_CURVE('',#1475,#1483,#1485,.T.);
#1483 = VERTEX_POINT('',#1484);
#1484 = CARTESIAN_POINT('',(4.7,13.8,3.));
#1485 = LINE('',#1486,#1487);
#1486 = CARTESIAN_POINT('',(4.7,6.1,3.));
#1487 = VECTOR('',#1488,1.);
#1488 = DIRECTION('',(-0.,1.,0.));
#1489 = ORIENTED_EDGE('',*,*,#1490,.F.);
#1490 = EDGE_CURVE('',#1491,#1483,#1493,.T.);
#1491 = VERTEX_POINT('',#1492);
#1492 = CARTESIAN_POINT('',(6.2,13.8,3.));
#1493 = LINE('',#1494,#1495);
#1494 = CARTESIAN_POINT('',(2.35,13.8,3.));
#1495 = VECTOR('',#1496,1.);
#1496 = DIRECTION('',(-1.,-0.,0.));
#1497 = ORIENTED_EDGE('',*,*,#1498,.T.);
#1498 = EDGE_CURVE('',#1491,#1499,#1501,.T.);
#1499 = VERTEX_POINT('',#1500);
#1500 = CARTESIAN_POINT('',(6.2,15.3,3.));
#1501 = LINE('',#1502,#1503);
#1502 = CARTESIAN_POINT('',(6.2,5.35,3.));
#1503 = VECTOR('',#1504,1.);
#1504 = DIRECTION('',(-0.,1.,0.));
#1505 = ORIENTED_EDGE('',*,*,#1506,.F.);
#1506 = EDGE_CURVE('',#1507,#1499,#1509,.T.);
#1507 = VERTEX_POINT('',#1508);
#1508 = CARTESIAN_POINT('',(7.8,15.3,3.));
#1509 = LINE('',#1510,#1511);
#1510 = CARTESIAN_POINT('',(3.1,15.3,3.));
#1511 = VECTOR('',#1512,1.);
#1512 = DIRECTION('',(-1.,-0.,0.));
#1513 = ORIENTED_EDGE('',*,*,#1514,.F.);
#1514 = EDGE_CURVE('',#1515,#1507,#1517,.T.);
#1515 = VERTEX_POINT('',#1516);
#1516 = CARTESIAN_POINT('',(7.8,13.8,3.));
#1517 = LINE('',#1518,#1519);
#1518 = CARTESIAN_POINT('',(7.8,5.35,3.));
#1519 = VECTOR('',#1520,1.);
#1520 = DIRECTION('',(-0.,1.,0.));
#1521 = ORIENTED_EDGE('',*,*,#1522,.F.);
#1522 = EDGE_CURVE('',#1523,#1515,#1525,.T.);
#1523 = VERTEX_POINT('',#1524);
#1524 = CARTESIAN_POINT('',(9.3,13.8,3.));
#1525 = LINE('',#1526,#1527);
#1526 = CARTESIAN_POINT('',(2.35,13.8,3.));
#1527 = VECTOR('',#1528,1.);
#1528 = DIRECTION('',(-1.,-0.,0.));
#1529 = ORIENTED_EDGE('',*,*,#1530,.F.);
#1530 = EDGE_CURVE('',#1531,#1523,#1533,.T.);
#1531 = VERTEX_POINT('',#1532);
#1532 = CARTESIAN_POINT('',(9.3,12.2,3.));
#1533 = LINE('',#1534,#1535);
#1534 = CARTESIAN_POINT('',(9.3,6.1,3.));
#1535 = VECTOR('',#1536,1.);
#1536 = DIRECTION('',(-0.,1.,0.));
#1537 = ORIENTED_EDGE('',*,*,#1538,.T.);
#1538 = EDGE_CURVE('',#1531,#1539,#1541,.T.);
#1539 = VERTEX_POINT('',#1540);
#1540 = CARTESIAN_POINT('',(7.8,12.2,3.));
#1541 = LINE('',#1542,#1543);
#1542 = CARTESIAN_POINT('',(2.35,12.2,3.));
#1543 = VECTOR('',#1544,1.);
#1544 = DIRECTION('',(-1.,-0.,0.));
#1545 = ORIENTED_EDGE('',*,*,#1546,.F.);
#1546 = EDGE_CURVE('',#1547,#1539,#1549,.T.);
#1547 = VERTEX_POINT('',#1548);
#1548 = CARTESIAN_POINT('',(7.8,10.7,3.));
#1549 = LINE('',#1550,#1551);
#1550 = CARTESIAN_POINT('',(7.8,5.35,3.));
#1551 = VECTOR('',#1552,1.);
#1552 = DIRECTION('',(-0.,1.,0.));
#1553 = ORIENTED_EDGE('',*,*,#1554,.T.);
#1554 = EDGE_CURVE('',#1547,#1555,#1557,.T.);
#1555 = VERTEX_POINT('',#1556);
#1556 = CARTESIAN_POINT('',(6.2,10.7,3.));
#1557 = LINE('',#1558,#1559);
#1558 = CARTESIAN_POINT('',(3.1,10.7,3.));
#1559 = VECTOR('',#1560,1.);
#1560 = DIRECTION('',(-1.,-0.,0.));
#1561 = ORIENTED_EDGE('',*,*,#1562,.T.);
#1562 = EDGE_CURVE('',#1555,#1473,#1563,.T.);
#1563 = LINE('',#1564,#1565);
#1564 = CARTESIAN_POINT('',(6.2,5.35,3.));
#1565 = VECTOR('',#1566,1.);
#1566 = DIRECTION('',(-0.,1.,0.));
#1567 = FACE_BOUND('',#1568,.T.);
#1568 = EDGE_LOOP('',(#1569,#1579,#1587,#1595,#1603,#1611,#1619,#1627,
    #1635,#1643,#1651,#1659));
#1569 = ORIENTED_EDGE('',*,*,#1570,.T.);
#1570 = EDGE_CURVE('',#1571,#1573,#1575,.T.);
#1571 = VERTEX_POINT('',#1572);
#1572 = CARTESIAN_POINT('',(18.175,12.175,3.));
#1573 = VERTEX_POINT('',#1574);
#1574 = CARTESIAN_POINT('',(16.675,12.175,3.));
#1575 = LINE('',#1576,#1577);
#1576 = CARTESIAN_POINT('',(8.3375,12.175,3.));
#1577 = VECTOR('',#1578,1.);
#1578 = DIRECTION('',(-1.,-0.,0.));
#1579 = ORIENTED_EDGE('',*,*,#1580,.T.);
#1580 = EDGE_CURVE('',#1573,#1581,#1583,.T.);
#1581 = VERTEX_POINT('',#1582);
#1582 = CARTESIAN_POINT('',(16.675,13.825,3.));
#1583 = LINE('',#1584,#1585);
#1584 = CARTESIAN_POINT('',(16.675,6.0875,3.));
#1585 = VECTOR('',#1586,1.);
#1586 = DIRECTION('',(-0.,1.,0.));
#1587 = ORIENTED_EDGE('',*,*,#1588,.F.);
#1588 = EDGE_CURVE('',#1589,#1581,#1591,.T.);
#1589 = VERTEX_POINT('',#1590);
#1590 = CARTESIAN_POINT('',(18.175,13.825,3.));
#1591 = LINE('',#1592,#1593);
#1592 = CARTESIAN_POINT('',(8.3375,13.825,3.));
#1593 = VECTOR('',#1594,1.);
#1594 = DIRECTION('',(-1.,-0.,0.));
#1595 = ORIENTED_EDGE('',*,*,#1596,.T.);
#1596 = EDGE_CURVE('',#1589,#1597,#1599,.T.);
#1597 = VERTEX_POINT('',#1598);
#1598 = CARTESIAN_POINT('',(18.175,15.325,3.));
#1599 = LINE('',#1600,#1601);
#1600 = CARTESIAN_POINT('',(18.175,5.3375,3.));
#1601 = VECTOR('',#1602,1.);
#1602 = DIRECTION('',(-0.,1.,0.));
#1603 = ORIENTED_EDGE('',*,*,#1604,.F.);
#1604 = EDGE_CURVE('',#1605,#1597,#1607,.T.);
#1605 = VERTEX_POINT('',#1606);
#1606 = CARTESIAN_POINT('',(19.825,15.325,3.));
#1607 = LINE('',#1608,#1609);
#1608 = CARTESIAN_POINT('',(9.0875,15.325,3.));
#1609 = VECTOR('',#1610,1.);
#1610 = DIRECTION('',(-1.,-0.,0.));
#1611 = ORIENTED_EDGE('',*,*,#1612,.F.);
#1612 = EDGE_CURVE('',#1613,#1605,#1615,.T.);
#1613 = VERTEX_POINT('',#1614);
#1614 = CARTESIAN_POINT('',(19.825,13.825,3.));
#1615 = LINE('',#1616,#1617);
#1616 = CARTESIAN_POINT('',(19.825,5.3375,3.));
#1617 = VECTOR('',#1618,1.);
#1618 = DIRECTION('',(-0.,1.,0.));
#1619 = ORIENTED_EDGE('',*,*,#1620,.F.);
#1620 = EDGE_CURVE('',#1621,#1613,#1623,.T.);
#1621 = VERTEX_POINT('',#1622);
#1622 = CARTESIAN_POINT('',(21.325,13.825,3.));
#1623 = LINE('',#1624,#1625);
#1624 = CARTESIAN_POINT('',(8.3375,13.825,3.));
#1625 = VECTOR('',#1626,1.);
#1626 = DIRECTION('',(-1.,-0.,0.));
#1627 = ORIENTED_EDGE('',*,*,#1628,.F.);
#1628 = EDGE_CURVE('',#1629,#1621,#1631,.T.);
#1629 = VERTEX_POINT('',#1630);
#1630 = CARTESIAN_POINT('',(21.325,12.175,3.));
#1631 = LINE('',#1632,#1633);
#1632 = CARTESIAN_POINT('',(21.325,6.0875,3.));
#1633 = VECTOR('',#1634,1.);
#1634 = DIRECTION('',(-0.,1.,0.));
#1635 = ORIENTED_EDGE('',*,*,#1636,.T.);
#1636 = EDGE_CURVE('',#1629,#1637,#1639,.T.);
#1637 = VERTEX_POINT('',#1638);
#1638 = CARTESIAN_POINT('',(19.825,12.175,3.));
#1639 = LINE('',#1640,#1641);
#1640 = CARTESIAN_POINT('',(8.3375,12.175,3.));
#1641 = VECTOR('',#1642,1.);
#1642 = DIRECTION('',(-1.,-0.,0.));
#1643 = ORIENTED_EDGE('',*,*,#1644,.F.);
#1644 = EDGE_CURVE('',#1645,#1637,#1647,.T.);
#1645 = VERTEX_POINT('',#1646);
#1646 = CARTESIAN_POINT('',(19.825,10.675,3.));
#1647 = LINE('',#1648,#1649);
#1648 = CARTESIAN_POINT('',(19.825,5.3375,3.));
#1649 = VECTOR('',#1650,1.);
#1650 = DIRECTION('',(-0.,1.,0.));
#1651 = ORIENTED_EDGE('',*,*,#1652,.T.);
#1652 = EDGE_CURVE('',#1645,#1653,#1655,.T.);
#1653 = VERTEX_POINT('',#1654);
#1654 = CARTESIAN_POINT('',(18.175,10.675,3.));
#1655 = LINE('',#1656,#1657);
#1656 = CARTESIAN_POINT('',(9.0875,10.675,3.));
#1657 = VECTOR('',#1658,1.);
#1658 = DIRECTION('',(-1.,-0.,0.));
#1659 = ORIENTED_EDGE('',*,*,#1660,.T.);
#1660 = EDGE_CURVE('',#1653,#1571,#1661,.T.);
#1661 = LINE('',#1662,#1663);
#1662 = CARTESIAN_POINT('',(18.175,5.3375,3.));
#1663 = VECTOR('',#1664,1.);
#1664 = DIRECTION('',(-0.,1.,0.));
#1665 = FACE_BOUND('',#1666,.T.);
#1666 = EDGE_LOOP('',(#1667,#1677,#1685,#1693,#1701,#1709,#1717,#1725,
    #1733,#1741,#1749,#1757));
#1667 = ORIENTED_EDGE('',*,*,#1668,.T.);
#1668 = EDGE_CURVE('',#1669,#1671,#1673,.T.);
#1669 = VERTEX_POINT('',#1670);
#1670 = CARTESIAN_POINT('',(30.15,12.15,3.));
#1671 = VERTEX_POINT('',#1672);
#1672 = CARTESIAN_POINT('',(28.65,12.15,3.));
#1673 = LINE('',#1674,#1675);
#1674 = CARTESIAN_POINT('',(14.325,12.15,3.));
#1675 = VECTOR('',#1676,1.);
#1676 = DIRECTION('',(-1.,-0.,0.));
#1677 = ORIENTED_EDGE('',*,*,#1678,.T.);
#1678 = EDGE_CURVE('',#1671,#1679,#1681,.T.);
#1679 = VERTEX_POINT('',#1680);
#1680 = CARTESIAN_POINT('',(28.65,13.85,3.));
#1681 = LINE('',#1682,#1683);
#1682 = CARTESIAN_POINT('',(28.65,6.075,3.));
#1683 = VECTOR('',#1684,1.);
#1684 = DIRECTION('',(-0.,1.,0.));
#1685 = ORIENTED_EDGE('',*,*,#1686,.F.);
#1686 = EDGE_CURVE('',#1687,#1679,#1689,.T.);
#1687 = VERTEX_POINT('',#1688);
#1688 = CARTESIAN_POINT('',(30.15,13.85,3.));
#1689 = LINE('',#1690,#1691);
#1690 = CARTESIAN_POINT('',(14.325,13.85,3.));
#1691 = VECTOR('',#1692,1.);
#1692 = DIRECTION('',(-1.,-0.,0.));
#1693 = ORIENTED_EDGE('',*,*,#1694,.T.);
#1694 = EDGE_CURVE('',#1687,#1695,#1697,.T.);
#1695 = VERTEX_POINT('',#1696);
#1696 = CARTESIAN_POINT('',(30.15,15.35,3.));
#1697 = LINE('',#1698,#1699);
#1698 = CARTESIAN_POINT('',(30.15,5.325,3.));
#1699 = VECTOR('',#1700,1.);
#1700 = DIRECTION('',(-0.,1.,0.));
#1701 = ORIENTED_EDGE('',*,*,#1702,.F.);
#1702 = EDGE_CURVE('',#1703,#1695,#1705,.T.);
#1703 = VERTEX_POINT('',#1704);
#1704 = CARTESIAN_POINT('',(31.85,15.35,3.));
#1705 = LINE('',#1706,#1707);
#1706 = CARTESIAN_POINT('',(15.075,15.35,3.));
#1707 = VECTOR('',#1708,1.);
#1708 = DIRECTION('',(-1.,-0.,0.));
#1709 = ORIENTED_EDGE('',*,*,#1710,.F.);
#1710 = EDGE_CURVE('',#1711,#1703,#1713,.T.);
#1711 = VERTEX_POINT('',#1712);
#1712 = CARTESIAN_POINT('',(31.85,13.85,3.));
#1713 = LINE('',#1714,#1715);
#1714 = CARTESIAN_POINT('',(31.85,5.325,3.));
#1715 = VECTOR('',#1716,1.);
#1716 = DIRECTION('',(-0.,1.,0.));
#1717 = ORIENTED_EDGE('',*,*,#1718,.F.);
#1718 = EDGE_CURVE('',#1719,#1711,#1721,.T.);
#1719 = VERTEX_POINT('',#1720);
#1720 = CARTESIAN_POINT('',(33.35,13.85,3.));
#1721 = LINE('',#1722,#1723);
#1722 = CARTESIAN_POINT('',(14.325,13.85,3.));
#1723 = VECTOR('',#1724,1.);
#1724 = DIRECTION('',(-1.,-0.,0.));
#1725 = ORIENTED_EDGE('',*,*,#1726,.F.);
#1726 = EDGE_CURVE('',#1727,#1719,#1729,.T.);
#1727 = VERTEX_POINT('',#1728);
#1728 = CARTESIAN_POINT('',(33.35,12.15,3.));
#1729 = LINE('',#1730,#1731);
#1730 = CARTESIAN_POINT('',(33.35,6.075,3.));
#1731 = VECTOR('',#1732,1.);
#1732 = DIRECTION('',(-0.,1.,0.));
#1733 = ORIENTED_EDGE('',*,*,#1734,.T.);
#1734 = EDGE_CURVE('',#1727,#1735,#1737,.T.);
#1735 = VERTEX_POINT('',#1736);
#1736 = CARTESIAN_POINT('',(31.85,12.15,3.));
#1737 = LINE('',#1738,#1739);
#1738 = CARTESIAN_POINT('',(14.325,12.15,3.));
#1739 = VECTOR('',#1740,1.);
#1740 = DIRECTION('',(-1.,-0.,0.));
#1741 = ORIENTED_EDGE('',*,*,#1742,.F.);
#1742 = EDGE_CURVE('',#1743,#1735,#1745,.T.);
#1743 = VERTEX_POINT('',#1744);
#1744 = CARTESIAN_POINT('',(31.85,10.65,3.));
#1745 = LINE('',#1746,#1747);
#1746 = CARTESIAN_POINT('',(31.85,5.325,3.));
#1747 = VECTOR('',#1748,1.);
#1748 = DIRECTION('',(-0.,1.,0.));
#1749 = ORIENTED_EDGE('',*,*,#1750,.T.);
#1750 = EDGE_CURVE('',#1743,#1751,#1753,.T.);
#1751 = VERTEX_POINT('',#1752);
#1752 = CARTESIAN_POINT('',(30.15,10.65,3.));
#1753 = LINE('',#1754,#1755);
#1754 = CARTESIAN_POINT('',(15.075,10.65,3.));
#1755 = VECTOR('',#1756,1.);
#1756 = DIRECTION('',(-1.,-0.,0.));
#1757 = ORIENTED_EDGE('',*,*,#1758,.T.);
#1758 = EDGE_CURVE('',#1751,#1669,#1759,.T.);
#1759 = LINE('',#1760,#1761);
#1760 = CARTESIAN_POINT('',(30.15,5.325,3.));
#1761 = VECTOR('',#1762,1.);
#1762 = DIRECTION('',(-0.,1.,0.));
#1763 = FACE_BOUND('',#1764,.T.);
#1764 = EDGE_LOOP('',(#1765,#1775,#1783,#1791,#1799,#1807,#1815,#1823,
    #1831,#1839,#1847,#1855));
#1765 = ORIENTED_EDGE('',*,*,#1766,.T.);
#1766 = EDGE_CURVE('',#1767,#1769,#1771,.T.);
#1767 = VERTEX_POINT('',#1768);
#1768 = CARTESIAN_POINT('',(42.125,12.125,3.));
#1769 = VERTEX_POINT('',#1770);
#1770 = CARTESIAN_POINT('',(40.625,12.125,3.));
#1771 = LINE('',#1772,#1773);
#1772 = CARTESIAN_POINT('',(20.3125,12.125,3.));
#1773 = VECTOR('',#1774,1.);
#1774 = DIRECTION('',(-1.,-0.,0.));
#1775 = ORIENTED_EDGE('',*,*,#1776,.T.);
#1776 = EDGE_CURVE('',#1769,#1777,#1779,.T.);
#1777 = VERTEX_POINT('',#1778);
#1778 = CARTESIAN_POINT('',(40.625,13.875,3.));
#1779 = LINE('',#1780,#1781);
#1780 = CARTESIAN_POINT('',(40.625,6.0625,3.));
#1781 = VECTOR('',#1782,1.);
#1782 = DIRECTION('',(-0.,1.,0.));
#1783 = ORIENTED_EDGE('',*,*,#1784,.F.);
#1784 = EDGE_CURVE('',#1785,#1777,#1787,.T.);
#1785 = VERTEX_POINT('',#1786);
#1786 = CARTESIAN_POINT('',(42.125,13.875,3.));
#1787 = LINE('',#1788,#1789);
#1788 = CARTESIAN_POINT('',(20.3125,13.875,3.));
#1789 = VECTOR('',#1790,1.);
#1790 = DIRECTION('',(-1.,-0.,0.));
#1791 = ORIENTED_EDGE('',*,*,#1792,.T.);
#1792 = EDGE_CURVE('',#1785,#1793,#1795,.T.);
#1793 = VERTEX_POINT('',#1794);
#1794 = CARTESIAN_POINT('',(42.125,15.375,3.));
#1795 = LINE('',#1796,#1797);
#1796 = CARTESIAN_POINT('',(42.125,5.3125,3.));
#1797 = VECTOR('',#1798,1.);
#1798 = DIRECTION('',(-0.,1.,0.));
#1799 = ORIENTED_EDGE('',*,*,#1800,.F.);
#1800 = EDGE_CURVE('',#1801,#1793,#1803,.T.);
#1801 = VERTEX_POINT('',#1802);
#1802 = CARTESIAN_POINT('',(43.875,15.375,3.));
#1803 = LINE('',#1804,#1805);
#1804 = CARTESIAN_POINT('',(21.0625,15.375,3.));
#1805 = VECTOR('',#1806,1.);
#1806 = DIRECTION('',(-1.,-0.,0.));
#1807 = ORIENTED_EDGE('',*,*,#1808,.F.);
#1808 = EDGE_CURVE('',#1809,#1801,#1811,.T.);
#1809 = VERTEX_POINT('',#1810);
#1810 = CARTESIAN_POINT('',(43.875,13.875,3.));
#1811 = LINE('',#1812,#1813);
#1812 = CARTESIAN_POINT('',(43.875,5.3125,3.));
#1813 = VECTOR('',#1814,1.);
#1814 = DIRECTION('',(-0.,1.,0.));
#1815 = ORIENTED_EDGE('',*,*,#1816,.F.);
#1816 = EDGE_CURVE('',#1817,#1809,#1819,.T.);
#1817 = VERTEX_POINT('',#1818);
#1818 = CARTESIAN_POINT('',(45.375,13.875,3.));
#1819 = LINE('',#1820,#1821);
#1820 = CARTESIAN_POINT('',(20.3125,13.875,3.));
#1821 = VECTOR('',#1822,1.);
#1822 = DIRECTION('',(-1.,-0.,0.));
#1823 = ORIENTED_EDGE('',*,*,#1824,.F.);
#1824 = EDGE_CURVE('',#1825,#1817,#1827,.T.);
#1825 = VERTEX_POINT('',#1826);
#1826 = CARTESIAN_POINT('',(45.375,12.125,3.));
#1827 = LINE('',#1828,#1829);
#1828 = CARTESIAN_POINT('',(45.375,6.0625,3.));
#1829 = VECTOR('',#1830,1.);
#1830 = DIRECTION('',(-0.,1.,0.));
#1831 = ORIENTED_EDGE('',*,*,#1832,.T.);
#1832 = EDGE_CURVE('',#1825,#1833,#1835,.T.);
#1833 = VERTEX_POINT('',#1834);
#1834 = CARTESIAN_POINT('',(43.875,12.125,3.));
#1835 = LINE('',#1836,#1837);
#1836 = CARTESIAN_POINT('',(20.3125,12.125,3.));
#1837 = VECTOR('',#1838,1.);
#1838 = DIRECTION('',(-1.,-0.,0.));
#1839 = ORIENTED_EDGE('',*,*,#1840,.F.);
#1840 = EDGE_CURVE('',#1841,#1833,#1843,.T.);
#1841 = VERTEX_POINT('',#1842);
#1842 = CARTESIAN_POINT('',(43.875,10.625,3.));
#1843 = LINE('',#1844,#1845);
#1844 = CARTESIAN_POINT('',(43.875,5.3125,3.));
#1845 = VECTOR('',#1846,1.);
#1846 = DIRECTION('',(-0.,1.,0.));
#1847 = ORIENTED_EDGE('',*,*,#1848,.T.);
#1848 = EDGE_CURVE('',#1841,#1849,#1851,.T.);
#1849 = VERTEX_POINT('',#1850);
#1850 = CARTESIAN_POINT('',(42.125,10.625,3.));
#1851 = LINE('',#1852,#1853);
#1852 = CARTESIAN_POINT('',(21.0625,10.625,3.));
#1853 = VECTOR('',#1854,1.);
#1854 = DIRECTION('',(-1.,-0.,0.));
#1855 = ORIENTED_EDGE('',*,*,#1856,.T.);
#1856 = EDGE_CURVE('',#1849,#1767,#1857,.T.);
#1857 = LINE('',#1858,#1859);
#1858 = CARTESIAN_POINT('',(42.125,5.3125,3.));
#1859 = VECTOR('',#1860,1.);
#1860 = DIRECTION('',(-0.,1.,0.));
#1861 = FACE_BOUND('',#1862,.T.);
#1862 = EDGE_LOOP('',(#1863,#1873,#1881,#1889,#1897,#1905,#1913,#1921,
    #1929,#1937,#1945,#1953));
#1863 = ORIENTED_EDGE('',*,*,#1864,.T.);
#1864 = EDGE_CURVE('',#1865,#1867,#1869,.T.);
#1865 = VERTEX_POINT('',#1866);
#1866 = CARTESIAN_POINT('',(54.1,12.1,3.));
#1867 = VERTEX_POINT('',#1868);
#1868 = CARTESIAN_POINT('',(52.6,12.1,3.));
#1869 = LINE('',#1870,#1871);
#1870 = CARTESIAN_POINT('',(26.3,12.1,3.));
#1871 = VECTOR('',#1872,1.);
#1872 = DIRECTION('',(-1.,-0.,0.));
#1873 = ORIENTED_EDGE('',*,*,#1874,.T.);
#1874 = EDGE_CURVE('',#1867,#1875,#1877,.T.);
#1875 = VERTEX_POINT('',#1876);
#1876 = CARTESIAN_POINT('',(52.6,13.9,3.));
#1877 = LINE('',#1878,#1879);
#1878 = CARTESIAN_POINT('',(52.6,6.05,3.));
#1879 = VECTOR('',#1880,1.);
#1880 = DIRECTION('',(-0.,1.,0.));
#1881 = ORIENTED_EDGE('',*,*,#1882,.F.);
#1882 = EDGE_CURVE('',#1883,#1875,#1885,.T.);
#1883 = VERTEX_POINT('',#1884);
#1884 = CARTESIAN_POINT('',(54.1,13.9,3.));
#1885 = LINE('',#1886,#1887);
#1886 = CARTESIAN_POINT('',(26.3,13.9,3.));
#1887 = VECTOR('',#1888,1.);
#1888 = DIRECTION('',(-1.,-0.,0.));
#1889 = ORIENTED_EDGE('',*,*,#1890,.T.);
#1890 = EDGE_CURVE('',#1883,#1891,#1893,.T.);
#1891 = VERTEX_POINT('',#1892);
#1892 = CARTESIAN_POINT('',(54.1,15.4,3.));
#1893 = LINE('',#1894,#1895);
#1894 = CARTESIAN_POINT('',(54.1,5.3,3.));
#1895 = VECTOR('',#1896,1.);
#1896 = DIRECTION('',(-0.,1.,0.));
#1897 = ORIENTED_EDGE('',*,*,#1898,.F.);
#1898 = EDGE_CURVE('',#1899,#1891,#1901,.T.);
#1899 = VERTEX_POINT('',#1900);
#1900 = CARTESIAN_POINT('',(55.9,15.4,3.));
#1901 = LINE('',#1902,#1903);
#1902 = CARTESIAN_POINT('',(27.05,15.4,3.));
#1903 = VECTOR('',#1904,1.);
#1904 = DIRECTION('',(-1.,-0.,0.));
#1905 = ORIENTED_EDGE('',*,*,#1906,.F.);
#1906 = EDGE_CURVE('',#1907,#1899,#1909,.T.);
#1907 = VERTEX_POINT('',#1908);
#1908 = CARTESIAN_POINT('',(55.9,13.9,3.));
#1909 = LINE('',#1910,#1911);
#1910 = CARTESIAN_POINT('',(55.9,5.3,3.));
#1911 = VECTOR('',#1912,1.);
#1912 = DIRECTION('',(-0.,1.,0.));
#1913 = ORIENTED_EDGE('',*,*,#1914,.F.);
#1914 = EDGE_CURVE('',#1915,#1907,#1917,.T.);
#1915 = VERTEX_POINT('',#1916);
#1916 = CARTESIAN_POINT('',(57.4,13.9,3.));
#1917 = LINE('',#1918,#1919);
#1918 = CARTESIAN_POINT('',(26.3,13.9,3.));
#1919 = VECTOR('',#1920,1.);
#1920 = DIRECTION('',(-1.,-0.,0.));
#1921 = ORIENTED_EDGE('',*,*,#1922,.F.);
#1922 = EDGE_CURVE('',#1923,#1915,#1925,.T.);
#1923 = VERTEX_POINT('',#1924);
#1924 = CARTESIAN_POINT('',(57.4,12.1,3.));
#1925 = LINE('',#1926,#1927);
#1926 = CARTESIAN_POINT('',(57.4,6.05,3.));
#1927 = VECTOR('',#1928,1.);
#1928 = DIRECTION('',(-0.,1.,0.));
#1929 = ORIENTED_EDGE('',*,*,#1930,.T.);
#1930 = EDGE_CURVE('',#1923,#1931,#1933,.T.);
#1931 = VERTEX_POINT('',#1932);
#1932 = CARTESIAN_POINT('',(55.9,12.1,3.));
#1933 = LINE('',#1934,#1935);
#1934 = CARTESIAN_POINT('',(26.3,12.1,3.));
#1935 = VECTOR('',#1936,1.);
#1936 = DIRECTION('',(-1.,-0.,0.));
#1937 = ORIENTED_EDGE('',*,*,#1938,.F.);
#1938 = EDGE_CURVE('',#1939,#1931,#1941,.T.);
#1939 = VERTEX_POINT('',#1940);
#1940 = CARTESIAN_POINT('',(55.9,10.6,3.));
#1941 = LINE('',#1942,#1943);
#1942 = CARTESIAN_POINT('',(55.9,5.3,3.));
#1943 = VECTOR('',#1944,1.);
#1944 = DIRECTION('',(-0.,1.,0.));
#1945 = ORIENTED_EDGE('',*,*,#1946,.T.);
#1946 = EDGE_CURVE('',#1939,#1947,#1949,.T.);
#1947 = VERTEX_POINT('',#1948);
#1948 = CARTESIAN_POINT('',(54.1,10.6,3.));
#1949 = LINE('',#1950,#1951);
#1950 = CARTESIAN_POINT('',(27.05,10.6,3.));
#1951 = VECTOR('',#1952,1.);
#1952 = DIRECTION('',(-1.,-0.,0.));
#1953 = ORIENTED_EDGE('',*,*,#1954,.T.);
#1954 = EDGE_CURVE('',#1947,#1865,#1955,.T.);
#1955 = LINE('',#1956,#1957);
#1956 = CARTESIAN_POINT('',(54.1,5.3,3.));
#1957 = VECTOR('',#1958,1.);
#1958 = DIRECTION('',(-0.,1.,0.));
#1959 = FACE_BOUND('',#1960,.T.);
#1960 = EDGE_LOOP('',(#1961,#1971,#1979,#1987,#1995,#2003,#2011,#2019,
    #2027,#2035,#2043,#2051));
#1961 = ORIENTED_EDGE('',*,*,#1962,.T.);
#1962 = EDGE_CURVE('',#1963,#1965,#1967,.T.);
#1963 = VERTEX_POINT('',#1964);
#1964 = CARTESIAN_POINT('',(66.075,12.075,3.));
#1965 = VERTEX_POINT('',#1966);
#1966 = CARTESIAN_POINT('',(64.575,12.075,3.));
#1967 = LINE('',#1968,#1969);
#1968 = CARTESIAN_POINT('',(32.2875,12.075,3.));
#1969 = VECTOR('',#1970,1.);
#1970 = DIRECTION('',(-1.,-0.,0.));
#1971 = ORIENTED_EDGE('',*,*,#1972,.T.);
#1972 = EDGE_CURVE('',#1965,#1973,#1975,.T.);
#1973 = VERTEX_POINT('',#1974);
#1974 = CARTESIAN_POINT('',(64.575,13.925,3.));
#1975 = LINE('',#1976,#1977);
#1976 = CARTESIAN_POINT('',(64.575,6.0375,3.));
#1977 = VECTOR('',#1978,1.);
#1978 = DIRECTION('',(-0.,1.,0.));
#1979 = ORIENTED_EDGE('',*,*,#1980,.F.);
#1980 = EDGE_CURVE('',#1981,#1973,#1983,.T.);
#1981 = VERTEX_POINT('',#1982);
#1982 = CARTESIAN_POINT('',(66.075,13.925,3.));
#1983 = LINE('',#1984,#1985);
#1984 = CARTESIAN_POINT('',(32.2875,13.925,3.));
#1985 = VECTOR('',#1986,1.);
#1986 = DIRECTION('',(-1.,-0.,0.));
#1987 = ORIENTED_EDGE('',*,*,#1988,.T.);
#1988 = EDGE_CURVE('',#1981,#1989,#1991,.T.);
#1989 = VERTEX_POINT('',#1990);
#1990 = CARTESIAN_POINT('',(66.075,15.425,3.));
#1991 = LINE('',#1992,#1993);
#1992 = CARTESIAN_POINT('',(66.075,5.2875,3.));
#1993 = VECTOR('',#1994,1.);
#1994 = DIRECTION('',(-0.,1.,0.));
#1995 = ORIENTED_EDGE('',*,*,#1996,.F.);
#1996 = EDGE_CURVE('',#1997,#1989,#1999,.T.);
#1997 = VERTEX_POINT('',#1998);
#1998 = CARTESIAN_POINT('',(67.925,15.425,3.));
#1999 = LINE('',#2000,#2001);
#2000 = CARTESIAN_POINT('',(33.0375,15.425,3.));
#2001 = VECTOR('',#2002,1.);
#2002 = DIRECTION('',(-1.,-0.,0.));
#2003 = ORIENTED_EDGE('',*,*,#2004,.F.);
#2004 = EDGE_CURVE('',#2005,#1997,#2007,.T.);
#2005 = VERTEX_POINT('',#2006);
#2006 = CARTESIAN_POINT('',(67.925,13.925,3.));
#2007 = LINE('',#2008,#2009);
#2008 = CARTESIAN_POINT('',(67.925,5.2875,3.));
#2009 = VECTOR('',#2010,1.);
#2010 = DIRECTION('',(-0.,1.,0.));
#2011 = ORIENTED_EDGE('',*,*,#2012,.F.);
#2012 = EDGE_CURVE('',#2013,#2005,#2015,.T.);
#2013 = VERTEX_POINT('',#2014);
#2014 = CARTESIAN_POINT('',(69.425,13.925,3.));
#2015 = LINE('',#2016,#2017);
#2016 = CARTESIAN_POINT('',(32.2875,13.925,3.));
#2017 = VECTOR('',#2018,1.);
#2018 = DIRECTION('',(-1.,-0.,0.));
#2019 = ORIENTED_EDGE('',*,*,#2020,.F.);
#2020 = EDGE_CURVE('',#2021,#2013,#2023,.T.);
#2021 = VERTEX_POINT('',#2022);
#2022 = CARTESIAN_POINT('',(69.425,12.075,3.));
#2023 = LINE('',#2024,#2025);
#2024 = CARTESIAN_POINT('',(69.425,6.0375,3.));
#2025 = VECTOR('',#2026,1.);
#2026 = DIRECTION('',(-0.,1.,0.));
#2027 = ORIENTED_EDGE('',*,*,#2028,.T.);
#2028 = EDGE_CURVE('',#2021,#2029,#2031,.T.);
#2029 = VERTEX_POINT('',#2030);
#2030 = CARTESIAN_POINT('',(67.925,12.075,3.));
#2031 = LINE('',#2032,#2033);
#2032 = CARTESIAN_POINT('',(32.2875,12.075,3.));
#2033 = VECTOR('',#2034,1.);
#2034 = DIRECTION('',(-1.,-0.,0.));
#2035 = ORIENTED_EDGE('',*,*,#2036,.F.);
#2036 = EDGE_CURVE('',#2037,#2029,#2039,.T.);
#2037 = VERTEX_POINT('',#2038);
#2038 = CARTESIAN_POINT('',(67.925,10.575,3.));
#2039 = LINE('',#2040,#2041);
#2040 = CARTESIAN_POINT('',(67.925,5.2875,3.));
#2041 = VECTOR('',#2042,1.);
#2042 = DIRECTION('',(-0.,1.,0.));
#2043 = ORIENTED_EDGE('',*,*,#2044,.T.);
#2044 = EDGE_CURVE('',#2037,#2045,#2047,.T.);
#2045 = VERTEX_POINT('',#2046);
#2046 = CARTESIAN_POINT('',(66.075,10.575,3.));
#2047 = LINE('',#2048,#2049);
#2048 = CARTESIAN_POINT('',(33.0375,10.575,3.));
#2049 = VECTOR('',#2050,1.);
#2050 = DIRECTION('',(-1.,-0.,0.));
#2051 = ORIENTED_EDGE('',*,*,#2052,.T.);
#2052 = EDGE_CURVE('',#2045,#1963,#2053,.T.);
#2053 = LINE('',#2054,#2055);
#2054 = CARTESIAN_POINT('',(66.075,5.2875,3.));
#2055 = VECTOR('',#2056,1.);
#2056 = DIRECTION('',(-0.,1.,0.));
#2057 = FACE_BOUND('',#2058,.T.);
#2058 = EDGE_LOOP('',(#2059,#2069,#2077,#2085,#2093,#2101,#2109,#2117,
    #2125,#2133,#2141,#2149));
#2059 = ORIENTED_EDGE('',*,*,#2060,.T.);
#2060 = EDGE_CURVE('',#2061,#2063,#2065,.T.);
#2061 = VERTEX_POINT('',#2062);
#2062 = CARTESIAN_POINT('',(78.05,12.05,3.));
#2063 = VERTEX_POINT('',#2064);
#2064 = CARTESIAN_POINT('',(76.55,12.05,3.));
#2065 = LINE('',#2066,#2067);
#2066 = CARTESIAN_POINT('',(38.275,12.05,3.));
#2067 = VECTOR('',#2068,1.);
#2068 = DIRECTION('',(-1.,-0.,0.));
#2069 = ORIENTED_EDGE('',*,*,#2070,.T.);
#2070 = EDGE_CURVE('',#2063,#2071,#2073,.T.);
#2071 = VERTEX_POINT('',#2072);
#2072 = CARTESIAN_POINT('',(76.55,13.95,3.));
#2073 = LINE('',#2074,#2075);
#2074 = CARTESIAN_POINT('',(76.55,6.025,3.));
#2075 = VECTOR('',#2076,1.);
#2076 = DIRECTION('',(-0.,1.,0.));
#2077 = ORIENTED_EDGE('',*,*,#2078,.F.);
#2078 = EDGE_CURVE('',#2079,#2071,#2081,.T.);
#2079 = VERTEX_POINT('',#2080);
#2080 = CARTESIAN_POINT('',(78.05,13.95,3.));
#2081 = LINE('',#2082,#2083);
#2082 = CARTESIAN_POINT('',(38.275,13.95,3.));
#2083 = VECTOR('',#2084,1.);
#2084 = DIRECTION('',(-1.,-0.,0.));
#2085 = ORIENTED_EDGE('',*,*,#2086,.T.);
#2086 = EDGE_CURVE('',#2079,#2087,#2089,.T.);
#2087 = VERTEX_POINT('',#2088);
#2088 = CARTESIAN_POINT('',(78.05,15.45,3.));
#2089 = LINE('',#2090,#2091);
#2090 = CARTESIAN_POINT('',(78.05,5.275,3.));
#2091 = VECTOR('',#2092,1.);
#2092 = DIRECTION('',(-0.,1.,0.));
#2093 = ORIENTED_EDGE('',*,*,#2094,.F.);
#2094 = EDGE_CURVE('',#2095,#2087,#2097,.T.);
#2095 = VERTEX_POINT('',#2096);
#2096 = CARTESIAN_POINT('',(79.95,15.45,3.));
#2097 = LINE('',#2098,#2099);
#2098 = CARTESIAN_POINT('',(39.025,15.45,3.));
#2099 = VECTOR('',#2100,1.);
#2100 = DIRECTION('',(-1.,-0.,0.));
#2101 = ORIENTED_EDGE('',*,*,#2102,.F.);
#2102 = EDGE_CURVE('',#2103,#2095,#2105,.T.);
#2103 = VERTEX_POINT('',#2104);
#2104 = CARTESIAN_POINT('',(79.95,13.95,3.));
#2105 = LINE('',#2106,#2107);
#2106 = CARTESIAN_POINT('',(79.95,5.275,3.));
#2107 = VECTOR('',#2108,1.);
#2108 = DIRECTION('',(-0.,1.,0.));
#2109 = ORIENTED_EDGE('',*,*,#2110,.F.);
#2110 = EDGE_CURVE('',#2111,#2103,#2113,.T.);
#2111 = VERTEX_POINT('',#2112);
#2112 = CARTESIAN_POINT('',(81.45,13.95,3.));
#2113 = LINE('',#2114,#2115);
#2114 = CARTESIAN_POINT('',(38.275,13.95,3.));
#2115 = VECTOR('',#2116,1.);
#2116 = DIRECTION('',(-1.,-0.,0.));
#2117 = ORIENTED_EDGE('',*,*,#2118,.F.);
#2118 = EDGE_CURVE('',#2119,#2111,#2121,.T.);
#2119 = VERTEX_POINT('',#2120);
#2120 = CARTESIAN_POINT('',(81.45,12.05,3.));
#2121 = LINE('',#2122,#2123);
#2122 = CARTESIAN_POINT('',(81.45,6.025,3.));
#2123 = VECTOR('',#2124,1.);
#2124 = DIRECTION('',(-0.,1.,0.));
#2125 = ORIENTED_EDGE('',*,*,#2126,.T.);
#2126 = EDGE_CURVE('',#2119,#2127,#2129,.T.);
#2127 = VERTEX_POINT('',#2128);
#2128 = CARTESIAN_POINT('',(79.95,12.05,3.));
#2129 = LINE('',#2130,#2131);
#2130 = CARTESIAN_POINT('',(38.275,12.05,3.));
#2131 = VECTOR('',#2132,1.);
#2132 = DIRECTION('',(-1.,-0.,0.));
#2133 = ORIENTED_EDGE('',*,*,#2134,.F.);
#2134 = EDGE_CURVE('',#2135,#2127,#2137,.T.);
#2135 = VERTEX_POINT('',#2136);
#2136 = CARTESIAN_POINT('',(79.95,10.55,3.));
#2137 = LINE('',#2138,#2139);
#2138 = CARTESIAN_POINT('',(79.95,5.275,3.));
#2139 = VECTOR('',#2140,1.);
#2140 = DIRECTION('',(-0.,1.,0.));
#2141 = ORIENTED_EDGE('',*,*,#2142,.T.);
#2142 = EDGE_CURVE('',#2135,#2143,#2145,.T.);
#2143 = VERTEX_POINT('',#2144);
#2144 = CARTESIAN_POINT('',(78.05,10.55,3.));
#2145 = LINE('',#2146,#2147);
#2146 = CARTESIAN_POINT('',(39.025,10.55,3.));
#2147 = VECTOR('',#2148,1.);
#2148 = DIRECTION('',(-1.,-0.,0.));
#2149 = ORIENTED_EDGE('',*,*,#2150,.T.);
#2150 = EDGE_CURVE('',#2143,#2061,#2151,.T.);
#2151 = LINE('',#2152,#2153);
#2152 = CARTESIAN_POINT('',(78.05,5.275,3.));
#2153 = VECTOR('',#2154,1.);
#2154 = DIRECTION('',(-0.,1.,0.));
#2155 = PLANE('',#2156);
#2156 = AXIS2_PLACEMENT_3D('',#2157,#2158,#2159);
#2157 = CARTESIAN_POINT('',(0.,0.,3.));
#2158 = DIRECTION('',(0.,0.,1.));
#2159 = DIRECTION('',(1.,0.,-0.));
#2160 = ADVANCED_FACE('',(#2161),#2179,.T.);
#2161 = FACE_BOUND('',#2162,.T.);
#2162 = EDGE_LOOP('',(#2163,#2171,#2172,#2173));
#2163 = ORIENTED_EDGE('',*,*,#2164,.F.);
#2164 = EDGE_CURVE('',#32,#2165,#2167,.T.);
#2165 = VERTEX_POINT('',#2166);
#2166 = CARTESIAN_POINT('',(86.,20.,0.));
#2167 = LINE('',#2168,#2169);
#2168 = CARTESIAN_POINT('',(0.,20.,0.));
#2169 = VECTOR('',#2170,1.);
#2170 = DIRECTION('',(1.,0.,-0.));
#2171 = ORIENTED_EDGE('',*,*,#39,.T.);
#2172 = ORIENTED_EDGE('',*,*,#102,.T.);
#2173 = ORIENTED_EDGE('',*,*,#2174,.F.);
#2174 = EDGE_CURVE('',#2165,#95,#2175,.T.);
#2175 = LINE('',#2176,#2177);
#2176 = CARTESIAN_POINT('',(86.,20.,0.));
#2177 = VECTOR('',#2178,1.);
#2178 = DIRECTION('',(0.,0.,1.));
#2179 = PLANE('',#2180);
#2180 = AXIS2_PLACEMENT_3D('',#2181,#2182,#2183);
#2181 = CARTESIAN_POINT('',(0.,20.,0.));
#2182 = DIRECTION('',(-0.,1.,0.));
#2183 = DIRECTION('',(0.,0.,1.));
#2184 = ADVANCED_FACE('',(#2185),#2196,.F.);
#2185 = FACE_BOUND('',#2186,.F.);
#2186 = EDGE_LOOP('',(#2187,#2188,#2189,#2195));
#2187 = ORIENTED_EDGE('',*,*,#31,.F.);
#2188 = ORIENTED_EDGE('',*,*,#61,.T.);
#2189 = ORIENTED_EDGE('',*,*,#2190,.T.);
#2190 = EDGE_CURVE('',#62,#2165,#2191,.T.);
#2191 = LINE('',#2192,#2193);
#2192 = CARTESIAN_POINT('',(86.,0.,0.));
#2193 = VECTOR('',#2194,1.);
#2194 = DIRECTION('',(-0.,1.,0.));
#2195 = ORIENTED_EDGE('',*,*,#2164,.F.);
#2196 = PLANE('',#2197);
#2197 = AXIS2_PLACEMENT_3D('',#2198,#2199,#2200);
#2198 = CARTESIAN_POINT('',(0.,0.,0.));
#2199 = DIRECTION('',(0.,0.,1.));
#2200 = DIRECTION('',(1.,0.,-0.));
#2201 = ADVANCED_FACE('',(#2202),#2208,.T.);
#2202 = FACE_BOUND('',#2203,.T.);
#2203 = EDGE_LOOP('',(#2204,#2205,#2206,#2207));
#2204 = ORIENTED_EDGE('',*,*,#78,.F.);
#2205 = ORIENTED_EDGE('',*,*,#2190,.T.);
#2206 = ORIENTED_EDGE('',*,*,#2174,.T.);
#2207 = ORIENTED_EDGE('',*,*,#94,.F.);
#2208 = PLANE('',#2209);
#2209 = AXIS2_PLACEMENT_3D('',#2210,#2211,#2212);
#2210 = CARTESIAN_POINT('',(86.,0.,0.));
#2211 = DIRECTION('',(1.,0.,-0.));
#2212 = DIRECTION('',(0.,0.,1.));
#2213 = ADVANCED_FACE('',(#2214),#2239,.F.);
#2214 = FACE_BOUND('',#2215,.F.);
#2215 = EDGE_LOOP('',(#2216,#2226,#2232,#2233));
#2216 = ORIENTED_EDGE('',*,*,#2217,.F.);
#2217 = EDGE_CURVE('',#2218,#2220,#2222,.T.);
#2218 = VERTEX_POINT('',#2219);
#2219 = CARTESIAN_POINT('',(5.697567114094,3.286577181208,2.5));
#2220 = VERTEX_POINT('',#2221);
#2221 = CARTESIAN_POINT('',(6.553271812081,3.286577181208,2.5));
#2222 = LINE('',#2223,#2224);
#2223 = CARTESIAN_POINT('',(5.697567114094,3.286577181208,2.5));
#2224 = VECTOR('',#2225,1.);
#2225 = DIRECTION('',(1.,0.,0.));
#2226 = ORIENTED_EDGE('',*,*,#2227,.T.);
#2227 = EDGE_CURVE('',#2218,#113,#2228,.T.);
#2228 = LINE('',#2229,#2230);
#2229 = CARTESIAN_POINT('',(5.697567114094,3.286577181208,2.5));
#2230 = VECTOR('',#2231,1.);
#2231 = DIRECTION('',(0.,0.,1.));
#2232 = ORIENTED_EDGE('',*,*,#110,.F.);
#2233 = ORIENTED_EDGE('',*,*,#2234,.F.);
#2234 = EDGE_CURVE('',#2220,#111,#2235,.T.);
#2235 = LINE('',#2236,#2237);
#2236 = CARTESIAN_POINT('',(6.553271812081,3.286577181208,2.5));
#2237 = VECTOR('',#2238,1.);
#2238 = DIRECTION('',(0.,0.,1.));
#2239 = PLANE('',#2240);
#2240 = AXIS2_PLACEMENT_3D('',#2241,#2242,#2243);
#2241 = CARTESIAN_POINT('',(5.697567114094,3.286577181208,2.5));
#2242 = DIRECTION('',(0.,1.,0.));
#2243 = DIRECTION('',(1.,0.,0.));
#2244 = ADVANCED_FACE('',(#2245),#2263,.F.);
#2245 = FACE_BOUND('',#2246,.F.);
#2246 = EDGE_LOOP('',(#2247,#2255,#2256,#2257));
#2247 = ORIENTED_EDGE('',*,*,#2248,.F.);
#2248 = EDGE_CURVE('',#2220,#2249,#2251,.T.);
#2249 = VERTEX_POINT('',#2250);
#2250 = CARTESIAN_POINT('',(6.553271812081,5.724161073826,2.5));
#2251 = LINE('',#2252,#2253);
#2252 = CARTESIAN_POINT('',(6.553271812081,3.286577181208,2.5));
#2253 = VECTOR('',#2254,1.);
#2254 = DIRECTION('',(0.,1.,0.));
#2255 = ORIENTED_EDGE('',*,*,#2234,.T.);
#2256 = ORIENTED_EDGE('',*,*,#120,.F.);
#2257 = ORIENTED_EDGE('',*,*,#2258,.F.);
#2258 = EDGE_CURVE('',#2249,#121,#2259,.T.);
#2259 = LINE('',#2260,#2261);
#2260 = CARTESIAN_POINT('',(6.553271812081,5.724161073826,2.5));
#2261 = VECTOR('',#2262,1.);
#2262 = DIRECTION('',(0.,0.,1.));
#2263 = PLANE('',#2264);
#2264 = AXIS2_PLACEMENT_3D('',#2265,#2266,#2267);
#2265 = CARTESIAN_POINT('',(6.553271812081,3.286577181208,2.5));
#2266 = DIRECTION('',(-1.,0.,0.));
#2267 = DIRECTION('',(0.,1.,0.));
#2268 = ADVANCED_FACE('',(#2269),#2287,.F.);
#2269 = FACE_BOUND('',#2270,.F.);
#2270 = EDGE_LOOP('',(#2271,#2279,#2285,#2286));
#2271 = ORIENTED_EDGE('',*,*,#2272,.F.);
#2272 = EDGE_CURVE('',#2273,#2218,#2275,.T.);
#2273 = VERTEX_POINT('',#2274);
#2274 = CARTESIAN_POINT('',(5.697567114094,2.620805369128,2.5));
#2275 = LINE('',#2276,#2277);
#2276 = CARTESIAN_POINT('',(5.697567114094,2.620805369128,2.5));
#2277 = VECTOR('',#2278,1.);
#2278 = DIRECTION('',(0.,1.,0.));
#2279 = ORIENTED_EDGE('',*,*,#2280,.T.);
#2280 = EDGE_CURVE('',#2273,#185,#2281,.T.);
#2281 = LINE('',#2282,#2283);
#2282 = CARTESIAN_POINT('',(5.697567114094,2.620805369128,2.5));
#2283 = VECTOR('',#2284,1.);
#2284 = DIRECTION('',(0.,0.,1.));
#2285 = ORIENTED_EDGE('',*,*,#192,.F.);
#2286 = ORIENTED_EDGE('',*,*,#2227,.F.);
#2287 = PLANE('',#2288);
#2288 = AXIS2_PLACEMENT_3D('',#2289,#2290,#2291);
#2289 = CARTESIAN_POINT('',(5.697567114094,2.620805369128,2.5));
#2290 = DIRECTION('',(-1.,0.,0.));
#2291 = DIRECTION('',(0.,1.,0.));
#2292 = ADVANCED_FACE('',(#2293),#2311,.F.);
#2293 = FACE_BOUND('',#2294,.F.);
#2294 = EDGE_LOOP('',(#2295,#2303,#2304,#2305));
#2295 = ORIENTED_EDGE('',*,*,#2296,.F.);
#2296 = EDGE_CURVE('',#2249,#2297,#2299,.T.);
#2297 = VERTEX_POINT('',#2298);
#2298 = CARTESIAN_POINT('',(5.674916107383,5.541610738255,2.5));
#2299 = LINE('',#2300,#2301);
#2300 = CARTESIAN_POINT('',(6.553271812081,5.724161073826,2.5));
#2301 = VECTOR('',#2302,1.);
#2302 = DIRECTION('',(-0.979078331663,-0.203483710573,0.));
#2303 = ORIENTED_EDGE('',*,*,#2258,.T.);
#2304 = ORIENTED_EDGE('',*,*,#128,.F.);
#2305 = ORIENTED_EDGE('',*,*,#2306,.F.);
#2306 = EDGE_CURVE('',#2297,#129,#2307,.T.);
#2307 = LINE('',#2308,#2309);
#2308 = CARTESIAN_POINT('',(5.674916107383,5.541610738255,2.5));
#2309 = VECTOR('',#2310,1.);
#2310 = DIRECTION('',(0.,0.,1.));
#2311 = PLANE('',#2312);
#2312 = AXIS2_PLACEMENT_3D('',#2313,#2314,#2315);
#2313 = CARTESIAN_POINT('',(6.553271812081,5.724161073826,2.5));
#2314 = DIRECTION('',(0.203483710573,-0.979078331663,0.));
#2315 = DIRECTION('',(-0.979078331663,-0.203483710573,0.));
#2316 = ADVANCED_FACE('',(#2317),#2335,.F.);
#2317 = FACE_BOUND('',#2318,.F.);
#2318 = EDGE_LOOP('',(#2319,#2327,#2333,#2334));
#2319 = ORIENTED_EDGE('',*,*,#2320,.F.);
#2320 = EDGE_CURVE('',#2321,#2273,#2323,.T.);
#2321 = VERTEX_POINT('',#2322);
#2322 = CARTESIAN_POINT('',(8.325083892617,2.620805369128,2.5));
#2323 = LINE('',#2324,#2325);
#2324 = CARTESIAN_POINT('',(8.325083892617,2.620805369128,2.5));
#2325 = VECTOR('',#2326,1.);
#2326 = DIRECTION('',(-1.,0.,0.));
#2327 = ORIENTED_EDGE('',*,*,#2328,.T.);
#2328 = EDGE_CURVE('',#2321,#177,#2329,.T.);
#2329 = LINE('',#2330,#2331);
#2330 = CARTESIAN_POINT('',(8.325083892617,2.620805369128,2.5));
#2331 = VECTOR('',#2332,1.);
#2332 = DIRECTION('',(0.,0.,1.));
#2333 = ORIENTED_EDGE('',*,*,#184,.F.);
#2334 = ORIENTED_EDGE('',*,*,#2280,.F.);
#2335 = PLANE('',#2336);
#2336 = AXIS2_PLACEMENT_3D('',#2337,#2338,#2339);
#2337 = CARTESIAN_POINT('',(8.325083892617,2.620805369128,2.5));
#2338 = DIRECTION('',(0.,-1.,0.));
#2339 = DIRECTION('',(-1.,0.,0.));
#2340 = ADVANCED_FACE('',(#2341),#2359,.F.);
#2341 = FACE_BOUND('',#2342,.F.);
#2342 = EDGE_LOOP('',(#2343,#2351,#2352,#2353));
#2343 = ORIENTED_EDGE('',*,*,#2344,.F.);
#2344 = EDGE_CURVE('',#2297,#2345,#2347,.T.);
#2345 = VERTEX_POINT('',#2346);
#2346 = CARTESIAN_POINT('',(5.674916107383,6.196644295302,2.5));
#2347 = LINE('',#2348,#2349);
#2348 = CARTESIAN_POINT('',(5.674916107383,5.541610738255,2.5));
#2349 = VECTOR('',#2350,1.);
#2350 = DIRECTION('',(0.,1.,0.));
#2351 = ORIENTED_EDGE('',*,*,#2306,.T.);
#2352 = ORIENTED_EDGE('',*,*,#136,.F.);
#2353 = ORIENTED_EDGE('',*,*,#2354,.F.);
#2354 = EDGE_CURVE('',#2345,#137,#2355,.T.);
#2355 = LINE('',#2356,#2357);
#2356 = CARTESIAN_POINT('',(5.674916107383,6.196644295302,2.5));
#2357 = VECTOR('',#2358,1.);
#2358 = DIRECTION('',(0.,0.,1.));
#2359 = PLANE('',#2360);
#2360 = AXIS2_PLACEMENT_3D('',#2361,#2362,#2363);
#2361 = CARTESIAN_POINT('',(5.674916107383,5.541610738255,2.5));
#2362 = DIRECTION('',(-1.,0.,0.));
#2363 = DIRECTION('',(0.,1.,0.));
#2364 = ADVANCED_FACE('',(#2365),#2383,.F.);
#2365 = FACE_BOUND('',#2366,.F.);
#2366 = EDGE_LOOP('',(#2367,#2375,#2381,#2382));
#2367 = ORIENTED_EDGE('',*,*,#2368,.F.);
#2368 = EDGE_CURVE('',#2369,#2321,#2371,.T.);
#2369 = VERTEX_POINT('',#2370);
#2370 = CARTESIAN_POINT('',(8.325083892617,3.286577181208,2.5));
#2371 = LINE('',#2372,#2373);
#2372 = CARTESIAN_POINT('',(8.325083892617,3.286577181208,2.5));
#2373 = VECTOR('',#2374,1.);
#2374 = DIRECTION('',(0.,-1.,0.));
#2375 = ORIENTED_EDGE('',*,*,#2376,.T.);
#2376 = EDGE_CURVE('',#2369,#169,#2377,.T.);
#2377 = LINE('',#2378,#2379);
#2378 = CARTESIAN_POINT('',(8.325083892617,3.286577181208,2.5));
#2379 = VECTOR('',#2380,1.);
#2380 = DIRECTION('',(0.,0.,1.));
#2381 = ORIENTED_EDGE('',*,*,#176,.F.);
#2382 = ORIENTED_EDGE('',*,*,#2328,.F.);
#2383 = PLANE('',#2384);
#2384 = AXIS2_PLACEMENT_3D('',#2385,#2386,#2387);
#2385 = CARTESIAN_POINT('',(8.325083892617,3.286577181208,2.5));
#2386 = DIRECTION('',(1.,0.,0.));
#2387 = DIRECTION('',(0.,-1.,0.));
#2388 = ADVANCED_FACE('',(#2389),#2407,.F.);
#2389 = FACE_BOUND('',#2390,.F.);
#2390 = EDGE_LOOP('',(#2391,#2399,#2400,#2401));
#2391 = ORIENTED_EDGE('',*,*,#2392,.F.);
#2392 = EDGE_CURVE('',#2345,#2393,#2395,.T.);
#2393 = VERTEX_POINT('',#2394);
#2394 = CARTESIAN_POINT('',(6.548238255034,6.379194630872,2.5));
#2395 = LINE('',#2396,#2397);
#2396 = CARTESIAN_POINT('',(5.674916107383,6.196644295302,2.5));
#2397 = VECTOR('',#2398,1.);
#2398 = DIRECTION('',(0.978844086222,0.204607563076,0.));
#2399 = ORIENTED_EDGE('',*,*,#2354,.T.);
#2400 = ORIENTED_EDGE('',*,*,#144,.F.);
#2401 = ORIENTED_EDGE('',*,*,#2402,.F.);
#2402 = EDGE_CURVE('',#2393,#145,#2403,.T.);
#2403 = LINE('',#2404,#2405);
#2404 = CARTESIAN_POINT('',(6.548238255034,6.379194630872,2.5));
#2405 = VECTOR('',#2406,1.);
#2406 = DIRECTION('',(0.,0.,1.));
#2407 = PLANE('',#2408);
#2408 = AXIS2_PLACEMENT_3D('',#2409,#2410,#2411);
#2409 = CARTESIAN_POINT('',(5.674916107383,6.196644295302,2.5));
#2410 = DIRECTION('',(-0.204607563076,0.978844086222,0.));
#2411 = DIRECTION('',(0.978844086222,0.204607563076,0.));
#2412 = ADVANCED_FACE('',(#2413),#2431,.F.);
#2413 = FACE_BOUND('',#2414,.F.);
#2414 = EDGE_LOOP('',(#2415,#2423,#2429,#2430));
#2415 = ORIENTED_EDGE('',*,*,#2416,.F.);
#2416 = EDGE_CURVE('',#2417,#2369,#2419,.T.);
#2417 = VERTEX_POINT('',#2418);
#2418 = CARTESIAN_POINT('',(7.469379194631,3.286577181208,2.5));
#2419 = LINE('',#2420,#2421);
#2420 = CARTESIAN_POINT('',(7.469379194631,3.286577181208,2.5));
#2421 = VECTOR('',#2422,1.);
#2422 = DIRECTION('',(1.,0.,0.));
#2423 = ORIENTED_EDGE('',*,*,#2424,.T.);
#2424 = EDGE_CURVE('',#2417,#161,#2425,.T.);
#2425 = LINE('',#2426,#2427);
#2426 = CARTESIAN_POINT('',(7.469379194631,3.286577181208,2.5));
#2427 = VECTOR('',#2428,1.);
#2428 = DIRECTION('',(0.,0.,1.));
#2429 = ORIENTED_EDGE('',*,*,#168,.F.);
#2430 = ORIENTED_EDGE('',*,*,#2376,.F.);
#2431 = PLANE('',#2432);
#2432 = AXIS2_PLACEMENT_3D('',#2433,#2434,#2435);
#2433 = CARTESIAN_POINT('',(7.469379194631,3.286577181208,2.5));
#2434 = DIRECTION('',(0.,1.,0.));
#2435 = DIRECTION('',(1.,0.,0.));
#2436 = ADVANCED_FACE('',(#2437),#2455,.F.);
#2437 = FACE_BOUND('',#2438,.F.);
#2438 = EDGE_LOOP('',(#2439,#2447,#2448,#2449));
#2439 = ORIENTED_EDGE('',*,*,#2440,.F.);
#2440 = EDGE_CURVE('',#2393,#2441,#2443,.T.);
#2441 = VERTEX_POINT('',#2442);
#2442 = CARTESIAN_POINT('',(7.469379194631,6.379194630872,2.5));
#2443 = LINE('',#2444,#2445);
#2444 = CARTESIAN_POINT('',(6.548238255034,6.379194630872,2.5));
#2445 = VECTOR('',#2446,1.);
#2446 = DIRECTION('',(1.,0.,0.));
#2447 = ORIENTED_EDGE('',*,*,#2402,.T.);
#2448 = ORIENTED_EDGE('',*,*,#152,.F.);
#2449 = ORIENTED_EDGE('',*,*,#2450,.F.);
#2450 = EDGE_CURVE('',#2441,#153,#2451,.T.);
#2451 = LINE('',#2452,#2453);
#2452 = CARTESIAN_POINT('',(7.469379194631,6.379194630872,2.5));
#2453 = VECTOR('',#2454,1.);
#2454 = DIRECTION('',(0.,0.,1.));
#2455 = PLANE('',#2456);
#2456 = AXIS2_PLACEMENT_3D('',#2457,#2458,#2459);
#2457 = CARTESIAN_POINT('',(6.548238255034,6.379194630872,2.5));
#2458 = DIRECTION('',(0.,1.,0.));
#2459 = DIRECTION('',(1.,0.,0.));
#2460 = ADVANCED_FACE('',(#2461),#2472,.F.);
#2461 = FACE_BOUND('',#2462,.F.);
#2462 = EDGE_LOOP('',(#2463,#2469,#2470,#2471));
#2463 = ORIENTED_EDGE('',*,*,#2464,.F.);
#2464 = EDGE_CURVE('',#2441,#2417,#2465,.T.);
#2465 = LINE('',#2466,#2467);
#2466 = CARTESIAN_POINT('',(7.469379194631,6.379194630872,2.5));
#2467 = VECTOR('',#2468,1.);
#2468 = DIRECTION('',(0.,-1.,0.));
#2469 = ORIENTED_EDGE('',*,*,#2450,.T.);
#2470 = ORIENTED_EDGE('',*,*,#160,.F.);
#2471 = ORIENTED_EDGE('',*,*,#2424,.F.);
#2472 = PLANE('',#2473);
#2473 = AXIS2_PLACEMENT_3D('',#2474,#2475,#2476);
#2474 = CARTESIAN_POINT('',(7.469379194631,6.379194630872,2.5));
#2475 = DIRECTION('',(1.,0.,0.));
#2476 = DIRECTION('',(0.,-1.,0.));
#2477 = ADVANCED_FACE('',(#2478),#2503,.F.);
#2478 = FACE_BOUND('',#2479,.F.);
#2479 = EDGE_LOOP('',(#2480,#2490,#2496,#2497));
#2480 = ORIENTED_EDGE('',*,*,#2481,.F.);
#2481 = EDGE_CURVE('',#2482,#2484,#2486,.T.);
#2482 = VERTEX_POINT('',#2483);
#2483 = CARTESIAN_POINT('',(18.71182885906,3.297315436242,2.5));
#2484 = VERTEX_POINT('',#2485);
#2485 = CARTESIAN_POINT('',(20.365352348993,3.297315436242,2.5));
#2486 = LINE('',#2487,#2488);
#2487 = CARTESIAN_POINT('',(18.71182885906,3.297315436242,2.5));
#2488 = VECTOR('',#2489,1.);
#2489 = DIRECTION('',(1.,0.,0.));
#2490 = ORIENTED_EDGE('',*,*,#2491,.T.);
#2491 = EDGE_CURVE('',#2482,#203,#2492,.T.);
#2492 = LINE('',#2493,#2494);
#2493 = CARTESIAN_POINT('',(18.71182885906,3.297315436242,2.5));
#2494 = VECTOR('',#2495,1.);
#2495 = DIRECTION('',(0.,0.,1.));
#2496 = ORIENTED_EDGE('',*,*,#200,.F.);
#2497 = ORIENTED_EDGE('',*,*,#2498,.F.);
#2498 = EDGE_CURVE('',#2484,#201,#2499,.T.);
#2499 = LINE('',#2500,#2501);
#2500 = CARTESIAN_POINT('',(20.365352348993,3.297315436242,2.5));
#2501 = VECTOR('',#2502,1.);
#2502 = DIRECTION('',(0.,0.,1.));
#2503 = PLANE('',#2504);
#2504 = AXIS2_PLACEMENT_3D('',#2505,#2506,#2507);
#2505 = CARTESIAN_POINT('',(18.71182885906,3.297315436242,2.5));
#2506 = DIRECTION('',(0.,1.,0.));
#2507 = DIRECTION('',(1.,0.,0.));
#2508 = ADVANCED_FACE('',(#2509),#2527,.F.);
#2509 = FACE_BOUND('',#2510,.F.);
#2510 = EDGE_LOOP('',(#2511,#2519,#2520,#2521));
#2511 = ORIENTED_EDGE('',*,*,#2512,.F.);
#2512 = EDGE_CURVE('',#2484,#2513,#2515,.T.);
#2513 = VERTEX_POINT('',#2514);
#2514 = CARTESIAN_POINT('',(20.365352348993,2.588590604027,2.5));
#2515 = LINE('',#2516,#2517);
#2516 = CARTESIAN_POINT('',(20.365352348993,3.297315436242,2.5));
#2517 = VECTOR('',#2518,1.);
#2518 = DIRECTION('',(0.,-1.,0.));
#2519 = ORIENTED_EDGE('',*,*,#2498,.T.);
#2520 = ORIENTED_EDGE('',*,*,#210,.F.);
#2521 = ORIENTED_EDGE('',*,*,#2522,.F.);
#2522 = EDGE_CURVE('',#2513,#211,#2523,.T.);
#2523 = LINE('',#2524,#2525);
#2524 = CARTESIAN_POINT('',(20.365352348993,2.588590604027,2.5));
#2525 = VECTOR('',#2526,1.);
#2526 = DIRECTION('',(0.,0.,1.));
#2527 = PLANE('',#2528);
#2528 = AXIS2_PLACEMENT_3D('',#2529,#2530,#2531);
#2529 = CARTESIAN_POINT('',(20.365352348993,3.297315436242,2.5));
#2530 = DIRECTION('',(1.,0.,0.));
#2531 = DIRECTION('',(0.,-1.,0.));
#2532 = ADVANCED_FACE('',(#2533),#2551,.F.);
#2533 = FACE_BOUND('',#2534,.F.);
#2534 = EDGE_LOOP('',(#2535,#2543,#2549,#2550));
#2535 = ORIENTED_EDGE('',*,*,#2536,.F.);
#2536 = EDGE_CURVE('',#2537,#2482,#2539,.T.);
#2537 = VERTEX_POINT('',#2538);
#2538 = CARTESIAN_POINT('',(19.514681208054,4.000503355705,2.5));
#2539 = LINE('',#2540,#2541);
#2540 = CARTESIAN_POINT('',(19.514681208054,4.000503355705,2.5));
#2541 = VECTOR('',#2542,1.);
#2542 = DIRECTION('',(-0.752255226589,-0.65887181915,0.));
#2543 = ORIENTED_EDGE('',*,*,#2544,.T.);
#2544 = EDGE_CURVE('',#2537,#400,#2545,.T.);
#2545 = LINE('',#2546,#2547);
#2546 = CARTESIAN_POINT('',(19.514681208054,4.000503355705,2.5));
#2547 = VECTOR('',#2548,1.);
#2548 = DIRECTION('',(0.,0.,1.));
#2549 = ORIENTED_EDGE('',*,*,#411,.F.);
#2550 = ORIENTED_EDGE('',*,*,#2491,.F.);
#2551 = PLANE('',#2552);
#2552 = AXIS2_PLACEMENT_3D('',#2553,#2554,#2555);
#2553 = CARTESIAN_POINT('',(19.514681208054,4.000503355705,2.5));
#2554 = DIRECTION('',(0.65887181915,-0.752255226589,0.));
#2555 = DIRECTION('',(-0.752255226589,-0.65887181915,0.));
#2556 = ADVANCED_FACE('',(#2557),#2575,.F.);
#2557 = FACE_BOUND('',#2558,.F.);
#2558 = EDGE_LOOP('',(#2559,#2567,#2568,#2569));
#2559 = ORIENTED_EDGE('',*,*,#2560,.F.);
#2560 = EDGE_CURVE('',#2513,#2561,#2563,.T.);
#2561 = VERTEX_POINT('',#2562);
#2562 = CARTESIAN_POINT('',(17.634647651007,2.588590604027,2.5));
#2563 = LINE('',#2564,#2565);
#2564 = CARTESIAN_POINT('',(20.365352348993,2.588590604027,2.5));
#2565 = VECTOR('',#2566,1.);
#2566 = DIRECTION('',(-1.,0.,0.));
#2567 = ORIENTED_EDGE('',*,*,#2522,.T.);
#2568 = ORIENTED_EDGE('',*,*,#218,.F.);
#2569 = ORIENTED_EDGE('',*,*,#2570,.F.);
#2570 = EDGE_CURVE('',#2561,#219,#2571,.T.);
#2571 = LINE('',#2572,#2573);
#2572 = CARTESIAN_POINT('',(17.634647651007,2.588590604027,2.5));
#2573 = VECTOR('',#2574,1.);
#2574 = DIRECTION('',(0.,0.,1.));
#2575 = PLANE('',#2576);
#2576 = AXIS2_PLACEMENT_3D('',#2577,#2578,#2579);
#2577 = CARTESIAN_POINT('',(20.365352348993,2.588590604027,2.5));
#2578 = DIRECTION('',(0.,-1.,0.));
#2579 = DIRECTION('',(-1.,0.,0.));
#2580 = ADVANCED_FACE('',(#2581),#2599,.F.);
#2581 = FACE_BOUND('',#2582,.F.);
#2582 = EDGE_LOOP('',(#2583,#2591,#2597,#2598));
#2583 = ORIENTED_EDGE('',*,*,#2584,.F.);
#2584 = EDGE_CURVE('',#2585,#2537,#2587,.T.);
#2585 = VERTEX_POINT('',#2586);
#2586 = CARTESIAN_POINT('',(20.181627516779,4.712248322148,2.5));
#2587 = B_SPLINE_CURVE_WITH_KNOTS('',2,(#2588,#2589,#2590),
  .UNSPECIFIED.,.F.,.F.,(3,3),(0.,1.),.PIECEWISE_BEZIER_KNOTS.);
#2588 = CARTESIAN_POINT('',(20.181627516779,4.712248322148,2.5));
#2589 = CARTESIAN_POINT('',(20.023070469799,4.446476510067,2.5));
#2590 = CARTESIAN_POINT('',(19.514681208054,4.000503355705,2.5));
#2591 = ORIENTED_EDGE('',*,*,#2592,.T.);
#2592 = EDGE_CURVE('',#2585,#385,#2593,.T.);
#2593 = LINE('',#2594,#2595);
#2594 = CARTESIAN_POINT('',(20.181627516779,4.712248322148,2.5));
#2595 = VECTOR('',#2596,1.);
#2596 = DIRECTION('',(0.,0.,1.));
#2597 = ORIENTED_EDGE('',*,*,#399,.F.);
#2598 = ORIENTED_EDGE('',*,*,#2544,.F.);
#2599 = SURFACE_OF_LINEAR_EXTRUSION('',#2600,#2604);
#2600 = B_SPLINE_CURVE_WITH_KNOTS('',2,(#2601,#2602,#2603),
  .UNSPECIFIED.,.F.,.F.,(3,3),(0.,1.),.PIECEWISE_BEZIER_KNOTS.);
#2601 = CARTESIAN_POINT('',(20.181627516779,4.712248322148,2.5));
#2602 = CARTESIAN_POINT('',(20.023070469799,4.446476510067,2.5));
#2603 = CARTESIAN_POINT('',(19.514681208054,4.000503355705,2.5));
#2604 = VECTOR('',#2605,1.);
#2605 = DIRECTION('',(-0.,-0.,-1.));
#2606 = ADVANCED_FACE('',(#2607),#2625,.F.);
#2607 = FACE_BOUND('',#2608,.F.);
#2608 = EDGE_LOOP('',(#2609,#2617,#2618,#2619));
#2609 = ORIENTED_EDGE('',*,*,#2610,.F.);
#2610 = EDGE_CURVE('',#2561,#2611,#2613,.T.);
#2611 = VERTEX_POINT('',#2612);
#2612 = CARTESIAN_POINT('',(17.634647651007,3.297315436242,2.5));
#2613 = LINE('',#2614,#2615);
#2614 = CARTESIAN_POINT('',(17.634647651007,2.588590604027,2.5));
#2615 = VECTOR('',#2616,1.);
#2616 = DIRECTION('',(0.,1.,0.));
#2617 = ORIENTED_EDGE('',*,*,#2570,.T.);
#2618 = ORIENTED_EDGE('',*,*,#226,.F.);
#2619 = ORIENTED_EDGE('',*,*,#2620,.F.);
#2620 = EDGE_CURVE('',#2611,#227,#2621,.T.);
#2621 = LINE('',#2622,#2623);
#2622 = CARTESIAN_POINT('',(17.634647651007,3.297315436242,2.5));
#2623 = VECTOR('',#2624,1.);
#2624 = DIRECTION('',(0.,0.,1.));
#2625 = PLANE('',#2626);
#2626 = AXIS2_PLACEMENT_3D('',#2627,#2628,#2629);
#2627 = CARTESIAN_POINT('',(17.634647651007,2.588590604027,2.5));
#2628 = DIRECTION('',(-1.,0.,0.));
#2629 = DIRECTION('',(0.,1.,0.));
#2630 = ADVANCED_FACE('',(#2631),#2649,.F.);
#2631 = FACE_BOUND('',#2632,.F.);
#2632 = EDGE_LOOP('',(#2633,#2641,#2647,#2648));
#2633 = ORIENTED_EDGE('',*,*,#2634,.F.);
#2634 = EDGE_CURVE('',#2635,#2585,#2637,.T.);
#2635 = VERTEX_POINT('',#2636);
#2636 = CARTESIAN_POINT('',(20.340184563758,5.285234899329,2.5));
#2637 = B_SPLINE_CURVE_WITH_KNOTS('',2,(#2638,#2639,#2640),
  .UNSPECIFIED.,.F.,.F.,(3,3),(0.,1.),.PIECEWISE_BEZIER_KNOTS.);
#2638 = CARTESIAN_POINT('',(20.340184563758,5.285234899329,2.5));
#2639 = CARTESIAN_POINT('',(20.340184563758,4.978020134228,2.5));
#2640 = CARTESIAN_POINT('',(20.181627516779,4.712248322148,2.5));
#2641 = ORIENTED_EDGE('',*,*,#2642,.T.);
#2642 = EDGE_CURVE('',#2635,#366,#2643,.T.);
#2643 = LINE('',#2644,#2645);
#2644 = CARTESIAN_POINT('',(20.340184563758,5.285234899329,2.5));
#2645 = VECTOR('',#2646,1.);
#2646 = DIRECTION('',(0.,0.,1.));
#2647 = ORIENTED_EDGE('',*,*,#384,.F.);
#2648 = ORIENTED_EDGE('',*,*,#2592,.F.);
#2649 = SURFACE_OF_LINEAR_EXTRUSION('',#2650,#2654);
#2650 = B_SPLINE_CURVE_WITH_KNOTS('',2,(#2651,#2652,#2653),
  .UNSPECIFIED.,.F.,.F.,(3,3),(0.,1.),.PIECEWISE_BEZIER_KNOTS.);
#2651 = CARTESIAN_POINT('',(20.340184563758,5.285234899329,2.5));
#2652 = CARTESIAN_POINT('',(20.340184563758,4.978020134228,2.5));
#2653 = CARTESIAN_POINT('',(20.181627516779,4.712248322148,2.5));
#2654 = VECTOR('',#2655,1.);
#2655 = DIRECTION('',(-0.,-0.,-1.));
#2656 = ADVANCED_FACE('',(#2657),#2675,.F.);
#2657 = FACE_BOUND('',#2658,.F.);
#2658 = EDGE_LOOP('',(#2659,#2667,#2668,#2669));
#2659 = ORIENTED_EDGE('',*,*,#2660,.F.);
#2660 = EDGE_CURVE('',#2611,#2661,#2663,.T.);
#2661 = VERTEX_POINT('',#2662);
#2662 = CARTESIAN_POINT('',(19.006291946309,4.505201342282,2.5));
#2663 = LINE('',#2664,#2665);
#2664 = CARTESIAN_POINT('',(17.634647651007,3.297315436242,2.5));
#2665 = VECTOR('',#2666,1.);
#2666 = DIRECTION('',(0.750485828524,0.66088654184,0.));
#2667 = ORIENTED_EDGE('',*,*,#2620,.T.);
#2668 = ORIENTED_EDGE('',*,*,#234,.F.);
#2669 = ORIENTED_EDGE('',*,*,#2670,.F.);
#2670 = EDGE_CURVE('',#2661,#235,#2671,.T.);
#2671 = LINE('',#2672,#2673);
#2672 = CARTESIAN_POINT('',(19.006291946309,4.505201342282,2.5));
#2673 = VECTOR('',#2674,1.);
#2674 = DIRECTION('',(0.,0.,1.));
#2675 = PLANE('',#2676);
#2676 = AXIS2_PLACEMENT_3D('',#2677,#2678,#2679);
#2677 = CARTESIAN_POINT('',(17.634647651007,3.297315436242,2.5));
#2678 = DIRECTION('',(-0.66088654184,0.750485828524,0.));
#2679 = DIRECTION('',(0.750485828524,0.66088654184,0.));
#2680 = ADVANCED_FACE('',(#2681),#2699,.F.);
#2681 = FACE_BOUND('',#2682,.F.);
#2682 = EDGE_LOOP('',(#2683,#2691,#2697,#2698));
#2683 = ORIENTED_EDGE('',*,*,#2684,.F.);
#2684 = EDGE_CURVE('',#2685,#2635,#2687,.T.);
#2685 = VERTEX_POINT('',#2686);
#2686 = CARTESIAN_POINT('',(19.966359060403,6.114093959732,2.5));
#2687 = B_SPLINE_CURVE_WITH_KNOTS('',2,(#2688,#2689,#2690),
  .UNSPECIFIED.,.F.,.F.,(3,3),(0.,1.),.PIECEWISE_BEZIER_KNOTS.);
#2688 = CARTESIAN_POINT('',(19.966359060403,6.114093959732,2.5));
#2689 = CARTESIAN_POINT('',(20.340184563758,5.816946308725,2.5));
#2690 = CARTESIAN_POINT('',(20.340184563758,5.285234899329,2.5));
#2691 = ORIENTED_EDGE('',*,*,#2692,.T.);
#2692 = EDGE_CURVE('',#2685,#349,#2693,.T.);
#2693 = LINE('',#2694,#2695);
#2694 = CARTESIAN_POINT('',(19.966359060403,6.114093959732,2.5));
#2695 = VECTOR('',#2696,1.);
#2696 = DIRECTION('',(0.,0.,1.));
#2697 = ORIENTED_EDGE('',*,*,#365,.F.);
#2698 = ORIENTED_EDGE('',*,*,#2642,.F.);
#2699 = SURFACE_OF_LINEAR_EXTRUSION('',#2700,#2704);
#2700 = B_SPLINE_CURVE_WITH_KNOTS('',2,(#2701,#2702,#2703),
  .UNSPECIFIED.,.F.,.F.,(3,3),(0.,1.),.PIECEWISE_BEZIER_KNOTS.);
#2701 = CARTESIAN_POINT('',(19.966359060403,6.114093959732,2.5));
#2702 = CARTESIAN_POINT('',(20.340184563758,5.816946308725,2.5));
#2703 = CARTESIAN_POINT('',(20.340184563758,5.285234899329,2.5));
#2704 = VECTOR('',#2705,1.);
#2705 = DIRECTION('',(-0.,-0.,-1.));
#2706 = ADVANCED_FACE('',(#2707),#2725,.F.);
#2707 = FACE_BOUND('',#2708,.F.);
#2708 = EDGE_LOOP('',(#2709,#2717,#2718,#2719));
#2709 = ORIENTED_EDGE('',*,*,#2710,.F.);
#2710 = EDGE_CURVE('',#2661,#2711,#2713,.T.);
#2711 = VERTEX_POINT('',#2712);
#2712 = CARTESIAN_POINT('',(19.278104026846,4.829697986577,2.5));
#2713 = B_SPLINE_CURVE_WITH_KNOTS('',2,(#2714,#2715,#2716),
  .UNSPECIFIED.,.F.,.F.,(3,3),(0.,1.),.PIECEWISE_BEZIER_KNOTS.);
#2714 = CARTESIAN_POINT('',(19.006291946309,4.505201342282,2.5));
#2715 = CARTESIAN_POINT('',(19.190016778523,4.671308724832,2.5));
#2716 = CARTESIAN_POINT('',(19.278104026846,4.829697986577,2.5));
#2717 = ORIENTED_EDGE('',*,*,#2670,.T.);
#2718 = ORIENTED_EDGE('',*,*,#242,.F.);
#2719 = ORIENTED_EDGE('',*,*,#2720,.F.);
#2720 = EDGE_CURVE('',#2711,#243,#2721,.T.);
#2721 = LINE('',#2722,#2723);
#2722 = CARTESIAN_POINT('',(19.278104026846,4.829697986577,2.5));
#2723 = VECTOR('',#2724,1.);
#2724 = DIRECTION('',(0.,0.,1.));
#2725 = SURFACE_OF_LINEAR_EXTRUSION('',#2726,#2730);
#2726 = B_SPLINE_CURVE_WITH_KNOTS('',2,(#2727,#2728,#2729),
  .UNSPECIFIED.,.F.,.F.,(3,3),(0.,1.),.PIECEWISE_BEZIER_KNOTS.);
#2727 = CARTESIAN_POINT('',(19.006291946309,4.505201342282,2.5));
#2728 = CARTESIAN_POINT('',(19.190016778523,4.671308724832,2.5));
#2729 = CARTESIAN_POINT('',(19.278104026846,4.829697986577,2.5));
#2730 = VECTOR('',#2731,1.);
#2731 = DIRECTION('',(-0.,-0.,-1.));
#2732 = ADVANCED_FACE('',(#2733),#2751,.F.);
#2733 = FACE_BOUND('',#2734,.F.);
#2734 = EDGE_LOOP('',(#2735,#2743,#2749,#2750));
#2735 = ORIENTED_EDGE('',*,*,#2736,.F.);
#2736 = EDGE_CURVE('',#2737,#2685,#2739,.T.);
#2737 = VERTEX_POINT('',#2738);
#2738 = CARTESIAN_POINT('',(18.918204697987,6.411409395973,2.5));
#2739 = B_SPLINE_CURVE_WITH_KNOTS('',2,(#2740,#2741,#2742),
  .UNSPECIFIED.,.F.,.F.,(3,3),(0.,1.),.PIECEWISE_BEZIER_KNOTS.);
#2740 = CARTESIAN_POINT('',(18.918204697987,6.411409395973,2.5));
#2741 = CARTESIAN_POINT('',(19.592701342282,6.411409395973,2.5));
#2742 = CARTESIAN_POINT('',(19.966359060403,6.114093959732,2.5));
#2743 = ORIENTED_EDGE('',*,*,#2744,.T.);
#2744 = EDGE_CURVE('',#2737,#338,#2745,.T.);
#2745 = LINE('',#2746,#2747);
#2746 = CARTESIAN_POINT('',(18.918204697987,6.411409395973,2.5));
#2747 = VECTOR('',#2748,1.);
#2748 = DIRECTION('',(0.,0.,1.));
#2749 = ORIENTED_EDGE('',*,*,#348,.F.);
#2750 = ORIENTED_EDGE('',*,*,#2692,.F.);
#2751 = SURFACE_OF_LINEAR_EXTRUSION('',#2752,#2756);
#2752 = B_SPLINE_CURVE_WITH_KNOTS('',2,(#2753,#2754,#2755),
  .UNSPECIFIED.,.F.,.F.,(3,3),(0.,1.),.PIECEWISE_BEZIER_KNOTS.);
#2753 = CARTESIAN_POINT('',(18.918204697987,6.411409395973,2.5));
#2754 = CARTESIAN_POINT('',(19.592701342282,6.411409395973,2.5));
#2755 = CARTESIAN_POINT('',(19.966359060403,6.114093959732,2.5));
#2756 = VECTOR('',#2757,1.);
#2757 = DIRECTION('',(-0.,-0.,-1.));
#2758 = ADVANCED_FACE('',(#2759),#2777,.F.);
#2759 = FACE_BOUND('',#2760,.F.);
#2760 = EDGE_LOOP('',(#2761,#2769,#2770,#2771));
#2761 = ORIENTED_EDGE('',*,*,#2762,.F.);
#2762 = EDGE_CURVE('',#2711,#2763,#2765,.T.);
#2763 = VERTEX_POINT('',#2764);
#2764 = CARTESIAN_POINT('',(19.366191275168,5.159395973154,2.5));
#2765 = B_SPLINE_CURVE_WITH_KNOTS('',2,(#2766,#2767,#2768),
  .UNSPECIFIED.,.F.,.F.,(3,3),(0.,1.),.PIECEWISE_BEZIER_KNOTS.);
#2766 = CARTESIAN_POINT('',(19.278104026846,4.829697986577,2.5));
#2767 = CARTESIAN_POINT('',(19.366191275168,4.988255033557,2.5));
#2768 = CARTESIAN_POINT('',(19.366191275168,5.159395973154,2.5));
#2769 = ORIENTED_EDGE('',*,*,#2720,.T.);
#2770 = ORIENTED_EDGE('',*,*,#253,.F.);
#2771 = ORIENTED_EDGE('',*,*,#2772,.F.);
#2772 = EDGE_CURVE('',#2763,#254,#2773,.T.);
#2773 = LINE('',#2774,#2775);
#2774 = CARTESIAN_POINT('',(19.366191275168,5.159395973154,2.5));
#2775 = VECTOR('',#2776,1.);
#2776 = DIRECTION('',(0.,0.,1.));
#2777 = SURFACE_OF_LINEAR_EXTRUSION('',#2778,#2782);
#2778 = B_SPLINE_CURVE_WITH_KNOTS('',2,(#2779,#2780,#2781),
  .UNSPECIFIED.,.F.,.F.,(3,3),(0.,1.),.PIECEWISE_BEZIER_KNOTS.);
#2779 = CARTESIAN_POINT('',(19.278104026846,4.829697986577,2.5));
#2780 = CARTESIAN_POINT('',(19.366191275168,4.988255033557,2.5));
#2781 = CARTESIAN_POINT('',(19.366191275168,5.159395973154,2.5));
#2782 = VECTOR('',#2783,1.);
#2783 = DIRECTION('',(-0.,-0.,-1.));
#2784 = ADVANCED_FACE('',(#2785),#2803,.F.);
#2785 = FACE_BOUND('',#2786,.F.);
#2786 = EDGE_LOOP('',(#2787,#2795,#2801,#2802));
#2787 = ORIENTED_EDGE('',*,*,#2788,.F.);
#2788 = EDGE_CURVE('',#2789,#2737,#2791,.T.);
#2789 = VERTEX_POINT('',#2790);
#2790 = CARTESIAN_POINT('',(18.291526845638,6.353691275168,2.5));
#2791 = B_SPLINE_CURVE_WITH_KNOTS('',2,(#2792,#2793,#2794),
  .UNSPECIFIED.,.F.,.F.,(3,3),(0.,1.),.PIECEWISE_BEZIER_KNOTS.);
#2792 = CARTESIAN_POINT('',(18.291526845638,6.353691275168,2.5));
#2793 = CARTESIAN_POINT('',(18.611157718121,6.411409395973,2.5));
#2794 = CARTESIAN_POINT('',(18.918204697987,6.411409395973,2.5));
#2795 = ORIENTED_EDGE('',*,*,#2796,.T.);
#2796 = EDGE_CURVE('',#2789,#327,#2797,.T.);
#2797 = LINE('',#2798,#2799);
#2798 = CARTESIAN_POINT('',(18.291526845638,6.353691275168,2.5));
#2799 = VECTOR('',#2800,1.);
#2800 = DIRECTION('',(0.,0.,1.));
#2801 = ORIENTED_EDGE('',*,*,#337,.F.);
#2802 = ORIENTED_EDGE('',*,*,#2744,.F.);
#2803 = SURFACE_OF_LINEAR_EXTRUSION('',#2804,#2808);
#2804 = B_SPLINE_CURVE_WITH_KNOTS('',2,(#2805,#2806,#2807),
  .UNSPECIFIED.,.F.,.F.,(3,3),(0.,1.),.PIECEWISE_BEZIER_KNOTS.);
#2805 = CARTESIAN_POINT('',(18.291526845638,6.353691275168,2.5));
#2806 = CARTESIAN_POINT('',(18.611157718121,6.411409395973,2.5));
#2807 = CARTESIAN_POINT('',(18.918204697987,6.411409395973,2.5));
#2808 = VECTOR('',#2809,1.);
#2809 = DIRECTION('',(-0.,-0.,-1.));
#2810 = ADVANCED_FACE('',(#2811),#2829,.F.);
#2811 = FACE_BOUND('',#2812,.F.);
#2812 = EDGE_LOOP('',(#2813,#2821,#2822,#2823));
#2813 = ORIENTED_EDGE('',*,*,#2814,.F.);
#2814 = EDGE_CURVE('',#2763,#2815,#2817,.T.);
#2815 = VERTEX_POINT('',#2816);
#2816 = CARTESIAN_POINT('',(19.188674496644,5.584563758389,2.5));
#2817 = B_SPLINE_CURVE_WITH_KNOTS('',2,(#2818,#2819,#2820),
  .UNSPECIFIED.,.F.,.F.,(3,3),(0.,1.),.PIECEWISE_BEZIER_KNOTS.);
#2818 = CARTESIAN_POINT('',(19.366191275168,5.159395973154,2.5));
#2819 = CARTESIAN_POINT('',(19.366191275168,5.423657718121,2.5));
#2820 = CARTESIAN_POINT('',(19.188674496644,5.584563758389,2.5));
#2821 = ORIENTED_EDGE('',*,*,#2772,.T.);
#2822 = ORIENTED_EDGE('',*,*,#266,.F.);
#2823 = ORIENTED_EDGE('',*,*,#2824,.F.);
#2824 = EDGE_CURVE('',#2815,#267,#2825,.T.);
#2825 = LINE('',#2826,#2827);
#2826 = CARTESIAN_POINT('',(19.188674496644,5.584563758389,2.5));
#2827 = VECTOR('',#2828,1.);
#2828 = DIRECTION('',(0.,0.,1.));
#2829 = SURFACE_OF_LINEAR_EXTRUSION('',#2830,#2834);
#2830 = B_SPLINE_CURVE_WITH_KNOTS('',2,(#2831,#2832,#2833),
  .UNSPECIFIED.,.F.,.F.,(3,3),(0.,1.),.PIECEWISE_BEZIER_KNOTS.);
#2831 = CARTESIAN_POINT('',(19.366191275168,5.159395973154,2.5));
#2832 = CARTESIAN_POINT('',(19.366191275168,5.423657718121,2.5));
#2833 = CARTESIAN_POINT('',(19.188674496644,5.584563758389,2.5));
#2834 = VECTOR('',#2835,1.);
#2835 = DIRECTION('',(-0.,-0.,-1.));
#2836 = ADVANCED_FACE('',(#2837),#2855,.F.);
#2837 = FACE_BOUND('',#2838,.F.);
#2838 = EDGE_LOOP('',(#2839,#2847,#2853,#2854));
#2839 = ORIENTED_EDGE('',*,*,#2840,.F.);
#2840 = EDGE_CURVE('',#2841,#2789,#2843,.T.);
#2841 = VERTEX_POINT('',#2842);
#2842 = CARTESIAN_POINT('',(17.644714765101,6.185906040268,2.5));
#2843 = B_SPLINE_CURVE_WITH_KNOTS('',2,(#2844,#2845,#2846),
  .UNSPECIFIED.,.F.,.F.,(3,3),(0.,1.),.PIECEWISE_BEZIER_KNOTS.);
#2844 = CARTESIAN_POINT('',(17.644714765101,6.185906040268,2.5));
#2845 = CARTESIAN_POINT('',(17.971895973154,6.296140939597,2.5));
#2846 = CARTESIAN_POINT('',(18.291526845638,6.353691275168,2.5));
#2847 = ORIENTED_EDGE('',*,*,#2848,.T.);
#2848 = EDGE_CURVE('',#2841,#319,#2849,.T.);
#2849 = LINE('',#2850,#2851);
#2850 = CARTESIAN_POINT('',(17.644714765101,6.185906040268,2.5));
#2851 = VECTOR('',#2852,1.);
#2852 = DIRECTION('',(0.,0.,1.));
#2853 = ORIENTED_EDGE('',*,*,#326,.F.);
#2854 = ORIENTED_EDGE('',*,*,#2796,.F.);
#2855 = SURFACE_OF_LINEAR_EXTRUSION('',#2856,#2860);
#2856 = B_SPLINE_CURVE_WITH_KNOTS('',2,(#2857,#2858,#2859),
  .UNSPECIFIED.,.F.,.F.,(3,3),(0.,1.),.PIECEWISE_BEZIER_KNOTS.);
#2857 = CARTESIAN_POINT('',(17.644714765101,6.185906040268,2.5));
#2858 = CARTESIAN_POINT('',(17.971895973154,6.296140939597,2.5));
#2859 = CARTESIAN_POINT('',(18.291526845638,6.353691275168,2.5));
#2860 = VECTOR('',#2861,1.);
#2861 = DIRECTION('',(-0.,-0.,-1.));
#2862 = ADVANCED_FACE('',(#2863),#2881,.F.);
#2863 = FACE_BOUND('',#2864,.F.);
#2864 = EDGE_LOOP('',(#2865,#2873,#2874,#2875));
#2865 = ORIENTED_EDGE('',*,*,#2866,.F.);
#2866 = EDGE_CURVE('',#2815,#2867,#2869,.T.);
#2867 = VERTEX_POINT('',#2868);
#2868 = CARTESIAN_POINT('',(18.716862416107,5.745637583893,2.5));
#2869 = B_SPLINE_CURVE_WITH_KNOTS('',2,(#2870,#2871,#2872),
  .UNSPECIFIED.,.F.,.F.,(3,3),(0.,1.),.PIECEWISE_BEZIER_KNOTS.);
#2870 = CARTESIAN_POINT('',(19.188674496644,5.584563758389,2.5));
#2871 = CARTESIAN_POINT('',(19.011325503356,5.745637583893,2.5));
#2872 = CARTESIAN_POINT('',(18.716862416107,5.745637583893,2.5));
#2873 = ORIENTED_EDGE('',*,*,#2824,.T.);
#2874 = ORIENTED_EDGE('',*,*,#281,.F.);
#2875 = ORIENTED_EDGE('',*,*,#2876,.F.);
#2876 = EDGE_CURVE('',#2867,#282,#2877,.T.);
#2877 = LINE('',#2878,#2879);
#2878 = CARTESIAN_POINT('',(18.716862416107,5.745637583893,2.5));
#2879 = VECTOR('',#2880,1.);
#2880 = DIRECTION('',(0.,0.,1.));
#2881 = SURFACE_OF_LINEAR_EXTRUSION('',#2882,#2886);
#2882 = B_SPLINE_CURVE_WITH_KNOTS('',2,(#2883,#2884,#2885),
  .UNSPECIFIED.,.F.,.F.,(3,3),(0.,1.),.PIECEWISE_BEZIER_KNOTS.);
#2883 = CARTESIAN_POINT('',(19.188674496644,5.584563758389,2.5));
#2884 = CARTESIAN_POINT('',(19.011325503356,5.745637583893,2.5));
#2885 = CARTESIAN_POINT('',(18.716862416107,5.745637583893,2.5));
#2886 = VECTOR('',#2887,1.);
#2887 = DIRECTION('',(-0.,-0.,-1.));
#2888 = ADVANCED_FACE('',(#2889),#2907,.F.);
#2889 = FACE_BOUND('',#2890,.F.);
#2890 = EDGE_LOOP('',(#2891,#2899,#2905,#2906));
#2891 = ORIENTED_EDGE('',*,*,#2892,.F.);
#2892 = EDGE_CURVE('',#2893,#2841,#2895,.T.);
#2893 = VERTEX_POINT('',#2894);
#2894 = CARTESIAN_POINT('',(17.644714765101,5.359060402685,2.5));
#2895 = LINE('',#2896,#2897);
#2896 = CARTESIAN_POINT('',(17.644714765101,5.359060402685,2.5));
#2897 = VECTOR('',#2898,1.);
#2898 = DIRECTION('',(0.,1.,0.));
#2899 = ORIENTED_EDGE('',*,*,#2900,.T.);
#2900 = EDGE_CURVE('',#2893,#308,#2901,.T.);
#2901 = LINE('',#2902,#2903);
#2902 = CARTESIAN_POINT('',(17.644714765101,5.359060402685,2.5));
#2903 = VECTOR('',#2904,1.);
#2904 = DIRECTION('',(0.,0.,1.));
#2905 = ORIENTED_EDGE('',*,*,#318,.F.);
#2906 = ORIENTED_EDGE('',*,*,#2848,.F.);
#2907 = PLANE('',#2908);
#2908 = AXIS2_PLACEMENT_3D('',#2909,#2910,#2911);
#2909 = CARTESIAN_POINT('',(17.644714765101,5.359060402685,2.5));
#2910 = DIRECTION('',(-1.,0.,0.));
#2911 = DIRECTION('',(0.,1.,0.));
#2912 = ADVANCED_FACE('',(#2913),#2931,.F.);
#2913 = FACE_BOUND('',#2914,.F.);
#2914 = EDGE_LOOP('',(#2915,#2923,#2924,#2925));
#2915 = ORIENTED_EDGE('',*,*,#2916,.F.);
#2916 = EDGE_CURVE('',#2867,#2917,#2919,.T.);
#2917 = VERTEX_POINT('',#2918);
#2918 = CARTESIAN_POINT('',(18.22105704698,5.648322147651,2.5));
#2919 = B_SPLINE_CURVE_WITH_KNOTS('',2,(#2920,#2921,#2922),
  .UNSPECIFIED.,.F.,.F.,(3,3),(0.,1.),.PIECEWISE_BEZIER_KNOTS.);
#2920 = CARTESIAN_POINT('',(18.716862416107,5.745637583893,2.5));
#2921 = CARTESIAN_POINT('',(18.490352348993,5.745637583893,2.5));
#2922 = CARTESIAN_POINT('',(18.22105704698,5.648322147651,2.5));
#2923 = ORIENTED_EDGE('',*,*,#2876,.T.);
#2924 = ORIENTED_EDGE('',*,*,#296,.F.);
#2925 = ORIENTED_EDGE('',*,*,#2926,.F.);
#2926 = EDGE_CURVE('',#2917,#297,#2927,.T.);
#2927 = LINE('',#2928,#2929);
#2928 = CARTESIAN_POINT('',(18.22105704698,5.648322147651,2.5));
#2929 = VECTOR('',#2930,1.);
#2930 = DIRECTION('',(0.,0.,1.));
#2931 = SURFACE_OF_LINEAR_EXTRUSION('',#2932,#2936);
#2932 = B_SPLINE_CURVE_WITH_KNOTS('',2,(#2933,#2934,#2935),
  .UNSPECIFIED.,.F.,.F.,(3,3),(0.,1.),.PIECEWISE_BEZIER_KNOTS.);
#2933 = CARTESIAN_POINT('',(18.716862416107,5.745637583893,2.5));
#2934 = CARTESIAN_POINT('',(18.490352348993,5.745637583893,2.5));
#2935 = CARTESIAN_POINT('',(18.22105704698,5.648322147651,2.5));
#2936 = VECTOR('',#2937,1.);
#2937 = DIRECTION('',(-0.,-0.,-1.));
#2938 = ADVANCED_FACE('',(#2939),#2950,.F.);
#2939 = FACE_BOUND('',#2940,.F.);
#2940 = EDGE_LOOP('',(#2941,#2947,#2948,#2949));
#2941 = ORIENTED_EDGE('',*,*,#2942,.F.);
#2942 = EDGE_CURVE('',#2917,#2893,#2943,.T.);
#2943 = B_SPLINE_CURVE_WITH_KNOTS('',2,(#2944,#2945,#2946),
  .UNSPECIFIED.,.F.,.F.,(3,3),(0.,1.),.PIECEWISE_BEZIER_KNOTS.);
#2944 = CARTESIAN_POINT('',(18.22105704698,5.648322147651,2.5));
#2945 = CARTESIAN_POINT('',(17.951761744966,5.551006711409,2.5));
#2946 = CARTESIAN_POINT('',(17.644714765101,5.359060402685,2.5));
#2947 = ORIENTED_EDGE('',*,*,#2926,.T.);
#2948 = ORIENTED_EDGE('',*,*,#307,.F.);
#2949 = ORIENTED_EDGE('',*,*,#2900,.F.);
#2950 = SURFACE_OF_LINEAR_EXTRUSION('',#2951,#2955);
#2951 = B_SPLINE_CURVE_WITH_KNOTS('',2,(#2952,#2953,#2954),
  .UNSPECIFIED.,.F.,.F.,(3,3),(0.,1.),.PIECEWISE_BEZIER_KNOTS.);
#2952 = CARTESIAN_POINT('',(18.22105704698,5.648322147651,2.5));
#2953 = CARTESIAN_POINT('',(17.951761744966,5.551006711409,2.5));
#2954 = CARTESIAN_POINT('',(17.644714765101,5.359060402685,2.5));
#2955 = VECTOR('',#2956,1.);
#2956 = DIRECTION('',(-0.,-0.,-1.));
#2957 = ADVANCED_FACE('',(#2958),#2983,.F.);
#2958 = FACE_BOUND('',#2959,.F.);
#2959 = EDGE_LOOP('',(#2960,#2970,#2976,#2977));
#2960 = ORIENTED_EDGE('',*,*,#2961,.F.);
#2961 = EDGE_CURVE('',#2962,#2964,#2966,.T.);
#2962 = VERTEX_POINT('',#2963);
#2963 = CARTESIAN_POINT('',(31.640520134228,4.649496644295,2.5));
#2964 = VERTEX_POINT('',#2965);
#2965 = CARTESIAN_POINT('',(32.218036912752,4.30855704698,2.5));
#2966 = B_SPLINE_CURVE_WITH_KNOTS('',2,(#2967,#2968,#2969),
  .UNSPECIFIED.,.F.,.F.,(3,3),(0.,1.),.PIECEWISE_BEZIER_KNOTS.);
#2967 = CARTESIAN_POINT('',(31.640520134228,4.649496644295,2.5));
#2968 = CARTESIAN_POINT('',(32.020553691275,4.551342281879,2.5));
#2969 = CARTESIAN_POINT('',(32.218036912752,4.30855704698,2.5));
#2970 = ORIENTED_EDGE('',*,*,#2971,.T.);
#2971 = EDGE_CURVE('',#2962,#422,#2972,.T.);
#2972 = LINE('',#2973,#2974);
#2973 = CARTESIAN_POINT('',(31.640520134228,4.649496644295,2.5));
#2974 = VECTOR('',#2975,1.);
#2975 = DIRECTION('',(0.,0.,1.));
#2976 = ORIENTED_EDGE('',*,*,#419,.F.);
#2977 = ORIENTED_EDGE('',*,*,#2978,.F.);
#2978 = EDGE_CURVE('',#2964,#420,#2979,.T.);
#2979 = LINE('',#2980,#2981);
#2980 = CARTESIAN_POINT('',(32.218036912752,4.30855704698,2.5));
#2981 = VECTOR('',#2982,1.);
#2982 = DIRECTION('',(0.,0.,1.));
#2983 = SURFACE_OF_LINEAR_EXTRUSION('',#2984,#2988);
#2984 = B_SPLINE_CURVE_WITH_KNOTS('',2,(#2985,#2986,#2987),
  .UNSPECIFIED.,.F.,.F.,(3,3),(0.,1.),.PIECEWISE_BEZIER_KNOTS.);
#2985 = CARTESIAN_POINT('',(31.640520134228,4.649496644295,2.5));
#2986 = CARTESIAN_POINT('',(32.020553691275,4.551342281879,2.5));
#2987 = CARTESIAN_POINT('',(32.218036912752,4.30855704698,2.5));
#2988 = VECTOR('',#2989,1.);
#2989 = DIRECTION('',(-0.,-0.,-1.));
#2990 = ADVANCED_FACE('',(#2991),#3009,.F.);
#2991 = FACE_BOUND('',#2992,.F.);
#2992 = EDGE_LOOP('',(#2993,#3001,#3002,#3003));
#2993 = ORIENTED_EDGE('',*,*,#2994,.F.);
#2994 = EDGE_CURVE('',#2964,#2995,#2997,.T.);
#2995 = VERTEX_POINT('',#2996);
#2996 = CARTESIAN_POINT('',(32.415687919463,3.690771812081,2.5));
#2997 = B_SPLINE_CURVE_WITH_KNOTS('',2,(#2998,#2999,#3000),
  .UNSPECIFIED.,.F.,.F.,(3,3),(0.,1.),.PIECEWISE_BEZIER_KNOTS.);
#2998 = CARTESIAN_POINT('',(32.218036912752,4.30855704698,2.5));
#2999 = CARTESIAN_POINT('',(32.415687919463,4.065771812081,2.5));
#3000 = CARTESIAN_POINT('',(32.415687919463,3.690771812081,2.5));
#3001 = ORIENTED_EDGE('',*,*,#2978,.T.);
#3002 = ORIENTED_EDGE('',*,*,#436,.F.);
#3003 = ORIENTED_EDGE('',*,*,#3004,.F.);
#3004 = EDGE_CURVE('',#2995,#437,#3005,.T.);
#3005 = LINE('',#3006,#3007);
#3006 = CARTESIAN_POINT('',(32.415687919463,3.690771812081,2.5));
#3007 = VECTOR('',#3008,1.);
#3008 = DIRECTION('',(0.,0.,1.));
#3009 = SURFACE_OF_LINEAR_EXTRUSION('',#3010,#3014);
#3010 = B_SPLINE_CURVE_WITH_KNOTS('',2,(#3011,#3012,#3013),
  .UNSPECIFIED.,.F.,.F.,(3,3),(0.,1.),.PIECEWISE_BEZIER_KNOTS.);
#3011 = CARTESIAN_POINT('',(32.218036912752,4.30855704698,2.5));
#3012 = CARTESIAN_POINT('',(32.415687919463,4.065771812081,2.5));
#3013 = CARTESIAN_POINT('',(32.415687919463,3.690771812081,2.5));
#3014 = VECTOR('',#3015,1.);
#3015 = DIRECTION('',(-0.,-0.,-1.));
#3016 = ADVANCED_FACE('',(#3017),#3035,.F.);
#3017 = FACE_BOUND('',#3018,.F.);
#3018 = EDGE_LOOP('',(#3019,#3027,#3033,#3034));
#3019 = ORIENTED_EDGE('',*,*,#3020,.F.);
#3020 = EDGE_CURVE('',#3021,#2962,#3023,.T.);
#3021 = VERTEX_POINT('',#3022);
#3022 = CARTESIAN_POINT('',(32.15394295302,4.945134228188,2.5));
#3023 = B_SPLINE_CURVE_WITH_KNOTS('',2,(#3024,#3025,#3026),
  .UNSPECIFIED.,.F.,.F.,(3,3),(0.,1.),.PIECEWISE_BEZIER_KNOTS.);
#3024 = CARTESIAN_POINT('',(32.15394295302,4.945134228188,2.5));
#3025 = CARTESIAN_POINT('',(31.980285234899,4.735067114094,2.5));
#3026 = CARTESIAN_POINT('',(31.640520134228,4.649496644295,2.5));
#3027 = ORIENTED_EDGE('',*,*,#3028,.T.);
#3028 = EDGE_CURVE('',#3021,#756,#3029,.T.);
#3029 = LINE('',#3030,#3031);
#3030 = CARTESIAN_POINT('',(32.15394295302,4.945134228188,2.5));
#3031 = VECTOR('',#3032,1.);
#3032 = DIRECTION('',(0.,0.,1.));
#3033 = ORIENTED_EDGE('',*,*,#770,.F.);
#3034 = ORIENTED_EDGE('',*,*,#2971,.F.);
#3035 = SURFACE_OF_LINEAR_EXTRUSION('',#3036,#3040);
#3036 = B_SPLINE_CURVE_WITH_KNOTS('',2,(#3037,#3038,#3039),
  .UNSPECIFIED.,.F.,.F.,(3,3),(0.,1.),.PIECEWISE_BEZIER_KNOTS.);
#3037 = CARTESIAN_POINT('',(32.15394295302,4.945134228188,2.5));
#3038 = CARTESIAN_POINT('',(31.980285234899,4.735067114094,2.5));
#3039 = CARTESIAN_POINT('',(31.640520134228,4.649496644295,2.5));
#3040 = VECTOR('',#3041,1.);
#3041 = DIRECTION('',(-0.,-0.,-1.));
#3042 = ADVANCED_FACE('',(#3043),#3061,.F.);
#3043 = FACE_BOUND('',#3044,.F.);
#3044 = EDGE_LOOP('',(#3045,#3053,#3054,#3055));
#3045 = ORIENTED_EDGE('',*,*,#3046,.F.);
#3046 = EDGE_CURVE('',#2995,#3047,#3049,.T.);
#3047 = VERTEX_POINT('',#3048);
#3048 = CARTESIAN_POINT('',(31.98783557047,2.841610738255,2.5));
#3049 = B_SPLINE_CURVE_WITH_KNOTS('',2,(#3050,#3051,#3052),
  .UNSPECIFIED.,.F.,.F.,(3,3),(0.,1.),.PIECEWISE_BEZIER_KNOTS.);
#3050 = CARTESIAN_POINT('',(32.415687919463,3.690771812081,2.5));
#3051 = CARTESIAN_POINT('',(32.415687919463,3.132214765101,2.5));
#3052 = CARTESIAN_POINT('',(31.98783557047,2.841610738255,2.5));
#3053 = ORIENTED_EDGE('',*,*,#3004,.T.);
#3054 = ORIENTED_EDGE('',*,*,#453,.F.);
#3055 = ORIENTED_EDGE('',*,*,#3056,.F.);
#3056 = EDGE_CURVE('',#3047,#454,#3057,.T.);
#3057 = LINE('',#3058,#3059);
#3058 = CARTESIAN_POINT('',(31.98783557047,2.841610738255,2.5));
#3059 = VECTOR('',#3060,1.);
#3060 = DIRECTION('',(0.,0.,1.));
#3061 = SURFACE_OF_LINEAR_EXTRUSION('',#3062,#3066);
#3062 = B_SPLINE_CURVE_WITH_KNOTS('',2,(#3063,#3064,#3065),
  .UNSPECIFIED.,.F.,.F.,(3,3),(0.,1.),.PIECEWISE_BEZIER_KNOTS.);
#3063 = CARTESIAN_POINT('',(32.415687919463,3.690771812081,2.5));
#3064 = CARTESIAN_POINT('',(32.415687919463,3.132214765101,2.5));
#3065 = CARTESIAN_POINT('',(31.98783557047,2.841610738255,2.5));
#3066 = VECTOR('',#3067,1.);
#3067 = DIRECTION('',(-0.,-0.,-1.));
#3068 = ADVANCED_FACE('',(#3069),#3087,.F.);
#3069 = FACE_BOUND('',#3070,.F.);
#3070 = EDGE_LOOP('',(#3071,#3079,#3085,#3086));
#3071 = ORIENTED_EDGE('',*,*,#3072,.F.);
#3072 = EDGE_CURVE('',#3073,#3021,#3075,.T.);
#3073 = VERTEX_POINT('',#3074);
#3074 = CARTESIAN_POINT('',(32.327600671141,5.485067114094,2.5));
#3075 = B_SPLINE_CURVE_WITH_KNOTS('',2,(#3076,#3077,#3078),
  .UNSPECIFIED.,.F.,.F.,(3,3),(0.,1.),.PIECEWISE_BEZIER_KNOTS.);
#3076 = CARTESIAN_POINT('',(32.327600671141,5.485067114094,2.5));
#3077 = CARTESIAN_POINT('',(32.327600671141,5.155369127517,2.5));
#3078 = CARTESIAN_POINT('',(32.15394295302,4.945134228188,2.5));
#3079 = ORIENTED_EDGE('',*,*,#3080,.T.);
#3080 = EDGE_CURVE('',#3073,#737,#3081,.T.);
#3081 = LINE('',#3082,#3083);
#3082 = CARTESIAN_POINT('',(32.327600671141,5.485067114094,2.5));
#3083 = VECTOR('',#3084,1.);
#3084 = DIRECTION('',(0.,0.,1.));
#3085 = ORIENTED_EDGE('',*,*,#755,.F.);
#3086 = ORIENTED_EDGE('',*,*,#3028,.F.);
#3087 = SURFACE_OF_LINEAR_EXTRUSION('',#3088,#3092);
#3088 = B_SPLINE_CURVE_WITH_KNOTS('',2,(#3089,#3090,#3091),
  .UNSPECIFIED.,.F.,.F.,(3,3),(0.,1.),.PIECEWISE_BEZIER_KNOTS.);
#3089 = CARTESIAN_POINT('',(32.327600671141,5.485067114094,2.5));
#3090 = CARTESIAN_POINT('',(32.327600671141,5.155369127517,2.5));
#3091 = CARTESIAN_POINT('',(32.15394295302,4.945134228188,2.5));
#3092 = VECTOR('',#3093,1.);
#3093 = DIRECTION('',(-0.,-0.,-1.));
#3094 = ADVANCED_FACE('',(#3095),#3113,.F.);
#3095 = FACE_BOUND('',#3096,.F.);
#3096 = EDGE_LOOP('',(#3097,#3105,#3106,#3107));
#3097 = ORIENTED_EDGE('',*,*,#3098,.F.);
#3098 = EDGE_CURVE('',#3047,#3099,#3101,.T.);
#3099 = VERTEX_POINT('',#3100);
#3100 = CARTESIAN_POINT('',(30.739513422819,2.551006711409,2.5));
#3101 = B_SPLINE_CURVE_WITH_KNOTS('',2,(#3102,#3103,#3104),
  .UNSPECIFIED.,.F.,.F.,(3,3),(0.,1.),.PIECEWISE_BEZIER_KNOTS.);
#3102 = CARTESIAN_POINT('',(31.98783557047,2.841610738255,2.5));
#3103 = CARTESIAN_POINT('',(31.559983221477,2.551006711409,2.5));
#3104 = CARTESIAN_POINT('',(30.739513422819,2.551006711409,2.5));
#3105 = ORIENTED_EDGE('',*,*,#3056,.T.);
#3106 = ORIENTED_EDGE('',*,*,#472,.F.);
#3107 = ORIENTED_EDGE('',*,*,#3108,.F.);
#3108 = EDGE_CURVE('',#3099,#473,#3109,.T.);
#3109 = LINE('',#3110,#3111);
#3110 = CARTESIAN_POINT('',(30.739513422819,2.551006711409,2.5));
#3111 = VECTOR('',#3112,1.);
#3112 = DIRECTION('',(0.,0.,1.));
#3113 = SURFACE_OF_LINEAR_EXTRUSION('',#3114,#3118);
#3114 = B_SPLINE_CURVE_WITH_KNOTS('',2,(#3115,#3116,#3117),
  .UNSPECIFIED.,.F.,.F.,(3,3),(0.,1.),.PIECEWISE_BEZIER_KNOTS.);
#3115 = CARTESIAN_POINT('',(31.98783557047,2.841610738255,2.5));
#3116 = CARTESIAN_POINT('',(31.559983221477,2.551006711409,2.5));
#3117 = CARTESIAN_POINT('',(30.739513422819,2.551006711409,2.5));
#3118 = VECTOR('',#3119,1.);
#3119 = DIRECTION('',(-0.,-0.,-1.));
#3120 = ADVANCED_FACE('',(#3121),#3139,.F.);
#3121 = FACE_BOUND('',#3122,.F.);
#3122 = EDGE_LOOP('',(#3123,#3131,#3137,#3138));
#3123 = ORIENTED_EDGE('',*,*,#3124,.F.);
#3124 = EDGE_CURVE('',#3125,#3073,#3127,.T.);
#3125 = VERTEX_POINT('',#3126);
#3126 = CARTESIAN_POINT('',(31.963842281879,6.20855704698,2.5));
#3127 = B_SPLINE_CURVE_WITH_KNOTS('',2,(#3128,#3129,#3130),
  .UNSPECIFIED.,.F.,.F.,(3,3),(0.,1.),.PIECEWISE_BEZIER_KNOTS.);
#3128 = CARTESIAN_POINT('',(31.963842281879,6.20855704698,2.5));
#3129 = CARTESIAN_POINT('',(32.327600671141,5.968288590604,2.5));
#3130 = CARTESIAN_POINT('',(32.327600671141,5.485067114094,2.5));
#3131 = ORIENTED_EDGE('',*,*,#3132,.T.);
#3132 = EDGE_CURVE('',#3125,#720,#3133,.T.);
#3133 = LINE('',#3134,#3135);
#3134 = CARTESIAN_POINT('',(31.963842281879,6.20855704698,2.5));
#3135 = VECTOR('',#3136,1.);
#3136 = DIRECTION('',(0.,0.,1.));
#3137 = ORIENTED_EDGE('',*,*,#736,.F.);
#3138 = ORIENTED_EDGE('',*,*,#3080,.F.);
#3139 = SURFACE_OF_LINEAR_EXTRUSION('',#3140,#3144);
#3140 = B_SPLINE_CURVE_WITH_KNOTS('',2,(#3141,#3142,#3143),
  .UNSPECIFIED.,.F.,.F.,(3,3),(0.,1.),.PIECEWISE_BEZIER_KNOTS.);
#3141 = CARTESIAN_POINT('',(31.963842281879,6.20855704698,2.5));
#3142 = CARTESIAN_POINT('',(32.327600671141,5.968288590604,2.5));
#3143 = CARTESIAN_POINT('',(32.327600671141,5.485067114094,2.5));
#3144 = VECTOR('',#3145,1.);
#3145 = DIRECTION('',(-0.,-0.,-1.));
#3146 = ADVANCED_FACE('',(#3147),#3165,.F.);
#3147 = FACE_BOUND('',#3148,.F.);
#3148 = EDGE_LOOP('',(#3149,#3157,#3158,#3159));
#3149 = ORIENTED_EDGE('',*,*,#3150,.F.);
#3150 = EDGE_CURVE('',#3099,#3151,#3153,.T.);
#3151 = VERTEX_POINT('',#3152);
#3152 = CARTESIAN_POINT('',(30.159312080537,2.596644295302,2.5));
#3153 = B_SPLINE_CURVE_WITH_KNOTS('',2,(#3154,#3155,#3156),
  .UNSPECIFIED.,.F.,.F.,(3,3),(0.,1.),.PIECEWISE_BEZIER_KNOTS.);
#3154 = CARTESIAN_POINT('',(30.739513422819,2.551006711409,2.5));
#3155 = CARTESIAN_POINT('',(30.450083892617,2.551006711409,2.5));
#3156 = CARTESIAN_POINT('',(30.159312080537,2.596644295302,2.5));
#3157 = ORIENTED_EDGE('',*,*,#3108,.T.);
#3158 = ORIENTED_EDGE('',*,*,#489,.F.);
#3159 = ORIENTED_EDGE('',*,*,#3160,.F.);
#3160 = EDGE_CURVE('',#3151,#490,#3161,.T.);
#3161 = LINE('',#3162,#3163);
#3162 = CARTESIAN_POINT('',(30.159312080537,2.596644295302,2.5));
#3163 = VECTOR('',#3164,1.);
#3164 = DIRECTION('',(0.,0.,1.));
#3165 = SURFACE_OF_LINEAR_EXTRUSION('',#3166,#3170);
#3166 = B_SPLINE_CURVE_WITH_KNOTS('',2,(#3167,#3168,#3169),
  .UNSPECIFIED.,.F.,.F.,(3,3),(0.,1.),.PIECEWISE_BEZIER_KNOTS.);
#3167 = CARTESIAN_POINT('',(30.739513422819,2.551006711409,2.5));
#3168 = CARTESIAN_POINT('',(30.450083892617,2.551006711409,2.5));
#3169 = CARTESIAN_POINT('',(30.159312080537,2.596644295302,2.5));
#3170 = VECTOR('',#3171,1.);
#3171 = DIRECTION('',(-0.,-0.,-1.));
#3172 = ADVANCED_FACE('',(#3173),#3191,.F.);
#3173 = FACE_BOUND('',#3174,.F.);
#3174 = EDGE_LOOP('',(#3175,#3183,#3189,#3190));
#3175 = ORIENTED_EDGE('',*,*,#3176,.F.);
#3176 = EDGE_CURVE('',#3177,#3125,#3179,.T.);
#3177 = VERTEX_POINT('',#3178);
#3178 = CARTESIAN_POINT('',(30.867869127517,6.448993288591,2.5));
#3179 = B_SPLINE_CURVE_WITH_KNOTS('',2,(#3180,#3181,#3182),
  .UNSPECIFIED.,.F.,.F.,(3,3),(0.,1.),.PIECEWISE_BEZIER_KNOTS.);
#3180 = CARTESIAN_POINT('',(30.867869127517,6.448993288591,2.5));
#3181 = CARTESIAN_POINT('',(31.600251677852,6.448993288591,2.5));
#3182 = CARTESIAN_POINT('',(31.963842281879,6.20855704698,2.5));
#3183 = ORIENTED_EDGE('',*,*,#3184,.T.);
#3184 = EDGE_CURVE('',#3177,#710,#3185,.T.);
#3185 = LINE('',#3186,#3187);
#3186 = CARTESIAN_POINT('',(30.867869127517,6.448993288591,2.5));
#3187 = VECTOR('',#3188,1.);
#3188 = DIRECTION('',(0.,0.,1.));
#3189 = ORIENTED_EDGE('',*,*,#719,.F.);
#3190 = ORIENTED_EDGE('',*,*,#3132,.F.);
#3191 = SURFACE_OF_LINEAR_EXTRUSION('',#3192,#3196);
#3192 = B_SPLINE_CURVE_WITH_KNOTS('',2,(#3193,#3194,#3195),
  .UNSPECIFIED.,.F.,.F.,(3,3),(0.,1.),.PIECEWISE_BEZIER_KNOTS.);
#3193 = CARTESIAN_POINT('',(30.867869127517,6.448993288591,2.5));
#3194 = CARTESIAN_POINT('',(31.600251677852,6.448993288591,2.5));
#3195 = CARTESIAN_POINT('',(31.963842281879,6.20855704698,2.5));
#3196 = VECTOR('',#3197,1.);
#3197 = DIRECTION('',(-0.,-0.,-1.));
#3198 = ADVANCED_FACE('',(#3199),#3217,.F.);
#3199 = FACE_BOUND('',#3200,.F.);
#3200 = EDGE_LOOP('',(#3201,#3209,#3210,#3211));
#3201 = ORIENTED_EDGE('',*,*,#3202,.F.);
#3202 = EDGE_CURVE('',#3151,#3203,#3205,.T.);
#3203 = VERTEX_POINT('',#3204);
#3204 = CARTESIAN_POINT('',(29.584312080537,2.73355704698,2.5));
#3205 = B_SPLINE_CURVE_WITH_KNOTS('',2,(#3206,#3207,#3208),
  .UNSPECIFIED.,.F.,.F.,(3,3),(0.,1.),.PIECEWISE_BEZIER_KNOTS.);
#3206 = CARTESIAN_POINT('',(30.159312080537,2.596644295302,2.5));
#3207 = CARTESIAN_POINT('',(29.868708053691,2.642281879195,2.5));
#3208 = CARTESIAN_POINT('',(29.584312080537,2.73355704698,2.5));
#3209 = ORIENTED_EDGE('',*,*,#3160,.T.);
#3210 = ORIENTED_EDGE('',*,*,#499,.F.);
#3211 = ORIENTED_EDGE('',*,*,#3212,.F.);
#3212 = EDGE_CURVE('',#3203,#500,#3213,.T.);
#3213 = LINE('',#3214,#3215);
#3214 = CARTESIAN_POINT('',(29.584312080537,2.73355704698,2.5));
#3215 = VECTOR('',#3216,1.);
#3216 = DIRECTION('',(0.,0.,1.));
#3217 = SURFACE_OF_LINEAR_EXTRUSION('',#3218,#3222);
#3218 = B_SPLINE_CURVE_WITH_KNOTS('',2,(#3219,#3220,#3221),
  .UNSPECIFIED.,.F.,.F.,(3,3),(0.,1.),.PIECEWISE_BEZIER_KNOTS.);
#3219 = CARTESIAN_POINT('',(30.159312080537,2.596644295302,2.5));
#3220 = CARTESIAN_POINT('',(29.868708053691,2.642281879195,2.5));
#3221 = CARTESIAN_POINT('',(29.584312080537,2.73355704698,2.5));
#3222 = VECTOR('',#3223,1.);
#3223 = DIRECTION('',(-0.,-0.,-1.));
#3224 = ADVANCED_FACE('',(#3225),#3243,.F.);
#3225 = FACE_BOUND('',#3226,.F.);
#3226 = EDGE_LOOP('',(#3227,#3235,#3241,#3242));
#3227 = ORIENTED_EDGE('',*,*,#3228,.F.);
#3228 = EDGE_CURVE('',#3229,#3177,#3231,.T.);
#3229 = VERTEX_POINT('',#3230);
#3230 = CARTESIAN_POINT('',(30.314177852349,6.408724832215,2.5));
#3231 = B_SPLINE_CURVE_WITH_KNOTS('',2,(#3232,#3233,#3234),
  .UNSPECIFIED.,.F.,.F.,(3,3),(0.,1.),.PIECEWISE_BEZIER_KNOTS.);
#3232 = CARTESIAN_POINT('',(30.314177852349,6.408724832215,2.5));
#3233 = CARTESIAN_POINT('',(30.59605704698,6.448993288591,2.5));
#3234 = CARTESIAN_POINT('',(30.867869127517,6.448993288591,2.5));
#3235 = ORIENTED_EDGE('',*,*,#3236,.T.);
#3236 = EDGE_CURVE('',#3229,#700,#3237,.T.);
#3237 = LINE('',#3238,#3239);
#3238 = CARTESIAN_POINT('',(30.314177852349,6.408724832215,2.5));
#3239 = VECTOR('',#3240,1.);
#3240 = DIRECTION('',(0.,0.,1.));
#3241 = ORIENTED_EDGE('',*,*,#709,.F.);
#3242 = ORIENTED_EDGE('',*,*,#3184,.F.);
#3243 = SURFACE_OF_LINEAR_EXTRUSION('',#3244,#3248);
#3244 = B_SPLINE_CURVE_WITH_KNOTS('',2,(#3245,#3246,#3247),
  .UNSPECIFIED.,.F.,.F.,(3,3),(0.,1.),.PIECEWISE_BEZIER_KNOTS.);
#3245 = CARTESIAN_POINT('',(30.314177852349,6.408724832215,2.5));
#3246 = CARTESIAN_POINT('',(30.59605704698,6.448993288591,2.5));
#3247 = CARTESIAN_POINT('',(30.867869127517,6.448993288591,2.5));
#3248 = VECTOR('',#3249,1.);
#3249 = DIRECTION('',(-0.,-0.,-1.));
#3250 = ADVANCED_FACE('',(#3251),#3269,.F.);
#3251 = FACE_BOUND('',#3252,.F.);
#3252 = EDGE_LOOP('',(#3253,#3261,#3262,#3263));
#3253 = ORIENTED_EDGE('',*,*,#3254,.F.);
#3254 = EDGE_CURVE('',#3203,#3255,#3257,.T.);
#3255 = VERTEX_POINT('',#3256);
#3256 = CARTESIAN_POINT('',(29.584312080537,3.485234899329,2.5));
#3257 = LINE('',#3258,#3259);
#3258 = CARTESIAN_POINT('',(29.584312080537,2.73355704698,2.5));
#3259 = VECTOR('',#3260,1.);
#3260 = DIRECTION('',(0.,1.,0.));
#3261 = ORIENTED_EDGE('',*,*,#3212,.T.);
#3262 = ORIENTED_EDGE('',*,*,#509,.F.);
#3263 = ORIENTED_EDGE('',*,*,#3264,.F.);
#3264 = EDGE_CURVE('',#3255,#510,#3265,.T.);
#3265 = LINE('',#3266,#3267);
#3266 = CARTESIAN_POINT('',(29.584312080537,3.485234899329,2.5));
#3267 = VECTOR('',#3268,1.);
#3268 = DIRECTION('',(0.,0.,1.));
#3269 = PLANE('',#3270);
#3270 = AXIS2_PLACEMENT_3D('',#3271,#3272,#3273);
#3271 = CARTESIAN_POINT('',(29.584312080537,2.73355704698,2.5));
#3272 = DIRECTION('',(-1.,0.,0.));
#3273 = DIRECTION('',(0.,1.,0.));
#3274 = ADVANCED_FACE('',(#3275),#3293,.F.);
#3275 = FACE_BOUND('',#3276,.F.);
#3276 = EDGE_LOOP('',(#3277,#3285,#3291,#3292));
#3277 = ORIENTED_EDGE('',*,*,#3278,.F.);
#3278 = EDGE_CURVE('',#3279,#3229,#3281,.T.);
#3279 = VERTEX_POINT('',#3280);
#3280 = CARTESIAN_POINT('',(29.74538590604,6.287919463087,2.5));
#3281 = B_SPLINE_CURVE_WITH_KNOTS('',2,(#3282,#3283,#3284),
  .UNSPECIFIED.,.F.,.F.,(3,3),(0.,1.),.PIECEWISE_BEZIER_KNOTS.);
#3282 = CARTESIAN_POINT('',(29.74538590604,6.287919463087,2.5));
#3283 = CARTESIAN_POINT('',(30.032298657718,6.368456375839,2.5));
#3284 = CARTESIAN_POINT('',(30.314177852349,6.408724832215,2.5));
#3285 = ORIENTED_EDGE('',*,*,#3286,.T.);
#3286 = EDGE_CURVE('',#3279,#692,#3287,.T.);
#3287 = LINE('',#3288,#3289);
#3288 = CARTESIAN_POINT('',(29.74538590604,6.287919463087,2.5));
#3289 = VECTOR('',#3290,1.);
#3290 = DIRECTION('',(0.,0.,1.));
#3291 = ORIENTED_EDGE('',*,*,#699,.F.);
#3292 = ORIENTED_EDGE('',*,*,#3236,.F.);
#3293 = SURFACE_OF_LINEAR_EXTRUSION('',#3294,#3298);
#3294 = B_SPLINE_CURVE_WITH_KNOTS('',2,(#3295,#3296,#3297),
  .UNSPECIFIED.,.F.,.F.,(3,3),(0.,1.),.PIECEWISE_BEZIER_KNOTS.);
#3295 = CARTESIAN_POINT('',(29.74538590604,6.287919463087,2.5));
#3296 = CARTESIAN_POINT('',(30.032298657718,6.368456375839,2.5));
#3297 = CARTESIAN_POINT('',(30.314177852349,6.408724832215,2.5));
#3298 = VECTOR('',#3299,1.);
#3299 = DIRECTION('',(-0.,-0.,-1.));
#3300 = ADVANCED_FACE('',(#3301),#3319,.F.);
#3301 = FACE_BOUND('',#3302,.F.);
#3302 = EDGE_LOOP('',(#3303,#3311,#3312,#3313));
#3303 = ORIENTED_EDGE('',*,*,#3304,.F.);
#3304 = EDGE_CURVE('',#3255,#3305,#3307,.T.);
#3305 = VERTEX_POINT('',#3306);
#3306 = CARTESIAN_POINT('',(30.124077181208,3.276510067114,2.5));
#3307 = B_SPLINE_CURVE_WITH_KNOTS('',2,(#3308,#3309,#3310),
  .UNSPECIFIED.,.F.,.F.,(3,3),(0.,1.),.PIECEWISE_BEZIER_KNOTS.);
#3308 = CARTESIAN_POINT('',(29.584312080537,3.485234899329,2.5));
#3309 = CARTESIAN_POINT('',(29.856124161074,3.346979865772,2.5));
#3310 = CARTESIAN_POINT('',(30.124077181208,3.276510067114,2.5));
#3311 = ORIENTED_EDGE('',*,*,#3264,.T.);
#3312 = ORIENTED_EDGE('',*,*,#517,.F.);
#3313 = ORIENTED_EDGE('',*,*,#3314,.F.);
#3314 = EDGE_CURVE('',#3305,#518,#3315,.T.);
#3315 = LINE('',#3316,#3317);
#3316 = CARTESIAN_POINT('',(30.124077181208,3.276510067114,2.5));
#3317 = VECTOR('',#3318,1.);
#3318 = DIRECTION('',(0.,0.,1.));
#3319 = SURFACE_OF_LINEAR_EXTRUSION('',#3320,#3324);
#3320 = B_SPLINE_CURVE_WITH_KNOTS('',2,(#3321,#3322,#3323),
  .UNSPECIFIED.,.F.,.F.,(3,3),(0.,1.),.PIECEWISE_BEZIER_KNOTS.);
#3321 = CARTESIAN_POINT('',(29.584312080537,3.485234899329,2.5));
#3322 = CARTESIAN_POINT('',(29.856124161074,3.346979865772,2.5));
#3323 = CARTESIAN_POINT('',(30.124077181208,3.276510067114,2.5));
#3324 = VECTOR('',#3325,1.);
#3325 = DIRECTION('',(-0.,-0.,-1.));
#3326 = ADVANCED_FACE('',(#3327),#3345,.F.);
#3327 = FACE_BOUND('',#3328,.F.);
#3328 = EDGE_LOOP('',(#3329,#3337,#3343,#3344));
#3329 = ORIENTED_EDGE('',*,*,#3330,.F.);
#3330 = EDGE_CURVE('',#3331,#3279,#3333,.T.);
#3331 = VERTEX_POINT('',#3332);
#3332 = CARTESIAN_POINT('',(29.74538590604,5.579194630872,2.5));
#3333 = LINE('',#3334,#3335);
#3334 = CARTESIAN_POINT('',(29.74538590604,5.579194630872,2.5));
#3335 = VECTOR('',#3336,1.);
#3336 = DIRECTION('',(0.,1.,0.));
#3337 = ORIENTED_EDGE('',*,*,#3338,.T.);
#3338 = EDGE_CURVE('',#3331,#682,#3339,.T.);
#3339 = LINE('',#3340,#3341);
#3340 = CARTESIAN_POINT('',(29.74538590604,5.579194630872,2.5));
#3341 = VECTOR('',#3342,1.);
#3342 = DIRECTION('',(0.,0.,1.));
#3343 = ORIENTED_EDGE('',*,*,#691,.F.);
#3344 = ORIENTED_EDGE('',*,*,#3286,.F.);
#3345 = PLANE('',#3346);
#3346 = AXIS2_PLACEMENT_3D('',#3347,#3348,#3349);
#3347 = CARTESIAN_POINT('',(29.74538590604,5.579194630872,2.5));
#3348 = DIRECTION('',(-1.,0.,0.));
#3349 = DIRECTION('',(0.,1.,0.));
#3350 = ADVANCED_FACE('',(#3351),#3369,.F.);
#3351 = FACE_BOUND('',#3352,.F.);
#3352 = EDGE_LOOP('',(#3353,#3361,#3362,#3363));
#3353 = ORIENTED_EDGE('',*,*,#3354,.F.);
#3354 = EDGE_CURVE('',#3305,#3355,#3357,.T.);
#3355 = VERTEX_POINT('',#3356);
#3356 = CARTESIAN_POINT('',(30.651426174497,3.206040268456,2.5));
#3357 = B_SPLINE_CURVE_WITH_KNOTS('',2,(#3358,#3359,#3360),
  .UNSPECIFIED.,.F.,.F.,(3,3),(0.,1.),.PIECEWISE_BEZIER_KNOTS.);
#3358 = CARTESIAN_POINT('',(30.124077181208,3.276510067114,2.5));
#3359 = CARTESIAN_POINT('',(30.392197986577,3.206040268456,2.5));
#3360 = CARTESIAN_POINT('',(30.651426174497,3.206040268456,2.5));
#3361 = ORIENTED_EDGE('',*,*,#3314,.T.);
#3362 = ORIENTED_EDGE('',*,*,#528,.F.);
#3363 = ORIENTED_EDGE('',*,*,#3364,.F.);
#3364 = EDGE_CURVE('',#3355,#529,#3365,.T.);
#3365 = LINE('',#3366,#3367);
#3366 = CARTESIAN_POINT('',(30.651426174497,3.206040268456,2.5));
#3367 = VECTOR('',#3368,1.);
#3368 = DIRECTION('',(0.,0.,1.));
#3369 = SURFACE_OF_LINEAR_EXTRUSION('',#3370,#3374);
#3370 = B_SPLINE_CURVE_WITH_KNOTS('',2,(#3371,#3372,#3373),
  .UNSPECIFIED.,.F.,.F.,(3,3),(0.,1.),.PIECEWISE_BEZIER_KNOTS.);
#3371 = CARTESIAN_POINT('',(30.124077181208,3.276510067114,2.5));
#3372 = CARTESIAN_POINT('',(30.392197986577,3.206040268456,2.5));
#3373 = CARTESIAN_POINT('',(30.651426174497,3.206040268456,2.5));
#3374 = VECTOR('',#3375,1.);
#3375 = DIRECTION('',(-0.,-0.,-1.));
#3376 = ADVANCED_FACE('',(#3377),#3395,.F.);
#3377 = FACE_BOUND('',#3378,.F.);
#3378 = EDGE_LOOP('',(#3379,#3387,#3393,#3394));
#3379 = ORIENTED_EDGE('',*,*,#3380,.F.);
#3380 = EDGE_CURVE('',#3381,#3331,#3383,.T.);
#3381 = VERTEX_POINT('',#3382);
#3382 = CARTESIAN_POINT('',(30.22105704698,5.731543624161,2.5));
#3383 = B_SPLINE_CURVE_WITH_KNOTS('',2,(#3384,#3385,#3386),
  .UNSPECIFIED.,.F.,.F.,(3,3),(0.,1.),.PIECEWISE_BEZIER_KNOTS.);
#3384 = CARTESIAN_POINT('',(30.22105704698,5.731543624161,2.5));
#3385 = CARTESIAN_POINT('',(29.981963087248,5.680033557047,2.5));
#3386 = CARTESIAN_POINT('',(29.74538590604,5.579194630872,2.5));
#3387 = ORIENTED_EDGE('',*,*,#3388,.T.);
#3388 = EDGE_CURVE('',#3381,#672,#3389,.T.);
#3389 = LINE('',#3390,#3391);
#3390 = CARTESIAN_POINT('',(30.22105704698,5.731543624161,2.5));
#3391 = VECTOR('',#3392,1.);
#3392 = DIRECTION('',(0.,0.,1.));
#3393 = ORIENTED_EDGE('',*,*,#681,.F.);
#3394 = ORIENTED_EDGE('',*,*,#3338,.F.);
#3395 = SURFACE_OF_LINEAR_EXTRUSION('',#3396,#3400);
#3396 = B_SPLINE_CURVE_WITH_KNOTS('',2,(#3397,#3398,#3399),
  .UNSPECIFIED.,.F.,.F.,(3,3),(0.,1.),.PIECEWISE_BEZIER_KNOTS.);
#3397 = CARTESIAN_POINT('',(30.22105704698,5.731543624161,2.5));
#3398 = CARTESIAN_POINT('',(29.981963087248,5.680033557047,2.5));
#3399 = CARTESIAN_POINT('',(29.74538590604,5.579194630872,2.5));
#3400 = VECTOR('',#3401,1.);
#3401 = DIRECTION('',(-0.,-0.,-1.));
#3402 = ADVANCED_FACE('',(#3403),#3421,.F.);
#3403 = FACE_BOUND('',#3404,.F.);
#3404 = EDGE_LOOP('',(#3405,#3413,#3414,#3415));
#3405 = ORIENTED_EDGE('',*,*,#3406,.F.);
#3406 = EDGE_CURVE('',#3355,#3407,#3409,.T.);
#3407 = VERTEX_POINT('',#3408);
#3408 = CARTESIAN_POINT('',(31.241526845638,3.339932885906,2.5));
#3409 = B_SPLINE_CURVE_WITH_KNOTS('',2,(#3410,#3411,#3412),
  .UNSPECIFIED.,.F.,.F.,(3,3),(0.,1.),.PIECEWISE_BEZIER_KNOTS.);
#3410 = CARTESIAN_POINT('',(30.651426174497,3.206040268456,2.5));
#3411 = CARTESIAN_POINT('',(31.036493288591,3.206040268456,2.5));
#3412 = CARTESIAN_POINT('',(31.241526845638,3.339932885906,2.5));
#3413 = ORIENTED_EDGE('',*,*,#3364,.T.);
#3414 = ORIENTED_EDGE('',*,*,#539,.F.);
#3415 = ORIENTED_EDGE('',*,*,#3416,.F.);
#3416 = EDGE_CURVE('',#3407,#540,#3417,.T.);
#3417 = LINE('',#3418,#3419);
#3418 = CARTESIAN_POINT('',(31.241526845638,3.339932885906,2.5));
#3419 = VECTOR('',#3420,1.);
#3420 = DIRECTION('',(0.,0.,1.));
#3421 = SURFACE_OF_LINEAR_EXTRUSION('',#3422,#3426);
#3422 = B_SPLINE_CURVE_WITH_KNOTS('',2,(#3423,#3424,#3425),
  .UNSPECIFIED.,.F.,.F.,(3,3),(0.,1.),.PIECEWISE_BEZIER_KNOTS.);
#3423 = CARTESIAN_POINT('',(30.651426174497,3.206040268456,2.5));
#3424 = CARTESIAN_POINT('',(31.036493288591,3.206040268456,2.5));
#3425 = CARTESIAN_POINT('',(31.241526845638,3.339932885906,2.5));
#3426 = VECTOR('',#3427,1.);
#3427 = DIRECTION('',(-0.,-0.,-1.));
#3428 = ADVANCED_FACE('',(#3429),#3447,.F.);
#3429 = FACE_BOUND('',#3430,.F.);
#3430 = EDGE_LOOP('',(#3431,#3439,#3445,#3446));
#3431 = ORIENTED_EDGE('',*,*,#3432,.F.);
#3432 = EDGE_CURVE('',#3433,#3381,#3435,.T.);
#3433 = VERTEX_POINT('',#3434);
#3434 = CARTESIAN_POINT('',(30.694211409396,5.78322147651,2.5));
#3435 = B_SPLINE_CURVE_WITH_KNOTS('',2,(#3436,#3437,#3438),
  .UNSPECIFIED.,.F.,.F.,(3,3),(0.,1.),.PIECEWISE_BEZIER_KNOTS.);
#3436 = CARTESIAN_POINT('',(30.694211409396,5.78322147651,2.5));
#3437 = CARTESIAN_POINT('',(30.460151006711,5.78322147651,2.5));
#3438 = CARTESIAN_POINT('',(30.22105704698,5.731543624161,2.5));
#3439 = ORIENTED_EDGE('',*,*,#3440,.T.);
#3440 = EDGE_CURVE('',#3433,#660,#3441,.T.);
#3441 = LINE('',#3442,#3443);
#3442 = CARTESIAN_POINT('',(30.694211409396,5.78322147651,2.5));
#3443 = VECTOR('',#3444,1.);
#3444 = DIRECTION('',(0.,0.,1.));
#3445 = ORIENTED_EDGE('',*,*,#671,.F.);
#3446 = ORIENTED_EDGE('',*,*,#3388,.F.);
#3447 = SURFACE_OF_LINEAR_EXTRUSION('',#3448,#3452);
#3448 = B_SPLINE_CURVE_WITH_KNOTS('',2,(#3449,#3450,#3451),
  .UNSPECIFIED.,.F.,.F.,(3,3),(0.,1.),.PIECEWISE_BEZIER_KNOTS.);
#3449 = CARTESIAN_POINT('',(30.694211409396,5.78322147651,2.5));
#3450 = CARTESIAN_POINT('',(30.460151006711,5.78322147651,2.5));
#3451 = CARTESIAN_POINT('',(30.22105704698,5.731543624161,2.5));
#3452 = VECTOR('',#3453,1.);
#3453 = DIRECTION('',(-0.,-0.,-1.));
#3454 = ADVANCED_FACE('',(#3455),#3473,.F.);
#3455 = FACE_BOUND('',#3456,.F.);
#3456 = EDGE_LOOP('',(#3457,#3465,#3466,#3467));
#3457 = ORIENTED_EDGE('',*,*,#3458,.F.);
#3458 = EDGE_CURVE('',#3407,#3459,#3461,.T.);
#3459 = VERTEX_POINT('',#3460);
#3460 = CARTESIAN_POINT('',(31.446728187919,3.72432885906,2.5));
#3461 = B_SPLINE_CURVE_WITH_KNOTS('',2,(#3462,#3463,#3464),
  .UNSPECIFIED.,.F.,.F.,(3,3),(0.,1.),.PIECEWISE_BEZIER_KNOTS.);
#3462 = CARTESIAN_POINT('',(31.241526845638,3.339932885906,2.5));
#3463 = CARTESIAN_POINT('',(31.446728187919,3.473993288591,2.5));
#3464 = CARTESIAN_POINT('',(31.446728187919,3.72432885906,2.5));
#3465 = ORIENTED_EDGE('',*,*,#3416,.T.);
#3466 = ORIENTED_EDGE('',*,*,#551,.F.);
#3467 = ORIENTED_EDGE('',*,*,#3468,.F.);
#3468 = EDGE_CURVE('',#3459,#552,#3469,.T.);
#3469 = LINE('',#3470,#3471);
#3470 = CARTESIAN_POINT('',(31.446728187919,3.72432885906,2.5));
#3471 = VECTOR('',#3472,1.);
#3472 = DIRECTION('',(0.,0.,1.));
#3473 = SURFACE_OF_LINEAR_EXTRUSION('',#3474,#3478);
#3474 = B_SPLINE_CURVE_WITH_KNOTS('',2,(#3475,#3476,#3477),
  .UNSPECIFIED.,.F.,.F.,(3,3),(0.,1.),.PIECEWISE_BEZIER_KNOTS.);
#3475 = CARTESIAN_POINT('',(31.241526845638,3.339932885906,2.5));
#3476 = CARTESIAN_POINT('',(31.446728187919,3.473993288591,2.5));
#3477 = CARTESIAN_POINT('',(31.446728187919,3.72432885906,2.5));
#3478 = VECTOR('',#3479,1.);
#3479 = DIRECTION('',(-0.,-0.,-1.));
#3480 = ADVANCED_FACE('',(#3481),#3499,.F.);
#3481 = FACE_BOUND('',#3482,.F.);
#3482 = EDGE_LOOP('',(#3483,#3491,#3497,#3498));
#3483 = ORIENTED_EDGE('',*,*,#3484,.F.);
#3484 = EDGE_CURVE('',#3485,#3433,#3487,.T.);
#3485 = VERTEX_POINT('',#3486);
#3486 = CARTESIAN_POINT('',(31.184983221477,5.665268456376,2.5));
#3487 = B_SPLINE_CURVE_WITH_KNOTS('',2,(#3488,#3489,#3490),
  .UNSPECIFIED.,.F.,.F.,(3,3),(0.,1.),.PIECEWISE_BEZIER_KNOTS.);
#3488 = CARTESIAN_POINT('',(31.184983221477,5.665268456376,2.5));
#3489 = CARTESIAN_POINT('',(31.011325503356,5.78322147651,2.5));
#3490 = CARTESIAN_POINT('',(30.694211409396,5.78322147651,2.5));
#3491 = ORIENTED_EDGE('',*,*,#3492,.T.);
#3492 = EDGE_CURVE('',#3485,#645,#3493,.T.);
#3493 = LINE('',#3494,#3495);
#3494 = CARTESIAN_POINT('',(31.184983221477,5.665268456376,2.5));
#3495 = VECTOR('',#3496,1.);
#3496 = DIRECTION('',(0.,0.,1.));
#3497 = ORIENTED_EDGE('',*,*,#659,.F.);
#3498 = ORIENTED_EDGE('',*,*,#3440,.F.);
#3499 = SURFACE_OF_LINEAR_EXTRUSION('',#3500,#3504);
#3500 = B_SPLINE_CURVE_WITH_KNOTS('',2,(#3501,#3502,#3503),
  .UNSPECIFIED.,.F.,.F.,(3,3),(0.,1.),.PIECEWISE_BEZIER_KNOTS.);
#3501 = CARTESIAN_POINT('',(31.184983221477,5.665268456376,2.5));
#3502 = CARTESIAN_POINT('',(31.011325503356,5.78322147651,2.5));
#3503 = CARTESIAN_POINT('',(30.694211409396,5.78322147651,2.5));
#3504 = VECTOR('',#3505,1.);
#3505 = DIRECTION('',(-0.,-0.,-1.));
#3506 = ADVANCED_FACE('',(#3507),#3525,.F.);
#3507 = FACE_BOUND('',#3508,.F.);
#3508 = EDGE_LOOP('',(#3509,#3517,#3518,#3519));
#3509 = ORIENTED_EDGE('',*,*,#3510,.F.);
#3510 = EDGE_CURVE('',#3459,#3511,#3513,.T.);
#3511 = VERTEX_POINT('',#3512);
#3512 = CARTESIAN_POINT('',(31.236493288591,4.114932885906,2.5));
#3513 = B_SPLINE_CURVE_WITH_KNOTS('',2,(#3514,#3515,#3516),
  .UNSPECIFIED.,.F.,.F.,(3,3),(0.,1.),.PIECEWISE_BEZIER_KNOTS.);
#3514 = CARTESIAN_POINT('',(31.446728187919,3.72432885906,2.5));
#3515 = CARTESIAN_POINT('',(31.446728187919,3.982214765101,2.5));
#3516 = CARTESIAN_POINT('',(31.236493288591,4.114932885906,2.5));
#3517 = ORIENTED_EDGE('',*,*,#3468,.T.);
#3518 = ORIENTED_EDGE('',*,*,#566,.F.);
#3519 = ORIENTED_EDGE('',*,*,#3520,.F.);
#3520 = EDGE_CURVE('',#3511,#567,#3521,.T.);
#3521 = LINE('',#3522,#3523);
#3522 = CARTESIAN_POINT('',(31.236493288591,4.114932885906,2.5));
#3523 = VECTOR('',#3524,1.);
#3524 = DIRECTION('',(0.,0.,1.));
#3525 = SURFACE_OF_LINEAR_EXTRUSION('',#3526,#3530);
#3526 = B_SPLINE_CURVE_WITH_KNOTS('',2,(#3527,#3528,#3529),
  .UNSPECIFIED.,.F.,.F.,(3,3),(0.,1.),.PIECEWISE_BEZIER_KNOTS.);
#3527 = CARTESIAN_POINT('',(31.446728187919,3.72432885906,2.5));
#3528 = CARTESIAN_POINT('',(31.446728187919,3.982214765101,2.5));
#3529 = CARTESIAN_POINT('',(31.236493288591,4.114932885906,2.5));
#3530 = VECTOR('',#3531,1.);
#3531 = DIRECTION('',(-0.,-0.,-1.));
#3532 = ADVANCED_FACE('',(#3533),#3551,.F.);
#3533 = FACE_BOUND('',#3534,.F.);
#3534 = EDGE_LOOP('',(#3535,#3543,#3549,#3550));
#3535 = ORIENTED_EDGE('',*,*,#3536,.F.);
#3536 = EDGE_CURVE('',#3537,#3485,#3539,.T.);
#3537 = VERTEX_POINT('',#3538);
#3538 = CARTESIAN_POINT('',(31.358640939597,5.331879194631,2.5));
#3539 = B_SPLINE_CURVE_WITH_KNOTS('',2,(#3540,#3541,#3542),
  .UNSPECIFIED.,.F.,.F.,(3,3),(0.,1.),.PIECEWISE_BEZIER_KNOTS.);
#3540 = CARTESIAN_POINT('',(31.358640939597,5.331879194631,2.5));
#3541 = CARTESIAN_POINT('',(31.358640939597,5.547483221477,2.5));
#3542 = CARTESIAN_POINT('',(31.184983221477,5.665268456376,2.5));
#3543 = ORIENTED_EDGE('',*,*,#3544,.T.);
#3544 = EDGE_CURVE('',#3537,#630,#3545,.T.);
#3545 = LINE('',#3546,#3547);
#3546 = CARTESIAN_POINT('',(31.358640939597,5.331879194631,2.5));
#3547 = VECTOR('',#3548,1.);
#3548 = DIRECTION('',(0.,0.,1.));
#3549 = ORIENTED_EDGE('',*,*,#644,.F.);
#3550 = ORIENTED_EDGE('',*,*,#3492,.F.);
#3551 = SURFACE_OF_LINEAR_EXTRUSION('',#3552,#3556);
#3552 = B_SPLINE_CURVE_WITH_KNOTS('',2,(#3553,#3554,#3555),
  .UNSPECIFIED.,.F.,.F.,(3,3),(0.,1.),.PIECEWISE_BEZIER_KNOTS.);
#3553 = CARTESIAN_POINT('',(31.358640939597,5.331879194631,2.5));
#3554 = CARTESIAN_POINT('',(31.358640939597,5.547483221477,2.5));
#3555 = CARTESIAN_POINT('',(31.184983221477,5.665268456376,2.5));
#3556 = VECTOR('',#3557,1.);
#3557 = DIRECTION('',(-0.,-0.,-1.));
#3558 = ADVANCED_FACE('',(#3559),#3577,.F.);
#3559 = FACE_BOUND('',#3560,.F.);
#3560 = EDGE_LOOP('',(#3561,#3569,#3570,#3571));
#3561 = ORIENTED_EDGE('',*,*,#3562,.F.);
#3562 = EDGE_CURVE('',#3511,#3563,#3565,.T.);
#3563 = VERTEX_POINT('',#3564);
#3564 = CARTESIAN_POINT('',(30.616191275168,4.247651006711,2.5));
#3565 = B_SPLINE_CURVE_WITH_KNOTS('',2,(#3566,#3567,#3568),
  .UNSPECIFIED.,.F.,.F.,(3,3),(0.,1.),.PIECEWISE_BEZIER_KNOTS.);
#3566 = CARTESIAN_POINT('',(31.236493288591,4.114932885906,2.5));
#3567 = CARTESIAN_POINT('',(31.026426174497,4.247651006711,2.5));
#3568 = CARTESIAN_POINT('',(30.616191275168,4.247651006711,2.5));
#3569 = ORIENTED_EDGE('',*,*,#3520,.T.);
#3570 = ORIENTED_EDGE('',*,*,#581,.F.);
#3571 = ORIENTED_EDGE('',*,*,#3572,.F.);
#3572 = EDGE_CURVE('',#3563,#582,#3573,.T.);
#3573 = LINE('',#3574,#3575);
#3574 = CARTESIAN_POINT('',(30.616191275168,4.247651006711,2.5));
#3575 = VECTOR('',#3576,1.);
#3576 = DIRECTION('',(0.,0.,1.));
#3577 = SURFACE_OF_LINEAR_EXTRUSION('',#3578,#3582);
#3578 = B_SPLINE_CURVE_WITH_KNOTS('',2,(#3579,#3580,#3581),
  .UNSPECIFIED.,.F.,.F.,(3,3),(0.,1.),.PIECEWISE_BEZIER_KNOTS.);
#3579 = CARTESIAN_POINT('',(31.236493288591,4.114932885906,2.5));
#3580 = CARTESIAN_POINT('',(31.026426174497,4.247651006711,2.5));
#3581 = CARTESIAN_POINT('',(30.616191275168,4.247651006711,2.5));
#3582 = VECTOR('',#3583,1.);
#3583 = DIRECTION('',(-0.,-0.,-1.));
#3584 = ADVANCED_FACE('',(#3585),#3603,.F.);
#3585 = FACE_BOUND('',#3586,.F.);
#3586 = EDGE_LOOP('',(#3587,#3595,#3601,#3602));
#3587 = ORIENTED_EDGE('',*,*,#3588,.F.);
#3588 = EDGE_CURVE('',#3589,#3537,#3591,.T.);
#3589 = VERTEX_POINT('',#3590);
#3590 = CARTESIAN_POINT('',(31.17994966443,4.984563758389,2.5));
#3591 = B_SPLINE_CURVE_WITH_KNOTS('',2,(#3592,#3593,#3594),
  .UNSPECIFIED.,.F.,.F.,(3,3),(0.,1.),.PIECEWISE_BEZIER_KNOTS.);
#3592 = CARTESIAN_POINT('',(31.17994966443,4.984563758389,2.5));
#3593 = CARTESIAN_POINT('',(31.358640939597,5.098657718121,2.5));
#3594 = CARTESIAN_POINT('',(31.358640939597,5.331879194631,2.5));
#3595 = ORIENTED_EDGE('',*,*,#3596,.T.);
#3596 = EDGE_CURVE('',#3589,#618,#3597,.T.);
#3597 = LINE('',#3598,#3599);
#3598 = CARTESIAN_POINT('',(31.17994966443,4.984563758389,2.5));
#3599 = VECTOR('',#3600,1.);
#3600 = DIRECTION('',(0.,0.,1.));
#3601 = ORIENTED_EDGE('',*,*,#629,.F.);
#3602 = ORIENTED_EDGE('',*,*,#3544,.F.);
#3603 = SURFACE_OF_LINEAR_EXTRUSION('',#3604,#3608);
#3604 = B_SPLINE_CURVE_WITH_KNOTS('',2,(#3605,#3606,#3607),
  .UNSPECIFIED.,.F.,.F.,(3,3),(0.,1.),.PIECEWISE_BEZIER_KNOTS.);
#3605 = CARTESIAN_POINT('',(31.17994966443,4.984563758389,2.5));
#3606 = CARTESIAN_POINT('',(31.358640939597,5.098657718121,2.5));
#3607 = CARTESIAN_POINT('',(31.358640939597,5.331879194631,2.5));
#3608 = VECTOR('',#3609,1.);
#3609 = DIRECTION('',(-0.,-0.,-1.));
#3610 = ADVANCED_FACE('',(#3611),#3629,.F.);
#3611 = FACE_BOUND('',#3612,.F.);
#3612 = EDGE_LOOP('',(#3613,#3621,#3622,#3623));
#3613 = ORIENTED_EDGE('',*,*,#3614,.F.);
#3614 = EDGE_CURVE('',#3563,#3615,#3617,.T.);
#3615 = VERTEX_POINT('',#3616);
#3616 = CARTESIAN_POINT('',(30.22860738255,4.247651006711,2.5));
#3617 = LINE('',#3618,#3619);
#3618 = CARTESIAN_POINT('',(30.616191275168,4.247651006711,2.5));
#3619 = VECTOR('',#3620,1.);
#3620 = DIRECTION('',(-1.,0.,0.));
#3621 = ORIENTED_EDGE('',*,*,#3572,.T.);
#3622 = ORIENTED_EDGE('',*,*,#593,.F.);
#3623 = ORIENTED_EDGE('',*,*,#3624,.F.);
#3624 = EDGE_CURVE('',#3615,#594,#3625,.T.);
#3625 = LINE('',#3626,#3627);
#3626 = CARTESIAN_POINT('',(30.22860738255,4.247651006711,2.5));
#3627 = VECTOR('',#3628,1.);
#3628 = DIRECTION('',(0.,0.,1.));
#3629 = PLANE('',#3630);
#3630 = AXIS2_PLACEMENT_3D('',#3631,#3632,#3633);
#3631 = CARTESIAN_POINT('',(30.616191275168,4.247651006711,2.5));
#3632 = DIRECTION('',(0.,-1.,0.));
#3633 = DIRECTION('',(-1.,0.,0.));
#3634 = ADVANCED_FACE('',(#3635),#3653,.F.);
#3635 = FACE_BOUND('',#3636,.F.);
#3636 = EDGE_LOOP('',(#3637,#3645,#3651,#3652));
#3637 = ORIENTED_EDGE('',*,*,#3638,.F.);
#3638 = EDGE_CURVE('',#3639,#3589,#3641,.T.);
#3639 = VERTEX_POINT('',#3640);
#3640 = CARTESIAN_POINT('',(30.636325503356,4.870469798658,2.5));
#3641 = B_SPLINE_CURVE_WITH_KNOTS('',2,(#3642,#3643,#3644),
  .UNSPECIFIED.,.F.,.F.,(3,3),(0.,1.),.PIECEWISE_BEZIER_KNOTS.);
#3642 = CARTESIAN_POINT('',(30.636325503356,4.870469798658,2.5));
#3643 = CARTESIAN_POINT('',(31.001258389262,4.870469798658,2.5));
#3644 = CARTESIAN_POINT('',(31.17994966443,4.984563758389,2.5));
#3645 = ORIENTED_EDGE('',*,*,#3646,.T.);
#3646 = EDGE_CURVE('',#3639,#610,#3647,.T.);
#3647 = LINE('',#3648,#3649);
#3648 = CARTESIAN_POINT('',(30.636325503356,4.870469798658,2.5));
#3649 = VECTOR('',#3650,1.);
#3650 = DIRECTION('',(0.,0.,1.));
#3651 = ORIENTED_EDGE('',*,*,#617,.F.);
#3652 = ORIENTED_EDGE('',*,*,#3596,.F.);
#3653 = SURFACE_OF_LINEAR_EXTRUSION('',#3654,#3658);
#3654 = B_SPLINE_CURVE_WITH_KNOTS('',2,(#3655,#3656,#3657),
  .UNSPECIFIED.,.F.,.F.,(3,3),(0.,1.),.PIECEWISE_BEZIER_KNOTS.);
#3655 = CARTESIAN_POINT('',(30.636325503356,4.870469798658,2.5));
#3656 = CARTESIAN_POINT('',(31.001258389262,4.870469798658,2.5));
#3657 = CARTESIAN_POINT('',(31.17994966443,4.984563758389,2.5));
#3658 = VECTOR('',#3659,1.);
#3659 = DIRECTION('',(-0.,-0.,-1.));
#3660 = ADVANCED_FACE('',(#3661),#3679,.F.);
#3661 = FACE_BOUND('',#3662,.F.);
#3662 = EDGE_LOOP('',(#3663,#3671,#3672,#3673));
#3663 = ORIENTED_EDGE('',*,*,#3664,.F.);
#3664 = EDGE_CURVE('',#3615,#3665,#3667,.T.);
#3665 = VERTEX_POINT('',#3666);
#3666 = CARTESIAN_POINT('',(30.22860738255,4.870469798658,2.5));
#3667 = LINE('',#3668,#3669);
#3668 = CARTESIAN_POINT('',(30.22860738255,4.247651006711,2.5));
#3669 = VECTOR('',#3670,1.);
#3670 = DIRECTION('',(0.,1.,0.));
#3671 = ORIENTED_EDGE('',*,*,#3624,.T.);
#3672 = ORIENTED_EDGE('',*,*,#601,.F.);
#3673 = ORIENTED_EDGE('',*,*,#3674,.F.);
#3674 = EDGE_CURVE('',#3665,#602,#3675,.T.);
#3675 = LINE('',#3676,#3677);
#3676 = CARTESIAN_POINT('',(30.22860738255,4.870469798658,2.5));
#3677 = VECTOR('',#3678,1.);
#3678 = DIRECTION('',(0.,0.,1.));
#3679 = PLANE('',#3680);
#3680 = AXIS2_PLACEMENT_3D('',#3681,#3682,#3683);
#3681 = CARTESIAN_POINT('',(30.22860738255,4.247651006711,2.5));
#3682 = DIRECTION('',(-1.,0.,0.));
#3683 = DIRECTION('',(0.,1.,0.));
#3684 = ADVANCED_FACE('',(#3685),#3696,.F.);
#3685 = FACE_BOUND('',#3686,.F.);
#3686 = EDGE_LOOP('',(#3687,#3693,#3694,#3695));
#3687 = ORIENTED_EDGE('',*,*,#3688,.F.);
#3688 = EDGE_CURVE('',#3665,#3639,#3689,.T.);
#3689 = LINE('',#3690,#3691);
#3690 = CARTESIAN_POINT('',(30.22860738255,4.870469798658,2.5));
#3691 = VECTOR('',#3692,1.);
#3692 = DIRECTION('',(1.,0.,0.));
#3693 = ORIENTED_EDGE('',*,*,#3674,.T.);
#3694 = ORIENTED_EDGE('',*,*,#609,.F.);
#3695 = ORIENTED_EDGE('',*,*,#3646,.F.);
#3696 = PLANE('',#3697);
#3697 = AXIS2_PLACEMENT_3D('',#3698,#3699,#3700);
#3698 = CARTESIAN_POINT('',(30.22860738255,4.870469798658,2.5));
#3699 = DIRECTION('',(0.,1.,0.));
#3700 = DIRECTION('',(1.,0.,0.));
#3701 = ADVANCED_FACE('',(#3702),#3727,.F.);
#3702 = FACE_BOUND('',#3703,.F.);
#3703 = EDGE_LOOP('',(#3704,#3714,#3720,#3721));
#3704 = ORIENTED_EDGE('',*,*,#3705,.F.);
#3705 = EDGE_CURVE('',#3706,#3708,#3710,.T.);
#3706 = VERTEX_POINT('',#3707);
#3707 = CARTESIAN_POINT('',(42.945889261745,6.379194630872,2.5));
#3708 = VERTEX_POINT('',#3709);
#3709 = CARTESIAN_POINT('',(44.023070469799,6.379194630872,2.5));
#3710 = LINE('',#3711,#3712);
#3711 = CARTESIAN_POINT('',(42.945889261745,6.379194630872,2.5));
#3712 = VECTOR('',#3713,1.);
#3713 = DIRECTION('',(1.,0.,0.));
#3714 = ORIENTED_EDGE('',*,*,#3715,.T.);
#3715 = EDGE_CURVE('',#3706,#788,#3716,.T.);
#3716 = LINE('',#3717,#3718);
#3717 = CARTESIAN_POINT('',(42.945889261745,6.379194630872,2.5));
#3718 = VECTOR('',#3719,1.);
#3719 = DIRECTION('',(0.,0.,1.));
#3720 = ORIENTED_EDGE('',*,*,#785,.F.);
#3721 = ORIENTED_EDGE('',*,*,#3722,.F.);
#3722 = EDGE_CURVE('',#3708,#786,#3723,.T.);
#3723 = LINE('',#3724,#3725);
#3724 = CARTESIAN_POINT('',(44.023070469799,6.379194630872,2.5));
#3725 = VECTOR('',#3726,1.);
#3726 = DIRECTION('',(0.,0.,1.));
#3727 = PLANE('',#3728);
#3728 = AXIS2_PLACEMENT_3D('',#3729,#3730,#3731);
#3729 = CARTESIAN_POINT('',(42.945889261745,6.379194630872,2.5));
#3730 = DIRECTION('',(0.,1.,0.));
#3731 = DIRECTION('',(1.,0.,0.));
#3732 = ADVANCED_FACE('',(#3733),#3751,.F.);
#3733 = FACE_BOUND('',#3734,.F.);
#3734 = EDGE_LOOP('',(#3735,#3743,#3744,#3745));
#3735 = ORIENTED_EDGE('',*,*,#3736,.F.);
#3736 = EDGE_CURVE('',#3708,#3737,#3739,.T.);
#3737 = VERTEX_POINT('',#3738);
#3738 = CARTESIAN_POINT('',(44.023070469799,4.006040268456,2.5));
#3739 = LINE('',#3740,#3741);
#3740 = CARTESIAN_POINT('',(44.023070469799,6.379194630872,2.5));
#3741 = VECTOR('',#3742,1.);
#3742 = DIRECTION('',(0.,-1.,0.));
#3743 = ORIENTED_EDGE('',*,*,#3722,.T.);
#3744 = ORIENTED_EDGE('',*,*,#795,.F.);
#3745 = ORIENTED_EDGE('',*,*,#3746,.F.);
#3746 = EDGE_CURVE('',#3737,#796,#3747,.T.);
#3747 = LINE('',#3748,#3749);
#3748 = CARTESIAN_POINT('',(44.023070469799,4.006040268456,2.5));
#3749 = VECTOR('',#3750,1.);
#3750 = DIRECTION('',(0.,0.,1.));
#3751 = PLANE('',#3752);
#3752 = AXIS2_PLACEMENT_3D('',#3753,#3754,#3755);
#3753 = CARTESIAN_POINT('',(44.023070469799,6.379194630872,2.5));
#3754 = DIRECTION('',(1.,0.,0.));
#3755 = DIRECTION('',(0.,-1.,0.));
#3756 = ADVANCED_FACE('',(#3757),#3775,.F.);
#3757 = FACE_BOUND('',#3758,.F.);
#3758 = EDGE_LOOP('',(#3759,#3767,#3773,#3774));
#3759 = ORIENTED_EDGE('',*,*,#3760,.F.);
#3760 = EDGE_CURVE('',#3761,#3706,#3763,.T.);
#3761 = VERTEX_POINT('',#3762);
#3762 = CARTESIAN_POINT('',(41.440855704698,4.138087248322,2.5));
#3763 = LINE('',#3764,#3765);
#3764 = CARTESIAN_POINT('',(41.440855704698,4.138087248322,2.5));
#3765 = VECTOR('',#3766,1.);
#3766 = DIRECTION('',(0.557508237146,0.830171407309,0.));
#3767 = ORIENTED_EDGE('',*,*,#3768,.T.);
#3768 = EDGE_CURVE('',#3761,#860,#3769,.T.);
#3769 = LINE('',#3770,#3771);
#3770 = CARTESIAN_POINT('',(41.440855704698,4.138087248322,2.5));
#3771 = VECTOR('',#3772,1.);
#3772 = DIRECTION('',(0.,0.,1.));
#3773 = ORIENTED_EDGE('',*,*,#867,.F.);
#3774 = ORIENTED_EDGE('',*,*,#3715,.F.);
#3775 = PLANE('',#3776);
#3776 = AXIS2_PLACEMENT_3D('',#3777,#3778,#3779);
#3777 = CARTESIAN_POINT('',(41.440855704698,4.138087248322,2.5));
#3778 = DIRECTION('',(-0.830171407309,0.557508237146,0.));
#3779 = DIRECTION('',(0.557508237146,0.830171407309,0.));
#3780 = ADVANCED_FACE('',(#3781),#3799,.F.);
#3781 = FACE_BOUND('',#3782,.F.);
#3782 = EDGE_LOOP('',(#3783,#3791,#3792,#3793));
#3783 = ORIENTED_EDGE('',*,*,#3784,.F.);
#3784 = EDGE_CURVE('',#3737,#3785,#3787,.T.);
#3785 = VERTEX_POINT('',#3786);
#3786 = CARTESIAN_POINT('',(44.559144295302,4.006040268456,2.5));
#3787 = LINE('',#3788,#3789);
#3788 = CARTESIAN_POINT('',(44.023070469799,4.006040268456,2.5));
#3789 = VECTOR('',#3790,1.);
#3790 = DIRECTION('',(1.,0.,0.));
#3791 = ORIENTED_EDGE('',*,*,#3746,.T.);
#3792 = ORIENTED_EDGE('',*,*,#803,.F.);
#3793 = ORIENTED_EDGE('',*,*,#3794,.F.);
#3794 = EDGE_CURVE('',#3785,#804,#3795,.T.);
#3795 = LINE('',#3796,#3797);
#3796 = CARTESIAN_POINT('',(44.559144295302,4.006040268456,2.5));
#3797 = VECTOR('',#3798,1.);
#3798 = DIRECTION('',(0.,0.,1.));
#3799 = PLANE('',#3800);
#3800 = AXIS2_PLACEMENT_3D('',#3801,#3802,#3803);
#3801 = CARTESIAN_POINT('',(44.023070469799,4.006040268456,2.5));
#3802 = DIRECTION('',(0.,1.,0.));
#3803 = DIRECTION('',(1.,0.,0.));
#3804 = ADVANCED_FACE('',(#3805),#3823,.F.);
#3805 = FACE_BOUND('',#3806,.F.);
#3806 = EDGE_LOOP('',(#3807,#3815,#3821,#3822));
#3807 = ORIENTED_EDGE('',*,*,#3808,.F.);
#3808 = EDGE_CURVE('',#3809,#3761,#3811,.T.);
#3809 = VERTEX_POINT('',#3810);
#3810 = CARTESIAN_POINT('',(41.440855704698,3.308053691275,2.5));
#3811 = LINE('',#3812,#3813);
#3812 = CARTESIAN_POINT('',(41.440855704698,3.308053691275,2.5));
#3813 = VECTOR('',#3814,1.);
#3814 = DIRECTION('',(0.,1.,0.));
#3815 = ORIENTED_EDGE('',*,*,#3816,.T.);
#3816 = EDGE_CURVE('',#3809,#852,#3817,.T.);
#3817 = LINE('',#3818,#3819);
#3818 = CARTESIAN_POINT('',(41.440855704698,3.308053691275,2.5));
#3819 = VECTOR('',#3820,1.);
#3820 = DIRECTION('',(0.,0.,1.));
#3821 = ORIENTED_EDGE('',*,*,#859,.F.);
#3822 = ORIENTED_EDGE('',*,*,#3768,.F.);
#3823 = PLANE('',#3824);
#3824 = AXIS2_PLACEMENT_3D('',#3825,#3826,#3827);
#3825 = CARTESIAN_POINT('',(41.440855704698,3.308053691275,2.5));
#3826 = DIRECTION('',(-1.,0.,0.));
#3827 = DIRECTION('',(0.,1.,0.));
#3828 = ADVANCED_FACE('',(#3829),#3847,.F.);
#3829 = FACE_BOUND('',#3830,.F.);
#3830 = EDGE_LOOP('',(#3831,#3839,#3840,#3841));
#3831 = ORIENTED_EDGE('',*,*,#3832,.F.);
#3832 = EDGE_CURVE('',#3785,#3833,#3835,.T.);
#3833 = VERTEX_POINT('',#3834);
#3834 = CARTESIAN_POINT('',(44.559144295302,3.308053691275,2.5));
#3835 = LINE('',#3836,#3837);
#3836 = CARTESIAN_POINT('',(44.559144295302,4.006040268456,2.5));
#3837 = VECTOR('',#3838,1.);
#3838 = DIRECTION('',(0.,-1.,0.));
#3839 = ORIENTED_EDGE('',*,*,#3794,.T.);
#3840 = ORIENTED_EDGE('',*,*,#811,.F.);
#3841 = ORIENTED_EDGE('',*,*,#3842,.F.);
#3842 = EDGE_CURVE('',#3833,#812,#3843,.T.);
#3843 = LINE('',#3844,#3845);
#3844 = CARTESIAN_POINT('',(44.559144295302,3.308053691275,2.5));
#3845 = VECTOR('',#3846,1.);
#3846 = DIRECTION('',(0.,0.,1.));
#3847 = PLANE('',#3848);
#3848 = AXIS2_PLACEMENT_3D('',#3849,#3850,#3851);
#3849 = CARTESIAN_POINT('',(44.559144295302,4.006040268456,2.5));
#3850 = DIRECTION('',(1.,0.,0.));
#3851 = DIRECTION('',(0.,-1.,0.));
#3852 = ADVANCED_FACE('',(#3853),#3871,.F.);
#3853 = FACE_BOUND('',#3854,.F.);
#3854 = EDGE_LOOP('',(#3855,#3863,#3869,#3870));
#3855 = ORIENTED_EDGE('',*,*,#3856,.F.);
#3856 = EDGE_CURVE('',#3857,#3809,#3859,.T.);
#3857 = VERTEX_POINT('',#3858);
#3858 = CARTESIAN_POINT('',(43.106963087248,3.308053691275,2.5));
#3859 = LINE('',#3860,#3861);
#3860 = CARTESIAN_POINT('',(43.106963087248,3.308053691275,2.5));
#3861 = VECTOR('',#3862,1.);
#3862 = DIRECTION('',(-1.,0.,0.));
#3863 = ORIENTED_EDGE('',*,*,#3864,.T.);
#3864 = EDGE_CURVE('',#3857,#844,#3865,.T.);
#3865 = LINE('',#3866,#3867);
#3866 = CARTESIAN_POINT('',(43.106963087248,3.308053691275,2.5));
#3867 = VECTOR('',#3868,1.);
#3868 = DIRECTION('',(0.,0.,1.));
#3869 = ORIENTED_EDGE('',*,*,#851,.F.);
#3870 = ORIENTED_EDGE('',*,*,#3816,.F.);
#3871 = PLANE('',#3872);
#3872 = AXIS2_PLACEMENT_3D('',#3873,#3874,#3875);
#3873 = CARTESIAN_POINT('',(43.106963087248,3.308053691275,2.5));
#3874 = DIRECTION('',(0.,-1.,0.));
#3875 = DIRECTION('',(-1.,0.,0.));
#3876 = ADVANCED_FACE('',(#3877),#3895,.F.);
#3877 = FACE_BOUND('',#3878,.F.);
#3878 = EDGE_LOOP('',(#3879,#3887,#3888,#3889));
#3879 = ORIENTED_EDGE('',*,*,#3880,.F.);
#3880 = EDGE_CURVE('',#3833,#3881,#3883,.T.);
#3881 = VERTEX_POINT('',#3882);
#3882 = CARTESIAN_POINT('',(44.023070469799,3.308053691275,2.5));
#3883 = LINE('',#3884,#3885);
#3884 = CARTESIAN_POINT('',(44.559144295302,3.308053691275,2.5));
#3885 = VECTOR('',#3886,1.);
#3886 = DIRECTION('',(-1.,0.,0.));
#3887 = ORIENTED_EDGE('',*,*,#3842,.T.);
#3888 = ORIENTED_EDGE('',*,*,#819,.F.);
#3889 = ORIENTED_EDGE('',*,*,#3890,.F.);
#3890 = EDGE_CURVE('',#3881,#820,#3891,.T.);
#3891 = LINE('',#3892,#3893);
#3892 = CARTESIAN_POINT('',(44.023070469799,3.308053691275,2.5));
#3893 = VECTOR('',#3894,1.);
#3894 = DIRECTION('',(0.,0.,1.));
#3895 = PLANE('',#3896);
#3896 = AXIS2_PLACEMENT_3D('',#3897,#3898,#3899);
#3897 = CARTESIAN_POINT('',(44.559144295302,3.308053691275,2.5));
#3898 = DIRECTION('',(0.,-1.,0.));
#3899 = DIRECTION('',(-1.,0.,0.));
#3900 = ADVANCED_FACE('',(#3901),#3919,.F.);
#3901 = FACE_BOUND('',#3902,.F.);
#3902 = EDGE_LOOP('',(#3903,#3911,#3917,#3918));
#3903 = ORIENTED_EDGE('',*,*,#3904,.F.);
#3904 = EDGE_CURVE('',#3905,#3857,#3907,.T.);
#3905 = VERTEX_POINT('',#3906);
#3906 = CARTESIAN_POINT('',(43.106963087248,2.620805369128,2.5));
#3907 = LINE('',#3908,#3909);
#3908 = CARTESIAN_POINT('',(43.106963087248,2.620805369128,2.5));
#3909 = VECTOR('',#3910,1.);
#3910 = DIRECTION('',(0.,1.,0.));
#3911 = ORIENTED_EDGE('',*,*,#3912,.T.);
#3912 = EDGE_CURVE('',#3905,#836,#3913,.T.);
#3913 = LINE('',#3914,#3915);
#3914 = CARTESIAN_POINT('',(43.106963087248,2.620805369128,2.5));
#3915 = VECTOR('',#3916,1.);
#3916 = DIRECTION('',(0.,0.,1.));
#3917 = ORIENTED_EDGE('',*,*,#843,.F.);
#3918 = ORIENTED_EDGE('',*,*,#3864,.F.);
#3919 = PLANE('',#3920);
#3920 = AXIS2_PLACEMENT_3D('',#3921,#3922,#3923);
#3921 = CARTESIAN_POINT('',(43.106963087248,2.620805369128,2.5));
#3922 = DIRECTION('',(-1.,0.,0.));
#3923 = DIRECTION('',(0.,1.,0.));
#3924 = ADVANCED_FACE('',(#3925),#3943,.F.);
#3925 = FACE_BOUND('',#3926,.F.);
#3926 = EDGE_LOOP('',(#3927,#3935,#3936,#3937));
#3927 = ORIENTED_EDGE('',*,*,#3928,.F.);
#3928 = EDGE_CURVE('',#3881,#3929,#3931,.T.);
#3929 = VERTEX_POINT('',#3930);
#3930 = CARTESIAN_POINT('',(44.023070469799,2.620805369128,2.5));
#3931 = LINE('',#3932,#3933);
#3932 = CARTESIAN_POINT('',(44.023070469799,3.308053691275,2.5));
#3933 = VECTOR('',#3934,1.);
#3934 = DIRECTION('',(0.,-1.,0.));
#3935 = ORIENTED_EDGE('',*,*,#3890,.T.);
#3936 = ORIENTED_EDGE('',*,*,#827,.F.);
#3937 = ORIENTED_EDGE('',*,*,#3938,.F.);
#3938 = EDGE_CURVE('',#3929,#828,#3939,.T.);
#3939 = LINE('',#3940,#3941);
#3940 = CARTESIAN_POINT('',(44.023070469799,2.620805369128,2.5));
#3941 = VECTOR('',#3942,1.);
#3942 = DIRECTION('',(0.,0.,1.));
#3943 = PLANE('',#3944);
#3944 = AXIS2_PLACEMENT_3D('',#3945,#3946,#3947);
#3945 = CARTESIAN_POINT('',(44.023070469799,3.308053691275,2.5));
#3946 = DIRECTION('',(1.,0.,0.));
#3947 = DIRECTION('',(0.,-1.,0.));
#3948 = ADVANCED_FACE('',(#3949),#3960,.F.);
#3949 = FACE_BOUND('',#3950,.F.);
#3950 = EDGE_LOOP('',(#3951,#3957,#3958,#3959));
#3951 = ORIENTED_EDGE('',*,*,#3952,.F.);
#3952 = EDGE_CURVE('',#3929,#3905,#3953,.T.);
#3953 = LINE('',#3954,#3955);
#3954 = CARTESIAN_POINT('',(44.023070469799,2.620805369128,2.5));
#3955 = VECTOR('',#3956,1.);
#3956 = DIRECTION('',(-1.,0.,0.));
#3957 = ORIENTED_EDGE('',*,*,#3938,.T.);
#3958 = ORIENTED_EDGE('',*,*,#835,.F.);
#3959 = ORIENTED_EDGE('',*,*,#3912,.F.);
#3960 = PLANE('',#3961);
#3961 = AXIS2_PLACEMENT_3D('',#3962,#3963,#3964);
#3962 = CARTESIAN_POINT('',(44.023070469799,2.620805369128,2.5));
#3963 = DIRECTION('',(0.,-1.,0.));
#3964 = DIRECTION('',(-1.,0.,0.));
#3965 = ADVANCED_FACE('',(#3966),#3991,.F.);
#3966 = FACE_BOUND('',#3967,.F.);
#3967 = EDGE_LOOP('',(#3968,#3978,#3984,#3985));
#3968 = ORIENTED_EDGE('',*,*,#3969,.F.);
#3969 = EDGE_CURVE('',#3970,#3972,#3974,.T.);
#3970 = VERTEX_POINT('',#3971);
#3971 = CARTESIAN_POINT('',(53.734060402685,6.41677852349,2.5));
#3972 = VERTEX_POINT('',#3973);
#3973 = CARTESIAN_POINT('',(56.142617449664,6.41677852349,2.5));
#3974 = LINE('',#3975,#3976);
#3975 = CARTESIAN_POINT('',(53.734060402685,6.41677852349,2.5));
#3976 = VECTOR('',#3977,1.);
#3977 = DIRECTION('',(1.,0.,0.));
#3978 = ORIENTED_EDGE('',*,*,#3979,.T.);
#3979 = EDGE_CURVE('',#3970,#878,#3980,.T.);
#3980 = LINE('',#3981,#3982);
#3981 = CARTESIAN_POINT('',(53.734060402685,6.41677852349,2.5));
#3982 = VECTOR('',#3983,1.);
#3983 = DIRECTION('',(0.,0.,1.));
#3984 = ORIENTED_EDGE('',*,*,#875,.F.);
#3985 = ORIENTED_EDGE('',*,*,#3986,.F.);
#3986 = EDGE_CURVE('',#3972,#876,#3987,.T.);
#3987 = LINE('',#3988,#3989);
#3988 = CARTESIAN_POINT('',(56.142617449664,6.41677852349,2.5));
#3989 = VECTOR('',#3990,1.);
#3990 = DIRECTION('',(0.,0.,1.));
#3991 = PLANE('',#3992);
#3992 = AXIS2_PLACEMENT_3D('',#3993,#3994,#3995);
#3993 = CARTESIAN_POINT('',(53.734060402685,6.41677852349,2.5));
#3994 = DIRECTION('',(0.,1.,0.));
#3995 = DIRECTION('',(1.,0.,0.));
#3996 = ADVANCED_FACE('',(#3997),#4015,.F.);
#3997 = FACE_BOUND('',#3998,.F.);
#3998 = EDGE_LOOP('',(#3999,#4007,#4008,#4009));
#3999 = ORIENTED_EDGE('',*,*,#4000,.F.);
#4000 = EDGE_CURVE('',#3972,#4001,#4003,.T.);
#4001 = VERTEX_POINT('',#4002);
#4002 = CARTESIAN_POINT('',(56.142617449664,5.708053691275,2.5));
#4003 = LINE('',#4004,#4005);
#4004 = CARTESIAN_POINT('',(56.142617449664,6.41677852349,2.5));
#4005 = VECTOR('',#4006,1.);
#4006 = DIRECTION('',(0.,-1.,0.));
#4007 = ORIENTED_EDGE('',*,*,#3986,.T.);
#4008 = ORIENTED_EDGE('',*,*,#885,.F.);
#4009 = ORIENTED_EDGE('',*,*,#4010,.F.);
#4010 = EDGE_CURVE('',#4001,#886,#4011,.T.);
#4011 = LINE('',#4012,#4013);
#4012 = CARTESIAN_POINT('',(56.142617449664,5.708053691275,2.5));
#4013 = VECTOR('',#4014,1.);
#4014 = DIRECTION('',(0.,0.,1.));
#4015 = PLANE('',#4016);
#4016 = AXIS2_PLACEMENT_3D('',#4017,#4018,#4019);
#4017 = CARTESIAN_POINT('',(56.142617449664,6.41677852349,2.5));
#4018 = DIRECTION('',(1.,0.,0.));
#4019 = DIRECTION('',(0.,-1.,0.));
#4020 = ADVANCED_FACE('',(#4021),#4039,.F.);
#4021 = FACE_BOUND('',#4022,.F.);
#4022 = EDGE_LOOP('',(#4023,#4031,#4037,#4038));
#4023 = ORIENTED_EDGE('',*,*,#4024,.F.);
#4024 = EDGE_CURVE('',#4025,#3970,#4027,.T.);
#4025 = VERTEX_POINT('',#4026);
#4026 = CARTESIAN_POINT('',(53.734060402685,4.290604026846,2.5));
#4027 = LINE('',#4028,#4029);
#4028 = CARTESIAN_POINT('',(53.734060402685,4.290604026846,2.5));
#4029 = VECTOR('',#4030,1.);
#4030 = DIRECTION('',(0.,1.,0.));
#4031 = ORIENTED_EDGE('',*,*,#4032,.T.);
#4032 = EDGE_CURVE('',#4025,#1127,#4033,.T.);
#4033 = LINE('',#4034,#4035);
#4034 = CARTESIAN_POINT('',(53.734060402685,4.290604026846,2.5));
#4035 = VECTOR('',#4036,1.);
#4036 = DIRECTION('',(0.,0.,1.));
#4037 = ORIENTED_EDGE('',*,*,#1137,.F.);
#4038 = ORIENTED_EDGE('',*,*,#3979,.F.);
#4039 = PLANE('',#4040);
#4040 = AXIS2_PLACEMENT_3D('',#4041,#4042,#4043);
#4041 = CARTESIAN_POINT('',(53.734060402685,4.290604026846,2.5));
#4042 = DIRECTION('',(-1.,0.,0.));
#4043 = DIRECTION('',(0.,1.,0.));
#4044 = ADVANCED_FACE('',(#4045),#4063,.F.);
#4045 = FACE_BOUND('',#4046,.F.);
#4046 = EDGE_LOOP('',(#4047,#4055,#4056,#4057));
#4047 = ORIENTED_EDGE('',*,*,#4048,.F.);
#4048 = EDGE_CURVE('',#4001,#4049,#4051,.T.);
#4049 = VERTEX_POINT('',#4050);
#4050 = CARTESIAN_POINT('',(54.506711409396,5.708053691275,2.5));
#4051 = LINE('',#4052,#4053);
#4052 = CARTESIAN_POINT('',(56.142617449664,5.708053691275,2.5));
#4053 = VECTOR('',#4054,1.);
#4054 = DIRECTION('',(-1.,0.,0.));
#4055 = ORIENTED_EDGE('',*,*,#4010,.T.);
#4056 = ORIENTED_EDGE('',*,*,#893,.F.);
#4057 = ORIENTED_EDGE('',*,*,#4058,.F.);
#4058 = EDGE_CURVE('',#4049,#894,#4059,.T.);
#4059 = LINE('',#4060,#4061);
#4060 = CARTESIAN_POINT('',(54.506711409396,5.708053691275,2.5));
#4061 = VECTOR('',#4062,1.);
#4062 = DIRECTION('',(0.,0.,1.));
#4063 = PLANE('',#4064);
#4064 = AXIS2_PLACEMENT_3D('',#4065,#4066,#4067);
#4065 = CARTESIAN_POINT('',(56.142617449664,5.708053691275,2.5));
#4066 = DIRECTION('',(0.,-1.,0.));
#4067 = DIRECTION('',(-1.,0.,0.));
#4068 = ADVANCED_FACE('',(#4069),#4087,.F.);
#4069 = FACE_BOUND('',#4070,.F.);
#4070 = EDGE_LOOP('',(#4071,#4079,#4085,#4086));
#4071 = ORIENTED_EDGE('',*,*,#4072,.F.);
#4072 = EDGE_CURVE('',#4073,#4025,#4075,.T.);
#4073 = VERTEX_POINT('',#4074);
#4074 = CARTESIAN_POINT('',(54.24244966443,4.460906040268,2.5));
#4075 = B_SPLINE_CURVE_WITH_KNOTS('',2,(#4076,#4077,#4078),
  .UNSPECIFIED.,.F.,.F.,(3,3),(0.,1.),.PIECEWISE_BEZIER_KNOTS.);
#4076 = CARTESIAN_POINT('',(54.24244966443,4.460906040268,2.5));
#4077 = CARTESIAN_POINT('',(54.005872483221,4.405872483221,2.5));
#4078 = CARTESIAN_POINT('',(53.734060402685,4.290604026846,2.5));
#4079 = ORIENTED_EDGE('',*,*,#4080,.T.);
#4080 = EDGE_CURVE('',#4073,#1116,#4081,.T.);
#4081 = LINE('',#4082,#4083);
#4082 = CARTESIAN_POINT('',(54.24244966443,4.460906040268,2.5));
#4083 = VECTOR('',#4084,1.);
#4084 = DIRECTION('',(0.,0.,1.));
#4085 = ORIENTED_EDGE('',*,*,#1126,.F.);
#4086 = ORIENTED_EDGE('',*,*,#4032,.F.);
#4087 = SURFACE_OF_LINEAR_EXTRUSION('',#4088,#4092);
#4088 = B_SPLINE_CURVE_WITH_KNOTS('',2,(#4089,#4090,#4091),
  .UNSPECIFIED.,.F.,.F.,(3,3),(0.,1.),.PIECEWISE_BEZIER_KNOTS.);
#4089 = CARTESIAN_POINT('',(54.24244966443,4.460906040268,2.5));
#4090 = CARTESIAN_POINT('',(54.005872483221,4.405872483221,2.5));
#4091 = CARTESIAN_POINT('',(53.734060402685,4.290604026846,2.5));
#4092 = VECTOR('',#4093,1.);
#4093 = DIRECTION('',(-0.,-0.,-1.));
#4094 = ADVANCED_FACE('',(#4095),#4113,.F.);
#4095 = FACE_BOUND('',#4096,.F.);
#4096 = EDGE_LOOP('',(#4097,#4105,#4106,#4107));
#4097 = ORIENTED_EDGE('',*,*,#4098,.F.);
#4098 = EDGE_CURVE('',#4049,#4099,#4101,.T.);
#4099 = VERTEX_POINT('',#4100);
#4100 = CARTESIAN_POINT('',(54.506711409396,5.118624161074,2.5));
#4101 = LINE('',#4102,#4103);
#4102 = CARTESIAN_POINT('',(54.506711409396,5.708053691275,2.5));
#4103 = VECTOR('',#4104,1.);
#4104 = DIRECTION('',(0.,-1.,0.));
#4105 = ORIENTED_EDGE('',*,*,#4058,.T.);
#4106 = ORIENTED_EDGE('',*,*,#901,.F.);
#4107 = ORIENTED_EDGE('',*,*,#4108,.F.);
#4108 = EDGE_CURVE('',#4099,#902,#4109,.T.);
#4109 = LINE('',#4110,#4111);
#4110 = CARTESIAN_POINT('',(54.506711409396,5.118624161074,2.5));
#4111 = VECTOR('',#4112,1.);
#4112 = DIRECTION('',(0.,0.,1.));
#4113 = PLANE('',#4114);
#4114 = AXIS2_PLACEMENT_3D('',#4115,#4116,#4117);
#4115 = CARTESIAN_POINT('',(54.506711409396,5.708053691275,2.5));
#4116 = DIRECTION('',(1.,0.,0.));
#4117 = DIRECTION('',(0.,-1.,0.));
#4118 = ADVANCED_FACE('',(#4119),#4137,.F.);
#4119 = FACE_BOUND('',#4120,.F.);
#4120 = EDGE_LOOP('',(#4121,#4129,#4135,#4136));
#4121 = ORIENTED_EDGE('',*,*,#4122,.F.);
#4122 = EDGE_CURVE('',#4123,#4073,#4125,.T.);
#4123 = VERTEX_POINT('',#4124);
#4124 = CARTESIAN_POINT('',(54.687919463087,4.51610738255,2.5));
#4125 = B_SPLINE_CURVE_WITH_KNOTS('',2,(#4126,#4127,#4128),
  .UNSPECIFIED.,.F.,.F.,(3,3),(0.,1.),.PIECEWISE_BEZIER_KNOTS.);
#4126 = CARTESIAN_POINT('',(54.687919463087,4.51610738255,2.5));
#4127 = CARTESIAN_POINT('',(54.479026845638,4.51610738255,2.5));
#4128 = CARTESIAN_POINT('',(54.24244966443,4.460906040268,2.5));
#4129 = ORIENTED_EDGE('',*,*,#4130,.T.);
#4130 = EDGE_CURVE('',#4123,#1101,#4131,.T.);
#4131 = LINE('',#4132,#4133);
#4132 = CARTESIAN_POINT('',(54.687919463087,4.51610738255,2.5));
#4133 = VECTOR('',#4134,1.);
#4134 = DIRECTION('',(0.,0.,1.));
#4135 = ORIENTED_EDGE('',*,*,#1115,.F.);
#4136 = ORIENTED_EDGE('',*,*,#4080,.F.);
#4137 = SURFACE_OF_LINEAR_EXTRUSION('',#4138,#4142);
#4138 = B_SPLINE_CURVE_WITH_KNOTS('',2,(#4139,#4140,#4141),
  .UNSPECIFIED.,.F.,.F.,(3,3),(0.,1.),.PIECEWISE_BEZIER_KNOTS.);
#4139 = CARTESIAN_POINT('',(54.687919463087,4.51610738255,2.5));
#4140 = CARTESIAN_POINT('',(54.479026845638,4.51610738255,2.5));
#4141 = CARTESIAN_POINT('',(54.24244966443,4.460906040268,2.5));
#4142 = VECTOR('',#4143,1.);
#4143 = DIRECTION('',(-0.,-0.,-1.));
#4144 = ADVANCED_FACE('',(#4145),#4163,.F.);
#4145 = FACE_BOUND('',#4146,.F.);
#4146 = EDGE_LOOP('',(#4147,#4155,#4156,#4157));
#4147 = ORIENTED_EDGE('',*,*,#4148,.F.);
#4148 = EDGE_CURVE('',#4099,#4149,#4151,.T.);
#4149 = VERTEX_POINT('',#4150);
#4150 = CARTESIAN_POINT('',(54.729362416107,5.165436241611,2.5));
#4151 = B_SPLINE_CURVE_WITH_KNOTS('',2,(#4152,#4153,#4154),
  .UNSPECIFIED.,.F.,.F.,(3,3),(0.,1.),.PIECEWISE_BEZIER_KNOTS.);
#4152 = CARTESIAN_POINT('',(54.506711409396,5.118624161074,2.5));
#4153 = CARTESIAN_POINT('',(54.61744966443,5.148993288591,2.5));
#4154 = CARTESIAN_POINT('',(54.729362416107,5.165436241611,2.5));
#4155 = ORIENTED_EDGE('',*,*,#4108,.T.);
#4156 = ORIENTED_EDGE('',*,*,#909,.F.);
#4157 = ORIENTED_EDGE('',*,*,#4158,.F.);
#4158 = EDGE_CURVE('',#4149,#910,#4159,.T.);
#4159 = LINE('',#4160,#4161);
#4160 = CARTESIAN_POINT('',(54.729362416107,5.165436241611,2.5));
#4161 = VECTOR('',#4162,1.);
#4162 = DIRECTION('',(0.,0.,1.));
#4163 = SURFACE_OF_LINEAR_EXTRUSION('',#4164,#4168);
#4164 = B_SPLINE_CURVE_WITH_KNOTS('',2,(#4165,#4166,#4167),
  .UNSPECIFIED.,.F.,.F.,(3,3),(0.,1.),.PIECEWISE_BEZIER_KNOTS.);
#4165 = CARTESIAN_POINT('',(54.506711409396,5.118624161074,2.5));
#4166 = CARTESIAN_POINT('',(54.61744966443,5.148993288591,2.5));
#4167 = CARTESIAN_POINT('',(54.729362416107,5.165436241611,2.5));
#4168 = VECTOR('',#4169,1.);
#4169 = DIRECTION('',(-0.,-0.,-1.));
#4170 = ADVANCED_FACE('',(#4171),#4189,.F.);
#4171 = FACE_BOUND('',#4172,.F.);
#4172 = EDGE_LOOP('',(#4173,#4181,#4187,#4188));
#4173 = ORIENTED_EDGE('',*,*,#4174,.F.);
#4174 = EDGE_CURVE('',#4175,#4123,#4177,.T.);
#4175 = VERTEX_POINT('',#4176);
#4176 = CARTESIAN_POINT('',(55.242785234899,4.344966442953,2.5));
#4177 = B_SPLINE_CURVE_WITH_KNOTS('',2,(#4178,#4179,#4180),
  .UNSPECIFIED.,.F.,.F.,(3,3),(0.,1.),.PIECEWISE_BEZIER_KNOTS.);
#4178 = CARTESIAN_POINT('',(55.242785234899,4.344966442953,2.5));
#4179 = CARTESIAN_POINT('',(55.040268456376,4.51610738255,2.5));
#4180 = CARTESIAN_POINT('',(54.687919463087,4.51610738255,2.5));
#4181 = ORIENTED_EDGE('',*,*,#4182,.T.);
#4182 = EDGE_CURVE('',#4175,#1086,#4183,.T.);
#4183 = LINE('',#4184,#4185);
#4184 = CARTESIAN_POINT('',(55.242785234899,4.344966442953,2.5));
#4185 = VECTOR('',#4186,1.);
#4186 = DIRECTION('',(0.,0.,1.));
#4187 = ORIENTED_EDGE('',*,*,#1100,.F.);
#4188 = ORIENTED_EDGE('',*,*,#4130,.F.);
#4189 = SURFACE_OF_LINEAR_EXTRUSION('',#4190,#4194);
#4190 = B_SPLINE_CURVE_WITH_KNOTS('',2,(#4191,#4192,#4193),
  .UNSPECIFIED.,.F.,.F.,(3,3),(0.,1.),.PIECEWISE_BEZIER_KNOTS.);
#4191 = CARTESIAN_POINT('',(55.242785234899,4.344966442953,2.5));
#4192 = CARTESIAN_POINT('',(55.040268456376,4.51610738255,2.5));
#4193 = CARTESIAN_POINT('',(54.687919463087,4.51610738255,2.5));
#4194 = VECTOR('',#4195,1.);
#4195 = DIRECTION('',(-0.,-0.,-1.));
#4196 = ADVANCED_FACE('',(#4197),#4215,.F.);
#4197 = FACE_BOUND('',#4198,.F.);
#4198 = EDGE_LOOP('',(#4199,#4207,#4208,#4209));
#4199 = ORIENTED_EDGE('',*,*,#4200,.F.);
#4200 = EDGE_CURVE('',#4149,#4201,#4203,.T.);
#4201 = VERTEX_POINT('',#4202);
#4202 = CARTESIAN_POINT('',(54.962248322148,5.181879194631,2.5));
#4203 = B_SPLINE_CURVE_WITH_KNOTS('',2,(#4204,#4205,#4206),
  .UNSPECIFIED.,.F.,.F.,(3,3),(0.,1.),.PIECEWISE_BEZIER_KNOTS.);
#4204 = CARTESIAN_POINT('',(54.729362416107,5.165436241611,2.5));
#4205 = CARTESIAN_POINT('',(54.84144295302,5.181879194631,2.5));
#4206 = CARTESIAN_POINT('',(54.962248322148,5.181879194631,2.5));
#4207 = ORIENTED_EDGE('',*,*,#4158,.T.);
#4208 = ORIENTED_EDGE('',*,*,#919,.F.);
#4209 = ORIENTED_EDGE('',*,*,#4210,.F.);
#4210 = EDGE_CURVE('',#4201,#920,#4211,.T.);
#4211 = LINE('',#4212,#4213);
#4212 = CARTESIAN_POINT('',(54.962248322148,5.181879194631,2.5));
#4213 = VECTOR('',#4214,1.);
#4214 = DIRECTION('',(0.,0.,1.));
#4215 = SURFACE_OF_LINEAR_EXTRUSION('',#4216,#4220);
#4216 = B_SPLINE_CURVE_WITH_KNOTS('',2,(#4217,#4218,#4219),
  .UNSPECIFIED.,.F.,.F.,(3,3),(0.,1.),.PIECEWISE_BEZIER_KNOTS.);
#4217 = CARTESIAN_POINT('',(54.729362416107,5.165436241611,2.5));
#4218 = CARTESIAN_POINT('',(54.84144295302,5.181879194631,2.5));
#4219 = CARTESIAN_POINT('',(54.962248322148,5.181879194631,2.5));
#4220 = VECTOR('',#4221,1.);
#4221 = DIRECTION('',(-0.,-0.,-1.));
#4222 = ADVANCED_FACE('',(#4223),#4241,.F.);
#4223 = FACE_BOUND('',#4224,.F.);
#4224 = EDGE_LOOP('',(#4225,#4233,#4239,#4240));
#4225 = ORIENTED_EDGE('',*,*,#4226,.F.);
#4226 = EDGE_CURVE('',#4227,#4175,#4229,.T.);
#4227 = VERTEX_POINT('',#4228);
#4228 = CARTESIAN_POINT('',(55.445469798658,3.877181208054,2.5));
#4229 = B_SPLINE_CURVE_WITH_KNOTS('',2,(#4230,#4231,#4232),
  .UNSPECIFIED.,.F.,.F.,(3,3),(0.,1.),.PIECEWISE_BEZIER_KNOTS.);
#4230 = CARTESIAN_POINT('',(55.445469798658,3.877181208054,2.5));
#4231 = CARTESIAN_POINT('',(55.445469798658,4.173993288591,2.5));
#4232 = CARTESIAN_POINT('',(55.242785234899,4.344966442953,2.5));
#4233 = ORIENTED_EDGE('',*,*,#4234,.T.);
#4234 = EDGE_CURVE('',#4227,#1071,#4235,.T.);
#4235 = LINE('',#4236,#4237);
#4236 = CARTESIAN_POINT('',(55.445469798658,3.877181208054,2.5));
#4237 = VECTOR('',#4238,1.);
#4238 = DIRECTION('',(0.,0.,1.));
#4239 = ORIENTED_EDGE('',*,*,#1085,.F.);
#4240 = ORIENTED_EDGE('',*,*,#4182,.F.);
#4241 = SURFACE_OF_LINEAR_EXTRUSION('',#4242,#4246);
#4242 = B_SPLINE_CURVE_WITH_KNOTS('',2,(#4243,#4244,#4245),
  .UNSPECIFIED.,.F.,.F.,(3,3),(0.,1.),.PIECEWISE_BEZIER_KNOTS.);
#4243 = CARTESIAN_POINT('',(55.445469798658,3.877181208054,2.5));
#4244 = CARTESIAN_POINT('',(55.445469798658,4.173993288591,2.5));
#4245 = CARTESIAN_POINT('',(55.242785234899,4.344966442953,2.5));
#4246 = VECTOR('',#4247,1.);
#4247 = DIRECTION('',(-0.,-0.,-1.));
#4248 = ADVANCED_FACE('',(#4249),#4267,.F.);
#4249 = FACE_BOUND('',#4250,.F.);
#4250 = EDGE_LOOP('',(#4251,#4259,#4260,#4261));
#4251 = ORIENTED_EDGE('',*,*,#4252,.F.);
#4252 = EDGE_CURVE('',#4201,#4253,#4255,.T.);
#4253 = VERTEX_POINT('',#4254);
#4254 = CARTESIAN_POINT('',(56.031879194631,4.838422818792,2.5));
#4255 = B_SPLINE_CURVE_WITH_KNOTS('',2,(#4256,#4257,#4258),
  .UNSPECIFIED.,.F.,.F.,(3,3),(0.,1.),.PIECEWISE_BEZIER_KNOTS.);
#4256 = CARTESIAN_POINT('',(54.962248322148,5.181879194631,2.5));
#4257 = CARTESIAN_POINT('',(55.64932885906,5.181879194631,2.5));
#4258 = CARTESIAN_POINT('',(56.031879194631,4.838422818792,2.5));
#4259 = ORIENTED_EDGE('',*,*,#4210,.T.);
#4260 = ORIENTED_EDGE('',*,*,#929,.F.);
#4261 = ORIENTED_EDGE('',*,*,#4262,.F.);
#4262 = EDGE_CURVE('',#4253,#930,#4263,.T.);
#4263 = LINE('',#4264,#4265);
#4264 = CARTESIAN_POINT('',(56.031879194631,4.838422818792,2.5));
#4265 = VECTOR('',#4266,1.);
#4266 = DIRECTION('',(0.,0.,1.));
#4267 = SURFACE_OF_LINEAR_EXTRUSION('',#4268,#4272);
#4268 = B_SPLINE_CURVE_WITH_KNOTS('',2,(#4269,#4270,#4271),
  .UNSPECIFIED.,.F.,.F.,(3,3),(0.,1.),.PIECEWISE_BEZIER_KNOTS.);
#4269 = CARTESIAN_POINT('',(54.962248322148,5.181879194631,2.5));
#4270 = CARTESIAN_POINT('',(55.64932885906,5.181879194631,2.5));
#4271 = CARTESIAN_POINT('',(56.031879194631,4.838422818792,2.5));
#4272 = VECTOR('',#4273,1.);
#4273 = DIRECTION('',(-0.,-0.,-1.));
#4274 = ADVANCED_FACE('',(#4275),#4293,.F.);
#4275 = FACE_BOUND('',#4276,.F.);
#4276 = EDGE_LOOP('',(#4277,#4285,#4291,#4292));
#4277 = ORIENTED_EDGE('',*,*,#4278,.F.);
#4278 = EDGE_CURVE('',#4279,#4227,#4281,.T.);
#4279 = VERTEX_POINT('',#4280);
#4280 = CARTESIAN_POINT('',(55.242785234899,3.410570469799,2.5));
#4281 = B_SPLINE_CURVE_WITH_KNOTS('',2,(#4282,#4283,#4284),
  .UNSPECIFIED.,.F.,.F.,(3,3),(0.,1.),.PIECEWISE_BEZIER_KNOTS.);
#4282 = CARTESIAN_POINT('',(55.242785234899,3.410570469799,2.5));
#4283 = CARTESIAN_POINT('',(55.445469798658,3.58288590604,2.5));
#4284 = CARTESIAN_POINT('',(55.445469798658,3.877181208054,2.5));
#4285 = ORIENTED_EDGE('',*,*,#4286,.T.);
#4286 = EDGE_CURVE('',#4279,#1056,#4287,.T.);
#4287 = LINE('',#4288,#4289);
#4288 = CARTESIAN_POINT('',(55.242785234899,3.410570469799,2.5));
#4289 = VECTOR('',#4290,1.);
#4290 = DIRECTION('',(0.,0.,1.));
#4291 = ORIENTED_EDGE('',*,*,#1070,.F.);
#4292 = ORIENTED_EDGE('',*,*,#4234,.F.);
#4293 = SURFACE_OF_LINEAR_EXTRUSION('',#4294,#4298);
#4294 = B_SPLINE_CURVE_WITH_KNOTS('',2,(#4295,#4296,#4297),
  .UNSPECIFIED.,.F.,.F.,(3,3),(0.,1.),.PIECEWISE_BEZIER_KNOTS.);
#4295 = CARTESIAN_POINT('',(55.242785234899,3.410570469799,2.5));
#4296 = CARTESIAN_POINT('',(55.445469798658,3.58288590604,2.5));
#4297 = CARTESIAN_POINT('',(55.445469798658,3.877181208054,2.5));
#4298 = VECTOR('',#4299,1.);
#4299 = DIRECTION('',(-0.,-0.,-1.));
#4300 = ADVANCED_FACE('',(#4301),#4319,.F.);
#4301 = FACE_BOUND('',#4302,.F.);
#4302 = EDGE_LOOP('',(#4303,#4311,#4312,#4313));
#4303 = ORIENTED_EDGE('',*,*,#4304,.F.);
#4304 = EDGE_CURVE('',#4253,#4305,#4307,.T.);
#4305 = VERTEX_POINT('',#4306);
#4306 = CARTESIAN_POINT('',(56.414429530201,3.881375838926,2.5));
#4307 = B_SPLINE_CURVE_WITH_KNOTS('',2,(#4308,#4309,#4310),
  .UNSPECIFIED.,.F.,.F.,(3,3),(0.,1.),.PIECEWISE_BEZIER_KNOTS.);
#4308 = CARTESIAN_POINT('',(56.031879194631,4.838422818792,2.5));
#4309 = CARTESIAN_POINT('',(56.414429530201,4.495134228188,2.5));
#4310 = CARTESIAN_POINT('',(56.414429530201,3.881375838926,2.5));
#4311 = ORIENTED_EDGE('',*,*,#4262,.T.);
#4312 = ORIENTED_EDGE('',*,*,#946,.F.);
#4313 = ORIENTED_EDGE('',*,*,#4314,.F.);
#4314 = EDGE_CURVE('',#4305,#947,#4315,.T.);
#4315 = LINE('',#4316,#4317);
#4316 = CARTESIAN_POINT('',(56.414429530201,3.881375838926,2.5));
#4317 = VECTOR('',#4318,1.);
#4318 = DIRECTION('',(0.,0.,1.));
#4319 = SURFACE_OF_LINEAR_EXTRUSION('',#4320,#4324);
#4320 = B_SPLINE_CURVE_WITH_KNOTS('',2,(#4321,#4322,#4323),
  .UNSPECIFIED.,.F.,.F.,(3,3),(0.,1.),.PIECEWISE_BEZIER_KNOTS.);
#4321 = CARTESIAN_POINT('',(56.031879194631,4.838422818792,2.5));
#4322 = CARTESIAN_POINT('',(56.414429530201,4.495134228188,2.5));
#4323 = CARTESIAN_POINT('',(56.414429530201,3.881375838926,2.5));
#4324 = VECTOR('',#4325,1.);
#4325 = DIRECTION('',(-0.,-0.,-1.));
#4326 = ADVANCED_FACE('',(#4327),#4345,.F.);
#4327 = FACE_BOUND('',#4328,.F.);
#4328 = EDGE_LOOP('',(#4329,#4337,#4343,#4344));
#4329 = ORIENTED_EDGE('',*,*,#4330,.F.);
#4330 = EDGE_CURVE('',#4331,#4279,#4333,.T.);
#4331 = VERTEX_POINT('',#4332);
#4332 = CARTESIAN_POINT('',(54.687919463087,3.238255033557,2.5));
#4333 = B_SPLINE_CURVE_WITH_KNOTS('',2,(#4334,#4335,#4336),
  .UNSPECIFIED.,.F.,.F.,(3,3),(0.,1.),.PIECEWISE_BEZIER_KNOTS.);
#4334 = CARTESIAN_POINT('',(54.687919463087,3.238255033557,2.5));
#4335 = CARTESIAN_POINT('',(55.040268456376,3.238255033557,2.5));
#4336 = CARTESIAN_POINT('',(55.242785234899,3.410570469799,2.5));
#4337 = ORIENTED_EDGE('',*,*,#4338,.T.);
#4338 = EDGE_CURVE('',#4331,#1045,#4339,.T.);
#4339 = LINE('',#4340,#4341);
#4340 = CARTESIAN_POINT('',(54.687919463087,3.238255033557,2.5));
#4341 = VECTOR('',#4342,1.);
#4342 = DIRECTION('',(0.,0.,1.));
#4343 = ORIENTED_EDGE('',*,*,#1055,.F.);
#4344 = ORIENTED_EDGE('',*,*,#4286,.F.);
#4345 = SURFACE_OF_LINEAR_EXTRUSION('',#4346,#4350);
#4346 = B_SPLINE_CURVE_WITH_KNOTS('',2,(#4347,#4348,#4349),
  .UNSPECIFIED.,.F.,.F.,(3,3),(0.,1.),.PIECEWISE_BEZIER_KNOTS.);
#4347 = CARTESIAN_POINT('',(54.687919463087,3.238255033557,2.5));
#4348 = CARTESIAN_POINT('',(55.040268456376,3.238255033557,2.5));
#4349 = CARTESIAN_POINT('',(55.242785234899,3.410570469799,2.5));
#4350 = VECTOR('',#4351,1.);
#4351 = DIRECTION('',(-0.,-0.,-1.));
#4352 = ADVANCED_FACE('',(#4353),#4371,.F.);
#4353 = FACE_BOUND('',#4354,.F.);
#4354 = EDGE_LOOP('',(#4355,#4363,#4364,#4365));
#4355 = ORIENTED_EDGE('',*,*,#4356,.F.);
#4356 = EDGE_CURVE('',#4305,#4357,#4359,.T.);
#4357 = VERTEX_POINT('',#4358);
#4358 = CARTESIAN_POINT('',(55.997818791946,2.927852348993,2.5));
#4359 = B_SPLINE_CURVE_WITH_KNOTS('',2,(#4360,#4361,#4362),
  .UNSPECIFIED.,.F.,.F.,(3,3),(0.,1.),.PIECEWISE_BEZIER_KNOTS.);
#4360 = CARTESIAN_POINT('',(56.414429530201,3.881375838926,2.5));
#4361 = CARTESIAN_POINT('',(56.414429530201,3.272483221477,2.5));
#4362 = CARTESIAN_POINT('',(55.997818791946,2.927852348993,2.5));
#4363 = ORIENTED_EDGE('',*,*,#4314,.T.);
#4364 = ORIENTED_EDGE('',*,*,#965,.F.);
#4365 = ORIENTED_EDGE('',*,*,#4366,.F.);
#4366 = EDGE_CURVE('',#4357,#966,#4367,.T.);
#4367 = LINE('',#4368,#4369);
#4368 = CARTESIAN_POINT('',(55.997818791946,2.927852348993,2.5));
#4369 = VECTOR('',#4370,1.);
#4370 = DIRECTION('',(0.,0.,1.));
#4371 = SURFACE_OF_LINEAR_EXTRUSION('',#4372,#4376);
#4372 = B_SPLINE_CURVE_WITH_KNOTS('',2,(#4373,#4374,#4375),
  .UNSPECIFIED.,.F.,.F.,(3,3),(0.,1.),.PIECEWISE_BEZIER_KNOTS.);
#4373 = CARTESIAN_POINT('',(56.414429530201,3.881375838926,2.5));
#4374 = CARTESIAN_POINT('',(56.414429530201,3.272483221477,2.5));
#4375 = CARTESIAN_POINT('',(55.997818791946,2.927852348993,2.5));
#4376 = VECTOR('',#4377,1.);
#4377 = DIRECTION('',(-0.,-0.,-1.));
#4378 = ADVANCED_FACE('',(#4379),#4397,.F.);
#4379 = FACE_BOUND('',#4380,.F.);
#4380 = EDGE_LOOP('',(#4381,#4389,#4395,#4396));
#4381 = ORIENTED_EDGE('',*,*,#4382,.F.);
#4382 = EDGE_CURVE('',#4383,#4331,#4385,.T.);
#4383 = VERTEX_POINT('',#4384);
#4384 = CARTESIAN_POINT('',(54.168120805369,3.326845637584,2.5));
#4385 = B_SPLINE_CURVE_WITH_KNOTS('',2,(#4386,#4387,#4388),
  .UNSPECIFIED.,.F.,.F.,(3,3),(0.,1.),.PIECEWISE_BEZIER_KNOTS.);
#4386 = CARTESIAN_POINT('',(54.168120805369,3.326845637584,2.5));
#4387 = CARTESIAN_POINT('',(54.443791946309,3.238255033557,2.5));
#4388 = CARTESIAN_POINT('',(54.687919463087,3.238255033557,2.5));
#4389 = ORIENTED_EDGE('',*,*,#4390,.T.);
#4390 = EDGE_CURVE('',#4383,#1034,#4391,.T.);
#4391 = LINE('',#4392,#4393);
#4392 = CARTESIAN_POINT('',(54.168120805369,3.326845637584,2.5));
#4393 = VECTOR('',#4394,1.);
#4394 = DIRECTION('',(0.,0.,1.));
#4395 = ORIENTED_EDGE('',*,*,#1044,.F.);
#4396 = ORIENTED_EDGE('',*,*,#4338,.F.);
#4397 = SURFACE_OF_LINEAR_EXTRUSION('',#4398,#4402);
#4398 = B_SPLINE_CURVE_WITH_KNOTS('',2,(#4399,#4400,#4401),
  .UNSPECIFIED.,.F.,.F.,(3,3),(0.,1.),.PIECEWISE_BEZIER_KNOTS.);
#4399 = CARTESIAN_POINT('',(54.168120805369,3.326845637584,2.5));
#4400 = CARTESIAN_POINT('',(54.443791946309,3.238255033557,2.5));
#4401 = CARTESIAN_POINT('',(54.687919463087,3.238255033557,2.5));
#4402 = VECTOR('',#4403,1.);
#4403 = DIRECTION('',(-0.,-0.,-1.));
#4404 = ADVANCED_FACE('',(#4405),#4423,.F.);
#4405 = FACE_BOUND('',#4406,.F.);
#4406 = EDGE_LOOP('',(#4407,#4415,#4416,#4417));
#4407 = ORIENTED_EDGE('',*,*,#4408,.F.);
#4408 = EDGE_CURVE('',#4357,#4409,#4411,.T.);
#4409 = VERTEX_POINT('',#4410);
#4410 = CARTESIAN_POINT('',(54.84144295302,2.58322147651,2.5));
#4411 = B_SPLINE_CURVE_WITH_KNOTS('',2,(#4412,#4413,#4414),
  .UNSPECIFIED.,.F.,.F.,(3,3),(0.,1.),.PIECEWISE_BEZIER_KNOTS.);
#4412 = CARTESIAN_POINT('',(55.997818791946,2.927852348993,2.5));
#4413 = CARTESIAN_POINT('',(55.581375838926,2.58322147651,2.5));
#4414 = CARTESIAN_POINT('',(54.84144295302,2.58322147651,2.5));
#4415 = ORIENTED_EDGE('',*,*,#4366,.T.);
#4416 = ORIENTED_EDGE('',*,*,#984,.F.);
#4417 = ORIENTED_EDGE('',*,*,#4418,.F.);
#4418 = EDGE_CURVE('',#4409,#985,#4419,.T.);
#4419 = LINE('',#4420,#4421);
#4420 = CARTESIAN_POINT('',(54.84144295302,2.58322147651,2.5));
#4421 = VECTOR('',#4422,1.);
#4422 = DIRECTION('',(0.,0.,1.));
#4423 = SURFACE_OF_LINEAR_EXTRUSION('',#4424,#4428);
#4424 = B_SPLINE_CURVE_WITH_KNOTS('',2,(#4425,#4426,#4427),
  .UNSPECIFIED.,.F.,.F.,(3,3),(0.,1.),.PIECEWISE_BEZIER_KNOTS.);
#4425 = CARTESIAN_POINT('',(55.997818791946,2.927852348993,2.5));
#4426 = CARTESIAN_POINT('',(55.581375838926,2.58322147651,2.5));
#4427 = CARTESIAN_POINT('',(54.84144295302,2.58322147651,2.5));
#4428 = VECTOR('',#4429,1.);
#4429 = DIRECTION('',(-0.,-0.,-1.));
#4430 = ADVANCED_FACE('',(#4431),#4449,.F.);
#4431 = FACE_BOUND('',#4432,.F.);
#4432 = EDGE_LOOP('',(#4433,#4441,#4447,#4448));
#4433 = ORIENTED_EDGE('',*,*,#4434,.F.);
#4434 = EDGE_CURVE('',#4435,#4383,#4437,.T.);
#4435 = VERTEX_POINT('',#4436);
#4436 = CARTESIAN_POINT('',(53.585570469799,3.592617449664,2.5));
#4437 = B_SPLINE_CURVE_WITH_KNOTS('',2,(#4438,#4439,#4440),
  .UNSPECIFIED.,.F.,.F.,(3,3),(0.,1.),.PIECEWISE_BEZIER_KNOTS.);
#4438 = CARTESIAN_POINT('',(53.585570469799,3.592617449664,2.5));
#4439 = CARTESIAN_POINT('',(53.892617449664,3.415436241611,2.5));
#4440 = CARTESIAN_POINT('',(54.168120805369,3.326845637584,2.5));
#4441 = ORIENTED_EDGE('',*,*,#4442,.T.);
#4442 = EDGE_CURVE('',#4435,#1026,#4443,.T.);
#4443 = LINE('',#4444,#4445);
#4444 = CARTESIAN_POINT('',(53.585570469799,3.592617449664,2.5));
#4445 = VECTOR('',#4446,1.);
#4446 = DIRECTION('',(0.,0.,1.));
#4447 = ORIENTED_EDGE('',*,*,#1033,.F.);
#4448 = ORIENTED_EDGE('',*,*,#4390,.F.);
#4449 = SURFACE_OF_LINEAR_EXTRUSION('',#4450,#4454);
#4450 = B_SPLINE_CURVE_WITH_KNOTS('',2,(#4451,#4452,#4453),
  .UNSPECIFIED.,.F.,.F.,(3,3),(0.,1.),.PIECEWISE_BEZIER_KNOTS.);
#4451 = CARTESIAN_POINT('',(53.585570469799,3.592617449664,2.5));
#4452 = CARTESIAN_POINT('',(53.892617449664,3.415436241611,2.5));
#4453 = CARTESIAN_POINT('',(54.168120805369,3.326845637584,2.5));
#4454 = VECTOR('',#4455,1.);
#4455 = DIRECTION('',(-0.,-0.,-1.));
#4456 = ADVANCED_FACE('',(#4457),#4475,.F.);
#4457 = FACE_BOUND('',#4458,.F.);
#4458 = EDGE_LOOP('',(#4459,#4467,#4468,#4469));
#4459 = ORIENTED_EDGE('',*,*,#4460,.F.);
#4460 = EDGE_CURVE('',#4409,#4461,#4463,.T.);
#4461 = VERTEX_POINT('',#4462);
#4462 = CARTESIAN_POINT('',(54.208389261745,2.644463087248,2.5));
#4463 = B_SPLINE_CURVE_WITH_KNOTS('',2,(#4464,#4465,#4466),
  .UNSPECIFIED.,.F.,.F.,(3,3),(0.,1.),.PIECEWISE_BEZIER_KNOTS.);
#4464 = CARTESIAN_POINT('',(54.84144295302,2.58322147651,2.5));
#4465 = CARTESIAN_POINT('',(54.521812080537,2.58322147651,2.5));
#4466 = CARTESIAN_POINT('',(54.208389261745,2.644463087248,2.5));
#4467 = ORIENTED_EDGE('',*,*,#4418,.T.);
#4468 = ORIENTED_EDGE('',*,*,#1001,.F.);
#4469 = ORIENTED_EDGE('',*,*,#4470,.F.);
#4470 = EDGE_CURVE('',#4461,#1002,#4471,.T.);
#4471 = LINE('',#4472,#4473);
#4472 = CARTESIAN_POINT('',(54.208389261745,2.644463087248,2.5));
#4473 = VECTOR('',#4474,1.);
#4474 = DIRECTION('',(0.,0.,1.));
#4475 = SURFACE_OF_LINEAR_EXTRUSION('',#4476,#4480);
#4476 = B_SPLINE_CURVE_WITH_KNOTS('',2,(#4477,#4478,#4479),
  .UNSPECIFIED.,.F.,.F.,(3,3),(0.,1.),.PIECEWISE_BEZIER_KNOTS.);
#4477 = CARTESIAN_POINT('',(54.84144295302,2.58322147651,2.5));
#4478 = CARTESIAN_POINT('',(54.521812080537,2.58322147651,2.5));
#4479 = CARTESIAN_POINT('',(54.208389261745,2.644463087248,2.5));
#4480 = VECTOR('',#4481,1.);
#4481 = DIRECTION('',(-0.,-0.,-1.));
#4482 = ADVANCED_FACE('',(#4483),#4501,.F.);
#4483 = FACE_BOUND('',#4484,.F.);
#4484 = EDGE_LOOP('',(#4485,#4493,#4499,#4500));
#4485 = ORIENTED_EDGE('',*,*,#4486,.F.);
#4486 = EDGE_CURVE('',#4487,#4435,#4489,.T.);
#4487 = VERTEX_POINT('',#4488);
#4488 = CARTESIAN_POINT('',(53.585570469799,2.830201342282,2.5));
#4489 = LINE('',#4490,#4491);
#4490 = CARTESIAN_POINT('',(53.585570469799,2.830201342282,2.5));
#4491 = VECTOR('',#4492,1.);
#4492 = DIRECTION('',(0.,1.,0.));
#4493 = ORIENTED_EDGE('',*,*,#4494,.T.);
#4494 = EDGE_CURVE('',#4487,#1015,#4495,.T.);
#4495 = LINE('',#4496,#4497);
#4496 = CARTESIAN_POINT('',(53.585570469799,2.830201342282,2.5));
#4497 = VECTOR('',#4498,1.);
#4498 = DIRECTION('',(0.,0.,1.));
#4499 = ORIENTED_EDGE('',*,*,#1025,.F.);
#4500 = ORIENTED_EDGE('',*,*,#4442,.F.);
#4501 = PLANE('',#4502);
#4502 = AXIS2_PLACEMENT_3D('',#4503,#4504,#4505);
#4503 = CARTESIAN_POINT('',(53.585570469799,2.830201342282,2.5));
#4504 = DIRECTION('',(-1.,0.,0.));
#4505 = DIRECTION('',(0.,1.,0.));
#4506 = ADVANCED_FACE('',(#4507),#4518,.F.);
#4507 = FACE_BOUND('',#4508,.F.);
#4508 = EDGE_LOOP('',(#4509,#4515,#4516,#4517));
#4509 = ORIENTED_EDGE('',*,*,#4510,.F.);
#4510 = EDGE_CURVE('',#4461,#4487,#4511,.T.);
#4511 = B_SPLINE_CURVE_WITH_KNOTS('',2,(#4512,#4513,#4514),
  .UNSPECIFIED.,.F.,.F.,(3,3),(0.,1.),.PIECEWISE_BEZIER_KNOTS.);
#4512 = CARTESIAN_POINT('',(54.208389261745,2.644463087248,2.5));
#4513 = CARTESIAN_POINT('',(53.895134228188,2.705536912752,2.5));
#4514 = CARTESIAN_POINT('',(53.585570469799,2.830201342282,2.5));
#4515 = ORIENTED_EDGE('',*,*,#4470,.T.);
#4516 = ORIENTED_EDGE('',*,*,#1014,.F.);
#4517 = ORIENTED_EDGE('',*,*,#4494,.F.);
#4518 = SURFACE_OF_LINEAR_EXTRUSION('',#4519,#4523);
#4519 = B_SPLINE_CURVE_WITH_KNOTS('',2,(#4520,#4521,#4522),
  .UNSPECIFIED.,.F.,.F.,(3,3),(0.,1.),.PIECEWISE_BEZIER_KNOTS.);
#4520 = CARTESIAN_POINT('',(54.208389261745,2.644463087248,2.5));
#4521 = CARTESIAN_POINT('',(53.895134228188,2.705536912752,2.5));
#4522 = CARTESIAN_POINT('',(53.585570469799,2.830201342282,2.5));
#4523 = VECTOR('',#4524,1.);
#4524 = DIRECTION('',(-0.,-0.,-1.));
#4525 = ADVANCED_FACE('',(#4526),#4551,.F.);
#4526 = FACE_BOUND('',#4527,.F.);
#4527 = EDGE_LOOP('',(#4528,#4538,#4544,#4545));
#4528 = ORIENTED_EDGE('',*,*,#4529,.F.);
#4529 = EDGE_CURVE('',#4530,#4532,#4534,.T.);
#4530 = VERTEX_POINT('',#4531);
#4531 = CARTESIAN_POINT('',(68.248322147651,6.287919463087,2.5));
#4532 = VERTEX_POINT('',#4533);
#4533 = CARTESIAN_POINT('',(68.248322147651,5.589932885906,2.5));
#4534 = LINE('',#4535,#4536);
#4535 = CARTESIAN_POINT('',(68.248322147651,6.287919463087,2.5));
#4536 = VECTOR('',#4537,1.);
#4537 = DIRECTION('',(0.,-1.,0.));
#4538 = ORIENTED_EDGE('',*,*,#4539,.T.);
#4539 = EDGE_CURVE('',#4530,#1148,#4540,.T.);
#4540 = LINE('',#4541,#4542);
#4541 = CARTESIAN_POINT('',(68.248322147651,6.287919463087,2.5));
#4542 = VECTOR('',#4543,1.);
#4543 = DIRECTION('',(0.,0.,1.));
#4544 = ORIENTED_EDGE('',*,*,#1145,.F.);
#4545 = ORIENTED_EDGE('',*,*,#4546,.F.);
#4546 = EDGE_CURVE('',#4532,#1146,#4547,.T.);
#4547 = LINE('',#4548,#4549);
#4548 = CARTESIAN_POINT('',(68.248322147651,5.589932885906,2.5));
#4549 = VECTOR('',#4550,1.);
#4550 = DIRECTION('',(0.,0.,1.));
#4551 = PLANE('',#4552);
#4552 = AXIS2_PLACEMENT_3D('',#4553,#4554,#4555);
#4553 = CARTESIAN_POINT('',(68.248322147651,6.287919463087,2.5));
#4554 = DIRECTION('',(1.,0.,0.));
#4555 = DIRECTION('',(0.,-1.,0.));
#4556 = ADVANCED_FACE('',(#4557),#4575,.F.);
#4557 = FACE_BOUND('',#4558,.F.);
#4558 = EDGE_LOOP('',(#4559,#4567,#4568,#4569));
#4559 = ORIENTED_EDGE('',*,*,#4560,.F.);
#4560 = EDGE_CURVE('',#4532,#4561,#4563,.T.);
#4561 = VERTEX_POINT('',#4562);
#4562 = CARTESIAN_POINT('',(67.797818791946,5.760234899329,2.5));
#4563 = B_SPLINE_CURVE_WITH_KNOTS('',2,(#4564,#4565,#4566),
  .UNSPECIFIED.,.F.,.F.,(3,3),(0.,1.),.PIECEWISE_BEZIER_KNOTS.);
#4564 = CARTESIAN_POINT('',(68.248322147651,5.589932885906,2.5));
#4565 = CARTESIAN_POINT('',(68.009228187919,5.705201342282,2.5));
#4566 = CARTESIAN_POINT('',(67.797818791946,5.760234899329,2.5));
#4567 = ORIENTED_EDGE('',*,*,#4546,.T.);
#4568 = ORIENTED_EDGE('',*,*,#1155,.F.);
#4569 = ORIENTED_EDGE('',*,*,#4570,.F.);
#4570 = EDGE_CURVE('',#4561,#1156,#4571,.T.);
#4571 = LINE('',#4572,#4573);
#4572 = CARTESIAN_POINT('',(67.797818791946,5.760234899329,2.5));
#4573 = VECTOR('',#4574,1.);
#4574 = DIRECTION('',(0.,0.,1.));
#4575 = SURFACE_OF_LINEAR_EXTRUSION('',#4576,#4580);
#4576 = B_SPLINE_CURVE_WITH_KNOTS('',2,(#4577,#4578,#4579),
  .UNSPECIFIED.,.F.,.F.,(3,3),(0.,1.),.PIECEWISE_BEZIER_KNOTS.);
#4577 = CARTESIAN_POINT('',(68.248322147651,5.589932885906,2.5));
#4578 = CARTESIAN_POINT('',(68.009228187919,5.705201342282,2.5));
#4579 = CARTESIAN_POINT('',(67.797818791946,5.760234899329,2.5));
#4580 = VECTOR('',#4581,1.);
#4581 = DIRECTION('',(-0.,-0.,-1.));
#4582 = ADVANCED_FACE('',(#4583),#4601,.F.);
#4583 = FACE_BOUND('',#4584,.F.);
#4584 = EDGE_LOOP('',(#4585,#4593,#4599,#4600));
#4585 = ORIENTED_EDGE('',*,*,#4586,.F.);
#4586 = EDGE_CURVE('',#4587,#4530,#4589,.T.);
#4587 = VERTEX_POINT('',#4588);
#4588 = CARTESIAN_POINT('',(67.765100671141,6.408724832215,2.5));
#4589 = B_SPLINE_CURVE_WITH_KNOTS('',2,(#4590,#4591,#4592),
  .UNSPECIFIED.,.F.,.F.,(3,3),(0.,1.),.PIECEWISE_BEZIER_KNOTS.);
#4590 = CARTESIAN_POINT('',(67.765100671141,6.408724832215,2.5));
#4591 = CARTESIAN_POINT('',(68.009228187919,6.368456375839,2.5));
#4592 = CARTESIAN_POINT('',(68.248322147651,6.287919463087,2.5));
#4593 = ORIENTED_EDGE('',*,*,#4594,.T.);
#4594 = EDGE_CURVE('',#4587,#1395,#4595,.T.);
#4595 = LINE('',#4596,#4597);
#4596 = CARTESIAN_POINT('',(67.765100671141,6.408724832215,2.5));
#4597 = VECTOR('',#4598,1.);
#4598 = DIRECTION('',(0.,0.,1.));
#4599 = ORIENTED_EDGE('',*,*,#1404,.F.);
#4600 = ORIENTED_EDGE('',*,*,#4539,.F.);
#4601 = SURFACE_OF_LINEAR_EXTRUSION('',#4602,#4606);
#4602 = B_SPLINE_CURVE_WITH_KNOTS('',2,(#4603,#4604,#4605),
  .UNSPECIFIED.,.F.,.F.,(3,3),(0.,1.),.PIECEWISE_BEZIER_KNOTS.);
#4603 = CARTESIAN_POINT('',(67.765100671141,6.408724832215,2.5));
#4604 = CARTESIAN_POINT('',(68.009228187919,6.368456375839,2.5));
#4605 = CARTESIAN_POINT('',(68.248322147651,6.287919463087,2.5));
#4606 = VECTOR('',#4607,1.);
#4607 = DIRECTION('',(-0.,-0.,-1.));
#4608 = ADVANCED_FACE('',(#4609),#4627,.F.);
#4609 = FACE_BOUND('',#4610,.F.);
#4610 = EDGE_LOOP('',(#4611,#4619,#4620,#4621));
#4611 = ORIENTED_EDGE('',*,*,#4612,.F.);
#4612 = EDGE_CURVE('',#4561,#4613,#4615,.T.);
#4613 = VERTEX_POINT('',#4614);
#4614 = CARTESIAN_POINT('',(67.385067114094,5.815436241611,2.5));
#4615 = B_SPLINE_CURVE_WITH_KNOTS('',2,(#4616,#4617,#4618),
  .UNSPECIFIED.,.F.,.F.,(3,3),(0.,1.),.PIECEWISE_BEZIER_KNOTS.);
#4616 = CARTESIAN_POINT('',(67.797818791946,5.760234899329,2.5));
#4617 = CARTESIAN_POINT('',(67.586409395973,5.815436241611,2.5));
#4618 = CARTESIAN_POINT('',(67.385067114094,5.815436241611,2.5));
#4619 = ORIENTED_EDGE('',*,*,#4570,.T.);
#4620 = ORIENTED_EDGE('',*,*,#1166,.F.);
#4621 = ORIENTED_EDGE('',*,*,#4622,.F.);
#4622 = EDGE_CURVE('',#4613,#1167,#4623,.T.);
#4623 = LINE('',#4624,#4625);
#4624 = CARTESIAN_POINT('',(67.385067114094,5.815436241611,2.5));
#4625 = VECTOR('',#4626,1.);
#4626 = DIRECTION('',(0.,0.,1.));
#4627 = SURFACE_OF_LINEAR_EXTRUSION('',#4628,#4632);
#4628 = B_SPLINE_CURVE_WITH_KNOTS('',2,(#4629,#4630,#4631),
  .UNSPECIFIED.,.F.,.F.,(3,3),(0.,1.),.PIECEWISE_BEZIER_KNOTS.);
#4629 = CARTESIAN_POINT('',(67.797818791946,5.760234899329,2.5));
#4630 = CARTESIAN_POINT('',(67.586409395973,5.815436241611,2.5));
#4631 = CARTESIAN_POINT('',(67.385067114094,5.815436241611,2.5));
#4632 = VECTOR('',#4633,1.);
#4633 = DIRECTION('',(-0.,-0.,-1.));
#4634 = ADVANCED_FACE('',(#4635),#4653,.F.);
#4635 = FACE_BOUND('',#4636,.F.);
#4636 = EDGE_LOOP('',(#4637,#4645,#4651,#4652));
#4637 = ORIENTED_EDGE('',*,*,#4638,.F.);
#4638 = EDGE_CURVE('',#4639,#4587,#4641,.T.);
#4639 = VERTEX_POINT('',#4640);
#4640 = CARTESIAN_POINT('',(67.261744966443,6.448993288591,2.5));
#4641 = B_SPLINE_CURVE_WITH_KNOTS('',2,(#4642,#4643,#4644),
  .UNSPECIFIED.,.F.,.F.,(3,3),(0.,1.),.PIECEWISE_BEZIER_KNOTS.);
#4642 = CARTESIAN_POINT('',(67.261744966443,6.448993288591,2.5));
#4643 = CARTESIAN_POINT('',(67.520973154362,6.448993288591,2.5));
#4644 = CARTESIAN_POINT('',(67.765100671141,6.408724832215,2.5));
#4645 = ORIENTED_EDGE('',*,*,#4646,.T.);
#4646 = EDGE_CURVE('',#4639,#1372,#4647,.T.);
#4647 = LINE('',#4648,#4649);
#4648 = CARTESIAN_POINT('',(67.261744966443,6.448993288591,2.5));
#4649 = VECTOR('',#4650,1.);
#4650 = DIRECTION('',(0.,0.,1.));
#4651 = ORIENTED_EDGE('',*,*,#1394,.F.);
#4652 = ORIENTED_EDGE('',*,*,#4594,.F.);
#4653 = SURFACE_OF_LINEAR_EXTRUSION('',#4654,#4658);
#4654 = B_SPLINE_CURVE_WITH_KNOTS('',2,(#4655,#4656,#4657),
  .UNSPECIFIED.,.F.,.F.,(3,3),(0.,1.),.PIECEWISE_BEZIER_KNOTS.);
#4655 = CARTESIAN_POINT('',(67.261744966443,6.448993288591,2.5));
#4656 = CARTESIAN_POINT('',(67.520973154362,6.448993288591,2.5));
#4657 = CARTESIAN_POINT('',(67.765100671141,6.408724832215,2.5));
#4658 = VECTOR('',#4659,1.);
#4659 = DIRECTION('',(-0.,-0.,-1.));
#4660 = ADVANCED_FACE('',(#4661),#4679,.F.);
#4661 = FACE_BOUND('',#4662,.F.);
#4662 = EDGE_LOOP('',(#4663,#4671,#4672,#4673));
#4663 = ORIENTED_EDGE('',*,*,#4664,.F.);
#4664 = EDGE_CURVE('',#4613,#4665,#4667,.T.);
#4665 = VERTEX_POINT('',#4666);
#4666 = CARTESIAN_POINT('',(66.710570469799,5.574832214765,2.5));
#4667 = B_SPLINE_CURVE_WITH_KNOTS('',2,(#4668,#4669,#4670),
  .UNSPECIFIED.,.F.,.F.,(3,3),(0.,1.),.PIECEWISE_BEZIER_KNOTS.);
#4668 = CARTESIAN_POINT('',(67.385067114094,5.815436241611,2.5));
#4669 = CARTESIAN_POINT('',(66.952181208054,5.815436241611,2.5));
#4670 = CARTESIAN_POINT('',(66.710570469799,5.574832214765,2.5));
#4671 = ORIENTED_EDGE('',*,*,#4622,.T.);
#4672 = ORIENTED_EDGE('',*,*,#1177,.F.);
#4673 = ORIENTED_EDGE('',*,*,#4674,.F.);
#4674 = EDGE_CURVE('',#4665,#1178,#4675,.T.);
#4675 = LINE('',#4676,#4677);
#4676 = CARTESIAN_POINT('',(66.710570469799,5.574832214765,2.5));
#4677 = VECTOR('',#4678,1.);
#4678 = DIRECTION('',(0.,0.,1.));
#4679 = SURFACE_OF_LINEAR_EXTRUSION('',#4680,#4684);
#4680 = B_SPLINE_CURVE_WITH_KNOTS('',2,(#4681,#4682,#4683),
  .UNSPECIFIED.,.F.,.F.,(3,3),(0.,1.),.PIECEWISE_BEZIER_KNOTS.);
#4681 = CARTESIAN_POINT('',(67.385067114094,5.815436241611,2.5));
#4682 = CARTESIAN_POINT('',(66.952181208054,5.815436241611,2.5));
#4683 = CARTESIAN_POINT('',(66.710570469799,5.574832214765,2.5));
#4684 = VECTOR('',#4685,1.);
#4685 = DIRECTION('',(-0.,-0.,-1.));
#4686 = ADVANCED_FACE('',(#4687),#4705,.F.);
#4687 = FACE_BOUND('',#4688,.F.);
#4688 = EDGE_LOOP('',(#4689,#4697,#4703,#4704));
#4689 = ORIENTED_EDGE('',*,*,#4690,.F.);
#4690 = EDGE_CURVE('',#4691,#4639,#4693,.T.);
#4691 = VERTEX_POINT('',#4692);
#4692 = CARTESIAN_POINT('',(65.97432885906,5.91610738255,2.5));
#4693 = B_SPLINE_CURVE_WITH_KNOTS('',2,(#4694,#4695,#4696),
  .UNSPECIFIED.,.F.,.F.,(3,3),(0.,1.),.PIECEWISE_BEZIER_KNOTS.);
#4694 = CARTESIAN_POINT('',(65.97432885906,5.91610738255,2.5));
#4695 = CARTESIAN_POINT('',(66.443791946309,6.448993288591,2.5));
#4696 = CARTESIAN_POINT('',(67.261744966443,6.448993288591,2.5));
#4697 = ORIENTED_EDGE('',*,*,#4698,.T.);
#4698 = EDGE_CURVE('',#4691,#1345,#4699,.T.);
#4699 = LINE('',#4700,#4701);
#4700 = CARTESIAN_POINT('',(65.97432885906,5.91610738255,2.5));
#4701 = VECTOR('',#4702,1.);
#4702 = DIRECTION('',(0.,0.,1.));
#4703 = ORIENTED_EDGE('',*,*,#1371,.F.);
#4704 = ORIENTED_EDGE('',*,*,#4646,.F.);
#4705 = SURFACE_OF_LINEAR_EXTRUSION('',#4706,#4710);
#4706 = B_SPLINE_CURVE_WITH_KNOTS('',2,(#4707,#4708,#4709),
  .UNSPECIFIED.,.F.,.F.,(3,3),(0.,1.),.PIECEWISE_BEZIER_KNOTS.);
#4707 = CARTESIAN_POINT('',(65.97432885906,5.91610738255,2.5));
#4708 = CARTESIAN_POINT('',(66.443791946309,6.448993288591,2.5));
#4709 = CARTESIAN_POINT('',(67.261744966443,6.448993288591,2.5));
#4710 = VECTOR('',#4711,1.);
#4711 = DIRECTION('',(-0.,-0.,-1.));
#4712 = ADVANCED_FACE('',(#4713),#4731,.F.);
#4713 = FACE_BOUND('',#4714,.F.);
#4714 = EDGE_LOOP('',(#4715,#4723,#4724,#4725));
#4715 = ORIENTED_EDGE('',*,*,#4716,.F.);
#4716 = EDGE_CURVE('',#4665,#4717,#4719,.T.);
#4717 = VERTEX_POINT('',#4718);
#4718 = CARTESIAN_POINT('',(66.428691275168,4.860570469799,2.5));
#4719 = B_SPLINE_CURVE_WITH_KNOTS('',2,(#4720,#4721,#4722),
  .UNSPECIFIED.,.F.,.F.,(3,3),(0.,1.),.PIECEWISE_BEZIER_KNOTS.);
#4720 = CARTESIAN_POINT('',(66.710570469799,5.574832214765,2.5));
#4721 = CARTESIAN_POINT('',(66.468959731544,5.334228187919,2.5));
#4722 = CARTESIAN_POINT('',(66.428691275168,4.860570469799,2.5));
#4723 = ORIENTED_EDGE('',*,*,#4674,.T.);
#4724 = ORIENTED_EDGE('',*,*,#1194,.F.);
#4725 = ORIENTED_EDGE('',*,*,#4726,.F.);
#4726 = EDGE_CURVE('',#4717,#1195,#4727,.T.);
#4727 = LINE('',#4728,#4729);
#4728 = CARTESIAN_POINT('',(66.428691275168,4.860570469799,2.5));
#4729 = VECTOR('',#4730,1.);
#4730 = DIRECTION('',(0.,0.,1.));
#4731 = SURFACE_OF_LINEAR_EXTRUSION('',#4732,#4736);
#4732 = B_SPLINE_CURVE_WITH_KNOTS('',2,(#4733,#4734,#4735),
  .UNSPECIFIED.,.F.,.F.,(3,3),(0.,1.),.PIECEWISE_BEZIER_KNOTS.);
#4733 = CARTESIAN_POINT('',(66.710570469799,5.574832214765,2.5));
#4734 = CARTESIAN_POINT('',(66.468959731544,5.334228187919,2.5));
#4735 = CARTESIAN_POINT('',(66.428691275168,4.860570469799,2.5));
#4736 = VECTOR('',#4737,1.);
#4737 = DIRECTION('',(-0.,-0.,-1.));
#4738 = ADVANCED_FACE('',(#4739),#4757,.F.);
#4739 = FACE_BOUND('',#4740,.F.);
#4740 = EDGE_LOOP('',(#4741,#4749,#4755,#4756));
#4741 = ORIENTED_EDGE('',*,*,#4742,.F.);
#4742 = EDGE_CURVE('',#4743,#4691,#4745,.T.);
#4743 = VERTEX_POINT('',#4744);
#4744 = CARTESIAN_POINT('',(65.505033557047,4.450838926174,2.5));
#4745 = B_SPLINE_CURVE_WITH_KNOTS('',2,(#4746,#4747,#4748),
  .UNSPECIFIED.,.F.,.F.,(3,3),(0.,1.),.PIECEWISE_BEZIER_KNOTS.);
#4746 = CARTESIAN_POINT('',(65.505033557047,4.450838926174,2.5));
#4747 = CARTESIAN_POINT('',(65.505033557047,5.38322147651,2.5));
#4748 = CARTESIAN_POINT('',(65.97432885906,5.91610738255,2.5));
#4749 = ORIENTED_EDGE('',*,*,#4750,.T.);
#4750 = EDGE_CURVE('',#4743,#1323,#4751,.T.);
#4751 = LINE('',#4752,#4753);
#4752 = CARTESIAN_POINT('',(65.505033557047,4.450838926174,2.5));
#4753 = VECTOR('',#4754,1.);
#4754 = DIRECTION('',(0.,0.,1.));
#4755 = ORIENTED_EDGE('',*,*,#1344,.F.);
#4756 = ORIENTED_EDGE('',*,*,#4698,.F.);
#4757 = SURFACE_OF_LINEAR_EXTRUSION('',#4758,#4762);
#4758 = B_SPLINE_CURVE_WITH_KNOTS('',2,(#4759,#4760,#4761),
  .UNSPECIFIED.,.F.,.F.,(3,3),(0.,1.),.PIECEWISE_BEZIER_KNOTS.);
#4759 = CARTESIAN_POINT('',(65.505033557047,4.450838926174,2.5));
#4760 = CARTESIAN_POINT('',(65.505033557047,5.38322147651,2.5));
#4761 = CARTESIAN_POINT('',(65.97432885906,5.91610738255,2.5));
#4762 = VECTOR('',#4763,1.);
#4763 = DIRECTION('',(-0.,-0.,-1.));
#4764 = ADVANCED_FACE('',(#4765),#4783,.F.);
#4765 = FACE_BOUND('',#4766,.F.);
#4766 = EDGE_LOOP('',(#4767,#4775,#4776,#4777));
#4767 = ORIENTED_EDGE('',*,*,#4768,.F.);
#4768 = EDGE_CURVE('',#4717,#4769,#4771,.T.);
#4769 = VERTEX_POINT('',#4770);
#4770 = CARTESIAN_POINT('',(66.788590604027,5.045134228188,2.5));
#4771 = B_SPLINE_CURVE_WITH_KNOTS('',2,(#4772,#4773,#4774),
  .UNSPECIFIED.,.F.,.F.,(3,3),(0.,1.),.PIECEWISE_BEZIER_KNOTS.);
#4772 = CARTESIAN_POINT('',(66.428691275168,4.860570469799,2.5));
#4773 = CARTESIAN_POINT('',(66.594798657718,4.983724832215,2.5));
#4774 = CARTESIAN_POINT('',(66.788590604027,5.045134228188,2.5));
#4775 = ORIENTED_EDGE('',*,*,#4726,.T.);
#4776 = ORIENTED_EDGE('',*,*,#1209,.F.);
#4777 = ORIENTED_EDGE('',*,*,#4778,.F.);
#4778 = EDGE_CURVE('',#4769,#1210,#4779,.T.);
#4779 = LINE('',#4780,#4781);
#4780 = CARTESIAN_POINT('',(66.788590604027,5.045134228188,2.5));
#4781 = VECTOR('',#4782,1.);
#4782 = DIRECTION('',(0.,0.,1.));
#4783 = SURFACE_OF_LINEAR_EXTRUSION('',#4784,#4788);
#4784 = B_SPLINE_CURVE_WITH_KNOTS('',2,(#4785,#4786,#4787),
  .UNSPECIFIED.,.F.,.F.,(3,3),(0.,1.),.PIECEWISE_BEZIER_KNOTS.);
#4785 = CARTESIAN_POINT('',(66.428691275168,4.860570469799,2.5));
#4786 = CARTESIAN_POINT('',(66.594798657718,4.983724832215,2.5));
#4787 = CARTESIAN_POINT('',(66.788590604027,5.045134228188,2.5));
#4788 = VECTOR('',#4789,1.);
#4789 = DIRECTION('',(-0.,-0.,-1.));
#4790 = ADVANCED_FACE('',(#4791),#4809,.F.);
#4791 = FACE_BOUND('',#4792,.F.);
#4792 = EDGE_LOOP('',(#4793,#4801,#4807,#4808));
#4793 = ORIENTED_EDGE('',*,*,#4794,.F.);
#4794 = EDGE_CURVE('',#4795,#4743,#4797,.T.);
#4795 = VERTEX_POINT('',#4796);
#4796 = CARTESIAN_POINT('',(65.906375838926,3.046140939597,2.5));
#4797 = B_SPLINE_CURVE_WITH_KNOTS('',2,(#4798,#4799,#4800),
  .UNSPECIFIED.,.F.,.F.,(3,3),(0.,1.),.PIECEWISE_BEZIER_KNOTS.);
#4798 = CARTESIAN_POINT('',(65.906375838926,3.046140939597,2.5));
#4799 = CARTESIAN_POINT('',(65.505033557047,3.541275167785,2.5));
#4800 = CARTESIAN_POINT('',(65.505033557047,4.450838926174,2.5));
#4801 = ORIENTED_EDGE('',*,*,#4802,.T.);
#4802 = EDGE_CURVE('',#4795,#1304,#4803,.T.);
#4803 = LINE('',#4804,#4805);
#4804 = CARTESIAN_POINT('',(65.906375838926,3.046140939597,2.5));
#4805 = VECTOR('',#4806,1.);
#4806 = DIRECTION('',(0.,0.,1.));
#4807 = ORIENTED_EDGE('',*,*,#1322,.F.);
#4808 = ORIENTED_EDGE('',*,*,#4750,.F.);
#4809 = SURFACE_OF_LINEAR_EXTRUSION('',#4810,#4814);
#4810 = B_SPLINE_CURVE_WITH_KNOTS('',2,(#4811,#4812,#4813),
  .UNSPECIFIED.,.F.,.F.,(3,3),(0.,1.),.PIECEWISE_BEZIER_KNOTS.);
#4811 = CARTESIAN_POINT('',(65.906375838926,3.046140939597,2.5));
#4812 = CARTESIAN_POINT('',(65.505033557047,3.541275167785,2.5));
#4813 = CARTESIAN_POINT('',(65.505033557047,4.450838926174,2.5));
#4814 = VECTOR('',#4815,1.);
#4815 = DIRECTION('',(-0.,-0.,-1.));
#4816 = ADVANCED_FACE('',(#4817),#4835,.F.);
#4817 = FACE_BOUND('',#4818,.F.);
#4818 = EDGE_LOOP('',(#4819,#4827,#4828,#4829));
#4819 = ORIENTED_EDGE('',*,*,#4820,.F.);
#4820 = EDGE_CURVE('',#4769,#4821,#4823,.T.);
#4821 = VERTEX_POINT('',#4822);
#4822 = CARTESIAN_POINT('',(67.211409395973,5.106711409396,2.5));
#4823 = B_SPLINE_CURVE_WITH_KNOTS('',2,(#4824,#4825,#4826),
  .UNSPECIFIED.,.F.,.F.,(3,3),(0.,1.),.PIECEWISE_BEZIER_KNOTS.);
#4824 = CARTESIAN_POINT('',(66.788590604027,5.045134228188,2.5));
#4825 = CARTESIAN_POINT('',(66.982382550336,5.106711409396,2.5));
#4826 = CARTESIAN_POINT('',(67.211409395973,5.106711409396,2.5));
#4827 = ORIENTED_EDGE('',*,*,#4778,.T.);
#4828 = ORIENTED_EDGE('',*,*,#1222,.F.);
#4829 = ORIENTED_EDGE('',*,*,#4830,.F.);
#4830 = EDGE_CURVE('',#4821,#1223,#4831,.T.);
#4831 = LINE('',#4832,#4833);
#4832 = CARTESIAN_POINT('',(67.211409395973,5.106711409396,2.5));
#4833 = VECTOR('',#4834,1.);
#4834 = DIRECTION('',(0.,0.,1.));
#4835 = SURFACE_OF_LINEAR_EXTRUSION('',#4836,#4840);
#4836 = B_SPLINE_CURVE_WITH_KNOTS('',2,(#4837,#4838,#4839),
  .UNSPECIFIED.,.F.,.F.,(3,3),(0.,1.),.PIECEWISE_BEZIER_KNOTS.);
#4837 = CARTESIAN_POINT('',(66.788590604027,5.045134228188,2.5));
#4838 = CARTESIAN_POINT('',(66.982382550336,5.106711409396,2.5));
#4839 = CARTESIAN_POINT('',(67.211409395973,5.106711409396,2.5));
#4840 = VECTOR('',#4841,1.);
#4841 = DIRECTION('',(-0.,-0.,-1.));
#4842 = ADVANCED_FACE('',(#4843),#4861,.F.);
#4843 = FACE_BOUND('',#4844,.F.);
#4844 = EDGE_LOOP('',(#4845,#4853,#4859,#4860));
#4845 = ORIENTED_EDGE('',*,*,#4846,.F.);
#4846 = EDGE_CURVE('',#4847,#4795,#4849,.T.);
#4847 = VERTEX_POINT('',#4848);
#4848 = CARTESIAN_POINT('',(67.040268456376,2.551006711409,2.5));
#4849 = B_SPLINE_CURVE_WITH_KNOTS('',2,(#4850,#4851,#4852),
  .UNSPECIFIED.,.F.,.F.,(3,3),(0.,1.),.PIECEWISE_BEZIER_KNOTS.);
#4850 = CARTESIAN_POINT('',(67.040268456376,2.551006711409,2.5));
#4851 = CARTESIAN_POINT('',(66.30788590604,2.551006711409,2.5));
#4852 = CARTESIAN_POINT('',(65.906375838926,3.046140939597,2.5));
#4853 = ORIENTED_EDGE('',*,*,#4854,.T.);
#4854 = EDGE_CURVE('',#4847,#1287,#4855,.T.);
#4855 = LINE('',#4856,#4857);
#4856 = CARTESIAN_POINT('',(67.040268456376,2.551006711409,2.5));
#4857 = VECTOR('',#4858,1.);
#4858 = DIRECTION('',(0.,0.,1.));
#4859 = ORIENTED_EDGE('',*,*,#1303,.F.);
#4860 = ORIENTED_EDGE('',*,*,#4802,.F.);
#4861 = SURFACE_OF_LINEAR_EXTRUSION('',#4862,#4866);
#4862 = B_SPLINE_CURVE_WITH_KNOTS('',2,(#4863,#4864,#4865),
  .UNSPECIFIED.,.F.,.F.,(3,3),(0.,1.),.PIECEWISE_BEZIER_KNOTS.);
#4863 = CARTESIAN_POINT('',(67.040268456376,2.551006711409,2.5));
#4864 = CARTESIAN_POINT('',(66.30788590604,2.551006711409,2.5));
#4865 = CARTESIAN_POINT('',(65.906375838926,3.046140939597,2.5));
#4866 = VECTOR('',#4867,1.);
#4867 = DIRECTION('',(-0.,-0.,-1.));
#4868 = ADVANCED_FACE('',(#4869),#4887,.F.);
#4869 = FACE_BOUND('',#4870,.F.);
#4870 = EDGE_LOOP('',(#4871,#4879,#4880,#4881));
#4871 = ORIENTED_EDGE('',*,*,#4872,.F.);
#4872 = EDGE_CURVE('',#4821,#4873,#4875,.T.);
#4873 = VERTEX_POINT('',#4874);
#4874 = CARTESIAN_POINT('',(68.141275167785,4.768959731544,2.5));
#4875 = B_SPLINE_CURVE_WITH_KNOTS('',2,(#4876,#4877,#4878),
  .UNSPECIFIED.,.F.,.F.,(3,3),(0.,1.),.PIECEWISE_BEZIER_KNOTS.);
#4876 = CARTESIAN_POINT('',(67.211409395973,5.106711409396,2.5));
#4877 = CARTESIAN_POINT('',(67.787751677852,5.106711409396,2.5));
#4878 = CARTESIAN_POINT('',(68.141275167785,4.768959731544,2.5));
#4879 = ORIENTED_EDGE('',*,*,#4830,.T.);
#4880 = ORIENTED_EDGE('',*,*,#1233,.F.);
#4881 = ORIENTED_EDGE('',*,*,#4882,.F.);
#4882 = EDGE_CURVE('',#4873,#1234,#4883,.T.);
#4883 = LINE('',#4884,#4885);
#4884 = CARTESIAN_POINT('',(68.141275167785,4.768959731544,2.5));
#4885 = VECTOR('',#4886,1.);
#4886 = DIRECTION('',(0.,0.,1.));
#4887 = SURFACE_OF_LINEAR_EXTRUSION('',#4888,#4892);
#4888 = B_SPLINE_CURVE_WITH_KNOTS('',2,(#4889,#4890,#4891),
  .UNSPECIFIED.,.F.,.F.,(3,3),(0.,1.),.PIECEWISE_BEZIER_KNOTS.);
#4889 = CARTESIAN_POINT('',(67.211409395973,5.106711409396,2.5));
#4890 = CARTESIAN_POINT('',(67.787751677852,5.106711409396,2.5));
#4891 = CARTESIAN_POINT('',(68.141275167785,4.768959731544,2.5));
#4892 = VECTOR('',#4893,1.);
#4893 = DIRECTION('',(-0.,-0.,-1.));
#4894 = ADVANCED_FACE('',(#4895),#4913,.F.);
#4895 = FACE_BOUND('',#4896,.F.);
#4896 = EDGE_LOOP('',(#4897,#4905,#4911,#4912));
#4897 = ORIENTED_EDGE('',*,*,#4898,.F.);
#4898 = EDGE_CURVE('',#4899,#4847,#4901,.T.);
#4899 = VERTEX_POINT('',#4900);
#4900 = CARTESIAN_POINT('',(68.099832214765,2.915100671141,2.5));
#4901 = B_SPLINE_CURVE_WITH_KNOTS('',2,(#4902,#4903,#4904),
  .UNSPECIFIED.,.F.,.F.,(3,3),(0.,1.),.PIECEWISE_BEZIER_KNOTS.);
#4902 = CARTESIAN_POINT('',(68.099832214765,2.915100671141,2.5));
#4903 = CARTESIAN_POINT('',(67.704697986577,2.551006711409,2.5));
#4904 = CARTESIAN_POINT('',(67.040268456376,2.551006711409,2.5));
#4905 = ORIENTED_EDGE('',*,*,#4906,.T.);
#4906 = EDGE_CURVE('',#4899,#1268,#4907,.T.);
#4907 = LINE('',#4908,#4909);
#4908 = CARTESIAN_POINT('',(68.099832214765,2.915100671141,2.5));
#4909 = VECTOR('',#4910,1.);
#4910 = DIRECTION('',(0.,0.,1.));
#4911 = ORIENTED_EDGE('',*,*,#1286,.F.);
#4912 = ORIENTED_EDGE('',*,*,#4854,.F.);
#4913 = SURFACE_OF_LINEAR_EXTRUSION('',#4914,#4918);
#4914 = B_SPLINE_CURVE_WITH_KNOTS('',2,(#4915,#4916,#4917),
  .UNSPECIFIED.,.F.,.F.,(3,3),(0.,1.),.PIECEWISE_BEZIER_KNOTS.);
#4915 = CARTESIAN_POINT('',(68.099832214765,2.915100671141,2.5));
#4916 = CARTESIAN_POINT('',(67.704697986577,2.551006711409,2.5));
#4917 = CARTESIAN_POINT('',(67.040268456376,2.551006711409,2.5));
#4918 = VECTOR('',#4919,1.);
#4919 = DIRECTION('',(-0.,-0.,-1.));
#4920 = ADVANCED_FACE('',(#4921),#4939,.F.);
#4921 = FACE_BOUND('',#4922,.F.);
#4922 = EDGE_LOOP('',(#4923,#4931,#4932,#4933));
#4923 = ORIENTED_EDGE('',*,*,#4924,.F.);
#4924 = EDGE_CURVE('',#4873,#4925,#4927,.T.);
#4925 = VERTEX_POINT('',#4926);
#4926 = CARTESIAN_POINT('',(68.494966442953,3.884228187919,2.5));
#4927 = B_SPLINE_CURVE_WITH_KNOTS('',2,(#4928,#4929,#4930),
  .UNSPECIFIED.,.F.,.F.,(3,3),(0.,1.),.PIECEWISE_BEZIER_KNOTS.);
#4928 = CARTESIAN_POINT('',(68.141275167785,4.768959731544,2.5));
#4929 = CARTESIAN_POINT('',(68.494966442953,4.431208053691,2.5));
#4930 = CARTESIAN_POINT('',(68.494966442953,3.884228187919,2.5));
#4931 = ORIENTED_EDGE('',*,*,#4882,.T.);
#4932 = ORIENTED_EDGE('',*,*,#1250,.F.);
#4933 = ORIENTED_EDGE('',*,*,#4934,.F.);
#4934 = EDGE_CURVE('',#4925,#1251,#4935,.T.);
#4935 = LINE('',#4936,#4937);
#4936 = CARTESIAN_POINT('',(68.494966442953,3.884228187919,2.5));
#4937 = VECTOR('',#4938,1.);
#4938 = DIRECTION('',(0.,0.,1.));
#4939 = SURFACE_OF_LINEAR_EXTRUSION('',#4940,#4944);
#4940 = B_SPLINE_CURVE_WITH_KNOTS('',2,(#4941,#4942,#4943),
  .UNSPECIFIED.,.F.,.F.,(3,3),(0.,1.),.PIECEWISE_BEZIER_KNOTS.);
#4941 = CARTESIAN_POINT('',(68.141275167785,4.768959731544,2.5));
#4942 = CARTESIAN_POINT('',(68.494966442953,4.431208053691,2.5));
#4943 = CARTESIAN_POINT('',(68.494966442953,3.884228187919,2.5));
#4944 = VECTOR('',#4945,1.);
#4945 = DIRECTION('',(-0.,-0.,-1.));
#4946 = ADVANCED_FACE('',(#4947),#4958,.F.);
#4947 = FACE_BOUND('',#4948,.F.);
#4948 = EDGE_LOOP('',(#4949,#4955,#4956,#4957));
#4949 = ORIENTED_EDGE('',*,*,#4950,.F.);
#4950 = EDGE_CURVE('',#4925,#4899,#4951,.T.);
#4951 = B_SPLINE_CURVE_WITH_KNOTS('',2,(#4952,#4953,#4954),
  .UNSPECIFIED.,.F.,.F.,(3,3),(0.,1.),.PIECEWISE_BEZIER_KNOTS.);
#4952 = CARTESIAN_POINT('',(68.494966442953,3.884228187919,2.5));
#4953 = CARTESIAN_POINT('',(68.494966442953,3.279362416107,2.5));
#4954 = CARTESIAN_POINT('',(68.099832214765,2.915100671141,2.5));
#4955 = ORIENTED_EDGE('',*,*,#4934,.T.);
#4956 = ORIENTED_EDGE('',*,*,#1267,.F.);
#4957 = ORIENTED_EDGE('',*,*,#4906,.F.);
#4958 = SURFACE_OF_LINEAR_EXTRUSION('',#4959,#4963);
#4959 = B_SPLINE_CURVE_WITH_KNOTS('',2,(#4960,#4961,#4962),
  .UNSPECIFIED.,.F.,.F.,(3,3),(0.,1.),.PIECEWISE_BEZIER_KNOTS.);
#4960 = CARTESIAN_POINT('',(68.494966442953,3.884228187919,2.5));
#4961 = CARTESIAN_POINT('',(68.494966442953,3.279362416107,2.5));
#4962 = CARTESIAN_POINT('',(68.099832214765,2.915100671141,2.5));
#4963 = VECTOR('',#4964,1.);
#4964 = DIRECTION('',(-0.,-0.,-1.));
#4965 = ADVANCED_FACE('',(#4966),#4991,.F.);
#4966 = FACE_BOUND('',#4967,.F.);
#4967 = EDGE_LOOP('',(#4968,#4978,#4984,#4985));
#4968 = ORIENTED_EDGE('',*,*,#4969,.F.);
#4969 = EDGE_CURVE('',#4970,#4972,#4974,.T.);
#4970 = VERTEX_POINT('',#4971);
#4971 = CARTESIAN_POINT('',(77.584312080537,6.379194630872,2.5));
#4972 = VERTEX_POINT('',#4973);
#4973 = CARTESIAN_POINT('',(80.415687919463,6.379194630872,2.5));
#4974 = LINE('',#4975,#4976);
#4975 = CARTESIAN_POINT('',(77.584312080537,6.379194630872,2.5));
#4976 = VECTOR('',#4977,1.);
#4977 = DIRECTION('',(1.,0.,0.));
#4978 = ORIENTED_EDGE('',*,*,#4979,.T.);
#4979 = EDGE_CURVE('',#4970,#1417,#4980,.T.);
#4980 = LINE('',#4981,#4982);
#4981 = CARTESIAN_POINT('',(77.584312080537,6.379194630872,2.5));
#4982 = VECTOR('',#4983,1.);
#4983 = DIRECTION('',(0.,0.,1.));
#4984 = ORIENTED_EDGE('',*,*,#1414,.F.);
#4985 = ORIENTED_EDGE('',*,*,#4986,.F.);
#4986 = EDGE_CURVE('',#4972,#1415,#4987,.T.);
#4987 = LINE('',#4988,#4989);
#4988 = CARTESIAN_POINT('',(80.415687919463,6.379194630872,2.5));
#4989 = VECTOR('',#4990,1.);
#4990 = DIRECTION('',(0.,0.,1.));
#4991 = PLANE('',#4992);
#4992 = AXIS2_PLACEMENT_3D('',#4993,#4994,#4995);
#4993 = CARTESIAN_POINT('',(77.584312080537,6.379194630872,2.5));
#4994 = DIRECTION('',(0.,1.,0.));
#4995 = DIRECTION('',(1.,0.,0.));
#4996 = ADVANCED_FACE('',(#4997),#5015,.F.);
#4997 = FACE_BOUND('',#4998,.F.);
#4998 = EDGE_LOOP('',(#4999,#5007,#5013,#5014));
#4999 = ORIENTED_EDGE('',*,*,#5000,.F.);
#5000 = EDGE_CURVE('',#5001,#4970,#5003,.T.);
#5001 = VERTEX_POINT('',#5002);
#5002 = CARTESIAN_POINT('',(77.584312080537,5.670469798658,2.5));
#5003 = LINE('',#5004,#5005);
#5004 = CARTESIAN_POINT('',(77.584312080537,5.670469798658,2.5));
#5005 = VECTOR('',#5006,1.);
#5006 = DIRECTION('',(0.,1.,0.));
#5007 = ORIENTED_EDGE('',*,*,#5008,.T.);
#5008 = EDGE_CURVE('',#5001,#1457,#5009,.T.);
#5009 = LINE('',#5010,#5011);
#5010 = CARTESIAN_POINT('',(77.584312080537,5.670469798658,2.5));
#5011 = VECTOR('',#5012,1.);
#5012 = DIRECTION('',(0.,0.,1.));
#5013 = ORIENTED_EDGE('',*,*,#1464,.F.);
#5014 = ORIENTED_EDGE('',*,*,#4979,.F.);
#5015 = PLANE('',#5016);
#5016 = AXIS2_PLACEMENT_3D('',#5017,#5018,#5019);
#5017 = CARTESIAN_POINT('',(77.584312080537,5.670469798658,2.5));
#5018 = DIRECTION('',(-1.,0.,0.));
#5019 = DIRECTION('',(0.,1.,0.));
#5020 = ADVANCED_FACE('',(#5021),#5039,.F.);
#5021 = FACE_BOUND('',#5022,.F.);
#5022 = EDGE_LOOP('',(#5023,#5031,#5037,#5038));
#5023 = ORIENTED_EDGE('',*,*,#5024,.F.);
#5024 = EDGE_CURVE('',#5025,#5001,#5027,.T.);
#5025 = VERTEX_POINT('',#5026);
#5026 = CARTESIAN_POINT('',(79.393875838926,5.670469798658,2.5));
#5027 = LINE('',#5028,#5029);
#5028 = CARTESIAN_POINT('',(79.393875838926,5.670469798658,2.5));
#5029 = VECTOR('',#5030,1.);
#5030 = DIRECTION('',(-1.,0.,0.));
#5031 = ORIENTED_EDGE('',*,*,#5032,.T.);
#5032 = EDGE_CURVE('',#5025,#1449,#5033,.T.);
#5033 = LINE('',#5034,#5035);
#5034 = CARTESIAN_POINT('',(79.393875838926,5.670469798658,2.5));
#5035 = VECTOR('',#5036,1.);
#5036 = DIRECTION('',(0.,0.,1.));
#5037 = ORIENTED_EDGE('',*,*,#1456,.F.);
#5038 = ORIENTED_EDGE('',*,*,#5008,.F.);
#5039 = PLANE('',#5040);
#5040 = AXIS2_PLACEMENT_3D('',#5041,#5042,#5043);
#5041 = CARTESIAN_POINT('',(79.393875838926,5.670469798658,2.5));
#5042 = DIRECTION('',(0.,-1.,0.));
#5043 = DIRECTION('',(-1.,0.,0.));
#5044 = ADVANCED_FACE('',(#5045),#5063,.F.);
#5045 = FACE_BOUND('',#5046,.F.);
#5046 = EDGE_LOOP('',(#5047,#5055,#5061,#5062));
#5047 = ORIENTED_EDGE('',*,*,#5048,.F.);
#5048 = EDGE_CURVE('',#5049,#5025,#5051,.T.);
#5049 = VERTEX_POINT('',#5050);
#5050 = CARTESIAN_POINT('',(78.007130872483,2.620805369128,2.5));
#5051 = LINE('',#5052,#5053);
#5052 = CARTESIAN_POINT('',(78.007130872483,2.620805369128,2.5));
#5053 = VECTOR('',#5054,1.);
#5054 = DIRECTION('',(0.413935007817,0.910306437033,0.));
#5055 = ORIENTED_EDGE('',*,*,#5056,.T.);
#5056 = EDGE_CURVE('',#5049,#1441,#5057,.T.);
#5057 = LINE('',#5058,#5059);
#5058 = CARTESIAN_POINT('',(78.007130872483,2.620805369128,2.5));
#5059 = VECTOR('',#5060,1.);
#5060 = DIRECTION('',(0.,0.,1.));
#5061 = ORIENTED_EDGE('',*,*,#1448,.F.);
#5062 = ORIENTED_EDGE('',*,*,#5032,.F.);
#5063 = PLANE('',#5064);
#5064 = AXIS2_PLACEMENT_3D('',#5065,#5066,#5067);
#5065 = CARTESIAN_POINT('',(78.007130872483,2.620805369128,2.5));
#5066 = DIRECTION('',(-0.910306437033,0.413935007817,0.));
#5067 = DIRECTION('',(0.413935007817,0.910306437033,0.));
#5068 = ADVANCED_FACE('',(#5069),#5087,.F.);
#5069 = FACE_BOUND('',#5070,.F.);
#5070 = EDGE_LOOP('',(#5071,#5079,#5085,#5086));
#5071 = ORIENTED_EDGE('',*,*,#5072,.F.);
#5072 = EDGE_CURVE('',#5073,#5049,#5075,.T.);
#5073 = VERTEX_POINT('',#5074);
#5074 = CARTESIAN_POINT('',(78.950922818792,2.620805369128,2.5));
#5075 = LINE('',#5076,#5077);
#5076 = CARTESIAN_POINT('',(78.950922818792,2.620805369128,2.5));
#5077 = VECTOR('',#5078,1.);
#5078 = DIRECTION('',(-1.,0.,0.));
#5079 = ORIENTED_EDGE('',*,*,#5080,.T.);
#5080 = EDGE_CURVE('',#5073,#1433,#5081,.T.);
#5081 = LINE('',#5082,#5083);
#5082 = CARTESIAN_POINT('',(78.950922818792,2.620805369128,2.5));
#5083 = VECTOR('',#5084,1.);
#5084 = DIRECTION('',(0.,0.,1.));
#5085 = ORIENTED_EDGE('',*,*,#1440,.F.);
#5086 = ORIENTED_EDGE('',*,*,#5056,.F.);
#5087 = PLANE('',#5088);
#5088 = AXIS2_PLACEMENT_3D('',#5089,#5090,#5091);
#5089 = CARTESIAN_POINT('',(78.950922818792,2.620805369128,2.5));
#5090 = DIRECTION('',(0.,-1.,0.));
#5091 = DIRECTION('',(-1.,0.,0.));
#5092 = ADVANCED_FACE('',(#5093),#5111,.F.);
#5093 = FACE_BOUND('',#5094,.F.);
#5094 = EDGE_LOOP('',(#5095,#5103,#5109,#5110));
#5095 = ORIENTED_EDGE('',*,*,#5096,.F.);
#5096 = EDGE_CURVE('',#5097,#5073,#5099,.T.);
#5097 = VERTEX_POINT('',#5098);
#5098 = CARTESIAN_POINT('',(80.415687919463,5.83288590604,2.5));
#5099 = LINE('',#5100,#5101);
#5100 = CARTESIAN_POINT('',(80.415687919463,5.83288590604,2.5));
#5101 = VECTOR('',#5102,1.);
#5102 = DIRECTION('',(-0.414912690401,-0.909861230817,0.));
#5103 = ORIENTED_EDGE('',*,*,#5104,.T.);
#5104 = EDGE_CURVE('',#5097,#1425,#5105,.T.);
#5105 = LINE('',#5106,#5107);
#5106 = CARTESIAN_POINT('',(80.415687919463,5.83288590604,2.5));
#5107 = VECTOR('',#5108,1.);
#5108 = DIRECTION('',(0.,0.,1.));
#5109 = ORIENTED_EDGE('',*,*,#1432,.F.);
#5110 = ORIENTED_EDGE('',*,*,#5080,.F.);
#5111 = PLANE('',#5112);
#5112 = AXIS2_PLACEMENT_3D('',#5113,#5114,#5115);
#5113 = CARTESIAN_POINT('',(80.415687919463,5.83288590604,2.5));
#5114 = DIRECTION('',(0.909861230817,-0.414912690401,0.));
#5115 = DIRECTION('',(-0.414912690401,-0.909861230817,0.));
#5116 = ADVANCED_FACE('',(#5117),#5128,.F.);
#5117 = FACE_BOUND('',#5118,.F.);
#5118 = EDGE_LOOP('',(#5119,#5125,#5126,#5127));
#5119 = ORIENTED_EDGE('',*,*,#5120,.F.);
#5120 = EDGE_CURVE('',#4972,#5097,#5121,.T.);
#5121 = LINE('',#5122,#5123);
#5122 = CARTESIAN_POINT('',(80.415687919463,6.379194630872,2.5));
#5123 = VECTOR('',#5124,1.);
#5124 = DIRECTION('',(0.,-1.,0.));
#5125 = ORIENTED_EDGE('',*,*,#4986,.T.);
#5126 = ORIENTED_EDGE('',*,*,#1424,.F.);
#5127 = ORIENTED_EDGE('',*,*,#5104,.F.);
#5128 = PLANE('',#5129);
#5129 = AXIS2_PLACEMENT_3D('',#5130,#5131,#5132);
#5130 = CARTESIAN_POINT('',(80.415687919463,6.379194630872,2.5));
#5131 = DIRECTION('',(1.,0.,0.));
#5132 = DIRECTION('',(0.,-1.,0.));
#5133 = ADVANCED_FACE('',(#5134),#5159,.F.);
#5134 = FACE_BOUND('',#5135,.F.);
#5135 = EDGE_LOOP('',(#5136,#5137,#5145,#5153));
#5136 = ORIENTED_EDGE('',*,*,#1472,.T.);
#5137 = ORIENTED_EDGE('',*,*,#5138,.T.);
#5138 = EDGE_CURVE('',#1475,#5139,#5141,.T.);
#5139 = VERTEX_POINT('',#5140);
#5140 = CARTESIAN_POINT('',(4.7,12.2,10.5));
#5141 = LINE('',#5142,#5143);
#5142 = CARTESIAN_POINT('',(4.7,12.2,2.));
#5143 = VECTOR('',#5144,1.);
#5144 = DIRECTION('',(0.,0.,1.));
#5145 = ORIENTED_EDGE('',*,*,#5146,.T.);
#5146 = EDGE_CURVE('',#5139,#5147,#5149,.T.);
#5147 = VERTEX_POINT('',#5148);
#5148 = CARTESIAN_POINT('',(6.2,12.2,10.5));
#5149 = LINE('',#5150,#5151);
#5150 = CARTESIAN_POINT('',(4.7,12.2,10.5));
#5151 = VECTOR('',#5152,1.);
#5152 = DIRECTION('',(1.,0.,-0.));
#5153 = ORIENTED_EDGE('',*,*,#5154,.T.);
#5154 = EDGE_CURVE('',#5147,#1473,#5155,.T.);
#5155 = LINE('',#5156,#5157);
#5156 = CARTESIAN_POINT('',(6.2,12.2,2.));
#5157 = VECTOR('',#5158,1.);
#5158 = DIRECTION('',(-0.,0.,-1.));
#5159 = PLANE('',#5160);
#5160 = AXIS2_PLACEMENT_3D('',#5161,#5162,#5163);
#5161 = CARTESIAN_POINT('',(4.7,12.2,2.));
#5162 = DIRECTION('',(-0.,1.,0.));
#5163 = DIRECTION('',(0.,0.,1.));
#5164 = ADVANCED_FACE('',(#5165),#5183,.F.);
#5165 = FACE_BOUND('',#5166,.F.);
#5166 = EDGE_LOOP('',(#5167,#5175,#5181,#5182));
#5167 = ORIENTED_EDGE('',*,*,#5168,.F.);
#5168 = EDGE_CURVE('',#5169,#5147,#5171,.T.);
#5169 = VERTEX_POINT('',#5170);
#5170 = CARTESIAN_POINT('',(6.2,10.7,10.5));
#5171 = LINE('',#5172,#5173);
#5172 = CARTESIAN_POINT('',(6.2,10.7,10.5));
#5173 = VECTOR('',#5174,1.);
#5174 = DIRECTION('',(-0.,1.,0.));
#5175 = ORIENTED_EDGE('',*,*,#5176,.F.);
#5176 = EDGE_CURVE('',#1555,#5169,#5177,.T.);
#5177 = LINE('',#5178,#5179);
#5178 = CARTESIAN_POINT('',(6.2,10.7,2.));
#5179 = VECTOR('',#5180,1.);
#5180 = DIRECTION('',(0.,0.,1.));
#5181 = ORIENTED_EDGE('',*,*,#1562,.T.);
#5182 = ORIENTED_EDGE('',*,*,#5154,.F.);
#5183 = PLANE('',#5184);
#5184 = AXIS2_PLACEMENT_3D('',#5185,#5186,#5187);
#5185 = CARTESIAN_POINT('',(6.2,10.7,2.));
#5186 = DIRECTION('',(1.,0.,-0.));
#5187 = DIRECTION('',(0.,0.,1.));
#5188 = ADVANCED_FACE('',(#5189),#5207,.F.);
#5189 = FACE_BOUND('',#5190,.F.);
#5190 = EDGE_LOOP('',(#5191,#5192,#5193,#5201));
#5191 = ORIENTED_EDGE('',*,*,#5138,.F.);
#5192 = ORIENTED_EDGE('',*,*,#1482,.T.);
#5193 = ORIENTED_EDGE('',*,*,#5194,.T.);
#5194 = EDGE_CURVE('',#1483,#5195,#5197,.T.);
#5195 = VERTEX_POINT('',#5196);
#5196 = CARTESIAN_POINT('',(4.7,13.8,10.5));
#5197 = LINE('',#5198,#5199);
#5198 = CARTESIAN_POINT('',(4.7,13.8,2.));
#5199 = VECTOR('',#5200,1.);
#5200 = DIRECTION('',(0.,0.,1.));
#5201 = ORIENTED_EDGE('',*,*,#5202,.F.);
#5202 = EDGE_CURVE('',#5139,#5195,#5203,.T.);
#5203 = LINE('',#5204,#5205);
#5204 = CARTESIAN_POINT('',(4.7,12.2,10.5));
#5205 = VECTOR('',#5206,1.);
#5206 = DIRECTION('',(-0.,1.,0.));
#5207 = PLANE('',#5208);
#5208 = AXIS2_PLACEMENT_3D('',#5209,#5210,#5211);
#5209 = CARTESIAN_POINT('',(4.7,12.2,2.));
#5210 = DIRECTION('',(1.,0.,-0.));
#5211 = DIRECTION('',(0.,0.,1.));
#5212 = ADVANCED_FACE('',(#5213),#5231,.F.);
#5213 = FACE_BOUND('',#5214,.F.);
#5214 = EDGE_LOOP('',(#5215,#5223,#5224,#5225));
#5215 = ORIENTED_EDGE('',*,*,#5216,.F.);
#5216 = EDGE_CURVE('',#1547,#5217,#5219,.T.);
#5217 = VERTEX_POINT('',#5218);
#5218 = CARTESIAN_POINT('',(7.8,10.7,10.5));
#5219 = LINE('',#5220,#5221);
#5220 = CARTESIAN_POINT('',(7.8,10.7,2.));
#5221 = VECTOR('',#5222,1.);
#5222 = DIRECTION('',(0.,0.,1.));
#5223 = ORIENTED_EDGE('',*,*,#1554,.T.);
#5224 = ORIENTED_EDGE('',*,*,#5176,.T.);
#5225 = ORIENTED_EDGE('',*,*,#5226,.T.);
#5226 = EDGE_CURVE('',#5169,#5217,#5227,.T.);
#5227 = LINE('',#5228,#5229);
#5228 = CARTESIAN_POINT('',(6.2,10.7,10.5));
#5229 = VECTOR('',#5230,1.);
#5230 = DIRECTION('',(1.,0.,-0.));
#5231 = PLANE('',#5232);
#5232 = AXIS2_PLACEMENT_3D('',#5233,#5234,#5235);
#5233 = CARTESIAN_POINT('',(6.2,10.7,2.));
#5234 = DIRECTION('',(-0.,1.,0.));
#5235 = DIRECTION('',(0.,0.,1.));
#5236 = ADVANCED_FACE('',(#5237),#5255,.T.);
#5237 = FACE_BOUND('',#5238,.T.);
#5238 = EDGE_LOOP('',(#5239,#5240,#5241,#5249));
#5239 = ORIENTED_EDGE('',*,*,#1490,.T.);
#5240 = ORIENTED_EDGE('',*,*,#5194,.T.);
#5241 = ORIENTED_EDGE('',*,*,#5242,.T.);
#5242 = EDGE_CURVE('',#5195,#5243,#5245,.T.);
#5243 = VERTEX_POINT('',#5244);
#5244 = CARTESIAN_POINT('',(6.2,13.8,10.5));
#5245 = LINE('',#5246,#5247);
#5246 = CARTESIAN_POINT('',(4.7,13.8,10.5));
#5247 = VECTOR('',#5248,1.);
#5248 = DIRECTION('',(1.,0.,-0.));
#5249 = ORIENTED_EDGE('',*,*,#5250,.T.);
#5250 = EDGE_CURVE('',#5243,#1491,#5251,.T.);
#5251 = LINE('',#5252,#5253);
#5252 = CARTESIAN_POINT('',(6.2,13.8,2.));
#5253 = VECTOR('',#5254,1.);
#5254 = DIRECTION('',(-0.,0.,-1.));
#5255 = PLANE('',#5256);
#5256 = AXIS2_PLACEMENT_3D('',#5257,#5258,#5259);
#5257 = CARTESIAN_POINT('',(4.7,13.8,2.));
#5258 = DIRECTION('',(-0.,1.,0.));
#5259 = DIRECTION('',(0.,0.,1.));
#5260 = ADVANCED_FACE('',(#5261),#5279,.T.);
#5261 = FACE_BOUND('',#5262,.T.);
#5262 = EDGE_LOOP('',(#5263,#5271,#5272,#5273));
#5263 = ORIENTED_EDGE('',*,*,#5264,.F.);
#5264 = EDGE_CURVE('',#5217,#5265,#5267,.T.);
#5265 = VERTEX_POINT('',#5266);
#5266 = CARTESIAN_POINT('',(7.8,12.2,10.5));
#5267 = LINE('',#5268,#5269);
#5268 = CARTESIAN_POINT('',(7.8,10.7,10.5));
#5269 = VECTOR('',#5270,1.);
#5270 = DIRECTION('',(-0.,1.,0.));
#5271 = ORIENTED_EDGE('',*,*,#5216,.F.);
#5272 = ORIENTED_EDGE('',*,*,#1546,.T.);
#5273 = ORIENTED_EDGE('',*,*,#5274,.F.);
#5274 = EDGE_CURVE('',#5265,#1539,#5275,.T.);
#5275 = LINE('',#5276,#5277);
#5276 = CARTESIAN_POINT('',(7.8,12.2,2.));
#5277 = VECTOR('',#5278,1.);
#5278 = DIRECTION('',(-0.,0.,-1.));
#5279 = PLANE('',#5280);
#5280 = AXIS2_PLACEMENT_3D('',#5281,#5282,#5283);
#5281 = CARTESIAN_POINT('',(7.8,10.7,2.));
#5282 = DIRECTION('',(1.,0.,-0.));
#5283 = DIRECTION('',(0.,0.,1.));
#5284 = ADVANCED_FACE('',(#5285),#5303,.F.);
#5285 = FACE_BOUND('',#5286,.F.);
#5286 = EDGE_LOOP('',(#5287,#5295,#5296,#5297));
#5287 = ORIENTED_EDGE('',*,*,#5288,.F.);
#5288 = EDGE_CURVE('',#5243,#5289,#5291,.T.);
#5289 = VERTEX_POINT('',#5290);
#5290 = CARTESIAN_POINT('',(6.2,15.3,10.5));
#5291 = LINE('',#5292,#5293);
#5292 = CARTESIAN_POINT('',(6.2,10.7,10.5));
#5293 = VECTOR('',#5294,1.);
#5294 = DIRECTION('',(-0.,1.,0.));
#5295 = ORIENTED_EDGE('',*,*,#5250,.T.);
#5296 = ORIENTED_EDGE('',*,*,#1498,.T.);
#5297 = ORIENTED_EDGE('',*,*,#5298,.T.);
#5298 = EDGE_CURVE('',#1499,#5289,#5299,.T.);
#5299 = LINE('',#5300,#5301);
#5300 = CARTESIAN_POINT('',(6.2,15.3,2.));
#5301 = VECTOR('',#5302,1.);
#5302 = DIRECTION('',(0.,0.,1.));
#5303 = PLANE('',#5304);
#5304 = AXIS2_PLACEMENT_3D('',#5305,#5306,#5307);
#5305 = CARTESIAN_POINT('',(6.2,10.7,2.));
#5306 = DIRECTION('',(1.,0.,-0.));
#5307 = DIRECTION('',(0.,0.,1.));
#5308 = ADVANCED_FACE('',(#5309),#5327,.F.);
#5309 = FACE_BOUND('',#5310,.F.);
#5310 = EDGE_LOOP('',(#5311,#5312,#5313,#5321));
#5311 = ORIENTED_EDGE('',*,*,#1538,.T.);
#5312 = ORIENTED_EDGE('',*,*,#5274,.F.);
#5313 = ORIENTED_EDGE('',*,*,#5314,.T.);
#5314 = EDGE_CURVE('',#5265,#5315,#5317,.T.);
#5315 = VERTEX_POINT('',#5316);
#5316 = CARTESIAN_POINT('',(9.3,12.2,10.5));
#5317 = LINE('',#5318,#5319);
#5318 = CARTESIAN_POINT('',(4.7,12.2,10.5));
#5319 = VECTOR('',#5320,1.);
#5320 = DIRECTION('',(1.,0.,-0.));
#5321 = ORIENTED_EDGE('',*,*,#5322,.F.);
#5322 = EDGE_CURVE('',#1531,#5315,#5323,.T.);
#5323 = LINE('',#5324,#5325);
#5324 = CARTESIAN_POINT('',(9.3,12.2,2.));
#5325 = VECTOR('',#5326,1.);
#5326 = DIRECTION('',(0.,0.,1.));
#5327 = PLANE('',#5328);
#5328 = AXIS2_PLACEMENT_3D('',#5329,#5330,#5331);
#5329 = CARTESIAN_POINT('',(4.7,12.2,2.));
#5330 = DIRECTION('',(-0.,1.,0.));
#5331 = DIRECTION('',(0.,0.,1.));
#5332 = ADVANCED_FACE('',(#5333),#5351,.T.);
#5333 = FACE_BOUND('',#5334,.T.);
#5334 = EDGE_LOOP('',(#5335,#5343,#5344,#5345));
#5335 = ORIENTED_EDGE('',*,*,#5336,.F.);
#5336 = EDGE_CURVE('',#1507,#5337,#5339,.T.);
#5337 = VERTEX_POINT('',#5338);
#5338 = CARTESIAN_POINT('',(7.8,15.3,10.5));
#5339 = LINE('',#5340,#5341);
#5340 = CARTESIAN_POINT('',(7.8,15.3,2.));
#5341 = VECTOR('',#5342,1.);
#5342 = DIRECTION('',(0.,0.,1.));
#5343 = ORIENTED_EDGE('',*,*,#1506,.T.);
#5344 = ORIENTED_EDGE('',*,*,#5298,.T.);
#5345 = ORIENTED_EDGE('',*,*,#5346,.T.);
#5346 = EDGE_CURVE('',#5289,#5337,#5347,.T.);
#5347 = LINE('',#5348,#5349);
#5348 = CARTESIAN_POINT('',(6.2,15.3,10.5));
#5349 = VECTOR('',#5350,1.);
#5350 = DIRECTION('',(1.,0.,-0.));
#5351 = PLANE('',#5352);
#5352 = AXIS2_PLACEMENT_3D('',#5353,#5354,#5355);
#5353 = CARTESIAN_POINT('',(6.2,15.3,2.));
#5354 = DIRECTION('',(-0.,1.,0.));
#5355 = DIRECTION('',(0.,0.,1.));
#5356 = ADVANCED_FACE('',(#5357),#5375,.T.);
#5357 = FACE_BOUND('',#5358,.T.);
#5358 = EDGE_LOOP('',(#5359,#5360,#5361,#5369));
#5359 = ORIENTED_EDGE('',*,*,#5322,.F.);
#5360 = ORIENTED_EDGE('',*,*,#1530,.T.);
#5361 = ORIENTED_EDGE('',*,*,#5362,.T.);
#5362 = EDGE_CURVE('',#1523,#5363,#5365,.T.);
#5363 = VERTEX_POINT('',#5364);
#5364 = CARTESIAN_POINT('',(9.3,13.8,10.5));
#5365 = LINE('',#5366,#5367);
#5366 = CARTESIAN_POINT('',(9.3,13.8,2.));
#5367 = VECTOR('',#5368,1.);
#5368 = DIRECTION('',(0.,0.,1.));
#5369 = ORIENTED_EDGE('',*,*,#5370,.F.);
#5370 = EDGE_CURVE('',#5315,#5363,#5371,.T.);
#5371 = LINE('',#5372,#5373);
#5372 = CARTESIAN_POINT('',(9.3,12.2,10.5));
#5373 = VECTOR('',#5374,1.);
#5374 = DIRECTION('',(-0.,1.,0.));
#5375 = PLANE('',#5376);
#5376 = AXIS2_PLACEMENT_3D('',#5377,#5378,#5379);
#5377 = CARTESIAN_POINT('',(9.3,12.2,2.));
#5378 = DIRECTION('',(1.,0.,-0.));
#5379 = DIRECTION('',(0.,0.,1.));
#5380 = ADVANCED_FACE('',(#5381),#5399,.T.);
#5381 = FACE_BOUND('',#5382,.T.);
#5382 = EDGE_LOOP('',(#5383,#5391,#5397,#5398));
#5383 = ORIENTED_EDGE('',*,*,#5384,.F.);
#5384 = EDGE_CURVE('',#5385,#5337,#5387,.T.);
#5385 = VERTEX_POINT('',#5386);
#5386 = CARTESIAN_POINT('',(7.8,13.8,10.5));
#5387 = LINE('',#5388,#5389);
#5388 = CARTESIAN_POINT('',(7.8,10.7,10.5));
#5389 = VECTOR('',#5390,1.);
#5390 = DIRECTION('',(-0.,1.,0.));
#5391 = ORIENTED_EDGE('',*,*,#5392,.T.);
#5392 = EDGE_CURVE('',#5385,#1515,#5393,.T.);
#5393 = LINE('',#5394,#5395);
#5394 = CARTESIAN_POINT('',(7.8,13.8,2.));
#5395 = VECTOR('',#5396,1.);
#5396 = DIRECTION('',(-0.,0.,-1.));
#5397 = ORIENTED_EDGE('',*,*,#1514,.T.);
#5398 = ORIENTED_EDGE('',*,*,#5336,.T.);
#5399 = PLANE('',#5400);
#5400 = AXIS2_PLACEMENT_3D('',#5401,#5402,#5403);
#5401 = CARTESIAN_POINT('',(7.8,10.7,2.));
#5402 = DIRECTION('',(1.,0.,-0.));
#5403 = DIRECTION('',(0.,0.,1.));
#5404 = ADVANCED_FACE('',(#5405),#5416,.T.);
#5405 = FACE_BOUND('',#5406,.T.);
#5406 = EDGE_LOOP('',(#5407,#5408,#5409,#5415));
#5407 = ORIENTED_EDGE('',*,*,#1522,.T.);
#5408 = ORIENTED_EDGE('',*,*,#5392,.F.);
#5409 = ORIENTED_EDGE('',*,*,#5410,.T.);
#5410 = EDGE_CURVE('',#5385,#5363,#5411,.T.);
#5411 = LINE('',#5412,#5413);
#5412 = CARTESIAN_POINT('',(4.7,13.8,10.5));
#5413 = VECTOR('',#5414,1.);
#5414 = DIRECTION('',(1.,0.,-0.));
#5415 = ORIENTED_EDGE('',*,*,#5362,.F.);
#5416 = PLANE('',#5417);
#5417 = AXIS2_PLACEMENT_3D('',#5418,#5419,#5420);
#5418 = CARTESIAN_POINT('',(4.7,13.8,2.));
#5419 = DIRECTION('',(-0.,1.,0.));
#5420 = DIRECTION('',(0.,0.,1.));
#5421 = ADVANCED_FACE('',(#5422),#5447,.F.);
#5422 = FACE_BOUND('',#5423,.F.);
#5423 = EDGE_LOOP('',(#5424,#5425,#5433,#5441));
#5424 = ORIENTED_EDGE('',*,*,#1570,.T.);
#5425 = ORIENTED_EDGE('',*,*,#5426,.T.);
#5426 = EDGE_CURVE('',#1573,#5427,#5429,.T.);
#5427 = VERTEX_POINT('',#5428);
#5428 = CARTESIAN_POINT('',(16.675,12.175,10.5));
#5429 = LINE('',#5430,#5431);
#5430 = CARTESIAN_POINT('',(16.675,12.175,2.));
#5431 = VECTOR('',#5432,1.);
#5432 = DIRECTION('',(0.,0.,1.));
#5433 = ORIENTED_EDGE('',*,*,#5434,.T.);
#5434 = EDGE_CURVE('',#5427,#5435,#5437,.T.);
#5435 = VERTEX_POINT('',#5436);
#5436 = CARTESIAN_POINT('',(18.175,12.175,10.5));
#5437 = LINE('',#5438,#5439);
#5438 = CARTESIAN_POINT('',(16.675,12.175,10.5));
#5439 = VECTOR('',#5440,1.);
#5440 = DIRECTION('',(1.,0.,-0.));
#5441 = ORIENTED_EDGE('',*,*,#5442,.T.);
#5442 = EDGE_CURVE('',#5435,#1571,#5443,.T.);
#5443 = LINE('',#5444,#5445);
#5444 = CARTESIAN_POINT('',(18.175,12.175,2.));
#5445 = VECTOR('',#5446,1.);
#5446 = DIRECTION('',(-0.,0.,-1.));
#5447 = PLANE('',#5448);
#5448 = AXIS2_PLACEMENT_3D('',#5449,#5450,#5451);
#5449 = CARTESIAN_POINT('',(16.675,12.175,2.));
#5450 = DIRECTION('',(-0.,1.,0.));
#5451 = DIRECTION('',(0.,0.,1.));
#5452 = ADVANCED_FACE('',(#5453),#5471,.F.);
#5453 = FACE_BOUND('',#5454,.F.);
#5454 = EDGE_LOOP('',(#5455,#5463,#5469,#5470));
#5455 = ORIENTED_EDGE('',*,*,#5456,.F.);
#5456 = EDGE_CURVE('',#5457,#5435,#5459,.T.);
#5457 = VERTEX_POINT('',#5458);
#5458 = CARTESIAN_POINT('',(18.175,10.675,10.5));
#5459 = LINE('',#5460,#5461);
#5460 = CARTESIAN_POINT('',(18.175,10.675,10.5));
#5461 = VECTOR('',#5462,1.);
#5462 = DIRECTION('',(-0.,1.,0.));
#5463 = ORIENTED_EDGE('',*,*,#5464,.F.);
#5464 = EDGE_CURVE('',#1653,#5457,#5465,.T.);
#5465 = LINE('',#5466,#5467);
#5466 = CARTESIAN_POINT('',(18.175,10.675,2.));
#5467 = VECTOR('',#5468,1.);
#5468 = DIRECTION('',(0.,0.,1.));
#5469 = ORIENTED_EDGE('',*,*,#1660,.T.);
#5470 = ORIENTED_EDGE('',*,*,#5442,.F.);
#5471 = PLANE('',#5472);
#5472 = AXIS2_PLACEMENT_3D('',#5473,#5474,#5475);
#5473 = CARTESIAN_POINT('',(18.175,10.675,2.));
#5474 = DIRECTION('',(1.,0.,-0.));
#5475 = DIRECTION('',(0.,0.,1.));
#5476 = ADVANCED_FACE('',(#5477),#5495,.F.);
#5477 = FACE_BOUND('',#5478,.F.);
#5478 = EDGE_LOOP('',(#5479,#5480,#5481,#5489));
#5479 = ORIENTED_EDGE('',*,*,#5426,.F.);
#5480 = ORIENTED_EDGE('',*,*,#1580,.T.);
#5481 = ORIENTED_EDGE('',*,*,#5482,.T.);
#5482 = EDGE_CURVE('',#1581,#5483,#5485,.T.);
#5483 = VERTEX_POINT('',#5484);
#5484 = CARTESIAN_POINT('',(16.675,13.825,10.5));
#5485 = LINE('',#5486,#5487);
#5486 = CARTESIAN_POINT('',(16.675,13.825,2.));
#5487 = VECTOR('',#5488,1.);
#5488 = DIRECTION('',(0.,0.,1.));
#5489 = ORIENTED_EDGE('',*,*,#5490,.F.);
#5490 = EDGE_CURVE('',#5427,#5483,#5491,.T.);
#5491 = LINE('',#5492,#5493);
#5492 = CARTESIAN_POINT('',(16.675,12.175,10.5));
#5493 = VECTOR('',#5494,1.);
#5494 = DIRECTION('',(-0.,1.,0.));
#5495 = PLANE('',#5496);
#5496 = AXIS2_PLACEMENT_3D('',#5497,#5498,#5499);
#5497 = CARTESIAN_POINT('',(16.675,12.175,2.));
#5498 = DIRECTION('',(1.,0.,-0.));
#5499 = DIRECTION('',(0.,0.,1.));
#5500 = ADVANCED_FACE('',(#5501),#5519,.F.);
#5501 = FACE_BOUND('',#5502,.F.);
#5502 = EDGE_LOOP('',(#5503,#5511,#5512,#5513));
#5503 = ORIENTED_EDGE('',*,*,#5504,.F.);
#5504 = EDGE_CURVE('',#1645,#5505,#5507,.T.);
#5505 = VERTEX_POINT('',#5506);
#5506 = CARTESIAN_POINT('',(19.825,10.675,10.5));
#5507 = LINE('',#5508,#5509);
#5508 = CARTESIAN_POINT('',(19.825,10.675,2.));
#5509 = VECTOR('',#5510,1.);
#5510 = DIRECTION('',(0.,0.,1.));
#5511 = ORIENTED_EDGE('',*,*,#1652,.T.);
#5512 = ORIENTED_EDGE('',*,*,#5464,.T.);
#5513 = ORIENTED_EDGE('',*,*,#5514,.T.);
#5514 = EDGE_CURVE('',#5457,#5505,#5515,.T.);
#5515 = LINE('',#5516,#5517);
#5516 = CARTESIAN_POINT('',(18.175,10.675,10.5));
#5517 = VECTOR('',#5518,1.);
#5518 = DIRECTION('',(1.,0.,-0.));
#5519 = PLANE('',#5520);
#5520 = AXIS2_PLACEMENT_3D('',#5521,#5522,#5523);
#5521 = CARTESIAN_POINT('',(18.175,10.675,2.));
#5522 = DIRECTION('',(-0.,1.,0.));
#5523 = DIRECTION('',(0.,0.,1.));
#5524 = ADVANCED_FACE('',(#5525),#5543,.T.);
#5525 = FACE_BOUND('',#5526,.T.);
#5526 = EDGE_LOOP('',(#5527,#5528,#5529,#5537));
#5527 = ORIENTED_EDGE('',*,*,#1588,.T.);
#5528 = ORIENTED_EDGE('',*,*,#5482,.T.);
#5529 = ORIENTED_EDGE('',*,*,#5530,.T.);
#5530 = EDGE_CURVE('',#5483,#5531,#5533,.T.);
#5531 = VERTEX_POINT('',#5532);
#5532 = CARTESIAN_POINT('',(18.175,13.825,10.5));
#5533 = LINE('',#5534,#5535);
#5534 = CARTESIAN_POINT('',(16.675,13.825,10.5));
#5535 = VECTOR('',#5536,1.);
#5536 = DIRECTION('',(1.,0.,-0.));
#5537 = ORIENTED_EDGE('',*,*,#5538,.T.);
#5538 = EDGE_CURVE('',#5531,#1589,#5539,.T.);
#5539 = LINE('',#5540,#5541);
#5540 = CARTESIAN_POINT('',(18.175,13.825,2.));
#5541 = VECTOR('',#5542,1.);
#5542 = DIRECTION('',(-0.,0.,-1.));
#5543 = PLANE('',#5544);
#5544 = AXIS2_PLACEMENT_3D('',#5545,#5546,#5547);
#5545 = CARTESIAN_POINT('',(16.675,13.825,2.));
#5546 = DIRECTION('',(-0.,1.,0.));
#5547 = DIRECTION('',(0.,0.,1.));
#5548 = ADVANCED_FACE('',(#5549),#5567,.T.);
#5549 = FACE_BOUND('',#5550,.T.);
#5550 = EDGE_LOOP('',(#5551,#5559,#5560,#5561));
#5551 = ORIENTED_EDGE('',*,*,#5552,.F.);
#5552 = EDGE_CURVE('',#5505,#5553,#5555,.T.);
#5553 = VERTEX_POINT('',#5554);
#5554 = CARTESIAN_POINT('',(19.825,12.175,10.5));
#5555 = LINE('',#5556,#5557);
#5556 = CARTESIAN_POINT('',(19.825,10.675,10.5));
#5557 = VECTOR('',#5558,1.);
#5558 = DIRECTION('',(-0.,1.,0.));
#5559 = ORIENTED_EDGE('',*,*,#5504,.F.);
#5560 = ORIENTED_EDGE('',*,*,#1644,.T.);
#5561 = ORIENTED_EDGE('',*,*,#5562,.F.);
#5562 = EDGE_CURVE('',#5553,#1637,#5563,.T.);
#5563 = LINE('',#5564,#5565);
#5564 = CARTESIAN_POINT('',(19.825,12.175,2.));
#5565 = VECTOR('',#5566,1.);
#5566 = DIRECTION('',(-0.,0.,-1.));
#5567 = PLANE('',#5568);
#5568 = AXIS2_PLACEMENT_3D('',#5569,#5570,#5571);
#5569 = CARTESIAN_POINT('',(19.825,10.675,2.));
#5570 = DIRECTION('',(1.,0.,-0.));
#5571 = DIRECTION('',(0.,0.,1.));
#5572 = ADVANCED_FACE('',(#5573),#5591,.F.);
#5573 = FACE_BOUND('',#5574,.F.);
#5574 = EDGE_LOOP('',(#5575,#5583,#5584,#5585));
#5575 = ORIENTED_EDGE('',*,*,#5576,.F.);
#5576 = EDGE_CURVE('',#5531,#5577,#5579,.T.);
#5577 = VERTEX_POINT('',#5578);
#5578 = CARTESIAN_POINT('',(18.175,15.325,10.5));
#5579 = LINE('',#5580,#5581);
#5580 = CARTESIAN_POINT('',(18.175,10.675,10.5));
#5581 = VECTOR('',#5582,1.);
#5582 = DIRECTION('',(-0.,1.,0.));
#5583 = ORIENTED_EDGE('',*,*,#5538,.T.);
#5584 = ORIENTED_EDGE('',*,*,#1596,.T.);
#5585 = ORIENTED_EDGE('',*,*,#5586,.T.);
#5586 = EDGE_CURVE('',#1597,#5577,#5587,.T.);
#5587 = LINE('',#5588,#5589);
#5588 = CARTESIAN_POINT('',(18.175,15.325,2.));
#5589 = VECTOR('',#5590,1.);
#5590 = DIRECTION('',(0.,0.,1.));
#5591 = PLANE('',#5592);
#5592 = AXIS2_PLACEMENT_3D('',#5593,#5594,#5595);
#5593 = CARTESIAN_POINT('',(18.175,10.675,2.));
#5594 = DIRECTION('',(1.,0.,-0.));
#5595 = DIRECTION('',(0.,0.,1.));
#5596 = ADVANCED_FACE('',(#5597),#5615,.F.);
#5597 = FACE_BOUND('',#5598,.F.);
#5598 = EDGE_LOOP('',(#5599,#5600,#5601,#5609));
#5599 = ORIENTED_EDGE('',*,*,#1636,.T.);
#5600 = ORIENTED_EDGE('',*,*,#5562,.F.);
#5601 = ORIENTED_EDGE('',*,*,#5602,.T.);
#5602 = EDGE_CURVE('',#5553,#5603,#5605,.T.);
#5603 = VERTEX_POINT('',#5604);
#5604 = CARTESIAN_POINT('',(21.325,12.175,10.5));
#5605 = LINE('',#5606,#5607);
#5606 = CARTESIAN_POINT('',(16.675,12.175,10.5));
#5607 = VECTOR('',#5608,1.);
#5608 = DIRECTION('',(1.,0.,-0.));
#5609 = ORIENTED_EDGE('',*,*,#5610,.F.);
#5610 = EDGE_CURVE('',#1629,#5603,#5611,.T.);
#5611 = LINE('',#5612,#5613);
#5612 = CARTESIAN_POINT('',(21.325,12.175,2.));
#5613 = VECTOR('',#5614,1.);
#5614 = DIRECTION('',(0.,0.,1.));
#5615 = PLANE('',#5616);
#5616 = AXIS2_PLACEMENT_3D('',#5617,#5618,#5619);
#5617 = CARTESIAN_POINT('',(16.675,12.175,2.));
#5618 = DIRECTION('',(-0.,1.,0.));
#5619 = DIRECTION('',(0.,0.,1.));
#5620 = ADVANCED_FACE('',(#5621),#5639,.T.);
#5621 = FACE_BOUND('',#5622,.T.);
#5622 = EDGE_LOOP('',(#5623,#5631,#5632,#5633));
#5623 = ORIENTED_EDGE('',*,*,#5624,.F.);
#5624 = EDGE_CURVE('',#1605,#5625,#5627,.T.);
#5625 = VERTEX_POINT('',#5626);
#5626 = CARTESIAN_POINT('',(19.825,15.325,10.5));
#5627 = LINE('',#5628,#5629);
#5628 = CARTESIAN_POINT('',(19.825,15.325,2.));
#5629 = VECTOR('',#5630,1.);
#5630 = DIRECTION('',(0.,0.,1.));
#5631 = ORIENTED_EDGE('',*,*,#1604,.T.);
#5632 = ORIENTED_EDGE('',*,*,#5586,.T.);
#5633 = ORIENTED_EDGE('',*,*,#5634,.T.);
#5634 = EDGE_CURVE('',#5577,#5625,#5635,.T.);
#5635 = LINE('',#5636,#5637);
#5636 = CARTESIAN_POINT('',(18.175,15.325,10.5));
#5637 = VECTOR('',#5638,1.);
#5638 = DIRECTION('',(1.,0.,-0.));
#5639 = PLANE('',#5640);
#5640 = AXIS2_PLACEMENT_3D('',#5641,#5642,#5643);
#5641 = CARTESIAN_POINT('',(18.175,15.325,2.));
#5642 = DIRECTION('',(-0.,1.,0.));
#5643 = DIRECTION('',(0.,0.,1.));
#5644 = ADVANCED_FACE('',(#5645),#5663,.T.);
#5645 = FACE_BOUND('',#5646,.T.);
#5646 = EDGE_LOOP('',(#5647,#5648,#5649,#5657));
#5647 = ORIENTED_EDGE('',*,*,#5610,.F.);
#5648 = ORIENTED_EDGE('',*,*,#1628,.T.);
#5649 = ORIENTED_EDGE('',*,*,#5650,.T.);
#5650 = EDGE_CURVE('',#1621,#5651,#5653,.T.);
#5651 = VERTEX_POINT('',#5652);
#5652 = CARTESIAN_POINT('',(21.325,13.825,10.5));
#5653 = LINE('',#5654,#5655);
#5654 = CARTESIAN_POINT('',(21.325,13.825,2.));
#5655 = VECTOR('',#5656,1.);
#5656 = DIRECTION('',(0.,0.,1.));
#5657 = ORIENTED_EDGE('',*,*,#5658,.F.);
#5658 = EDGE_CURVE('',#5603,#5651,#5659,.T.);
#5659 = LINE('',#5660,#5661);
#5660 = CARTESIAN_POINT('',(21.325,12.175,10.5));
#5661 = VECTOR('',#5662,1.);
#5662 = DIRECTION('',(-0.,1.,0.));
#5663 = PLANE('',#5664);
#5664 = AXIS2_PLACEMENT_3D('',#5665,#5666,#5667);
#5665 = CARTESIAN_POINT('',(21.325,12.175,2.));
#5666 = DIRECTION('',(1.,0.,-0.));
#5667 = DIRECTION('',(0.,0.,1.));
#5668 = ADVANCED_FACE('',(#5669),#5687,.T.);
#5669 = FACE_BOUND('',#5670,.T.);
#5670 = EDGE_LOOP('',(#5671,#5679,#5685,#5686));
#5671 = ORIENTED_EDGE('',*,*,#5672,.F.);
#5672 = EDGE_CURVE('',#5673,#5625,#5675,.T.);
#5673 = VERTEX_POINT('',#5674);
#5674 = CARTESIAN_POINT('',(19.825,13.825,10.5));
#5675 = LINE('',#5676,#5677);
#5676 = CARTESIAN_POINT('',(19.825,10.675,10.5));
#5677 = VECTOR('',#5678,1.);
#5678 = DIRECTION('',(-0.,1.,0.));
#5679 = ORIENTED_EDGE('',*,*,#5680,.T.);
#5680 = EDGE_CURVE('',#5673,#1613,#5681,.T.);
#5681 = LINE('',#5682,#5683);
#5682 = CARTESIAN_POINT('',(19.825,13.825,2.));
#5683 = VECTOR('',#5684,1.);
#5684 = DIRECTION('',(-0.,0.,-1.));
#5685 = ORIENTED_EDGE('',*,*,#1612,.T.);
#5686 = ORIENTED_EDGE('',*,*,#5624,.T.);
#5687 = PLANE('',#5688);
#5688 = AXIS2_PLACEMENT_3D('',#5689,#5690,#5691);
#5689 = CARTESIAN_POINT('',(19.825,10.675,2.));
#5690 = DIRECTION('',(1.,0.,-0.));
#5691 = DIRECTION('',(0.,0.,1.));
#5692 = ADVANCED_FACE('',(#5693),#5704,.T.);
#5693 = FACE_BOUND('',#5694,.T.);
#5694 = EDGE_LOOP('',(#5695,#5696,#5697,#5703));
#5695 = ORIENTED_EDGE('',*,*,#1620,.T.);
#5696 = ORIENTED_EDGE('',*,*,#5680,.F.);
#5697 = ORIENTED_EDGE('',*,*,#5698,.T.);
#5698 = EDGE_CURVE('',#5673,#5651,#5699,.T.);
#5699 = LINE('',#5700,#5701);
#5700 = CARTESIAN_POINT('',(16.675,13.825,10.5));
#5701 = VECTOR('',#5702,1.);
#5702 = DIRECTION('',(1.,0.,-0.));
#5703 = ORIENTED_EDGE('',*,*,#5650,.F.);
#5704 = PLANE('',#5705);
#5705 = AXIS2_PLACEMENT_3D('',#5706,#5707,#5708);
#5706 = CARTESIAN_POINT('',(16.675,13.825,2.));
#5707 = DIRECTION('',(-0.,1.,0.));
#5708 = DIRECTION('',(0.,0.,1.));
#5709 = ADVANCED_FACE('',(#5710),#5735,.F.);
#5710 = FACE_BOUND('',#5711,.F.);
#5711 = EDGE_LOOP('',(#5712,#5713,#5721,#5729));
#5712 = ORIENTED_EDGE('',*,*,#1668,.T.);
#5713 = ORIENTED_EDGE('',*,*,#5714,.T.);
#5714 = EDGE_CURVE('',#1671,#5715,#5717,.T.);
#5715 = VERTEX_POINT('',#5716);
#5716 = CARTESIAN_POINT('',(28.65,12.15,10.5));
#5717 = LINE('',#5718,#5719);
#5718 = CARTESIAN_POINT('',(28.65,12.15,2.));
#5719 = VECTOR('',#5720,1.);
#5720 = DIRECTION('',(0.,0.,1.));
#5721 = ORIENTED_EDGE('',*,*,#5722,.T.);
#5722 = EDGE_CURVE('',#5715,#5723,#5725,.T.);
#5723 = VERTEX_POINT('',#5724);
#5724 = CARTESIAN_POINT('',(30.15,12.15,10.5));
#5725 = LINE('',#5726,#5727);
#5726 = CARTESIAN_POINT('',(28.65,12.15,10.5));
#5727 = VECTOR('',#5728,1.);
#5728 = DIRECTION('',(1.,0.,-0.));
#5729 = ORIENTED_EDGE('',*,*,#5730,.T.);
#5730 = EDGE_CURVE('',#5723,#1669,#5731,.T.);
#5731 = LINE('',#5732,#5733);
#5732 = CARTESIAN_POINT('',(30.15,12.15,2.));
#5733 = VECTOR('',#5734,1.);
#5734 = DIRECTION('',(-0.,0.,-1.));
#5735 = PLANE('',#5736);
#5736 = AXIS2_PLACEMENT_3D('',#5737,#5738,#5739);
#5737 = CARTESIAN_POINT('',(28.65,12.15,2.));
#5738 = DIRECTION('',(-0.,1.,0.));
#5739 = DIRECTION('',(0.,0.,1.));
#5740 = ADVANCED_FACE('',(#5741),#5759,.F.);
#5741 = FACE_BOUND('',#5742,.F.);
#5742 = EDGE_LOOP('',(#5743,#5751,#5757,#5758));
#5743 = ORIENTED_EDGE('',*,*,#5744,.F.);
#5744 = EDGE_CURVE('',#5745,#5723,#5747,.T.);
#5745 = VERTEX_POINT('',#5746);
#5746 = CARTESIAN_POINT('',(30.15,10.65,10.5));
#5747 = LINE('',#5748,#5749);
#5748 = CARTESIAN_POINT('',(30.15,10.65,10.5));
#5749 = VECTOR('',#5750,1.);
#5750 = DIRECTION('',(-0.,1.,0.));
#5751 = ORIENTED_EDGE('',*,*,#5752,.F.);
#5752 = EDGE_CURVE('',#1751,#5745,#5753,.T.);
#5753 = LINE('',#5754,#5755);
#5754 = CARTESIAN_POINT('',(30.15,10.65,2.));
#5755 = VECTOR('',#5756,1.);
#5756 = DIRECTION('',(0.,0.,1.));
#5757 = ORIENTED_EDGE('',*,*,#1758,.T.);
#5758 = ORIENTED_EDGE('',*,*,#5730,.F.);
#5759 = PLANE('',#5760);
#5760 = AXIS2_PLACEMENT_3D('',#5761,#5762,#5763);
#5761 = CARTESIAN_POINT('',(30.15,10.65,2.));
#5762 = DIRECTION('',(1.,0.,-0.));
#5763 = DIRECTION('',(0.,0.,1.));
#5764 = ADVANCED_FACE('',(#5765),#5783,.F.);
#5765 = FACE_BOUND('',#5766,.F.);
#5766 = EDGE_LOOP('',(#5767,#5768,#5769,#5777));
#5767 = ORIENTED_EDGE('',*,*,#5714,.F.);
#5768 = ORIENTED_EDGE('',*,*,#1678,.T.);
#5769 = ORIENTED_EDGE('',*,*,#5770,.T.);
#5770 = EDGE_CURVE('',#1679,#5771,#5773,.T.);
#5771 = VERTEX_POINT('',#5772);
#5772 = CARTESIAN_POINT('',(28.65,13.85,10.5));
#5773 = LINE('',#5774,#5775);
#5774 = CARTESIAN_POINT('',(28.65,13.85,2.));
#5775 = VECTOR('',#5776,1.);
#5776 = DIRECTION('',(0.,0.,1.));
#5777 = ORIENTED_EDGE('',*,*,#5778,.F.);
#5778 = EDGE_CURVE('',#5715,#5771,#5779,.T.);
#5779 = LINE('',#5780,#5781);
#5780 = CARTESIAN_POINT('',(28.65,12.15,10.5));
#5781 = VECTOR('',#5782,1.);
#5782 = DIRECTION('',(-0.,1.,0.));
#5783 = PLANE('',#5784);
#5784 = AXIS2_PLACEMENT_3D('',#5785,#5786,#5787);
#5785 = CARTESIAN_POINT('',(28.65,12.15,2.));
#5786 = DIRECTION('',(1.,0.,-0.));
#5787 = DIRECTION('',(0.,0.,1.));
#5788 = ADVANCED_FACE('',(#5789),#5807,.F.);
#5789 = FACE_BOUND('',#5790,.F.);
#5790 = EDGE_LOOP('',(#5791,#5799,#5800,#5801));
#5791 = ORIENTED_EDGE('',*,*,#5792,.F.);
#5792 = EDGE_CURVE('',#1743,#5793,#5795,.T.);
#5793 = VERTEX_POINT('',#5794);
#5794 = CARTESIAN_POINT('',(31.85,10.65,10.5));
#5795 = LINE('',#5796,#5797);
#5796 = CARTESIAN_POINT('',(31.85,10.65,2.));
#5797 = VECTOR('',#5798,1.);
#5798 = DIRECTION('',(0.,0.,1.));
#5799 = ORIENTED_EDGE('',*,*,#1750,.T.);
#5800 = ORIENTED_EDGE('',*,*,#5752,.T.);
#5801 = ORIENTED_EDGE('',*,*,#5802,.T.);
#5802 = EDGE_CURVE('',#5745,#5793,#5803,.T.);
#5803 = LINE('',#5804,#5805);
#5804 = CARTESIAN_POINT('',(30.15,10.65,10.5));
#5805 = VECTOR('',#5806,1.);
#5806 = DIRECTION('',(1.,0.,-0.));
#5807 = PLANE('',#5808);
#5808 = AXIS2_PLACEMENT_3D('',#5809,#5810,#5811);
#5809 = CARTESIAN_POINT('',(30.15,10.65,2.));
#5810 = DIRECTION('',(-0.,1.,0.));
#5811 = DIRECTION('',(0.,0.,1.));
#5812 = ADVANCED_FACE('',(#5813),#5831,.T.);
#5813 = FACE_BOUND('',#5814,.T.);
#5814 = EDGE_LOOP('',(#5815,#5816,#5817,#5825));
#5815 = ORIENTED_EDGE('',*,*,#1686,.T.);
#5816 = ORIENTED_EDGE('',*,*,#5770,.T.);
#5817 = ORIENTED_EDGE('',*,*,#5818,.T.);
#5818 = EDGE_CURVE('',#5771,#5819,#5821,.T.);
#5819 = VERTEX_POINT('',#5820);
#5820 = CARTESIAN_POINT('',(30.15,13.85,10.5));
#5821 = LINE('',#5822,#5823);
#5822 = CARTESIAN_POINT('',(28.65,13.85,10.5));
#5823 = VECTOR('',#5824,1.);
#5824 = DIRECTION('',(1.,0.,-0.));
#5825 = ORIENTED_EDGE('',*,*,#5826,.T.);
#5826 = EDGE_CURVE('',#5819,#1687,#5827,.T.);
#5827 = LINE('',#5828,#5829);
#5828 = CARTESIAN_POINT('',(30.15,13.85,2.));
#5829 = VECTOR('',#5830,1.);
#5830 = DIRECTION('',(-0.,0.,-1.));
#5831 = PLANE('',#5832);
#5832 = AXIS2_PLACEMENT_3D('',#5833,#5834,#5835);
#5833 = CARTESIAN_POINT('',(28.65,13.85,2.));
#5834 = DIRECTION('',(-0.,1.,0.));
#5835 = DIRECTION('',(0.,0.,1.));
#5836 = ADVANCED_FACE('',(#5837),#5855,.T.);
#5837 = FACE_BOUND('',#5838,.T.);
#5838 = EDGE_LOOP('',(#5839,#5847,#5848,#5849));
#5839 = ORIENTED_EDGE('',*,*,#5840,.F.);
#5840 = EDGE_CURVE('',#5793,#5841,#5843,.T.);
#5841 = VERTEX_POINT('',#5842);
#5842 = CARTESIAN_POINT('',(31.85,12.15,10.5));
#5843 = LINE('',#5844,#5845);
#5844 = CARTESIAN_POINT('',(31.85,10.65,10.5));
#5845 = VECTOR('',#5846,1.);
#5846 = DIRECTION('',(-0.,1.,0.));
#5847 = ORIENTED_EDGE('',*,*,#5792,.F.);
#5848 = ORIENTED_EDGE('',*,*,#1742,.T.);
#5849 = ORIENTED_EDGE('',*,*,#5850,.F.);
#5850 = EDGE_CURVE('',#5841,#1735,#5851,.T.);
#5851 = LINE('',#5852,#5853);
#5852 = CARTESIAN_POINT('',(31.85,12.15,2.));
#5853 = VECTOR('',#5854,1.);
#5854 = DIRECTION('',(-0.,0.,-1.));
#5855 = PLANE('',#5856);
#5856 = AXIS2_PLACEMENT_3D('',#5857,#5858,#5859);
#5857 = CARTESIAN_POINT('',(31.85,10.65,2.));
#5858 = DIRECTION('',(1.,0.,-0.));
#5859 = DIRECTION('',(0.,0.,1.));
#5860 = ADVANCED_FACE('',(#5861),#5879,.F.);
#5861 = FACE_BOUND('',#5862,.F.);
#5862 = EDGE_LOOP('',(#5863,#5871,#5872,#5873));
#5863 = ORIENTED_EDGE('',*,*,#5864,.F.);
#5864 = EDGE_CURVE('',#5819,#5865,#5867,.T.);
#5865 = VERTEX_POINT('',#5866);
#5866 = CARTESIAN_POINT('',(30.15,15.35,10.5));
#5867 = LINE('',#5868,#5869);
#5868 = CARTESIAN_POINT('',(30.15,10.65,10.5));
#5869 = VECTOR('',#5870,1.);
#5870 = DIRECTION('',(-0.,1.,0.));
#5871 = ORIENTED_EDGE('',*,*,#5826,.T.);
#5872 = ORIENTED_EDGE('',*,*,#1694,.T.);
#5873 = ORIENTED_EDGE('',*,*,#5874,.T.);
#5874 = EDGE_CURVE('',#1695,#5865,#5875,.T.);
#5875 = LINE('',#5876,#5877);
#5876 = CARTESIAN_POINT('',(30.15,15.35,2.));
#5877 = VECTOR('',#5878,1.);
#5878 = DIRECTION('',(0.,0.,1.));
#5879 = PLANE('',#5880);
#5880 = AXIS2_PLACEMENT_3D('',#5881,#5882,#5883);
#5881 = CARTESIAN_POINT('',(30.15,10.65,2.));
#5882 = DIRECTION('',(1.,0.,-0.));
#5883 = DIRECTION('',(0.,0.,1.));
#5884 = ADVANCED_FACE('',(#5885),#5903,.F.);
#5885 = FACE_BOUND('',#5886,.F.);
#5886 = EDGE_LOOP('',(#5887,#5888,#5889,#5897));
#5887 = ORIENTED_EDGE('',*,*,#1734,.T.);
#5888 = ORIENTED_EDGE('',*,*,#5850,.F.);
#5889 = ORIENTED_EDGE('',*,*,#5890,.T.);
#5890 = EDGE_CURVE('',#5841,#5891,#5893,.T.);
#5891 = VERTEX_POINT('',#5892);
#5892 = CARTESIAN_POINT('',(33.35,12.15,10.5));
#5893 = LINE('',#5894,#5895);
#5894 = CARTESIAN_POINT('',(28.65,12.15,10.5));
#5895 = VECTOR('',#5896,1.);
#5896 = DIRECTION('',(1.,0.,-0.));
#5897 = ORIENTED_EDGE('',*,*,#5898,.F.);
#5898 = EDGE_CURVE('',#1727,#5891,#5899,.T.);
#5899 = LINE('',#5900,#5901);
#5900 = CARTESIAN_POINT('',(33.35,12.15,2.));
#5901 = VECTOR('',#5902,1.);
#5902 = DIRECTION('',(0.,0.,1.));
#5903 = PLANE('',#5904);
#5904 = AXIS2_PLACEMENT_3D('',#5905,#5906,#5907);
#5905 = CARTESIAN_POINT('',(28.65,12.15,2.));
#5906 = DIRECTION('',(-0.,1.,0.));
#5907 = DIRECTION('',(0.,0.,1.));
#5908 = ADVANCED_FACE('',(#5909),#5927,.T.);
#5909 = FACE_BOUND('',#5910,.T.);
#5910 = EDGE_LOOP('',(#5911,#5919,#5920,#5921));
#5911 = ORIENTED_EDGE('',*,*,#5912,.F.);
#5912 = EDGE_CURVE('',#1703,#5913,#5915,.T.);
#5913 = VERTEX_POINT('',#5914);
#5914 = CARTESIAN_POINT('',(31.85,15.35,10.5));
#5915 = LINE('',#5916,#5917);
#5916 = CARTESIAN_POINT('',(31.85,15.35,2.));
#5917 = VECTOR('',#5918,1.);
#5918 = DIRECTION('',(0.,0.,1.));
#5919 = ORIENTED_EDGE('',*,*,#1702,.T.);
#5920 = ORIENTED_EDGE('',*,*,#5874,.T.);
#5921 = ORIENTED_EDGE('',*,*,#5922,.T.);
#5922 = EDGE_CURVE('',#5865,#5913,#5923,.T.);
#5923 = LINE('',#5924,#5925);
#5924 = CARTESIAN_POINT('',(30.15,15.35,10.5));
#5925 = VECTOR('',#5926,1.);
#5926 = DIRECTION('',(1.,0.,-0.));
#5927 = PLANE('',#5928);
#5928 = AXIS2_PLACEMENT_3D('',#5929,#5930,#5931);
#5929 = CARTESIAN_POINT('',(30.15,15.35,2.));
#5930 = DIRECTION('',(-0.,1.,0.));
#5931 = DIRECTION('',(0.,0.,1.));
#5932 = ADVANCED_FACE('',(#5933),#5951,.T.);
#5933 = FACE_BOUND('',#5934,.T.);
#5934 = EDGE_LOOP('',(#5935,#5936,#5937,#5945));
#5935 = ORIENTED_EDGE('',*,*,#5898,.F.);
#5936 = ORIENTED_EDGE('',*,*,#1726,.T.);
#5937 = ORIENTED_EDGE('',*,*,#5938,.T.);
#5938 = EDGE_CURVE('',#1719,#5939,#5941,.T.);
#5939 = VERTEX_POINT('',#5940);
#5940 = CARTESIAN_POINT('',(33.35,13.85,10.5));
#5941 = LINE('',#5942,#5943);
#5942 = CARTESIAN_POINT('',(33.35,13.85,2.));
#5943 = VECTOR('',#5944,1.);
#5944 = DIRECTION('',(0.,0.,1.));
#5945 = ORIENTED_EDGE('',*,*,#5946,.F.);
#5946 = EDGE_CURVE('',#5891,#5939,#5947,.T.);
#5947 = LINE('',#5948,#5949);
#5948 = CARTESIAN_POINT('',(33.35,12.15,10.5));
#5949 = VECTOR('',#5950,1.);
#5950 = DIRECTION('',(-0.,1.,0.));
#5951 = PLANE('',#5952);
#5952 = AXIS2_PLACEMENT_3D('',#5953,#5954,#5955);
#5953 = CARTESIAN_POINT('',(33.35,12.15,2.));
#5954 = DIRECTION('',(1.,0.,-0.));
#5955 = DIRECTION('',(0.,0.,1.));
#5956 = ADVANCED_FACE('',(#5957),#5975,.T.);
#5957 = FACE_BOUND('',#5958,.T.);
#5958 = EDGE_LOOP('',(#5959,#5967,#5973,#5974));
#5959 = ORIENTED_EDGE('',*,*,#5960,.F.);
#5960 = EDGE_CURVE('',#5961,#5913,#5963,.T.);
#5961 = VERTEX_POINT('',#5962);
#5962 = CARTESIAN_POINT('',(31.85,13.85,10.5));
#5963 = LINE('',#5964,#5965);
#5964 = CARTESIAN_POINT('',(31.85,10.65,10.5));
#5965 = VECTOR('',#5966,1.);
#5966 = DIRECTION('',(-0.,1.,0.));
#5967 = ORIENTED_EDGE('',*,*,#5968,.T.);
#5968 = EDGE_CURVE('',#5961,#1711,#5969,.T.);
#5969 = LINE('',#5970,#5971);
#5970 = CARTESIAN_POINT('',(31.85,13.85,2.));
#5971 = VECTOR('',#5972,1.);
#5972 = DIRECTION('',(-0.,0.,-1.));
#5973 = ORIENTED_EDGE('',*,*,#1710,.T.);
#5974 = ORIENTED_EDGE('',*,*,#5912,.T.);
#5975 = PLANE('',#5976);
#5976 = AXIS2_PLACEMENT_3D('',#5977,#5978,#5979);
#5977 = CARTESIAN_POINT('',(31.85,10.65,2.));
#5978 = DIRECTION('',(1.,0.,-0.));
#5979 = DIRECTION('',(0.,0.,1.));
#5980 = ADVANCED_FACE('',(#5981),#5992,.T.);
#5981 = FACE_BOUND('',#5982,.T.);
#5982 = EDGE_LOOP('',(#5983,#5984,#5985,#5991));
#5983 = ORIENTED_EDGE('',*,*,#1718,.T.);
#5984 = ORIENTED_EDGE('',*,*,#5968,.F.);
#5985 = ORIENTED_EDGE('',*,*,#5986,.T.);
#5986 = EDGE_CURVE('',#5961,#5939,#5987,.T.);
#5987 = LINE('',#5988,#5989);
#5988 = CARTESIAN_POINT('',(28.65,13.85,10.5));
#5989 = VECTOR('',#5990,1.);
#5990 = DIRECTION('',(1.,0.,-0.));
#5991 = ORIENTED_EDGE('',*,*,#5938,.F.);
#5992 = PLANE('',#5993);
#5993 = AXIS2_PLACEMENT_3D('',#5994,#5995,#5996);
#5994 = CARTESIAN_POINT('',(28.65,13.85,2.));
#5995 = DIRECTION('',(-0.,1.,0.));
#5996 = DIRECTION('',(0.,0.,1.));
#5997 = ADVANCED_FACE('',(#5998),#6023,.F.);
#5998 = FACE_BOUND('',#5999,.F.);
#5999 = EDGE_LOOP('',(#6000,#6001,#6009,#6017));
#6000 = ORIENTED_EDGE('',*,*,#1766,.T.);
#6001 = ORIENTED_EDGE('',*,*,#6002,.T.);
#6002 = EDGE_CURVE('',#1769,#6003,#6005,.T.);
#6003 = VERTEX_POINT('',#6004);
#6004 = CARTESIAN_POINT('',(40.625,12.125,10.5));
#6005 = LINE('',#6006,#6007);
#6006 = CARTESIAN_POINT('',(40.625,12.125,2.));
#6007 = VECTOR('',#6008,1.);
#6008 = DIRECTION('',(0.,0.,1.));
#6009 = ORIENTED_EDGE('',*,*,#6010,.T.);
#6010 = EDGE_CURVE('',#6003,#6011,#6013,.T.);
#6011 = VERTEX_POINT('',#6012);
#6012 = CARTESIAN_POINT('',(42.125,12.125,10.5));
#6013 = LINE('',#6014,#6015);
#6014 = CARTESIAN_POINT('',(40.625,12.125,10.5));
#6015 = VECTOR('',#6016,1.);
#6016 = DIRECTION('',(1.,0.,-0.));
#6017 = ORIENTED_EDGE('',*,*,#6018,.T.);
#6018 = EDGE_CURVE('',#6011,#1767,#6019,.T.);
#6019 = LINE('',#6020,#6021);
#6020 = CARTESIAN_POINT('',(42.125,12.125,2.));
#6021 = VECTOR('',#6022,1.);
#6022 = DIRECTION('',(-0.,0.,-1.));
#6023 = PLANE('',#6024);
#6024 = AXIS2_PLACEMENT_3D('',#6025,#6026,#6027);
#6025 = CARTESIAN_POINT('',(40.625,12.125,2.));
#6026 = DIRECTION('',(-0.,1.,0.));
#6027 = DIRECTION('',(0.,0.,1.));
#6028 = ADVANCED_FACE('',(#6029),#6047,.F.);
#6029 = FACE_BOUND('',#6030,.F.);
#6030 = EDGE_LOOP('',(#6031,#6039,#6045,#6046));
#6031 = ORIENTED_EDGE('',*,*,#6032,.F.);
#6032 = EDGE_CURVE('',#6033,#6011,#6035,.T.);
#6033 = VERTEX_POINT('',#6034);
#6034 = CARTESIAN_POINT('',(42.125,10.625,10.5));
#6035 = LINE('',#6036,#6037);
#6036 = CARTESIAN_POINT('',(42.125,10.625,10.5));
#6037 = VECTOR('',#6038,1.);
#6038 = DIRECTION('',(-0.,1.,0.));
#6039 = ORIENTED_EDGE('',*,*,#6040,.F.);
#6040 = EDGE_CURVE('',#1849,#6033,#6041,.T.);
#6041 = LINE('',#6042,#6043);
#6042 = CARTESIAN_POINT('',(42.125,10.625,2.));
#6043 = VECTOR('',#6044,1.);
#6044 = DIRECTION('',(0.,0.,1.));
#6045 = ORIENTED_EDGE('',*,*,#1856,.T.);
#6046 = ORIENTED_EDGE('',*,*,#6018,.F.);
#6047 = PLANE('',#6048);
#6048 = AXIS2_PLACEMENT_3D('',#6049,#6050,#6051);
#6049 = CARTESIAN_POINT('',(42.125,10.625,2.));
#6050 = DIRECTION('',(1.,0.,-0.));
#6051 = DIRECTION('',(0.,0.,1.));
#6052 = ADVANCED_FACE('',(#6053),#6071,.F.);
#6053 = FACE_BOUND('',#6054,.F.);
#6054 = EDGE_LOOP('',(#6055,#6056,#6057,#6065));
#6055 = ORIENTED_EDGE('',*,*,#6002,.F.);
#6056 = ORIENTED_EDGE('',*,*,#1776,.T.);
#6057 = ORIENTED_EDGE('',*,*,#6058,.T.);
#6058 = EDGE_CURVE('',#1777,#6059,#6061,.T.);
#6059 = VERTEX_POINT('',#6060);
#6060 = CARTESIAN_POINT('',(40.625,13.875,10.5));
#6061 = LINE('',#6062,#6063);
#6062 = CARTESIAN_POINT('',(40.625,13.875,2.));
#6063 = VECTOR('',#6064,1.);
#6064 = DIRECTION('',(0.,0.,1.));
#6065 = ORIENTED_EDGE('',*,*,#6066,.F.);
#6066 = EDGE_CURVE('',#6003,#6059,#6067,.T.);
#6067 = LINE('',#6068,#6069);
#6068 = CARTESIAN_POINT('',(40.625,12.125,10.5));
#6069 = VECTOR('',#6070,1.);
#6070 = DIRECTION('',(-0.,1.,0.));
#6071 = PLANE('',#6072);
#6072 = AXIS2_PLACEMENT_3D('',#6073,#6074,#6075);
#6073 = CARTESIAN_POINT('',(40.625,12.125,2.));
#6074 = DIRECTION('',(1.,0.,-0.));
#6075 = DIRECTION('',(0.,0.,1.));
#6076 = ADVANCED_FACE('',(#6077),#6095,.F.);
#6077 = FACE_BOUND('',#6078,.F.);
#6078 = EDGE_LOOP('',(#6079,#6087,#6088,#6089));
#6079 = ORIENTED_EDGE('',*,*,#6080,.F.);
#6080 = EDGE_CURVE('',#1841,#6081,#6083,.T.);
#6081 = VERTEX_POINT('',#6082);
#6082 = CARTESIAN_POINT('',(43.875,10.625,10.5));
#6083 = LINE('',#6084,#6085);
#6084 = CARTESIAN_POINT('',(43.875,10.625,2.));
#6085 = VECTOR('',#6086,1.);
#6086 = DIRECTION('',(0.,0.,1.));
#6087 = ORIENTED_EDGE('',*,*,#1848,.T.);
#6088 = ORIENTED_EDGE('',*,*,#6040,.T.);
#6089 = ORIENTED_EDGE('',*,*,#6090,.T.);
#6090 = EDGE_CURVE('',#6033,#6081,#6091,.T.);
#6091 = LINE('',#6092,#6093);
#6092 = CARTESIAN_POINT('',(42.125,10.625,10.5));
#6093 = VECTOR('',#6094,1.);
#6094 = DIRECTION('',(1.,0.,-0.));
#6095 = PLANE('',#6096);
#6096 = AXIS2_PLACEMENT_3D('',#6097,#6098,#6099);
#6097 = CARTESIAN_POINT('',(42.125,10.625,2.));
#6098 = DIRECTION('',(-0.,1.,0.));
#6099 = DIRECTION('',(0.,0.,1.));
#6100 = ADVANCED_FACE('',(#6101),#6119,.T.);
#6101 = FACE_BOUND('',#6102,.T.);
#6102 = EDGE_LOOP('',(#6103,#6104,#6105,#6113));
#6103 = ORIENTED_EDGE('',*,*,#1784,.T.);
#6104 = ORIENTED_EDGE('',*,*,#6058,.T.);
#6105 = ORIENTED_EDGE('',*,*,#6106,.T.);
#6106 = EDGE_CURVE('',#6059,#6107,#6109,.T.);
#6107 = VERTEX_POINT('',#6108);
#6108 = CARTESIAN_POINT('',(42.125,13.875,10.5));
#6109 = LINE('',#6110,#6111);
#6110 = CARTESIAN_POINT('',(40.625,13.875,10.5));
#6111 = VECTOR('',#6112,1.);
#6112 = DIRECTION('',(1.,0.,-0.));
#6113 = ORIENTED_EDGE('',*,*,#6114,.T.);
#6114 = EDGE_CURVE('',#6107,#1785,#6115,.T.);
#6115 = LINE('',#6116,#6117);
#6116 = CARTESIAN_POINT('',(42.125,13.875,2.));
#6117 = VECTOR('',#6118,1.);
#6118 = DIRECTION('',(-0.,0.,-1.));
#6119 = PLANE('',#6120);
#6120 = AXIS2_PLACEMENT_3D('',#6121,#6122,#6123);
#6121 = CARTESIAN_POINT('',(40.625,13.875,2.));
#6122 = DIRECTION('',(-0.,1.,0.));
#6123 = DIRECTION('',(0.,0.,1.));
#6124 = ADVANCED_FACE('',(#6125),#6143,.T.);
#6125 = FACE_BOUND('',#6126,.T.);
#6126 = EDGE_LOOP('',(#6127,#6135,#6136,#6137));
#6127 = ORIENTED_EDGE('',*,*,#6128,.F.);
#6128 = EDGE_CURVE('',#6081,#6129,#6131,.T.);
#6129 = VERTEX_POINT('',#6130);
#6130 = CARTESIAN_POINT('',(43.875,12.125,10.5));
#6131 = LINE('',#6132,#6133);
#6132 = CARTESIAN_POINT('',(43.875,10.625,10.5));
#6133 = VECTOR('',#6134,1.);
#6134 = DIRECTION('',(-0.,1.,0.));
#6135 = ORIENTED_EDGE('',*,*,#6080,.F.);
#6136 = ORIENTED_EDGE('',*,*,#1840,.T.);
#6137 = ORIENTED_EDGE('',*,*,#6138,.F.);
#6138 = EDGE_CURVE('',#6129,#1833,#6139,.T.);
#6139 = LINE('',#6140,#6141);
#6140 = CARTESIAN_POINT('',(43.875,12.125,2.));
#6141 = VECTOR('',#6142,1.);
#6142 = DIRECTION('',(-0.,0.,-1.));
#6143 = PLANE('',#6144);
#6144 = AXIS2_PLACEMENT_3D('',#6145,#6146,#6147);
#6145 = CARTESIAN_POINT('',(43.875,10.625,2.));
#6146 = DIRECTION('',(1.,0.,-0.));
#6147 = DIRECTION('',(0.,0.,1.));
#6148 = ADVANCED_FACE('',(#6149),#6167,.F.);
#6149 = FACE_BOUND('',#6150,.F.);
#6150 = EDGE_LOOP('',(#6151,#6159,#6160,#6161));
#6151 = ORIENTED_EDGE('',*,*,#6152,.F.);
#6152 = EDGE_CURVE('',#6107,#6153,#6155,.T.);
#6153 = VERTEX_POINT('',#6154);
#6154 = CARTESIAN_POINT('',(42.125,15.375,10.5));
#6155 = LINE('',#6156,#6157);
#6156 = CARTESIAN_POINT('',(42.125,10.625,10.5));
#6157 = VECTOR('',#6158,1.);
#6158 = DIRECTION('',(-0.,1.,0.));
#6159 = ORIENTED_EDGE('',*,*,#6114,.T.);
#6160 = ORIENTED_EDGE('',*,*,#1792,.T.);
#6161 = ORIENTED_EDGE('',*,*,#6162,.T.);
#6162 = EDGE_CURVE('',#1793,#6153,#6163,.T.);
#6163 = LINE('',#6164,#6165);
#6164 = CARTESIAN_POINT('',(42.125,15.375,2.));
#6165 = VECTOR('',#6166,1.);
#6166 = DIRECTION('',(0.,0.,1.));
#6167 = PLANE('',#6168);
#6168 = AXIS2_PLACEMENT_3D('',#6169,#6170,#6171);
#6169 = CARTESIAN_POINT('',(42.125,10.625,2.));
#6170 = DIRECTION('',(1.,0.,-0.));
#6171 = DIRECTION('',(0.,0.,1.));
#6172 = ADVANCED_FACE('',(#6173),#6191,.F.);
#6173 = FACE_BOUND('',#6174,.F.);
#6174 = EDGE_LOOP('',(#6175,#6176,#6177,#6185));
#6175 = ORIENTED_EDGE('',*,*,#1832,.T.);
#6176 = ORIENTED_EDGE('',*,*,#6138,.F.);
#6177 = ORIENTED_EDGE('',*,*,#6178,.T.);
#6178 = EDGE_CURVE('',#6129,#6179,#6181,.T.);
#6179 = VERTEX_POINT('',#6180);
#6180 = CARTESIAN_POINT('',(45.375,12.125,10.5));
#6181 = LINE('',#6182,#6183);
#6182 = CARTESIAN_POINT('',(40.625,12.125,10.5));
#6183 = VECTOR('',#6184,1.);
#6184 = DIRECTION('',(1.,0.,-0.));
#6185 = ORIENTED_EDGE('',*,*,#6186,.F.);
#6186 = EDGE_CURVE('',#1825,#6179,#6187,.T.);
#6187 = LINE('',#6188,#6189);
#6188 = CARTESIAN_POINT('',(45.375,12.125,2.));
#6189 = VECTOR('',#6190,1.);
#6190 = DIRECTION('',(0.,0.,1.));
#6191 = PLANE('',#6192);
#6192 = AXIS2_PLACEMENT_3D('',#6193,#6194,#6195);
#6193 = CARTESIAN_POINT('',(40.625,12.125,2.));
#6194 = DIRECTION('',(-0.,1.,0.));
#6195 = DIRECTION('',(0.,0.,1.));
#6196 = ADVANCED_FACE('',(#6197),#6215,.T.);
#6197 = FACE_BOUND('',#6198,.T.);
#6198 = EDGE_LOOP('',(#6199,#6207,#6208,#6209));
#6199 = ORIENTED_EDGE('',*,*,#6200,.F.);
#6200 = EDGE_CURVE('',#1801,#6201,#6203,.T.);
#6201 = VERTEX_POINT('',#6202);
#6202 = CARTESIAN_POINT('',(43.875,15.375,10.5));
#6203 = LINE('',#6204,#6205);
#6204 = CARTESIAN_POINT('',(43.875,15.375,2.));
#6205 = VECTOR('',#6206,1.);
#6206 = DIRECTION('',(0.,0.,1.));
#6207 = ORIENTED_EDGE('',*,*,#1800,.T.);
#6208 = ORIENTED_EDGE('',*,*,#6162,.T.);
#6209 = ORIENTED_EDGE('',*,*,#6210,.T.);
#6210 = EDGE_CURVE('',#6153,#6201,#6211,.T.);
#6211 = LINE('',#6212,#6213);
#6212 = CARTESIAN_POINT('',(42.125,15.375,10.5));
#6213 = VECTOR('',#6214,1.);
#6214 = DIRECTION('',(1.,0.,-0.));
#6215 = PLANE('',#6216);
#6216 = AXIS2_PLACEMENT_3D('',#6217,#6218,#6219);
#6217 = CARTESIAN_POINT('',(42.125,15.375,2.));
#6218 = DIRECTION('',(-0.,1.,0.));
#6219 = DIRECTION('',(0.,0.,1.));
#6220 = ADVANCED_FACE('',(#6221),#6239,.T.);
#6221 = FACE_BOUND('',#6222,.T.);
#6222 = EDGE_LOOP('',(#6223,#6224,#6225,#6233));
#6223 = ORIENTED_EDGE('',*,*,#6186,.F.);
#6224 = ORIENTED_EDGE('',*,*,#1824,.T.);
#6225 = ORIENTED_EDGE('',*,*,#6226,.T.);
#6226 = EDGE_CURVE('',#1817,#6227,#6229,.T.);
#6227 = VERTEX_POINT('',#6228);
#6228 = CARTESIAN_POINT('',(45.375,13.875,10.5));
#6229 = LINE('',#6230,#6231);
#6230 = CARTESIAN_POINT('',(45.375,13.875,2.));
#6231 = VECTOR('',#6232,1.);
#6232 = DIRECTION('',(0.,0.,1.));
#6233 = ORIENTED_EDGE('',*,*,#6234,.F.);
#6234 = EDGE_CURVE('',#6179,#6227,#6235,.T.);
#6235 = LINE('',#6236,#6237);
#6236 = CARTESIAN_POINT('',(45.375,12.125,10.5));
#6237 = VECTOR('',#6238,1.);
#6238 = DIRECTION('',(-0.,1.,0.));
#6239 = PLANE('',#6240);
#6240 = AXIS2_PLACEMENT_3D('',#6241,#6242,#6243);
#6241 = CARTESIAN_POINT('',(45.375,12.125,2.));
#6242 = DIRECTION('',(1.,0.,-0.));
#6243 = DIRECTION('',(0.,0.,1.));
#6244 = ADVANCED_FACE('',(#6245),#6263,.T.);
#6245 = FACE_BOUND('',#6246,.T.);
#6246 = EDGE_LOOP('',(#6247,#6255,#6261,#6262));
#6247 = ORIENTED_EDGE('',*,*,#6248,.F.);
#6248 = EDGE_CURVE('',#6249,#6201,#6251,.T.);
#6249 = VERTEX_POINT('',#6250);
#6250 = CARTESIAN_POINT('',(43.875,13.875,10.5));
#6251 = LINE('',#6252,#6253);
#6252 = CARTESIAN_POINT('',(43.875,10.625,10.5));
#6253 = VECTOR('',#6254,1.);
#6254 = DIRECTION('',(-0.,1.,0.));
#6255 = ORIENTED_EDGE('',*,*,#6256,.T.);
#6256 = EDGE_CURVE('',#6249,#1809,#6257,.T.);
#6257 = LINE('',#6258,#6259);
#6258 = CARTESIAN_POINT('',(43.875,13.875,2.));
#6259 = VECTOR('',#6260,1.);
#6260 = DIRECTION('',(-0.,0.,-1.));
#6261 = ORIENTED_EDGE('',*,*,#1808,.T.);
#6262 = ORIENTED_EDGE('',*,*,#6200,.T.);
#6263 = PLANE('',#6264);
#6264 = AXIS2_PLACEMENT_3D('',#6265,#6266,#6267);
#6265 = CARTESIAN_POINT('',(43.875,10.625,2.));
#6266 = DIRECTION('',(1.,0.,-0.));
#6267 = DIRECTION('',(0.,0.,1.));
#6268 = ADVANCED_FACE('',(#6269),#6280,.T.);
#6269 = FACE_BOUND('',#6270,.T.);
#6270 = EDGE_LOOP('',(#6271,#6272,#6273,#6279));
#6271 = ORIENTED_EDGE('',*,*,#1816,.T.);
#6272 = ORIENTED_EDGE('',*,*,#6256,.F.);
#6273 = ORIENTED_EDGE('',*,*,#6274,.T.);
#6274 = EDGE_CURVE('',#6249,#6227,#6275,.T.);
#6275 = LINE('',#6276,#6277);
#6276 = CARTESIAN_POINT('',(40.625,13.875,10.5));
#6277 = VECTOR('',#6278,1.);
#6278 = DIRECTION('',(1.,0.,-0.));
#6279 = ORIENTED_EDGE('',*,*,#6226,.F.);
#6280 = PLANE('',#6281);
#6281 = AXIS2_PLACEMENT_3D('',#6282,#6283,#6284);
#6282 = CARTESIAN_POINT('',(40.625,13.875,2.));
#6283 = DIRECTION('',(-0.,1.,0.));
#6284 = DIRECTION('',(0.,0.,1.));
#6285 = ADVANCED_FACE('',(#6286),#6311,.F.);
#6286 = FACE_BOUND('',#6287,.F.);
#6287 = EDGE_LOOP('',(#6288,#6289,#6297,#6305));
#6288 = ORIENTED_EDGE('',*,*,#1864,.T.);
#6289 = ORIENTED_EDGE('',*,*,#6290,.T.);
#6290 = EDGE_CURVE('',#1867,#6291,#6293,.T.);
#6291 = VERTEX_POINT('',#6292);
#6292 = CARTESIAN_POINT('',(52.6,12.1,10.5));
#6293 = LINE('',#6294,#6295);
#6294 = CARTESIAN_POINT('',(52.6,12.1,2.));
#6295 = VECTOR('',#6296,1.);
#6296 = DIRECTION('',(0.,0.,1.));
#6297 = ORIENTED_EDGE('',*,*,#6298,.T.);
#6298 = EDGE_CURVE('',#6291,#6299,#6301,.T.);
#6299 = VERTEX_POINT('',#6300);
#6300 = CARTESIAN_POINT('',(54.1,12.1,10.5));
#6301 = LINE('',#6302,#6303);
#6302 = CARTESIAN_POINT('',(52.6,12.1,10.5));
#6303 = VECTOR('',#6304,1.);
#6304 = DIRECTION('',(1.,0.,-0.));
#6305 = ORIENTED_EDGE('',*,*,#6306,.T.);
#6306 = EDGE_CURVE('',#6299,#1865,#6307,.T.);
#6307 = LINE('',#6308,#6309);
#6308 = CARTESIAN_POINT('',(54.1,12.1,2.));
#6309 = VECTOR('',#6310,1.);
#6310 = DIRECTION('',(-0.,0.,-1.));
#6311 = PLANE('',#6312);
#6312 = AXIS2_PLACEMENT_3D('',#6313,#6314,#6315);
#6313 = CARTESIAN_POINT('',(52.6,12.1,2.));
#6314 = DIRECTION('',(-0.,1.,0.));
#6315 = DIRECTION('',(0.,0.,1.));
#6316 = ADVANCED_FACE('',(#6317),#6335,.F.);
#6317 = FACE_BOUND('',#6318,.F.);
#6318 = EDGE_LOOP('',(#6319,#6327,#6333,#6334));
#6319 = ORIENTED_EDGE('',*,*,#6320,.F.);
#6320 = EDGE_CURVE('',#6321,#6299,#6323,.T.);
#6321 = VERTEX_POINT('',#6322);
#6322 = CARTESIAN_POINT('',(54.1,10.6,10.5));
#6323 = LINE('',#6324,#6325);
#6324 = CARTESIAN_POINT('',(54.1,10.6,10.5));
#6325 = VECTOR('',#6326,1.);
#6326 = DIRECTION('',(-0.,1.,0.));
#6327 = ORIENTED_EDGE('',*,*,#6328,.F.);
#6328 = EDGE_CURVE('',#1947,#6321,#6329,.T.);
#6329 = LINE('',#6330,#6331);
#6330 = CARTESIAN_POINT('',(54.1,10.6,2.));
#6331 = VECTOR('',#6332,1.);
#6332 = DIRECTION('',(0.,0.,1.));
#6333 = ORIENTED_EDGE('',*,*,#1954,.T.);
#6334 = ORIENTED_EDGE('',*,*,#6306,.F.);
#6335 = PLANE('',#6336);
#6336 = AXIS2_PLACEMENT_3D('',#6337,#6338,#6339);
#6337 = CARTESIAN_POINT('',(54.1,10.6,2.));
#6338 = DIRECTION('',(1.,0.,-0.));
#6339 = DIRECTION('',(0.,0.,1.));
#6340 = ADVANCED_FACE('',(#6341),#6359,.F.);
#6341 = FACE_BOUND('',#6342,.F.);
#6342 = EDGE_LOOP('',(#6343,#6344,#6345,#6353));
#6343 = ORIENTED_EDGE('',*,*,#6290,.F.);
#6344 = ORIENTED_EDGE('',*,*,#1874,.T.);
#6345 = ORIENTED_EDGE('',*,*,#6346,.T.);
#6346 = EDGE_CURVE('',#1875,#6347,#6349,.T.);
#6347 = VERTEX_POINT('',#6348);
#6348 = CARTESIAN_POINT('',(52.6,13.9,10.5));
#6349 = LINE('',#6350,#6351);
#6350 = CARTESIAN_POINT('',(52.6,13.9,2.));
#6351 = VECTOR('',#6352,1.);
#6352 = DIRECTION('',(0.,0.,1.));
#6353 = ORIENTED_EDGE('',*,*,#6354,.F.);
#6354 = EDGE_CURVE('',#6291,#6347,#6355,.T.);
#6355 = LINE('',#6356,#6357);
#6356 = CARTESIAN_POINT('',(52.6,12.1,10.5));
#6357 = VECTOR('',#6358,1.);
#6358 = DIRECTION('',(-0.,1.,0.));
#6359 = PLANE('',#6360);
#6360 = AXIS2_PLACEMENT_3D('',#6361,#6362,#6363);
#6361 = CARTESIAN_POINT('',(52.6,12.1,2.));
#6362 = DIRECTION('',(1.,0.,-0.));
#6363 = DIRECTION('',(0.,0.,1.));
#6364 = ADVANCED_FACE('',(#6365),#6383,.F.);
#6365 = FACE_BOUND('',#6366,.F.);
#6366 = EDGE_LOOP('',(#6367,#6375,#6376,#6377));
#6367 = ORIENTED_EDGE('',*,*,#6368,.F.);
#6368 = EDGE_CURVE('',#1939,#6369,#6371,.T.);
#6369 = VERTEX_POINT('',#6370);
#6370 = CARTESIAN_POINT('',(55.9,10.6,10.5));
#6371 = LINE('',#6372,#6373);
#6372 = CARTESIAN_POINT('',(55.9,10.6,2.));
#6373 = VECTOR('',#6374,1.);
#6374 = DIRECTION('',(0.,0.,1.));
#6375 = ORIENTED_EDGE('',*,*,#1946,.T.);
#6376 = ORIENTED_EDGE('',*,*,#6328,.T.);
#6377 = ORIENTED_EDGE('',*,*,#6378,.T.);
#6378 = EDGE_CURVE('',#6321,#6369,#6379,.T.);
#6379 = LINE('',#6380,#6381);
#6380 = CARTESIAN_POINT('',(54.1,10.6,10.5));
#6381 = VECTOR('',#6382,1.);
#6382 = DIRECTION('',(1.,0.,-0.));
#6383 = PLANE('',#6384);
#6384 = AXIS2_PLACEMENT_3D('',#6385,#6386,#6387);
#6385 = CARTESIAN_POINT('',(54.1,10.6,2.));
#6386 = DIRECTION('',(-0.,1.,0.));
#6387 = DIRECTION('',(0.,0.,1.));
#6388 = ADVANCED_FACE('',(#6389),#6407,.T.);
#6389 = FACE_BOUND('',#6390,.T.);
#6390 = EDGE_LOOP('',(#6391,#6392,#6393,#6401));
#6391 = ORIENTED_EDGE('',*,*,#1882,.T.);
#6392 = ORIENTED_EDGE('',*,*,#6346,.T.);
#6393 = ORIENTED_EDGE('',*,*,#6394,.T.);
#6394 = EDGE_CURVE('',#6347,#6395,#6397,.T.);
#6395 = VERTEX_POINT('',#6396);
#6396 = CARTESIAN_POINT('',(54.1,13.9,10.5));
#6397 = LINE('',#6398,#6399);
#6398 = CARTESIAN_POINT('',(52.6,13.9,10.5));
#6399 = VECTOR('',#6400,1.);
#6400 = DIRECTION('',(1.,0.,-0.));
#6401 = ORIENTED_EDGE('',*,*,#6402,.T.);
#6402 = EDGE_CURVE('',#6395,#1883,#6403,.T.);
#6403 = LINE('',#6404,#6405);
#6404 = CARTESIAN_POINT('',(54.1,13.9,2.));
#6405 = VECTOR('',#6406,1.);
#6406 = DIRECTION('',(-0.,0.,-1.));
#6407 = PLANE('',#6408);
#6408 = AXIS2_PLACEMENT_3D('',#6409,#6410,#6411);
#6409 = CARTESIAN_POINT('',(52.6,13.9,2.));
#6410 = DIRECTION('',(-0.,1.,0.));
#6411 = DIRECTION('',(0.,0.,1.));
#6412 = ADVANCED_FACE('',(#6413),#6431,.T.);
#6413 = FACE_BOUND('',#6414,.T.);
#6414 = EDGE_LOOP('',(#6415,#6423,#6424,#6425));
#6415 = ORIENTED_EDGE('',*,*,#6416,.F.);
#6416 = EDGE_CURVE('',#6369,#6417,#6419,.T.);
#6417 = VERTEX_POINT('',#6418);
#6418 = CARTESIAN_POINT('',(55.9,12.1,10.5));
#6419 = LINE('',#6420,#6421);
#6420 = CARTESIAN_POINT('',(55.9,10.6,10.5));
#6421 = VECTOR('',#6422,1.);
#6422 = DIRECTION('',(-0.,1.,0.));
#6423 = ORIENTED_EDGE('',*,*,#6368,.F.);
#6424 = ORIENTED_EDGE('',*,*,#1938,.T.);
#6425 = ORIENTED_EDGE('',*,*,#6426,.F.);
#6426 = EDGE_CURVE('',#6417,#1931,#6427,.T.);
#6427 = LINE('',#6428,#6429);
#6428 = CARTESIAN_POINT('',(55.9,12.1,2.));
#6429 = VECTOR('',#6430,1.);
#6430 = DIRECTION('',(-0.,0.,-1.));
#6431 = PLANE('',#6432);
#6432 = AXIS2_PLACEMENT_3D('',#6433,#6434,#6435);
#6433 = CARTESIAN_POINT('',(55.9,10.6,2.));
#6434 = DIRECTION('',(1.,0.,-0.));
#6435 = DIRECTION('',(0.,0.,1.));
#6436 = ADVANCED_FACE('',(#6437),#6455,.F.);
#6437 = FACE_BOUND('',#6438,.F.);
#6438 = EDGE_LOOP('',(#6439,#6447,#6448,#6449));
#6439 = ORIENTED_EDGE('',*,*,#6440,.F.);
#6440 = EDGE_CURVE('',#6395,#6441,#6443,.T.);
#6441 = VERTEX_POINT('',#6442);
#6442 = CARTESIAN_POINT('',(54.1,15.4,10.5));
#6443 = LINE('',#6444,#6445);
#6444 = CARTESIAN_POINT('',(54.1,10.6,10.5));
#6445 = VECTOR('',#6446,1.);
#6446 = DIRECTION('',(-0.,1.,0.));
#6447 = ORIENTED_EDGE('',*,*,#6402,.T.);
#6448 = ORIENTED_EDGE('',*,*,#1890,.T.);
#6449 = ORIENTED_EDGE('',*,*,#6450,.T.);
#6450 = EDGE_CURVE('',#1891,#6441,#6451,.T.);
#6451 = LINE('',#6452,#6453);
#6452 = CARTESIAN_POINT('',(54.1,15.4,2.));
#6453 = VECTOR('',#6454,1.);
#6454 = DIRECTION('',(0.,0.,1.));
#6455 = PLANE('',#6456);
#6456 = AXIS2_PLACEMENT_3D('',#6457,#6458,#6459);
#6457 = CARTESIAN_POINT('',(54.1,10.6,2.));
#6458 = DIRECTION('',(1.,0.,-0.));
#6459 = DIRECTION('',(0.,0.,1.));
#6460 = ADVANCED_FACE('',(#6461),#6479,.F.);
#6461 = FACE_BOUND('',#6462,.F.);
#6462 = EDGE_LOOP('',(#6463,#6464,#6465,#6473));
#6463 = ORIENTED_EDGE('',*,*,#1930,.T.);
#6464 = ORIENTED_EDGE('',*,*,#6426,.F.);
#6465 = ORIENTED_EDGE('',*,*,#6466,.T.);
#6466 = EDGE_CURVE('',#6417,#6467,#6469,.T.);
#6467 = VERTEX_POINT('',#6468);
#6468 = CARTESIAN_POINT('',(57.4,12.1,10.5));
#6469 = LINE('',#6470,#6471);
#6470 = CARTESIAN_POINT('',(52.6,12.1,10.5));
#6471 = VECTOR('',#6472,1.);
#6472 = DIRECTION('',(1.,0.,-0.));
#6473 = ORIENTED_EDGE('',*,*,#6474,.F.);
#6474 = EDGE_CURVE('',#1923,#6467,#6475,.T.);
#6475 = LINE('',#6476,#6477);
#6476 = CARTESIAN_POINT('',(57.4,12.1,2.));
#6477 = VECTOR('',#6478,1.);
#6478 = DIRECTION('',(0.,0.,1.));
#6479 = PLANE('',#6480);
#6480 = AXIS2_PLACEMENT_3D('',#6481,#6482,#6483);
#6481 = CARTESIAN_POINT('',(52.6,12.1,2.));
#6482 = DIRECTION('',(-0.,1.,0.));
#6483 = DIRECTION('',(0.,0.,1.));
#6484 = ADVANCED_FACE('',(#6485),#6503,.T.);
#6485 = FACE_BOUND('',#6486,.T.);
#6486 = EDGE_LOOP('',(#6487,#6495,#6496,#6497));
#6487 = ORIENTED_EDGE('',*,*,#6488,.F.);
#6488 = EDGE_CURVE('',#1899,#6489,#6491,.T.);
#6489 = VERTEX_POINT('',#6490);
#6490 = CARTESIAN_POINT('',(55.9,15.4,10.5));
#6491 = LINE('',#6492,#6493);
#6492 = CARTESIAN_POINT('',(55.9,15.4,2.));
#6493 = VECTOR('',#6494,1.);
#6494 = DIRECTION('',(0.,0.,1.));
#6495 = ORIENTED_EDGE('',*,*,#1898,.T.);
#6496 = ORIENTED_EDGE('',*,*,#6450,.T.);
#6497 = ORIENTED_EDGE('',*,*,#6498,.T.);
#6498 = EDGE_CURVE('',#6441,#6489,#6499,.T.);
#6499 = LINE('',#6500,#6501);
#6500 = CARTESIAN_POINT('',(54.1,15.4,10.5));
#6501 = VECTOR('',#6502,1.);
#6502 = DIRECTION('',(1.,0.,-0.));
#6503 = PLANE('',#6504);
#6504 = AXIS2_PLACEMENT_3D('',#6505,#6506,#6507);
#6505 = CARTESIAN_POINT('',(54.1,15.4,2.));
#6506 = DIRECTION('',(-0.,1.,0.));
#6507 = DIRECTION('',(0.,0.,1.));
#6508 = ADVANCED_FACE('',(#6509),#6527,.T.);
#6509 = FACE_BOUND('',#6510,.T.);
#6510 = EDGE_LOOP('',(#6511,#6512,#6513,#6521));
#6511 = ORIENTED_EDGE('',*,*,#6474,.F.);
#6512 = ORIENTED_EDGE('',*,*,#1922,.T.);
#6513 = ORIENTED_EDGE('',*,*,#6514,.T.);
#6514 = EDGE_CURVE('',#1915,#6515,#6517,.T.);
#6515 = VERTEX_POINT('',#6516);
#6516 = CARTESIAN_POINT('',(57.4,13.9,10.5));
#6517 = LINE('',#6518,#6519);
#6518 = CARTESIAN_POINT('',(57.4,13.9,2.));
#6519 = VECTOR('',#6520,1.);
#6520 = DIRECTION('',(0.,0.,1.));
#6521 = ORIENTED_EDGE('',*,*,#6522,.F.);
#6522 = EDGE_CURVE('',#6467,#6515,#6523,.T.);
#6523 = LINE('',#6524,#6525);
#6524 = CARTESIAN_POINT('',(57.4,12.1,10.5));
#6525 = VECTOR('',#6526,1.);
#6526 = DIRECTION('',(-0.,1.,0.));
#6527 = PLANE('',#6528);
#6528 = AXIS2_PLACEMENT_3D('',#6529,#6530,#6531);
#6529 = CARTESIAN_POINT('',(57.4,12.1,2.));
#6530 = DIRECTION('',(1.,0.,-0.));
#6531 = DIRECTION('',(0.,0.,1.));
#6532 = ADVANCED_FACE('',(#6533),#6551,.T.);
#6533 = FACE_BOUND('',#6534,.T.);
#6534 = EDGE_LOOP('',(#6535,#6543,#6549,#6550));
#6535 = ORIENTED_EDGE('',*,*,#6536,.F.);
#6536 = EDGE_CURVE('',#6537,#6489,#6539,.T.);
#6537 = VERTEX_POINT('',#6538);
#6538 = CARTESIAN_POINT('',(55.9,13.9,10.5));
#6539 = LINE('',#6540,#6541);
#6540 = CARTESIAN_POINT('',(55.9,10.6,10.5));
#6541 = VECTOR('',#6542,1.);
#6542 = DIRECTION('',(-0.,1.,0.));
#6543 = ORIENTED_EDGE('',*,*,#6544,.T.);
#6544 = EDGE_CURVE('',#6537,#1907,#6545,.T.);
#6545 = LINE('',#6546,#6547);
#6546 = CARTESIAN_POINT('',(55.9,13.9,2.));
#6547 = VECTOR('',#6548,1.);
#6548 = DIRECTION('',(-0.,0.,-1.));
#6549 = ORIENTED_EDGE('',*,*,#1906,.T.);
#6550 = ORIENTED_EDGE('',*,*,#6488,.T.);
#6551 = PLANE('',#6552);
#6552 = AXIS2_PLACEMENT_3D('',#6553,#6554,#6555);
#6553 = CARTESIAN_POINT('',(55.9,10.6,2.));
#6554 = DIRECTION('',(1.,0.,-0.));
#6555 = DIRECTION('',(0.,0.,1.));
#6556 = ADVANCED_FACE('',(#6557),#6568,.T.);
#6557 = FACE_BOUND('',#6558,.T.);
#6558 = EDGE_LOOP('',(#6559,#6560,#6561,#6567));
#6559 = ORIENTED_EDGE('',*,*,#1914,.T.);
#6560 = ORIENTED_EDGE('',*,*,#6544,.F.);
#6561 = ORIENTED_EDGE('',*,*,#6562,.T.);
#6562 = EDGE_CURVE('',#6537,#6515,#6563,.T.);
#6563 = LINE('',#6564,#6565);
#6564 = CARTESIAN_POINT('',(52.6,13.9,10.5));
#6565 = VECTOR('',#6566,1.);
#6566 = DIRECTION('',(1.,0.,-0.));
#6567 = ORIENTED_EDGE('',*,*,#6514,.F.);
#6568 = PLANE('',#6569);
#6569 = AXIS2_PLACEMENT_3D('',#6570,#6571,#6572);
#6570 = CARTESIAN_POINT('',(52.6,13.9,2.));
#6571 = DIRECTION('',(-0.,1.,0.));
#6572 = DIRECTION('',(0.,0.,1.));
#6573 = ADVANCED_FACE('',(#6574),#6599,.F.);
#6574 = FACE_BOUND('',#6575,.F.);
#6575 = EDGE_LOOP('',(#6576,#6577,#6585,#6593));
#6576 = ORIENTED_EDGE('',*,*,#1962,.T.);
#6577 = ORIENTED_EDGE('',*,*,#6578,.T.);
#6578 = EDGE_CURVE('',#1965,#6579,#6581,.T.);
#6579 = VERTEX_POINT('',#6580);
#6580 = CARTESIAN_POINT('',(64.575,12.075,10.5));
#6581 = LINE('',#6582,#6583);
#6582 = CARTESIAN_POINT('',(64.575,12.075,2.));
#6583 = VECTOR('',#6584,1.);
#6584 = DIRECTION('',(0.,0.,1.));
#6585 = ORIENTED_EDGE('',*,*,#6586,.T.);
#6586 = EDGE_CURVE('',#6579,#6587,#6589,.T.);
#6587 = VERTEX_POINT('',#6588);
#6588 = CARTESIAN_POINT('',(66.075,12.075,10.5));
#6589 = LINE('',#6590,#6591);
#6590 = CARTESIAN_POINT('',(64.575,12.075,10.5));
#6591 = VECTOR('',#6592,1.);
#6592 = DIRECTION('',(1.,0.,-0.));
#6593 = ORIENTED_EDGE('',*,*,#6594,.T.);
#6594 = EDGE_CURVE('',#6587,#1963,#6595,.T.);
#6595 = LINE('',#6596,#6597);
#6596 = CARTESIAN_POINT('',(66.075,12.075,2.));
#6597 = VECTOR('',#6598,1.);
#6598 = DIRECTION('',(-0.,0.,-1.));
#6599 = PLANE('',#6600);
#6600 = AXIS2_PLACEMENT_3D('',#6601,#6602,#6603);
#6601 = CARTESIAN_POINT('',(64.575,12.075,2.));
#6602 = DIRECTION('',(-0.,1.,0.));
#6603 = DIRECTION('',(0.,0.,1.));
#6604 = ADVANCED_FACE('',(#6605),#6623,.F.);
#6605 = FACE_BOUND('',#6606,.F.);
#6606 = EDGE_LOOP('',(#6607,#6615,#6621,#6622));
#6607 = ORIENTED_EDGE('',*,*,#6608,.F.);
#6608 = EDGE_CURVE('',#6609,#6587,#6611,.T.);
#6609 = VERTEX_POINT('',#6610);
#6610 = CARTESIAN_POINT('',(66.075,10.575,10.5));
#6611 = LINE('',#6612,#6613);
#6612 = CARTESIAN_POINT('',(66.075,10.575,10.5));
#6613 = VECTOR('',#6614,1.);
#6614 = DIRECTION('',(-0.,1.,0.));
#6615 = ORIENTED_EDGE('',*,*,#6616,.F.);
#6616 = EDGE_CURVE('',#2045,#6609,#6617,.T.);
#6617 = LINE('',#6618,#6619);
#6618 = CARTESIAN_POINT('',(66.075,10.575,2.));
#6619 = VECTOR('',#6620,1.);
#6620 = DIRECTION('',(0.,0.,1.));
#6621 = ORIENTED_EDGE('',*,*,#2052,.T.);
#6622 = ORIENTED_EDGE('',*,*,#6594,.F.);
#6623 = PLANE('',#6624);
#6624 = AXIS2_PLACEMENT_3D('',#6625,#6626,#6627);
#6625 = CARTESIAN_POINT('',(66.075,10.575,2.));
#6626 = DIRECTION('',(1.,0.,-0.));
#6627 = DIRECTION('',(0.,0.,1.));
#6628 = ADVANCED_FACE('',(#6629),#6647,.F.);
#6629 = FACE_BOUND('',#6630,.F.);
#6630 = EDGE_LOOP('',(#6631,#6632,#6633,#6641));
#6631 = ORIENTED_EDGE('',*,*,#6578,.F.);
#6632 = ORIENTED_EDGE('',*,*,#1972,.T.);
#6633 = ORIENTED_EDGE('',*,*,#6634,.T.);
#6634 = EDGE_CURVE('',#1973,#6635,#6637,.T.);
#6635 = VERTEX_POINT('',#6636);
#6636 = CARTESIAN_POINT('',(64.575,13.925,10.5));
#6637 = LINE('',#6638,#6639);
#6638 = CARTESIAN_POINT('',(64.575,13.925,2.));
#6639 = VECTOR('',#6640,1.);
#6640 = DIRECTION('',(0.,0.,1.));
#6641 = ORIENTED_EDGE('',*,*,#6642,.F.);
#6642 = EDGE_CURVE('',#6579,#6635,#6643,.T.);
#6643 = LINE('',#6644,#6645);
#6644 = CARTESIAN_POINT('',(64.575,12.075,10.5));
#6645 = VECTOR('',#6646,1.);
#6646 = DIRECTION('',(-0.,1.,0.));
#6647 = PLANE('',#6648);
#6648 = AXIS2_PLACEMENT_3D('',#6649,#6650,#6651);
#6649 = CARTESIAN_POINT('',(64.575,12.075,2.));
#6650 = DIRECTION('',(1.,0.,-0.));
#6651 = DIRECTION('',(0.,0.,1.));
#6652 = ADVANCED_FACE('',(#6653),#6671,.F.);
#6653 = FACE_BOUND('',#6654,.F.);
#6654 = EDGE_LOOP('',(#6655,#6663,#6664,#6665));
#6655 = ORIENTED_EDGE('',*,*,#6656,.F.);
#6656 = EDGE_CURVE('',#2037,#6657,#6659,.T.);
#6657 = VERTEX_POINT('',#6658);
#6658 = CARTESIAN_POINT('',(67.925,10.575,10.5));
#6659 = LINE('',#6660,#6661);
#6660 = CARTESIAN_POINT('',(67.925,10.575,2.));
#6661 = VECTOR('',#6662,1.);
#6662 = DIRECTION('',(0.,0.,1.));
#6663 = ORIENTED_EDGE('',*,*,#2044,.T.);
#6664 = ORIENTED_EDGE('',*,*,#6616,.T.);
#6665 = ORIENTED_EDGE('',*,*,#6666,.T.);
#6666 = EDGE_CURVE('',#6609,#6657,#6667,.T.);
#6667 = LINE('',#6668,#6669);
#6668 = CARTESIAN_POINT('',(66.075,10.575,10.5));
#6669 = VECTOR('',#6670,1.);
#6670 = DIRECTION('',(1.,0.,-0.));
#6671 = PLANE('',#6672);
#6672 = AXIS2_PLACEMENT_3D('',#6673,#6674,#6675);
#6673 = CARTESIAN_POINT('',(66.075,10.575,2.));
#6674 = DIRECTION('',(-0.,1.,0.));
#6675 = DIRECTION('',(0.,0.,1.));
#6676 = ADVANCED_FACE('',(#6677),#6695,.T.);
#6677 = FACE_BOUND('',#6678,.T.);
#6678 = EDGE_LOOP('',(#6679,#6680,#6681,#6689));
#6679 = ORIENTED_EDGE('',*,*,#1980,.T.);
#6680 = ORIENTED_EDGE('',*,*,#6634,.T.);
#6681 = ORIENTED_EDGE('',*,*,#6682,.T.);
#6682 = EDGE_CURVE('',#6635,#6683,#6685,.T.);
#6683 = VERTEX_POINT('',#6684);
#6684 = CARTESIAN_POINT('',(66.075,13.925,10.5));
#6685 = LINE('',#6686,#6687);
#6686 = CARTESIAN_POINT('',(64.575,13.925,10.5));
#6687 = VECTOR('',#6688,1.);
#6688 = DIRECTION('',(1.,0.,-0.));
#6689 = ORIENTED_EDGE('',*,*,#6690,.T.);
#6690 = EDGE_CURVE('',#6683,#1981,#6691,.T.);
#6691 = LINE('',#6692,#6693);
#6692 = CARTESIAN_POINT('',(66.075,13.925,2.));
#6693 = VECTOR('',#6694,1.);
#6694 = DIRECTION('',(-0.,0.,-1.));
#6695 = PLANE('',#6696);
#6696 = AXIS2_PLACEMENT_3D('',#6697,#6698,#6699);
#6697 = CARTESIAN_POINT('',(64.575,13.925,2.));
#6698 = DIRECTION('',(-0.,1.,0.));
#6699 = DIRECTION('',(0.,0.,1.));
#6700 = ADVANCED_FACE('',(#6701),#6719,.T.);
#6701 = FACE_BOUND('',#6702,.T.);
#6702 = EDGE_LOOP('',(#6703,#6711,#6712,#6713));
#6703 = ORIENTED_EDGE('',*,*,#6704,.F.);
#6704 = EDGE_CURVE('',#6657,#6705,#6707,.T.);
#6705 = VERTEX_POINT('',#6706);
#6706 = CARTESIAN_POINT('',(67.925,12.075,10.5));
#6707 = LINE('',#6708,#6709);
#6708 = CARTESIAN_POINT('',(67.925,10.575,10.5));
#6709 = VECTOR('',#6710,1.);
#6710 = DIRECTION('',(-0.,1.,0.));
#6711 = ORIENTED_EDGE('',*,*,#6656,.F.);
#6712 = ORIENTED_EDGE('',*,*,#2036,.T.);
#6713 = ORIENTED_EDGE('',*,*,#6714,.F.);
#6714 = EDGE_CURVE('',#6705,#2029,#6715,.T.);
#6715 = LINE('',#6716,#6717);
#6716 = CARTESIAN_POINT('',(67.925,12.075,2.));
#6717 = VECTOR('',#6718,1.);
#6718 = DIRECTION('',(-0.,0.,-1.));
#6719 = PLANE('',#6720);
#6720 = AXIS2_PLACEMENT_3D('',#6721,#6722,#6723);
#6721 = CARTESIAN_POINT('',(67.925,10.575,2.));
#6722 = DIRECTION('',(1.,0.,-0.));
#6723 = DIRECTION('',(0.,0.,1.));
#6724 = ADVANCED_FACE('',(#6725),#6743,.F.);
#6725 = FACE_BOUND('',#6726,.F.);
#6726 = EDGE_LOOP('',(#6727,#6735,#6736,#6737));
#6727 = ORIENTED_EDGE('',*,*,#6728,.F.);
#6728 = EDGE_CURVE('',#6683,#6729,#6731,.T.);
#6729 = VERTEX_POINT('',#6730);
#6730 = CARTESIAN_POINT('',(66.075,15.425,10.5));
#6731 = LINE('',#6732,#6733);
#6732 = CARTESIAN_POINT('',(66.075,10.575,10.5));
#6733 = VECTOR('',#6734,1.);
#6734 = DIRECTION('',(-0.,1.,0.));
#6735 = ORIENTED_EDGE('',*,*,#6690,.T.);
#6736 = ORIENTED_EDGE('',*,*,#1988,.T.);
#6737 = ORIENTED_EDGE('',*,*,#6738,.T.);
#6738 = EDGE_CURVE('',#1989,#6729,#6739,.T.);
#6739 = LINE('',#6740,#6741);
#6740 = CARTESIAN_POINT('',(66.075,15.425,2.));
#6741 = VECTOR('',#6742,1.);
#6742 = DIRECTION('',(0.,0.,1.));
#6743 = PLANE('',#6744);
#6744 = AXIS2_PLACEMENT_3D('',#6745,#6746,#6747);
#6745 = CARTESIAN_POINT('',(66.075,10.575,2.));
#6746 = DIRECTION('',(1.,0.,-0.));
#6747 = DIRECTION('',(0.,0.,1.));
#6748 = ADVANCED_FACE('',(#6749),#6767,.F.);
#6749 = FACE_BOUND('',#6750,.F.);
#6750 = EDGE_LOOP('',(#6751,#6752,#6753,#6761));
#6751 = ORIENTED_EDGE('',*,*,#2028,.T.);
#6752 = ORIENTED_EDGE('',*,*,#6714,.F.);
#6753 = ORIENTED_EDGE('',*,*,#6754,.T.);
#6754 = EDGE_CURVE('',#6705,#6755,#6757,.T.);
#6755 = VERTEX_POINT('',#6756);
#6756 = CARTESIAN_POINT('',(69.425,12.075,10.5));
#6757 = LINE('',#6758,#6759);
#6758 = CARTESIAN_POINT('',(64.575,12.075,10.5));
#6759 = VECTOR('',#6760,1.);
#6760 = DIRECTION('',(1.,0.,-0.));
#6761 = ORIENTED_EDGE('',*,*,#6762,.F.);
#6762 = EDGE_CURVE('',#2021,#6755,#6763,.T.);
#6763 = LINE('',#6764,#6765);
#6764 = CARTESIAN_POINT('',(69.425,12.075,2.));
#6765 = VECTOR('',#6766,1.);
#6766 = DIRECTION('',(0.,0.,1.));
#6767 = PLANE('',#6768);
#6768 = AXIS2_PLACEMENT_3D('',#6769,#6770,#6771);
#6769 = CARTESIAN_POINT('',(64.575,12.075,2.));
#6770 = DIRECTION('',(-0.,1.,0.));
#6771 = DIRECTION('',(0.,0.,1.));
#6772 = ADVANCED_FACE('',(#6773),#6791,.T.);
#6773 = FACE_BOUND('',#6774,.T.);
#6774 = EDGE_LOOP('',(#6775,#6783,#6784,#6785));
#6775 = ORIENTED_EDGE('',*,*,#6776,.F.);
#6776 = EDGE_CURVE('',#1997,#6777,#6779,.T.);
#6777 = VERTEX_POINT('',#6778);
#6778 = CARTESIAN_POINT('',(67.925,15.425,10.5));
#6779 = LINE('',#6780,#6781);
#6780 = CARTESIAN_POINT('',(67.925,15.425,2.));
#6781 = VECTOR('',#6782,1.);
#6782 = DIRECTION('',(0.,0.,1.));
#6783 = ORIENTED_EDGE('',*,*,#1996,.T.);
#6784 = ORIENTED_EDGE('',*,*,#6738,.T.);
#6785 = ORIENTED_EDGE('',*,*,#6786,.T.);
#6786 = EDGE_CURVE('',#6729,#6777,#6787,.T.);
#6787 = LINE('',#6788,#6789);
#6788 = CARTESIAN_POINT('',(66.075,15.425,10.5));
#6789 = VECTOR('',#6790,1.);
#6790 = DIRECTION('',(1.,0.,-0.));
#6791 = PLANE('',#6792);
#6792 = AXIS2_PLACEMENT_3D('',#6793,#6794,#6795);
#6793 = CARTESIAN_POINT('',(66.075,15.425,2.));
#6794 = DIRECTION('',(-0.,1.,0.));
#6795 = DIRECTION('',(0.,0.,1.));
#6796 = ADVANCED_FACE('',(#6797),#6815,.T.);
#6797 = FACE_BOUND('',#6798,.T.);
#6798 = EDGE_LOOP('',(#6799,#6800,#6801,#6809));
#6799 = ORIENTED_EDGE('',*,*,#6762,.F.);
#6800 = ORIENTED_EDGE('',*,*,#2020,.T.);
#6801 = ORIENTED_EDGE('',*,*,#6802,.T.);
#6802 = EDGE_CURVE('',#2013,#6803,#6805,.T.);
#6803 = VERTEX_POINT('',#6804);
#6804 = CARTESIAN_POINT('',(69.425,13.925,10.5));
#6805 = LINE('',#6806,#6807);
#6806 = CARTESIAN_POINT('',(69.425,13.925,2.));
#6807 = VECTOR('',#6808,1.);
#6808 = DIRECTION('',(0.,0.,1.));
#6809 = ORIENTED_EDGE('',*,*,#6810,.F.);
#6810 = EDGE_CURVE('',#6755,#6803,#6811,.T.);
#6811 = LINE('',#6812,#6813);
#6812 = CARTESIAN_POINT('',(69.425,12.075,10.5));
#6813 = VECTOR('',#6814,1.);
#6814 = DIRECTION('',(-0.,1.,0.));
#6815 = PLANE('',#6816);
#6816 = AXIS2_PLACEMENT_3D('',#6817,#6818,#6819);
#6817 = CARTESIAN_POINT('',(69.425,12.075,2.));
#6818 = DIRECTION('',(1.,0.,-0.));
#6819 = DIRECTION('',(0.,0.,1.));
#6820 = ADVANCED_FACE('',(#6821),#6839,.T.);
#6821 = FACE_BOUND('',#6822,.T.);
#6822 = EDGE_LOOP('',(#6823,#6831,#6837,#6838));
#6823 = ORIENTED_EDGE('',*,*,#6824,.F.);
#6824 = EDGE_CURVE('',#6825,#6777,#6827,.T.);
#6825 = VERTEX_POINT('',#6826);
#6826 = CARTESIAN_POINT('',(67.925,13.925,10.5));
#6827 = LINE('',#6828,#6829);
#6828 = CARTESIAN_POINT('',(67.925,10.575,10.5));
#6829 = VECTOR('',#6830,1.);
#6830 = DIRECTION('',(-0.,1.,0.));
#6831 = ORIENTED_EDGE('',*,*,#6832,.T.);
#6832 = EDGE_CURVE('',#6825,#2005,#6833,.T.);
#6833 = LINE('',#6834,#6835);
#6834 = CARTESIAN_POINT('',(67.925,13.925,2.));
#6835 = VECTOR('',#6836,1.);
#6836 = DIRECTION('',(-0.,0.,-1.));
#6837 = ORIENTED_EDGE('',*,*,#2004,.T.);
#6838 = ORIENTED_EDGE('',*,*,#6776,.T.);
#6839 = PLANE('',#6840);
#6840 = AXIS2_PLACEMENT_3D('',#6841,#6842,#6843);
#6841 = CARTESIAN_POINT('',(67.925,10.575,2.));
#6842 = DIRECTION('',(1.,0.,-0.));
#6843 = DIRECTION('',(0.,0.,1.));
#6844 = ADVANCED_FACE('',(#6845),#6856,.T.);
#6845 = FACE_BOUND('',#6846,.T.);
#6846 = EDGE_LOOP('',(#6847,#6848,#6849,#6855));
#6847 = ORIENTED_EDGE('',*,*,#2012,.T.);
#6848 = ORIENTED_EDGE('',*,*,#6832,.F.);
#6849 = ORIENTED_EDGE('',*,*,#6850,.T.);
#6850 = EDGE_CURVE('',#6825,#6803,#6851,.T.);
#6851 = LINE('',#6852,#6853);
#6852 = CARTESIAN_POINT('',(64.575,13.925,10.5));
#6853 = VECTOR('',#6854,1.);
#6854 = DIRECTION('',(1.,0.,-0.));
#6855 = ORIENTED_EDGE('',*,*,#6802,.F.);
#6856 = PLANE('',#6857);
#6857 = AXIS2_PLACEMENT_3D('',#6858,#6859,#6860);
#6858 = CARTESIAN_POINT('',(64.575,13.925,2.));
#6859 = DIRECTION('',(-0.,1.,0.));
#6860 = DIRECTION('',(0.,0.,1.));
#6861 = ADVANCED_FACE('',(#6862),#6887,.F.);
#6862 = FACE_BOUND('',#6863,.F.);
#6863 = EDGE_LOOP('',(#6864,#6865,#6873,#6881));
#6864 = ORIENTED_EDGE('',*,*,#2060,.T.);
#6865 = ORIENTED_EDGE('',*,*,#6866,.T.);
#6866 = EDGE_CURVE('',#2063,#6867,#6869,.T.);
#6867 = VERTEX_POINT('',#6868);
#6868 = CARTESIAN_POINT('',(76.55,12.05,10.5));
#6869 = LINE('',#6870,#6871);
#6870 = CARTESIAN_POINT('',(76.55,12.05,2.));
#6871 = VECTOR('',#6872,1.);
#6872 = DIRECTION('',(0.,0.,1.));
#6873 = ORIENTED_EDGE('',*,*,#6874,.T.);
#6874 = EDGE_CURVE('',#6867,#6875,#6877,.T.);
#6875 = VERTEX_POINT('',#6876);
#6876 = CARTESIAN_POINT('',(78.05,12.05,10.5));
#6877 = LINE('',#6878,#6879);
#6878 = CARTESIAN_POINT('',(76.55,12.05,10.5));
#6879 = VECTOR('',#6880,1.);
#6880 = DIRECTION('',(1.,0.,-0.));
#6881 = ORIENTED_EDGE('',*,*,#6882,.T.);
#6882 = EDGE_CURVE('',#6875,#2061,#6883,.T.);
#6883 = LINE('',#6884,#6885);
#6884 = CARTESIAN_POINT('',(78.05,12.05,2.));
#6885 = VECTOR('',#6886,1.);
#6886 = DIRECTION('',(-0.,0.,-1.));
#6887 = PLANE('',#6888);
#6888 = AXIS2_PLACEMENT_3D('',#6889,#6890,#6891);
#6889 = CARTESIAN_POINT('',(76.55,12.05,2.));
#6890 = DIRECTION('',(-0.,1.,0.));
#6891 = DIRECTION('',(0.,0.,1.));
#6892 = ADVANCED_FACE('',(#6893),#6911,.F.);
#6893 = FACE_BOUND('',#6894,.F.);
#6894 = EDGE_LOOP('',(#6895,#6903,#6909,#6910));
#6895 = ORIENTED_EDGE('',*,*,#6896,.F.);
#6896 = EDGE_CURVE('',#6897,#6875,#6899,.T.);
#6897 = VERTEX_POINT('',#6898);
#6898 = CARTESIAN_POINT('',(78.05,10.55,10.5));
#6899 = LINE('',#6900,#6901);
#6900 = CARTESIAN_POINT('',(78.05,10.55,10.5));
#6901 = VECTOR('',#6902,1.);
#6902 = DIRECTION('',(-0.,1.,0.));
#6903 = ORIENTED_EDGE('',*,*,#6904,.F.);
#6904 = EDGE_CURVE('',#2143,#6897,#6905,.T.);
#6905 = LINE('',#6906,#6907);
#6906 = CARTESIAN_POINT('',(78.05,10.55,2.));
#6907 = VECTOR('',#6908,1.);
#6908 = DIRECTION('',(0.,0.,1.));
#6909 = ORIENTED_EDGE('',*,*,#2150,.T.);
#6910 = ORIENTED_EDGE('',*,*,#6882,.F.);
#6911 = PLANE('',#6912);
#6912 = AXIS2_PLACEMENT_3D('',#6913,#6914,#6915);
#6913 = CARTESIAN_POINT('',(78.05,10.55,2.));
#6914 = DIRECTION('',(1.,0.,-0.));
#6915 = DIRECTION('',(0.,0.,1.));
#6916 = ADVANCED_FACE('',(#6917),#6935,.F.);
#6917 = FACE_BOUND('',#6918,.F.);
#6918 = EDGE_LOOP('',(#6919,#6920,#6921,#6929));
#6919 = ORIENTED_EDGE('',*,*,#6866,.F.);
#6920 = ORIENTED_EDGE('',*,*,#2070,.T.);
#6921 = ORIENTED_EDGE('',*,*,#6922,.T.);
#6922 = EDGE_CURVE('',#2071,#6923,#6925,.T.);
#6923 = VERTEX_POINT('',#6924);
#6924 = CARTESIAN_POINT('',(76.55,13.95,10.5));
#6925 = LINE('',#6926,#6927);
#6926 = CARTESIAN_POINT('',(76.55,13.95,2.));
#6927 = VECTOR('',#6928,1.);
#6928 = DIRECTION('',(0.,0.,1.));
#6929 = ORIENTED_EDGE('',*,*,#6930,.F.);
#6930 = EDGE_CURVE('',#6867,#6923,#6931,.T.);
#6931 = LINE('',#6932,#6933);
#6932 = CARTESIAN_POINT('',(76.55,12.05,10.5));
#6933 = VECTOR('',#6934,1.);
#6934 = DIRECTION('',(-0.,1.,0.));
#6935 = PLANE('',#6936);
#6936 = AXIS2_PLACEMENT_3D('',#6937,#6938,#6939);
#6937 = CARTESIAN_POINT('',(76.55,12.05,2.));
#6938 = DIRECTION('',(1.,0.,-0.));
#6939 = DIRECTION('',(0.,0.,1.));
#6940 = ADVANCED_FACE('',(#6941),#6959,.F.);
#6941 = FACE_BOUND('',#6942,.F.);
#6942 = EDGE_LOOP('',(#6943,#6951,#6952,#6953));
#6943 = ORIENTED_EDGE('',*,*,#6944,.F.);
#6944 = EDGE_CURVE('',#2135,#6945,#6947,.T.);
#6945 = VERTEX_POINT('',#6946);
#6946 = CARTESIAN_POINT('',(79.95,10.55,10.5));
#6947 = LINE('',#6948,#6949);
#6948 = CARTESIAN_POINT('',(79.95,10.55,2.));
#6949 = VECTOR('',#6950,1.);
#6950 = DIRECTION('',(0.,0.,1.));
#6951 = ORIENTED_EDGE('',*,*,#2142,.T.);
#6952 = ORIENTED_EDGE('',*,*,#6904,.T.);
#6953 = ORIENTED_EDGE('',*,*,#6954,.T.);
#6954 = EDGE_CURVE('',#6897,#6945,#6955,.T.);
#6955 = LINE('',#6956,#6957);
#6956 = CARTESIAN_POINT('',(78.05,10.55,10.5));
#6957 = VECTOR('',#6958,1.);
#6958 = DIRECTION('',(1.,0.,-0.));
#6959 = PLANE('',#6960);
#6960 = AXIS2_PLACEMENT_3D('',#6961,#6962,#6963);
#6961 = CARTESIAN_POINT('',(78.05,10.55,2.));
#6962 = DIRECTION('',(-0.,1.,0.));
#6963 = DIRECTION('',(0.,0.,1.));
#6964 = ADVANCED_FACE('',(#6965),#6983,.T.);
#6965 = FACE_BOUND('',#6966,.T.);
#6966 = EDGE_LOOP('',(#6967,#6968,#6969,#6977));
#6967 = ORIENTED_EDGE('',*,*,#2078,.T.);
#6968 = ORIENTED_EDGE('',*,*,#6922,.T.);
#6969 = ORIENTED_EDGE('',*,*,#6970,.T.);
#6970 = EDGE_CURVE('',#6923,#6971,#6973,.T.);
#6971 = VERTEX_POINT('',#6972);
#6972 = CARTESIAN_POINT('',(78.05,13.95,10.5));
#6973 = LINE('',#6974,#6975);
#6974 = CARTESIAN_POINT('',(76.55,13.95,10.5));
#6975 = VECTOR('',#6976,1.);
#6976 = DIRECTION('',(1.,0.,-0.));
#6977 = ORIENTED_EDGE('',*,*,#6978,.T.);
#6978 = EDGE_CURVE('',#6971,#2079,#6979,.T.);
#6979 = LINE('',#6980,#6981);
#6980 = CARTESIAN_POINT('',(78.05,13.95,2.));
#6981 = VECTOR('',#6982,1.);
#6982 = DIRECTION('',(-0.,0.,-1.));
#6983 = PLANE('',#6984);
#6984 = AXIS2_PLACEMENT_3D('',#6985,#6986,#6987);
#6985 = CARTESIAN_POINT('',(76.55,13.95,2.));
#6986 = DIRECTION('',(-0.,1.,0.));
#6987 = DIRECTION('',(0.,0.,1.));
#6988 = ADVANCED_FACE('',(#6989),#7007,.T.);
#6989 = FACE_BOUND('',#6990,.T.);
#6990 = EDGE_LOOP('',(#6991,#6999,#7000,#7001));
#6991 = ORIENTED_EDGE('',*,*,#6992,.F.);
#6992 = EDGE_CURVE('',#6945,#6993,#6995,.T.);
#6993 = VERTEX_POINT('',#6994);
#6994 = CARTESIAN_POINT('',(79.95,12.05,10.5));
#6995 = LINE('',#6996,#6997);
#6996 = CARTESIAN_POINT('',(79.95,10.55,10.5));
#6997 = VECTOR('',#6998,1.);
#6998 = DIRECTION('',(-0.,1.,0.));
#6999 = ORIENTED_EDGE('',*,*,#6944,.F.);
#7000 = ORIENTED_EDGE('',*,*,#2134,.T.);
#7001 = ORIENTED_EDGE('',*,*,#7002,.F.);
#7002 = EDGE_CURVE('',#6993,#2127,#7003,.T.);
#7003 = LINE('',#7004,#7005);
#7004 = CARTESIAN_POINT('',(79.95,12.05,2.));
#7005 = VECTOR('',#7006,1.);
#7006 = DIRECTION('',(-0.,0.,-1.));
#7007 = PLANE('',#7008);
#7008 = AXIS2_PLACEMENT_3D('',#7009,#7010,#7011);
#7009 = CARTESIAN_POINT('',(79.95,10.55,2.));
#7010 = DIRECTION('',(1.,0.,-0.));
#7011 = DIRECTION('',(0.,0.,1.));
#7012 = ADVANCED_FACE('',(#7013),#7031,.F.);
#7013 = FACE_BOUND('',#7014,.F.);
#7014 = EDGE_LOOP('',(#7015,#7023,#7024,#7025));
#7015 = ORIENTED_EDGE('',*,*,#7016,.F.);
#7016 = EDGE_CURVE('',#6971,#7017,#7019,.T.);
#7017 = VERTEX_POINT('',#7018);
#7018 = CARTESIAN_POINT('',(78.05,15.45,10.5));
#7019 = LINE('',#7020,#7021);
#7020 = CARTESIAN_POINT('',(78.05,10.55,10.5));
#7021 = VECTOR('',#7022,1.);
#7022 = DIRECTION('',(-0.,1.,0.));
#7023 = ORIENTED_EDGE('',*,*,#6978,.T.);
#7024 = ORIENTED_EDGE('',*,*,#2086,.T.);
#7025 = ORIENTED_EDGE('',*,*,#7026,.T.);
#7026 = EDGE_CURVE('',#2087,#7017,#7027,.T.);
#7027 = LINE('',#7028,#7029);
#7028 = CARTESIAN_POINT('',(78.05,15.45,2.));
#7029 = VECTOR('',#7030,1.);
#7030 = DIRECTION('',(0.,0.,1.));
#7031 = PLANE('',#7032);
#7032 = AXIS2_PLACEMENT_3D('',#7033,#7034,#7035);
#7033 = CARTESIAN_POINT('',(78.05,10.55,2.));
#7034 = DIRECTION('',(1.,0.,-0.));
#7035 = DIRECTION('',(0.,0.,1.));
#7036 = ADVANCED_FACE('',(#7037),#7055,.F.);
#7037 = FACE_BOUND('',#7038,.F.);
#7038 = EDGE_LOOP('',(#7039,#7040,#7041,#7049));
#7039 = ORIENTED_EDGE('',*,*,#2126,.T.);
#7040 = ORIENTED_EDGE('',*,*,#7002,.F.);
#7041 = ORIENTED_EDGE('',*,*,#7042,.T.);
#7042 = EDGE_CURVE('',#6993,#7043,#7045,.T.);
#7043 = VERTEX_POINT('',#7044);
#7044 = CARTESIAN_POINT('',(81.45,12.05,10.5));
#7045 = LINE('',#7046,#7047);
#7046 = CARTESIAN_POINT('',(76.55,12.05,10.5));
#7047 = VECTOR('',#7048,1.);
#7048 = DIRECTION('',(1.,0.,-0.));
#7049 = ORIENTED_EDGE('',*,*,#7050,.F.);
#7050 = EDGE_CURVE('',#2119,#7043,#7051,.T.);
#7051 = LINE('',#7052,#7053);
#7052 = CARTESIAN_POINT('',(81.45,12.05,2.));
#7053 = VECTOR('',#7054,1.);
#7054 = DIRECTION('',(0.,0.,1.));
#7055 = PLANE('',#7056);
#7056 = AXIS2_PLACEMENT_3D('',#7057,#7058,#7059);
#7057 = CARTESIAN_POINT('',(76.55,12.05,2.));
#7058 = DIRECTION('',(-0.,1.,0.));
#7059 = DIRECTION('',(0.,0.,1.));
#7060 = ADVANCED_FACE('',(#7061),#7079,.T.);
#7061 = FACE_BOUND('',#7062,.T.);
#7062 = EDGE_LOOP('',(#7063,#7071,#7072,#7073));
#7063 = ORIENTED_EDGE('',*,*,#7064,.F.);
#7064 = EDGE_CURVE('',#2095,#7065,#7067,.T.);
#7065 = VERTEX_POINT('',#7066);
#7066 = CARTESIAN_POINT('',(79.95,15.45,10.5));
#7067 = LINE('',#7068,#7069);
#7068 = CARTESIAN_POINT('',(79.95,15.45,2.));
#7069 = VECTOR('',#7070,1.);
#7070 = DIRECTION('',(0.,0.,1.));
#7071 = ORIENTED_EDGE('',*,*,#2094,.T.);
#7072 = ORIENTED_EDGE('',*,*,#7026,.T.);
#7073 = ORIENTED_EDGE('',*,*,#7074,.T.);
#7074 = EDGE_CURVE('',#7017,#7065,#7075,.T.);
#7075 = LINE('',#7076,#7077);
#7076 = CARTESIAN_POINT('',(78.05,15.45,10.5));
#7077 = VECTOR('',#7078,1.);
#7078 = DIRECTION('',(1.,0.,-0.));
#7079 = PLANE('',#7080);
#7080 = AXIS2_PLACEMENT_3D('',#7081,#7082,#7083);
#7081 = CARTESIAN_POINT('',(78.05,15.45,2.));
#7082 = DIRECTION('',(-0.,1.,0.));
#7083 = DIRECTION('',(0.,0.,1.));
#7084 = ADVANCED_FACE('',(#7085),#7103,.T.);
#7085 = FACE_BOUND('',#7086,.T.);
#7086 = EDGE_LOOP('',(#7087,#7088,#7089,#7097));
#7087 = ORIENTED_EDGE('',*,*,#7050,.F.);
#7088 = ORIENTED_EDGE('',*,*,#2118,.T.);
#7089 = ORIENTED_EDGE('',*,*,#7090,.T.);
#7090 = EDGE_CURVE('',#2111,#7091,#7093,.T.);
#7091 = VERTEX_POINT('',#7092);
#7092 = CARTESIAN_POINT('',(81.45,13.95,10.5));
#7093 = LINE('',#7094,#7095);
#7094 = CARTESIAN_POINT('',(81.45,13.95,2.));
#7095 = VECTOR('',#7096,1.);
#7096 = DIRECTION('',(0.,0.,1.));
#7097 = ORIENTED_EDGE('',*,*,#7098,.F.);
#7098 = EDGE_CURVE('',#7043,#7091,#7099,.T.);
#7099 = LINE('',#7100,#7101);
#7100 = CARTESIAN_POINT('',(81.45,12.05,10.5));
#7101 = VECTOR('',#7102,1.);
#7102 = DIRECTION('',(-0.,1.,0.));
#7103 = PLANE('',#7104);
#7104 = AXIS2_PLACEMENT_3D('',#7105,#7106,#7107);
#7105 = CARTESIAN_POINT('',(81.45,12.05,2.));
#7106 = DIRECTION('',(1.,0.,-0.));
#7107 = DIRECTION('',(0.,0.,1.));
#7108 = ADVANCED_FACE('',(#7109),#7127,.T.);
#7109 = FACE_BOUND('',#7110,.T.);
#7110 = EDGE_LOOP('',(#7111,#7119,#7125,#7126));
#7111 = ORIENTED_EDGE('',*,*,#7112,.F.);
#7112 = EDGE_CURVE('',#7113,#7065,#7115,.T.);
#7113 = VERTEX_POINT('',#7114);
#7114 = CARTESIAN_POINT('',(79.95,13.95,10.5));
#7115 = LINE('',#7116,#7117);
#7116 = CARTESIAN_POINT('',(79.95,10.55,10.5));
#7117 = VECTOR('',#7118,1.);
#7118 = DIRECTION('',(-0.,1.,0.));
#7119 = ORIENTED_EDGE('',*,*,#7120,.T.);
#7120 = EDGE_CURVE('',#7113,#2103,#7121,.T.);
#7121 = LINE('',#7122,#7123);
#7122 = CARTESIAN_POINT('',(79.95,13.95,2.));
#7123 = VECTOR('',#7124,1.);
#7124 = DIRECTION('',(-0.,0.,-1.));
#7125 = ORIENTED_EDGE('',*,*,#2102,.T.);
#7126 = ORIENTED_EDGE('',*,*,#7064,.T.);
#7127 = PLANE('',#7128);
#7128 = AXIS2_PLACEMENT_3D('',#7129,#7130,#7131);
#7129 = CARTESIAN_POINT('',(79.95,10.55,2.));
#7130 = DIRECTION('',(1.,0.,-0.));
#7131 = DIRECTION('',(0.,0.,1.));
#7132 = ADVANCED_FACE('',(#7133),#7144,.T.);
#7133 = FACE_BOUND('',#7134,.T.);
#7134 = EDGE_LOOP('',(#7135,#7136,#7137,#7143));
#7135 = ORIENTED_EDGE('',*,*,#2110,.T.);
#7136 = ORIENTED_EDGE('',*,*,#7120,.F.);
#7137 = ORIENTED_EDGE('',*,*,#7138,.T.);
#7138 = EDGE_CURVE('',#7113,#7091,#7139,.T.);
#7139 = LINE('',#7140,#7141);
#7140 = CARTESIAN_POINT('',(76.55,13.95,10.5));
#7141 = VECTOR('',#7142,1.);
#7142 = DIRECTION('',(1.,0.,-0.));
#7143 = ORIENTED_EDGE('',*,*,#7090,.F.);
#7144 = PLANE('',#7145);
#7145 = AXIS2_PLACEMENT_3D('',#7146,#7147,#7148);
#7146 = CARTESIAN_POINT('',(76.55,13.95,2.));
#7147 = DIRECTION('',(-0.,1.,0.));
#7148 = DIRECTION('',(0.,0.,1.));
#7149 = ADVANCED_FACE('',(#7150),#7163,.T.);
#7150 = FACE_BOUND('',#7151,.F.);
#7151 = EDGE_LOOP('',(#7152,#7153,#7154,#7155,#7156,#7157,#7158,#7159,
    #7160,#7161,#7162));
#7152 = ORIENTED_EDGE('',*,*,#2217,.T.);
#7153 = ORIENTED_EDGE('',*,*,#2248,.T.);
#7154 = ORIENTED_EDGE('',*,*,#2296,.T.);
#7155 = ORIENTED_EDGE('',*,*,#2344,.T.);
#7156 = ORIENTED_EDGE('',*,*,#2392,.T.);
#7157 = ORIENTED_EDGE('',*,*,#2440,.T.);
#7158 = ORIENTED_EDGE('',*,*,#2464,.T.);
#7159 = ORIENTED_EDGE('',*,*,#2416,.T.);
#7160 = ORIENTED_EDGE('',*,*,#2368,.T.);
#7161 = ORIENTED_EDGE('',*,*,#2320,.T.);
#7162 = ORIENTED_EDGE('',*,*,#2272,.T.);
#7163 = PLANE('',#7164);
#7164 = AXIS2_PLACEMENT_3D('',#7165,#7166,#7167);
#7165 = CARTESIAN_POINT('',(6.861296149845,4.308368633561,2.5));
#7166 = DIRECTION('',(0.,0.,1.));
#7167 = DIRECTION('',(1.,0.,0.));
#7168 = ADVANCED_FACE('',(#7169),#7190,.T.);
#7169 = FACE_BOUND('',#7170,.F.);
#7170 = EDGE_LOOP('',(#7171,#7172,#7173,#7174,#7175,#7176,#7177,#7178,
    #7179,#7180,#7181,#7182,#7183,#7184,#7185,#7186,#7187,#7188,#7189));
#7171 = ORIENTED_EDGE('',*,*,#2481,.T.);
#7172 = ORIENTED_EDGE('',*,*,#2512,.T.);
#7173 = ORIENTED_EDGE('',*,*,#2560,.T.);
#7174 = ORIENTED_EDGE('',*,*,#2610,.T.);
#7175 = ORIENTED_EDGE('',*,*,#2660,.T.);
#7176 = ORIENTED_EDGE('',*,*,#2710,.T.);
#7177 = ORIENTED_EDGE('',*,*,#2762,.T.);
#7178 = ORIENTED_EDGE('',*,*,#2814,.T.);
#7179 = ORIENTED_EDGE('',*,*,#2866,.T.);
#7180 = ORIENTED_EDGE('',*,*,#2916,.T.);
#7181 = ORIENTED_EDGE('',*,*,#2942,.T.);
#7182 = ORIENTED_EDGE('',*,*,#2892,.T.);
#7183 = ORIENTED_EDGE('',*,*,#2840,.T.);
#7184 = ORIENTED_EDGE('',*,*,#2788,.T.);
#7185 = ORIENTED_EDGE('',*,*,#2736,.T.);
#7186 = ORIENTED_EDGE('',*,*,#2684,.T.);
#7187 = ORIENTED_EDGE('',*,*,#2634,.T.);
#7188 = ORIENTED_EDGE('',*,*,#2584,.T.);
#7189 = ORIENTED_EDGE('',*,*,#2536,.T.);
#7190 = PLANE('',#7191);
#7191 = AXIS2_PLACEMENT_3D('',#7192,#7193,#7194);
#7192 = CARTESIAN_POINT('',(19.016406159941,4.374241054235,2.5));
#7193 = DIRECTION('',(0.,0.,1.));
#7194 = DIRECTION('',(1.,0.,0.));
#7195 = ADVANCED_FACE('',(#7196),#7227,.T.);
#7196 = FACE_BOUND('',#7197,.F.);
#7197 = EDGE_LOOP('',(#7198,#7199,#7200,#7201,#7202,#7203,#7204,#7205,
    #7206,#7207,#7208,#7209,#7210,#7211,#7212,#7213,#7214,#7215,#7216,
    #7217,#7218,#7219,#7220,#7221,#7222,#7223,#7224,#7225,#7226));
#7198 = ORIENTED_EDGE('',*,*,#2961,.T.);
#7199 = ORIENTED_EDGE('',*,*,#2994,.T.);
#7200 = ORIENTED_EDGE('',*,*,#3046,.T.);
#7201 = ORIENTED_EDGE('',*,*,#3098,.T.);
#7202 = ORIENTED_EDGE('',*,*,#3150,.T.);
#7203 = ORIENTED_EDGE('',*,*,#3202,.T.);
#7204 = ORIENTED_EDGE('',*,*,#3254,.T.);
#7205 = ORIENTED_EDGE('',*,*,#3304,.T.);
#7206 = ORIENTED_EDGE('',*,*,#3354,.T.);
#7207 = ORIENTED_EDGE('',*,*,#3406,.T.);
#7208 = ORIENTED_EDGE('',*,*,#3458,.T.);
#7209 = ORIENTED_EDGE('',*,*,#3510,.T.);
#7210 = ORIENTED_EDGE('',*,*,#3562,.T.);
#7211 = ORIENTED_EDGE('',*,*,#3614,.T.);
#7212 = ORIENTED_EDGE('',*,*,#3664,.T.);
#7213 = ORIENTED_EDGE('',*,*,#3688,.T.);
#7214 = ORIENTED_EDGE('',*,*,#3638,.T.);
#7215 = ORIENTED_EDGE('',*,*,#3588,.T.);
#7216 = ORIENTED_EDGE('',*,*,#3536,.T.);
#7217 = ORIENTED_EDGE('',*,*,#3484,.T.);
#7218 = ORIENTED_EDGE('',*,*,#3432,.T.);
#7219 = ORIENTED_EDGE('',*,*,#3380,.T.);
#7220 = ORIENTED_EDGE('',*,*,#3330,.T.);
#7221 = ORIENTED_EDGE('',*,*,#3278,.T.);
#7222 = ORIENTED_EDGE('',*,*,#3228,.T.);
#7223 = ORIENTED_EDGE('',*,*,#3176,.T.);
#7224 = ORIENTED_EDGE('',*,*,#3124,.T.);
#7225 = ORIENTED_EDGE('',*,*,#3072,.T.);
#7226 = ORIENTED_EDGE('',*,*,#3020,.T.);
#7227 = PLANE('',#7228);
#7228 = AXIS2_PLACEMENT_3D('',#7229,#7230,#7231);
#7229 = CARTESIAN_POINT('',(30.999599622329,4.47758789851,2.5));
#7230 = DIRECTION('',(0.,0.,1.));
#7231 = DIRECTION('',(1.,0.,0.));
#7232 = ADVANCED_FACE('',(#7233,#7246),#7272,.T.);
#7233 = FACE_BOUND('',#7234,.F.);
#7234 = EDGE_LOOP('',(#7235,#7236,#7237,#7238,#7239,#7240,#7241,#7242,
    #7243,#7244,#7245));
#7235 = ORIENTED_EDGE('',*,*,#3705,.T.);
#7236 = ORIENTED_EDGE('',*,*,#3736,.T.);
#7237 = ORIENTED_EDGE('',*,*,#3784,.T.);
#7238 = ORIENTED_EDGE('',*,*,#3832,.T.);
#7239 = ORIENTED_EDGE('',*,*,#3880,.T.);
#7240 = ORIENTED_EDGE('',*,*,#3928,.T.);
#7241 = ORIENTED_EDGE('',*,*,#3952,.T.);
#7242 = ORIENTED_EDGE('',*,*,#3904,.T.);
#7243 = ORIENTED_EDGE('',*,*,#3856,.T.);
#7244 = ORIENTED_EDGE('',*,*,#3808,.T.);
#7245 = ORIENTED_EDGE('',*,*,#3760,.T.);
#7246 = FACE_BOUND('',#7247,.F.);
#7247 = EDGE_LOOP('',(#7248,#7258,#7266));
#7248 = ORIENTED_EDGE('',*,*,#7249,.T.);
#7249 = EDGE_CURVE('',#7250,#7252,#7254,.T.);
#7250 = VERTEX_POINT('',#7251);
#7251 = CARTESIAN_POINT('',(43.106963087248,5.580536912752,2.5));
#7252 = VERTEX_POINT('',#7253);
#7253 = CARTESIAN_POINT('',(42.044882550336,4.006040268456,2.5));
#7254 = LINE('',#7255,#7256);
#7255 = CARTESIAN_POINT('',(43.106963087248,5.580536912752,2.5));
#7256 = VECTOR('',#7257,1.);
#7257 = DIRECTION('',(-0.559217924246,-0.82902069528,0.));
#7258 = ORIENTED_EDGE('',*,*,#7259,.T.);
#7259 = EDGE_CURVE('',#7252,#7260,#7262,.T.);
#7260 = VERTEX_POINT('',#7261);
#7261 = CARTESIAN_POINT('',(43.106963087248,4.006040268456,2.5));
#7262 = LINE('',#7263,#7264);
#7263 = CARTESIAN_POINT('',(42.044882550336,4.006040268456,2.5));
#7264 = VECTOR('',#7265,1.);
#7265 = DIRECTION('',(1.,0.,0.));
#7266 = ORIENTED_EDGE('',*,*,#7267,.T.);
#7267 = EDGE_CURVE('',#7260,#7250,#7268,.T.);
#7268 = LINE('',#7269,#7270);
#7269 = CARTESIAN_POINT('',(43.106963087248,4.006040268456,2.5));
#7270 = VECTOR('',#7271,1.);
#7271 = DIRECTION('',(0.,1.,0.));
#7272 = PLANE('',#7273);
#7273 = AXIS2_PLACEMENT_3D('',#7274,#7275,#7276);
#7274 = CARTESIAN_POINT('',(43.05496164621,4.398796877788,2.5));
#7275 = DIRECTION('',(0.,0.,1.));
#7276 = DIRECTION('',(1.,0.,0.));
#7277 = ADVANCED_FACE('',(#7278),#7302,.T.);
#7278 = FACE_BOUND('',#7279,.F.);
#7279 = EDGE_LOOP('',(#7280,#7281,#7282,#7283,#7284,#7285,#7286,#7287,
    #7288,#7289,#7290,#7291,#7292,#7293,#7294,#7295,#7296,#7297,#7298,
    #7299,#7300,#7301));
#7280 = ORIENTED_EDGE('',*,*,#3969,.T.);
#7281 = ORIENTED_EDGE('',*,*,#4000,.T.);
#7282 = ORIENTED_EDGE('',*,*,#4048,.T.);
#7283 = ORIENTED_EDGE('',*,*,#4098,.T.);
#7284 = ORIENTED_EDGE('',*,*,#4148,.T.);
#7285 = ORIENTED_EDGE('',*,*,#4200,.T.);
#7286 = ORIENTED_EDGE('',*,*,#4252,.T.);
#7287 = ORIENTED_EDGE('',*,*,#4304,.T.);
#7288 = ORIENTED_EDGE('',*,*,#4356,.T.);
#7289 = ORIENTED_EDGE('',*,*,#4408,.T.);
#7290 = ORIENTED_EDGE('',*,*,#4460,.T.);
#7291 = ORIENTED_EDGE('',*,*,#4510,.T.);
#7292 = ORIENTED_EDGE('',*,*,#4486,.T.);
#7293 = ORIENTED_EDGE('',*,*,#4434,.T.);
#7294 = ORIENTED_EDGE('',*,*,#4382,.T.);
#7295 = ORIENTED_EDGE('',*,*,#4330,.T.);
#7296 = ORIENTED_EDGE('',*,*,#4278,.T.);
#7297 = ORIENTED_EDGE('',*,*,#4226,.T.);
#7298 = ORIENTED_EDGE('',*,*,#4174,.T.);
#7299 = ORIENTED_EDGE('',*,*,#4122,.T.);
#7300 = ORIENTED_EDGE('',*,*,#4072,.T.);
#7301 = ORIENTED_EDGE('',*,*,#4024,.T.);
#7302 = PLANE('',#7303);
#7303 = AXIS2_PLACEMENT_3D('',#7304,#7305,#7306);
#7304 = CARTESIAN_POINT('',(54.912411339734,4.572344011071,2.5));
#7305 = DIRECTION('',(0.,0.,1.));
#7306 = DIRECTION('',(1.,0.,0.));
#7307 = ADVANCED_FACE('',(#7308,#7327),#7393,.T.);
#7308 = FACE_BOUND('',#7309,.F.);
#7309 = EDGE_LOOP('',(#7310,#7311,#7312,#7313,#7314,#7315,#7316,#7317,
    #7318,#7319,#7320,#7321,#7322,#7323,#7324,#7325,#7326));
#7310 = ORIENTED_EDGE('',*,*,#4529,.T.);
#7311 = ORIENTED_EDGE('',*,*,#4560,.T.);
#7312 = ORIENTED_EDGE('',*,*,#4612,.T.);
#7313 = ORIENTED_EDGE('',*,*,#4664,.T.);
#7314 = ORIENTED_EDGE('',*,*,#4716,.T.);
#7315 = ORIENTED_EDGE('',*,*,#4768,.T.);
#7316 = ORIENTED_EDGE('',*,*,#4820,.T.);
#7317 = ORIENTED_EDGE('',*,*,#4872,.T.);
#7318 = ORIENTED_EDGE('',*,*,#4924,.T.);
#7319 = ORIENTED_EDGE('',*,*,#4950,.T.);
#7320 = ORIENTED_EDGE('',*,*,#4898,.T.);
#7321 = ORIENTED_EDGE('',*,*,#4846,.T.);
#7322 = ORIENTED_EDGE('',*,*,#4794,.T.);
#7323 = ORIENTED_EDGE('',*,*,#4742,.T.);
#7324 = ORIENTED_EDGE('',*,*,#4690,.T.);
#7325 = ORIENTED_EDGE('',*,*,#4638,.T.);
#7326 = ORIENTED_EDGE('',*,*,#4586,.T.);
#7327 = FACE_BOUND('',#7328,.F.);
#7328 = EDGE_LOOP('',(#7329,#7339,#7347,#7355,#7363,#7371,#7379,#7387));
#7329 = ORIENTED_EDGE('',*,*,#7330,.T.);
#7330 = EDGE_CURVE('',#7331,#7333,#7335,.T.);
#7331 = VERTEX_POINT('',#7332);
#7332 = CARTESIAN_POINT('',(67.05033557047,4.48389261745,2.5));
#7333 = VERTEX_POINT('',#7334);
#7334 = CARTESIAN_POINT('',(66.668959731544,4.318791946309,2.5));
#7335 = B_SPLINE_CURVE_WITH_KNOTS('',2,(#7336,#7337,#7338),
  .UNSPECIFIED.,.F.,.F.,(3,3),(0.,1.),.PIECEWISE_BEZIER_KNOTS.);
#7336 = CARTESIAN_POINT('',(67.05033557047,4.48389261745,2.5));
#7337 = CARTESIAN_POINT('',(66.796140939597,4.48389261745,2.5));
#7338 = CARTESIAN_POINT('',(66.668959731544,4.318791946309,2.5));
#7339 = ORIENTED_EDGE('',*,*,#7340,.T.);
#7340 = EDGE_CURVE('',#7333,#7341,#7343,.T.);
#7341 = VERTEX_POINT('',#7342);
#7342 = CARTESIAN_POINT('',(66.541946308725,3.823489932886,2.5));
#7343 = B_SPLINE_CURVE_WITH_KNOTS('',2,(#7344,#7345,#7346),
  .UNSPECIFIED.,.F.,.F.,(3,3),(0.,1.),.PIECEWISE_BEZIER_KNOTS.);
#7344 = CARTESIAN_POINT('',(66.668959731544,4.318791946309,2.5));
#7345 = CARTESIAN_POINT('',(66.541946308725,4.153691275168,2.5));
#7346 = CARTESIAN_POINT('',(66.541946308725,3.823489932886,2.5));
#7347 = ORIENTED_EDGE('',*,*,#7348,.T.);
#7348 = EDGE_CURVE('',#7341,#7349,#7351,.T.);
#7349 = VERTEX_POINT('',#7350);
#7350 = CARTESIAN_POINT('',(66.668959731544,3.328187919463,2.5));
#7351 = B_SPLINE_CURVE_WITH_KNOTS('',2,(#7352,#7353,#7354),
  .UNSPECIFIED.,.F.,.F.,(3,3),(0.,1.),.PIECEWISE_BEZIER_KNOTS.);
#7352 = CARTESIAN_POINT('',(66.541946308725,3.823489932886,2.5));
#7353 = CARTESIAN_POINT('',(66.541946308725,3.493288590604,2.5));
#7354 = CARTESIAN_POINT('',(66.668959731544,3.328187919463,2.5));
#7355 = ORIENTED_EDGE('',*,*,#7356,.T.);
#7356 = EDGE_CURVE('',#7349,#7357,#7359,.T.);
#7357 = VERTEX_POINT('',#7358);
#7358 = CARTESIAN_POINT('',(67.05033557047,3.163087248322,2.5));
#7359 = B_SPLINE_CURVE_WITH_KNOTS('',2,(#7360,#7361,#7362),
  .UNSPECIFIED.,.F.,.F.,(3,3),(0.,1.),.PIECEWISE_BEZIER_KNOTS.);
#7360 = CARTESIAN_POINT('',(66.668959731544,3.328187919463,2.5));
#7361 = CARTESIAN_POINT('',(66.796140939597,3.163087248322,2.5));
#7362 = CARTESIAN_POINT('',(67.05033557047,3.163087248322,2.5));
#7363 = ORIENTED_EDGE('',*,*,#7364,.T.);
#7364 = EDGE_CURVE('',#7357,#7365,#7367,.T.);
#7365 = VERTEX_POINT('',#7366);
#7366 = CARTESIAN_POINT('',(67.434060402685,3.328187919463,2.5));
#7367 = B_SPLINE_CURVE_WITH_KNOTS('',2,(#7368,#7369,#7370),
  .UNSPECIFIED.,.F.,.F.,(3,3),(0.,1.),.PIECEWISE_BEZIER_KNOTS.);
#7368 = CARTESIAN_POINT('',(67.05033557047,3.163087248322,2.5));
#7369 = CARTESIAN_POINT('',(67.307046979866,3.163087248322,2.5));
#7370 = CARTESIAN_POINT('',(67.434060402685,3.328187919463,2.5));
#7371 = ORIENTED_EDGE('',*,*,#7372,.T.);
#7372 = EDGE_CURVE('',#7365,#7373,#7375,.T.);
#7373 = VERTEX_POINT('',#7374);
#7374 = CARTESIAN_POINT('',(67.561241610738,3.823489932886,2.5));
#7375 = B_SPLINE_CURVE_WITH_KNOTS('',2,(#7376,#7377,#7378),
  .UNSPECIFIED.,.F.,.F.,(3,3),(0.,1.),.PIECEWISE_BEZIER_KNOTS.);
#7376 = CARTESIAN_POINT('',(67.434060402685,3.328187919463,2.5));
#7377 = CARTESIAN_POINT('',(67.561241610738,3.493288590604,2.5));
#7378 = CARTESIAN_POINT('',(67.561241610738,3.823489932886,2.5));
#7379 = ORIENTED_EDGE('',*,*,#7380,.T.);
#7380 = EDGE_CURVE('',#7373,#7381,#7383,.T.);
#7381 = VERTEX_POINT('',#7382);
#7382 = CARTESIAN_POINT('',(67.434060402685,4.318791946309,2.5));
#7383 = B_SPLINE_CURVE_WITH_KNOTS('',2,(#7384,#7385,#7386),
  .UNSPECIFIED.,.F.,.F.,(3,3),(0.,1.),.PIECEWISE_BEZIER_KNOTS.);
#7384 = CARTESIAN_POINT('',(67.561241610738,3.823489932886,2.5));
#7385 = CARTESIAN_POINT('',(67.561241610738,4.153691275168,2.5));
#7386 = CARTESIAN_POINT('',(67.434060402685,4.318791946309,2.5));
#7387 = ORIENTED_EDGE('',*,*,#7388,.T.);
#7388 = EDGE_CURVE('',#7381,#7331,#7389,.T.);
#7389 = B_SPLINE_CURVE_WITH_KNOTS('',2,(#7390,#7391,#7392),
  .UNSPECIFIED.,.F.,.F.,(3,3),(0.,1.),.PIECEWISE_BEZIER_KNOTS.);
#7390 = CARTESIAN_POINT('',(67.434060402685,4.318791946309,2.5));
#7391 = CARTESIAN_POINT('',(67.307046979866,4.48389261745,2.5));
#7392 = CARTESIAN_POINT('',(67.05033557047,4.48389261745,2.5));
#7393 = PLANE('',#7394);
#7394 = AXIS2_PLACEMENT_3D('',#7395,#7396,#7397);
#7395 = CARTESIAN_POINT('',(67.04496528425,4.534314376104,2.5));
#7396 = DIRECTION('',(0.,0.,1.));
#7397 = DIRECTION('',(1.,0.,0.));
#7398 = ADVANCED_FACE('',(#7399),#7408,.T.);
#7399 = FACE_BOUND('',#7400,.F.);
#7400 = EDGE_LOOP('',(#7401,#7402,#7403,#7404,#7405,#7406,#7407));
#7401 = ORIENTED_EDGE('',*,*,#4969,.T.);
#7402 = ORIENTED_EDGE('',*,*,#5120,.T.);
#7403 = ORIENTED_EDGE('',*,*,#5096,.T.);
#7404 = ORIENTED_EDGE('',*,*,#5072,.T.);
#7405 = ORIENTED_EDGE('',*,*,#5048,.T.);
#7406 = ORIENTED_EDGE('',*,*,#5024,.T.);
#7407 = ORIENTED_EDGE('',*,*,#5000,.T.);
#7408 = PLANE('',#7409);
#7409 = AXIS2_PLACEMENT_3D('',#7410,#7411,#7412);
#7410 = CARTESIAN_POINT('',(78.982709748755,4.898811110492,2.5));
#7411 = DIRECTION('',(0.,0.,1.));
#7412 = DIRECTION('',(1.,0.,0.));
#7413 = ADVANCED_FACE('',(#7414),#7428,.T.);
#7414 = FACE_BOUND('',#7415,.T.);
#7415 = EDGE_LOOP('',(#7416,#7417,#7418,#7419,#7420,#7421,#7422,#7423,
    #7424,#7425,#7426,#7427));
#7416 = ORIENTED_EDGE('',*,*,#5242,.F.);
#7417 = ORIENTED_EDGE('',*,*,#5202,.F.);
#7418 = ORIENTED_EDGE('',*,*,#5146,.T.);
#7419 = ORIENTED_EDGE('',*,*,#5168,.F.);
#7420 = ORIENTED_EDGE('',*,*,#5226,.T.);
#7421 = ORIENTED_EDGE('',*,*,#5264,.T.);
#7422 = ORIENTED_EDGE('',*,*,#5314,.T.);
#7423 = ORIENTED_EDGE('',*,*,#5370,.T.);
#7424 = ORIENTED_EDGE('',*,*,#5410,.F.);
#7425 = ORIENTED_EDGE('',*,*,#5384,.T.);
#7426 = ORIENTED_EDGE('',*,*,#5346,.F.);
#7427 = ORIENTED_EDGE('',*,*,#5288,.F.);
#7428 = PLANE('',#7429);
#7429 = AXIS2_PLACEMENT_3D('',#7430,#7431,#7432);
#7430 = CARTESIAN_POINT('',(7.,13.,10.5));
#7431 = DIRECTION('',(0.,0.,1.));
#7432 = DIRECTION('',(1.,0.,-0.));
#7433 = ADVANCED_FACE('',(#7434),#7448,.T.);
#7434 = FACE_BOUND('',#7435,.T.);
#7435 = EDGE_LOOP('',(#7436,#7437,#7438,#7439,#7440,#7441,#7442,#7443,
    #7444,#7445,#7446,#7447));
#7436 = ORIENTED_EDGE('',*,*,#5530,.F.);
#7437 = ORIENTED_EDGE('',*,*,#5490,.F.);
#7438 = ORIENTED_EDGE('',*,*,#5434,.T.);
#7439 = ORIENTED_EDGE('',*,*,#5456,.F.);
#7440 = ORIENTED_EDGE('',*,*,#5514,.T.);
#7441 = ORIENTED_EDGE('',*,*,#5552,.T.);
#7442 = ORIENTED_EDGE('',*,*,#5602,.T.);
#7443 = ORIENTED_EDGE('',*,*,#5658,.T.);
#7444 = ORIENTED_EDGE('',*,*,#5698,.F.);
#7445 = ORIENTED_EDGE('',*,*,#5672,.T.);
#7446 = ORIENTED_EDGE('',*,*,#5634,.F.);
#7447 = ORIENTED_EDGE('',*,*,#5576,.F.);
#7448 = PLANE('',#7449);
#7449 = AXIS2_PLACEMENT_3D('',#7450,#7451,#7452);
#7450 = CARTESIAN_POINT('',(19.,13.,10.5));
#7451 = DIRECTION('',(0.,0.,1.));
#7452 = DIRECTION('',(1.,0.,-0.));
#7453 = ADVANCED_FACE('',(#7454),#7468,.T.);
#7454 = FACE_BOUND('',#7455,.T.);
#7455 = EDGE_LOOP('',(#7456,#7457,#7458,#7459,#7460,#7461,#7462,#7463,
    #7464,#7465,#7466,#7467));
#7456 = ORIENTED_EDGE('',*,*,#5818,.F.);
#7457 = ORIENTED_EDGE('',*,*,#5778,.F.);
#7458 = ORIENTED_EDGE('',*,*,#5722,.T.);
#7459 = ORIENTED_EDGE('',*,*,#5744,.F.);
#7460 = ORIENTED_EDGE('',*,*,#5802,.T.);
#7461 = ORIENTED_EDGE('',*,*,#5840,.T.);
#7462 = ORIENTED_EDGE('',*,*,#5890,.T.);
#7463 = ORIENTED_EDGE('',*,*,#5946,.T.);
#7464 = ORIENTED_EDGE('',*,*,#5986,.F.);
#7465 = ORIENTED_EDGE('',*,*,#5960,.T.);
#7466 = ORIENTED_EDGE('',*,*,#5922,.F.);
#7467 = ORIENTED_EDGE('',*,*,#5864,.F.);
#7468 = PLANE('',#7469);
#7469 = AXIS2_PLACEMENT_3D('',#7470,#7471,#7472);
#7470 = CARTESIAN_POINT('',(31.,13.,10.5));
#7471 = DIRECTION('',(0.,0.,1.));
#7472 = DIRECTION('',(1.,0.,-0.));
#7473 = ADVANCED_FACE('',(#7474),#7488,.T.);
#7474 = FACE_BOUND('',#7475,.T.);
#7475 = EDGE_LOOP('',(#7476,#7477,#7478,#7479,#7480,#7481,#7482,#7483,
    #7484,#7485,#7486,#7487));
#7476 = ORIENTED_EDGE('',*,*,#6106,.F.);
#7477 = ORIENTED_EDGE('',*,*,#6066,.F.);
#7478 = ORIENTED_EDGE('',*,*,#6010,.T.);
#7479 = ORIENTED_EDGE('',*,*,#6032,.F.);
#7480 = ORIENTED_EDGE('',*,*,#6090,.T.);
#7481 = ORIENTED_EDGE('',*,*,#6128,.T.);
#7482 = ORIENTED_EDGE('',*,*,#6178,.T.);
#7483 = ORIENTED_EDGE('',*,*,#6234,.T.);
#7484 = ORIENTED_EDGE('',*,*,#6274,.F.);
#7485 = ORIENTED_EDGE('',*,*,#6248,.T.);
#7486 = ORIENTED_EDGE('',*,*,#6210,.F.);
#7487 = ORIENTED_EDGE('',*,*,#6152,.F.);
#7488 = PLANE('',#7489);
#7489 = AXIS2_PLACEMENT_3D('',#7490,#7491,#7492);
#7490 = CARTESIAN_POINT('',(43.,13.,10.5));
#7491 = DIRECTION('',(0.,0.,1.));
#7492 = DIRECTION('',(1.,0.,-0.));
#7493 = ADVANCED_FACE('',(#7494),#7508,.T.);
#7494 = FACE_BOUND('',#7495,.T.);
#7495 = EDGE_LOOP('',(#7496,#7497,#7498,#7499,#7500,#7501,#7502,#7503,
    #7504,#7505,#7506,#7507));
#7496 = ORIENTED_EDGE('',*,*,#6394,.F.);
#7497 = ORIENTED_EDGE('',*,*,#6354,.F.);
#7498 = ORIENTED_EDGE('',*,*,#6298,.T.);
#7499 = ORIENTED_EDGE('',*,*,#6320,.F.);
#7500 = ORIENTED_EDGE('',*,*,#6378,.T.);
#7501 = ORIENTED_EDGE('',*,*,#6416,.T.);
#7502 = ORIENTED_EDGE('',*,*,#6466,.T.);
#7503 = ORIENTED_EDGE('',*,*,#6522,.T.);
#7504 = ORIENTED_EDGE('',*,*,#6562,.F.);
#7505 = ORIENTED_EDGE('',*,*,#6536,.T.);
#7506 = ORIENTED_EDGE('',*,*,#6498,.F.);
#7507 = ORIENTED_EDGE('',*,*,#6440,.F.);
#7508 = PLANE('',#7509);
#7509 = AXIS2_PLACEMENT_3D('',#7510,#7511,#7512);
#7510 = CARTESIAN_POINT('',(55.,13.,10.5));
#7511 = DIRECTION('',(0.,0.,1.));
#7512 = DIRECTION('',(1.,0.,-0.));
#7513 = ADVANCED_FACE('',(#7514),#7528,.T.);
#7514 = FACE_BOUND('',#7515,.T.);
#7515 = EDGE_LOOP('',(#7516,#7517,#7518,#7519,#7520,#7521,#7522,#7523,
    #7524,#7525,#7526,#7527));
#7516 = ORIENTED_EDGE('',*,*,#6682,.F.);
#7517 = ORIENTED_EDGE('',*,*,#6642,.F.);
#7518 = ORIENTED_EDGE('',*,*,#6586,.T.);
#7519 = ORIENTED_EDGE('',*,*,#6608,.F.);
#7520 = ORIENTED_EDGE('',*,*,#6666,.T.);
#7521 = ORIENTED_EDGE('',*,*,#6704,.T.);
#7522 = ORIENTED_EDGE('',*,*,#6754,.T.);
#7523 = ORIENTED_EDGE('',*,*,#6810,.T.);
#7524 = ORIENTED_EDGE('',*,*,#6850,.F.);
#7525 = ORIENTED_EDGE('',*,*,#6824,.T.);
#7526 = ORIENTED_EDGE('',*,*,#6786,.F.);
#7527 = ORIENTED_EDGE('',*,*,#6728,.F.);
#7528 = PLANE('',#7529);
#7529 = AXIS2_PLACEMENT_3D('',#7530,#7531,#7532);
#7530 = CARTESIAN_POINT('',(67.,13.,10.5));
#7531 = DIRECTION('',(0.,0.,1.));
#7532 = DIRECTION('',(1.,0.,-0.));
#7533 = ADVANCED_FACE('',(#7534),#7548,.T.);
#7534 = FACE_BOUND('',#7535,.T.);
#7535 = EDGE_LOOP('',(#7536,#7537,#7538,#7539,#7540,#7541,#7542,#7543,
    #7544,#7545,#7546,#7547));
#7536 = ORIENTED_EDGE('',*,*,#6970,.F.);
#7537 = ORIENTED_EDGE('',*,*,#6930,.F.);
#7538 = ORIENTED_EDGE('',*,*,#6874,.T.);
#7539 = ORIENTED_EDGE('',*,*,#6896,.F.);
#7540 = ORIENTED_EDGE('',*,*,#6954,.T.);
#7541 = ORIENTED_EDGE('',*,*,#6992,.T.);
#7542 = ORIENTED_EDGE('',*,*,#7042,.T.);
#7543 = ORIENTED_EDGE('',*,*,#7098,.T.);
#7544 = ORIENTED_EDGE('',*,*,#7138,.F.);
#7545 = ORIENTED_EDGE('',*,*,#7112,.T.);
#7546 = ORIENTED_EDGE('',*,*,#7074,.F.);
#7547 = ORIENTED_EDGE('',*,*,#7016,.F.);
#7548 = PLANE('',#7549);
#7549 = AXIS2_PLACEMENT_3D('',#7550,#7551,#7552);
#7550 = CARTESIAN_POINT('',(79.,13.,10.5));
#7551 = DIRECTION('',(0.,0.,1.));
#7552 = DIRECTION('',(1.,0.,-0.));
#7553 = ADVANCED_FACE('',(#7554),#7579,.F.);
#7554 = FACE_BOUND('',#7555,.F.);
#7555 = EDGE_LOOP('',(#7556,#7557,#7565,#7573));
#7556 = ORIENTED_EDGE('',*,*,#7249,.F.);
#7557 = ORIENTED_EDGE('',*,*,#7558,.T.);
#7558 = EDGE_CURVE('',#7250,#7559,#7561,.T.);
#7559 = VERTEX_POINT('',#7560);
#7560 = CARTESIAN_POINT('',(43.106963087248,5.580536912752,3.));
#7561 = LINE('',#7562,#7563);
#7562 = CARTESIAN_POINT('',(43.106963087248,5.580536912752,2.5));
#7563 = VECTOR('',#7564,1.);
#7564 = DIRECTION('',(0.,0.,1.));
#7565 = ORIENTED_EDGE('',*,*,#7566,.F.);
#7566 = EDGE_CURVE('',#7567,#7559,#7569,.T.);
#7567 = VERTEX_POINT('',#7568);
#7568 = CARTESIAN_POINT('',(42.044882550336,4.006040268456,3.));
#7569 = LINE('',#7570,#7571);
#7570 = CARTESIAN_POINT('',(35.07307984656,-6.329409426998,3.));
#7571 = VECTOR('',#7572,1.);
#7572 = DIRECTION('',(0.559217924246,0.82902069528,-0.));
#7573 = ORIENTED_EDGE('',*,*,#7574,.F.);
#7574 = EDGE_CURVE('',#7252,#7567,#7575,.T.);
#7575 = LINE('',#7576,#7577);
#7576 = CARTESIAN_POINT('',(42.044882550336,4.006040268456,2.5));
#7577 = VECTOR('',#7578,1.);
#7578 = DIRECTION('',(0.,0.,1.));
#7579 = PLANE('',#7580);
#7580 = AXIS2_PLACEMENT_3D('',#7581,#7582,#7583);
#7581 = CARTESIAN_POINT('',(43.106963087248,5.580536912752,2.5));
#7582 = DIRECTION('',(0.82902069528,-0.559217924246,0.));
#7583 = DIRECTION('',(-0.559217924246,-0.82902069528,0.));
#7584 = ADVANCED_FACE('',(#7585),#7603,.F.);
#7585 = FACE_BOUND('',#7586,.F.);
#7586 = EDGE_LOOP('',(#7587,#7588,#7589,#7597));
#7587 = ORIENTED_EDGE('',*,*,#7259,.F.);
#7588 = ORIENTED_EDGE('',*,*,#7574,.T.);
#7589 = ORIENTED_EDGE('',*,*,#7590,.F.);
#7590 = EDGE_CURVE('',#7591,#7567,#7593,.T.);
#7591 = VERTEX_POINT('',#7592);
#7592 = CARTESIAN_POINT('',(43.106963087248,4.006040268456,3.));
#7593 = LINE('',#7594,#7595);
#7594 = CARTESIAN_POINT('',(21.022441275168,4.006040268456,3.));
#7595 = VECTOR('',#7596,1.);
#7596 = DIRECTION('',(-1.,0.,0.));
#7597 = ORIENTED_EDGE('',*,*,#7598,.F.);
#7598 = EDGE_CURVE('',#7260,#7591,#7599,.T.);
#7599 = LINE('',#7600,#7601);
#7600 = CARTESIAN_POINT('',(43.106963087248,4.006040268456,2.5));
#7601 = VECTOR('',#7602,1.);
#7602 = DIRECTION('',(0.,0.,1.));
#7603 = PLANE('',#7604);
#7604 = AXIS2_PLACEMENT_3D('',#7605,#7606,#7607);
#7605 = CARTESIAN_POINT('',(42.044882550336,4.006040268456,2.5));
#7606 = DIRECTION('',(0.,1.,0.));
#7607 = DIRECTION('',(1.,0.,0.));
#7608 = ADVANCED_FACE('',(#7609),#7620,.F.);
#7609 = FACE_BOUND('',#7610,.F.);
#7610 = EDGE_LOOP('',(#7611,#7612,#7613,#7619));
#7611 = ORIENTED_EDGE('',*,*,#7267,.F.);
#7612 = ORIENTED_EDGE('',*,*,#7598,.T.);
#7613 = ORIENTED_EDGE('',*,*,#7614,.F.);
#7614 = EDGE_CURVE('',#7559,#7591,#7615,.T.);
#7615 = LINE('',#7616,#7617);
#7616 = CARTESIAN_POINT('',(43.106963087248,2.003020134228,3.));
#7617 = VECTOR('',#7618,1.);
#7618 = DIRECTION('',(0.,-1.,0.));
#7619 = ORIENTED_EDGE('',*,*,#7558,.F.);
#7620 = PLANE('',#7621);
#7621 = AXIS2_PLACEMENT_3D('',#7622,#7623,#7624);
#7622 = CARTESIAN_POINT('',(43.106963087248,4.006040268456,2.5));
#7623 = DIRECTION('',(-1.,0.,0.));
#7624 = DIRECTION('',(0.,1.,0.));
#7625 = ADVANCED_FACE('',(#7626),#7658,.F.);
#7626 = FACE_BOUND('',#7627,.F.);
#7627 = EDGE_LOOP('',(#7628,#7629,#7637,#7652));
#7628 = ORIENTED_EDGE('',*,*,#7330,.F.);
#7629 = ORIENTED_EDGE('',*,*,#7630,.T.);
#7630 = EDGE_CURVE('',#7331,#7631,#7633,.T.);
#7631 = VERTEX_POINT('',#7632);
#7632 = CARTESIAN_POINT('',(67.05033557047,4.48389261745,3.));
#7633 = LINE('',#7634,#7635);
#7634 = CARTESIAN_POINT('',(67.05033557047,4.48389261745,2.5));
#7635 = VECTOR('',#7636,1.);
#7636 = DIRECTION('',(0.,0.,1.));
#7637 = ORIENTED_EDGE('',*,*,#7638,.F.);
#7638 = EDGE_CURVE('',#7639,#7631,#7641,.T.);
#7639 = VERTEX_POINT('',#7640);
#7640 = CARTESIAN_POINT('',(66.668959731544,4.318791946309,3.));
#7641 = B_SPLINE_CURVE_WITH_KNOTS('',5,(#7642,#7643,#7644,#7645,#7646,
    #7647,#7648,#7649,#7650,#7651),.UNSPECIFIED.,.F.,.F.,(6,4,6),(0.,
    0.25374676084,1.),.UNSPECIFIED.);
#7642 = CARTESIAN_POINT('',(66.668959731544,4.318791946309,3.));
#7643 = CARTESIAN_POINT('',(66.68194094377,4.335643546349,3.));
#7644 = CARTESIAN_POINT('',(66.695780537443,4.35146091457,3.));
#7645 = CARTESIAN_POINT('',(66.710476458064,4.366220342258,3.));
#7646 = CARTESIAN_POINT('',(66.726020931051,4.379904702934,3.));
#7647 = CARTESIAN_POINT('',(66.790571629707,4.429555580735,3.));
#7648 = CARTESIAN_POINT('',(66.84597464989,4.457225614927,3.));
#7649 = CARTESIAN_POINT('',(66.908242675118,4.475221093434,3.));
#7650 = CARTESIAN_POINT('',(66.97664772025,4.48389261745,3.));
#7651 = CARTESIAN_POINT('',(67.05033557047,4.48389261745,3.));
#7652 = ORIENTED_EDGE('',*,*,#7653,.F.);
#7653 = EDGE_CURVE('',#7333,#7639,#7654,.T.);
#7654 = LINE('',#7655,#7656);
#7655 = CARTESIAN_POINT('',(66.668959731544,4.318791946309,2.5));
#7656 = VECTOR('',#7657,1.);
#7657 = DIRECTION('',(0.,0.,1.));
#7658 = SURFACE_OF_LINEAR_EXTRUSION('',#7659,#7663);
#7659 = B_SPLINE_CURVE_WITH_KNOTS('',2,(#7660,#7661,#7662),
  .UNSPECIFIED.,.F.,.F.,(3,3),(0.,1.),.PIECEWISE_BEZIER_KNOTS.);
#7660 = CARTESIAN_POINT('',(67.05033557047,4.48389261745,2.5));
#7661 = CARTESIAN_POINT('',(66.796140939597,4.48389261745,2.5));
#7662 = CARTESIAN_POINT('',(66.668959731544,4.318791946309,2.5));
#7663 = VECTOR('',#7664,1.);
#7664 = DIRECTION('',(-0.,-0.,-1.));
#7665 = ADVANCED_FACE('',(#7666),#7688,.F.);
#7666 = FACE_BOUND('',#7667,.F.);
#7667 = EDGE_LOOP('',(#7668,#7669,#7670,#7682));
#7668 = ORIENTED_EDGE('',*,*,#7340,.F.);
#7669 = ORIENTED_EDGE('',*,*,#7653,.T.);
#7670 = ORIENTED_EDGE('',*,*,#7671,.F.);
#7671 = EDGE_CURVE('',#7672,#7639,#7674,.T.);
#7672 = VERTEX_POINT('',#7673);
#7673 = CARTESIAN_POINT('',(66.541946308725,3.823489932886,3.));
#7674 = B_SPLINE_CURVE_WITH_KNOTS('',6,(#7675,#7676,#7677,#7678,#7679,
    #7680,#7681),.UNSPECIFIED.,.F.,.F.,(7,7),(0.,1.),
  .PIECEWISE_BEZIER_KNOTS.);
#7675 = CARTESIAN_POINT('',(66.541946308725,3.823489932886,3.));
#7676 = CARTESIAN_POINT('',(66.541946308725,3.92717264362,3.));
#7677 = CARTESIAN_POINT('',(66.549459980584,4.024095227912,3.));
#7678 = CARTESIAN_POINT('',(66.56530486287,4.113016528829,3.));
#7679 = CARTESIAN_POINT('',(66.590249540357,4.19256579267,3.));
#7680 = CARTESIAN_POINT('',(66.624832798856,4.261432763,3.));
#7681 = CARTESIAN_POINT('',(66.668959731544,4.318791946309,3.));
#7682 = ORIENTED_EDGE('',*,*,#7683,.F.);
#7683 = EDGE_CURVE('',#7341,#7672,#7684,.T.);
#7684 = LINE('',#7685,#7686);
#7685 = CARTESIAN_POINT('',(66.541946308725,3.823489932886,2.5));
#7686 = VECTOR('',#7687,1.);
#7687 = DIRECTION('',(0.,0.,1.));
#7688 = SURFACE_OF_LINEAR_EXTRUSION('',#7689,#7693);
#7689 = B_SPLINE_CURVE_WITH_KNOTS('',2,(#7690,#7691,#7692),
  .UNSPECIFIED.,.F.,.F.,(3,3),(0.,1.),.PIECEWISE_BEZIER_KNOTS.);
#7690 = CARTESIAN_POINT('',(66.668959731544,4.318791946309,2.5));
#7691 = CARTESIAN_POINT('',(66.541946308725,4.153691275168,2.5));
#7692 = CARTESIAN_POINT('',(66.541946308725,3.823489932886,2.5));
#7693 = VECTOR('',#7694,1.);
#7694 = DIRECTION('',(-0.,-0.,-1.));
#7695 = ADVANCED_FACE('',(#7696),#7718,.F.);
#7696 = FACE_BOUND('',#7697,.F.);
#7697 = EDGE_LOOP('',(#7698,#7699,#7700,#7712));
#7698 = ORIENTED_EDGE('',*,*,#7348,.F.);
#7699 = ORIENTED_EDGE('',*,*,#7683,.T.);
#7700 = ORIENTED_EDGE('',*,*,#7701,.F.);
#7701 = EDGE_CURVE('',#7702,#7672,#7704,.T.);
#7702 = VERTEX_POINT('',#7703);
#7703 = CARTESIAN_POINT('',(66.668959731544,3.328187919463,3.));
#7704 = B_SPLINE_CURVE_WITH_KNOTS('',6,(#7705,#7706,#7707,#7708,#7709,
    #7710,#7711),.UNSPECIFIED.,.F.,.F.,(7,7),(0.,1.),
  .PIECEWISE_BEZIER_KNOTS.);
#7705 = CARTESIAN_POINT('',(66.668959731544,3.328187919463,3.));
#7706 = CARTESIAN_POINT('',(66.624832802193,3.385547098434,3.));
#7707 = CARTESIAN_POINT('',(66.590249535004,3.454414076391,3.));
#7708 = CARTESIAN_POINT('',(66.565304860238,3.53396335134,3.));
#7709 = CARTESIAN_POINT('',(66.549459982019,3.622884645747,3.));
#7710 = CARTESIAN_POINT('',(66.541946308725,3.71980721221,3.));
#7711 = CARTESIAN_POINT('',(66.541946308725,3.823489932886,3.));
#7712 = ORIENTED_EDGE('',*,*,#7713,.F.);
#7713 = EDGE_CURVE('',#7349,#7702,#7714,.T.);
#7714 = LINE('',#7715,#7716);
#7715 = CARTESIAN_POINT('',(66.668959731544,3.328187919463,2.5));
#7716 = VECTOR('',#7717,1.);
#7717 = DIRECTION('',(0.,0.,1.));
#7718 = SURFACE_OF_LINEAR_EXTRUSION('',#7719,#7723);
#7719 = B_SPLINE_CURVE_WITH_KNOTS('',2,(#7720,#7721,#7722),
  .UNSPECIFIED.,.F.,.F.,(3,3),(0.,1.),.PIECEWISE_BEZIER_KNOTS.);
#7720 = CARTESIAN_POINT('',(66.541946308725,3.823489932886,2.5));
#7721 = CARTESIAN_POINT('',(66.541946308725,3.493288590604,2.5));
#7722 = CARTESIAN_POINT('',(66.668959731544,3.328187919463,2.5));
#7723 = VECTOR('',#7724,1.);
#7724 = DIRECTION('',(-0.,-0.,-1.));
#7725 = ADVANCED_FACE('',(#7726),#7751,.F.);
#7726 = FACE_BOUND('',#7727,.F.);
#7727 = EDGE_LOOP('',(#7728,#7729,#7730,#7745));
#7728 = ORIENTED_EDGE('',*,*,#7356,.F.);
#7729 = ORIENTED_EDGE('',*,*,#7713,.T.);
#7730 = ORIENTED_EDGE('',*,*,#7731,.F.);
#7731 = EDGE_CURVE('',#7732,#7702,#7734,.T.);
#7732 = VERTEX_POINT('',#7733);
#7733 = CARTESIAN_POINT('',(67.05033557047,3.163087248322,3.));
#7734 = B_SPLINE_CURVE_WITH_KNOTS('',5,(#7735,#7736,#7737,#7738,#7739,
    #7740,#7741,#7742,#7743,#7744),.UNSPECIFIED.,.F.,.F.,(6,4,6),(0.,
    0.74724278402,1.),.UNSPECIFIED.);
#7735 = CARTESIAN_POINT('',(67.05033557047,3.163087248322,3.));
#7736 = CARTESIAN_POINT('',(66.976550038227,3.163087248322,3.));
#7737 = CARTESIAN_POINT('',(66.908061235759,3.171781777137,3.));
#7738 = CARTESIAN_POINT('',(66.84572696455,3.189825911207,3.));
#7739 = CARTESIAN_POINT('',(66.7902778652,3.217571129125,3.));
#7740 = CARTESIAN_POINT('',(66.725778520729,3.267288730943,3.));
#7741 = CARTESIAN_POINT('',(66.710304559034,3.280932253149,3.));
#7742 = CARTESIAN_POINT('',(66.69567260429,3.295642339977,3.));
#7743 = CARTESIAN_POINT('',(66.681890318455,3.311402038829,3.));
#7744 = CARTESIAN_POINT('',(66.668959731544,3.328187919463,3.));
#7745 = ORIENTED_EDGE('',*,*,#7746,.F.);
#7746 = EDGE_CURVE('',#7357,#7732,#7747,.T.);
#7747 = LINE('',#7748,#7749);
#7748 = CARTESIAN_POINT('',(67.05033557047,3.163087248322,2.5));
#7749 = VECTOR('',#7750,1.);
#7750 = DIRECTION('',(0.,0.,1.));
#7751 = SURFACE_OF_LINEAR_EXTRUSION('',#7752,#7756);
#7752 = B_SPLINE_CURVE_WITH_KNOTS('',2,(#7753,#7754,#7755),
  .UNSPECIFIED.,.F.,.F.,(3,3),(0.,1.),.PIECEWISE_BEZIER_KNOTS.);
#7753 = CARTESIAN_POINT('',(66.668959731544,3.328187919463,2.5));
#7754 = CARTESIAN_POINT('',(66.796140939597,3.163087248322,2.5));
#7755 = CARTESIAN_POINT('',(67.05033557047,3.163087248322,2.5));
#7756 = VECTOR('',#7757,1.);
#7757 = DIRECTION('',(-0.,-0.,-1.));
#7758 = ADVANCED_FACE('',(#7759),#7784,.F.);
#7759 = FACE_BOUND('',#7760,.F.);
#7760 = EDGE_LOOP('',(#7761,#7762,#7763,#7778));
#7761 = ORIENTED_EDGE('',*,*,#7364,.F.);
#7762 = ORIENTED_EDGE('',*,*,#7746,.T.);
#7763 = ORIENTED_EDGE('',*,*,#7764,.F.);
#7764 = EDGE_CURVE('',#7765,#7732,#7767,.T.);
#7765 = VERTEX_POINT('',#7766);
#7766 = CARTESIAN_POINT('',(67.434060402685,3.328187919463,3.));
#7767 = B_SPLINE_CURVE_WITH_KNOTS('',5,(#7768,#7769,#7770,#7771,#7772,
    #7773,#7774,#7775,#7776,#7777),.UNSPECIFIED.,.F.,.F.,(6,4,6),(0.,
    0.241687952682,1.),.UNSPECIFIED.);
#7768 = CARTESIAN_POINT('',(67.434060402685,3.328187919463,3.));
#7769 = CARTESIAN_POINT('',(67.421701082252,3.312122435572,3.));
#7770 = CARTESIAN_POINT('',(67.408546565895,3.296998011564,3.));
#7771 = CARTESIAN_POINT('',(67.394598843054,3.28283512348,3.));
#7772 = CARTESIAN_POINT('',(67.379864786636,3.269648720613,3.));
#7773 = CARTESIAN_POINT('',(67.315696782215,3.219168359576,3.));
#7774 = CARTESIAN_POINT('',(67.259402072864,3.190585908867,3.));
#7775 = CARTESIAN_POINT('',(67.195861211147,3.172019866188,3.));
#7776 = CARTESIAN_POINT('',(67.125864868267,3.163087248322,3.));
#7777 = CARTESIAN_POINT('',(67.05033557047,3.163087248322,3.));
#7778 = ORIENTED_EDGE('',*,*,#7779,.F.);
#7779 = EDGE_CURVE('',#7365,#7765,#7780,.T.);
#7780 = LINE('',#7781,#7782);
#7781 = CARTESIAN_POINT('',(67.434060402685,3.328187919463,2.5));
#7782 = VECTOR('',#7783,1.);
#7783 = DIRECTION('',(0.,0.,1.));
#7784 = SURFACE_OF_LINEAR_EXTRUSION('',#7785,#7789);
#7785 = B_SPLINE_CURVE_WITH_KNOTS('',2,(#7786,#7787,#7788),
  .UNSPECIFIED.,.F.,.F.,(3,3),(0.,1.),.PIECEWISE_BEZIER_KNOTS.);
#7786 = CARTESIAN_POINT('',(67.05033557047,3.163087248322,2.5));
#7787 = CARTESIAN_POINT('',(67.307046979866,3.163087248322,2.5));
#7788 = CARTESIAN_POINT('',(67.434060402685,3.328187919463,2.5));
#7789 = VECTOR('',#7790,1.);
#7790 = DIRECTION('',(-0.,-0.,-1.));
#7791 = ADVANCED_FACE('',(#7792),#7814,.F.);
#7792 = FACE_BOUND('',#7793,.F.);
#7793 = EDGE_LOOP('',(#7794,#7795,#7796,#7808));
#7794 = ORIENTED_EDGE('',*,*,#7372,.F.);
#7795 = ORIENTED_EDGE('',*,*,#7779,.T.);
#7796 = ORIENTED_EDGE('',*,*,#7797,.F.);
#7797 = EDGE_CURVE('',#7798,#7765,#7800,.T.);
#7798 = VERTEX_POINT('',#7799);
#7799 = CARTESIAN_POINT('',(67.561241610738,3.823489932886,3.));
#7800 = B_SPLINE_CURVE_WITH_KNOTS('',6,(#7801,#7802,#7803,#7804,#7805,
    #7806,#7807),.UNSPECIFIED.,.F.,.F.,(7,7),(0.,1.),
  .PIECEWISE_BEZIER_KNOTS.);
#7801 = CARTESIAN_POINT('',(67.561241610738,3.823489932886,3.));
#7802 = CARTESIAN_POINT('',(67.561241610738,3.71980489087,3.));
#7803 = CARTESIAN_POINT('',(67.553717674367,3.622880162538,3.));
#7804 = CARTESIAN_POINT('',(67.537851099786,3.533957772301,3.));
#7805 = CARTESIAN_POINT('',(67.512872549643,3.454409052562,3.));
#7806 = CARTESIAN_POINT('',(67.478243413736,3.385544229324,3.));
#7807 = CARTESIAN_POINT('',(67.434060402685,3.328187919463,3.));
#7808 = ORIENTED_EDGE('',*,*,#7809,.F.);
#7809 = EDGE_CURVE('',#7373,#7798,#7810,.T.);
#7810 = LINE('',#7811,#7812);
#7811 = CARTESIAN_POINT('',(67.561241610738,3.823489932886,2.5));
#7812 = VECTOR('',#7813,1.);
#7813 = DIRECTION('',(0.,0.,1.));
#7814 = SURFACE_OF_LINEAR_EXTRUSION('',#7815,#7819);
#7815 = B_SPLINE_CURVE_WITH_KNOTS('',2,(#7816,#7817,#7818),
  .UNSPECIFIED.,.F.,.F.,(3,3),(0.,1.),.PIECEWISE_BEZIER_KNOTS.);
#7816 = CARTESIAN_POINT('',(67.434060402685,3.328187919463,2.5));
#7817 = CARTESIAN_POINT('',(67.561241610738,3.493288590604,2.5));
#7818 = CARTESIAN_POINT('',(67.561241610738,3.823489932886,2.5));
#7819 = VECTOR('',#7820,1.);
#7820 = DIRECTION('',(-0.,-0.,-1.));
#7821 = ADVANCED_FACE('',(#7822),#7844,.F.);
#7822 = FACE_BOUND('',#7823,.F.);
#7823 = EDGE_LOOP('',(#7824,#7825,#7826,#7838));
#7824 = ORIENTED_EDGE('',*,*,#7380,.F.);
#7825 = ORIENTED_EDGE('',*,*,#7809,.T.);
#7826 = ORIENTED_EDGE('',*,*,#7827,.F.);
#7827 = EDGE_CURVE('',#7828,#7798,#7830,.T.);
#7828 = VERTEX_POINT('',#7829);
#7829 = CARTESIAN_POINT('',(67.434060402685,4.318791946309,3.));
#7830 = B_SPLINE_CURVE_WITH_KNOTS('',6,(#7831,#7832,#7833,#7834,#7835,
    #7836,#7837),.UNSPECIFIED.,.F.,.F.,(7,7),(0.,1.),
  .PIECEWISE_BEZIER_KNOTS.);
#7831 = CARTESIAN_POINT('',(67.434060402685,4.318791946309,3.));
#7832 = CARTESIAN_POINT('',(67.478243408537,4.261435643197,3.));
#7833 = CARTESIAN_POINT('',(67.512872557717,4.192570808431,3.));
#7834 = CARTESIAN_POINT('',(67.537851103977,4.11302207151,3.));
#7835 = CARTESIAN_POINT('',(67.553717672135,4.024099690639,3.));
#7836 = CARTESIAN_POINT('',(67.561241610738,3.927174990321,3.));
#7837 = CARTESIAN_POINT('',(67.561241610738,3.823489932886,3.));
#7838 = ORIENTED_EDGE('',*,*,#7839,.F.);
#7839 = EDGE_CURVE('',#7381,#7828,#7840,.T.);
#7840 = LINE('',#7841,#7842);
#7841 = CARTESIAN_POINT('',(67.434060402685,4.318791946309,2.5));
#7842 = VECTOR('',#7843,1.);
#7843 = DIRECTION('',(0.,0.,1.));
#7844 = SURFACE_OF_LINEAR_EXTRUSION('',#7845,#7849);
#7845 = B_SPLINE_CURVE_WITH_KNOTS('',2,(#7846,#7847,#7848),
  .UNSPECIFIED.,.F.,.F.,(3,3),(0.,1.),.PIECEWISE_BEZIER_KNOTS.);
#7846 = CARTESIAN_POINT('',(67.561241610738,3.823489932886,2.5));
#7847 = CARTESIAN_POINT('',(67.561241610738,4.153691275168,2.5));
#7848 = CARTESIAN_POINT('',(67.434060402685,4.318791946309,2.5));
#7849 = VECTOR('',#7850,1.);
#7850 = DIRECTION('',(-0.,-0.,-1.));
#7851 = ADVANCED_FACE('',(#7852),#7870,.F.);
#7852 = FACE_BOUND('',#7853,.F.);
#7853 = EDGE_LOOP('',(#7854,#7855,#7856,#7869));
#7854 = ORIENTED_EDGE('',*,*,#7388,.F.);
#7855 = ORIENTED_EDGE('',*,*,#7839,.T.);
#7856 = ORIENTED_EDGE('',*,*,#7857,.F.);
#7857 = EDGE_CURVE('',#7631,#7828,#7858,.T.);
#7858 = B_SPLINE_CURVE_WITH_KNOTS('',5,(#7859,#7860,#7861,#7862,#7863,
    #7864,#7865,#7866,#7867,#7868),.UNSPECIFIED.,.F.,.F.,(6,4,6),(0.,
    0.757323076206,1.),.UNSPECIFIED.);
#7859 = CARTESIAN_POINT('',(67.05033557047,4.48389261745,3.));
#7860 = CARTESIAN_POINT('',(67.125766390278,4.48389261745,3.));
#7861 = CARTESIAN_POINT('',(67.195678588525,4.474983277709,3.));
#7862 = CARTESIAN_POINT('',(67.259153423117,4.456466570843,3.));
#7863 = CARTESIAN_POINT('',(67.315403056356,4.427960490237,3.));
#7864 = CARTESIAN_POINT('',(67.379623531119,4.377546889947,3.));
#7865 = CARTESIAN_POINT('',(67.394427574131,4.364318564741,3.));
#7866 = CARTESIAN_POINT('',(67.408438891727,4.350105622149,3.));
#7867 = CARTESIAN_POINT('',(67.421650506075,4.334923172549,3.));
#7868 = CARTESIAN_POINT('',(67.434060402685,4.318791946309,3.));
#7869 = ORIENTED_EDGE('',*,*,#7630,.F.);
#7870 = SURFACE_OF_LINEAR_EXTRUSION('',#7871,#7875);
#7871 = B_SPLINE_CURVE_WITH_KNOTS('',2,(#7872,#7873,#7874),
  .UNSPECIFIED.,.F.,.F.,(3,3),(0.,1.),.PIECEWISE_BEZIER_KNOTS.);
#7872 = CARTESIAN_POINT('',(67.434060402685,4.318791946309,2.5));
#7873 = CARTESIAN_POINT('',(67.307046979866,4.48389261745,2.5));
#7874 = CARTESIAN_POINT('',(67.05033557047,4.48389261745,2.5));
#7875 = VECTOR('',#7876,1.);
#7876 = DIRECTION('',(-0.,-0.,-1.));
#7877 = ADVANCED_FACE('',(#7878),#7883,.T.);
#7878 = FACE_BOUND('',#7879,.T.);
#7879 = EDGE_LOOP('',(#7880,#7881,#7882));
#7880 = ORIENTED_EDGE('',*,*,#7566,.F.);
#7881 = ORIENTED_EDGE('',*,*,#7590,.F.);
#7882 = ORIENTED_EDGE('',*,*,#7614,.F.);
#7883 = PLANE('',#7884);
#7884 = AXIS2_PLACEMENT_3D('',#7885,#7886,#7887);
#7885 = CARTESIAN_POINT('',(0.,0.,3.));
#7886 = DIRECTION('',(0.,0.,1.));
#7887 = DIRECTION('',(1.,0.,-0.));
#7888 = ADVANCED_FACE('',(#7889),#7899,.T.);
#7889 = FACE_BOUND('',#7890,.T.);
#7890 = EDGE_LOOP('',(#7891,#7892,#7893,#7894,#7895,#7896,#7897,#7898));
#7891 = ORIENTED_EDGE('',*,*,#7638,.F.);
#7892 = ORIENTED_EDGE('',*,*,#7671,.F.);
#7893 = ORIENTED_EDGE('',*,*,#7701,.F.);
#7894 = ORIENTED_EDGE('',*,*,#7731,.F.);
#7895 = ORIENTED_EDGE('',*,*,#7764,.F.);
#7896 = ORIENTED_EDGE('',*,*,#7797,.F.);
#7897 = ORIENTED_EDGE('',*,*,#7827,.F.);
#7898 = ORIENTED_EDGE('',*,*,#7857,.F.);
#7899 = PLANE('',#7900);
#7900 = AXIS2_PLACEMENT_3D('',#7901,#7902,#7903);
#7901 = CARTESIAN_POINT('',(0.,0.,3.));
#7902 = DIRECTION('',(0.,0.,1.));
#7903 = DIRECTION('',(1.,0.,-0.));
#7904 = ( GEOMETRIC_REPRESENTATION_CONTEXT(3) 
GLOBAL_UNCERTAINTY_ASSIGNED_CONTEXT((#7908)) 
GLOBAL_UNIT_ASSIGNED_CONTEXT((#7905,#7906,#7907)) REPRESENTATION_CONTEXT
('Context #1','3D Context with UNIT and UNCERTAINTY') );
#7905 = ( LENGTH_UNIT() NAMED_UNIT(*) SI_UNIT(.MILLI.,.METRE.) );
#7906 = ( NAMED_UNIT(*) PLANE_ANGLE_UNIT() SI_UNIT($,.RADIAN.) );
#7907 = ( NAMED_UNIT(*) SI_UNIT($,.STERADIAN.) SOLID_ANGLE_UNIT() );
#7908 = UNCERTAINTY_MEASURE_WITH_UNIT(LENGTH_MEASURE(1.E-06),#7905,
  'distance_accuracy_value','confusion accuracy');
#7909 = PRODUCT_RELATED_PRODUCT_CATEGORY('part',$,(#7));
ENDSEC;
END-ISO-10303-21;
