ISO-10303-21;
HEADER;
FILE_DESCRIPTION(('FreeCAD Model'),'2;1');
FILE_NAME('Open CASCADE Shape Model','2026-10-06T23:34:20',('Author'),(
    ''),'Open CASCADE STEP processor 7.8','FreeCAD','Unknown');
FILE_SCHEMA(('AUTOMOTIVE_DESIGN { 1 0 10303 214 1 1 1 1 }'));
ENDSEC;
DATA;
#1 = APPLICATION_PROTOCOL_DEFINITION('international standard',
  'automotive_design',2000,#2);
#2 = APPLICATION_CONTEXT(
  'core data for automotive mechanical design processes');
#3 = SHAPE_DEFINITION_REPRESENTATION(#4,#10);
#4 = PRODUCT_DEFINITION_SHAPE('','',#5);
#5 = PRODUCT_DEFINITION('design','',#6,#9);
#6 = PRODUCT_DEFINITION_FORMATION('','',#7);
#7 = PRODUCT('FT2_VerticalHoles','FT2_VerticalHoles','',(#8));
#8 = PRODUCT_CONTEXT('',#2,'mechanical');
#9 = PRODUCT_DEFINITION_CONTEXT('part definition',#2,'design');
#10 = ADVANCED_BREP_SHAPE_REPRESENTATION('',(#11,#15),#8408);
#11 = AXIS2_PLACEMENT_3D('',#12,#13,#14);
#12 = CARTESIAN_POINT('',(0.,0.,0.));
#13 = DIRECTION('',(0.,0.,1.));
#14 = DIRECTION('',(1.,0.,-0.));
#15 = MANIFOLD_SOLID_BREP('',#16);
#16 = CLOSED_SHELL('',(#17,#57,#88,#2314,#2338,#3195,#3207,#3229,#3246,
    #3263,#3280,#3297,#3314,#3331,#3348,#3365,#3382,#3399,#3411,#3433,
    #3450,#3467,#3484,#3501,#3518,#3535,#3552,#3569,#3586,#3603,#3615,
    #3637,#3654,#3671,#3688,#3705,#3722,#3739,#3756,#3773,#3790,#3807,
    #3819,#3841,#3858,#3875,#3892,#3909,#3926,#3943,#3960,#3977,#3994,
    #4011,#4023,#4040,#4057,#4074,#4091,#4113,#4130,#4147,#4164,#4181,
    #4198,#4215,#4232,#4249,#4266,#4283,#4295,#4317,#4334,#4351,#4368,
    #4385,#4402,#4419,#4436,#4453,#4470,#4487,#4499,#4521,#4538,#4555,
    #4572,#4589,#4606,#4623,#4640,#4657,#4674,#4691,#4703,#4720,#4737,
    #4754,#4771,#4788,#4805,#4822,#4853,#4877,#4901,#4925,#4949,#4973,
    #4997,#5021,#5045,#5069,#5086,#5117,#5141,#5165,#5189,#5215,#5239,
    #5265,#5289,#5315,#5341,#5367,#5393,#5419,#5445,#5471,#5497,#5521,
    #5547,#5566,#5599,#5625,#5651,#5677,#5703,#5729,#5755,#5781,#5807,
    #5833,#5859,#5883,#5909,#5935,#5959,#5985,#6011,#6037,#6063,#6089,
    #6115,#6141,#6167,#6193,#6219,#6243,#6269,#6293,#6310,#6341,#6365,
    #6389,#6413,#6437,#6461,#6485,#6509,#6533,#6557,#6574,#6591,#6608,
    #6625,#6656,#6680,#6704,#6728,#6754,#6778,#6804,#6830,#6856,#6882,
    #6908,#6934,#6960,#6986,#7012,#7038,#7064,#7090,#7116,#7142,#7166,
    #7185,#7216,#7242,#7268,#7294,#7320,#7346,#7372,#7398,#7424,#7450,
    #7476,#7502,#7528,#7554,#7580,#7606,#7625,#7656,#7680,#7704,#7728,
    #7752,#7776,#7793,#7812,#7839,#7876,#7921,#7951,#8042,#8057,#8088,
    #8112,#8129,#8169,#8199,#8229,#8262,#8295,#8325,#8355,#8381,#8392));
#17 = ADVANCED_FACE('',(#18),#52,.F.);
#18 = FACE_BOUND('',#19,.F.);
#19 = EDGE_LOOP('',(#20,#30,#38,#46));
#20 = ORIENTED_EDGE('',*,*,#21,.F.);
#21 = EDGE_CURVE('',#22,#24,#26,.T.);
#22 = VERTEX_POINT('',#23);
#23 = CARTESIAN_POINT('',(0.,0.,0.));
#24 = VERTEX_POINT('',#25);
#25 = CARTESIAN_POINT('',(0.,0.,6.));
#26 = LINE('',#27,#28);
#27 = CARTESIAN_POINT('',(0.,0.,0.));
#28 = VECTOR('',#29,1.);
#29 = DIRECTION('',(0.,0.,1.));
#30 = ORIENTED_EDGE('',*,*,#31,.T.);
#31 = EDGE_CURVE('',#22,#32,#34,.T.);
#32 = VERTEX_POINT('',#33);
#33 = CARTESIAN_POINT('',(0.,36.,0.));
#34 = LINE('',#35,#36);
#35 = CARTESIAN_POINT('',(0.,0.,0.));
#36 = VECTOR('',#37,1.);
#37 = DIRECTION('',(-0.,1.,0.));
#38 = ORIENTED_EDGE('',*,*,#39,.T.);
#39 = EDGE_CURVE('',#32,#40,#42,.T.);
#40 = VERTEX_POINT('',#41);
#41 = CARTESIAN_POINT('',(0.,36.,6.));
#42 = LINE('',#43,#44);
#43 = CARTESIAN_POINT('',(0.,36.,0.));
#44 = VECTOR('',#45,1.);
#45 = DIRECTION('',(0.,0.,1.));
#46 = ORIENTED_EDGE('',*,*,#47,.F.);
#47 = EDGE_CURVE('',#24,#40,#48,.T.);
#48 = LINE('',#49,#50);
#49 = CARTESIAN_POINT('',(0.,0.,6.));
#50 = VECTOR('',#51,1.);
#51 = DIRECTION('',(-0.,1.,0.));
#52 = PLANE('',#53);
#53 = AXIS2_PLACEMENT_3D('',#54,#55,#56);
#54 = CARTESIAN_POINT('',(0.,0.,0.));
#55 = DIRECTION('',(1.,0.,-0.));
#56 = DIRECTION('',(0.,0.,1.));
#57 = ADVANCED_FACE('',(#58),#83,.F.);
#58 = FACE_BOUND('',#59,.F.);
#59 = EDGE_LOOP('',(#60,#68,#69,#77));
#60 = ORIENTED_EDGE('',*,*,#61,.F.);
#61 = EDGE_CURVE('',#22,#62,#64,.T.);
#62 = VERTEX_POINT('',#63);
#63 = CARTESIAN_POINT('',(86.,0.,0.));
#64 = LINE('',#65,#66);
#65 = CARTESIAN_POINT('',(0.,0.,0.));
#66 = VECTOR('',#67,1.);
#67 = DIRECTION('',(1.,0.,-0.));
#68 = ORIENTED_EDGE('',*,*,#21,.T.);
#69 = ORIENTED_EDGE('',*,*,#70,.T.);
#70 = EDGE_CURVE('',#24,#71,#73,.T.);
#71 = VERTEX_POINT('',#72);
#72 = CARTESIAN_POINT('',(86.,0.,6.));
#73 = LINE('',#74,#75);
#74 = CARTESIAN_POINT('',(0.,0.,6.));
#75 = VECTOR('',#76,1.);
#76 = DIRECTION('',(1.,0.,-0.));
#77 = ORIENTED_EDGE('',*,*,#78,.F.);
#78 = EDGE_CURVE('',#62,#71,#79,.T.);
#79 = LINE('',#80,#81);
#80 = CARTESIAN_POINT('',(86.,0.,0.));
#81 = VECTOR('',#82,1.);
#82 = DIRECTION('',(0.,0.,1.));
#83 = PLANE('',#84);
#84 = AXIS2_PLACEMENT_3D('',#85,#86,#87);
#85 = CARTESIAN_POINT('',(0.,0.,0.));
#86 = DIRECTION('',(-0.,1.,0.));
#87 = DIRECTION('',(0.,0.,1.));
#88 = ADVANCED_FACE('',(#89,#107,#205,#303,#401,#499,#510,#521,#532,#543
    ,#641,#739,#837,#848,#859,#870,#881,#892,#903,#914,#1004,#1223,#1589
    ,#1679,#1690,#1701,#1712,#1982,#2251),#2309,.T.);
#89 = FACE_BOUND('',#90,.T.);
#90 = EDGE_LOOP('',(#91,#92,#93,#101));
#91 = ORIENTED_EDGE('',*,*,#47,.F.);
#92 = ORIENTED_EDGE('',*,*,#70,.T.);
#93 = ORIENTED_EDGE('',*,*,#94,.T.);
#94 = EDGE_CURVE('',#71,#95,#97,.T.);
#95 = VERTEX_POINT('',#96);
#96 = CARTESIAN_POINT('',(86.,36.,6.));
#97 = LINE('',#98,#99);
#98 = CARTESIAN_POINT('',(86.,0.,6.));
#99 = VECTOR('',#100,1.);
#100 = DIRECTION('',(-0.,1.,0.));
#101 = ORIENTED_EDGE('',*,*,#102,.F.);
#102 = EDGE_CURVE('',#40,#95,#103,.T.);
#103 = LINE('',#104,#105);
#104 = CARTESIAN_POINT('',(0.,36.,6.));
#105 = VECTOR('',#106,1.);
#106 = DIRECTION('',(1.,0.,-0.));
#107 = FACE_BOUND('',#108,.T.);
#108 = EDGE_LOOP('',(#109,#119,#127,#135,#143,#151,#159,#167,#175,#183,
    #191,#199));
#109 = ORIENTED_EDGE('',*,*,#110,.T.);
#110 = EDGE_CURVE('',#111,#113,#115,.T.);
#111 = VERTEX_POINT('',#112);
#112 = CARTESIAN_POINT('',(6.075,7.075,6.));
#113 = VERTEX_POINT('',#114);
#114 = CARTESIAN_POINT('',(4.575,7.075,6.));
#115 = LINE('',#116,#117);
#116 = CARTESIAN_POINT('',(2.2875,7.075,6.));
#117 = VECTOR('',#118,1.);
#118 = DIRECTION('',(-1.,-0.,0.));
#119 = ORIENTED_EDGE('',*,*,#120,.T.);
#120 = EDGE_CURVE('',#113,#121,#123,.T.);
#121 = VERTEX_POINT('',#122);
#122 = CARTESIAN_POINT('',(4.575,8.925,6.));
#123 = LINE('',#124,#125);
#124 = CARTESIAN_POINT('',(4.575,3.5375,6.));
#125 = VECTOR('',#126,1.);
#126 = DIRECTION('',(-0.,1.,0.));
#127 = ORIENTED_EDGE('',*,*,#128,.F.);
#128 = EDGE_CURVE('',#129,#121,#131,.T.);
#129 = VERTEX_POINT('',#130);
#130 = CARTESIAN_POINT('',(6.075,8.925,6.));
#131 = LINE('',#132,#133);
#132 = CARTESIAN_POINT('',(2.2875,8.925,6.));
#133 = VECTOR('',#134,1.);
#134 = DIRECTION('',(-1.,-0.,0.));
#135 = ORIENTED_EDGE('',*,*,#136,.T.);
#136 = EDGE_CURVE('',#129,#137,#139,.T.);
#137 = VERTEX_POINT('',#138);
#138 = CARTESIAN_POINT('',(6.075,10.425,6.));
#139 = LINE('',#140,#141);
#140 = CARTESIAN_POINT('',(6.075,2.7875,6.));
#141 = VECTOR('',#142,1.);
#142 = DIRECTION('',(-0.,1.,0.));
#143 = ORIENTED_EDGE('',*,*,#144,.F.);
#144 = EDGE_CURVE('',#145,#137,#147,.T.);
#145 = VERTEX_POINT('',#146);
#146 = CARTESIAN_POINT('',(7.925,10.425,6.));
#147 = LINE('',#148,#149);
#148 = CARTESIAN_POINT('',(3.0375,10.425,6.));
#149 = VECTOR('',#150,1.);
#150 = DIRECTION('',(-1.,-0.,0.));
#151 = ORIENTED_EDGE('',*,*,#152,.F.);
#152 = EDGE_CURVE('',#153,#145,#155,.T.);
#153 = VERTEX_POINT('',#154);
#154 = CARTESIAN_POINT('',(7.925,8.925,6.));
#155 = LINE('',#156,#157);
#156 = CARTESIAN_POINT('',(7.925,2.7875,6.));
#157 = VECTOR('',#158,1.);
#158 = DIRECTION('',(-0.,1.,0.));
#159 = ORIENTED_EDGE('',*,*,#160,.F.);
#160 = EDGE_CURVE('',#161,#153,#163,.T.);
#161 = VERTEX_POINT('',#162);
#162 = CARTESIAN_POINT('',(9.425,8.925,6.));
#163 = LINE('',#164,#165);
#164 = CARTESIAN_POINT('',(2.2875,8.925,6.));
#165 = VECTOR('',#166,1.);
#166 = DIRECTION('',(-1.,-0.,0.));
#167 = ORIENTED_EDGE('',*,*,#168,.F.);
#168 = EDGE_CURVE('',#169,#161,#171,.T.);
#169 = VERTEX_POINT('',#170);
#170 = CARTESIAN_POINT('',(9.425,7.075,6.));
#171 = LINE('',#172,#173);
#172 = CARTESIAN_POINT('',(9.425,3.5375,6.));
#173 = VECTOR('',#174,1.);
#174 = DIRECTION('',(-0.,1.,0.));
#175 = ORIENTED_EDGE('',*,*,#176,.T.);
#176 = EDGE_CURVE('',#169,#177,#179,.T.);
#177 = VERTEX_POINT('',#178);
#178 = CARTESIAN_POINT('',(7.925,7.075,6.));
#179 = LINE('',#180,#181);
#180 = CARTESIAN_POINT('',(2.2875,7.075,6.));
#181 = VECTOR('',#182,1.);
#182 = DIRECTION('',(-1.,-0.,0.));
#183 = ORIENTED_EDGE('',*,*,#184,.F.);
#184 = EDGE_CURVE('',#185,#177,#187,.T.);
#185 = VERTEX_POINT('',#186);
#186 = CARTESIAN_POINT('',(7.925,5.575,6.));
#187 = LINE('',#188,#189);
#188 = CARTESIAN_POINT('',(7.925,2.7875,6.));
#189 = VECTOR('',#190,1.);
#190 = DIRECTION('',(-0.,1.,0.));
#191 = ORIENTED_EDGE('',*,*,#192,.T.);
#192 = EDGE_CURVE('',#185,#193,#195,.T.);
#193 = VERTEX_POINT('',#194);
#194 = CARTESIAN_POINT('',(6.075,5.575,6.));
#195 = LINE('',#196,#197);
#196 = CARTESIAN_POINT('',(3.0375,5.575,6.));
#197 = VECTOR('',#198,1.);
#198 = DIRECTION('',(-1.,-0.,0.));
#199 = ORIENTED_EDGE('',*,*,#200,.T.);
#200 = EDGE_CURVE('',#193,#111,#201,.T.);
#201 = LINE('',#202,#203);
#202 = CARTESIAN_POINT('',(6.075,2.7875,6.));
#203 = VECTOR('',#204,1.);
#204 = DIRECTION('',(-0.,1.,0.));
#205 = FACE_BOUND('',#206,.T.);
#206 = EDGE_LOOP('',(#207,#217,#225,#233,#241,#249,#257,#265,#273,#281,
    #289,#297));
#207 = ORIENTED_EDGE('',*,*,#208,.T.);
#208 = EDGE_CURVE('',#209,#211,#213,.T.);
#209 = VERTEX_POINT('',#210);
#210 = CARTESIAN_POINT('',(18.05,7.05,6.));
#211 = VERTEX_POINT('',#212);
#212 = CARTESIAN_POINT('',(16.55,7.05,6.));
#213 = LINE('',#214,#215);
#214 = CARTESIAN_POINT('',(8.275,7.05,6.));
#215 = VECTOR('',#216,1.);
#216 = DIRECTION('',(-1.,-0.,0.));
#217 = ORIENTED_EDGE('',*,*,#218,.T.);
#218 = EDGE_CURVE('',#211,#219,#221,.T.);
#219 = VERTEX_POINT('',#220);
#220 = CARTESIAN_POINT('',(16.55,8.95,6.));
#221 = LINE('',#222,#223);
#222 = CARTESIAN_POINT('',(16.55,3.525,6.));
#223 = VECTOR('',#224,1.);
#224 = DIRECTION('',(-0.,1.,0.));
#225 = ORIENTED_EDGE('',*,*,#226,.F.);
#226 = EDGE_CURVE('',#227,#219,#229,.T.);
#227 = VERTEX_POINT('',#228);
#228 = CARTESIAN_POINT('',(18.05,8.95,6.));
#229 = LINE('',#230,#231);
#230 = CARTESIAN_POINT('',(8.275,8.95,6.));
#231 = VECTOR('',#232,1.);
#232 = DIRECTION('',(-1.,-0.,0.));
#233 = ORIENTED_EDGE('',*,*,#234,.T.);
#234 = EDGE_CURVE('',#227,#235,#237,.T.);
#235 = VERTEX_POINT('',#236);
#236 = CARTESIAN_POINT('',(18.05,10.45,6.));
#237 = LINE('',#238,#239);
#238 = CARTESIAN_POINT('',(18.05,2.775,6.));
#239 = VECTOR('',#240,1.);
#240 = DIRECTION('',(-0.,1.,0.));
#241 = ORIENTED_EDGE('',*,*,#242,.F.);
#242 = EDGE_CURVE('',#243,#235,#245,.T.);
#243 = VERTEX_POINT('',#244);
#244 = CARTESIAN_POINT('',(19.95,10.45,6.));
#245 = LINE('',#246,#247);
#246 = CARTESIAN_POINT('',(9.025,10.45,6.));
#247 = VECTOR('',#248,1.);
#248 = DIRECTION('',(-1.,-0.,0.));
#249 = ORIENTED_EDGE('',*,*,#250,.F.);
#250 = EDGE_CURVE('',#251,#243,#253,.T.);
#251 = VERTEX_POINT('',#252);
#252 = CARTESIAN_POINT('',(19.95,8.95,6.));
#253 = LINE('',#254,#255);
#254 = CARTESIAN_POINT('',(19.95,2.775,6.));
#255 = VECTOR('',#256,1.);
#256 = DIRECTION('',(-0.,1.,0.));
#257 = ORIENTED_EDGE('',*,*,#258,.F.);
#258 = EDGE_CURVE('',#259,#251,#261,.T.);
#259 = VERTEX_POINT('',#260);
#260 = CARTESIAN_POINT('',(21.45,8.95,6.));
#261 = LINE('',#262,#263);
#262 = CARTESIAN_POINT('',(8.275,8.95,6.));
#263 = VECTOR('',#264,1.);
#264 = DIRECTION('',(-1.,-0.,0.));
#265 = ORIENTED_EDGE('',*,*,#266,.F.);
#266 = EDGE_CURVE('',#267,#259,#269,.T.);
#267 = VERTEX_POINT('',#268);
#268 = CARTESIAN_POINT('',(21.45,7.05,6.));
#269 = LINE('',#270,#271);
#270 = CARTESIAN_POINT('',(21.45,3.525,6.));
#271 = VECTOR('',#272,1.);
#272 = DIRECTION('',(-0.,1.,0.));
#273 = ORIENTED_EDGE('',*,*,#274,.T.);
#274 = EDGE_CURVE('',#267,#275,#277,.T.);
#275 = VERTEX_POINT('',#276);
#276 = CARTESIAN_POINT('',(19.95,7.05,6.));
#277 = LINE('',#278,#279);
#278 = CARTESIAN_POINT('',(8.275,7.05,6.));
#279 = VECTOR('',#280,1.);
#280 = DIRECTION('',(-1.,-0.,0.));
#281 = ORIENTED_EDGE('',*,*,#282,.F.);
#282 = EDGE_CURVE('',#283,#275,#285,.T.);
#283 = VERTEX_POINT('',#284);
#284 = CARTESIAN_POINT('',(19.95,5.55,6.));
#285 = LINE('',#286,#287);
#286 = CARTESIAN_POINT('',(19.95,2.775,6.));
#287 = VECTOR('',#288,1.);
#288 = DIRECTION('',(-0.,1.,0.));
#289 = ORIENTED_EDGE('',*,*,#290,.T.);
#290 = EDGE_CURVE('',#283,#291,#293,.T.);
#291 = VERTEX_POINT('',#292);
#292 = CARTESIAN_POINT('',(18.05,5.55,6.));
#293 = LINE('',#294,#295);
#294 = CARTESIAN_POINT('',(9.025,5.55,6.));
#295 = VECTOR('',#296,1.);
#296 = DIRECTION('',(-1.,-0.,0.));
#297 = ORIENTED_EDGE('',*,*,#298,.T.);
#298 = EDGE_CURVE('',#291,#209,#299,.T.);
#299 = LINE('',#300,#301);
#300 = CARTESIAN_POINT('',(18.05,2.775,6.));
#301 = VECTOR('',#302,1.);
#302 = DIRECTION('',(-0.,1.,0.));
#303 = FACE_BOUND('',#304,.T.);
#304 = EDGE_LOOP('',(#305,#315,#323,#331,#339,#347,#355,#363,#371,#379,
    #387,#395));
#305 = ORIENTED_EDGE('',*,*,#306,.T.);
#306 = EDGE_CURVE('',#307,#309,#311,.T.);
#307 = VERTEX_POINT('',#308);
#308 = CARTESIAN_POINT('',(30.025,7.025,6.));
#309 = VERTEX_POINT('',#310);
#310 = CARTESIAN_POINT('',(28.525,7.025,6.));
#311 = LINE('',#312,#313);
#312 = CARTESIAN_POINT('',(14.2625,7.025,6.));
#313 = VECTOR('',#314,1.);
#314 = DIRECTION('',(-1.,-0.,0.));
#315 = ORIENTED_EDGE('',*,*,#316,.T.);
#316 = EDGE_CURVE('',#309,#317,#319,.T.);
#317 = VERTEX_POINT('',#318);
#318 = CARTESIAN_POINT('',(28.525,8.975,6.));
#319 = LINE('',#320,#321);
#320 = CARTESIAN_POINT('',(28.525,3.5125,6.));
#321 = VECTOR('',#322,1.);
#322 = DIRECTION('',(-0.,1.,0.));
#323 = ORIENTED_EDGE('',*,*,#324,.F.);
#324 = EDGE_CURVE('',#325,#317,#327,.T.);
#325 = VERTEX_POINT('',#326);
#326 = CARTESIAN_POINT('',(30.025,8.975,6.));
#327 = LINE('',#328,#329);
#328 = CARTESIAN_POINT('',(14.2625,8.975,6.));
#329 = VECTOR('',#330,1.);
#330 = DIRECTION('',(-1.,-0.,0.));
#331 = ORIENTED_EDGE('',*,*,#332,.T.);
#332 = EDGE_CURVE('',#325,#333,#335,.T.);
#333 = VERTEX_POINT('',#334);
#334 = CARTESIAN_POINT('',(30.025,10.475,6.));
#335 = LINE('',#336,#337);
#336 = CARTESIAN_POINT('',(30.025,2.7625,6.));
#337 = VECTOR('',#338,1.);
#338 = DIRECTION('',(-0.,1.,0.));
#339 = ORIENTED_EDGE('',*,*,#340,.F.);
#340 = EDGE_CURVE('',#341,#333,#343,.T.);
#341 = VERTEX_POINT('',#342);
#342 = CARTESIAN_POINT('',(31.975,10.475,6.));
#343 = LINE('',#344,#345);
#344 = CARTESIAN_POINT('',(15.0125,10.475,6.));
#345 = VECTOR('',#346,1.);
#346 = DIRECTION('',(-1.,-0.,0.));
#347 = ORIENTED_EDGE('',*,*,#348,.F.);
#348 = EDGE_CURVE('',#349,#341,#351,.T.);
#349 = VERTEX_POINT('',#350);
#350 = CARTESIAN_POINT('',(31.975,8.975,6.));
#351 = LINE('',#352,#353);
#352 = CARTESIAN_POINT('',(31.975,2.7625,6.));
#353 = VECTOR('',#354,1.);
#354 = DIRECTION('',(-0.,1.,0.));
#355 = ORIENTED_EDGE('',*,*,#356,.F.);
#356 = EDGE_CURVE('',#357,#349,#359,.T.);
#357 = VERTEX_POINT('',#358);
#358 = CARTESIAN_POINT('',(33.475,8.975,6.));
#359 = LINE('',#360,#361);
#360 = CARTESIAN_POINT('',(14.2625,8.975,6.));
#361 = VECTOR('',#362,1.);
#362 = DIRECTION('',(-1.,-0.,0.));
#363 = ORIENTED_EDGE('',*,*,#364,.F.);
#364 = EDGE_CURVE('',#365,#357,#367,.T.);
#365 = VERTEX_POINT('',#366);
#366 = CARTESIAN_POINT('',(33.475,7.025,6.));
#367 = LINE('',#368,#369);
#368 = CARTESIAN_POINT('',(33.475,3.5125,6.));
#369 = VECTOR('',#370,1.);
#370 = DIRECTION('',(-0.,1.,0.));
#371 = ORIENTED_EDGE('',*,*,#372,.T.);
#372 = EDGE_CURVE('',#365,#373,#375,.T.);
#373 = VERTEX_POINT('',#374);
#374 = CARTESIAN_POINT('',(31.975,7.025,6.));
#375 = LINE('',#376,#377);
#376 = CARTESIAN_POINT('',(14.2625,7.025,6.));
#377 = VECTOR('',#378,1.);
#378 = DIRECTION('',(-1.,-0.,0.));
#379 = ORIENTED_EDGE('',*,*,#380,.F.);
#380 = EDGE_CURVE('',#381,#373,#383,.T.);
#381 = VERTEX_POINT('',#382);
#382 = CARTESIAN_POINT('',(31.975,5.525,6.));
#383 = LINE('',#384,#385);
#384 = CARTESIAN_POINT('',(31.975,2.7625,6.));
#385 = VECTOR('',#386,1.);
#386 = DIRECTION('',(-0.,1.,0.));
#387 = ORIENTED_EDGE('',*,*,#388,.T.);
#388 = EDGE_CURVE('',#381,#389,#391,.T.);
#389 = VERTEX_POINT('',#390);
#390 = CARTESIAN_POINT('',(30.025,5.525,6.));
#391 = LINE('',#392,#393);
#392 = CARTESIAN_POINT('',(15.0125,5.525,6.));
#393 = VECTOR('',#394,1.);
#394 = DIRECTION('',(-1.,-0.,0.));
#395 = ORIENTED_EDGE('',*,*,#396,.T.);
#396 = EDGE_CURVE('',#389,#307,#397,.T.);
#397 = LINE('',#398,#399);
#398 = CARTESIAN_POINT('',(30.025,2.7625,6.));
#399 = VECTOR('',#400,1.);
#400 = DIRECTION('',(-0.,1.,0.));
#401 = FACE_BOUND('',#402,.T.);
#402 = EDGE_LOOP('',(#403,#413,#421,#429,#437,#445,#453,#461,#469,#477,
    #485,#493));
#403 = ORIENTED_EDGE('',*,*,#404,.T.);
#404 = EDGE_CURVE('',#405,#407,#409,.T.);
#405 = VERTEX_POINT('',#406);
#406 = CARTESIAN_POINT('',(42.,7.,6.));
#407 = VERTEX_POINT('',#408);
#408 = CARTESIAN_POINT('',(40.5,7.,6.));
#409 = LINE('',#410,#411);
#410 = CARTESIAN_POINT('',(20.25,7.,6.));
#411 = VECTOR('',#412,1.);
#412 = DIRECTION('',(-1.,-0.,0.));
#413 = ORIENTED_EDGE('',*,*,#414,.T.);
#414 = EDGE_CURVE('',#407,#415,#417,.T.);
#415 = VERTEX_POINT('',#416);
#416 = CARTESIAN_POINT('',(40.5,9.,6.));
#417 = LINE('',#418,#419);
#418 = CARTESIAN_POINT('',(40.5,3.5,6.));
#419 = VECTOR('',#420,1.);
#420 = DIRECTION('',(-0.,1.,0.));
#421 = ORIENTED_EDGE('',*,*,#422,.F.);
#422 = EDGE_CURVE('',#423,#415,#425,.T.);
#423 = VERTEX_POINT('',#424);
#424 = CARTESIAN_POINT('',(42.,9.,6.));
#425 = LINE('',#426,#427);
#426 = CARTESIAN_POINT('',(20.25,9.,6.));
#427 = VECTOR('',#428,1.);
#428 = DIRECTION('',(-1.,-0.,0.));
#429 = ORIENTED_EDGE('',*,*,#430,.T.);
#430 = EDGE_CURVE('',#423,#431,#433,.T.);
#431 = VERTEX_POINT('',#432);
#432 = CARTESIAN_POINT('',(42.,10.5,6.));
#433 = LINE('',#434,#435);
#434 = CARTESIAN_POINT('',(42.,2.75,6.));
#435 = VECTOR('',#436,1.);
#436 = DIRECTION('',(-0.,1.,0.));
#437 = ORIENTED_EDGE('',*,*,#438,.F.);
#438 = EDGE_CURVE('',#439,#431,#441,.T.);
#439 = VERTEX_POINT('',#440);
#440 = CARTESIAN_POINT('',(44.,10.5,6.));
#441 = LINE('',#442,#443);
#442 = CARTESIAN_POINT('',(21.,10.5,6.));
#443 = VECTOR('',#444,1.);
#444 = DIRECTION('',(-1.,-0.,0.));
#445 = ORIENTED_EDGE('',*,*,#446,.F.);
#446 = EDGE_CURVE('',#447,#439,#449,.T.);
#447 = VERTEX_POINT('',#448);
#448 = CARTESIAN_POINT('',(44.,9.,6.));
#449 = LINE('',#450,#451);
#450 = CARTESIAN_POINT('',(44.,2.75,6.));
#451 = VECTOR('',#452,1.);
#452 = DIRECTION('',(-0.,1.,0.));
#453 = ORIENTED_EDGE('',*,*,#454,.F.);
#454 = EDGE_CURVE('',#455,#447,#457,.T.);
#455 = VERTEX_POINT('',#456);
#456 = CARTESIAN_POINT('',(45.5,9.,6.));
#457 = LINE('',#458,#459);
#458 = CARTESIAN_POINT('',(20.25,9.,6.));
#459 = VECTOR('',#460,1.);
#460 = DIRECTION('',(-1.,-0.,0.));
#461 = ORIENTED_EDGE('',*,*,#462,.F.);
#462 = EDGE_CURVE('',#463,#455,#465,.T.);
#463 = VERTEX_POINT('',#464);
#464 = CARTESIAN_POINT('',(45.5,7.,6.));
#465 = LINE('',#466,#467);
#466 = CARTESIAN_POINT('',(45.5,3.5,6.));
#467 = VECTOR('',#468,1.);
#468 = DIRECTION('',(-0.,1.,0.));
#469 = ORIENTED_EDGE('',*,*,#470,.T.);
#470 = EDGE_CURVE('',#463,#471,#473,.T.);
#471 = VERTEX_POINT('',#472);
#472 = CARTESIAN_POINT('',(44.,7.,6.));
#473 = LINE('',#474,#475);
#474 = CARTESIAN_POINT('',(20.25,7.,6.));
#475 = VECTOR('',#476,1.);
#476 = DIRECTION('',(-1.,-0.,0.));
#477 = ORIENTED_EDGE('',*,*,#478,.F.);
#478 = EDGE_CURVE('',#479,#471,#481,.T.);
#479 = VERTEX_POINT('',#480);
#480 = CARTESIAN_POINT('',(44.,5.5,6.));
#481 = LINE('',#482,#483);
#482 = CARTESIAN_POINT('',(44.,2.75,6.));
#483 = VECTOR('',#484,1.);
#484 = DIRECTION('',(-0.,1.,0.));
#485 = ORIENTED_EDGE('',*,*,#486,.T.);
#486 = EDGE_CURVE('',#479,#487,#489,.T.);
#487 = VERTEX_POINT('',#488);
#488 = CARTESIAN_POINT('',(42.,5.5,6.));
#489 = LINE('',#490,#491);
#490 = CARTESIAN_POINT('',(21.,5.5,6.));
#491 = VECTOR('',#492,1.);
#492 = DIRECTION('',(-1.,-0.,0.));
#493 = ORIENTED_EDGE('',*,*,#494,.T.);
#494 = EDGE_CURVE('',#487,#405,#495,.T.);
#495 = LINE('',#496,#497);
#496 = CARTESIAN_POINT('',(42.,2.75,6.));
#497 = VECTOR('',#498,1.);
#498 = DIRECTION('',(-0.,1.,0.));
#499 = FACE_BOUND('',#500,.T.);
#500 = EDGE_LOOP('',(#501));
#501 = ORIENTED_EDGE('',*,*,#502,.F.);
#502 = EDGE_CURVE('',#503,#503,#505,.T.);
#503 = VERTEX_POINT('',#504);
#504 = CARTESIAN_POINT('',(9.375,17.5,6.));
#505 = CIRCLE('',#506,2.375);
#506 = AXIS2_PLACEMENT_3D('',#507,#508,#509);
#507 = CARTESIAN_POINT('',(7.,17.5,6.));
#508 = DIRECTION('',(0.,0.,1.));
#509 = DIRECTION('',(1.,0.,-0.));
#510 = FACE_BOUND('',#511,.T.);
#511 = EDGE_LOOP('',(#512));
#512 = ORIENTED_EDGE('',*,*,#513,.F.);
#513 = EDGE_CURVE('',#514,#514,#516,.T.);
#514 = VERTEX_POINT('',#515);
#515 = CARTESIAN_POINT('',(21.4,17.5,6.));
#516 = CIRCLE('',#517,2.4);
#517 = AXIS2_PLACEMENT_3D('',#518,#519,#520);
#518 = CARTESIAN_POINT('',(19.,17.5,6.));
#519 = DIRECTION('',(0.,0.,1.));
#520 = DIRECTION('',(1.,0.,-0.));
#521 = FACE_BOUND('',#522,.T.);
#522 = EDGE_LOOP('',(#523));
#523 = ORIENTED_EDGE('',*,*,#524,.F.);
#524 = EDGE_CURVE('',#525,#525,#527,.T.);
#525 = VERTEX_POINT('',#526);
#526 = CARTESIAN_POINT('',(33.425,17.5,6.));
#527 = CIRCLE('',#528,2.425);
#528 = AXIS2_PLACEMENT_3D('',#529,#530,#531);
#529 = CARTESIAN_POINT('',(31.,17.5,6.));
#530 = DIRECTION('',(0.,0.,1.));
#531 = DIRECTION('',(1.,0.,-0.));
#532 = FACE_BOUND('',#533,.T.);
#533 = EDGE_LOOP('',(#534));
#534 = ORIENTED_EDGE('',*,*,#535,.F.);
#535 = EDGE_CURVE('',#536,#536,#538,.T.);
#536 = VERTEX_POINT('',#537);
#537 = CARTESIAN_POINT('',(45.45,17.5,6.));
#538 = CIRCLE('',#539,2.45);
#539 = AXIS2_PLACEMENT_3D('',#540,#541,#542);
#540 = CARTESIAN_POINT('',(43.,17.5,6.));
#541 = DIRECTION('',(0.,0.,1.));
#542 = DIRECTION('',(1.,0.,-0.));
#543 = FACE_BOUND('',#544,.T.);
#544 = EDGE_LOOP('',(#545,#555,#563,#571,#579,#587,#595,#603,#611,#619,
    #627,#635));
#545 = ORIENTED_EDGE('',*,*,#546,.T.);
#546 = EDGE_CURVE('',#547,#549,#551,.T.);
#547 = VERTEX_POINT('',#548);
#548 = CARTESIAN_POINT('',(53.975,6.975,6.));
#549 = VERTEX_POINT('',#550);
#550 = CARTESIAN_POINT('',(52.475,6.975,6.));
#551 = LINE('',#552,#553);
#552 = CARTESIAN_POINT('',(26.2375,6.975,6.));
#553 = VECTOR('',#554,1.);
#554 = DIRECTION('',(-1.,-0.,0.));
#555 = ORIENTED_EDGE('',*,*,#556,.T.);
#556 = EDGE_CURVE('',#549,#557,#559,.T.);
#557 = VERTEX_POINT('',#558);
#558 = CARTESIAN_POINT('',(52.475,9.025,6.));
#559 = LINE('',#560,#561);
#560 = CARTESIAN_POINT('',(52.475,3.4875,6.));
#561 = VECTOR('',#562,1.);
#562 = DIRECTION('',(-0.,1.,0.));
#563 = ORIENTED_EDGE('',*,*,#564,.F.);
#564 = EDGE_CURVE('',#565,#557,#567,.T.);
#565 = VERTEX_POINT('',#566);
#566 = CARTESIAN_POINT('',(53.975,9.025,6.));
#567 = LINE('',#568,#569);
#568 = CARTESIAN_POINT('',(26.2375,9.025,6.));
#569 = VECTOR('',#570,1.);
#570 = DIRECTION('',(-1.,-0.,0.));
#571 = ORIENTED_EDGE('',*,*,#572,.T.);
#572 = EDGE_CURVE('',#565,#573,#575,.T.);
#573 = VERTEX_POINT('',#574);
#574 = CARTESIAN_POINT('',(53.975,10.525,6.));
#575 = LINE('',#576,#577);
#576 = CARTESIAN_POINT('',(53.975,2.7375,6.));
#577 = VECTOR('',#578,1.);
#578 = DIRECTION('',(-0.,1.,0.));
#579 = ORIENTED_EDGE('',*,*,#580,.F.);
#580 = EDGE_CURVE('',#581,#573,#583,.T.);
#581 = VERTEX_POINT('',#582);
#582 = CARTESIAN_POINT('',(56.025,10.525,6.));
#583 = LINE('',#584,#585);
#584 = CARTESIAN_POINT('',(26.9875,10.525,6.));
#585 = VECTOR('',#586,1.);
#586 = DIRECTION('',(-1.,-0.,0.));
#587 = ORIENTED_EDGE('',*,*,#588,.F.);
#588 = EDGE_CURVE('',#589,#581,#591,.T.);
#589 = VERTEX_POINT('',#590);
#590 = CARTESIAN_POINT('',(56.025,9.025,6.));
#591 = LINE('',#592,#593);
#592 = CARTESIAN_POINT('',(56.025,2.7375,6.));
#593 = VECTOR('',#594,1.);
#594 = DIRECTION('',(-0.,1.,0.));
#595 = ORIENTED_EDGE('',*,*,#596,.F.);
#596 = EDGE_CURVE('',#597,#589,#599,.T.);
#597 = VERTEX_POINT('',#598);
#598 = CARTESIAN_POINT('',(57.525,9.025,6.));
#599 = LINE('',#600,#601);
#600 = CARTESIAN_POINT('',(26.2375,9.025,6.));
#601 = VECTOR('',#602,1.);
#602 = DIRECTION('',(-1.,-0.,0.));
#603 = ORIENTED_EDGE('',*,*,#604,.F.);
#604 = EDGE_CURVE('',#605,#597,#607,.T.);
#605 = VERTEX_POINT('',#606);
#606 = CARTESIAN_POINT('',(57.525,6.975,6.));
#607 = LINE('',#608,#609);
#608 = CARTESIAN_POINT('',(57.525,3.4875,6.));
#609 = VECTOR('',#610,1.);
#610 = DIRECTION('',(-0.,1.,0.));
#611 = ORIENTED_EDGE('',*,*,#612,.T.);
#612 = EDGE_CURVE('',#605,#613,#615,.T.);
#613 = VERTEX_POINT('',#614);
#614 = CARTESIAN_POINT('',(56.025,6.975,6.));
#615 = LINE('',#616,#617);
#616 = CARTESIAN_POINT('',(26.2375,6.975,6.));
#617 = VECTOR('',#618,1.);
#618 = DIRECTION('',(-1.,-0.,0.));
#619 = ORIENTED_EDGE('',*,*,#620,.F.);
#620 = EDGE_CURVE('',#621,#613,#623,.T.);
#621 = VERTEX_POINT('',#622);
#622 = CARTESIAN_POINT('',(56.025,5.475,6.));
#623 = LINE('',#624,#625);
#624 = CARTESIAN_POINT('',(56.025,2.7375,6.));
#625 = VECTOR('',#626,1.);
#626 = DIRECTION('',(-0.,1.,0.));
#627 = ORIENTED_EDGE('',*,*,#628,.T.);
#628 = EDGE_CURVE('',#621,#629,#631,.T.);
#629 = VERTEX_POINT('',#630);
#630 = CARTESIAN_POINT('',(53.975,5.475,6.));
#631 = LINE('',#632,#633);
#632 = CARTESIAN_POINT('',(26.9875,5.475,6.));
#633 = VECTOR('',#634,1.);
#634 = DIRECTION('',(-1.,-0.,0.));
#635 = ORIENTED_EDGE('',*,*,#636,.T.);
#636 = EDGE_CURVE('',#629,#547,#637,.T.);
#637 = LINE('',#638,#639);
#638 = CARTESIAN_POINT('',(53.975,2.7375,6.));
#639 = VECTOR('',#640,1.);
#640 = DIRECTION('',(-0.,1.,0.));
#641 = FACE_BOUND('',#642,.T.);
#642 = EDGE_LOOP('',(#643,#653,#661,#669,#677,#685,#693,#701,#709,#717,
    #725,#733));
#643 = ORIENTED_EDGE('',*,*,#644,.T.);
#644 = EDGE_CURVE('',#645,#647,#649,.T.);
#645 = VERTEX_POINT('',#646);
#646 = CARTESIAN_POINT('',(65.95,6.95,6.));
#647 = VERTEX_POINT('',#648);
#648 = CARTESIAN_POINT('',(64.45,6.95,6.));
#649 = LINE('',#650,#651);
#650 = CARTESIAN_POINT('',(32.225,6.95,6.));
#651 = VECTOR('',#652,1.);
#652 = DIRECTION('',(-1.,-0.,0.));
#653 = ORIENTED_EDGE('',*,*,#654,.T.);
#654 = EDGE_CURVE('',#647,#655,#657,.T.);
#655 = VERTEX_POINT('',#656);
#656 = CARTESIAN_POINT('',(64.45,9.05,6.));
#657 = LINE('',#658,#659);
#658 = CARTESIAN_POINT('',(64.45,3.475,6.));
#659 = VECTOR('',#660,1.);
#660 = DIRECTION('',(-0.,1.,0.));
#661 = ORIENTED_EDGE('',*,*,#662,.F.);
#662 = EDGE_CURVE('',#663,#655,#665,.T.);
#663 = VERTEX_POINT('',#664);
#664 = CARTESIAN_POINT('',(65.95,9.05,6.));
#665 = LINE('',#666,#667);
#666 = CARTESIAN_POINT('',(32.225,9.05,6.));
#667 = VECTOR('',#668,1.);
#668 = DIRECTION('',(-1.,-0.,0.));
#669 = ORIENTED_EDGE('',*,*,#670,.T.);
#670 = EDGE_CURVE('',#663,#671,#673,.T.);
#671 = VERTEX_POINT('',#672);
#672 = CARTESIAN_POINT('',(65.95,10.55,6.));
#673 = LINE('',#674,#675);
#674 = CARTESIAN_POINT('',(65.95,2.725,6.));
#675 = VECTOR('',#676,1.);
#676 = DIRECTION('',(-0.,1.,0.));
#677 = ORIENTED_EDGE('',*,*,#678,.F.);
#678 = EDGE_CURVE('',#679,#671,#681,.T.);
#679 = VERTEX_POINT('',#680);
#680 = CARTESIAN_POINT('',(68.05,10.55,6.));
#681 = LINE('',#682,#683);
#682 = CARTESIAN_POINT('',(32.975,10.55,6.));
#683 = VECTOR('',#684,1.);
#684 = DIRECTION('',(-1.,-0.,0.));
#685 = ORIENTED_EDGE('',*,*,#686,.F.);
#686 = EDGE_CURVE('',#687,#679,#689,.T.);
#687 = VERTEX_POINT('',#688);
#688 = CARTESIAN_POINT('',(68.05,9.05,6.));
#689 = LINE('',#690,#691);
#690 = CARTESIAN_POINT('',(68.05,2.725,6.));
#691 = VECTOR('',#692,1.);
#692 = DIRECTION('',(-0.,1.,0.));
#693 = ORIENTED_EDGE('',*,*,#694,.F.);
#694 = EDGE_CURVE('',#695,#687,#697,.T.);
#695 = VERTEX_POINT('',#696);
#696 = CARTESIAN_POINT('',(69.55,9.05,6.));
#697 = LINE('',#698,#699);
#698 = CARTESIAN_POINT('',(32.225,9.05,6.));
#699 = VECTOR('',#700,1.);
#700 = DIRECTION('',(-1.,-0.,0.));
#701 = ORIENTED_EDGE('',*,*,#702,.F.);
#702 = EDGE_CURVE('',#703,#695,#705,.T.);
#703 = VERTEX_POINT('',#704);
#704 = CARTESIAN_POINT('',(69.55,6.95,6.));
#705 = LINE('',#706,#707);
#706 = CARTESIAN_POINT('',(69.55,3.475,6.));
#707 = VECTOR('',#708,1.);
#708 = DIRECTION('',(-0.,1.,0.));
#709 = ORIENTED_EDGE('',*,*,#710,.T.);
#710 = EDGE_CURVE('',#703,#711,#713,.T.);
#711 = VERTEX_POINT('',#712);
#712 = CARTESIAN_POINT('',(68.05,6.95,6.));
#713 = LINE('',#714,#715);
#714 = CARTESIAN_POINT('',(32.225,6.95,6.));
#715 = VECTOR('',#716,1.);
#716 = DIRECTION('',(-1.,-0.,0.));
#717 = ORIENTED_EDGE('',*,*,#718,.F.);
#718 = EDGE_CURVE('',#719,#711,#721,.T.);
#719 = VERTEX_POINT('',#720);
#720 = CARTESIAN_POINT('',(68.05,5.45,6.));
#721 = LINE('',#722,#723);
#722 = CARTESIAN_POINT('',(68.05,2.725,6.));
#723 = VECTOR('',#724,1.);
#724 = DIRECTION('',(-0.,1.,0.));
#725 = ORIENTED_EDGE('',*,*,#726,.T.);
#726 = EDGE_CURVE('',#719,#727,#729,.T.);
#727 = VERTEX_POINT('',#728);
#728 = CARTESIAN_POINT('',(65.95,5.45,6.));
#729 = LINE('',#730,#731);
#730 = CARTESIAN_POINT('',(32.975,5.45,6.));
#731 = VECTOR('',#732,1.);
#732 = DIRECTION('',(-1.,-0.,0.));
#733 = ORIENTED_EDGE('',*,*,#734,.T.);
#734 = EDGE_CURVE('',#727,#645,#735,.T.);
#735 = LINE('',#736,#737);
#736 = CARTESIAN_POINT('',(65.95,2.725,6.));
#737 = VECTOR('',#738,1.);
#738 = DIRECTION('',(-0.,1.,0.));
#739 = FACE_BOUND('',#740,.T.);
#740 = EDGE_LOOP('',(#741,#751,#759,#767,#775,#783,#791,#799,#807,#815,
    #823,#831));
#741 = ORIENTED_EDGE('',*,*,#742,.T.);
#742 = EDGE_CURVE('',#743,#745,#747,.T.);
#743 = VERTEX_POINT('',#744);
#744 = CARTESIAN_POINT('',(77.925,6.925,6.));
#745 = VERTEX_POINT('',#746);
#746 = CARTESIAN_POINT('',(76.425,6.925,6.));
#747 = LINE('',#748,#749);
#748 = CARTESIAN_POINT('',(38.2125,6.925,6.));
#749 = VECTOR('',#750,1.);
#750 = DIRECTION('',(-1.,-0.,0.));
#751 = ORIENTED_EDGE('',*,*,#752,.T.);
#752 = EDGE_CURVE('',#745,#753,#755,.T.);
#753 = VERTEX_POINT('',#754);
#754 = CARTESIAN_POINT('',(76.425,9.075,6.));
#755 = LINE('',#756,#757);
#756 = CARTESIAN_POINT('',(76.425,3.4625,6.));
#757 = VECTOR('',#758,1.);
#758 = DIRECTION('',(-0.,1.,0.));
#759 = ORIENTED_EDGE('',*,*,#760,.F.);
#760 = EDGE_CURVE('',#761,#753,#763,.T.);
#761 = VERTEX_POINT('',#762);
#762 = CARTESIAN_POINT('',(77.925,9.075,6.));
#763 = LINE('',#764,#765);
#764 = CARTESIAN_POINT('',(38.2125,9.075,6.));
#765 = VECTOR('',#766,1.);
#766 = DIRECTION('',(-1.,-0.,0.));
#767 = ORIENTED_EDGE('',*,*,#768,.T.);
#768 = EDGE_CURVE('',#761,#769,#771,.T.);
#769 = VERTEX_POINT('',#770);
#770 = CARTESIAN_POINT('',(77.925,10.575,6.));
#771 = LINE('',#772,#773);
#772 = CARTESIAN_POINT('',(77.925,2.7125,6.));
#773 = VECTOR('',#774,1.);
#774 = DIRECTION('',(-0.,1.,0.));
#775 = ORIENTED_EDGE('',*,*,#776,.F.);
#776 = EDGE_CURVE('',#777,#769,#779,.T.);
#777 = VERTEX_POINT('',#778);
#778 = CARTESIAN_POINT('',(80.075,10.575,6.));
#779 = LINE('',#780,#781);
#780 = CARTESIAN_POINT('',(38.9625,10.575,6.));
#781 = VECTOR('',#782,1.);
#782 = DIRECTION('',(-1.,-0.,0.));
#783 = ORIENTED_EDGE('',*,*,#784,.F.);
#784 = EDGE_CURVE('',#785,#777,#787,.T.);
#785 = VERTEX_POINT('',#786);
#786 = CARTESIAN_POINT('',(80.075,9.075,6.));
#787 = LINE('',#788,#789);
#788 = CARTESIAN_POINT('',(80.075,2.7125,6.));
#789 = VECTOR('',#790,1.);
#790 = DIRECTION('',(-0.,1.,0.));
#791 = ORIENTED_EDGE('',*,*,#792,.F.);
#792 = EDGE_CURVE('',#793,#785,#795,.T.);
#793 = VERTEX_POINT('',#794);
#794 = CARTESIAN_POINT('',(81.575,9.075,6.));
#795 = LINE('',#796,#797);
#796 = CARTESIAN_POINT('',(38.2125,9.075,6.));
#797 = VECTOR('',#798,1.);
#798 = DIRECTION('',(-1.,-0.,0.));
#799 = ORIENTED_EDGE('',*,*,#800,.F.);
#800 = EDGE_CURVE('',#801,#793,#803,.T.);
#801 = VERTEX_POINT('',#802);
#802 = CARTESIAN_POINT('',(81.575,6.925,6.));
#803 = LINE('',#804,#805);
#804 = CARTESIAN_POINT('',(81.575,3.4625,6.));
#805 = VECTOR('',#806,1.);
#806 = DIRECTION('',(-0.,1.,0.));
#807 = ORIENTED_EDGE('',*,*,#808,.T.);
#808 = EDGE_CURVE('',#801,#809,#811,.T.);
#809 = VERTEX_POINT('',#810);
#810 = CARTESIAN_POINT('',(80.075,6.925,6.));
#811 = LINE('',#812,#813);
#812 = CARTESIAN_POINT('',(38.2125,6.925,6.));
#813 = VECTOR('',#814,1.);
#814 = DIRECTION('',(-1.,-0.,0.));
#815 = ORIENTED_EDGE('',*,*,#816,.F.);
#816 = EDGE_CURVE('',#817,#809,#819,.T.);
#817 = VERTEX_POINT('',#818);
#818 = CARTESIAN_POINT('',(80.075,5.425,6.));
#819 = LINE('',#820,#821);
#820 = CARTESIAN_POINT('',(80.075,2.7125,6.));
#821 = VECTOR('',#822,1.);
#822 = DIRECTION('',(-0.,1.,0.));
#823 = ORIENTED_EDGE('',*,*,#824,.T.);
#824 = EDGE_CURVE('',#817,#825,#827,.T.);
#825 = VERTEX_POINT('',#826);
#826 = CARTESIAN_POINT('',(77.925,5.425,6.));
#827 = LINE('',#828,#829);
#828 = CARTESIAN_POINT('',(38.9625,5.425,6.));
#829 = VECTOR('',#830,1.);
#830 = DIRECTION('',(-1.,-0.,0.));
#831 = ORIENTED_EDGE('',*,*,#832,.T.);
#832 = EDGE_CURVE('',#825,#743,#833,.T.);
#833 = LINE('',#834,#835);
#834 = CARTESIAN_POINT('',(77.925,2.7125,6.));
#835 = VECTOR('',#836,1.);
#836 = DIRECTION('',(-0.,1.,0.));
#837 = FACE_BOUND('',#838,.T.);
#838 = EDGE_LOOP('',(#839));
#839 = ORIENTED_EDGE('',*,*,#840,.F.);
#840 = EDGE_CURVE('',#841,#841,#843,.T.);
#841 = VERTEX_POINT('',#842);
#842 = CARTESIAN_POINT('',(57.475,17.5,6.));
#843 = CIRCLE('',#844,2.475);
#844 = AXIS2_PLACEMENT_3D('',#845,#846,#847);
#845 = CARTESIAN_POINT('',(55.,17.5,6.));
#846 = DIRECTION('',(0.,0.,1.));
#847 = DIRECTION('',(1.,0.,-0.));
#848 = FACE_BOUND('',#849,.T.);
#849 = EDGE_LOOP('',(#850));
#850 = ORIENTED_EDGE('',*,*,#851,.F.);
#851 = EDGE_CURVE('',#852,#852,#854,.T.);
#852 = VERTEX_POINT('',#853);
#853 = CARTESIAN_POINT('',(69.5,17.5,6.));
#854 = CIRCLE('',#855,2.5);
#855 = AXIS2_PLACEMENT_3D('',#856,#857,#858);
#856 = CARTESIAN_POINT('',(67.,17.5,6.));
#857 = DIRECTION('',(0.,0.,1.));
#858 = DIRECTION('',(1.,0.,-0.));
#859 = FACE_BOUND('',#860,.T.);
#860 = EDGE_LOOP('',(#861));
#861 = ORIENTED_EDGE('',*,*,#862,.F.);
#862 = EDGE_CURVE('',#863,#863,#865,.T.);
#863 = VERTEX_POINT('',#864);
#864 = CARTESIAN_POINT('',(81.525,17.5,6.));
#865 = CIRCLE('',#866,2.525);
#866 = AXIS2_PLACEMENT_3D('',#867,#868,#869);
#867 = CARTESIAN_POINT('',(79.,17.5,6.));
#868 = DIRECTION('',(0.,0.,1.));
#869 = DIRECTION('',(1.,0.,-0.));
#870 = FACE_BOUND('',#871,.T.);
#871 = EDGE_LOOP('',(#872));
#872 = ORIENTED_EDGE('',*,*,#873,.F.);
#873 = EDGE_CURVE('',#874,#874,#876,.T.);
#874 = VERTEX_POINT('',#875);
#875 = CARTESIAN_POINT('',(8.575,25.5,6.));
#876 = CIRCLE('',#877,1.575);
#877 = AXIS2_PLACEMENT_3D('',#878,#879,#880);
#878 = CARTESIAN_POINT('',(7.,25.5,6.));
#879 = DIRECTION('',(0.,0.,1.));
#880 = DIRECTION('',(1.,0.,-0.));
#881 = FACE_BOUND('',#882,.T.);
#882 = EDGE_LOOP('',(#883));
#883 = ORIENTED_EDGE('',*,*,#884,.F.);
#884 = EDGE_CURVE('',#885,#885,#887,.T.);
#885 = VERTEX_POINT('',#886);
#886 = CARTESIAN_POINT('',(20.6,25.5,6.));
#887 = CIRCLE('',#888,1.6);
#888 = AXIS2_PLACEMENT_3D('',#889,#890,#891);
#889 = CARTESIAN_POINT('',(19.,25.5,6.));
#890 = DIRECTION('',(0.,0.,1.));
#891 = DIRECTION('',(1.,0.,-0.));
#892 = FACE_BOUND('',#893,.T.);
#893 = EDGE_LOOP('',(#894));
#894 = ORIENTED_EDGE('',*,*,#895,.F.);
#895 = EDGE_CURVE('',#896,#896,#898,.T.);
#896 = VERTEX_POINT('',#897);
#897 = CARTESIAN_POINT('',(32.625,25.5,6.));
#898 = CIRCLE('',#899,1.625);
#899 = AXIS2_PLACEMENT_3D('',#900,#901,#902);
#900 = CARTESIAN_POINT('',(31.,25.5,6.));
#901 = DIRECTION('',(0.,0.,1.));
#902 = DIRECTION('',(1.,0.,-0.));
#903 = FACE_BOUND('',#904,.T.);
#904 = EDGE_LOOP('',(#905));
#905 = ORIENTED_EDGE('',*,*,#906,.F.);
#906 = EDGE_CURVE('',#907,#907,#909,.T.);
#907 = VERTEX_POINT('',#908);
#908 = CARTESIAN_POINT('',(44.65,25.5,6.));
#909 = CIRCLE('',#910,1.65);
#910 = AXIS2_PLACEMENT_3D('',#911,#912,#913);
#911 = CARTESIAN_POINT('',(43.,25.5,6.));
#912 = DIRECTION('',(0.,0.,1.));
#913 = DIRECTION('',(1.,0.,-0.));
#914 = FACE_BOUND('',#915,.T.);
#915 = EDGE_LOOP('',(#916,#926,#934,#942,#950,#958,#966,#974,#982,#990,
    #998));
#916 = ORIENTED_EDGE('',*,*,#917,.F.);
#917 = EDGE_CURVE('',#918,#920,#922,.T.);
#918 = VERTEX_POINT('',#919);
#919 = CARTESIAN_POINT('',(6.553271812081,30.286577181208,6.));
#920 = VERTEX_POINT('',#921);
#921 = CARTESIAN_POINT('',(5.697567114094,30.286577181208,6.));
#922 = LINE('',#923,#924);
#923 = CARTESIAN_POINT('',(2.848783557047,30.286577181208,6.));
#924 = VECTOR('',#925,1.);
#925 = DIRECTION('',(-1.,0.,0.));
#926 = ORIENTED_EDGE('',*,*,#927,.F.);
#927 = EDGE_CURVE('',#928,#918,#930,.T.);
#928 = VERTEX_POINT('',#929);
#929 = CARTESIAN_POINT('',(6.553271812081,32.724161073826,6.));
#930 = LINE('',#931,#932);
#931 = CARTESIAN_POINT('',(6.553271812081,15.143288590604,6.));
#932 = VECTOR('',#933,1.);
#933 = DIRECTION('',(0.,-1.,0.));
#934 = ORIENTED_EDGE('',*,*,#935,.F.);
#935 = EDGE_CURVE('',#936,#928,#938,.T.);
#936 = VERTEX_POINT('',#937);
#937 = CARTESIAN_POINT('',(5.674916107383,32.541610738255,6.));
#938 = LINE('',#939,#940);
#939 = CARTESIAN_POINT('',(0.152547143744,31.393886300349,6.));
#940 = VECTOR('',#941,1.);
#941 = DIRECTION('',(0.979078331663,0.203483710573,-0.));
#942 = ORIENTED_EDGE('',*,*,#943,.F.);
#943 = EDGE_CURVE('',#944,#936,#946,.T.);
#944 = VERTEX_POINT('',#945);
#945 = CARTESIAN_POINT('',(5.674916107383,33.196644295302,6.));
#946 = LINE('',#947,#948);
#947 = CARTESIAN_POINT('',(5.674916107383,16.270805369128,6.));
#948 = VECTOR('',#949,1.);
#949 = DIRECTION('',(0.,-1.,0.));
#950 = ORIENTED_EDGE('',*,*,#951,.F.);
#951 = EDGE_CURVE('',#952,#944,#954,.T.);
#952 = VERTEX_POINT('',#953);
#953 = CARTESIAN_POINT('',(6.548238255034,33.379194630872,6.));
#954 = LINE('',#955,#956);
#955 = CARTESIAN_POINT('',(-0.368047632422,31.933484919912,6.));
#956 = VECTOR('',#957,1.);
#957 = DIRECTION('',(-0.978844086222,-0.204607563076,0.));
#958 = ORIENTED_EDGE('',*,*,#959,.F.);
#959 = EDGE_CURVE('',#960,#952,#962,.T.);
#960 = VERTEX_POINT('',#961);
#961 = CARTESIAN_POINT('',(7.469379194631,33.379194630872,6.));
#962 = LINE('',#963,#964);
#963 = CARTESIAN_POINT('',(3.274119127517,33.379194630872,6.));
#964 = VECTOR('',#965,1.);
#965 = DIRECTION('',(-1.,0.,0.));
#966 = ORIENTED_EDGE('',*,*,#967,.F.);
#967 = EDGE_CURVE('',#968,#960,#970,.T.);
#968 = VERTEX_POINT('',#969);
#969 = CARTESIAN_POINT('',(7.469379194631,30.286577181208,6.));
#970 = LINE('',#971,#972);
#971 = CARTESIAN_POINT('',(7.469379194631,16.689597315436,6.));
#972 = VECTOR('',#973,1.);
#973 = DIRECTION('',(0.,1.,0.));
#974 = ORIENTED_EDGE('',*,*,#975,.F.);
#975 = EDGE_CURVE('',#976,#968,#978,.T.);
#976 = VERTEX_POINT('',#977);
#977 = CARTESIAN_POINT('',(8.325083892617,30.286577181208,6.));
#978 = LINE('',#979,#980);
#979 = CARTESIAN_POINT('',(3.734689597315,30.286577181208,6.));
#980 = VECTOR('',#981,1.);
#981 = DIRECTION('',(-1.,0.,0.));
#982 = ORIENTED_EDGE('',*,*,#983,.F.);
#983 = EDGE_CURVE('',#984,#976,#986,.T.);
#984 = VERTEX_POINT('',#985);
#985 = CARTESIAN_POINT('',(8.325083892617,29.620805369128,6.));
#986 = LINE('',#987,#988);
#987 = CARTESIAN_POINT('',(8.325083892617,15.143288590604,6.));
#988 = VECTOR('',#989,1.);
#989 = DIRECTION('',(0.,1.,0.));
#990 = ORIENTED_EDGE('',*,*,#991,.F.);
#991 = EDGE_CURVE('',#992,#984,#994,.T.);
#992 = VERTEX_POINT('',#993);
#993 = CARTESIAN_POINT('',(5.697567114094,29.620805369128,6.));
#994 = LINE('',#995,#996);
#995 = CARTESIAN_POINT('',(4.162541946309,29.620805369128,6.));
#996 = VECTOR('',#997,1.);
#997 = DIRECTION('',(1.,0.,-0.));
#998 = ORIENTED_EDGE('',*,*,#999,.F.);
#999 = EDGE_CURVE('',#920,#992,#1000,.T.);
#1000 = LINE('',#1001,#1002);
#1001 = CARTESIAN_POINT('',(5.697567114094,14.810402684564,6.));
#1002 = VECTOR('',#1003,1.);
#1003 = DIRECTION('',(0.,-1.,0.));
#1004 = FACE_BOUND('',#1005,.T.);
#1005 = EDGE_LOOP('',(#1006,#1016,#1024,#1032,#1040,#1048,#1059,#1072,
    #1087,#1102,#1113,#1124,#1132,#1143,#1154,#1171,#1190,#1205,#1217));
#1006 = ORIENTED_EDGE('',*,*,#1007,.F.);
#1007 = EDGE_CURVE('',#1008,#1010,#1012,.T.);
#1008 = VERTEX_POINT('',#1009);
#1009 = CARTESIAN_POINT('',(20.365352348993,30.297315436242,6.));
#1010 = VERTEX_POINT('',#1011);
#1011 = CARTESIAN_POINT('',(18.71182885906,30.297315436242,6.));
#1012 = LINE('',#1013,#1014);
#1013 = CARTESIAN_POINT('',(9.35591442953,30.297315436242,6.));
#1014 = VECTOR('',#1015,1.);
#1015 = DIRECTION('',(-1.,0.,0.));
#1016 = ORIENTED_EDGE('',*,*,#1017,.F.);
#1017 = EDGE_CURVE('',#1018,#1008,#1020,.T.);
#1018 = VERTEX_POINT('',#1019);
#1019 = CARTESIAN_POINT('',(20.365352348993,29.588590604027,6.));
#1020 = LINE('',#1021,#1022);
#1021 = CARTESIAN_POINT('',(20.365352348993,15.148657718121,6.));
#1022 = VECTOR('',#1023,1.);
#1023 = DIRECTION('',(0.,1.,0.));
#1024 = ORIENTED_EDGE('',*,*,#1025,.F.);
#1025 = EDGE_CURVE('',#1026,#1018,#1028,.T.);
#1026 = VERTEX_POINT('',#1027);
#1027 = CARTESIAN_POINT('',(17.634647651007,29.588590604027,6.));
#1028 = LINE('',#1029,#1030);
#1029 = CARTESIAN_POINT('',(10.182676174497,29.588590604027,6.));
#1030 = VECTOR('',#1031,1.);
#1031 = DIRECTION('',(1.,0.,-0.));
#1032 = ORIENTED_EDGE('',*,*,#1033,.F.);
#1033 = EDGE_CURVE('',#1034,#1026,#1036,.T.);
#1034 = VERTEX_POINT('',#1035);
#1035 = CARTESIAN_POINT('',(17.634647651007,30.297315436242,6.));
#1036 = LINE('',#1037,#1038);
#1037 = CARTESIAN_POINT('',(17.634647651007,14.794295302013,6.));
#1038 = VECTOR('',#1039,1.);
#1039 = DIRECTION('',(0.,-1.,0.));
#1040 = ORIENTED_EDGE('',*,*,#1041,.F.);
#1041 = EDGE_CURVE('',#1042,#1034,#1044,.T.);
#1042 = VERTEX_POINT('',#1043);
#1043 = CARTESIAN_POINT('',(19.006291946309,31.505201342282,6.));
#1044 = LINE('',#1045,#1046);
#1045 = CARTESIAN_POINT('',(5.154953453607,19.307551702042,6.));
#1046 = VECTOR('',#1047,1.);
#1047 = DIRECTION('',(-0.750485828524,-0.66088654184,0.));
#1048 = ORIENTED_EDGE('',*,*,#1049,.F.);
#1049 = EDGE_CURVE('',#1050,#1042,#1052,.T.);
#1050 = VERTEX_POINT('',#1051);
#1051 = CARTESIAN_POINT('',(19.278104026846,31.829697986577,6.));
#1052 = B_SPLINE_CURVE_WITH_KNOTS('',5,(#1053,#1054,#1055,#1056,#1057,
    #1058),.UNSPECIFIED.,.F.,.F.,(6,6),(0.,1.),
  .PIECEWISE_BEZIER_KNOTS.);
#1053 = CARTESIAN_POINT('',(19.278104026846,31.829697986577,6.));
#1054 = CARTESIAN_POINT('',(19.242089363543,31.764940191991,6.));
#1055 = CARTESIAN_POINT('',(19.19639627756,31.699939754703,6.));
#1056 = CARTESIAN_POINT('',(19.141463003452,31.634885056063,6.));
#1057 = CARTESIAN_POINT('',(19.077887409584,31.569931487161,6.));
#1058 = CARTESIAN_POINT('',(19.006291946309,31.505201342282,6.));
#1059 = ORIENTED_EDGE('',*,*,#1060,.F.);
#1060 = EDGE_CURVE('',#1061,#1050,#1063,.T.);
#1061 = VERTEX_POINT('',#1062);
#1062 = CARTESIAN_POINT('',(19.366191275168,32.159395973154,6.));
#1063 = B_SPLINE_CURVE_WITH_KNOTS('',4,(#1064,#1065,#1066,#1067,#1068,
    #1069,#1070,#1071),.UNSPECIFIED.,.F.,.F.,(5,3,5),(0.,0.272572784169,
    1.),.UNSPECIFIED.);
#1064 = CARTESIAN_POINT('',(19.366191275168,32.159395973154,6.));
#1065 = CARTESIAN_POINT('',(19.366191275168,32.13605160501,6.));
#1066 = CARTESIAN_POINT('',(19.365098633913,32.112846953349,6.));
#1067 = CARTESIAN_POINT('',(19.362909893034,32.089790676813,6.));
#1068 = CARTESIAN_POINT('',(19.350862936819,32.005777183625,6.));
#1069 = CARTESIAN_POINT('',(19.334300728524,31.945777383325,6.));
#1070 = CARTESIAN_POINT('',(19.309964990763,31.887047721629,6.));
#1071 = CARTESIAN_POINT('',(19.278104026846,31.829697986577,6.));
#1072 = ORIENTED_EDGE('',*,*,#1073,.F.);
#1073 = EDGE_CURVE('',#1074,#1061,#1076,.T.);
#1074 = VERTEX_POINT('',#1075);
#1075 = CARTESIAN_POINT('',(19.188674496644,32.584563758389,6.));
#1076 = B_SPLINE_CURVE_WITH_KNOTS('',5,(#1077,#1078,#1079,#1080,#1081,
    #1082,#1083,#1084,#1085,#1086),.UNSPECIFIED.,.F.,.F.,(6,4,6),(0.,
    0.35047226179,1.),.UNSPECIFIED.);
#1077 = CARTESIAN_POINT('',(19.188674496644,32.584563758389,6.));
#1078 = CARTESIAN_POINT('',(19.213526183788,32.56203751267,6.));
#1079 = CARTESIAN_POINT('',(19.236309182894,32.538149647322,6.));
#1080 = CARTESIAN_POINT('',(19.25695246254,32.512908331968,6.));
#1081 = CARTESIAN_POINT('',(19.275408097712,32.486338074444,6.));
#1082 = CARTESIAN_POINT('',(19.321754624549,32.406850033089,6.));
#1083 = CARTESIAN_POINT('',(19.344263296061,32.350790051949,6.));
#1084 = CARTESIAN_POINT('',(19.359013095074,32.290572585705,6.));
#1085 = CARTESIAN_POINT('',(19.366191275168,32.226613349865,6.));
#1086 = CARTESIAN_POINT('',(19.366191275168,32.159395973154,6.));
#1087 = ORIENTED_EDGE('',*,*,#1088,.F.);
#1088 = EDGE_CURVE('',#1089,#1074,#1091,.T.);
#1089 = VERTEX_POINT('',#1090);
#1090 = CARTESIAN_POINT('',(18.716862416107,32.745637583893,6.));
#1091 = B_SPLINE_CURVE_WITH_KNOTS('',5,(#1092,#1093,#1094,#1095,#1096,
    #1097,#1098,#1099,#1100,#1101),.UNSPECIFIED.,.F.,.F.,(6,4,6),(0.,
    0.870759233454,1.),.UNSPECIFIED.);
#1092 = CARTESIAN_POINT('',(18.716862416107,32.745637583893,6.));
#1093 = CARTESIAN_POINT('',(18.816114778379,32.745637583893,6.));
#1094 = CARTESIAN_POINT('',(18.909226619712,32.734199849158,6.));
#1095 = CARTESIAN_POINT('',(18.994947598996,32.710324218923,6.));
#1096 = CARTESIAN_POINT('',(19.072145880719,32.673435758748,6.));
#1097 = CARTESIAN_POINT('',(19.150299958336,32.616663640696,6.));
#1098 = CARTESIAN_POINT('',(19.160199549034,32.60904972975,6.));
#1099 = CARTESIAN_POINT('',(19.169896161882,32.601160540795,6.));
#1100 = CARTESIAN_POINT('',(19.179388230274,32.592997831914,6.));
#1101 = CARTESIAN_POINT('',(19.188674496644,32.584563758389,6.));
#1102 = ORIENTED_EDGE('',*,*,#1103,.F.);
#1103 = EDGE_CURVE('',#1104,#1089,#1106,.T.);
#1104 = VERTEX_POINT('',#1105);
#1105 = CARTESIAN_POINT('',(18.22105704698,32.648322147651,6.));
#1106 = B_SPLINE_CURVE_WITH_KNOTS('',5,(#1107,#1108,#1109,#1110,#1111,
    #1112),.UNSPECIFIED.,.F.,.F.,(6,6),(0.,1.),
  .PIECEWISE_BEZIER_KNOTS.);
#1107 = CARTESIAN_POINT('',(18.22105704698,32.648322147651,6.));
#1108 = CARTESIAN_POINT('',(18.325932083611,32.686220914782,6.));
#1109 = CARTESIAN_POINT('',(18.428368793735,32.715479309122,6.));
#1110 = CARTESIAN_POINT('',(18.527961021051,32.735473213702,6.));
#1111 = CARTESIAN_POINT('',(18.624266410627,32.745637583893,6.));
#1112 = CARTESIAN_POINT('',(18.716862416107,32.745637583893,6.));
#1113 = ORIENTED_EDGE('',*,*,#1114,.F.);
#1114 = EDGE_CURVE('',#1115,#1104,#1117,.T.);
#1115 = VERTEX_POINT('',#1116);
#1116 = CARTESIAN_POINT('',(17.644714765101,32.359060402685,6.));
#1117 = B_SPLINE_CURVE_WITH_KNOTS('',5,(#1118,#1119,#1120,#1121,#1122,
    #1123),.UNSPECIFIED.,.F.,.F.,(6,6),(0.,1.),
  .PIECEWISE_BEZIER_KNOTS.);
#1118 = CARTESIAN_POINT('',(17.644714765101,32.359060402685,6.));
#1119 = CARTESIAN_POINT('',(17.763197155231,32.433128082635,6.));
#1120 = CARTESIAN_POINT('',(17.880396766185,32.499783245527,6.));
#1121 = CARTESIAN_POINT('',(17.996025594706,32.558349573279,6.));
#1122 = CARTESIAN_POINT('',(18.109717741018,32.60808738288,6.));
#1123 = CARTESIAN_POINT('',(18.22105704698,32.648322147651,6.));
#1124 = ORIENTED_EDGE('',*,*,#1125,.F.);
#1125 = EDGE_CURVE('',#1126,#1115,#1128,.T.);
#1126 = VERTEX_POINT('',#1127);
#1127 = CARTESIAN_POINT('',(17.644714765101,33.185906040268,6.));
#1128 = LINE('',#1129,#1130);
#1129 = CARTESIAN_POINT('',(17.644714765101,16.179530201342,6.));
#1130 = VECTOR('',#1131,1.);
#1131 = DIRECTION('',(0.,-1.,0.));
#1132 = ORIENTED_EDGE('',*,*,#1133,.F.);
#1133 = EDGE_CURVE('',#1134,#1126,#1136,.T.);
#1134 = VERTEX_POINT('',#1135);
#1135 = CARTESIAN_POINT('',(18.291526845638,33.353691275168,6.));
#1136 = B_SPLINE_CURVE_WITH_KNOTS('',5,(#1137,#1138,#1139,#1140,#1141,
    #1142),.UNSPECIFIED.,.F.,.F.,(6,6),(0.,1.),
  .PIECEWISE_BEZIER_KNOTS.);
#1137 = CARTESIAN_POINT('',(18.291526845638,33.353691275168,6.));
#1138 = CARTESIAN_POINT('',(18.162532533743,33.330465527672,6.));
#1139 = CARTESIAN_POINT('',(18.033267873202,33.301966493297,6.));
#1140 = CARTESIAN_POINT('',(17.903822241531,33.268291007636,6.));
#1141 = CARTESIAN_POINT('',(17.77427890264,33.229559188147,6.));
#1142 = CARTESIAN_POINT('',(17.644714765101,33.185906040268,6.));
#1143 = ORIENTED_EDGE('',*,*,#1144,.F.);
#1144 = EDGE_CURVE('',#1145,#1134,#1147,.T.);
#1145 = VERTEX_POINT('',#1146);
#1146 = CARTESIAN_POINT('',(18.918204697987,33.411409395973,6.));
#1147 = B_SPLINE_CURVE_WITH_KNOTS('',5,(#1148,#1149,#1150,#1151,#1152,
    #1153),.UNSPECIFIED.,.F.,.F.,(6,6),(0.,1.),
  .PIECEWISE_BEZIER_KNOTS.);
#1148 = CARTESIAN_POINT('',(18.918204697987,33.411409395973,6.));
#1149 = CARTESIAN_POINT('',(18.794493875986,33.411409395973,6.));
#1150 = CARTESIAN_POINT('',(18.66985557588,33.405553435765,6.));
#1151 = CARTESIAN_POINT('',(18.544406117233,33.393907661138,6.));
#1152 = CARTESIAN_POINT('',(18.41825967114,33.376576362818,6.));
#1153 = CARTESIAN_POINT('',(18.291526845638,33.353691275168,6.));
#1154 = ORIENTED_EDGE('',*,*,#1155,.F.);
#1155 = EDGE_CURVE('',#1156,#1145,#1158,.T.);
#1156 = VERTEX_POINT('',#1157);
#1157 = CARTESIAN_POINT('',(19.966359060403,33.114093959732,6.));
#1158 = B_SPLINE_CURVE_WITH_KNOTS('',6,(#1159,#1160,#1161,#1162,#1163,
    #1164,#1165,#1166,#1167,#1168,#1169,#1170),.UNSPECIFIED.,.F.,.F.,(7,
    5,7),(0.,0.476753394118,1.),.UNSPECIFIED.);
#1159 = CARTESIAN_POINT('',(19.966359060403,33.114093959732,6.));
#1160 = CARTESIAN_POINT('',(19.902100364373,33.165223914543,6.));
#1161 = CARTESIAN_POINT('',(19.832829983685,33.210818265701,6.));
#1162 = CARTESIAN_POINT('',(19.758982985485,33.250712202474,6.));
#1163 = CARTESIAN_POINT('',(19.681094579177,33.284989789452,6.));
#1164 = CARTESIAN_POINT('',(19.599721829407,33.31387689972,6.));
#1165 = CARTESIAN_POINT('',(19.422842688556,33.363791759471,6.));
#1166 = CARTESIAN_POINT('',(19.326724018927,33.383780466408,6.));
#1167 = CARTESIAN_POINT('',(19.227682945927,33.398051246084,6.));
#1168 = CARTESIAN_POINT('',(19.126296970506,33.40710105445,6.));
#1169 = CARTESIAN_POINT('',(19.02302712438,33.411409395973,6.));
#1170 = CARTESIAN_POINT('',(18.918204697987,33.411409395973,6.));
#1171 = ORIENTED_EDGE('',*,*,#1172,.F.);
#1172 = EDGE_CURVE('',#1173,#1156,#1175,.T.);
#1173 = VERTEX_POINT('',#1174);
#1174 = CARTESIAN_POINT('',(20.340184563758,32.285234899329,6.));
#1175 = B_SPLINE_CURVE_WITH_KNOTS('',5,(#1176,#1177,#1178,#1179,#1180,
    #1181,#1182,#1183,#1184,#1185,#1186,#1187,#1188,#1189),
  .UNSPECIFIED.,.F.,.F.,(6,4,4,6),(0.,0.220027553948,0.644397392163,1.),
  .UNSPECIFIED.);
#1176 = CARTESIAN_POINT('',(20.340184563758,32.285234899329,6.));
#1177 = CARTESIAN_POINT('',(20.340184563758,32.329313807126,6.));
#1178 = CARTESIAN_POINT('',(20.338578869781,32.372920019366,6.));
#1179 = CARTESIAN_POINT('',(20.335289650378,32.415981373922,6.));
#1180 = CARTESIAN_POINT('',(20.330243546073,32.458416387344,6.));
#1181 = CARTESIAN_POINT('',(20.310152006792,32.580607873781,6.));
#1182 = CARTESIAN_POINT('',(20.290169339664,32.658442961389,6.));
#1183 = CARTESIAN_POINT('',(20.263027281074,32.732975984995,6.));
#1184 = CARTESIAN_POINT('',(20.228556660408,32.803571822214,6.));
#1185 = CARTESIAN_POINT('',(20.152298049058,32.925200970146,6.));
#1186 = CARTESIAN_POINT('',(20.112592585631,32.977564000038,6.));
#1187 = CARTESIAN_POINT('',(20.068122377547,33.026556050459,6.));
#1188 = CARTESIAN_POINT('',(20.019232155281,33.072066019413,6.));
#1189 = CARTESIAN_POINT('',(19.966359060403,33.114093959732,6.));
#1190 = ORIENTED_EDGE('',*,*,#1191,.F.);
#1191 = EDGE_CURVE('',#1192,#1173,#1194,.T.);
#1192 = VERTEX_POINT('',#1193);
#1193 = CARTESIAN_POINT('',(20.181627516779,31.712248322148,6.));
#1194 = B_SPLINE_CURVE_WITH_KNOTS('',5,(#1195,#1196,#1197,#1198,#1199,
    #1200,#1201,#1202,#1203,#1204),.UNSPECIFIED.,.F.,.F.,(6,4,6),(0.,
    0.525172440085,1.),.UNSPECIFIED.);
#1195 = CARTESIAN_POINT('',(20.181627516779,31.712248322148,6.));
#1196 = CARTESIAN_POINT('',(20.21468505304,31.767659049596,6.));
#1197 = CARTESIAN_POINT('',(20.243611599893,31.824491698609,6.));
#1198 = CARTESIAN_POINT('',(20.268260212667,31.882678406156,6.));
#1199 = CARTESIAN_POINT('',(20.288536325475,31.942129841373,6.));
#1200 = CARTESIAN_POINT('',(20.318762215767,32.057523553532,6.));
#1201 = CARTESIAN_POINT('',(20.329515624306,32.113257447469,6.));
#1202 = CARTESIAN_POINT('',(20.33664935493,32.169848737434,6.));
#1203 = CARTESIAN_POINT('',(20.340184563758,32.227206825577,6.));
#1204 = CARTESIAN_POINT('',(20.340184563758,32.285234899329,6.));
#1205 = ORIENTED_EDGE('',*,*,#1206,.F.);
#1206 = EDGE_CURVE('',#1207,#1192,#1209,.T.);
#1207 = VERTEX_POINT('',#1208);
#1208 = CARTESIAN_POINT('',(19.514681208054,31.000503355705,6.));
#1209 = B_SPLINE_CURVE_WITH_KNOTS('',6,(#1210,#1211,#1212,#1213,#1214,
    #1215,#1216),.UNSPECIFIED.,.F.,.F.,(7,7),(0.,1.),
  .PIECEWISE_BEZIER_KNOTS.);
#1210 = CARTESIAN_POINT('',(19.514681208054,31.000503355705,6.));
#1211 = CARTESIAN_POINT('',(19.656645504383,31.125038372089,6.));
#1212 = CARTESIAN_POINT('',(19.790401094985,31.248298998908,6.));
#1213 = CARTESIAN_POINT('',(19.91486570521,31.370615699307,6.));
#1214 = CARTESIAN_POINT('',(20.026318159336,31.490796610753,6.));
#1215 = CARTESIAN_POINT('',(20.118300949514,31.60610093321,6.));
#1216 = CARTESIAN_POINT('',(20.181627516779,31.712248322148,6.));
#1217 = ORIENTED_EDGE('',*,*,#1218,.F.);
#1218 = EDGE_CURVE('',#1010,#1207,#1219,.T.);
#1219 = LINE('',#1220,#1221);
#1220 = CARTESIAN_POINT('',(6.310578800579,19.435530902261,6.));
#1221 = VECTOR('',#1222,1.);
#1222 = DIRECTION('',(0.752255226589,0.65887181915,-0.));
#1223 = FACE_BOUND('',#1224,.T.);
#1224 = EDGE_LOOP('',(#1225,#1242,#1259,#1278,#1295,#1305,#1315,#1323,
    #1334,#1345,#1357,#1372,#1387,#1399,#1407,#1415,#1423,#1435,#1450,
    #1465,#1477,#1487,#1497,#1505,#1515,#1525,#1542,#1561,#1576));
#1225 = ORIENTED_EDGE('',*,*,#1226,.F.);
#1226 = EDGE_CURVE('',#1227,#1229,#1231,.T.);
#1227 = VERTEX_POINT('',#1228);
#1228 = CARTESIAN_POINT('',(32.218036912752,31.30855704698,6.));
#1229 = VERTEX_POINT('',#1230);
#1230 = CARTESIAN_POINT('',(31.640520134228,31.649496644295,6.));
#1231 = B_SPLINE_CURVE_WITH_KNOTS('',5,(#1232,#1233,#1234,#1235,#1236,
    #1237,#1238,#1239,#1240,#1241),.UNSPECIFIED.,.F.,.F.,(6,4,6),(0.,
    0.492450394655,1.),.UNSPECIFIED.);
#1232 = CARTESIAN_POINT('',(32.218036912752,31.30855704698,6.));
#1233 = CARTESIAN_POINT('',(32.178098037514,31.357657771253,6.));
#1234 = CARTESIAN_POINT('',(32.133504186025,31.40304712332,6.));
#1235 = CARTESIAN_POINT('',(32.084399716314,31.444558365821,6.));
#1236 = CARTESIAN_POINT('',(32.03104204277,31.482149370767,6.));
#1237 = CARTESIAN_POINT('',(31.9147223083,31.550616152454,6.));
#1238 = CARTESIAN_POINT('',(31.851511680113,31.581252998435,6.));
#1239 = CARTESIAN_POINT('',(31.784481451265,31.607830079019,6.));
#1240 = CARTESIAN_POINT('',(31.71402751301,31.630511294809,6.));
#1241 = CARTESIAN_POINT('',(31.640520134228,31.649496644295,6.));
#1242 = ORIENTED_EDGE('',*,*,#1243,.F.);
#1243 = EDGE_CURVE('',#1244,#1227,#1246,.T.);
#1244 = VERTEX_POINT('',#1245);
#1245 = CARTESIAN_POINT('',(32.415687919463,30.690771812081,6.));
#1246 = B_SPLINE_CURVE_WITH_KNOTS('',6,(#1247,#1248,#1249,#1250,#1251,
    #1252,#1253,#1254,#1255,#1256,#1257,#1258),.UNSPECIFIED.,.F.,.F.,(7,
    5,7),(0.,0.878140094649,1.),.UNSPECIFIED.);
#1247 = CARTESIAN_POINT('',(32.415687919463,30.690771812081,6.));
#1248 = CARTESIAN_POINT('',(32.415687919463,30.796101392108,6.));
#1249 = CARTESIAN_POINT('',(32.406331888615,30.897469992868,6.));
#1250 = CARTESIAN_POINT('',(32.38685497782,30.993993524758,6.));
#1251 = CARTESIAN_POINT('',(32.356683134847,31.084791791363,6.));
#1252 = CARTESIAN_POINT('',(32.315607493407,31.169084042288,6.));
#1253 = CARTESIAN_POINT('',(32.256855805397,31.257030524494,6.));
#1254 = CARTESIAN_POINT('',(32.249493533836,31.267612071493,6.));
#1255 = CARTESIAN_POINT('',(32.241929364765,31.278056666642,6.));
#1256 = CARTESIAN_POINT('',(32.234164360505,31.288363080724,6.));
#1257 = CARTESIAN_POINT('',(32.226199746787,31.298530204154,6.));
#1258 = CARTESIAN_POINT('',(32.218036912752,31.30855704698,6.));
#1259 = ORIENTED_EDGE('',*,*,#1260,.F.);
#1260 = EDGE_CURVE('',#1261,#1244,#1263,.T.);
#1261 = VERTEX_POINT('',#1262);
#1262 = CARTESIAN_POINT('',(31.98783557047,29.841610738255,6.));
#1263 = B_SPLINE_CURVE_WITH_KNOTS('',5,(#1264,#1265,#1266,#1267,#1268,
    #1269,#1270,#1271,#1272,#1273,#1274,#1275,#1276,#1277),
  .UNSPECIFIED.,.F.,.F.,(6,4,4,6),(0.,0.409428489586,0.797495903705,1.),
  .UNSPECIFIED.);
#1264 = CARTESIAN_POINT('',(31.98783557047,29.841610738255,6.));
#1265 = CARTESIAN_POINT('',(32.056499222924,29.888248168079,6.));
#1266 = CARTESIAN_POINT('',(32.119697399904,29.940164710878,6.));
#1267 = CARTESIAN_POINT('',(32.176509537052,29.997478259163,6.));
#1268 = CARTESIAN_POINT('',(32.226150347772,30.060069106766,6.));
#1269 = CARTESIAN_POINT('',(32.308179025744,30.191128723374,6.));
#1270 = CARTESIAN_POINT('',(32.341346443707,30.259143593309,6.));
#1271 = CARTESIAN_POINT('',(32.367454751218,30.33091121309,6.));
#1272 = CARTESIAN_POINT('',(32.38667600487,30.405793020401,6.));
#1273 = CARTESIAN_POINT('',(32.406068387505,30.523476606034,6.));
#1274 = CARTESIAN_POINT('',(32.41095477137,30.564502072455,6.));
#1275 = CARTESIAN_POINT('',(32.414136401102,30.60611235292,6.));
#1276 = CARTESIAN_POINT('',(32.415687919463,30.6482260161,6.));
#1277 = CARTESIAN_POINT('',(32.415687919463,30.690771812081,6.));
#1278 = ORIENTED_EDGE('',*,*,#1279,.F.);
#1279 = EDGE_CURVE('',#1280,#1261,#1282,.T.);
#1280 = VERTEX_POINT('',#1281);
#1281 = CARTESIAN_POINT('',(30.739513422819,29.551006711409,6.));
#1282 = B_SPLINE_CURVE_WITH_KNOTS('',6,(#1283,#1284,#1285,#1286,#1287,
    #1288,#1289,#1290,#1291,#1292,#1293,#1294),.UNSPECIFIED.,.F.,.F.,(7,
    5,7),(0.,0.537355717675,1.),.UNSPECIFIED.);
#1283 = CARTESIAN_POINT('',(30.739513422819,29.551006711409,6.));
#1284 = CARTESIAN_POINT('',(30.865227383059,29.551006711409,6.));
#1285 = CARTESIAN_POINT('',(30.989419011875,29.555100153106,6.));
#1286 = CARTESIAN_POINT('',(31.111780104683,29.563776840834,6.));
#1287 = CARTESIAN_POINT('',(31.231802574554,29.57762761801,6.));
#1288 = CARTESIAN_POINT('',(31.348780034614,29.597340438021,6.));
#1289 = CARTESIAN_POINT('',(31.55915990167,29.646315966212,6.));
#1290 = CARTESIAN_POINT('',(31.653562787745,29.673865918699,6.));
#1291 = CARTESIAN_POINT('',(31.74444191426,29.706771136433,6.));
#1292 = CARTESIAN_POINT('',(31.831030663716,29.745488891278,6.));
#1293 = CARTESIAN_POINT('',(31.91244265962,29.790402690572,6.));
#1294 = CARTESIAN_POINT('',(31.98783557047,29.841610738255,6.));
#1295 = ORIENTED_EDGE('',*,*,#1296,.F.);
#1296 = EDGE_CURVE('',#1297,#1280,#1299,.T.);
#1297 = VERTEX_POINT('',#1298);
#1298 = CARTESIAN_POINT('',(30.159312080537,29.596644295302,6.));
#1299 = B_SPLINE_CURVE_WITH_KNOTS('',4,(#1300,#1301,#1302,#1303,#1304),
  .UNSPECIFIED.,.F.,.F.,(5,5),(0.,1.),.PIECEWISE_BEZIER_KNOTS.);
#1300 = CARTESIAN_POINT('',(30.159312080537,29.596644295302,6.));
#1301 = CARTESIAN_POINT('',(30.304313316465,29.573885878584,6.));
#1302 = CARTESIAN_POINT('',(30.449446479213,29.558637769948,6.));
#1303 = CARTESIAN_POINT('',(30.594564147483,29.551006711409,6.));
#1304 = CARTESIAN_POINT('',(30.739513422819,29.551006711409,6.));
#1305 = ORIENTED_EDGE('',*,*,#1306,.F.);
#1306 = EDGE_CURVE('',#1307,#1297,#1309,.T.);
#1307 = VERTEX_POINT('',#1308);
#1308 = CARTESIAN_POINT('',(29.584312080537,29.73355704698,6.));
#1309 = B_SPLINE_CURVE_WITH_KNOTS('',4,(#1310,#1311,#1312,#1313,#1314),
  .UNSPECIFIED.,.F.,.F.,(5,5),(0.,1.),.PIECEWISE_BEZIER_KNOTS.);
#1310 = CARTESIAN_POINT('',(29.584312080537,29.73355704698,6.));
#1311 = CARTESIAN_POINT('',(29.726154635896,29.688033536587,6.));
#1312 = CARTESIAN_POINT('',(29.86936068147,29.64997100037,6.));
#1313 = CARTESIAN_POINT('',(30.013797551155,29.619496461579,6.));
#1314 = CARTESIAN_POINT('',(30.159312080537,29.596644295302,6.));
#1315 = ORIENTED_EDGE('',*,*,#1316,.F.);
#1316 = EDGE_CURVE('',#1317,#1307,#1319,.T.);
#1317 = VERTEX_POINT('',#1318);
#1318 = CARTESIAN_POINT('',(29.584312080537,30.485234899329,6.));
#1319 = LINE('',#1320,#1321);
#1320 = CARTESIAN_POINT('',(29.584312080537,14.86677852349,6.));
#1321 = VECTOR('',#1322,1.);
#1322 = DIRECTION('',(0.,-1.,0.));
#1323 = ORIENTED_EDGE('',*,*,#1324,.F.);
#1324 = EDGE_CURVE('',#1325,#1317,#1327,.T.);
#1325 = VERTEX_POINT('',#1326);
#1326 = CARTESIAN_POINT('',(30.124077181208,30.276510067114,6.));
#1327 = B_SPLINE_CURVE_WITH_KNOTS('',5,(#1328,#1329,#1330,#1331,#1332,
    #1333),.UNSPECIFIED.,.F.,.F.,(6,6),(0.,1.),
  .PIECEWISE_BEZIER_KNOTS.);
#1328 = CARTESIAN_POINT('',(30.124077181208,30.276510067114,6.));
#1329 = CARTESIAN_POINT('',(30.015700430907,30.305012405954,6.));
#1330 = CARTESIAN_POINT('',(29.907415829747,30.340317344173,6.));
#1331 = CARTESIAN_POINT('',(29.799350636539,30.382268691276,6.));
#1332 = CARTESIAN_POINT('',(29.691616827245,30.430655201003,6.));
#1333 = CARTESIAN_POINT('',(29.584312080537,30.485234899329,6.));
#1334 = ORIENTED_EDGE('',*,*,#1335,.F.);
#1335 = EDGE_CURVE('',#1336,#1325,#1338,.T.);
#1336 = VERTEX_POINT('',#1337);
#1337 = CARTESIAN_POINT('',(30.651426174497,30.206040268456,6.));
#1338 = B_SPLINE_CURVE_WITH_KNOTS('',5,(#1339,#1340,#1341,#1342,#1343,
    #1344),.UNSPECIFIED.,.F.,.F.,(6,6),(0.,1.),
  .PIECEWISE_BEZIER_KNOTS.);
#1339 = CARTESIAN_POINT('',(30.651426174497,30.206040268456,6.));
#1340 = CARTESIAN_POINT('',(30.547086458532,30.206040268456,6.));
#1341 = CARTESIAN_POINT('',(30.44203621212,30.213175661112,6.));
#1342 = CARTESIAN_POINT('',(30.336422837813,30.227394507103,6.));
#1343 = CARTESIAN_POINT('',(30.23039018849,30.248567975087,6.));
#1344 = CARTESIAN_POINT('',(30.124077181208,30.276510067114,6.));
#1345 = ORIENTED_EDGE('',*,*,#1346,.F.);
#1346 = EDGE_CURVE('',#1347,#1336,#1349,.T.);
#1347 = VERTEX_POINT('',#1348);
#1348 = CARTESIAN_POINT('',(31.241526845638,30.339932885906,6.));
#1349 = B_SPLINE_CURVE_WITH_KNOTS('',6,(#1350,#1351,#1352,#1353,#1354,
    #1355,#1356),.UNSPECIFIED.,.F.,.F.,(7,7),(0.,1.),
  .PIECEWISE_BEZIER_KNOTS.);
#1350 = CARTESIAN_POINT('',(31.241526845638,30.339932885906,6.));
#1351 = CARTESIAN_POINT('',(31.169390759767,30.292826014773,6.));
#1352 = CARTESIAN_POINT('',(31.084821856147,30.256276117438,6.));
#1353 = CARTESIAN_POINT('',(30.989086205205,30.230196658387,6.));
#1354 = CARTESIAN_POINT('',(30.883911463336,30.213775712902,6.));
#1355 = CARTESIAN_POINT('',(30.770916425743,30.206040268456,6.));
#1356 = CARTESIAN_POINT('',(30.651426174497,30.206040268456,6.));
#1357 = ORIENTED_EDGE('',*,*,#1358,.F.);
#1358 = EDGE_CURVE('',#1359,#1347,#1361,.T.);
#1359 = VERTEX_POINT('',#1360);
#1360 = CARTESIAN_POINT('',(31.446728187919,30.72432885906,6.));
#1361 = B_SPLINE_CURVE_WITH_KNOTS('',5,(#1362,#1363,#1364,#1365,#1366,
    #1367,#1368,#1369,#1370,#1371),.UNSPECIFIED.,.F.,.F.,(6,4,6),(0.,
    0.524347241791,1.),.UNSPECIFIED.);
#1362 = CARTESIAN_POINT('',(31.446728187919,30.72432885906,6.));
#1363 = CARTESIAN_POINT('',(31.446728187919,30.672720879386,6.));
#1364 = CARTESIAN_POINT('',(31.441277538252,30.623577251268,6.));
#1365 = CARTESIAN_POINT('',(31.430112506151,30.577224256712,6.));
#1366 = CARTESIAN_POINT('',(31.413112422217,30.53393847107,6.));
#1367 = CARTESIAN_POINT('',(31.369767866845,30.457586549669,6.));
#1368 = CARTESIAN_POINT('',(31.344434980018,30.423939696538,6.));
#1369 = CARTESIAN_POINT('',(31.314462953659,30.393100419951,6.));
#1370 = CARTESIAN_POINT('',(31.280061541163,30.365108046761,6.));
#1371 = CARTESIAN_POINT('',(31.241526845638,30.339932885906,6.));
#1372 = ORIENTED_EDGE('',*,*,#1373,.F.);
#1373 = EDGE_CURVE('',#1374,#1359,#1376,.T.);
#1374 = VERTEX_POINT('',#1375);
#1375 = CARTESIAN_POINT('',(31.236493288591,31.114932885906,6.));
#1376 = B_SPLINE_CURVE_WITH_KNOTS('',5,(#1377,#1378,#1379,#1380,#1381,
    #1382,#1383,#1384,#1385,#1386),.UNSPECIFIED.,.F.,.F.,(6,4,6),(0.,
    0.459374033194,1.),.UNSPECIFIED.);
#1377 = CARTESIAN_POINT('',(31.236493288591,31.114932885906,6.));
#1378 = CARTESIAN_POINT('',(31.274646292185,31.090847470229,6.));
#1379 = CARTESIAN_POINT('',(31.308857335808,31.063942267081,6.));
#1380 = CARTESIAN_POINT('',(31.338839452885,31.034183826991,6.));
#1381 = CARTESIAN_POINT('',(31.364387707028,31.001607525299,6.));
#1382 = CARTESIAN_POINT('',(31.410180422174,30.924849129435,6.));
#1383 = CARTESIAN_POINT('',(31.428691842632,30.879626100472,6.));
#1384 = CARTESIAN_POINT('',(31.440823444422,30.830895622255,6.));
#1385 = CARTESIAN_POINT('',(31.446728187919,30.778997155332,6.));
#1386 = CARTESIAN_POINT('',(31.446728187919,30.72432885906,6.));
#1387 = ORIENTED_EDGE('',*,*,#1388,.F.);
#1388 = EDGE_CURVE('',#1389,#1374,#1391,.T.);
#1389 = VERTEX_POINT('',#1390);
#1390 = CARTESIAN_POINT('',(30.616191275168,31.247651006711,6.));
#1391 = B_SPLINE_CURVE_WITH_KNOTS('',6,(#1392,#1393,#1394,#1395,#1396,
    #1397,#1398),.UNSPECIFIED.,.F.,.F.,(7,7),(0.,1.),
  .PIECEWISE_BEZIER_KNOTS.);
#1392 = CARTESIAN_POINT('',(30.616191275168,31.247651006711,6.));
#1393 = CARTESIAN_POINT('',(30.742102132211,31.247651006711,6.));
#1394 = CARTESIAN_POINT('',(30.861277919102,31.240150124147,6.));
#1395 = CARTESIAN_POINT('',(30.97226612835,31.224122039828,6.));
#1396 = CARTESIAN_POINT('',(31.073160834444,31.198456418434,6.));
#1397 = CARTESIAN_POINT('',(31.161787688581,31.162131072494,6.));
#1398 = CARTESIAN_POINT('',(31.236493288591,31.114932885906,6.));
#1399 = ORIENTED_EDGE('',*,*,#1400,.F.);
#1400 = EDGE_CURVE('',#1401,#1389,#1403,.T.);
#1401 = VERTEX_POINT('',#1402);
#1402 = CARTESIAN_POINT('',(30.22860738255,31.247651006711,6.));
#1403 = LINE('',#1404,#1405);
#1404 = CARTESIAN_POINT('',(15.308095637584,31.247651006711,6.));
#1405 = VECTOR('',#1406,1.);
#1406 = DIRECTION('',(1.,0.,-0.));
#1407 = ORIENTED_EDGE('',*,*,#1408,.F.);
#1408 = EDGE_CURVE('',#1409,#1401,#1411,.T.);
#1409 = VERTEX_POINT('',#1410);
#1410 = CARTESIAN_POINT('',(30.22860738255,31.870469798658,6.));
#1411 = LINE('',#1412,#1413);
#1412 = CARTESIAN_POINT('',(30.22860738255,15.623825503356,6.));
#1413 = VECTOR('',#1414,1.);
#1414 = DIRECTION('',(0.,-1.,0.));
#1415 = ORIENTED_EDGE('',*,*,#1416,.F.);
#1416 = EDGE_CURVE('',#1417,#1409,#1419,.T.);
#1417 = VERTEX_POINT('',#1418);
#1418 = CARTESIAN_POINT('',(30.636325503356,31.870469798658,6.));
#1419 = LINE('',#1420,#1421);
#1420 = CARTESIAN_POINT('',(15.114303691275,31.870469798658,6.));
#1421 = VECTOR('',#1422,1.);
#1422 = DIRECTION('',(-1.,0.,0.));
#1423 = ORIENTED_EDGE('',*,*,#1424,.F.);
#1424 = EDGE_CURVE('',#1425,#1417,#1427,.T.);
#1425 = VERTEX_POINT('',#1426);
#1426 = CARTESIAN_POINT('',(31.17994966443,31.984563758389,6.));
#1427 = B_SPLINE_CURVE_WITH_KNOTS('',6,(#1428,#1429,#1430,#1431,#1432,
    #1433,#1434),.UNSPECIFIED.,.F.,.F.,(7,7),(0.,1.),
  .PIECEWISE_BEZIER_KNOTS.);
#1428 = CARTESIAN_POINT('',(31.17994966443,31.984563758389,6.));
#1429 = CARTESIAN_POINT('',(31.116881185993,31.944294682955,6.));
#1430 = CARTESIAN_POINT('',(31.040818247448,31.913144799739,6.));
#1431 = CARTESIAN_POINT('',(30.953043092441,31.890971086436,6.));
#1432 = CARTESIAN_POINT('',(30.855323890011,31.877030856451,6.));
#1433 = CARTESIAN_POINT('',(30.749305522974,31.870469798658,6.));
#1434 = CARTESIAN_POINT('',(30.636325503356,31.870469798658,6.));
#1435 = ORIENTED_EDGE('',*,*,#1436,.F.);
#1436 = EDGE_CURVE('',#1437,#1425,#1439,.T.);
#1437 = VERTEX_POINT('',#1438);
#1438 = CARTESIAN_POINT('',(31.358640939597,32.331879194631,6.));
#1439 = B_SPLINE_CURVE_WITH_KNOTS('',5,(#1440,#1441,#1442,#1443,#1444,
    #1445,#1446,#1447,#1448,#1449),.UNSPECIFIED.,.F.,.F.,(6,4,6),(0.,
    0.603284239132,1.),.UNSPECIFIED.);
#1440 = CARTESIAN_POINT('',(31.358640939597,32.331879194631,6.));
#1441 = CARTESIAN_POINT('',(31.358640939597,32.276761715911,6.));
#1442 = CARTESIAN_POINT('',(31.352403227199,32.225052644931,6.));
#1443 = CARTESIAN_POINT('',(31.339588315756,32.177185395329,6.));
#1444 = CARTESIAN_POINT('',(31.320034549822,32.133516989803,6.));
#1445 = CARTESIAN_POINT('',(31.276685094599,32.068432968453,6.));
#1446 = CARTESIAN_POINT('',(31.256632814358,32.044515257205,6.));
#1447 = CARTESIAN_POINT('',(31.2337632103,32.022556883138,6.));
#1448 = CARTESIAN_POINT('',(31.208161430601,32.002576904865,6.));
#1449 = CARTESIAN_POINT('',(31.17994966443,31.984563758389,6.));
#1450 = ORIENTED_EDGE('',*,*,#1451,.F.);
#1451 = EDGE_CURVE('',#1452,#1437,#1454,.T.);
#1452 = VERTEX_POINT('',#1453);
#1453 = CARTESIAN_POINT('',(31.184983221477,32.665268456376,6.));
#1454 = B_SPLINE_CURVE_WITH_KNOTS('',5,(#1455,#1456,#1457,#1458,#1459,
    #1460,#1461,#1462,#1463,#1464),.UNSPECIFIED.,.F.,.F.,(6,4,6),(0.,
    0.469644265467,1.),.UNSPECIFIED.);
#1455 = CARTESIAN_POINT('',(31.184983221477,32.665268456376,6.));
#1456 = CARTESIAN_POINT('',(31.217304775558,32.643346010999,6.));
#1457 = CARTESIAN_POINT('',(31.246105980646,32.619143267339,6.));
#1458 = CARTESIAN_POINT('',(31.271202719539,32.592646679396,6.));
#1459 = CARTESIAN_POINT('',(31.292469553102,32.5638850593,6.));
#1460 = CARTESIAN_POINT('',(31.32949956657,32.497999244981,6.));
#1461 = CARTESIAN_POINT('',(31.344197653441,32.460271518564,6.));
#1462 = CARTESIAN_POINT('',(31.353885907664,32.419879575169,6.));
#1463 = CARTESIAN_POINT('',(31.358640939597,32.37700729943,6.));
#1464 = CARTESIAN_POINT('',(31.358640939597,32.331879194631,6.));
#1465 = ORIENTED_EDGE('',*,*,#1466,.F.);
#1466 = EDGE_CURVE('',#1467,#1452,#1469,.T.);
#1467 = VERTEX_POINT('',#1468);
#1468 = CARTESIAN_POINT('',(30.694211409396,32.78322147651,6.));
#1469 = B_SPLINE_CURVE_WITH_KNOTS('',6,(#1470,#1471,#1472,#1473,#1474,
    #1475,#1476),.UNSPECIFIED.,.F.,.F.,(7,7),(0.,1.),
  .PIECEWISE_BEZIER_KNOTS.);
#1470 = CARTESIAN_POINT('',(30.694211409396,32.78322147651,6.));
#1471 = CARTESIAN_POINT('',(30.794616901647,32.78322147651,6.));
#1472 = CARTESIAN_POINT('',(30.888892704285,32.776126633181,6.));
#1473 = CARTESIAN_POINT('',(30.976062530437,32.761274541793,6.));
#1474 = CARTESIAN_POINT('',(31.055076927631,32.738056556414,6.));
#1475 = CARTESIAN_POINT('',(31.124943877879,32.7060488028,6.));
#1476 = CARTESIAN_POINT('',(31.184983221477,32.665268456376,6.));
#1477 = ORIENTED_EDGE('',*,*,#1478,.F.);
#1478 = EDGE_CURVE('',#1479,#1467,#1481,.T.);
#1479 = VERTEX_POINT('',#1480);
#1480 = CARTESIAN_POINT('',(30.22105704698,32.731543624161,6.));
#1481 = B_SPLINE_CURVE_WITH_KNOTS('',4,(#1482,#1483,#1484,#1485,#1486),
  .UNSPECIFIED.,.F.,.F.,(5,5),(0.,1.),.PIECEWISE_BEZIER_KNOTS.);
#1482 = CARTESIAN_POINT('',(30.22105704698,32.731543624161,6.));
#1483 = CARTESIAN_POINT('',(30.340028183823,32.757258087423,6.));
#1484 = CARTESIAN_POINT('',(30.45866246919,32.774549499317,6.));
#1485 = CARTESIAN_POINT('',(30.576783562026,32.78322147651,6.));
#1486 = CARTESIAN_POINT('',(30.694211409396,32.78322147651,6.));
#1487 = ORIENTED_EDGE('',*,*,#1488,.F.);
#1488 = EDGE_CURVE('',#1489,#1479,#1491,.T.);
#1489 = VERTEX_POINT('',#1490);
#1490 = CARTESIAN_POINT('',(29.74538590604,32.579194630872,6.));
#1491 = B_SPLINE_CURVE_WITH_KNOTS('',4,(#1492,#1493,#1494,#1495,#1496),
  .UNSPECIFIED.,.F.,.F.,(5,5),(0.,1.),.PIECEWISE_BEZIER_KNOTS.);
#1492 = CARTESIAN_POINT('',(29.74538590604,32.579194630872,6.));
#1493 = CARTESIAN_POINT('',(29.863004956749,32.629328708515,6.));
#1494 = CARTESIAN_POINT('',(29.981579057855,32.67156482387,6.));
#1495 = CARTESIAN_POINT('',(30.100980780404,32.705674561818,6.));
#1496 = CARTESIAN_POINT('',(30.22105704698,32.731543624161,6.));
#1497 = ORIENTED_EDGE('',*,*,#1498,.F.);
#1498 = EDGE_CURVE('',#1499,#1489,#1501,.T.);
#1499 = VERTEX_POINT('',#1500);
#1500 = CARTESIAN_POINT('',(29.74538590604,33.287919463087,6.));
#1501 = LINE('',#1502,#1503);
#1502 = CARTESIAN_POINT('',(29.74538590604,16.289597315436,6.));
#1503 = VECTOR('',#1504,1.);
#1504 = DIRECTION('',(0.,-1.,0.));
#1505 = ORIENTED_EDGE('',*,*,#1506,.F.);
#1506 = EDGE_CURVE('',#1507,#1499,#1509,.T.);
#1507 = VERTEX_POINT('',#1508);
#1508 = CARTESIAN_POINT('',(30.314177852349,33.408724832215,6.));
#1509 = B_SPLINE_CURVE_WITH_KNOTS('',4,(#1510,#1511,#1512,#1513,#1514),
  .UNSPECIFIED.,.F.,.F.,(5,5),(0.,1.),.PIECEWISE_BEZIER_KNOTS.);
#1510 = CARTESIAN_POINT('',(30.314177852349,33.408724832215,6.));
#1511 = CARTESIAN_POINT('',(30.172477125163,33.388481871188,6.));
#1512 = CARTESIAN_POINT('',(30.030364359164,33.361516881497,6.));
#1513 = CARTESIAN_POINT('',(29.887962643637,33.327941003465,6.));
#1514 = CARTESIAN_POINT('',(29.74538590604,33.287919463087,6.));
#1515 = ORIENTED_EDGE('',*,*,#1516,.F.);
#1516 = EDGE_CURVE('',#1517,#1507,#1519,.T.);
#1517 = VERTEX_POINT('',#1518);
#1518 = CARTESIAN_POINT('',(30.867869127517,33.448993288591,6.));
#1519 = B_SPLINE_CURVE_WITH_KNOTS('',4,(#1520,#1521,#1522,#1523,#1524),
  .UNSPECIFIED.,.F.,.F.,(5,5),(0.,1.),.PIECEWISE_BEZIER_KNOTS.);
#1520 = CARTESIAN_POINT('',(30.867869127517,33.448993288591,6.));
#1521 = CARTESIAN_POINT('',(30.731270961009,33.448993288591,6.));
#1522 = CARTESIAN_POINT('',(30.593364274819,33.442213119879,6.));
#1523 = CARTESIAN_POINT('',(30.45428735287,33.428740475146,6.));
#1524 = CARTESIAN_POINT('',(30.314177852349,33.408724832215,6.));
#1525 = ORIENTED_EDGE('',*,*,#1526,.F.);
#1526 = EDGE_CURVE('',#1527,#1517,#1529,.T.);
#1527 = VERTEX_POINT('',#1528);
#1528 = CARTESIAN_POINT('',(31.963842281879,33.20855704698,6.));
#1529 = B_SPLINE_CURVE_WITH_KNOTS('',6,(#1530,#1531,#1532,#1533,#1534,
    #1535,#1536,#1537,#1538,#1539,#1540,#1541),.UNSPECIFIED.,.F.,.F.,(7,
    5,7),(0.,0.4646021361,1.),.UNSPECIFIED.);
#1530 = CARTESIAN_POINT('',(31.963842281879,33.20855704698,6.));
#1531 = CARTESIAN_POINT('',(31.899378115928,33.251186096268,6.));
#1532 = CARTESIAN_POINT('',(31.829155837171,33.288488154703,6.));
#1533 = CARTESIAN_POINT('',(31.753943758873,33.320592751141,6.));
#1534 = CARTESIAN_POINT('',(31.674550624723,33.347845062295,6.));
#1535 = CARTESIAN_POINT('',(31.591674919037,33.370638500993,6.));
#1536 = CARTESIAN_POINT('',(31.406969248162,33.410943175634,6.));
#1537 = CARTESIAN_POINT('',(31.304195786675,33.427115218852,6.));
#1538 = CARTESIAN_POINT('',(31.198340801811,33.438491358093,6.));
#1539 = CARTESIAN_POINT('',(31.090046932264,33.445624015794,6.));
#1540 = CARTESIAN_POINT('',(30.979789776034,33.448993288591,6.));
#1541 = CARTESIAN_POINT('',(30.867869127517,33.448993288591,6.));
#1542 = ORIENTED_EDGE('',*,*,#1543,.F.);
#1543 = EDGE_CURVE('',#1544,#1527,#1546,.T.);
#1544 = VERTEX_POINT('',#1545);
#1545 = CARTESIAN_POINT('',(32.327600671141,32.485067114094,6.));
#1546 = B_SPLINE_CURVE_WITH_KNOTS('',5,(#1547,#1548,#1549,#1550,#1551,
    #1552,#1553,#1554,#1555,#1556,#1557,#1558,#1559,#1560),
  .UNSPECIFIED.,.F.,.F.,(6,4,4,6),(0.,0.211573451287,0.617937577815,1.),
  .UNSPECIFIED.);
#1547 = CARTESIAN_POINT('',(32.327600671141,32.485067114094,6.));
#1548 = CARTESIAN_POINT('',(32.327600671141,32.523616828029,6.));
#1549 = CARTESIAN_POINT('',(32.326153742768,32.561666970454,6.));
#1550 = CARTESIAN_POINT('',(32.323189886997,32.599150141285,6.));
#1551 = CARTESIAN_POINT('',(32.318643216696,32.635991060227,6.));
#1552 = CARTESIAN_POINT('',(32.300591349427,32.741484965696,6.));
#1553 = CARTESIAN_POINT('',(32.282689532875,32.808214035891,6.));
#1554 = CARTESIAN_POINT('',(32.258396159922,32.871699661617,6.));
#1555 = CARTESIAN_POINT('',(32.227563327342,32.931385240831,6.));
#1556 = CARTESIAN_POINT('',(32.155585669838,33.039038111202,6.));
#1557 = CARTESIAN_POINT('',(32.115157318165,33.08750845932,6.));
#1558 = CARTESIAN_POINT('',(32.06939990084,33.131947473709,6.));
#1559 = CARTESIAN_POINT('',(32.018772830808,33.172274507281,6.));
#1560 = CARTESIAN_POINT('',(31.963842281879,33.20855704698,6.));
#1561 = ORIENTED_EDGE('',*,*,#1562,.F.);
#1562 = EDGE_CURVE('',#1563,#1544,#1565,.T.);
#1563 = VERTEX_POINT('',#1564);
#1564 = CARTESIAN_POINT('',(32.15394295302,31.945134228188,6.));
#1565 = B_SPLINE_CURVE_WITH_KNOTS('',5,(#1566,#1567,#1568,#1569,#1570,
    #1571,#1572,#1573,#1574,#1575),.UNSPECIFIED.,.F.,.F.,(6,4,6),(0.,
    0.112272943137,1.),.UNSPECIFIED.);
#1566 = CARTESIAN_POINT('',(32.15394295302,31.945134228188,6.));
#1567 = CARTESIAN_POINT('',(32.1618570765,31.954715287822,6.));
#1568 = CARTESIAN_POINT('',(32.169549285542,31.964455661633,6.));
#1569 = CARTESIAN_POINT('',(32.177018012624,31.974354211801,6.));
#1570 = CARTESIAN_POINT('',(32.18426195147,31.984409608024,6.));
#1571 = CARTESIAN_POINT('',(32.246771273674,32.075355112856,6.));
#1572 = CARTESIAN_POINT('',(32.288158670061,32.165823249702,6.));
#1573 = CARTESIAN_POINT('',(32.314858105915,32.265200262802,6.));
#1574 = CARTESIAN_POINT('',(32.327600671141,32.372101608386,6.));
#1575 = CARTESIAN_POINT('',(32.327600671141,32.485067114094,6.));
#1576 = ORIENTED_EDGE('',*,*,#1577,.F.);
#1577 = EDGE_CURVE('',#1229,#1563,#1578,.T.);
#1578 = B_SPLINE_CURVE_WITH_KNOTS('',5,(#1579,#1580,#1581,#1582,#1583,
    #1584,#1585,#1586,#1587,#1588),.UNSPECIFIED.,.F.,.F.,(6,4,6),(0.,
    0.522782370138,1.),.UNSPECIFIED.);
#1579 = CARTESIAN_POINT('',(31.640520134228,31.649496644295,6.));
#1580 = CARTESIAN_POINT('',(31.708493495393,31.666615861181,6.));
#1581 = CARTESIAN_POINT('',(31.773356992403,31.687112725086,6.));
#1582 = CARTESIAN_POINT('',(31.834774343442,31.711157841093,6.));
#1583 = CARTESIAN_POINT('',(31.892395134724,31.738889267736,6.));
#1584 = CARTESIAN_POINT('',(31.994767785392,31.799077477488,6.));
#1585 = CARTESIAN_POINT('',(32.040205813851,31.830912958791,6.));
#1586 = CARTESIAN_POINT('',(32.081992076515,31.865895609133,6.));
#1587 = CARTESIAN_POINT('',(32.119940830218,31.9040031579,6.));
#1588 = CARTESIAN_POINT('',(32.15394295302,31.945134228188,6.));
#1589 = FACE_BOUND('',#1590,.T.);
#1590 = EDGE_LOOP('',(#1591,#1601,#1609,#1617,#1625,#1633,#1641,#1649,
    #1657,#1665,#1673));
#1591 = ORIENTED_EDGE('',*,*,#1592,.F.);
#1592 = EDGE_CURVE('',#1593,#1595,#1597,.T.);
#1593 = VERTEX_POINT('',#1594);
#1594 = CARTESIAN_POINT('',(44.023070469799,33.379194630872,6.));
#1595 = VERTEX_POINT('',#1596);
#1596 = CARTESIAN_POINT('',(42.945889261745,33.379194630872,6.));
#1597 = LINE('',#1598,#1599);
#1598 = CARTESIAN_POINT('',(21.472944630872,33.379194630872,6.));
#1599 = VECTOR('',#1600,1.);
#1600 = DIRECTION('',(-1.,0.,0.));
#1601 = ORIENTED_EDGE('',*,*,#1602,.F.);
#1602 = EDGE_CURVE('',#1603,#1593,#1605,.T.);
#1603 = VERTEX_POINT('',#1604);
#1604 = CARTESIAN_POINT('',(44.023070469799,31.006040268456,6.));
#1605 = LINE('',#1606,#1607);
#1606 = CARTESIAN_POINT('',(44.023070469799,16.689597315436,6.));
#1607 = VECTOR('',#1608,1.);
#1608 = DIRECTION('',(0.,1.,0.));
#1609 = ORIENTED_EDGE('',*,*,#1610,.F.);
#1610 = EDGE_CURVE('',#1611,#1603,#1613,.T.);
#1611 = VERTEX_POINT('',#1612);
#1612 = CARTESIAN_POINT('',(44.559144295302,31.006040268456,6.));
#1613 = LINE('',#1614,#1615);
#1614 = CARTESIAN_POINT('',(22.011535234899,31.006040268456,6.));
#1615 = VECTOR('',#1616,1.);
#1616 = DIRECTION('',(-1.,0.,0.));
#1617 = ORIENTED_EDGE('',*,*,#1618,.F.);
#1618 = EDGE_CURVE('',#1619,#1611,#1621,.T.);
#1619 = VERTEX_POINT('',#1620);
#1620 = CARTESIAN_POINT('',(44.559144295302,30.308053691275,6.));
#1621 = LINE('',#1622,#1623);
#1622 = CARTESIAN_POINT('',(44.559144295302,15.503020134228,6.));
#1623 = VECTOR('',#1624,1.);
#1624 = DIRECTION('',(0.,1.,0.));
#1625 = ORIENTED_EDGE('',*,*,#1626,.F.);
#1626 = EDGE_CURVE('',#1627,#1619,#1629,.T.);
#1627 = VERTEX_POINT('',#1628);
#1628 = CARTESIAN_POINT('',(44.023070469799,30.308053691275,6.));
#1629 = LINE('',#1630,#1631);
#1630 = CARTESIAN_POINT('',(22.279572147651,30.308053691275,6.));
#1631 = VECTOR('',#1632,1.);
#1632 = DIRECTION('',(1.,0.,-0.));
#1633 = ORIENTED_EDGE('',*,*,#1634,.F.);
#1634 = EDGE_CURVE('',#1635,#1627,#1637,.T.);
#1635 = VERTEX_POINT('',#1636);
#1636 = CARTESIAN_POINT('',(44.023070469799,29.620805369128,6.));
#1637 = LINE('',#1638,#1639);
#1638 = CARTESIAN_POINT('',(44.023070469799,15.154026845638,6.));
#1639 = VECTOR('',#1640,1.);
#1640 = DIRECTION('',(0.,1.,0.));
#1641 = ORIENTED_EDGE('',*,*,#1642,.F.);
#1642 = EDGE_CURVE('',#1643,#1635,#1645,.T.);
#1643 = VERTEX_POINT('',#1644);
#1644 = CARTESIAN_POINT('',(43.106963087248,29.620805369128,6.));
#1645 = LINE('',#1646,#1647);
#1646 = CARTESIAN_POINT('',(22.011535234899,29.620805369128,6.));
#1647 = VECTOR('',#1648,1.);
#1648 = DIRECTION('',(1.,0.,-0.));
#1649 = ORIENTED_EDGE('',*,*,#1650,.F.);
#1650 = EDGE_CURVE('',#1651,#1643,#1653,.T.);
#1651 = VERTEX_POINT('',#1652);
#1652 = CARTESIAN_POINT('',(43.106963087248,30.308053691275,6.));
#1653 = LINE('',#1654,#1655);
#1654 = CARTESIAN_POINT('',(43.106963087248,14.810402684564,6.));
#1655 = VECTOR('',#1656,1.);
#1656 = DIRECTION('',(0.,-1.,0.));
#1657 = ORIENTED_EDGE('',*,*,#1658,.F.);
#1658 = EDGE_CURVE('',#1659,#1651,#1661,.T.);
#1659 = VERTEX_POINT('',#1660);
#1660 = CARTESIAN_POINT('',(41.440855704698,30.308053691275,6.));
#1661 = LINE('',#1662,#1663);
#1662 = CARTESIAN_POINT('',(21.553481543624,30.308053691275,6.));
#1663 = VECTOR('',#1664,1.);
#1664 = DIRECTION('',(1.,0.,-0.));
#1665 = ORIENTED_EDGE('',*,*,#1666,.F.);
#1666 = EDGE_CURVE('',#1667,#1659,#1669,.T.);
#1667 = VERTEX_POINT('',#1668);
#1668 = CARTESIAN_POINT('',(41.440855704698,31.138087248322,6.));
#1669 = LINE('',#1670,#1671);
#1670 = CARTESIAN_POINT('',(41.440855704698,15.154026845638,6.));
#1671 = VECTOR('',#1672,1.);
#1672 = DIRECTION('',(0.,-1.,0.));
#1673 = ORIENTED_EDGE('',*,*,#1674,.F.);
#1674 = EDGE_CURVE('',#1595,#1667,#1675,.T.);
#1675 = LINE('',#1676,#1677);
#1676 = CARTESIAN_POINT('',(27.794846971942,10.818160978152,6.));
#1677 = VECTOR('',#1678,1.);
#1678 = DIRECTION('',(-0.557508237146,-0.830171407309,0.));
#1679 = FACE_BOUND('',#1680,.T.);
#1680 = EDGE_LOOP('',(#1681));
#1681 = ORIENTED_EDGE('',*,*,#1682,.F.);
#1682 = EDGE_CURVE('',#1683,#1683,#1685,.T.);
#1683 = VERTEX_POINT('',#1684);
#1684 = CARTESIAN_POINT('',(56.675,25.5,6.));
#1685 = CIRCLE('',#1686,1.675);
#1686 = AXIS2_PLACEMENT_3D('',#1687,#1688,#1689);
#1687 = CARTESIAN_POINT('',(55.,25.5,6.));
#1688 = DIRECTION('',(0.,0.,1.));
#1689 = DIRECTION('',(1.,0.,-0.));
#1690 = FACE_BOUND('',#1691,.T.);
#1691 = EDGE_LOOP('',(#1692));
#1692 = ORIENTED_EDGE('',*,*,#1693,.F.);
#1693 = EDGE_CURVE('',#1694,#1694,#1696,.T.);
#1694 = VERTEX_POINT('',#1695);
#1695 = CARTESIAN_POINT('',(68.7,25.5,6.));
#1696 = CIRCLE('',#1697,1.7);
#1697 = AXIS2_PLACEMENT_3D('',#1698,#1699,#1700);
#1698 = CARTESIAN_POINT('',(67.,25.5,6.));
#1699 = DIRECTION('',(0.,0.,1.));
#1700 = DIRECTION('',(1.,0.,-0.));
#1701 = FACE_BOUND('',#1702,.T.);
#1702 = EDGE_LOOP('',(#1703));
#1703 = ORIENTED_EDGE('',*,*,#1704,.F.);
#1704 = EDGE_CURVE('',#1705,#1705,#1707,.T.);
#1705 = VERTEX_POINT('',#1706);
#1706 = CARTESIAN_POINT('',(80.725,25.5,6.));
#1707 = CIRCLE('',#1708,1.725);
#1708 = AXIS2_PLACEMENT_3D('',#1709,#1710,#1711);
#1709 = CARTESIAN_POINT('',(79.,25.5,6.));
#1710 = DIRECTION('',(0.,0.,1.));
#1711 = DIRECTION('',(1.,0.,-0.));
#1712 = FACE_BOUND('',#1713,.T.);
#1713 = EDGE_LOOP('',(#1714,#1724,#1732,#1740,#1748,#1758,#1768,#1785,
    #1804,#1823,#1840,#1853,#1864,#1872,#1883,#1894,#1909,#1924,#1939,
    #1954,#1965,#1976));
#1714 = ORIENTED_EDGE('',*,*,#1715,.F.);
#1715 = EDGE_CURVE('',#1716,#1718,#1720,.T.);
#1716 = VERTEX_POINT('',#1717);
#1717 = CARTESIAN_POINT('',(56.142617449664,33.41677852349,6.));
#1718 = VERTEX_POINT('',#1719);
#1719 = CARTESIAN_POINT('',(53.734060402685,33.41677852349,6.));
#1720 = LINE('',#1721,#1722);
#1721 = CARTESIAN_POINT('',(26.867030201342,33.41677852349,6.));
#1722 = VECTOR('',#1723,1.);
#1723 = DIRECTION('',(-1.,0.,0.));
#1724 = ORIENTED_EDGE('',*,*,#1725,.F.);
#1725 = EDGE_CURVE('',#1726,#1716,#1728,.T.);
#1726 = VERTEX_POINT('',#1727);
#1727 = CARTESIAN_POINT('',(56.142617449664,32.708053691275,6.));
#1728 = LINE('',#1729,#1730);
#1729 = CARTESIAN_POINT('',(56.142617449664,16.708389261745,6.));
#1730 = VECTOR('',#1731,1.);
#1731 = DIRECTION('',(0.,1.,0.));
#1732 = ORIENTED_EDGE('',*,*,#1733,.F.);
#1733 = EDGE_CURVE('',#1734,#1726,#1736,.T.);
#1734 = VERTEX_POINT('',#1735);
#1735 = CARTESIAN_POINT('',(54.506711409396,32.708053691275,6.));
#1736 = LINE('',#1737,#1738);
#1737 = CARTESIAN_POINT('',(28.071308724832,32.708053691275,6.));
#1738 = VECTOR('',#1739,1.);
#1739 = DIRECTION('',(1.,0.,-0.));
#1740 = ORIENTED_EDGE('',*,*,#1741,.F.);
#1741 = EDGE_CURVE('',#1742,#1734,#1744,.T.);
#1742 = VERTEX_POINT('',#1743);
#1743 = CARTESIAN_POINT('',(54.506711409396,32.118624161074,6.));
#1744 = LINE('',#1745,#1746);
#1745 = CARTESIAN_POINT('',(54.506711409396,16.354026845638,6.));
#1746 = VECTOR('',#1747,1.);
#1747 = DIRECTION('',(0.,1.,0.));
#1748 = ORIENTED_EDGE('',*,*,#1749,.F.);
#1749 = EDGE_CURVE('',#1750,#1742,#1752,.T.);
#1750 = VERTEX_POINT('',#1751);
#1751 = CARTESIAN_POINT('',(54.729362416107,32.165436241611,6.));
#1752 = B_SPLINE_CURVE_WITH_KNOTS('',4,(#1753,#1754,#1755,#1756,#1757),
  .UNSPECIFIED.,.F.,.F.,(5,5),(0.,1.),.PIECEWISE_BEZIER_KNOTS.);
#1753 = CARTESIAN_POINT('',(54.729362416107,32.165436241611,6.));
#1754 = CARTESIAN_POINT('',(54.673388727933,32.157212221459,6.));
#1755 = CARTESIAN_POINT('',(54.617617836539,32.146666752653,6.));
#1756 = CARTESIAN_POINT('',(54.562056572178,32.133802152685,6.));
#1757 = CARTESIAN_POINT('',(54.506711409396,32.118624161074,6.));
#1758 = ORIENTED_EDGE('',*,*,#1759,.F.);
#1759 = EDGE_CURVE('',#1760,#1750,#1762,.T.);
#1760 = VERTEX_POINT('',#1761);
#1761 = CARTESIAN_POINT('',(54.962248322148,32.181879194631,6.));
#1762 = B_SPLINE_CURVE_WITH_KNOTS('',4,(#1763,#1764,#1765,#1766,#1767),
  .UNSPECIFIED.,.F.,.F.,(5,5),(0.,1.),.PIECEWISE_BEZIER_KNOTS.);
#1763 = CARTESIAN_POINT('',(54.962248322148,32.181879194631,6.));
#1764 = CARTESIAN_POINT('',(54.901952885265,32.181879194631,6.));
#1765 = CARTESIAN_POINT('',(54.84302649886,32.179148432933,6.));
#1766 = CARTESIAN_POINT('',(54.785490328923,32.173670576126,6.));
#1767 = CARTESIAN_POINT('',(54.729362416107,32.165436241611,6.));
#1768 = ORIENTED_EDGE('',*,*,#1769,.F.);
#1769 = EDGE_CURVE('',#1770,#1760,#1772,.T.);
#1770 = VERTEX_POINT('',#1771);
#1771 = CARTESIAN_POINT('',(56.031879194631,31.838422818792,6.));
#1772 = B_SPLINE_CURVE_WITH_KNOTS('',6,(#1773,#1774,#1775,#1776,#1777,
    #1778,#1779,#1780,#1781,#1782,#1783,#1784),.UNSPECIFIED.,.F.,.F.,(7,
    5,7),(0.,0.481726522684,1.),.UNSPECIFIED.);
#1773 = CARTESIAN_POINT('',(56.031879194631,31.838422818792,6.));
#1774 = CARTESIAN_POINT('',(55.966560675521,31.897066243624,6.));
#1775 = CARTESIAN_POINT('',(55.895881888066,31.949731483019,6.));
#1776 = CARTESIAN_POINT('',(55.820222508608,31.996058267659,6.));
#1777 = CARTESIAN_POINT('',(55.740103379241,32.035985591868,6.));
#1778 = CARTESIAN_POINT('',(55.656126148617,32.069666593009,6.));
#1779 = CARTESIAN_POINT('',(55.475083104985,32.127203051058,6.));
#1780 = CARTESIAN_POINT('',(55.377488002783,32.150125693647,6.));
#1781 = CARTESIAN_POINT('',(55.276826898154,32.166522925969,6.));
#1782 = CARTESIAN_POINT('',(55.173742900998,32.176927323057,6.));
#1783 = CARTESIAN_POINT('',(55.068757004647,32.181879194631,6.));
#1784 = CARTESIAN_POINT('',(54.962248322148,32.181879194631,6.));
#1785 = ORIENTED_EDGE('',*,*,#1786,.F.);
#1786 = EDGE_CURVE('',#1787,#1770,#1789,.T.);
#1787 = VERTEX_POINT('',#1788);
#1788 = CARTESIAN_POINT('',(56.414429530201,30.881375838926,6.));
#1789 = B_SPLINE_CURVE_WITH_KNOTS('',5,(#1790,#1791,#1792,#1793,#1794,
    #1795,#1796,#1797,#1798,#1799,#1800,#1801,#1802,#1803),
  .UNSPECIFIED.,.F.,.F.,(6,4,4,6),(0.,0.2751480847,0.762439655246,1.),
  .UNSPECIFIED.);
#1790 = CARTESIAN_POINT('',(56.414429530201,30.881375838926,6.));
#1791 = CARTESIAN_POINT('',(56.414429530201,30.943682461465,6.));
#1792 = CARTESIAN_POINT('',(56.411965457609,31.00529414042,6.));
#1793 = CARTESIAN_POINT('',(56.406872070717,31.066071101612,6.));
#1794 = CARTESIAN_POINT('',(56.398984006087,31.125842654854,6.));
#1795 = CARTESIAN_POINT('',(56.369017519024,31.288158919192,6.));
#1796 = CARTESIAN_POINT('',(56.340679651463,31.388190054694,6.));
#1797 = CARTESIAN_POINT('',(56.302435314213,31.483356583334,6.));
#1798 = CARTESIAN_POINT('',(56.253937274562,31.572503592703,6.));
#1799 = CARTESIAN_POINT('',(56.167439907369,31.694913465602,6.));
#1800 = CARTESIAN_POINT('',(56.136793445985,31.733408751231,6.));
#1801 = CARTESIAN_POINT('',(56.103912774156,31.770189997074,6.));
#1802 = CARTESIAN_POINT('',(56.068898502611,31.805202860842,6.));
#1803 = CARTESIAN_POINT('',(56.031879194631,31.838422818792,6.));
#1804 = ORIENTED_EDGE('',*,*,#1805,.F.);
#1805 = EDGE_CURVE('',#1806,#1787,#1808,.T.);
#1806 = VERTEX_POINT('',#1807);
#1807 = CARTESIAN_POINT('',(55.997818791946,29.927852348993,6.));
#1808 = B_SPLINE_CURVE_WITH_KNOTS('',5,(#1809,#1810,#1811,#1812,#1813,
    #1814,#1815,#1816,#1817,#1818,#1819,#1820,#1821,#1822),
  .UNSPECIFIED.,.F.,.F.,(6,4,4,6),(0.,0.332669873401,0.768281440384,1.),
  .UNSPECIFIED.);
#1809 = CARTESIAN_POINT('',(55.997818791946,29.927852348993,6.));
#1810 = CARTESIAN_POINT('',(56.053166307101,29.973637204461,6.));
#1811 = CARTESIAN_POINT('',(56.104623306222,30.022920426971,6.));
#1812 = CARTESIAN_POINT('',(56.151758855928,30.075687810429,6.));
#1813 = CARTESIAN_POINT('',(56.194229401455,30.131815320773,6.));
#1814 = CARTESIAN_POINT('',(56.281117435857,30.268529185187,6.));
#1815 = CARTESIAN_POINT('',(56.322087273992,30.351336144215,6.));
#1816 = CARTESIAN_POINT('',(56.354328271105,30.438769766575,6.));
#1817 = CARTESIAN_POINT('',(56.378082686748,30.529967282014,6.));
#1818 = CARTESIAN_POINT('',(56.402309680947,30.674098352441,6.));
#1819 = CARTESIAN_POINT('',(56.408476794178,30.724969974661,6.));
#1820 = CARTESIAN_POINT('',(56.412481622581,30.776544707245,6.));
#1821 = CARTESIAN_POINT('',(56.414429530201,30.82871152674,6.));
#1822 = CARTESIAN_POINT('',(56.414429530201,30.881375838926,6.));
#1823 = ORIENTED_EDGE('',*,*,#1824,.F.);
#1824 = EDGE_CURVE('',#1825,#1806,#1827,.T.);
#1825 = VERTEX_POINT('',#1826);
#1826 = CARTESIAN_POINT('',(54.84144295302,29.58322147651,6.));
#1827 = B_SPLINE_CURVE_WITH_KNOTS('',6,(#1828,#1829,#1830,#1831,#1832,
    #1833,#1834,#1835,#1836,#1837,#1838,#1839),.UNSPECIFIED.,.F.,.F.,(7,
    5,7),(0.,0.525185810279,1.),.UNSPECIFIED.);
#1828 = CARTESIAN_POINT('',(54.84144295302,29.58322147651,6.));
#1829 = CARTESIAN_POINT('',(54.956603989379,29.58322147651,6.));
#1830 = CARTESIAN_POINT('',(55.070283840218,29.588230147038,6.));
#1831 = CARTESIAN_POINT('',(55.182112264497,29.598773456751,6.));
#1832 = CARTESIAN_POINT('',(55.291557400038,29.615434337078,6.));
#1833 = CARTESIAN_POINT('',(55.39794159799,29.638813052677,6.));
#1834 = CARTESIAN_POINT('',(55.593228210285,29.697013676829,6.));
#1835 = CARTESIAN_POINT('',(55.682840177097,29.73052631915,6.));
#1836 = CARTESIAN_POINT('',(55.768717087484,29.770248739851,6.));
#1837 = CARTESIAN_POINT('',(55.850218372904,29.816406296397,6.));
#1838 = CARTESIAN_POINT('',(55.926743928715,29.869033747431,6.));
#1839 = CARTESIAN_POINT('',(55.997818791946,29.927852348993,6.));
#1840 = ORIENTED_EDGE('',*,*,#1841,.F.);
#1841 = EDGE_CURVE('',#1842,#1825,#1844,.T.);
#1842 = VERTEX_POINT('',#1843);
#1843 = CARTESIAN_POINT('',(54.208389261745,29.644463087248,6.));
#1844 = B_SPLINE_CURVE_WITH_KNOTS('',4,(#1845,#1846,#1847,#1848,#1849,
    #1850,#1851,#1852),.UNSPECIFIED.,.F.,.F.,(5,3,5),(0.,0.475978922429,
    1.),.UNSPECIFIED.);
#1845 = CARTESIAN_POINT('',(54.208389261745,29.644463087248,6.));
#1846 = CARTESIAN_POINT('',(54.282923151758,29.629899452423,6.));
#1847 = CARTESIAN_POINT('',(54.357751704867,29.617632851548,6.));
#1848 = CARTESIAN_POINT('',(54.432845722471,29.607677633749,6.));
#1849 = CARTESIAN_POINT('',(54.591106215084,29.591625072661,6.));
#1850 = CARTESIAN_POINT('',(54.674322514289,29.586018532395,6.));
#1851 = CARTESIAN_POINT('',(54.757782112678,29.58322147651,6.));
#1852 = CARTESIAN_POINT('',(54.84144295302,29.58322147651,6.));
#1853 = ORIENTED_EDGE('',*,*,#1854,.F.);
#1854 = EDGE_CURVE('',#1855,#1842,#1857,.T.);
#1855 = VERTEX_POINT('',#1856);
#1856 = CARTESIAN_POINT('',(53.585570469799,29.830201342282,6.));
#1857 = B_SPLINE_CURVE_WITH_KNOTS('',5,(#1858,#1859,#1860,#1861,#1862,
    #1863),.UNSPECIFIED.,.F.,.F.,(6,6),(0.,1.),
  .PIECEWISE_BEZIER_KNOTS.);
#1858 = CARTESIAN_POINT('',(53.585570469799,29.830201342282,6.));
#1859 = CARTESIAN_POINT('',(53.708460677412,29.780712223443,6.));
#1860 = CARTESIAN_POINT('',(53.832287510041,29.737255690116,6.));
#1861 = CARTESIAN_POINT('',(53.956957125348,29.699989087387,6.));
#1862 = CARTESIAN_POINT('',(54.082363952286,29.669033634995,6.));
#1863 = CARTESIAN_POINT('',(54.208389261745,29.644463087248,6.));
#1864 = ORIENTED_EDGE('',*,*,#1865,.F.);
#1865 = EDGE_CURVE('',#1866,#1855,#1868,.T.);
#1866 = VERTEX_POINT('',#1867);
#1867 = CARTESIAN_POINT('',(53.585570469799,30.592617449664,6.));
#1868 = LINE('',#1869,#1870);
#1869 = CARTESIAN_POINT('',(53.585570469799,14.915100671141,6.));
#1870 = VECTOR('',#1871,1.);
#1871 = DIRECTION('',(0.,-1.,0.));
#1872 = ORIENTED_EDGE('',*,*,#1873,.F.);
#1873 = EDGE_CURVE('',#1874,#1866,#1876,.T.);
#1874 = VERTEX_POINT('',#1875);
#1875 = CARTESIAN_POINT('',(54.168120805369,30.326845637584,6.));
#1876 = B_SPLINE_CURVE_WITH_KNOTS('',5,(#1877,#1878,#1879,#1880,#1881,
    #1882),.UNSPECIFIED.,.F.,.F.,(6,6),(0.,1.),
  .PIECEWISE_BEZIER_KNOTS.);
#1877 = CARTESIAN_POINT('',(54.168120805369,30.326845637584,6.));
#1878 = CARTESIAN_POINT('',(54.054764409006,30.363296415464,6.));
#1879 = CARTESIAN_POINT('',(53.939515514329,30.408656285597,6.));
#1880 = CARTESIAN_POINT('',(53.82271055671,30.462392655739,6.));
#1881 = CARTESIAN_POINT('',(53.70464797166,30.52390387482,6.));
#1882 = CARTESIAN_POINT('',(53.585570469799,30.592617449664,6.));
#1883 = ORIENTED_EDGE('',*,*,#1884,.F.);
#1884 = EDGE_CURVE('',#1885,#1874,#1887,.T.);
#1885 = VERTEX_POINT('',#1886);
#1886 = CARTESIAN_POINT('',(54.687919463087,30.238255033557,6.));
#1887 = B_SPLINE_CURVE_WITH_KNOTS('',5,(#1888,#1889,#1890,#1891,#1892,
    #1893),.UNSPECIFIED.,.F.,.F.,(6,6),(0.,1.),
  .PIECEWISE_BEZIER_KNOTS.);
#1888 = CARTESIAN_POINT('',(54.687919463087,30.238255033557,6.));
#1889 = CARTESIAN_POINT('',(54.588609508423,30.238255033557,6.));
#1890 = CARTESIAN_POINT('',(54.486663750183,30.247417743336,6.));
#1891 = CARTESIAN_POINT('',(54.382393094044,30.265511322633,6.));
#1892 = CARTESIAN_POINT('',(54.2761133879,30.292140778438,6.));
#1893 = CARTESIAN_POINT('',(54.168120805369,30.326845637584,6.));
#1894 = ORIENTED_EDGE('',*,*,#1895,.F.);
#1895 = EDGE_CURVE('',#1896,#1885,#1898,.T.);
#1896 = VERTEX_POINT('',#1897);
#1897 = CARTESIAN_POINT('',(55.242785234899,30.410570469799,6.));
#1898 = B_SPLINE_CURVE_WITH_KNOTS('',5,(#1899,#1900,#1901,#1902,#1903,
    #1904,#1905,#1906,#1907,#1908),.UNSPECIFIED.,.F.,.F.,(6,4,6),(0.,
    0.492147623879,1.),.UNSPECIFIED.);
#1899 = CARTESIAN_POINT('',(55.242785234899,30.410570469799,6.));
#1900 = CARTESIAN_POINT('',(55.201823807262,30.375717622919,6.));
#1901 = CARTESIAN_POINT('',(55.157039613613,30.345277646853,6.));
#1902 = CARTESIAN_POINT('',(55.108584721944,30.319373915055,6.));
#1903 = CARTESIAN_POINT('',(55.056704120601,30.297984960169,6.));
#1904 = CARTESIAN_POINT('',(54.944940807887,30.263452619997,6.));
#1905 = CARTESIAN_POINT('',(54.884851215085,30.250592973607,6.));
#1906 = CARTESIAN_POINT('',(54.821755614785,30.242276483067,6.));
#1907 = CARTESIAN_POINT('',(54.756004950545,30.238255033557,6.));
#1908 = CARTESIAN_POINT('',(54.687919463087,30.238255033557,6.));
#1909 = ORIENTED_EDGE('',*,*,#1910,.F.);
#1910 = EDGE_CURVE('',#1911,#1896,#1913,.T.);
#1911 = VERTEX_POINT('',#1912);
#1912 = CARTESIAN_POINT('',(55.445469798658,30.877181208054,6.));
#1913 = B_SPLINE_CURVE_WITH_KNOTS('',5,(#1914,#1915,#1916,#1917,#1918,
    #1919,#1920,#1921,#1922,#1923),.UNSPECIFIED.,.F.,.F.,(6,4,6),(0.,
    0.643881110253,1.),.UNSPECIFIED.);
#1914 = CARTESIAN_POINT('',(55.445469798658,30.877181208054,6.));
#1915 = CARTESIAN_POINT('',(55.445469798658,30.803358338261,6.));
#1916 = CARTESIAN_POINT('',(55.437498668905,30.733083703788,6.));
#1917 = CARTESIAN_POINT('',(55.421017504544,30.667009397503,6.));
#1918 = CARTESIAN_POINT('',(55.395749562011,30.605715965681,6.));
#1919 = CARTESIAN_POINT('',(55.343225822221,30.518534939366,6.));
#1920 = CARTESIAN_POINT('',(55.321903401601,30.489063064478,6.));
#1921 = CARTESIAN_POINT('',(55.298000111342,30.461227636502,6.));
#1922 = CARTESIAN_POINT('',(55.271591770508,30.43506079436,6.));
#1923 = CARTESIAN_POINT('',(55.242785234899,30.410570469799,6.));
#1924 = ORIENTED_EDGE('',*,*,#1925,.F.);
#1925 = EDGE_CURVE('',#1926,#1911,#1928,.T.);
#1926 = VERTEX_POINT('',#1927);
#1927 = CARTESIAN_POINT('',(55.242785234899,31.344966442953,6.));
#1928 = B_SPLINE_CURVE_WITH_KNOTS('',5,(#1929,#1930,#1931,#1932,#1933,
    #1934,#1935,#1936,#1937,#1938),.UNSPECIFIED.,.F.,.F.,(6,4,6),(0.,
    0.341922524454,1.),.UNSPECIFIED.);
#1929 = CARTESIAN_POINT('',(55.242785234899,31.344966442953,6.));
#1930 = CARTESIAN_POINT('',(55.270478406724,31.321606060429,6.));
#1931 = CARTESIAN_POINT('',(55.295951686067,31.296655153819,6.));
#1932 = CARTESIAN_POINT('',(55.319110321002,31.270121103012,6.));
#1933 = CARTESIAN_POINT('',(55.339886806652,31.242032933803,6.));
#1934 = CARTESIAN_POINT('',(55.393584724346,31.155500769049,6.));
#1935 = CARTESIAN_POINT('',(55.419979948505,31.092991157972,6.));
#1936 = CARTESIAN_POINT('',(55.437170928588,31.025326687363,6.));
#1937 = CARTESIAN_POINT('',(55.445469798658,30.953150461637,6.));
#1938 = CARTESIAN_POINT('',(55.445469798658,30.877181208054,6.));
#1939 = ORIENTED_EDGE('',*,*,#1940,.F.);
#1940 = EDGE_CURVE('',#1941,#1926,#1943,.T.);
#1941 = VERTEX_POINT('',#1942);
#1942 = CARTESIAN_POINT('',(54.687919463087,31.51610738255,6.));
#1943 = B_SPLINE_CURVE_WITH_KNOTS('',5,(#1944,#1945,#1946,#1947,#1948,
    #1949,#1950,#1951,#1952,#1953),.UNSPECIFIED.,.F.,.F.,(6,4,6),(0.,
    0.509918609715,1.),.UNSPECIFIED.);
#1944 = CARTESIAN_POINT('',(54.687919463087,31.51610738255,6.));
#1945 = CARTESIAN_POINT('',(54.75626814679,31.51610738255,6.));
#1946 = CARTESIAN_POINT('',(54.822263891627,31.512082402535,6.));
#1947 = CARTESIAN_POINT('',(54.885584272036,31.503757565505,6.));
#1948 = CARTESIAN_POINT('',(54.945875503046,31.490882957337,6.));
#1949 = CARTESIAN_POINT('',(55.057530380028,31.456444501177,6.));
#1950 = CARTESIAN_POINT('',(55.109154019306,31.435237130071,6.));
#1951 = CARTESIAN_POINT('',(55.157384051513,31.40958049545,6.));
#1952 = CARTESIAN_POINT('',(55.201978352451,31.379451132346,6.));
#1953 = CARTESIAN_POINT('',(55.242785234899,31.344966442953,6.));
#1954 = ORIENTED_EDGE('',*,*,#1955,.F.);
#1955 = EDGE_CURVE('',#1956,#1941,#1958,.T.);
#1956 = VERTEX_POINT('',#1957);
#1957 = CARTESIAN_POINT('',(54.24244966443,31.460906040268,6.));
#1958 = B_SPLINE_CURVE_WITH_KNOTS('',5,(#1959,#1960,#1961,#1962,#1963,
    #1964),.UNSPECIFIED.,.F.,.F.,(6,6),(0.,1.),
  .PIECEWISE_BEZIER_KNOTS.);
#1959 = CARTESIAN_POINT('',(54.24244966443,31.460906040268,6.));
#1960 = CARTESIAN_POINT('',(54.335794404206,31.48268647955,6.));
#1961 = CARTESIAN_POINT('',(54.427160698314,31.499262698263,6.));
#1962 = CARTESIAN_POINT('',(54.516400816794,31.510454936228,6.));
#1963 = CARTESIAN_POINT('',(54.603367046166,31.51610738255,6.));
#1964 = CARTESIAN_POINT('',(54.687919463087,31.51610738255,6.));
#1965 = ORIENTED_EDGE('',*,*,#1966,.F.);
#1966 = EDGE_CURVE('',#1967,#1956,#1969,.T.);
#1967 = VERTEX_POINT('',#1968);
#1968 = CARTESIAN_POINT('',(53.734060402685,31.290604026846,6.));
#1969 = B_SPLINE_CURVE_WITH_KNOTS('',5,(#1970,#1971,#1972,#1973,#1974,
    #1975),.UNSPECIFIED.,.F.,.F.,(6,6),(0.,1.),
  .PIECEWISE_BEZIER_KNOTS.);
#1970 = CARTESIAN_POINT('',(53.734060402685,31.290604026846,6.));
#1971 = CARTESIAN_POINT('',(53.840347675364,31.335677703593,6.));
#1972 = CARTESIAN_POINT('',(53.944540539537,31.375534702765,6.));
#1973 = CARTESIAN_POINT('',(54.046436781704,31.409882148841,6.));
#1974 = CARTESIAN_POINT('',(54.145815242239,31.438426543475,6.));
#1975 = CARTESIAN_POINT('',(54.24244966443,31.460906040268,6.));
#1976 = ORIENTED_EDGE('',*,*,#1977,.F.);
#1977 = EDGE_CURVE('',#1718,#1967,#1978,.T.);
#1978 = LINE('',#1979,#1980);
#1979 = CARTESIAN_POINT('',(53.734060402685,15.645302013423,6.));
#1980 = VECTOR('',#1981,1.);
#1981 = DIRECTION('',(0.,-1.,0.));
#1982 = FACE_BOUND('',#1983,.T.);
#1983 = EDGE_LOOP('',(#1984,#1994,#2005,#2016,#2033,#2048,#2061,#2072,
    #2089,#2106,#2125,#2142,#2161,#2183,#2210,#2233,#2243));
#1984 = ORIENTED_EDGE('',*,*,#1985,.F.);
#1985 = EDGE_CURVE('',#1986,#1988,#1990,.T.);
#1986 = VERTEX_POINT('',#1987);
#1987 = CARTESIAN_POINT('',(68.248322147651,32.589932885906,6.));
#1988 = VERTEX_POINT('',#1989);
#1989 = CARTESIAN_POINT('',(68.248322147651,33.287919463087,6.));
#1990 = LINE('',#1991,#1992);
#1991 = CARTESIAN_POINT('',(68.248322147651,16.643959731544,6.));
#1992 = VECTOR('',#1993,1.);
#1993 = DIRECTION('',(0.,1.,0.));
#1994 = ORIENTED_EDGE('',*,*,#1995,.F.);
#1995 = EDGE_CURVE('',#1996,#1986,#1998,.T.);
#1996 = VERTEX_POINT('',#1997);
#1997 = CARTESIAN_POINT('',(67.797818791946,32.760234899329,6.));
#1998 = B_SPLINE_CURVE_WITH_KNOTS('',5,(#1999,#2000,#2001,#2002,#2003,
    #2004),.UNSPECIFIED.,.F.,.F.,(6,6),(0.,1.),
  .PIECEWISE_BEZIER_KNOTS.);
#1999 = CARTESIAN_POINT('',(67.797818791946,32.760234899329,6.));
#2000 = CARTESIAN_POINT('',(67.883874438451,32.737833111985,6.));
#2001 = CARTESIAN_POINT('',(67.972123041331,32.70936886184,6.));
#2002 = CARTESIAN_POINT('',(68.062392738087,32.675059130885,6.));
#2003 = CARTESIAN_POINT('',(68.154512543165,32.635158989963,6.));
#2004 = CARTESIAN_POINT('',(68.248322147651,32.589932885906,6.));
#2005 = ORIENTED_EDGE('',*,*,#2006,.F.);
#2006 = EDGE_CURVE('',#2007,#1996,#2009,.T.);
#2007 = VERTEX_POINT('',#2008);
#2008 = CARTESIAN_POINT('',(67.385067114094,32.815436241611,6.));
#2009 = B_SPLINE_CURVE_WITH_KNOTS('',5,(#2010,#2011,#2012,#2013,#2014,
    #2015),.UNSPECIFIED.,.F.,.F.,(6,6),(0.,1.),
  .PIECEWISE_BEZIER_KNOTS.);
#2010 = CARTESIAN_POINT('',(67.385067114094,32.815436241611,6.));
#2011 = CARTESIAN_POINT('',(67.466028717611,32.815436241611,6.));
#2012 = CARTESIAN_POINT('',(67.547866044499,32.809857736057,6.));
#2013 = CARTESIAN_POINT('',(67.630498445346,32.798739759225,6.));
#2014 = CARTESIAN_POINT('',(67.713843617331,32.782161750478,6.));
#2015 = CARTESIAN_POINT('',(67.797818791946,32.760234899329,6.));
#2016 = ORIENTED_EDGE('',*,*,#2017,.F.);
#2017 = EDGE_CURVE('',#2018,#2007,#2020,.T.);
#2018 = VERTEX_POINT('',#2019);
#2019 = CARTESIAN_POINT('',(66.710570469799,32.574832214765,6.));
#2020 = B_SPLINE_CURVE_WITH_KNOTS('',6,(#2021,#2022,#2023,#2024,#2025,
    #2026,#2027,#2028,#2029,#2030,#2031,#2032),.UNSPECIFIED.,.F.,.F.,(7,
    5,7),(0.,0.120666637961,1.),.UNSPECIFIED.);
#2021 = CARTESIAN_POINT('',(66.710570469799,32.574832214765,6.));
#2022 = CARTESIAN_POINT('',(66.720543898132,32.584764087147,6.));
#2023 = CARTESIAN_POINT('',(66.730720759066,32.594457821539,6.));
#2024 = CARTESIAN_POINT('',(66.741099682418,32.603910741037,6.));
#2025 = CARTESIAN_POINT('',(66.751679021654,32.61312047839,6.));
#2026 = CARTESIAN_POINT('',(66.762456853885,32.622084975996,6.));
#2027 = CARTESIAN_POINT('',(66.85340267094,32.694329550446,6.));
#2028 = CARTESIAN_POINT('',(66.94383438861,32.744769371734,6.));
#2029 = CARTESIAN_POINT('',(67.043764839414,32.781321477698,6.));
#2030 = CARTESIAN_POINT('',(67.151678764757,32.80450438186,6.));
#2031 = CARTESIAN_POINT('',(67.265945383127,32.815436241611,6.));
#2032 = CARTESIAN_POINT('',(67.385067114094,32.815436241611,6.));
#2033 = ORIENTED_EDGE('',*,*,#2034,.F.);
#2034 = EDGE_CURVE('',#2035,#2018,#2037,.T.);
#2035 = VERTEX_POINT('',#2036);
#2036 = CARTESIAN_POINT('',(66.428691275168,31.860570469799,6.));
#2037 = B_SPLINE_CURVE_WITH_KNOTS('',5,(#2038,#2039,#2040,#2041,#2042,
    #2043,#2044,#2045,#2046,#2047),.UNSPECIFIED.,.F.,.F.,(6,4,6),(0.,
    0.516881654097,1.),.UNSPECIFIED.);
#2038 = CARTESIAN_POINT('',(66.428691275168,31.860570469799,6.));
#2039 = CARTESIAN_POINT('',(66.436367787362,31.950865444477,6.));
#2040 = CARTESIAN_POINT('',(66.448814575212,32.038178805641,6.));
#2041 = CARTESIAN_POINT('',(66.466494649729,32.121950057989,6.));
#2042 = CARTESIAN_POINT('',(66.489890742741,32.201455712231,6.));
#2043 = CARTESIAN_POINT('',(66.546779121423,32.345606800355,6.));
#2044 = CARTESIAN_POINT('',(66.57951452218,32.410891234858,6.));
#2045 = CARTESIAN_POINT('',(66.617727871366,32.471195570702,6.));
#2046 = CARTESIAN_POINT('',(66.661492360896,32.525958597983,6.));
#2047 = CARTESIAN_POINT('',(66.710570469799,32.574832214765,6.));
#2048 = ORIENTED_EDGE('',*,*,#2049,.F.);
#2049 = EDGE_CURVE('',#2050,#2035,#2052,.T.);
#2050 = VERTEX_POINT('',#2051);
#2051 = CARTESIAN_POINT('',(66.788590604027,32.045134228188,6.));
#2052 = B_SPLINE_CURVE_WITH_KNOTS('',4,(#2053,#2054,#2055,#2056,#2057,
    #2058,#2059,#2060),.UNSPECIFIED.,.F.,.F.,(5,3,5),(0.,0.343814995152,
    1.),.UNSPECIFIED.);
#2053 = CARTESIAN_POINT('',(66.788590604027,32.045134228188,6.));
#2054 = CARTESIAN_POINT('',(66.755279027548,32.034578352005,6.));
#2055 = CARTESIAN_POINT('',(66.722492165795,32.022799674507,6.));
#2056 = CARTESIAN_POINT('',(66.690241805457,32.009798051719,6.));
#2057 = CARTESIAN_POINT('',(66.598029480804,31.968438191009,6.));
#2058 = CARTESIAN_POINT('',(66.539511204907,31.936859856095,6.));
#2059 = CARTESIAN_POINT('',(66.483051961577,31.90087425144,6.));
#2060 = CARTESIAN_POINT('',(66.428691275168,31.860570469799,6.));
#2061 = ORIENTED_EDGE('',*,*,#2062,.F.);
#2062 = EDGE_CURVE('',#2063,#2050,#2065,.T.);
#2063 = VERTEX_POINT('',#2064);
#2064 = CARTESIAN_POINT('',(67.211409395973,32.106711409396,6.));
#2065 = B_SPLINE_CURVE_WITH_KNOTS('',5,(#2066,#2067,#2068,#2069,#2070,
    #2071),.UNSPECIFIED.,.F.,.F.,(6,6),(0.,1.),
  .PIECEWISE_BEZIER_KNOTS.);
#2066 = CARTESIAN_POINT('',(67.211409395973,32.106711409396,6.));
#2067 = CARTESIAN_POINT('',(67.120773439351,32.106711409396,6.));
#2068 = CARTESIAN_POINT('',(67.032987324244,32.100684031072,6.));
#2069 = CARTESIAN_POINT('',(66.948246666376,32.088469954262,6.));
#2070 = CARTESIAN_POINT('',(66.866730709169,32.06996316203,6.));
#2071 = CARTESIAN_POINT('',(66.788590604027,32.045134228188,6.));
#2072 = ORIENTED_EDGE('',*,*,#2073,.F.);
#2073 = EDGE_CURVE('',#2074,#2063,#2076,.T.);
#2074 = VERTEX_POINT('',#2075);
#2075 = CARTESIAN_POINT('',(68.141275167785,31.768959731544,6.));
#2076 = B_SPLINE_CURVE_WITH_KNOTS('',6,(#2077,#2078,#2079,#2080,#2081,
    #2082,#2083,#2084,#2085,#2086,#2087,#2088),.UNSPECIFIED.,.F.,.F.,(7,
    5,7),(0.,0.210852117753,1.),.UNSPECIFIED.);
#2077 = CARTESIAN_POINT('',(68.141275167785,31.768959731544,6.));
#2078 = CARTESIAN_POINT('',(68.115954140842,31.793151106597,6.));
#2079 = CARTESIAN_POINT('',(68.089868552165,31.816378192467,6.));
#2080 = CARTESIAN_POINT('',(68.063029018478,31.838610677942,6.));
#2081 = CARTESIAN_POINT('',(68.035450441302,31.859823111424,6.));
#2082 = CARTESIAN_POINT('',(68.00715200696,31.879994900931,6.));
#2083 = CARTESIAN_POINT('',(67.869639419029,31.970652814955,6.));
#2084 = CARTESIAN_POINT('',(67.751314850863,32.027434397712,6.));
#2085 = CARTESIAN_POINT('',(67.62457215616,32.068501830316,6.));
#2086 = CARTESIAN_POINT('',(67.491196421939,32.094486982461,6.));
#2087 = CARTESIAN_POINT('',(67.352962076429,32.106711409396,6.));
#2088 = CARTESIAN_POINT('',(67.211409395973,32.106711409396,6.));
#2089 = ORIENTED_EDGE('',*,*,#2090,.F.);
#2090 = EDGE_CURVE('',#2091,#2074,#2093,.T.);
#2091 = VERTEX_POINT('',#2092);
#2092 = CARTESIAN_POINT('',(68.494966442953,30.884228187919,6.));
#2093 = B_SPLINE_CURVE_WITH_KNOTS('',6,(#2094,#2095,#2096,#2097,#2098,
    #2099,#2100,#2101,#2102,#2103,#2104,#2105),.UNSPECIFIED.,.F.,.F.,(7,
    5,7),(0.,0.682396951107,1.),.UNSPECIFIED.);
#2094 = CARTESIAN_POINT('',(68.494966442953,30.884228187919,6.));
#2095 = CARTESIAN_POINT('',(68.494966442953,31.001820802896,6.));
#2096 = CARTESIAN_POINT('',(68.485158053387,31.116852870058,6.));
#2097 = CARTESIAN_POINT('',(68.464528019496,31.228277924728,6.));
#2098 = CARTESIAN_POINT('',(68.432262312864,31.334951654205,6.));
#2099 = CARTESIAN_POINT('',(68.388023015753,31.435750985388,6.));
#2100 = CARTESIAN_POINT('',(68.306482802474,31.573505191397,6.));
#2101 = CARTESIAN_POINT('',(68.278109570957,31.615793565917,6.));
#2102 = CARTESIAN_POINT('',(68.247311152095,31.656532896377,6.));
#2103 = CARTESIAN_POINT('',(68.214166982107,31.695662587234,6.));
#2104 = CARTESIAN_POINT('',(68.178780638304,31.733144498074,6.));
#2105 = CARTESIAN_POINT('',(68.141275167785,31.768959731544,6.));
#2106 = ORIENTED_EDGE('',*,*,#2107,.F.);
#2107 = EDGE_CURVE('',#2108,#2091,#2110,.T.);
#2108 = VERTEX_POINT('',#2109);
#2109 = CARTESIAN_POINT('',(68.099832214765,29.915100671141,6.));
#2110 = B_SPLINE_CURVE_WITH_KNOTS('',5,(#2111,#2112,#2113,#2114,#2115,
    #2116,#2117,#2118,#2119,#2120,#2121,#2122,#2123,#2124),
  .UNSPECIFIED.,.F.,.F.,(6,4,4,6),(0.,0.314890719923,0.762712595754,1.),
  .UNSPECIFIED.);
#2111 = CARTESIAN_POINT('',(68.099832214765,29.915100671141,6.));
#2112 = CARTESIAN_POINT('',(68.14971714069,29.96108800625,6.));
#2113 = CARTESIAN_POINT('',(68.196169669413,30.009936542871,6.));
#2114 = CARTESIAN_POINT('',(68.23888403319,30.061607881317,6.));
#2115 = CARTESIAN_POINT('',(68.277622785457,30.115989440623,6.));
#2116 = CARTESIAN_POINT('',(68.361510540634,30.253753103408,6.));
#2117 = CARTESIAN_POINT('',(68.40247559366,30.339709047458,6.));
#2118 = CARTESIAN_POINT('',(68.434755650371,30.430097162474,6.));
#2119 = CARTESIAN_POINT('',(68.458568756617,30.524108930697,6.));
#2120 = CARTESIAN_POINT('',(68.482827949941,30.672212629731,6.));
#2121 = CARTESIAN_POINT('',(68.488997510676,30.724300361469,6.));
#2122 = CARTESIAN_POINT('',(68.493011019457,30.777066241716,6.));
#2123 = CARTESIAN_POINT('',(68.494966442953,30.830405618875,6.));
#2124 = CARTESIAN_POINT('',(68.494966442953,30.884228187919,6.));
#2125 = ORIENTED_EDGE('',*,*,#2126,.F.);
#2126 = EDGE_CURVE('',#2127,#2108,#2129,.T.);
#2127 = VERTEX_POINT('',#2128);
#2128 = CARTESIAN_POINT('',(67.040268456376,29.551006711409,6.));
#2129 = B_SPLINE_CURVE_WITH_KNOTS('',6,(#2130,#2131,#2132,#2133,#2134,
    #2135,#2136,#2137,#2138,#2139,#2140,#2141),.UNSPECIFIED.,.F.,.F.,(7,
    5,7),(0.,0.876909578582,1.),.UNSPECIFIED.);
#2130 = CARTESIAN_POINT('',(67.040268456376,29.551006711409,6.));
#2131 = CARTESIAN_POINT('',(67.218012559681,29.551006711409,6.));
#2132 = CARTESIAN_POINT('',(67.391879542608,29.56663999115,6.));
#2133 = CARTESIAN_POINT('',(67.559495865337,29.600443719146,6.));
#2134 = CARTESIAN_POINT('',(67.717815863042,29.654834205427,6.));
#2135 = CARTESIAN_POINT('',(67.863547467282,29.731253324706,6.));
#2136 = CARTESIAN_POINT('',(68.012614433856,29.841418170135,6.));
#2137 = CARTESIAN_POINT('',(68.030668500443,29.855376999743,6.));
#2138 = CARTESIAN_POINT('',(68.048422102742,29.8697301159,6.));
#2139 = CARTESIAN_POINT('',(68.065870108431,29.884472449168,6.));
#2140 = CARTESIAN_POINT('',(68.083008068003,29.899598166481,6.));
#2141 = CARTESIAN_POINT('',(68.099832214765,29.915100671141,6.));
#2142 = ORIENTED_EDGE('',*,*,#2143,.F.);
#2143 = EDGE_CURVE('',#2144,#2127,#2146,.T.);
#2144 = VERTEX_POINT('',#2145);
#2145 = CARTESIAN_POINT('',(65.906375838926,30.046140939597,6.));
#2146 = B_SPLINE_CURVE_WITH_KNOTS('',5,(#2147,#2148,#2149,#2150,#2151,
    #2152,#2153,#2154,#2155,#2156,#2157,#2158,#2159,#2160),
  .UNSPECIFIED.,.F.,.F.,(6,4,4,6),(0.,0.309993308183,0.749080225575,1.),
  .UNSPECIFIED.);
#2147 = CARTESIAN_POINT('',(65.906375838926,30.046140939597,6.));
#2148 = CARTESIAN_POINT('',(65.956355518836,29.984506992495,6.));
#2149 = CARTESIAN_POINT('',(66.010211036282,29.926840030146,6.));
#2150 = CARTESIAN_POINT('',(66.067928273358,29.873627478967,6.));
#2151 = CARTESIAN_POINT('',(66.12936506578,29.825266948815,6.));
#2152 = CARTESIAN_POINT('',(66.285991941303,29.72066997523,6.));
#2153 = CARTESIAN_POINT('',(66.384624561422,29.669513877255,6.));
#2154 = CARTESIAN_POINT('',(66.489086673565,29.629189086782,6.));
#2155 = CARTESIAN_POINT('',(66.598091453117,29.599300211401,6.));
#2156 = CARTESIAN_POINT('',(66.774573819407,29.567482715802,6.));
#2157 = CARTESIAN_POINT('',(66.839844462179,29.559058076282,6.));
#2158 = CARTESIAN_POINT('',(66.90599911341,29.553628697282,6.));
#2159 = CARTESIAN_POINT('',(66.972855238452,29.551006711409,6.));
#2160 = CARTESIAN_POINT('',(67.040268456376,29.551006711409,6.));
#2161 = ORIENTED_EDGE('',*,*,#2162,.F.);
#2162 = EDGE_CURVE('',#2163,#2144,#2165,.T.);
#2163 = VERTEX_POINT('',#2164);
#2164 = CARTESIAN_POINT('',(65.505033557047,31.450838926174,6.));
#2165 = B_SPLINE_CURVE_WITH_KNOTS('',6,(#2166,#2167,#2168,#2169,#2170,
    #2171,#2172,#2173,#2174,#2175,#2176,#2177,#2178,#2179,#2180,#2181,
    #2182),.UNSPECIFIED.,.F.,.F.,(7,5,5,7),(0.,0.486790293134,
    0.761218908976,1.),.UNSPECIFIED.);
#2166 = CARTESIAN_POINT('',(65.505033557047,31.450838926174,6.));
#2167 = CARTESIAN_POINT('',(65.505033557047,31.323125882619,6.));
#2168 = CARTESIAN_POINT('',(65.50978102158,31.196566748062,6.));
#2169 = CARTESIAN_POINT('',(65.519799120383,31.071460062187,6.));
#2170 = CARTESIAN_POINT('',(65.535693632876,30.948277788706,6.));
#2171 = CARTESIAN_POINT('',(65.558133971779,30.827659104357,6.));
#2172 = CARTESIAN_POINT('',(65.604456428129,30.644256868036,6.));
#2173 = CARTESIAN_POINT('',(65.623437324636,30.579204623122,6.));
#2174 = CARTESIAN_POINT('',(65.64480986583,30.515364341548,6.));
#2175 = CARTESIAN_POINT('',(65.668678556377,30.45290197438,6.));
#2176 = CARTESIAN_POINT('',(65.695128993002,30.391996479116,6.));
#2177 = CARTESIAN_POINT('',(65.749522824472,30.281353499132,6.));
#2178 = CARTESIAN_POINT('',(65.776826505754,30.231191771657,6.));
#2179 = CARTESIAN_POINT('',(65.806159839979,30.18247143486,6.));
#2180 = CARTESIAN_POINT('',(65.837539215011,30.13531471587,6.));
#2181 = CARTESIAN_POINT('',(65.870957151561,30.089836820205,6.));
#2182 = CARTESIAN_POINT('',(65.906375838926,30.046140939597,6.));
#2183 = ORIENTED_EDGE('',*,*,#2184,.F.);
#2184 = EDGE_CURVE('',#2185,#2163,#2187,.T.);
#2185 = VERTEX_POINT('',#2186);
#2186 = CARTESIAN_POINT('',(65.97432885906,32.91610738255,6.));
#2187 = B_SPLINE_CURVE_WITH_KNOTS('',6,(#2188,#2189,#2190,#2191,#2192,
    #2193,#2194,#2195,#2196,#2197,#2198,#2199,#2200,#2201,#2202,#2203,
    #2204,#2205,#2206,#2207,#2208,#2209),.UNSPECIFIED.,.F.,.F.,(7,5,5,5,
    7),(0.,1.768739876421E-02,0.300941497811,0.595673389922,1.),
  .UNSPECIFIED.);
#2188 = CARTESIAN_POINT('',(65.97432885906,32.91610738255,6.));
#2189 = CARTESIAN_POINT('',(65.971356840669,32.91273264876,6.));
#2190 = CARTESIAN_POINT('',(65.968396005158,32.909348176613,6.));
#2191 = CARTESIAN_POINT('',(65.965446381095,32.90595399543,6.));
#2192 = CARTESIAN_POINT('',(65.962507996377,32.902550135131,6.));
#2193 = CARTESIAN_POINT('',(65.959580878225,32.899136626229,6.));
#2194 = CARTESIAN_POINT('',(65.909969696522,32.840893987003,6.));
#2195 = CARTESIAN_POINT('',(65.866168003115,32.783604910224,6.));
#2196 = CARTESIAN_POINT('',(65.825375792825,32.723980674795,6.));
#2197 = CARTESIAN_POINT('',(65.787650801495,32.662184213714,6.));
#2198 = CARTESIAN_POINT('',(65.753001836517,32.598400506356,6.));
#2199 = CARTESIAN_POINT('',(65.688513400456,32.464602696953,6.));
#2200 = CARTESIAN_POINT('',(65.658923460699,32.394435823599,6.));
#2201 = CARTESIAN_POINT('',(65.632590011043,32.322547976492,6.));
#2202 = CARTESIAN_POINT('',(65.609423406027,32.249154388266,6.));
#2203 = CARTESIAN_POINT('',(65.589301442778,32.174457669881,6.));
#2204 = CARTESIAN_POINT('',(65.548474639542,31.99462621045,6.));
#2205 = CARTESIAN_POINT('',(65.530336050955,31.888505854137,6.));
#2206 = CARTESIAN_POINT('',(65.51731478321,31.780725171301,6.));
#2207 = CARTESIAN_POINT('',(65.509009542307,31.67166735448,6.));
#2208 = CARTESIAN_POINT('',(65.505033557047,31.561633865185,6.));
#2209 = CARTESIAN_POINT('',(65.505033557047,31.450838926174,6.));
#2210 = ORIENTED_EDGE('',*,*,#2211,.F.);
#2211 = EDGE_CURVE('',#2212,#2185,#2214,.T.);
#2212 = VERTEX_POINT('',#2213);
#2213 = CARTESIAN_POINT('',(67.261744966443,33.448993288591,6.));
#2214 = B_SPLINE_CURVE_WITH_KNOTS('',5,(#2215,#2216,#2217,#2218,#2219,
    #2220,#2221,#2222,#2223,#2224,#2225,#2226,#2227,#2228,#2229,#2230,
    #2231,#2232),.UNSPECIFIED.,.F.,.F.,(6,4,4,4,6),(0.,0.259808563783,
    0.488769641819,0.710372816815,1.),.UNSPECIFIED.);
#2215 = CARTESIAN_POINT('',(67.261744966443,33.448993288591,6.));
#2216 = CARTESIAN_POINT('',(67.184032919807,33.448993288591,6.));
#2217 = CARTESIAN_POINT('',(67.106855859956,33.445986872165,6.));
#2218 = CARTESIAN_POINT('',(67.030377704878,33.439753244321,6.));
#2219 = CARTESIAN_POINT('',(66.95481037818,33.430066600619,6.));
#2220 = CARTESIAN_POINT('',(66.814826925469,33.405005404899,6.));
#2221 = CARTESIAN_POINT('',(66.750151490507,33.390442680691,6.));
#2222 = CARTESIAN_POINT('',(66.686547913955,33.372933892108,6.));
#2223 = CARTESIAN_POINT('',(66.624205880962,33.352383838897,6.));
#2224 = CARTESIAN_POINT('',(66.504386103061,33.305897120768,6.));
#2225 = CARTESIAN_POINT('',(66.446813751877,33.280153797805,6.));
#2226 = CARTESIAN_POINT('',(66.390777948543,33.251503060828,6.));
#2227 = CARTESIAN_POINT('',(66.336438572659,33.219967792552,6.));
#2228 = CARTESIAN_POINT('',(66.215302956923,33.140766253327,6.));
#2229 = CARTESIAN_POINT('',(66.149794901477,33.091114441573,6.));
#2230 = CARTESIAN_POINT('',(66.087713626717,33.036879707977,6.));
#2231 = CARTESIAN_POINT('',(66.029210457253,32.978403292436,6.));
#2232 = CARTESIAN_POINT('',(65.97432885906,32.91610738255,6.));
#2233 = ORIENTED_EDGE('',*,*,#2234,.F.);
#2234 = EDGE_CURVE('',#2235,#2212,#2237,.T.);
#2235 = VERTEX_POINT('',#2236);
#2236 = CARTESIAN_POINT('',(67.765100671141,33.408724832215,6.));
#2237 = B_SPLINE_CURVE_WITH_KNOTS('',4,(#2238,#2239,#2240,#2241,#2242),
  .UNSPECIFIED.,.F.,.F.,(5,5),(0.,1.),.PIECEWISE_BEZIER_KNOTS.);
#2238 = CARTESIAN_POINT('',(67.765100671141,33.408724832215,6.));
#2239 = CARTESIAN_POINT('',(67.642512683184,33.428945531259,6.));
#2240 = CARTESIAN_POINT('',(67.517658290906,33.44235193998,6.));
#2241 = CARTESIAN_POINT('',(67.390682953821,33.448993288591,6.));
#2242 = CARTESIAN_POINT('',(67.261744966443,33.448993288591,6.));
#2243 = ORIENTED_EDGE('',*,*,#2244,.F.);
#2244 = EDGE_CURVE('',#1988,#2235,#2245,.T.);
#2245 = B_SPLINE_CURVE_WITH_KNOTS('',4,(#2246,#2247,#2248,#2249,#2250),
  .UNSPECIFIED.,.F.,.F.,(5,5),(0.,1.),.PIECEWISE_BEZIER_KNOTS.);
#2246 = CARTESIAN_POINT('',(68.248322147651,33.287919463087,6.));
#2247 = CARTESIAN_POINT('',(68.129059690763,33.328092080144,6.));
#2248 = CARTESIAN_POINT('',(68.008704230228,33.361672213447,6.));
#2249 = CARTESIAN_POINT('',(67.887348851372,33.388560183929,6.));
#2250 = CARTESIAN_POINT('',(67.765100671141,33.408724832215,6.));
#2251 = FACE_BOUND('',#2252,.T.);
#2252 = EDGE_LOOP('',(#2253,#2263,#2271,#2279,#2287,#2295,#2303));
#2253 = ORIENTED_EDGE('',*,*,#2254,.F.);
#2254 = EDGE_CURVE('',#2255,#2257,#2259,.T.);
#2255 = VERTEX_POINT('',#2256);
#2256 = CARTESIAN_POINT('',(80.415687919463,33.379194630872,6.));
#2257 = VERTEX_POINT('',#2258);
#2258 = CARTESIAN_POINT('',(77.584312080537,33.379194630872,6.));
#2259 = LINE('',#2260,#2261);
#2260 = CARTESIAN_POINT('',(38.792156040268,33.379194630872,6.));
#2261 = VECTOR('',#2262,1.);
#2262 = DIRECTION('',(-1.,0.,0.));
#2263 = ORIENTED_EDGE('',*,*,#2264,.F.);
#2264 = EDGE_CURVE('',#2265,#2255,#2267,.T.);
#2265 = VERTEX_POINT('',#2266);
#2266 = CARTESIAN_POINT('',(80.415687919463,32.83288590604,6.));
#2267 = LINE('',#2268,#2269);
#2268 = CARTESIAN_POINT('',(80.415687919463,16.689597315436,6.));
#2269 = VECTOR('',#2270,1.);
#2270 = DIRECTION('',(0.,1.,0.));
#2271 = ORIENTED_EDGE('',*,*,#2272,.F.);
#2272 = EDGE_CURVE('',#2273,#2265,#2275,.T.);
#2273 = VERTEX_POINT('',#2274);
#2274 = CARTESIAN_POINT('',(78.950922818792,29.620805369128,6.));
#2275 = LINE('',#2276,#2277);
#2276 = CARTESIAN_POINT('',(67.296385272272,4.06359267834,6.));
#2277 = VECTOR('',#2278,1.);
#2278 = DIRECTION('',(0.414912690401,0.909861230817,-0.));
#2279 = ORIENTED_EDGE('',*,*,#2280,.F.);
#2280 = EDGE_CURVE('',#2281,#2273,#2283,.T.);
#2281 = VERTEX_POINT('',#2282);
#2282 = CARTESIAN_POINT('',(78.007130872483,29.620805369128,6.));
#2283 = LINE('',#2284,#2285);
#2284 = CARTESIAN_POINT('',(39.475461409396,29.620805369128,6.));
#2285 = VECTOR('',#2286,1.);
#2286 = DIRECTION('',(1.,0.,-0.));
#2287 = ORIENTED_EDGE('',*,*,#2288,.F.);
#2288 = EDGE_CURVE('',#2289,#2281,#2291,.T.);
#2289 = VERTEX_POINT('',#2290);
#2290 = CARTESIAN_POINT('',(79.393875838926,32.670469798658,6.));
#2291 = LINE('',#2292,#2293);
#2292 = CARTESIAN_POINT('',(65.743500722498,2.651205658766,6.));
#2293 = VECTOR('',#2294,1.);
#2294 = DIRECTION('',(-0.413935007817,-0.910306437033,0.));
#2295 = ORIENTED_EDGE('',*,*,#2296,.F.);
#2296 = EDGE_CURVE('',#2297,#2289,#2299,.T.);
#2297 = VERTEX_POINT('',#2298);
#2298 = CARTESIAN_POINT('',(77.584312080537,32.670469798658,6.));
#2299 = LINE('',#2300,#2301);
#2300 = CARTESIAN_POINT('',(39.696937919463,32.670469798658,6.));
#2301 = VECTOR('',#2302,1.);
#2302 = DIRECTION('',(1.,0.,-0.));
#2303 = ORIENTED_EDGE('',*,*,#2304,.F.);
#2304 = EDGE_CURVE('',#2257,#2297,#2305,.T.);
#2305 = LINE('',#2306,#2307);
#2306 = CARTESIAN_POINT('',(77.584312080537,16.335234899329,6.));
#2307 = VECTOR('',#2308,1.);
#2308 = DIRECTION('',(0.,-1.,0.));
#2309 = PLANE('',#2310);
#2310 = AXIS2_PLACEMENT_3D('',#2311,#2312,#2313);
#2311 = CARTESIAN_POINT('',(0.,0.,6.));
#2312 = DIRECTION('',(0.,0.,1.));
#2313 = DIRECTION('',(1.,0.,-0.));
#2314 = ADVANCED_FACE('',(#2315),#2333,.T.);
#2315 = FACE_BOUND('',#2316,.T.);
#2316 = EDGE_LOOP('',(#2317,#2325,#2326,#2327));
#2317 = ORIENTED_EDGE('',*,*,#2318,.F.);
#2318 = EDGE_CURVE('',#32,#2319,#2321,.T.);
#2319 = VERTEX_POINT('',#2320);
#2320 = CARTESIAN_POINT('',(86.,36.,0.));
#2321 = LINE('',#2322,#2323);
#2322 = CARTESIAN_POINT('',(0.,36.,0.));
#2323 = VECTOR('',#2324,1.);
#2324 = DIRECTION('',(1.,0.,-0.));
#2325 = ORIENTED_EDGE('',*,*,#39,.T.);
#2326 = ORIENTED_EDGE('',*,*,#102,.T.);
#2327 = ORIENTED_EDGE('',*,*,#2328,.F.);
#2328 = EDGE_CURVE('',#2319,#95,#2329,.T.);
#2329 = LINE('',#2330,#2331);
#2330 = CARTESIAN_POINT('',(86.,36.,0.));
#2331 = VECTOR('',#2332,1.);
#2332 = DIRECTION('',(0.,0.,1.));
#2333 = PLANE('',#2334);
#2334 = AXIS2_PLACEMENT_3D('',#2335,#2336,#2337);
#2335 = CARTESIAN_POINT('',(0.,36.,0.));
#2336 = DIRECTION('',(-0.,1.,0.));
#2337 = DIRECTION('',(0.,0.,1.));
#2338 = ADVANCED_FACE('',(#2339,#2350,#2448,#2546,#2644,#2742,#2840,
    #2938,#3036,#3047,#3058,#3069,#3080,#3091,#3102,#3113,#3124,#3135,
    #3146,#3157,#3168,#3179),#3190,.F.);
#2339 = FACE_BOUND('',#2340,.F.);
#2340 = EDGE_LOOP('',(#2341,#2342,#2343,#2349));
#2341 = ORIENTED_EDGE('',*,*,#31,.F.);
#2342 = ORIENTED_EDGE('',*,*,#61,.T.);
#2343 = ORIENTED_EDGE('',*,*,#2344,.T.);
#2344 = EDGE_CURVE('',#62,#2319,#2345,.T.);
#2345 = LINE('',#2346,#2347);
#2346 = CARTESIAN_POINT('',(86.,0.,0.));
#2347 = VECTOR('',#2348,1.);
#2348 = DIRECTION('',(-0.,1.,0.));
#2349 = ORIENTED_EDGE('',*,*,#2318,.F.);
#2350 = FACE_BOUND('',#2351,.F.);
#2351 = EDGE_LOOP('',(#2352,#2362,#2370,#2378,#2386,#2394,#2402,#2410,
    #2418,#2426,#2434,#2442));
#2352 = ORIENTED_EDGE('',*,*,#2353,.T.);
#2353 = EDGE_CURVE('',#2354,#2356,#2358,.T.);
#2354 = VERTEX_POINT('',#2355);
#2355 = CARTESIAN_POINT('',(6.075,7.075,0.));
#2356 = VERTEX_POINT('',#2357);
#2357 = CARTESIAN_POINT('',(4.575,7.075,0.));
#2358 = LINE('',#2359,#2360);
#2359 = CARTESIAN_POINT('',(2.2875,7.075,0.));
#2360 = VECTOR('',#2361,1.);
#2361 = DIRECTION('',(-1.,-0.,0.));
#2362 = ORIENTED_EDGE('',*,*,#2363,.T.);
#2363 = EDGE_CURVE('',#2356,#2364,#2366,.T.);
#2364 = VERTEX_POINT('',#2365);
#2365 = CARTESIAN_POINT('',(4.575,8.925,0.));
#2366 = LINE('',#2367,#2368);
#2367 = CARTESIAN_POINT('',(4.575,3.5375,0.));
#2368 = VECTOR('',#2369,1.);
#2369 = DIRECTION('',(-0.,1.,0.));
#2370 = ORIENTED_EDGE('',*,*,#2371,.F.);
#2371 = EDGE_CURVE('',#2372,#2364,#2374,.T.);
#2372 = VERTEX_POINT('',#2373);
#2373 = CARTESIAN_POINT('',(6.075,8.925,0.));
#2374 = LINE('',#2375,#2376);
#2375 = CARTESIAN_POINT('',(2.2875,8.925,0.));
#2376 = VECTOR('',#2377,1.);
#2377 = DIRECTION('',(-1.,-0.,0.));
#2378 = ORIENTED_EDGE('',*,*,#2379,.T.);
#2379 = EDGE_CURVE('',#2372,#2380,#2382,.T.);
#2380 = VERTEX_POINT('',#2381);
#2381 = CARTESIAN_POINT('',(6.075,10.425,0.));
#2382 = LINE('',#2383,#2384);
#2383 = CARTESIAN_POINT('',(6.075,2.7875,0.));
#2384 = VECTOR('',#2385,1.);
#2385 = DIRECTION('',(-0.,1.,0.));
#2386 = ORIENTED_EDGE('',*,*,#2387,.F.);
#2387 = EDGE_CURVE('',#2388,#2380,#2390,.T.);
#2388 = VERTEX_POINT('',#2389);
#2389 = CARTESIAN_POINT('',(7.925,10.425,0.));
#2390 = LINE('',#2391,#2392);
#2391 = CARTESIAN_POINT('',(3.0375,10.425,0.));
#2392 = VECTOR('',#2393,1.);
#2393 = DIRECTION('',(-1.,-0.,0.));
#2394 = ORIENTED_EDGE('',*,*,#2395,.F.);
#2395 = EDGE_CURVE('',#2396,#2388,#2398,.T.);
#2396 = VERTEX_POINT('',#2397);
#2397 = CARTESIAN_POINT('',(7.925,8.925,0.));
#2398 = LINE('',#2399,#2400);
#2399 = CARTESIAN_POINT('',(7.925,2.7875,0.));
#2400 = VECTOR('',#2401,1.);
#2401 = DIRECTION('',(-0.,1.,0.));
#2402 = ORIENTED_EDGE('',*,*,#2403,.F.);
#2403 = EDGE_CURVE('',#2404,#2396,#2406,.T.);
#2404 = VERTEX_POINT('',#2405);
#2405 = CARTESIAN_POINT('',(9.425,8.925,0.));
#2406 = LINE('',#2407,#2408);
#2407 = CARTESIAN_POINT('',(2.2875,8.925,0.));
#2408 = VECTOR('',#2409,1.);
#2409 = DIRECTION('',(-1.,-0.,0.));
#2410 = ORIENTED_EDGE('',*,*,#2411,.F.);
#2411 = EDGE_CURVE('',#2412,#2404,#2414,.T.);
#2412 = VERTEX_POINT('',#2413);
#2413 = CARTESIAN_POINT('',(9.425,7.075,0.));
#2414 = LINE('',#2415,#2416);
#2415 = CARTESIAN_POINT('',(9.425,3.5375,0.));
#2416 = VECTOR('',#2417,1.);
#2417 = DIRECTION('',(-0.,1.,0.));
#2418 = ORIENTED_EDGE('',*,*,#2419,.T.);
#2419 = EDGE_CURVE('',#2412,#2420,#2422,.T.);
#2420 = VERTEX_POINT('',#2421);
#2421 = CARTESIAN_POINT('',(7.925,7.075,0.));
#2422 = LINE('',#2423,#2424);
#2423 = CARTESIAN_POINT('',(2.2875,7.075,0.));
#2424 = VECTOR('',#2425,1.);
#2425 = DIRECTION('',(-1.,-0.,0.));
#2426 = ORIENTED_EDGE('',*,*,#2427,.F.);
#2427 = EDGE_CURVE('',#2428,#2420,#2430,.T.);
#2428 = VERTEX_POINT('',#2429);
#2429 = CARTESIAN_POINT('',(7.925,5.575,0.));
#2430 = LINE('',#2431,#2432);
#2431 = CARTESIAN_POINT('',(7.925,2.7875,0.));
#2432 = VECTOR('',#2433,1.);
#2433 = DIRECTION('',(-0.,1.,0.));
#2434 = ORIENTED_EDGE('',*,*,#2435,.T.);
#2435 = EDGE_CURVE('',#2428,#2436,#2438,.T.);
#2436 = VERTEX_POINT('',#2437);
#2437 = CARTESIAN_POINT('',(6.075,5.575,0.));
#2438 = LINE('',#2439,#2440);
#2439 = CARTESIAN_POINT('',(3.0375,5.575,0.));
#2440 = VECTOR('',#2441,1.);
#2441 = DIRECTION('',(-1.,-0.,0.));
#2442 = ORIENTED_EDGE('',*,*,#2443,.T.);
#2443 = EDGE_CURVE('',#2436,#2354,#2444,.T.);
#2444 = LINE('',#2445,#2446);
#2445 = CARTESIAN_POINT('',(6.075,2.7875,0.));
#2446 = VECTOR('',#2447,1.);
#2447 = DIRECTION('',(-0.,1.,0.));
#2448 = FACE_BOUND('',#2449,.F.);
#2449 = EDGE_LOOP('',(#2450,#2460,#2468,#2476,#2484,#2492,#2500,#2508,
    #2516,#2524,#2532,#2540));
#2450 = ORIENTED_EDGE('',*,*,#2451,.T.);
#2451 = EDGE_CURVE('',#2452,#2454,#2456,.T.);
#2452 = VERTEX_POINT('',#2453);
#2453 = CARTESIAN_POINT('',(18.05,7.05,0.));
#2454 = VERTEX_POINT('',#2455);
#2455 = CARTESIAN_POINT('',(16.55,7.05,0.));
#2456 = LINE('',#2457,#2458);
#2457 = CARTESIAN_POINT('',(8.275,7.05,0.));
#2458 = VECTOR('',#2459,1.);
#2459 = DIRECTION('',(-1.,-0.,0.));
#2460 = ORIENTED_EDGE('',*,*,#2461,.T.);
#2461 = EDGE_CURVE('',#2454,#2462,#2464,.T.);
#2462 = VERTEX_POINT('',#2463);
#2463 = CARTESIAN_POINT('',(16.55,8.95,0.));
#2464 = LINE('',#2465,#2466);
#2465 = CARTESIAN_POINT('',(16.55,3.525,0.));
#2466 = VECTOR('',#2467,1.);
#2467 = DIRECTION('',(-0.,1.,0.));
#2468 = ORIENTED_EDGE('',*,*,#2469,.F.);
#2469 = EDGE_CURVE('',#2470,#2462,#2472,.T.);
#2470 = VERTEX_POINT('',#2471);
#2471 = CARTESIAN_POINT('',(18.05,8.95,0.));
#2472 = LINE('',#2473,#2474);
#2473 = CARTESIAN_POINT('',(8.275,8.95,0.));
#2474 = VECTOR('',#2475,1.);
#2475 = DIRECTION('',(-1.,-0.,0.));
#2476 = ORIENTED_EDGE('',*,*,#2477,.T.);
#2477 = EDGE_CURVE('',#2470,#2478,#2480,.T.);
#2478 = VERTEX_POINT('',#2479);
#2479 = CARTESIAN_POINT('',(18.05,10.45,0.));
#2480 = LINE('',#2481,#2482);
#2481 = CARTESIAN_POINT('',(18.05,2.775,0.));
#2482 = VECTOR('',#2483,1.);
#2483 = DIRECTION('',(-0.,1.,0.));
#2484 = ORIENTED_EDGE('',*,*,#2485,.F.);
#2485 = EDGE_CURVE('',#2486,#2478,#2488,.T.);
#2486 = VERTEX_POINT('',#2487);
#2487 = CARTESIAN_POINT('',(19.95,10.45,0.));
#2488 = LINE('',#2489,#2490);
#2489 = CARTESIAN_POINT('',(9.025,10.45,0.));
#2490 = VECTOR('',#2491,1.);
#2491 = DIRECTION('',(-1.,-0.,0.));
#2492 = ORIENTED_EDGE('',*,*,#2493,.F.);
#2493 = EDGE_CURVE('',#2494,#2486,#2496,.T.);
#2494 = VERTEX_POINT('',#2495);
#2495 = CARTESIAN_POINT('',(19.95,8.95,0.));
#2496 = LINE('',#2497,#2498);
#2497 = CARTESIAN_POINT('',(19.95,2.775,0.));
#2498 = VECTOR('',#2499,1.);
#2499 = DIRECTION('',(-0.,1.,0.));
#2500 = ORIENTED_EDGE('',*,*,#2501,.F.);
#2501 = EDGE_CURVE('',#2502,#2494,#2504,.T.);
#2502 = VERTEX_POINT('',#2503);
#2503 = CARTESIAN_POINT('',(21.45,8.95,0.));
#2504 = LINE('',#2505,#2506);
#2505 = CARTESIAN_POINT('',(8.275,8.95,0.));
#2506 = VECTOR('',#2507,1.);
#2507 = DIRECTION('',(-1.,-0.,0.));
#2508 = ORIENTED_EDGE('',*,*,#2509,.F.);
#2509 = EDGE_CURVE('',#2510,#2502,#2512,.T.);
#2510 = VERTEX_POINT('',#2511);
#2511 = CARTESIAN_POINT('',(21.45,7.05,0.));
#2512 = LINE('',#2513,#2514);
#2513 = CARTESIAN_POINT('',(21.45,3.525,0.));
#2514 = VECTOR('',#2515,1.);
#2515 = DIRECTION('',(-0.,1.,0.));
#2516 = ORIENTED_EDGE('',*,*,#2517,.T.);
#2517 = EDGE_CURVE('',#2510,#2518,#2520,.T.);
#2518 = VERTEX_POINT('',#2519);
#2519 = CARTESIAN_POINT('',(19.95,7.05,0.));
#2520 = LINE('',#2521,#2522);
#2521 = CARTESIAN_POINT('',(8.275,7.05,0.));
#2522 = VECTOR('',#2523,1.);
#2523 = DIRECTION('',(-1.,-0.,0.));
#2524 = ORIENTED_EDGE('',*,*,#2525,.F.);
#2525 = EDGE_CURVE('',#2526,#2518,#2528,.T.);
#2526 = VERTEX_POINT('',#2527);
#2527 = CARTESIAN_POINT('',(19.95,5.55,0.));
#2528 = LINE('',#2529,#2530);
#2529 = CARTESIAN_POINT('',(19.95,2.775,0.));
#2530 = VECTOR('',#2531,1.);
#2531 = DIRECTION('',(-0.,1.,0.));
#2532 = ORIENTED_EDGE('',*,*,#2533,.T.);
#2533 = EDGE_CURVE('',#2526,#2534,#2536,.T.);
#2534 = VERTEX_POINT('',#2535);
#2535 = CARTESIAN_POINT('',(18.05,5.55,0.));
#2536 = LINE('',#2537,#2538);
#2537 = CARTESIAN_POINT('',(9.025,5.55,0.));
#2538 = VECTOR('',#2539,1.);
#2539 = DIRECTION('',(-1.,-0.,0.));
#2540 = ORIENTED_EDGE('',*,*,#2541,.T.);
#2541 = EDGE_CURVE('',#2534,#2452,#2542,.T.);
#2542 = LINE('',#2543,#2544);
#2543 = CARTESIAN_POINT('',(18.05,2.775,0.));
#2544 = VECTOR('',#2545,1.);
#2545 = DIRECTION('',(-0.,1.,0.));
#2546 = FACE_BOUND('',#2547,.F.);
#2547 = EDGE_LOOP('',(#2548,#2558,#2566,#2574,#2582,#2590,#2598,#2606,
    #2614,#2622,#2630,#2638));
#2548 = ORIENTED_EDGE('',*,*,#2549,.T.);
#2549 = EDGE_CURVE('',#2550,#2552,#2554,.T.);
#2550 = VERTEX_POINT('',#2551);
#2551 = CARTESIAN_POINT('',(30.025,7.025,0.));
#2552 = VERTEX_POINT('',#2553);
#2553 = CARTESIAN_POINT('',(28.525,7.025,0.));
#2554 = LINE('',#2555,#2556);
#2555 = CARTESIAN_POINT('',(14.2625,7.025,0.));
#2556 = VECTOR('',#2557,1.);
#2557 = DIRECTION('',(-1.,-0.,0.));
#2558 = ORIENTED_EDGE('',*,*,#2559,.T.);
#2559 = EDGE_CURVE('',#2552,#2560,#2562,.T.);
#2560 = VERTEX_POINT('',#2561);
#2561 = CARTESIAN_POINT('',(28.525,8.975,0.));
#2562 = LINE('',#2563,#2564);
#2563 = CARTESIAN_POINT('',(28.525,3.5125,0.));
#2564 = VECTOR('',#2565,1.);
#2565 = DIRECTION('',(-0.,1.,0.));
#2566 = ORIENTED_EDGE('',*,*,#2567,.F.);
#2567 = EDGE_CURVE('',#2568,#2560,#2570,.T.);
#2568 = VERTEX_POINT('',#2569);
#2569 = CARTESIAN_POINT('',(30.025,8.975,0.));
#2570 = LINE('',#2571,#2572);
#2571 = CARTESIAN_POINT('',(14.2625,8.975,0.));
#2572 = VECTOR('',#2573,1.);
#2573 = DIRECTION('',(-1.,-0.,0.));
#2574 = ORIENTED_EDGE('',*,*,#2575,.T.);
#2575 = EDGE_CURVE('',#2568,#2576,#2578,.T.);
#2576 = VERTEX_POINT('',#2577);
#2577 = CARTESIAN_POINT('',(30.025,10.475,0.));
#2578 = LINE('',#2579,#2580);
#2579 = CARTESIAN_POINT('',(30.025,2.7625,0.));
#2580 = VECTOR('',#2581,1.);
#2581 = DIRECTION('',(-0.,1.,0.));
#2582 = ORIENTED_EDGE('',*,*,#2583,.F.);
#2583 = EDGE_CURVE('',#2584,#2576,#2586,.T.);
#2584 = VERTEX_POINT('',#2585);
#2585 = CARTESIAN_POINT('',(31.975,10.475,0.));
#2586 = LINE('',#2587,#2588);
#2587 = CARTESIAN_POINT('',(15.0125,10.475,0.));
#2588 = VECTOR('',#2589,1.);
#2589 = DIRECTION('',(-1.,-0.,0.));
#2590 = ORIENTED_EDGE('',*,*,#2591,.F.);
#2591 = EDGE_CURVE('',#2592,#2584,#2594,.T.);
#2592 = VERTEX_POINT('',#2593);
#2593 = CARTESIAN_POINT('',(31.975,8.975,0.));
#2594 = LINE('',#2595,#2596);
#2595 = CARTESIAN_POINT('',(31.975,2.7625,0.));
#2596 = VECTOR('',#2597,1.);
#2597 = DIRECTION('',(-0.,1.,0.));
#2598 = ORIENTED_EDGE('',*,*,#2599,.F.);
#2599 = EDGE_CURVE('',#2600,#2592,#2602,.T.);
#2600 = VERTEX_POINT('',#2601);
#2601 = CARTESIAN_POINT('',(33.475,8.975,0.));
#2602 = LINE('',#2603,#2604);
#2603 = CARTESIAN_POINT('',(14.2625,8.975,0.));
#2604 = VECTOR('',#2605,1.);
#2605 = DIRECTION('',(-1.,-0.,0.));
#2606 = ORIENTED_EDGE('',*,*,#2607,.F.);
#2607 = EDGE_CURVE('',#2608,#2600,#2610,.T.);
#2608 = VERTEX_POINT('',#2609);
#2609 = CARTESIAN_POINT('',(33.475,7.025,0.));
#2610 = LINE('',#2611,#2612);
#2611 = CARTESIAN_POINT('',(33.475,3.5125,0.));
#2612 = VECTOR('',#2613,1.);
#2613 = DIRECTION('',(-0.,1.,0.));
#2614 = ORIENTED_EDGE('',*,*,#2615,.T.);
#2615 = EDGE_CURVE('',#2608,#2616,#2618,.T.);
#2616 = VERTEX_POINT('',#2617);
#2617 = CARTESIAN_POINT('',(31.975,7.025,0.));
#2618 = LINE('',#2619,#2620);
#2619 = CARTESIAN_POINT('',(14.2625,7.025,0.));
#2620 = VECTOR('',#2621,1.);
#2621 = DIRECTION('',(-1.,-0.,0.));
#2622 = ORIENTED_EDGE('',*,*,#2623,.F.);
#2623 = EDGE_CURVE('',#2624,#2616,#2626,.T.);
#2624 = VERTEX_POINT('',#2625);
#2625 = CARTESIAN_POINT('',(31.975,5.525,0.));
#2626 = LINE('',#2627,#2628);
#2627 = CARTESIAN_POINT('',(31.975,2.7625,0.));
#2628 = VECTOR('',#2629,1.);
#2629 = DIRECTION('',(-0.,1.,0.));
#2630 = ORIENTED_EDGE('',*,*,#2631,.T.);
#2631 = EDGE_CURVE('',#2624,#2632,#2634,.T.);
#2632 = VERTEX_POINT('',#2633);
#2633 = CARTESIAN_POINT('',(30.025,5.525,0.));
#2634 = LINE('',#2635,#2636);
#2635 = CARTESIAN_POINT('',(15.0125,5.525,0.));
#2636 = VECTOR('',#2637,1.);
#2637 = DIRECTION('',(-1.,-0.,0.));
#2638 = ORIENTED_EDGE('',*,*,#2639,.T.);
#2639 = EDGE_CURVE('',#2632,#2550,#2640,.T.);
#2640 = LINE('',#2641,#2642);
#2641 = CARTESIAN_POINT('',(30.025,2.7625,0.));
#2642 = VECTOR('',#2643,1.);
#2643 = DIRECTION('',(-0.,1.,0.));
#2644 = FACE_BOUND('',#2645,.F.);
#2645 = EDGE_LOOP('',(#2646,#2656,#2664,#2672,#2680,#2688,#2696,#2704,
    #2712,#2720,#2728,#2736));
#2646 = ORIENTED_EDGE('',*,*,#2647,.T.);
#2647 = EDGE_CURVE('',#2648,#2650,#2652,.T.);
#2648 = VERTEX_POINT('',#2649);
#2649 = CARTESIAN_POINT('',(42.,7.,0.));
#2650 = VERTEX_POINT('',#2651);
#2651 = CARTESIAN_POINT('',(40.5,7.,0.));
#2652 = LINE('',#2653,#2654);
#2653 = CARTESIAN_POINT('',(20.25,7.,0.));
#2654 = VECTOR('',#2655,1.);
#2655 = DIRECTION('',(-1.,-0.,0.));
#2656 = ORIENTED_EDGE('',*,*,#2657,.T.);
#2657 = EDGE_CURVE('',#2650,#2658,#2660,.T.);
#2658 = VERTEX_POINT('',#2659);
#2659 = CARTESIAN_POINT('',(40.5,9.,0.));
#2660 = LINE('',#2661,#2662);
#2661 = CARTESIAN_POINT('',(40.5,3.5,0.));
#2662 = VECTOR('',#2663,1.);
#2663 = DIRECTION('',(-0.,1.,0.));
#2664 = ORIENTED_EDGE('',*,*,#2665,.F.);
#2665 = EDGE_CURVE('',#2666,#2658,#2668,.T.);
#2666 = VERTEX_POINT('',#2667);
#2667 = CARTESIAN_POINT('',(42.,9.,0.));
#2668 = LINE('',#2669,#2670);
#2669 = CARTESIAN_POINT('',(20.25,9.,0.));
#2670 = VECTOR('',#2671,1.);
#2671 = DIRECTION('',(-1.,-0.,0.));
#2672 = ORIENTED_EDGE('',*,*,#2673,.T.);
#2673 = EDGE_CURVE('',#2666,#2674,#2676,.T.);
#2674 = VERTEX_POINT('',#2675);
#2675 = CARTESIAN_POINT('',(42.,10.5,0.));
#2676 = LINE('',#2677,#2678);
#2677 = CARTESIAN_POINT('',(42.,2.75,0.));
#2678 = VECTOR('',#2679,1.);
#2679 = DIRECTION('',(-0.,1.,0.));
#2680 = ORIENTED_EDGE('',*,*,#2681,.F.);
#2681 = EDGE_CURVE('',#2682,#2674,#2684,.T.);
#2682 = VERTEX_POINT('',#2683);
#2683 = CARTESIAN_POINT('',(44.,10.5,0.));
#2684 = LINE('',#2685,#2686);
#2685 = CARTESIAN_POINT('',(21.,10.5,0.));
#2686 = VECTOR('',#2687,1.);
#2687 = DIRECTION('',(-1.,-0.,0.));
#2688 = ORIENTED_EDGE('',*,*,#2689,.F.);
#2689 = EDGE_CURVE('',#2690,#2682,#2692,.T.);
#2690 = VERTEX_POINT('',#2691);
#2691 = CARTESIAN_POINT('',(44.,9.,0.));
#2692 = LINE('',#2693,#2694);
#2693 = CARTESIAN_POINT('',(44.,2.75,0.));
#2694 = VECTOR('',#2695,1.);
#2695 = DIRECTION('',(-0.,1.,0.));
#2696 = ORIENTED_EDGE('',*,*,#2697,.F.);
#2697 = EDGE_CURVE('',#2698,#2690,#2700,.T.);
#2698 = VERTEX_POINT('',#2699);
#2699 = CARTESIAN_POINT('',(45.5,9.,0.));
#2700 = LINE('',#2701,#2702);
#2701 = CARTESIAN_POINT('',(20.25,9.,0.));
#2702 = VECTOR('',#2703,1.);
#2703 = DIRECTION('',(-1.,-0.,0.));
#2704 = ORIENTED_EDGE('',*,*,#2705,.F.);
#2705 = EDGE_CURVE('',#2706,#2698,#2708,.T.);
#2706 = VERTEX_POINT('',#2707);
#2707 = CARTESIAN_POINT('',(45.5,7.,0.));
#2708 = LINE('',#2709,#2710);
#2709 = CARTESIAN_POINT('',(45.5,3.5,0.));
#2710 = VECTOR('',#2711,1.);
#2711 = DIRECTION('',(-0.,1.,0.));
#2712 = ORIENTED_EDGE('',*,*,#2713,.T.);
#2713 = EDGE_CURVE('',#2706,#2714,#2716,.T.);
#2714 = VERTEX_POINT('',#2715);
#2715 = CARTESIAN_POINT('',(44.,7.,0.));
#2716 = LINE('',#2717,#2718);
#2717 = CARTESIAN_POINT('',(20.25,7.,0.));
#2718 = VECTOR('',#2719,1.);
#2719 = DIRECTION('',(-1.,-0.,0.));
#2720 = ORIENTED_EDGE('',*,*,#2721,.F.);
#2721 = EDGE_CURVE('',#2722,#2714,#2724,.T.);
#2722 = VERTEX_POINT('',#2723);
#2723 = CARTESIAN_POINT('',(44.,5.5,0.));
#2724 = LINE('',#2725,#2726);
#2725 = CARTESIAN_POINT('',(44.,2.75,0.));
#2726 = VECTOR('',#2727,1.);
#2727 = DIRECTION('',(-0.,1.,0.));
#2728 = ORIENTED_EDGE('',*,*,#2729,.T.);
#2729 = EDGE_CURVE('',#2722,#2730,#2732,.T.);
#2730 = VERTEX_POINT('',#2731);
#2731 = CARTESIAN_POINT('',(42.,5.5,0.));
#2732 = LINE('',#2733,#2734);
#2733 = CARTESIAN_POINT('',(21.,5.5,0.));
#2734 = VECTOR('',#2735,1.);
#2735 = DIRECTION('',(-1.,-0.,0.));
#2736 = ORIENTED_EDGE('',*,*,#2737,.T.);
#2737 = EDGE_CURVE('',#2730,#2648,#2738,.T.);
#2738 = LINE('',#2739,#2740);
#2739 = CARTESIAN_POINT('',(42.,2.75,0.));
#2740 = VECTOR('',#2741,1.);
#2741 = DIRECTION('',(-0.,1.,0.));
#2742 = FACE_BOUND('',#2743,.F.);
#2743 = EDGE_LOOP('',(#2744,#2754,#2762,#2770,#2778,#2786,#2794,#2802,
    #2810,#2818,#2826,#2834));
#2744 = ORIENTED_EDGE('',*,*,#2745,.T.);
#2745 = EDGE_CURVE('',#2746,#2748,#2750,.T.);
#2746 = VERTEX_POINT('',#2747);
#2747 = CARTESIAN_POINT('',(53.975,6.975,0.));
#2748 = VERTEX_POINT('',#2749);
#2749 = CARTESIAN_POINT('',(52.475,6.975,0.));
#2750 = LINE('',#2751,#2752);
#2751 = CARTESIAN_POINT('',(26.2375,6.975,0.));
#2752 = VECTOR('',#2753,1.);
#2753 = DIRECTION('',(-1.,-0.,0.));
#2754 = ORIENTED_EDGE('',*,*,#2755,.T.);
#2755 = EDGE_CURVE('',#2748,#2756,#2758,.T.);
#2756 = VERTEX_POINT('',#2757);
#2757 = CARTESIAN_POINT('',(52.475,9.025,0.));
#2758 = LINE('',#2759,#2760);
#2759 = CARTESIAN_POINT('',(52.475,3.4875,0.));
#2760 = VECTOR('',#2761,1.);
#2761 = DIRECTION('',(-0.,1.,0.));
#2762 = ORIENTED_EDGE('',*,*,#2763,.F.);
#2763 = EDGE_CURVE('',#2764,#2756,#2766,.T.);
#2764 = VERTEX_POINT('',#2765);
#2765 = CARTESIAN_POINT('',(53.975,9.025,0.));
#2766 = LINE('',#2767,#2768);
#2767 = CARTESIAN_POINT('',(26.2375,9.025,0.));
#2768 = VECTOR('',#2769,1.);
#2769 = DIRECTION('',(-1.,-0.,0.));
#2770 = ORIENTED_EDGE('',*,*,#2771,.T.);
#2771 = EDGE_CURVE('',#2764,#2772,#2774,.T.);
#2772 = VERTEX_POINT('',#2773);
#2773 = CARTESIAN_POINT('',(53.975,10.525,0.));
#2774 = LINE('',#2775,#2776);
#2775 = CARTESIAN_POINT('',(53.975,2.7375,0.));
#2776 = VECTOR('',#2777,1.);
#2777 = DIRECTION('',(-0.,1.,0.));
#2778 = ORIENTED_EDGE('',*,*,#2779,.F.);
#2779 = EDGE_CURVE('',#2780,#2772,#2782,.T.);
#2780 = VERTEX_POINT('',#2781);
#2781 = CARTESIAN_POINT('',(56.025,10.525,0.));
#2782 = LINE('',#2783,#2784);
#2783 = CARTESIAN_POINT('',(26.9875,10.525,0.));
#2784 = VECTOR('',#2785,1.);
#2785 = DIRECTION('',(-1.,-0.,0.));
#2786 = ORIENTED_EDGE('',*,*,#2787,.F.);
#2787 = EDGE_CURVE('',#2788,#2780,#2790,.T.);
#2788 = VERTEX_POINT('',#2789);
#2789 = CARTESIAN_POINT('',(56.025,9.025,0.));
#2790 = LINE('',#2791,#2792);
#2791 = CARTESIAN_POINT('',(56.025,2.7375,0.));
#2792 = VECTOR('',#2793,1.);
#2793 = DIRECTION('',(-0.,1.,0.));
#2794 = ORIENTED_EDGE('',*,*,#2795,.F.);
#2795 = EDGE_CURVE('',#2796,#2788,#2798,.T.);
#2796 = VERTEX_POINT('',#2797);
#2797 = CARTESIAN_POINT('',(57.525,9.025,0.));
#2798 = LINE('',#2799,#2800);
#2799 = CARTESIAN_POINT('',(26.2375,9.025,0.));
#2800 = VECTOR('',#2801,1.);
#2801 = DIRECTION('',(-1.,-0.,0.));
#2802 = ORIENTED_EDGE('',*,*,#2803,.F.);
#2803 = EDGE_CURVE('',#2804,#2796,#2806,.T.);
#2804 = VERTEX_POINT('',#2805);
#2805 = CARTESIAN_POINT('',(57.525,6.975,0.));
#2806 = LINE('',#2807,#2808);
#2807 = CARTESIAN_POINT('',(57.525,3.4875,0.));
#2808 = VECTOR('',#2809,1.);
#2809 = DIRECTION('',(-0.,1.,0.));
#2810 = ORIENTED_EDGE('',*,*,#2811,.T.);
#2811 = EDGE_CURVE('',#2804,#2812,#2814,.T.);
#2812 = VERTEX_POINT('',#2813);
#2813 = CARTESIAN_POINT('',(56.025,6.975,0.));
#2814 = LINE('',#2815,#2816);
#2815 = CARTESIAN_POINT('',(26.2375,6.975,0.));
#2816 = VECTOR('',#2817,1.);
#2817 = DIRECTION('',(-1.,-0.,0.));
#2818 = ORIENTED_EDGE('',*,*,#2819,.F.);
#2819 = EDGE_CURVE('',#2820,#2812,#2822,.T.);
#2820 = VERTEX_POINT('',#2821);
#2821 = CARTESIAN_POINT('',(56.025,5.475,0.));
#2822 = LINE('',#2823,#2824);
#2823 = CARTESIAN_POINT('',(56.025,2.7375,0.));
#2824 = VECTOR('',#2825,1.);
#2825 = DIRECTION('',(-0.,1.,0.));
#2826 = ORIENTED_EDGE('',*,*,#2827,.T.);
#2827 = EDGE_CURVE('',#2820,#2828,#2830,.T.);
#2828 = VERTEX_POINT('',#2829);
#2829 = CARTESIAN_POINT('',(53.975,5.475,0.));
#2830 = LINE('',#2831,#2832);
#2831 = CARTESIAN_POINT('',(26.9875,5.475,0.));
#2832 = VECTOR('',#2833,1.);
#2833 = DIRECTION('',(-1.,-0.,0.));
#2834 = ORIENTED_EDGE('',*,*,#2835,.T.);
#2835 = EDGE_CURVE('',#2828,#2746,#2836,.T.);
#2836 = LINE('',#2837,#2838);
#2837 = CARTESIAN_POINT('',(53.975,2.7375,0.));
#2838 = VECTOR('',#2839,1.);
#2839 = DIRECTION('',(-0.,1.,0.));
#2840 = FACE_BOUND('',#2841,.F.);
#2841 = EDGE_LOOP('',(#2842,#2852,#2860,#2868,#2876,#2884,#2892,#2900,
    #2908,#2916,#2924,#2932));
#2842 = ORIENTED_EDGE('',*,*,#2843,.T.);
#2843 = EDGE_CURVE('',#2844,#2846,#2848,.T.);
#2844 = VERTEX_POINT('',#2845);
#2845 = CARTESIAN_POINT('',(65.95,6.95,0.));
#2846 = VERTEX_POINT('',#2847);
#2847 = CARTESIAN_POINT('',(64.45,6.95,0.));
#2848 = LINE('',#2849,#2850);
#2849 = CARTESIAN_POINT('',(32.225,6.95,0.));
#2850 = VECTOR('',#2851,1.);
#2851 = DIRECTION('',(-1.,-0.,0.));
#2852 = ORIENTED_EDGE('',*,*,#2853,.T.);
#2853 = EDGE_CURVE('',#2846,#2854,#2856,.T.);
#2854 = VERTEX_POINT('',#2855);
#2855 = CARTESIAN_POINT('',(64.45,9.05,0.));
#2856 = LINE('',#2857,#2858);
#2857 = CARTESIAN_POINT('',(64.45,3.475,0.));
#2858 = VECTOR('',#2859,1.);
#2859 = DIRECTION('',(-0.,1.,0.));
#2860 = ORIENTED_EDGE('',*,*,#2861,.F.);
#2861 = EDGE_CURVE('',#2862,#2854,#2864,.T.);
#2862 = VERTEX_POINT('',#2863);
#2863 = CARTESIAN_POINT('',(65.95,9.05,0.));
#2864 = LINE('',#2865,#2866);
#2865 = CARTESIAN_POINT('',(32.225,9.05,0.));
#2866 = VECTOR('',#2867,1.);
#2867 = DIRECTION('',(-1.,-0.,0.));
#2868 = ORIENTED_EDGE('',*,*,#2869,.T.);
#2869 = EDGE_CURVE('',#2862,#2870,#2872,.T.);
#2870 = VERTEX_POINT('',#2871);
#2871 = CARTESIAN_POINT('',(65.95,10.55,0.));
#2872 = LINE('',#2873,#2874);
#2873 = CARTESIAN_POINT('',(65.95,2.725,0.));
#2874 = VECTOR('',#2875,1.);
#2875 = DIRECTION('',(-0.,1.,0.));
#2876 = ORIENTED_EDGE('',*,*,#2877,.F.);
#2877 = EDGE_CURVE('',#2878,#2870,#2880,.T.);
#2878 = VERTEX_POINT('',#2879);
#2879 = CARTESIAN_POINT('',(68.05,10.55,0.));
#2880 = LINE('',#2881,#2882);
#2881 = CARTESIAN_POINT('',(32.975,10.55,0.));
#2882 = VECTOR('',#2883,1.);
#2883 = DIRECTION('',(-1.,-0.,0.));
#2884 = ORIENTED_EDGE('',*,*,#2885,.F.);
#2885 = EDGE_CURVE('',#2886,#2878,#2888,.T.);
#2886 = VERTEX_POINT('',#2887);
#2887 = CARTESIAN_POINT('',(68.05,9.05,0.));
#2888 = LINE('',#2889,#2890);
#2889 = CARTESIAN_POINT('',(68.05,2.725,0.));
#2890 = VECTOR('',#2891,1.);
#2891 = DIRECTION('',(-0.,1.,0.));
#2892 = ORIENTED_EDGE('',*,*,#2893,.F.);
#2893 = EDGE_CURVE('',#2894,#2886,#2896,.T.);
#2894 = VERTEX_POINT('',#2895);
#2895 = CARTESIAN_POINT('',(69.55,9.05,0.));
#2896 = LINE('',#2897,#2898);
#2897 = CARTESIAN_POINT('',(32.225,9.05,0.));
#2898 = VECTOR('',#2899,1.);
#2899 = DIRECTION('',(-1.,-0.,0.));
#2900 = ORIENTED_EDGE('',*,*,#2901,.F.);
#2901 = EDGE_CURVE('',#2902,#2894,#2904,.T.);
#2902 = VERTEX_POINT('',#2903);
#2903 = CARTESIAN_POINT('',(69.55,6.95,0.));
#2904 = LINE('',#2905,#2906);
#2905 = CARTESIAN_POINT('',(69.55,3.475,0.));
#2906 = VECTOR('',#2907,1.);
#2907 = DIRECTION('',(-0.,1.,0.));
#2908 = ORIENTED_EDGE('',*,*,#2909,.T.);
#2909 = EDGE_CURVE('',#2902,#2910,#2912,.T.);
#2910 = VERTEX_POINT('',#2911);
#2911 = CARTESIAN_POINT('',(68.05,6.95,0.));
#2912 = LINE('',#2913,#2914);
#2913 = CARTESIAN_POINT('',(32.225,6.95,0.));
#2914 = VECTOR('',#2915,1.);
#2915 = DIRECTION('',(-1.,-0.,0.));
#2916 = ORIENTED_EDGE('',*,*,#2917,.F.);
#2917 = EDGE_CURVE('',#2918,#2910,#2920,.T.);
#2918 = VERTEX_POINT('',#2919);
#2919 = CARTESIAN_POINT('',(68.05,5.45,0.));
#2920 = LINE('',#2921,#2922);
#2921 = CARTESIAN_POINT('',(68.05,2.725,0.));
#2922 = VECTOR('',#2923,1.);
#2923 = DIRECTION('',(-0.,1.,0.));
#2924 = ORIENTED_EDGE('',*,*,#2925,.T.);
#2925 = EDGE_CURVE('',#2918,#2926,#2928,.T.);
#2926 = VERTEX_POINT('',#2927);
#2927 = CARTESIAN_POINT('',(65.95,5.45,0.));
#2928 = LINE('',#2929,#2930);
#2929 = CARTESIAN_POINT('',(32.975,5.45,0.));
#2930 = VECTOR('',#2931,1.);
#2931 = DIRECTION('',(-1.,-0.,0.));
#2932 = ORIENTED_EDGE('',*,*,#2933,.T.);
#2933 = EDGE_CURVE('',#2926,#2844,#2934,.T.);
#2934 = LINE('',#2935,#2936);
#2935 = CARTESIAN_POINT('',(65.95,2.725,0.));
#2936 = VECTOR('',#2937,1.);
#2937 = DIRECTION('',(-0.,1.,0.));
#2938 = FACE_BOUND('',#2939,.F.);
#2939 = EDGE_LOOP('',(#2940,#2950,#2958,#2966,#2974,#2982,#2990,#2998,
    #3006,#3014,#3022,#3030));
#2940 = ORIENTED_EDGE('',*,*,#2941,.T.);
#2941 = EDGE_CURVE('',#2942,#2944,#2946,.T.);
#2942 = VERTEX_POINT('',#2943);
#2943 = CARTESIAN_POINT('',(77.925,6.925,0.));
#2944 = VERTEX_POINT('',#2945);
#2945 = CARTESIAN_POINT('',(76.425,6.925,0.));
#2946 = LINE('',#2947,#2948);
#2947 = CARTESIAN_POINT('',(38.2125,6.925,0.));
#2948 = VECTOR('',#2949,1.);
#2949 = DIRECTION('',(-1.,-0.,0.));
#2950 = ORIENTED_EDGE('',*,*,#2951,.T.);
#2951 = EDGE_CURVE('',#2944,#2952,#2954,.T.);
#2952 = VERTEX_POINT('',#2953);
#2953 = CARTESIAN_POINT('',(76.425,9.075,0.));
#2954 = LINE('',#2955,#2956);
#2955 = CARTESIAN_POINT('',(76.425,3.4625,0.));
#2956 = VECTOR('',#2957,1.);
#2957 = DIRECTION('',(-0.,1.,0.));
#2958 = ORIENTED_EDGE('',*,*,#2959,.F.);
#2959 = EDGE_CURVE('',#2960,#2952,#2962,.T.);
#2960 = VERTEX_POINT('',#2961);
#2961 = CARTESIAN_POINT('',(77.925,9.075,0.));
#2962 = LINE('',#2963,#2964);
#2963 = CARTESIAN_POINT('',(38.2125,9.075,0.));
#2964 = VECTOR('',#2965,1.);
#2965 = DIRECTION('',(-1.,-0.,0.));
#2966 = ORIENTED_EDGE('',*,*,#2967,.T.);
#2967 = EDGE_CURVE('',#2960,#2968,#2970,.T.);
#2968 = VERTEX_POINT('',#2969);
#2969 = CARTESIAN_POINT('',(77.925,10.575,0.));
#2970 = LINE('',#2971,#2972);
#2971 = CARTESIAN_POINT('',(77.925,2.7125,0.));
#2972 = VECTOR('',#2973,1.);
#2973 = DIRECTION('',(-0.,1.,0.));
#2974 = ORIENTED_EDGE('',*,*,#2975,.F.);
#2975 = EDGE_CURVE('',#2976,#2968,#2978,.T.);
#2976 = VERTEX_POINT('',#2977);
#2977 = CARTESIAN_POINT('',(80.075,10.575,0.));
#2978 = LINE('',#2979,#2980);
#2979 = CARTESIAN_POINT('',(38.9625,10.575,0.));
#2980 = VECTOR('',#2981,1.);
#2981 = DIRECTION('',(-1.,-0.,0.));
#2982 = ORIENTED_EDGE('',*,*,#2983,.F.);
#2983 = EDGE_CURVE('',#2984,#2976,#2986,.T.);
#2984 = VERTEX_POINT('',#2985);
#2985 = CARTESIAN_POINT('',(80.075,9.075,0.));
#2986 = LINE('',#2987,#2988);
#2987 = CARTESIAN_POINT('',(80.075,2.7125,0.));
#2988 = VECTOR('',#2989,1.);
#2989 = DIRECTION('',(-0.,1.,0.));
#2990 = ORIENTED_EDGE('',*,*,#2991,.F.);
#2991 = EDGE_CURVE('',#2992,#2984,#2994,.T.);
#2992 = VERTEX_POINT('',#2993);
#2993 = CARTESIAN_POINT('',(81.575,9.075,0.));
#2994 = LINE('',#2995,#2996);
#2995 = CARTESIAN_POINT('',(38.2125,9.075,0.));
#2996 = VECTOR('',#2997,1.);
#2997 = DIRECTION('',(-1.,-0.,0.));
#2998 = ORIENTED_EDGE('',*,*,#2999,.F.);
#2999 = EDGE_CURVE('',#3000,#2992,#3002,.T.);
#3000 = VERTEX_POINT('',#3001);
#3001 = CARTESIAN_POINT('',(81.575,6.925,0.));
#3002 = LINE('',#3003,#3004);
#3003 = CARTESIAN_POINT('',(81.575,3.4625,0.));
#3004 = VECTOR('',#3005,1.);
#3005 = DIRECTION('',(-0.,1.,0.));
#3006 = ORIENTED_EDGE('',*,*,#3007,.T.);
#3007 = EDGE_CURVE('',#3000,#3008,#3010,.T.);
#3008 = VERTEX_POINT('',#3009);
#3009 = CARTESIAN_POINT('',(80.075,6.925,0.));
#3010 = LINE('',#3011,#3012);
#3011 = CARTESIAN_POINT('',(38.2125,6.925,0.));
#3012 = VECTOR('',#3013,1.);
#3013 = DIRECTION('',(-1.,-0.,0.));
#3014 = ORIENTED_EDGE('',*,*,#3015,.F.);
#3015 = EDGE_CURVE('',#3016,#3008,#3018,.T.);
#3016 = VERTEX_POINT('',#3017);
#3017 = CARTESIAN_POINT('',(80.075,5.425,0.));
#3018 = LINE('',#3019,#3020);
#3019 = CARTESIAN_POINT('',(80.075,2.7125,0.));
#3020 = VECTOR('',#3021,1.);
#3021 = DIRECTION('',(-0.,1.,0.));
#3022 = ORIENTED_EDGE('',*,*,#3023,.T.);
#3023 = EDGE_CURVE('',#3016,#3024,#3026,.T.);
#3024 = VERTEX_POINT('',#3025);
#3025 = CARTESIAN_POINT('',(77.925,5.425,0.));
#3026 = LINE('',#3027,#3028);
#3027 = CARTESIAN_POINT('',(38.9625,5.425,0.));
#3028 = VECTOR('',#3029,1.);
#3029 = DIRECTION('',(-1.,-0.,0.));
#3030 = ORIENTED_EDGE('',*,*,#3031,.T.);
#3031 = EDGE_CURVE('',#3024,#2942,#3032,.T.);
#3032 = LINE('',#3033,#3034);
#3033 = CARTESIAN_POINT('',(77.925,2.7125,0.));
#3034 = VECTOR('',#3035,1.);
#3035 = DIRECTION('',(-0.,1.,0.));
#3036 = FACE_BOUND('',#3037,.F.);
#3037 = EDGE_LOOP('',(#3038));
#3038 = ORIENTED_EDGE('',*,*,#3039,.F.);
#3039 = EDGE_CURVE('',#3040,#3040,#3042,.T.);
#3040 = VERTEX_POINT('',#3041);
#3041 = CARTESIAN_POINT('',(9.375,17.5,0.));
#3042 = CIRCLE('',#3043,2.375);
#3043 = AXIS2_PLACEMENT_3D('',#3044,#3045,#3046);
#3044 = CARTESIAN_POINT('',(7.,17.5,0.));
#3045 = DIRECTION('',(0.,0.,1.));
#3046 = DIRECTION('',(1.,0.,-0.));
#3047 = FACE_BOUND('',#3048,.F.);
#3048 = EDGE_LOOP('',(#3049));
#3049 = ORIENTED_EDGE('',*,*,#3050,.F.);
#3050 = EDGE_CURVE('',#3051,#3051,#3053,.T.);
#3051 = VERTEX_POINT('',#3052);
#3052 = CARTESIAN_POINT('',(21.4,17.5,0.));
#3053 = CIRCLE('',#3054,2.4);
#3054 = AXIS2_PLACEMENT_3D('',#3055,#3056,#3057);
#3055 = CARTESIAN_POINT('',(19.,17.5,0.));
#3056 = DIRECTION('',(0.,0.,1.));
#3057 = DIRECTION('',(1.,0.,-0.));
#3058 = FACE_BOUND('',#3059,.F.);
#3059 = EDGE_LOOP('',(#3060));
#3060 = ORIENTED_EDGE('',*,*,#3061,.F.);
#3061 = EDGE_CURVE('',#3062,#3062,#3064,.T.);
#3062 = VERTEX_POINT('',#3063);
#3063 = CARTESIAN_POINT('',(33.425,17.5,0.));
#3064 = CIRCLE('',#3065,2.425);
#3065 = AXIS2_PLACEMENT_3D('',#3066,#3067,#3068);
#3066 = CARTESIAN_POINT('',(31.,17.5,0.));
#3067 = DIRECTION('',(0.,0.,1.));
#3068 = DIRECTION('',(1.,0.,-0.));
#3069 = FACE_BOUND('',#3070,.F.);
#3070 = EDGE_LOOP('',(#3071));
#3071 = ORIENTED_EDGE('',*,*,#3072,.F.);
#3072 = EDGE_CURVE('',#3073,#3073,#3075,.T.);
#3073 = VERTEX_POINT('',#3074);
#3074 = CARTESIAN_POINT('',(45.45,17.5,0.));
#3075 = CIRCLE('',#3076,2.45);
#3076 = AXIS2_PLACEMENT_3D('',#3077,#3078,#3079);
#3077 = CARTESIAN_POINT('',(43.,17.5,0.));
#3078 = DIRECTION('',(0.,0.,1.));
#3079 = DIRECTION('',(1.,0.,-0.));
#3080 = FACE_BOUND('',#3081,.F.);
#3081 = EDGE_LOOP('',(#3082));
#3082 = ORIENTED_EDGE('',*,*,#3083,.F.);
#3083 = EDGE_CURVE('',#3084,#3084,#3086,.T.);
#3084 = VERTEX_POINT('',#3085);
#3085 = CARTESIAN_POINT('',(8.575,25.5,0.));
#3086 = CIRCLE('',#3087,1.575);
#3087 = AXIS2_PLACEMENT_3D('',#3088,#3089,#3090);
#3088 = CARTESIAN_POINT('',(7.,25.5,0.));
#3089 = DIRECTION('',(0.,0.,1.));
#3090 = DIRECTION('',(1.,0.,-0.));
#3091 = FACE_BOUND('',#3092,.F.);
#3092 = EDGE_LOOP('',(#3093));
#3093 = ORIENTED_EDGE('',*,*,#3094,.F.);
#3094 = EDGE_CURVE('',#3095,#3095,#3097,.T.);
#3095 = VERTEX_POINT('',#3096);
#3096 = CARTESIAN_POINT('',(20.6,25.5,0.));
#3097 = CIRCLE('',#3098,1.6);
#3098 = AXIS2_PLACEMENT_3D('',#3099,#3100,#3101);
#3099 = CARTESIAN_POINT('',(19.,25.5,0.));
#3100 = DIRECTION('',(0.,0.,1.));
#3101 = DIRECTION('',(1.,0.,-0.));
#3102 = FACE_BOUND('',#3103,.F.);
#3103 = EDGE_LOOP('',(#3104));
#3104 = ORIENTED_EDGE('',*,*,#3105,.F.);
#3105 = EDGE_CURVE('',#3106,#3106,#3108,.T.);
#3106 = VERTEX_POINT('',#3107);
#3107 = CARTESIAN_POINT('',(32.625,25.5,0.));
#3108 = CIRCLE('',#3109,1.625);
#3109 = AXIS2_PLACEMENT_3D('',#3110,#3111,#3112);
#3110 = CARTESIAN_POINT('',(31.,25.5,0.));
#3111 = DIRECTION('',(0.,0.,1.));
#3112 = DIRECTION('',(1.,0.,-0.));
#3113 = FACE_BOUND('',#3114,.F.);
#3114 = EDGE_LOOP('',(#3115));
#3115 = ORIENTED_EDGE('',*,*,#3116,.F.);
#3116 = EDGE_CURVE('',#3117,#3117,#3119,.T.);
#3117 = VERTEX_POINT('',#3118);
#3118 = CARTESIAN_POINT('',(44.65,25.5,0.));
#3119 = CIRCLE('',#3120,1.65);
#3120 = AXIS2_PLACEMENT_3D('',#3121,#3122,#3123);
#3121 = CARTESIAN_POINT('',(43.,25.5,0.));
#3122 = DIRECTION('',(0.,0.,1.));
#3123 = DIRECTION('',(1.,0.,-0.));
#3124 = FACE_BOUND('',#3125,.F.);
#3125 = EDGE_LOOP('',(#3126));
#3126 = ORIENTED_EDGE('',*,*,#3127,.F.);
#3127 = EDGE_CURVE('',#3128,#3128,#3130,.T.);
#3128 = VERTEX_POINT('',#3129);
#3129 = CARTESIAN_POINT('',(57.475,17.5,0.));
#3130 = CIRCLE('',#3131,2.475);
#3131 = AXIS2_PLACEMENT_3D('',#3132,#3133,#3134);
#3132 = CARTESIAN_POINT('',(55.,17.5,0.));
#3133 = DIRECTION('',(0.,0.,1.));
#3134 = DIRECTION('',(1.,0.,-0.));
#3135 = FACE_BOUND('',#3136,.F.);
#3136 = EDGE_LOOP('',(#3137));
#3137 = ORIENTED_EDGE('',*,*,#3138,.F.);
#3138 = EDGE_CURVE('',#3139,#3139,#3141,.T.);
#3139 = VERTEX_POINT('',#3140);
#3140 = CARTESIAN_POINT('',(69.5,17.5,0.));
#3141 = CIRCLE('',#3142,2.5);
#3142 = AXIS2_PLACEMENT_3D('',#3143,#3144,#3145);
#3143 = CARTESIAN_POINT('',(67.,17.5,0.));
#3144 = DIRECTION('',(0.,0.,1.));
#3145 = DIRECTION('',(1.,0.,-0.));
#3146 = FACE_BOUND('',#3147,.F.);
#3147 = EDGE_LOOP('',(#3148));
#3148 = ORIENTED_EDGE('',*,*,#3149,.F.);
#3149 = EDGE_CURVE('',#3150,#3150,#3152,.T.);
#3150 = VERTEX_POINT('',#3151);
#3151 = CARTESIAN_POINT('',(81.525,17.5,0.));
#3152 = CIRCLE('',#3153,2.525);
#3153 = AXIS2_PLACEMENT_3D('',#3154,#3155,#3156);
#3154 = CARTESIAN_POINT('',(79.,17.5,0.));
#3155 = DIRECTION('',(0.,0.,1.));
#3156 = DIRECTION('',(1.,0.,-0.));
#3157 = FACE_BOUND('',#3158,.F.);
#3158 = EDGE_LOOP('',(#3159));
#3159 = ORIENTED_EDGE('',*,*,#3160,.F.);
#3160 = EDGE_CURVE('',#3161,#3161,#3163,.T.);
#3161 = VERTEX_POINT('',#3162);
#3162 = CARTESIAN_POINT('',(56.675,25.5,0.));
#3163 = CIRCLE('',#3164,1.675);
#3164 = AXIS2_PLACEMENT_3D('',#3165,#3166,#3167);
#3165 = CARTESIAN_POINT('',(55.,25.5,0.));
#3166 = DIRECTION('',(0.,0.,1.));
#3167 = DIRECTION('',(1.,0.,-0.));
#3168 = FACE_BOUND('',#3169,.F.);
#3169 = EDGE_LOOP('',(#3170));
#3170 = ORIENTED_EDGE('',*,*,#3171,.F.);
#3171 = EDGE_CURVE('',#3172,#3172,#3174,.T.);
#3172 = VERTEX_POINT('',#3173);
#3173 = CARTESIAN_POINT('',(68.7,25.5,0.));
#3174 = CIRCLE('',#3175,1.7);
#3175 = AXIS2_PLACEMENT_3D('',#3176,#3177,#3178);
#3176 = CARTESIAN_POINT('',(67.,25.5,0.));
#3177 = DIRECTION('',(0.,0.,1.));
#3178 = DIRECTION('',(1.,0.,-0.));
#3179 = FACE_BOUND('',#3180,.F.);
#3180 = EDGE_LOOP('',(#3181));
#3181 = ORIENTED_EDGE('',*,*,#3182,.F.);
#3182 = EDGE_CURVE('',#3183,#3183,#3185,.T.);
#3183 = VERTEX_POINT('',#3184);
#3184 = CARTESIAN_POINT('',(80.725,25.5,0.));
#3185 = CIRCLE('',#3186,1.725);
#3186 = AXIS2_PLACEMENT_3D('',#3187,#3188,#3189);
#3187 = CARTESIAN_POINT('',(79.,25.5,0.));
#3188 = DIRECTION('',(0.,0.,1.));
#3189 = DIRECTION('',(1.,0.,-0.));
#3190 = PLANE('',#3191);
#3191 = AXIS2_PLACEMENT_3D('',#3192,#3193,#3194);
#3192 = CARTESIAN_POINT('',(0.,0.,0.));
#3193 = DIRECTION('',(0.,0.,1.));
#3194 = DIRECTION('',(1.,0.,-0.));
#3195 = ADVANCED_FACE('',(#3196),#3202,.T.);
#3196 = FACE_BOUND('',#3197,.T.);
#3197 = EDGE_LOOP('',(#3198,#3199,#3200,#3201));
#3198 = ORIENTED_EDGE('',*,*,#78,.F.);
#3199 = ORIENTED_EDGE('',*,*,#2344,.T.);
#3200 = ORIENTED_EDGE('',*,*,#2328,.T.);
#3201 = ORIENTED_EDGE('',*,*,#94,.F.);
#3202 = PLANE('',#3203);
#3203 = AXIS2_PLACEMENT_3D('',#3204,#3205,#3206);
#3204 = CARTESIAN_POINT('',(86.,0.,0.));
#3205 = DIRECTION('',(1.,0.,-0.));
#3206 = DIRECTION('',(0.,0.,1.));
#3207 = ADVANCED_FACE('',(#3208),#3224,.T.);
#3208 = FACE_BOUND('',#3209,.T.);
#3209 = EDGE_LOOP('',(#3210,#3211,#3217,#3218));
#3210 = ORIENTED_EDGE('',*,*,#2353,.T.);
#3211 = ORIENTED_EDGE('',*,*,#3212,.T.);
#3212 = EDGE_CURVE('',#2356,#113,#3213,.T.);
#3213 = LINE('',#3214,#3215);
#3214 = CARTESIAN_POINT('',(4.575,7.075,-0.6));
#3215 = VECTOR('',#3216,1.);
#3216 = DIRECTION('',(0.,0.,1.));
#3217 = ORIENTED_EDGE('',*,*,#110,.F.);
#3218 = ORIENTED_EDGE('',*,*,#3219,.T.);
#3219 = EDGE_CURVE('',#111,#2354,#3220,.T.);
#3220 = LINE('',#3221,#3222);
#3221 = CARTESIAN_POINT('',(6.075,7.075,-0.6));
#3222 = VECTOR('',#3223,1.);
#3223 = DIRECTION('',(-0.,0.,-1.));
#3224 = PLANE('',#3225);
#3225 = AXIS2_PLACEMENT_3D('',#3226,#3227,#3228);
#3226 = CARTESIAN_POINT('',(4.575,7.075,-0.6));
#3227 = DIRECTION('',(-0.,1.,0.));
#3228 = DIRECTION('',(0.,0.,1.));
#3229 = ADVANCED_FACE('',(#3230),#3241,.T.);
#3230 = FACE_BOUND('',#3231,.T.);
#3231 = EDGE_LOOP('',(#3232,#3233,#3239,#3240));
#3232 = ORIENTED_EDGE('',*,*,#200,.F.);
#3233 = ORIENTED_EDGE('',*,*,#3234,.F.);
#3234 = EDGE_CURVE('',#2436,#193,#3235,.T.);
#3235 = LINE('',#3236,#3237);
#3236 = CARTESIAN_POINT('',(6.075,5.575,-0.6));
#3237 = VECTOR('',#3238,1.);
#3238 = DIRECTION('',(0.,0.,1.));
#3239 = ORIENTED_EDGE('',*,*,#2443,.T.);
#3240 = ORIENTED_EDGE('',*,*,#3219,.F.);
#3241 = PLANE('',#3242);
#3242 = AXIS2_PLACEMENT_3D('',#3243,#3244,#3245);
#3243 = CARTESIAN_POINT('',(6.075,5.575,-0.6));
#3244 = DIRECTION('',(1.,0.,-0.));
#3245 = DIRECTION('',(0.,0.,1.));
#3246 = ADVANCED_FACE('',(#3247),#3258,.T.);
#3247 = FACE_BOUND('',#3248,.T.);
#3248 = EDGE_LOOP('',(#3249,#3250,#3251,#3257));
#3249 = ORIENTED_EDGE('',*,*,#3212,.F.);
#3250 = ORIENTED_EDGE('',*,*,#2363,.T.);
#3251 = ORIENTED_EDGE('',*,*,#3252,.T.);
#3252 = EDGE_CURVE('',#2364,#121,#3253,.T.);
#3253 = LINE('',#3254,#3255);
#3254 = CARTESIAN_POINT('',(4.575,8.925,-0.6));
#3255 = VECTOR('',#3256,1.);
#3256 = DIRECTION('',(0.,0.,1.));
#3257 = ORIENTED_EDGE('',*,*,#120,.F.);
#3258 = PLANE('',#3259);
#3259 = AXIS2_PLACEMENT_3D('',#3260,#3261,#3262);
#3260 = CARTESIAN_POINT('',(4.575,7.075,-0.6));
#3261 = DIRECTION('',(1.,0.,-0.));
#3262 = DIRECTION('',(0.,0.,1.));
#3263 = ADVANCED_FACE('',(#3264),#3275,.T.);
#3264 = FACE_BOUND('',#3265,.T.);
#3265 = EDGE_LOOP('',(#3266,#3272,#3273,#3274));
#3266 = ORIENTED_EDGE('',*,*,#3267,.F.);
#3267 = EDGE_CURVE('',#2428,#185,#3268,.T.);
#3268 = LINE('',#3269,#3270);
#3269 = CARTESIAN_POINT('',(7.925,5.575,-0.6));
#3270 = VECTOR('',#3271,1.);
#3271 = DIRECTION('',(0.,0.,1.));
#3272 = ORIENTED_EDGE('',*,*,#2435,.T.);
#3273 = ORIENTED_EDGE('',*,*,#3234,.T.);
#3274 = ORIENTED_EDGE('',*,*,#192,.F.);
#3275 = PLANE('',#3276);
#3276 = AXIS2_PLACEMENT_3D('',#3277,#3278,#3279);
#3277 = CARTESIAN_POINT('',(6.075,5.575,-0.6));
#3278 = DIRECTION('',(-0.,1.,0.));
#3279 = DIRECTION('',(0.,0.,1.));
#3280 = ADVANCED_FACE('',(#3281),#3292,.F.);
#3281 = FACE_BOUND('',#3282,.F.);
#3282 = EDGE_LOOP('',(#3283,#3284,#3285,#3286));
#3283 = ORIENTED_EDGE('',*,*,#2371,.T.);
#3284 = ORIENTED_EDGE('',*,*,#3252,.T.);
#3285 = ORIENTED_EDGE('',*,*,#128,.F.);
#3286 = ORIENTED_EDGE('',*,*,#3287,.T.);
#3287 = EDGE_CURVE('',#129,#2372,#3288,.T.);
#3288 = LINE('',#3289,#3290);
#3289 = CARTESIAN_POINT('',(6.075,8.925,-0.6));
#3290 = VECTOR('',#3291,1.);
#3291 = DIRECTION('',(-0.,0.,-1.));
#3292 = PLANE('',#3293);
#3293 = AXIS2_PLACEMENT_3D('',#3294,#3295,#3296);
#3294 = CARTESIAN_POINT('',(4.575,8.925,-0.6));
#3295 = DIRECTION('',(-0.,1.,0.));
#3296 = DIRECTION('',(0.,0.,1.));
#3297 = ADVANCED_FACE('',(#3298),#3309,.F.);
#3298 = FACE_BOUND('',#3299,.F.);
#3299 = EDGE_LOOP('',(#3300,#3301,#3302,#3303));
#3300 = ORIENTED_EDGE('',*,*,#184,.F.);
#3301 = ORIENTED_EDGE('',*,*,#3267,.F.);
#3302 = ORIENTED_EDGE('',*,*,#2427,.T.);
#3303 = ORIENTED_EDGE('',*,*,#3304,.F.);
#3304 = EDGE_CURVE('',#177,#2420,#3305,.T.);
#3305 = LINE('',#3306,#3307);
#3306 = CARTESIAN_POINT('',(7.925,7.075,-0.6));
#3307 = VECTOR('',#3308,1.);
#3308 = DIRECTION('',(-0.,0.,-1.));
#3309 = PLANE('',#3310);
#3310 = AXIS2_PLACEMENT_3D('',#3311,#3312,#3313);
#3311 = CARTESIAN_POINT('',(7.925,5.575,-0.6));
#3312 = DIRECTION('',(1.,0.,-0.));
#3313 = DIRECTION('',(0.,0.,1.));
#3314 = ADVANCED_FACE('',(#3315),#3326,.T.);
#3315 = FACE_BOUND('',#3316,.T.);
#3316 = EDGE_LOOP('',(#3317,#3318,#3319,#3320));
#3317 = ORIENTED_EDGE('',*,*,#136,.F.);
#3318 = ORIENTED_EDGE('',*,*,#3287,.T.);
#3319 = ORIENTED_EDGE('',*,*,#2379,.T.);
#3320 = ORIENTED_EDGE('',*,*,#3321,.T.);
#3321 = EDGE_CURVE('',#2380,#137,#3322,.T.);
#3322 = LINE('',#3323,#3324);
#3323 = CARTESIAN_POINT('',(6.075,10.425,-0.6));
#3324 = VECTOR('',#3325,1.);
#3325 = DIRECTION('',(0.,0.,1.));
#3326 = PLANE('',#3327);
#3327 = AXIS2_PLACEMENT_3D('',#3328,#3329,#3330);
#3328 = CARTESIAN_POINT('',(6.075,5.575,-0.6));
#3329 = DIRECTION('',(1.,0.,-0.));
#3330 = DIRECTION('',(0.,0.,1.));
#3331 = ADVANCED_FACE('',(#3332),#3343,.T.);
#3332 = FACE_BOUND('',#3333,.T.);
#3333 = EDGE_LOOP('',(#3334,#3335,#3336,#3337));
#3334 = ORIENTED_EDGE('',*,*,#2419,.T.);
#3335 = ORIENTED_EDGE('',*,*,#3304,.F.);
#3336 = ORIENTED_EDGE('',*,*,#176,.F.);
#3337 = ORIENTED_EDGE('',*,*,#3338,.F.);
#3338 = EDGE_CURVE('',#2412,#169,#3339,.T.);
#3339 = LINE('',#3340,#3341);
#3340 = CARTESIAN_POINT('',(9.425,7.075,-0.6));
#3341 = VECTOR('',#3342,1.);
#3342 = DIRECTION('',(0.,0.,1.));
#3343 = PLANE('',#3344);
#3344 = AXIS2_PLACEMENT_3D('',#3345,#3346,#3347);
#3345 = CARTESIAN_POINT('',(4.575,7.075,-0.6));
#3346 = DIRECTION('',(-0.,1.,0.));
#3347 = DIRECTION('',(0.,0.,1.));
#3348 = ADVANCED_FACE('',(#3349),#3360,.F.);
#3349 = FACE_BOUND('',#3350,.F.);
#3350 = EDGE_LOOP('',(#3351,#3357,#3358,#3359));
#3351 = ORIENTED_EDGE('',*,*,#3352,.F.);
#3352 = EDGE_CURVE('',#2388,#145,#3353,.T.);
#3353 = LINE('',#3354,#3355);
#3354 = CARTESIAN_POINT('',(7.925,10.425,-0.6));
#3355 = VECTOR('',#3356,1.);
#3356 = DIRECTION('',(0.,0.,1.));
#3357 = ORIENTED_EDGE('',*,*,#2387,.T.);
#3358 = ORIENTED_EDGE('',*,*,#3321,.T.);
#3359 = ORIENTED_EDGE('',*,*,#144,.F.);
#3360 = PLANE('',#3361);
#3361 = AXIS2_PLACEMENT_3D('',#3362,#3363,#3364);
#3362 = CARTESIAN_POINT('',(6.075,10.425,-0.6));
#3363 = DIRECTION('',(-0.,1.,0.));
#3364 = DIRECTION('',(0.,0.,1.));
#3365 = ADVANCED_FACE('',(#3366),#3377,.F.);
#3366 = FACE_BOUND('',#3367,.F.);
#3367 = EDGE_LOOP('',(#3368,#3369,#3370,#3376));
#3368 = ORIENTED_EDGE('',*,*,#3338,.F.);
#3369 = ORIENTED_EDGE('',*,*,#2411,.T.);
#3370 = ORIENTED_EDGE('',*,*,#3371,.T.);
#3371 = EDGE_CURVE('',#2404,#161,#3372,.T.);
#3372 = LINE('',#3373,#3374);
#3373 = CARTESIAN_POINT('',(9.425,8.925,-0.6));
#3374 = VECTOR('',#3375,1.);
#3375 = DIRECTION('',(0.,0.,1.));
#3376 = ORIENTED_EDGE('',*,*,#168,.F.);
#3377 = PLANE('',#3378);
#3378 = AXIS2_PLACEMENT_3D('',#3379,#3380,#3381);
#3379 = CARTESIAN_POINT('',(9.425,7.075,-0.6));
#3380 = DIRECTION('',(1.,0.,-0.));
#3381 = DIRECTION('',(0.,0.,1.));
#3382 = ADVANCED_FACE('',(#3383),#3394,.F.);
#3383 = FACE_BOUND('',#3384,.F.);
#3384 = EDGE_LOOP('',(#3385,#3386,#3392,#3393));
#3385 = ORIENTED_EDGE('',*,*,#152,.F.);
#3386 = ORIENTED_EDGE('',*,*,#3387,.T.);
#3387 = EDGE_CURVE('',#153,#2396,#3388,.T.);
#3388 = LINE('',#3389,#3390);
#3389 = CARTESIAN_POINT('',(7.925,8.925,-0.6));
#3390 = VECTOR('',#3391,1.);
#3391 = DIRECTION('',(-0.,0.,-1.));
#3392 = ORIENTED_EDGE('',*,*,#2395,.T.);
#3393 = ORIENTED_EDGE('',*,*,#3352,.T.);
#3394 = PLANE('',#3395);
#3395 = AXIS2_PLACEMENT_3D('',#3396,#3397,#3398);
#3396 = CARTESIAN_POINT('',(7.925,5.575,-0.6));
#3397 = DIRECTION('',(1.,0.,-0.));
#3398 = DIRECTION('',(0.,0.,1.));
#3399 = ADVANCED_FACE('',(#3400),#3406,.F.);
#3400 = FACE_BOUND('',#3401,.F.);
#3401 = EDGE_LOOP('',(#3402,#3403,#3404,#3405));
#3402 = ORIENTED_EDGE('',*,*,#2403,.T.);
#3403 = ORIENTED_EDGE('',*,*,#3387,.F.);
#3404 = ORIENTED_EDGE('',*,*,#160,.F.);
#3405 = ORIENTED_EDGE('',*,*,#3371,.F.);
#3406 = PLANE('',#3407);
#3407 = AXIS2_PLACEMENT_3D('',#3408,#3409,#3410);
#3408 = CARTESIAN_POINT('',(4.575,8.925,-0.6));
#3409 = DIRECTION('',(-0.,1.,0.));
#3410 = DIRECTION('',(0.,0.,1.));
#3411 = ADVANCED_FACE('',(#3412),#3428,.T.);
#3412 = FACE_BOUND('',#3413,.T.);
#3413 = EDGE_LOOP('',(#3414,#3415,#3421,#3422));
#3414 = ORIENTED_EDGE('',*,*,#2451,.T.);
#3415 = ORIENTED_EDGE('',*,*,#3416,.T.);
#3416 = EDGE_CURVE('',#2454,#211,#3417,.T.);
#3417 = LINE('',#3418,#3419);
#3418 = CARTESIAN_POINT('',(16.55,7.05,-0.6));
#3419 = VECTOR('',#3420,1.);
#3420 = DIRECTION('',(0.,0.,1.));
#3421 = ORIENTED_EDGE('',*,*,#208,.F.);
#3422 = ORIENTED_EDGE('',*,*,#3423,.T.);
#3423 = EDGE_CURVE('',#209,#2452,#3424,.T.);
#3424 = LINE('',#3425,#3426);
#3425 = CARTESIAN_POINT('',(18.05,7.05,-0.6));
#3426 = VECTOR('',#3427,1.);
#3427 = DIRECTION('',(-0.,0.,-1.));
#3428 = PLANE('',#3429);
#3429 = AXIS2_PLACEMENT_3D('',#3430,#3431,#3432);
#3430 = CARTESIAN_POINT('',(16.55,7.05,-0.6));
#3431 = DIRECTION('',(-0.,1.,0.));
#3432 = DIRECTION('',(0.,0.,1.));
#3433 = ADVANCED_FACE('',(#3434),#3445,.T.);
#3434 = FACE_BOUND('',#3435,.T.);
#3435 = EDGE_LOOP('',(#3436,#3437,#3443,#3444));
#3436 = ORIENTED_EDGE('',*,*,#298,.F.);
#3437 = ORIENTED_EDGE('',*,*,#3438,.F.);
#3438 = EDGE_CURVE('',#2534,#291,#3439,.T.);
#3439 = LINE('',#3440,#3441);
#3440 = CARTESIAN_POINT('',(18.05,5.55,-0.6));
#3441 = VECTOR('',#3442,1.);
#3442 = DIRECTION('',(0.,0.,1.));
#3443 = ORIENTED_EDGE('',*,*,#2541,.T.);
#3444 = ORIENTED_EDGE('',*,*,#3423,.F.);
#3445 = PLANE('',#3446);
#3446 = AXIS2_PLACEMENT_3D('',#3447,#3448,#3449);
#3447 = CARTESIAN_POINT('',(18.05,5.55,-0.6));
#3448 = DIRECTION('',(1.,0.,-0.));
#3449 = DIRECTION('',(0.,0.,1.));
#3450 = ADVANCED_FACE('',(#3451),#3462,.T.);
#3451 = FACE_BOUND('',#3452,.T.);
#3452 = EDGE_LOOP('',(#3453,#3454,#3455,#3461));
#3453 = ORIENTED_EDGE('',*,*,#3416,.F.);
#3454 = ORIENTED_EDGE('',*,*,#2461,.T.);
#3455 = ORIENTED_EDGE('',*,*,#3456,.T.);
#3456 = EDGE_CURVE('',#2462,#219,#3457,.T.);
#3457 = LINE('',#3458,#3459);
#3458 = CARTESIAN_POINT('',(16.55,8.95,-0.6));
#3459 = VECTOR('',#3460,1.);
#3460 = DIRECTION('',(0.,0.,1.));
#3461 = ORIENTED_EDGE('',*,*,#218,.F.);
#3462 = PLANE('',#3463);
#3463 = AXIS2_PLACEMENT_3D('',#3464,#3465,#3466);
#3464 = CARTESIAN_POINT('',(16.55,7.05,-0.6));
#3465 = DIRECTION('',(1.,0.,-0.));
#3466 = DIRECTION('',(0.,0.,1.));
#3467 = ADVANCED_FACE('',(#3468),#3479,.T.);
#3468 = FACE_BOUND('',#3469,.T.);
#3469 = EDGE_LOOP('',(#3470,#3476,#3477,#3478));
#3470 = ORIENTED_EDGE('',*,*,#3471,.F.);
#3471 = EDGE_CURVE('',#2526,#283,#3472,.T.);
#3472 = LINE('',#3473,#3474);
#3473 = CARTESIAN_POINT('',(19.95,5.55,-0.6));
#3474 = VECTOR('',#3475,1.);
#3475 = DIRECTION('',(0.,0.,1.));
#3476 = ORIENTED_EDGE('',*,*,#2533,.T.);
#3477 = ORIENTED_EDGE('',*,*,#3438,.T.);
#3478 = ORIENTED_EDGE('',*,*,#290,.F.);
#3479 = PLANE('',#3480);
#3480 = AXIS2_PLACEMENT_3D('',#3481,#3482,#3483);
#3481 = CARTESIAN_POINT('',(18.05,5.55,-0.6));
#3482 = DIRECTION('',(-0.,1.,0.));
#3483 = DIRECTION('',(0.,0.,1.));
#3484 = ADVANCED_FACE('',(#3485),#3496,.F.);
#3485 = FACE_BOUND('',#3486,.F.);
#3486 = EDGE_LOOP('',(#3487,#3488,#3489,#3490));
#3487 = ORIENTED_EDGE('',*,*,#2469,.T.);
#3488 = ORIENTED_EDGE('',*,*,#3456,.T.);
#3489 = ORIENTED_EDGE('',*,*,#226,.F.);
#3490 = ORIENTED_EDGE('',*,*,#3491,.T.);
#3491 = EDGE_CURVE('',#227,#2470,#3492,.T.);
#3492 = LINE('',#3493,#3494);
#3493 = CARTESIAN_POINT('',(18.05,8.95,-0.6));
#3494 = VECTOR('',#3495,1.);
#3495 = DIRECTION('',(-0.,0.,-1.));
#3496 = PLANE('',#3497);
#3497 = AXIS2_PLACEMENT_3D('',#3498,#3499,#3500);
#3498 = CARTESIAN_POINT('',(16.55,8.95,-0.6));
#3499 = DIRECTION('',(-0.,1.,0.));
#3500 = DIRECTION('',(0.,0.,1.));
#3501 = ADVANCED_FACE('',(#3502),#3513,.F.);
#3502 = FACE_BOUND('',#3503,.F.);
#3503 = EDGE_LOOP('',(#3504,#3505,#3506,#3507));
#3504 = ORIENTED_EDGE('',*,*,#282,.F.);
#3505 = ORIENTED_EDGE('',*,*,#3471,.F.);
#3506 = ORIENTED_EDGE('',*,*,#2525,.T.);
#3507 = ORIENTED_EDGE('',*,*,#3508,.F.);
#3508 = EDGE_CURVE('',#275,#2518,#3509,.T.);
#3509 = LINE('',#3510,#3511);
#3510 = CARTESIAN_POINT('',(19.95,7.05,-0.6));
#3511 = VECTOR('',#3512,1.);
#3512 = DIRECTION('',(-0.,0.,-1.));
#3513 = PLANE('',#3514);
#3514 = AXIS2_PLACEMENT_3D('',#3515,#3516,#3517);
#3515 = CARTESIAN_POINT('',(19.95,5.55,-0.6));
#3516 = DIRECTION('',(1.,0.,-0.));
#3517 = DIRECTION('',(0.,0.,1.));
#3518 = ADVANCED_FACE('',(#3519),#3530,.T.);
#3519 = FACE_BOUND('',#3520,.T.);
#3520 = EDGE_LOOP('',(#3521,#3522,#3523,#3524));
#3521 = ORIENTED_EDGE('',*,*,#234,.F.);
#3522 = ORIENTED_EDGE('',*,*,#3491,.T.);
#3523 = ORIENTED_EDGE('',*,*,#2477,.T.);
#3524 = ORIENTED_EDGE('',*,*,#3525,.T.);
#3525 = EDGE_CURVE('',#2478,#235,#3526,.T.);
#3526 = LINE('',#3527,#3528);
#3527 = CARTESIAN_POINT('',(18.05,10.45,-0.6));
#3528 = VECTOR('',#3529,1.);
#3529 = DIRECTION('',(0.,0.,1.));
#3530 = PLANE('',#3531);
#3531 = AXIS2_PLACEMENT_3D('',#3532,#3533,#3534);
#3532 = CARTESIAN_POINT('',(18.05,5.55,-0.6));
#3533 = DIRECTION('',(1.,0.,-0.));
#3534 = DIRECTION('',(0.,0.,1.));
#3535 = ADVANCED_FACE('',(#3536),#3547,.T.);
#3536 = FACE_BOUND('',#3537,.T.);
#3537 = EDGE_LOOP('',(#3538,#3539,#3540,#3541));
#3538 = ORIENTED_EDGE('',*,*,#2517,.T.);
#3539 = ORIENTED_EDGE('',*,*,#3508,.F.);
#3540 = ORIENTED_EDGE('',*,*,#274,.F.);
#3541 = ORIENTED_EDGE('',*,*,#3542,.F.);
#3542 = EDGE_CURVE('',#2510,#267,#3543,.T.);
#3543 = LINE('',#3544,#3545);
#3544 = CARTESIAN_POINT('',(21.45,7.05,-0.6));
#3545 = VECTOR('',#3546,1.);
#3546 = DIRECTION('',(0.,0.,1.));
#3547 = PLANE('',#3548);
#3548 = AXIS2_PLACEMENT_3D('',#3549,#3550,#3551);
#3549 = CARTESIAN_POINT('',(16.55,7.05,-0.6));
#3550 = DIRECTION('',(-0.,1.,0.));
#3551 = DIRECTION('',(0.,0.,1.));
#3552 = ADVANCED_FACE('',(#3553),#3564,.F.);
#3553 = FACE_BOUND('',#3554,.F.);
#3554 = EDGE_LOOP('',(#3555,#3561,#3562,#3563));
#3555 = ORIENTED_EDGE('',*,*,#3556,.F.);
#3556 = EDGE_CURVE('',#2486,#243,#3557,.T.);
#3557 = LINE('',#3558,#3559);
#3558 = CARTESIAN_POINT('',(19.95,10.45,-0.6));
#3559 = VECTOR('',#3560,1.);
#3560 = DIRECTION('',(0.,0.,1.));
#3561 = ORIENTED_EDGE('',*,*,#2485,.T.);
#3562 = ORIENTED_EDGE('',*,*,#3525,.T.);
#3563 = ORIENTED_EDGE('',*,*,#242,.F.);
#3564 = PLANE('',#3565);
#3565 = AXIS2_PLACEMENT_3D('',#3566,#3567,#3568);
#3566 = CARTESIAN_POINT('',(18.05,10.45,-0.6));
#3567 = DIRECTION('',(-0.,1.,0.));
#3568 = DIRECTION('',(0.,0.,1.));
#3569 = ADVANCED_FACE('',(#3570),#3581,.F.);
#3570 = FACE_BOUND('',#3571,.F.);
#3571 = EDGE_LOOP('',(#3572,#3573,#3574,#3580));
#3572 = ORIENTED_EDGE('',*,*,#3542,.F.);
#3573 = ORIENTED_EDGE('',*,*,#2509,.T.);
#3574 = ORIENTED_EDGE('',*,*,#3575,.T.);
#3575 = EDGE_CURVE('',#2502,#259,#3576,.T.);
#3576 = LINE('',#3577,#3578);
#3577 = CARTESIAN_POINT('',(21.45,8.95,-0.6));
#3578 = VECTOR('',#3579,1.);
#3579 = DIRECTION('',(0.,0.,1.));
#3580 = ORIENTED_EDGE('',*,*,#266,.F.);
#3581 = PLANE('',#3582);
#3582 = AXIS2_PLACEMENT_3D('',#3583,#3584,#3585);
#3583 = CARTESIAN_POINT('',(21.45,7.05,-0.6));
#3584 = DIRECTION('',(1.,0.,-0.));
#3585 = DIRECTION('',(0.,0.,1.));
#3586 = ADVANCED_FACE('',(#3587),#3598,.F.);
#3587 = FACE_BOUND('',#3588,.F.);
#3588 = EDGE_LOOP('',(#3589,#3590,#3596,#3597));
#3589 = ORIENTED_EDGE('',*,*,#250,.F.);
#3590 = ORIENTED_EDGE('',*,*,#3591,.T.);
#3591 = EDGE_CURVE('',#251,#2494,#3592,.T.);
#3592 = LINE('',#3593,#3594);
#3593 = CARTESIAN_POINT('',(19.95,8.95,-0.6));
#3594 = VECTOR('',#3595,1.);
#3595 = DIRECTION('',(-0.,0.,-1.));
#3596 = ORIENTED_EDGE('',*,*,#2493,.T.);
#3597 = ORIENTED_EDGE('',*,*,#3556,.T.);
#3598 = PLANE('',#3599);
#3599 = AXIS2_PLACEMENT_3D('',#3600,#3601,#3602);
#3600 = CARTESIAN_POINT('',(19.95,5.55,-0.6));
#3601 = DIRECTION('',(1.,0.,-0.));
#3602 = DIRECTION('',(0.,0.,1.));
#3603 = ADVANCED_FACE('',(#3604),#3610,.F.);
#3604 = FACE_BOUND('',#3605,.F.);
#3605 = EDGE_LOOP('',(#3606,#3607,#3608,#3609));
#3606 = ORIENTED_EDGE('',*,*,#2501,.T.);
#3607 = ORIENTED_EDGE('',*,*,#3591,.F.);
#3608 = ORIENTED_EDGE('',*,*,#258,.F.);
#3609 = ORIENTED_EDGE('',*,*,#3575,.F.);
#3610 = PLANE('',#3611);
#3611 = AXIS2_PLACEMENT_3D('',#3612,#3613,#3614);
#3612 = CARTESIAN_POINT('',(16.55,8.95,-0.6));
#3613 = DIRECTION('',(-0.,1.,0.));
#3614 = DIRECTION('',(0.,0.,1.));
#3615 = ADVANCED_FACE('',(#3616),#3632,.T.);
#3616 = FACE_BOUND('',#3617,.T.);
#3617 = EDGE_LOOP('',(#3618,#3619,#3625,#3626));
#3618 = ORIENTED_EDGE('',*,*,#2549,.T.);
#3619 = ORIENTED_EDGE('',*,*,#3620,.T.);
#3620 = EDGE_CURVE('',#2552,#309,#3621,.T.);
#3621 = LINE('',#3622,#3623);
#3622 = CARTESIAN_POINT('',(28.525,7.025,-0.6));
#3623 = VECTOR('',#3624,1.);
#3624 = DIRECTION('',(0.,0.,1.));
#3625 = ORIENTED_EDGE('',*,*,#306,.F.);
#3626 = ORIENTED_EDGE('',*,*,#3627,.T.);
#3627 = EDGE_CURVE('',#307,#2550,#3628,.T.);
#3628 = LINE('',#3629,#3630);
#3629 = CARTESIAN_POINT('',(30.025,7.025,-0.6));
#3630 = VECTOR('',#3631,1.);
#3631 = DIRECTION('',(-0.,0.,-1.));
#3632 = PLANE('',#3633);
#3633 = AXIS2_PLACEMENT_3D('',#3634,#3635,#3636);
#3634 = CARTESIAN_POINT('',(28.525,7.025,-0.6));
#3635 = DIRECTION('',(-0.,1.,0.));
#3636 = DIRECTION('',(0.,0.,1.));
#3637 = ADVANCED_FACE('',(#3638),#3649,.T.);
#3638 = FACE_BOUND('',#3639,.T.);
#3639 = EDGE_LOOP('',(#3640,#3641,#3647,#3648));
#3640 = ORIENTED_EDGE('',*,*,#396,.F.);
#3641 = ORIENTED_EDGE('',*,*,#3642,.F.);
#3642 = EDGE_CURVE('',#2632,#389,#3643,.T.);
#3643 = LINE('',#3644,#3645);
#3644 = CARTESIAN_POINT('',(30.025,5.525,-0.6));
#3645 = VECTOR('',#3646,1.);
#3646 = DIRECTION('',(0.,0.,1.));
#3647 = ORIENTED_EDGE('',*,*,#2639,.T.);
#3648 = ORIENTED_EDGE('',*,*,#3627,.F.);
#3649 = PLANE('',#3650);
#3650 = AXIS2_PLACEMENT_3D('',#3651,#3652,#3653);
#3651 = CARTESIAN_POINT('',(30.025,5.525,-0.6));
#3652 = DIRECTION('',(1.,0.,-0.));
#3653 = DIRECTION('',(0.,0.,1.));
#3654 = ADVANCED_FACE('',(#3655),#3666,.T.);
#3655 = FACE_BOUND('',#3656,.T.);
#3656 = EDGE_LOOP('',(#3657,#3658,#3659,#3665));
#3657 = ORIENTED_EDGE('',*,*,#3620,.F.);
#3658 = ORIENTED_EDGE('',*,*,#2559,.T.);
#3659 = ORIENTED_EDGE('',*,*,#3660,.T.);
#3660 = EDGE_CURVE('',#2560,#317,#3661,.T.);
#3661 = LINE('',#3662,#3663);
#3662 = CARTESIAN_POINT('',(28.525,8.975,-0.6));
#3663 = VECTOR('',#3664,1.);
#3664 = DIRECTION('',(0.,0.,1.));
#3665 = ORIENTED_EDGE('',*,*,#316,.F.);
#3666 = PLANE('',#3667);
#3667 = AXIS2_PLACEMENT_3D('',#3668,#3669,#3670);
#3668 = CARTESIAN_POINT('',(28.525,7.025,-0.6));
#3669 = DIRECTION('',(1.,0.,-0.));
#3670 = DIRECTION('',(0.,0.,1.));
#3671 = ADVANCED_FACE('',(#3672),#3683,.T.);
#3672 = FACE_BOUND('',#3673,.T.);
#3673 = EDGE_LOOP('',(#3674,#3680,#3681,#3682));
#3674 = ORIENTED_EDGE('',*,*,#3675,.F.);
#3675 = EDGE_CURVE('',#2624,#381,#3676,.T.);
#3676 = LINE('',#3677,#3678);
#3677 = CARTESIAN_POINT('',(31.975,5.525,-0.6));
#3678 = VECTOR('',#3679,1.);
#3679 = DIRECTION('',(0.,0.,1.));
#3680 = ORIENTED_EDGE('',*,*,#2631,.T.);
#3681 = ORIENTED_EDGE('',*,*,#3642,.T.);
#3682 = ORIENTED_EDGE('',*,*,#388,.F.);
#3683 = PLANE('',#3684);
#3684 = AXIS2_PLACEMENT_3D('',#3685,#3686,#3687);
#3685 = CARTESIAN_POINT('',(30.025,5.525,-0.6));
#3686 = DIRECTION('',(-0.,1.,0.));
#3687 = DIRECTION('',(0.,0.,1.));
#3688 = ADVANCED_FACE('',(#3689),#3700,.F.);
#3689 = FACE_BOUND('',#3690,.F.);
#3690 = EDGE_LOOP('',(#3691,#3692,#3693,#3694));
#3691 = ORIENTED_EDGE('',*,*,#2567,.T.);
#3692 = ORIENTED_EDGE('',*,*,#3660,.T.);
#3693 = ORIENTED_EDGE('',*,*,#324,.F.);
#3694 = ORIENTED_EDGE('',*,*,#3695,.T.);
#3695 = EDGE_CURVE('',#325,#2568,#3696,.T.);
#3696 = LINE('',#3697,#3698);
#3697 = CARTESIAN_POINT('',(30.025,8.975,-0.6));
#3698 = VECTOR('',#3699,1.);
#3699 = DIRECTION('',(-0.,0.,-1.));
#3700 = PLANE('',#3701);
#3701 = AXIS2_PLACEMENT_3D('',#3702,#3703,#3704);
#3702 = CARTESIAN_POINT('',(28.525,8.975,-0.6));
#3703 = DIRECTION('',(-0.,1.,0.));
#3704 = DIRECTION('',(0.,0.,1.));
#3705 = ADVANCED_FACE('',(#3706),#3717,.F.);
#3706 = FACE_BOUND('',#3707,.F.);
#3707 = EDGE_LOOP('',(#3708,#3709,#3710,#3711));
#3708 = ORIENTED_EDGE('',*,*,#380,.F.);
#3709 = ORIENTED_EDGE('',*,*,#3675,.F.);
#3710 = ORIENTED_EDGE('',*,*,#2623,.T.);
#3711 = ORIENTED_EDGE('',*,*,#3712,.F.);
#3712 = EDGE_CURVE('',#373,#2616,#3713,.T.);
#3713 = LINE('',#3714,#3715);
#3714 = CARTESIAN_POINT('',(31.975,7.025,-0.6));
#3715 = VECTOR('',#3716,1.);
#3716 = DIRECTION('',(-0.,0.,-1.));
#3717 = PLANE('',#3718);
#3718 = AXIS2_PLACEMENT_3D('',#3719,#3720,#3721);
#3719 = CARTESIAN_POINT('',(31.975,5.525,-0.6));
#3720 = DIRECTION('',(1.,0.,-0.));
#3721 = DIRECTION('',(0.,0.,1.));
#3722 = ADVANCED_FACE('',(#3723),#3734,.T.);
#3723 = FACE_BOUND('',#3724,.T.);
#3724 = EDGE_LOOP('',(#3725,#3726,#3727,#3728));
#3725 = ORIENTED_EDGE('',*,*,#332,.F.);
#3726 = ORIENTED_EDGE('',*,*,#3695,.T.);
#3727 = ORIENTED_EDGE('',*,*,#2575,.T.);
#3728 = ORIENTED_EDGE('',*,*,#3729,.T.);
#3729 = EDGE_CURVE('',#2576,#333,#3730,.T.);
#3730 = LINE('',#3731,#3732);
#3731 = CARTESIAN_POINT('',(30.025,10.475,-0.6));
#3732 = VECTOR('',#3733,1.);
#3733 = DIRECTION('',(0.,0.,1.));
#3734 = PLANE('',#3735);
#3735 = AXIS2_PLACEMENT_3D('',#3736,#3737,#3738);
#3736 = CARTESIAN_POINT('',(30.025,5.525,-0.6));
#3737 = DIRECTION('',(1.,0.,-0.));
#3738 = DIRECTION('',(0.,0.,1.));
#3739 = ADVANCED_FACE('',(#3740),#3751,.T.);
#3740 = FACE_BOUND('',#3741,.T.);
#3741 = EDGE_LOOP('',(#3742,#3743,#3744,#3745));
#3742 = ORIENTED_EDGE('',*,*,#2615,.T.);
#3743 = ORIENTED_EDGE('',*,*,#3712,.F.);
#3744 = ORIENTED_EDGE('',*,*,#372,.F.);
#3745 = ORIENTED_EDGE('',*,*,#3746,.F.);
#3746 = EDGE_CURVE('',#2608,#365,#3747,.T.);
#3747 = LINE('',#3748,#3749);
#3748 = CARTESIAN_POINT('',(33.475,7.025,-0.6));
#3749 = VECTOR('',#3750,1.);
#3750 = DIRECTION('',(0.,0.,1.));
#3751 = PLANE('',#3752);
#3752 = AXIS2_PLACEMENT_3D('',#3753,#3754,#3755);
#3753 = CARTESIAN_POINT('',(28.525,7.025,-0.6));
#3754 = DIRECTION('',(-0.,1.,0.));
#3755 = DIRECTION('',(0.,0.,1.));
#3756 = ADVANCED_FACE('',(#3757),#3768,.F.);
#3757 = FACE_BOUND('',#3758,.F.);
#3758 = EDGE_LOOP('',(#3759,#3765,#3766,#3767));
#3759 = ORIENTED_EDGE('',*,*,#3760,.F.);
#3760 = EDGE_CURVE('',#2584,#341,#3761,.T.);
#3761 = LINE('',#3762,#3763);
#3762 = CARTESIAN_POINT('',(31.975,10.475,-0.6));
#3763 = VECTOR('',#3764,1.);
#3764 = DIRECTION('',(0.,0.,1.));
#3765 = ORIENTED_EDGE('',*,*,#2583,.T.);
#3766 = ORIENTED_EDGE('',*,*,#3729,.T.);
#3767 = ORIENTED_EDGE('',*,*,#340,.F.);
#3768 = PLANE('',#3769);
#3769 = AXIS2_PLACEMENT_3D('',#3770,#3771,#3772);
#3770 = CARTESIAN_POINT('',(30.025,10.475,-0.6));
#3771 = DIRECTION('',(-0.,1.,0.));
#3772 = DIRECTION('',(0.,0.,1.));
#3773 = ADVANCED_FACE('',(#3774),#3785,.F.);
#3774 = FACE_BOUND('',#3775,.F.);
#3775 = EDGE_LOOP('',(#3776,#3777,#3778,#3784));
#3776 = ORIENTED_EDGE('',*,*,#3746,.F.);
#3777 = ORIENTED_EDGE('',*,*,#2607,.T.);
#3778 = ORIENTED_EDGE('',*,*,#3779,.T.);
#3779 = EDGE_CURVE('',#2600,#357,#3780,.T.);
#3780 = LINE('',#3781,#3782);
#3781 = CARTESIAN_POINT('',(33.475,8.975,-0.6));
#3782 = VECTOR('',#3783,1.);
#3783 = DIRECTION('',(0.,0.,1.));
#3784 = ORIENTED_EDGE('',*,*,#364,.F.);
#3785 = PLANE('',#3786);
#3786 = AXIS2_PLACEMENT_3D('',#3787,#3788,#3789);
#3787 = CARTESIAN_POINT('',(33.475,7.025,-0.6));
#3788 = DIRECTION('',(1.,0.,-0.));
#3789 = DIRECTION('',(0.,0.,1.));
#3790 = ADVANCED_FACE('',(#3791),#3802,.F.);
#3791 = FACE_BOUND('',#3792,.F.);
#3792 = EDGE_LOOP('',(#3793,#3794,#3800,#3801));
#3793 = ORIENTED_EDGE('',*,*,#348,.F.);
#3794 = ORIENTED_EDGE('',*,*,#3795,.T.);
#3795 = EDGE_CURVE('',#349,#2592,#3796,.T.);
#3796 = LINE('',#3797,#3798);
#3797 = CARTESIAN_POINT('',(31.975,8.975,-0.6));
#3798 = VECTOR('',#3799,1.);
#3799 = DIRECTION('',(-0.,0.,-1.));
#3800 = ORIENTED_EDGE('',*,*,#2591,.T.);
#3801 = ORIENTED_EDGE('',*,*,#3760,.T.);
#3802 = PLANE('',#3803);
#3803 = AXIS2_PLACEMENT_3D('',#3804,#3805,#3806);
#3804 = CARTESIAN_POINT('',(31.975,5.525,-0.6));
#3805 = DIRECTION('',(1.,0.,-0.));
#3806 = DIRECTION('',(0.,0.,1.));
#3807 = ADVANCED_FACE('',(#3808),#3814,.F.);
#3808 = FACE_BOUND('',#3809,.F.);
#3809 = EDGE_LOOP('',(#3810,#3811,#3812,#3813));
#3810 = ORIENTED_EDGE('',*,*,#2599,.T.);
#3811 = ORIENTED_EDGE('',*,*,#3795,.F.);
#3812 = ORIENTED_EDGE('',*,*,#356,.F.);
#3813 = ORIENTED_EDGE('',*,*,#3779,.F.);
#3814 = PLANE('',#3815);
#3815 = AXIS2_PLACEMENT_3D('',#3816,#3817,#3818);
#3816 = CARTESIAN_POINT('',(28.525,8.975,-0.6));
#3817 = DIRECTION('',(-0.,1.,0.));
#3818 = DIRECTION('',(0.,0.,1.));
#3819 = ADVANCED_FACE('',(#3820),#3836,.T.);
#3820 = FACE_BOUND('',#3821,.T.);
#3821 = EDGE_LOOP('',(#3822,#3823,#3829,#3830));
#3822 = ORIENTED_EDGE('',*,*,#2647,.T.);
#3823 = ORIENTED_EDGE('',*,*,#3824,.T.);
#3824 = EDGE_CURVE('',#2650,#407,#3825,.T.);
#3825 = LINE('',#3826,#3827);
#3826 = CARTESIAN_POINT('',(40.5,7.,-0.6));
#3827 = VECTOR('',#3828,1.);
#3828 = DIRECTION('',(0.,0.,1.));
#3829 = ORIENTED_EDGE('',*,*,#404,.F.);
#3830 = ORIENTED_EDGE('',*,*,#3831,.T.);
#3831 = EDGE_CURVE('',#405,#2648,#3832,.T.);
#3832 = LINE('',#3833,#3834);
#3833 = CARTESIAN_POINT('',(42.,7.,-0.6));
#3834 = VECTOR('',#3835,1.);
#3835 = DIRECTION('',(-0.,0.,-1.));
#3836 = PLANE('',#3837);
#3837 = AXIS2_PLACEMENT_3D('',#3838,#3839,#3840);
#3838 = CARTESIAN_POINT('',(40.5,7.,-0.6));
#3839 = DIRECTION('',(-0.,1.,0.));
#3840 = DIRECTION('',(0.,0.,1.));
#3841 = ADVANCED_FACE('',(#3842),#3853,.T.);
#3842 = FACE_BOUND('',#3843,.T.);
#3843 = EDGE_LOOP('',(#3844,#3845,#3851,#3852));
#3844 = ORIENTED_EDGE('',*,*,#494,.F.);
#3845 = ORIENTED_EDGE('',*,*,#3846,.F.);
#3846 = EDGE_CURVE('',#2730,#487,#3847,.T.);
#3847 = LINE('',#3848,#3849);
#3848 = CARTESIAN_POINT('',(42.,5.5,-0.6));
#3849 = VECTOR('',#3850,1.);
#3850 = DIRECTION('',(0.,0.,1.));
#3851 = ORIENTED_EDGE('',*,*,#2737,.T.);
#3852 = ORIENTED_EDGE('',*,*,#3831,.F.);
#3853 = PLANE('',#3854);
#3854 = AXIS2_PLACEMENT_3D('',#3855,#3856,#3857);
#3855 = CARTESIAN_POINT('',(42.,5.5,-0.6));
#3856 = DIRECTION('',(1.,0.,-0.));
#3857 = DIRECTION('',(0.,0.,1.));
#3858 = ADVANCED_FACE('',(#3859),#3870,.T.);
#3859 = FACE_BOUND('',#3860,.T.);
#3860 = EDGE_LOOP('',(#3861,#3862,#3863,#3869));
#3861 = ORIENTED_EDGE('',*,*,#3824,.F.);
#3862 = ORIENTED_EDGE('',*,*,#2657,.T.);
#3863 = ORIENTED_EDGE('',*,*,#3864,.T.);
#3864 = EDGE_CURVE('',#2658,#415,#3865,.T.);
#3865 = LINE('',#3866,#3867);
#3866 = CARTESIAN_POINT('',(40.5,9.,-0.6));
#3867 = VECTOR('',#3868,1.);
#3868 = DIRECTION('',(0.,0.,1.));
#3869 = ORIENTED_EDGE('',*,*,#414,.F.);
#3870 = PLANE('',#3871);
#3871 = AXIS2_PLACEMENT_3D('',#3872,#3873,#3874);
#3872 = CARTESIAN_POINT('',(40.5,7.,-0.6));
#3873 = DIRECTION('',(1.,0.,-0.));
#3874 = DIRECTION('',(0.,0.,1.));
#3875 = ADVANCED_FACE('',(#3876),#3887,.T.);
#3876 = FACE_BOUND('',#3877,.T.);
#3877 = EDGE_LOOP('',(#3878,#3884,#3885,#3886));
#3878 = ORIENTED_EDGE('',*,*,#3879,.F.);
#3879 = EDGE_CURVE('',#2722,#479,#3880,.T.);
#3880 = LINE('',#3881,#3882);
#3881 = CARTESIAN_POINT('',(44.,5.5,-0.6));
#3882 = VECTOR('',#3883,1.);
#3883 = DIRECTION('',(0.,0.,1.));
#3884 = ORIENTED_EDGE('',*,*,#2729,.T.);
#3885 = ORIENTED_EDGE('',*,*,#3846,.T.);
#3886 = ORIENTED_EDGE('',*,*,#486,.F.);
#3887 = PLANE('',#3888);
#3888 = AXIS2_PLACEMENT_3D('',#3889,#3890,#3891);
#3889 = CARTESIAN_POINT('',(42.,5.5,-0.6));
#3890 = DIRECTION('',(-0.,1.,0.));
#3891 = DIRECTION('',(0.,0.,1.));
#3892 = ADVANCED_FACE('',(#3893),#3904,.F.);
#3893 = FACE_BOUND('',#3894,.F.);
#3894 = EDGE_LOOP('',(#3895,#3896,#3897,#3898));
#3895 = ORIENTED_EDGE('',*,*,#2665,.T.);
#3896 = ORIENTED_EDGE('',*,*,#3864,.T.);
#3897 = ORIENTED_EDGE('',*,*,#422,.F.);
#3898 = ORIENTED_EDGE('',*,*,#3899,.T.);
#3899 = EDGE_CURVE('',#423,#2666,#3900,.T.);
#3900 = LINE('',#3901,#3902);
#3901 = CARTESIAN_POINT('',(42.,9.,-0.6));
#3902 = VECTOR('',#3903,1.);
#3903 = DIRECTION('',(-0.,0.,-1.));
#3904 = PLANE('',#3905);
#3905 = AXIS2_PLACEMENT_3D('',#3906,#3907,#3908);
#3906 = CARTESIAN_POINT('',(40.5,9.,-0.6));
#3907 = DIRECTION('',(-0.,1.,0.));
#3908 = DIRECTION('',(0.,0.,1.));
#3909 = ADVANCED_FACE('',(#3910),#3921,.F.);
#3910 = FACE_BOUND('',#3911,.F.);
#3911 = EDGE_LOOP('',(#3912,#3913,#3914,#3915));
#3912 = ORIENTED_EDGE('',*,*,#478,.F.);
#3913 = ORIENTED_EDGE('',*,*,#3879,.F.);
#3914 = ORIENTED_EDGE('',*,*,#2721,.T.);
#3915 = ORIENTED_EDGE('',*,*,#3916,.F.);
#3916 = EDGE_CURVE('',#471,#2714,#3917,.T.);
#3917 = LINE('',#3918,#3919);
#3918 = CARTESIAN_POINT('',(44.,7.,-0.6));
#3919 = VECTOR('',#3920,1.);
#3920 = DIRECTION('',(-0.,0.,-1.));
#3921 = PLANE('',#3922);
#3922 = AXIS2_PLACEMENT_3D('',#3923,#3924,#3925);
#3923 = CARTESIAN_POINT('',(44.,5.5,-0.6));
#3924 = DIRECTION('',(1.,0.,-0.));
#3925 = DIRECTION('',(0.,0.,1.));
#3926 = ADVANCED_FACE('',(#3927),#3938,.T.);
#3927 = FACE_BOUND('',#3928,.T.);
#3928 = EDGE_LOOP('',(#3929,#3930,#3931,#3932));
#3929 = ORIENTED_EDGE('',*,*,#430,.F.);
#3930 = ORIENTED_EDGE('',*,*,#3899,.T.);
#3931 = ORIENTED_EDGE('',*,*,#2673,.T.);
#3932 = ORIENTED_EDGE('',*,*,#3933,.T.);
#3933 = EDGE_CURVE('',#2674,#431,#3934,.T.);
#3934 = LINE('',#3935,#3936);
#3935 = CARTESIAN_POINT('',(42.,10.5,-0.6));
#3936 = VECTOR('',#3937,1.);
#3937 = DIRECTION('',(0.,0.,1.));
#3938 = PLANE('',#3939);
#3939 = AXIS2_PLACEMENT_3D('',#3940,#3941,#3942);
#3940 = CARTESIAN_POINT('',(42.,5.5,-0.6));
#3941 = DIRECTION('',(1.,0.,-0.));
#3942 = DIRECTION('',(0.,0.,1.));
#3943 = ADVANCED_FACE('',(#3944),#3955,.T.);
#3944 = FACE_BOUND('',#3945,.T.);
#3945 = EDGE_LOOP('',(#3946,#3947,#3948,#3949));
#3946 = ORIENTED_EDGE('',*,*,#2713,.T.);
#3947 = ORIENTED_EDGE('',*,*,#3916,.F.);
#3948 = ORIENTED_EDGE('',*,*,#470,.F.);
#3949 = ORIENTED_EDGE('',*,*,#3950,.F.);
#3950 = EDGE_CURVE('',#2706,#463,#3951,.T.);
#3951 = LINE('',#3952,#3953);
#3952 = CARTESIAN_POINT('',(45.5,7.,-0.6));
#3953 = VECTOR('',#3954,1.);
#3954 = DIRECTION('',(0.,0.,1.));
#3955 = PLANE('',#3956);
#3956 = AXIS2_PLACEMENT_3D('',#3957,#3958,#3959);
#3957 = CARTESIAN_POINT('',(40.5,7.,-0.6));
#3958 = DIRECTION('',(-0.,1.,0.));
#3959 = DIRECTION('',(0.,0.,1.));
#3960 = ADVANCED_FACE('',(#3961),#3972,.F.);
#3961 = FACE_BOUND('',#3962,.F.);
#3962 = EDGE_LOOP('',(#3963,#3969,#3970,#3971));
#3963 = ORIENTED_EDGE('',*,*,#3964,.F.);
#3964 = EDGE_CURVE('',#2682,#439,#3965,.T.);
#3965 = LINE('',#3966,#3967);
#3966 = CARTESIAN_POINT('',(44.,10.5,-0.6));
#3967 = VECTOR('',#3968,1.);
#3968 = DIRECTION('',(0.,0.,1.));
#3969 = ORIENTED_EDGE('',*,*,#2681,.T.);
#3970 = ORIENTED_EDGE('',*,*,#3933,.T.);
#3971 = ORIENTED_EDGE('',*,*,#438,.F.);
#3972 = PLANE('',#3973);
#3973 = AXIS2_PLACEMENT_3D('',#3974,#3975,#3976);
#3974 = CARTESIAN_POINT('',(42.,10.5,-0.6));
#3975 = DIRECTION('',(-0.,1.,0.));
#3976 = DIRECTION('',(0.,0.,1.));
#3977 = ADVANCED_FACE('',(#3978),#3989,.F.);
#3978 = FACE_BOUND('',#3979,.F.);
#3979 = EDGE_LOOP('',(#3980,#3981,#3982,#3988));
#3980 = ORIENTED_EDGE('',*,*,#3950,.F.);
#3981 = ORIENTED_EDGE('',*,*,#2705,.T.);
#3982 = ORIENTED_EDGE('',*,*,#3983,.T.);
#3983 = EDGE_CURVE('',#2698,#455,#3984,.T.);
#3984 = LINE('',#3985,#3986);
#3985 = CARTESIAN_POINT('',(45.5,9.,-0.6));
#3986 = VECTOR('',#3987,1.);
#3987 = DIRECTION('',(0.,0.,1.));
#3988 = ORIENTED_EDGE('',*,*,#462,.F.);
#3989 = PLANE('',#3990);
#3990 = AXIS2_PLACEMENT_3D('',#3991,#3992,#3993);
#3991 = CARTESIAN_POINT('',(45.5,7.,-0.6));
#3992 = DIRECTION('',(1.,0.,-0.));
#3993 = DIRECTION('',(0.,0.,1.));
#3994 = ADVANCED_FACE('',(#3995),#4006,.F.);
#3995 = FACE_BOUND('',#3996,.F.);
#3996 = EDGE_LOOP('',(#3997,#3998,#4004,#4005));
#3997 = ORIENTED_EDGE('',*,*,#446,.F.);
#3998 = ORIENTED_EDGE('',*,*,#3999,.T.);
#3999 = EDGE_CURVE('',#447,#2690,#4000,.T.);
#4000 = LINE('',#4001,#4002);
#4001 = CARTESIAN_POINT('',(44.,9.,-0.6));
#4002 = VECTOR('',#4003,1.);
#4003 = DIRECTION('',(-0.,0.,-1.));
#4004 = ORIENTED_EDGE('',*,*,#2689,.T.);
#4005 = ORIENTED_EDGE('',*,*,#3964,.T.);
#4006 = PLANE('',#4007);
#4007 = AXIS2_PLACEMENT_3D('',#4008,#4009,#4010);
#4008 = CARTESIAN_POINT('',(44.,5.5,-0.6));
#4009 = DIRECTION('',(1.,0.,-0.));
#4010 = DIRECTION('',(0.,0.,1.));
#4011 = ADVANCED_FACE('',(#4012),#4018,.F.);
#4012 = FACE_BOUND('',#4013,.F.);
#4013 = EDGE_LOOP('',(#4014,#4015,#4016,#4017));
#4014 = ORIENTED_EDGE('',*,*,#2697,.T.);
#4015 = ORIENTED_EDGE('',*,*,#3999,.F.);
#4016 = ORIENTED_EDGE('',*,*,#454,.F.);
#4017 = ORIENTED_EDGE('',*,*,#3983,.F.);
#4018 = PLANE('',#4019);
#4019 = AXIS2_PLACEMENT_3D('',#4020,#4021,#4022);
#4020 = CARTESIAN_POINT('',(40.5,9.,-0.6));
#4021 = DIRECTION('',(-0.,1.,0.));
#4022 = DIRECTION('',(0.,0.,1.));
#4023 = ADVANCED_FACE('',(#4024),#4035,.F.);
#4024 = FACE_BOUND('',#4025,.F.);
#4025 = EDGE_LOOP('',(#4026,#4027,#4033,#4034));
#4026 = ORIENTED_EDGE('',*,*,#502,.F.);
#4027 = ORIENTED_EDGE('',*,*,#4028,.F.);
#4028 = EDGE_CURVE('',#3040,#503,#4029,.T.);
#4029 = LINE('',#4030,#4031);
#4030 = CARTESIAN_POINT('',(9.375,17.5,-0.5));
#4031 = VECTOR('',#4032,1.);
#4032 = DIRECTION('',(0.,0.,1.));
#4033 = ORIENTED_EDGE('',*,*,#3039,.T.);
#4034 = ORIENTED_EDGE('',*,*,#4028,.T.);
#4035 = CYLINDRICAL_SURFACE('',#4036,2.375);
#4036 = AXIS2_PLACEMENT_3D('',#4037,#4038,#4039);
#4037 = CARTESIAN_POINT('',(7.,17.5,-0.5));
#4038 = DIRECTION('',(0.,0.,1.));
#4039 = DIRECTION('',(1.,0.,-0.));
#4040 = ADVANCED_FACE('',(#4041),#4052,.F.);
#4041 = FACE_BOUND('',#4042,.F.);
#4042 = EDGE_LOOP('',(#4043,#4044,#4050,#4051));
#4043 = ORIENTED_EDGE('',*,*,#513,.F.);
#4044 = ORIENTED_EDGE('',*,*,#4045,.F.);
#4045 = EDGE_CURVE('',#3051,#514,#4046,.T.);
#4046 = LINE('',#4047,#4048);
#4047 = CARTESIAN_POINT('',(21.4,17.5,-0.5));
#4048 = VECTOR('',#4049,1.);
#4049 = DIRECTION('',(0.,0.,1.));
#4050 = ORIENTED_EDGE('',*,*,#3050,.T.);
#4051 = ORIENTED_EDGE('',*,*,#4045,.T.);
#4052 = CYLINDRICAL_SURFACE('',#4053,2.4);
#4053 = AXIS2_PLACEMENT_3D('',#4054,#4055,#4056);
#4054 = CARTESIAN_POINT('',(19.,17.5,-0.5));
#4055 = DIRECTION('',(0.,0.,1.));
#4056 = DIRECTION('',(1.,0.,-0.));
#4057 = ADVANCED_FACE('',(#4058),#4069,.F.);
#4058 = FACE_BOUND('',#4059,.F.);
#4059 = EDGE_LOOP('',(#4060,#4061,#4067,#4068));
#4060 = ORIENTED_EDGE('',*,*,#524,.F.);
#4061 = ORIENTED_EDGE('',*,*,#4062,.F.);
#4062 = EDGE_CURVE('',#3062,#525,#4063,.T.);
#4063 = LINE('',#4064,#4065);
#4064 = CARTESIAN_POINT('',(33.425,17.5,-0.5));
#4065 = VECTOR('',#4066,1.);
#4066 = DIRECTION('',(0.,0.,1.));
#4067 = ORIENTED_EDGE('',*,*,#3061,.T.);
#4068 = ORIENTED_EDGE('',*,*,#4062,.T.);
#4069 = CYLINDRICAL_SURFACE('',#4070,2.425);
#4070 = AXIS2_PLACEMENT_3D('',#4071,#4072,#4073);
#4071 = CARTESIAN_POINT('',(31.,17.5,-0.5));
#4072 = DIRECTION('',(0.,0.,1.));
#4073 = DIRECTION('',(1.,0.,-0.));
#4074 = ADVANCED_FACE('',(#4075),#4086,.F.);
#4075 = FACE_BOUND('',#4076,.F.);
#4076 = EDGE_LOOP('',(#4077,#4078,#4084,#4085));
#4077 = ORIENTED_EDGE('',*,*,#535,.F.);
#4078 = ORIENTED_EDGE('',*,*,#4079,.F.);
#4079 = EDGE_CURVE('',#3073,#536,#4080,.T.);
#4080 = LINE('',#4081,#4082);
#4081 = CARTESIAN_POINT('',(45.45,17.5,-0.5));
#4082 = VECTOR('',#4083,1.);
#4083 = DIRECTION('',(0.,0.,1.));
#4084 = ORIENTED_EDGE('',*,*,#3072,.T.);
#4085 = ORIENTED_EDGE('',*,*,#4079,.T.);
#4086 = CYLINDRICAL_SURFACE('',#4087,2.45);
#4087 = AXIS2_PLACEMENT_3D('',#4088,#4089,#4090);
#4088 = CARTESIAN_POINT('',(43.,17.5,-0.5));
#4089 = DIRECTION('',(0.,0.,1.));
#4090 = DIRECTION('',(1.,0.,-0.));
#4091 = ADVANCED_FACE('',(#4092),#4108,.T.);
#4092 = FACE_BOUND('',#4093,.T.);
#4093 = EDGE_LOOP('',(#4094,#4095,#4101,#4102));
#4094 = ORIENTED_EDGE('',*,*,#2745,.T.);
#4095 = ORIENTED_EDGE('',*,*,#4096,.T.);
#4096 = EDGE_CURVE('',#2748,#549,#4097,.T.);
#4097 = LINE('',#4098,#4099);
#4098 = CARTESIAN_POINT('',(52.475,6.975,-0.6));
#4099 = VECTOR('',#4100,1.);
#4100 = DIRECTION('',(0.,0.,1.));
#4101 = ORIENTED_EDGE('',*,*,#546,.F.);
#4102 = ORIENTED_EDGE('',*,*,#4103,.T.);
#4103 = EDGE_CURVE('',#547,#2746,#4104,.T.);
#4104 = LINE('',#4105,#4106);
#4105 = CARTESIAN_POINT('',(53.975,6.975,-0.6));
#4106 = VECTOR('',#4107,1.);
#4107 = DIRECTION('',(-0.,0.,-1.));
#4108 = PLANE('',#4109);
#4109 = AXIS2_PLACEMENT_3D('',#4110,#4111,#4112);
#4110 = CARTESIAN_POINT('',(52.475,6.975,-0.6));
#4111 = DIRECTION('',(-0.,1.,0.));
#4112 = DIRECTION('',(0.,0.,1.));
#4113 = ADVANCED_FACE('',(#4114),#4125,.T.);
#4114 = FACE_BOUND('',#4115,.T.);
#4115 = EDGE_LOOP('',(#4116,#4117,#4123,#4124));
#4116 = ORIENTED_EDGE('',*,*,#636,.F.);
#4117 = ORIENTED_EDGE('',*,*,#4118,.F.);
#4118 = EDGE_CURVE('',#2828,#629,#4119,.T.);
#4119 = LINE('',#4120,#4121);
#4120 = CARTESIAN_POINT('',(53.975,5.475,-0.6));
#4121 = VECTOR('',#4122,1.);
#4122 = DIRECTION('',(0.,0.,1.));
#4123 = ORIENTED_EDGE('',*,*,#2835,.T.);
#4124 = ORIENTED_EDGE('',*,*,#4103,.F.);
#4125 = PLANE('',#4126);
#4126 = AXIS2_PLACEMENT_3D('',#4127,#4128,#4129);
#4127 = CARTESIAN_POINT('',(53.975,5.475,-0.6));
#4128 = DIRECTION('',(1.,0.,-0.));
#4129 = DIRECTION('',(0.,0.,1.));
#4130 = ADVANCED_FACE('',(#4131),#4142,.T.);
#4131 = FACE_BOUND('',#4132,.T.);
#4132 = EDGE_LOOP('',(#4133,#4134,#4135,#4141));
#4133 = ORIENTED_EDGE('',*,*,#4096,.F.);
#4134 = ORIENTED_EDGE('',*,*,#2755,.T.);
#4135 = ORIENTED_EDGE('',*,*,#4136,.T.);
#4136 = EDGE_CURVE('',#2756,#557,#4137,.T.);
#4137 = LINE('',#4138,#4139);
#4138 = CARTESIAN_POINT('',(52.475,9.025,-0.6));
#4139 = VECTOR('',#4140,1.);
#4140 = DIRECTION('',(0.,0.,1.));
#4141 = ORIENTED_EDGE('',*,*,#556,.F.);
#4142 = PLANE('',#4143);
#4143 = AXIS2_PLACEMENT_3D('',#4144,#4145,#4146);
#4144 = CARTESIAN_POINT('',(52.475,6.975,-0.6));
#4145 = DIRECTION('',(1.,0.,-0.));
#4146 = DIRECTION('',(0.,0.,1.));
#4147 = ADVANCED_FACE('',(#4148),#4159,.T.);
#4148 = FACE_BOUND('',#4149,.T.);
#4149 = EDGE_LOOP('',(#4150,#4156,#4157,#4158));
#4150 = ORIENTED_EDGE('',*,*,#4151,.F.);
#4151 = EDGE_CURVE('',#2820,#621,#4152,.T.);
#4152 = LINE('',#4153,#4154);
#4153 = CARTESIAN_POINT('',(56.025,5.475,-0.6));
#4154 = VECTOR('',#4155,1.);
#4155 = DIRECTION('',(0.,0.,1.));
#4156 = ORIENTED_EDGE('',*,*,#2827,.T.);
#4157 = ORIENTED_EDGE('',*,*,#4118,.T.);
#4158 = ORIENTED_EDGE('',*,*,#628,.F.);
#4159 = PLANE('',#4160);
#4160 = AXIS2_PLACEMENT_3D('',#4161,#4162,#4163);
#4161 = CARTESIAN_POINT('',(53.975,5.475,-0.6));
#4162 = DIRECTION('',(-0.,1.,0.));
#4163 = DIRECTION('',(0.,0.,1.));
#4164 = ADVANCED_FACE('',(#4165),#4176,.F.);
#4165 = FACE_BOUND('',#4166,.F.);
#4166 = EDGE_LOOP('',(#4167,#4168,#4169,#4170));
#4167 = ORIENTED_EDGE('',*,*,#2763,.T.);
#4168 = ORIENTED_EDGE('',*,*,#4136,.T.);
#4169 = ORIENTED_EDGE('',*,*,#564,.F.);
#4170 = ORIENTED_EDGE('',*,*,#4171,.T.);
#4171 = EDGE_CURVE('',#565,#2764,#4172,.T.);
#4172 = LINE('',#4173,#4174);
#4173 = CARTESIAN_POINT('',(53.975,9.025,-0.6));
#4174 = VECTOR('',#4175,1.);
#4175 = DIRECTION('',(-0.,0.,-1.));
#4176 = PLANE('',#4177);
#4177 = AXIS2_PLACEMENT_3D('',#4178,#4179,#4180);
#4178 = CARTESIAN_POINT('',(52.475,9.025,-0.6));
#4179 = DIRECTION('',(-0.,1.,0.));
#4180 = DIRECTION('',(0.,0.,1.));
#4181 = ADVANCED_FACE('',(#4182),#4193,.F.);
#4182 = FACE_BOUND('',#4183,.F.);
#4183 = EDGE_LOOP('',(#4184,#4185,#4186,#4187));
#4184 = ORIENTED_EDGE('',*,*,#620,.F.);
#4185 = ORIENTED_EDGE('',*,*,#4151,.F.);
#4186 = ORIENTED_EDGE('',*,*,#2819,.T.);
#4187 = ORIENTED_EDGE('',*,*,#4188,.F.);
#4188 = EDGE_CURVE('',#613,#2812,#4189,.T.);
#4189 = LINE('',#4190,#4191);
#4190 = CARTESIAN_POINT('',(56.025,6.975,-0.6));
#4191 = VECTOR('',#4192,1.);
#4192 = DIRECTION('',(-0.,0.,-1.));
#4193 = PLANE('',#4194);
#4194 = AXIS2_PLACEMENT_3D('',#4195,#4196,#4197);
#4195 = CARTESIAN_POINT('',(56.025,5.475,-0.6));
#4196 = DIRECTION('',(1.,0.,-0.));
#4197 = DIRECTION('',(0.,0.,1.));
#4198 = ADVANCED_FACE('',(#4199),#4210,.T.);
#4199 = FACE_BOUND('',#4200,.T.);
#4200 = EDGE_LOOP('',(#4201,#4202,#4203,#4204));
#4201 = ORIENTED_EDGE('',*,*,#572,.F.);
#4202 = ORIENTED_EDGE('',*,*,#4171,.T.);
#4203 = ORIENTED_EDGE('',*,*,#2771,.T.);
#4204 = ORIENTED_EDGE('',*,*,#4205,.T.);
#4205 = EDGE_CURVE('',#2772,#573,#4206,.T.);
#4206 = LINE('',#4207,#4208);
#4207 = CARTESIAN_POINT('',(53.975,10.525,-0.6));
#4208 = VECTOR('',#4209,1.);
#4209 = DIRECTION('',(0.,0.,1.));
#4210 = PLANE('',#4211);
#4211 = AXIS2_PLACEMENT_3D('',#4212,#4213,#4214);
#4212 = CARTESIAN_POINT('',(53.975,5.475,-0.6));
#4213 = DIRECTION('',(1.,0.,-0.));
#4214 = DIRECTION('',(0.,0.,1.));
#4215 = ADVANCED_FACE('',(#4216),#4227,.T.);
#4216 = FACE_BOUND('',#4217,.T.);
#4217 = EDGE_LOOP('',(#4218,#4219,#4220,#4221));
#4218 = ORIENTED_EDGE('',*,*,#2811,.T.);
#4219 = ORIENTED_EDGE('',*,*,#4188,.F.);
#4220 = ORIENTED_EDGE('',*,*,#612,.F.);
#4221 = ORIENTED_EDGE('',*,*,#4222,.F.);
#4222 = EDGE_CURVE('',#2804,#605,#4223,.T.);
#4223 = LINE('',#4224,#4225);
#4224 = CARTESIAN_POINT('',(57.525,6.975,-0.6));
#4225 = VECTOR('',#4226,1.);
#4226 = DIRECTION('',(0.,0.,1.));
#4227 = PLANE('',#4228);
#4228 = AXIS2_PLACEMENT_3D('',#4229,#4230,#4231);
#4229 = CARTESIAN_POINT('',(52.475,6.975,-0.6));
#4230 = DIRECTION('',(-0.,1.,0.));
#4231 = DIRECTION('',(0.,0.,1.));
#4232 = ADVANCED_FACE('',(#4233),#4244,.F.);
#4233 = FACE_BOUND('',#4234,.F.);
#4234 = EDGE_LOOP('',(#4235,#4241,#4242,#4243));
#4235 = ORIENTED_EDGE('',*,*,#4236,.F.);
#4236 = EDGE_CURVE('',#2780,#581,#4237,.T.);
#4237 = LINE('',#4238,#4239);
#4238 = CARTESIAN_POINT('',(56.025,10.525,-0.6));
#4239 = VECTOR('',#4240,1.);
#4240 = DIRECTION('',(0.,0.,1.));
#4241 = ORIENTED_EDGE('',*,*,#2779,.T.);
#4242 = ORIENTED_EDGE('',*,*,#4205,.T.);
#4243 = ORIENTED_EDGE('',*,*,#580,.F.);
#4244 = PLANE('',#4245);
#4245 = AXIS2_PLACEMENT_3D('',#4246,#4247,#4248);
#4246 = CARTESIAN_POINT('',(53.975,10.525,-0.6));
#4247 = DIRECTION('',(-0.,1.,0.));
#4248 = DIRECTION('',(0.,0.,1.));
#4249 = ADVANCED_FACE('',(#4250),#4261,.F.);
#4250 = FACE_BOUND('',#4251,.F.);
#4251 = EDGE_LOOP('',(#4252,#4253,#4254,#4260));
#4252 = ORIENTED_EDGE('',*,*,#4222,.F.);
#4253 = ORIENTED_EDGE('',*,*,#2803,.T.);
#4254 = ORIENTED_EDGE('',*,*,#4255,.T.);
#4255 = EDGE_CURVE('',#2796,#597,#4256,.T.);
#4256 = LINE('',#4257,#4258);
#4257 = CARTESIAN_POINT('',(57.525,9.025,-0.6));
#4258 = VECTOR('',#4259,1.);
#4259 = DIRECTION('',(0.,0.,1.));
#4260 = ORIENTED_EDGE('',*,*,#604,.F.);
#4261 = PLANE('',#4262);
#4262 = AXIS2_PLACEMENT_3D('',#4263,#4264,#4265);
#4263 = CARTESIAN_POINT('',(57.525,6.975,-0.6));
#4264 = DIRECTION('',(1.,0.,-0.));
#4265 = DIRECTION('',(0.,0.,1.));
#4266 = ADVANCED_FACE('',(#4267),#4278,.F.);
#4267 = FACE_BOUND('',#4268,.F.);
#4268 = EDGE_LOOP('',(#4269,#4270,#4276,#4277));
#4269 = ORIENTED_EDGE('',*,*,#588,.F.);
#4270 = ORIENTED_EDGE('',*,*,#4271,.T.);
#4271 = EDGE_CURVE('',#589,#2788,#4272,.T.);
#4272 = LINE('',#4273,#4274);
#4273 = CARTESIAN_POINT('',(56.025,9.025,-0.6));
#4274 = VECTOR('',#4275,1.);
#4275 = DIRECTION('',(-0.,0.,-1.));
#4276 = ORIENTED_EDGE('',*,*,#2787,.T.);
#4277 = ORIENTED_EDGE('',*,*,#4236,.T.);
#4278 = PLANE('',#4279);
#4279 = AXIS2_PLACEMENT_3D('',#4280,#4281,#4282);
#4280 = CARTESIAN_POINT('',(56.025,5.475,-0.6));
#4281 = DIRECTION('',(1.,0.,-0.));
#4282 = DIRECTION('',(0.,0.,1.));
#4283 = ADVANCED_FACE('',(#4284),#4290,.F.);
#4284 = FACE_BOUND('',#4285,.F.);
#4285 = EDGE_LOOP('',(#4286,#4287,#4288,#4289));
#4286 = ORIENTED_EDGE('',*,*,#2795,.T.);
#4287 = ORIENTED_EDGE('',*,*,#4271,.F.);
#4288 = ORIENTED_EDGE('',*,*,#596,.F.);
#4289 = ORIENTED_EDGE('',*,*,#4255,.F.);
#4290 = PLANE('',#4291);
#4291 = AXIS2_PLACEMENT_3D('',#4292,#4293,#4294);
#4292 = CARTESIAN_POINT('',(52.475,9.025,-0.6));
#4293 = DIRECTION('',(-0.,1.,0.));
#4294 = DIRECTION('',(0.,0.,1.));
#4295 = ADVANCED_FACE('',(#4296),#4312,.T.);
#4296 = FACE_BOUND('',#4297,.T.);
#4297 = EDGE_LOOP('',(#4298,#4299,#4305,#4306));
#4298 = ORIENTED_EDGE('',*,*,#2843,.T.);
#4299 = ORIENTED_EDGE('',*,*,#4300,.T.);
#4300 = EDGE_CURVE('',#2846,#647,#4301,.T.);
#4301 = LINE('',#4302,#4303);
#4302 = CARTESIAN_POINT('',(64.45,6.95,-0.6));
#4303 = VECTOR('',#4304,1.);
#4304 = DIRECTION('',(0.,0.,1.));
#4305 = ORIENTED_EDGE('',*,*,#644,.F.);
#4306 = ORIENTED_EDGE('',*,*,#4307,.T.);
#4307 = EDGE_CURVE('',#645,#2844,#4308,.T.);
#4308 = LINE('',#4309,#4310);
#4309 = CARTESIAN_POINT('',(65.95,6.95,-0.6));
#4310 = VECTOR('',#4311,1.);
#4311 = DIRECTION('',(-0.,0.,-1.));
#4312 = PLANE('',#4313);
#4313 = AXIS2_PLACEMENT_3D('',#4314,#4315,#4316);
#4314 = CARTESIAN_POINT('',(64.45,6.95,-0.6));
#4315 = DIRECTION('',(-0.,1.,0.));
#4316 = DIRECTION('',(0.,0.,1.));
#4317 = ADVANCED_FACE('',(#4318),#4329,.T.);
#4318 = FACE_BOUND('',#4319,.T.);
#4319 = EDGE_LOOP('',(#4320,#4321,#4327,#4328));
#4320 = ORIENTED_EDGE('',*,*,#734,.F.);
#4321 = ORIENTED_EDGE('',*,*,#4322,.F.);
#4322 = EDGE_CURVE('',#2926,#727,#4323,.T.);
#4323 = LINE('',#4324,#4325);
#4324 = CARTESIAN_POINT('',(65.95,5.45,-0.6));
#4325 = VECTOR('',#4326,1.);
#4326 = DIRECTION('',(0.,0.,1.));
#4327 = ORIENTED_EDGE('',*,*,#2933,.T.);
#4328 = ORIENTED_EDGE('',*,*,#4307,.F.);
#4329 = PLANE('',#4330);
#4330 = AXIS2_PLACEMENT_3D('',#4331,#4332,#4333);
#4331 = CARTESIAN_POINT('',(65.95,5.45,-0.6));
#4332 = DIRECTION('',(1.,0.,-0.));
#4333 = DIRECTION('',(0.,0.,1.));
#4334 = ADVANCED_FACE('',(#4335),#4346,.T.);
#4335 = FACE_BOUND('',#4336,.T.);
#4336 = EDGE_LOOP('',(#4337,#4338,#4339,#4345));
#4337 = ORIENTED_EDGE('',*,*,#4300,.F.);
#4338 = ORIENTED_EDGE('',*,*,#2853,.T.);
#4339 = ORIENTED_EDGE('',*,*,#4340,.T.);
#4340 = EDGE_CURVE('',#2854,#655,#4341,.T.);
#4341 = LINE('',#4342,#4343);
#4342 = CARTESIAN_POINT('',(64.45,9.05,-0.6));
#4343 = VECTOR('',#4344,1.);
#4344 = DIRECTION('',(0.,0.,1.));
#4345 = ORIENTED_EDGE('',*,*,#654,.F.);
#4346 = PLANE('',#4347);
#4347 = AXIS2_PLACEMENT_3D('',#4348,#4349,#4350);
#4348 = CARTESIAN_POINT('',(64.45,6.95,-0.6));
#4349 = DIRECTION('',(1.,0.,-0.));
#4350 = DIRECTION('',(0.,0.,1.));
#4351 = ADVANCED_FACE('',(#4352),#4363,.T.);
#4352 = FACE_BOUND('',#4353,.T.);
#4353 = EDGE_LOOP('',(#4354,#4360,#4361,#4362));
#4354 = ORIENTED_EDGE('',*,*,#4355,.F.);
#4355 = EDGE_CURVE('',#2918,#719,#4356,.T.);
#4356 = LINE('',#4357,#4358);
#4357 = CARTESIAN_POINT('',(68.05,5.45,-0.6));
#4358 = VECTOR('',#4359,1.);
#4359 = DIRECTION('',(0.,0.,1.));
#4360 = ORIENTED_EDGE('',*,*,#2925,.T.);
#4361 = ORIENTED_EDGE('',*,*,#4322,.T.);
#4362 = ORIENTED_EDGE('',*,*,#726,.F.);
#4363 = PLANE('',#4364);
#4364 = AXIS2_PLACEMENT_3D('',#4365,#4366,#4367);
#4365 = CARTESIAN_POINT('',(65.95,5.45,-0.6));
#4366 = DIRECTION('',(-0.,1.,0.));
#4367 = DIRECTION('',(0.,0.,1.));
#4368 = ADVANCED_FACE('',(#4369),#4380,.F.);
#4369 = FACE_BOUND('',#4370,.F.);
#4370 = EDGE_LOOP('',(#4371,#4372,#4373,#4374));
#4371 = ORIENTED_EDGE('',*,*,#2861,.T.);
#4372 = ORIENTED_EDGE('',*,*,#4340,.T.);
#4373 = ORIENTED_EDGE('',*,*,#662,.F.);
#4374 = ORIENTED_EDGE('',*,*,#4375,.T.);
#4375 = EDGE_CURVE('',#663,#2862,#4376,.T.);
#4376 = LINE('',#4377,#4378);
#4377 = CARTESIAN_POINT('',(65.95,9.05,-0.6));
#4378 = VECTOR('',#4379,1.);
#4379 = DIRECTION('',(-0.,0.,-1.));
#4380 = PLANE('',#4381);
#4381 = AXIS2_PLACEMENT_3D('',#4382,#4383,#4384);
#4382 = CARTESIAN_POINT('',(64.45,9.05,-0.6));
#4383 = DIRECTION('',(-0.,1.,0.));
#4384 = DIRECTION('',(0.,0.,1.));
#4385 = ADVANCED_FACE('',(#4386),#4397,.F.);
#4386 = FACE_BOUND('',#4387,.F.);
#4387 = EDGE_LOOP('',(#4388,#4389,#4390,#4391));
#4388 = ORIENTED_EDGE('',*,*,#718,.F.);
#4389 = ORIENTED_EDGE('',*,*,#4355,.F.);
#4390 = ORIENTED_EDGE('',*,*,#2917,.T.);
#4391 = ORIENTED_EDGE('',*,*,#4392,.F.);
#4392 = EDGE_CURVE('',#711,#2910,#4393,.T.);
#4393 = LINE('',#4394,#4395);
#4394 = CARTESIAN_POINT('',(68.05,6.95,-0.6));
#4395 = VECTOR('',#4396,1.);
#4396 = DIRECTION('',(-0.,0.,-1.));
#4397 = PLANE('',#4398);
#4398 = AXIS2_PLACEMENT_3D('',#4399,#4400,#4401);
#4399 = CARTESIAN_POINT('',(68.05,5.45,-0.6));
#4400 = DIRECTION('',(1.,0.,-0.));
#4401 = DIRECTION('',(0.,0.,1.));
#4402 = ADVANCED_FACE('',(#4403),#4414,.T.);
#4403 = FACE_BOUND('',#4404,.T.);
#4404 = EDGE_LOOP('',(#4405,#4406,#4407,#4408));
#4405 = ORIENTED_EDGE('',*,*,#670,.F.);
#4406 = ORIENTED_EDGE('',*,*,#4375,.T.);
#4407 = ORIENTED_EDGE('',*,*,#2869,.T.);
#4408 = ORIENTED_EDGE('',*,*,#4409,.T.);
#4409 = EDGE_CURVE('',#2870,#671,#4410,.T.);
#4410 = LINE('',#4411,#4412);
#4411 = CARTESIAN_POINT('',(65.95,10.55,-0.6));
#4412 = VECTOR('',#4413,1.);
#4413 = DIRECTION('',(0.,0.,1.));
#4414 = PLANE('',#4415);
#4415 = AXIS2_PLACEMENT_3D('',#4416,#4417,#4418);
#4416 = CARTESIAN_POINT('',(65.95,5.45,-0.6));
#4417 = DIRECTION('',(1.,0.,-0.));
#4418 = DIRECTION('',(0.,0.,1.));
#4419 = ADVANCED_FACE('',(#4420),#4431,.T.);
#4420 = FACE_BOUND('',#4421,.T.);
#4421 = EDGE_LOOP('',(#4422,#4423,#4424,#4425));
#4422 = ORIENTED_EDGE('',*,*,#2909,.T.);
#4423 = ORIENTED_EDGE('',*,*,#4392,.F.);
#4424 = ORIENTED_EDGE('',*,*,#710,.F.);
#4425 = ORIENTED_EDGE('',*,*,#4426,.F.);
#4426 = EDGE_CURVE('',#2902,#703,#4427,.T.);
#4427 = LINE('',#4428,#4429);
#4428 = CARTESIAN_POINT('',(69.55,6.95,-0.6));
#4429 = VECTOR('',#4430,1.);
#4430 = DIRECTION('',(0.,0.,1.));
#4431 = PLANE('',#4432);
#4432 = AXIS2_PLACEMENT_3D('',#4433,#4434,#4435);
#4433 = CARTESIAN_POINT('',(64.45,6.95,-0.6));
#4434 = DIRECTION('',(-0.,1.,0.));
#4435 = DIRECTION('',(0.,0.,1.));
#4436 = ADVANCED_FACE('',(#4437),#4448,.F.);
#4437 = FACE_BOUND('',#4438,.F.);
#4438 = EDGE_LOOP('',(#4439,#4445,#4446,#4447));
#4439 = ORIENTED_EDGE('',*,*,#4440,.F.);
#4440 = EDGE_CURVE('',#2878,#679,#4441,.T.);
#4441 = LINE('',#4442,#4443);
#4442 = CARTESIAN_POINT('',(68.05,10.55,-0.6));
#4443 = VECTOR('',#4444,1.);
#4444 = DIRECTION('',(0.,0.,1.));
#4445 = ORIENTED_EDGE('',*,*,#2877,.T.);
#4446 = ORIENTED_EDGE('',*,*,#4409,.T.);
#4447 = ORIENTED_EDGE('',*,*,#678,.F.);
#4448 = PLANE('',#4449);
#4449 = AXIS2_PLACEMENT_3D('',#4450,#4451,#4452);
#4450 = CARTESIAN_POINT('',(65.95,10.55,-0.6));
#4451 = DIRECTION('',(-0.,1.,0.));
#4452 = DIRECTION('',(0.,0.,1.));
#4453 = ADVANCED_FACE('',(#4454),#4465,.F.);
#4454 = FACE_BOUND('',#4455,.F.);
#4455 = EDGE_LOOP('',(#4456,#4457,#4458,#4464));
#4456 = ORIENTED_EDGE('',*,*,#4426,.F.);
#4457 = ORIENTED_EDGE('',*,*,#2901,.T.);
#4458 = ORIENTED_EDGE('',*,*,#4459,.T.);
#4459 = EDGE_CURVE('',#2894,#695,#4460,.T.);
#4460 = LINE('',#4461,#4462);
#4461 = CARTESIAN_POINT('',(69.55,9.05,-0.6));
#4462 = VECTOR('',#4463,1.);
#4463 = DIRECTION('',(0.,0.,1.));
#4464 = ORIENTED_EDGE('',*,*,#702,.F.);
#4465 = PLANE('',#4466);
#4466 = AXIS2_PLACEMENT_3D('',#4467,#4468,#4469);
#4467 = CARTESIAN_POINT('',(69.55,6.95,-0.6));
#4468 = DIRECTION('',(1.,0.,-0.));
#4469 = DIRECTION('',(0.,0.,1.));
#4470 = ADVANCED_FACE('',(#4471),#4482,.F.);
#4471 = FACE_BOUND('',#4472,.F.);
#4472 = EDGE_LOOP('',(#4473,#4474,#4480,#4481));
#4473 = ORIENTED_EDGE('',*,*,#686,.F.);
#4474 = ORIENTED_EDGE('',*,*,#4475,.T.);
#4475 = EDGE_CURVE('',#687,#2886,#4476,.T.);
#4476 = LINE('',#4477,#4478);
#4477 = CARTESIAN_POINT('',(68.05,9.05,-0.6));
#4478 = VECTOR('',#4479,1.);
#4479 = DIRECTION('',(-0.,0.,-1.));
#4480 = ORIENTED_EDGE('',*,*,#2885,.T.);
#4481 = ORIENTED_EDGE('',*,*,#4440,.T.);
#4482 = PLANE('',#4483);
#4483 = AXIS2_PLACEMENT_3D('',#4484,#4485,#4486);
#4484 = CARTESIAN_POINT('',(68.05,5.45,-0.6));
#4485 = DIRECTION('',(1.,0.,-0.));
#4486 = DIRECTION('',(0.,0.,1.));
#4487 = ADVANCED_FACE('',(#4488),#4494,.F.);
#4488 = FACE_BOUND('',#4489,.F.);
#4489 = EDGE_LOOP('',(#4490,#4491,#4492,#4493));
#4490 = ORIENTED_EDGE('',*,*,#2893,.T.);
#4491 = ORIENTED_EDGE('',*,*,#4475,.F.);
#4492 = ORIENTED_EDGE('',*,*,#694,.F.);
#4493 = ORIENTED_EDGE('',*,*,#4459,.F.);
#4494 = PLANE('',#4495);
#4495 = AXIS2_PLACEMENT_3D('',#4496,#4497,#4498);
#4496 = CARTESIAN_POINT('',(64.45,9.05,-0.6));
#4497 = DIRECTION('',(-0.,1.,0.));
#4498 = DIRECTION('',(0.,0.,1.));
#4499 = ADVANCED_FACE('',(#4500),#4516,.T.);
#4500 = FACE_BOUND('',#4501,.T.);
#4501 = EDGE_LOOP('',(#4502,#4503,#4509,#4510));
#4502 = ORIENTED_EDGE('',*,*,#2941,.T.);
#4503 = ORIENTED_EDGE('',*,*,#4504,.T.);
#4504 = EDGE_CURVE('',#2944,#745,#4505,.T.);
#4505 = LINE('',#4506,#4507);
#4506 = CARTESIAN_POINT('',(76.425,6.925,-0.6));
#4507 = VECTOR('',#4508,1.);
#4508 = DIRECTION('',(0.,0.,1.));
#4509 = ORIENTED_EDGE('',*,*,#742,.F.);
#4510 = ORIENTED_EDGE('',*,*,#4511,.T.);
#4511 = EDGE_CURVE('',#743,#2942,#4512,.T.);
#4512 = LINE('',#4513,#4514);
#4513 = CARTESIAN_POINT('',(77.925,6.925,-0.6));
#4514 = VECTOR('',#4515,1.);
#4515 = DIRECTION('',(-0.,0.,-1.));
#4516 = PLANE('',#4517);
#4517 = AXIS2_PLACEMENT_3D('',#4518,#4519,#4520);
#4518 = CARTESIAN_POINT('',(76.425,6.925,-0.6));
#4519 = DIRECTION('',(-0.,1.,0.));
#4520 = DIRECTION('',(0.,0.,1.));
#4521 = ADVANCED_FACE('',(#4522),#4533,.T.);
#4522 = FACE_BOUND('',#4523,.T.);
#4523 = EDGE_LOOP('',(#4524,#4525,#4531,#4532));
#4524 = ORIENTED_EDGE('',*,*,#832,.F.);
#4525 = ORIENTED_EDGE('',*,*,#4526,.F.);
#4526 = EDGE_CURVE('',#3024,#825,#4527,.T.);
#4527 = LINE('',#4528,#4529);
#4528 = CARTESIAN_POINT('',(77.925,5.425,-0.6));
#4529 = VECTOR('',#4530,1.);
#4530 = DIRECTION('',(0.,0.,1.));
#4531 = ORIENTED_EDGE('',*,*,#3031,.T.);
#4532 = ORIENTED_EDGE('',*,*,#4511,.F.);
#4533 = PLANE('',#4534);
#4534 = AXIS2_PLACEMENT_3D('',#4535,#4536,#4537);
#4535 = CARTESIAN_POINT('',(77.925,5.425,-0.6));
#4536 = DIRECTION('',(1.,0.,-0.));
#4537 = DIRECTION('',(0.,0.,1.));
#4538 = ADVANCED_FACE('',(#4539),#4550,.T.);
#4539 = FACE_BOUND('',#4540,.T.);
#4540 = EDGE_LOOP('',(#4541,#4542,#4543,#4549));
#4541 = ORIENTED_EDGE('',*,*,#4504,.F.);
#4542 = ORIENTED_EDGE('',*,*,#2951,.T.);
#4543 = ORIENTED_EDGE('',*,*,#4544,.T.);
#4544 = EDGE_CURVE('',#2952,#753,#4545,.T.);
#4545 = LINE('',#4546,#4547);
#4546 = CARTESIAN_POINT('',(76.425,9.075,-0.6));
#4547 = VECTOR('',#4548,1.);
#4548 = DIRECTION('',(0.,0.,1.));
#4549 = ORIENTED_EDGE('',*,*,#752,.F.);
#4550 = PLANE('',#4551);
#4551 = AXIS2_PLACEMENT_3D('',#4552,#4553,#4554);
#4552 = CARTESIAN_POINT('',(76.425,6.925,-0.6));
#4553 = DIRECTION('',(1.,0.,-0.));
#4554 = DIRECTION('',(0.,0.,1.));
#4555 = ADVANCED_FACE('',(#4556),#4567,.T.);
#4556 = FACE_BOUND('',#4557,.T.);
#4557 = EDGE_LOOP('',(#4558,#4564,#4565,#4566));
#4558 = ORIENTED_EDGE('',*,*,#4559,.F.);
#4559 = EDGE_CURVE('',#3016,#817,#4560,.T.);
#4560 = LINE('',#4561,#4562);
#4561 = CARTESIAN_POINT('',(80.075,5.425,-0.6));
#4562 = VECTOR('',#4563,1.);
#4563 = DIRECTION('',(0.,0.,1.));
#4564 = ORIENTED_EDGE('',*,*,#3023,.T.);
#4565 = ORIENTED_EDGE('',*,*,#4526,.T.);
#4566 = ORIENTED_EDGE('',*,*,#824,.F.);
#4567 = PLANE('',#4568);
#4568 = AXIS2_PLACEMENT_3D('',#4569,#4570,#4571);
#4569 = CARTESIAN_POINT('',(77.925,5.425,-0.6));
#4570 = DIRECTION('',(-0.,1.,0.));
#4571 = DIRECTION('',(0.,0.,1.));
#4572 = ADVANCED_FACE('',(#4573),#4584,.F.);
#4573 = FACE_BOUND('',#4574,.F.);
#4574 = EDGE_LOOP('',(#4575,#4576,#4577,#4578));
#4575 = ORIENTED_EDGE('',*,*,#2959,.T.);
#4576 = ORIENTED_EDGE('',*,*,#4544,.T.);
#4577 = ORIENTED_EDGE('',*,*,#760,.F.);
#4578 = ORIENTED_EDGE('',*,*,#4579,.T.);
#4579 = EDGE_CURVE('',#761,#2960,#4580,.T.);
#4580 = LINE('',#4581,#4582);
#4581 = CARTESIAN_POINT('',(77.925,9.075,-0.6));
#4582 = VECTOR('',#4583,1.);
#4583 = DIRECTION('',(-0.,0.,-1.));
#4584 = PLANE('',#4585);
#4585 = AXIS2_PLACEMENT_3D('',#4586,#4587,#4588);
#4586 = CARTESIAN_POINT('',(76.425,9.075,-0.6));
#4587 = DIRECTION('',(-0.,1.,0.));
#4588 = DIRECTION('',(0.,0.,1.));
#4589 = ADVANCED_FACE('',(#4590),#4601,.F.);
#4590 = FACE_BOUND('',#4591,.F.);
#4591 = EDGE_LOOP('',(#4592,#4593,#4594,#4595));
#4592 = ORIENTED_EDGE('',*,*,#816,.F.);
#4593 = ORIENTED_EDGE('',*,*,#4559,.F.);
#4594 = ORIENTED_EDGE('',*,*,#3015,.T.);
#4595 = ORIENTED_EDGE('',*,*,#4596,.F.);
#4596 = EDGE_CURVE('',#809,#3008,#4597,.T.);
#4597 = LINE('',#4598,#4599);
#4598 = CARTESIAN_POINT('',(80.075,6.925,-0.6));
#4599 = VECTOR('',#4600,1.);
#4600 = DIRECTION('',(-0.,0.,-1.));
#4601 = PLANE('',#4602);
#4602 = AXIS2_PLACEMENT_3D('',#4603,#4604,#4605);
#4603 = CARTESIAN_POINT('',(80.075,5.425,-0.6));
#4604 = DIRECTION('',(1.,0.,-0.));
#4605 = DIRECTION('',(0.,0.,1.));
#4606 = ADVANCED_FACE('',(#4607),#4618,.T.);
#4607 = FACE_BOUND('',#4608,.T.);
#4608 = EDGE_LOOP('',(#4609,#4610,#4611,#4612));
#4609 = ORIENTED_EDGE('',*,*,#768,.F.);
#4610 = ORIENTED_EDGE('',*,*,#4579,.T.);
#4611 = ORIENTED_EDGE('',*,*,#2967,.T.);
#4612 = ORIENTED_EDGE('',*,*,#4613,.T.);
#4613 = EDGE_CURVE('',#2968,#769,#4614,.T.);
#4614 = LINE('',#4615,#4616);
#4615 = CARTESIAN_POINT('',(77.925,10.575,-0.6));
#4616 = VECTOR('',#4617,1.);
#4617 = DIRECTION('',(0.,0.,1.));
#4618 = PLANE('',#4619);
#4619 = AXIS2_PLACEMENT_3D('',#4620,#4621,#4622);
#4620 = CARTESIAN_POINT('',(77.925,5.425,-0.6));
#4621 = DIRECTION('',(1.,0.,-0.));
#4622 = DIRECTION('',(0.,0.,1.));
#4623 = ADVANCED_FACE('',(#4624),#4635,.T.);
#4624 = FACE_BOUND('',#4625,.T.);
#4625 = EDGE_LOOP('',(#4626,#4627,#4628,#4629));
#4626 = ORIENTED_EDGE('',*,*,#3007,.T.);
#4627 = ORIENTED_EDGE('',*,*,#4596,.F.);
#4628 = ORIENTED_EDGE('',*,*,#808,.F.);
#4629 = ORIENTED_EDGE('',*,*,#4630,.F.);
#4630 = EDGE_CURVE('',#3000,#801,#4631,.T.);
#4631 = LINE('',#4632,#4633);
#4632 = CARTESIAN_POINT('',(81.575,6.925,-0.6));
#4633 = VECTOR('',#4634,1.);
#4634 = DIRECTION('',(0.,0.,1.));
#4635 = PLANE('',#4636);
#4636 = AXIS2_PLACEMENT_3D('',#4637,#4638,#4639);
#4637 = CARTESIAN_POINT('',(76.425,6.925,-0.6));
#4638 = DIRECTION('',(-0.,1.,0.));
#4639 = DIRECTION('',(0.,0.,1.));
#4640 = ADVANCED_FACE('',(#4641),#4652,.F.);
#4641 = FACE_BOUND('',#4642,.F.);
#4642 = EDGE_LOOP('',(#4643,#4649,#4650,#4651));
#4643 = ORIENTED_EDGE('',*,*,#4644,.F.);
#4644 = EDGE_CURVE('',#2976,#777,#4645,.T.);
#4645 = LINE('',#4646,#4647);
#4646 = CARTESIAN_POINT('',(80.075,10.575,-0.6));
#4647 = VECTOR('',#4648,1.);
#4648 = DIRECTION('',(0.,0.,1.));
#4649 = ORIENTED_EDGE('',*,*,#2975,.T.);
#4650 = ORIENTED_EDGE('',*,*,#4613,.T.);
#4651 = ORIENTED_EDGE('',*,*,#776,.F.);
#4652 = PLANE('',#4653);
#4653 = AXIS2_PLACEMENT_3D('',#4654,#4655,#4656);
#4654 = CARTESIAN_POINT('',(77.925,10.575,-0.6));
#4655 = DIRECTION('',(-0.,1.,0.));
#4656 = DIRECTION('',(0.,0.,1.));
#4657 = ADVANCED_FACE('',(#4658),#4669,.F.);
#4658 = FACE_BOUND('',#4659,.F.);
#4659 = EDGE_LOOP('',(#4660,#4661,#4662,#4668));
#4660 = ORIENTED_EDGE('',*,*,#4630,.F.);
#4661 = ORIENTED_EDGE('',*,*,#2999,.T.);
#4662 = ORIENTED_EDGE('',*,*,#4663,.T.);
#4663 = EDGE_CURVE('',#2992,#793,#4664,.T.);
#4664 = LINE('',#4665,#4666);
#4665 = CARTESIAN_POINT('',(81.575,9.075,-0.6));
#4666 = VECTOR('',#4667,1.);
#4667 = DIRECTION('',(0.,0.,1.));
#4668 = ORIENTED_EDGE('',*,*,#800,.F.);
#4669 = PLANE('',#4670);
#4670 = AXIS2_PLACEMENT_3D('',#4671,#4672,#4673);
#4671 = CARTESIAN_POINT('',(81.575,6.925,-0.6));
#4672 = DIRECTION('',(1.,0.,-0.));
#4673 = DIRECTION('',(0.,0.,1.));
#4674 = ADVANCED_FACE('',(#4675),#4686,.F.);
#4675 = FACE_BOUND('',#4676,.F.);
#4676 = EDGE_LOOP('',(#4677,#4678,#4684,#4685));
#4677 = ORIENTED_EDGE('',*,*,#784,.F.);
#4678 = ORIENTED_EDGE('',*,*,#4679,.T.);
#4679 = EDGE_CURVE('',#785,#2984,#4680,.T.);
#4680 = LINE('',#4681,#4682);
#4681 = CARTESIAN_POINT('',(80.075,9.075,-0.6));
#4682 = VECTOR('',#4683,1.);
#4683 = DIRECTION('',(-0.,0.,-1.));
#4684 = ORIENTED_EDGE('',*,*,#2983,.T.);
#4685 = ORIENTED_EDGE('',*,*,#4644,.T.);
#4686 = PLANE('',#4687);
#4687 = AXIS2_PLACEMENT_3D('',#4688,#4689,#4690);
#4688 = CARTESIAN_POINT('',(80.075,5.425,-0.6));
#4689 = DIRECTION('',(1.,0.,-0.));
#4690 = DIRECTION('',(0.,0.,1.));
#4691 = ADVANCED_FACE('',(#4692),#4698,.F.);
#4692 = FACE_BOUND('',#4693,.F.);
#4693 = EDGE_LOOP('',(#4694,#4695,#4696,#4697));
#4694 = ORIENTED_EDGE('',*,*,#2991,.T.);
#4695 = ORIENTED_EDGE('',*,*,#4679,.F.);
#4696 = ORIENTED_EDGE('',*,*,#792,.F.);
#4697 = ORIENTED_EDGE('',*,*,#4663,.F.);
#4698 = PLANE('',#4699);
#4699 = AXIS2_PLACEMENT_3D('',#4700,#4701,#4702);
#4700 = CARTESIAN_POINT('',(76.425,9.075,-0.6));
#4701 = DIRECTION('',(-0.,1.,0.));
#4702 = DIRECTION('',(0.,0.,1.));
#4703 = ADVANCED_FACE('',(#4704),#4715,.F.);
#4704 = FACE_BOUND('',#4705,.F.);
#4705 = EDGE_LOOP('',(#4706,#4707,#4713,#4714));
#4706 = ORIENTED_EDGE('',*,*,#840,.F.);
#4707 = ORIENTED_EDGE('',*,*,#4708,.F.);
#4708 = EDGE_CURVE('',#3128,#841,#4709,.T.);
#4709 = LINE('',#4710,#4711);
#4710 = CARTESIAN_POINT('',(57.475,17.5,-0.5));
#4711 = VECTOR('',#4712,1.);
#4712 = DIRECTION('',(0.,0.,1.));
#4713 = ORIENTED_EDGE('',*,*,#3127,.T.);
#4714 = ORIENTED_EDGE('',*,*,#4708,.T.);
#4715 = CYLINDRICAL_SURFACE('',#4716,2.475);
#4716 = AXIS2_PLACEMENT_3D('',#4717,#4718,#4719);
#4717 = CARTESIAN_POINT('',(55.,17.5,-0.5));
#4718 = DIRECTION('',(0.,0.,1.));
#4719 = DIRECTION('',(1.,0.,-0.));
#4720 = ADVANCED_FACE('',(#4721),#4732,.F.);
#4721 = FACE_BOUND('',#4722,.F.);
#4722 = EDGE_LOOP('',(#4723,#4724,#4730,#4731));
#4723 = ORIENTED_EDGE('',*,*,#851,.F.);
#4724 = ORIENTED_EDGE('',*,*,#4725,.F.);
#4725 = EDGE_CURVE('',#3139,#852,#4726,.T.);
#4726 = LINE('',#4727,#4728);
#4727 = CARTESIAN_POINT('',(69.5,17.5,-0.5));
#4728 = VECTOR('',#4729,1.);
#4729 = DIRECTION('',(0.,0.,1.));
#4730 = ORIENTED_EDGE('',*,*,#3138,.T.);
#4731 = ORIENTED_EDGE('',*,*,#4725,.T.);
#4732 = CYLINDRICAL_SURFACE('',#4733,2.5);
#4733 = AXIS2_PLACEMENT_3D('',#4734,#4735,#4736);
#4734 = CARTESIAN_POINT('',(67.,17.5,-0.5));
#4735 = DIRECTION('',(0.,0.,1.));
#4736 = DIRECTION('',(1.,0.,-0.));
#4737 = ADVANCED_FACE('',(#4738),#4749,.F.);
#4738 = FACE_BOUND('',#4739,.F.);
#4739 = EDGE_LOOP('',(#4740,#4741,#4747,#4748));
#4740 = ORIENTED_EDGE('',*,*,#862,.F.);
#4741 = ORIENTED_EDGE('',*,*,#4742,.F.);
#4742 = EDGE_CURVE('',#3150,#863,#4743,.T.);
#4743 = LINE('',#4744,#4745);
#4744 = CARTESIAN_POINT('',(81.525,17.5,-0.5));
#4745 = VECTOR('',#4746,1.);
#4746 = DIRECTION('',(0.,0.,1.));
#4747 = ORIENTED_EDGE('',*,*,#3149,.T.);
#4748 = ORIENTED_EDGE('',*,*,#4742,.T.);
#4749 = CYLINDRICAL_SURFACE('',#4750,2.525);
#4750 = AXIS2_PLACEMENT_3D('',#4751,#4752,#4753);
#4751 = CARTESIAN_POINT('',(79.,17.5,-0.5));
#4752 = DIRECTION('',(0.,0.,1.));
#4753 = DIRECTION('',(1.,0.,-0.));
#4754 = ADVANCED_FACE('',(#4755),#4766,.F.);
#4755 = FACE_BOUND('',#4756,.F.);
#4756 = EDGE_LOOP('',(#4757,#4758,#4764,#4765));
#4757 = ORIENTED_EDGE('',*,*,#873,.F.);
#4758 = ORIENTED_EDGE('',*,*,#4759,.F.);
#4759 = EDGE_CURVE('',#3084,#874,#4760,.T.);
#4760 = LINE('',#4761,#4762);
#4761 = CARTESIAN_POINT('',(8.575,25.5,-0.5));
#4762 = VECTOR('',#4763,1.);
#4763 = DIRECTION('',(0.,0.,1.));
#4764 = ORIENTED_EDGE('',*,*,#3083,.T.);
#4765 = ORIENTED_EDGE('',*,*,#4759,.T.);
#4766 = CYLINDRICAL_SURFACE('',#4767,1.575);
#4767 = AXIS2_PLACEMENT_3D('',#4768,#4769,#4770);
#4768 = CARTESIAN_POINT('',(7.,25.5,-0.5));
#4769 = DIRECTION('',(0.,0.,1.));
#4770 = DIRECTION('',(1.,0.,-0.));
#4771 = ADVANCED_FACE('',(#4772),#4783,.F.);
#4772 = FACE_BOUND('',#4773,.F.);
#4773 = EDGE_LOOP('',(#4774,#4775,#4781,#4782));
#4774 = ORIENTED_EDGE('',*,*,#884,.F.);
#4775 = ORIENTED_EDGE('',*,*,#4776,.F.);
#4776 = EDGE_CURVE('',#3095,#885,#4777,.T.);
#4777 = LINE('',#4778,#4779);
#4778 = CARTESIAN_POINT('',(20.6,25.5,-0.5));
#4779 = VECTOR('',#4780,1.);
#4780 = DIRECTION('',(0.,0.,1.));
#4781 = ORIENTED_EDGE('',*,*,#3094,.T.);
#4782 = ORIENTED_EDGE('',*,*,#4776,.T.);
#4783 = CYLINDRICAL_SURFACE('',#4784,1.6);
#4784 = AXIS2_PLACEMENT_3D('',#4785,#4786,#4787);
#4785 = CARTESIAN_POINT('',(19.,25.5,-0.5));
#4786 = DIRECTION('',(0.,0.,1.));
#4787 = DIRECTION('',(1.,0.,-0.));
#4788 = ADVANCED_FACE('',(#4789),#4800,.F.);
#4789 = FACE_BOUND('',#4790,.F.);
#4790 = EDGE_LOOP('',(#4791,#4792,#4798,#4799));
#4791 = ORIENTED_EDGE('',*,*,#895,.F.);
#4792 = ORIENTED_EDGE('',*,*,#4793,.F.);
#4793 = EDGE_CURVE('',#3106,#896,#4794,.T.);
#4794 = LINE('',#4795,#4796);
#4795 = CARTESIAN_POINT('',(32.625,25.5,-0.5));
#4796 = VECTOR('',#4797,1.);
#4797 = DIRECTION('',(0.,0.,1.));
#4798 = ORIENTED_EDGE('',*,*,#3105,.T.);
#4799 = ORIENTED_EDGE('',*,*,#4793,.T.);
#4800 = CYLINDRICAL_SURFACE('',#4801,1.625);
#4801 = AXIS2_PLACEMENT_3D('',#4802,#4803,#4804);
#4802 = CARTESIAN_POINT('',(31.,25.5,-0.5));
#4803 = DIRECTION('',(0.,0.,1.));
#4804 = DIRECTION('',(1.,0.,-0.));
#4805 = ADVANCED_FACE('',(#4806),#4817,.F.);
#4806 = FACE_BOUND('',#4807,.F.);
#4807 = EDGE_LOOP('',(#4808,#4809,#4815,#4816));
#4808 = ORIENTED_EDGE('',*,*,#906,.F.);
#4809 = ORIENTED_EDGE('',*,*,#4810,.F.);
#4810 = EDGE_CURVE('',#3117,#907,#4811,.T.);
#4811 = LINE('',#4812,#4813);
#4812 = CARTESIAN_POINT('',(44.65,25.5,-0.5));
#4813 = VECTOR('',#4814,1.);
#4814 = DIRECTION('',(0.,0.,1.));
#4815 = ORIENTED_EDGE('',*,*,#3116,.T.);
#4816 = ORIENTED_EDGE('',*,*,#4810,.T.);
#4817 = CYLINDRICAL_SURFACE('',#4818,1.65);
#4818 = AXIS2_PLACEMENT_3D('',#4819,#4820,#4821);
#4819 = CARTESIAN_POINT('',(43.,25.5,-0.5));
#4820 = DIRECTION('',(0.,0.,1.));
#4821 = DIRECTION('',(1.,0.,-0.));
#4822 = ADVANCED_FACE('',(#4823),#4848,.F.);
#4823 = FACE_BOUND('',#4824,.F.);
#4824 = EDGE_LOOP('',(#4825,#4835,#4841,#4842));
#4825 = ORIENTED_EDGE('',*,*,#4826,.F.);
#4826 = EDGE_CURVE('',#4827,#4829,#4831,.T.);
#4827 = VERTEX_POINT('',#4828);
#4828 = CARTESIAN_POINT('',(5.697567114094,30.286577181208,5.5));
#4829 = VERTEX_POINT('',#4830);
#4830 = CARTESIAN_POINT('',(6.553271812081,30.286577181208,5.5));
#4831 = LINE('',#4832,#4833);
#4832 = CARTESIAN_POINT('',(5.697567114094,30.286577181208,5.5));
#4833 = VECTOR('',#4834,1.);
#4834 = DIRECTION('',(1.,0.,0.));
#4835 = ORIENTED_EDGE('',*,*,#4836,.T.);
#4836 = EDGE_CURVE('',#4827,#920,#4837,.T.);
#4837 = LINE('',#4838,#4839);
#4838 = CARTESIAN_POINT('',(5.697567114094,30.286577181208,5.5));
#4839 = VECTOR('',#4840,1.);
#4840 = DIRECTION('',(0.,0.,1.));
#4841 = ORIENTED_EDGE('',*,*,#917,.F.);
#4842 = ORIENTED_EDGE('',*,*,#4843,.F.);
#4843 = EDGE_CURVE('',#4829,#918,#4844,.T.);
#4844 = LINE('',#4845,#4846);
#4845 = CARTESIAN_POINT('',(6.553271812081,30.286577181208,5.5));
#4846 = VECTOR('',#4847,1.);
#4847 = DIRECTION('',(0.,0.,1.));
#4848 = PLANE('',#4849);
#4849 = AXIS2_PLACEMENT_3D('',#4850,#4851,#4852);
#4850 = CARTESIAN_POINT('',(5.697567114094,30.286577181208,5.5));
#4851 = DIRECTION('',(0.,1.,0.));
#4852 = DIRECTION('',(1.,0.,0.));
#4853 = ADVANCED_FACE('',(#4854),#4872,.F.);
#4854 = FACE_BOUND('',#4855,.F.);
#4855 = EDGE_LOOP('',(#4856,#4864,#4865,#4866));
#4856 = ORIENTED_EDGE('',*,*,#4857,.F.);
#4857 = EDGE_CURVE('',#4829,#4858,#4860,.T.);
#4858 = VERTEX_POINT('',#4859);
#4859 = CARTESIAN_POINT('',(6.553271812081,32.724161073826,5.5));
#4860 = LINE('',#4861,#4862);
#4861 = CARTESIAN_POINT('',(6.553271812081,30.286577181208,5.5));
#4862 = VECTOR('',#4863,1.);
#4863 = DIRECTION('',(0.,1.,0.));
#4864 = ORIENTED_EDGE('',*,*,#4843,.T.);
#4865 = ORIENTED_EDGE('',*,*,#927,.F.);
#4866 = ORIENTED_EDGE('',*,*,#4867,.F.);
#4867 = EDGE_CURVE('',#4858,#928,#4868,.T.);
#4868 = LINE('',#4869,#4870);
#4869 = CARTESIAN_POINT('',(6.553271812081,32.724161073826,5.5));
#4870 = VECTOR('',#4871,1.);
#4871 = DIRECTION('',(0.,0.,1.));
#4872 = PLANE('',#4873);
#4873 = AXIS2_PLACEMENT_3D('',#4874,#4875,#4876);
#4874 = CARTESIAN_POINT('',(6.553271812081,30.286577181208,5.5));
#4875 = DIRECTION('',(-1.,0.,0.));
#4876 = DIRECTION('',(0.,1.,0.));
#4877 = ADVANCED_FACE('',(#4878),#4896,.F.);
#4878 = FACE_BOUND('',#4879,.F.);
#4879 = EDGE_LOOP('',(#4880,#4888,#4894,#4895));
#4880 = ORIENTED_EDGE('',*,*,#4881,.F.);
#4881 = EDGE_CURVE('',#4882,#4827,#4884,.T.);
#4882 = VERTEX_POINT('',#4883);
#4883 = CARTESIAN_POINT('',(5.697567114094,29.620805369128,5.5));
#4884 = LINE('',#4885,#4886);
#4885 = CARTESIAN_POINT('',(5.697567114094,29.620805369128,5.5));
#4886 = VECTOR('',#4887,1.);
#4887 = DIRECTION('',(0.,1.,0.));
#4888 = ORIENTED_EDGE('',*,*,#4889,.T.);
#4889 = EDGE_CURVE('',#4882,#992,#4890,.T.);
#4890 = LINE('',#4891,#4892);
#4891 = CARTESIAN_POINT('',(5.697567114094,29.620805369128,5.5));
#4892 = VECTOR('',#4893,1.);
#4893 = DIRECTION('',(0.,0.,1.));
#4894 = ORIENTED_EDGE('',*,*,#999,.F.);
#4895 = ORIENTED_EDGE('',*,*,#4836,.F.);
#4896 = PLANE('',#4897);
#4897 = AXIS2_PLACEMENT_3D('',#4898,#4899,#4900);
#4898 = CARTESIAN_POINT('',(5.697567114094,29.620805369128,5.5));
#4899 = DIRECTION('',(-1.,0.,0.));
#4900 = DIRECTION('',(0.,1.,0.));
#4901 = ADVANCED_FACE('',(#4902),#4920,.F.);
#4902 = FACE_BOUND('',#4903,.F.);
#4903 = EDGE_LOOP('',(#4904,#4912,#4913,#4914));
#4904 = ORIENTED_EDGE('',*,*,#4905,.F.);
#4905 = EDGE_CURVE('',#4858,#4906,#4908,.T.);
#4906 = VERTEX_POINT('',#4907);
#4907 = CARTESIAN_POINT('',(5.674916107383,32.541610738255,5.5));
#4908 = LINE('',#4909,#4910);
#4909 = CARTESIAN_POINT('',(6.553271812081,32.724161073826,5.5));
#4910 = VECTOR('',#4911,1.);
#4911 = DIRECTION('',(-0.979078331663,-0.203483710573,0.));
#4912 = ORIENTED_EDGE('',*,*,#4867,.T.);
#4913 = ORIENTED_EDGE('',*,*,#935,.F.);
#4914 = ORIENTED_EDGE('',*,*,#4915,.F.);
#4915 = EDGE_CURVE('',#4906,#936,#4916,.T.);
#4916 = LINE('',#4917,#4918);
#4917 = CARTESIAN_POINT('',(5.674916107383,32.541610738255,5.5));
#4918 = VECTOR('',#4919,1.);
#4919 = DIRECTION('',(0.,0.,1.));
#4920 = PLANE('',#4921);
#4921 = AXIS2_PLACEMENT_3D('',#4922,#4923,#4924);
#4922 = CARTESIAN_POINT('',(6.553271812081,32.724161073826,5.5));
#4923 = DIRECTION('',(0.203483710573,-0.979078331663,0.));
#4924 = DIRECTION('',(-0.979078331663,-0.203483710573,0.));
#4925 = ADVANCED_FACE('',(#4926),#4944,.F.);
#4926 = FACE_BOUND('',#4927,.F.);
#4927 = EDGE_LOOP('',(#4928,#4936,#4942,#4943));
#4928 = ORIENTED_EDGE('',*,*,#4929,.F.);
#4929 = EDGE_CURVE('',#4930,#4882,#4932,.T.);
#4930 = VERTEX_POINT('',#4931);
#4931 = CARTESIAN_POINT('',(8.325083892617,29.620805369128,5.5));
#4932 = LINE('',#4933,#4934);
#4933 = CARTESIAN_POINT('',(8.325083892617,29.620805369128,5.5));
#4934 = VECTOR('',#4935,1.);
#4935 = DIRECTION('',(-1.,0.,0.));
#4936 = ORIENTED_EDGE('',*,*,#4937,.T.);
#4937 = EDGE_CURVE('',#4930,#984,#4938,.T.);
#4938 = LINE('',#4939,#4940);
#4939 = CARTESIAN_POINT('',(8.325083892617,29.620805369128,5.5));
#4940 = VECTOR('',#4941,1.);
#4941 = DIRECTION('',(0.,0.,1.));
#4942 = ORIENTED_EDGE('',*,*,#991,.F.);
#4943 = ORIENTED_EDGE('',*,*,#4889,.F.);
#4944 = PLANE('',#4945);
#4945 = AXIS2_PLACEMENT_3D('',#4946,#4947,#4948);
#4946 = CARTESIAN_POINT('',(8.325083892617,29.620805369128,5.5));
#4947 = DIRECTION('',(0.,-1.,0.));
#4948 = DIRECTION('',(-1.,0.,0.));
#4949 = ADVANCED_FACE('',(#4950),#4968,.F.);
#4950 = FACE_BOUND('',#4951,.F.);
#4951 = EDGE_LOOP('',(#4952,#4960,#4961,#4962));
#4952 = ORIENTED_EDGE('',*,*,#4953,.F.);
#4953 = EDGE_CURVE('',#4906,#4954,#4956,.T.);
#4954 = VERTEX_POINT('',#4955);
#4955 = CARTESIAN_POINT('',(5.674916107383,33.196644295302,5.5));
#4956 = LINE('',#4957,#4958);
#4957 = CARTESIAN_POINT('',(5.674916107383,32.541610738255,5.5));
#4958 = VECTOR('',#4959,1.);
#4959 = DIRECTION('',(0.,1.,0.));
#4960 = ORIENTED_EDGE('',*,*,#4915,.T.);
#4961 = ORIENTED_EDGE('',*,*,#943,.F.);
#4962 = ORIENTED_EDGE('',*,*,#4963,.F.);
#4963 = EDGE_CURVE('',#4954,#944,#4964,.T.);
#4964 = LINE('',#4965,#4966);
#4965 = CARTESIAN_POINT('',(5.674916107383,33.196644295302,5.5));
#4966 = VECTOR('',#4967,1.);
#4967 = DIRECTION('',(0.,0.,1.));
#4968 = PLANE('',#4969);
#4969 = AXIS2_PLACEMENT_3D('',#4970,#4971,#4972);
#4970 = CARTESIAN_POINT('',(5.674916107383,32.541610738255,5.5));
#4971 = DIRECTION('',(-1.,0.,0.));
#4972 = DIRECTION('',(0.,1.,0.));
#4973 = ADVANCED_FACE('',(#4974),#4992,.F.);
#4974 = FACE_BOUND('',#4975,.F.);
#4975 = EDGE_LOOP('',(#4976,#4984,#4990,#4991));
#4976 = ORIENTED_EDGE('',*,*,#4977,.F.);
#4977 = EDGE_CURVE('',#4978,#4930,#4980,.T.);
#4978 = VERTEX_POINT('',#4979);
#4979 = CARTESIAN_POINT('',(8.325083892617,30.286577181208,5.5));
#4980 = LINE('',#4981,#4982);
#4981 = CARTESIAN_POINT('',(8.325083892617,30.286577181208,5.5));
#4982 = VECTOR('',#4983,1.);
#4983 = DIRECTION('',(0.,-1.,0.));
#4984 = ORIENTED_EDGE('',*,*,#4985,.T.);
#4985 = EDGE_CURVE('',#4978,#976,#4986,.T.);
#4986 = LINE('',#4987,#4988);
#4987 = CARTESIAN_POINT('',(8.325083892617,30.286577181208,5.5));
#4988 = VECTOR('',#4989,1.);
#4989 = DIRECTION('',(0.,0.,1.));
#4990 = ORIENTED_EDGE('',*,*,#983,.F.);
#4991 = ORIENTED_EDGE('',*,*,#4937,.F.);
#4992 = PLANE('',#4993);
#4993 = AXIS2_PLACEMENT_3D('',#4994,#4995,#4996);
#4994 = CARTESIAN_POINT('',(8.325083892617,30.286577181208,5.5));
#4995 = DIRECTION('',(1.,0.,0.));
#4996 = DIRECTION('',(0.,-1.,0.));
#4997 = ADVANCED_FACE('',(#4998),#5016,.F.);
#4998 = FACE_BOUND('',#4999,.F.);
#4999 = EDGE_LOOP('',(#5000,#5008,#5009,#5010));
#5000 = ORIENTED_EDGE('',*,*,#5001,.F.);
#5001 = EDGE_CURVE('',#4954,#5002,#5004,.T.);
#5002 = VERTEX_POINT('',#5003);
#5003 = CARTESIAN_POINT('',(6.548238255034,33.379194630872,5.5));
#5004 = LINE('',#5005,#5006);
#5005 = CARTESIAN_POINT('',(5.674916107383,33.196644295302,5.5));
#5006 = VECTOR('',#5007,1.);
#5007 = DIRECTION('',(0.978844086222,0.204607563076,0.));
#5008 = ORIENTED_EDGE('',*,*,#4963,.T.);
#5009 = ORIENTED_EDGE('',*,*,#951,.F.);
#5010 = ORIENTED_EDGE('',*,*,#5011,.F.);
#5011 = EDGE_CURVE('',#5002,#952,#5012,.T.);
#5012 = LINE('',#5013,#5014);
#5013 = CARTESIAN_POINT('',(6.548238255034,33.379194630872,5.5));
#5014 = VECTOR('',#5015,1.);
#5015 = DIRECTION('',(0.,0.,1.));
#5016 = PLANE('',#5017);
#5017 = AXIS2_PLACEMENT_3D('',#5018,#5019,#5020);
#5018 = CARTESIAN_POINT('',(5.674916107383,33.196644295302,5.5));
#5019 = DIRECTION('',(-0.204607563076,0.978844086222,0.));
#5020 = DIRECTION('',(0.978844086222,0.204607563076,0.));
#5021 = ADVANCED_FACE('',(#5022),#5040,.F.);
#5022 = FACE_BOUND('',#5023,.F.);
#5023 = EDGE_LOOP('',(#5024,#5032,#5038,#5039));
#5024 = ORIENTED_EDGE('',*,*,#5025,.F.);
#5025 = EDGE_CURVE('',#5026,#4978,#5028,.T.);
#5026 = VERTEX_POINT('',#5027);
#5027 = CARTESIAN_POINT('',(7.469379194631,30.286577181208,5.5));
#5028 = LINE('',#5029,#5030);
#5029 = CARTESIAN_POINT('',(7.469379194631,30.286577181208,5.5));
#5030 = VECTOR('',#5031,1.);
#5031 = DIRECTION('',(1.,0.,0.));
#5032 = ORIENTED_EDGE('',*,*,#5033,.T.);
#5033 = EDGE_CURVE('',#5026,#968,#5034,.T.);
#5034 = LINE('',#5035,#5036);
#5035 = CARTESIAN_POINT('',(7.469379194631,30.286577181208,5.5));
#5036 = VECTOR('',#5037,1.);
#5037 = DIRECTION('',(0.,0.,1.));
#5038 = ORIENTED_EDGE('',*,*,#975,.F.);
#5039 = ORIENTED_EDGE('',*,*,#4985,.F.);
#5040 = PLANE('',#5041);
#5041 = AXIS2_PLACEMENT_3D('',#5042,#5043,#5044);
#5042 = CARTESIAN_POINT('',(7.469379194631,30.286577181208,5.5));
#5043 = DIRECTION('',(0.,1.,0.));
#5044 = DIRECTION('',(1.,0.,0.));
#5045 = ADVANCED_FACE('',(#5046),#5064,.F.);
#5046 = FACE_BOUND('',#5047,.F.);
#5047 = EDGE_LOOP('',(#5048,#5056,#5057,#5058));
#5048 = ORIENTED_EDGE('',*,*,#5049,.F.);
#5049 = EDGE_CURVE('',#5002,#5050,#5052,.T.);
#5050 = VERTEX_POINT('',#5051);
#5051 = CARTESIAN_POINT('',(7.469379194631,33.379194630872,5.5));
#5052 = LINE('',#5053,#5054);
#5053 = CARTESIAN_POINT('',(6.548238255034,33.379194630872,5.5));
#5054 = VECTOR('',#5055,1.);
#5055 = DIRECTION('',(1.,0.,0.));
#5056 = ORIENTED_EDGE('',*,*,#5011,.T.);
#5057 = ORIENTED_EDGE('',*,*,#959,.F.);
#5058 = ORIENTED_EDGE('',*,*,#5059,.F.);
#5059 = EDGE_CURVE('',#5050,#960,#5060,.T.);
#5060 = LINE('',#5061,#5062);
#5061 = CARTESIAN_POINT('',(7.469379194631,33.379194630872,5.5));
#5062 = VECTOR('',#5063,1.);
#5063 = DIRECTION('',(0.,0.,1.));
#5064 = PLANE('',#5065);
#5065 = AXIS2_PLACEMENT_3D('',#5066,#5067,#5068);
#5066 = CARTESIAN_POINT('',(6.548238255034,33.379194630872,5.5));
#5067 = DIRECTION('',(0.,1.,0.));
#5068 = DIRECTION('',(1.,0.,0.));
#5069 = ADVANCED_FACE('',(#5070),#5081,.F.);
#5070 = FACE_BOUND('',#5071,.F.);
#5071 = EDGE_LOOP('',(#5072,#5078,#5079,#5080));
#5072 = ORIENTED_EDGE('',*,*,#5073,.F.);
#5073 = EDGE_CURVE('',#5050,#5026,#5074,.T.);
#5074 = LINE('',#5075,#5076);
#5075 = CARTESIAN_POINT('',(7.469379194631,33.379194630872,5.5));
#5076 = VECTOR('',#5077,1.);
#5077 = DIRECTION('',(0.,-1.,0.));
#5078 = ORIENTED_EDGE('',*,*,#5059,.T.);
#5079 = ORIENTED_EDGE('',*,*,#967,.F.);
#5080 = ORIENTED_EDGE('',*,*,#5033,.F.);
#5081 = PLANE('',#5082);
#5082 = AXIS2_PLACEMENT_3D('',#5083,#5084,#5085);
#5083 = CARTESIAN_POINT('',(7.469379194631,33.379194630872,5.5));
#5084 = DIRECTION('',(1.,0.,0.));
#5085 = DIRECTION('',(0.,-1.,0.));
#5086 = ADVANCED_FACE('',(#5087),#5112,.F.);
#5087 = FACE_BOUND('',#5088,.F.);
#5088 = EDGE_LOOP('',(#5089,#5099,#5105,#5106));
#5089 = ORIENTED_EDGE('',*,*,#5090,.F.);
#5090 = EDGE_CURVE('',#5091,#5093,#5095,.T.);
#5091 = VERTEX_POINT('',#5092);
#5092 = CARTESIAN_POINT('',(18.71182885906,30.297315436242,5.5));
#5093 = VERTEX_POINT('',#5094);
#5094 = CARTESIAN_POINT('',(20.365352348993,30.297315436242,5.5));
#5095 = LINE('',#5096,#5097);
#5096 = CARTESIAN_POINT('',(18.71182885906,30.297315436242,5.5));
#5097 = VECTOR('',#5098,1.);
#5098 = DIRECTION('',(1.,0.,0.));
#5099 = ORIENTED_EDGE('',*,*,#5100,.T.);
#5100 = EDGE_CURVE('',#5091,#1010,#5101,.T.);
#5101 = LINE('',#5102,#5103);
#5102 = CARTESIAN_POINT('',(18.71182885906,30.297315436242,5.5));
#5103 = VECTOR('',#5104,1.);
#5104 = DIRECTION('',(0.,0.,1.));
#5105 = ORIENTED_EDGE('',*,*,#1007,.F.);
#5106 = ORIENTED_EDGE('',*,*,#5107,.F.);
#5107 = EDGE_CURVE('',#5093,#1008,#5108,.T.);
#5108 = LINE('',#5109,#5110);
#5109 = CARTESIAN_POINT('',(20.365352348993,30.297315436242,5.5));
#5110 = VECTOR('',#5111,1.);
#5111 = DIRECTION('',(0.,0.,1.));
#5112 = PLANE('',#5113);
#5113 = AXIS2_PLACEMENT_3D('',#5114,#5115,#5116);
#5114 = CARTESIAN_POINT('',(18.71182885906,30.297315436242,5.5));
#5115 = DIRECTION('',(0.,1.,0.));
#5116 = DIRECTION('',(1.,0.,0.));
#5117 = ADVANCED_FACE('',(#5118),#5136,.F.);
#5118 = FACE_BOUND('',#5119,.F.);
#5119 = EDGE_LOOP('',(#5120,#5128,#5129,#5130));
#5120 = ORIENTED_EDGE('',*,*,#5121,.F.);
#5121 = EDGE_CURVE('',#5093,#5122,#5124,.T.);
#5122 = VERTEX_POINT('',#5123);
#5123 = CARTESIAN_POINT('',(20.365352348993,29.588590604027,5.5));
#5124 = LINE('',#5125,#5126);
#5125 = CARTESIAN_POINT('',(20.365352348993,30.297315436242,5.5));
#5126 = VECTOR('',#5127,1.);
#5127 = DIRECTION('',(0.,-1.,0.));
#5128 = ORIENTED_EDGE('',*,*,#5107,.T.);
#5129 = ORIENTED_EDGE('',*,*,#1017,.F.);
#5130 = ORIENTED_EDGE('',*,*,#5131,.F.);
#5131 = EDGE_CURVE('',#5122,#1018,#5132,.T.);
#5132 = LINE('',#5133,#5134);
#5133 = CARTESIAN_POINT('',(20.365352348993,29.588590604027,5.5));
#5134 = VECTOR('',#5135,1.);
#5135 = DIRECTION('',(0.,0.,1.));
#5136 = PLANE('',#5137);
#5137 = AXIS2_PLACEMENT_3D('',#5138,#5139,#5140);
#5138 = CARTESIAN_POINT('',(20.365352348993,30.297315436242,5.5));
#5139 = DIRECTION('',(1.,0.,0.));
#5140 = DIRECTION('',(0.,-1.,0.));
#5141 = ADVANCED_FACE('',(#5142),#5160,.F.);
#5142 = FACE_BOUND('',#5143,.F.);
#5143 = EDGE_LOOP('',(#5144,#5152,#5158,#5159));
#5144 = ORIENTED_EDGE('',*,*,#5145,.F.);
#5145 = EDGE_CURVE('',#5146,#5091,#5148,.T.);
#5146 = VERTEX_POINT('',#5147);
#5147 = CARTESIAN_POINT('',(19.514681208054,31.000503355705,5.5));
#5148 = LINE('',#5149,#5150);
#5149 = CARTESIAN_POINT('',(19.514681208054,31.000503355705,5.5));
#5150 = VECTOR('',#5151,1.);
#5151 = DIRECTION('',(-0.752255226589,-0.65887181915,0.));
#5152 = ORIENTED_EDGE('',*,*,#5153,.T.);
#5153 = EDGE_CURVE('',#5146,#1207,#5154,.T.);
#5154 = LINE('',#5155,#5156);
#5155 = CARTESIAN_POINT('',(19.514681208054,31.000503355705,5.5));
#5156 = VECTOR('',#5157,1.);
#5157 = DIRECTION('',(0.,0.,1.));
#5158 = ORIENTED_EDGE('',*,*,#1218,.F.);
#5159 = ORIENTED_EDGE('',*,*,#5100,.F.);
#5160 = PLANE('',#5161);
#5161 = AXIS2_PLACEMENT_3D('',#5162,#5163,#5164);
#5162 = CARTESIAN_POINT('',(19.514681208054,31.000503355705,5.5));
#5163 = DIRECTION('',(0.65887181915,-0.752255226589,0.));
#5164 = DIRECTION('',(-0.752255226589,-0.65887181915,0.));
#5165 = ADVANCED_FACE('',(#5166),#5184,.F.);
#5166 = FACE_BOUND('',#5167,.F.);
#5167 = EDGE_LOOP('',(#5168,#5176,#5177,#5178));
#5168 = ORIENTED_EDGE('',*,*,#5169,.F.);
#5169 = EDGE_CURVE('',#5122,#5170,#5172,.T.);
#5170 = VERTEX_POINT('',#5171);
#5171 = CARTESIAN_POINT('',(17.634647651007,29.588590604027,5.5));
#5172 = LINE('',#5173,#5174);
#5173 = CARTESIAN_POINT('',(20.365352348993,29.588590604027,5.5));
#5174 = VECTOR('',#5175,1.);
#5175 = DIRECTION('',(-1.,0.,0.));
#5176 = ORIENTED_EDGE('',*,*,#5131,.T.);
#5177 = ORIENTED_EDGE('',*,*,#1025,.F.);
#5178 = ORIENTED_EDGE('',*,*,#5179,.F.);
#5179 = EDGE_CURVE('',#5170,#1026,#5180,.T.);
#5180 = LINE('',#5181,#5182);
#5181 = CARTESIAN_POINT('',(17.634647651007,29.588590604027,5.5));
#5182 = VECTOR('',#5183,1.);
#5183 = DIRECTION('',(0.,0.,1.));
#5184 = PLANE('',#5185);
#5185 = AXIS2_PLACEMENT_3D('',#5186,#5187,#5188);
#5186 = CARTESIAN_POINT('',(20.365352348993,29.588590604027,5.5));
#5187 = DIRECTION('',(0.,-1.,0.));
#5188 = DIRECTION('',(-1.,0.,0.));
#5189 = ADVANCED_FACE('',(#5190),#5208,.F.);
#5190 = FACE_BOUND('',#5191,.F.);
#5191 = EDGE_LOOP('',(#5192,#5200,#5206,#5207));
#5192 = ORIENTED_EDGE('',*,*,#5193,.F.);
#5193 = EDGE_CURVE('',#5194,#5146,#5196,.T.);
#5194 = VERTEX_POINT('',#5195);
#5195 = CARTESIAN_POINT('',(20.181627516779,31.712248322148,5.5));
#5196 = B_SPLINE_CURVE_WITH_KNOTS('',2,(#5197,#5198,#5199),
  .UNSPECIFIED.,.F.,.F.,(3,3),(0.,1.),.PIECEWISE_BEZIER_KNOTS.);
#5197 = CARTESIAN_POINT('',(20.181627516779,31.712248322148,5.5));
#5198 = CARTESIAN_POINT('',(20.023070469799,31.446476510067,5.5));
#5199 = CARTESIAN_POINT('',(19.514681208054,31.000503355705,5.5));
#5200 = ORIENTED_EDGE('',*,*,#5201,.T.);
#5201 = EDGE_CURVE('',#5194,#1192,#5202,.T.);
#5202 = LINE('',#5203,#5204);
#5203 = CARTESIAN_POINT('',(20.181627516779,31.712248322148,5.5));
#5204 = VECTOR('',#5205,1.);
#5205 = DIRECTION('',(0.,0.,1.));
#5206 = ORIENTED_EDGE('',*,*,#1206,.F.);
#5207 = ORIENTED_EDGE('',*,*,#5153,.F.);
#5208 = SURFACE_OF_LINEAR_EXTRUSION('',#5209,#5213);
#5209 = B_SPLINE_CURVE_WITH_KNOTS('',2,(#5210,#5211,#5212),
  .UNSPECIFIED.,.F.,.F.,(3,3),(0.,1.),.PIECEWISE_BEZIER_KNOTS.);
#5210 = CARTESIAN_POINT('',(20.181627516779,31.712248322148,5.5));
#5211 = CARTESIAN_POINT('',(20.023070469799,31.446476510067,5.5));
#5212 = CARTESIAN_POINT('',(19.514681208054,31.000503355705,5.5));
#5213 = VECTOR('',#5214,1.);
#5214 = DIRECTION('',(-0.,-0.,-1.));
#5215 = ADVANCED_FACE('',(#5216),#5234,.F.);
#5216 = FACE_BOUND('',#5217,.F.);
#5217 = EDGE_LOOP('',(#5218,#5226,#5227,#5228));
#5218 = ORIENTED_EDGE('',*,*,#5219,.F.);
#5219 = EDGE_CURVE('',#5170,#5220,#5222,.T.);
#5220 = VERTEX_POINT('',#5221);
#5221 = CARTESIAN_POINT('',(17.634647651007,30.297315436242,5.5));
#5222 = LINE('',#5223,#5224);
#5223 = CARTESIAN_POINT('',(17.634647651007,29.588590604027,5.5));
#5224 = VECTOR('',#5225,1.);
#5225 = DIRECTION('',(0.,1.,0.));
#5226 = ORIENTED_EDGE('',*,*,#5179,.T.);
#5227 = ORIENTED_EDGE('',*,*,#1033,.F.);
#5228 = ORIENTED_EDGE('',*,*,#5229,.F.);
#5229 = EDGE_CURVE('',#5220,#1034,#5230,.T.);
#5230 = LINE('',#5231,#5232);
#5231 = CARTESIAN_POINT('',(17.634647651007,30.297315436242,5.5));
#5232 = VECTOR('',#5233,1.);
#5233 = DIRECTION('',(0.,0.,1.));
#5234 = PLANE('',#5235);
#5235 = AXIS2_PLACEMENT_3D('',#5236,#5237,#5238);
#5236 = CARTESIAN_POINT('',(17.634647651007,29.588590604027,5.5));
#5237 = DIRECTION('',(-1.,0.,0.));
#5238 = DIRECTION('',(0.,1.,0.));
#5239 = ADVANCED_FACE('',(#5240),#5258,.F.);
#5240 = FACE_BOUND('',#5241,.F.);
#5241 = EDGE_LOOP('',(#5242,#5250,#5256,#5257));
#5242 = ORIENTED_EDGE('',*,*,#5243,.F.);
#5243 = EDGE_CURVE('',#5244,#5194,#5246,.T.);
#5244 = VERTEX_POINT('',#5245);
#5245 = CARTESIAN_POINT('',(20.340184563758,32.285234899329,5.5));
#5246 = B_SPLINE_CURVE_WITH_KNOTS('',2,(#5247,#5248,#5249),
  .UNSPECIFIED.,.F.,.F.,(3,3),(0.,1.),.PIECEWISE_BEZIER_KNOTS.);
#5247 = CARTESIAN_POINT('',(20.340184563758,32.285234899329,5.5));
#5248 = CARTESIAN_POINT('',(20.340184563758,31.978020134228,5.5));
#5249 = CARTESIAN_POINT('',(20.181627516779,31.712248322148,5.5));
#5250 = ORIENTED_EDGE('',*,*,#5251,.T.);
#5251 = EDGE_CURVE('',#5244,#1173,#5252,.T.);
#5252 = LINE('',#5253,#5254);
#5253 = CARTESIAN_POINT('',(20.340184563758,32.285234899329,5.5));
#5254 = VECTOR('',#5255,1.);
#5255 = DIRECTION('',(0.,0.,1.));
#5256 = ORIENTED_EDGE('',*,*,#1191,.F.);
#5257 = ORIENTED_EDGE('',*,*,#5201,.F.);
#5258 = SURFACE_OF_LINEAR_EXTRUSION('',#5259,#5263);
#5259 = B_SPLINE_CURVE_WITH_KNOTS('',2,(#5260,#5261,#5262),
  .UNSPECIFIED.,.F.,.F.,(3,3),(0.,1.),.PIECEWISE_BEZIER_KNOTS.);
#5260 = CARTESIAN_POINT('',(20.340184563758,32.285234899329,5.5));
#5261 = CARTESIAN_POINT('',(20.340184563758,31.978020134228,5.5));
#5262 = CARTESIAN_POINT('',(20.181627516779,31.712248322148,5.5));
#5263 = VECTOR('',#5264,1.);
#5264 = DIRECTION('',(-0.,-0.,-1.));
#5265 = ADVANCED_FACE('',(#5266),#5284,.F.);
#5266 = FACE_BOUND('',#5267,.F.);
#5267 = EDGE_LOOP('',(#5268,#5276,#5277,#5278));
#5268 = ORIENTED_EDGE('',*,*,#5269,.F.);
#5269 = EDGE_CURVE('',#5220,#5270,#5272,.T.);
#5270 = VERTEX_POINT('',#5271);
#5271 = CARTESIAN_POINT('',(19.006291946309,31.505201342282,5.5));
#5272 = LINE('',#5273,#5274);
#5273 = CARTESIAN_POINT('',(17.634647651007,30.297315436242,5.5));
#5274 = VECTOR('',#5275,1.);
#5275 = DIRECTION('',(0.750485828524,0.66088654184,0.));
#5276 = ORIENTED_EDGE('',*,*,#5229,.T.);
#5277 = ORIENTED_EDGE('',*,*,#1041,.F.);
#5278 = ORIENTED_EDGE('',*,*,#5279,.F.);
#5279 = EDGE_CURVE('',#5270,#1042,#5280,.T.);
#5280 = LINE('',#5281,#5282);
#5281 = CARTESIAN_POINT('',(19.006291946309,31.505201342282,5.5));
#5282 = VECTOR('',#5283,1.);
#5283 = DIRECTION('',(0.,0.,1.));
#5284 = PLANE('',#5285);
#5285 = AXIS2_PLACEMENT_3D('',#5286,#5287,#5288);
#5286 = CARTESIAN_POINT('',(17.634647651007,30.297315436242,5.5));
#5287 = DIRECTION('',(-0.66088654184,0.750485828524,0.));
#5288 = DIRECTION('',(0.750485828524,0.66088654184,0.));
#5289 = ADVANCED_FACE('',(#5290),#5308,.F.);
#5290 = FACE_BOUND('',#5291,.F.);
#5291 = EDGE_LOOP('',(#5292,#5300,#5306,#5307));
#5292 = ORIENTED_EDGE('',*,*,#5293,.F.);
#5293 = EDGE_CURVE('',#5294,#5244,#5296,.T.);
#5294 = VERTEX_POINT('',#5295);
#5295 = CARTESIAN_POINT('',(19.966359060403,33.114093959732,5.5));
#5296 = B_SPLINE_CURVE_WITH_KNOTS('',2,(#5297,#5298,#5299),
  .UNSPECIFIED.,.F.,.F.,(3,3),(0.,1.),.PIECEWISE_BEZIER_KNOTS.);
#5297 = CARTESIAN_POINT('',(19.966359060403,33.114093959732,5.5));
#5298 = CARTESIAN_POINT('',(20.340184563758,32.816946308725,5.5));
#5299 = CARTESIAN_POINT('',(20.340184563758,32.285234899329,5.5));
#5300 = ORIENTED_EDGE('',*,*,#5301,.T.);
#5301 = EDGE_CURVE('',#5294,#1156,#5302,.T.);
#5302 = LINE('',#5303,#5304);
#5303 = CARTESIAN_POINT('',(19.966359060403,33.114093959732,5.5));
#5304 = VECTOR('',#5305,1.);
#5305 = DIRECTION('',(0.,0.,1.));
#5306 = ORIENTED_EDGE('',*,*,#1172,.F.);
#5307 = ORIENTED_EDGE('',*,*,#5251,.F.);
#5308 = SURFACE_OF_LINEAR_EXTRUSION('',#5309,#5313);
#5309 = B_SPLINE_CURVE_WITH_KNOTS('',2,(#5310,#5311,#5312),
  .UNSPECIFIED.,.F.,.F.,(3,3),(0.,1.),.PIECEWISE_BEZIER_KNOTS.);
#5310 = CARTESIAN_POINT('',(19.966359060403,33.114093959732,5.5));
#5311 = CARTESIAN_POINT('',(20.340184563758,32.816946308725,5.5));
#5312 = CARTESIAN_POINT('',(20.340184563758,32.285234899329,5.5));
#5313 = VECTOR('',#5314,1.);
#5314 = DIRECTION('',(-0.,-0.,-1.));
#5315 = ADVANCED_FACE('',(#5316),#5334,.F.);
#5316 = FACE_BOUND('',#5317,.F.);
#5317 = EDGE_LOOP('',(#5318,#5326,#5327,#5328));
#5318 = ORIENTED_EDGE('',*,*,#5319,.F.);
#5319 = EDGE_CURVE('',#5270,#5320,#5322,.T.);
#5320 = VERTEX_POINT('',#5321);
#5321 = CARTESIAN_POINT('',(19.278104026846,31.829697986577,5.5));
#5322 = B_SPLINE_CURVE_WITH_KNOTS('',2,(#5323,#5324,#5325),
  .UNSPECIFIED.,.F.,.F.,(3,3),(0.,1.),.PIECEWISE_BEZIER_KNOTS.);
#5323 = CARTESIAN_POINT('',(19.006291946309,31.505201342282,5.5));
#5324 = CARTESIAN_POINT('',(19.190016778523,31.671308724832,5.5));
#5325 = CARTESIAN_POINT('',(19.278104026846,31.829697986577,5.5));
#5326 = ORIENTED_EDGE('',*,*,#5279,.T.);
#5327 = ORIENTED_EDGE('',*,*,#1049,.F.);
#5328 = ORIENTED_EDGE('',*,*,#5329,.F.);
#5329 = EDGE_CURVE('',#5320,#1050,#5330,.T.);
#5330 = LINE('',#5331,#5332);
#5331 = CARTESIAN_POINT('',(19.278104026846,31.829697986577,5.5));
#5332 = VECTOR('',#5333,1.);
#5333 = DIRECTION('',(0.,0.,1.));
#5334 = SURFACE_OF_LINEAR_EXTRUSION('',#5335,#5339);
#5335 = B_SPLINE_CURVE_WITH_KNOTS('',2,(#5336,#5337,#5338),
  .UNSPECIFIED.,.F.,.F.,(3,3),(0.,1.),.PIECEWISE_BEZIER_KNOTS.);
#5336 = CARTESIAN_POINT('',(19.006291946309,31.505201342282,5.5));
#5337 = CARTESIAN_POINT('',(19.190016778523,31.671308724832,5.5));
#5338 = CARTESIAN_POINT('',(19.278104026846,31.829697986577,5.5));
#5339 = VECTOR('',#5340,1.);
#5340 = DIRECTION('',(-0.,-0.,-1.));
#5341 = ADVANCED_FACE('',(#5342),#5360,.F.);
#5342 = FACE_BOUND('',#5343,.F.);
#5343 = EDGE_LOOP('',(#5344,#5352,#5358,#5359));
#5344 = ORIENTED_EDGE('',*,*,#5345,.F.);
#5345 = EDGE_CURVE('',#5346,#5294,#5348,.T.);
#5346 = VERTEX_POINT('',#5347);
#5347 = CARTESIAN_POINT('',(18.918204697987,33.411409395973,5.5));
#5348 = B_SPLINE_CURVE_WITH_KNOTS('',2,(#5349,#5350,#5351),
  .UNSPECIFIED.,.F.,.F.,(3,3),(0.,1.),.PIECEWISE_BEZIER_KNOTS.);
#5349 = CARTESIAN_POINT('',(18.918204697987,33.411409395973,5.5));
#5350 = CARTESIAN_POINT('',(19.592701342282,33.411409395973,5.5));
#5351 = CARTESIAN_POINT('',(19.966359060403,33.114093959732,5.5));
#5352 = ORIENTED_EDGE('',*,*,#5353,.T.);
#5353 = EDGE_CURVE('',#5346,#1145,#5354,.T.);
#5354 = LINE('',#5355,#5356);
#5355 = CARTESIAN_POINT('',(18.918204697987,33.411409395973,5.5));
#5356 = VECTOR('',#5357,1.);
#5357 = DIRECTION('',(0.,0.,1.));
#5358 = ORIENTED_EDGE('',*,*,#1155,.F.);
#5359 = ORIENTED_EDGE('',*,*,#5301,.F.);
#5360 = SURFACE_OF_LINEAR_EXTRUSION('',#5361,#5365);
#5361 = B_SPLINE_CURVE_WITH_KNOTS('',2,(#5362,#5363,#5364),
  .UNSPECIFIED.,.F.,.F.,(3,3),(0.,1.),.PIECEWISE_BEZIER_KNOTS.);
#5362 = CARTESIAN_POINT('',(18.918204697987,33.411409395973,5.5));
#5363 = CARTESIAN_POINT('',(19.592701342282,33.411409395973,5.5));
#5364 = CARTESIAN_POINT('',(19.966359060403,33.114093959732,5.5));
#5365 = VECTOR('',#5366,1.);
#5366 = DIRECTION('',(-0.,-0.,-1.));
#5367 = ADVANCED_FACE('',(#5368),#5386,.F.);
#5368 = FACE_BOUND('',#5369,.F.);
#5369 = EDGE_LOOP('',(#5370,#5378,#5379,#5380));
#5370 = ORIENTED_EDGE('',*,*,#5371,.F.);
#5371 = EDGE_CURVE('',#5320,#5372,#5374,.T.);
#5372 = VERTEX_POINT('',#5373);
#5373 = CARTESIAN_POINT('',(19.366191275168,32.159395973154,5.5));
#5374 = B_SPLINE_CURVE_WITH_KNOTS('',2,(#5375,#5376,#5377),
  .UNSPECIFIED.,.F.,.F.,(3,3),(0.,1.),.PIECEWISE_BEZIER_KNOTS.);
#5375 = CARTESIAN_POINT('',(19.278104026846,31.829697986577,5.5));
#5376 = CARTESIAN_POINT('',(19.366191275168,31.988255033557,5.5));
#5377 = CARTESIAN_POINT('',(19.366191275168,32.159395973154,5.5));
#5378 = ORIENTED_EDGE('',*,*,#5329,.T.);
#5379 = ORIENTED_EDGE('',*,*,#1060,.F.);
#5380 = ORIENTED_EDGE('',*,*,#5381,.F.);
#5381 = EDGE_CURVE('',#5372,#1061,#5382,.T.);
#5382 = LINE('',#5383,#5384);
#5383 = CARTESIAN_POINT('',(19.366191275168,32.159395973154,5.5));
#5384 = VECTOR('',#5385,1.);
#5385 = DIRECTION('',(0.,0.,1.));
#5386 = SURFACE_OF_LINEAR_EXTRUSION('',#5387,#5391);
#5387 = B_SPLINE_CURVE_WITH_KNOTS('',2,(#5388,#5389,#5390),
  .UNSPECIFIED.,.F.,.F.,(3,3),(0.,1.),.PIECEWISE_BEZIER_KNOTS.);
#5388 = CARTESIAN_POINT('',(19.278104026846,31.829697986577,5.5));
#5389 = CARTESIAN_POINT('',(19.366191275168,31.988255033557,5.5));
#5390 = CARTESIAN_POINT('',(19.366191275168,32.159395973154,5.5));
#5391 = VECTOR('',#5392,1.);
#5392 = DIRECTION('',(-0.,-0.,-1.));
#5393 = ADVANCED_FACE('',(#5394),#5412,.F.);
#5394 = FACE_BOUND('',#5395,.F.);
#5395 = EDGE_LOOP('',(#5396,#5404,#5410,#5411));
#5396 = ORIENTED_EDGE('',*,*,#5397,.F.);
#5397 = EDGE_CURVE('',#5398,#5346,#5400,.T.);
#5398 = VERTEX_POINT('',#5399);
#5399 = CARTESIAN_POINT('',(18.291526845638,33.353691275168,5.5));
#5400 = B_SPLINE_CURVE_WITH_KNOTS('',2,(#5401,#5402,#5403),
  .UNSPECIFIED.,.F.,.F.,(3,3),(0.,1.),.PIECEWISE_BEZIER_KNOTS.);
#5401 = CARTESIAN_POINT('',(18.291526845638,33.353691275168,5.5));
#5402 = CARTESIAN_POINT('',(18.611157718121,33.411409395973,5.5));
#5403 = CARTESIAN_POINT('',(18.918204697987,33.411409395973,5.5));
#5404 = ORIENTED_EDGE('',*,*,#5405,.T.);
#5405 = EDGE_CURVE('',#5398,#1134,#5406,.T.);
#5406 = LINE('',#5407,#5408);
#5407 = CARTESIAN_POINT('',(18.291526845638,33.353691275168,5.5));
#5408 = VECTOR('',#5409,1.);
#5409 = DIRECTION('',(0.,0.,1.));
#5410 = ORIENTED_EDGE('',*,*,#1144,.F.);
#5411 = ORIENTED_EDGE('',*,*,#5353,.F.);
#5412 = SURFACE_OF_LINEAR_EXTRUSION('',#5413,#5417);
#5413 = B_SPLINE_CURVE_WITH_KNOTS('',2,(#5414,#5415,#5416),
  .UNSPECIFIED.,.F.,.F.,(3,3),(0.,1.),.PIECEWISE_BEZIER_KNOTS.);
#5414 = CARTESIAN_POINT('',(18.291526845638,33.353691275168,5.5));
#5415 = CARTESIAN_POINT('',(18.611157718121,33.411409395973,5.5));
#5416 = CARTESIAN_POINT('',(18.918204697987,33.411409395973,5.5));
#5417 = VECTOR('',#5418,1.);
#5418 = DIRECTION('',(-0.,-0.,-1.));
#5419 = ADVANCED_FACE('',(#5420),#5438,.F.);
#5420 = FACE_BOUND('',#5421,.F.);
#5421 = EDGE_LOOP('',(#5422,#5430,#5431,#5432));
#5422 = ORIENTED_EDGE('',*,*,#5423,.F.);
#5423 = EDGE_CURVE('',#5372,#5424,#5426,.T.);
#5424 = VERTEX_POINT('',#5425);
#5425 = CARTESIAN_POINT('',(19.188674496644,32.584563758389,5.5));
#5426 = B_SPLINE_CURVE_WITH_KNOTS('',2,(#5427,#5428,#5429),
  .UNSPECIFIED.,.F.,.F.,(3,3),(0.,1.),.PIECEWISE_BEZIER_KNOTS.);
#5427 = CARTESIAN_POINT('',(19.366191275168,32.159395973154,5.5));
#5428 = CARTESIAN_POINT('',(19.366191275168,32.423657718121,5.5));
#5429 = CARTESIAN_POINT('',(19.188674496644,32.584563758389,5.5));
#5430 = ORIENTED_EDGE('',*,*,#5381,.T.);
#5431 = ORIENTED_EDGE('',*,*,#1073,.F.);
#5432 = ORIENTED_EDGE('',*,*,#5433,.F.);
#5433 = EDGE_CURVE('',#5424,#1074,#5434,.T.);
#5434 = LINE('',#5435,#5436);
#5435 = CARTESIAN_POINT('',(19.188674496644,32.584563758389,5.5));
#5436 = VECTOR('',#5437,1.);
#5437 = DIRECTION('',(0.,0.,1.));
#5438 = SURFACE_OF_LINEAR_EXTRUSION('',#5439,#5443);
#5439 = B_SPLINE_CURVE_WITH_KNOTS('',2,(#5440,#5441,#5442),
  .UNSPECIFIED.,.F.,.F.,(3,3),(0.,1.),.PIECEWISE_BEZIER_KNOTS.);
#5440 = CARTESIAN_POINT('',(19.366191275168,32.159395973154,5.5));
#5441 = CARTESIAN_POINT('',(19.366191275168,32.423657718121,5.5));
#5442 = CARTESIAN_POINT('',(19.188674496644,32.584563758389,5.5));
#5443 = VECTOR('',#5444,1.);
#5444 = DIRECTION('',(-0.,-0.,-1.));
#5445 = ADVANCED_FACE('',(#5446),#5464,.F.);
#5446 = FACE_BOUND('',#5447,.F.);
#5447 = EDGE_LOOP('',(#5448,#5456,#5462,#5463));
#5448 = ORIENTED_EDGE('',*,*,#5449,.F.);
#5449 = EDGE_CURVE('',#5450,#5398,#5452,.T.);
#5450 = VERTEX_POINT('',#5451);
#5451 = CARTESIAN_POINT('',(17.644714765101,33.185906040268,5.5));
#5452 = B_SPLINE_CURVE_WITH_KNOTS('',2,(#5453,#5454,#5455),
  .UNSPECIFIED.,.F.,.F.,(3,3),(0.,1.),.PIECEWISE_BEZIER_KNOTS.);
#5453 = CARTESIAN_POINT('',(17.644714765101,33.185906040268,5.5));
#5454 = CARTESIAN_POINT('',(17.971895973154,33.296140939597,5.5));
#5455 = CARTESIAN_POINT('',(18.291526845638,33.353691275168,5.5));
#5456 = ORIENTED_EDGE('',*,*,#5457,.T.);
#5457 = EDGE_CURVE('',#5450,#1126,#5458,.T.);
#5458 = LINE('',#5459,#5460);
#5459 = CARTESIAN_POINT('',(17.644714765101,33.185906040268,5.5));
#5460 = VECTOR('',#5461,1.);
#5461 = DIRECTION('',(0.,0.,1.));
#5462 = ORIENTED_EDGE('',*,*,#1133,.F.);
#5463 = ORIENTED_EDGE('',*,*,#5405,.F.);
#5464 = SURFACE_OF_LINEAR_EXTRUSION('',#5465,#5469);
#5465 = B_SPLINE_CURVE_WITH_KNOTS('',2,(#5466,#5467,#5468),
  .UNSPECIFIED.,.F.,.F.,(3,3),(0.,1.),.PIECEWISE_BEZIER_KNOTS.);
#5466 = CARTESIAN_POINT('',(17.644714765101,33.185906040268,5.5));
#5467 = CARTESIAN_POINT('',(17.971895973154,33.296140939597,5.5));
#5468 = CARTESIAN_POINT('',(18.291526845638,33.353691275168,5.5));
#5469 = VECTOR('',#5470,1.);
#5470 = DIRECTION('',(-0.,-0.,-1.));
#5471 = ADVANCED_FACE('',(#5472),#5490,.F.);
#5472 = FACE_BOUND('',#5473,.F.);
#5473 = EDGE_LOOP('',(#5474,#5482,#5483,#5484));
#5474 = ORIENTED_EDGE('',*,*,#5475,.F.);
#5475 = EDGE_CURVE('',#5424,#5476,#5478,.T.);
#5476 = VERTEX_POINT('',#5477);
#5477 = CARTESIAN_POINT('',(18.716862416107,32.745637583893,5.5));
#5478 = B_SPLINE_CURVE_WITH_KNOTS('',2,(#5479,#5480,#5481),
  .UNSPECIFIED.,.F.,.F.,(3,3),(0.,1.),.PIECEWISE_BEZIER_KNOTS.);
#5479 = CARTESIAN_POINT('',(19.188674496644,32.584563758389,5.5));
#5480 = CARTESIAN_POINT('',(19.011325503356,32.745637583893,5.5));
#5481 = CARTESIAN_POINT('',(18.716862416107,32.745637583893,5.5));
#5482 = ORIENTED_EDGE('',*,*,#5433,.T.);
#5483 = ORIENTED_EDGE('',*,*,#1088,.F.);
#5484 = ORIENTED_EDGE('',*,*,#5485,.F.);
#5485 = EDGE_CURVE('',#5476,#1089,#5486,.T.);
#5486 = LINE('',#5487,#5488);
#5487 = CARTESIAN_POINT('',(18.716862416107,32.745637583893,5.5));
#5488 = VECTOR('',#5489,1.);
#5489 = DIRECTION('',(0.,0.,1.));
#5490 = SURFACE_OF_LINEAR_EXTRUSION('',#5491,#5495);
#5491 = B_SPLINE_CURVE_WITH_KNOTS('',2,(#5492,#5493,#5494),
  .UNSPECIFIED.,.F.,.F.,(3,3),(0.,1.),.PIECEWISE_BEZIER_KNOTS.);
#5492 = CARTESIAN_POINT('',(19.188674496644,32.584563758389,5.5));
#5493 = CARTESIAN_POINT('',(19.011325503356,32.745637583893,5.5));
#5494 = CARTESIAN_POINT('',(18.716862416107,32.745637583893,5.5));
#5495 = VECTOR('',#5496,1.);
#5496 = DIRECTION('',(-0.,-0.,-1.));
#5497 = ADVANCED_FACE('',(#5498),#5516,.F.);
#5498 = FACE_BOUND('',#5499,.F.);
#5499 = EDGE_LOOP('',(#5500,#5508,#5514,#5515));
#5500 = ORIENTED_EDGE('',*,*,#5501,.F.);
#5501 = EDGE_CURVE('',#5502,#5450,#5504,.T.);
#5502 = VERTEX_POINT('',#5503);
#5503 = CARTESIAN_POINT('',(17.644714765101,32.359060402685,5.5));
#5504 = LINE('',#5505,#5506);
#5505 = CARTESIAN_POINT('',(17.644714765101,32.359060402685,5.5));
#5506 = VECTOR('',#5507,1.);
#5507 = DIRECTION('',(0.,1.,0.));
#5508 = ORIENTED_EDGE('',*,*,#5509,.T.);
#5509 = EDGE_CURVE('',#5502,#1115,#5510,.T.);
#5510 = LINE('',#5511,#5512);
#5511 = CARTESIAN_POINT('',(17.644714765101,32.359060402685,5.5));
#5512 = VECTOR('',#5513,1.);
#5513 = DIRECTION('',(0.,0.,1.));
#5514 = ORIENTED_EDGE('',*,*,#1125,.F.);
#5515 = ORIENTED_EDGE('',*,*,#5457,.F.);
#5516 = PLANE('',#5517);
#5517 = AXIS2_PLACEMENT_3D('',#5518,#5519,#5520);
#5518 = CARTESIAN_POINT('',(17.644714765101,32.359060402685,5.5));
#5519 = DIRECTION('',(-1.,0.,0.));
#5520 = DIRECTION('',(0.,1.,0.));
#5521 = ADVANCED_FACE('',(#5522),#5540,.F.);
#5522 = FACE_BOUND('',#5523,.F.);
#5523 = EDGE_LOOP('',(#5524,#5532,#5533,#5534));
#5524 = ORIENTED_EDGE('',*,*,#5525,.F.);
#5525 = EDGE_CURVE('',#5476,#5526,#5528,.T.);
#5526 = VERTEX_POINT('',#5527);
#5527 = CARTESIAN_POINT('',(18.22105704698,32.648322147651,5.5));
#5528 = B_SPLINE_CURVE_WITH_KNOTS('',2,(#5529,#5530,#5531),
  .UNSPECIFIED.,.F.,.F.,(3,3),(0.,1.),.PIECEWISE_BEZIER_KNOTS.);
#5529 = CARTESIAN_POINT('',(18.716862416107,32.745637583893,5.5));
#5530 = CARTESIAN_POINT('',(18.490352348993,32.745637583893,5.5));
#5531 = CARTESIAN_POINT('',(18.22105704698,32.648322147651,5.5));
#5532 = ORIENTED_EDGE('',*,*,#5485,.T.);
#5533 = ORIENTED_EDGE('',*,*,#1103,.F.);
#5534 = ORIENTED_EDGE('',*,*,#5535,.F.);
#5535 = EDGE_CURVE('',#5526,#1104,#5536,.T.);
#5536 = LINE('',#5537,#5538);
#5537 = CARTESIAN_POINT('',(18.22105704698,32.648322147651,5.5));
#5538 = VECTOR('',#5539,1.);
#5539 = DIRECTION('',(0.,0.,1.));
#5540 = SURFACE_OF_LINEAR_EXTRUSION('',#5541,#5545);
#5541 = B_SPLINE_CURVE_WITH_KNOTS('',2,(#5542,#5543,#5544),
  .UNSPECIFIED.,.F.,.F.,(3,3),(0.,1.),.PIECEWISE_BEZIER_KNOTS.);
#5542 = CARTESIAN_POINT('',(18.716862416107,32.745637583893,5.5));
#5543 = CARTESIAN_POINT('',(18.490352348993,32.745637583893,5.5));
#5544 = CARTESIAN_POINT('',(18.22105704698,32.648322147651,5.5));
#5545 = VECTOR('',#5546,1.);
#5546 = DIRECTION('',(-0.,-0.,-1.));
#5547 = ADVANCED_FACE('',(#5548),#5559,.F.);
#5548 = FACE_BOUND('',#5549,.F.);
#5549 = EDGE_LOOP('',(#5550,#5556,#5557,#5558));
#5550 = ORIENTED_EDGE('',*,*,#5551,.F.);
#5551 = EDGE_CURVE('',#5526,#5502,#5552,.T.);
#5552 = B_SPLINE_CURVE_WITH_KNOTS('',2,(#5553,#5554,#5555),
  .UNSPECIFIED.,.F.,.F.,(3,3),(0.,1.),.PIECEWISE_BEZIER_KNOTS.);
#5553 = CARTESIAN_POINT('',(18.22105704698,32.648322147651,5.5));
#5554 = CARTESIAN_POINT('',(17.951761744966,32.551006711409,5.5));
#5555 = CARTESIAN_POINT('',(17.644714765101,32.359060402685,5.5));
#5556 = ORIENTED_EDGE('',*,*,#5535,.T.);
#5557 = ORIENTED_EDGE('',*,*,#1114,.F.);
#5558 = ORIENTED_EDGE('',*,*,#5509,.F.);
#5559 = SURFACE_OF_LINEAR_EXTRUSION('',#5560,#5564);
#5560 = B_SPLINE_CURVE_WITH_KNOTS('',2,(#5561,#5562,#5563),
  .UNSPECIFIED.,.F.,.F.,(3,3),(0.,1.),.PIECEWISE_BEZIER_KNOTS.);
#5561 = CARTESIAN_POINT('',(18.22105704698,32.648322147651,5.5));
#5562 = CARTESIAN_POINT('',(17.951761744966,32.551006711409,5.5));
#5563 = CARTESIAN_POINT('',(17.644714765101,32.359060402685,5.5));
#5564 = VECTOR('',#5565,1.);
#5565 = DIRECTION('',(-0.,-0.,-1.));
#5566 = ADVANCED_FACE('',(#5567),#5592,.F.);
#5567 = FACE_BOUND('',#5568,.F.);
#5568 = EDGE_LOOP('',(#5569,#5579,#5585,#5586));
#5569 = ORIENTED_EDGE('',*,*,#5570,.F.);
#5570 = EDGE_CURVE('',#5571,#5573,#5575,.T.);
#5571 = VERTEX_POINT('',#5572);
#5572 = CARTESIAN_POINT('',(31.640520134228,31.649496644295,5.5));
#5573 = VERTEX_POINT('',#5574);
#5574 = CARTESIAN_POINT('',(32.218036912752,31.30855704698,5.5));
#5575 = B_SPLINE_CURVE_WITH_KNOTS('',2,(#5576,#5577,#5578),
  .UNSPECIFIED.,.F.,.F.,(3,3),(0.,1.),.PIECEWISE_BEZIER_KNOTS.);
#5576 = CARTESIAN_POINT('',(31.640520134228,31.649496644295,5.5));
#5577 = CARTESIAN_POINT('',(32.020553691275,31.551342281879,5.5));
#5578 = CARTESIAN_POINT('',(32.218036912752,31.30855704698,5.5));
#5579 = ORIENTED_EDGE('',*,*,#5580,.T.);
#5580 = EDGE_CURVE('',#5571,#1229,#5581,.T.);
#5581 = LINE('',#5582,#5583);
#5582 = CARTESIAN_POINT('',(31.640520134228,31.649496644295,5.5));
#5583 = VECTOR('',#5584,1.);
#5584 = DIRECTION('',(0.,0.,1.));
#5585 = ORIENTED_EDGE('',*,*,#1226,.F.);
#5586 = ORIENTED_EDGE('',*,*,#5587,.F.);
#5587 = EDGE_CURVE('',#5573,#1227,#5588,.T.);
#5588 = LINE('',#5589,#5590);
#5589 = CARTESIAN_POINT('',(32.218036912752,31.30855704698,5.5));
#5590 = VECTOR('',#5591,1.);
#5591 = DIRECTION('',(0.,0.,1.));
#5592 = SURFACE_OF_LINEAR_EXTRUSION('',#5593,#5597);
#5593 = B_SPLINE_CURVE_WITH_KNOTS('',2,(#5594,#5595,#5596),
  .UNSPECIFIED.,.F.,.F.,(3,3),(0.,1.),.PIECEWISE_BEZIER_KNOTS.);
#5594 = CARTESIAN_POINT('',(31.640520134228,31.649496644295,5.5));
#5595 = CARTESIAN_POINT('',(32.020553691275,31.551342281879,5.5));
#5596 = CARTESIAN_POINT('',(32.218036912752,31.30855704698,5.5));
#5597 = VECTOR('',#5598,1.);
#5598 = DIRECTION('',(-0.,-0.,-1.));
#5599 = ADVANCED_FACE('',(#5600),#5618,.F.);
#5600 = FACE_BOUND('',#5601,.F.);
#5601 = EDGE_LOOP('',(#5602,#5610,#5611,#5612));
#5602 = ORIENTED_EDGE('',*,*,#5603,.F.);
#5603 = EDGE_CURVE('',#5573,#5604,#5606,.T.);
#5604 = VERTEX_POINT('',#5605);
#5605 = CARTESIAN_POINT('',(32.415687919463,30.690771812081,5.5));
#5606 = B_SPLINE_CURVE_WITH_KNOTS('',2,(#5607,#5608,#5609),
  .UNSPECIFIED.,.F.,.F.,(3,3),(0.,1.),.PIECEWISE_BEZIER_KNOTS.);
#5607 = CARTESIAN_POINT('',(32.218036912752,31.30855704698,5.5));
#5608 = CARTESIAN_POINT('',(32.415687919463,31.065771812081,5.5));
#5609 = CARTESIAN_POINT('',(32.415687919463,30.690771812081,5.5));
#5610 = ORIENTED_EDGE('',*,*,#5587,.T.);
#5611 = ORIENTED_EDGE('',*,*,#1243,.F.);
#5612 = ORIENTED_EDGE('',*,*,#5613,.F.);
#5613 = EDGE_CURVE('',#5604,#1244,#5614,.T.);
#5614 = LINE('',#5615,#5616);
#5615 = CARTESIAN_POINT('',(32.415687919463,30.690771812081,5.5));
#5616 = VECTOR('',#5617,1.);
#5617 = DIRECTION('',(0.,0.,1.));
#5618 = SURFACE_OF_LINEAR_EXTRUSION('',#5619,#5623);
#5619 = B_SPLINE_CURVE_WITH_KNOTS('',2,(#5620,#5621,#5622),
  .UNSPECIFIED.,.F.,.F.,(3,3),(0.,1.),.PIECEWISE_BEZIER_KNOTS.);
#5620 = CARTESIAN_POINT('',(32.218036912752,31.30855704698,5.5));
#5621 = CARTESIAN_POINT('',(32.415687919463,31.065771812081,5.5));
#5622 = CARTESIAN_POINT('',(32.415687919463,30.690771812081,5.5));
#5623 = VECTOR('',#5624,1.);
#5624 = DIRECTION('',(-0.,-0.,-1.));
#5625 = ADVANCED_FACE('',(#5626),#5644,.F.);
#5626 = FACE_BOUND('',#5627,.F.);
#5627 = EDGE_LOOP('',(#5628,#5636,#5642,#5643));
#5628 = ORIENTED_EDGE('',*,*,#5629,.F.);
#5629 = EDGE_CURVE('',#5630,#5571,#5632,.T.);
#5630 = VERTEX_POINT('',#5631);
#5631 = CARTESIAN_POINT('',(32.15394295302,31.945134228188,5.5));
#5632 = B_SPLINE_CURVE_WITH_KNOTS('',2,(#5633,#5634,#5635),
  .UNSPECIFIED.,.F.,.F.,(3,3),(0.,1.),.PIECEWISE_BEZIER_KNOTS.);
#5633 = CARTESIAN_POINT('',(32.15394295302,31.945134228188,5.5));
#5634 = CARTESIAN_POINT('',(31.980285234899,31.735067114094,5.5));
#5635 = CARTESIAN_POINT('',(31.640520134228,31.649496644295,5.5));
#5636 = ORIENTED_EDGE('',*,*,#5637,.T.);
#5637 = EDGE_CURVE('',#5630,#1563,#5638,.T.);
#5638 = LINE('',#5639,#5640);
#5639 = CARTESIAN_POINT('',(32.15394295302,31.945134228188,5.5));
#5640 = VECTOR('',#5641,1.);
#5641 = DIRECTION('',(0.,0.,1.));
#5642 = ORIENTED_EDGE('',*,*,#1577,.F.);
#5643 = ORIENTED_EDGE('',*,*,#5580,.F.);
#5644 = SURFACE_OF_LINEAR_EXTRUSION('',#5645,#5649);
#5645 = B_SPLINE_CURVE_WITH_KNOTS('',2,(#5646,#5647,#5648),
  .UNSPECIFIED.,.F.,.F.,(3,3),(0.,1.),.PIECEWISE_BEZIER_KNOTS.);
#5646 = CARTESIAN_POINT('',(32.15394295302,31.945134228188,5.5));
#5647 = CARTESIAN_POINT('',(31.980285234899,31.735067114094,5.5));
#5648 = CARTESIAN_POINT('',(31.640520134228,31.649496644295,5.5));
#5649 = VECTOR('',#5650,1.);
#5650 = DIRECTION('',(-0.,-0.,-1.));
#5651 = ADVANCED_FACE('',(#5652),#5670,.F.);
#5652 = FACE_BOUND('',#5653,.F.);
#5653 = EDGE_LOOP('',(#5654,#5662,#5663,#5664));
#5654 = ORIENTED_EDGE('',*,*,#5655,.F.);
#5655 = EDGE_CURVE('',#5604,#5656,#5658,.T.);
#5656 = VERTEX_POINT('',#5657);
#5657 = CARTESIAN_POINT('',(31.98783557047,29.841610738255,5.5));
#5658 = B_SPLINE_CURVE_WITH_KNOTS('',2,(#5659,#5660,#5661),
  .UNSPECIFIED.,.F.,.F.,(3,3),(0.,1.),.PIECEWISE_BEZIER_KNOTS.);
#5659 = CARTESIAN_POINT('',(32.415687919463,30.690771812081,5.5));
#5660 = CARTESIAN_POINT('',(32.415687919463,30.132214765101,5.5));
#5661 = CARTESIAN_POINT('',(31.98783557047,29.841610738255,5.5));
#5662 = ORIENTED_EDGE('',*,*,#5613,.T.);
#5663 = ORIENTED_EDGE('',*,*,#1260,.F.);
#5664 = ORIENTED_EDGE('',*,*,#5665,.F.);
#5665 = EDGE_CURVE('',#5656,#1261,#5666,.T.);
#5666 = LINE('',#5667,#5668);
#5667 = CARTESIAN_POINT('',(31.98783557047,29.841610738255,5.5));
#5668 = VECTOR('',#5669,1.);
#5669 = DIRECTION('',(0.,0.,1.));
#5670 = SURFACE_OF_LINEAR_EXTRUSION('',#5671,#5675);
#5671 = B_SPLINE_CURVE_WITH_KNOTS('',2,(#5672,#5673,#5674),
  .UNSPECIFIED.,.F.,.F.,(3,3),(0.,1.),.PIECEWISE_BEZIER_KNOTS.);
#5672 = CARTESIAN_POINT('',(32.415687919463,30.690771812081,5.5));
#5673 = CARTESIAN_POINT('',(32.415687919463,30.132214765101,5.5));
#5674 = CARTESIAN_POINT('',(31.98783557047,29.841610738255,5.5));
#5675 = VECTOR('',#5676,1.);
#5676 = DIRECTION('',(-0.,-0.,-1.));
#5677 = ADVANCED_FACE('',(#5678),#5696,.F.);
#5678 = FACE_BOUND('',#5679,.F.);
#5679 = EDGE_LOOP('',(#5680,#5688,#5694,#5695));
#5680 = ORIENTED_EDGE('',*,*,#5681,.F.);
#5681 = EDGE_CURVE('',#5682,#5630,#5684,.T.);
#5682 = VERTEX_POINT('',#5683);
#5683 = CARTESIAN_POINT('',(32.327600671141,32.485067114094,5.5));
#5684 = B_SPLINE_CURVE_WITH_KNOTS('',2,(#5685,#5686,#5687),
  .UNSPECIFIED.,.F.,.F.,(3,3),(0.,1.),.PIECEWISE_BEZIER_KNOTS.);
#5685 = CARTESIAN_POINT('',(32.327600671141,32.485067114094,5.5));
#5686 = CARTESIAN_POINT('',(32.327600671141,32.155369127517,5.5));
#5687 = CARTESIAN_POINT('',(32.15394295302,31.945134228188,5.5));
#5688 = ORIENTED_EDGE('',*,*,#5689,.T.);
#5689 = EDGE_CURVE('',#5682,#1544,#5690,.T.);
#5690 = LINE('',#5691,#5692);
#5691 = CARTESIAN_POINT('',(32.327600671141,32.485067114094,5.5));
#5692 = VECTOR('',#5693,1.);
#5693 = DIRECTION('',(0.,0.,1.));
#5694 = ORIENTED_EDGE('',*,*,#1562,.F.);
#5695 = ORIENTED_EDGE('',*,*,#5637,.F.);
#5696 = SURFACE_OF_LINEAR_EXTRUSION('',#5697,#5701);
#5697 = B_SPLINE_CURVE_WITH_KNOTS('',2,(#5698,#5699,#5700),
  .UNSPECIFIED.,.F.,.F.,(3,3),(0.,1.),.PIECEWISE_BEZIER_KNOTS.);
#5698 = CARTESIAN_POINT('',(32.327600671141,32.485067114094,5.5));
#5699 = CARTESIAN_POINT('',(32.327600671141,32.155369127517,5.5));
#5700 = CARTESIAN_POINT('',(32.15394295302,31.945134228188,5.5));
#5701 = VECTOR('',#5702,1.);
#5702 = DIRECTION('',(-0.,-0.,-1.));
#5703 = ADVANCED_FACE('',(#5704),#5722,.F.);
#5704 = FACE_BOUND('',#5705,.F.);
#5705 = EDGE_LOOP('',(#5706,#5714,#5715,#5716));
#5706 = ORIENTED_EDGE('',*,*,#5707,.F.);
#5707 = EDGE_CURVE('',#5656,#5708,#5710,.T.);
#5708 = VERTEX_POINT('',#5709);
#5709 = CARTESIAN_POINT('',(30.739513422819,29.551006711409,5.5));
#5710 = B_SPLINE_CURVE_WITH_KNOTS('',2,(#5711,#5712,#5713),
  .UNSPECIFIED.,.F.,.F.,(3,3),(0.,1.),.PIECEWISE_BEZIER_KNOTS.);
#5711 = CARTESIAN_POINT('',(31.98783557047,29.841610738255,5.5));
#5712 = CARTESIAN_POINT('',(31.559983221477,29.551006711409,5.5));
#5713 = CARTESIAN_POINT('',(30.739513422819,29.551006711409,5.5));
#5714 = ORIENTED_EDGE('',*,*,#5665,.T.);
#5715 = ORIENTED_EDGE('',*,*,#1279,.F.);
#5716 = ORIENTED_EDGE('',*,*,#5717,.F.);
#5717 = EDGE_CURVE('',#5708,#1280,#5718,.T.);
#5718 = LINE('',#5719,#5720);
#5719 = CARTESIAN_POINT('',(30.739513422819,29.551006711409,5.5));
#5720 = VECTOR('',#5721,1.);
#5721 = DIRECTION('',(0.,0.,1.));
#5722 = SURFACE_OF_LINEAR_EXTRUSION('',#5723,#5727);
#5723 = B_SPLINE_CURVE_WITH_KNOTS('',2,(#5724,#5725,#5726),
  .UNSPECIFIED.,.F.,.F.,(3,3),(0.,1.),.PIECEWISE_BEZIER_KNOTS.);
#5724 = CARTESIAN_POINT('',(31.98783557047,29.841610738255,5.5));
#5725 = CARTESIAN_POINT('',(31.559983221477,29.551006711409,5.5));
#5726 = CARTESIAN_POINT('',(30.739513422819,29.551006711409,5.5));
#5727 = VECTOR('',#5728,1.);
#5728 = DIRECTION('',(-0.,-0.,-1.));
#5729 = ADVANCED_FACE('',(#5730),#5748,.F.);
#5730 = FACE_BOUND('',#5731,.F.);
#5731 = EDGE_LOOP('',(#5732,#5740,#5746,#5747));
#5732 = ORIENTED_EDGE('',*,*,#5733,.F.);
#5733 = EDGE_CURVE('',#5734,#5682,#5736,.T.);
#5734 = VERTEX_POINT('',#5735);
#5735 = CARTESIAN_POINT('',(31.963842281879,33.20855704698,5.5));
#5736 = B_SPLINE_CURVE_WITH_KNOTS('',2,(#5737,#5738,#5739),
  .UNSPECIFIED.,.F.,.F.,(3,3),(0.,1.),.PIECEWISE_BEZIER_KNOTS.);
#5737 = CARTESIAN_POINT('',(31.963842281879,33.20855704698,5.5));
#5738 = CARTESIAN_POINT('',(32.327600671141,32.968288590604,5.5));
#5739 = CARTESIAN_POINT('',(32.327600671141,32.485067114094,5.5));
#5740 = ORIENTED_EDGE('',*,*,#5741,.T.);
#5741 = EDGE_CURVE('',#5734,#1527,#5742,.T.);
#5742 = LINE('',#5743,#5744);
#5743 = CARTESIAN_POINT('',(31.963842281879,33.20855704698,5.5));
#5744 = VECTOR('',#5745,1.);
#5745 = DIRECTION('',(0.,0.,1.));
#5746 = ORIENTED_EDGE('',*,*,#1543,.F.);
#5747 = ORIENTED_EDGE('',*,*,#5689,.F.);
#5748 = SURFACE_OF_LINEAR_EXTRUSION('',#5749,#5753);
#5749 = B_SPLINE_CURVE_WITH_KNOTS('',2,(#5750,#5751,#5752),
  .UNSPECIFIED.,.F.,.F.,(3,3),(0.,1.),.PIECEWISE_BEZIER_KNOTS.);
#5750 = CARTESIAN_POINT('',(31.963842281879,33.20855704698,5.5));
#5751 = CARTESIAN_POINT('',(32.327600671141,32.968288590604,5.5));
#5752 = CARTESIAN_POINT('',(32.327600671141,32.485067114094,5.5));
#5753 = VECTOR('',#5754,1.);
#5754 = DIRECTION('',(-0.,-0.,-1.));
#5755 = ADVANCED_FACE('',(#5756),#5774,.F.);
#5756 = FACE_BOUND('',#5757,.F.);
#5757 = EDGE_LOOP('',(#5758,#5766,#5767,#5768));
#5758 = ORIENTED_EDGE('',*,*,#5759,.F.);
#5759 = EDGE_CURVE('',#5708,#5760,#5762,.T.);
#5760 = VERTEX_POINT('',#5761);
#5761 = CARTESIAN_POINT('',(30.159312080537,29.596644295302,5.5));
#5762 = B_SPLINE_CURVE_WITH_KNOTS('',2,(#5763,#5764,#5765),
  .UNSPECIFIED.,.F.,.F.,(3,3),(0.,1.),.PIECEWISE_BEZIER_KNOTS.);
#5763 = CARTESIAN_POINT('',(30.739513422819,29.551006711409,5.5));
#5764 = CARTESIAN_POINT('',(30.450083892617,29.551006711409,5.5));
#5765 = CARTESIAN_POINT('',(30.159312080537,29.596644295302,5.5));
#5766 = ORIENTED_EDGE('',*,*,#5717,.T.);
#5767 = ORIENTED_EDGE('',*,*,#1296,.F.);
#5768 = ORIENTED_EDGE('',*,*,#5769,.F.);
#5769 = EDGE_CURVE('',#5760,#1297,#5770,.T.);
#5770 = LINE('',#5771,#5772);
#5771 = CARTESIAN_POINT('',(30.159312080537,29.596644295302,5.5));
#5772 = VECTOR('',#5773,1.);
#5773 = DIRECTION('',(0.,0.,1.));
#5774 = SURFACE_OF_LINEAR_EXTRUSION('',#5775,#5779);
#5775 = B_SPLINE_CURVE_WITH_KNOTS('',2,(#5776,#5777,#5778),
  .UNSPECIFIED.,.F.,.F.,(3,3),(0.,1.),.PIECEWISE_BEZIER_KNOTS.);
#5776 = CARTESIAN_POINT('',(30.739513422819,29.551006711409,5.5));
#5777 = CARTESIAN_POINT('',(30.450083892617,29.551006711409,5.5));
#5778 = CARTESIAN_POINT('',(30.159312080537,29.596644295302,5.5));
#5779 = VECTOR('',#5780,1.);
#5780 = DIRECTION('',(-0.,-0.,-1.));
#5781 = ADVANCED_FACE('',(#5782),#5800,.F.);
#5782 = FACE_BOUND('',#5783,.F.);
#5783 = EDGE_LOOP('',(#5784,#5792,#5798,#5799));
#5784 = ORIENTED_EDGE('',*,*,#5785,.F.);
#5785 = EDGE_CURVE('',#5786,#5734,#5788,.T.);
#5786 = VERTEX_POINT('',#5787);
#5787 = CARTESIAN_POINT('',(30.867869127517,33.448993288591,5.5));
#5788 = B_SPLINE_CURVE_WITH_KNOTS('',2,(#5789,#5790,#5791),
  .UNSPECIFIED.,.F.,.F.,(3,3),(0.,1.),.PIECEWISE_BEZIER_KNOTS.);
#5789 = CARTESIAN_POINT('',(30.867869127517,33.448993288591,5.5));
#5790 = CARTESIAN_POINT('',(31.600251677852,33.448993288591,5.5));
#5791 = CARTESIAN_POINT('',(31.963842281879,33.20855704698,5.5));
#5792 = ORIENTED_EDGE('',*,*,#5793,.T.);
#5793 = EDGE_CURVE('',#5786,#1517,#5794,.T.);
#5794 = LINE('',#5795,#5796);
#5795 = CARTESIAN_POINT('',(30.867869127517,33.448993288591,5.5));
#5796 = VECTOR('',#5797,1.);
#5797 = DIRECTION('',(0.,0.,1.));
#5798 = ORIENTED_EDGE('',*,*,#1526,.F.);
#5799 = ORIENTED_EDGE('',*,*,#5741,.F.);
#5800 = SURFACE_OF_LINEAR_EXTRUSION('',#5801,#5805);
#5801 = B_SPLINE_CURVE_WITH_KNOTS('',2,(#5802,#5803,#5804),
  .UNSPECIFIED.,.F.,.F.,(3,3),(0.,1.),.PIECEWISE_BEZIER_KNOTS.);
#5802 = CARTESIAN_POINT('',(30.867869127517,33.448993288591,5.5));
#5803 = CARTESIAN_POINT('',(31.600251677852,33.448993288591,5.5));
#5804 = CARTESIAN_POINT('',(31.963842281879,33.20855704698,5.5));
#5805 = VECTOR('',#5806,1.);
#5806 = DIRECTION('',(-0.,-0.,-1.));
#5807 = ADVANCED_FACE('',(#5808),#5826,.F.);
#5808 = FACE_BOUND('',#5809,.F.);
#5809 = EDGE_LOOP('',(#5810,#5818,#5819,#5820));
#5810 = ORIENTED_EDGE('',*,*,#5811,.F.);
#5811 = EDGE_CURVE('',#5760,#5812,#5814,.T.);
#5812 = VERTEX_POINT('',#5813);
#5813 = CARTESIAN_POINT('',(29.584312080537,29.73355704698,5.5));
#5814 = B_SPLINE_CURVE_WITH_KNOTS('',2,(#5815,#5816,#5817),
  .UNSPECIFIED.,.F.,.F.,(3,3),(0.,1.),.PIECEWISE_BEZIER_KNOTS.);
#5815 = CARTESIAN_POINT('',(30.159312080537,29.596644295302,5.5));
#5816 = CARTESIAN_POINT('',(29.868708053691,29.642281879195,5.5));
#5817 = CARTESIAN_POINT('',(29.584312080537,29.73355704698,5.5));
#5818 = ORIENTED_EDGE('',*,*,#5769,.T.);
#5819 = ORIENTED_EDGE('',*,*,#1306,.F.);
#5820 = ORIENTED_EDGE('',*,*,#5821,.F.);
#5821 = EDGE_CURVE('',#5812,#1307,#5822,.T.);
#5822 = LINE('',#5823,#5824);
#5823 = CARTESIAN_POINT('',(29.584312080537,29.73355704698,5.5));
#5824 = VECTOR('',#5825,1.);
#5825 = DIRECTION('',(0.,0.,1.));
#5826 = SURFACE_OF_LINEAR_EXTRUSION('',#5827,#5831);
#5827 = B_SPLINE_CURVE_WITH_KNOTS('',2,(#5828,#5829,#5830),
  .UNSPECIFIED.,.F.,.F.,(3,3),(0.,1.),.PIECEWISE_BEZIER_KNOTS.);
#5828 = CARTESIAN_POINT('',(30.159312080537,29.596644295302,5.5));
#5829 = CARTESIAN_POINT('',(29.868708053691,29.642281879195,5.5));
#5830 = CARTESIAN_POINT('',(29.584312080537,29.73355704698,5.5));
#5831 = VECTOR('',#5832,1.);
#5832 = DIRECTION('',(-0.,-0.,-1.));
#5833 = ADVANCED_FACE('',(#5834),#5852,.F.);
#5834 = FACE_BOUND('',#5835,.F.);
#5835 = EDGE_LOOP('',(#5836,#5844,#5850,#5851));
#5836 = ORIENTED_EDGE('',*,*,#5837,.F.);
#5837 = EDGE_CURVE('',#5838,#5786,#5840,.T.);
#5838 = VERTEX_POINT('',#5839);
#5839 = CARTESIAN_POINT('',(30.314177852349,33.408724832215,5.5));
#5840 = B_SPLINE_CURVE_WITH_KNOTS('',2,(#5841,#5842,#5843),
  .UNSPECIFIED.,.F.,.F.,(3,3),(0.,1.),.PIECEWISE_BEZIER_KNOTS.);
#5841 = CARTESIAN_POINT('',(30.314177852349,33.408724832215,5.5));
#5842 = CARTESIAN_POINT('',(30.59605704698,33.448993288591,5.5));
#5843 = CARTESIAN_POINT('',(30.867869127517,33.448993288591,5.5));
#5844 = ORIENTED_EDGE('',*,*,#5845,.T.);
#5845 = EDGE_CURVE('',#5838,#1507,#5846,.T.);
#5846 = LINE('',#5847,#5848);
#5847 = CARTESIAN_POINT('',(30.314177852349,33.408724832215,5.5));
#5848 = VECTOR('',#5849,1.);
#5849 = DIRECTION('',(0.,0.,1.));
#5850 = ORIENTED_EDGE('',*,*,#1516,.F.);
#5851 = ORIENTED_EDGE('',*,*,#5793,.F.);
#5852 = SURFACE_OF_LINEAR_EXTRUSION('',#5853,#5857);
#5853 = B_SPLINE_CURVE_WITH_KNOTS('',2,(#5854,#5855,#5856),
  .UNSPECIFIED.,.F.,.F.,(3,3),(0.,1.),.PIECEWISE_BEZIER_KNOTS.);
#5854 = CARTESIAN_POINT('',(30.314177852349,33.408724832215,5.5));
#5855 = CARTESIAN_POINT('',(30.59605704698,33.448993288591,5.5));
#5856 = CARTESIAN_POINT('',(30.867869127517,33.448993288591,5.5));
#5857 = VECTOR('',#5858,1.);
#5858 = DIRECTION('',(-0.,-0.,-1.));
#5859 = ADVANCED_FACE('',(#5860),#5878,.F.);
#5860 = FACE_BOUND('',#5861,.F.);
#5861 = EDGE_LOOP('',(#5862,#5870,#5871,#5872));
#5862 = ORIENTED_EDGE('',*,*,#5863,.F.);
#5863 = EDGE_CURVE('',#5812,#5864,#5866,.T.);
#5864 = VERTEX_POINT('',#5865);
#5865 = CARTESIAN_POINT('',(29.584312080537,30.485234899329,5.5));
#5866 = LINE('',#5867,#5868);
#5867 = CARTESIAN_POINT('',(29.584312080537,29.73355704698,5.5));
#5868 = VECTOR('',#5869,1.);
#5869 = DIRECTION('',(0.,1.,0.));
#5870 = ORIENTED_EDGE('',*,*,#5821,.T.);
#5871 = ORIENTED_EDGE('',*,*,#1316,.F.);
#5872 = ORIENTED_EDGE('',*,*,#5873,.F.);
#5873 = EDGE_CURVE('',#5864,#1317,#5874,.T.);
#5874 = LINE('',#5875,#5876);
#5875 = CARTESIAN_POINT('',(29.584312080537,30.485234899329,5.5));
#5876 = VECTOR('',#5877,1.);
#5877 = DIRECTION('',(0.,0.,1.));
#5878 = PLANE('',#5879);
#5879 = AXIS2_PLACEMENT_3D('',#5880,#5881,#5882);
#5880 = CARTESIAN_POINT('',(29.584312080537,29.73355704698,5.5));
#5881 = DIRECTION('',(-1.,0.,0.));
#5882 = DIRECTION('',(0.,1.,0.));
#5883 = ADVANCED_FACE('',(#5884),#5902,.F.);
#5884 = FACE_BOUND('',#5885,.F.);
#5885 = EDGE_LOOP('',(#5886,#5894,#5900,#5901));
#5886 = ORIENTED_EDGE('',*,*,#5887,.F.);
#5887 = EDGE_CURVE('',#5888,#5838,#5890,.T.);
#5888 = VERTEX_POINT('',#5889);
#5889 = CARTESIAN_POINT('',(29.74538590604,33.287919463087,5.5));
#5890 = B_SPLINE_CURVE_WITH_KNOTS('',2,(#5891,#5892,#5893),
  .UNSPECIFIED.,.F.,.F.,(3,3),(0.,1.),.PIECEWISE_BEZIER_KNOTS.);
#5891 = CARTESIAN_POINT('',(29.74538590604,33.287919463087,5.5));
#5892 = CARTESIAN_POINT('',(30.032298657718,33.368456375839,5.5));
#5893 = CARTESIAN_POINT('',(30.314177852349,33.408724832215,5.5));
#5894 = ORIENTED_EDGE('',*,*,#5895,.T.);
#5895 = EDGE_CURVE('',#5888,#1499,#5896,.T.);
#5896 = LINE('',#5897,#5898);
#5897 = CARTESIAN_POINT('',(29.74538590604,33.287919463087,5.5));
#5898 = VECTOR('',#5899,1.);
#5899 = DIRECTION('',(0.,0.,1.));
#5900 = ORIENTED_EDGE('',*,*,#1506,.F.);
#5901 = ORIENTED_EDGE('',*,*,#5845,.F.);
#5902 = SURFACE_OF_LINEAR_EXTRUSION('',#5903,#5907);
#5903 = B_SPLINE_CURVE_WITH_KNOTS('',2,(#5904,#5905,#5906),
  .UNSPECIFIED.,.F.,.F.,(3,3),(0.,1.),.PIECEWISE_BEZIER_KNOTS.);
#5904 = CARTESIAN_POINT('',(29.74538590604,33.287919463087,5.5));
#5905 = CARTESIAN_POINT('',(30.032298657718,33.368456375839,5.5));
#5906 = CARTESIAN_POINT('',(30.314177852349,33.408724832215,5.5));
#5907 = VECTOR('',#5908,1.);
#5908 = DIRECTION('',(-0.,-0.,-1.));
#5909 = ADVANCED_FACE('',(#5910),#5928,.F.);
#5910 = FACE_BOUND('',#5911,.F.);
#5911 = EDGE_LOOP('',(#5912,#5920,#5921,#5922));
#5912 = ORIENTED_EDGE('',*,*,#5913,.F.);
#5913 = EDGE_CURVE('',#5864,#5914,#5916,.T.);
#5914 = VERTEX_POINT('',#5915);
#5915 = CARTESIAN_POINT('',(30.124077181208,30.276510067114,5.5));
#5916 = B_SPLINE_CURVE_WITH_KNOTS('',2,(#5917,#5918,#5919),
  .UNSPECIFIED.,.F.,.F.,(3,3),(0.,1.),.PIECEWISE_BEZIER_KNOTS.);
#5917 = CARTESIAN_POINT('',(29.584312080537,30.485234899329,5.5));
#5918 = CARTESIAN_POINT('',(29.856124161074,30.346979865772,5.5));
#5919 = CARTESIAN_POINT('',(30.124077181208,30.276510067114,5.5));
#5920 = ORIENTED_EDGE('',*,*,#5873,.T.);
#5921 = ORIENTED_EDGE('',*,*,#1324,.F.);
#5922 = ORIENTED_EDGE('',*,*,#5923,.F.);
#5923 = EDGE_CURVE('',#5914,#1325,#5924,.T.);
#5924 = LINE('',#5925,#5926);
#5925 = CARTESIAN_POINT('',(30.124077181208,30.276510067114,5.5));
#5926 = VECTOR('',#5927,1.);
#5927 = DIRECTION('',(0.,0.,1.));
#5928 = SURFACE_OF_LINEAR_EXTRUSION('',#5929,#5933);
#5929 = B_SPLINE_CURVE_WITH_KNOTS('',2,(#5930,#5931,#5932),
  .UNSPECIFIED.,.F.,.F.,(3,3),(0.,1.),.PIECEWISE_BEZIER_KNOTS.);
#5930 = CARTESIAN_POINT('',(29.584312080537,30.485234899329,5.5));
#5931 = CARTESIAN_POINT('',(29.856124161074,30.346979865772,5.5));
#5932 = CARTESIAN_POINT('',(30.124077181208,30.276510067114,5.5));
#5933 = VECTOR('',#5934,1.);
#5934 = DIRECTION('',(-0.,-0.,-1.));
#5935 = ADVANCED_FACE('',(#5936),#5954,.F.);
#5936 = FACE_BOUND('',#5937,.F.);
#5937 = EDGE_LOOP('',(#5938,#5946,#5952,#5953));
#5938 = ORIENTED_EDGE('',*,*,#5939,.F.);
#5939 = EDGE_CURVE('',#5940,#5888,#5942,.T.);
#5940 = VERTEX_POINT('',#5941);
#5941 = CARTESIAN_POINT('',(29.74538590604,32.579194630872,5.5));
#5942 = LINE('',#5943,#5944);
#5943 = CARTESIAN_POINT('',(29.74538590604,32.579194630872,5.5));
#5944 = VECTOR('',#5945,1.);
#5945 = DIRECTION('',(0.,1.,0.));
#5946 = ORIENTED_EDGE('',*,*,#5947,.T.);
#5947 = EDGE_CURVE('',#5940,#1489,#5948,.T.);
#5948 = LINE('',#5949,#5950);
#5949 = CARTESIAN_POINT('',(29.74538590604,32.579194630872,5.5));
#5950 = VECTOR('',#5951,1.);
#5951 = DIRECTION('',(0.,0.,1.));
#5952 = ORIENTED_EDGE('',*,*,#1498,.F.);
#5953 = ORIENTED_EDGE('',*,*,#5895,.F.);
#5954 = PLANE('',#5955);
#5955 = AXIS2_PLACEMENT_3D('',#5956,#5957,#5958);
#5956 = CARTESIAN_POINT('',(29.74538590604,32.579194630872,5.5));
#5957 = DIRECTION('',(-1.,0.,0.));
#5958 = DIRECTION('',(0.,1.,0.));
#5959 = ADVANCED_FACE('',(#5960),#5978,.F.);
#5960 = FACE_BOUND('',#5961,.F.);
#5961 = EDGE_LOOP('',(#5962,#5970,#5971,#5972));
#5962 = ORIENTED_EDGE('',*,*,#5963,.F.);
#5963 = EDGE_CURVE('',#5914,#5964,#5966,.T.);
#5964 = VERTEX_POINT('',#5965);
#5965 = CARTESIAN_POINT('',(30.651426174497,30.206040268456,5.5));
#5966 = B_SPLINE_CURVE_WITH_KNOTS('',2,(#5967,#5968,#5969),
  .UNSPECIFIED.,.F.,.F.,(3,3),(0.,1.),.PIECEWISE_BEZIER_KNOTS.);
#5967 = CARTESIAN_POINT('',(30.124077181208,30.276510067114,5.5));
#5968 = CARTESIAN_POINT('',(30.392197986577,30.206040268456,5.5));
#5969 = CARTESIAN_POINT('',(30.651426174497,30.206040268456,5.5));
#5970 = ORIENTED_EDGE('',*,*,#5923,.T.);
#5971 = ORIENTED_EDGE('',*,*,#1335,.F.);
#5972 = ORIENTED_EDGE('',*,*,#5973,.F.);
#5973 = EDGE_CURVE('',#5964,#1336,#5974,.T.);
#5974 = LINE('',#5975,#5976);
#5975 = CARTESIAN_POINT('',(30.651426174497,30.206040268456,5.5));
#5976 = VECTOR('',#5977,1.);
#5977 = DIRECTION('',(0.,0.,1.));
#5978 = SURFACE_OF_LINEAR_EXTRUSION('',#5979,#5983);
#5979 = B_SPLINE_CURVE_WITH_KNOTS('',2,(#5980,#5981,#5982),
  .UNSPECIFIED.,.F.,.F.,(3,3),(0.,1.),.PIECEWISE_BEZIER_KNOTS.);
#5980 = CARTESIAN_POINT('',(30.124077181208,30.276510067114,5.5));
#5981 = CARTESIAN_POINT('',(30.392197986577,30.206040268456,5.5));
#5982 = CARTESIAN_POINT('',(30.651426174497,30.206040268456,5.5));
#5983 = VECTOR('',#5984,1.);
#5984 = DIRECTION('',(-0.,-0.,-1.));
#5985 = ADVANCED_FACE('',(#5986),#6004,.F.);
#5986 = FACE_BOUND('',#5987,.F.);
#5987 = EDGE_LOOP('',(#5988,#5996,#6002,#6003));
#5988 = ORIENTED_EDGE('',*,*,#5989,.F.);
#5989 = EDGE_CURVE('',#5990,#5940,#5992,.T.);
#5990 = VERTEX_POINT('',#5991);
#5991 = CARTESIAN_POINT('',(30.22105704698,32.731543624161,5.5));
#5992 = B_SPLINE_CURVE_WITH_KNOTS('',2,(#5993,#5994,#5995),
  .UNSPECIFIED.,.F.,.F.,(3,3),(0.,1.),.PIECEWISE_BEZIER_KNOTS.);
#5993 = CARTESIAN_POINT('',(30.22105704698,32.731543624161,5.5));
#5994 = CARTESIAN_POINT('',(29.981963087248,32.680033557047,5.5));
#5995 = CARTESIAN_POINT('',(29.74538590604,32.579194630872,5.5));
#5996 = ORIENTED_EDGE('',*,*,#5997,.T.);
#5997 = EDGE_CURVE('',#5990,#1479,#5998,.T.);
#5998 = LINE('',#5999,#6000);
#5999 = CARTESIAN_POINT('',(30.22105704698,32.731543624161,5.5));
#6000 = VECTOR('',#6001,1.);
#6001 = DIRECTION('',(0.,0.,1.));
#6002 = ORIENTED_EDGE('',*,*,#1488,.F.);
#6003 = ORIENTED_EDGE('',*,*,#5947,.F.);
#6004 = SURFACE_OF_LINEAR_EXTRUSION('',#6005,#6009);
#6005 = B_SPLINE_CURVE_WITH_KNOTS('',2,(#6006,#6007,#6008),
  .UNSPECIFIED.,.F.,.F.,(3,3),(0.,1.),.PIECEWISE_BEZIER_KNOTS.);
#6006 = CARTESIAN_POINT('',(30.22105704698,32.731543624161,5.5));
#6007 = CARTESIAN_POINT('',(29.981963087248,32.680033557047,5.5));
#6008 = CARTESIAN_POINT('',(29.74538590604,32.579194630872,5.5));
#6009 = VECTOR('',#6010,1.);
#6010 = DIRECTION('',(-0.,-0.,-1.));
#6011 = ADVANCED_FACE('',(#6012),#6030,.F.);
#6012 = FACE_BOUND('',#6013,.F.);
#6013 = EDGE_LOOP('',(#6014,#6022,#6023,#6024));
#6014 = ORIENTED_EDGE('',*,*,#6015,.F.);
#6015 = EDGE_CURVE('',#5964,#6016,#6018,.T.);
#6016 = VERTEX_POINT('',#6017);
#6017 = CARTESIAN_POINT('',(31.241526845638,30.339932885906,5.5));
#6018 = B_SPLINE_CURVE_WITH_KNOTS('',2,(#6019,#6020,#6021),
  .UNSPECIFIED.,.F.,.F.,(3,3),(0.,1.),.PIECEWISE_BEZIER_KNOTS.);
#6019 = CARTESIAN_POINT('',(30.651426174497,30.206040268456,5.5));
#6020 = CARTESIAN_POINT('',(31.036493288591,30.206040268456,5.5));
#6021 = CARTESIAN_POINT('',(31.241526845638,30.339932885906,5.5));
#6022 = ORIENTED_EDGE('',*,*,#5973,.T.);
#6023 = ORIENTED_EDGE('',*,*,#1346,.F.);
#6024 = ORIENTED_EDGE('',*,*,#6025,.F.);
#6025 = EDGE_CURVE('',#6016,#1347,#6026,.T.);
#6026 = LINE('',#6027,#6028);
#6027 = CARTESIAN_POINT('',(31.241526845638,30.339932885906,5.5));
#6028 = VECTOR('',#6029,1.);
#6029 = DIRECTION('',(0.,0.,1.));
#6030 = SURFACE_OF_LINEAR_EXTRUSION('',#6031,#6035);
#6031 = B_SPLINE_CURVE_WITH_KNOTS('',2,(#6032,#6033,#6034),
  .UNSPECIFIED.,.F.,.F.,(3,3),(0.,1.),.PIECEWISE_BEZIER_KNOTS.);
#6032 = CARTESIAN_POINT('',(30.651426174497,30.206040268456,5.5));
#6033 = CARTESIAN_POINT('',(31.036493288591,30.206040268456,5.5));
#6034 = CARTESIAN_POINT('',(31.241526845638,30.339932885906,5.5));
#6035 = VECTOR('',#6036,1.);
#6036 = DIRECTION('',(-0.,-0.,-1.));
#6037 = ADVANCED_FACE('',(#6038),#6056,.F.);
#6038 = FACE_BOUND('',#6039,.F.);
#6039 = EDGE_LOOP('',(#6040,#6048,#6054,#6055));
#6040 = ORIENTED_EDGE('',*,*,#6041,.F.);
#6041 = EDGE_CURVE('',#6042,#5990,#6044,.T.);
#6042 = VERTEX_POINT('',#6043);
#6043 = CARTESIAN_POINT('',(30.694211409396,32.78322147651,5.5));
#6044 = B_SPLINE_CURVE_WITH_KNOTS('',2,(#6045,#6046,#6047),
  .UNSPECIFIED.,.F.,.F.,(3,3),(0.,1.),.PIECEWISE_BEZIER_KNOTS.);
#6045 = CARTESIAN_POINT('',(30.694211409396,32.78322147651,5.5));
#6046 = CARTESIAN_POINT('',(30.460151006711,32.78322147651,5.5));
#6047 = CARTESIAN_POINT('',(30.22105704698,32.731543624161,5.5));
#6048 = ORIENTED_EDGE('',*,*,#6049,.T.);
#6049 = EDGE_CURVE('',#6042,#1467,#6050,.T.);
#6050 = LINE('',#6051,#6052);
#6051 = CARTESIAN_POINT('',(30.694211409396,32.78322147651,5.5));
#6052 = VECTOR('',#6053,1.);
#6053 = DIRECTION('',(0.,0.,1.));
#6054 = ORIENTED_EDGE('',*,*,#1478,.F.);
#6055 = ORIENTED_EDGE('',*,*,#5997,.F.);
#6056 = SURFACE_OF_LINEAR_EXTRUSION('',#6057,#6061);
#6057 = B_SPLINE_CURVE_WITH_KNOTS('',2,(#6058,#6059,#6060),
  .UNSPECIFIED.,.F.,.F.,(3,3),(0.,1.),.PIECEWISE_BEZIER_KNOTS.);
#6058 = CARTESIAN_POINT('',(30.694211409396,32.78322147651,5.5));
#6059 = CARTESIAN_POINT('',(30.460151006711,32.78322147651,5.5));
#6060 = CARTESIAN_POINT('',(30.22105704698,32.731543624161,5.5));
#6061 = VECTOR('',#6062,1.);
#6062 = DIRECTION('',(-0.,-0.,-1.));
#6063 = ADVANCED_FACE('',(#6064),#6082,.F.);
#6064 = FACE_BOUND('',#6065,.F.);
#6065 = EDGE_LOOP('',(#6066,#6074,#6075,#6076));
#6066 = ORIENTED_EDGE('',*,*,#6067,.F.);
#6067 = EDGE_CURVE('',#6016,#6068,#6070,.T.);
#6068 = VERTEX_POINT('',#6069);
#6069 = CARTESIAN_POINT('',(31.446728187919,30.72432885906,5.5));
#6070 = B_SPLINE_CURVE_WITH_KNOTS('',2,(#6071,#6072,#6073),
  .UNSPECIFIED.,.F.,.F.,(3,3),(0.,1.),.PIECEWISE_BEZIER_KNOTS.);
#6071 = CARTESIAN_POINT('',(31.241526845638,30.339932885906,5.5));
#6072 = CARTESIAN_POINT('',(31.446728187919,30.473993288591,5.5));
#6073 = CARTESIAN_POINT('',(31.446728187919,30.72432885906,5.5));
#6074 = ORIENTED_EDGE('',*,*,#6025,.T.);
#6075 = ORIENTED_EDGE('',*,*,#1358,.F.);
#6076 = ORIENTED_EDGE('',*,*,#6077,.F.);
#6077 = EDGE_CURVE('',#6068,#1359,#6078,.T.);
#6078 = LINE('',#6079,#6080);
#6079 = CARTESIAN_POINT('',(31.446728187919,30.72432885906,5.5));
#6080 = VECTOR('',#6081,1.);
#6081 = DIRECTION('',(0.,0.,1.));
#6082 = SURFACE_OF_LINEAR_EXTRUSION('',#6083,#6087);
#6083 = B_SPLINE_CURVE_WITH_KNOTS('',2,(#6084,#6085,#6086),
  .UNSPECIFIED.,.F.,.F.,(3,3),(0.,1.),.PIECEWISE_BEZIER_KNOTS.);
#6084 = CARTESIAN_POINT('',(31.241526845638,30.339932885906,5.5));
#6085 = CARTESIAN_POINT('',(31.446728187919,30.473993288591,5.5));
#6086 = CARTESIAN_POINT('',(31.446728187919,30.72432885906,5.5));
#6087 = VECTOR('',#6088,1.);
#6088 = DIRECTION('',(-0.,-0.,-1.));
#6089 = ADVANCED_FACE('',(#6090),#6108,.F.);
#6090 = FACE_BOUND('',#6091,.F.);
#6091 = EDGE_LOOP('',(#6092,#6100,#6106,#6107));
#6092 = ORIENTED_EDGE('',*,*,#6093,.F.);
#6093 = EDGE_CURVE('',#6094,#6042,#6096,.T.);
#6094 = VERTEX_POINT('',#6095);
#6095 = CARTESIAN_POINT('',(31.184983221477,32.665268456376,5.5));
#6096 = B_SPLINE_CURVE_WITH_KNOTS('',2,(#6097,#6098,#6099),
  .UNSPECIFIED.,.F.,.F.,(3,3),(0.,1.),.PIECEWISE_BEZIER_KNOTS.);
#6097 = CARTESIAN_POINT('',(31.184983221477,32.665268456376,5.5));
#6098 = CARTESIAN_POINT('',(31.011325503356,32.78322147651,5.5));
#6099 = CARTESIAN_POINT('',(30.694211409396,32.78322147651,5.5));
#6100 = ORIENTED_EDGE('',*,*,#6101,.T.);
#6101 = EDGE_CURVE('',#6094,#1452,#6102,.T.);
#6102 = LINE('',#6103,#6104);
#6103 = CARTESIAN_POINT('',(31.184983221477,32.665268456376,5.5));
#6104 = VECTOR('',#6105,1.);
#6105 = DIRECTION('',(0.,0.,1.));
#6106 = ORIENTED_EDGE('',*,*,#1466,.F.);
#6107 = ORIENTED_EDGE('',*,*,#6049,.F.);
#6108 = SURFACE_OF_LINEAR_EXTRUSION('',#6109,#6113);
#6109 = B_SPLINE_CURVE_WITH_KNOTS('',2,(#6110,#6111,#6112),
  .UNSPECIFIED.,.F.,.F.,(3,3),(0.,1.),.PIECEWISE_BEZIER_KNOTS.);
#6110 = CARTESIAN_POINT('',(31.184983221477,32.665268456376,5.5));
#6111 = CARTESIAN_POINT('',(31.011325503356,32.78322147651,5.5));
#6112 = CARTESIAN_POINT('',(30.694211409396,32.78322147651,5.5));
#6113 = VECTOR('',#6114,1.);
#6114 = DIRECTION('',(-0.,-0.,-1.));
#6115 = ADVANCED_FACE('',(#6116),#6134,.F.);
#6116 = FACE_BOUND('',#6117,.F.);
#6117 = EDGE_LOOP('',(#6118,#6126,#6127,#6128));
#6118 = ORIENTED_EDGE('',*,*,#6119,.F.);
#6119 = EDGE_CURVE('',#6068,#6120,#6122,.T.);
#6120 = VERTEX_POINT('',#6121);
#6121 = CARTESIAN_POINT('',(31.236493288591,31.114932885906,5.5));
#6122 = B_SPLINE_CURVE_WITH_KNOTS('',2,(#6123,#6124,#6125),
  .UNSPECIFIED.,.F.,.F.,(3,3),(0.,1.),.PIECEWISE_BEZIER_KNOTS.);
#6123 = CARTESIAN_POINT('',(31.446728187919,30.72432885906,5.5));
#6124 = CARTESIAN_POINT('',(31.446728187919,30.982214765101,5.5));
#6125 = CARTESIAN_POINT('',(31.236493288591,31.114932885906,5.5));
#6126 = ORIENTED_EDGE('',*,*,#6077,.T.);
#6127 = ORIENTED_EDGE('',*,*,#1373,.F.);
#6128 = ORIENTED_EDGE('',*,*,#6129,.F.);
#6129 = EDGE_CURVE('',#6120,#1374,#6130,.T.);
#6130 = LINE('',#6131,#6132);
#6131 = CARTESIAN_POINT('',(31.236493288591,31.114932885906,5.5));
#6132 = VECTOR('',#6133,1.);
#6133 = DIRECTION('',(0.,0.,1.));
#6134 = SURFACE_OF_LINEAR_EXTRUSION('',#6135,#6139);
#6135 = B_SPLINE_CURVE_WITH_KNOTS('',2,(#6136,#6137,#6138),
  .UNSPECIFIED.,.F.,.F.,(3,3),(0.,1.),.PIECEWISE_BEZIER_KNOTS.);
#6136 = CARTESIAN_POINT('',(31.446728187919,30.72432885906,5.5));
#6137 = CARTESIAN_POINT('',(31.446728187919,30.982214765101,5.5));
#6138 = CARTESIAN_POINT('',(31.236493288591,31.114932885906,5.5));
#6139 = VECTOR('',#6140,1.);
#6140 = DIRECTION('',(-0.,-0.,-1.));
#6141 = ADVANCED_FACE('',(#6142),#6160,.F.);
#6142 = FACE_BOUND('',#6143,.F.);
#6143 = EDGE_LOOP('',(#6144,#6152,#6158,#6159));
#6144 = ORIENTED_EDGE('',*,*,#6145,.F.);
#6145 = EDGE_CURVE('',#6146,#6094,#6148,.T.);
#6146 = VERTEX_POINT('',#6147);
#6147 = CARTESIAN_POINT('',(31.358640939597,32.331879194631,5.5));
#6148 = B_SPLINE_CURVE_WITH_KNOTS('',2,(#6149,#6150,#6151),
  .UNSPECIFIED.,.F.,.F.,(3,3),(0.,1.),.PIECEWISE_BEZIER_KNOTS.);
#6149 = CARTESIAN_POINT('',(31.358640939597,32.331879194631,5.5));
#6150 = CARTESIAN_POINT('',(31.358640939597,32.547483221477,5.5));
#6151 = CARTESIAN_POINT('',(31.184983221477,32.665268456376,5.5));
#6152 = ORIENTED_EDGE('',*,*,#6153,.T.);
#6153 = EDGE_CURVE('',#6146,#1437,#6154,.T.);
#6154 = LINE('',#6155,#6156);
#6155 = CARTESIAN_POINT('',(31.358640939597,32.331879194631,5.5));
#6156 = VECTOR('',#6157,1.);
#6157 = DIRECTION('',(0.,0.,1.));
#6158 = ORIENTED_EDGE('',*,*,#1451,.F.);
#6159 = ORIENTED_EDGE('',*,*,#6101,.F.);
#6160 = SURFACE_OF_LINEAR_EXTRUSION('',#6161,#6165);
#6161 = B_SPLINE_CURVE_WITH_KNOTS('',2,(#6162,#6163,#6164),
  .UNSPECIFIED.,.F.,.F.,(3,3),(0.,1.),.PIECEWISE_BEZIER_KNOTS.);
#6162 = CARTESIAN_POINT('',(31.358640939597,32.331879194631,5.5));
#6163 = CARTESIAN_POINT('',(31.358640939597,32.547483221477,5.5));
#6164 = CARTESIAN_POINT('',(31.184983221477,32.665268456376,5.5));
#6165 = VECTOR('',#6166,1.);
#6166 = DIRECTION('',(-0.,-0.,-1.));
#6167 = ADVANCED_FACE('',(#6168),#6186,.F.);
#6168 = FACE_BOUND('',#6169,.F.);
#6169 = EDGE_LOOP('',(#6170,#6178,#6179,#6180));
#6170 = ORIENTED_EDGE('',*,*,#6171,.F.);
#6171 = EDGE_CURVE('',#6120,#6172,#6174,.T.);
#6172 = VERTEX_POINT('',#6173);
#6173 = CARTESIAN_POINT('',(30.616191275168,31.247651006711,5.5));
#6174 = B_SPLINE_CURVE_WITH_KNOTS('',2,(#6175,#6176,#6177),
  .UNSPECIFIED.,.F.,.F.,(3,3),(0.,1.),.PIECEWISE_BEZIER_KNOTS.);
#6175 = CARTESIAN_POINT('',(31.236493288591,31.114932885906,5.5));
#6176 = CARTESIAN_POINT('',(31.026426174497,31.247651006711,5.5));
#6177 = CARTESIAN_POINT('',(30.616191275168,31.247651006711,5.5));
#6178 = ORIENTED_EDGE('',*,*,#6129,.T.);
#6179 = ORIENTED_EDGE('',*,*,#1388,.F.);
#6180 = ORIENTED_EDGE('',*,*,#6181,.F.);
#6181 = EDGE_CURVE('',#6172,#1389,#6182,.T.);
#6182 = LINE('',#6183,#6184);
#6183 = CARTESIAN_POINT('',(30.616191275168,31.247651006711,5.5));
#6184 = VECTOR('',#6185,1.);
#6185 = DIRECTION('',(0.,0.,1.));
#6186 = SURFACE_OF_LINEAR_EXTRUSION('',#6187,#6191);
#6187 = B_SPLINE_CURVE_WITH_KNOTS('',2,(#6188,#6189,#6190),
  .UNSPECIFIED.,.F.,.F.,(3,3),(0.,1.),.PIECEWISE_BEZIER_KNOTS.);
#6188 = CARTESIAN_POINT('',(31.236493288591,31.114932885906,5.5));
#6189 = CARTESIAN_POINT('',(31.026426174497,31.247651006711,5.5));
#6190 = CARTESIAN_POINT('',(30.616191275168,31.247651006711,5.5));
#6191 = VECTOR('',#6192,1.);
#6192 = DIRECTION('',(-0.,-0.,-1.));
#6193 = ADVANCED_FACE('',(#6194),#6212,.F.);
#6194 = FACE_BOUND('',#6195,.F.);
#6195 = EDGE_LOOP('',(#6196,#6204,#6210,#6211));
#6196 = ORIENTED_EDGE('',*,*,#6197,.F.);
#6197 = EDGE_CURVE('',#6198,#6146,#6200,.T.);
#6198 = VERTEX_POINT('',#6199);
#6199 = CARTESIAN_POINT('',(31.17994966443,31.984563758389,5.5));
#6200 = B_SPLINE_CURVE_WITH_KNOTS('',2,(#6201,#6202,#6203),
  .UNSPECIFIED.,.F.,.F.,(3,3),(0.,1.),.PIECEWISE_BEZIER_KNOTS.);
#6201 = CARTESIAN_POINT('',(31.17994966443,31.984563758389,5.5));
#6202 = CARTESIAN_POINT('',(31.358640939597,32.098657718121,5.5));
#6203 = CARTESIAN_POINT('',(31.358640939597,32.331879194631,5.5));
#6204 = ORIENTED_EDGE('',*,*,#6205,.T.);
#6205 = EDGE_CURVE('',#6198,#1425,#6206,.T.);
#6206 = LINE('',#6207,#6208);
#6207 = CARTESIAN_POINT('',(31.17994966443,31.984563758389,5.5));
#6208 = VECTOR('',#6209,1.);
#6209 = DIRECTION('',(0.,0.,1.));
#6210 = ORIENTED_EDGE('',*,*,#1436,.F.);
#6211 = ORIENTED_EDGE('',*,*,#6153,.F.);
#6212 = SURFACE_OF_LINEAR_EXTRUSION('',#6213,#6217);
#6213 = B_SPLINE_CURVE_WITH_KNOTS('',2,(#6214,#6215,#6216),
  .UNSPECIFIED.,.F.,.F.,(3,3),(0.,1.),.PIECEWISE_BEZIER_KNOTS.);
#6214 = CARTESIAN_POINT('',(31.17994966443,31.984563758389,5.5));
#6215 = CARTESIAN_POINT('',(31.358640939597,32.098657718121,5.5));
#6216 = CARTESIAN_POINT('',(31.358640939597,32.331879194631,5.5));
#6217 = VECTOR('',#6218,1.);
#6218 = DIRECTION('',(-0.,-0.,-1.));
#6219 = ADVANCED_FACE('',(#6220),#6238,.F.);
#6220 = FACE_BOUND('',#6221,.F.);
#6221 = EDGE_LOOP('',(#6222,#6230,#6231,#6232));
#6222 = ORIENTED_EDGE('',*,*,#6223,.F.);
#6223 = EDGE_CURVE('',#6172,#6224,#6226,.T.);
#6224 = VERTEX_POINT('',#6225);
#6225 = CARTESIAN_POINT('',(30.22860738255,31.247651006711,5.5));
#6226 = LINE('',#6227,#6228);
#6227 = CARTESIAN_POINT('',(30.616191275168,31.247651006711,5.5));
#6228 = VECTOR('',#6229,1.);
#6229 = DIRECTION('',(-1.,0.,0.));
#6230 = ORIENTED_EDGE('',*,*,#6181,.T.);
#6231 = ORIENTED_EDGE('',*,*,#1400,.F.);
#6232 = ORIENTED_EDGE('',*,*,#6233,.F.);
#6233 = EDGE_CURVE('',#6224,#1401,#6234,.T.);
#6234 = LINE('',#6235,#6236);
#6235 = CARTESIAN_POINT('',(30.22860738255,31.247651006711,5.5));
#6236 = VECTOR('',#6237,1.);
#6237 = DIRECTION('',(0.,0.,1.));
#6238 = PLANE('',#6239);
#6239 = AXIS2_PLACEMENT_3D('',#6240,#6241,#6242);
#6240 = CARTESIAN_POINT('',(30.616191275168,31.247651006711,5.5));
#6241 = DIRECTION('',(0.,-1.,0.));
#6242 = DIRECTION('',(-1.,0.,0.));
#6243 = ADVANCED_FACE('',(#6244),#6262,.F.);
#6244 = FACE_BOUND('',#6245,.F.);
#6245 = EDGE_LOOP('',(#6246,#6254,#6260,#6261));
#6246 = ORIENTED_EDGE('',*,*,#6247,.F.);
#6247 = EDGE_CURVE('',#6248,#6198,#6250,.T.);
#6248 = VERTEX_POINT('',#6249);
#6249 = CARTESIAN_POINT('',(30.636325503356,31.870469798658,5.5));
#6250 = B_SPLINE_CURVE_WITH_KNOTS('',2,(#6251,#6252,#6253),
  .UNSPECIFIED.,.F.,.F.,(3,3),(0.,1.),.PIECEWISE_BEZIER_KNOTS.);
#6251 = CARTESIAN_POINT('',(30.636325503356,31.870469798658,5.5));
#6252 = CARTESIAN_POINT('',(31.001258389262,31.870469798658,5.5));
#6253 = CARTESIAN_POINT('',(31.17994966443,31.984563758389,5.5));
#6254 = ORIENTED_EDGE('',*,*,#6255,.T.);
#6255 = EDGE_CURVE('',#6248,#1417,#6256,.T.);
#6256 = LINE('',#6257,#6258);
#6257 = CARTESIAN_POINT('',(30.636325503356,31.870469798658,5.5));
#6258 = VECTOR('',#6259,1.);
#6259 = DIRECTION('',(0.,0.,1.));
#6260 = ORIENTED_EDGE('',*,*,#1424,.F.);
#6261 = ORIENTED_EDGE('',*,*,#6205,.F.);
#6262 = SURFACE_OF_LINEAR_EXTRUSION('',#6263,#6267);
#6263 = B_SPLINE_CURVE_WITH_KNOTS('',2,(#6264,#6265,#6266),
  .UNSPECIFIED.,.F.,.F.,(3,3),(0.,1.),.PIECEWISE_BEZIER_KNOTS.);
#6264 = CARTESIAN_POINT('',(30.636325503356,31.870469798658,5.5));
#6265 = CARTESIAN_POINT('',(31.001258389262,31.870469798658,5.5));
#6266 = CARTESIAN_POINT('',(31.17994966443,31.984563758389,5.5));
#6267 = VECTOR('',#6268,1.);
#6268 = DIRECTION('',(-0.,-0.,-1.));
#6269 = ADVANCED_FACE('',(#6270),#6288,.F.);
#6270 = FACE_BOUND('',#6271,.F.);
#6271 = EDGE_LOOP('',(#6272,#6280,#6281,#6282));
#6272 = ORIENTED_EDGE('',*,*,#6273,.F.);
#6273 = EDGE_CURVE('',#6224,#6274,#6276,.T.);
#6274 = VERTEX_POINT('',#6275);
#6275 = CARTESIAN_POINT('',(30.22860738255,31.870469798658,5.5));
#6276 = LINE('',#6277,#6278);
#6277 = CARTESIAN_POINT('',(30.22860738255,31.247651006711,5.5));
#6278 = VECTOR('',#6279,1.);
#6279 = DIRECTION('',(0.,1.,0.));
#6280 = ORIENTED_EDGE('',*,*,#6233,.T.);
#6281 = ORIENTED_EDGE('',*,*,#1408,.F.);
#6282 = ORIENTED_EDGE('',*,*,#6283,.F.);
#6283 = EDGE_CURVE('',#6274,#1409,#6284,.T.);
#6284 = LINE('',#6285,#6286);
#6285 = CARTESIAN_POINT('',(30.22860738255,31.870469798658,5.5));
#6286 = VECTOR('',#6287,1.);
#6287 = DIRECTION('',(0.,0.,1.));
#6288 = PLANE('',#6289);
#6289 = AXIS2_PLACEMENT_3D('',#6290,#6291,#6292);
#6290 = CARTESIAN_POINT('',(30.22860738255,31.247651006711,5.5));
#6291 = DIRECTION('',(-1.,0.,0.));
#6292 = DIRECTION('',(0.,1.,0.));
#6293 = ADVANCED_FACE('',(#6294),#6305,.F.);
#6294 = FACE_BOUND('',#6295,.F.);
#6295 = EDGE_LOOP('',(#6296,#6302,#6303,#6304));
#6296 = ORIENTED_EDGE('',*,*,#6297,.F.);
#6297 = EDGE_CURVE('',#6274,#6248,#6298,.T.);
#6298 = LINE('',#6299,#6300);
#6299 = CARTESIAN_POINT('',(30.22860738255,31.870469798658,5.5));
#6300 = VECTOR('',#6301,1.);
#6301 = DIRECTION('',(1.,0.,0.));
#6302 = ORIENTED_EDGE('',*,*,#6283,.T.);
#6303 = ORIENTED_EDGE('',*,*,#1416,.F.);
#6304 = ORIENTED_EDGE('',*,*,#6255,.F.);
#6305 = PLANE('',#6306);
#6306 = AXIS2_PLACEMENT_3D('',#6307,#6308,#6309);
#6307 = CARTESIAN_POINT('',(30.22860738255,31.870469798658,5.5));
#6308 = DIRECTION('',(0.,1.,0.));
#6309 = DIRECTION('',(1.,0.,0.));
#6310 = ADVANCED_FACE('',(#6311),#6336,.F.);
#6311 = FACE_BOUND('',#6312,.F.);
#6312 = EDGE_LOOP('',(#6313,#6323,#6329,#6330));
#6313 = ORIENTED_EDGE('',*,*,#6314,.F.);
#6314 = EDGE_CURVE('',#6315,#6317,#6319,.T.);
#6315 = VERTEX_POINT('',#6316);
#6316 = CARTESIAN_POINT('',(42.945889261745,33.379194630872,5.5));
#6317 = VERTEX_POINT('',#6318);
#6318 = CARTESIAN_POINT('',(44.023070469799,33.379194630872,5.5));
#6319 = LINE('',#6320,#6321);
#6320 = CARTESIAN_POINT('',(42.945889261745,33.379194630872,5.5));
#6321 = VECTOR('',#6322,1.);
#6322 = DIRECTION('',(1.,0.,0.));
#6323 = ORIENTED_EDGE('',*,*,#6324,.T.);
#6324 = EDGE_CURVE('',#6315,#1595,#6325,.T.);
#6325 = LINE('',#6326,#6327);
#6326 = CARTESIAN_POINT('',(42.945889261745,33.379194630872,5.5));
#6327 = VECTOR('',#6328,1.);
#6328 = DIRECTION('',(0.,0.,1.));
#6329 = ORIENTED_EDGE('',*,*,#1592,.F.);
#6330 = ORIENTED_EDGE('',*,*,#6331,.F.);
#6331 = EDGE_CURVE('',#6317,#1593,#6332,.T.);
#6332 = LINE('',#6333,#6334);
#6333 = CARTESIAN_POINT('',(44.023070469799,33.379194630872,5.5));
#6334 = VECTOR('',#6335,1.);
#6335 = DIRECTION('',(0.,0.,1.));
#6336 = PLANE('',#6337);
#6337 = AXIS2_PLACEMENT_3D('',#6338,#6339,#6340);
#6338 = CARTESIAN_POINT('',(42.945889261745,33.379194630872,5.5));
#6339 = DIRECTION('',(0.,1.,0.));
#6340 = DIRECTION('',(1.,0.,0.));
#6341 = ADVANCED_FACE('',(#6342),#6360,.F.);
#6342 = FACE_BOUND('',#6343,.F.);
#6343 = EDGE_LOOP('',(#6344,#6352,#6353,#6354));
#6344 = ORIENTED_EDGE('',*,*,#6345,.F.);
#6345 = EDGE_CURVE('',#6317,#6346,#6348,.T.);
#6346 = VERTEX_POINT('',#6347);
#6347 = CARTESIAN_POINT('',(44.023070469799,31.006040268456,5.5));
#6348 = LINE('',#6349,#6350);
#6349 = CARTESIAN_POINT('',(44.023070469799,33.379194630872,5.5));
#6350 = VECTOR('',#6351,1.);
#6351 = DIRECTION('',(0.,-1.,0.));
#6352 = ORIENTED_EDGE('',*,*,#6331,.T.);
#6353 = ORIENTED_EDGE('',*,*,#1602,.F.);
#6354 = ORIENTED_EDGE('',*,*,#6355,.F.);
#6355 = EDGE_CURVE('',#6346,#1603,#6356,.T.);
#6356 = LINE('',#6357,#6358);
#6357 = CARTESIAN_POINT('',(44.023070469799,31.006040268456,5.5));
#6358 = VECTOR('',#6359,1.);
#6359 = DIRECTION('',(0.,0.,1.));
#6360 = PLANE('',#6361);
#6361 = AXIS2_PLACEMENT_3D('',#6362,#6363,#6364);
#6362 = CARTESIAN_POINT('',(44.023070469799,33.379194630872,5.5));
#6363 = DIRECTION('',(1.,0.,0.));
#6364 = DIRECTION('',(0.,-1.,0.));
#6365 = ADVANCED_FACE('',(#6366),#6384,.F.);
#6366 = FACE_BOUND('',#6367,.F.);
#6367 = EDGE_LOOP('',(#6368,#6376,#6382,#6383));
#6368 = ORIENTED_EDGE('',*,*,#6369,.F.);
#6369 = EDGE_CURVE('',#6370,#6315,#6372,.T.);
#6370 = VERTEX_POINT('',#6371);
#6371 = CARTESIAN_POINT('',(41.440855704698,31.138087248322,5.5));
#6372 = LINE('',#6373,#6374);
#6373 = CARTESIAN_POINT('',(41.440855704698,31.138087248322,5.5));
#6374 = VECTOR('',#6375,1.);
#6375 = DIRECTION('',(0.557508237146,0.830171407309,0.));
#6376 = ORIENTED_EDGE('',*,*,#6377,.T.);
#6377 = EDGE_CURVE('',#6370,#1667,#6378,.T.);
#6378 = LINE('',#6379,#6380);
#6379 = CARTESIAN_POINT('',(41.440855704698,31.138087248322,5.5));
#6380 = VECTOR('',#6381,1.);
#6381 = DIRECTION('',(0.,0.,1.));
#6382 = ORIENTED_EDGE('',*,*,#1674,.F.);
#6383 = ORIENTED_EDGE('',*,*,#6324,.F.);
#6384 = PLANE('',#6385);
#6385 = AXIS2_PLACEMENT_3D('',#6386,#6387,#6388);
#6386 = CARTESIAN_POINT('',(41.440855704698,31.138087248322,5.5));
#6387 = DIRECTION('',(-0.830171407309,0.557508237146,0.));
#6388 = DIRECTION('',(0.557508237146,0.830171407309,0.));
#6389 = ADVANCED_FACE('',(#6390),#6408,.F.);
#6390 = FACE_BOUND('',#6391,.F.);
#6391 = EDGE_LOOP('',(#6392,#6400,#6401,#6402));
#6392 = ORIENTED_EDGE('',*,*,#6393,.F.);
#6393 = EDGE_CURVE('',#6346,#6394,#6396,.T.);
#6394 = VERTEX_POINT('',#6395);
#6395 = CARTESIAN_POINT('',(44.559144295302,31.006040268456,5.5));
#6396 = LINE('',#6397,#6398);
#6397 = CARTESIAN_POINT('',(44.023070469799,31.006040268456,5.5));
#6398 = VECTOR('',#6399,1.);
#6399 = DIRECTION('',(1.,0.,0.));
#6400 = ORIENTED_EDGE('',*,*,#6355,.T.);
#6401 = ORIENTED_EDGE('',*,*,#1610,.F.);
#6402 = ORIENTED_EDGE('',*,*,#6403,.F.);
#6403 = EDGE_CURVE('',#6394,#1611,#6404,.T.);
#6404 = LINE('',#6405,#6406);
#6405 = CARTESIAN_POINT('',(44.559144295302,31.006040268456,5.5));
#6406 = VECTOR('',#6407,1.);
#6407 = DIRECTION('',(0.,0.,1.));
#6408 = PLANE('',#6409);
#6409 = AXIS2_PLACEMENT_3D('',#6410,#6411,#6412);
#6410 = CARTESIAN_POINT('',(44.023070469799,31.006040268456,5.5));
#6411 = DIRECTION('',(0.,1.,0.));
#6412 = DIRECTION('',(1.,0.,0.));
#6413 = ADVANCED_FACE('',(#6414),#6432,.F.);
#6414 = FACE_BOUND('',#6415,.F.);
#6415 = EDGE_LOOP('',(#6416,#6424,#6430,#6431));
#6416 = ORIENTED_EDGE('',*,*,#6417,.F.);
#6417 = EDGE_CURVE('',#6418,#6370,#6420,.T.);
#6418 = VERTEX_POINT('',#6419);
#6419 = CARTESIAN_POINT('',(41.440855704698,30.308053691275,5.5));
#6420 = LINE('',#6421,#6422);
#6421 = CARTESIAN_POINT('',(41.440855704698,30.308053691275,5.5));
#6422 = VECTOR('',#6423,1.);
#6423 = DIRECTION('',(0.,1.,0.));
#6424 = ORIENTED_EDGE('',*,*,#6425,.T.);
#6425 = EDGE_CURVE('',#6418,#1659,#6426,.T.);
#6426 = LINE('',#6427,#6428);
#6427 = CARTESIAN_POINT('',(41.440855704698,30.308053691275,5.5));
#6428 = VECTOR('',#6429,1.);
#6429 = DIRECTION('',(0.,0.,1.));
#6430 = ORIENTED_EDGE('',*,*,#1666,.F.);
#6431 = ORIENTED_EDGE('',*,*,#6377,.F.);
#6432 = PLANE('',#6433);
#6433 = AXIS2_PLACEMENT_3D('',#6434,#6435,#6436);
#6434 = CARTESIAN_POINT('',(41.440855704698,30.308053691275,5.5));
#6435 = DIRECTION('',(-1.,0.,0.));
#6436 = DIRECTION('',(0.,1.,0.));
#6437 = ADVANCED_FACE('',(#6438),#6456,.F.);
#6438 = FACE_BOUND('',#6439,.F.);
#6439 = EDGE_LOOP('',(#6440,#6448,#6449,#6450));
#6440 = ORIENTED_EDGE('',*,*,#6441,.F.);
#6441 = EDGE_CURVE('',#6394,#6442,#6444,.T.);
#6442 = VERTEX_POINT('',#6443);
#6443 = CARTESIAN_POINT('',(44.559144295302,30.308053691275,5.5));
#6444 = LINE('',#6445,#6446);
#6445 = CARTESIAN_POINT('',(44.559144295302,31.006040268456,5.5));
#6446 = VECTOR('',#6447,1.);
#6447 = DIRECTION('',(0.,-1.,0.));
#6448 = ORIENTED_EDGE('',*,*,#6403,.T.);
#6449 = ORIENTED_EDGE('',*,*,#1618,.F.);
#6450 = ORIENTED_EDGE('',*,*,#6451,.F.);
#6451 = EDGE_CURVE('',#6442,#1619,#6452,.T.);
#6452 = LINE('',#6453,#6454);
#6453 = CARTESIAN_POINT('',(44.559144295302,30.308053691275,5.5));
#6454 = VECTOR('',#6455,1.);
#6455 = DIRECTION('',(0.,0.,1.));
#6456 = PLANE('',#6457);
#6457 = AXIS2_PLACEMENT_3D('',#6458,#6459,#6460);
#6458 = CARTESIAN_POINT('',(44.559144295302,31.006040268456,5.5));
#6459 = DIRECTION('',(1.,0.,0.));
#6460 = DIRECTION('',(0.,-1.,0.));
#6461 = ADVANCED_FACE('',(#6462),#6480,.F.);
#6462 = FACE_BOUND('',#6463,.F.);
#6463 = EDGE_LOOP('',(#6464,#6472,#6478,#6479));
#6464 = ORIENTED_EDGE('',*,*,#6465,.F.);
#6465 = EDGE_CURVE('',#6466,#6418,#6468,.T.);
#6466 = VERTEX_POINT('',#6467);
#6467 = CARTESIAN_POINT('',(43.106963087248,30.308053691275,5.5));
#6468 = LINE('',#6469,#6470);
#6469 = CARTESIAN_POINT('',(43.106963087248,30.308053691275,5.5));
#6470 = VECTOR('',#6471,1.);
#6471 = DIRECTION('',(-1.,0.,0.));
#6472 = ORIENTED_EDGE('',*,*,#6473,.T.);
#6473 = EDGE_CURVE('',#6466,#1651,#6474,.T.);
#6474 = LINE('',#6475,#6476);
#6475 = CARTESIAN_POINT('',(43.106963087248,30.308053691275,5.5));
#6476 = VECTOR('',#6477,1.);
#6477 = DIRECTION('',(0.,0.,1.));
#6478 = ORIENTED_EDGE('',*,*,#1658,.F.);
#6479 = ORIENTED_EDGE('',*,*,#6425,.F.);
#6480 = PLANE('',#6481);
#6481 = AXIS2_PLACEMENT_3D('',#6482,#6483,#6484);
#6482 = CARTESIAN_POINT('',(43.106963087248,30.308053691275,5.5));
#6483 = DIRECTION('',(0.,-1.,0.));
#6484 = DIRECTION('',(-1.,0.,0.));
#6485 = ADVANCED_FACE('',(#6486),#6504,.F.);
#6486 = FACE_BOUND('',#6487,.F.);
#6487 = EDGE_LOOP('',(#6488,#6496,#6497,#6498));
#6488 = ORIENTED_EDGE('',*,*,#6489,.F.);
#6489 = EDGE_CURVE('',#6442,#6490,#6492,.T.);
#6490 = VERTEX_POINT('',#6491);
#6491 = CARTESIAN_POINT('',(44.023070469799,30.308053691275,5.5));
#6492 = LINE('',#6493,#6494);
#6493 = CARTESIAN_POINT('',(44.559144295302,30.308053691275,5.5));
#6494 = VECTOR('',#6495,1.);
#6495 = DIRECTION('',(-1.,0.,0.));
#6496 = ORIENTED_EDGE('',*,*,#6451,.T.);
#6497 = ORIENTED_EDGE('',*,*,#1626,.F.);
#6498 = ORIENTED_EDGE('',*,*,#6499,.F.);
#6499 = EDGE_CURVE('',#6490,#1627,#6500,.T.);
#6500 = LINE('',#6501,#6502);
#6501 = CARTESIAN_POINT('',(44.023070469799,30.308053691275,5.5));
#6502 = VECTOR('',#6503,1.);
#6503 = DIRECTION('',(0.,0.,1.));
#6504 = PLANE('',#6505);
#6505 = AXIS2_PLACEMENT_3D('',#6506,#6507,#6508);
#6506 = CARTESIAN_POINT('',(44.559144295302,30.308053691275,5.5));
#6507 = DIRECTION('',(0.,-1.,0.));
#6508 = DIRECTION('',(-1.,0.,0.));
#6509 = ADVANCED_FACE('',(#6510),#6528,.F.);
#6510 = FACE_BOUND('',#6511,.F.);
#6511 = EDGE_LOOP('',(#6512,#6520,#6526,#6527));
#6512 = ORIENTED_EDGE('',*,*,#6513,.F.);
#6513 = EDGE_CURVE('',#6514,#6466,#6516,.T.);
#6514 = VERTEX_POINT('',#6515);
#6515 = CARTESIAN_POINT('',(43.106963087248,29.620805369128,5.5));
#6516 = LINE('',#6517,#6518);
#6517 = CARTESIAN_POINT('',(43.106963087248,29.620805369128,5.5));
#6518 = VECTOR('',#6519,1.);
#6519 = DIRECTION('',(0.,1.,0.));
#6520 = ORIENTED_EDGE('',*,*,#6521,.T.);
#6521 = EDGE_CURVE('',#6514,#1643,#6522,.T.);
#6522 = LINE('',#6523,#6524);
#6523 = CARTESIAN_POINT('',(43.106963087248,29.620805369128,5.5));
#6524 = VECTOR('',#6525,1.);
#6525 = DIRECTION('',(0.,0.,1.));
#6526 = ORIENTED_EDGE('',*,*,#1650,.F.);
#6527 = ORIENTED_EDGE('',*,*,#6473,.F.);
#6528 = PLANE('',#6529);
#6529 = AXIS2_PLACEMENT_3D('',#6530,#6531,#6532);
#6530 = CARTESIAN_POINT('',(43.106963087248,29.620805369128,5.5));
#6531 = DIRECTION('',(-1.,0.,0.));
#6532 = DIRECTION('',(0.,1.,0.));
#6533 = ADVANCED_FACE('',(#6534),#6552,.F.);
#6534 = FACE_BOUND('',#6535,.F.);
#6535 = EDGE_LOOP('',(#6536,#6544,#6545,#6546));
#6536 = ORIENTED_EDGE('',*,*,#6537,.F.);
#6537 = EDGE_CURVE('',#6490,#6538,#6540,.T.);
#6538 = VERTEX_POINT('',#6539);
#6539 = CARTESIAN_POINT('',(44.023070469799,29.620805369128,5.5));
#6540 = LINE('',#6541,#6542);
#6541 = CARTESIAN_POINT('',(44.023070469799,30.308053691275,5.5));
#6542 = VECTOR('',#6543,1.);
#6543 = DIRECTION('',(0.,-1.,0.));
#6544 = ORIENTED_EDGE('',*,*,#6499,.T.);
#6545 = ORIENTED_EDGE('',*,*,#1634,.F.);
#6546 = ORIENTED_EDGE('',*,*,#6547,.F.);
#6547 = EDGE_CURVE('',#6538,#1635,#6548,.T.);
#6548 = LINE('',#6549,#6550);
#6549 = CARTESIAN_POINT('',(44.023070469799,29.620805369128,5.5));
#6550 = VECTOR('',#6551,1.);
#6551 = DIRECTION('',(0.,0.,1.));
#6552 = PLANE('',#6553);
#6553 = AXIS2_PLACEMENT_3D('',#6554,#6555,#6556);
#6554 = CARTESIAN_POINT('',(44.023070469799,30.308053691275,5.5));
#6555 = DIRECTION('',(1.,0.,0.));
#6556 = DIRECTION('',(0.,-1.,0.));
#6557 = ADVANCED_FACE('',(#6558),#6569,.F.);
#6558 = FACE_BOUND('',#6559,.F.);
#6559 = EDGE_LOOP('',(#6560,#6566,#6567,#6568));
#6560 = ORIENTED_EDGE('',*,*,#6561,.F.);
#6561 = EDGE_CURVE('',#6538,#6514,#6562,.T.);
#6562 = LINE('',#6563,#6564);
#6563 = CARTESIAN_POINT('',(44.023070469799,29.620805369128,5.5));
#6564 = VECTOR('',#6565,1.);
#6565 = DIRECTION('',(-1.,0.,0.));
#6566 = ORIENTED_EDGE('',*,*,#6547,.T.);
#6567 = ORIENTED_EDGE('',*,*,#1642,.F.);
#6568 = ORIENTED_EDGE('',*,*,#6521,.F.);
#6569 = PLANE('',#6570);
#6570 = AXIS2_PLACEMENT_3D('',#6571,#6572,#6573);
#6571 = CARTESIAN_POINT('',(44.023070469799,29.620805369128,5.5));
#6572 = DIRECTION('',(0.,-1.,0.));
#6573 = DIRECTION('',(-1.,0.,0.));
#6574 = ADVANCED_FACE('',(#6575),#6586,.F.);
#6575 = FACE_BOUND('',#6576,.F.);
#6576 = EDGE_LOOP('',(#6577,#6578,#6584,#6585));
#6577 = ORIENTED_EDGE('',*,*,#1682,.F.);
#6578 = ORIENTED_EDGE('',*,*,#6579,.F.);
#6579 = EDGE_CURVE('',#3161,#1683,#6580,.T.);
#6580 = LINE('',#6581,#6582);
#6581 = CARTESIAN_POINT('',(56.675,25.5,-0.5));
#6582 = VECTOR('',#6583,1.);
#6583 = DIRECTION('',(0.,0.,1.));
#6584 = ORIENTED_EDGE('',*,*,#3160,.T.);
#6585 = ORIENTED_EDGE('',*,*,#6579,.T.);
#6586 = CYLINDRICAL_SURFACE('',#6587,1.675);
#6587 = AXIS2_PLACEMENT_3D('',#6588,#6589,#6590);
#6588 = CARTESIAN_POINT('',(55.,25.5,-0.5));
#6589 = DIRECTION('',(0.,0.,1.));
#6590 = DIRECTION('',(1.,0.,-0.));
#6591 = ADVANCED_FACE('',(#6592),#6603,.F.);
#6592 = FACE_BOUND('',#6593,.F.);
#6593 = EDGE_LOOP('',(#6594,#6595,#6601,#6602));
#6594 = ORIENTED_EDGE('',*,*,#1693,.F.);
#6595 = ORIENTED_EDGE('',*,*,#6596,.F.);
#6596 = EDGE_CURVE('',#3172,#1694,#6597,.T.);
#6597 = LINE('',#6598,#6599);
#6598 = CARTESIAN_POINT('',(68.7,25.5,-0.5));
#6599 = VECTOR('',#6600,1.);
#6600 = DIRECTION('',(0.,0.,1.));
#6601 = ORIENTED_EDGE('',*,*,#3171,.T.);
#6602 = ORIENTED_EDGE('',*,*,#6596,.T.);
#6603 = CYLINDRICAL_SURFACE('',#6604,1.7);
#6604 = AXIS2_PLACEMENT_3D('',#6605,#6606,#6607);
#6605 = CARTESIAN_POINT('',(67.,25.5,-0.5));
#6606 = DIRECTION('',(0.,0.,1.));
#6607 = DIRECTION('',(1.,0.,-0.));
#6608 = ADVANCED_FACE('',(#6609),#6620,.F.);
#6609 = FACE_BOUND('',#6610,.F.);
#6610 = EDGE_LOOP('',(#6611,#6612,#6618,#6619));
#6611 = ORIENTED_EDGE('',*,*,#1704,.F.);
#6612 = ORIENTED_EDGE('',*,*,#6613,.F.);
#6613 = EDGE_CURVE('',#3183,#1705,#6614,.T.);
#6614 = LINE('',#6615,#6616);
#6615 = CARTESIAN_POINT('',(80.725,25.5,-0.5));
#6616 = VECTOR('',#6617,1.);
#6617 = DIRECTION('',(0.,0.,1.));
#6618 = ORIENTED_EDGE('',*,*,#3182,.T.);
#6619 = ORIENTED_EDGE('',*,*,#6613,.T.);
#6620 = CYLINDRICAL_SURFACE('',#6621,1.725);
#6621 = AXIS2_PLACEMENT_3D('',#6622,#6623,#6624);
#6622 = CARTESIAN_POINT('',(79.,25.5,-0.5));
#6623 = DIRECTION('',(0.,0.,1.));
#6624 = DIRECTION('',(1.,0.,-0.));
#6625 = ADVANCED_FACE('',(#6626),#6651,.F.);
#6626 = FACE_BOUND('',#6627,.F.);
#6627 = EDGE_LOOP('',(#6628,#6638,#6644,#6645));
#6628 = ORIENTED_EDGE('',*,*,#6629,.F.);
#6629 = EDGE_CURVE('',#6630,#6632,#6634,.T.);
#6630 = VERTEX_POINT('',#6631);
#6631 = CARTESIAN_POINT('',(53.734060402685,33.41677852349,5.5));
#6632 = VERTEX_POINT('',#6633);
#6633 = CARTESIAN_POINT('',(56.142617449664,33.41677852349,5.5));
#6634 = LINE('',#6635,#6636);
#6635 = CARTESIAN_POINT('',(53.734060402685,33.41677852349,5.5));
#6636 = VECTOR('',#6637,1.);
#6637 = DIRECTION('',(1.,0.,0.));
#6638 = ORIENTED_EDGE('',*,*,#6639,.T.);
#6639 = EDGE_CURVE('',#6630,#1718,#6640,.T.);
#6640 = LINE('',#6641,#6642);
#6641 = CARTESIAN_POINT('',(53.734060402685,33.41677852349,5.5));
#6642 = VECTOR('',#6643,1.);
#6643 = DIRECTION('',(0.,0.,1.));
#6644 = ORIENTED_EDGE('',*,*,#1715,.F.);
#6645 = ORIENTED_EDGE('',*,*,#6646,.F.);
#6646 = EDGE_CURVE('',#6632,#1716,#6647,.T.);
#6647 = LINE('',#6648,#6649);
#6648 = CARTESIAN_POINT('',(56.142617449664,33.41677852349,5.5));
#6649 = VECTOR('',#6650,1.);
#6650 = DIRECTION('',(0.,0.,1.));
#6651 = PLANE('',#6652);
#6652 = AXIS2_PLACEMENT_3D('',#6653,#6654,#6655);
#6653 = CARTESIAN_POINT('',(53.734060402685,33.41677852349,5.5));
#6654 = DIRECTION('',(0.,1.,0.));
#6655 = DIRECTION('',(1.,0.,0.));
#6656 = ADVANCED_FACE('',(#6657),#6675,.F.);
#6657 = FACE_BOUND('',#6658,.F.);
#6658 = EDGE_LOOP('',(#6659,#6667,#6668,#6669));
#6659 = ORIENTED_EDGE('',*,*,#6660,.F.);
#6660 = EDGE_CURVE('',#6632,#6661,#6663,.T.);
#6661 = VERTEX_POINT('',#6662);
#6662 = CARTESIAN_POINT('',(56.142617449664,32.708053691275,5.5));
#6663 = LINE('',#6664,#6665);
#6664 = CARTESIAN_POINT('',(56.142617449664,33.41677852349,5.5));
#6665 = VECTOR('',#6666,1.);
#6666 = DIRECTION('',(0.,-1.,0.));
#6667 = ORIENTED_EDGE('',*,*,#6646,.T.);
#6668 = ORIENTED_EDGE('',*,*,#1725,.F.);
#6669 = ORIENTED_EDGE('',*,*,#6670,.F.);
#6670 = EDGE_CURVE('',#6661,#1726,#6671,.T.);
#6671 = LINE('',#6672,#6673);
#6672 = CARTESIAN_POINT('',(56.142617449664,32.708053691275,5.5));
#6673 = VECTOR('',#6674,1.);
#6674 = DIRECTION('',(0.,0.,1.));
#6675 = PLANE('',#6676);
#6676 = AXIS2_PLACEMENT_3D('',#6677,#6678,#6679);
#6677 = CARTESIAN_POINT('',(56.142617449664,33.41677852349,5.5));
#6678 = DIRECTION('',(1.,0.,0.));
#6679 = DIRECTION('',(0.,-1.,0.));
#6680 = ADVANCED_FACE('',(#6681),#6699,.F.);
#6681 = FACE_BOUND('',#6682,.F.);
#6682 = EDGE_LOOP('',(#6683,#6691,#6697,#6698));
#6683 = ORIENTED_EDGE('',*,*,#6684,.F.);
#6684 = EDGE_CURVE('',#6685,#6630,#6687,.T.);
#6685 = VERTEX_POINT('',#6686);
#6686 = CARTESIAN_POINT('',(53.734060402685,31.290604026846,5.5));
#6687 = LINE('',#6688,#6689);
#6688 = CARTESIAN_POINT('',(53.734060402685,31.290604026846,5.5));
#6689 = VECTOR('',#6690,1.);
#6690 = DIRECTION('',(0.,1.,0.));
#6691 = ORIENTED_EDGE('',*,*,#6692,.T.);
#6692 = EDGE_CURVE('',#6685,#1967,#6693,.T.);
#6693 = LINE('',#6694,#6695);
#6694 = CARTESIAN_POINT('',(53.734060402685,31.290604026846,5.5));
#6695 = VECTOR('',#6696,1.);
#6696 = DIRECTION('',(0.,0.,1.));
#6697 = ORIENTED_EDGE('',*,*,#1977,.F.);
#6698 = ORIENTED_EDGE('',*,*,#6639,.F.);
#6699 = PLANE('',#6700);
#6700 = AXIS2_PLACEMENT_3D('',#6701,#6702,#6703);
#6701 = CARTESIAN_POINT('',(53.734060402685,31.290604026846,5.5));
#6702 = DIRECTION('',(-1.,0.,0.));
#6703 = DIRECTION('',(0.,1.,0.));
#6704 = ADVANCED_FACE('',(#6705),#6723,.F.);
#6705 = FACE_BOUND('',#6706,.F.);
#6706 = EDGE_LOOP('',(#6707,#6715,#6716,#6717));
#6707 = ORIENTED_EDGE('',*,*,#6708,.F.);
#6708 = EDGE_CURVE('',#6661,#6709,#6711,.T.);
#6709 = VERTEX_POINT('',#6710);
#6710 = CARTESIAN_POINT('',(54.506711409396,32.708053691275,5.5));
#6711 = LINE('',#6712,#6713);
#6712 = CARTESIAN_POINT('',(56.142617449664,32.708053691275,5.5));
#6713 = VECTOR('',#6714,1.);
#6714 = DIRECTION('',(-1.,0.,0.));
#6715 = ORIENTED_EDGE('',*,*,#6670,.T.);
#6716 = ORIENTED_EDGE('',*,*,#1733,.F.);
#6717 = ORIENTED_EDGE('',*,*,#6718,.F.);
#6718 = EDGE_CURVE('',#6709,#1734,#6719,.T.);
#6719 = LINE('',#6720,#6721);
#6720 = CARTESIAN_POINT('',(54.506711409396,32.708053691275,5.5));
#6721 = VECTOR('',#6722,1.);
#6722 = DIRECTION('',(0.,0.,1.));
#6723 = PLANE('',#6724);
#6724 = AXIS2_PLACEMENT_3D('',#6725,#6726,#6727);
#6725 = CARTESIAN_POINT('',(56.142617449664,32.708053691275,5.5));
#6726 = DIRECTION('',(0.,-1.,0.));
#6727 = DIRECTION('',(-1.,0.,0.));
#6728 = ADVANCED_FACE('',(#6729),#6747,.F.);
#6729 = FACE_BOUND('',#6730,.F.);
#6730 = EDGE_LOOP('',(#6731,#6739,#6745,#6746));
#6731 = ORIENTED_EDGE('',*,*,#6732,.F.);
#6732 = EDGE_CURVE('',#6733,#6685,#6735,.T.);
#6733 = VERTEX_POINT('',#6734);
#6734 = CARTESIAN_POINT('',(54.24244966443,31.460906040268,5.5));
#6735 = B_SPLINE_CURVE_WITH_KNOTS('',2,(#6736,#6737,#6738),
  .UNSPECIFIED.,.F.,.F.,(3,3),(0.,1.),.PIECEWISE_BEZIER_KNOTS.);
#6736 = CARTESIAN_POINT('',(54.24244966443,31.460906040268,5.5));
#6737 = CARTESIAN_POINT('',(54.005872483221,31.405872483221,5.5));
#6738 = CARTESIAN_POINT('',(53.734060402685,31.290604026846,5.5));
#6739 = ORIENTED_EDGE('',*,*,#6740,.T.);
#6740 = EDGE_CURVE('',#6733,#1956,#6741,.T.);
#6741 = LINE('',#6742,#6743);
#6742 = CARTESIAN_POINT('',(54.24244966443,31.460906040268,5.5));
#6743 = VECTOR('',#6744,1.);
#6744 = DIRECTION('',(0.,0.,1.));
#6745 = ORIENTED_EDGE('',*,*,#1966,.F.);
#6746 = ORIENTED_EDGE('',*,*,#6692,.F.);
#6747 = SURFACE_OF_LINEAR_EXTRUSION('',#6748,#6752);
#6748 = B_SPLINE_CURVE_WITH_KNOTS('',2,(#6749,#6750,#6751),
  .UNSPECIFIED.,.F.,.F.,(3,3),(0.,1.),.PIECEWISE_BEZIER_KNOTS.);
#6749 = CARTESIAN_POINT('',(54.24244966443,31.460906040268,5.5));
#6750 = CARTESIAN_POINT('',(54.005872483221,31.405872483221,5.5));
#6751 = CARTESIAN_POINT('',(53.734060402685,31.290604026846,5.5));
#6752 = VECTOR('',#6753,1.);
#6753 = DIRECTION('',(-0.,-0.,-1.));
#6754 = ADVANCED_FACE('',(#6755),#6773,.F.);
#6755 = FACE_BOUND('',#6756,.F.);
#6756 = EDGE_LOOP('',(#6757,#6765,#6766,#6767));
#6757 = ORIENTED_EDGE('',*,*,#6758,.F.);
#6758 = EDGE_CURVE('',#6709,#6759,#6761,.T.);
#6759 = VERTEX_POINT('',#6760);
#6760 = CARTESIAN_POINT('',(54.506711409396,32.118624161074,5.5));
#6761 = LINE('',#6762,#6763);
#6762 = CARTESIAN_POINT('',(54.506711409396,32.708053691275,5.5));
#6763 = VECTOR('',#6764,1.);
#6764 = DIRECTION('',(0.,-1.,0.));
#6765 = ORIENTED_EDGE('',*,*,#6718,.T.);
#6766 = ORIENTED_EDGE('',*,*,#1741,.F.);
#6767 = ORIENTED_EDGE('',*,*,#6768,.F.);
#6768 = EDGE_CURVE('',#6759,#1742,#6769,.T.);
#6769 = LINE('',#6770,#6771);
#6770 = CARTESIAN_POINT('',(54.506711409396,32.118624161074,5.5));
#6771 = VECTOR('',#6772,1.);
#6772 = DIRECTION('',(0.,0.,1.));
#6773 = PLANE('',#6774);
#6774 = AXIS2_PLACEMENT_3D('',#6775,#6776,#6777);
#6775 = CARTESIAN_POINT('',(54.506711409396,32.708053691275,5.5));
#6776 = DIRECTION('',(1.,0.,0.));
#6777 = DIRECTION('',(0.,-1.,0.));
#6778 = ADVANCED_FACE('',(#6779),#6797,.F.);
#6779 = FACE_BOUND('',#6780,.F.);
#6780 = EDGE_LOOP('',(#6781,#6789,#6795,#6796));
#6781 = ORIENTED_EDGE('',*,*,#6782,.F.);
#6782 = EDGE_CURVE('',#6783,#6733,#6785,.T.);
#6783 = VERTEX_POINT('',#6784);
#6784 = CARTESIAN_POINT('',(54.687919463087,31.51610738255,5.5));
#6785 = B_SPLINE_CURVE_WITH_KNOTS('',2,(#6786,#6787,#6788),
  .UNSPECIFIED.,.F.,.F.,(3,3),(0.,1.),.PIECEWISE_BEZIER_KNOTS.);
#6786 = CARTESIAN_POINT('',(54.687919463087,31.51610738255,5.5));
#6787 = CARTESIAN_POINT('',(54.479026845638,31.51610738255,5.5));
#6788 = CARTESIAN_POINT('',(54.24244966443,31.460906040268,5.5));
#6789 = ORIENTED_EDGE('',*,*,#6790,.T.);
#6790 = EDGE_CURVE('',#6783,#1941,#6791,.T.);
#6791 = LINE('',#6792,#6793);
#6792 = CARTESIAN_POINT('',(54.687919463087,31.51610738255,5.5));
#6793 = VECTOR('',#6794,1.);
#6794 = DIRECTION('',(0.,0.,1.));
#6795 = ORIENTED_EDGE('',*,*,#1955,.F.);
#6796 = ORIENTED_EDGE('',*,*,#6740,.F.);
#6797 = SURFACE_OF_LINEAR_EXTRUSION('',#6798,#6802);
#6798 = B_SPLINE_CURVE_WITH_KNOTS('',2,(#6799,#6800,#6801),
  .UNSPECIFIED.,.F.,.F.,(3,3),(0.,1.),.PIECEWISE_BEZIER_KNOTS.);
#6799 = CARTESIAN_POINT('',(54.687919463087,31.51610738255,5.5));
#6800 = CARTESIAN_POINT('',(54.479026845638,31.51610738255,5.5));
#6801 = CARTESIAN_POINT('',(54.24244966443,31.460906040268,5.5));
#6802 = VECTOR('',#6803,1.);
#6803 = DIRECTION('',(-0.,-0.,-1.));
#6804 = ADVANCED_FACE('',(#6805),#6823,.F.);
#6805 = FACE_BOUND('',#6806,.F.);
#6806 = EDGE_LOOP('',(#6807,#6815,#6816,#6817));
#6807 = ORIENTED_EDGE('',*,*,#6808,.F.);
#6808 = EDGE_CURVE('',#6759,#6809,#6811,.T.);
#6809 = VERTEX_POINT('',#6810);
#6810 = CARTESIAN_POINT('',(54.729362416107,32.165436241611,5.5));
#6811 = B_SPLINE_CURVE_WITH_KNOTS('',2,(#6812,#6813,#6814),
  .UNSPECIFIED.,.F.,.F.,(3,3),(0.,1.),.PIECEWISE_BEZIER_KNOTS.);
#6812 = CARTESIAN_POINT('',(54.506711409396,32.118624161074,5.5));
#6813 = CARTESIAN_POINT('',(54.61744966443,32.148993288591,5.5));
#6814 = CARTESIAN_POINT('',(54.729362416107,32.165436241611,5.5));
#6815 = ORIENTED_EDGE('',*,*,#6768,.T.);
#6816 = ORIENTED_EDGE('',*,*,#1749,.F.);
#6817 = ORIENTED_EDGE('',*,*,#6818,.F.);
#6818 = EDGE_CURVE('',#6809,#1750,#6819,.T.);
#6819 = LINE('',#6820,#6821);
#6820 = CARTESIAN_POINT('',(54.729362416107,32.165436241611,5.5));
#6821 = VECTOR('',#6822,1.);
#6822 = DIRECTION('',(0.,0.,1.));
#6823 = SURFACE_OF_LINEAR_EXTRUSION('',#6824,#6828);
#6824 = B_SPLINE_CURVE_WITH_KNOTS('',2,(#6825,#6826,#6827),
  .UNSPECIFIED.,.F.,.F.,(3,3),(0.,1.),.PIECEWISE_BEZIER_KNOTS.);
#6825 = CARTESIAN_POINT('',(54.506711409396,32.118624161074,5.5));
#6826 = CARTESIAN_POINT('',(54.61744966443,32.148993288591,5.5));
#6827 = CARTESIAN_POINT('',(54.729362416107,32.165436241611,5.5));
#6828 = VECTOR('',#6829,1.);
#6829 = DIRECTION('',(-0.,-0.,-1.));
#6830 = ADVANCED_FACE('',(#6831),#6849,.F.);
#6831 = FACE_BOUND('',#6832,.F.);
#6832 = EDGE_LOOP('',(#6833,#6841,#6847,#6848));
#6833 = ORIENTED_EDGE('',*,*,#6834,.F.);
#6834 = EDGE_CURVE('',#6835,#6783,#6837,.T.);
#6835 = VERTEX_POINT('',#6836);
#6836 = CARTESIAN_POINT('',(55.242785234899,31.344966442953,5.5));
#6837 = B_SPLINE_CURVE_WITH_KNOTS('',2,(#6838,#6839,#6840),
  .UNSPECIFIED.,.F.,.F.,(3,3),(0.,1.),.PIECEWISE_BEZIER_KNOTS.);
#6838 = CARTESIAN_POINT('',(55.242785234899,31.344966442953,5.5));
#6839 = CARTESIAN_POINT('',(55.040268456376,31.51610738255,5.5));
#6840 = CARTESIAN_POINT('',(54.687919463087,31.51610738255,5.5));
#6841 = ORIENTED_EDGE('',*,*,#6842,.T.);
#6842 = EDGE_CURVE('',#6835,#1926,#6843,.T.);
#6843 = LINE('',#6844,#6845);
#6844 = CARTESIAN_POINT('',(55.242785234899,31.344966442953,5.5));
#6845 = VECTOR('',#6846,1.);
#6846 = DIRECTION('',(0.,0.,1.));
#6847 = ORIENTED_EDGE('',*,*,#1940,.F.);
#6848 = ORIENTED_EDGE('',*,*,#6790,.F.);
#6849 = SURFACE_OF_LINEAR_EXTRUSION('',#6850,#6854);
#6850 = B_SPLINE_CURVE_WITH_KNOTS('',2,(#6851,#6852,#6853),
  .UNSPECIFIED.,.F.,.F.,(3,3),(0.,1.),.PIECEWISE_BEZIER_KNOTS.);
#6851 = CARTESIAN_POINT('',(55.242785234899,31.344966442953,5.5));
#6852 = CARTESIAN_POINT('',(55.040268456376,31.51610738255,5.5));
#6853 = CARTESIAN_POINT('',(54.687919463087,31.51610738255,5.5));
#6854 = VECTOR('',#6855,1.);
#6855 = DIRECTION('',(-0.,-0.,-1.));
#6856 = ADVANCED_FACE('',(#6857),#6875,.F.);
#6857 = FACE_BOUND('',#6858,.F.);
#6858 = EDGE_LOOP('',(#6859,#6867,#6868,#6869));
#6859 = ORIENTED_EDGE('',*,*,#6860,.F.);
#6860 = EDGE_CURVE('',#6809,#6861,#6863,.T.);
#6861 = VERTEX_POINT('',#6862);
#6862 = CARTESIAN_POINT('',(54.962248322148,32.181879194631,5.5));
#6863 = B_SPLINE_CURVE_WITH_KNOTS('',2,(#6864,#6865,#6866),
  .UNSPECIFIED.,.F.,.F.,(3,3),(0.,1.),.PIECEWISE_BEZIER_KNOTS.);
#6864 = CARTESIAN_POINT('',(54.729362416107,32.165436241611,5.5));
#6865 = CARTESIAN_POINT('',(54.84144295302,32.181879194631,5.5));
#6866 = CARTESIAN_POINT('',(54.962248322148,32.181879194631,5.5));
#6867 = ORIENTED_EDGE('',*,*,#6818,.T.);
#6868 = ORIENTED_EDGE('',*,*,#1759,.F.);
#6869 = ORIENTED_EDGE('',*,*,#6870,.F.);
#6870 = EDGE_CURVE('',#6861,#1760,#6871,.T.);
#6871 = LINE('',#6872,#6873);
#6872 = CARTESIAN_POINT('',(54.962248322148,32.181879194631,5.5));
#6873 = VECTOR('',#6874,1.);
#6874 = DIRECTION('',(0.,0.,1.));
#6875 = SURFACE_OF_LINEAR_EXTRUSION('',#6876,#6880);
#6876 = B_SPLINE_CURVE_WITH_KNOTS('',2,(#6877,#6878,#6879),
  .UNSPECIFIED.,.F.,.F.,(3,3),(0.,1.),.PIECEWISE_BEZIER_KNOTS.);
#6877 = CARTESIAN_POINT('',(54.729362416107,32.165436241611,5.5));
#6878 = CARTESIAN_POINT('',(54.84144295302,32.181879194631,5.5));
#6879 = CARTESIAN_POINT('',(54.962248322148,32.181879194631,5.5));
#6880 = VECTOR('',#6881,1.);
#6881 = DIRECTION('',(-0.,-0.,-1.));
#6882 = ADVANCED_FACE('',(#6883),#6901,.F.);
#6883 = FACE_BOUND('',#6884,.F.);
#6884 = EDGE_LOOP('',(#6885,#6893,#6899,#6900));
#6885 = ORIENTED_EDGE('',*,*,#6886,.F.);
#6886 = EDGE_CURVE('',#6887,#6835,#6889,.T.);
#6887 = VERTEX_POINT('',#6888);
#6888 = CARTESIAN_POINT('',(55.445469798658,30.877181208054,5.5));
#6889 = B_SPLINE_CURVE_WITH_KNOTS('',2,(#6890,#6891,#6892),
  .UNSPECIFIED.,.F.,.F.,(3,3),(0.,1.),.PIECEWISE_BEZIER_KNOTS.);
#6890 = CARTESIAN_POINT('',(55.445469798658,30.877181208054,5.5));
#6891 = CARTESIAN_POINT('',(55.445469798658,31.173993288591,5.5));
#6892 = CARTESIAN_POINT('',(55.242785234899,31.344966442953,5.5));
#6893 = ORIENTED_EDGE('',*,*,#6894,.T.);
#6894 = EDGE_CURVE('',#6887,#1911,#6895,.T.);
#6895 = LINE('',#6896,#6897);
#6896 = CARTESIAN_POINT('',(55.445469798658,30.877181208054,5.5));
#6897 = VECTOR('',#6898,1.);
#6898 = DIRECTION('',(0.,0.,1.));
#6899 = ORIENTED_EDGE('',*,*,#1925,.F.);
#6900 = ORIENTED_EDGE('',*,*,#6842,.F.);
#6901 = SURFACE_OF_LINEAR_EXTRUSION('',#6902,#6906);
#6902 = B_SPLINE_CURVE_WITH_KNOTS('',2,(#6903,#6904,#6905),
  .UNSPECIFIED.,.F.,.F.,(3,3),(0.,1.),.PIECEWISE_BEZIER_KNOTS.);
#6903 = CARTESIAN_POINT('',(55.445469798658,30.877181208054,5.5));
#6904 = CARTESIAN_POINT('',(55.445469798658,31.173993288591,5.5));
#6905 = CARTESIAN_POINT('',(55.242785234899,31.344966442953,5.5));
#6906 = VECTOR('',#6907,1.);
#6907 = DIRECTION('',(-0.,-0.,-1.));
#6908 = ADVANCED_FACE('',(#6909),#6927,.F.);
#6909 = FACE_BOUND('',#6910,.F.);
#6910 = EDGE_LOOP('',(#6911,#6919,#6920,#6921));
#6911 = ORIENTED_EDGE('',*,*,#6912,.F.);
#6912 = EDGE_CURVE('',#6861,#6913,#6915,.T.);
#6913 = VERTEX_POINT('',#6914);
#6914 = CARTESIAN_POINT('',(56.031879194631,31.838422818792,5.5));
#6915 = B_SPLINE_CURVE_WITH_KNOTS('',2,(#6916,#6917,#6918),
  .UNSPECIFIED.,.F.,.F.,(3,3),(0.,1.),.PIECEWISE_BEZIER_KNOTS.);
#6916 = CARTESIAN_POINT('',(54.962248322148,32.181879194631,5.5));
#6917 = CARTESIAN_POINT('',(55.64932885906,32.181879194631,5.5));
#6918 = CARTESIAN_POINT('',(56.031879194631,31.838422818792,5.5));
#6919 = ORIENTED_EDGE('',*,*,#6870,.T.);
#6920 = ORIENTED_EDGE('',*,*,#1769,.F.);
#6921 = ORIENTED_EDGE('',*,*,#6922,.F.);
#6922 = EDGE_CURVE('',#6913,#1770,#6923,.T.);
#6923 = LINE('',#6924,#6925);
#6924 = CARTESIAN_POINT('',(56.031879194631,31.838422818792,5.5));
#6925 = VECTOR('',#6926,1.);
#6926 = DIRECTION('',(0.,0.,1.));
#6927 = SURFACE_OF_LINEAR_EXTRUSION('',#6928,#6932);
#6928 = B_SPLINE_CURVE_WITH_KNOTS('',2,(#6929,#6930,#6931),
  .UNSPECIFIED.,.F.,.F.,(3,3),(0.,1.),.PIECEWISE_BEZIER_KNOTS.);
#6929 = CARTESIAN_POINT('',(54.962248322148,32.181879194631,5.5));
#6930 = CARTESIAN_POINT('',(55.64932885906,32.181879194631,5.5));
#6931 = CARTESIAN_POINT('',(56.031879194631,31.838422818792,5.5));
#6932 = VECTOR('',#6933,1.);
#6933 = DIRECTION('',(-0.,-0.,-1.));
#6934 = ADVANCED_FACE('',(#6935),#6953,.F.);
#6935 = FACE_BOUND('',#6936,.F.);
#6936 = EDGE_LOOP('',(#6937,#6945,#6951,#6952));
#6937 = ORIENTED_EDGE('',*,*,#6938,.F.);
#6938 = EDGE_CURVE('',#6939,#6887,#6941,.T.);
#6939 = VERTEX_POINT('',#6940);
#6940 = CARTESIAN_POINT('',(55.242785234899,30.410570469799,5.5));
#6941 = B_SPLINE_CURVE_WITH_KNOTS('',2,(#6942,#6943,#6944),
  .UNSPECIFIED.,.F.,.F.,(3,3),(0.,1.),.PIECEWISE_BEZIER_KNOTS.);
#6942 = CARTESIAN_POINT('',(55.242785234899,30.410570469799,5.5));
#6943 = CARTESIAN_POINT('',(55.445469798658,30.58288590604,5.5));
#6944 = CARTESIAN_POINT('',(55.445469798658,30.877181208054,5.5));
#6945 = ORIENTED_EDGE('',*,*,#6946,.T.);
#6946 = EDGE_CURVE('',#6939,#1896,#6947,.T.);
#6947 = LINE('',#6948,#6949);
#6948 = CARTESIAN_POINT('',(55.242785234899,30.410570469799,5.5));
#6949 = VECTOR('',#6950,1.);
#6950 = DIRECTION('',(0.,0.,1.));
#6951 = ORIENTED_EDGE('',*,*,#1910,.F.);
#6952 = ORIENTED_EDGE('',*,*,#6894,.F.);
#6953 = SURFACE_OF_LINEAR_EXTRUSION('',#6954,#6958);
#6954 = B_SPLINE_CURVE_WITH_KNOTS('',2,(#6955,#6956,#6957),
  .UNSPECIFIED.,.F.,.F.,(3,3),(0.,1.),.PIECEWISE_BEZIER_KNOTS.);
#6955 = CARTESIAN_POINT('',(55.242785234899,30.410570469799,5.5));
#6956 = CARTESIAN_POINT('',(55.445469798658,30.58288590604,5.5));
#6957 = CARTESIAN_POINT('',(55.445469798658,30.877181208054,5.5));
#6958 = VECTOR('',#6959,1.);
#6959 = DIRECTION('',(-0.,-0.,-1.));
#6960 = ADVANCED_FACE('',(#6961),#6979,.F.);
#6961 = FACE_BOUND('',#6962,.F.);
#6962 = EDGE_LOOP('',(#6963,#6971,#6972,#6973));
#6963 = ORIENTED_EDGE('',*,*,#6964,.F.);
#6964 = EDGE_CURVE('',#6913,#6965,#6967,.T.);
#6965 = VERTEX_POINT('',#6966);
#6966 = CARTESIAN_POINT('',(56.414429530201,30.881375838926,5.5));
#6967 = B_SPLINE_CURVE_WITH_KNOTS('',2,(#6968,#6969,#6970),
  .UNSPECIFIED.,.F.,.F.,(3,3),(0.,1.),.PIECEWISE_BEZIER_KNOTS.);
#6968 = CARTESIAN_POINT('',(56.031879194631,31.838422818792,5.5));
#6969 = CARTESIAN_POINT('',(56.414429530201,31.495134228188,5.5));
#6970 = CARTESIAN_POINT('',(56.414429530201,30.881375838926,5.5));
#6971 = ORIENTED_EDGE('',*,*,#6922,.T.);
#6972 = ORIENTED_EDGE('',*,*,#1786,.F.);
#6973 = ORIENTED_EDGE('',*,*,#6974,.F.);
#6974 = EDGE_CURVE('',#6965,#1787,#6975,.T.);
#6975 = LINE('',#6976,#6977);
#6976 = CARTESIAN_POINT('',(56.414429530201,30.881375838926,5.5));
#6977 = VECTOR('',#6978,1.);
#6978 = DIRECTION('',(0.,0.,1.));
#6979 = SURFACE_OF_LINEAR_EXTRUSION('',#6980,#6984);
#6980 = B_SPLINE_CURVE_WITH_KNOTS('',2,(#6981,#6982,#6983),
  .UNSPECIFIED.,.F.,.F.,(3,3),(0.,1.),.PIECEWISE_BEZIER_KNOTS.);
#6981 = CARTESIAN_POINT('',(56.031879194631,31.838422818792,5.5));
#6982 = CARTESIAN_POINT('',(56.414429530201,31.495134228188,5.5));
#6983 = CARTESIAN_POINT('',(56.414429530201,30.881375838926,5.5));
#6984 = VECTOR('',#6985,1.);
#6985 = DIRECTION('',(-0.,-0.,-1.));
#6986 = ADVANCED_FACE('',(#6987),#7005,.F.);
#6987 = FACE_BOUND('',#6988,.F.);
#6988 = EDGE_LOOP('',(#6989,#6997,#7003,#7004));
#6989 = ORIENTED_EDGE('',*,*,#6990,.F.);
#6990 = EDGE_CURVE('',#6991,#6939,#6993,.T.);
#6991 = VERTEX_POINT('',#6992);
#6992 = CARTESIAN_POINT('',(54.687919463087,30.238255033557,5.5));
#6993 = B_SPLINE_CURVE_WITH_KNOTS('',2,(#6994,#6995,#6996),
  .UNSPECIFIED.,.F.,.F.,(3,3),(0.,1.),.PIECEWISE_BEZIER_KNOTS.);
#6994 = CARTESIAN_POINT('',(54.687919463087,30.238255033557,5.5));
#6995 = CARTESIAN_POINT('',(55.040268456376,30.238255033557,5.5));
#6996 = CARTESIAN_POINT('',(55.242785234899,30.410570469799,5.5));
#6997 = ORIENTED_EDGE('',*,*,#6998,.T.);
#6998 = EDGE_CURVE('',#6991,#1885,#6999,.T.);
#6999 = LINE('',#7000,#7001);
#7000 = CARTESIAN_POINT('',(54.687919463087,30.238255033557,5.5));
#7001 = VECTOR('',#7002,1.);
#7002 = DIRECTION('',(0.,0.,1.));
#7003 = ORIENTED_EDGE('',*,*,#1895,.F.);
#7004 = ORIENTED_EDGE('',*,*,#6946,.F.);
#7005 = SURFACE_OF_LINEAR_EXTRUSION('',#7006,#7010);
#7006 = B_SPLINE_CURVE_WITH_KNOTS('',2,(#7007,#7008,#7009),
  .UNSPECIFIED.,.F.,.F.,(3,3),(0.,1.),.PIECEWISE_BEZIER_KNOTS.);
#7007 = CARTESIAN_POINT('',(54.687919463087,30.238255033557,5.5));
#7008 = CARTESIAN_POINT('',(55.040268456376,30.238255033557,5.5));
#7009 = CARTESIAN_POINT('',(55.242785234899,30.410570469799,5.5));
#7010 = VECTOR('',#7011,1.);
#7011 = DIRECTION('',(-0.,-0.,-1.));
#7012 = ADVANCED_FACE('',(#7013),#7031,.F.);
#7013 = FACE_BOUND('',#7014,.F.);
#7014 = EDGE_LOOP('',(#7015,#7023,#7024,#7025));
#7015 = ORIENTED_EDGE('',*,*,#7016,.F.);
#7016 = EDGE_CURVE('',#6965,#7017,#7019,.T.);
#7017 = VERTEX_POINT('',#7018);
#7018 = CARTESIAN_POINT('',(55.997818791946,29.927852348993,5.5));
#7019 = B_SPLINE_CURVE_WITH_KNOTS('',2,(#7020,#7021,#7022),
  .UNSPECIFIED.,.F.,.F.,(3,3),(0.,1.),.PIECEWISE_BEZIER_KNOTS.);
#7020 = CARTESIAN_POINT('',(56.414429530201,30.881375838926,5.5));
#7021 = CARTESIAN_POINT('',(56.414429530201,30.272483221477,5.5));
#7022 = CARTESIAN_POINT('',(55.997818791946,29.927852348993,5.5));
#7023 = ORIENTED_EDGE('',*,*,#6974,.T.);
#7024 = ORIENTED_EDGE('',*,*,#1805,.F.);
#7025 = ORIENTED_EDGE('',*,*,#7026,.F.);
#7026 = EDGE_CURVE('',#7017,#1806,#7027,.T.);
#7027 = LINE('',#7028,#7029);
#7028 = CARTESIAN_POINT('',(55.997818791946,29.927852348993,5.5));
#7029 = VECTOR('',#7030,1.);
#7030 = DIRECTION('',(0.,0.,1.));
#7031 = SURFACE_OF_LINEAR_EXTRUSION('',#7032,#7036);
#7032 = B_SPLINE_CURVE_WITH_KNOTS('',2,(#7033,#7034,#7035),
  .UNSPECIFIED.,.F.,.F.,(3,3),(0.,1.),.PIECEWISE_BEZIER_KNOTS.);
#7033 = CARTESIAN_POINT('',(56.414429530201,30.881375838926,5.5));
#7034 = CARTESIAN_POINT('',(56.414429530201,30.272483221477,5.5));
#7035 = CARTESIAN_POINT('',(55.997818791946,29.927852348993,5.5));
#7036 = VECTOR('',#7037,1.);
#7037 = DIRECTION('',(-0.,-0.,-1.));
#7038 = ADVANCED_FACE('',(#7039),#7057,.F.);
#7039 = FACE_BOUND('',#7040,.F.);
#7040 = EDGE_LOOP('',(#7041,#7049,#7055,#7056));
#7041 = ORIENTED_EDGE('',*,*,#7042,.F.);
#7042 = EDGE_CURVE('',#7043,#6991,#7045,.T.);
#7043 = VERTEX_POINT('',#7044);
#7044 = CARTESIAN_POINT('',(54.168120805369,30.326845637584,5.5));
#7045 = B_SPLINE_CURVE_WITH_KNOTS('',2,(#7046,#7047,#7048),
  .UNSPECIFIED.,.F.,.F.,(3,3),(0.,1.),.PIECEWISE_BEZIER_KNOTS.);
#7046 = CARTESIAN_POINT('',(54.168120805369,30.326845637584,5.5));
#7047 = CARTESIAN_POINT('',(54.443791946309,30.238255033557,5.5));
#7048 = CARTESIAN_POINT('',(54.687919463087,30.238255033557,5.5));
#7049 = ORIENTED_EDGE('',*,*,#7050,.T.);
#7050 = EDGE_CURVE('',#7043,#1874,#7051,.T.);
#7051 = LINE('',#7052,#7053);
#7052 = CARTESIAN_POINT('',(54.168120805369,30.326845637584,5.5));
#7053 = VECTOR('',#7054,1.);
#7054 = DIRECTION('',(0.,0.,1.));
#7055 = ORIENTED_EDGE('',*,*,#1884,.F.);
#7056 = ORIENTED_EDGE('',*,*,#6998,.F.);
#7057 = SURFACE_OF_LINEAR_EXTRUSION('',#7058,#7062);
#7058 = B_SPLINE_CURVE_WITH_KNOTS('',2,(#7059,#7060,#7061),
  .UNSPECIFIED.,.F.,.F.,(3,3),(0.,1.),.PIECEWISE_BEZIER_KNOTS.);
#7059 = CARTESIAN_POINT('',(54.168120805369,30.326845637584,5.5));
#7060 = CARTESIAN_POINT('',(54.443791946309,30.238255033557,5.5));
#7061 = CARTESIAN_POINT('',(54.687919463087,30.238255033557,5.5));
#7062 = VECTOR('',#7063,1.);
#7063 = DIRECTION('',(-0.,-0.,-1.));
#7064 = ADVANCED_FACE('',(#7065),#7083,.F.);
#7065 = FACE_BOUND('',#7066,.F.);
#7066 = EDGE_LOOP('',(#7067,#7075,#7076,#7077));
#7067 = ORIENTED_EDGE('',*,*,#7068,.F.);
#7068 = EDGE_CURVE('',#7017,#7069,#7071,.T.);
#7069 = VERTEX_POINT('',#7070);
#7070 = CARTESIAN_POINT('',(54.84144295302,29.58322147651,5.5));
#7071 = B_SPLINE_CURVE_WITH_KNOTS('',2,(#7072,#7073,#7074),
  .UNSPECIFIED.,.F.,.F.,(3,3),(0.,1.),.PIECEWISE_BEZIER_KNOTS.);
#7072 = CARTESIAN_POINT('',(55.997818791946,29.927852348993,5.5));
#7073 = CARTESIAN_POINT('',(55.581375838926,29.58322147651,5.5));
#7074 = CARTESIAN_POINT('',(54.84144295302,29.58322147651,5.5));
#7075 = ORIENTED_EDGE('',*,*,#7026,.T.);
#7076 = ORIENTED_EDGE('',*,*,#1824,.F.);
#7077 = ORIENTED_EDGE('',*,*,#7078,.F.);
#7078 = EDGE_CURVE('',#7069,#1825,#7079,.T.);
#7079 = LINE('',#7080,#7081);
#7080 = CARTESIAN_POINT('',(54.84144295302,29.58322147651,5.5));
#7081 = VECTOR('',#7082,1.);
#7082 = DIRECTION('',(0.,0.,1.));
#7083 = SURFACE_OF_LINEAR_EXTRUSION('',#7084,#7088);
#7084 = B_SPLINE_CURVE_WITH_KNOTS('',2,(#7085,#7086,#7087),
  .UNSPECIFIED.,.F.,.F.,(3,3),(0.,1.),.PIECEWISE_BEZIER_KNOTS.);
#7085 = CARTESIAN_POINT('',(55.997818791946,29.927852348993,5.5));
#7086 = CARTESIAN_POINT('',(55.581375838926,29.58322147651,5.5));
#7087 = CARTESIAN_POINT('',(54.84144295302,29.58322147651,5.5));
#7088 = VECTOR('',#7089,1.);
#7089 = DIRECTION('',(-0.,-0.,-1.));
#7090 = ADVANCED_FACE('',(#7091),#7109,.F.);
#7091 = FACE_BOUND('',#7092,.F.);
#7092 = EDGE_LOOP('',(#7093,#7101,#7107,#7108));
#7093 = ORIENTED_EDGE('',*,*,#7094,.F.);
#7094 = EDGE_CURVE('',#7095,#7043,#7097,.T.);
#7095 = VERTEX_POINT('',#7096);
#7096 = CARTESIAN_POINT('',(53.585570469799,30.592617449664,5.5));
#7097 = B_SPLINE_CURVE_WITH_KNOTS('',2,(#7098,#7099,#7100),
  .UNSPECIFIED.,.F.,.F.,(3,3),(0.,1.),.PIECEWISE_BEZIER_KNOTS.);
#7098 = CARTESIAN_POINT('',(53.585570469799,30.592617449664,5.5));
#7099 = CARTESIAN_POINT('',(53.892617449664,30.415436241611,5.5));
#7100 = CARTESIAN_POINT('',(54.168120805369,30.326845637584,5.5));
#7101 = ORIENTED_EDGE('',*,*,#7102,.T.);
#7102 = EDGE_CURVE('',#7095,#1866,#7103,.T.);
#7103 = LINE('',#7104,#7105);
#7104 = CARTESIAN_POINT('',(53.585570469799,30.592617449664,5.5));
#7105 = VECTOR('',#7106,1.);
#7106 = DIRECTION('',(0.,0.,1.));
#7107 = ORIENTED_EDGE('',*,*,#1873,.F.);
#7108 = ORIENTED_EDGE('',*,*,#7050,.F.);
#7109 = SURFACE_OF_LINEAR_EXTRUSION('',#7110,#7114);
#7110 = B_SPLINE_CURVE_WITH_KNOTS('',2,(#7111,#7112,#7113),
  .UNSPECIFIED.,.F.,.F.,(3,3),(0.,1.),.PIECEWISE_BEZIER_KNOTS.);
#7111 = CARTESIAN_POINT('',(53.585570469799,30.592617449664,5.5));
#7112 = CARTESIAN_POINT('',(53.892617449664,30.415436241611,5.5));
#7113 = CARTESIAN_POINT('',(54.168120805369,30.326845637584,5.5));
#7114 = VECTOR('',#7115,1.);
#7115 = DIRECTION('',(-0.,-0.,-1.));
#7116 = ADVANCED_FACE('',(#7117),#7135,.F.);
#7117 = FACE_BOUND('',#7118,.F.);
#7118 = EDGE_LOOP('',(#7119,#7127,#7128,#7129));
#7119 = ORIENTED_EDGE('',*,*,#7120,.F.);
#7120 = EDGE_CURVE('',#7069,#7121,#7123,.T.);
#7121 = VERTEX_POINT('',#7122);
#7122 = CARTESIAN_POINT('',(54.208389261745,29.644463087248,5.5));
#7123 = B_SPLINE_CURVE_WITH_KNOTS('',2,(#7124,#7125,#7126),
  .UNSPECIFIED.,.F.,.F.,(3,3),(0.,1.),.PIECEWISE_BEZIER_KNOTS.);
#7124 = CARTESIAN_POINT('',(54.84144295302,29.58322147651,5.5));
#7125 = CARTESIAN_POINT('',(54.521812080537,29.58322147651,5.5));
#7126 = CARTESIAN_POINT('',(54.208389261745,29.644463087248,5.5));
#7127 = ORIENTED_EDGE('',*,*,#7078,.T.);
#7128 = ORIENTED_EDGE('',*,*,#1841,.F.);
#7129 = ORIENTED_EDGE('',*,*,#7130,.F.);
#7130 = EDGE_CURVE('',#7121,#1842,#7131,.T.);
#7131 = LINE('',#7132,#7133);
#7132 = CARTESIAN_POINT('',(54.208389261745,29.644463087248,5.5));
#7133 = VECTOR('',#7134,1.);
#7134 = DIRECTION('',(0.,0.,1.));
#7135 = SURFACE_OF_LINEAR_EXTRUSION('',#7136,#7140);
#7136 = B_SPLINE_CURVE_WITH_KNOTS('',2,(#7137,#7138,#7139),
  .UNSPECIFIED.,.F.,.F.,(3,3),(0.,1.),.PIECEWISE_BEZIER_KNOTS.);
#7137 = CARTESIAN_POINT('',(54.84144295302,29.58322147651,5.5));
#7138 = CARTESIAN_POINT('',(54.521812080537,29.58322147651,5.5));
#7139 = CARTESIAN_POINT('',(54.208389261745,29.644463087248,5.5));
#7140 = VECTOR('',#7141,1.);
#7141 = DIRECTION('',(-0.,-0.,-1.));
#7142 = ADVANCED_FACE('',(#7143),#7161,.F.);
#7143 = FACE_BOUND('',#7144,.F.);
#7144 = EDGE_LOOP('',(#7145,#7153,#7159,#7160));
#7145 = ORIENTED_EDGE('',*,*,#7146,.F.);
#7146 = EDGE_CURVE('',#7147,#7095,#7149,.T.);
#7147 = VERTEX_POINT('',#7148);
#7148 = CARTESIAN_POINT('',(53.585570469799,29.830201342282,5.5));
#7149 = LINE('',#7150,#7151);
#7150 = CARTESIAN_POINT('',(53.585570469799,29.830201342282,5.5));
#7151 = VECTOR('',#7152,1.);
#7152 = DIRECTION('',(0.,1.,0.));
#7153 = ORIENTED_EDGE('',*,*,#7154,.T.);
#7154 = EDGE_CURVE('',#7147,#1855,#7155,.T.);
#7155 = LINE('',#7156,#7157);
#7156 = CARTESIAN_POINT('',(53.585570469799,29.830201342282,5.5));
#7157 = VECTOR('',#7158,1.);
#7158 = DIRECTION('',(0.,0.,1.));
#7159 = ORIENTED_EDGE('',*,*,#1865,.F.);
#7160 = ORIENTED_EDGE('',*,*,#7102,.F.);
#7161 = PLANE('',#7162);
#7162 = AXIS2_PLACEMENT_3D('',#7163,#7164,#7165);
#7163 = CARTESIAN_POINT('',(53.585570469799,29.830201342282,5.5));
#7164 = DIRECTION('',(-1.,0.,0.));
#7165 = DIRECTION('',(0.,1.,0.));
#7166 = ADVANCED_FACE('',(#7167),#7178,.F.);
#7167 = FACE_BOUND('',#7168,.F.);
#7168 = EDGE_LOOP('',(#7169,#7175,#7176,#7177));
#7169 = ORIENTED_EDGE('',*,*,#7170,.F.);
#7170 = EDGE_CURVE('',#7121,#7147,#7171,.T.);
#7171 = B_SPLINE_CURVE_WITH_KNOTS('',2,(#7172,#7173,#7174),
  .UNSPECIFIED.,.F.,.F.,(3,3),(0.,1.),.PIECEWISE_BEZIER_KNOTS.);
#7172 = CARTESIAN_POINT('',(54.208389261745,29.644463087248,5.5));
#7173 = CARTESIAN_POINT('',(53.895134228188,29.705536912752,5.5));
#7174 = CARTESIAN_POINT('',(53.585570469799,29.830201342282,5.5));
#7175 = ORIENTED_EDGE('',*,*,#7130,.T.);
#7176 = ORIENTED_EDGE('',*,*,#1854,.F.);
#7177 = ORIENTED_EDGE('',*,*,#7154,.F.);
#7178 = SURFACE_OF_LINEAR_EXTRUSION('',#7179,#7183);
#7179 = B_SPLINE_CURVE_WITH_KNOTS('',2,(#7180,#7181,#7182),
  .UNSPECIFIED.,.F.,.F.,(3,3),(0.,1.),.PIECEWISE_BEZIER_KNOTS.);
#7180 = CARTESIAN_POINT('',(54.208389261745,29.644463087248,5.5));
#7181 = CARTESIAN_POINT('',(53.895134228188,29.705536912752,5.5));
#7182 = CARTESIAN_POINT('',(53.585570469799,29.830201342282,5.5));
#7183 = VECTOR('',#7184,1.);
#7184 = DIRECTION('',(-0.,-0.,-1.));
#7185 = ADVANCED_FACE('',(#7186),#7211,.F.);
#7186 = FACE_BOUND('',#7187,.F.);
#7187 = EDGE_LOOP('',(#7188,#7198,#7204,#7205));
#7188 = ORIENTED_EDGE('',*,*,#7189,.F.);
#7189 = EDGE_CURVE('',#7190,#7192,#7194,.T.);
#7190 = VERTEX_POINT('',#7191);
#7191 = CARTESIAN_POINT('',(68.248322147651,33.287919463087,5.5));
#7192 = VERTEX_POINT('',#7193);
#7193 = CARTESIAN_POINT('',(68.248322147651,32.589932885906,5.5));
#7194 = LINE('',#7195,#7196);
#7195 = CARTESIAN_POINT('',(68.248322147651,33.287919463087,5.5));
#7196 = VECTOR('',#7197,1.);
#7197 = DIRECTION('',(0.,-1.,0.));
#7198 = ORIENTED_EDGE('',*,*,#7199,.T.);
#7199 = EDGE_CURVE('',#7190,#1988,#7200,.T.);
#7200 = LINE('',#7201,#7202);
#7201 = CARTESIAN_POINT('',(68.248322147651,33.287919463087,5.5));
#7202 = VECTOR('',#7203,1.);
#7203 = DIRECTION('',(0.,0.,1.));
#7204 = ORIENTED_EDGE('',*,*,#1985,.F.);
#7205 = ORIENTED_EDGE('',*,*,#7206,.F.);
#7206 = EDGE_CURVE('',#7192,#1986,#7207,.T.);
#7207 = LINE('',#7208,#7209);
#7208 = CARTESIAN_POINT('',(68.248322147651,32.589932885906,5.5));
#7209 = VECTOR('',#7210,1.);
#7210 = DIRECTION('',(0.,0.,1.));
#7211 = PLANE('',#7212);
#7212 = AXIS2_PLACEMENT_3D('',#7213,#7214,#7215);
#7213 = CARTESIAN_POINT('',(68.248322147651,33.287919463087,5.5));
#7214 = DIRECTION('',(1.,0.,0.));
#7215 = DIRECTION('',(0.,-1.,0.));
#7216 = ADVANCED_FACE('',(#7217),#7235,.F.);
#7217 = FACE_BOUND('',#7218,.F.);
#7218 = EDGE_LOOP('',(#7219,#7227,#7228,#7229));
#7219 = ORIENTED_EDGE('',*,*,#7220,.F.);
#7220 = EDGE_CURVE('',#7192,#7221,#7223,.T.);
#7221 = VERTEX_POINT('',#7222);
#7222 = CARTESIAN_POINT('',(67.797818791946,32.760234899329,5.5));
#7223 = B_SPLINE_CURVE_WITH_KNOTS('',2,(#7224,#7225,#7226),
  .UNSPECIFIED.,.F.,.F.,(3,3),(0.,1.),.PIECEWISE_BEZIER_KNOTS.);
#7224 = CARTESIAN_POINT('',(68.248322147651,32.589932885906,5.5));
#7225 = CARTESIAN_POINT('',(68.009228187919,32.705201342282,5.5));
#7226 = CARTESIAN_POINT('',(67.797818791946,32.760234899329,5.5));
#7227 = ORIENTED_EDGE('',*,*,#7206,.T.);
#7228 = ORIENTED_EDGE('',*,*,#1995,.F.);
#7229 = ORIENTED_EDGE('',*,*,#7230,.F.);
#7230 = EDGE_CURVE('',#7221,#1996,#7231,.T.);
#7231 = LINE('',#7232,#7233);
#7232 = CARTESIAN_POINT('',(67.797818791946,32.760234899329,5.5));
#7233 = VECTOR('',#7234,1.);
#7234 = DIRECTION('',(0.,0.,1.));
#7235 = SURFACE_OF_LINEAR_EXTRUSION('',#7236,#7240);
#7236 = B_SPLINE_CURVE_WITH_KNOTS('',2,(#7237,#7238,#7239),
  .UNSPECIFIED.,.F.,.F.,(3,3),(0.,1.),.PIECEWISE_BEZIER_KNOTS.);
#7237 = CARTESIAN_POINT('',(68.248322147651,32.589932885906,5.5));
#7238 = CARTESIAN_POINT('',(68.009228187919,32.705201342282,5.5));
#7239 = CARTESIAN_POINT('',(67.797818791946,32.760234899329,5.5));
#7240 = VECTOR('',#7241,1.);
#7241 = DIRECTION('',(-0.,-0.,-1.));
#7242 = ADVANCED_FACE('',(#7243),#7261,.F.);
#7243 = FACE_BOUND('',#7244,.F.);
#7244 = EDGE_LOOP('',(#7245,#7253,#7259,#7260));
#7245 = ORIENTED_EDGE('',*,*,#7246,.F.);
#7246 = EDGE_CURVE('',#7247,#7190,#7249,.T.);
#7247 = VERTEX_POINT('',#7248);
#7248 = CARTESIAN_POINT('',(67.765100671141,33.408724832215,5.5));
#7249 = B_SPLINE_CURVE_WITH_KNOTS('',2,(#7250,#7251,#7252),
  .UNSPECIFIED.,.F.,.F.,(3,3),(0.,1.),.PIECEWISE_BEZIER_KNOTS.);
#7250 = CARTESIAN_POINT('',(67.765100671141,33.408724832215,5.5));
#7251 = CARTESIAN_POINT('',(68.009228187919,33.368456375839,5.5));
#7252 = CARTESIAN_POINT('',(68.248322147651,33.287919463087,5.5));
#7253 = ORIENTED_EDGE('',*,*,#7254,.T.);
#7254 = EDGE_CURVE('',#7247,#2235,#7255,.T.);
#7255 = LINE('',#7256,#7257);
#7256 = CARTESIAN_POINT('',(67.765100671141,33.408724832215,5.5));
#7257 = VECTOR('',#7258,1.);
#7258 = DIRECTION('',(0.,0.,1.));
#7259 = ORIENTED_EDGE('',*,*,#2244,.F.);
#7260 = ORIENTED_EDGE('',*,*,#7199,.F.);
#7261 = SURFACE_OF_LINEAR_EXTRUSION('',#7262,#7266);
#7262 = B_SPLINE_CURVE_WITH_KNOTS('',2,(#7263,#7264,#7265),
  .UNSPECIFIED.,.F.,.F.,(3,3),(0.,1.),.PIECEWISE_BEZIER_KNOTS.);
#7263 = CARTESIAN_POINT('',(67.765100671141,33.408724832215,5.5));
#7264 = CARTESIAN_POINT('',(68.009228187919,33.368456375839,5.5));
#7265 = CARTESIAN_POINT('',(68.248322147651,33.287919463087,5.5));
#7266 = VECTOR('',#7267,1.);
#7267 = DIRECTION('',(-0.,-0.,-1.));
#7268 = ADVANCED_FACE('',(#7269),#7287,.F.);
#7269 = FACE_BOUND('',#7270,.F.);
#7270 = EDGE_LOOP('',(#7271,#7279,#7280,#7281));
#7271 = ORIENTED_EDGE('',*,*,#7272,.F.);
#7272 = EDGE_CURVE('',#7221,#7273,#7275,.T.);
#7273 = VERTEX_POINT('',#7274);
#7274 = CARTESIAN_POINT('',(67.385067114094,32.815436241611,5.5));
#7275 = B_SPLINE_CURVE_WITH_KNOTS('',2,(#7276,#7277,#7278),
  .UNSPECIFIED.,.F.,.F.,(3,3),(0.,1.),.PIECEWISE_BEZIER_KNOTS.);
#7276 = CARTESIAN_POINT('',(67.797818791946,32.760234899329,5.5));
#7277 = CARTESIAN_POINT('',(67.586409395973,32.815436241611,5.5));
#7278 = CARTESIAN_POINT('',(67.385067114094,32.815436241611,5.5));
#7279 = ORIENTED_EDGE('',*,*,#7230,.T.);
#7280 = ORIENTED_EDGE('',*,*,#2006,.F.);
#7281 = ORIENTED_EDGE('',*,*,#7282,.F.);
#7282 = EDGE_CURVE('',#7273,#2007,#7283,.T.);
#7283 = LINE('',#7284,#7285);
#7284 = CARTESIAN_POINT('',(67.385067114094,32.815436241611,5.5));
#7285 = VECTOR('',#7286,1.);
#7286 = DIRECTION('',(0.,0.,1.));
#7287 = SURFACE_OF_LINEAR_EXTRUSION('',#7288,#7292);
#7288 = B_SPLINE_CURVE_WITH_KNOTS('',2,(#7289,#7290,#7291),
  .UNSPECIFIED.,.F.,.F.,(3,3),(0.,1.),.PIECEWISE_BEZIER_KNOTS.);
#7289 = CARTESIAN_POINT('',(67.797818791946,32.760234899329,5.5));
#7290 = CARTESIAN_POINT('',(67.586409395973,32.815436241611,5.5));
#7291 = CARTESIAN_POINT('',(67.385067114094,32.815436241611,5.5));
#7292 = VECTOR('',#7293,1.);
#7293 = DIRECTION('',(-0.,-0.,-1.));
#7294 = ADVANCED_FACE('',(#7295),#7313,.F.);
#7295 = FACE_BOUND('',#7296,.F.);
#7296 = EDGE_LOOP('',(#7297,#7305,#7311,#7312));
#7297 = ORIENTED_EDGE('',*,*,#7298,.F.);
#7298 = EDGE_CURVE('',#7299,#7247,#7301,.T.);
#7299 = VERTEX_POINT('',#7300);
#7300 = CARTESIAN_POINT('',(67.261744966443,33.448993288591,5.5));
#7301 = B_SPLINE_CURVE_WITH_KNOTS('',2,(#7302,#7303,#7304),
  .UNSPECIFIED.,.F.,.F.,(3,3),(0.,1.),.PIECEWISE_BEZIER_KNOTS.);
#7302 = CARTESIAN_POINT('',(67.261744966443,33.448993288591,5.5));
#7303 = CARTESIAN_POINT('',(67.520973154362,33.448993288591,5.5));
#7304 = CARTESIAN_POINT('',(67.765100671141,33.408724832215,5.5));
#7305 = ORIENTED_EDGE('',*,*,#7306,.T.);
#7306 = EDGE_CURVE('',#7299,#2212,#7307,.T.);
#7307 = LINE('',#7308,#7309);
#7308 = CARTESIAN_POINT('',(67.261744966443,33.448993288591,5.5));
#7309 = VECTOR('',#7310,1.);
#7310 = DIRECTION('',(0.,0.,1.));
#7311 = ORIENTED_EDGE('',*,*,#2234,.F.);
#7312 = ORIENTED_EDGE('',*,*,#7254,.F.);
#7313 = SURFACE_OF_LINEAR_EXTRUSION('',#7314,#7318);
#7314 = B_SPLINE_CURVE_WITH_KNOTS('',2,(#7315,#7316,#7317),
  .UNSPECIFIED.,.F.,.F.,(3,3),(0.,1.),.PIECEWISE_BEZIER_KNOTS.);
#7315 = CARTESIAN_POINT('',(67.261744966443,33.448993288591,5.5));
#7316 = CARTESIAN_POINT('',(67.520973154362,33.448993288591,5.5));
#7317 = CARTESIAN_POINT('',(67.765100671141,33.408724832215,5.5));
#7318 = VECTOR('',#7319,1.);
#7319 = DIRECTION('',(-0.,-0.,-1.));
#7320 = ADVANCED_FACE('',(#7321),#7339,.F.);
#7321 = FACE_BOUND('',#7322,.F.);
#7322 = EDGE_LOOP('',(#7323,#7331,#7332,#7333));
#7323 = ORIENTED_EDGE('',*,*,#7324,.F.);
#7324 = EDGE_CURVE('',#7273,#7325,#7327,.T.);
#7325 = VERTEX_POINT('',#7326);
#7326 = CARTESIAN_POINT('',(66.710570469799,32.574832214765,5.5));
#7327 = B_SPLINE_CURVE_WITH_KNOTS('',2,(#7328,#7329,#7330),
  .UNSPECIFIED.,.F.,.F.,(3,3),(0.,1.),.PIECEWISE_BEZIER_KNOTS.);
#7328 = CARTESIAN_POINT('',(67.385067114094,32.815436241611,5.5));
#7329 = CARTESIAN_POINT('',(66.952181208054,32.815436241611,5.5));
#7330 = CARTESIAN_POINT('',(66.710570469799,32.574832214765,5.5));
#7331 = ORIENTED_EDGE('',*,*,#7282,.T.);
#7332 = ORIENTED_EDGE('',*,*,#2017,.F.);
#7333 = ORIENTED_EDGE('',*,*,#7334,.F.);
#7334 = EDGE_CURVE('',#7325,#2018,#7335,.T.);
#7335 = LINE('',#7336,#7337);
#7336 = CARTESIAN_POINT('',(66.710570469799,32.574832214765,5.5));
#7337 = VECTOR('',#7338,1.);
#7338 = DIRECTION('',(0.,0.,1.));
#7339 = SURFACE_OF_LINEAR_EXTRUSION('',#7340,#7344);
#7340 = B_SPLINE_CURVE_WITH_KNOTS('',2,(#7341,#7342,#7343),
  .UNSPECIFIED.,.F.,.F.,(3,3),(0.,1.),.PIECEWISE_BEZIER_KNOTS.);
#7341 = CARTESIAN_POINT('',(67.385067114094,32.815436241611,5.5));
#7342 = CARTESIAN_POINT('',(66.952181208054,32.815436241611,5.5));
#7343 = CARTESIAN_POINT('',(66.710570469799,32.574832214765,5.5));
#7344 = VECTOR('',#7345,1.);
#7345 = DIRECTION('',(-0.,-0.,-1.));
#7346 = ADVANCED_FACE('',(#7347),#7365,.F.);
#7347 = FACE_BOUND('',#7348,.F.);
#7348 = EDGE_LOOP('',(#7349,#7357,#7363,#7364));
#7349 = ORIENTED_EDGE('',*,*,#7350,.F.);
#7350 = EDGE_CURVE('',#7351,#7299,#7353,.T.);
#7351 = VERTEX_POINT('',#7352);
#7352 = CARTESIAN_POINT('',(65.97432885906,32.91610738255,5.5));
#7353 = B_SPLINE_CURVE_WITH_KNOTS('',2,(#7354,#7355,#7356),
  .UNSPECIFIED.,.F.,.F.,(3,3),(0.,1.),.PIECEWISE_BEZIER_KNOTS.);
#7354 = CARTESIAN_POINT('',(65.97432885906,32.91610738255,5.5));
#7355 = CARTESIAN_POINT('',(66.443791946309,33.448993288591,5.5));
#7356 = CARTESIAN_POINT('',(67.261744966443,33.448993288591,5.5));
#7357 = ORIENTED_EDGE('',*,*,#7358,.T.);
#7358 = EDGE_CURVE('',#7351,#2185,#7359,.T.);
#7359 = LINE('',#7360,#7361);
#7360 = CARTESIAN_POINT('',(65.97432885906,32.91610738255,5.5));
#7361 = VECTOR('',#7362,1.);
#7362 = DIRECTION('',(0.,0.,1.));
#7363 = ORIENTED_EDGE('',*,*,#2211,.F.);
#7364 = ORIENTED_EDGE('',*,*,#7306,.F.);
#7365 = SURFACE_OF_LINEAR_EXTRUSION('',#7366,#7370);
#7366 = B_SPLINE_CURVE_WITH_KNOTS('',2,(#7367,#7368,#7369),
  .UNSPECIFIED.,.F.,.F.,(3,3),(0.,1.),.PIECEWISE_BEZIER_KNOTS.);
#7367 = CARTESIAN_POINT('',(65.97432885906,32.91610738255,5.5));
#7368 = CARTESIAN_POINT('',(66.443791946309,33.448993288591,5.5));
#7369 = CARTESIAN_POINT('',(67.261744966443,33.448993288591,5.5));
#7370 = VECTOR('',#7371,1.);
#7371 = DIRECTION('',(-0.,-0.,-1.));
#7372 = ADVANCED_FACE('',(#7373),#7391,.F.);
#7373 = FACE_BOUND('',#7374,.F.);
#7374 = EDGE_LOOP('',(#7375,#7383,#7384,#7385));
#7375 = ORIENTED_EDGE('',*,*,#7376,.F.);
#7376 = EDGE_CURVE('',#7325,#7377,#7379,.T.);
#7377 = VERTEX_POINT('',#7378);
#7378 = CARTESIAN_POINT('',(66.428691275168,31.860570469799,5.5));
#7379 = B_SPLINE_CURVE_WITH_KNOTS('',2,(#7380,#7381,#7382),
  .UNSPECIFIED.,.F.,.F.,(3,3),(0.,1.),.PIECEWISE_BEZIER_KNOTS.);
#7380 = CARTESIAN_POINT('',(66.710570469799,32.574832214765,5.5));
#7381 = CARTESIAN_POINT('',(66.468959731544,32.334228187919,5.5));
#7382 = CARTESIAN_POINT('',(66.428691275168,31.860570469799,5.5));
#7383 = ORIENTED_EDGE('',*,*,#7334,.T.);
#7384 = ORIENTED_EDGE('',*,*,#2034,.F.);
#7385 = ORIENTED_EDGE('',*,*,#7386,.F.);
#7386 = EDGE_CURVE('',#7377,#2035,#7387,.T.);
#7387 = LINE('',#7388,#7389);
#7388 = CARTESIAN_POINT('',(66.428691275168,31.860570469799,5.5));
#7389 = VECTOR('',#7390,1.);
#7390 = DIRECTION('',(0.,0.,1.));
#7391 = SURFACE_OF_LINEAR_EXTRUSION('',#7392,#7396);
#7392 = B_SPLINE_CURVE_WITH_KNOTS('',2,(#7393,#7394,#7395),
  .UNSPECIFIED.,.F.,.F.,(3,3),(0.,1.),.PIECEWISE_BEZIER_KNOTS.);
#7393 = CARTESIAN_POINT('',(66.710570469799,32.574832214765,5.5));
#7394 = CARTESIAN_POINT('',(66.468959731544,32.334228187919,5.5));
#7395 = CARTESIAN_POINT('',(66.428691275168,31.860570469799,5.5));
#7396 = VECTOR('',#7397,1.);
#7397 = DIRECTION('',(-0.,-0.,-1.));
#7398 = ADVANCED_FACE('',(#7399),#7417,.F.);
#7399 = FACE_BOUND('',#7400,.F.);
#7400 = EDGE_LOOP('',(#7401,#7409,#7415,#7416));
#7401 = ORIENTED_EDGE('',*,*,#7402,.F.);
#7402 = EDGE_CURVE('',#7403,#7351,#7405,.T.);
#7403 = VERTEX_POINT('',#7404);
#7404 = CARTESIAN_POINT('',(65.505033557047,31.450838926174,5.5));
#7405 = B_SPLINE_CURVE_WITH_KNOTS('',2,(#7406,#7407,#7408),
  .UNSPECIFIED.,.F.,.F.,(3,3),(0.,1.),.PIECEWISE_BEZIER_KNOTS.);
#7406 = CARTESIAN_POINT('',(65.505033557047,31.450838926174,5.5));
#7407 = CARTESIAN_POINT('',(65.505033557047,32.38322147651,5.5));
#7408 = CARTESIAN_POINT('',(65.97432885906,32.91610738255,5.5));
#7409 = ORIENTED_EDGE('',*,*,#7410,.T.);
#7410 = EDGE_CURVE('',#7403,#2163,#7411,.T.);
#7411 = LINE('',#7412,#7413);
#7412 = CARTESIAN_POINT('',(65.505033557047,31.450838926174,5.5));
#7413 = VECTOR('',#7414,1.);
#7414 = DIRECTION('',(0.,0.,1.));
#7415 = ORIENTED_EDGE('',*,*,#2184,.F.);
#7416 = ORIENTED_EDGE('',*,*,#7358,.F.);
#7417 = SURFACE_OF_LINEAR_EXTRUSION('',#7418,#7422);
#7418 = B_SPLINE_CURVE_WITH_KNOTS('',2,(#7419,#7420,#7421),
  .UNSPECIFIED.,.F.,.F.,(3,3),(0.,1.),.PIECEWISE_BEZIER_KNOTS.);
#7419 = CARTESIAN_POINT('',(65.505033557047,31.450838926174,5.5));
#7420 = CARTESIAN_POINT('',(65.505033557047,32.38322147651,5.5));
#7421 = CARTESIAN_POINT('',(65.97432885906,32.91610738255,5.5));
#7422 = VECTOR('',#7423,1.);
#7423 = DIRECTION('',(-0.,-0.,-1.));
#7424 = ADVANCED_FACE('',(#7425),#7443,.F.);
#7425 = FACE_BOUND('',#7426,.F.);
#7426 = EDGE_LOOP('',(#7427,#7435,#7436,#7437));
#7427 = ORIENTED_EDGE('',*,*,#7428,.F.);
#7428 = EDGE_CURVE('',#7377,#7429,#7431,.T.);
#7429 = VERTEX_POINT('',#7430);
#7430 = CARTESIAN_POINT('',(66.788590604027,32.045134228188,5.5));
#7431 = B_SPLINE_CURVE_WITH_KNOTS('',2,(#7432,#7433,#7434),
  .UNSPECIFIED.,.F.,.F.,(3,3),(0.,1.),.PIECEWISE_BEZIER_KNOTS.);
#7432 = CARTESIAN_POINT('',(66.428691275168,31.860570469799,5.5));
#7433 = CARTESIAN_POINT('',(66.594798657718,31.983724832215,5.5));
#7434 = CARTESIAN_POINT('',(66.788590604027,32.045134228188,5.5));
#7435 = ORIENTED_EDGE('',*,*,#7386,.T.);
#7436 = ORIENTED_EDGE('',*,*,#2049,.F.);
#7437 = ORIENTED_EDGE('',*,*,#7438,.F.);
#7438 = EDGE_CURVE('',#7429,#2050,#7439,.T.);
#7439 = LINE('',#7440,#7441);
#7440 = CARTESIAN_POINT('',(66.788590604027,32.045134228188,5.5));
#7441 = VECTOR('',#7442,1.);
#7442 = DIRECTION('',(0.,0.,1.));
#7443 = SURFACE_OF_LINEAR_EXTRUSION('',#7444,#7448);
#7444 = B_SPLINE_CURVE_WITH_KNOTS('',2,(#7445,#7446,#7447),
  .UNSPECIFIED.,.F.,.F.,(3,3),(0.,1.),.PIECEWISE_BEZIER_KNOTS.);
#7445 = CARTESIAN_POINT('',(66.428691275168,31.860570469799,5.5));
#7446 = CARTESIAN_POINT('',(66.594798657718,31.983724832215,5.5));
#7447 = CARTESIAN_POINT('',(66.788590604027,32.045134228188,5.5));
#7448 = VECTOR('',#7449,1.);
#7449 = DIRECTION('',(-0.,-0.,-1.));
#7450 = ADVANCED_FACE('',(#7451),#7469,.F.);
#7451 = FACE_BOUND('',#7452,.F.);
#7452 = EDGE_LOOP('',(#7453,#7461,#7467,#7468));
#7453 = ORIENTED_EDGE('',*,*,#7454,.F.);
#7454 = EDGE_CURVE('',#7455,#7403,#7457,.T.);
#7455 = VERTEX_POINT('',#7456);
#7456 = CARTESIAN_POINT('',(65.906375838926,30.046140939597,5.5));
#7457 = B_SPLINE_CURVE_WITH_KNOTS('',2,(#7458,#7459,#7460),
  .UNSPECIFIED.,.F.,.F.,(3,3),(0.,1.),.PIECEWISE_BEZIER_KNOTS.);
#7458 = CARTESIAN_POINT('',(65.906375838926,30.046140939597,5.5));
#7459 = CARTESIAN_POINT('',(65.505033557047,30.541275167785,5.5));
#7460 = CARTESIAN_POINT('',(65.505033557047,31.450838926174,5.5));
#7461 = ORIENTED_EDGE('',*,*,#7462,.T.);
#7462 = EDGE_CURVE('',#7455,#2144,#7463,.T.);
#7463 = LINE('',#7464,#7465);
#7464 = CARTESIAN_POINT('',(65.906375838926,30.046140939597,5.5));
#7465 = VECTOR('',#7466,1.);
#7466 = DIRECTION('',(0.,0.,1.));
#7467 = ORIENTED_EDGE('',*,*,#2162,.F.);
#7468 = ORIENTED_EDGE('',*,*,#7410,.F.);
#7469 = SURFACE_OF_LINEAR_EXTRUSION('',#7470,#7474);
#7470 = B_SPLINE_CURVE_WITH_KNOTS('',2,(#7471,#7472,#7473),
  .UNSPECIFIED.,.F.,.F.,(3,3),(0.,1.),.PIECEWISE_BEZIER_KNOTS.);
#7471 = CARTESIAN_POINT('',(65.906375838926,30.046140939597,5.5));
#7472 = CARTESIAN_POINT('',(65.505033557047,30.541275167785,5.5));
#7473 = CARTESIAN_POINT('',(65.505033557047,31.450838926174,5.5));
#7474 = VECTOR('',#7475,1.);
#7475 = DIRECTION('',(-0.,-0.,-1.));
#7476 = ADVANCED_FACE('',(#7477),#7495,.F.);
#7477 = FACE_BOUND('',#7478,.F.);
#7478 = EDGE_LOOP('',(#7479,#7487,#7488,#7489));
#7479 = ORIENTED_EDGE('',*,*,#7480,.F.);
#7480 = EDGE_CURVE('',#7429,#7481,#7483,.T.);
#7481 = VERTEX_POINT('',#7482);
#7482 = CARTESIAN_POINT('',(67.211409395973,32.106711409396,5.5));
#7483 = B_SPLINE_CURVE_WITH_KNOTS('',2,(#7484,#7485,#7486),
  .UNSPECIFIED.,.F.,.F.,(3,3),(0.,1.),.PIECEWISE_BEZIER_KNOTS.);
#7484 = CARTESIAN_POINT('',(66.788590604027,32.045134228188,5.5));
#7485 = CARTESIAN_POINT('',(66.982382550336,32.106711409396,5.5));
#7486 = CARTESIAN_POINT('',(67.211409395973,32.106711409396,5.5));
#7487 = ORIENTED_EDGE('',*,*,#7438,.T.);
#7488 = ORIENTED_EDGE('',*,*,#2062,.F.);
#7489 = ORIENTED_EDGE('',*,*,#7490,.F.);
#7490 = EDGE_CURVE('',#7481,#2063,#7491,.T.);
#7491 = LINE('',#7492,#7493);
#7492 = CARTESIAN_POINT('',(67.211409395973,32.106711409396,5.5));
#7493 = VECTOR('',#7494,1.);
#7494 = DIRECTION('',(0.,0.,1.));
#7495 = SURFACE_OF_LINEAR_EXTRUSION('',#7496,#7500);
#7496 = B_SPLINE_CURVE_WITH_KNOTS('',2,(#7497,#7498,#7499),
  .UNSPECIFIED.,.F.,.F.,(3,3),(0.,1.),.PIECEWISE_BEZIER_KNOTS.);
#7497 = CARTESIAN_POINT('',(66.788590604027,32.045134228188,5.5));
#7498 = CARTESIAN_POINT('',(66.982382550336,32.106711409396,5.5));
#7499 = CARTESIAN_POINT('',(67.211409395973,32.106711409396,5.5));
#7500 = VECTOR('',#7501,1.);
#7501 = DIRECTION('',(-0.,-0.,-1.));
#7502 = ADVANCED_FACE('',(#7503),#7521,.F.);
#7503 = FACE_BOUND('',#7504,.F.);
#7504 = EDGE_LOOP('',(#7505,#7513,#7519,#7520));
#7505 = ORIENTED_EDGE('',*,*,#7506,.F.);
#7506 = EDGE_CURVE('',#7507,#7455,#7509,.T.);
#7507 = VERTEX_POINT('',#7508);
#7508 = CARTESIAN_POINT('',(67.040268456376,29.551006711409,5.5));
#7509 = B_SPLINE_CURVE_WITH_KNOTS('',2,(#7510,#7511,#7512),
  .UNSPECIFIED.,.F.,.F.,(3,3),(0.,1.),.PIECEWISE_BEZIER_KNOTS.);
#7510 = CARTESIAN_POINT('',(67.040268456376,29.551006711409,5.5));
#7511 = CARTESIAN_POINT('',(66.30788590604,29.551006711409,5.5));
#7512 = CARTESIAN_POINT('',(65.906375838926,30.046140939597,5.5));
#7513 = ORIENTED_EDGE('',*,*,#7514,.T.);
#7514 = EDGE_CURVE('',#7507,#2127,#7515,.T.);
#7515 = LINE('',#7516,#7517);
#7516 = CARTESIAN_POINT('',(67.040268456376,29.551006711409,5.5));
#7517 = VECTOR('',#7518,1.);
#7518 = DIRECTION('',(0.,0.,1.));
#7519 = ORIENTED_EDGE('',*,*,#2143,.F.);
#7520 = ORIENTED_EDGE('',*,*,#7462,.F.);
#7521 = SURFACE_OF_LINEAR_EXTRUSION('',#7522,#7526);
#7522 = B_SPLINE_CURVE_WITH_KNOTS('',2,(#7523,#7524,#7525),
  .UNSPECIFIED.,.F.,.F.,(3,3),(0.,1.),.PIECEWISE_BEZIER_KNOTS.);
#7523 = CARTESIAN_POINT('',(67.040268456376,29.551006711409,5.5));
#7524 = CARTESIAN_POINT('',(66.30788590604,29.551006711409,5.5));
#7525 = CARTESIAN_POINT('',(65.906375838926,30.046140939597,5.5));
#7526 = VECTOR('',#7527,1.);
#7527 = DIRECTION('',(-0.,-0.,-1.));
#7528 = ADVANCED_FACE('',(#7529),#7547,.F.);
#7529 = FACE_BOUND('',#7530,.F.);
#7530 = EDGE_LOOP('',(#7531,#7539,#7540,#7541));
#7531 = ORIENTED_EDGE('',*,*,#7532,.F.);
#7532 = EDGE_CURVE('',#7481,#7533,#7535,.T.);
#7533 = VERTEX_POINT('',#7534);
#7534 = CARTESIAN_POINT('',(68.141275167785,31.768959731544,5.5));
#7535 = B_SPLINE_CURVE_WITH_KNOTS('',2,(#7536,#7537,#7538),
  .UNSPECIFIED.,.F.,.F.,(3,3),(0.,1.),.PIECEWISE_BEZIER_KNOTS.);
#7536 = CARTESIAN_POINT('',(67.211409395973,32.106711409396,5.5));
#7537 = CARTESIAN_POINT('',(67.787751677852,32.106711409396,5.5));
#7538 = CARTESIAN_POINT('',(68.141275167785,31.768959731544,5.5));
#7539 = ORIENTED_EDGE('',*,*,#7490,.T.);
#7540 = ORIENTED_EDGE('',*,*,#2073,.F.);
#7541 = ORIENTED_EDGE('',*,*,#7542,.F.);
#7542 = EDGE_CURVE('',#7533,#2074,#7543,.T.);
#7543 = LINE('',#7544,#7545);
#7544 = CARTESIAN_POINT('',(68.141275167785,31.768959731544,5.5));
#7545 = VECTOR('',#7546,1.);
#7546 = DIRECTION('',(0.,0.,1.));
#7547 = SURFACE_OF_LINEAR_EXTRUSION('',#7548,#7552);
#7548 = B_SPLINE_CURVE_WITH_KNOTS('',2,(#7549,#7550,#7551),
  .UNSPECIFIED.,.F.,.F.,(3,3),(0.,1.),.PIECEWISE_BEZIER_KNOTS.);
#7549 = CARTESIAN_POINT('',(67.211409395973,32.106711409396,5.5));
#7550 = CARTESIAN_POINT('',(67.787751677852,32.106711409396,5.5));
#7551 = CARTESIAN_POINT('',(68.141275167785,31.768959731544,5.5));
#7552 = VECTOR('',#7553,1.);
#7553 = DIRECTION('',(-0.,-0.,-1.));
#7554 = ADVANCED_FACE('',(#7555),#7573,.F.);
#7555 = FACE_BOUND('',#7556,.F.);
#7556 = EDGE_LOOP('',(#7557,#7565,#7571,#7572));
#7557 = ORIENTED_EDGE('',*,*,#7558,.F.);
#7558 = EDGE_CURVE('',#7559,#7507,#7561,.T.);
#7559 = VERTEX_POINT('',#7560);
#7560 = CARTESIAN_POINT('',(68.099832214765,29.915100671141,5.5));
#7561 = B_SPLINE_CURVE_WITH_KNOTS('',2,(#7562,#7563,#7564),
  .UNSPECIFIED.,.F.,.F.,(3,3),(0.,1.),.PIECEWISE_BEZIER_KNOTS.);
#7562 = CARTESIAN_POINT('',(68.099832214765,29.915100671141,5.5));
#7563 = CARTESIAN_POINT('',(67.704697986577,29.551006711409,5.5));
#7564 = CARTESIAN_POINT('',(67.040268456376,29.551006711409,5.5));
#7565 = ORIENTED_EDGE('',*,*,#7566,.T.);
#7566 = EDGE_CURVE('',#7559,#2108,#7567,.T.);
#7567 = LINE('',#7568,#7569);
#7568 = CARTESIAN_POINT('',(68.099832214765,29.915100671141,5.5));
#7569 = VECTOR('',#7570,1.);
#7570 = DIRECTION('',(0.,0.,1.));
#7571 = ORIENTED_EDGE('',*,*,#2126,.F.);
#7572 = ORIENTED_EDGE('',*,*,#7514,.F.);
#7573 = SURFACE_OF_LINEAR_EXTRUSION('',#7574,#7578);
#7574 = B_SPLINE_CURVE_WITH_KNOTS('',2,(#7575,#7576,#7577),
  .UNSPECIFIED.,.F.,.F.,(3,3),(0.,1.),.PIECEWISE_BEZIER_KNOTS.);
#7575 = CARTESIAN_POINT('',(68.099832214765,29.915100671141,5.5));
#7576 = CARTESIAN_POINT('',(67.704697986577,29.551006711409,5.5));
#7577 = CARTESIAN_POINT('',(67.040268456376,29.551006711409,5.5));
#7578 = VECTOR('',#7579,1.);
#7579 = DIRECTION('',(-0.,-0.,-1.));
#7580 = ADVANCED_FACE('',(#7581),#7599,.F.);
#7581 = FACE_BOUND('',#7582,.F.);
#7582 = EDGE_LOOP('',(#7583,#7591,#7592,#7593));
#7583 = ORIENTED_EDGE('',*,*,#7584,.F.);
#7584 = EDGE_CURVE('',#7533,#7585,#7587,.T.);
#7585 = VERTEX_POINT('',#7586);
#7586 = CARTESIAN_POINT('',(68.494966442953,30.884228187919,5.5));
#7587 = B_SPLINE_CURVE_WITH_KNOTS('',2,(#7588,#7589,#7590),
  .UNSPECIFIED.,.F.,.F.,(3,3),(0.,1.),.PIECEWISE_BEZIER_KNOTS.);
#7588 = CARTESIAN_POINT('',(68.141275167785,31.768959731544,5.5));
#7589 = CARTESIAN_POINT('',(68.494966442953,31.431208053691,5.5));
#7590 = CARTESIAN_POINT('',(68.494966442953,30.884228187919,5.5));
#7591 = ORIENTED_EDGE('',*,*,#7542,.T.);
#7592 = ORIENTED_EDGE('',*,*,#2090,.F.);
#7593 = ORIENTED_EDGE('',*,*,#7594,.F.);
#7594 = EDGE_CURVE('',#7585,#2091,#7595,.T.);
#7595 = LINE('',#7596,#7597);
#7596 = CARTESIAN_POINT('',(68.494966442953,30.884228187919,5.5));
#7597 = VECTOR('',#7598,1.);
#7598 = DIRECTION('',(0.,0.,1.));
#7599 = SURFACE_OF_LINEAR_EXTRUSION('',#7600,#7604);
#7600 = B_SPLINE_CURVE_WITH_KNOTS('',2,(#7601,#7602,#7603),
  .UNSPECIFIED.,.F.,.F.,(3,3),(0.,1.),.PIECEWISE_BEZIER_KNOTS.);
#7601 = CARTESIAN_POINT('',(68.141275167785,31.768959731544,5.5));
#7602 = CARTESIAN_POINT('',(68.494966442953,31.431208053691,5.5));
#7603 = CARTESIAN_POINT('',(68.494966442953,30.884228187919,5.5));
#7604 = VECTOR('',#7605,1.);
#7605 = DIRECTION('',(-0.,-0.,-1.));
#7606 = ADVANCED_FACE('',(#7607),#7618,.F.);
#7607 = FACE_BOUND('',#7608,.F.);
#7608 = EDGE_LOOP('',(#7609,#7615,#7616,#7617));
#7609 = ORIENTED_EDGE('',*,*,#7610,.F.);
#7610 = EDGE_CURVE('',#7585,#7559,#7611,.T.);
#7611 = B_SPLINE_CURVE_WITH_KNOTS('',2,(#7612,#7613,#7614),
  .UNSPECIFIED.,.F.,.F.,(3,3),(0.,1.),.PIECEWISE_BEZIER_KNOTS.);
#7612 = CARTESIAN_POINT('',(68.494966442953,30.884228187919,5.5));
#7613 = CARTESIAN_POINT('',(68.494966442953,30.279362416107,5.5));
#7614 = CARTESIAN_POINT('',(68.099832214765,29.915100671141,5.5));
#7615 = ORIENTED_EDGE('',*,*,#7594,.T.);
#7616 = ORIENTED_EDGE('',*,*,#2107,.F.);
#7617 = ORIENTED_EDGE('',*,*,#7566,.F.);
#7618 = SURFACE_OF_LINEAR_EXTRUSION('',#7619,#7623);
#7619 = B_SPLINE_CURVE_WITH_KNOTS('',2,(#7620,#7621,#7622),
  .UNSPECIFIED.,.F.,.F.,(3,3),(0.,1.),.PIECEWISE_BEZIER_KNOTS.);
#7620 = CARTESIAN_POINT('',(68.494966442953,30.884228187919,5.5));
#7621 = CARTESIAN_POINT('',(68.494966442953,30.279362416107,5.5));
#7622 = CARTESIAN_POINT('',(68.099832214765,29.915100671141,5.5));
#7623 = VECTOR('',#7624,1.);
#7624 = DIRECTION('',(-0.,-0.,-1.));
#7625 = ADVANCED_FACE('',(#7626),#7651,.F.);
#7626 = FACE_BOUND('',#7627,.F.);
#7627 = EDGE_LOOP('',(#7628,#7638,#7644,#7645));
#7628 = ORIENTED_EDGE('',*,*,#7629,.F.);
#7629 = EDGE_CURVE('',#7630,#7632,#7634,.T.);
#7630 = VERTEX_POINT('',#7631);
#7631 = CARTESIAN_POINT('',(77.584312080537,33.379194630872,5.5));
#7632 = VERTEX_POINT('',#7633);
#7633 = CARTESIAN_POINT('',(80.415687919463,33.379194630872,5.5));
#7634 = LINE('',#7635,#7636);
#7635 = CARTESIAN_POINT('',(77.584312080537,33.379194630872,5.5));
#7636 = VECTOR('',#7637,1.);
#7637 = DIRECTION('',(1.,0.,0.));
#7638 = ORIENTED_EDGE('',*,*,#7639,.T.);
#7639 = EDGE_CURVE('',#7630,#2257,#7640,.T.);
#7640 = LINE('',#7641,#7642);
#7641 = CARTESIAN_POINT('',(77.584312080537,33.379194630872,5.5));
#7642 = VECTOR('',#7643,1.);
#7643 = DIRECTION('',(0.,0.,1.));
#7644 = ORIENTED_EDGE('',*,*,#2254,.F.);
#7645 = ORIENTED_EDGE('',*,*,#7646,.F.);
#7646 = EDGE_CURVE('',#7632,#2255,#7647,.T.);
#7647 = LINE('',#7648,#7649);
#7648 = CARTESIAN_POINT('',(80.415687919463,33.379194630872,5.5));
#7649 = VECTOR('',#7650,1.);
#7650 = DIRECTION('',(0.,0.,1.));
#7651 = PLANE('',#7652);
#7652 = AXIS2_PLACEMENT_3D('',#7653,#7654,#7655);
#7653 = CARTESIAN_POINT('',(77.584312080537,33.379194630872,5.5));
#7654 = DIRECTION('',(0.,1.,0.));
#7655 = DIRECTION('',(1.,0.,0.));
#7656 = ADVANCED_FACE('',(#7657),#7675,.F.);
#7657 = FACE_BOUND('',#7658,.F.);
#7658 = EDGE_LOOP('',(#7659,#7667,#7673,#7674));
#7659 = ORIENTED_EDGE('',*,*,#7660,.F.);
#7660 = EDGE_CURVE('',#7661,#7630,#7663,.T.);
#7661 = VERTEX_POINT('',#7662);
#7662 = CARTESIAN_POINT('',(77.584312080537,32.670469798658,5.5));
#7663 = LINE('',#7664,#7665);
#7664 = CARTESIAN_POINT('',(77.584312080537,32.670469798658,5.5));
#7665 = VECTOR('',#7666,1.);
#7666 = DIRECTION('',(0.,1.,0.));
#7667 = ORIENTED_EDGE('',*,*,#7668,.T.);
#7668 = EDGE_CURVE('',#7661,#2297,#7669,.T.);
#7669 = LINE('',#7670,#7671);
#7670 = CARTESIAN_POINT('',(77.584312080537,32.670469798658,5.5));
#7671 = VECTOR('',#7672,1.);
#7672 = DIRECTION('',(0.,0.,1.));
#7673 = ORIENTED_EDGE('',*,*,#2304,.F.);
#7674 = ORIENTED_EDGE('',*,*,#7639,.F.);
#7675 = PLANE('',#7676);
#7676 = AXIS2_PLACEMENT_3D('',#7677,#7678,#7679);
#7677 = CARTESIAN_POINT('',(77.584312080537,32.670469798658,5.5));
#7678 = DIRECTION('',(-1.,0.,0.));
#7679 = DIRECTION('',(0.,1.,0.));
#7680 = ADVANCED_FACE('',(#7681),#7699,.F.);
#7681 = FACE_BOUND('',#7682,.F.);
#7682 = EDGE_LOOP('',(#7683,#7691,#7697,#7698));
#7683 = ORIENTED_EDGE('',*,*,#7684,.F.);
#7684 = EDGE_CURVE('',#7685,#7661,#7687,.T.);
#7685 = VERTEX_POINT('',#7686);
#7686 = CARTESIAN_POINT('',(79.393875838926,32.670469798658,5.5));
#7687 = LINE('',#7688,#7689);
#7688 = CARTESIAN_POINT('',(79.393875838926,32.670469798658,5.5));
#7689 = VECTOR('',#7690,1.);
#7690 = DIRECTION('',(-1.,0.,0.));
#7691 = ORIENTED_EDGE('',*,*,#7692,.T.);
#7692 = EDGE_CURVE('',#7685,#2289,#7693,.T.);
#7693 = LINE('',#7694,#7695);
#7694 = CARTESIAN_POINT('',(79.393875838926,32.670469798658,5.5));
#7695 = VECTOR('',#7696,1.);
#7696 = DIRECTION('',(0.,0.,1.));
#7697 = ORIENTED_EDGE('',*,*,#2296,.F.);
#7698 = ORIENTED_EDGE('',*,*,#7668,.F.);
#7699 = PLANE('',#7700);
#7700 = AXIS2_PLACEMENT_3D('',#7701,#7702,#7703);
#7701 = CARTESIAN_POINT('',(79.393875838926,32.670469798658,5.5));
#7702 = DIRECTION('',(0.,-1.,0.));
#7703 = DIRECTION('',(-1.,0.,0.));
#7704 = ADVANCED_FACE('',(#7705),#7723,.F.);
#7705 = FACE_BOUND('',#7706,.F.);
#7706 = EDGE_LOOP('',(#7707,#7715,#7721,#7722));
#7707 = ORIENTED_EDGE('',*,*,#7708,.F.);
#7708 = EDGE_CURVE('',#7709,#7685,#7711,.T.);
#7709 = VERTEX_POINT('',#7710);
#7710 = CARTESIAN_POINT('',(78.007130872483,29.620805369128,5.5));
#7711 = LINE('',#7712,#7713);
#7712 = CARTESIAN_POINT('',(78.007130872483,29.620805369128,5.5));
#7713 = VECTOR('',#7714,1.);
#7714 = DIRECTION('',(0.413935007817,0.910306437033,0.));
#7715 = ORIENTED_EDGE('',*,*,#7716,.T.);
#7716 = EDGE_CURVE('',#7709,#2281,#7717,.T.);
#7717 = LINE('',#7718,#7719);
#7718 = CARTESIAN_POINT('',(78.007130872483,29.620805369128,5.5));
#7719 = VECTOR('',#7720,1.);
#7720 = DIRECTION('',(0.,0.,1.));
#7721 = ORIENTED_EDGE('',*,*,#2288,.F.);
#7722 = ORIENTED_EDGE('',*,*,#7692,.F.);
#7723 = PLANE('',#7724);
#7724 = AXIS2_PLACEMENT_3D('',#7725,#7726,#7727);
#7725 = CARTESIAN_POINT('',(78.007130872483,29.620805369128,5.5));
#7726 = DIRECTION('',(-0.910306437033,0.413935007817,0.));
#7727 = DIRECTION('',(0.413935007817,0.910306437033,0.));
#7728 = ADVANCED_FACE('',(#7729),#7747,.F.);
#7729 = FACE_BOUND('',#7730,.F.);
#7730 = EDGE_LOOP('',(#7731,#7739,#7745,#7746));
#7731 = ORIENTED_EDGE('',*,*,#7732,.F.);
#7732 = EDGE_CURVE('',#7733,#7709,#7735,.T.);
#7733 = VERTEX_POINT('',#7734);
#7734 = CARTESIAN_POINT('',(78.950922818792,29.620805369128,5.5));
#7735 = LINE('',#7736,#7737);
#7736 = CARTESIAN_POINT('',(78.950922818792,29.620805369128,5.5));
#7737 = VECTOR('',#7738,1.);
#7738 = DIRECTION('',(-1.,0.,0.));
#7739 = ORIENTED_EDGE('',*,*,#7740,.T.);
#7740 = EDGE_CURVE('',#7733,#2273,#7741,.T.);
#7741 = LINE('',#7742,#7743);
#7742 = CARTESIAN_POINT('',(78.950922818792,29.620805369128,5.5));
#7743 = VECTOR('',#7744,1.);
#7744 = DIRECTION('',(0.,0.,1.));
#7745 = ORIENTED_EDGE('',*,*,#2280,.F.);
#7746 = ORIENTED_EDGE('',*,*,#7716,.F.);
#7747 = PLANE('',#7748);
#7748 = AXIS2_PLACEMENT_3D('',#7749,#7750,#7751);
#7749 = CARTESIAN_POINT('',(78.950922818792,29.620805369128,5.5));
#7750 = DIRECTION('',(0.,-1.,0.));
#7751 = DIRECTION('',(-1.,0.,0.));
#7752 = ADVANCED_FACE('',(#7753),#7771,.F.);
#7753 = FACE_BOUND('',#7754,.F.);
#7754 = EDGE_LOOP('',(#7755,#7763,#7769,#7770));
#7755 = ORIENTED_EDGE('',*,*,#7756,.F.);
#7756 = EDGE_CURVE('',#7757,#7733,#7759,.T.);
#7757 = VERTEX_POINT('',#7758);
#7758 = CARTESIAN_POINT('',(80.415687919463,32.83288590604,5.5));
#7759 = LINE('',#7760,#7761);
#7760 = CARTESIAN_POINT('',(80.415687919463,32.83288590604,5.5));
#7761 = VECTOR('',#7762,1.);
#7762 = DIRECTION('',(-0.414912690401,-0.909861230817,0.));
#7763 = ORIENTED_EDGE('',*,*,#7764,.T.);
#7764 = EDGE_CURVE('',#7757,#2265,#7765,.T.);
#7765 = LINE('',#7766,#7767);
#7766 = CARTESIAN_POINT('',(80.415687919463,32.83288590604,5.5));
#7767 = VECTOR('',#7768,1.);
#7768 = DIRECTION('',(0.,0.,1.));
#7769 = ORIENTED_EDGE('',*,*,#2272,.F.);
#7770 = ORIENTED_EDGE('',*,*,#7740,.F.);
#7771 = PLANE('',#7772);
#7772 = AXIS2_PLACEMENT_3D('',#7773,#7774,#7775);
#7773 = CARTESIAN_POINT('',(80.415687919463,32.83288590604,5.5));
#7774 = DIRECTION('',(0.909861230817,-0.414912690401,0.));
#7775 = DIRECTION('',(-0.414912690401,-0.909861230817,0.));
#7776 = ADVANCED_FACE('',(#7777),#7788,.F.);
#7777 = FACE_BOUND('',#7778,.F.);
#7778 = EDGE_LOOP('',(#7779,#7785,#7786,#7787));
#7779 = ORIENTED_EDGE('',*,*,#7780,.F.);
#7780 = EDGE_CURVE('',#7632,#7757,#7781,.T.);
#7781 = LINE('',#7782,#7783);
#7782 = CARTESIAN_POINT('',(80.415687919463,33.379194630872,5.5));
#7783 = VECTOR('',#7784,1.);
#7784 = DIRECTION('',(0.,-1.,0.));
#7785 = ORIENTED_EDGE('',*,*,#7646,.T.);
#7786 = ORIENTED_EDGE('',*,*,#2264,.F.);
#7787 = ORIENTED_EDGE('',*,*,#7764,.F.);
#7788 = PLANE('',#7789);
#7789 = AXIS2_PLACEMENT_3D('',#7790,#7791,#7792);
#7790 = CARTESIAN_POINT('',(80.415687919463,33.379194630872,5.5));
#7791 = DIRECTION('',(1.,0.,0.));
#7792 = DIRECTION('',(0.,-1.,0.));
#7793 = ADVANCED_FACE('',(#7794),#7807,.T.);
#7794 = FACE_BOUND('',#7795,.F.);
#7795 = EDGE_LOOP('',(#7796,#7797,#7798,#7799,#7800,#7801,#7802,#7803,
    #7804,#7805,#7806));
#7796 = ORIENTED_EDGE('',*,*,#4826,.T.);
#7797 = ORIENTED_EDGE('',*,*,#4857,.T.);
#7798 = ORIENTED_EDGE('',*,*,#4905,.T.);
#7799 = ORIENTED_EDGE('',*,*,#4953,.T.);
#7800 = ORIENTED_EDGE('',*,*,#5001,.T.);
#7801 = ORIENTED_EDGE('',*,*,#5049,.T.);
#7802 = ORIENTED_EDGE('',*,*,#5073,.T.);
#7803 = ORIENTED_EDGE('',*,*,#5025,.T.);
#7804 = ORIENTED_EDGE('',*,*,#4977,.T.);
#7805 = ORIENTED_EDGE('',*,*,#4929,.T.);
#7806 = ORIENTED_EDGE('',*,*,#4881,.T.);
#7807 = PLANE('',#7808);
#7808 = AXIS2_PLACEMENT_3D('',#7809,#7810,#7811);
#7809 = CARTESIAN_POINT('',(6.861296149845,31.308368633561,5.5));
#7810 = DIRECTION('',(0.,0.,1.));
#7811 = DIRECTION('',(1.,0.,0.));
#7812 = ADVANCED_FACE('',(#7813),#7834,.T.);
#7813 = FACE_BOUND('',#7814,.F.);
#7814 = EDGE_LOOP('',(#7815,#7816,#7817,#7818,#7819,#7820,#7821,#7822,
    #7823,#7824,#7825,#7826,#7827,#7828,#7829,#7830,#7831,#7832,#7833));
#7815 = ORIENTED_EDGE('',*,*,#5090,.T.);
#7816 = ORIENTED_EDGE('',*,*,#5121,.T.);
#7817 = ORIENTED_EDGE('',*,*,#5169,.T.);
#7818 = ORIENTED_EDGE('',*,*,#5219,.T.);
#7819 = ORIENTED_EDGE('',*,*,#5269,.T.);
#7820 = ORIENTED_EDGE('',*,*,#5319,.T.);
#7821 = ORIENTED_EDGE('',*,*,#5371,.T.);
#7822 = ORIENTED_EDGE('',*,*,#5423,.T.);
#7823 = ORIENTED_EDGE('',*,*,#5475,.T.);
#7824 = ORIENTED_EDGE('',*,*,#5525,.T.);
#7825 = ORIENTED_EDGE('',*,*,#5551,.T.);
#7826 = ORIENTED_EDGE('',*,*,#5501,.T.);
#7827 = ORIENTED_EDGE('',*,*,#5449,.T.);
#7828 = ORIENTED_EDGE('',*,*,#5397,.T.);
#7829 = ORIENTED_EDGE('',*,*,#5345,.T.);
#7830 = ORIENTED_EDGE('',*,*,#5293,.T.);
#7831 = ORIENTED_EDGE('',*,*,#5243,.T.);
#7832 = ORIENTED_EDGE('',*,*,#5193,.T.);
#7833 = ORIENTED_EDGE('',*,*,#5145,.T.);
#7834 = PLANE('',#7835);
#7835 = AXIS2_PLACEMENT_3D('',#7836,#7837,#7838);
#7836 = CARTESIAN_POINT('',(19.016406159941,31.374241054235,5.5));
#7837 = DIRECTION('',(0.,0.,1.));
#7838 = DIRECTION('',(1.,0.,0.));
#7839 = ADVANCED_FACE('',(#7840),#7871,.T.);
#7840 = FACE_BOUND('',#7841,.F.);
#7841 = EDGE_LOOP('',(#7842,#7843,#7844,#7845,#7846,#7847,#7848,#7849,
    #7850,#7851,#7852,#7853,#7854,#7855,#7856,#7857,#7858,#7859,#7860,
    #7861,#7862,#7863,#7864,#7865,#7866,#7867,#7868,#7869,#7870));
#7842 = ORIENTED_EDGE('',*,*,#5570,.T.);
#7843 = ORIENTED_EDGE('',*,*,#5603,.T.);
#7844 = ORIENTED_EDGE('',*,*,#5655,.T.);
#7845 = ORIENTED_EDGE('',*,*,#5707,.T.);
#7846 = ORIENTED_EDGE('',*,*,#5759,.T.);
#7847 = ORIENTED_EDGE('',*,*,#5811,.T.);
#7848 = ORIENTED_EDGE('',*,*,#5863,.T.);
#7849 = ORIENTED_EDGE('',*,*,#5913,.T.);
#7850 = ORIENTED_EDGE('',*,*,#5963,.T.);
#7851 = ORIENTED_EDGE('',*,*,#6015,.T.);
#7852 = ORIENTED_EDGE('',*,*,#6067,.T.);
#7853 = ORIENTED_EDGE('',*,*,#6119,.T.);
#7854 = ORIENTED_EDGE('',*,*,#6171,.T.);
#7855 = ORIENTED_EDGE('',*,*,#6223,.T.);
#7856 = ORIENTED_EDGE('',*,*,#6273,.T.);
#7857 = ORIENTED_EDGE('',*,*,#6297,.T.);
#7858 = ORIENTED_EDGE('',*,*,#6247,.T.);
#7859 = ORIENTED_EDGE('',*,*,#6197,.T.);
#7860 = ORIENTED_EDGE('',*,*,#6145,.T.);
#7861 = ORIENTED_EDGE('',*,*,#6093,.T.);
#7862 = ORIENTED_EDGE('',*,*,#6041,.T.);
#7863 = ORIENTED_EDGE('',*,*,#5989,.T.);
#7864 = ORIENTED_EDGE('',*,*,#5939,.T.);
#7865 = ORIENTED_EDGE('',*,*,#5887,.T.);
#7866 = ORIENTED_EDGE('',*,*,#5837,.T.);
#7867 = ORIENTED_EDGE('',*,*,#5785,.T.);
#7868 = ORIENTED_EDGE('',*,*,#5733,.T.);
#7869 = ORIENTED_EDGE('',*,*,#5681,.T.);
#7870 = ORIENTED_EDGE('',*,*,#5629,.T.);
#7871 = PLANE('',#7872);
#7872 = AXIS2_PLACEMENT_3D('',#7873,#7874,#7875);
#7873 = CARTESIAN_POINT('',(30.999599622329,31.47758789851,5.5));
#7874 = DIRECTION('',(0.,0.,1.));
#7875 = DIRECTION('',(1.,0.,0.));
#7876 = ADVANCED_FACE('',(#7877,#7890),#7916,.T.);
#7877 = FACE_BOUND('',#7878,.F.);
#7878 = EDGE_LOOP('',(#7879,#7880,#7881,#7882,#7883,#7884,#7885,#7886,
    #7887,#7888,#7889));
#7879 = ORIENTED_EDGE('',*,*,#6314,.T.);
#7880 = ORIENTED_EDGE('',*,*,#6345,.T.);
#7881 = ORIENTED_EDGE('',*,*,#6393,.T.);
#7882 = ORIENTED_EDGE('',*,*,#6441,.T.);
#7883 = ORIENTED_EDGE('',*,*,#6489,.T.);
#7884 = ORIENTED_EDGE('',*,*,#6537,.T.);
#7885 = ORIENTED_EDGE('',*,*,#6561,.T.);
#7886 = ORIENTED_EDGE('',*,*,#6513,.T.);
#7887 = ORIENTED_EDGE('',*,*,#6465,.T.);
#7888 = ORIENTED_EDGE('',*,*,#6417,.T.);
#7889 = ORIENTED_EDGE('',*,*,#6369,.T.);
#7890 = FACE_BOUND('',#7891,.F.);
#7891 = EDGE_LOOP('',(#7892,#7902,#7910));
#7892 = ORIENTED_EDGE('',*,*,#7893,.T.);
#7893 = EDGE_CURVE('',#7894,#7896,#7898,.T.);
#7894 = VERTEX_POINT('',#7895);
#7895 = CARTESIAN_POINT('',(43.106963087248,32.580536912752,5.5));
#7896 = VERTEX_POINT('',#7897);
#7897 = CARTESIAN_POINT('',(42.044882550336,31.006040268456,5.5));
#7898 = LINE('',#7899,#7900);
#7899 = CARTESIAN_POINT('',(43.106963087248,32.580536912752,5.5));
#7900 = VECTOR('',#7901,1.);
#7901 = DIRECTION('',(-0.559217924246,-0.82902069528,0.));
#7902 = ORIENTED_EDGE('',*,*,#7903,.T.);
#7903 = EDGE_CURVE('',#7896,#7904,#7906,.T.);
#7904 = VERTEX_POINT('',#7905);
#7905 = CARTESIAN_POINT('',(43.106963087248,31.006040268456,5.5));
#7906 = LINE('',#7907,#7908);
#7907 = CARTESIAN_POINT('',(42.044882550336,31.006040268456,5.5));
#7908 = VECTOR('',#7909,1.);
#7909 = DIRECTION('',(1.,0.,0.));
#7910 = ORIENTED_EDGE('',*,*,#7911,.T.);
#7911 = EDGE_CURVE('',#7904,#7894,#7912,.T.);
#7912 = LINE('',#7913,#7914);
#7913 = CARTESIAN_POINT('',(43.106963087248,31.006040268456,5.5));
#7914 = VECTOR('',#7915,1.);
#7915 = DIRECTION('',(0.,1.,0.));
#7916 = PLANE('',#7917);
#7917 = AXIS2_PLACEMENT_3D('',#7918,#7919,#7920);
#7918 = CARTESIAN_POINT('',(43.05496164621,31.398796877788,5.5));
#7919 = DIRECTION('',(0.,0.,1.));
#7920 = DIRECTION('',(1.,0.,0.));
#7921 = ADVANCED_FACE('',(#7922),#7946,.T.);
#7922 = FACE_BOUND('',#7923,.F.);
#7923 = EDGE_LOOP('',(#7924,#7925,#7926,#7927,#7928,#7929,#7930,#7931,
    #7932,#7933,#7934,#7935,#7936,#7937,#7938,#7939,#7940,#7941,#7942,
    #7943,#7944,#7945));
#7924 = ORIENTED_EDGE('',*,*,#6629,.T.);
#7925 = ORIENTED_EDGE('',*,*,#6660,.T.);
#7926 = ORIENTED_EDGE('',*,*,#6708,.T.);
#7927 = ORIENTED_EDGE('',*,*,#6758,.T.);
#7928 = ORIENTED_EDGE('',*,*,#6808,.T.);
#7929 = ORIENTED_EDGE('',*,*,#6860,.T.);
#7930 = ORIENTED_EDGE('',*,*,#6912,.T.);
#7931 = ORIENTED_EDGE('',*,*,#6964,.T.);
#7932 = ORIENTED_EDGE('',*,*,#7016,.T.);
#7933 = ORIENTED_EDGE('',*,*,#7068,.T.);
#7934 = ORIENTED_EDGE('',*,*,#7120,.T.);
#7935 = ORIENTED_EDGE('',*,*,#7170,.T.);
#7936 = ORIENTED_EDGE('',*,*,#7146,.T.);
#7937 = ORIENTED_EDGE('',*,*,#7094,.T.);
#7938 = ORIENTED_EDGE('',*,*,#7042,.T.);
#7939 = ORIENTED_EDGE('',*,*,#6990,.T.);
#7940 = ORIENTED_EDGE('',*,*,#6938,.T.);
#7941 = ORIENTED_EDGE('',*,*,#6886,.T.);
#7942 = ORIENTED_EDGE('',*,*,#6834,.T.);
#7943 = ORIENTED_EDGE('',*,*,#6782,.T.);
#7944 = ORIENTED_EDGE('',*,*,#6732,.T.);
#7945 = ORIENTED_EDGE('',*,*,#6684,.T.);
#7946 = PLANE('',#7947);
#7947 = AXIS2_PLACEMENT_3D('',#7948,#7949,#7950);
#7948 = CARTESIAN_POINT('',(54.912411339734,31.572344011071,5.5));
#7949 = DIRECTION('',(0.,0.,1.));
#7950 = DIRECTION('',(1.,0.,0.));
#7951 = ADVANCED_FACE('',(#7952,#7971),#8037,.T.);
#7952 = FACE_BOUND('',#7953,.F.);
#7953 = EDGE_LOOP('',(#7954,#7955,#7956,#7957,#7958,#7959,#7960,#7961,
    #7962,#7963,#7964,#7965,#7966,#7967,#7968,#7969,#7970));
#7954 = ORIENTED_EDGE('',*,*,#7189,.T.);
#7955 = ORIENTED_EDGE('',*,*,#7220,.T.);
#7956 = ORIENTED_EDGE('',*,*,#7272,.T.);
#7957 = ORIENTED_EDGE('',*,*,#7324,.T.);
#7958 = ORIENTED_EDGE('',*,*,#7376,.T.);
#7959 = ORIENTED_EDGE('',*,*,#7428,.T.);
#7960 = ORIENTED_EDGE('',*,*,#7480,.T.);
#7961 = ORIENTED_EDGE('',*,*,#7532,.T.);
#7962 = ORIENTED_EDGE('',*,*,#7584,.T.);
#7963 = ORIENTED_EDGE('',*,*,#7610,.T.);
#7964 = ORIENTED_EDGE('',*,*,#7558,.T.);
#7965 = ORIENTED_EDGE('',*,*,#7506,.T.);
#7966 = ORIENTED_EDGE('',*,*,#7454,.T.);
#7967 = ORIENTED_EDGE('',*,*,#7402,.T.);
#7968 = ORIENTED_EDGE('',*,*,#7350,.T.);
#7969 = ORIENTED_EDGE('',*,*,#7298,.T.);
#7970 = ORIENTED_EDGE('',*,*,#7246,.T.);
#7971 = FACE_BOUND('',#7972,.F.);
#7972 = EDGE_LOOP('',(#7973,#7983,#7991,#7999,#8007,#8015,#8023,#8031));
#7973 = ORIENTED_EDGE('',*,*,#7974,.T.);
#7974 = EDGE_CURVE('',#7975,#7977,#7979,.T.);
#7975 = VERTEX_POINT('',#7976);
#7976 = CARTESIAN_POINT('',(67.05033557047,31.48389261745,5.5));
#7977 = VERTEX_POINT('',#7978);
#7978 = CARTESIAN_POINT('',(66.668959731544,31.318791946309,5.5));
#7979 = B_SPLINE_CURVE_WITH_KNOTS('',2,(#7980,#7981,#7982),
  .UNSPECIFIED.,.F.,.F.,(3,3),(0.,1.),.PIECEWISE_BEZIER_KNOTS.);
#7980 = CARTESIAN_POINT('',(67.05033557047,31.48389261745,5.5));
#7981 = CARTESIAN_POINT('',(66.796140939597,31.48389261745,5.5));
#7982 = CARTESIAN_POINT('',(66.668959731544,31.318791946309,5.5));
#7983 = ORIENTED_EDGE('',*,*,#7984,.T.);
#7984 = EDGE_CURVE('',#7977,#7985,#7987,.T.);
#7985 = VERTEX_POINT('',#7986);
#7986 = CARTESIAN_POINT('',(66.541946308725,30.823489932886,5.5));
#7987 = B_SPLINE_CURVE_WITH_KNOTS('',2,(#7988,#7989,#7990),
  .UNSPECIFIED.,.F.,.F.,(3,3),(0.,1.),.PIECEWISE_BEZIER_KNOTS.);
#7988 = CARTESIAN_POINT('',(66.668959731544,31.318791946309,5.5));
#7989 = CARTESIAN_POINT('',(66.541946308725,31.153691275168,5.5));
#7990 = CARTESIAN_POINT('',(66.541946308725,30.823489932886,5.5));
#7991 = ORIENTED_EDGE('',*,*,#7992,.T.);
#7992 = EDGE_CURVE('',#7985,#7993,#7995,.T.);
#7993 = VERTEX_POINT('',#7994);
#7994 = CARTESIAN_POINT('',(66.668959731544,30.328187919463,5.5));
#7995 = B_SPLINE_CURVE_WITH_KNOTS('',2,(#7996,#7997,#7998),
  .UNSPECIFIED.,.F.,.F.,(3,3),(0.,1.),.PIECEWISE_BEZIER_KNOTS.);
#7996 = CARTESIAN_POINT('',(66.541946308725,30.823489932886,5.5));
#7997 = CARTESIAN_POINT('',(66.541946308725,30.493288590604,5.5));
#7998 = CARTESIAN_POINT('',(66.668959731544,30.328187919463,5.5));
#7999 = ORIENTED_EDGE('',*,*,#8000,.T.);
#8000 = EDGE_CURVE('',#7993,#8001,#8003,.T.);
#8001 = VERTEX_POINT('',#8002);
#8002 = CARTESIAN_POINT('',(67.05033557047,30.163087248322,5.5));
#8003 = B_SPLINE_CURVE_WITH_KNOTS('',2,(#8004,#8005,#8006),
  .UNSPECIFIED.,.F.,.F.,(3,3),(0.,1.),.PIECEWISE_BEZIER_KNOTS.);
#8004 = CARTESIAN_POINT('',(66.668959731544,30.328187919463,5.5));
#8005 = CARTESIAN_POINT('',(66.796140939597,30.163087248322,5.5));
#8006 = CARTESIAN_POINT('',(67.05033557047,30.163087248322,5.5));
#8007 = ORIENTED_EDGE('',*,*,#8008,.T.);
#8008 = EDGE_CURVE('',#8001,#8009,#8011,.T.);
#8009 = VERTEX_POINT('',#8010);
#8010 = CARTESIAN_POINT('',(67.434060402685,30.328187919463,5.5));
#8011 = B_SPLINE_CURVE_WITH_KNOTS('',2,(#8012,#8013,#8014),
  .UNSPECIFIED.,.F.,.F.,(3,3),(0.,1.),.PIECEWISE_BEZIER_KNOTS.);
#8012 = CARTESIAN_POINT('',(67.05033557047,30.163087248322,5.5));
#8013 = CARTESIAN_POINT('',(67.307046979866,30.163087248322,5.5));
#8014 = CARTESIAN_POINT('',(67.434060402685,30.328187919463,5.5));
#8015 = ORIENTED_EDGE('',*,*,#8016,.T.);
#8016 = EDGE_CURVE('',#8009,#8017,#8019,.T.);
#8017 = VERTEX_POINT('',#8018);
#8018 = CARTESIAN_POINT('',(67.561241610738,30.823489932886,5.5));
#8019 = B_SPLINE_CURVE_WITH_KNOTS('',2,(#8020,#8021,#8022),
  .UNSPECIFIED.,.F.,.F.,(3,3),(0.,1.),.PIECEWISE_BEZIER_KNOTS.);
#8020 = CARTESIAN_POINT('',(67.434060402685,30.328187919463,5.5));
#8021 = CARTESIAN_POINT('',(67.561241610738,30.493288590604,5.5));
#8022 = CARTESIAN_POINT('',(67.561241610738,30.823489932886,5.5));
#8023 = ORIENTED_EDGE('',*,*,#8024,.T.);
#8024 = EDGE_CURVE('',#8017,#8025,#8027,.T.);
#8025 = VERTEX_POINT('',#8026);
#8026 = CARTESIAN_POINT('',(67.434060402685,31.318791946309,5.5));
#8027 = B_SPLINE_CURVE_WITH_KNOTS('',2,(#8028,#8029,#8030),
  .UNSPECIFIED.,.F.,.F.,(3,3),(0.,1.),.PIECEWISE_BEZIER_KNOTS.);
#8028 = CARTESIAN_POINT('',(67.561241610738,30.823489932886,5.5));
#8029 = CARTESIAN_POINT('',(67.561241610738,31.153691275168,5.5));
#8030 = CARTESIAN_POINT('',(67.434060402685,31.318791946309,5.5));
#8031 = ORIENTED_EDGE('',*,*,#8032,.T.);
#8032 = EDGE_CURVE('',#8025,#7975,#8033,.T.);
#8033 = B_SPLINE_CURVE_WITH_KNOTS('',2,(#8034,#8035,#8036),
  .UNSPECIFIED.,.F.,.F.,(3,3),(0.,1.),.PIECEWISE_BEZIER_KNOTS.);
#8034 = CARTESIAN_POINT('',(67.434060402685,31.318791946309,5.5));
#8035 = CARTESIAN_POINT('',(67.307046979866,31.48389261745,5.5));
#8036 = CARTESIAN_POINT('',(67.05033557047,31.48389261745,5.5));
#8037 = PLANE('',#8038);
#8038 = AXIS2_PLACEMENT_3D('',#8039,#8040,#8041);
#8039 = CARTESIAN_POINT('',(67.04496528425,31.534314376104,5.5));
#8040 = DIRECTION('',(0.,0.,1.));
#8041 = DIRECTION('',(1.,0.,0.));
#8042 = ADVANCED_FACE('',(#8043),#8052,.T.);
#8043 = FACE_BOUND('',#8044,.F.);
#8044 = EDGE_LOOP('',(#8045,#8046,#8047,#8048,#8049,#8050,#8051));
#8045 = ORIENTED_EDGE('',*,*,#7629,.T.);
#8046 = ORIENTED_EDGE('',*,*,#7780,.T.);
#8047 = ORIENTED_EDGE('',*,*,#7756,.T.);
#8048 = ORIENTED_EDGE('',*,*,#7732,.T.);
#8049 = ORIENTED_EDGE('',*,*,#7708,.T.);
#8050 = ORIENTED_EDGE('',*,*,#7684,.T.);
#8051 = ORIENTED_EDGE('',*,*,#7660,.T.);
#8052 = PLANE('',#8053);
#8053 = AXIS2_PLACEMENT_3D('',#8054,#8055,#8056);
#8054 = CARTESIAN_POINT('',(78.982709748755,31.898811110492,5.5));
#8055 = DIRECTION('',(0.,0.,1.));
#8056 = DIRECTION('',(1.,0.,0.));
#8057 = ADVANCED_FACE('',(#8058),#8083,.F.);
#8058 = FACE_BOUND('',#8059,.F.);
#8059 = EDGE_LOOP('',(#8060,#8061,#8069,#8077));
#8060 = ORIENTED_EDGE('',*,*,#7893,.F.);
#8061 = ORIENTED_EDGE('',*,*,#8062,.T.);
#8062 = EDGE_CURVE('',#7894,#8063,#8065,.T.);
#8063 = VERTEX_POINT('',#8064);
#8064 = CARTESIAN_POINT('',(43.106963087248,32.580536912752,6.));
#8065 = LINE('',#8066,#8067);
#8066 = CARTESIAN_POINT('',(43.106963087248,32.580536912752,5.5));
#8067 = VECTOR('',#8068,1.);
#8068 = DIRECTION('',(0.,0.,1.));
#8069 = ORIENTED_EDGE('',*,*,#8070,.F.);
#8070 = EDGE_CURVE('',#8071,#8063,#8073,.T.);
#8071 = VERTEX_POINT('',#8072);
#8072 = CARTESIAN_POINT('',(42.044882550336,31.006040268456,6.));
#8073 = LINE('',#8074,#8075);
#8074 = CARTESIAN_POINT('',(28.81443620955,11.39237384477,6.));
#8075 = VECTOR('',#8076,1.);
#8076 = DIRECTION('',(0.559217924246,0.82902069528,-0.));
#8077 = ORIENTED_EDGE('',*,*,#8078,.F.);
#8078 = EDGE_CURVE('',#7896,#8071,#8079,.T.);
#8079 = LINE('',#8080,#8081);
#8080 = CARTESIAN_POINT('',(42.044882550336,31.006040268456,5.5));
#8081 = VECTOR('',#8082,1.);
#8082 = DIRECTION('',(0.,0.,1.));
#8083 = PLANE('',#8084);
#8084 = AXIS2_PLACEMENT_3D('',#8085,#8086,#8087);
#8085 = CARTESIAN_POINT('',(43.106963087248,32.580536912752,5.5));
#8086 = DIRECTION('',(0.82902069528,-0.559217924246,0.));
#8087 = DIRECTION('',(-0.559217924246,-0.82902069528,0.));
#8088 = ADVANCED_FACE('',(#8089),#8107,.F.);
#8089 = FACE_BOUND('',#8090,.F.);
#8090 = EDGE_LOOP('',(#8091,#8092,#8093,#8101));
#8091 = ORIENTED_EDGE('',*,*,#7903,.F.);
#8092 = ORIENTED_EDGE('',*,*,#8078,.T.);
#8093 = ORIENTED_EDGE('',*,*,#8094,.F.);
#8094 = EDGE_CURVE('',#8095,#8071,#8097,.T.);
#8095 = VERTEX_POINT('',#8096);
#8096 = CARTESIAN_POINT('',(43.106963087248,31.006040268456,6.));
#8097 = LINE('',#8098,#8099);
#8098 = CARTESIAN_POINT('',(21.022441275168,31.006040268456,6.));
#8099 = VECTOR('',#8100,1.);
#8100 = DIRECTION('',(-1.,0.,0.));
#8101 = ORIENTED_EDGE('',*,*,#8102,.F.);
#8102 = EDGE_CURVE('',#7904,#8095,#8103,.T.);
#8103 = LINE('',#8104,#8105);
#8104 = CARTESIAN_POINT('',(43.106963087248,31.006040268456,5.5));
#8105 = VECTOR('',#8106,1.);
#8106 = DIRECTION('',(0.,0.,1.));
#8107 = PLANE('',#8108);
#8108 = AXIS2_PLACEMENT_3D('',#8109,#8110,#8111);
#8109 = CARTESIAN_POINT('',(42.044882550336,31.006040268456,5.5));
#8110 = DIRECTION('',(0.,1.,0.));
#8111 = DIRECTION('',(1.,0.,0.));
#8112 = ADVANCED_FACE('',(#8113),#8124,.F.);
#8113 = FACE_BOUND('',#8114,.F.);
#8114 = EDGE_LOOP('',(#8115,#8116,#8117,#8123));
#8115 = ORIENTED_EDGE('',*,*,#7911,.F.);
#8116 = ORIENTED_EDGE('',*,*,#8102,.T.);
#8117 = ORIENTED_EDGE('',*,*,#8118,.F.);
#8118 = EDGE_CURVE('',#8063,#8095,#8119,.T.);
#8119 = LINE('',#8120,#8121);
#8120 = CARTESIAN_POINT('',(43.106963087248,15.503020134228,6.));
#8121 = VECTOR('',#8122,1.);
#8122 = DIRECTION('',(0.,-1.,0.));
#8123 = ORIENTED_EDGE('',*,*,#8062,.F.);
#8124 = PLANE('',#8125);
#8125 = AXIS2_PLACEMENT_3D('',#8126,#8127,#8128);
#8126 = CARTESIAN_POINT('',(43.106963087248,31.006040268456,5.5));
#8127 = DIRECTION('',(-1.,0.,0.));
#8128 = DIRECTION('',(0.,1.,0.));
#8129 = ADVANCED_FACE('',(#8130),#8162,.F.);
#8130 = FACE_BOUND('',#8131,.F.);
#8131 = EDGE_LOOP('',(#8132,#8133,#8141,#8156));
#8132 = ORIENTED_EDGE('',*,*,#7974,.F.);
#8133 = ORIENTED_EDGE('',*,*,#8134,.T.);
#8134 = EDGE_CURVE('',#7975,#8135,#8137,.T.);
#8135 = VERTEX_POINT('',#8136);
#8136 = CARTESIAN_POINT('',(67.05033557047,31.48389261745,6.));
#8137 = LINE('',#8138,#8139);
#8138 = CARTESIAN_POINT('',(67.05033557047,31.48389261745,5.5));
#8139 = VECTOR('',#8140,1.);
#8140 = DIRECTION('',(0.,0.,1.));
#8141 = ORIENTED_EDGE('',*,*,#8142,.F.);
#8142 = EDGE_CURVE('',#8143,#8135,#8145,.T.);
#8143 = VERTEX_POINT('',#8144);
#8144 = CARTESIAN_POINT('',(66.668959731544,31.318791946309,6.));
#8145 = B_SPLINE_CURVE_WITH_KNOTS('',5,(#8146,#8147,#8148,#8149,#8150,
    #8151,#8152,#8153,#8154,#8155),.UNSPECIFIED.,.F.,.F.,(6,4,6),(0.,
    0.25374676084,1.),.UNSPECIFIED.);
#8146 = CARTESIAN_POINT('',(66.668959731544,31.318791946309,6.));
#8147 = CARTESIAN_POINT('',(66.68194094377,31.335643546349,6.));
#8148 = CARTESIAN_POINT('',(66.695780537443,31.35146091457,6.));
#8149 = CARTESIAN_POINT('',(66.710476458064,31.366220342258,6.));
#8150 = CARTESIAN_POINT('',(66.726020931051,31.379904702934,6.));
#8151 = CARTESIAN_POINT('',(66.790571629707,31.429555580735,6.));
#8152 = CARTESIAN_POINT('',(66.84597464989,31.457225614927,6.));
#8153 = CARTESIAN_POINT('',(66.908242675118,31.475221093434,6.));
#8154 = CARTESIAN_POINT('',(66.97664772025,31.48389261745,6.));
#8155 = CARTESIAN_POINT('',(67.05033557047,31.48389261745,6.));
#8156 = ORIENTED_EDGE('',*,*,#8157,.F.);
#8157 = EDGE_CURVE('',#7977,#8143,#8158,.T.);
#8158 = LINE('',#8159,#8160);
#8159 = CARTESIAN_POINT('',(66.668959731544,31.318791946309,5.5));
#8160 = VECTOR('',#8161,1.);
#8161 = DIRECTION('',(0.,0.,1.));
#8162 = SURFACE_OF_LINEAR_EXTRUSION('',#8163,#8167);
#8163 = B_SPLINE_CURVE_WITH_KNOTS('',2,(#8164,#8165,#8166),
  .UNSPECIFIED.,.F.,.F.,(3,3),(0.,1.),.PIECEWISE_BEZIER_KNOTS.);
#8164 = CARTESIAN_POINT('',(67.05033557047,31.48389261745,5.5));
#8165 = CARTESIAN_POINT('',(66.796140939597,31.48389261745,5.5));
#8166 = CARTESIAN_POINT('',(66.668959731544,31.318791946309,5.5));
#8167 = VECTOR('',#8168,1.);
#8168 = DIRECTION('',(-0.,-0.,-1.));
#8169 = ADVANCED_FACE('',(#8170),#8192,.F.);
#8170 = FACE_BOUND('',#8171,.F.);
#8171 = EDGE_LOOP('',(#8172,#8173,#8174,#8186));
#8172 = ORIENTED_EDGE('',*,*,#7984,.F.);
#8173 = ORIENTED_EDGE('',*,*,#8157,.T.);
#8174 = ORIENTED_EDGE('',*,*,#8175,.F.);
#8175 = EDGE_CURVE('',#8176,#8143,#8178,.T.);
#8176 = VERTEX_POINT('',#8177);
#8177 = CARTESIAN_POINT('',(66.541946308725,30.823489932886,6.));
#8178 = B_SPLINE_CURVE_WITH_KNOTS('',6,(#8179,#8180,#8181,#8182,#8183,
    #8184,#8185),.UNSPECIFIED.,.F.,.F.,(7,7),(0.,1.),
  .PIECEWISE_BEZIER_KNOTS.);
#8179 = CARTESIAN_POINT('',(66.541946308725,30.823489932886,6.));
#8180 = CARTESIAN_POINT('',(66.541946308725,30.92717264362,6.));
#8181 = CARTESIAN_POINT('',(66.549459980584,31.024095227912,6.));
#8182 = CARTESIAN_POINT('',(66.56530486287,31.113016528829,6.));
#8183 = CARTESIAN_POINT('',(66.590249540357,31.19256579267,6.));
#8184 = CARTESIAN_POINT('',(66.624832798856,31.261432763,6.));
#8185 = CARTESIAN_POINT('',(66.668959731544,31.318791946309,6.));
#8186 = ORIENTED_EDGE('',*,*,#8187,.F.);
#8187 = EDGE_CURVE('',#7985,#8176,#8188,.T.);
#8188 = LINE('',#8189,#8190);
#8189 = CARTESIAN_POINT('',(66.541946308725,30.823489932886,5.5));
#8190 = VECTOR('',#8191,1.);
#8191 = DIRECTION('',(0.,0.,1.));
#8192 = SURFACE_OF_LINEAR_EXTRUSION('',#8193,#8197);
#8193 = B_SPLINE_CURVE_WITH_KNOTS('',2,(#8194,#8195,#8196),
  .UNSPECIFIED.,.F.,.F.,(3,3),(0.,1.),.PIECEWISE_BEZIER_KNOTS.);
#8194 = CARTESIAN_POINT('',(66.668959731544,31.318791946309,5.5));
#8195 = CARTESIAN_POINT('',(66.541946308725,31.153691275168,5.5));
#8196 = CARTESIAN_POINT('',(66.541946308725,30.823489932886,5.5));
#8197 = VECTOR('',#8198,1.);
#8198 = DIRECTION('',(-0.,-0.,-1.));
#8199 = ADVANCED_FACE('',(#8200),#8222,.F.);
#8200 = FACE_BOUND('',#8201,.F.);
#8201 = EDGE_LOOP('',(#8202,#8203,#8204,#8216));
#8202 = ORIENTED_EDGE('',*,*,#7992,.F.);
#8203 = ORIENTED_EDGE('',*,*,#8187,.T.);
#8204 = ORIENTED_EDGE('',*,*,#8205,.F.);
#8205 = EDGE_CURVE('',#8206,#8176,#8208,.T.);
#8206 = VERTEX_POINT('',#8207);
#8207 = CARTESIAN_POINT('',(66.668959731544,30.328187919463,6.));
#8208 = B_SPLINE_CURVE_WITH_KNOTS('',6,(#8209,#8210,#8211,#8212,#8213,
    #8214,#8215),.UNSPECIFIED.,.F.,.F.,(7,7),(0.,1.),
  .PIECEWISE_BEZIER_KNOTS.);
#8209 = CARTESIAN_POINT('',(66.668959731544,30.328187919463,6.));
#8210 = CARTESIAN_POINT('',(66.624832802193,30.385547098434,6.));
#8211 = CARTESIAN_POINT('',(66.590249535004,30.454414076391,6.));
#8212 = CARTESIAN_POINT('',(66.565304860238,30.53396335134,6.));
#8213 = CARTESIAN_POINT('',(66.549459982019,30.622884645747,6.));
#8214 = CARTESIAN_POINT('',(66.541946308725,30.71980721221,6.));
#8215 = CARTESIAN_POINT('',(66.541946308725,30.823489932886,6.));
#8216 = ORIENTED_EDGE('',*,*,#8217,.F.);
#8217 = EDGE_CURVE('',#7993,#8206,#8218,.T.);
#8218 = LINE('',#8219,#8220);
#8219 = CARTESIAN_POINT('',(66.668959731544,30.328187919463,5.5));
#8220 = VECTOR('',#8221,1.);
#8221 = DIRECTION('',(0.,0.,1.));
#8222 = SURFACE_OF_LINEAR_EXTRUSION('',#8223,#8227);
#8223 = B_SPLINE_CURVE_WITH_KNOTS('',2,(#8224,#8225,#8226),
  .UNSPECIFIED.,.F.,.F.,(3,3),(0.,1.),.PIECEWISE_BEZIER_KNOTS.);
#8224 = CARTESIAN_POINT('',(66.541946308725,30.823489932886,5.5));
#8225 = CARTESIAN_POINT('',(66.541946308725,30.493288590604,5.5));
#8226 = CARTESIAN_POINT('',(66.668959731544,30.328187919463,5.5));
#8227 = VECTOR('',#8228,1.);
#8228 = DIRECTION('',(-0.,-0.,-1.));
#8229 = ADVANCED_FACE('',(#8230),#8255,.F.);
#8230 = FACE_BOUND('',#8231,.F.);
#8231 = EDGE_LOOP('',(#8232,#8233,#8234,#8249));
#8232 = ORIENTED_EDGE('',*,*,#8000,.F.);
#8233 = ORIENTED_EDGE('',*,*,#8217,.T.);
#8234 = ORIENTED_EDGE('',*,*,#8235,.F.);
#8235 = EDGE_CURVE('',#8236,#8206,#8238,.T.);
#8236 = VERTEX_POINT('',#8237);
#8237 = CARTESIAN_POINT('',(67.05033557047,30.163087248322,6.));
#8238 = B_SPLINE_CURVE_WITH_KNOTS('',5,(#8239,#8240,#8241,#8242,#8243,
    #8244,#8245,#8246,#8247,#8248),.UNSPECIFIED.,.F.,.F.,(6,4,6),(0.,
    0.74724278402,1.),.UNSPECIFIED.);
#8239 = CARTESIAN_POINT('',(67.05033557047,30.163087248322,6.));
#8240 = CARTESIAN_POINT('',(66.976550038227,30.163087248322,6.));
#8241 = CARTESIAN_POINT('',(66.908061235759,30.171781777137,6.));
#8242 = CARTESIAN_POINT('',(66.84572696455,30.189825911207,6.));
#8243 = CARTESIAN_POINT('',(66.7902778652,30.217571129125,6.));
#8244 = CARTESIAN_POINT('',(66.725778520729,30.267288730943,6.));
#8245 = CARTESIAN_POINT('',(66.710304559034,30.280932253149,6.));
#8246 = CARTESIAN_POINT('',(66.69567260429,30.295642339977,6.));
#8247 = CARTESIAN_POINT('',(66.681890318455,30.311402038829,6.));
#8248 = CARTESIAN_POINT('',(66.668959731544,30.328187919463,6.));
#8249 = ORIENTED_EDGE('',*,*,#8250,.F.);
#8250 = EDGE_CURVE('',#8001,#8236,#8251,.T.);
#8251 = LINE('',#8252,#8253);
#8252 = CARTESIAN_POINT('',(67.05033557047,30.163087248322,5.5));
#8253 = VECTOR('',#8254,1.);
#8254 = DIRECTION('',(0.,0.,1.));
#8255 = SURFACE_OF_LINEAR_EXTRUSION('',#8256,#8260);
#8256 = B_SPLINE_CURVE_WITH_KNOTS('',2,(#8257,#8258,#8259),
  .UNSPECIFIED.,.F.,.F.,(3,3),(0.,1.),.PIECEWISE_BEZIER_KNOTS.);
#8257 = CARTESIAN_POINT('',(66.668959731544,30.328187919463,5.5));
#8258 = CARTESIAN_POINT('',(66.796140939597,30.163087248322,5.5));
#8259 = CARTESIAN_POINT('',(67.05033557047,30.163087248322,5.5));
#8260 = VECTOR('',#8261,1.);
#8261 = DIRECTION('',(-0.,-0.,-1.));
#8262 = ADVANCED_FACE('',(#8263),#8288,.F.);
#8263 = FACE_BOUND('',#8264,.F.);
#8264 = EDGE_LOOP('',(#8265,#8266,#8267,#8282));
#8265 = ORIENTED_EDGE('',*,*,#8008,.F.);
#8266 = ORIENTED_EDGE('',*,*,#8250,.T.);
#8267 = ORIENTED_EDGE('',*,*,#8268,.F.);
#8268 = EDGE_CURVE('',#8269,#8236,#8271,.T.);
#8269 = VERTEX_POINT('',#8270);
#8270 = CARTESIAN_POINT('',(67.434060402685,30.328187919463,6.));
#8271 = B_SPLINE_CURVE_WITH_KNOTS('',5,(#8272,#8273,#8274,#8275,#8276,
    #8277,#8278,#8279,#8280,#8281),.UNSPECIFIED.,.F.,.F.,(6,4,6),(0.,
    0.241687952682,1.),.UNSPECIFIED.);
#8272 = CARTESIAN_POINT('',(67.434060402685,30.328187919463,6.));
#8273 = CARTESIAN_POINT('',(67.421701082252,30.312122435572,6.));
#8274 = CARTESIAN_POINT('',(67.408546565895,30.296998011564,6.));
#8275 = CARTESIAN_POINT('',(67.394598843054,30.28283512348,6.));
#8276 = CARTESIAN_POINT('',(67.379864786636,30.269648720613,6.));
#8277 = CARTESIAN_POINT('',(67.315696782215,30.219168359576,6.));
#8278 = CARTESIAN_POINT('',(67.259402072864,30.190585908867,6.));
#8279 = CARTESIAN_POINT('',(67.195861211147,30.172019866188,6.));
#8280 = CARTESIAN_POINT('',(67.125864868267,30.163087248322,6.));
#8281 = CARTESIAN_POINT('',(67.05033557047,30.163087248322,6.));
#8282 = ORIENTED_EDGE('',*,*,#8283,.F.);
#8283 = EDGE_CURVE('',#8009,#8269,#8284,.T.);
#8284 = LINE('',#8285,#8286);
#8285 = CARTESIAN_POINT('',(67.434060402685,30.328187919463,5.5));
#8286 = VECTOR('',#8287,1.);
#8287 = DIRECTION('',(0.,0.,1.));
#8288 = SURFACE_OF_LINEAR_EXTRUSION('',#8289,#8293);
#8289 = B_SPLINE_CURVE_WITH_KNOTS('',2,(#8290,#8291,#8292),
  .UNSPECIFIED.,.F.,.F.,(3,3),(0.,1.),.PIECEWISE_BEZIER_KNOTS.);
#8290 = CARTESIAN_POINT('',(67.05033557047,30.163087248322,5.5));
#8291 = CARTESIAN_POINT('',(67.307046979866,30.163087248322,5.5));
#8292 = CARTESIAN_POINT('',(67.434060402685,30.328187919463,5.5));
#8293 = VECTOR('',#8294,1.);
#8294 = DIRECTION('',(-0.,-0.,-1.));
#8295 = ADVANCED_FACE('',(#8296),#8318,.F.);
#8296 = FACE_BOUND('',#8297,.F.);
#8297 = EDGE_LOOP('',(#8298,#8299,#8300,#8312));
#8298 = ORIENTED_EDGE('',*,*,#8016,.F.);
#8299 = ORIENTED_EDGE('',*,*,#8283,.T.);
#8300 = ORIENTED_EDGE('',*,*,#8301,.F.);
#8301 = EDGE_CURVE('',#8302,#8269,#8304,.T.);
#8302 = VERTEX_POINT('',#8303);
#8303 = CARTESIAN_POINT('',(67.561241610738,30.823489932886,6.));
#8304 = B_SPLINE_CURVE_WITH_KNOTS('',6,(#8305,#8306,#8307,#8308,#8309,
    #8310,#8311),.UNSPECIFIED.,.F.,.F.,(7,7),(0.,1.),
  .PIECEWISE_BEZIER_KNOTS.);
#8305 = CARTESIAN_POINT('',(67.561241610738,30.823489932886,6.));
#8306 = CARTESIAN_POINT('',(67.561241610738,30.71980489087,6.));
#8307 = CARTESIAN_POINT('',(67.553717674367,30.622880162538,6.));
#8308 = CARTESIAN_POINT('',(67.537851099786,30.533957772301,6.));
#8309 = CARTESIAN_POINT('',(67.512872549643,30.454409052562,6.));
#8310 = CARTESIAN_POINT('',(67.478243413736,30.385544229324,6.));
#8311 = CARTESIAN_POINT('',(67.434060402685,30.328187919463,6.));
#8312 = ORIENTED_EDGE('',*,*,#8313,.F.);
#8313 = EDGE_CURVE('',#8017,#8302,#8314,.T.);
#8314 = LINE('',#8315,#8316);
#8315 = CARTESIAN_POINT('',(67.561241610738,30.823489932886,5.5));
#8316 = VECTOR('',#8317,1.);
#8317 = DIRECTION('',(0.,0.,1.));
#8318 = SURFACE_OF_LINEAR_EXTRUSION('',#8319,#8323);
#8319 = B_SPLINE_CURVE_WITH_KNOTS('',2,(#8320,#8321,#8322),
  .UNSPECIFIED.,.F.,.F.,(3,3),(0.,1.),.PIECEWISE_BEZIER_KNOTS.);
#8320 = CARTESIAN_POINT('',(67.434060402685,30.328187919463,5.5));
#8321 = CARTESIAN_POINT('',(67.561241610738,30.493288590604,5.5));
#8322 = CARTESIAN_POINT('',(67.561241610738,30.823489932886,5.5));
#8323 = VECTOR('',#8324,1.);
#8324 = DIRECTION('',(-0.,-0.,-1.));
#8325 = ADVANCED_FACE('',(#8326),#8348,.F.);
#8326 = FACE_BOUND('',#8327,.F.);
#8327 = EDGE_LOOP('',(#8328,#8329,#8330,#8342));
#8328 = ORIENTED_EDGE('',*,*,#8024,.F.);
#8329 = ORIENTED_EDGE('',*,*,#8313,.T.);
#8330 = ORIENTED_EDGE('',*,*,#8331,.F.);
#8331 = EDGE_CURVE('',#8332,#8302,#8334,.T.);
#8332 = VERTEX_POINT('',#8333);
#8333 = CARTESIAN_POINT('',(67.434060402685,31.318791946309,6.));
#8334 = B_SPLINE_CURVE_WITH_KNOTS('',6,(#8335,#8336,#8337,#8338,#8339,
    #8340,#8341),.UNSPECIFIED.,.F.,.F.,(7,7),(0.,1.),
  .PIECEWISE_BEZIER_KNOTS.);
#8335 = CARTESIAN_POINT('',(67.434060402685,31.318791946309,6.));
#8336 = CARTESIAN_POINT('',(67.478243408537,31.261435643197,6.));
#8337 = CARTESIAN_POINT('',(67.512872557717,31.192570808431,6.));
#8338 = CARTESIAN_POINT('',(67.537851103977,31.11302207151,6.));
#8339 = CARTESIAN_POINT('',(67.553717672135,31.024099690639,6.));
#8340 = CARTESIAN_POINT('',(67.561241610738,30.927174990321,6.));
#8341 = CARTESIAN_POINT('',(67.561241610738,30.823489932886,6.));
#8342 = ORIENTED_EDGE('',*,*,#8343,.F.);
#8343 = EDGE_CURVE('',#8025,#8332,#8344,.T.);
#8344 = LINE('',#8345,#8346);
#8345 = CARTESIAN_POINT('',(67.434060402685,31.318791946309,5.5));
#8346 = VECTOR('',#8347,1.);
#8347 = DIRECTION('',(0.,0.,1.));
#8348 = SURFACE_OF_LINEAR_EXTRUSION('',#8349,#8353);
#8349 = B_SPLINE_CURVE_WITH_KNOTS('',2,(#8350,#8351,#8352),
  .UNSPECIFIED.,.F.,.F.,(3,3),(0.,1.),.PIECEWISE_BEZIER_KNOTS.);
#8350 = CARTESIAN_POINT('',(67.561241610738,30.823489932886,5.5));
#8351 = CARTESIAN_POINT('',(67.561241610738,31.153691275168,5.5));
#8352 = CARTESIAN_POINT('',(67.434060402685,31.318791946309,5.5));
#8353 = VECTOR('',#8354,1.);
#8354 = DIRECTION('',(-0.,-0.,-1.));
#8355 = ADVANCED_FACE('',(#8356),#8374,.F.);
#8356 = FACE_BOUND('',#8357,.F.);
#8357 = EDGE_LOOP('',(#8358,#8359,#8360,#8373));
#8358 = ORIENTED_EDGE('',*,*,#8032,.F.);
#8359 = ORIENTED_EDGE('',*,*,#8343,.T.);
#8360 = ORIENTED_EDGE('',*,*,#8361,.F.);
#8361 = EDGE_CURVE('',#8135,#8332,#8362,.T.);
#8362 = B_SPLINE_CURVE_WITH_KNOTS('',5,(#8363,#8364,#8365,#8366,#8367,
    #8368,#8369,#8370,#8371,#8372),.UNSPECIFIED.,.F.,.F.,(6,4,6),(0.,
    0.757323076206,1.),.UNSPECIFIED.);
#8363 = CARTESIAN_POINT('',(67.05033557047,31.48389261745,6.));
#8364 = CARTESIAN_POINT('',(67.125766390278,31.48389261745,6.));
#8365 = CARTESIAN_POINT('',(67.195678588525,31.474983277709,6.));
#8366 = CARTESIAN_POINT('',(67.259153423117,31.456466570843,6.));
#8367 = CARTESIAN_POINT('',(67.315403056356,31.427960490237,6.));
#8368 = CARTESIAN_POINT('',(67.379623531119,31.377546889947,6.));
#8369 = CARTESIAN_POINT('',(67.394427574131,31.364318564741,6.));
#8370 = CARTESIAN_POINT('',(67.408438891727,31.350105622149,6.));
#8371 = CARTESIAN_POINT('',(67.421650506075,31.334923172549,6.));
#8372 = CARTESIAN_POINT('',(67.434060402685,31.318791946309,6.));
#8373 = ORIENTED_EDGE('',*,*,#8134,.F.);
#8374 = SURFACE_OF_LINEAR_EXTRUSION('',#8375,#8379);
#8375 = B_SPLINE_CURVE_WITH_KNOTS('',2,(#8376,#8377,#8378),
  .UNSPECIFIED.,.F.,.F.,(3,3),(0.,1.),.PIECEWISE_BEZIER_KNOTS.);
#8376 = CARTESIAN_POINT('',(67.434060402685,31.318791946309,5.5));
#8377 = CARTESIAN_POINT('',(67.307046979866,31.48389261745,5.5));
#8378 = CARTESIAN_POINT('',(67.05033557047,31.48389261745,5.5));
#8379 = VECTOR('',#8380,1.);
#8380 = DIRECTION('',(-0.,-0.,-1.));
#8381 = ADVANCED_FACE('',(#8382),#8387,.T.);
#8382 = FACE_BOUND('',#8383,.T.);
#8383 = EDGE_LOOP('',(#8384,#8385,#8386));
#8384 = ORIENTED_EDGE('',*,*,#8070,.F.);
#8385 = ORIENTED_EDGE('',*,*,#8094,.F.);
#8386 = ORIENTED_EDGE('',*,*,#8118,.F.);
#8387 = PLANE('',#8388);
#8388 = AXIS2_PLACEMENT_3D('',#8389,#8390,#8391);
#8389 = CARTESIAN_POINT('',(0.,0.,6.));
#8390 = DIRECTION('',(0.,0.,1.));
#8391 = DIRECTION('',(1.,0.,-0.));
#8392 = ADVANCED_FACE('',(#8393),#8403,.T.);
#8393 = FACE_BOUND('',#8394,.T.);
#8394 = EDGE_LOOP('',(#8395,#8396,#8397,#8398,#8399,#8400,#8401,#8402));
#8395 = ORIENTED_EDGE('',*,*,#8142,.F.);
#8396 = ORIENTED_EDGE('',*,*,#8175,.F.);
#8397 = ORIENTED_EDGE('',*,*,#8205,.F.);
#8398 = ORIENTED_EDGE('',*,*,#8235,.F.);
#8399 = ORIENTED_EDGE('',*,*,#8268,.F.);
#8400 = ORIENTED_EDGE('',*,*,#8301,.F.);
#8401 = ORIENTED_EDGE('',*,*,#8331,.F.);
#8402 = ORIENTED_EDGE('',*,*,#8361,.F.);
#8403 = PLANE('',#8404);
#8404 = AXIS2_PLACEMENT_3D('',#8405,#8406,#8407);
#8405 = CARTESIAN_POINT('',(0.,0.,6.));
#8406 = DIRECTION('',(0.,0.,1.));
#8407 = DIRECTION('',(1.,0.,-0.));
#8408 = ( GEOMETRIC_REPRESENTATION_CONTEXT(3) 
GLOBAL_UNCERTAINTY_ASSIGNED_CONTEXT((#8412)) 
GLOBAL_UNIT_ASSIGNED_CONTEXT((#8409,#8410,#8411)) REPRESENTATION_CONTEXT
('Context #1','3D Context with UNIT and UNCERTAINTY') );
#8409 = ( LENGTH_UNIT() NAMED_UNIT(*) SI_UNIT(.MILLI.,.METRE.) );
#8410 = ( NAMED_UNIT(*) PLANE_ANGLE_UNIT() SI_UNIT($,.RADIAN.) );
#8411 = ( NAMED_UNIT(*) SI_UNIT($,.STERADIAN.) SOLID_ANGLE_UNIT() );
#8412 = UNCERTAINTY_MEASURE_WITH_UNIT(LENGTH_MEASURE(1.E-06),#8409,
  'distance_accuracy_value','confusion accuracy');
#8413 = PRODUCT_RELATED_PRODUCT_CATEGORY('part',$,(#7));
ENDSEC;
END-ISO-10303-21;
