ISO-10303-21;
HEADER;
FILE_DESCRIPTION(('FreeCAD Model'),'2;1');
FILE_NAME('Open CASCADE Shape Model','2026-10-06T23:34:20',('Author'),(
    ''),'Open CASCADE STEP processor 7.8','FreeCAD','Unknown');
FILE_SCHEMA(('AUTOMOTIVE_DESIGN { 1 0 10303 214 1 1 1 1 }'));
ENDSEC;
DATA;
#1 = APPLICATION_PROTOCOL_DEFINITION('international standard',
  'automotive_design',2000,#2);
#2 = APPLICATION_CONTEXT(
  'core data for automotive mechanical design processes');
#3 = SHAPE_DEFINITION_REPRESENTATION(#4,#10);
#4 = PRODUCT_DEFINITION_SHAPE('','',#5);
#5 = PRODUCT_DEFINITION('design','',#6,#9);
#6 = PRODUCT_DEFINITION_FORMATION('','',#7);
#7 = PRODUCT('FT3_BranchRoot','FT3_BranchRoot','',(#8));
#8 = PRODUCT_CONTEXT('',#2,'mechanical');
#9 = PRODUCT_DEFINITION_CONTEXT('part definition',#2,'design');
#10 = ADVANCED_BREP_SHAPE_REPRESENTATION('',(#11,#15),#8219);
#11 = AXIS2_PLACEMENT_3D('',#12,#13,#14);
#12 = CARTESIAN_POINT('',(0.,0.,0.));
#13 = DIRECTION('',(0.,0.,1.));
#14 = DIRECTION('',(1.,0.,-0.));
#15 = MANIFOLD_SOLID_BREP('',#16);
#16 = CLOSED_SHELL('',(#17,#57,#165,#1551,#2261,#2278,#2290,#2315,#2340,
    #2365,#2390,#2415,#2440,#2465,#2496,#2520,#2544,#2568,#2592,#2616,
    #2633,#2664,#2688,#2712,#2736,#2760,#2784,#2808,#2832,#2856,#2880,
    #2897,#2928,#2952,#2976,#3000,#3026,#3050,#3076,#3100,#3126,#3152,
    #3178,#3204,#3230,#3256,#3282,#3308,#3332,#3358,#3377,#3410,#3436,
    #3462,#3488,#3514,#3540,#3566,#3592,#3618,#3644,#3670,#3694,#3720,
    #3746,#3770,#3796,#3822,#3848,#3874,#3900,#3926,#3952,#3978,#4004,
    #4030,#4054,#4080,#4104,#4121,#4152,#4176,#4200,#4224,#4248,#4272,
    #4296,#4320,#4344,#4368,#4385,#4416,#4440,#4464,#4488,#4514,#4538,
    #4564,#4590,#4616,#4642,#4668,#4694,#4720,#4746,#4772,#4798,#4824,
    #4850,#4876,#4902,#4926,#4945,#4976,#5002,#5028,#5054,#5080,#5106,
    #5132,#5158,#5184,#5210,#5236,#5262,#5288,#5314,#5340,#5366,#5385,
    #5416,#5440,#5464,#5488,#5512,#5536,#5560,#5584,#5608,#5632,#5656,
    #5673,#5704,#5728,#5752,#5776,#5800,#5824,#5848,#5872,#5896,#5920,
    #5944,#5961,#5992,#6016,#6040,#6064,#6088,#6112,#6136,#6160,#6184,
    #6208,#6232,#6249,#6280,#6304,#6328,#6352,#6376,#6400,#6424,#6448,
    #6472,#6496,#6520,#6537,#6568,#6592,#6616,#6640,#6664,#6688,#6712,
    #6736,#6760,#6784,#6808,#6825,#6856,#6880,#6904,#6928,#6952,#6976,
    #7000,#7024,#7048,#7072,#7096,#7113,#7144,#7168,#7192,#7216,#7240,
    #7264,#7288,#7312,#7336,#7360,#7384,#7401,#7410,#7419,#7428,#7437,
    #7446,#7455,#7464,#7479,#7498,#7525,#7562,#7607,#7637,#7728,#7748,
    #7768,#7788,#7808,#7828,#7848,#7868,#7899,#7923,#7940,#7980,#8010,
    #8040,#8073,#8106,#8136,#8166,#8192,#8203));
#17 = ADVANCED_FACE('',(#18),#52,.F.);
#18 = FACE_BOUND('',#19,.F.);
#19 = EDGE_LOOP('',(#20,#30,#38,#46));
#20 = ORIENTED_EDGE('',*,*,#21,.F.);
#21 = EDGE_CURVE('',#22,#24,#26,.T.);
#22 = VERTEX_POINT('',#23);
#23 = CARTESIAN_POINT('',(0.,0.,0.));
#24 = VERTEX_POINT('',#25);
#25 = CARTESIAN_POINT('',(0.,0.,9.));
#26 = LINE('',#27,#28);
#27 = CARTESIAN_POINT('',(0.,0.,0.));
#28 = VECTOR('',#29,1.);
#29 = DIRECTION('',(0.,0.,1.));
#30 = ORIENTED_EDGE('',*,*,#31,.T.);
#31 = EDGE_CURVE('',#22,#32,#34,.T.);
#32 = VERTEX_POINT('',#33);
#33 = CARTESIAN_POINT('',(0.,20.,0.));
#34 = LINE('',#35,#36);
#35 = CARTESIAN_POINT('',(0.,0.,0.));
#36 = VECTOR('',#37,1.);
#37 = DIRECTION('',(-0.,1.,0.));
#38 = ORIENTED_EDGE('',*,*,#39,.T.);
#39 = EDGE_CURVE('',#32,#40,#42,.T.);
#40 = VERTEX_POINT('',#41);
#41 = CARTESIAN_POINT('',(0.,20.,9.));
#42 = LINE('',#43,#44);
#43 = CARTESIAN_POINT('',(0.,20.,0.));
#44 = VECTOR('',#45,1.);
#45 = DIRECTION('',(0.,0.,1.));
#46 = ORIENTED_EDGE('',*,*,#47,.F.);
#47 = EDGE_CURVE('',#24,#40,#48,.T.);
#48 = LINE('',#49,#50);
#49 = CARTESIAN_POINT('',(0.,0.,9.));
#50 = VECTOR('',#51,1.);
#51 = DIRECTION('',(-0.,1.,0.));
#52 = PLANE('',#53);
#53 = AXIS2_PLACEMENT_3D('',#54,#55,#56);
#54 = CARTESIAN_POINT('',(0.,0.,0.));
#55 = DIRECTION('',(1.,0.,-0.));
#56 = DIRECTION('',(0.,0.,1.));
#57 = ADVANCED_FACE('',(#58,#83,#94,#105,#116,#127,#138,#149),#160,.F.);
#58 = FACE_BOUND('',#59,.F.);
#59 = EDGE_LOOP('',(#60,#68,#69,#77));
#60 = ORIENTED_EDGE('',*,*,#61,.F.);
#61 = EDGE_CURVE('',#22,#62,#64,.T.);
#62 = VERTEX_POINT('',#63);
#63 = CARTESIAN_POINT('',(86.,0.,0.));
#64 = LINE('',#65,#66);
#65 = CARTESIAN_POINT('',(0.,0.,0.));
#66 = VECTOR('',#67,1.);
#67 = DIRECTION('',(1.,0.,-0.));
#68 = ORIENTED_EDGE('',*,*,#21,.T.);
#69 = ORIENTED_EDGE('',*,*,#70,.T.);
#70 = EDGE_CURVE('',#24,#71,#73,.T.);
#71 = VERTEX_POINT('',#72);
#72 = CARTESIAN_POINT('',(86.,0.,9.));
#73 = LINE('',#74,#75);
#74 = CARTESIAN_POINT('',(0.,0.,9.));
#75 = VECTOR('',#76,1.);
#76 = DIRECTION('',(1.,0.,-0.));
#77 = ORIENTED_EDGE('',*,*,#78,.F.);
#78 = EDGE_CURVE('',#62,#71,#79,.T.);
#79 = LINE('',#80,#81);
#80 = CARTESIAN_POINT('',(86.,0.,0.));
#81 = VECTOR('',#82,1.);
#82 = DIRECTION('',(0.,0.,1.));
#83 = FACE_BOUND('',#84,.F.);
#84 = EDGE_LOOP('',(#85));
#85 = ORIENTED_EDGE('',*,*,#86,.F.);
#86 = EDGE_CURVE('',#87,#87,#89,.T.);
#87 = VERTEX_POINT('',#88);
#88 = CARTESIAN_POINT('',(9.4,0.,4.5));
#89 = CIRCLE('',#90,2.4);
#90 = AXIS2_PLACEMENT_3D('',#91,#92,#93);
#91 = CARTESIAN_POINT('',(7.,0.,4.5));
#92 = DIRECTION('',(-0.,1.,0.));
#93 = DIRECTION('',(1.,0.,0.));
#94 = FACE_BOUND('',#95,.F.);
#95 = EDGE_LOOP('',(#96));
#96 = ORIENTED_EDGE('',*,*,#97,.F.);
#97 = EDGE_CURVE('',#98,#98,#100,.T.);
#98 = VERTEX_POINT('',#99);
#99 = CARTESIAN_POINT('',(21.425,0.,4.5));
#100 = CIRCLE('',#101,2.425);
#101 = AXIS2_PLACEMENT_3D('',#102,#103,#104);
#102 = CARTESIAN_POINT('',(19.,0.,4.5));
#103 = DIRECTION('',(-0.,1.,0.));
#104 = DIRECTION('',(1.,0.,0.));
#105 = FACE_BOUND('',#106,.F.);
#106 = EDGE_LOOP('',(#107));
#107 = ORIENTED_EDGE('',*,*,#108,.F.);
#108 = EDGE_CURVE('',#109,#109,#111,.T.);
#109 = VERTEX_POINT('',#110);
#110 = CARTESIAN_POINT('',(33.45,0.,4.5));
#111 = CIRCLE('',#112,2.45);
#112 = AXIS2_PLACEMENT_3D('',#113,#114,#115);
#113 = CARTESIAN_POINT('',(31.,0.,4.5));
#114 = DIRECTION('',(-0.,1.,0.));
#115 = DIRECTION('',(1.,0.,0.));
#116 = FACE_BOUND('',#117,.F.);
#117 = EDGE_LOOP('',(#118));
#118 = ORIENTED_EDGE('',*,*,#119,.F.);
#119 = EDGE_CURVE('',#120,#120,#122,.T.);
#120 = VERTEX_POINT('',#121);
#121 = CARTESIAN_POINT('',(45.475,0.,4.5));
#122 = CIRCLE('',#123,2.475);
#123 = AXIS2_PLACEMENT_3D('',#124,#125,#126);
#124 = CARTESIAN_POINT('',(43.,0.,4.5));
#125 = DIRECTION('',(-0.,1.,0.));
#126 = DIRECTION('',(1.,0.,0.));
#127 = FACE_BOUND('',#128,.F.);
#128 = EDGE_LOOP('',(#129));
#129 = ORIENTED_EDGE('',*,*,#130,.F.);
#130 = EDGE_CURVE('',#131,#131,#133,.T.);
#131 = VERTEX_POINT('',#132);
#132 = CARTESIAN_POINT('',(57.5,0.,4.5));
#133 = CIRCLE('',#134,2.5);
#134 = AXIS2_PLACEMENT_3D('',#135,#136,#137);
#135 = CARTESIAN_POINT('',(55.,0.,4.5));
#136 = DIRECTION('',(-0.,1.,0.));
#137 = DIRECTION('',(1.,0.,0.));
#138 = FACE_BOUND('',#139,.F.);
#139 = EDGE_LOOP('',(#140));
#140 = ORIENTED_EDGE('',*,*,#141,.F.);
#141 = EDGE_CURVE('',#142,#142,#144,.T.);
#142 = VERTEX_POINT('',#143);
#143 = CARTESIAN_POINT('',(69.525,0.,4.5));
#144 = CIRCLE('',#145,2.525);
#145 = AXIS2_PLACEMENT_3D('',#146,#147,#148);
#146 = CARTESIAN_POINT('',(67.,0.,4.5));
#147 = DIRECTION('',(-0.,1.,0.));
#148 = DIRECTION('',(1.,0.,0.));
#149 = FACE_BOUND('',#150,.F.);
#150 = EDGE_LOOP('',(#151));
#151 = ORIENTED_EDGE('',*,*,#152,.F.);
#152 = EDGE_CURVE('',#153,#153,#155,.T.);
#153 = VERTEX_POINT('',#154);
#154 = CARTESIAN_POINT('',(81.55,0.,4.5));
#155 = CIRCLE('',#156,2.55);
#156 = AXIS2_PLACEMENT_3D('',#157,#158,#159);
#157 = CARTESIAN_POINT('',(79.,0.,4.5));
#158 = DIRECTION('',(-0.,1.,0.));
#159 = DIRECTION('',(1.,0.,0.));
#160 = PLANE('',#161);
#161 = AXIS2_PLACEMENT_3D('',#162,#163,#164);
#162 = CARTESIAN_POINT('',(0.,0.,0.));
#163 = DIRECTION('',(-0.,1.,0.));
#164 = DIRECTION('',(0.,0.,1.));
#165 = ADVANCED_FACE('',(#166,#184,#242,#332,#551,#917,#1007,#1277),
  #1546,.T.);
#166 = FACE_BOUND('',#167,.T.);
#167 = EDGE_LOOP('',(#168,#169,#170,#178));
#168 = ORIENTED_EDGE('',*,*,#47,.F.);
#169 = ORIENTED_EDGE('',*,*,#70,.T.);
#170 = ORIENTED_EDGE('',*,*,#171,.T.);
#171 = EDGE_CURVE('',#71,#172,#174,.T.);
#172 = VERTEX_POINT('',#173);
#173 = CARTESIAN_POINT('',(86.,20.,9.));
#174 = LINE('',#175,#176);
#175 = CARTESIAN_POINT('',(86.,0.,9.));
#176 = VECTOR('',#177,1.);
#177 = DIRECTION('',(-0.,1.,0.));
#178 = ORIENTED_EDGE('',*,*,#179,.F.);
#179 = EDGE_CURVE('',#40,#172,#180,.T.);
#180 = LINE('',#181,#182);
#181 = CARTESIAN_POINT('',(0.,20.,9.));
#182 = VECTOR('',#183,1.);
#183 = DIRECTION('',(1.,0.,-0.));
#184 = FACE_BOUND('',#185,.T.);
#185 = EDGE_LOOP('',(#186,#196,#204,#212,#220,#228,#236));
#186 = ORIENTED_EDGE('',*,*,#187,.F.);
#187 = EDGE_CURVE('',#188,#190,#192,.T.);
#188 = VERTEX_POINT('',#189);
#189 = CARTESIAN_POINT('',(80.415687919463,11.879194630872,9.));
#190 = VERTEX_POINT('',#191);
#191 = CARTESIAN_POINT('',(77.584312080537,11.879194630872,9.));
#192 = LINE('',#193,#194);
#193 = CARTESIAN_POINT('',(38.792156040268,11.879194630872,9.));
#194 = VECTOR('',#195,1.);
#195 = DIRECTION('',(-1.,0.,0.));
#196 = ORIENTED_EDGE('',*,*,#197,.F.);
#197 = EDGE_CURVE('',#198,#188,#200,.T.);
#198 = VERTEX_POINT('',#199);
#199 = CARTESIAN_POINT('',(80.415687919463,11.33288590604,9.));
#200 = LINE('',#201,#202);
#201 = CARTESIAN_POINT('',(80.415687919463,5.939597315436,9.));
#202 = VECTOR('',#203,1.);
#203 = DIRECTION('',(0.,1.,0.));
#204 = ORIENTED_EDGE('',*,*,#205,.F.);
#205 = EDGE_CURVE('',#206,#198,#208,.T.);
#206 = VERTEX_POINT('',#207);
#207 = CARTESIAN_POINT('',(78.950922818792,8.120805369128,9.));
#208 = LINE('',#209,#210);
#209 = CARTESIAN_POINT('',(71.354649712348,-8.537047133709,9.));
#210 = VECTOR('',#211,1.);
#211 = DIRECTION('',(0.414912690401,0.909861230817,-0.));
#212 = ORIENTED_EDGE('',*,*,#213,.F.);
#213 = EDGE_CURVE('',#214,#206,#216,.T.);
#214 = VERTEX_POINT('',#215);
#215 = CARTESIAN_POINT('',(78.007130872483,8.120805369128,9.));
#216 = LINE('',#217,#218);
#217 = CARTESIAN_POINT('',(39.475461409396,8.120805369128,9.));
#218 = VECTOR('',#219,1.);
#219 = DIRECTION('',(1.,0.,-0.));
#220 = ORIENTED_EDGE('',*,*,#221,.F.);
#221 = EDGE_CURVE('',#222,#214,#224,.T.);
#222 = VERTEX_POINT('',#223);
#223 = CARTESIAN_POINT('',(79.393875838926,11.170469798658,9.));
#224 = LINE('',#225,#226);
#225 = CARTESIAN_POINT('',(69.794183520383,-9.940722891219,9.));
#226 = VECTOR('',#227,1.);
#227 = DIRECTION('',(-0.413935007817,-0.910306437033,0.));
#228 = ORIENTED_EDGE('',*,*,#229,.F.);
#229 = EDGE_CURVE('',#230,#222,#232,.T.);
#230 = VERTEX_POINT('',#231);
#231 = CARTESIAN_POINT('',(77.584312080537,11.170469798658,9.));
#232 = LINE('',#233,#234);
#233 = CARTESIAN_POINT('',(39.696937919463,11.170469798658,9.));
#234 = VECTOR('',#235,1.);
#235 = DIRECTION('',(1.,0.,-0.));
#236 = ORIENTED_EDGE('',*,*,#237,.F.);
#237 = EDGE_CURVE('',#190,#230,#238,.T.);
#238 = LINE('',#239,#240);
#239 = CARTESIAN_POINT('',(77.584312080537,5.585234899329,9.));
#240 = VECTOR('',#241,1.);
#241 = DIRECTION('',(0.,-1.,0.));
#242 = FACE_BOUND('',#243,.T.);
#243 = EDGE_LOOP('',(#244,#254,#262,#270,#278,#286,#294,#302,#310,#318,
    #326));
#244 = ORIENTED_EDGE('',*,*,#245,.F.);
#245 = EDGE_CURVE('',#246,#248,#250,.T.);
#246 = VERTEX_POINT('',#247);
#247 = CARTESIAN_POINT('',(6.553271812081,8.786577181208,9.));
#248 = VERTEX_POINT('',#249);
#249 = CARTESIAN_POINT('',(5.697567114094,8.786577181208,9.));
#250 = LINE('',#251,#252);
#251 = CARTESIAN_POINT('',(2.848783557047,8.786577181208,9.));
#252 = VECTOR('',#253,1.);
#253 = DIRECTION('',(-1.,0.,0.));
#254 = ORIENTED_EDGE('',*,*,#255,.F.);
#255 = EDGE_CURVE('',#256,#246,#258,.T.);
#256 = VERTEX_POINT('',#257);
#257 = CARTESIAN_POINT('',(6.553271812081,11.224161073826,9.));
#258 = LINE('',#259,#260);
#259 = CARTESIAN_POINT('',(6.553271812081,4.393288590604,9.));
#260 = VECTOR('',#261,1.);
#261 = DIRECTION('',(0.,-1.,0.));
#262 = ORIENTED_EDGE('',*,*,#263,.F.);
#263 = EDGE_CURVE('',#264,#256,#266,.T.);
#264 = VERTEX_POINT('',#265);
#265 = CARTESIAN_POINT('',(5.674916107383,11.041610738255,9.));
#266 = LINE('',#267,#268);
#267 = CARTESIAN_POINT('',(2.294231931328,10.338996720385,9.));
#268 = VECTOR('',#269,1.);
#269 = DIRECTION('',(0.979078331663,0.203483710573,-0.));
#270 = ORIENTED_EDGE('',*,*,#271,.F.);
#271 = EDGE_CURVE('',#272,#264,#274,.T.);
#272 = VERTEX_POINT('',#273);
#273 = CARTESIAN_POINT('',(5.674916107383,11.696644295302,9.));
#274 = LINE('',#275,#276);
#275 = CARTESIAN_POINT('',(5.674916107383,5.520805369128,9.));
#276 = VECTOR('',#277,1.);
#277 = DIRECTION('',(0.,-1.,0.));
#278 = ORIENTED_EDGE('',*,*,#279,.F.);
#279 = EDGE_CURVE('',#280,#272,#282,.T.);
#280 = VERTEX_POINT('',#281);
#281 = CARTESIAN_POINT('',(6.548238255034,11.879194630872,9.));
#282 = LINE('',#283,#284);
#283 = CARTESIAN_POINT('',(1.784950576044,10.883525659741,9.));
#284 = VECTOR('',#285,1.);
#285 = DIRECTION('',(-0.978844086222,-0.204607563076,0.));
#286 = ORIENTED_EDGE('',*,*,#287,.F.);
#287 = EDGE_CURVE('',#288,#280,#290,.T.);
#288 = VERTEX_POINT('',#289);
#289 = CARTESIAN_POINT('',(7.469379194631,11.879194630872,9.));
#290 = LINE('',#291,#292);
#291 = CARTESIAN_POINT('',(3.274119127517,11.879194630872,9.));
#292 = VECTOR('',#293,1.);
#293 = DIRECTION('',(-1.,0.,0.));
#294 = ORIENTED_EDGE('',*,*,#295,.F.);
#295 = EDGE_CURVE('',#296,#288,#298,.T.);
#296 = VERTEX_POINT('',#297);
#297 = CARTESIAN_POINT('',(7.469379194631,8.786577181208,9.));
#298 = LINE('',#299,#300);
#299 = CARTESIAN_POINT('',(7.469379194631,5.939597315436,9.));
#300 = VECTOR('',#301,1.);
#301 = DIRECTION('',(0.,1.,0.));
#302 = ORIENTED_EDGE('',*,*,#303,.F.);
#303 = EDGE_CURVE('',#304,#296,#306,.T.);
#304 = VERTEX_POINT('',#305);
#305 = CARTESIAN_POINT('',(8.325083892617,8.786577181208,9.));
#306 = LINE('',#307,#308);
#307 = CARTESIAN_POINT('',(3.734689597315,8.786577181208,9.));
#308 = VECTOR('',#309,1.);
#309 = DIRECTION('',(-1.,0.,0.));
#310 = ORIENTED_EDGE('',*,*,#311,.F.);
#311 = EDGE_CURVE('',#312,#304,#314,.T.);
#312 = VERTEX_POINT('',#313);
#313 = CARTESIAN_POINT('',(8.325083892617,8.120805369128,9.));
#314 = LINE('',#315,#316);
#315 = CARTESIAN_POINT('',(8.325083892617,4.393288590604,9.));
#316 = VECTOR('',#317,1.);
#317 = DIRECTION('',(0.,1.,0.));
#318 = ORIENTED_EDGE('',*,*,#319,.F.);
#319 = EDGE_CURVE('',#320,#312,#322,.T.);
#320 = VERTEX_POINT('',#321);
#321 = CARTESIAN_POINT('',(5.697567114094,8.120805369128,9.));
#322 = LINE('',#323,#324);
#323 = CARTESIAN_POINT('',(4.162541946309,8.120805369128,9.));
#324 = VECTOR('',#325,1.);
#325 = DIRECTION('',(1.,0.,-0.));
#326 = ORIENTED_EDGE('',*,*,#327,.F.);
#327 = EDGE_CURVE('',#248,#320,#328,.T.);
#328 = LINE('',#329,#330);
#329 = CARTESIAN_POINT('',(5.697567114094,4.060402684564,9.));
#330 = VECTOR('',#331,1.);
#331 = DIRECTION('',(0.,-1.,0.));
#332 = FACE_BOUND('',#333,.T.);
#333 = EDGE_LOOP('',(#334,#344,#352,#360,#368,#376,#387,#400,#415,#430,
    #441,#452,#460,#471,#482,#499,#518,#533,#545));
#334 = ORIENTED_EDGE('',*,*,#335,.F.);
#335 = EDGE_CURVE('',#336,#338,#340,.T.);
#336 = VERTEX_POINT('',#337);
#337 = CARTESIAN_POINT('',(20.365352348993,8.797315436242,9.));
#338 = VERTEX_POINT('',#339);
#339 = CARTESIAN_POINT('',(18.71182885906,8.797315436242,9.));
#340 = LINE('',#341,#342);
#341 = CARTESIAN_POINT('',(9.35591442953,8.797315436242,9.));
#342 = VECTOR('',#343,1.);
#343 = DIRECTION('',(-1.,0.,0.));
#344 = ORIENTED_EDGE('',*,*,#345,.F.);
#345 = EDGE_CURVE('',#346,#336,#348,.T.);
#346 = VERTEX_POINT('',#347);
#347 = CARTESIAN_POINT('',(20.365352348993,8.088590604027,9.));
#348 = LINE('',#349,#350);
#349 = CARTESIAN_POINT('',(20.365352348993,4.398657718121,9.));
#350 = VECTOR('',#351,1.);
#351 = DIRECTION('',(0.,1.,0.));
#352 = ORIENTED_EDGE('',*,*,#353,.F.);
#353 = EDGE_CURVE('',#354,#346,#356,.T.);
#354 = VERTEX_POINT('',#355);
#355 = CARTESIAN_POINT('',(17.634647651007,8.088590604027,9.));
#356 = LINE('',#357,#358);
#357 = CARTESIAN_POINT('',(10.182676174497,8.088590604027,9.));
#358 = VECTOR('',#359,1.);
#359 = DIRECTION('',(1.,0.,-0.));
#360 = ORIENTED_EDGE('',*,*,#361,.F.);
#361 = EDGE_CURVE('',#362,#354,#364,.T.);
#362 = VERTEX_POINT('',#363);
#363 = CARTESIAN_POINT('',(17.634647651007,8.797315436242,9.));
#364 = LINE('',#365,#366);
#365 = CARTESIAN_POINT('',(17.634647651007,4.044295302013,9.));
#366 = VECTOR('',#367,1.);
#367 = DIRECTION('',(0.,-1.,0.));
#368 = ORIENTED_EDGE('',*,*,#369,.F.);
#369 = EDGE_CURVE('',#370,#362,#372,.T.);
#370 = VERTEX_POINT('',#371);
#371 = CARTESIAN_POINT('',(19.006291946309,10.005201342282,9.));
#372 = LINE('',#373,#374);
#373 = CARTESIAN_POINT('',(10.486802780671,2.502840179783,9.));
#374 = VECTOR('',#375,1.);
#375 = DIRECTION('',(-0.750485828524,-0.66088654184,0.));
#376 = ORIENTED_EDGE('',*,*,#377,.F.);
#377 = EDGE_CURVE('',#378,#370,#380,.T.);
#378 = VERTEX_POINT('',#379);
#379 = CARTESIAN_POINT('',(19.278104026846,10.329697986577,9.));
#380 = B_SPLINE_CURVE_WITH_KNOTS('',5,(#381,#382,#383,#384,#385,#386),
  .UNSPECIFIED.,.F.,.F.,(6,6),(0.,1.),.PIECEWISE_BEZIER_KNOTS.);
#381 = CARTESIAN_POINT('',(19.278104026846,10.329697986577,9.));
#382 = CARTESIAN_POINT('',(19.242089363543,10.264940191991,9.));
#383 = CARTESIAN_POINT('',(19.19639627756,10.199939754703,9.));
#384 = CARTESIAN_POINT('',(19.141463003452,10.134885056063,9.));
#385 = CARTESIAN_POINT('',(19.077887409584,10.069931487161,9.));
#386 = CARTESIAN_POINT('',(19.006291946309,10.005201342282,9.));
#387 = ORIENTED_EDGE('',*,*,#388,.F.);
#388 = EDGE_CURVE('',#389,#378,#391,.T.);
#389 = VERTEX_POINT('',#390);
#390 = CARTESIAN_POINT('',(19.366191275168,10.659395973154,9.));
#391 = B_SPLINE_CURVE_WITH_KNOTS('',4,(#392,#393,#394,#395,#396,#397,
    #398,#399),.UNSPECIFIED.,.F.,.F.,(5,3,5),(0.,0.272572784169,1.),
  .UNSPECIFIED.);
#392 = CARTESIAN_POINT('',(19.366191275168,10.659395973154,9.));
#393 = CARTESIAN_POINT('',(19.366191275168,10.63605160501,9.));
#394 = CARTESIAN_POINT('',(19.365098633913,10.612846953349,9.));
#395 = CARTESIAN_POINT('',(19.362909893034,10.589790676813,9.));
#396 = CARTESIAN_POINT('',(19.350862936819,10.505777183625,9.));
#397 = CARTESIAN_POINT('',(19.334300728524,10.445777383325,9.));
#398 = CARTESIAN_POINT('',(19.309964990763,10.387047721629,9.));
#399 = CARTESIAN_POINT('',(19.278104026846,10.329697986577,9.));
#400 = ORIENTED_EDGE('',*,*,#401,.F.);
#401 = EDGE_CURVE('',#402,#389,#404,.T.);
#402 = VERTEX_POINT('',#403);
#403 = CARTESIAN_POINT('',(19.188674496644,11.084563758389,9.));
#404 = B_SPLINE_CURVE_WITH_KNOTS('',5,(#405,#406,#407,#408,#409,#410,
    #411,#412,#413,#414),.UNSPECIFIED.,.F.,.F.,(6,4,6),(0.,0.35047226179
    ,1.),.UNSPECIFIED.);
#405 = CARTESIAN_POINT('',(19.188674496644,11.084563758389,9.));
#406 = CARTESIAN_POINT('',(19.213526183788,11.06203751267,9.));
#407 = CARTESIAN_POINT('',(19.236309182894,11.038149647322,9.));
#408 = CARTESIAN_POINT('',(19.25695246254,11.012908331968,9.));
#409 = CARTESIAN_POINT('',(19.275408097712,10.986338074444,9.));
#410 = CARTESIAN_POINT('',(19.321754624549,10.906850033089,9.));
#411 = CARTESIAN_POINT('',(19.344263296061,10.850790051949,9.));
#412 = CARTESIAN_POINT('',(19.359013095074,10.790572585705,9.));
#413 = CARTESIAN_POINT('',(19.366191275168,10.726613349865,9.));
#414 = CARTESIAN_POINT('',(19.366191275168,10.659395973154,9.));
#415 = ORIENTED_EDGE('',*,*,#416,.F.);
#416 = EDGE_CURVE('',#417,#402,#419,.T.);
#417 = VERTEX_POINT('',#418);
#418 = CARTESIAN_POINT('',(18.716862416107,11.245637583893,9.));
#419 = B_SPLINE_CURVE_WITH_KNOTS('',5,(#420,#421,#422,#423,#424,#425,
    #426,#427,#428,#429),.UNSPECIFIED.,.F.,.F.,(6,4,6),(0.,
    0.870759233454,1.),.UNSPECIFIED.);
#420 = CARTESIAN_POINT('',(18.716862416107,11.245637583893,9.));
#421 = CARTESIAN_POINT('',(18.816114778379,11.245637583893,9.));
#422 = CARTESIAN_POINT('',(18.909226619712,11.234199849158,9.));
#423 = CARTESIAN_POINT('',(18.994947598996,11.210324218923,9.));
#424 = CARTESIAN_POINT('',(19.072145880719,11.173435758748,9.));
#425 = CARTESIAN_POINT('',(19.150299958336,11.116663640696,9.));
#426 = CARTESIAN_POINT('',(19.160199549034,11.10904972975,9.));
#427 = CARTESIAN_POINT('',(19.169896161882,11.101160540795,9.));
#428 = CARTESIAN_POINT('',(19.179388230274,11.092997831914,9.));
#429 = CARTESIAN_POINT('',(19.188674496644,11.084563758389,9.));
#430 = ORIENTED_EDGE('',*,*,#431,.F.);
#431 = EDGE_CURVE('',#432,#417,#434,.T.);
#432 = VERTEX_POINT('',#433);
#433 = CARTESIAN_POINT('',(18.22105704698,11.148322147651,9.));
#434 = B_SPLINE_CURVE_WITH_KNOTS('',5,(#435,#436,#437,#438,#439,#440),
  .UNSPECIFIED.,.F.,.F.,(6,6),(0.,1.),.PIECEWISE_BEZIER_KNOTS.);
#435 = CARTESIAN_POINT('',(18.22105704698,11.148322147651,9.));
#436 = CARTESIAN_POINT('',(18.325932083611,11.186220914782,9.));
#437 = CARTESIAN_POINT('',(18.428368793735,11.215479309122,9.));
#438 = CARTESIAN_POINT('',(18.527961021052,11.235473213702,9.));
#439 = CARTESIAN_POINT('',(18.624266410627,11.245637583893,9.));
#440 = CARTESIAN_POINT('',(18.716862416107,11.245637583893,9.));
#441 = ORIENTED_EDGE('',*,*,#442,.F.);
#442 = EDGE_CURVE('',#443,#432,#445,.T.);
#443 = VERTEX_POINT('',#444);
#444 = CARTESIAN_POINT('',(17.644714765101,10.859060402685,9.));
#445 = B_SPLINE_CURVE_WITH_KNOTS('',5,(#446,#447,#448,#449,#450,#451),
  .UNSPECIFIED.,.F.,.F.,(6,6),(0.,1.),.PIECEWISE_BEZIER_KNOTS.);
#446 = CARTESIAN_POINT('',(17.644714765101,10.859060402685,9.));
#447 = CARTESIAN_POINT('',(17.763197155231,10.933128082635,9.));
#448 = CARTESIAN_POINT('',(17.880396766185,10.999783245527,9.));
#449 = CARTESIAN_POINT('',(17.996025594706,11.058349573279,9.));
#450 = CARTESIAN_POINT('',(18.109717741018,11.10808738288,9.));
#451 = CARTESIAN_POINT('',(18.22105704698,11.148322147651,9.));
#452 = ORIENTED_EDGE('',*,*,#453,.F.);
#453 = EDGE_CURVE('',#454,#443,#456,.T.);
#454 = VERTEX_POINT('',#455);
#455 = CARTESIAN_POINT('',(17.644714765101,11.685906040268,9.));
#456 = LINE('',#457,#458);
#457 = CARTESIAN_POINT('',(17.644714765101,5.429530201342,9.));
#458 = VECTOR('',#459,1.);
#459 = DIRECTION('',(0.,-1.,0.));
#460 = ORIENTED_EDGE('',*,*,#461,.F.);
#461 = EDGE_CURVE('',#462,#454,#464,.T.);
#462 = VERTEX_POINT('',#463);
#463 = CARTESIAN_POINT('',(18.291526845638,11.853691275168,9.));
#464 = B_SPLINE_CURVE_WITH_KNOTS('',5,(#465,#466,#467,#468,#469,#470),
  .UNSPECIFIED.,.F.,.F.,(6,6),(0.,1.),.PIECEWISE_BEZIER_KNOTS.);
#465 = CARTESIAN_POINT('',(18.291526845638,11.853691275168,9.));
#466 = CARTESIAN_POINT('',(18.162532533743,11.830465527672,9.));
#467 = CARTESIAN_POINT('',(18.033267873202,11.801966493297,9.));
#468 = CARTESIAN_POINT('',(17.903822241531,11.768291007636,9.));
#469 = CARTESIAN_POINT('',(17.77427890264,11.729559188147,9.));
#470 = CARTESIAN_POINT('',(17.644714765101,11.685906040268,9.));
#471 = ORIENTED_EDGE('',*,*,#472,.F.);
#472 = EDGE_CURVE('',#473,#462,#475,.T.);
#473 = VERTEX_POINT('',#474);
#474 = CARTESIAN_POINT('',(18.918204697987,11.911409395973,9.));
#475 = B_SPLINE_CURVE_WITH_KNOTS('',5,(#476,#477,#478,#479,#480,#481),
  .UNSPECIFIED.,.F.,.F.,(6,6),(0.,1.),.PIECEWISE_BEZIER_KNOTS.);
#476 = CARTESIAN_POINT('',(18.918204697987,11.911409395973,9.));
#477 = CARTESIAN_POINT('',(18.794493875986,11.911409395973,9.));
#478 = CARTESIAN_POINT('',(18.66985557588,11.905553435765,9.));
#479 = CARTESIAN_POINT('',(18.544406117233,11.893907661138,9.));
#480 = CARTESIAN_POINT('',(18.41825967114,11.876576362818,9.));
#481 = CARTESIAN_POINT('',(18.291526845638,11.853691275168,9.));
#482 = ORIENTED_EDGE('',*,*,#483,.F.);
#483 = EDGE_CURVE('',#484,#473,#486,.T.);
#484 = VERTEX_POINT('',#485);
#485 = CARTESIAN_POINT('',(19.966359060403,11.614093959732,9.));
#486 = B_SPLINE_CURVE_WITH_KNOTS('',6,(#487,#488,#489,#490,#491,#492,
    #493,#494,#495,#496,#497,#498),.UNSPECIFIED.,.F.,.F.,(7,5,7),(0.,
    0.476753394118,1.),.UNSPECIFIED.);
#487 = CARTESIAN_POINT('',(19.966359060403,11.614093959732,9.));
#488 = CARTESIAN_POINT('',(19.902100364373,11.665223914543,9.));
#489 = CARTESIAN_POINT('',(19.832829983685,11.710818265701,9.));
#490 = CARTESIAN_POINT('',(19.758982985485,11.750712202475,9.));
#491 = CARTESIAN_POINT('',(19.681094579177,11.784989789452,9.));
#492 = CARTESIAN_POINT('',(19.599721829407,11.81387689972,9.));
#493 = CARTESIAN_POINT('',(19.422842688556,11.863791759471,9.));
#494 = CARTESIAN_POINT('',(19.326724018927,11.883780466408,9.));
#495 = CARTESIAN_POINT('',(19.227682945927,11.898051246084,9.));
#496 = CARTESIAN_POINT('',(19.126296970506,11.90710105445,9.));
#497 = CARTESIAN_POINT('',(19.02302712438,11.911409395973,9.));
#498 = CARTESIAN_POINT('',(18.918204697987,11.911409395973,9.));
#499 = ORIENTED_EDGE('',*,*,#500,.F.);
#500 = EDGE_CURVE('',#501,#484,#503,.T.);
#501 = VERTEX_POINT('',#502);
#502 = CARTESIAN_POINT('',(20.340184563758,10.785234899329,9.));
#503 = B_SPLINE_CURVE_WITH_KNOTS('',5,(#504,#505,#506,#507,#508,#509,
    #510,#511,#512,#513,#514,#515,#516,#517),.UNSPECIFIED.,.F.,.F.,(6,4,
    4,6),(0.,0.220027553948,0.644397392163,1.),.UNSPECIFIED.);
#504 = CARTESIAN_POINT('',(20.340184563758,10.785234899329,9.));
#505 = CARTESIAN_POINT('',(20.340184563758,10.829313807126,9.));
#506 = CARTESIAN_POINT('',(20.338578869781,10.872920019366,9.));
#507 = CARTESIAN_POINT('',(20.335289650378,10.915981373922,9.));
#508 = CARTESIAN_POINT('',(20.330243546073,10.958416387344,9.));
#509 = CARTESIAN_POINT('',(20.310152006792,11.080607873781,9.));
#510 = CARTESIAN_POINT('',(20.290169339664,11.158442961389,9.));
#511 = CARTESIAN_POINT('',(20.263027281074,11.232975984995,9.));
#512 = CARTESIAN_POINT('',(20.228556660408,11.303571822214,9.));
#513 = CARTESIAN_POINT('',(20.152298049058,11.425200970146,9.));
#514 = CARTESIAN_POINT('',(20.112592585631,11.477564000038,9.));
#515 = CARTESIAN_POINT('',(20.068122377547,11.526556050459,9.));
#516 = CARTESIAN_POINT('',(20.019232155281,11.572066019413,9.));
#517 = CARTESIAN_POINT('',(19.966359060403,11.614093959732,9.));
#518 = ORIENTED_EDGE('',*,*,#519,.F.);
#519 = EDGE_CURVE('',#520,#501,#522,.T.);
#520 = VERTEX_POINT('',#521);
#521 = CARTESIAN_POINT('',(20.181627516779,10.212248322148,9.));
#522 = B_SPLINE_CURVE_WITH_KNOTS('',5,(#523,#524,#525,#526,#527,#528,
    #529,#530,#531,#532),.UNSPECIFIED.,.F.,.F.,(6,4,6),(0.,
    0.525172440085,1.),.UNSPECIFIED.);
#523 = CARTESIAN_POINT('',(20.181627516779,10.212248322148,9.));
#524 = CARTESIAN_POINT('',(20.21468505304,10.267659049596,9.));
#525 = CARTESIAN_POINT('',(20.243611599893,10.324491698609,9.));
#526 = CARTESIAN_POINT('',(20.268260212667,10.382678406156,9.));
#527 = CARTESIAN_POINT('',(20.288536325475,10.442129841373,9.));
#528 = CARTESIAN_POINT('',(20.318762215767,10.557523553532,9.));
#529 = CARTESIAN_POINT('',(20.329515624306,10.613257447469,9.));
#530 = CARTESIAN_POINT('',(20.33664935493,10.669848737434,9.));
#531 = CARTESIAN_POINT('',(20.340184563758,10.727206825577,9.));
#532 = CARTESIAN_POINT('',(20.340184563758,10.785234899329,9.));
#533 = ORIENTED_EDGE('',*,*,#534,.F.);
#534 = EDGE_CURVE('',#535,#520,#537,.T.);
#535 = VERTEX_POINT('',#536);
#536 = CARTESIAN_POINT('',(19.514681208054,9.500503355705,9.));
#537 = B_SPLINE_CURVE_WITH_KNOTS('',6,(#538,#539,#540,#541,#542,#543,
    #544),.UNSPECIFIED.,.F.,.F.,(7,7),(0.,1.),.PIECEWISE_BEZIER_KNOTS.);
#538 = CARTESIAN_POINT('',(19.514681208054,9.500503355705,9.));
#539 = CARTESIAN_POINT('',(19.656645504383,9.625038372089,9.));
#540 = CARTESIAN_POINT('',(19.790401094986,9.748298998908,9.));
#541 = CARTESIAN_POINT('',(19.91486570521,9.870615699307,9.));
#542 = CARTESIAN_POINT('',(20.026318159336,9.990796610753,9.));
#543 = CARTESIAN_POINT('',(20.118300949514,10.10610093321,9.));
#544 = CARTESIAN_POINT('',(20.181627516779,10.212248322148,9.));
#545 = ORIENTED_EDGE('',*,*,#546,.F.);
#546 = EDGE_CURVE('',#338,#535,#547,.T.);
#547 = LINE('',#548,#549);
#548 = CARTESIAN_POINT('',(11.63870632386,2.602235698515,9.));
#549 = VECTOR('',#550,1.);
#550 = DIRECTION('',(0.752255226589,0.65887181915,-0.));
#551 = FACE_BOUND('',#552,.T.);
#552 = EDGE_LOOP('',(#553,#570,#587,#606,#623,#633,#643,#651,#662,#673,
    #685,#700,#715,#727,#735,#743,#751,#763,#778,#793,#805,#815,#825,
    #833,#843,#853,#870,#889,#904));
#553 = ORIENTED_EDGE('',*,*,#554,.F.);
#554 = EDGE_CURVE('',#555,#557,#559,.T.);
#555 = VERTEX_POINT('',#556);
#556 = CARTESIAN_POINT('',(32.218036912752,9.80855704698,9.));
#557 = VERTEX_POINT('',#558);
#558 = CARTESIAN_POINT('',(31.640520134228,10.149496644295,9.));
#559 = B_SPLINE_CURVE_WITH_KNOTS('',5,(#560,#561,#562,#563,#564,#565,
    #566,#567,#568,#569),.UNSPECIFIED.,.F.,.F.,(6,4,6),(0.,
    0.492450394655,1.),.UNSPECIFIED.);
#560 = CARTESIAN_POINT('',(32.218036912752,9.80855704698,9.));
#561 = CARTESIAN_POINT('',(32.178098037514,9.857657771253,9.));
#562 = CARTESIAN_POINT('',(32.133504186025,9.90304712332,9.));
#563 = CARTESIAN_POINT('',(32.084399716314,9.944558365821,9.));
#564 = CARTESIAN_POINT('',(32.03104204277,9.982149370767,9.));
#565 = CARTESIAN_POINT('',(31.9147223083,10.050616152454,9.));
#566 = CARTESIAN_POINT('',(31.851511680113,10.081252998435,9.));
#567 = CARTESIAN_POINT('',(31.784481451265,10.107830079019,9.));
#568 = CARTESIAN_POINT('',(31.71402751301,10.130511294809,9.));
#569 = CARTESIAN_POINT('',(31.640520134228,10.149496644295,9.));
#570 = ORIENTED_EDGE('',*,*,#571,.F.);
#571 = EDGE_CURVE('',#572,#555,#574,.T.);
#572 = VERTEX_POINT('',#573);
#573 = CARTESIAN_POINT('',(32.415687919463,9.190771812081,9.));
#574 = B_SPLINE_CURVE_WITH_KNOTS('',6,(#575,#576,#577,#578,#579,#580,
    #581,#582,#583,#584,#585,#586),.UNSPECIFIED.,.F.,.F.,(7,5,7),(0.,
    0.878140094649,1.),.UNSPECIFIED.);
#575 = CARTESIAN_POINT('',(32.415687919463,9.190771812081,9.));
#576 = CARTESIAN_POINT('',(32.415687919463,9.296101392108,9.));
#577 = CARTESIAN_POINT('',(32.406331888615,9.397469992868,9.));
#578 = CARTESIAN_POINT('',(32.38685497782,9.493993524758,9.));
#579 = CARTESIAN_POINT('',(32.356683134847,9.584791791363,9.));
#580 = CARTESIAN_POINT('',(32.315607493407,9.669084042288,9.));
#581 = CARTESIAN_POINT('',(32.256855805397,9.757030524494,9.));
#582 = CARTESIAN_POINT('',(32.249493533836,9.767612071493,9.));
#583 = CARTESIAN_POINT('',(32.241929364765,9.778056666642,9.));
#584 = CARTESIAN_POINT('',(32.234164360505,9.788363080724,9.));
#585 = CARTESIAN_POINT('',(32.226199746787,9.798530204154,9.));
#586 = CARTESIAN_POINT('',(32.218036912752,9.80855704698,9.));
#587 = ORIENTED_EDGE('',*,*,#588,.F.);
#588 = EDGE_CURVE('',#589,#572,#591,.T.);
#589 = VERTEX_POINT('',#590);
#590 = CARTESIAN_POINT('',(31.98783557047,8.341610738255,9.));
#591 = B_SPLINE_CURVE_WITH_KNOTS('',5,(#592,#593,#594,#595,#596,#597,
    #598,#599,#600,#601,#602,#603,#604,#605),.UNSPECIFIED.,.F.,.F.,(6,4,
    4,6),(0.,0.409428489586,0.797495903705,1.),.UNSPECIFIED.);
#592 = CARTESIAN_POINT('',(31.98783557047,8.341610738255,9.));
#593 = CARTESIAN_POINT('',(32.056499222924,8.388248168079,9.));
#594 = CARTESIAN_POINT('',(32.119697399904,8.440164710878,9.));
#595 = CARTESIAN_POINT('',(32.176509537052,8.497478259163,9.));
#596 = CARTESIAN_POINT('',(32.226150347772,8.560069106766,9.));
#597 = CARTESIAN_POINT('',(32.308179025744,8.691128723374,9.));
#598 = CARTESIAN_POINT('',(32.341346443707,8.759143593309,9.));
#599 = CARTESIAN_POINT('',(32.367454751218,8.83091121309,9.));
#600 = CARTESIAN_POINT('',(32.38667600487,8.905793020401,9.));
#601 = CARTESIAN_POINT('',(32.406068387505,9.023476606034,9.));
#602 = CARTESIAN_POINT('',(32.41095477137,9.064502072455,9.));
#603 = CARTESIAN_POINT('',(32.414136401102,9.10611235292,9.));
#604 = CARTESIAN_POINT('',(32.415687919463,9.1482260161,9.));
#605 = CARTESIAN_POINT('',(32.415687919463,9.190771812081,9.));
#606 = ORIENTED_EDGE('',*,*,#607,.F.);
#607 = EDGE_CURVE('',#608,#589,#610,.T.);
#608 = VERTEX_POINT('',#609);
#609 = CARTESIAN_POINT('',(30.739513422819,8.051006711409,9.));
#610 = B_SPLINE_CURVE_WITH_KNOTS('',6,(#611,#612,#613,#614,#615,#616,
    #617,#618,#619,#620,#621,#622),.UNSPECIFIED.,.F.,.F.,(7,5,7),(0.,
    0.537355717675,1.),.UNSPECIFIED.);
#611 = CARTESIAN_POINT('',(30.739513422819,8.051006711409,9.));
#612 = CARTESIAN_POINT('',(30.865227383059,8.051006711409,9.));
#613 = CARTESIAN_POINT('',(30.989419011875,8.055100153106,9.));
#614 = CARTESIAN_POINT('',(31.111780104683,8.063776840834,9.));
#615 = CARTESIAN_POINT('',(31.231802574554,8.07762761801,9.));
#616 = CARTESIAN_POINT('',(31.348780034614,8.097340438021,9.));
#617 = CARTESIAN_POINT('',(31.55915990167,8.146315966212,9.));
#618 = CARTESIAN_POINT('',(31.653562787745,8.173865918699,9.));
#619 = CARTESIAN_POINT('',(31.74444191426,8.206771136433,9.));
#620 = CARTESIAN_POINT('',(31.831030663716,8.245488891278,9.));
#621 = CARTESIAN_POINT('',(31.91244265962,8.290402690572,9.));
#622 = CARTESIAN_POINT('',(31.98783557047,8.341610738255,9.));
#623 = ORIENTED_EDGE('',*,*,#624,.F.);
#624 = EDGE_CURVE('',#625,#608,#627,.T.);
#625 = VERTEX_POINT('',#626);
#626 = CARTESIAN_POINT('',(30.159312080537,8.096644295302,9.));
#627 = B_SPLINE_CURVE_WITH_KNOTS('',4,(#628,#629,#630,#631,#632),
  .UNSPECIFIED.,.F.,.F.,(5,5),(0.,1.),.PIECEWISE_BEZIER_KNOTS.);
#628 = CARTESIAN_POINT('',(30.159312080537,8.096644295302,9.));
#629 = CARTESIAN_POINT('',(30.304313316465,8.073885878584,9.));
#630 = CARTESIAN_POINT('',(30.449446479213,8.058637769948,9.));
#631 = CARTESIAN_POINT('',(30.594564147483,8.051006711409,9.));
#632 = CARTESIAN_POINT('',(30.739513422819,8.051006711409,9.));
#633 = ORIENTED_EDGE('',*,*,#634,.F.);
#634 = EDGE_CURVE('',#635,#625,#637,.T.);
#635 = VERTEX_POINT('',#636);
#636 = CARTESIAN_POINT('',(29.584312080537,8.23355704698,9.));
#637 = B_SPLINE_CURVE_WITH_KNOTS('',4,(#638,#639,#640,#641,#642),
  .UNSPECIFIED.,.F.,.F.,(5,5),(0.,1.),.PIECEWISE_BEZIER_KNOTS.);
#638 = CARTESIAN_POINT('',(29.584312080537,8.23355704698,9.));
#639 = CARTESIAN_POINT('',(29.726154635896,8.188033536587,9.));
#640 = CARTESIAN_POINT('',(29.86936068147,8.14997100037,9.));
#641 = CARTESIAN_POINT('',(30.013797551155,8.119496461579,9.));
#642 = CARTESIAN_POINT('',(30.159312080537,8.096644295302,9.));
#643 = ORIENTED_EDGE('',*,*,#644,.F.);
#644 = EDGE_CURVE('',#645,#635,#647,.T.);
#645 = VERTEX_POINT('',#646);
#646 = CARTESIAN_POINT('',(29.584312080537,8.985234899329,9.));
#647 = LINE('',#648,#649);
#648 = CARTESIAN_POINT('',(29.584312080537,4.11677852349,9.));
#649 = VECTOR('',#650,1.);
#650 = DIRECTION('',(0.,-1.,0.));
#651 = ORIENTED_EDGE('',*,*,#652,.F.);
#652 = EDGE_CURVE('',#653,#645,#655,.T.);
#653 = VERTEX_POINT('',#654);
#654 = CARTESIAN_POINT('',(30.124077181208,8.776510067114,9.));
#655 = B_SPLINE_CURVE_WITH_KNOTS('',5,(#656,#657,#658,#659,#660,#661),
  .UNSPECIFIED.,.F.,.F.,(6,6),(0.,1.),.PIECEWISE_BEZIER_KNOTS.);
#656 = CARTESIAN_POINT('',(30.124077181208,8.776510067114,9.));
#657 = CARTESIAN_POINT('',(30.015700430907,8.805012405954,9.));
#658 = CARTESIAN_POINT('',(29.907415829747,8.840317344173,9.));
#659 = CARTESIAN_POINT('',(29.799350636539,8.882268691276,9.));
#660 = CARTESIAN_POINT('',(29.691616827245,8.930655201003,9.));
#661 = CARTESIAN_POINT('',(29.584312080537,8.985234899329,9.));
#662 = ORIENTED_EDGE('',*,*,#663,.F.);
#663 = EDGE_CURVE('',#664,#653,#666,.T.);
#664 = VERTEX_POINT('',#665);
#665 = CARTESIAN_POINT('',(30.651426174497,8.706040268456,9.));
#666 = B_SPLINE_CURVE_WITH_KNOTS('',5,(#667,#668,#669,#670,#671,#672),
  .UNSPECIFIED.,.F.,.F.,(6,6),(0.,1.),.PIECEWISE_BEZIER_KNOTS.);
#667 = CARTESIAN_POINT('',(30.651426174497,8.706040268456,9.));
#668 = CARTESIAN_POINT('',(30.547086458532,8.706040268456,9.));
#669 = CARTESIAN_POINT('',(30.44203621212,8.713175661112,9.));
#670 = CARTESIAN_POINT('',(30.336422837813,8.727394507103,9.));
#671 = CARTESIAN_POINT('',(30.23039018849,8.748567975087,9.));
#672 = CARTESIAN_POINT('',(30.124077181208,8.776510067114,9.));
#673 = ORIENTED_EDGE('',*,*,#674,.F.);
#674 = EDGE_CURVE('',#675,#664,#677,.T.);
#675 = VERTEX_POINT('',#676);
#676 = CARTESIAN_POINT('',(31.241526845638,8.839932885906,9.));
#677 = B_SPLINE_CURVE_WITH_KNOTS('',6,(#678,#679,#680,#681,#682,#683,
    #684),.UNSPECIFIED.,.F.,.F.,(7,7),(0.,1.),.PIECEWISE_BEZIER_KNOTS.);
#678 = CARTESIAN_POINT('',(31.241526845638,8.839932885906,9.));
#679 = CARTESIAN_POINT('',(31.169390759767,8.792826014773,9.));
#680 = CARTESIAN_POINT('',(31.084821856147,8.756276117438,9.));
#681 = CARTESIAN_POINT('',(30.989086205205,8.730196658387,9.));
#682 = CARTESIAN_POINT('',(30.883911463336,8.713775712902,9.));
#683 = CARTESIAN_POINT('',(30.770916425743,8.706040268456,9.));
#684 = CARTESIAN_POINT('',(30.651426174497,8.706040268456,9.));
#685 = ORIENTED_EDGE('',*,*,#686,.F.);
#686 = EDGE_CURVE('',#687,#675,#689,.T.);
#687 = VERTEX_POINT('',#688);
#688 = CARTESIAN_POINT('',(31.446728187919,9.22432885906,9.));
#689 = B_SPLINE_CURVE_WITH_KNOTS('',5,(#690,#691,#692,#693,#694,#695,
    #696,#697,#698,#699),.UNSPECIFIED.,.F.,.F.,(6,4,6),(0.,
    0.524347241791,1.),.UNSPECIFIED.);
#690 = CARTESIAN_POINT('',(31.446728187919,9.22432885906,9.));
#691 = CARTESIAN_POINT('',(31.446728187919,9.172720879386,9.));
#692 = CARTESIAN_POINT('',(31.441277538252,9.123577251268,9.));
#693 = CARTESIAN_POINT('',(31.430112506151,9.077224256712,9.));
#694 = CARTESIAN_POINT('',(31.413112422217,9.03393847107,9.));
#695 = CARTESIAN_POINT('',(31.369767866845,8.957586549669,9.));
#696 = CARTESIAN_POINT('',(31.344434980018,8.923939696538,9.));
#697 = CARTESIAN_POINT('',(31.314462953659,8.893100419951,9.));
#698 = CARTESIAN_POINT('',(31.280061541163,8.865108046761,9.));
#699 = CARTESIAN_POINT('',(31.241526845638,8.839932885906,9.));
#700 = ORIENTED_EDGE('',*,*,#701,.F.);
#701 = EDGE_CURVE('',#702,#687,#704,.T.);
#702 = VERTEX_POINT('',#703);
#703 = CARTESIAN_POINT('',(31.236493288591,9.614932885906,9.));
#704 = B_SPLINE_CURVE_WITH_KNOTS('',5,(#705,#706,#707,#708,#709,#710,
    #711,#712,#713,#714),.UNSPECIFIED.,.F.,.F.,(6,4,6),(0.,
    0.459374033194,1.),.UNSPECIFIED.);
#705 = CARTESIAN_POINT('',(31.236493288591,9.614932885906,9.));
#706 = CARTESIAN_POINT('',(31.274646292185,9.590847470229,9.));
#707 = CARTESIAN_POINT('',(31.308857335808,9.563942267081,9.));
#708 = CARTESIAN_POINT('',(31.338839452885,9.534183826991,9.));
#709 = CARTESIAN_POINT('',(31.364387707028,9.501607525299,9.));
#710 = CARTESIAN_POINT('',(31.410180422174,9.424849129435,9.));
#711 = CARTESIAN_POINT('',(31.428691842632,9.379626100472,9.));
#712 = CARTESIAN_POINT('',(31.440823444422,9.330895622255,9.));
#713 = CARTESIAN_POINT('',(31.446728187919,9.278997155332,9.));
#714 = CARTESIAN_POINT('',(31.446728187919,9.22432885906,9.));
#715 = ORIENTED_EDGE('',*,*,#716,.F.);
#716 = EDGE_CURVE('',#717,#702,#719,.T.);
#717 = VERTEX_POINT('',#718);
#718 = CARTESIAN_POINT('',(30.616191275168,9.747651006711,9.));
#719 = B_SPLINE_CURVE_WITH_KNOTS('',6,(#720,#721,#722,#723,#724,#725,
    #726),.UNSPECIFIED.,.F.,.F.,(7,7),(0.,1.),.PIECEWISE_BEZIER_KNOTS.);
#720 = CARTESIAN_POINT('',(30.616191275168,9.747651006711,9.));
#721 = CARTESIAN_POINT('',(30.742102132211,9.747651006711,9.));
#722 = CARTESIAN_POINT('',(30.861277919102,9.740150124147,9.));
#723 = CARTESIAN_POINT('',(30.97226612835,9.724122039828,9.));
#724 = CARTESIAN_POINT('',(31.073160834444,9.698456418434,9.));
#725 = CARTESIAN_POINT('',(31.161787688581,9.662131072494,9.));
#726 = CARTESIAN_POINT('',(31.236493288591,9.614932885906,9.));
#727 = ORIENTED_EDGE('',*,*,#728,.F.);
#728 = EDGE_CURVE('',#729,#717,#731,.T.);
#729 = VERTEX_POINT('',#730);
#730 = CARTESIAN_POINT('',(30.22860738255,9.747651006711,9.));
#731 = LINE('',#732,#733);
#732 = CARTESIAN_POINT('',(15.308095637584,9.747651006711,9.));
#733 = VECTOR('',#734,1.);
#734 = DIRECTION('',(1.,0.,-0.));
#735 = ORIENTED_EDGE('',*,*,#736,.F.);
#736 = EDGE_CURVE('',#737,#729,#739,.T.);
#737 = VERTEX_POINT('',#738);
#738 = CARTESIAN_POINT('',(30.22860738255,10.370469798658,9.));
#739 = LINE('',#740,#741);
#740 = CARTESIAN_POINT('',(30.22860738255,4.873825503356,9.));
#741 = VECTOR('',#742,1.);
#742 = DIRECTION('',(0.,-1.,0.));
#743 = ORIENTED_EDGE('',*,*,#744,.F.);
#744 = EDGE_CURVE('',#745,#737,#747,.T.);
#745 = VERTEX_POINT('',#746);
#746 = CARTESIAN_POINT('',(30.636325503356,10.370469798658,9.));
#747 = LINE('',#748,#749);
#748 = CARTESIAN_POINT('',(15.114303691275,10.370469798658,9.));
#749 = VECTOR('',#750,1.);
#750 = DIRECTION('',(-1.,0.,0.));
#751 = ORIENTED_EDGE('',*,*,#752,.F.);
#752 = EDGE_CURVE('',#753,#745,#755,.T.);
#753 = VERTEX_POINT('',#754);
#754 = CARTESIAN_POINT('',(31.17994966443,10.484563758389,9.));
#755 = B_SPLINE_CURVE_WITH_KNOTS('',6,(#756,#757,#758,#759,#760,#761,
    #762),.UNSPECIFIED.,.F.,.F.,(7,7),(0.,1.),.PIECEWISE_BEZIER_KNOTS.);
#756 = CARTESIAN_POINT('',(31.17994966443,10.484563758389,9.));
#757 = CARTESIAN_POINT('',(31.116881185993,10.444294682955,9.));
#758 = CARTESIAN_POINT('',(31.040818247448,10.413144799739,9.));
#759 = CARTESIAN_POINT('',(30.953043092442,10.390971086436,9.));
#760 = CARTESIAN_POINT('',(30.855323890011,10.377030856451,9.));
#761 = CARTESIAN_POINT('',(30.749305522974,10.370469798658,9.));
#762 = CARTESIAN_POINT('',(30.636325503356,10.370469798658,9.));
#763 = ORIENTED_EDGE('',*,*,#764,.F.);
#764 = EDGE_CURVE('',#765,#753,#767,.T.);
#765 = VERTEX_POINT('',#766);
#766 = CARTESIAN_POINT('',(31.358640939597,10.831879194631,9.));
#767 = B_SPLINE_CURVE_WITH_KNOTS('',5,(#768,#769,#770,#771,#772,#773,
    #774,#775,#776,#777),.UNSPECIFIED.,.F.,.F.,(6,4,6),(0.,
    0.603284239132,1.),.UNSPECIFIED.);
#768 = CARTESIAN_POINT('',(31.358640939597,10.831879194631,9.));
#769 = CARTESIAN_POINT('',(31.358640939597,10.776761715911,9.));
#770 = CARTESIAN_POINT('',(31.352403227199,10.725052644931,9.));
#771 = CARTESIAN_POINT('',(31.339588315756,10.677185395329,9.));
#772 = CARTESIAN_POINT('',(31.320034549822,10.633516989803,9.));
#773 = CARTESIAN_POINT('',(31.276685094599,10.568432968453,9.));
#774 = CARTESIAN_POINT('',(31.256632814358,10.544515257205,9.));
#775 = CARTESIAN_POINT('',(31.2337632103,10.522556883138,9.));
#776 = CARTESIAN_POINT('',(31.208161430601,10.502576904865,9.));
#777 = CARTESIAN_POINT('',(31.17994966443,10.484563758389,9.));
#778 = ORIENTED_EDGE('',*,*,#779,.F.);
#779 = EDGE_CURVE('',#780,#765,#782,.T.);
#780 = VERTEX_POINT('',#781);
#781 = CARTESIAN_POINT('',(31.184983221477,11.165268456376,9.));
#782 = B_SPLINE_CURVE_WITH_KNOTS('',5,(#783,#784,#785,#786,#787,#788,
    #789,#790,#791,#792),.UNSPECIFIED.,.F.,.F.,(6,4,6),(0.,
    0.469644265467,1.),.UNSPECIFIED.);
#783 = CARTESIAN_POINT('',(31.184983221477,11.165268456376,9.));
#784 = CARTESIAN_POINT('',(31.217304775558,11.143346010999,9.));
#785 = CARTESIAN_POINT('',(31.246105980646,11.119143267338,9.));
#786 = CARTESIAN_POINT('',(31.271202719539,11.092646679396,9.));
#787 = CARTESIAN_POINT('',(31.292469553102,11.0638850593,9.));
#788 = CARTESIAN_POINT('',(31.32949956657,10.997999244981,9.));
#789 = CARTESIAN_POINT('',(31.344197653441,10.960271518564,9.));
#790 = CARTESIAN_POINT('',(31.353885907664,10.919879575169,9.));
#791 = CARTESIAN_POINT('',(31.358640939597,10.87700729943,9.));
#792 = CARTESIAN_POINT('',(31.358640939597,10.831879194631,9.));
#793 = ORIENTED_EDGE('',*,*,#794,.F.);
#794 = EDGE_CURVE('',#795,#780,#797,.T.);
#795 = VERTEX_POINT('',#796);
#796 = CARTESIAN_POINT('',(30.694211409396,11.28322147651,9.));
#797 = B_SPLINE_CURVE_WITH_KNOTS('',6,(#798,#799,#800,#801,#802,#803,
    #804),.UNSPECIFIED.,.F.,.F.,(7,7),(0.,1.),.PIECEWISE_BEZIER_KNOTS.);
#798 = CARTESIAN_POINT('',(30.694211409396,11.28322147651,9.));
#799 = CARTESIAN_POINT('',(30.794616901647,11.28322147651,9.));
#800 = CARTESIAN_POINT('',(30.888892704285,11.276126633181,9.));
#801 = CARTESIAN_POINT('',(30.976062530437,11.261274541793,9.));
#802 = CARTESIAN_POINT('',(31.055076927631,11.238056556414,9.));
#803 = CARTESIAN_POINT('',(31.124943877879,11.2060488028,9.));
#804 = CARTESIAN_POINT('',(31.184983221477,11.165268456376,9.));
#805 = ORIENTED_EDGE('',*,*,#806,.F.);
#806 = EDGE_CURVE('',#807,#795,#809,.T.);
#807 = VERTEX_POINT('',#808);
#808 = CARTESIAN_POINT('',(30.22105704698,11.231543624161,9.));
#809 = B_SPLINE_CURVE_WITH_KNOTS('',4,(#810,#811,#812,#813,#814),
  .UNSPECIFIED.,.F.,.F.,(5,5),(0.,1.),.PIECEWISE_BEZIER_KNOTS.);
#810 = CARTESIAN_POINT('',(30.22105704698,11.231543624161,9.));
#811 = CARTESIAN_POINT('',(30.340028183823,11.257258087423,9.));
#812 = CARTESIAN_POINT('',(30.45866246919,11.274549499317,9.));
#813 = CARTESIAN_POINT('',(30.576783562026,11.28322147651,9.));
#814 = CARTESIAN_POINT('',(30.694211409396,11.28322147651,9.));
#815 = ORIENTED_EDGE('',*,*,#816,.F.);
#816 = EDGE_CURVE('',#817,#807,#819,.T.);
#817 = VERTEX_POINT('',#818);
#818 = CARTESIAN_POINT('',(29.74538590604,11.079194630872,9.));
#819 = B_SPLINE_CURVE_WITH_KNOTS('',4,(#820,#821,#822,#823,#824),
  .UNSPECIFIED.,.F.,.F.,(5,5),(0.,1.),.PIECEWISE_BEZIER_KNOTS.);
#820 = CARTESIAN_POINT('',(29.74538590604,11.079194630872,9.));
#821 = CARTESIAN_POINT('',(29.863004956749,11.129328708515,9.));
#822 = CARTESIAN_POINT('',(29.981579057855,11.17156482387,9.));
#823 = CARTESIAN_POINT('',(30.100980780404,11.205674561818,9.));
#824 = CARTESIAN_POINT('',(30.22105704698,11.231543624161,9.));
#825 = ORIENTED_EDGE('',*,*,#826,.F.);
#826 = EDGE_CURVE('',#827,#817,#829,.T.);
#827 = VERTEX_POINT('',#828);
#828 = CARTESIAN_POINT('',(29.74538590604,11.787919463087,9.));
#829 = LINE('',#830,#831);
#830 = CARTESIAN_POINT('',(29.74538590604,5.539597315436,9.));
#831 = VECTOR('',#832,1.);
#832 = DIRECTION('',(0.,-1.,0.));
#833 = ORIENTED_EDGE('',*,*,#834,.F.);
#834 = EDGE_CURVE('',#835,#827,#837,.T.);
#835 = VERTEX_POINT('',#836);
#836 = CARTESIAN_POINT('',(30.314177852349,11.908724832215,9.));
#837 = B_SPLINE_CURVE_WITH_KNOTS('',4,(#838,#839,#840,#841,#842),
  .UNSPECIFIED.,.F.,.F.,(5,5),(0.,1.),.PIECEWISE_BEZIER_KNOTS.);
#838 = CARTESIAN_POINT('',(30.314177852349,11.908724832215,9.));
#839 = CARTESIAN_POINT('',(30.172477125163,11.888481871188,9.));
#840 = CARTESIAN_POINT('',(30.030364359164,11.861516881497,9.));
#841 = CARTESIAN_POINT('',(29.887962643637,11.827941003465,9.));
#842 = CARTESIAN_POINT('',(29.74538590604,11.787919463087,9.));
#843 = ORIENTED_EDGE('',*,*,#844,.F.);
#844 = EDGE_CURVE('',#845,#835,#847,.T.);
#845 = VERTEX_POINT('',#846);
#846 = CARTESIAN_POINT('',(30.867869127517,11.948993288591,9.));
#847 = B_SPLINE_CURVE_WITH_KNOTS('',4,(#848,#849,#850,#851,#852),
  .UNSPECIFIED.,.F.,.F.,(5,5),(0.,1.),.PIECEWISE_BEZIER_KNOTS.);
#848 = CARTESIAN_POINT('',(30.867869127517,11.948993288591,9.));
#849 = CARTESIAN_POINT('',(30.731270961009,11.948993288591,9.));
#850 = CARTESIAN_POINT('',(30.593364274819,11.942213119879,9.));
#851 = CARTESIAN_POINT('',(30.45428735287,11.928740475146,9.));
#852 = CARTESIAN_POINT('',(30.314177852349,11.908724832215,9.));
#853 = ORIENTED_EDGE('',*,*,#854,.F.);
#854 = EDGE_CURVE('',#855,#845,#857,.T.);
#855 = VERTEX_POINT('',#856);
#856 = CARTESIAN_POINT('',(31.963842281879,11.70855704698,9.));
#857 = B_SPLINE_CURVE_WITH_KNOTS('',6,(#858,#859,#860,#861,#862,#863,
    #864,#865,#866,#867,#868,#869),.UNSPECIFIED.,.F.,.F.,(7,5,7),(0.,
    0.4646021361,1.),.UNSPECIFIED.);
#858 = CARTESIAN_POINT('',(31.963842281879,11.70855704698,9.));
#859 = CARTESIAN_POINT('',(31.899378115928,11.751186096268,9.));
#860 = CARTESIAN_POINT('',(31.829155837171,11.788488154703,9.));
#861 = CARTESIAN_POINT('',(31.753943758873,11.820592751141,9.));
#862 = CARTESIAN_POINT('',(31.674550624723,11.847845062295,9.));
#863 = CARTESIAN_POINT('',(31.591674919037,11.870638500993,9.));
#864 = CARTESIAN_POINT('',(31.406969248162,11.910943175634,9.));
#865 = CARTESIAN_POINT('',(31.304195786675,11.927115218852,9.));
#866 = CARTESIAN_POINT('',(31.198340801811,11.938491358093,9.));
#867 = CARTESIAN_POINT('',(31.090046932264,11.945624015794,9.));
#868 = CARTESIAN_POINT('',(30.979789776034,11.948993288591,9.));
#869 = CARTESIAN_POINT('',(30.867869127517,11.948993288591,9.));
#870 = ORIENTED_EDGE('',*,*,#871,.F.);
#871 = EDGE_CURVE('',#872,#855,#874,.T.);
#872 = VERTEX_POINT('',#873);
#873 = CARTESIAN_POINT('',(32.327600671141,10.985067114094,9.));
#874 = B_SPLINE_CURVE_WITH_KNOTS('',5,(#875,#876,#877,#878,#879,#880,
    #881,#882,#883,#884,#885,#886,#887,#888),.UNSPECIFIED.,.F.,.F.,(6,4,
    4,6),(0.,0.211573451287,0.617937577815,1.),.UNSPECIFIED.);
#875 = CARTESIAN_POINT('',(32.327600671141,10.985067114094,9.));
#876 = CARTESIAN_POINT('',(32.327600671141,11.023616828029,9.));
#877 = CARTESIAN_POINT('',(32.326153742768,11.061666970454,9.));
#878 = CARTESIAN_POINT('',(32.323189886997,11.099150141285,9.));
#879 = CARTESIAN_POINT('',(32.318643216696,11.135991060227,9.));
#880 = CARTESIAN_POINT('',(32.300591349427,11.241484965696,9.));
#881 = CARTESIAN_POINT('',(32.282689532875,11.308214035891,9.));
#882 = CARTESIAN_POINT('',(32.258396159922,11.371699661617,9.));
#883 = CARTESIAN_POINT('',(32.227563327342,11.431385240831,9.));
#884 = CARTESIAN_POINT('',(32.155585669838,11.539038111202,9.));
#885 = CARTESIAN_POINT('',(32.115157318165,11.58750845932,9.));
#886 = CARTESIAN_POINT('',(32.06939990084,11.631947473709,9.));
#887 = CARTESIAN_POINT('',(32.018772830808,11.672274507281,9.));
#888 = CARTESIAN_POINT('',(31.963842281879,11.70855704698,9.));
#889 = ORIENTED_EDGE('',*,*,#890,.F.);
#890 = EDGE_CURVE('',#891,#872,#893,.T.);
#891 = VERTEX_POINT('',#892);
#892 = CARTESIAN_POINT('',(32.15394295302,10.445134228188,9.));
#893 = B_SPLINE_CURVE_WITH_KNOTS('',5,(#894,#895,#896,#897,#898,#899,
    #900,#901,#902,#903),.UNSPECIFIED.,.F.,.F.,(6,4,6),(0.,
    0.112272943137,1.),.UNSPECIFIED.);
#894 = CARTESIAN_POINT('',(32.15394295302,10.445134228188,9.));
#895 = CARTESIAN_POINT('',(32.1618570765,10.454715287822,9.));
#896 = CARTESIAN_POINT('',(32.169549285542,10.464455661633,9.));
#897 = CARTESIAN_POINT('',(32.177018012624,10.474354211801,9.));
#898 = CARTESIAN_POINT('',(32.18426195147,10.484409608024,9.));
#899 = CARTESIAN_POINT('',(32.246771273674,10.575355112856,9.));
#900 = CARTESIAN_POINT('',(32.288158670061,10.665823249702,9.));
#901 = CARTESIAN_POINT('',(32.314858105915,10.765200262802,9.));
#902 = CARTESIAN_POINT('',(32.327600671141,10.872101608386,9.));
#903 = CARTESIAN_POINT('',(32.327600671141,10.985067114094,9.));
#904 = ORIENTED_EDGE('',*,*,#905,.F.);
#905 = EDGE_CURVE('',#557,#891,#906,.T.);
#906 = B_SPLINE_CURVE_WITH_KNOTS('',5,(#907,#908,#909,#910,#911,#912,
    #913,#914,#915,#916),.UNSPECIFIED.,.F.,.F.,(6,4,6),(0.,
    0.522782370138,1.),.UNSPECIFIED.);
#907 = CARTESIAN_POINT('',(31.640520134228,10.149496644295,9.));
#908 = CARTESIAN_POINT('',(31.708493495393,10.166615861181,9.));
#909 = CARTESIAN_POINT('',(31.773356992403,10.187112725086,9.));
#910 = CARTESIAN_POINT('',(31.834774343442,10.211157841093,9.));
#911 = CARTESIAN_POINT('',(31.892395134724,10.238889267736,9.));
#912 = CARTESIAN_POINT('',(31.994767785392,10.299077477488,9.));
#913 = CARTESIAN_POINT('',(32.040205813851,10.330912958791,9.));
#914 = CARTESIAN_POINT('',(32.081992076515,10.365895609133,9.));
#915 = CARTESIAN_POINT('',(32.119940830218,10.4040031579,9.));
#916 = CARTESIAN_POINT('',(32.15394295302,10.445134228188,9.));
#917 = FACE_BOUND('',#918,.T.);
#918 = EDGE_LOOP('',(#919,#929,#937,#945,#953,#961,#969,#977,#985,#993,
    #1001));
#919 = ORIENTED_EDGE('',*,*,#920,.F.);
#920 = EDGE_CURVE('',#921,#923,#925,.T.);
#921 = VERTEX_POINT('',#922);
#922 = CARTESIAN_POINT('',(44.023070469799,11.879194630872,9.));
#923 = VERTEX_POINT('',#924);
#924 = CARTESIAN_POINT('',(42.945889261745,11.879194630872,9.));
#925 = LINE('',#926,#927);
#926 = CARTESIAN_POINT('',(21.472944630872,11.879194630872,9.));
#927 = VECTOR('',#928,1.);
#928 = DIRECTION('',(-1.,0.,0.));
#929 = ORIENTED_EDGE('',*,*,#930,.F.);
#930 = EDGE_CURVE('',#931,#921,#933,.T.);
#931 = VERTEX_POINT('',#932);
#932 = CARTESIAN_POINT('',(44.023070469799,9.506040268456,9.));
#933 = LINE('',#934,#935);
#934 = CARTESIAN_POINT('',(44.023070469799,5.939597315436,9.));
#935 = VECTOR('',#936,1.);
#936 = DIRECTION('',(0.,1.,0.));
#937 = ORIENTED_EDGE('',*,*,#938,.F.);
#938 = EDGE_CURVE('',#939,#931,#941,.T.);
#939 = VERTEX_POINT('',#940);
#940 = CARTESIAN_POINT('',(44.559144295302,9.506040268456,9.));
#941 = LINE('',#942,#943);
#942 = CARTESIAN_POINT('',(22.011535234899,9.506040268456,9.));
#943 = VECTOR('',#944,1.);
#944 = DIRECTION('',(-1.,0.,0.));
#945 = ORIENTED_EDGE('',*,*,#946,.F.);
#946 = EDGE_CURVE('',#947,#939,#949,.T.);
#947 = VERTEX_POINT('',#948);
#948 = CARTESIAN_POINT('',(44.559144295302,8.808053691275,9.));
#949 = LINE('',#950,#951);
#950 = CARTESIAN_POINT('',(44.559144295302,4.753020134228,9.));
#951 = VECTOR('',#952,1.);
#952 = DIRECTION('',(0.,1.,0.));
#953 = ORIENTED_EDGE('',*,*,#954,.F.);
#954 = EDGE_CURVE('',#955,#947,#957,.T.);
#955 = VERTEX_POINT('',#956);
#956 = CARTESIAN_POINT('',(44.023070469799,8.808053691275,9.));
#957 = LINE('',#958,#959);
#958 = CARTESIAN_POINT('',(22.279572147651,8.808053691275,9.));
#959 = VECTOR('',#960,1.);
#960 = DIRECTION('',(1.,0.,-0.));
#961 = ORIENTED_EDGE('',*,*,#962,.F.);
#962 = EDGE_CURVE('',#963,#955,#965,.T.);
#963 = VERTEX_POINT('',#964);
#964 = CARTESIAN_POINT('',(44.023070469799,8.120805369128,9.));
#965 = LINE('',#966,#967);
#966 = CARTESIAN_POINT('',(44.023070469799,4.404026845638,9.));
#967 = VECTOR('',#968,1.);
#968 = DIRECTION('',(0.,1.,0.));
#969 = ORIENTED_EDGE('',*,*,#970,.F.);
#970 = EDGE_CURVE('',#971,#963,#973,.T.);
#971 = VERTEX_POINT('',#972);
#972 = CARTESIAN_POINT('',(43.106963087248,8.120805369128,9.));
#973 = LINE('',#974,#975);
#974 = CARTESIAN_POINT('',(22.011535234899,8.120805369128,9.));
#975 = VECTOR('',#976,1.);
#976 = DIRECTION('',(1.,0.,-0.));
#977 = ORIENTED_EDGE('',*,*,#978,.F.);
#978 = EDGE_CURVE('',#979,#971,#981,.T.);
#979 = VERTEX_POINT('',#980);
#980 = CARTESIAN_POINT('',(43.106963087248,8.808053691275,9.));
#981 = LINE('',#982,#983);
#982 = CARTESIAN_POINT('',(43.106963087248,4.060402684564,9.));
#983 = VECTOR('',#984,1.);
#984 = DIRECTION('',(0.,-1.,0.));
#985 = ORIENTED_EDGE('',*,*,#986,.F.);
#986 = EDGE_CURVE('',#987,#979,#989,.T.);
#987 = VERTEX_POINT('',#988);
#988 = CARTESIAN_POINT('',(41.440855704698,8.808053691275,9.));
#989 = LINE('',#990,#991);
#990 = CARTESIAN_POINT('',(21.553481543624,8.808053691275,9.));
#991 = VECTOR('',#992,1.);
#992 = DIRECTION('',(1.,0.,-0.));
#993 = ORIENTED_EDGE('',*,*,#994,.F.);
#994 = EDGE_CURVE('',#995,#987,#997,.T.);
#995 = VERTEX_POINT('',#996);
#996 = CARTESIAN_POINT('',(41.440855704698,9.638087248322,9.));
#997 = LINE('',#998,#999);
#998 = CARTESIAN_POINT('',(41.440855704698,4.404026845638,9.));
#999 = VECTOR('',#1000,1.);
#1000 = DIRECTION('',(0.,-1.,0.));
#1001 = ORIENTED_EDGE('',*,*,#1002,.F.);
#1002 = EDGE_CURVE('',#923,#995,#1003,.T.);
#1003 = LINE('',#1004,#1005);
#1004 = CARTESIAN_POINT('',(32.770241498489,-3.273104942574,9.));
#1005 = VECTOR('',#1006,1.);
#1006 = DIRECTION('',(-0.557508237146,-0.830171407309,0.));
#1007 = FACE_BOUND('',#1008,.T.);
#1008 = EDGE_LOOP('',(#1009,#1019,#1027,#1035,#1043,#1053,#1063,#1080,
    #1099,#1118,#1135,#1148,#1159,#1167,#1178,#1189,#1204,#1219,#1234,
    #1249,#1260,#1271));
#1009 = ORIENTED_EDGE('',*,*,#1010,.F.);
#1010 = EDGE_CURVE('',#1011,#1013,#1015,.T.);
#1011 = VERTEX_POINT('',#1012);
#1012 = CARTESIAN_POINT('',(56.142617449664,11.91677852349,9.));
#1013 = VERTEX_POINT('',#1014);
#1014 = CARTESIAN_POINT('',(53.734060402685,11.91677852349,9.));
#1015 = LINE('',#1016,#1017);
#1016 = CARTESIAN_POINT('',(26.867030201342,11.91677852349,9.));
#1017 = VECTOR('',#1018,1.);
#1018 = DIRECTION('',(-1.,0.,0.));
#1019 = ORIENTED_EDGE('',*,*,#1020,.F.);
#1020 = EDGE_CURVE('',#1021,#1011,#1023,.T.);
#1021 = VERTEX_POINT('',#1022);
#1022 = CARTESIAN_POINT('',(56.142617449664,11.208053691275,9.));
#1023 = LINE('',#1024,#1025);
#1024 = CARTESIAN_POINT('',(56.142617449664,5.958389261745,9.));
#1025 = VECTOR('',#1026,1.);
#1026 = DIRECTION('',(0.,1.,0.));
#1027 = ORIENTED_EDGE('',*,*,#1028,.F.);
#1028 = EDGE_CURVE('',#1029,#1021,#1031,.T.);
#1029 = VERTEX_POINT('',#1030);
#1030 = CARTESIAN_POINT('',(54.506711409396,11.208053691275,9.));
#1031 = LINE('',#1032,#1033);
#1032 = CARTESIAN_POINT('',(28.071308724832,11.208053691275,9.));
#1033 = VECTOR('',#1034,1.);
#1034 = DIRECTION('',(1.,0.,-0.));
#1035 = ORIENTED_EDGE('',*,*,#1036,.F.);
#1036 = EDGE_CURVE('',#1037,#1029,#1039,.T.);
#1037 = VERTEX_POINT('',#1038);
#1038 = CARTESIAN_POINT('',(54.506711409396,10.618624161074,9.));
#1039 = LINE('',#1040,#1041);
#1040 = CARTESIAN_POINT('',(54.506711409396,5.604026845638,9.));
#1041 = VECTOR('',#1042,1.);
#1042 = DIRECTION('',(0.,1.,0.));
#1043 = ORIENTED_EDGE('',*,*,#1044,.F.);
#1044 = EDGE_CURVE('',#1045,#1037,#1047,.T.);
#1045 = VERTEX_POINT('',#1046);
#1046 = CARTESIAN_POINT('',(54.729362416107,10.665436241611,9.));
#1047 = B_SPLINE_CURVE_WITH_KNOTS('',4,(#1048,#1049,#1050,#1051,#1052),
  .UNSPECIFIED.,.F.,.F.,(5,5),(0.,1.),.PIECEWISE_BEZIER_KNOTS.);
#1048 = CARTESIAN_POINT('',(54.729362416107,10.665436241611,9.));
#1049 = CARTESIAN_POINT('',(54.673388727933,10.657212221459,9.));
#1050 = CARTESIAN_POINT('',(54.617617836539,10.646666752653,9.));
#1051 = CARTESIAN_POINT('',(54.562056572178,10.633802152685,9.));
#1052 = CARTESIAN_POINT('',(54.506711409396,10.618624161074,9.));
#1053 = ORIENTED_EDGE('',*,*,#1054,.F.);
#1054 = EDGE_CURVE('',#1055,#1045,#1057,.T.);
#1055 = VERTEX_POINT('',#1056);
#1056 = CARTESIAN_POINT('',(54.962248322148,10.681879194631,9.));
#1057 = B_SPLINE_CURVE_WITH_KNOTS('',4,(#1058,#1059,#1060,#1061,#1062),
  .UNSPECIFIED.,.F.,.F.,(5,5),(0.,1.),.PIECEWISE_BEZIER_KNOTS.);
#1058 = CARTESIAN_POINT('',(54.962248322148,10.681879194631,9.));
#1059 = CARTESIAN_POINT('',(54.901952885265,10.681879194631,9.));
#1060 = CARTESIAN_POINT('',(54.84302649886,10.679148432933,9.));
#1061 = CARTESIAN_POINT('',(54.785490328923,10.673670576126,9.));
#1062 = CARTESIAN_POINT('',(54.729362416107,10.665436241611,9.));
#1063 = ORIENTED_EDGE('',*,*,#1064,.F.);
#1064 = EDGE_CURVE('',#1065,#1055,#1067,.T.);
#1065 = VERTEX_POINT('',#1066);
#1066 = CARTESIAN_POINT('',(56.031879194631,10.338422818792,9.));
#1067 = B_SPLINE_CURVE_WITH_KNOTS('',6,(#1068,#1069,#1070,#1071,#1072,
    #1073,#1074,#1075,#1076,#1077,#1078,#1079),.UNSPECIFIED.,.F.,.F.,(7,
    5,7),(0.,0.481726522684,1.),.UNSPECIFIED.);
#1068 = CARTESIAN_POINT('',(56.031879194631,10.338422818792,9.));
#1069 = CARTESIAN_POINT('',(55.966560675521,10.397066243624,9.));
#1070 = CARTESIAN_POINT('',(55.895881888066,10.449731483019,9.));
#1071 = CARTESIAN_POINT('',(55.820222508608,10.496058267659,9.));
#1072 = CARTESIAN_POINT('',(55.740103379241,10.535985591868,9.));
#1073 = CARTESIAN_POINT('',(55.656126148617,10.569666593009,9.));
#1074 = CARTESIAN_POINT('',(55.475083104985,10.627203051058,9.));
#1075 = CARTESIAN_POINT('',(55.377488002783,10.650125693647,9.));
#1076 = CARTESIAN_POINT('',(55.276826898154,10.666522925969,9.));
#1077 = CARTESIAN_POINT('',(55.173742900998,10.676927323057,9.));
#1078 = CARTESIAN_POINT('',(55.068757004647,10.681879194631,9.));
#1079 = CARTESIAN_POINT('',(54.962248322148,10.681879194631,9.));
#1080 = ORIENTED_EDGE('',*,*,#1081,.F.);
#1081 = EDGE_CURVE('',#1082,#1065,#1084,.T.);
#1082 = VERTEX_POINT('',#1083);
#1083 = CARTESIAN_POINT('',(56.414429530201,9.381375838926,9.));
#1084 = B_SPLINE_CURVE_WITH_KNOTS('',5,(#1085,#1086,#1087,#1088,#1089,
    #1090,#1091,#1092,#1093,#1094,#1095,#1096,#1097,#1098),
  .UNSPECIFIED.,.F.,.F.,(6,4,4,6),(0.,0.2751480847,0.762439655246,1.),
  .UNSPECIFIED.);
#1085 = CARTESIAN_POINT('',(56.414429530201,9.381375838926,9.));
#1086 = CARTESIAN_POINT('',(56.414429530201,9.443682461465,9.));
#1087 = CARTESIAN_POINT('',(56.411965457609,9.50529414042,9.));
#1088 = CARTESIAN_POINT('',(56.406872070717,9.566071101612,9.));
#1089 = CARTESIAN_POINT('',(56.398984006087,9.625842654854,9.));
#1090 = CARTESIAN_POINT('',(56.369017519024,9.788158919192,9.));
#1091 = CARTESIAN_POINT('',(56.340679651463,9.888190054694,9.));
#1092 = CARTESIAN_POINT('',(56.302435314213,9.983356583334,9.));
#1093 = CARTESIAN_POINT('',(56.253937274562,10.072503592703,9.));
#1094 = CARTESIAN_POINT('',(56.167439907369,10.194913465602,9.));
#1095 = CARTESIAN_POINT('',(56.136793445985,10.233408751231,9.));
#1096 = CARTESIAN_POINT('',(56.103912774156,10.270189997074,9.));
#1097 = CARTESIAN_POINT('',(56.068898502611,10.305202860842,9.));
#1098 = CARTESIAN_POINT('',(56.031879194631,10.338422818792,9.));
#1099 = ORIENTED_EDGE('',*,*,#1100,.F.);
#1100 = EDGE_CURVE('',#1101,#1082,#1103,.T.);
#1101 = VERTEX_POINT('',#1102);
#1102 = CARTESIAN_POINT('',(55.997818791946,8.427852348993,9.));
#1103 = B_SPLINE_CURVE_WITH_KNOTS('',5,(#1104,#1105,#1106,#1107,#1108,
    #1109,#1110,#1111,#1112,#1113,#1114,#1115,#1116,#1117),
  .UNSPECIFIED.,.F.,.F.,(6,4,4,6),(0.,0.332669873401,0.768281440384,1.),
  .UNSPECIFIED.);
#1104 = CARTESIAN_POINT('',(55.997818791946,8.427852348993,9.));
#1105 = CARTESIAN_POINT('',(56.053166307101,8.473637204461,9.));
#1106 = CARTESIAN_POINT('',(56.104623306222,8.522920426971,9.));
#1107 = CARTESIAN_POINT('',(56.151758855928,8.575687810429,9.));
#1108 = CARTESIAN_POINT('',(56.194229401455,8.631815320773,9.));
#1109 = CARTESIAN_POINT('',(56.281117435857,8.768529185187,9.));
#1110 = CARTESIAN_POINT('',(56.322087273992,8.851336144215,9.));
#1111 = CARTESIAN_POINT('',(56.354328271105,8.938769766575,9.));
#1112 = CARTESIAN_POINT('',(56.378082686748,9.029967282014,9.));
#1113 = CARTESIAN_POINT('',(56.402309680947,9.174098352441,9.));
#1114 = CARTESIAN_POINT('',(56.408476794178,9.224969974661,9.));
#1115 = CARTESIAN_POINT('',(56.412481622581,9.276544707245,9.));
#1116 = CARTESIAN_POINT('',(56.414429530201,9.32871152674,9.));
#1117 = CARTESIAN_POINT('',(56.414429530201,9.381375838926,9.));
#1118 = ORIENTED_EDGE('',*,*,#1119,.F.);
#1119 = EDGE_CURVE('',#1120,#1101,#1122,.T.);
#1120 = VERTEX_POINT('',#1121);
#1121 = CARTESIAN_POINT('',(54.84144295302,8.08322147651,9.));
#1122 = B_SPLINE_CURVE_WITH_KNOTS('',6,(#1123,#1124,#1125,#1126,#1127,
    #1128,#1129,#1130,#1131,#1132,#1133,#1134),.UNSPECIFIED.,.F.,.F.,(7,
    5,7),(0.,0.525185810279,1.),.UNSPECIFIED.);
#1123 = CARTESIAN_POINT('',(54.84144295302,8.08322147651,9.));
#1124 = CARTESIAN_POINT('',(54.956603989379,8.08322147651,9.));
#1125 = CARTESIAN_POINT('',(55.070283840218,8.088230147038,9.));
#1126 = CARTESIAN_POINT('',(55.182112264496,8.098773456751,9.));
#1127 = CARTESIAN_POINT('',(55.291557400038,8.115434337078,9.));
#1128 = CARTESIAN_POINT('',(55.39794159799,8.138813052677,9.));
#1129 = CARTESIAN_POINT('',(55.593228210285,8.197013676829,9.));
#1130 = CARTESIAN_POINT('',(55.682840177096,8.23052631915,9.));
#1131 = CARTESIAN_POINT('',(55.768717087484,8.270248739851,9.));
#1132 = CARTESIAN_POINT('',(55.850218372904,8.316406296397,9.));
#1133 = CARTESIAN_POINT('',(55.926743928715,8.369033747431,9.));
#1134 = CARTESIAN_POINT('',(55.997818791946,8.427852348993,9.));
#1135 = ORIENTED_EDGE('',*,*,#1136,.F.);
#1136 = EDGE_CURVE('',#1137,#1120,#1139,.T.);
#1137 = VERTEX_POINT('',#1138);
#1138 = CARTESIAN_POINT('',(54.208389261745,8.144463087248,9.));
#1139 = B_SPLINE_CURVE_WITH_KNOTS('',4,(#1140,#1141,#1142,#1143,#1144,
    #1145,#1146,#1147),.UNSPECIFIED.,.F.,.F.,(5,3,5),(0.,0.475978922429,
    1.),.UNSPECIFIED.);
#1140 = CARTESIAN_POINT('',(54.208389261745,8.144463087248,9.));
#1141 = CARTESIAN_POINT('',(54.282923151758,8.129899452423,9.));
#1142 = CARTESIAN_POINT('',(54.357751704867,8.117632851548,9.));
#1143 = CARTESIAN_POINT('',(54.432845722471,8.107677633749,9.));
#1144 = CARTESIAN_POINT('',(54.591106215084,8.091625072661,9.));
#1145 = CARTESIAN_POINT('',(54.674322514289,8.086018532395,9.));
#1146 = CARTESIAN_POINT('',(54.757782112678,8.08322147651,9.));
#1147 = CARTESIAN_POINT('',(54.84144295302,8.08322147651,9.));
#1148 = ORIENTED_EDGE('',*,*,#1149,.F.);
#1149 = EDGE_CURVE('',#1150,#1137,#1152,.T.);
#1150 = VERTEX_POINT('',#1151);
#1151 = CARTESIAN_POINT('',(53.585570469799,8.330201342282,9.));
#1152 = B_SPLINE_CURVE_WITH_KNOTS('',5,(#1153,#1154,#1155,#1156,#1157,
    #1158),.UNSPECIFIED.,.F.,.F.,(6,6),(0.,1.),
  .PIECEWISE_BEZIER_KNOTS.);
#1153 = CARTESIAN_POINT('',(53.585570469799,8.330201342282,9.));
#1154 = CARTESIAN_POINT('',(53.708460677412,8.280712223443,9.));
#1155 = CARTESIAN_POINT('',(53.832287510041,8.237255690116,9.));
#1156 = CARTESIAN_POINT('',(53.956957125348,8.199989087387,9.));
#1157 = CARTESIAN_POINT('',(54.082363952286,8.169033634995,9.));
#1158 = CARTESIAN_POINT('',(54.208389261745,8.144463087248,9.));
#1159 = ORIENTED_EDGE('',*,*,#1160,.F.);
#1160 = EDGE_CURVE('',#1161,#1150,#1163,.T.);
#1161 = VERTEX_POINT('',#1162);
#1162 = CARTESIAN_POINT('',(53.585570469799,9.092617449664,9.));
#1163 = LINE('',#1164,#1165);
#1164 = CARTESIAN_POINT('',(53.585570469799,4.165100671141,9.));
#1165 = VECTOR('',#1166,1.);
#1166 = DIRECTION('',(0.,-1.,0.));
#1167 = ORIENTED_EDGE('',*,*,#1168,.F.);
#1168 = EDGE_CURVE('',#1169,#1161,#1171,.T.);
#1169 = VERTEX_POINT('',#1170);
#1170 = CARTESIAN_POINT('',(54.168120805369,8.826845637584,9.));
#1171 = B_SPLINE_CURVE_WITH_KNOTS('',5,(#1172,#1173,#1174,#1175,#1176,
    #1177),.UNSPECIFIED.,.F.,.F.,(6,6),(0.,1.),
  .PIECEWISE_BEZIER_KNOTS.);
#1172 = CARTESIAN_POINT('',(54.168120805369,8.826845637584,9.));
#1173 = CARTESIAN_POINT('',(54.054764409006,8.863296415464,9.));
#1174 = CARTESIAN_POINT('',(53.939515514329,8.908656285597,9.));
#1175 = CARTESIAN_POINT('',(53.82271055671,8.962392655739,9.));
#1176 = CARTESIAN_POINT('',(53.70464797166,9.02390387482,9.));
#1177 = CARTESIAN_POINT('',(53.585570469799,9.092617449664,9.));
#1178 = ORIENTED_EDGE('',*,*,#1179,.F.);
#1179 = EDGE_CURVE('',#1180,#1169,#1182,.T.);
#1180 = VERTEX_POINT('',#1181);
#1181 = CARTESIAN_POINT('',(54.687919463087,8.738255033557,9.));
#1182 = B_SPLINE_CURVE_WITH_KNOTS('',5,(#1183,#1184,#1185,#1186,#1187,
    #1188),.UNSPECIFIED.,.F.,.F.,(6,6),(0.,1.),
  .PIECEWISE_BEZIER_KNOTS.);
#1183 = CARTESIAN_POINT('',(54.687919463087,8.738255033557,9.));
#1184 = CARTESIAN_POINT('',(54.588609508423,8.738255033557,9.));
#1185 = CARTESIAN_POINT('',(54.486663750183,8.747417743336,9.));
#1186 = CARTESIAN_POINT('',(54.382393094044,8.765511322633,9.));
#1187 = CARTESIAN_POINT('',(54.2761133879,8.792140778438,9.));
#1188 = CARTESIAN_POINT('',(54.168120805369,8.826845637584,9.));
#1189 = ORIENTED_EDGE('',*,*,#1190,.F.);
#1190 = EDGE_CURVE('',#1191,#1180,#1193,.T.);
#1191 = VERTEX_POINT('',#1192);
#1192 = CARTESIAN_POINT('',(55.242785234899,8.910570469799,9.));
#1193 = B_SPLINE_CURVE_WITH_KNOTS('',5,(#1194,#1195,#1196,#1197,#1198,
    #1199,#1200,#1201,#1202,#1203),.UNSPECIFIED.,.F.,.F.,(6,4,6),(0.,
    0.492147623879,1.),.UNSPECIFIED.);
#1194 = CARTESIAN_POINT('',(55.242785234899,8.910570469799,9.));
#1195 = CARTESIAN_POINT('',(55.201823807262,8.875717622919,9.));
#1196 = CARTESIAN_POINT('',(55.157039613613,8.845277646853,9.));
#1197 = CARTESIAN_POINT('',(55.108584721944,8.819373915055,9.));
#1198 = CARTESIAN_POINT('',(55.056704120601,8.797984960169,9.));
#1199 = CARTESIAN_POINT('',(54.944940807887,8.763452619997,9.));
#1200 = CARTESIAN_POINT('',(54.884851215085,8.750592973607,9.));
#1201 = CARTESIAN_POINT('',(54.821755614785,8.742276483067,9.));
#1202 = CARTESIAN_POINT('',(54.756004950545,8.738255033557,9.));
#1203 = CARTESIAN_POINT('',(54.687919463087,8.738255033557,9.));
#1204 = ORIENTED_EDGE('',*,*,#1205,.F.);
#1205 = EDGE_CURVE('',#1206,#1191,#1208,.T.);
#1206 = VERTEX_POINT('',#1207);
#1207 = CARTESIAN_POINT('',(55.445469798658,9.377181208054,9.));
#1208 = B_SPLINE_CURVE_WITH_KNOTS('',5,(#1209,#1210,#1211,#1212,#1213,
    #1214,#1215,#1216,#1217,#1218),.UNSPECIFIED.,.F.,.F.,(6,4,6),(0.,
    0.643881110253,1.),.UNSPECIFIED.);
#1209 = CARTESIAN_POINT('',(55.445469798658,9.377181208054,9.));
#1210 = CARTESIAN_POINT('',(55.445469798658,9.303358338261,9.));
#1211 = CARTESIAN_POINT('',(55.437498668905,9.233083703788,9.));
#1212 = CARTESIAN_POINT('',(55.421017504544,9.167009397503,9.));
#1213 = CARTESIAN_POINT('',(55.395749562011,9.105715965681,9.));
#1214 = CARTESIAN_POINT('',(55.343225822221,9.018534939366,9.));
#1215 = CARTESIAN_POINT('',(55.321903401601,8.989063064478,9.));
#1216 = CARTESIAN_POINT('',(55.298000111342,8.961227636502,9.));
#1217 = CARTESIAN_POINT('',(55.271591770508,8.93506079436,9.));
#1218 = CARTESIAN_POINT('',(55.242785234899,8.910570469799,9.));
#1219 = ORIENTED_EDGE('',*,*,#1220,.F.);
#1220 = EDGE_CURVE('',#1221,#1206,#1223,.T.);
#1221 = VERTEX_POINT('',#1222);
#1222 = CARTESIAN_POINT('',(55.242785234899,9.844966442953,9.));
#1223 = B_SPLINE_CURVE_WITH_KNOTS('',5,(#1224,#1225,#1226,#1227,#1228,
    #1229,#1230,#1231,#1232,#1233),.UNSPECIFIED.,.F.,.F.,(6,4,6),(0.,
    0.341922524454,1.),.UNSPECIFIED.);
#1224 = CARTESIAN_POINT('',(55.242785234899,9.844966442953,9.));
#1225 = CARTESIAN_POINT('',(55.270478406724,9.821606060429,9.));
#1226 = CARTESIAN_POINT('',(55.295951686067,9.796655153819,9.));
#1227 = CARTESIAN_POINT('',(55.319110321002,9.770121103012,9.));
#1228 = CARTESIAN_POINT('',(55.339886806652,9.742032933803,9.));
#1229 = CARTESIAN_POINT('',(55.393584724346,9.655500769049,9.));
#1230 = CARTESIAN_POINT('',(55.419979948505,9.592991157972,9.));
#1231 = CARTESIAN_POINT('',(55.437170928588,9.525326687363,9.));
#1232 = CARTESIAN_POINT('',(55.445469798658,9.453150461637,9.));
#1233 = CARTESIAN_POINT('',(55.445469798658,9.377181208054,9.));
#1234 = ORIENTED_EDGE('',*,*,#1235,.F.);
#1235 = EDGE_CURVE('',#1236,#1221,#1238,.T.);
#1236 = VERTEX_POINT('',#1237);
#1237 = CARTESIAN_POINT('',(54.687919463087,10.01610738255,9.));
#1238 = B_SPLINE_CURVE_WITH_KNOTS('',5,(#1239,#1240,#1241,#1242,#1243,
    #1244,#1245,#1246,#1247,#1248),.UNSPECIFIED.,.F.,.F.,(6,4,6),(0.,
    0.509918609715,1.),.UNSPECIFIED.);
#1239 = CARTESIAN_POINT('',(54.687919463087,10.01610738255,9.));
#1240 = CARTESIAN_POINT('',(54.75626814679,10.01610738255,9.));
#1241 = CARTESIAN_POINT('',(54.822263891627,10.012082402535,9.));
#1242 = CARTESIAN_POINT('',(54.885584272036,10.003757565505,9.));
#1243 = CARTESIAN_POINT('',(54.945875503046,9.990882957337,9.));
#1244 = CARTESIAN_POINT('',(55.057530380028,9.956444501177,9.));
#1245 = CARTESIAN_POINT('',(55.109154019306,9.935237130071,9.));
#1246 = CARTESIAN_POINT('',(55.157384051513,9.90958049545,9.));
#1247 = CARTESIAN_POINT('',(55.201978352451,9.879451132346,9.));
#1248 = CARTESIAN_POINT('',(55.242785234899,9.844966442953,9.));
#1249 = ORIENTED_EDGE('',*,*,#1250,.F.);
#1250 = EDGE_CURVE('',#1251,#1236,#1253,.T.);
#1251 = VERTEX_POINT('',#1252);
#1252 = CARTESIAN_POINT('',(54.24244966443,9.960906040268,9.));
#1253 = B_SPLINE_CURVE_WITH_KNOTS('',5,(#1254,#1255,#1256,#1257,#1258,
    #1259),.UNSPECIFIED.,.F.,.F.,(6,6),(0.,1.),
  .PIECEWISE_BEZIER_KNOTS.);
#1254 = CARTESIAN_POINT('',(54.24244966443,9.960906040268,9.));
#1255 = CARTESIAN_POINT('',(54.335794404206,9.98268647955,9.));
#1256 = CARTESIAN_POINT('',(54.427160698314,9.999262698263,9.));
#1257 = CARTESIAN_POINT('',(54.516400816794,10.010454936228,9.));
#1258 = CARTESIAN_POINT('',(54.603367046166,10.01610738255,9.));
#1259 = CARTESIAN_POINT('',(54.687919463087,10.01610738255,9.));
#1260 = ORIENTED_EDGE('',*,*,#1261,.F.);
#1261 = EDGE_CURVE('',#1262,#1251,#1264,.T.);
#1262 = VERTEX_POINT('',#1263);
#1263 = CARTESIAN_POINT('',(53.734060402685,9.790604026846,9.));
#1264 = B_SPLINE_CURVE_WITH_KNOTS('',5,(#1265,#1266,#1267,#1268,#1269,
    #1270),.UNSPECIFIED.,.F.,.F.,(6,6),(0.,1.),
  .PIECEWISE_BEZIER_KNOTS.);
#1265 = CARTESIAN_POINT('',(53.734060402685,9.790604026846,9.));
#1266 = CARTESIAN_POINT('',(53.840347675364,9.835677703593,9.));
#1267 = CARTESIAN_POINT('',(53.944540539537,9.875534702765,9.));
#1268 = CARTESIAN_POINT('',(54.046436781704,9.909882148841,9.));
#1269 = CARTESIAN_POINT('',(54.145815242239,9.938426543475,9.));
#1270 = CARTESIAN_POINT('',(54.24244966443,9.960906040268,9.));
#1271 = ORIENTED_EDGE('',*,*,#1272,.F.);
#1272 = EDGE_CURVE('',#1013,#1262,#1273,.T.);
#1273 = LINE('',#1274,#1275);
#1274 = CARTESIAN_POINT('',(53.734060402685,4.895302013423,9.));
#1275 = VECTOR('',#1276,1.);
#1276 = DIRECTION('',(0.,-1.,0.));
#1277 = FACE_BOUND('',#1278,.T.);
#1278 = EDGE_LOOP('',(#1279,#1289,#1300,#1311,#1328,#1343,#1356,#1367,
    #1384,#1401,#1420,#1437,#1456,#1478,#1505,#1528,#1538));
#1279 = ORIENTED_EDGE('',*,*,#1280,.F.);
#1280 = EDGE_CURVE('',#1281,#1283,#1285,.T.);
#1281 = VERTEX_POINT('',#1282);
#1282 = CARTESIAN_POINT('',(68.248322147651,11.089932885906,9.));
#1283 = VERTEX_POINT('',#1284);
#1284 = CARTESIAN_POINT('',(68.248322147651,11.787919463087,9.));
#1285 = LINE('',#1286,#1287);
#1286 = CARTESIAN_POINT('',(68.248322147651,5.893959731544,9.));
#1287 = VECTOR('',#1288,1.);
#1288 = DIRECTION('',(0.,1.,0.));
#1289 = ORIENTED_EDGE('',*,*,#1290,.F.);
#1290 = EDGE_CURVE('',#1291,#1281,#1293,.T.);
#1291 = VERTEX_POINT('',#1292);
#1292 = CARTESIAN_POINT('',(67.797818791946,11.260234899329,9.));
#1293 = B_SPLINE_CURVE_WITH_KNOTS('',5,(#1294,#1295,#1296,#1297,#1298,
    #1299),.UNSPECIFIED.,.F.,.F.,(6,6),(0.,1.),
  .PIECEWISE_BEZIER_KNOTS.);
#1294 = CARTESIAN_POINT('',(67.797818791946,11.260234899329,9.));
#1295 = CARTESIAN_POINT('',(67.883874438451,11.237833111985,9.));
#1296 = CARTESIAN_POINT('',(67.972123041331,11.20936886184,9.));
#1297 = CARTESIAN_POINT('',(68.062392738087,11.175059130885,9.));
#1298 = CARTESIAN_POINT('',(68.154512543165,11.135158989963,9.));
#1299 = CARTESIAN_POINT('',(68.248322147651,11.089932885906,9.));
#1300 = ORIENTED_EDGE('',*,*,#1301,.F.);
#1301 = EDGE_CURVE('',#1302,#1291,#1304,.T.);
#1302 = VERTEX_POINT('',#1303);
#1303 = CARTESIAN_POINT('',(67.385067114094,11.315436241611,9.));
#1304 = B_SPLINE_CURVE_WITH_KNOTS('',5,(#1305,#1306,#1307,#1308,#1309,
    #1310),.UNSPECIFIED.,.F.,.F.,(6,6),(0.,1.),
  .PIECEWISE_BEZIER_KNOTS.);
#1305 = CARTESIAN_POINT('',(67.385067114094,11.315436241611,9.));
#1306 = CARTESIAN_POINT('',(67.466028717611,11.315436241611,9.));
#1307 = CARTESIAN_POINT('',(67.547866044499,11.309857736057,9.));
#1308 = CARTESIAN_POINT('',(67.630498445346,11.298739759225,9.));
#1309 = CARTESIAN_POINT('',(67.713843617331,11.282161750478,9.));
#1310 = CARTESIAN_POINT('',(67.797818791946,11.260234899329,9.));
#1311 = ORIENTED_EDGE('',*,*,#1312,.F.);
#1312 = EDGE_CURVE('',#1313,#1302,#1315,.T.);
#1313 = VERTEX_POINT('',#1314);
#1314 = CARTESIAN_POINT('',(66.710570469799,11.074832214765,9.));
#1315 = B_SPLINE_CURVE_WITH_KNOTS('',6,(#1316,#1317,#1318,#1319,#1320,
    #1321,#1322,#1323,#1324,#1325,#1326,#1327),.UNSPECIFIED.,.F.,.F.,(7,
    5,7),(0.,0.120666637961,1.),.UNSPECIFIED.);
#1316 = CARTESIAN_POINT('',(66.710570469799,11.074832214765,9.));
#1317 = CARTESIAN_POINT('',(66.720543898132,11.084764087147,9.));
#1318 = CARTESIAN_POINT('',(66.730720759066,11.094457821539,9.));
#1319 = CARTESIAN_POINT('',(66.741099682418,11.103910741037,9.));
#1320 = CARTESIAN_POINT('',(66.751679021654,11.11312047839,9.));
#1321 = CARTESIAN_POINT('',(66.762456853885,11.122084975996,9.));
#1322 = CARTESIAN_POINT('',(66.85340267094,11.194329550446,9.));
#1323 = CARTESIAN_POINT('',(66.94383438861,11.244769371734,9.));
#1324 = CARTESIAN_POINT('',(67.043764839414,11.281321477698,9.));
#1325 = CARTESIAN_POINT('',(67.151678764757,11.30450438186,9.));
#1326 = CARTESIAN_POINT('',(67.265945383127,11.315436241611,9.));
#1327 = CARTESIAN_POINT('',(67.385067114094,11.315436241611,9.));
#1328 = ORIENTED_EDGE('',*,*,#1329,.F.);
#1329 = EDGE_CURVE('',#1330,#1313,#1332,.T.);
#1330 = VERTEX_POINT('',#1331);
#1331 = CARTESIAN_POINT('',(66.428691275168,10.360570469799,9.));
#1332 = B_SPLINE_CURVE_WITH_KNOTS('',5,(#1333,#1334,#1335,#1336,#1337,
    #1338,#1339,#1340,#1341,#1342),.UNSPECIFIED.,.F.,.F.,(6,4,6),(0.,
    0.516881654097,1.),.UNSPECIFIED.);
#1333 = CARTESIAN_POINT('',(66.428691275168,10.360570469799,9.));
#1334 = CARTESIAN_POINT('',(66.436367787362,10.450865444477,9.));
#1335 = CARTESIAN_POINT('',(66.448814575212,10.538178805641,9.));
#1336 = CARTESIAN_POINT('',(66.466494649729,10.621950057989,9.));
#1337 = CARTESIAN_POINT('',(66.489890742741,10.701455712231,9.));
#1338 = CARTESIAN_POINT('',(66.546779121423,10.845606800355,9.));
#1339 = CARTESIAN_POINT('',(66.57951452218,10.910891234858,9.));
#1340 = CARTESIAN_POINT('',(66.617727871366,10.971195570702,9.));
#1341 = CARTESIAN_POINT('',(66.661492360896,11.025958597983,9.));
#1342 = CARTESIAN_POINT('',(66.710570469799,11.074832214765,9.));
#1343 = ORIENTED_EDGE('',*,*,#1344,.F.);
#1344 = EDGE_CURVE('',#1345,#1330,#1347,.T.);
#1345 = VERTEX_POINT('',#1346);
#1346 = CARTESIAN_POINT('',(66.788590604027,10.545134228188,9.));
#1347 = B_SPLINE_CURVE_WITH_KNOTS('',4,(#1348,#1349,#1350,#1351,#1352,
    #1353,#1354,#1355),.UNSPECIFIED.,.F.,.F.,(5,3,5),(0.,0.343814995152,
    1.),.UNSPECIFIED.);
#1348 = CARTESIAN_POINT('',(66.788590604027,10.545134228188,9.));
#1349 = CARTESIAN_POINT('',(66.755279027548,10.534578352005,9.));
#1350 = CARTESIAN_POINT('',(66.722492165795,10.522799674507,9.));
#1351 = CARTESIAN_POINT('',(66.690241805457,10.509798051719,9.));
#1352 = CARTESIAN_POINT('',(66.598029480804,10.468438191009,9.));
#1353 = CARTESIAN_POINT('',(66.539511204907,10.436859856095,9.));
#1354 = CARTESIAN_POINT('',(66.483051961577,10.40087425144,9.));
#1355 = CARTESIAN_POINT('',(66.428691275168,10.360570469799,9.));
#1356 = ORIENTED_EDGE('',*,*,#1357,.F.);
#1357 = EDGE_CURVE('',#1358,#1345,#1360,.T.);
#1358 = VERTEX_POINT('',#1359);
#1359 = CARTESIAN_POINT('',(67.211409395973,10.606711409396,9.));
#1360 = B_SPLINE_CURVE_WITH_KNOTS('',5,(#1361,#1362,#1363,#1364,#1365,
    #1366),.UNSPECIFIED.,.F.,.F.,(6,6),(0.,1.),
  .PIECEWISE_BEZIER_KNOTS.);
#1361 = CARTESIAN_POINT('',(67.211409395973,10.606711409396,9.));
#1362 = CARTESIAN_POINT('',(67.120773439351,10.606711409396,9.));
#1363 = CARTESIAN_POINT('',(67.032987324244,10.600684031072,9.));
#1364 = CARTESIAN_POINT('',(66.948246666376,10.588469954262,9.));
#1365 = CARTESIAN_POINT('',(66.866730709169,10.56996316203,9.));
#1366 = CARTESIAN_POINT('',(66.788590604027,10.545134228188,9.));
#1367 = ORIENTED_EDGE('',*,*,#1368,.F.);
#1368 = EDGE_CURVE('',#1369,#1358,#1371,.T.);
#1369 = VERTEX_POINT('',#1370);
#1370 = CARTESIAN_POINT('',(68.141275167785,10.268959731544,9.));
#1371 = B_SPLINE_CURVE_WITH_KNOTS('',6,(#1372,#1373,#1374,#1375,#1376,
    #1377,#1378,#1379,#1380,#1381,#1382,#1383),.UNSPECIFIED.,.F.,.F.,(7,
    5,7),(0.,0.210852117753,1.),.UNSPECIFIED.);
#1372 = CARTESIAN_POINT('',(68.141275167785,10.268959731544,9.));
#1373 = CARTESIAN_POINT('',(68.115954140842,10.293151106597,9.));
#1374 = CARTESIAN_POINT('',(68.089868552165,10.316378192467,9.));
#1375 = CARTESIAN_POINT('',(68.063029018478,10.338610677942,9.));
#1376 = CARTESIAN_POINT('',(68.035450441302,10.359823111424,9.));
#1377 = CARTESIAN_POINT('',(68.00715200696,10.379994900931,9.));
#1378 = CARTESIAN_POINT('',(67.869639419029,10.470652814955,9.));
#1379 = CARTESIAN_POINT('',(67.751314850863,10.527434397712,9.));
#1380 = CARTESIAN_POINT('',(67.62457215616,10.568501830316,9.));
#1381 = CARTESIAN_POINT('',(67.491196421939,10.594486982461,9.));
#1382 = CARTESIAN_POINT('',(67.352962076429,10.606711409396,9.));
#1383 = CARTESIAN_POINT('',(67.211409395973,10.606711409396,9.));
#1384 = ORIENTED_EDGE('',*,*,#1385,.F.);
#1385 = EDGE_CURVE('',#1386,#1369,#1388,.T.);
#1386 = VERTEX_POINT('',#1387);
#1387 = CARTESIAN_POINT('',(68.494966442953,9.384228187919,9.));
#1388 = B_SPLINE_CURVE_WITH_KNOTS('',6,(#1389,#1390,#1391,#1392,#1393,
    #1394,#1395,#1396,#1397,#1398,#1399,#1400),.UNSPECIFIED.,.F.,.F.,(7,
    5,7),(0.,0.682396951107,1.),.UNSPECIFIED.);
#1389 = CARTESIAN_POINT('',(68.494966442953,9.384228187919,9.));
#1390 = CARTESIAN_POINT('',(68.494966442953,9.501820802896,9.));
#1391 = CARTESIAN_POINT('',(68.485158053387,9.616852870058,9.));
#1392 = CARTESIAN_POINT('',(68.464528019496,9.728277924728,9.));
#1393 = CARTESIAN_POINT('',(68.432262312864,9.834951654205,9.));
#1394 = CARTESIAN_POINT('',(68.388023015753,9.935750985388,9.));
#1395 = CARTESIAN_POINT('',(68.306482802474,10.073505191397,9.));
#1396 = CARTESIAN_POINT('',(68.278109570957,10.115793565917,9.));
#1397 = CARTESIAN_POINT('',(68.247311152095,10.156532896377,9.));
#1398 = CARTESIAN_POINT('',(68.214166982107,10.195662587234,9.));
#1399 = CARTESIAN_POINT('',(68.178780638304,10.233144498074,9.));
#1400 = CARTESIAN_POINT('',(68.141275167785,10.268959731544,9.));
#1401 = ORIENTED_EDGE('',*,*,#1402,.F.);
#1402 = EDGE_CURVE('',#1403,#1386,#1405,.T.);
#1403 = VERTEX_POINT('',#1404);
#1404 = CARTESIAN_POINT('',(68.099832214765,8.415100671141,9.));
#1405 = B_SPLINE_CURVE_WITH_KNOTS('',5,(#1406,#1407,#1408,#1409,#1410,
    #1411,#1412,#1413,#1414,#1415,#1416,#1417,#1418,#1419),
  .UNSPECIFIED.,.F.,.F.,(6,4,4,6),(0.,0.314890719923,0.762712595754,1.),
  .UNSPECIFIED.);
#1406 = CARTESIAN_POINT('',(68.099832214765,8.415100671141,9.));
#1407 = CARTESIAN_POINT('',(68.14971714069,8.46108800625,9.));
#1408 = CARTESIAN_POINT('',(68.196169669413,8.509936542871,9.));
#1409 = CARTESIAN_POINT('',(68.23888403319,8.561607881317,9.));
#1410 = CARTESIAN_POINT('',(68.277622785457,8.615989440623,9.));
#1411 = CARTESIAN_POINT('',(68.361510540634,8.753753103408,9.));
#1412 = CARTESIAN_POINT('',(68.40247559366,8.839709047458,9.));
#1413 = CARTESIAN_POINT('',(68.434755650371,8.930097162474,9.));
#1414 = CARTESIAN_POINT('',(68.458568756617,9.024108930697,9.));
#1415 = CARTESIAN_POINT('',(68.482827949941,9.172212629731,9.));
#1416 = CARTESIAN_POINT('',(68.488997510676,9.224300361469,9.));
#1417 = CARTESIAN_POINT('',(68.493011019457,9.277066241716,9.));
#1418 = CARTESIAN_POINT('',(68.494966442953,9.330405618875,9.));
#1419 = CARTESIAN_POINT('',(68.494966442953,9.384228187919,9.));
#1420 = ORIENTED_EDGE('',*,*,#1421,.F.);
#1421 = EDGE_CURVE('',#1422,#1403,#1424,.T.);
#1422 = VERTEX_POINT('',#1423);
#1423 = CARTESIAN_POINT('',(67.040268456376,8.051006711409,9.));
#1424 = B_SPLINE_CURVE_WITH_KNOTS('',6,(#1425,#1426,#1427,#1428,#1429,
    #1430,#1431,#1432,#1433,#1434,#1435,#1436),.UNSPECIFIED.,.F.,.F.,(7,
    5,7),(0.,0.876909578582,1.),.UNSPECIFIED.);
#1425 = CARTESIAN_POINT('',(67.040268456376,8.051006711409,9.));
#1426 = CARTESIAN_POINT('',(67.218012559681,8.051006711409,9.));
#1427 = CARTESIAN_POINT('',(67.391879542608,8.06663999115,9.));
#1428 = CARTESIAN_POINT('',(67.559495865337,8.100443719146,9.));
#1429 = CARTESIAN_POINT('',(67.717815863042,8.154834205427,9.));
#1430 = CARTESIAN_POINT('',(67.863547467282,8.231253324706,9.));
#1431 = CARTESIAN_POINT('',(68.012614433856,8.341418170135,9.));
#1432 = CARTESIAN_POINT('',(68.030668500443,8.355376999743,9.));
#1433 = CARTESIAN_POINT('',(68.048422102742,8.3697301159,9.));
#1434 = CARTESIAN_POINT('',(68.065870108431,8.384472449168,9.));
#1435 = CARTESIAN_POINT('',(68.083008068003,8.399598166481,9.));
#1436 = CARTESIAN_POINT('',(68.099832214765,8.415100671141,9.));
#1437 = ORIENTED_EDGE('',*,*,#1438,.F.);
#1438 = EDGE_CURVE('',#1439,#1422,#1441,.T.);
#1439 = VERTEX_POINT('',#1440);
#1440 = CARTESIAN_POINT('',(65.906375838926,8.546140939597,9.));
#1441 = B_SPLINE_CURVE_WITH_KNOTS('',5,(#1442,#1443,#1444,#1445,#1446,
    #1447,#1448,#1449,#1450,#1451,#1452,#1453,#1454,#1455),
  .UNSPECIFIED.,.F.,.F.,(6,4,4,6),(0.,0.309993308183,0.749080225575,1.),
  .UNSPECIFIED.);
#1442 = CARTESIAN_POINT('',(65.906375838926,8.546140939597,9.));
#1443 = CARTESIAN_POINT('',(65.956355518836,8.484506992495,9.));
#1444 = CARTESIAN_POINT('',(66.010211036282,8.426840030146,9.));
#1445 = CARTESIAN_POINT('',(66.067928273358,8.373627478967,9.));
#1446 = CARTESIAN_POINT('',(66.12936506578,8.325266948815,9.));
#1447 = CARTESIAN_POINT('',(66.285991941303,8.22066997523,9.));
#1448 = CARTESIAN_POINT('',(66.384624561422,8.169513877255,9.));
#1449 = CARTESIAN_POINT('',(66.489086673565,8.129189086782,9.));
#1450 = CARTESIAN_POINT('',(66.598091453117,8.099300211401,9.));
#1451 = CARTESIAN_POINT('',(66.774573819407,8.067482715802,9.));
#1452 = CARTESIAN_POINT('',(66.839844462179,8.059058076282,9.));
#1453 = CARTESIAN_POINT('',(66.90599911341,8.053628697282,9.));
#1454 = CARTESIAN_POINT('',(66.972855238452,8.051006711409,9.));
#1455 = CARTESIAN_POINT('',(67.040268456376,8.051006711409,9.));
#1456 = ORIENTED_EDGE('',*,*,#1457,.F.);
#1457 = EDGE_CURVE('',#1458,#1439,#1460,.T.);
#1458 = VERTEX_POINT('',#1459);
#1459 = CARTESIAN_POINT('',(65.505033557047,9.950838926174,9.));
#1460 = B_SPLINE_CURVE_WITH_KNOTS('',6,(#1461,#1462,#1463,#1464,#1465,
    #1466,#1467,#1468,#1469,#1470,#1471,#1472,#1473,#1474,#1475,#1476,
    #1477),.UNSPECIFIED.,.F.,.F.,(7,5,5,7),(0.,0.486790293134,
    0.761218908976,1.),.UNSPECIFIED.);
#1461 = CARTESIAN_POINT('',(65.505033557047,9.950838926174,9.));
#1462 = CARTESIAN_POINT('',(65.505033557047,9.823125882619,9.));
#1463 = CARTESIAN_POINT('',(65.50978102158,9.696566748062,9.));
#1464 = CARTESIAN_POINT('',(65.519799120383,9.571460062187,9.));
#1465 = CARTESIAN_POINT('',(65.535693632876,9.448277788706,9.));
#1466 = CARTESIAN_POINT('',(65.558133971779,9.327659104357,9.));
#1467 = CARTESIAN_POINT('',(65.604456428129,9.144256868036,9.));
#1468 = CARTESIAN_POINT('',(65.623437324636,9.079204623122,9.));
#1469 = CARTESIAN_POINT('',(65.64480986583,9.015364341548,9.));
#1470 = CARTESIAN_POINT('',(65.668678556377,8.95290197438,9.));
#1471 = CARTESIAN_POINT('',(65.695128993002,8.891996479116,9.));
#1472 = CARTESIAN_POINT('',(65.749522824472,8.781353499132,9.));
#1473 = CARTESIAN_POINT('',(65.776826505754,8.731191771657,9.));
#1474 = CARTESIAN_POINT('',(65.806159839979,8.68247143486,9.));
#1475 = CARTESIAN_POINT('',(65.837539215011,8.63531471587,9.));
#1476 = CARTESIAN_POINT('',(65.870957151561,8.589836820205,9.));
#1477 = CARTESIAN_POINT('',(65.906375838926,8.546140939597,9.));
#1478 = ORIENTED_EDGE('',*,*,#1479,.F.);
#1479 = EDGE_CURVE('',#1480,#1458,#1482,.T.);
#1480 = VERTEX_POINT('',#1481);
#1481 = CARTESIAN_POINT('',(65.97432885906,11.41610738255,9.));
#1482 = B_SPLINE_CURVE_WITH_KNOTS('',6,(#1483,#1484,#1485,#1486,#1487,
    #1488,#1489,#1490,#1491,#1492,#1493,#1494,#1495,#1496,#1497,#1498,
    #1499,#1500,#1501,#1502,#1503,#1504),.UNSPECIFIED.,.F.,.F.,(7,5,5,5,
    7),(0.,1.768739876422E-02,0.300941497811,0.595673389922,1.),
  .UNSPECIFIED.);
#1483 = CARTESIAN_POINT('',(65.97432885906,11.41610738255,9.));
#1484 = CARTESIAN_POINT('',(65.971356840669,11.41273264876,9.));
#1485 = CARTESIAN_POINT('',(65.968396005158,11.409348176613,9.));
#1486 = CARTESIAN_POINT('',(65.965446381095,11.40595399543,9.));
#1487 = CARTESIAN_POINT('',(65.962507996377,11.402550135131,9.));
#1488 = CARTESIAN_POINT('',(65.959580878225,11.399136626229,9.));
#1489 = CARTESIAN_POINT('',(65.909969696522,11.340893987003,9.));
#1490 = CARTESIAN_POINT('',(65.866168003115,11.283604910224,9.));
#1491 = CARTESIAN_POINT('',(65.825375792825,11.223980674795,9.));
#1492 = CARTESIAN_POINT('',(65.787650801495,11.162184213714,9.));
#1493 = CARTESIAN_POINT('',(65.753001836517,11.098400506356,9.));
#1494 = CARTESIAN_POINT('',(65.688513400456,10.964602696953,9.));
#1495 = CARTESIAN_POINT('',(65.658923460699,10.894435823599,9.));
#1496 = CARTESIAN_POINT('',(65.632590011043,10.822547976492,9.));
#1497 = CARTESIAN_POINT('',(65.609423406027,10.749154388266,9.));
#1498 = CARTESIAN_POINT('',(65.589301442778,10.674457669881,9.));
#1499 = CARTESIAN_POINT('',(65.548474639542,10.49462621045,9.));
#1500 = CARTESIAN_POINT('',(65.530336050955,10.388505854137,9.));
#1501 = CARTESIAN_POINT('',(65.51731478321,10.280725171301,9.));
#1502 = CARTESIAN_POINT('',(65.509009542307,10.17166735448,9.));
#1503 = CARTESIAN_POINT('',(65.505033557047,10.061633865185,9.));
#1504 = CARTESIAN_POINT('',(65.505033557047,9.950838926174,9.));
#1505 = ORIENTED_EDGE('',*,*,#1506,.F.);
#1506 = EDGE_CURVE('',#1507,#1480,#1509,.T.);
#1507 = VERTEX_POINT('',#1508);
#1508 = CARTESIAN_POINT('',(67.261744966443,11.948993288591,9.));
#1509 = B_SPLINE_CURVE_WITH_KNOTS('',5,(#1510,#1511,#1512,#1513,#1514,
    #1515,#1516,#1517,#1518,#1519,#1520,#1521,#1522,#1523,#1524,#1525,
    #1526,#1527),.UNSPECIFIED.,.F.,.F.,(6,4,4,4,6),(0.,0.259808563783,
    0.488769641819,0.710372816815,1.),.UNSPECIFIED.);
#1510 = CARTESIAN_POINT('',(67.261744966443,11.948993288591,9.));
#1511 = CARTESIAN_POINT('',(67.184032919807,11.948993288591,9.));
#1512 = CARTESIAN_POINT('',(67.106855859956,11.945986872165,9.));
#1513 = CARTESIAN_POINT('',(67.030377704878,11.939753244321,9.));
#1514 = CARTESIAN_POINT('',(66.95481037818,11.930066600619,9.));
#1515 = CARTESIAN_POINT('',(66.814826925469,11.905005404899,9.));
#1516 = CARTESIAN_POINT('',(66.750151490507,11.890442680691,9.));
#1517 = CARTESIAN_POINT('',(66.686547913955,11.872933892108,9.));
#1518 = CARTESIAN_POINT('',(66.624205880962,11.852383838897,9.));
#1519 = CARTESIAN_POINT('',(66.504386103061,11.805897120768,9.));
#1520 = CARTESIAN_POINT('',(66.446813751877,11.780153797805,9.));
#1521 = CARTESIAN_POINT('',(66.390777948543,11.751503060828,9.));
#1522 = CARTESIAN_POINT('',(66.336438572659,11.719967792552,9.));
#1523 = CARTESIAN_POINT('',(66.215302956923,11.640766253327,9.));
#1524 = CARTESIAN_POINT('',(66.149794901477,11.591114441573,9.));
#1525 = CARTESIAN_POINT('',(66.087713626717,11.536879707977,9.));
#1526 = CARTESIAN_POINT('',(66.029210457253,11.478403292436,9.));
#1527 = CARTESIAN_POINT('',(65.97432885906,11.41610738255,9.));
#1528 = ORIENTED_EDGE('',*,*,#1529,.F.);
#1529 = EDGE_CURVE('',#1530,#1507,#1532,.T.);
#1530 = VERTEX_POINT('',#1531);
#1531 = CARTESIAN_POINT('',(67.765100671141,11.908724832215,9.));
#1532 = B_SPLINE_CURVE_WITH_KNOTS('',4,(#1533,#1534,#1535,#1536,#1537),
  .UNSPECIFIED.,.F.,.F.,(5,5),(0.,1.),.PIECEWISE_BEZIER_KNOTS.);
#1533 = CARTESIAN_POINT('',(67.765100671141,11.908724832215,9.));
#1534 = CARTESIAN_POINT('',(67.642512683184,11.928945531259,9.));
#1535 = CARTESIAN_POINT('',(67.517658290906,11.94235193998,9.));
#1536 = CARTESIAN_POINT('',(67.390682953821,11.948993288591,9.));
#1537 = CARTESIAN_POINT('',(67.261744966443,11.948993288591,9.));
#1538 = ORIENTED_EDGE('',*,*,#1539,.F.);
#1539 = EDGE_CURVE('',#1283,#1530,#1540,.T.);
#1540 = B_SPLINE_CURVE_WITH_KNOTS('',4,(#1541,#1542,#1543,#1544,#1545),
  .UNSPECIFIED.,.F.,.F.,(5,5),(0.,1.),.PIECEWISE_BEZIER_KNOTS.);
#1541 = CARTESIAN_POINT('',(68.248322147651,11.787919463087,9.));
#1542 = CARTESIAN_POINT('',(68.129059690763,11.828092080144,9.));
#1543 = CARTESIAN_POINT('',(68.008704230228,11.861672213447,9.));
#1544 = CARTESIAN_POINT('',(67.887348851372,11.888560183929,9.));
#1545 = CARTESIAN_POINT('',(67.765100671141,11.908724832215,9.));
#1546 = PLANE('',#1547);
#1547 = AXIS2_PLACEMENT_3D('',#1548,#1549,#1550);
#1548 = CARTESIAN_POINT('',(0.,0.,9.));
#1549 = DIRECTION('',(0.,0.,1.));
#1550 = DIRECTION('',(1.,0.,-0.));
#1551 = ADVANCED_FACE('',(#1552,#1570,#1668,#1766,#1864,#1962,#2060,
    #2158),#2256,.T.);
#1552 = FACE_BOUND('',#1553,.T.);
#1553 = EDGE_LOOP('',(#1554,#1562,#1563,#1564));
#1554 = ORIENTED_EDGE('',*,*,#1555,.F.);
#1555 = EDGE_CURVE('',#32,#1556,#1558,.T.);
#1556 = VERTEX_POINT('',#1557);
#1557 = CARTESIAN_POINT('',(86.,20.,0.));
#1558 = LINE('',#1559,#1560);
#1559 = CARTESIAN_POINT('',(0.,20.,0.));
#1560 = VECTOR('',#1561,1.);
#1561 = DIRECTION('',(1.,0.,-0.));
#1562 = ORIENTED_EDGE('',*,*,#39,.T.);
#1563 = ORIENTED_EDGE('',*,*,#179,.T.);
#1564 = ORIENTED_EDGE('',*,*,#1565,.F.);
#1565 = EDGE_CURVE('',#1556,#172,#1566,.T.);
#1566 = LINE('',#1567,#1568);
#1567 = CARTESIAN_POINT('',(86.,20.,0.));
#1568 = VECTOR('',#1569,1.);
#1569 = DIRECTION('',(0.,0.,1.));
#1570 = FACE_BOUND('',#1571,.T.);
#1571 = EDGE_LOOP('',(#1572,#1582,#1590,#1598,#1606,#1614,#1622,#1630,
    #1638,#1646,#1654,#1662));
#1572 = ORIENTED_EDGE('',*,*,#1573,.F.);
#1573 = EDGE_CURVE('',#1574,#1576,#1578,.T.);
#1574 = VERTEX_POINT('',#1575);
#1575 = CARTESIAN_POINT('',(4.55,20.,5.45));
#1576 = VERTEX_POINT('',#1577);
#1577 = CARTESIAN_POINT('',(6.05,20.,5.45));
#1578 = LINE('',#1579,#1580);
#1579 = CARTESIAN_POINT('',(2.275,20.,5.45));
#1580 = VECTOR('',#1581,1.);
#1581 = DIRECTION('',(1.,0.,-0.));
#1582 = ORIENTED_EDGE('',*,*,#1583,.T.);
#1583 = EDGE_CURVE('',#1574,#1584,#1586,.T.);
#1584 = VERTEX_POINT('',#1585);
#1585 = CARTESIAN_POINT('',(4.55,20.,3.55));
#1586 = LINE('',#1587,#1588);
#1587 = CARTESIAN_POINT('',(4.55,20.,1.775));
#1588 = VECTOR('',#1589,1.);
#1589 = DIRECTION('',(0.,0.,-1.));
#1590 = ORIENTED_EDGE('',*,*,#1591,.T.);
#1591 = EDGE_CURVE('',#1584,#1592,#1594,.T.);
#1592 = VERTEX_POINT('',#1593);
#1593 = CARTESIAN_POINT('',(6.05,20.,3.55));
#1594 = LINE('',#1595,#1596);
#1595 = CARTESIAN_POINT('',(2.275,20.,3.55));
#1596 = VECTOR('',#1597,1.);
#1597 = DIRECTION('',(1.,0.,-0.));
#1598 = ORIENTED_EDGE('',*,*,#1599,.T.);
#1599 = EDGE_CURVE('',#1592,#1600,#1602,.T.);
#1600 = VERTEX_POINT('',#1601);
#1601 = CARTESIAN_POINT('',(6.05,20.,2.05));
#1602 = LINE('',#1603,#1604);
#1603 = CARTESIAN_POINT('',(6.05,20.,1.025));
#1604 = VECTOR('',#1605,1.);
#1605 = DIRECTION('',(0.,0.,-1.));
#1606 = ORIENTED_EDGE('',*,*,#1607,.T.);
#1607 = EDGE_CURVE('',#1600,#1608,#1610,.T.);
#1608 = VERTEX_POINT('',#1609);
#1609 = CARTESIAN_POINT('',(7.95,20.,2.05));
#1610 = LINE('',#1611,#1612);
#1611 = CARTESIAN_POINT('',(3.025,20.,2.05));
#1612 = VECTOR('',#1613,1.);
#1613 = DIRECTION('',(1.,0.,-0.));
#1614 = ORIENTED_EDGE('',*,*,#1615,.F.);
#1615 = EDGE_CURVE('',#1616,#1608,#1618,.T.);
#1616 = VERTEX_POINT('',#1617);
#1617 = CARTESIAN_POINT('',(7.95,20.,3.55));
#1618 = LINE('',#1619,#1620);
#1619 = CARTESIAN_POINT('',(7.95,20.,1.025));
#1620 = VECTOR('',#1621,1.);
#1621 = DIRECTION('',(0.,0.,-1.));
#1622 = ORIENTED_EDGE('',*,*,#1623,.T.);
#1623 = EDGE_CURVE('',#1616,#1624,#1626,.T.);
#1624 = VERTEX_POINT('',#1625);
#1625 = CARTESIAN_POINT('',(9.45,20.,3.55));
#1626 = LINE('',#1627,#1628);
#1627 = CARTESIAN_POINT('',(2.275,20.,3.55));
#1628 = VECTOR('',#1629,1.);
#1629 = DIRECTION('',(1.,0.,-0.));
#1630 = ORIENTED_EDGE('',*,*,#1631,.F.);
#1631 = EDGE_CURVE('',#1632,#1624,#1634,.T.);
#1632 = VERTEX_POINT('',#1633);
#1633 = CARTESIAN_POINT('',(9.45,20.,5.45));
#1634 = LINE('',#1635,#1636);
#1635 = CARTESIAN_POINT('',(9.45,20.,1.775));
#1636 = VECTOR('',#1637,1.);
#1637 = DIRECTION('',(0.,0.,-1.));
#1638 = ORIENTED_EDGE('',*,*,#1639,.F.);
#1639 = EDGE_CURVE('',#1640,#1632,#1642,.T.);
#1640 = VERTEX_POINT('',#1641);
#1641 = CARTESIAN_POINT('',(7.95,20.,5.45));
#1642 = LINE('',#1643,#1644);
#1643 = CARTESIAN_POINT('',(2.275,20.,5.45));
#1644 = VECTOR('',#1645,1.);
#1645 = DIRECTION('',(1.,0.,-0.));
#1646 = ORIENTED_EDGE('',*,*,#1647,.F.);
#1647 = EDGE_CURVE('',#1648,#1640,#1650,.T.);
#1648 = VERTEX_POINT('',#1649);
#1649 = CARTESIAN_POINT('',(7.95,20.,6.95));
#1650 = LINE('',#1651,#1652);
#1651 = CARTESIAN_POINT('',(7.95,20.,1.025));
#1652 = VECTOR('',#1653,1.);
#1653 = DIRECTION('',(0.,0.,-1.));
#1654 = ORIENTED_EDGE('',*,*,#1655,.F.);
#1655 = EDGE_CURVE('',#1656,#1648,#1658,.T.);
#1656 = VERTEX_POINT('',#1657);
#1657 = CARTESIAN_POINT('',(6.05,20.,6.95));
#1658 = LINE('',#1659,#1660);
#1659 = CARTESIAN_POINT('',(3.025,20.,6.95));
#1660 = VECTOR('',#1661,1.);
#1661 = DIRECTION('',(1.,0.,-0.));
#1662 = ORIENTED_EDGE('',*,*,#1663,.T.);
#1663 = EDGE_CURVE('',#1656,#1576,#1664,.T.);
#1664 = LINE('',#1665,#1666);
#1665 = CARTESIAN_POINT('',(6.05,20.,1.025));
#1666 = VECTOR('',#1667,1.);
#1667 = DIRECTION('',(0.,0.,-1.));
#1668 = FACE_BOUND('',#1669,.T.);
#1669 = EDGE_LOOP('',(#1670,#1680,#1688,#1696,#1704,#1712,#1720,#1728,
    #1736,#1744,#1752,#1760));
#1670 = ORIENTED_EDGE('',*,*,#1671,.F.);
#1671 = EDGE_CURVE('',#1672,#1674,#1676,.T.);
#1672 = VERTEX_POINT('',#1673);
#1673 = CARTESIAN_POINT('',(16.525,20.,5.475));
#1674 = VERTEX_POINT('',#1675);
#1675 = CARTESIAN_POINT('',(18.025,20.,5.475));
#1676 = LINE('',#1677,#1678);
#1677 = CARTESIAN_POINT('',(8.2625,20.,5.475));
#1678 = VECTOR('',#1679,1.);
#1679 = DIRECTION('',(1.,0.,-0.));
#1680 = ORIENTED_EDGE('',*,*,#1681,.T.);
#1681 = EDGE_CURVE('',#1672,#1682,#1684,.T.);
#1682 = VERTEX_POINT('',#1683);
#1683 = CARTESIAN_POINT('',(16.525,20.,3.525));
#1684 = LINE('',#1685,#1686);
#1685 = CARTESIAN_POINT('',(16.525,20.,1.7625));
#1686 = VECTOR('',#1687,1.);
#1687 = DIRECTION('',(0.,0.,-1.));
#1688 = ORIENTED_EDGE('',*,*,#1689,.T.);
#1689 = EDGE_CURVE('',#1682,#1690,#1692,.T.);
#1690 = VERTEX_POINT('',#1691);
#1691 = CARTESIAN_POINT('',(18.025,20.,3.525));
#1692 = LINE('',#1693,#1694);
#1693 = CARTESIAN_POINT('',(8.2625,20.,3.525));
#1694 = VECTOR('',#1695,1.);
#1695 = DIRECTION('',(1.,0.,-0.));
#1696 = ORIENTED_EDGE('',*,*,#1697,.T.);
#1697 = EDGE_CURVE('',#1690,#1698,#1700,.T.);
#1698 = VERTEX_POINT('',#1699);
#1699 = CARTESIAN_POINT('',(18.025,20.,2.025));
#1700 = LINE('',#1701,#1702);
#1701 = CARTESIAN_POINT('',(18.025,20.,1.0125));
#1702 = VECTOR('',#1703,1.);
#1703 = DIRECTION('',(0.,0.,-1.));
#1704 = ORIENTED_EDGE('',*,*,#1705,.T.);
#1705 = EDGE_CURVE('',#1698,#1706,#1708,.T.);
#1706 = VERTEX_POINT('',#1707);
#1707 = CARTESIAN_POINT('',(19.975,20.,2.025));
#1708 = LINE('',#1709,#1710);
#1709 = CARTESIAN_POINT('',(9.0125,20.,2.025));
#1710 = VECTOR('',#1711,1.);
#1711 = DIRECTION('',(1.,0.,-0.));
#1712 = ORIENTED_EDGE('',*,*,#1713,.F.);
#1713 = EDGE_CURVE('',#1714,#1706,#1716,.T.);
#1714 = VERTEX_POINT('',#1715);
#1715 = CARTESIAN_POINT('',(19.975,20.,3.525));
#1716 = LINE('',#1717,#1718);
#1717 = CARTESIAN_POINT('',(19.975,20.,1.0125));
#1718 = VECTOR('',#1719,1.);
#1719 = DIRECTION('',(0.,0.,-1.));
#1720 = ORIENTED_EDGE('',*,*,#1721,.T.);
#1721 = EDGE_CURVE('',#1714,#1722,#1724,.T.);
#1722 = VERTEX_POINT('',#1723);
#1723 = CARTESIAN_POINT('',(21.475,20.,3.525));
#1724 = LINE('',#1725,#1726);
#1725 = CARTESIAN_POINT('',(8.2625,20.,3.525));
#1726 = VECTOR('',#1727,1.);
#1727 = DIRECTION('',(1.,0.,-0.));
#1728 = ORIENTED_EDGE('',*,*,#1729,.F.);
#1729 = EDGE_CURVE('',#1730,#1722,#1732,.T.);
#1730 = VERTEX_POINT('',#1731);
#1731 = CARTESIAN_POINT('',(21.475,20.,5.475));
#1732 = LINE('',#1733,#1734);
#1733 = CARTESIAN_POINT('',(21.475,20.,1.7625));
#1734 = VECTOR('',#1735,1.);
#1735 = DIRECTION('',(0.,0.,-1.));
#1736 = ORIENTED_EDGE('',*,*,#1737,.F.);
#1737 = EDGE_CURVE('',#1738,#1730,#1740,.T.);
#1738 = VERTEX_POINT('',#1739);
#1739 = CARTESIAN_POINT('',(19.975,20.,5.475));
#1740 = LINE('',#1741,#1742);
#1741 = CARTESIAN_POINT('',(8.2625,20.,5.475));
#1742 = VECTOR('',#1743,1.);
#1743 = DIRECTION('',(1.,0.,-0.));
#1744 = ORIENTED_EDGE('',*,*,#1745,.F.);
#1745 = EDGE_CURVE('',#1746,#1738,#1748,.T.);
#1746 = VERTEX_POINT('',#1747);
#1747 = CARTESIAN_POINT('',(19.975,20.,6.975));
#1748 = LINE('',#1749,#1750);
#1749 = CARTESIAN_POINT('',(19.975,20.,1.0125));
#1750 = VECTOR('',#1751,1.);
#1751 = DIRECTION('',(0.,0.,-1.));
#1752 = ORIENTED_EDGE('',*,*,#1753,.F.);
#1753 = EDGE_CURVE('',#1754,#1746,#1756,.T.);
#1754 = VERTEX_POINT('',#1755);
#1755 = CARTESIAN_POINT('',(18.025,20.,6.975));
#1756 = LINE('',#1757,#1758);
#1757 = CARTESIAN_POINT('',(9.0125,20.,6.975));
#1758 = VECTOR('',#1759,1.);
#1759 = DIRECTION('',(1.,0.,-0.));
#1760 = ORIENTED_EDGE('',*,*,#1761,.T.);
#1761 = EDGE_CURVE('',#1754,#1674,#1762,.T.);
#1762 = LINE('',#1763,#1764);
#1763 = CARTESIAN_POINT('',(18.025,20.,1.0125));
#1764 = VECTOR('',#1765,1.);
#1765 = DIRECTION('',(0.,0.,-1.));
#1766 = FACE_BOUND('',#1767,.T.);
#1767 = EDGE_LOOP('',(#1768,#1778,#1786,#1794,#1802,#1810,#1818,#1826,
    #1834,#1842,#1850,#1858));
#1768 = ORIENTED_EDGE('',*,*,#1769,.F.);
#1769 = EDGE_CURVE('',#1770,#1772,#1774,.T.);
#1770 = VERTEX_POINT('',#1771);
#1771 = CARTESIAN_POINT('',(28.5,20.,5.5));
#1772 = VERTEX_POINT('',#1773);
#1773 = CARTESIAN_POINT('',(30.,20.,5.5));
#1774 = LINE('',#1775,#1776);
#1775 = CARTESIAN_POINT('',(14.25,20.,5.5));
#1776 = VECTOR('',#1777,1.);
#1777 = DIRECTION('',(1.,0.,-0.));
#1778 = ORIENTED_EDGE('',*,*,#1779,.T.);
#1779 = EDGE_CURVE('',#1770,#1780,#1782,.T.);
#1780 = VERTEX_POINT('',#1781);
#1781 = CARTESIAN_POINT('',(28.5,20.,3.5));
#1782 = LINE('',#1783,#1784);
#1783 = CARTESIAN_POINT('',(28.5,20.,1.75));
#1784 = VECTOR('',#1785,1.);
#1785 = DIRECTION('',(0.,0.,-1.));
#1786 = ORIENTED_EDGE('',*,*,#1787,.T.);
#1787 = EDGE_CURVE('',#1780,#1788,#1790,.T.);
#1788 = VERTEX_POINT('',#1789);
#1789 = CARTESIAN_POINT('',(30.,20.,3.5));
#1790 = LINE('',#1791,#1792);
#1791 = CARTESIAN_POINT('',(14.25,20.,3.5));
#1792 = VECTOR('',#1793,1.);
#1793 = DIRECTION('',(1.,0.,-0.));
#1794 = ORIENTED_EDGE('',*,*,#1795,.T.);
#1795 = EDGE_CURVE('',#1788,#1796,#1798,.T.);
#1796 = VERTEX_POINT('',#1797);
#1797 = CARTESIAN_POINT('',(30.,20.,2.));
#1798 = LINE('',#1799,#1800);
#1799 = CARTESIAN_POINT('',(30.,20.,1.));
#1800 = VECTOR('',#1801,1.);
#1801 = DIRECTION('',(0.,0.,-1.));
#1802 = ORIENTED_EDGE('',*,*,#1803,.T.);
#1803 = EDGE_CURVE('',#1796,#1804,#1806,.T.);
#1804 = VERTEX_POINT('',#1805);
#1805 = CARTESIAN_POINT('',(32.,20.,2.));
#1806 = LINE('',#1807,#1808);
#1807 = CARTESIAN_POINT('',(15.,20.,2.));
#1808 = VECTOR('',#1809,1.);
#1809 = DIRECTION('',(1.,0.,-0.));
#1810 = ORIENTED_EDGE('',*,*,#1811,.F.);
#1811 = EDGE_CURVE('',#1812,#1804,#1814,.T.);
#1812 = VERTEX_POINT('',#1813);
#1813 = CARTESIAN_POINT('',(32.,20.,3.5));
#1814 = LINE('',#1815,#1816);
#1815 = CARTESIAN_POINT('',(32.,20.,1.));
#1816 = VECTOR('',#1817,1.);
#1817 = DIRECTION('',(0.,0.,-1.));
#1818 = ORIENTED_EDGE('',*,*,#1819,.T.);
#1819 = EDGE_CURVE('',#1812,#1820,#1822,.T.);
#1820 = VERTEX_POINT('',#1821);
#1821 = CARTESIAN_POINT('',(33.5,20.,3.5));
#1822 = LINE('',#1823,#1824);
#1823 = CARTESIAN_POINT('',(14.25,20.,3.5));
#1824 = VECTOR('',#1825,1.);
#1825 = DIRECTION('',(1.,0.,-0.));
#1826 = ORIENTED_EDGE('',*,*,#1827,.F.);
#1827 = EDGE_CURVE('',#1828,#1820,#1830,.T.);
#1828 = VERTEX_POINT('',#1829);
#1829 = CARTESIAN_POINT('',(33.5,20.,5.5));
#1830 = LINE('',#1831,#1832);
#1831 = CARTESIAN_POINT('',(33.5,20.,1.75));
#1832 = VECTOR('',#1833,1.);
#1833 = DIRECTION('',(0.,0.,-1.));
#1834 = ORIENTED_EDGE('',*,*,#1835,.F.);
#1835 = EDGE_CURVE('',#1836,#1828,#1838,.T.);
#1836 = VERTEX_POINT('',#1837);
#1837 = CARTESIAN_POINT('',(32.,20.,5.5));
#1838 = LINE('',#1839,#1840);
#1839 = CARTESIAN_POINT('',(14.25,20.,5.5));
#1840 = VECTOR('',#1841,1.);
#1841 = DIRECTION('',(1.,0.,-0.));
#1842 = ORIENTED_EDGE('',*,*,#1843,.F.);
#1843 = EDGE_CURVE('',#1844,#1836,#1846,.T.);
#1844 = VERTEX_POINT('',#1845);
#1845 = CARTESIAN_POINT('',(32.,20.,7.));
#1846 = LINE('',#1847,#1848);
#1847 = CARTESIAN_POINT('',(32.,20.,1.));
#1848 = VECTOR('',#1849,1.);
#1849 = DIRECTION('',(0.,0.,-1.));
#1850 = ORIENTED_EDGE('',*,*,#1851,.F.);
#1851 = EDGE_CURVE('',#1852,#1844,#1854,.T.);
#1852 = VERTEX_POINT('',#1853);
#1853 = CARTESIAN_POINT('',(30.,20.,7.));
#1854 = LINE('',#1855,#1856);
#1855 = CARTESIAN_POINT('',(15.,20.,7.));
#1856 = VECTOR('',#1857,1.);
#1857 = DIRECTION('',(1.,0.,-0.));
#1858 = ORIENTED_EDGE('',*,*,#1859,.T.);
#1859 = EDGE_CURVE('',#1852,#1772,#1860,.T.);
#1860 = LINE('',#1861,#1862);
#1861 = CARTESIAN_POINT('',(30.,20.,1.));
#1862 = VECTOR('',#1863,1.);
#1863 = DIRECTION('',(0.,0.,-1.));
#1864 = FACE_BOUND('',#1865,.T.);
#1865 = EDGE_LOOP('',(#1866,#1876,#1884,#1892,#1900,#1908,#1916,#1924,
    #1932,#1940,#1948,#1956));
#1866 = ORIENTED_EDGE('',*,*,#1867,.F.);
#1867 = EDGE_CURVE('',#1868,#1870,#1872,.T.);
#1868 = VERTEX_POINT('',#1869);
#1869 = CARTESIAN_POINT('',(40.475,20.,5.525));
#1870 = VERTEX_POINT('',#1871);
#1871 = CARTESIAN_POINT('',(41.975,20.,5.525));
#1872 = LINE('',#1873,#1874);
#1873 = CARTESIAN_POINT('',(20.2375,20.,5.525));
#1874 = VECTOR('',#1875,1.);
#1875 = DIRECTION('',(1.,0.,-0.));
#1876 = ORIENTED_EDGE('',*,*,#1877,.T.);
#1877 = EDGE_CURVE('',#1868,#1878,#1880,.T.);
#1878 = VERTEX_POINT('',#1879);
#1879 = CARTESIAN_POINT('',(40.475,20.,3.475));
#1880 = LINE('',#1881,#1882);
#1881 = CARTESIAN_POINT('',(40.475,20.,1.7375));
#1882 = VECTOR('',#1883,1.);
#1883 = DIRECTION('',(0.,0.,-1.));
#1884 = ORIENTED_EDGE('',*,*,#1885,.T.);
#1885 = EDGE_CURVE('',#1878,#1886,#1888,.T.);
#1886 = VERTEX_POINT('',#1887);
#1887 = CARTESIAN_POINT('',(41.975,20.,3.475));
#1888 = LINE('',#1889,#1890);
#1889 = CARTESIAN_POINT('',(20.2375,20.,3.475));
#1890 = VECTOR('',#1891,1.);
#1891 = DIRECTION('',(1.,0.,-0.));
#1892 = ORIENTED_EDGE('',*,*,#1893,.T.);
#1893 = EDGE_CURVE('',#1886,#1894,#1896,.T.);
#1894 = VERTEX_POINT('',#1895);
#1895 = CARTESIAN_POINT('',(41.975,20.,1.975));
#1896 = LINE('',#1897,#1898);
#1897 = CARTESIAN_POINT('',(41.975,20.,0.9875));
#1898 = VECTOR('',#1899,1.);
#1899 = DIRECTION('',(0.,0.,-1.));
#1900 = ORIENTED_EDGE('',*,*,#1901,.T.);
#1901 = EDGE_CURVE('',#1894,#1902,#1904,.T.);
#1902 = VERTEX_POINT('',#1903);
#1903 = CARTESIAN_POINT('',(44.025,20.,1.975));
#1904 = LINE('',#1905,#1906);
#1905 = CARTESIAN_POINT('',(20.9875,20.,1.975));
#1906 = VECTOR('',#1907,1.);
#1907 = DIRECTION('',(1.,0.,-0.));
#1908 = ORIENTED_EDGE('',*,*,#1909,.F.);
#1909 = EDGE_CURVE('',#1910,#1902,#1912,.T.);
#1910 = VERTEX_POINT('',#1911);
#1911 = CARTESIAN_POINT('',(44.025,20.,3.475));
#1912 = LINE('',#1913,#1914);
#1913 = CARTESIAN_POINT('',(44.025,20.,0.9875));
#1914 = VECTOR('',#1915,1.);
#1915 = DIRECTION('',(0.,0.,-1.));
#1916 = ORIENTED_EDGE('',*,*,#1917,.T.);
#1917 = EDGE_CURVE('',#1910,#1918,#1920,.T.);
#1918 = VERTEX_POINT('',#1919);
#1919 = CARTESIAN_POINT('',(45.525,20.,3.475));
#1920 = LINE('',#1921,#1922);
#1921 = CARTESIAN_POINT('',(20.2375,20.,3.475));
#1922 = VECTOR('',#1923,1.);
#1923 = DIRECTION('',(1.,0.,-0.));
#1924 = ORIENTED_EDGE('',*,*,#1925,.F.);
#1925 = EDGE_CURVE('',#1926,#1918,#1928,.T.);
#1926 = VERTEX_POINT('',#1927);
#1927 = CARTESIAN_POINT('',(45.525,20.,5.525));
#1928 = LINE('',#1929,#1930);
#1929 = CARTESIAN_POINT('',(45.525,20.,1.7375));
#1930 = VECTOR('',#1931,1.);
#1931 = DIRECTION('',(0.,0.,-1.));
#1932 = ORIENTED_EDGE('',*,*,#1933,.F.);
#1933 = EDGE_CURVE('',#1934,#1926,#1936,.T.);
#1934 = VERTEX_POINT('',#1935);
#1935 = CARTESIAN_POINT('',(44.025,20.,5.525));
#1936 = LINE('',#1937,#1938);
#1937 = CARTESIAN_POINT('',(20.2375,20.,5.525));
#1938 = VECTOR('',#1939,1.);
#1939 = DIRECTION('',(1.,0.,-0.));
#1940 = ORIENTED_EDGE('',*,*,#1941,.F.);
#1941 = EDGE_CURVE('',#1942,#1934,#1944,.T.);
#1942 = VERTEX_POINT('',#1943);
#1943 = CARTESIAN_POINT('',(44.025,20.,7.025));
#1944 = LINE('',#1945,#1946);
#1945 = CARTESIAN_POINT('',(44.025,20.,0.9875));
#1946 = VECTOR('',#1947,1.);
#1947 = DIRECTION('',(0.,0.,-1.));
#1948 = ORIENTED_EDGE('',*,*,#1949,.F.);
#1949 = EDGE_CURVE('',#1950,#1942,#1952,.T.);
#1950 = VERTEX_POINT('',#1951);
#1951 = CARTESIAN_POINT('',(41.975,20.,7.025));
#1952 = LINE('',#1953,#1954);
#1953 = CARTESIAN_POINT('',(20.9875,20.,7.025));
#1954 = VECTOR('',#1955,1.);
#1955 = DIRECTION('',(1.,0.,-0.));
#1956 = ORIENTED_EDGE('',*,*,#1957,.T.);
#1957 = EDGE_CURVE('',#1950,#1870,#1958,.T.);
#1958 = LINE('',#1959,#1960);
#1959 = CARTESIAN_POINT('',(41.975,20.,0.9875));
#1960 = VECTOR('',#1961,1.);
#1961 = DIRECTION('',(0.,0.,-1.));
#1962 = FACE_BOUND('',#1963,.T.);
#1963 = EDGE_LOOP('',(#1964,#1974,#1982,#1990,#1998,#2006,#2014,#2022,
    #2030,#2038,#2046,#2054));
#1964 = ORIENTED_EDGE('',*,*,#1965,.F.);
#1965 = EDGE_CURVE('',#1966,#1968,#1970,.T.);
#1966 = VERTEX_POINT('',#1967);
#1967 = CARTESIAN_POINT('',(52.45,20.,5.55));
#1968 = VERTEX_POINT('',#1969);
#1969 = CARTESIAN_POINT('',(53.95,20.,5.55));
#1970 = LINE('',#1971,#1972);
#1971 = CARTESIAN_POINT('',(26.225,20.,5.55));
#1972 = VECTOR('',#1973,1.);
#1973 = DIRECTION('',(1.,0.,-0.));
#1974 = ORIENTED_EDGE('',*,*,#1975,.T.);
#1975 = EDGE_CURVE('',#1966,#1976,#1978,.T.);
#1976 = VERTEX_POINT('',#1977);
#1977 = CARTESIAN_POINT('',(52.45,20.,3.45));
#1978 = LINE('',#1979,#1980);
#1979 = CARTESIAN_POINT('',(52.45,20.,1.725));
#1980 = VECTOR('',#1981,1.);
#1981 = DIRECTION('',(0.,0.,-1.));
#1982 = ORIENTED_EDGE('',*,*,#1983,.T.);
#1983 = EDGE_CURVE('',#1976,#1984,#1986,.T.);
#1984 = VERTEX_POINT('',#1985);
#1985 = CARTESIAN_POINT('',(53.95,20.,3.45));
#1986 = LINE('',#1987,#1988);
#1987 = CARTESIAN_POINT('',(26.225,20.,3.45));
#1988 = VECTOR('',#1989,1.);
#1989 = DIRECTION('',(1.,0.,-0.));
#1990 = ORIENTED_EDGE('',*,*,#1991,.T.);
#1991 = EDGE_CURVE('',#1984,#1992,#1994,.T.);
#1992 = VERTEX_POINT('',#1993);
#1993 = CARTESIAN_POINT('',(53.95,20.,1.95));
#1994 = LINE('',#1995,#1996);
#1995 = CARTESIAN_POINT('',(53.95,20.,0.975));
#1996 = VECTOR('',#1997,1.);
#1997 = DIRECTION('',(0.,0.,-1.));
#1998 = ORIENTED_EDGE('',*,*,#1999,.T.);
#1999 = EDGE_CURVE('',#1992,#2000,#2002,.T.);
#2000 = VERTEX_POINT('',#2001);
#2001 = CARTESIAN_POINT('',(56.05,20.,1.95));
#2002 = LINE('',#2003,#2004);
#2003 = CARTESIAN_POINT('',(26.975,20.,1.95));
#2004 = VECTOR('',#2005,1.);
#2005 = DIRECTION('',(1.,0.,-0.));
#2006 = ORIENTED_EDGE('',*,*,#2007,.F.);
#2007 = EDGE_CURVE('',#2008,#2000,#2010,.T.);
#2008 = VERTEX_POINT('',#2009);
#2009 = CARTESIAN_POINT('',(56.05,20.,3.45));
#2010 = LINE('',#2011,#2012);
#2011 = CARTESIAN_POINT('',(56.05,20.,0.975));
#2012 = VECTOR('',#2013,1.);
#2013 = DIRECTION('',(0.,0.,-1.));
#2014 = ORIENTED_EDGE('',*,*,#2015,.T.);
#2015 = EDGE_CURVE('',#2008,#2016,#2018,.T.);
#2016 = VERTEX_POINT('',#2017);
#2017 = CARTESIAN_POINT('',(57.55,20.,3.45));
#2018 = LINE('',#2019,#2020);
#2019 = CARTESIAN_POINT('',(26.225,20.,3.45));
#2020 = VECTOR('',#2021,1.);
#2021 = DIRECTION('',(1.,0.,-0.));
#2022 = ORIENTED_EDGE('',*,*,#2023,.F.);
#2023 = EDGE_CURVE('',#2024,#2016,#2026,.T.);
#2024 = VERTEX_POINT('',#2025);
#2025 = CARTESIAN_POINT('',(57.55,20.,5.55));
#2026 = LINE('',#2027,#2028);
#2027 = CARTESIAN_POINT('',(57.55,20.,1.725));
#2028 = VECTOR('',#2029,1.);
#2029 = DIRECTION('',(0.,0.,-1.));
#2030 = ORIENTED_EDGE('',*,*,#2031,.F.);
#2031 = EDGE_CURVE('',#2032,#2024,#2034,.T.);
#2032 = VERTEX_POINT('',#2033);
#2033 = CARTESIAN_POINT('',(56.05,20.,5.55));
#2034 = LINE('',#2035,#2036);
#2035 = CARTESIAN_POINT('',(26.225,20.,5.55));
#2036 = VECTOR('',#2037,1.);
#2037 = DIRECTION('',(1.,0.,-0.));
#2038 = ORIENTED_EDGE('',*,*,#2039,.F.);
#2039 = EDGE_CURVE('',#2040,#2032,#2042,.T.);
#2040 = VERTEX_POINT('',#2041);
#2041 = CARTESIAN_POINT('',(56.05,20.,7.05));
#2042 = LINE('',#2043,#2044);
#2043 = CARTESIAN_POINT('',(56.05,20.,0.975));
#2044 = VECTOR('',#2045,1.);
#2045 = DIRECTION('',(0.,0.,-1.));
#2046 = ORIENTED_EDGE('',*,*,#2047,.F.);
#2047 = EDGE_CURVE('',#2048,#2040,#2050,.T.);
#2048 = VERTEX_POINT('',#2049);
#2049 = CARTESIAN_POINT('',(53.95,20.,7.05));
#2050 = LINE('',#2051,#2052);
#2051 = CARTESIAN_POINT('',(26.975,20.,7.05));
#2052 = VECTOR('',#2053,1.);
#2053 = DIRECTION('',(1.,0.,-0.));
#2054 = ORIENTED_EDGE('',*,*,#2055,.T.);
#2055 = EDGE_CURVE('',#2048,#1968,#2056,.T.);
#2056 = LINE('',#2057,#2058);
#2057 = CARTESIAN_POINT('',(53.95,20.,0.975));
#2058 = VECTOR('',#2059,1.);
#2059 = DIRECTION('',(0.,0.,-1.));
#2060 = FACE_BOUND('',#2061,.T.);
#2061 = EDGE_LOOP('',(#2062,#2072,#2080,#2088,#2096,#2104,#2112,#2120,
    #2128,#2136,#2144,#2152));
#2062 = ORIENTED_EDGE('',*,*,#2063,.F.);
#2063 = EDGE_CURVE('',#2064,#2066,#2068,.T.);
#2064 = VERTEX_POINT('',#2065);
#2065 = CARTESIAN_POINT('',(64.425,20.,5.575));
#2066 = VERTEX_POINT('',#2067);
#2067 = CARTESIAN_POINT('',(65.925,20.,5.575));
#2068 = LINE('',#2069,#2070);
#2069 = CARTESIAN_POINT('',(32.2125,20.,5.575));
#2070 = VECTOR('',#2071,1.);
#2071 = DIRECTION('',(1.,0.,-0.));
#2072 = ORIENTED_EDGE('',*,*,#2073,.T.);
#2073 = EDGE_CURVE('',#2064,#2074,#2076,.T.);
#2074 = VERTEX_POINT('',#2075);
#2075 = CARTESIAN_POINT('',(64.425,20.,3.425));
#2076 = LINE('',#2077,#2078);
#2077 = CARTESIAN_POINT('',(64.425,20.,1.7125));
#2078 = VECTOR('',#2079,1.);
#2079 = DIRECTION('',(0.,0.,-1.));
#2080 = ORIENTED_EDGE('',*,*,#2081,.T.);
#2081 = EDGE_CURVE('',#2074,#2082,#2084,.T.);
#2082 = VERTEX_POINT('',#2083);
#2083 = CARTESIAN_POINT('',(65.925,20.,3.425));
#2084 = LINE('',#2085,#2086);
#2085 = CARTESIAN_POINT('',(32.2125,20.,3.425));
#2086 = VECTOR('',#2087,1.);
#2087 = DIRECTION('',(1.,0.,-0.));
#2088 = ORIENTED_EDGE('',*,*,#2089,.T.);
#2089 = EDGE_CURVE('',#2082,#2090,#2092,.T.);
#2090 = VERTEX_POINT('',#2091);
#2091 = CARTESIAN_POINT('',(65.925,20.,1.925));
#2092 = LINE('',#2093,#2094);
#2093 = CARTESIAN_POINT('',(65.925,20.,0.9625));
#2094 = VECTOR('',#2095,1.);
#2095 = DIRECTION('',(0.,0.,-1.));
#2096 = ORIENTED_EDGE('',*,*,#2097,.T.);
#2097 = EDGE_CURVE('',#2090,#2098,#2100,.T.);
#2098 = VERTEX_POINT('',#2099);
#2099 = CARTESIAN_POINT('',(68.075,20.,1.925));
#2100 = LINE('',#2101,#2102);
#2101 = CARTESIAN_POINT('',(32.9625,20.,1.925));
#2102 = VECTOR('',#2103,1.);
#2103 = DIRECTION('',(1.,0.,-0.));
#2104 = ORIENTED_EDGE('',*,*,#2105,.F.);
#2105 = EDGE_CURVE('',#2106,#2098,#2108,.T.);
#2106 = VERTEX_POINT('',#2107);
#2107 = CARTESIAN_POINT('',(68.075,20.,3.425));
#2108 = LINE('',#2109,#2110);
#2109 = CARTESIAN_POINT('',(68.075,20.,0.9625));
#2110 = VECTOR('',#2111,1.);
#2111 = DIRECTION('',(0.,0.,-1.));
#2112 = ORIENTED_EDGE('',*,*,#2113,.T.);
#2113 = EDGE_CURVE('',#2106,#2114,#2116,.T.);
#2114 = VERTEX_POINT('',#2115);
#2115 = CARTESIAN_POINT('',(69.575,20.,3.425));
#2116 = LINE('',#2117,#2118);
#2117 = CARTESIAN_POINT('',(32.2125,20.,3.425));
#2118 = VECTOR('',#2119,1.);
#2119 = DIRECTION('',(1.,0.,-0.));
#2120 = ORIENTED_EDGE('',*,*,#2121,.F.);
#2121 = EDGE_CURVE('',#2122,#2114,#2124,.T.);
#2122 = VERTEX_POINT('',#2123);
#2123 = CARTESIAN_POINT('',(69.575,20.,5.575));
#2124 = LINE('',#2125,#2126);
#2125 = CARTESIAN_POINT('',(69.575,20.,1.7125));
#2126 = VECTOR('',#2127,1.);
#2127 = DIRECTION('',(0.,0.,-1.));
#2128 = ORIENTED_EDGE('',*,*,#2129,.F.);
#2129 = EDGE_CURVE('',#2130,#2122,#2132,.T.);
#2130 = VERTEX_POINT('',#2131);
#2131 = CARTESIAN_POINT('',(68.075,20.,5.575));
#2132 = LINE('',#2133,#2134);
#2133 = CARTESIAN_POINT('',(32.2125,20.,5.575));
#2134 = VECTOR('',#2135,1.);
#2135 = DIRECTION('',(1.,0.,-0.));
#2136 = ORIENTED_EDGE('',*,*,#2137,.F.);
#2137 = EDGE_CURVE('',#2138,#2130,#2140,.T.);
#2138 = VERTEX_POINT('',#2139);
#2139 = CARTESIAN_POINT('',(68.075,20.,7.075));
#2140 = LINE('',#2141,#2142);
#2141 = CARTESIAN_POINT('',(68.075,20.,0.9625));
#2142 = VECTOR('',#2143,1.);
#2143 = DIRECTION('',(0.,0.,-1.));
#2144 = ORIENTED_EDGE('',*,*,#2145,.F.);
#2145 = EDGE_CURVE('',#2146,#2138,#2148,.T.);
#2146 = VERTEX_POINT('',#2147);
#2147 = CARTESIAN_POINT('',(65.925,20.,7.075));
#2148 = LINE('',#2149,#2150);
#2149 = CARTESIAN_POINT('',(32.9625,20.,7.075));
#2150 = VECTOR('',#2151,1.);
#2151 = DIRECTION('',(1.,0.,-0.));
#2152 = ORIENTED_EDGE('',*,*,#2153,.T.);
#2153 = EDGE_CURVE('',#2146,#2066,#2154,.T.);
#2154 = LINE('',#2155,#2156);
#2155 = CARTESIAN_POINT('',(65.925,20.,0.9625));
#2156 = VECTOR('',#2157,1.);
#2157 = DIRECTION('',(0.,0.,-1.));
#2158 = FACE_BOUND('',#2159,.T.);
#2159 = EDGE_LOOP('',(#2160,#2170,#2178,#2186,#2194,#2202,#2210,#2218,
    #2226,#2234,#2242,#2250));
#2160 = ORIENTED_EDGE('',*,*,#2161,.F.);
#2161 = EDGE_CURVE('',#2162,#2164,#2166,.T.);
#2162 = VERTEX_POINT('',#2163);
#2163 = CARTESIAN_POINT('',(76.4,20.,5.6));
#2164 = VERTEX_POINT('',#2165);
#2165 = CARTESIAN_POINT('',(77.9,20.,5.6));
#2166 = LINE('',#2167,#2168);
#2167 = CARTESIAN_POINT('',(38.2,20.,5.6));
#2168 = VECTOR('',#2169,1.);
#2169 = DIRECTION('',(1.,0.,-0.));
#2170 = ORIENTED_EDGE('',*,*,#2171,.T.);
#2171 = EDGE_CURVE('',#2162,#2172,#2174,.T.);
#2172 = VERTEX_POINT('',#2173);
#2173 = CARTESIAN_POINT('',(76.4,20.,3.4));
#2174 = LINE('',#2175,#2176);
#2175 = CARTESIAN_POINT('',(76.4,20.,1.7));
#2176 = VECTOR('',#2177,1.);
#2177 = DIRECTION('',(0.,0.,-1.));
#2178 = ORIENTED_EDGE('',*,*,#2179,.T.);
#2179 = EDGE_CURVE('',#2172,#2180,#2182,.T.);
#2180 = VERTEX_POINT('',#2181);
#2181 = CARTESIAN_POINT('',(77.9,20.,3.4));
#2182 = LINE('',#2183,#2184);
#2183 = CARTESIAN_POINT('',(38.2,20.,3.4));
#2184 = VECTOR('',#2185,1.);
#2185 = DIRECTION('',(1.,0.,-0.));
#2186 = ORIENTED_EDGE('',*,*,#2187,.T.);
#2187 = EDGE_CURVE('',#2180,#2188,#2190,.T.);
#2188 = VERTEX_POINT('',#2189);
#2189 = CARTESIAN_POINT('',(77.9,20.,1.9));
#2190 = LINE('',#2191,#2192);
#2191 = CARTESIAN_POINT('',(77.9,20.,0.95));
#2192 = VECTOR('',#2193,1.);
#2193 = DIRECTION('',(0.,0.,-1.));
#2194 = ORIENTED_EDGE('',*,*,#2195,.T.);
#2195 = EDGE_CURVE('',#2188,#2196,#2198,.T.);
#2196 = VERTEX_POINT('',#2197);
#2197 = CARTESIAN_POINT('',(80.1,20.,1.9));
#2198 = LINE('',#2199,#2200);
#2199 = CARTESIAN_POINT('',(38.95,20.,1.9));
#2200 = VECTOR('',#2201,1.);
#2201 = DIRECTION('',(1.,0.,-0.));
#2202 = ORIENTED_EDGE('',*,*,#2203,.F.);
#2203 = EDGE_CURVE('',#2204,#2196,#2206,.T.);
#2204 = VERTEX_POINT('',#2205);
#2205 = CARTESIAN_POINT('',(80.1,20.,3.4));
#2206 = LINE('',#2207,#2208);
#2207 = CARTESIAN_POINT('',(80.1,20.,0.95));
#2208 = VECTOR('',#2209,1.);
#2209 = DIRECTION('',(0.,0.,-1.));
#2210 = ORIENTED_EDGE('',*,*,#2211,.T.);
#2211 = EDGE_CURVE('',#2204,#2212,#2214,.T.);
#2212 = VERTEX_POINT('',#2213);
#2213 = CARTESIAN_POINT('',(81.6,20.,3.4));
#2214 = LINE('',#2215,#2216);
#2215 = CARTESIAN_POINT('',(38.2,20.,3.4));
#2216 = VECTOR('',#2217,1.);
#2217 = DIRECTION('',(1.,0.,-0.));
#2218 = ORIENTED_EDGE('',*,*,#2219,.F.);
#2219 = EDGE_CURVE('',#2220,#2212,#2222,.T.);
#2220 = VERTEX_POINT('',#2221);
#2221 = CARTESIAN_POINT('',(81.6,20.,5.6));
#2222 = LINE('',#2223,#2224);
#2223 = CARTESIAN_POINT('',(81.6,20.,1.7));
#2224 = VECTOR('',#2225,1.);
#2225 = DIRECTION('',(0.,0.,-1.));
#2226 = ORIENTED_EDGE('',*,*,#2227,.F.);
#2227 = EDGE_CURVE('',#2228,#2220,#2230,.T.);
#2228 = VERTEX_POINT('',#2229);
#2229 = CARTESIAN_POINT('',(80.1,20.,5.6));
#2230 = LINE('',#2231,#2232);
#2231 = CARTESIAN_POINT('',(38.2,20.,5.6));
#2232 = VECTOR('',#2233,1.);
#2233 = DIRECTION('',(1.,0.,-0.));
#2234 = ORIENTED_EDGE('',*,*,#2235,.F.);
#2235 = EDGE_CURVE('',#2236,#2228,#2238,.T.);
#2236 = VERTEX_POINT('',#2237);
#2237 = CARTESIAN_POINT('',(80.1,20.,7.1));
#2238 = LINE('',#2239,#2240);
#2239 = CARTESIAN_POINT('',(80.1,20.,0.95));
#2240 = VECTOR('',#2241,1.);
#2241 = DIRECTION('',(0.,0.,-1.));
#2242 = ORIENTED_EDGE('',*,*,#2243,.F.);
#2243 = EDGE_CURVE('',#2244,#2236,#2246,.T.);
#2244 = VERTEX_POINT('',#2245);
#2245 = CARTESIAN_POINT('',(77.9,20.,7.1));
#2246 = LINE('',#2247,#2248);
#2247 = CARTESIAN_POINT('',(38.95,20.,7.1));
#2248 = VECTOR('',#2249,1.);
#2249 = DIRECTION('',(1.,0.,-0.));
#2250 = ORIENTED_EDGE('',*,*,#2251,.T.);
#2251 = EDGE_CURVE('',#2244,#2164,#2252,.T.);
#2252 = LINE('',#2253,#2254);
#2253 = CARTESIAN_POINT('',(77.9,20.,0.95));
#2254 = VECTOR('',#2255,1.);
#2255 = DIRECTION('',(0.,0.,-1.));
#2256 = PLANE('',#2257);
#2257 = AXIS2_PLACEMENT_3D('',#2258,#2259,#2260);
#2258 = CARTESIAN_POINT('',(0.,20.,0.));
#2259 = DIRECTION('',(-0.,1.,0.));
#2260 = DIRECTION('',(0.,0.,1.));
#2261 = ADVANCED_FACE('',(#2262),#2273,.F.);
#2262 = FACE_BOUND('',#2263,.F.);
#2263 = EDGE_LOOP('',(#2264,#2265,#2266,#2272));
#2264 = ORIENTED_EDGE('',*,*,#31,.F.);
#2265 = ORIENTED_EDGE('',*,*,#61,.T.);
#2266 = ORIENTED_EDGE('',*,*,#2267,.T.);
#2267 = EDGE_CURVE('',#62,#1556,#2268,.T.);
#2268 = LINE('',#2269,#2270);
#2269 = CARTESIAN_POINT('',(86.,0.,0.));
#2270 = VECTOR('',#2271,1.);
#2271 = DIRECTION('',(-0.,1.,0.));
#2272 = ORIENTED_EDGE('',*,*,#1555,.F.);
#2273 = PLANE('',#2274);
#2274 = AXIS2_PLACEMENT_3D('',#2275,#2276,#2277);
#2275 = CARTESIAN_POINT('',(0.,0.,0.));
#2276 = DIRECTION('',(0.,0.,1.));
#2277 = DIRECTION('',(1.,0.,-0.));
#2278 = ADVANCED_FACE('',(#2279),#2285,.T.);
#2279 = FACE_BOUND('',#2280,.T.);
#2280 = EDGE_LOOP('',(#2281,#2282,#2283,#2284));
#2281 = ORIENTED_EDGE('',*,*,#78,.F.);
#2282 = ORIENTED_EDGE('',*,*,#2267,.T.);
#2283 = ORIENTED_EDGE('',*,*,#1565,.T.);
#2284 = ORIENTED_EDGE('',*,*,#171,.F.);
#2285 = PLANE('',#2286);
#2286 = AXIS2_PLACEMENT_3D('',#2287,#2288,#2289);
#2287 = CARTESIAN_POINT('',(86.,0.,0.));
#2288 = DIRECTION('',(1.,0.,-0.));
#2289 = DIRECTION('',(0.,0.,1.));
#2290 = ADVANCED_FACE('',(#2291),#2310,.F.);
#2291 = FACE_BOUND('',#2292,.F.);
#2292 = EDGE_LOOP('',(#2293,#2301,#2308,#2309));
#2293 = ORIENTED_EDGE('',*,*,#2294,.T.);
#2294 = EDGE_CURVE('',#87,#2295,#2297,.T.);
#2295 = VERTEX_POINT('',#2296);
#2296 = CARTESIAN_POINT('',(9.4,8.,4.5));
#2297 = LINE('',#2298,#2299);
#2298 = CARTESIAN_POINT('',(9.4,-0.1,4.5));
#2299 = VECTOR('',#2300,1.);
#2300 = DIRECTION('',(0.,1.,0.));
#2301 = ORIENTED_EDGE('',*,*,#2302,.F.);
#2302 = EDGE_CURVE('',#2295,#2295,#2303,.T.);
#2303 = CIRCLE('',#2304,2.4);
#2304 = AXIS2_PLACEMENT_3D('',#2305,#2306,#2307);
#2305 = CARTESIAN_POINT('',(7.,8.,4.5));
#2306 = DIRECTION('',(-0.,1.,0.));
#2307 = DIRECTION('',(1.,0.,0.));
#2308 = ORIENTED_EDGE('',*,*,#2294,.F.);
#2309 = ORIENTED_EDGE('',*,*,#86,.T.);
#2310 = CYLINDRICAL_SURFACE('',#2311,2.4);
#2311 = AXIS2_PLACEMENT_3D('',#2312,#2313,#2314);
#2312 = CARTESIAN_POINT('',(7.,-0.1,4.5));
#2313 = DIRECTION('',(0.,1.,0.));
#2314 = DIRECTION('',(1.,0.,0.));
#2315 = ADVANCED_FACE('',(#2316),#2335,.F.);
#2316 = FACE_BOUND('',#2317,.F.);
#2317 = EDGE_LOOP('',(#2318,#2326,#2333,#2334));
#2318 = ORIENTED_EDGE('',*,*,#2319,.T.);
#2319 = EDGE_CURVE('',#98,#2320,#2322,.T.);
#2320 = VERTEX_POINT('',#2321);
#2321 = CARTESIAN_POINT('',(21.425,8.,4.5));
#2322 = LINE('',#2323,#2324);
#2323 = CARTESIAN_POINT('',(21.425,-0.1,4.5));
#2324 = VECTOR('',#2325,1.);
#2325 = DIRECTION('',(0.,1.,0.));
#2326 = ORIENTED_EDGE('',*,*,#2327,.F.);
#2327 = EDGE_CURVE('',#2320,#2320,#2328,.T.);
#2328 = CIRCLE('',#2329,2.425);
#2329 = AXIS2_PLACEMENT_3D('',#2330,#2331,#2332);
#2330 = CARTESIAN_POINT('',(19.,8.,4.5));
#2331 = DIRECTION('',(-0.,1.,0.));
#2332 = DIRECTION('',(1.,0.,0.));
#2333 = ORIENTED_EDGE('',*,*,#2319,.F.);
#2334 = ORIENTED_EDGE('',*,*,#97,.T.);
#2335 = CYLINDRICAL_SURFACE('',#2336,2.425);
#2336 = AXIS2_PLACEMENT_3D('',#2337,#2338,#2339);
#2337 = CARTESIAN_POINT('',(19.,-0.1,4.5));
#2338 = DIRECTION('',(0.,1.,0.));
#2339 = DIRECTION('',(1.,0.,0.));
#2340 = ADVANCED_FACE('',(#2341),#2360,.F.);
#2341 = FACE_BOUND('',#2342,.F.);
#2342 = EDGE_LOOP('',(#2343,#2351,#2358,#2359));
#2343 = ORIENTED_EDGE('',*,*,#2344,.T.);
#2344 = EDGE_CURVE('',#109,#2345,#2347,.T.);
#2345 = VERTEX_POINT('',#2346);
#2346 = CARTESIAN_POINT('',(33.45,8.,4.5));
#2347 = LINE('',#2348,#2349);
#2348 = CARTESIAN_POINT('',(33.45,-0.1,4.5));
#2349 = VECTOR('',#2350,1.);
#2350 = DIRECTION('',(0.,1.,0.));
#2351 = ORIENTED_EDGE('',*,*,#2352,.F.);
#2352 = EDGE_CURVE('',#2345,#2345,#2353,.T.);
#2353 = CIRCLE('',#2354,2.45);
#2354 = AXIS2_PLACEMENT_3D('',#2355,#2356,#2357);
#2355 = CARTESIAN_POINT('',(31.,8.,4.5));
#2356 = DIRECTION('',(-0.,1.,0.));
#2357 = DIRECTION('',(1.,0.,0.));
#2358 = ORIENTED_EDGE('',*,*,#2344,.F.);
#2359 = ORIENTED_EDGE('',*,*,#108,.T.);
#2360 = CYLINDRICAL_SURFACE('',#2361,2.45);
#2361 = AXIS2_PLACEMENT_3D('',#2362,#2363,#2364);
#2362 = CARTESIAN_POINT('',(31.,-0.1,4.5));
#2363 = DIRECTION('',(0.,1.,0.));
#2364 = DIRECTION('',(1.,0.,0.));
#2365 = ADVANCED_FACE('',(#2366),#2385,.F.);
#2366 = FACE_BOUND('',#2367,.F.);
#2367 = EDGE_LOOP('',(#2368,#2376,#2383,#2384));
#2368 = ORIENTED_EDGE('',*,*,#2369,.T.);
#2369 = EDGE_CURVE('',#120,#2370,#2372,.T.);
#2370 = VERTEX_POINT('',#2371);
#2371 = CARTESIAN_POINT('',(45.475,8.,4.5));
#2372 = LINE('',#2373,#2374);
#2373 = CARTESIAN_POINT('',(45.475,-0.1,4.5));
#2374 = VECTOR('',#2375,1.);
#2375 = DIRECTION('',(0.,1.,0.));
#2376 = ORIENTED_EDGE('',*,*,#2377,.F.);
#2377 = EDGE_CURVE('',#2370,#2370,#2378,.T.);
#2378 = CIRCLE('',#2379,2.475);
#2379 = AXIS2_PLACEMENT_3D('',#2380,#2381,#2382);
#2380 = CARTESIAN_POINT('',(43.,8.,4.5));
#2381 = DIRECTION('',(-0.,1.,0.));
#2382 = DIRECTION('',(1.,0.,0.));
#2383 = ORIENTED_EDGE('',*,*,#2369,.F.);
#2384 = ORIENTED_EDGE('',*,*,#119,.T.);
#2385 = CYLINDRICAL_SURFACE('',#2386,2.475);
#2386 = AXIS2_PLACEMENT_3D('',#2387,#2388,#2389);
#2387 = CARTESIAN_POINT('',(43.,-0.1,4.5));
#2388 = DIRECTION('',(0.,1.,0.));
#2389 = DIRECTION('',(1.,0.,0.));
#2390 = ADVANCED_FACE('',(#2391),#2410,.F.);
#2391 = FACE_BOUND('',#2392,.F.);
#2392 = EDGE_LOOP('',(#2393,#2401,#2408,#2409));
#2393 = ORIENTED_EDGE('',*,*,#2394,.T.);
#2394 = EDGE_CURVE('',#131,#2395,#2397,.T.);
#2395 = VERTEX_POINT('',#2396);
#2396 = CARTESIAN_POINT('',(57.5,8.,4.5));
#2397 = LINE('',#2398,#2399);
#2398 = CARTESIAN_POINT('',(57.5,-0.1,4.5));
#2399 = VECTOR('',#2400,1.);
#2400 = DIRECTION('',(0.,1.,0.));
#2401 = ORIENTED_EDGE('',*,*,#2402,.F.);
#2402 = EDGE_CURVE('',#2395,#2395,#2403,.T.);
#2403 = CIRCLE('',#2404,2.5);
#2404 = AXIS2_PLACEMENT_3D('',#2405,#2406,#2407);
#2405 = CARTESIAN_POINT('',(55.,8.,4.5));
#2406 = DIRECTION('',(-0.,1.,0.));
#2407 = DIRECTION('',(1.,0.,0.));
#2408 = ORIENTED_EDGE('',*,*,#2394,.F.);
#2409 = ORIENTED_EDGE('',*,*,#130,.T.);
#2410 = CYLINDRICAL_SURFACE('',#2411,2.5);
#2411 = AXIS2_PLACEMENT_3D('',#2412,#2413,#2414);
#2412 = CARTESIAN_POINT('',(55.,-0.1,4.5));
#2413 = DIRECTION('',(0.,1.,0.));
#2414 = DIRECTION('',(1.,0.,0.));
#2415 = ADVANCED_FACE('',(#2416),#2435,.F.);
#2416 = FACE_BOUND('',#2417,.F.);
#2417 = EDGE_LOOP('',(#2418,#2426,#2433,#2434));
#2418 = ORIENTED_EDGE('',*,*,#2419,.T.);
#2419 = EDGE_CURVE('',#142,#2420,#2422,.T.);
#2420 = VERTEX_POINT('',#2421);
#2421 = CARTESIAN_POINT('',(69.525,8.,4.5));
#2422 = LINE('',#2423,#2424);
#2423 = CARTESIAN_POINT('',(69.525,-0.1,4.5));
#2424 = VECTOR('',#2425,1.);
#2425 = DIRECTION('',(0.,1.,0.));
#2426 = ORIENTED_EDGE('',*,*,#2427,.F.);
#2427 = EDGE_CURVE('',#2420,#2420,#2428,.T.);
#2428 = CIRCLE('',#2429,2.525);
#2429 = AXIS2_PLACEMENT_3D('',#2430,#2431,#2432);
#2430 = CARTESIAN_POINT('',(67.,8.,4.5));
#2431 = DIRECTION('',(-0.,1.,0.));
#2432 = DIRECTION('',(1.,0.,0.));
#2433 = ORIENTED_EDGE('',*,*,#2419,.F.);
#2434 = ORIENTED_EDGE('',*,*,#141,.T.);
#2435 = CYLINDRICAL_SURFACE('',#2436,2.525);
#2436 = AXIS2_PLACEMENT_3D('',#2437,#2438,#2439);
#2437 = CARTESIAN_POINT('',(67.,-0.1,4.5));
#2438 = DIRECTION('',(0.,1.,0.));
#2439 = DIRECTION('',(1.,0.,0.));
#2440 = ADVANCED_FACE('',(#2441),#2460,.F.);
#2441 = FACE_BOUND('',#2442,.F.);
#2442 = EDGE_LOOP('',(#2443,#2451,#2458,#2459));
#2443 = ORIENTED_EDGE('',*,*,#2444,.T.);
#2444 = EDGE_CURVE('',#153,#2445,#2447,.T.);
#2445 = VERTEX_POINT('',#2446);
#2446 = CARTESIAN_POINT('',(81.55,8.,4.5));
#2447 = LINE('',#2448,#2449);
#2448 = CARTESIAN_POINT('',(81.55,-0.1,4.5));
#2449 = VECTOR('',#2450,1.);
#2450 = DIRECTION('',(0.,1.,0.));
#2451 = ORIENTED_EDGE('',*,*,#2452,.F.);
#2452 = EDGE_CURVE('',#2445,#2445,#2453,.T.);
#2453 = CIRCLE('',#2454,2.55);
#2454 = AXIS2_PLACEMENT_3D('',#2455,#2456,#2457);
#2455 = CARTESIAN_POINT('',(79.,8.,4.5));
#2456 = DIRECTION('',(-0.,1.,0.));
#2457 = DIRECTION('',(1.,0.,0.));
#2458 = ORIENTED_EDGE('',*,*,#2444,.F.);
#2459 = ORIENTED_EDGE('',*,*,#152,.T.);
#2460 = CYLINDRICAL_SURFACE('',#2461,2.55);
#2461 = AXIS2_PLACEMENT_3D('',#2462,#2463,#2464);
#2462 = CARTESIAN_POINT('',(79.,-0.1,4.5));
#2463 = DIRECTION('',(0.,1.,0.));
#2464 = DIRECTION('',(1.,0.,0.));
#2465 = ADVANCED_FACE('',(#2466),#2491,.F.);
#2466 = FACE_BOUND('',#2467,.F.);
#2467 = EDGE_LOOP('',(#2468,#2478,#2484,#2485));
#2468 = ORIENTED_EDGE('',*,*,#2469,.F.);
#2469 = EDGE_CURVE('',#2470,#2472,#2474,.T.);
#2470 = VERTEX_POINT('',#2471);
#2471 = CARTESIAN_POINT('',(77.584312080537,11.879194630872,8.5));
#2472 = VERTEX_POINT('',#2473);
#2473 = CARTESIAN_POINT('',(80.415687919463,11.879194630872,8.5));
#2474 = LINE('',#2475,#2476);
#2475 = CARTESIAN_POINT('',(77.584312080537,11.879194630872,8.5));
#2476 = VECTOR('',#2477,1.);
#2477 = DIRECTION('',(1.,0.,0.));
#2478 = ORIENTED_EDGE('',*,*,#2479,.T.);
#2479 = EDGE_CURVE('',#2470,#190,#2480,.T.);
#2480 = LINE('',#2481,#2482);
#2481 = CARTESIAN_POINT('',(77.584312080537,11.879194630872,8.5));
#2482 = VECTOR('',#2483,1.);
#2483 = DIRECTION('',(0.,0.,1.));
#2484 = ORIENTED_EDGE('',*,*,#187,.F.);
#2485 = ORIENTED_EDGE('',*,*,#2486,.F.);
#2486 = EDGE_CURVE('',#2472,#188,#2487,.T.);
#2487 = LINE('',#2488,#2489);
#2488 = CARTESIAN_POINT('',(80.415687919463,11.879194630872,8.5));
#2489 = VECTOR('',#2490,1.);
#2490 = DIRECTION('',(0.,0.,1.));
#2491 = PLANE('',#2492);
#2492 = AXIS2_PLACEMENT_3D('',#2493,#2494,#2495);
#2493 = CARTESIAN_POINT('',(77.584312080537,11.879194630872,8.5));
#2494 = DIRECTION('',(0.,1.,0.));
#2495 = DIRECTION('',(1.,0.,0.));
#2496 = ADVANCED_FACE('',(#2497),#2515,.F.);
#2497 = FACE_BOUND('',#2498,.F.);
#2498 = EDGE_LOOP('',(#2499,#2507,#2513,#2514));
#2499 = ORIENTED_EDGE('',*,*,#2500,.F.);
#2500 = EDGE_CURVE('',#2501,#2470,#2503,.T.);
#2501 = VERTEX_POINT('',#2502);
#2502 = CARTESIAN_POINT('',(77.584312080537,11.170469798658,8.5));
#2503 = LINE('',#2504,#2505);
#2504 = CARTESIAN_POINT('',(77.584312080537,11.170469798658,8.5));
#2505 = VECTOR('',#2506,1.);
#2506 = DIRECTION('',(0.,1.,0.));
#2507 = ORIENTED_EDGE('',*,*,#2508,.T.);
#2508 = EDGE_CURVE('',#2501,#230,#2509,.T.);
#2509 = LINE('',#2510,#2511);
#2510 = CARTESIAN_POINT('',(77.584312080537,11.170469798658,8.5));
#2511 = VECTOR('',#2512,1.);
#2512 = DIRECTION('',(0.,0.,1.));
#2513 = ORIENTED_EDGE('',*,*,#237,.F.);
#2514 = ORIENTED_EDGE('',*,*,#2479,.F.);
#2515 = PLANE('',#2516);
#2516 = AXIS2_PLACEMENT_3D('',#2517,#2518,#2519);
#2517 = CARTESIAN_POINT('',(77.584312080537,11.170469798658,8.5));
#2518 = DIRECTION('',(-1.,0.,0.));
#2519 = DIRECTION('',(0.,1.,0.));
#2520 = ADVANCED_FACE('',(#2521),#2539,.F.);
#2521 = FACE_BOUND('',#2522,.F.);
#2522 = EDGE_LOOP('',(#2523,#2531,#2537,#2538));
#2523 = ORIENTED_EDGE('',*,*,#2524,.F.);
#2524 = EDGE_CURVE('',#2525,#2501,#2527,.T.);
#2525 = VERTEX_POINT('',#2526);
#2526 = CARTESIAN_POINT('',(79.393875838926,11.170469798658,8.5));
#2527 = LINE('',#2528,#2529);
#2528 = CARTESIAN_POINT('',(79.393875838926,11.170469798658,8.5));
#2529 = VECTOR('',#2530,1.);
#2530 = DIRECTION('',(-1.,0.,0.));
#2531 = ORIENTED_EDGE('',*,*,#2532,.T.);
#2532 = EDGE_CURVE('',#2525,#222,#2533,.T.);
#2533 = LINE('',#2534,#2535);
#2534 = CARTESIAN_POINT('',(79.393875838926,11.170469798658,8.5));
#2535 = VECTOR('',#2536,1.);
#2536 = DIRECTION('',(0.,0.,1.));
#2537 = ORIENTED_EDGE('',*,*,#229,.F.);
#2538 = ORIENTED_EDGE('',*,*,#2508,.F.);
#2539 = PLANE('',#2540);
#2540 = AXIS2_PLACEMENT_3D('',#2541,#2542,#2543);
#2541 = CARTESIAN_POINT('',(79.393875838926,11.170469798658,8.5));
#2542 = DIRECTION('',(0.,-1.,0.));
#2543 = DIRECTION('',(-1.,0.,0.));
#2544 = ADVANCED_FACE('',(#2545),#2563,.F.);
#2545 = FACE_BOUND('',#2546,.F.);
#2546 = EDGE_LOOP('',(#2547,#2555,#2561,#2562));
#2547 = ORIENTED_EDGE('',*,*,#2548,.F.);
#2548 = EDGE_CURVE('',#2549,#2525,#2551,.T.);
#2549 = VERTEX_POINT('',#2550);
#2550 = CARTESIAN_POINT('',(78.007130872483,8.120805369128,8.5));
#2551 = LINE('',#2552,#2553);
#2552 = CARTESIAN_POINT('',(78.007130872483,8.120805369128,8.5));
#2553 = VECTOR('',#2554,1.);
#2554 = DIRECTION('',(0.413935007817,0.910306437033,0.));
#2555 = ORIENTED_EDGE('',*,*,#2556,.T.);
#2556 = EDGE_CURVE('',#2549,#214,#2557,.T.);
#2557 = LINE('',#2558,#2559);
#2558 = CARTESIAN_POINT('',(78.007130872483,8.120805369128,8.5));
#2559 = VECTOR('',#2560,1.);
#2560 = DIRECTION('',(0.,0.,1.));
#2561 = ORIENTED_EDGE('',*,*,#221,.F.);
#2562 = ORIENTED_EDGE('',*,*,#2532,.F.);
#2563 = PLANE('',#2564);
#2564 = AXIS2_PLACEMENT_3D('',#2565,#2566,#2567);
#2565 = CARTESIAN_POINT('',(78.007130872483,8.120805369128,8.5));
#2566 = DIRECTION('',(-0.910306437033,0.413935007817,0.));
#2567 = DIRECTION('',(0.413935007817,0.910306437033,0.));
#2568 = ADVANCED_FACE('',(#2569),#2587,.F.);
#2569 = FACE_BOUND('',#2570,.F.);
#2570 = EDGE_LOOP('',(#2571,#2579,#2585,#2586));
#2571 = ORIENTED_EDGE('',*,*,#2572,.F.);
#2572 = EDGE_CURVE('',#2573,#2549,#2575,.T.);
#2573 = VERTEX_POINT('',#2574);
#2574 = CARTESIAN_POINT('',(78.950922818792,8.120805369128,8.5));
#2575 = LINE('',#2576,#2577);
#2576 = CARTESIAN_POINT('',(78.950922818792,8.120805369128,8.5));
#2577 = VECTOR('',#2578,1.);
#2578 = DIRECTION('',(-1.,0.,0.));
#2579 = ORIENTED_EDGE('',*,*,#2580,.T.);
#2580 = EDGE_CURVE('',#2573,#206,#2581,.T.);
#2581 = LINE('',#2582,#2583);
#2582 = CARTESIAN_POINT('',(78.950922818792,8.120805369128,8.5));
#2583 = VECTOR('',#2584,1.);
#2584 = DIRECTION('',(0.,0.,1.));
#2585 = ORIENTED_EDGE('',*,*,#213,.F.);
#2586 = ORIENTED_EDGE('',*,*,#2556,.F.);
#2587 = PLANE('',#2588);
#2588 = AXIS2_PLACEMENT_3D('',#2589,#2590,#2591);
#2589 = CARTESIAN_POINT('',(78.950922818792,8.120805369128,8.5));
#2590 = DIRECTION('',(0.,-1.,0.));
#2591 = DIRECTION('',(-1.,0.,0.));
#2592 = ADVANCED_FACE('',(#2593),#2611,.F.);
#2593 = FACE_BOUND('',#2594,.F.);
#2594 = EDGE_LOOP('',(#2595,#2603,#2609,#2610));
#2595 = ORIENTED_EDGE('',*,*,#2596,.F.);
#2596 = EDGE_CURVE('',#2597,#2573,#2599,.T.);
#2597 = VERTEX_POINT('',#2598);
#2598 = CARTESIAN_POINT('',(80.415687919463,11.33288590604,8.5));
#2599 = LINE('',#2600,#2601);
#2600 = CARTESIAN_POINT('',(80.415687919463,11.33288590604,8.5));
#2601 = VECTOR('',#2602,1.);
#2602 = DIRECTION('',(-0.414912690401,-0.909861230817,0.));
#2603 = ORIENTED_EDGE('',*,*,#2604,.T.);
#2604 = EDGE_CURVE('',#2597,#198,#2605,.T.);
#2605 = LINE('',#2606,#2607);
#2606 = CARTESIAN_POINT('',(80.415687919463,11.33288590604,8.5));
#2607 = VECTOR('',#2608,1.);
#2608 = DIRECTION('',(0.,0.,1.));
#2609 = ORIENTED_EDGE('',*,*,#205,.F.);
#2610 = ORIENTED_EDGE('',*,*,#2580,.F.);
#2611 = PLANE('',#2612);
#2612 = AXIS2_PLACEMENT_3D('',#2613,#2614,#2615);
#2613 = CARTESIAN_POINT('',(80.415687919463,11.33288590604,8.5));
#2614 = DIRECTION('',(0.909861230817,-0.414912690401,0.));
#2615 = DIRECTION('',(-0.414912690401,-0.909861230817,0.));
#2616 = ADVANCED_FACE('',(#2617),#2628,.F.);
#2617 = FACE_BOUND('',#2618,.F.);
#2618 = EDGE_LOOP('',(#2619,#2625,#2626,#2627));
#2619 = ORIENTED_EDGE('',*,*,#2620,.F.);
#2620 = EDGE_CURVE('',#2472,#2597,#2621,.T.);
#2621 = LINE('',#2622,#2623);
#2622 = CARTESIAN_POINT('',(80.415687919463,11.879194630872,8.5));
#2623 = VECTOR('',#2624,1.);
#2624 = DIRECTION('',(0.,-1.,0.));
#2625 = ORIENTED_EDGE('',*,*,#2486,.T.);
#2626 = ORIENTED_EDGE('',*,*,#197,.F.);
#2627 = ORIENTED_EDGE('',*,*,#2604,.F.);
#2628 = PLANE('',#2629);
#2629 = AXIS2_PLACEMENT_3D('',#2630,#2631,#2632);
#2630 = CARTESIAN_POINT('',(80.415687919463,11.879194630872,8.5));
#2631 = DIRECTION('',(1.,0.,0.));
#2632 = DIRECTION('',(0.,-1.,0.));
#2633 = ADVANCED_FACE('',(#2634),#2659,.F.);
#2634 = FACE_BOUND('',#2635,.F.);
#2635 = EDGE_LOOP('',(#2636,#2646,#2652,#2653));
#2636 = ORIENTED_EDGE('',*,*,#2637,.F.);
#2637 = EDGE_CURVE('',#2638,#2640,#2642,.T.);
#2638 = VERTEX_POINT('',#2639);
#2639 = CARTESIAN_POINT('',(5.697567114094,8.786577181208,8.5));
#2640 = VERTEX_POINT('',#2641);
#2641 = CARTESIAN_POINT('',(6.553271812081,8.786577181208,8.5));
#2642 = LINE('',#2643,#2644);
#2643 = CARTESIAN_POINT('',(5.697567114094,8.786577181208,8.5));
#2644 = VECTOR('',#2645,1.);
#2645 = DIRECTION('',(1.,0.,0.));
#2646 = ORIENTED_EDGE('',*,*,#2647,.T.);
#2647 = EDGE_CURVE('',#2638,#248,#2648,.T.);
#2648 = LINE('',#2649,#2650);
#2649 = CARTESIAN_POINT('',(5.697567114094,8.786577181208,8.5));
#2650 = VECTOR('',#2651,1.);
#2651 = DIRECTION('',(0.,0.,1.));
#2652 = ORIENTED_EDGE('',*,*,#245,.F.);
#2653 = ORIENTED_EDGE('',*,*,#2654,.F.);
#2654 = EDGE_CURVE('',#2640,#246,#2655,.T.);
#2655 = LINE('',#2656,#2657);
#2656 = CARTESIAN_POINT('',(6.553271812081,8.786577181208,8.5));
#2657 = VECTOR('',#2658,1.);
#2658 = DIRECTION('',(0.,0.,1.));
#2659 = PLANE('',#2660);
#2660 = AXIS2_PLACEMENT_3D('',#2661,#2662,#2663);
#2661 = CARTESIAN_POINT('',(5.697567114094,8.786577181208,8.5));
#2662 = DIRECTION('',(0.,1.,0.));
#2663 = DIRECTION('',(1.,0.,0.));
#2664 = ADVANCED_FACE('',(#2665),#2683,.F.);
#2665 = FACE_BOUND('',#2666,.F.);
#2666 = EDGE_LOOP('',(#2667,#2675,#2676,#2677));
#2667 = ORIENTED_EDGE('',*,*,#2668,.F.);
#2668 = EDGE_CURVE('',#2640,#2669,#2671,.T.);
#2669 = VERTEX_POINT('',#2670);
#2670 = CARTESIAN_POINT('',(6.553271812081,11.224161073826,8.5));
#2671 = LINE('',#2672,#2673);
#2672 = CARTESIAN_POINT('',(6.553271812081,8.786577181208,8.5));
#2673 = VECTOR('',#2674,1.);
#2674 = DIRECTION('',(0.,1.,0.));
#2675 = ORIENTED_EDGE('',*,*,#2654,.T.);
#2676 = ORIENTED_EDGE('',*,*,#255,.F.);
#2677 = ORIENTED_EDGE('',*,*,#2678,.F.);
#2678 = EDGE_CURVE('',#2669,#256,#2679,.T.);
#2679 = LINE('',#2680,#2681);
#2680 = CARTESIAN_POINT('',(6.553271812081,11.224161073826,8.5));
#2681 = VECTOR('',#2682,1.);
#2682 = DIRECTION('',(0.,0.,1.));
#2683 = PLANE('',#2684);
#2684 = AXIS2_PLACEMENT_3D('',#2685,#2686,#2687);
#2685 = CARTESIAN_POINT('',(6.553271812081,8.786577181208,8.5));
#2686 = DIRECTION('',(-1.,0.,0.));
#2687 = DIRECTION('',(0.,1.,0.));
#2688 = ADVANCED_FACE('',(#2689),#2707,.F.);
#2689 = FACE_BOUND('',#2690,.F.);
#2690 = EDGE_LOOP('',(#2691,#2699,#2705,#2706));
#2691 = ORIENTED_EDGE('',*,*,#2692,.F.);
#2692 = EDGE_CURVE('',#2693,#2638,#2695,.T.);
#2693 = VERTEX_POINT('',#2694);
#2694 = CARTESIAN_POINT('',(5.697567114094,8.120805369128,8.5));
#2695 = LINE('',#2696,#2697);
#2696 = CARTESIAN_POINT('',(5.697567114094,8.120805369128,8.5));
#2697 = VECTOR('',#2698,1.);
#2698 = DIRECTION('',(0.,1.,0.));
#2699 = ORIENTED_EDGE('',*,*,#2700,.T.);
#2700 = EDGE_CURVE('',#2693,#320,#2701,.T.);
#2701 = LINE('',#2702,#2703);
#2702 = CARTESIAN_POINT('',(5.697567114094,8.120805369128,8.5));
#2703 = VECTOR('',#2704,1.);
#2704 = DIRECTION('',(0.,0.,1.));
#2705 = ORIENTED_EDGE('',*,*,#327,.F.);
#2706 = ORIENTED_EDGE('',*,*,#2647,.F.);
#2707 = PLANE('',#2708);
#2708 = AXIS2_PLACEMENT_3D('',#2709,#2710,#2711);
#2709 = CARTESIAN_POINT('',(5.697567114094,8.120805369128,8.5));
#2710 = DIRECTION('',(-1.,0.,0.));
#2711 = DIRECTION('',(0.,1.,0.));
#2712 = ADVANCED_FACE('',(#2713),#2731,.F.);
#2713 = FACE_BOUND('',#2714,.F.);
#2714 = EDGE_LOOP('',(#2715,#2723,#2724,#2725));
#2715 = ORIENTED_EDGE('',*,*,#2716,.F.);
#2716 = EDGE_CURVE('',#2669,#2717,#2719,.T.);
#2717 = VERTEX_POINT('',#2718);
#2718 = CARTESIAN_POINT('',(5.674916107383,11.041610738255,8.5));
#2719 = LINE('',#2720,#2721);
#2720 = CARTESIAN_POINT('',(6.553271812081,11.224161073826,8.5));
#2721 = VECTOR('',#2722,1.);
#2722 = DIRECTION('',(-0.979078331663,-0.203483710573,0.));
#2723 = ORIENTED_EDGE('',*,*,#2678,.T.);
#2724 = ORIENTED_EDGE('',*,*,#263,.F.);
#2725 = ORIENTED_EDGE('',*,*,#2726,.F.);
#2726 = EDGE_CURVE('',#2717,#264,#2727,.T.);
#2727 = LINE('',#2728,#2729);
#2728 = CARTESIAN_POINT('',(5.674916107383,11.041610738255,8.5));
#2729 = VECTOR('',#2730,1.);
#2730 = DIRECTION('',(0.,0.,1.));
#2731 = PLANE('',#2732);
#2732 = AXIS2_PLACEMENT_3D('',#2733,#2734,#2735);
#2733 = CARTESIAN_POINT('',(6.553271812081,11.224161073826,8.5));
#2734 = DIRECTION('',(0.203483710573,-0.979078331663,0.));
#2735 = DIRECTION('',(-0.979078331663,-0.203483710573,0.));
#2736 = ADVANCED_FACE('',(#2737),#2755,.F.);
#2737 = FACE_BOUND('',#2738,.F.);
#2738 = EDGE_LOOP('',(#2739,#2747,#2753,#2754));
#2739 = ORIENTED_EDGE('',*,*,#2740,.F.);
#2740 = EDGE_CURVE('',#2741,#2693,#2743,.T.);
#2741 = VERTEX_POINT('',#2742);
#2742 = CARTESIAN_POINT('',(8.325083892617,8.120805369128,8.5));
#2743 = LINE('',#2744,#2745);
#2744 = CARTESIAN_POINT('',(8.325083892617,8.120805369128,8.5));
#2745 = VECTOR('',#2746,1.);
#2746 = DIRECTION('',(-1.,0.,0.));
#2747 = ORIENTED_EDGE('',*,*,#2748,.T.);
#2748 = EDGE_CURVE('',#2741,#312,#2749,.T.);
#2749 = LINE('',#2750,#2751);
#2750 = CARTESIAN_POINT('',(8.325083892617,8.120805369128,8.5));
#2751 = VECTOR('',#2752,1.);
#2752 = DIRECTION('',(0.,0.,1.));
#2753 = ORIENTED_EDGE('',*,*,#319,.F.);
#2754 = ORIENTED_EDGE('',*,*,#2700,.F.);
#2755 = PLANE('',#2756);
#2756 = AXIS2_PLACEMENT_3D('',#2757,#2758,#2759);
#2757 = CARTESIAN_POINT('',(8.325083892617,8.120805369128,8.5));
#2758 = DIRECTION('',(0.,-1.,0.));
#2759 = DIRECTION('',(-1.,0.,0.));
#2760 = ADVANCED_FACE('',(#2761),#2779,.F.);
#2761 = FACE_BOUND('',#2762,.F.);
#2762 = EDGE_LOOP('',(#2763,#2771,#2772,#2773));
#2763 = ORIENTED_EDGE('',*,*,#2764,.F.);
#2764 = EDGE_CURVE('',#2717,#2765,#2767,.T.);
#2765 = VERTEX_POINT('',#2766);
#2766 = CARTESIAN_POINT('',(5.674916107383,11.696644295302,8.5));
#2767 = LINE('',#2768,#2769);
#2768 = CARTESIAN_POINT('',(5.674916107383,11.041610738255,8.5));
#2769 = VECTOR('',#2770,1.);
#2770 = DIRECTION('',(0.,1.,0.));
#2771 = ORIENTED_EDGE('',*,*,#2726,.T.);
#2772 = ORIENTED_EDGE('',*,*,#271,.F.);
#2773 = ORIENTED_EDGE('',*,*,#2774,.F.);
#2774 = EDGE_CURVE('',#2765,#272,#2775,.T.);
#2775 = LINE('',#2776,#2777);
#2776 = CARTESIAN_POINT('',(5.674916107383,11.696644295302,8.5));
#2777 = VECTOR('',#2778,1.);
#2778 = DIRECTION('',(0.,0.,1.));
#2779 = PLANE('',#2780);
#2780 = AXIS2_PLACEMENT_3D('',#2781,#2782,#2783);
#2781 = CARTESIAN_POINT('',(5.674916107383,11.041610738255,8.5));
#2782 = DIRECTION('',(-1.,0.,0.));
#2783 = DIRECTION('',(0.,1.,0.));
#2784 = ADVANCED_FACE('',(#2785),#2803,.F.);
#2785 = FACE_BOUND('',#2786,.F.);
#2786 = EDGE_LOOP('',(#2787,#2795,#2801,#2802));
#2787 = ORIENTED_EDGE('',*,*,#2788,.F.);
#2788 = EDGE_CURVE('',#2789,#2741,#2791,.T.);
#2789 = VERTEX_POINT('',#2790);
#2790 = CARTESIAN_POINT('',(8.325083892617,8.786577181208,8.5));
#2791 = LINE('',#2792,#2793);
#2792 = CARTESIAN_POINT('',(8.325083892617,8.786577181208,8.5));
#2793 = VECTOR('',#2794,1.);
#2794 = DIRECTION('',(0.,-1.,0.));
#2795 = ORIENTED_EDGE('',*,*,#2796,.T.);
#2796 = EDGE_CURVE('',#2789,#304,#2797,.T.);
#2797 = LINE('',#2798,#2799);
#2798 = CARTESIAN_POINT('',(8.325083892617,8.786577181208,8.5));
#2799 = VECTOR('',#2800,1.);
#2800 = DIRECTION('',(0.,0.,1.));
#2801 = ORIENTED_EDGE('',*,*,#311,.F.);
#2802 = ORIENTED_EDGE('',*,*,#2748,.F.);
#2803 = PLANE('',#2804);
#2804 = AXIS2_PLACEMENT_3D('',#2805,#2806,#2807);
#2805 = CARTESIAN_POINT('',(8.325083892617,8.786577181208,8.5));
#2806 = DIRECTION('',(1.,0.,0.));
#2807 = DIRECTION('',(0.,-1.,0.));
#2808 = ADVANCED_FACE('',(#2809),#2827,.F.);
#2809 = FACE_BOUND('',#2810,.F.);
#2810 = EDGE_LOOP('',(#2811,#2819,#2820,#2821));
#2811 = ORIENTED_EDGE('',*,*,#2812,.F.);
#2812 = EDGE_CURVE('',#2765,#2813,#2815,.T.);
#2813 = VERTEX_POINT('',#2814);
#2814 = CARTESIAN_POINT('',(6.548238255034,11.879194630872,8.5));
#2815 = LINE('',#2816,#2817);
#2816 = CARTESIAN_POINT('',(5.674916107383,11.696644295302,8.5));
#2817 = VECTOR('',#2818,1.);
#2818 = DIRECTION('',(0.978844086222,0.204607563076,0.));
#2819 = ORIENTED_EDGE('',*,*,#2774,.T.);
#2820 = ORIENTED_EDGE('',*,*,#279,.F.);
#2821 = ORIENTED_EDGE('',*,*,#2822,.F.);
#2822 = EDGE_CURVE('',#2813,#280,#2823,.T.);
#2823 = LINE('',#2824,#2825);
#2824 = CARTESIAN_POINT('',(6.548238255034,11.879194630872,8.5));
#2825 = VECTOR('',#2826,1.);
#2826 = DIRECTION('',(0.,0.,1.));
#2827 = PLANE('',#2828);
#2828 = AXIS2_PLACEMENT_3D('',#2829,#2830,#2831);
#2829 = CARTESIAN_POINT('',(5.674916107383,11.696644295302,8.5));
#2830 = DIRECTION('',(-0.204607563076,0.978844086222,0.));
#2831 = DIRECTION('',(0.978844086222,0.204607563076,0.));
#2832 = ADVANCED_FACE('',(#2833),#2851,.F.);
#2833 = FACE_BOUND('',#2834,.F.);
#2834 = EDGE_LOOP('',(#2835,#2843,#2849,#2850));
#2835 = ORIENTED_EDGE('',*,*,#2836,.F.);
#2836 = EDGE_CURVE('',#2837,#2789,#2839,.T.);
#2837 = VERTEX_POINT('',#2838);
#2838 = CARTESIAN_POINT('',(7.469379194631,8.786577181208,8.5));
#2839 = LINE('',#2840,#2841);
#2840 = CARTESIAN_POINT('',(7.469379194631,8.786577181208,8.5));
#2841 = VECTOR('',#2842,1.);
#2842 = DIRECTION('',(1.,0.,0.));
#2843 = ORIENTED_EDGE('',*,*,#2844,.T.);
#2844 = EDGE_CURVE('',#2837,#296,#2845,.T.);
#2845 = LINE('',#2846,#2847);
#2846 = CARTESIAN_POINT('',(7.469379194631,8.786577181208,8.5));
#2847 = VECTOR('',#2848,1.);
#2848 = DIRECTION('',(0.,0.,1.));
#2849 = ORIENTED_EDGE('',*,*,#303,.F.);
#2850 = ORIENTED_EDGE('',*,*,#2796,.F.);
#2851 = PLANE('',#2852);
#2852 = AXIS2_PLACEMENT_3D('',#2853,#2854,#2855);
#2853 = CARTESIAN_POINT('',(7.469379194631,8.786577181208,8.5));
#2854 = DIRECTION('',(0.,1.,0.));
#2855 = DIRECTION('',(1.,0.,0.));
#2856 = ADVANCED_FACE('',(#2857),#2875,.F.);
#2857 = FACE_BOUND('',#2858,.F.);
#2858 = EDGE_LOOP('',(#2859,#2867,#2868,#2869));
#2859 = ORIENTED_EDGE('',*,*,#2860,.F.);
#2860 = EDGE_CURVE('',#2813,#2861,#2863,.T.);
#2861 = VERTEX_POINT('',#2862);
#2862 = CARTESIAN_POINT('',(7.469379194631,11.879194630872,8.5));
#2863 = LINE('',#2864,#2865);
#2864 = CARTESIAN_POINT('',(6.548238255034,11.879194630872,8.5));
#2865 = VECTOR('',#2866,1.);
#2866 = DIRECTION('',(1.,0.,0.));
#2867 = ORIENTED_EDGE('',*,*,#2822,.T.);
#2868 = ORIENTED_EDGE('',*,*,#287,.F.);
#2869 = ORIENTED_EDGE('',*,*,#2870,.F.);
#2870 = EDGE_CURVE('',#2861,#288,#2871,.T.);
#2871 = LINE('',#2872,#2873);
#2872 = CARTESIAN_POINT('',(7.469379194631,11.879194630872,8.5));
#2873 = VECTOR('',#2874,1.);
#2874 = DIRECTION('',(0.,0.,1.));
#2875 = PLANE('',#2876);
#2876 = AXIS2_PLACEMENT_3D('',#2877,#2878,#2879);
#2877 = CARTESIAN_POINT('',(6.548238255034,11.879194630872,8.5));
#2878 = DIRECTION('',(0.,1.,0.));
#2879 = DIRECTION('',(1.,0.,0.));
#2880 = ADVANCED_FACE('',(#2881),#2892,.F.);
#2881 = FACE_BOUND('',#2882,.F.);
#2882 = EDGE_LOOP('',(#2883,#2889,#2890,#2891));
#2883 = ORIENTED_EDGE('',*,*,#2884,.F.);
#2884 = EDGE_CURVE('',#2861,#2837,#2885,.T.);
#2885 = LINE('',#2886,#2887);
#2886 = CARTESIAN_POINT('',(7.469379194631,11.879194630872,8.5));
#2887 = VECTOR('',#2888,1.);
#2888 = DIRECTION('',(0.,-1.,0.));
#2889 = ORIENTED_EDGE('',*,*,#2870,.T.);
#2890 = ORIENTED_EDGE('',*,*,#295,.F.);
#2891 = ORIENTED_EDGE('',*,*,#2844,.F.);
#2892 = PLANE('',#2893);
#2893 = AXIS2_PLACEMENT_3D('',#2894,#2895,#2896);
#2894 = CARTESIAN_POINT('',(7.469379194631,11.879194630872,8.5));
#2895 = DIRECTION('',(1.,0.,0.));
#2896 = DIRECTION('',(0.,-1.,0.));
#2897 = ADVANCED_FACE('',(#2898),#2923,.F.);
#2898 = FACE_BOUND('',#2899,.F.);
#2899 = EDGE_LOOP('',(#2900,#2910,#2916,#2917));
#2900 = ORIENTED_EDGE('',*,*,#2901,.F.);
#2901 = EDGE_CURVE('',#2902,#2904,#2906,.T.);
#2902 = VERTEX_POINT('',#2903);
#2903 = CARTESIAN_POINT('',(18.71182885906,8.797315436242,8.5));
#2904 = VERTEX_POINT('',#2905);
#2905 = CARTESIAN_POINT('',(20.365352348993,8.797315436242,8.5));
#2906 = LINE('',#2907,#2908);
#2907 = CARTESIAN_POINT('',(18.71182885906,8.797315436242,8.5));
#2908 = VECTOR('',#2909,1.);
#2909 = DIRECTION('',(1.,0.,0.));
#2910 = ORIENTED_EDGE('',*,*,#2911,.T.);
#2911 = EDGE_CURVE('',#2902,#338,#2912,.T.);
#2912 = LINE('',#2913,#2914);
#2913 = CARTESIAN_POINT('',(18.71182885906,8.797315436242,8.5));
#2914 = VECTOR('',#2915,1.);
#2915 = DIRECTION('',(0.,0.,1.));
#2916 = ORIENTED_EDGE('',*,*,#335,.F.);
#2917 = ORIENTED_EDGE('',*,*,#2918,.F.);
#2918 = EDGE_CURVE('',#2904,#336,#2919,.T.);
#2919 = LINE('',#2920,#2921);
#2920 = CARTESIAN_POINT('',(20.365352348993,8.797315436242,8.5));
#2921 = VECTOR('',#2922,1.);
#2922 = DIRECTION('',(0.,0.,1.));
#2923 = PLANE('',#2924);
#2924 = AXIS2_PLACEMENT_3D('',#2925,#2926,#2927);
#2925 = CARTESIAN_POINT('',(18.71182885906,8.797315436242,8.5));
#2926 = DIRECTION('',(0.,1.,0.));
#2927 = DIRECTION('',(1.,0.,0.));
#2928 = ADVANCED_FACE('',(#2929),#2947,.F.);
#2929 = FACE_BOUND('',#2930,.F.);
#2930 = EDGE_LOOP('',(#2931,#2939,#2940,#2941));
#2931 = ORIENTED_EDGE('',*,*,#2932,.F.);
#2932 = EDGE_CURVE('',#2904,#2933,#2935,.T.);
#2933 = VERTEX_POINT('',#2934);
#2934 = CARTESIAN_POINT('',(20.365352348993,8.088590604027,8.5));
#2935 = LINE('',#2936,#2937);
#2936 = CARTESIAN_POINT('',(20.365352348993,8.797315436242,8.5));
#2937 = VECTOR('',#2938,1.);
#2938 = DIRECTION('',(0.,-1.,0.));
#2939 = ORIENTED_EDGE('',*,*,#2918,.T.);
#2940 = ORIENTED_EDGE('',*,*,#345,.F.);
#2941 = ORIENTED_EDGE('',*,*,#2942,.F.);
#2942 = EDGE_CURVE('',#2933,#346,#2943,.T.);
#2943 = LINE('',#2944,#2945);
#2944 = CARTESIAN_POINT('',(20.365352348993,8.088590604027,8.5));
#2945 = VECTOR('',#2946,1.);
#2946 = DIRECTION('',(0.,0.,1.));
#2947 = PLANE('',#2948);
#2948 = AXIS2_PLACEMENT_3D('',#2949,#2950,#2951);
#2949 = CARTESIAN_POINT('',(20.365352348993,8.797315436242,8.5));
#2950 = DIRECTION('',(1.,0.,0.));
#2951 = DIRECTION('',(0.,-1.,0.));
#2952 = ADVANCED_FACE('',(#2953),#2971,.F.);
#2953 = FACE_BOUND('',#2954,.F.);
#2954 = EDGE_LOOP('',(#2955,#2963,#2969,#2970));
#2955 = ORIENTED_EDGE('',*,*,#2956,.F.);
#2956 = EDGE_CURVE('',#2957,#2902,#2959,.T.);
#2957 = VERTEX_POINT('',#2958);
#2958 = CARTESIAN_POINT('',(19.514681208054,9.500503355705,8.5));
#2959 = LINE('',#2960,#2961);
#2960 = CARTESIAN_POINT('',(19.514681208054,9.500503355705,8.5));
#2961 = VECTOR('',#2962,1.);
#2962 = DIRECTION('',(-0.752255226589,-0.65887181915,0.));
#2963 = ORIENTED_EDGE('',*,*,#2964,.T.);
#2964 = EDGE_CURVE('',#2957,#535,#2965,.T.);
#2965 = LINE('',#2966,#2967);
#2966 = CARTESIAN_POINT('',(19.514681208054,9.500503355705,8.5));
#2967 = VECTOR('',#2968,1.);
#2968 = DIRECTION('',(0.,0.,1.));
#2969 = ORIENTED_EDGE('',*,*,#546,.F.);
#2970 = ORIENTED_EDGE('',*,*,#2911,.F.);
#2971 = PLANE('',#2972);
#2972 = AXIS2_PLACEMENT_3D('',#2973,#2974,#2975);
#2973 = CARTESIAN_POINT('',(19.514681208054,9.500503355705,8.5));
#2974 = DIRECTION('',(0.65887181915,-0.752255226589,0.));
#2975 = DIRECTION('',(-0.752255226589,-0.65887181915,0.));
#2976 = ADVANCED_FACE('',(#2977),#2995,.F.);
#2977 = FACE_BOUND('',#2978,.F.);
#2978 = EDGE_LOOP('',(#2979,#2987,#2988,#2989));
#2979 = ORIENTED_EDGE('',*,*,#2980,.F.);
#2980 = EDGE_CURVE('',#2933,#2981,#2983,.T.);
#2981 = VERTEX_POINT('',#2982);
#2982 = CARTESIAN_POINT('',(17.634647651007,8.088590604027,8.5));
#2983 = LINE('',#2984,#2985);
#2984 = CARTESIAN_POINT('',(20.365352348993,8.088590604027,8.5));
#2985 = VECTOR('',#2986,1.);
#2986 = DIRECTION('',(-1.,0.,0.));
#2987 = ORIENTED_EDGE('',*,*,#2942,.T.);
#2988 = ORIENTED_EDGE('',*,*,#353,.F.);
#2989 = ORIENTED_EDGE('',*,*,#2990,.F.);
#2990 = EDGE_CURVE('',#2981,#354,#2991,.T.);
#2991 = LINE('',#2992,#2993);
#2992 = CARTESIAN_POINT('',(17.634647651007,8.088590604027,8.5));
#2993 = VECTOR('',#2994,1.);
#2994 = DIRECTION('',(0.,0.,1.));
#2995 = PLANE('',#2996);
#2996 = AXIS2_PLACEMENT_3D('',#2997,#2998,#2999);
#2997 = CARTESIAN_POINT('',(20.365352348993,8.088590604027,8.5));
#2998 = DIRECTION('',(0.,-1.,0.));
#2999 = DIRECTION('',(-1.,0.,0.));
#3000 = ADVANCED_FACE('',(#3001),#3019,.F.);
#3001 = FACE_BOUND('',#3002,.F.);
#3002 = EDGE_LOOP('',(#3003,#3011,#3017,#3018));
#3003 = ORIENTED_EDGE('',*,*,#3004,.F.);
#3004 = EDGE_CURVE('',#3005,#2957,#3007,.T.);
#3005 = VERTEX_POINT('',#3006);
#3006 = CARTESIAN_POINT('',(20.181627516779,10.212248322148,8.5));
#3007 = B_SPLINE_CURVE_WITH_KNOTS('',2,(#3008,#3009,#3010),
  .UNSPECIFIED.,.F.,.F.,(3,3),(0.,1.),.PIECEWISE_BEZIER_KNOTS.);
#3008 = CARTESIAN_POINT('',(20.181627516779,10.212248322148,8.5));
#3009 = CARTESIAN_POINT('',(20.023070469799,9.946476510067,8.5));
#3010 = CARTESIAN_POINT('',(19.514681208054,9.500503355705,8.5));
#3011 = ORIENTED_EDGE('',*,*,#3012,.T.);
#3012 = EDGE_CURVE('',#3005,#520,#3013,.T.);
#3013 = LINE('',#3014,#3015);
#3014 = CARTESIAN_POINT('',(20.181627516779,10.212248322148,8.5));
#3015 = VECTOR('',#3016,1.);
#3016 = DIRECTION('',(0.,0.,1.));
#3017 = ORIENTED_EDGE('',*,*,#534,.F.);
#3018 = ORIENTED_EDGE('',*,*,#2964,.F.);
#3019 = SURFACE_OF_LINEAR_EXTRUSION('',#3020,#3024);
#3020 = B_SPLINE_CURVE_WITH_KNOTS('',2,(#3021,#3022,#3023),
  .UNSPECIFIED.,.F.,.F.,(3,3),(0.,1.),.PIECEWISE_BEZIER_KNOTS.);
#3021 = CARTESIAN_POINT('',(20.181627516779,10.212248322148,8.5));
#3022 = CARTESIAN_POINT('',(20.023070469799,9.946476510067,8.5));
#3023 = CARTESIAN_POINT('',(19.514681208054,9.500503355705,8.5));
#3024 = VECTOR('',#3025,1.);
#3025 = DIRECTION('',(-0.,-0.,-1.));
#3026 = ADVANCED_FACE('',(#3027),#3045,.F.);
#3027 = FACE_BOUND('',#3028,.F.);
#3028 = EDGE_LOOP('',(#3029,#3037,#3038,#3039));
#3029 = ORIENTED_EDGE('',*,*,#3030,.F.);
#3030 = EDGE_CURVE('',#2981,#3031,#3033,.T.);
#3031 = VERTEX_POINT('',#3032);
#3032 = CARTESIAN_POINT('',(17.634647651007,8.797315436242,8.5));
#3033 = LINE('',#3034,#3035);
#3034 = CARTESIAN_POINT('',(17.634647651007,8.088590604027,8.5));
#3035 = VECTOR('',#3036,1.);
#3036 = DIRECTION('',(0.,1.,0.));
#3037 = ORIENTED_EDGE('',*,*,#2990,.T.);
#3038 = ORIENTED_EDGE('',*,*,#361,.F.);
#3039 = ORIENTED_EDGE('',*,*,#3040,.F.);
#3040 = EDGE_CURVE('',#3031,#362,#3041,.T.);
#3041 = LINE('',#3042,#3043);
#3042 = CARTESIAN_POINT('',(17.634647651007,8.797315436242,8.5));
#3043 = VECTOR('',#3044,1.);
#3044 = DIRECTION('',(0.,0.,1.));
#3045 = PLANE('',#3046);
#3046 = AXIS2_PLACEMENT_3D('',#3047,#3048,#3049);
#3047 = CARTESIAN_POINT('',(17.634647651007,8.088590604027,8.5));
#3048 = DIRECTION('',(-1.,0.,0.));
#3049 = DIRECTION('',(0.,1.,0.));
#3050 = ADVANCED_FACE('',(#3051),#3069,.F.);
#3051 = FACE_BOUND('',#3052,.F.);
#3052 = EDGE_LOOP('',(#3053,#3061,#3067,#3068));
#3053 = ORIENTED_EDGE('',*,*,#3054,.F.);
#3054 = EDGE_CURVE('',#3055,#3005,#3057,.T.);
#3055 = VERTEX_POINT('',#3056);
#3056 = CARTESIAN_POINT('',(20.340184563758,10.785234899329,8.5));
#3057 = B_SPLINE_CURVE_WITH_KNOTS('',2,(#3058,#3059,#3060),
  .UNSPECIFIED.,.F.,.F.,(3,3),(0.,1.),.PIECEWISE_BEZIER_KNOTS.);
#3058 = CARTESIAN_POINT('',(20.340184563758,10.785234899329,8.5));
#3059 = CARTESIAN_POINT('',(20.340184563758,10.478020134228,8.5));
#3060 = CARTESIAN_POINT('',(20.181627516779,10.212248322148,8.5));
#3061 = ORIENTED_EDGE('',*,*,#3062,.T.);
#3062 = EDGE_CURVE('',#3055,#501,#3063,.T.);
#3063 = LINE('',#3064,#3065);
#3064 = CARTESIAN_POINT('',(20.340184563758,10.785234899329,8.5));
#3065 = VECTOR('',#3066,1.);
#3066 = DIRECTION('',(0.,0.,1.));
#3067 = ORIENTED_EDGE('',*,*,#519,.F.);
#3068 = ORIENTED_EDGE('',*,*,#3012,.F.);
#3069 = SURFACE_OF_LINEAR_EXTRUSION('',#3070,#3074);
#3070 = B_SPLINE_CURVE_WITH_KNOTS('',2,(#3071,#3072,#3073),
  .UNSPECIFIED.,.F.,.F.,(3,3),(0.,1.),.PIECEWISE_BEZIER_KNOTS.);
#3071 = CARTESIAN_POINT('',(20.340184563758,10.785234899329,8.5));
#3072 = CARTESIAN_POINT('',(20.340184563758,10.478020134228,8.5));
#3073 = CARTESIAN_POINT('',(20.181627516779,10.212248322148,8.5));
#3074 = VECTOR('',#3075,1.);
#3075 = DIRECTION('',(-0.,-0.,-1.));
#3076 = ADVANCED_FACE('',(#3077),#3095,.F.);
#3077 = FACE_BOUND('',#3078,.F.);
#3078 = EDGE_LOOP('',(#3079,#3087,#3088,#3089));
#3079 = ORIENTED_EDGE('',*,*,#3080,.F.);
#3080 = EDGE_CURVE('',#3031,#3081,#3083,.T.);
#3081 = VERTEX_POINT('',#3082);
#3082 = CARTESIAN_POINT('',(19.006291946309,10.005201342282,8.5));
#3083 = LINE('',#3084,#3085);
#3084 = CARTESIAN_POINT('',(17.634647651007,8.797315436242,8.5));
#3085 = VECTOR('',#3086,1.);
#3086 = DIRECTION('',(0.750485828524,0.66088654184,0.));
#3087 = ORIENTED_EDGE('',*,*,#3040,.T.);
#3088 = ORIENTED_EDGE('',*,*,#369,.F.);
#3089 = ORIENTED_EDGE('',*,*,#3090,.F.);
#3090 = EDGE_CURVE('',#3081,#370,#3091,.T.);
#3091 = LINE('',#3092,#3093);
#3092 = CARTESIAN_POINT('',(19.006291946309,10.005201342282,8.5));
#3093 = VECTOR('',#3094,1.);
#3094 = DIRECTION('',(0.,0.,1.));
#3095 = PLANE('',#3096);
#3096 = AXIS2_PLACEMENT_3D('',#3097,#3098,#3099);
#3097 = CARTESIAN_POINT('',(17.634647651007,8.797315436242,8.5));
#3098 = DIRECTION('',(-0.66088654184,0.750485828524,0.));
#3099 = DIRECTION('',(0.750485828524,0.66088654184,0.));
#3100 = ADVANCED_FACE('',(#3101),#3119,.F.);
#3101 = FACE_BOUND('',#3102,.F.);
#3102 = EDGE_LOOP('',(#3103,#3111,#3117,#3118));
#3103 = ORIENTED_EDGE('',*,*,#3104,.F.);
#3104 = EDGE_CURVE('',#3105,#3055,#3107,.T.);
#3105 = VERTEX_POINT('',#3106);
#3106 = CARTESIAN_POINT('',(19.966359060403,11.614093959732,8.5));
#3107 = B_SPLINE_CURVE_WITH_KNOTS('',2,(#3108,#3109,#3110),
  .UNSPECIFIED.,.F.,.F.,(3,3),(0.,1.),.PIECEWISE_BEZIER_KNOTS.);
#3108 = CARTESIAN_POINT('',(19.966359060403,11.614093959732,8.5));
#3109 = CARTESIAN_POINT('',(20.340184563758,11.316946308725,8.5));
#3110 = CARTESIAN_POINT('',(20.340184563758,10.785234899329,8.5));
#3111 = ORIENTED_EDGE('',*,*,#3112,.T.);
#3112 = EDGE_CURVE('',#3105,#484,#3113,.T.);
#3113 = LINE('',#3114,#3115);
#3114 = CARTESIAN_POINT('',(19.966359060403,11.614093959732,8.5));
#3115 = VECTOR('',#3116,1.);
#3116 = DIRECTION('',(0.,0.,1.));
#3117 = ORIENTED_EDGE('',*,*,#500,.F.);
#3118 = ORIENTED_EDGE('',*,*,#3062,.F.);
#3119 = SURFACE_OF_LINEAR_EXTRUSION('',#3120,#3124);
#3120 = B_SPLINE_CURVE_WITH_KNOTS('',2,(#3121,#3122,#3123),
  .UNSPECIFIED.,.F.,.F.,(3,3),(0.,1.),.PIECEWISE_BEZIER_KNOTS.);
#3121 = CARTESIAN_POINT('',(19.966359060403,11.614093959732,8.5));
#3122 = CARTESIAN_POINT('',(20.340184563758,11.316946308725,8.5));
#3123 = CARTESIAN_POINT('',(20.340184563758,10.785234899329,8.5));
#3124 = VECTOR('',#3125,1.);
#3125 = DIRECTION('',(-0.,-0.,-1.));
#3126 = ADVANCED_FACE('',(#3127),#3145,.F.);
#3127 = FACE_BOUND('',#3128,.F.);
#3128 = EDGE_LOOP('',(#3129,#3137,#3138,#3139));
#3129 = ORIENTED_EDGE('',*,*,#3130,.F.);
#3130 = EDGE_CURVE('',#3081,#3131,#3133,.T.);
#3131 = VERTEX_POINT('',#3132);
#3132 = CARTESIAN_POINT('',(19.278104026846,10.329697986577,8.5));
#3133 = B_SPLINE_CURVE_WITH_KNOTS('',2,(#3134,#3135,#3136),
  .UNSPECIFIED.,.F.,.F.,(3,3),(0.,1.),.PIECEWISE_BEZIER_KNOTS.);
#3134 = CARTESIAN_POINT('',(19.006291946309,10.005201342282,8.5));
#3135 = CARTESIAN_POINT('',(19.190016778523,10.171308724832,8.5));
#3136 = CARTESIAN_POINT('',(19.278104026846,10.329697986577,8.5));
#3137 = ORIENTED_EDGE('',*,*,#3090,.T.);
#3138 = ORIENTED_EDGE('',*,*,#377,.F.);
#3139 = ORIENTED_EDGE('',*,*,#3140,.F.);
#3140 = EDGE_CURVE('',#3131,#378,#3141,.T.);
#3141 = LINE('',#3142,#3143);
#3142 = CARTESIAN_POINT('',(19.278104026846,10.329697986577,8.5));
#3143 = VECTOR('',#3144,1.);
#3144 = DIRECTION('',(0.,0.,1.));
#3145 = SURFACE_OF_LINEAR_EXTRUSION('',#3146,#3150);
#3146 = B_SPLINE_CURVE_WITH_KNOTS('',2,(#3147,#3148,#3149),
  .UNSPECIFIED.,.F.,.F.,(3,3),(0.,1.),.PIECEWISE_BEZIER_KNOTS.);
#3147 = CARTESIAN_POINT('',(19.006291946309,10.005201342282,8.5));
#3148 = CARTESIAN_POINT('',(19.190016778523,10.171308724832,8.5));
#3149 = CARTESIAN_POINT('',(19.278104026846,10.329697986577,8.5));
#3150 = VECTOR('',#3151,1.);
#3151 = DIRECTION('',(-0.,-0.,-1.));
#3152 = ADVANCED_FACE('',(#3153),#3171,.F.);
#3153 = FACE_BOUND('',#3154,.F.);
#3154 = EDGE_LOOP('',(#3155,#3163,#3169,#3170));
#3155 = ORIENTED_EDGE('',*,*,#3156,.F.);
#3156 = EDGE_CURVE('',#3157,#3105,#3159,.T.);
#3157 = VERTEX_POINT('',#3158);
#3158 = CARTESIAN_POINT('',(18.918204697987,11.911409395973,8.5));
#3159 = B_SPLINE_CURVE_WITH_KNOTS('',2,(#3160,#3161,#3162),
  .UNSPECIFIED.,.F.,.F.,(3,3),(0.,1.),.PIECEWISE_BEZIER_KNOTS.);
#3160 = CARTESIAN_POINT('',(18.918204697987,11.911409395973,8.5));
#3161 = CARTESIAN_POINT('',(19.592701342282,11.911409395973,8.5));
#3162 = CARTESIAN_POINT('',(19.966359060403,11.614093959732,8.5));
#3163 = ORIENTED_EDGE('',*,*,#3164,.T.);
#3164 = EDGE_CURVE('',#3157,#473,#3165,.T.);
#3165 = LINE('',#3166,#3167);
#3166 = CARTESIAN_POINT('',(18.918204697987,11.911409395973,8.5));
#3167 = VECTOR('',#3168,1.);
#3168 = DIRECTION('',(0.,0.,1.));
#3169 = ORIENTED_EDGE('',*,*,#483,.F.);
#3170 = ORIENTED_EDGE('',*,*,#3112,.F.);
#3171 = SURFACE_OF_LINEAR_EXTRUSION('',#3172,#3176);
#3172 = B_SPLINE_CURVE_WITH_KNOTS('',2,(#3173,#3174,#3175),
  .UNSPECIFIED.,.F.,.F.,(3,3),(0.,1.),.PIECEWISE_BEZIER_KNOTS.);
#3173 = CARTESIAN_POINT('',(18.918204697987,11.911409395973,8.5));
#3174 = CARTESIAN_POINT('',(19.592701342282,11.911409395973,8.5));
#3175 = CARTESIAN_POINT('',(19.966359060403,11.614093959732,8.5));
#3176 = VECTOR('',#3177,1.);
#3177 = DIRECTION('',(-0.,-0.,-1.));
#3178 = ADVANCED_FACE('',(#3179),#3197,.F.);
#3179 = FACE_BOUND('',#3180,.F.);
#3180 = EDGE_LOOP('',(#3181,#3189,#3190,#3191));
#3181 = ORIENTED_EDGE('',*,*,#3182,.F.);
#3182 = EDGE_CURVE('',#3131,#3183,#3185,.T.);
#3183 = VERTEX_POINT('',#3184);
#3184 = CARTESIAN_POINT('',(19.366191275168,10.659395973154,8.5));
#3185 = B_SPLINE_CURVE_WITH_KNOTS('',2,(#3186,#3187,#3188),
  .UNSPECIFIED.,.F.,.F.,(3,3),(0.,1.),.PIECEWISE_BEZIER_KNOTS.);
#3186 = CARTESIAN_POINT('',(19.278104026846,10.329697986577,8.5));
#3187 = CARTESIAN_POINT('',(19.366191275168,10.488255033557,8.5));
#3188 = CARTESIAN_POINT('',(19.366191275168,10.659395973154,8.5));
#3189 = ORIENTED_EDGE('',*,*,#3140,.T.);
#3190 = ORIENTED_EDGE('',*,*,#388,.F.);
#3191 = ORIENTED_EDGE('',*,*,#3192,.F.);
#3192 = EDGE_CURVE('',#3183,#389,#3193,.T.);
#3193 = LINE('',#3194,#3195);
#3194 = CARTESIAN_POINT('',(19.366191275168,10.659395973154,8.5));
#3195 = VECTOR('',#3196,1.);
#3196 = DIRECTION('',(0.,0.,1.));
#3197 = SURFACE_OF_LINEAR_EXTRUSION('',#3198,#3202);
#3198 = B_SPLINE_CURVE_WITH_KNOTS('',2,(#3199,#3200,#3201),
  .UNSPECIFIED.,.F.,.F.,(3,3),(0.,1.),.PIECEWISE_BEZIER_KNOTS.);
#3199 = CARTESIAN_POINT('',(19.278104026846,10.329697986577,8.5));
#3200 = CARTESIAN_POINT('',(19.366191275168,10.488255033557,8.5));
#3201 = CARTESIAN_POINT('',(19.366191275168,10.659395973154,8.5));
#3202 = VECTOR('',#3203,1.);
#3203 = DIRECTION('',(-0.,-0.,-1.));
#3204 = ADVANCED_FACE('',(#3205),#3223,.F.);
#3205 = FACE_BOUND('',#3206,.F.);
#3206 = EDGE_LOOP('',(#3207,#3215,#3221,#3222));
#3207 = ORIENTED_EDGE('',*,*,#3208,.F.);
#3208 = EDGE_CURVE('',#3209,#3157,#3211,.T.);
#3209 = VERTEX_POINT('',#3210);
#3210 = CARTESIAN_POINT('',(18.291526845638,11.853691275168,8.5));
#3211 = B_SPLINE_CURVE_WITH_KNOTS('',2,(#3212,#3213,#3214),
  .UNSPECIFIED.,.F.,.F.,(3,3),(0.,1.),.PIECEWISE_BEZIER_KNOTS.);
#3212 = CARTESIAN_POINT('',(18.291526845638,11.853691275168,8.5));
#3213 = CARTESIAN_POINT('',(18.611157718121,11.911409395973,8.5));
#3214 = CARTESIAN_POINT('',(18.918204697987,11.911409395973,8.5));
#3215 = ORIENTED_EDGE('',*,*,#3216,.T.);
#3216 = EDGE_CURVE('',#3209,#462,#3217,.T.);
#3217 = LINE('',#3218,#3219);
#3218 = CARTESIAN_POINT('',(18.291526845638,11.853691275168,8.5));
#3219 = VECTOR('',#3220,1.);
#3220 = DIRECTION('',(0.,0.,1.));
#3221 = ORIENTED_EDGE('',*,*,#472,.F.);
#3222 = ORIENTED_EDGE('',*,*,#3164,.F.);
#3223 = SURFACE_OF_LINEAR_EXTRUSION('',#3224,#3228);
#3224 = B_SPLINE_CURVE_WITH_KNOTS('',2,(#3225,#3226,#3227),
  .UNSPECIFIED.,.F.,.F.,(3,3),(0.,1.),.PIECEWISE_BEZIER_KNOTS.);
#3225 = CARTESIAN_POINT('',(18.291526845638,11.853691275168,8.5));
#3226 = CARTESIAN_POINT('',(18.611157718121,11.911409395973,8.5));
#3227 = CARTESIAN_POINT('',(18.918204697987,11.911409395973,8.5));
#3228 = VECTOR('',#3229,1.);
#3229 = DIRECTION('',(-0.,-0.,-1.));
#3230 = ADVANCED_FACE('',(#3231),#3249,.F.);
#3231 = FACE_BOUND('',#3232,.F.);
#3232 = EDGE_LOOP('',(#3233,#3241,#3242,#3243));
#3233 = ORIENTED_EDGE('',*,*,#3234,.F.);
#3234 = EDGE_CURVE('',#3183,#3235,#3237,.T.);
#3235 = VERTEX_POINT('',#3236);
#3236 = CARTESIAN_POINT('',(19.188674496644,11.084563758389,8.5));
#3237 = B_SPLINE_CURVE_WITH_KNOTS('',2,(#3238,#3239,#3240),
  .UNSPECIFIED.,.F.,.F.,(3,3),(0.,1.),.PIECEWISE_BEZIER_KNOTS.);
#3238 = CARTESIAN_POINT('',(19.366191275168,10.659395973154,8.5));
#3239 = CARTESIAN_POINT('',(19.366191275168,10.923657718121,8.5));
#3240 = CARTESIAN_POINT('',(19.188674496644,11.084563758389,8.5));
#3241 = ORIENTED_EDGE('',*,*,#3192,.T.);
#3242 = ORIENTED_EDGE('',*,*,#401,.F.);
#3243 = ORIENTED_EDGE('',*,*,#3244,.F.);
#3244 = EDGE_CURVE('',#3235,#402,#3245,.T.);
#3245 = LINE('',#3246,#3247);
#3246 = CARTESIAN_POINT('',(19.188674496644,11.084563758389,8.5));
#3247 = VECTOR('',#3248,1.);
#3248 = DIRECTION('',(0.,0.,1.));
#3249 = SURFACE_OF_LINEAR_EXTRUSION('',#3250,#3254);
#3250 = B_SPLINE_CURVE_WITH_KNOTS('',2,(#3251,#3252,#3253),
  .UNSPECIFIED.,.F.,.F.,(3,3),(0.,1.),.PIECEWISE_BEZIER_KNOTS.);
#3251 = CARTESIAN_POINT('',(19.366191275168,10.659395973154,8.5));
#3252 = CARTESIAN_POINT('',(19.366191275168,10.923657718121,8.5));
#3253 = CARTESIAN_POINT('',(19.188674496644,11.084563758389,8.5));
#3254 = VECTOR('',#3255,1.);
#3255 = DIRECTION('',(-0.,-0.,-1.));
#3256 = ADVANCED_FACE('',(#3257),#3275,.F.);
#3257 = FACE_BOUND('',#3258,.F.);
#3258 = EDGE_LOOP('',(#3259,#3267,#3273,#3274));
#3259 = ORIENTED_EDGE('',*,*,#3260,.F.);
#3260 = EDGE_CURVE('',#3261,#3209,#3263,.T.);
#3261 = VERTEX_POINT('',#3262);
#3262 = CARTESIAN_POINT('',(17.644714765101,11.685906040268,8.5));
#3263 = B_SPLINE_CURVE_WITH_KNOTS('',2,(#3264,#3265,#3266),
  .UNSPECIFIED.,.F.,.F.,(3,3),(0.,1.),.PIECEWISE_BEZIER_KNOTS.);
#3264 = CARTESIAN_POINT('',(17.644714765101,11.685906040268,8.5));
#3265 = CARTESIAN_POINT('',(17.971895973154,11.796140939597,8.5));
#3266 = CARTESIAN_POINT('',(18.291526845638,11.853691275168,8.5));
#3267 = ORIENTED_EDGE('',*,*,#3268,.T.);
#3268 = EDGE_CURVE('',#3261,#454,#3269,.T.);
#3269 = LINE('',#3270,#3271);
#3270 = CARTESIAN_POINT('',(17.644714765101,11.685906040268,8.5));
#3271 = VECTOR('',#3272,1.);
#3272 = DIRECTION('',(0.,0.,1.));
#3273 = ORIENTED_EDGE('',*,*,#461,.F.);
#3274 = ORIENTED_EDGE('',*,*,#3216,.F.);
#3275 = SURFACE_OF_LINEAR_EXTRUSION('',#3276,#3280);
#3276 = B_SPLINE_CURVE_WITH_KNOTS('',2,(#3277,#3278,#3279),
  .UNSPECIFIED.,.F.,.F.,(3,3),(0.,1.),.PIECEWISE_BEZIER_KNOTS.);
#3277 = CARTESIAN_POINT('',(17.644714765101,11.685906040268,8.5));
#3278 = CARTESIAN_POINT('',(17.971895973154,11.796140939597,8.5));
#3279 = CARTESIAN_POINT('',(18.291526845638,11.853691275168,8.5));
#3280 = VECTOR('',#3281,1.);
#3281 = DIRECTION('',(-0.,-0.,-1.));
#3282 = ADVANCED_FACE('',(#3283),#3301,.F.);
#3283 = FACE_BOUND('',#3284,.F.);
#3284 = EDGE_LOOP('',(#3285,#3293,#3294,#3295));
#3285 = ORIENTED_EDGE('',*,*,#3286,.F.);
#3286 = EDGE_CURVE('',#3235,#3287,#3289,.T.);
#3287 = VERTEX_POINT('',#3288);
#3288 = CARTESIAN_POINT('',(18.716862416107,11.245637583893,8.5));
#3289 = B_SPLINE_CURVE_WITH_KNOTS('',2,(#3290,#3291,#3292),
  .UNSPECIFIED.,.F.,.F.,(3,3),(0.,1.),.PIECEWISE_BEZIER_KNOTS.);
#3290 = CARTESIAN_POINT('',(19.188674496644,11.084563758389,8.5));
#3291 = CARTESIAN_POINT('',(19.011325503356,11.245637583893,8.5));
#3292 = CARTESIAN_POINT('',(18.716862416107,11.245637583893,8.5));
#3293 = ORIENTED_EDGE('',*,*,#3244,.T.);
#3294 = ORIENTED_EDGE('',*,*,#416,.F.);
#3295 = ORIENTED_EDGE('',*,*,#3296,.F.);
#3296 = EDGE_CURVE('',#3287,#417,#3297,.T.);
#3297 = LINE('',#3298,#3299);
#3298 = CARTESIAN_POINT('',(18.716862416107,11.245637583893,8.5));
#3299 = VECTOR('',#3300,1.);
#3300 = DIRECTION('',(0.,0.,1.));
#3301 = SURFACE_OF_LINEAR_EXTRUSION('',#3302,#3306);
#3302 = B_SPLINE_CURVE_WITH_KNOTS('',2,(#3303,#3304,#3305),
  .UNSPECIFIED.,.F.,.F.,(3,3),(0.,1.),.PIECEWISE_BEZIER_KNOTS.);
#3303 = CARTESIAN_POINT('',(19.188674496644,11.084563758389,8.5));
#3304 = CARTESIAN_POINT('',(19.011325503356,11.245637583893,8.5));
#3305 = CARTESIAN_POINT('',(18.716862416107,11.245637583893,8.5));
#3306 = VECTOR('',#3307,1.);
#3307 = DIRECTION('',(-0.,-0.,-1.));
#3308 = ADVANCED_FACE('',(#3309),#3327,.F.);
#3309 = FACE_BOUND('',#3310,.F.);
#3310 = EDGE_LOOP('',(#3311,#3319,#3325,#3326));
#3311 = ORIENTED_EDGE('',*,*,#3312,.F.);
#3312 = EDGE_CURVE('',#3313,#3261,#3315,.T.);
#3313 = VERTEX_POINT('',#3314);
#3314 = CARTESIAN_POINT('',(17.644714765101,10.859060402685,8.5));
#3315 = LINE('',#3316,#3317);
#3316 = CARTESIAN_POINT('',(17.644714765101,10.859060402685,8.5));
#3317 = VECTOR('',#3318,1.);
#3318 = DIRECTION('',(0.,1.,0.));
#3319 = ORIENTED_EDGE('',*,*,#3320,.T.);
#3320 = EDGE_CURVE('',#3313,#443,#3321,.T.);
#3321 = LINE('',#3322,#3323);
#3322 = CARTESIAN_POINT('',(17.644714765101,10.859060402685,8.5));
#3323 = VECTOR('',#3324,1.);
#3324 = DIRECTION('',(0.,0.,1.));
#3325 = ORIENTED_EDGE('',*,*,#453,.F.);
#3326 = ORIENTED_EDGE('',*,*,#3268,.F.);
#3327 = PLANE('',#3328);
#3328 = AXIS2_PLACEMENT_3D('',#3329,#3330,#3331);
#3329 = CARTESIAN_POINT('',(17.644714765101,10.859060402685,8.5));
#3330 = DIRECTION('',(-1.,0.,0.));
#3331 = DIRECTION('',(0.,1.,0.));
#3332 = ADVANCED_FACE('',(#3333),#3351,.F.);
#3333 = FACE_BOUND('',#3334,.F.);
#3334 = EDGE_LOOP('',(#3335,#3343,#3344,#3345));
#3335 = ORIENTED_EDGE('',*,*,#3336,.F.);
#3336 = EDGE_CURVE('',#3287,#3337,#3339,.T.);
#3337 = VERTEX_POINT('',#3338);
#3338 = CARTESIAN_POINT('',(18.22105704698,11.148322147651,8.5));
#3339 = B_SPLINE_CURVE_WITH_KNOTS('',2,(#3340,#3341,#3342),
  .UNSPECIFIED.,.F.,.F.,(3,3),(0.,1.),.PIECEWISE_BEZIER_KNOTS.);
#3340 = CARTESIAN_POINT('',(18.716862416107,11.245637583893,8.5));
#3341 = CARTESIAN_POINT('',(18.490352348993,11.245637583893,8.5));
#3342 = CARTESIAN_POINT('',(18.22105704698,11.148322147651,8.5));
#3343 = ORIENTED_EDGE('',*,*,#3296,.T.);
#3344 = ORIENTED_EDGE('',*,*,#431,.F.);
#3345 = ORIENTED_EDGE('',*,*,#3346,.F.);
#3346 = EDGE_CURVE('',#3337,#432,#3347,.T.);
#3347 = LINE('',#3348,#3349);
#3348 = CARTESIAN_POINT('',(18.22105704698,11.148322147651,8.5));
#3349 = VECTOR('',#3350,1.);
#3350 = DIRECTION('',(0.,0.,1.));
#3351 = SURFACE_OF_LINEAR_EXTRUSION('',#3352,#3356);
#3352 = B_SPLINE_CURVE_WITH_KNOTS('',2,(#3353,#3354,#3355),
  .UNSPECIFIED.,.F.,.F.,(3,3),(0.,1.),.PIECEWISE_BEZIER_KNOTS.);
#3353 = CARTESIAN_POINT('',(18.716862416107,11.245637583893,8.5));
#3354 = CARTESIAN_POINT('',(18.490352348993,11.245637583893,8.5));
#3355 = CARTESIAN_POINT('',(18.22105704698,11.148322147651,8.5));
#3356 = VECTOR('',#3357,1.);
#3357 = DIRECTION('',(-0.,-0.,-1.));
#3358 = ADVANCED_FACE('',(#3359),#3370,.F.);
#3359 = FACE_BOUND('',#3360,.F.);
#3360 = EDGE_LOOP('',(#3361,#3367,#3368,#3369));
#3361 = ORIENTED_EDGE('',*,*,#3362,.F.);
#3362 = EDGE_CURVE('',#3337,#3313,#3363,.T.);
#3363 = B_SPLINE_CURVE_WITH_KNOTS('',2,(#3364,#3365,#3366),
  .UNSPECIFIED.,.F.,.F.,(3,3),(0.,1.),.PIECEWISE_BEZIER_KNOTS.);
#3364 = CARTESIAN_POINT('',(18.22105704698,11.148322147651,8.5));
#3365 = CARTESIAN_POINT('',(17.951761744966,11.051006711409,8.5));
#3366 = CARTESIAN_POINT('',(17.644714765101,10.859060402685,8.5));
#3367 = ORIENTED_EDGE('',*,*,#3346,.T.);
#3368 = ORIENTED_EDGE('',*,*,#442,.F.);
#3369 = ORIENTED_EDGE('',*,*,#3320,.F.);
#3370 = SURFACE_OF_LINEAR_EXTRUSION('',#3371,#3375);
#3371 = B_SPLINE_CURVE_WITH_KNOTS('',2,(#3372,#3373,#3374),
  .UNSPECIFIED.,.F.,.F.,(3,3),(0.,1.),.PIECEWISE_BEZIER_KNOTS.);
#3372 = CARTESIAN_POINT('',(18.22105704698,11.148322147651,8.5));
#3373 = CARTESIAN_POINT('',(17.951761744966,11.051006711409,8.5));
#3374 = CARTESIAN_POINT('',(17.644714765101,10.859060402685,8.5));
#3375 = VECTOR('',#3376,1.);
#3376 = DIRECTION('',(-0.,-0.,-1.));
#3377 = ADVANCED_FACE('',(#3378),#3403,.F.);
#3378 = FACE_BOUND('',#3379,.F.);
#3379 = EDGE_LOOP('',(#3380,#3390,#3396,#3397));
#3380 = ORIENTED_EDGE('',*,*,#3381,.F.);
#3381 = EDGE_CURVE('',#3382,#3384,#3386,.T.);
#3382 = VERTEX_POINT('',#3383);
#3383 = CARTESIAN_POINT('',(31.640520134228,10.149496644295,8.5));
#3384 = VERTEX_POINT('',#3385);
#3385 = CARTESIAN_POINT('',(32.218036912752,9.80855704698,8.5));
#3386 = B_SPLINE_CURVE_WITH_KNOTS('',2,(#3387,#3388,#3389),
  .UNSPECIFIED.,.F.,.F.,(3,3),(0.,1.),.PIECEWISE_BEZIER_KNOTS.);
#3387 = CARTESIAN_POINT('',(31.640520134228,10.149496644295,8.5));
#3388 = CARTESIAN_POINT('',(32.020553691275,10.051342281879,8.5));
#3389 = CARTESIAN_POINT('',(32.218036912752,9.80855704698,8.5));
#3390 = ORIENTED_EDGE('',*,*,#3391,.T.);
#3391 = EDGE_CURVE('',#3382,#557,#3392,.T.);
#3392 = LINE('',#3393,#3394);
#3393 = CARTESIAN_POINT('',(31.640520134228,10.149496644295,8.5));
#3394 = VECTOR('',#3395,1.);
#3395 = DIRECTION('',(0.,0.,1.));
#3396 = ORIENTED_EDGE('',*,*,#554,.F.);
#3397 = ORIENTED_EDGE('',*,*,#3398,.F.);
#3398 = EDGE_CURVE('',#3384,#555,#3399,.T.);
#3399 = LINE('',#3400,#3401);
#3400 = CARTESIAN_POINT('',(32.218036912752,9.80855704698,8.5));
#3401 = VECTOR('',#3402,1.);
#3402 = DIRECTION('',(0.,0.,1.));
#3403 = SURFACE_OF_LINEAR_EXTRUSION('',#3404,#3408);
#3404 = B_SPLINE_CURVE_WITH_KNOTS('',2,(#3405,#3406,#3407),
  .UNSPECIFIED.,.F.,.F.,(3,3),(0.,1.),.PIECEWISE_BEZIER_KNOTS.);
#3405 = CARTESIAN_POINT('',(31.640520134228,10.149496644295,8.5));
#3406 = CARTESIAN_POINT('',(32.020553691275,10.051342281879,8.5));
#3407 = CARTESIAN_POINT('',(32.218036912752,9.80855704698,8.5));
#3408 = VECTOR('',#3409,1.);
#3409 = DIRECTION('',(-0.,-0.,-1.));
#3410 = ADVANCED_FACE('',(#3411),#3429,.F.);
#3411 = FACE_BOUND('',#3412,.F.);
#3412 = EDGE_LOOP('',(#3413,#3421,#3422,#3423));
#3413 = ORIENTED_EDGE('',*,*,#3414,.F.);
#3414 = EDGE_CURVE('',#3384,#3415,#3417,.T.);
#3415 = VERTEX_POINT('',#3416);
#3416 = CARTESIAN_POINT('',(32.415687919463,9.190771812081,8.5));
#3417 = B_SPLINE_CURVE_WITH_KNOTS('',2,(#3418,#3419,#3420),
  .UNSPECIFIED.,.F.,.F.,(3,3),(0.,1.),.PIECEWISE_BEZIER_KNOTS.);
#3418 = CARTESIAN_POINT('',(32.218036912752,9.80855704698,8.5));
#3419 = CARTESIAN_POINT('',(32.415687919463,9.565771812081,8.5));
#3420 = CARTESIAN_POINT('',(32.415687919463,9.190771812081,8.5));
#3421 = ORIENTED_EDGE('',*,*,#3398,.T.);
#3422 = ORIENTED_EDGE('',*,*,#571,.F.);
#3423 = ORIENTED_EDGE('',*,*,#3424,.F.);
#3424 = EDGE_CURVE('',#3415,#572,#3425,.T.);
#3425 = LINE('',#3426,#3427);
#3426 = CARTESIAN_POINT('',(32.415687919463,9.190771812081,8.5));
#3427 = VECTOR('',#3428,1.);
#3428 = DIRECTION('',(0.,0.,1.));
#3429 = SURFACE_OF_LINEAR_EXTRUSION('',#3430,#3434);
#3430 = B_SPLINE_CURVE_WITH_KNOTS('',2,(#3431,#3432,#3433),
  .UNSPECIFIED.,.F.,.F.,(3,3),(0.,1.),.PIECEWISE_BEZIER_KNOTS.);
#3431 = CARTESIAN_POINT('',(32.218036912752,9.80855704698,8.5));
#3432 = CARTESIAN_POINT('',(32.415687919463,9.565771812081,8.5));
#3433 = CARTESIAN_POINT('',(32.415687919463,9.190771812081,8.5));
#3434 = VECTOR('',#3435,1.);
#3435 = DIRECTION('',(-0.,-0.,-1.));
#3436 = ADVANCED_FACE('',(#3437),#3455,.F.);
#3437 = FACE_BOUND('',#3438,.F.);
#3438 = EDGE_LOOP('',(#3439,#3447,#3453,#3454));
#3439 = ORIENTED_EDGE('',*,*,#3440,.F.);
#3440 = EDGE_CURVE('',#3441,#3382,#3443,.T.);
#3441 = VERTEX_POINT('',#3442);
#3442 = CARTESIAN_POINT('',(32.15394295302,10.445134228188,8.5));
#3443 = B_SPLINE_CURVE_WITH_KNOTS('',2,(#3444,#3445,#3446),
  .UNSPECIFIED.,.F.,.F.,(3,3),(0.,1.),.PIECEWISE_BEZIER_KNOTS.);
#3444 = CARTESIAN_POINT('',(32.15394295302,10.445134228188,8.5));
#3445 = CARTESIAN_POINT('',(31.980285234899,10.235067114094,8.5));
#3446 = CARTESIAN_POINT('',(31.640520134228,10.149496644295,8.5));
#3447 = ORIENTED_EDGE('',*,*,#3448,.T.);
#3448 = EDGE_CURVE('',#3441,#891,#3449,.T.);
#3449 = LINE('',#3450,#3451);
#3450 = CARTESIAN_POINT('',(32.15394295302,10.445134228188,8.5));
#3451 = VECTOR('',#3452,1.);
#3452 = DIRECTION('',(0.,0.,1.));
#3453 = ORIENTED_EDGE('',*,*,#905,.F.);
#3454 = ORIENTED_EDGE('',*,*,#3391,.F.);
#3455 = SURFACE_OF_LINEAR_EXTRUSION('',#3456,#3460);
#3456 = B_SPLINE_CURVE_WITH_KNOTS('',2,(#3457,#3458,#3459),
  .UNSPECIFIED.,.F.,.F.,(3,3),(0.,1.),.PIECEWISE_BEZIER_KNOTS.);
#3457 = CARTESIAN_POINT('',(32.15394295302,10.445134228188,8.5));
#3458 = CARTESIAN_POINT('',(31.980285234899,10.235067114094,8.5));
#3459 = CARTESIAN_POINT('',(31.640520134228,10.149496644295,8.5));
#3460 = VECTOR('',#3461,1.);
#3461 = DIRECTION('',(-0.,-0.,-1.));
#3462 = ADVANCED_FACE('',(#3463),#3481,.F.);
#3463 = FACE_BOUND('',#3464,.F.);
#3464 = EDGE_LOOP('',(#3465,#3473,#3474,#3475));
#3465 = ORIENTED_EDGE('',*,*,#3466,.F.);
#3466 = EDGE_CURVE('',#3415,#3467,#3469,.T.);
#3467 = VERTEX_POINT('',#3468);
#3468 = CARTESIAN_POINT('',(31.98783557047,8.341610738255,8.5));
#3469 = B_SPLINE_CURVE_WITH_KNOTS('',2,(#3470,#3471,#3472),
  .UNSPECIFIED.,.F.,.F.,(3,3),(0.,1.),.PIECEWISE_BEZIER_KNOTS.);
#3470 = CARTESIAN_POINT('',(32.415687919463,9.190771812081,8.5));
#3471 = CARTESIAN_POINT('',(32.415687919463,8.632214765101,8.5));
#3472 = CARTESIAN_POINT('',(31.98783557047,8.341610738255,8.5));
#3473 = ORIENTED_EDGE('',*,*,#3424,.T.);
#3474 = ORIENTED_EDGE('',*,*,#588,.F.);
#3475 = ORIENTED_EDGE('',*,*,#3476,.F.);
#3476 = EDGE_CURVE('',#3467,#589,#3477,.T.);
#3477 = LINE('',#3478,#3479);
#3478 = CARTESIAN_POINT('',(31.98783557047,8.341610738255,8.5));
#3479 = VECTOR('',#3480,1.);
#3480 = DIRECTION('',(0.,0.,1.));
#3481 = SURFACE_OF_LINEAR_EXTRUSION('',#3482,#3486);
#3482 = B_SPLINE_CURVE_WITH_KNOTS('',2,(#3483,#3484,#3485),
  .UNSPECIFIED.,.F.,.F.,(3,3),(0.,1.),.PIECEWISE_BEZIER_KNOTS.);
#3483 = CARTESIAN_POINT('',(32.415687919463,9.190771812081,8.5));
#3484 = CARTESIAN_POINT('',(32.415687919463,8.632214765101,8.5));
#3485 = CARTESIAN_POINT('',(31.98783557047,8.341610738255,8.5));
#3486 = VECTOR('',#3487,1.);
#3487 = DIRECTION('',(-0.,-0.,-1.));
#3488 = ADVANCED_FACE('',(#3489),#3507,.F.);
#3489 = FACE_BOUND('',#3490,.F.);
#3490 = EDGE_LOOP('',(#3491,#3499,#3505,#3506));
#3491 = ORIENTED_EDGE('',*,*,#3492,.F.);
#3492 = EDGE_CURVE('',#3493,#3441,#3495,.T.);
#3493 = VERTEX_POINT('',#3494);
#3494 = CARTESIAN_POINT('',(32.327600671141,10.985067114094,8.5));
#3495 = B_SPLINE_CURVE_WITH_KNOTS('',2,(#3496,#3497,#3498),
  .UNSPECIFIED.,.F.,.F.,(3,3),(0.,1.),.PIECEWISE_BEZIER_KNOTS.);
#3496 = CARTESIAN_POINT('',(32.327600671141,10.985067114094,8.5));
#3497 = CARTESIAN_POINT('',(32.327600671141,10.655369127517,8.5));
#3498 = CARTESIAN_POINT('',(32.15394295302,10.445134228188,8.5));
#3499 = ORIENTED_EDGE('',*,*,#3500,.T.);
#3500 = EDGE_CURVE('',#3493,#872,#3501,.T.);
#3501 = LINE('',#3502,#3503);
#3502 = CARTESIAN_POINT('',(32.327600671141,10.985067114094,8.5));
#3503 = VECTOR('',#3504,1.);
#3504 = DIRECTION('',(0.,0.,1.));
#3505 = ORIENTED_EDGE('',*,*,#890,.F.);
#3506 = ORIENTED_EDGE('',*,*,#3448,.F.);
#3507 = SURFACE_OF_LINEAR_EXTRUSION('',#3508,#3512);
#3508 = B_SPLINE_CURVE_WITH_KNOTS('',2,(#3509,#3510,#3511),
  .UNSPECIFIED.,.F.,.F.,(3,3),(0.,1.),.PIECEWISE_BEZIER_KNOTS.);
#3509 = CARTESIAN_POINT('',(32.327600671141,10.985067114094,8.5));
#3510 = CARTESIAN_POINT('',(32.327600671141,10.655369127517,8.5));
#3511 = CARTESIAN_POINT('',(32.15394295302,10.445134228188,8.5));
#3512 = VECTOR('',#3513,1.);
#3513 = DIRECTION('',(-0.,-0.,-1.));
#3514 = ADVANCED_FACE('',(#3515),#3533,.F.);
#3515 = FACE_BOUND('',#3516,.F.);
#3516 = EDGE_LOOP('',(#3517,#3525,#3526,#3527));
#3517 = ORIENTED_EDGE('',*,*,#3518,.F.);
#3518 = EDGE_CURVE('',#3467,#3519,#3521,.T.);
#3519 = VERTEX_POINT('',#3520);
#3520 = CARTESIAN_POINT('',(30.739513422819,8.051006711409,8.5));
#3521 = B_SPLINE_CURVE_WITH_KNOTS('',2,(#3522,#3523,#3524),
  .UNSPECIFIED.,.F.,.F.,(3,3),(0.,1.),.PIECEWISE_BEZIER_KNOTS.);
#3522 = CARTESIAN_POINT('',(31.98783557047,8.341610738255,8.5));
#3523 = CARTESIAN_POINT('',(31.559983221477,8.051006711409,8.5));
#3524 = CARTESIAN_POINT('',(30.739513422819,8.051006711409,8.5));
#3525 = ORIENTED_EDGE('',*,*,#3476,.T.);
#3526 = ORIENTED_EDGE('',*,*,#607,.F.);
#3527 = ORIENTED_EDGE('',*,*,#3528,.F.);
#3528 = EDGE_CURVE('',#3519,#608,#3529,.T.);
#3529 = LINE('',#3530,#3531);
#3530 = CARTESIAN_POINT('',(30.739513422819,8.051006711409,8.5));
#3531 = VECTOR('',#3532,1.);
#3532 = DIRECTION('',(0.,0.,1.));
#3533 = SURFACE_OF_LINEAR_EXTRUSION('',#3534,#3538);
#3534 = B_SPLINE_CURVE_WITH_KNOTS('',2,(#3535,#3536,#3537),
  .UNSPECIFIED.,.F.,.F.,(3,3),(0.,1.),.PIECEWISE_BEZIER_KNOTS.);
#3535 = CARTESIAN_POINT('',(31.98783557047,8.341610738255,8.5));
#3536 = CARTESIAN_POINT('',(31.559983221477,8.051006711409,8.5));
#3537 = CARTESIAN_POINT('',(30.739513422819,8.051006711409,8.5));
#3538 = VECTOR('',#3539,1.);
#3539 = DIRECTION('',(-0.,-0.,-1.));
#3540 = ADVANCED_FACE('',(#3541),#3559,.F.);
#3541 = FACE_BOUND('',#3542,.F.);
#3542 = EDGE_LOOP('',(#3543,#3551,#3557,#3558));
#3543 = ORIENTED_EDGE('',*,*,#3544,.F.);
#3544 = EDGE_CURVE('',#3545,#3493,#3547,.T.);
#3545 = VERTEX_POINT('',#3546);
#3546 = CARTESIAN_POINT('',(31.963842281879,11.70855704698,8.5));
#3547 = B_SPLINE_CURVE_WITH_KNOTS('',2,(#3548,#3549,#3550),
  .UNSPECIFIED.,.F.,.F.,(3,3),(0.,1.),.PIECEWISE_BEZIER_KNOTS.);
#3548 = CARTESIAN_POINT('',(31.963842281879,11.70855704698,8.5));
#3549 = CARTESIAN_POINT('',(32.327600671141,11.468288590604,8.5));
#3550 = CARTESIAN_POINT('',(32.327600671141,10.985067114094,8.5));
#3551 = ORIENTED_EDGE('',*,*,#3552,.T.);
#3552 = EDGE_CURVE('',#3545,#855,#3553,.T.);
#3553 = LINE('',#3554,#3555);
#3554 = CARTESIAN_POINT('',(31.963842281879,11.70855704698,8.5));
#3555 = VECTOR('',#3556,1.);
#3556 = DIRECTION('',(0.,0.,1.));
#3557 = ORIENTED_EDGE('',*,*,#871,.F.);
#3558 = ORIENTED_EDGE('',*,*,#3500,.F.);
#3559 = SURFACE_OF_LINEAR_EXTRUSION('',#3560,#3564);
#3560 = B_SPLINE_CURVE_WITH_KNOTS('',2,(#3561,#3562,#3563),
  .UNSPECIFIED.,.F.,.F.,(3,3),(0.,1.),.PIECEWISE_BEZIER_KNOTS.);
#3561 = CARTESIAN_POINT('',(31.963842281879,11.70855704698,8.5));
#3562 = CARTESIAN_POINT('',(32.327600671141,11.468288590604,8.5));
#3563 = CARTESIAN_POINT('',(32.327600671141,10.985067114094,8.5));
#3564 = VECTOR('',#3565,1.);
#3565 = DIRECTION('',(-0.,-0.,-1.));
#3566 = ADVANCED_FACE('',(#3567),#3585,.F.);
#3567 = FACE_BOUND('',#3568,.F.);
#3568 = EDGE_LOOP('',(#3569,#3577,#3578,#3579));
#3569 = ORIENTED_EDGE('',*,*,#3570,.F.);
#3570 = EDGE_CURVE('',#3519,#3571,#3573,.T.);
#3571 = VERTEX_POINT('',#3572);
#3572 = CARTESIAN_POINT('',(30.159312080537,8.096644295302,8.5));
#3573 = B_SPLINE_CURVE_WITH_KNOTS('',2,(#3574,#3575,#3576),
  .UNSPECIFIED.,.F.,.F.,(3,3),(0.,1.),.PIECEWISE_BEZIER_KNOTS.);
#3574 = CARTESIAN_POINT('',(30.739513422819,8.051006711409,8.5));
#3575 = CARTESIAN_POINT('',(30.450083892617,8.051006711409,8.5));
#3576 = CARTESIAN_POINT('',(30.159312080537,8.096644295302,8.5));
#3577 = ORIENTED_EDGE('',*,*,#3528,.T.);
#3578 = ORIENTED_EDGE('',*,*,#624,.F.);
#3579 = ORIENTED_EDGE('',*,*,#3580,.F.);
#3580 = EDGE_CURVE('',#3571,#625,#3581,.T.);
#3581 = LINE('',#3582,#3583);
#3582 = CARTESIAN_POINT('',(30.159312080537,8.096644295302,8.5));
#3583 = VECTOR('',#3584,1.);
#3584 = DIRECTION('',(0.,0.,1.));
#3585 = SURFACE_OF_LINEAR_EXTRUSION('',#3586,#3590);
#3586 = B_SPLINE_CURVE_WITH_KNOTS('',2,(#3587,#3588,#3589),
  .UNSPECIFIED.,.F.,.F.,(3,3),(0.,1.),.PIECEWISE_BEZIER_KNOTS.);
#3587 = CARTESIAN_POINT('',(30.739513422819,8.051006711409,8.5));
#3588 = CARTESIAN_POINT('',(30.450083892617,8.051006711409,8.5));
#3589 = CARTESIAN_POINT('',(30.159312080537,8.096644295302,8.5));
#3590 = VECTOR('',#3591,1.);
#3591 = DIRECTION('',(-0.,-0.,-1.));
#3592 = ADVANCED_FACE('',(#3593),#3611,.F.);
#3593 = FACE_BOUND('',#3594,.F.);
#3594 = EDGE_LOOP('',(#3595,#3603,#3609,#3610));
#3595 = ORIENTED_EDGE('',*,*,#3596,.F.);
#3596 = EDGE_CURVE('',#3597,#3545,#3599,.T.);
#3597 = VERTEX_POINT('',#3598);
#3598 = CARTESIAN_POINT('',(30.867869127517,11.948993288591,8.5));
#3599 = B_SPLINE_CURVE_WITH_KNOTS('',2,(#3600,#3601,#3602),
  .UNSPECIFIED.,.F.,.F.,(3,3),(0.,1.),.PIECEWISE_BEZIER_KNOTS.);
#3600 = CARTESIAN_POINT('',(30.867869127517,11.948993288591,8.5));
#3601 = CARTESIAN_POINT('',(31.600251677852,11.948993288591,8.5));
#3602 = CARTESIAN_POINT('',(31.963842281879,11.70855704698,8.5));
#3603 = ORIENTED_EDGE('',*,*,#3604,.T.);
#3604 = EDGE_CURVE('',#3597,#845,#3605,.T.);
#3605 = LINE('',#3606,#3607);
#3606 = CARTESIAN_POINT('',(30.867869127517,11.948993288591,8.5));
#3607 = VECTOR('',#3608,1.);
#3608 = DIRECTION('',(0.,0.,1.));
#3609 = ORIENTED_EDGE('',*,*,#854,.F.);
#3610 = ORIENTED_EDGE('',*,*,#3552,.F.);
#3611 = SURFACE_OF_LINEAR_EXTRUSION('',#3612,#3616);
#3612 = B_SPLINE_CURVE_WITH_KNOTS('',2,(#3613,#3614,#3615),
  .UNSPECIFIED.,.F.,.F.,(3,3),(0.,1.),.PIECEWISE_BEZIER_KNOTS.);
#3613 = CARTESIAN_POINT('',(30.867869127517,11.948993288591,8.5));
#3614 = CARTESIAN_POINT('',(31.600251677852,11.948993288591,8.5));
#3615 = CARTESIAN_POINT('',(31.963842281879,11.70855704698,8.5));
#3616 = VECTOR('',#3617,1.);
#3617 = DIRECTION('',(-0.,-0.,-1.));
#3618 = ADVANCED_FACE('',(#3619),#3637,.F.);
#3619 = FACE_BOUND('',#3620,.F.);
#3620 = EDGE_LOOP('',(#3621,#3629,#3630,#3631));
#3621 = ORIENTED_EDGE('',*,*,#3622,.F.);
#3622 = EDGE_CURVE('',#3571,#3623,#3625,.T.);
#3623 = VERTEX_POINT('',#3624);
#3624 = CARTESIAN_POINT('',(29.584312080537,8.23355704698,8.5));
#3625 = B_SPLINE_CURVE_WITH_KNOTS('',2,(#3626,#3627,#3628),
  .UNSPECIFIED.,.F.,.F.,(3,3),(0.,1.),.PIECEWISE_BEZIER_KNOTS.);
#3626 = CARTESIAN_POINT('',(30.159312080537,8.096644295302,8.5));
#3627 = CARTESIAN_POINT('',(29.868708053691,8.142281879195,8.5));
#3628 = CARTESIAN_POINT('',(29.584312080537,8.23355704698,8.5));
#3629 = ORIENTED_EDGE('',*,*,#3580,.T.);
#3630 = ORIENTED_EDGE('',*,*,#634,.F.);
#3631 = ORIENTED_EDGE('',*,*,#3632,.F.);
#3632 = EDGE_CURVE('',#3623,#635,#3633,.T.);
#3633 = LINE('',#3634,#3635);
#3634 = CARTESIAN_POINT('',(29.584312080537,8.23355704698,8.5));
#3635 = VECTOR('',#3636,1.);
#3636 = DIRECTION('',(0.,0.,1.));
#3637 = SURFACE_OF_LINEAR_EXTRUSION('',#3638,#3642);
#3638 = B_SPLINE_CURVE_WITH_KNOTS('',2,(#3639,#3640,#3641),
  .UNSPECIFIED.,.F.,.F.,(3,3),(0.,1.),.PIECEWISE_BEZIER_KNOTS.);
#3639 = CARTESIAN_POINT('',(30.159312080537,8.096644295302,8.5));
#3640 = CARTESIAN_POINT('',(29.868708053691,8.142281879195,8.5));
#3641 = CARTESIAN_POINT('',(29.584312080537,8.23355704698,8.5));
#3642 = VECTOR('',#3643,1.);
#3643 = DIRECTION('',(-0.,-0.,-1.));
#3644 = ADVANCED_FACE('',(#3645),#3663,.F.);
#3645 = FACE_BOUND('',#3646,.F.);
#3646 = EDGE_LOOP('',(#3647,#3655,#3661,#3662));
#3647 = ORIENTED_EDGE('',*,*,#3648,.F.);
#3648 = EDGE_CURVE('',#3649,#3597,#3651,.T.);
#3649 = VERTEX_POINT('',#3650);
#3650 = CARTESIAN_POINT('',(30.314177852349,11.908724832215,8.5));
#3651 = B_SPLINE_CURVE_WITH_KNOTS('',2,(#3652,#3653,#3654),
  .UNSPECIFIED.,.F.,.F.,(3,3),(0.,1.),.PIECEWISE_BEZIER_KNOTS.);
#3652 = CARTESIAN_POINT('',(30.314177852349,11.908724832215,8.5));
#3653 = CARTESIAN_POINT('',(30.59605704698,11.948993288591,8.5));
#3654 = CARTESIAN_POINT('',(30.867869127517,11.948993288591,8.5));
#3655 = ORIENTED_EDGE('',*,*,#3656,.T.);
#3656 = EDGE_CURVE('',#3649,#835,#3657,.T.);
#3657 = LINE('',#3658,#3659);
#3658 = CARTESIAN_POINT('',(30.314177852349,11.908724832215,8.5));
#3659 = VECTOR('',#3660,1.);
#3660 = DIRECTION('',(0.,0.,1.));
#3661 = ORIENTED_EDGE('',*,*,#844,.F.);
#3662 = ORIENTED_EDGE('',*,*,#3604,.F.);
#3663 = SURFACE_OF_LINEAR_EXTRUSION('',#3664,#3668);
#3664 = B_SPLINE_CURVE_WITH_KNOTS('',2,(#3665,#3666,#3667),
  .UNSPECIFIED.,.F.,.F.,(3,3),(0.,1.),.PIECEWISE_BEZIER_KNOTS.);
#3665 = CARTESIAN_POINT('',(30.314177852349,11.908724832215,8.5));
#3666 = CARTESIAN_POINT('',(30.59605704698,11.948993288591,8.5));
#3667 = CARTESIAN_POINT('',(30.867869127517,11.948993288591,8.5));
#3668 = VECTOR('',#3669,1.);
#3669 = DIRECTION('',(-0.,-0.,-1.));
#3670 = ADVANCED_FACE('',(#3671),#3689,.F.);
#3671 = FACE_BOUND('',#3672,.F.);
#3672 = EDGE_LOOP('',(#3673,#3681,#3682,#3683));
#3673 = ORIENTED_EDGE('',*,*,#3674,.F.);
#3674 = EDGE_CURVE('',#3623,#3675,#3677,.T.);
#3675 = VERTEX_POINT('',#3676);
#3676 = CARTESIAN_POINT('',(29.584312080537,8.985234899329,8.5));
#3677 = LINE('',#3678,#3679);
#3678 = CARTESIAN_POINT('',(29.584312080537,8.23355704698,8.5));
#3679 = VECTOR('',#3680,1.);
#3680 = DIRECTION('',(0.,1.,0.));
#3681 = ORIENTED_EDGE('',*,*,#3632,.T.);
#3682 = ORIENTED_EDGE('',*,*,#644,.F.);
#3683 = ORIENTED_EDGE('',*,*,#3684,.F.);
#3684 = EDGE_CURVE('',#3675,#645,#3685,.T.);
#3685 = LINE('',#3686,#3687);
#3686 = CARTESIAN_POINT('',(29.584312080537,8.985234899329,8.5));
#3687 = VECTOR('',#3688,1.);
#3688 = DIRECTION('',(0.,0.,1.));
#3689 = PLANE('',#3690);
#3690 = AXIS2_PLACEMENT_3D('',#3691,#3692,#3693);
#3691 = CARTESIAN_POINT('',(29.584312080537,8.23355704698,8.5));
#3692 = DIRECTION('',(-1.,0.,0.));
#3693 = DIRECTION('',(0.,1.,0.));
#3694 = ADVANCED_FACE('',(#3695),#3713,.F.);
#3695 = FACE_BOUND('',#3696,.F.);
#3696 = EDGE_LOOP('',(#3697,#3705,#3711,#3712));
#3697 = ORIENTED_EDGE('',*,*,#3698,.F.);
#3698 = EDGE_CURVE('',#3699,#3649,#3701,.T.);
#3699 = VERTEX_POINT('',#3700);
#3700 = CARTESIAN_POINT('',(29.74538590604,11.787919463087,8.5));
#3701 = B_SPLINE_CURVE_WITH_KNOTS('',2,(#3702,#3703,#3704),
  .UNSPECIFIED.,.F.,.F.,(3,3),(0.,1.),.PIECEWISE_BEZIER_KNOTS.);
#3702 = CARTESIAN_POINT('',(29.74538590604,11.787919463087,8.5));
#3703 = CARTESIAN_POINT('',(30.032298657718,11.868456375839,8.5));
#3704 = CARTESIAN_POINT('',(30.314177852349,11.908724832215,8.5));
#3705 = ORIENTED_EDGE('',*,*,#3706,.T.);
#3706 = EDGE_CURVE('',#3699,#827,#3707,.T.);
#3707 = LINE('',#3708,#3709);
#3708 = CARTESIAN_POINT('',(29.74538590604,11.787919463087,8.5));
#3709 = VECTOR('',#3710,1.);
#3710 = DIRECTION('',(0.,0.,1.));
#3711 = ORIENTED_EDGE('',*,*,#834,.F.);
#3712 = ORIENTED_EDGE('',*,*,#3656,.F.);
#3713 = SURFACE_OF_LINEAR_EXTRUSION('',#3714,#3718);
#3714 = B_SPLINE_CURVE_WITH_KNOTS('',2,(#3715,#3716,#3717),
  .UNSPECIFIED.,.F.,.F.,(3,3),(0.,1.),.PIECEWISE_BEZIER_KNOTS.);
#3715 = CARTESIAN_POINT('',(29.74538590604,11.787919463087,8.5));
#3716 = CARTESIAN_POINT('',(30.032298657718,11.868456375839,8.5));
#3717 = CARTESIAN_POINT('',(30.314177852349,11.908724832215,8.5));
#3718 = VECTOR('',#3719,1.);
#3719 = DIRECTION('',(-0.,-0.,-1.));
#3720 = ADVANCED_FACE('',(#3721),#3739,.F.);
#3721 = FACE_BOUND('',#3722,.F.);
#3722 = EDGE_LOOP('',(#3723,#3731,#3732,#3733));
#3723 = ORIENTED_EDGE('',*,*,#3724,.F.);
#3724 = EDGE_CURVE('',#3675,#3725,#3727,.T.);
#3725 = VERTEX_POINT('',#3726);
#3726 = CARTESIAN_POINT('',(30.124077181208,8.776510067114,8.5));
#3727 = B_SPLINE_CURVE_WITH_KNOTS('',2,(#3728,#3729,#3730),
  .UNSPECIFIED.,.F.,.F.,(3,3),(0.,1.),.PIECEWISE_BEZIER_KNOTS.);
#3728 = CARTESIAN_POINT('',(29.584312080537,8.985234899329,8.5));
#3729 = CARTESIAN_POINT('',(29.856124161074,8.846979865772,8.5));
#3730 = CARTESIAN_POINT('',(30.124077181208,8.776510067114,8.5));
#3731 = ORIENTED_EDGE('',*,*,#3684,.T.);
#3732 = ORIENTED_EDGE('',*,*,#652,.F.);
#3733 = ORIENTED_EDGE('',*,*,#3734,.F.);
#3734 = EDGE_CURVE('',#3725,#653,#3735,.T.);
#3735 = LINE('',#3736,#3737);
#3736 = CARTESIAN_POINT('',(30.124077181208,8.776510067114,8.5));
#3737 = VECTOR('',#3738,1.);
#3738 = DIRECTION('',(0.,0.,1.));
#3739 = SURFACE_OF_LINEAR_EXTRUSION('',#3740,#3744);
#3740 = B_SPLINE_CURVE_WITH_KNOTS('',2,(#3741,#3742,#3743),
  .UNSPECIFIED.,.F.,.F.,(3,3),(0.,1.),.PIECEWISE_BEZIER_KNOTS.);
#3741 = CARTESIAN_POINT('',(29.584312080537,8.985234899329,8.5));
#3742 = CARTESIAN_POINT('',(29.856124161074,8.846979865772,8.5));
#3743 = CARTESIAN_POINT('',(30.124077181208,8.776510067114,8.5));
#3744 = VECTOR('',#3745,1.);
#3745 = DIRECTION('',(-0.,-0.,-1.));
#3746 = ADVANCED_FACE('',(#3747),#3765,.F.);
#3747 = FACE_BOUND('',#3748,.F.);
#3748 = EDGE_LOOP('',(#3749,#3757,#3763,#3764));
#3749 = ORIENTED_EDGE('',*,*,#3750,.F.);
#3750 = EDGE_CURVE('',#3751,#3699,#3753,.T.);
#3751 = VERTEX_POINT('',#3752);
#3752 = CARTESIAN_POINT('',(29.74538590604,11.079194630872,8.5));
#3753 = LINE('',#3754,#3755);
#3754 = CARTESIAN_POINT('',(29.74538590604,11.079194630872,8.5));
#3755 = VECTOR('',#3756,1.);
#3756 = DIRECTION('',(0.,1.,0.));
#3757 = ORIENTED_EDGE('',*,*,#3758,.T.);
#3758 = EDGE_CURVE('',#3751,#817,#3759,.T.);
#3759 = LINE('',#3760,#3761);
#3760 = CARTESIAN_POINT('',(29.74538590604,11.079194630872,8.5));
#3761 = VECTOR('',#3762,1.);
#3762 = DIRECTION('',(0.,0.,1.));
#3763 = ORIENTED_EDGE('',*,*,#826,.F.);
#3764 = ORIENTED_EDGE('',*,*,#3706,.F.);
#3765 = PLANE('',#3766);
#3766 = AXIS2_PLACEMENT_3D('',#3767,#3768,#3769);
#3767 = CARTESIAN_POINT('',(29.74538590604,11.079194630872,8.5));
#3768 = DIRECTION('',(-1.,0.,0.));
#3769 = DIRECTION('',(0.,1.,0.));
#3770 = ADVANCED_FACE('',(#3771),#3789,.F.);
#3771 = FACE_BOUND('',#3772,.F.);
#3772 = EDGE_LOOP('',(#3773,#3781,#3782,#3783));
#3773 = ORIENTED_EDGE('',*,*,#3774,.F.);
#3774 = EDGE_CURVE('',#3725,#3775,#3777,.T.);
#3775 = VERTEX_POINT('',#3776);
#3776 = CARTESIAN_POINT('',(30.651426174497,8.706040268456,8.5));
#3777 = B_SPLINE_CURVE_WITH_KNOTS('',2,(#3778,#3779,#3780),
  .UNSPECIFIED.,.F.,.F.,(3,3),(0.,1.),.PIECEWISE_BEZIER_KNOTS.);
#3778 = CARTESIAN_POINT('',(30.124077181208,8.776510067114,8.5));
#3779 = CARTESIAN_POINT('',(30.392197986577,8.706040268456,8.5));
#3780 = CARTESIAN_POINT('',(30.651426174497,8.706040268456,8.5));
#3781 = ORIENTED_EDGE('',*,*,#3734,.T.);
#3782 = ORIENTED_EDGE('',*,*,#663,.F.);
#3783 = ORIENTED_EDGE('',*,*,#3784,.F.);
#3784 = EDGE_CURVE('',#3775,#664,#3785,.T.);
#3785 = LINE('',#3786,#3787);
#3786 = CARTESIAN_POINT('',(30.651426174497,8.706040268456,8.5));
#3787 = VECTOR('',#3788,1.);
#3788 = DIRECTION('',(0.,0.,1.));
#3789 = SURFACE_OF_LINEAR_EXTRUSION('',#3790,#3794);
#3790 = B_SPLINE_CURVE_WITH_KNOTS('',2,(#3791,#3792,#3793),
  .UNSPECIFIED.,.F.,.F.,(3,3),(0.,1.),.PIECEWISE_BEZIER_KNOTS.);
#3791 = CARTESIAN_POINT('',(30.124077181208,8.776510067114,8.5));
#3792 = CARTESIAN_POINT('',(30.392197986577,8.706040268456,8.5));
#3793 = CARTESIAN_POINT('',(30.651426174497,8.706040268456,8.5));
#3794 = VECTOR('',#3795,1.);
#3795 = DIRECTION('',(-0.,-0.,-1.));
#3796 = ADVANCED_FACE('',(#3797),#3815,.F.);
#3797 = FACE_BOUND('',#3798,.F.);
#3798 = EDGE_LOOP('',(#3799,#3807,#3813,#3814));
#3799 = ORIENTED_EDGE('',*,*,#3800,.F.);
#3800 = EDGE_CURVE('',#3801,#3751,#3803,.T.);
#3801 = VERTEX_POINT('',#3802);
#3802 = CARTESIAN_POINT('',(30.22105704698,11.231543624161,8.5));
#3803 = B_SPLINE_CURVE_WITH_KNOTS('',2,(#3804,#3805,#3806),
  .UNSPECIFIED.,.F.,.F.,(3,3),(0.,1.),.PIECEWISE_BEZIER_KNOTS.);
#3804 = CARTESIAN_POINT('',(30.22105704698,11.231543624161,8.5));
#3805 = CARTESIAN_POINT('',(29.981963087248,11.180033557047,8.5));
#3806 = CARTESIAN_POINT('',(29.74538590604,11.079194630872,8.5));
#3807 = ORIENTED_EDGE('',*,*,#3808,.T.);
#3808 = EDGE_CURVE('',#3801,#807,#3809,.T.);
#3809 = LINE('',#3810,#3811);
#3810 = CARTESIAN_POINT('',(30.22105704698,11.231543624161,8.5));
#3811 = VECTOR('',#3812,1.);
#3812 = DIRECTION('',(0.,0.,1.));
#3813 = ORIENTED_EDGE('',*,*,#816,.F.);
#3814 = ORIENTED_EDGE('',*,*,#3758,.F.);
#3815 = SURFACE_OF_LINEAR_EXTRUSION('',#3816,#3820);
#3816 = B_SPLINE_CURVE_WITH_KNOTS('',2,(#3817,#3818,#3819),
  .UNSPECIFIED.,.F.,.F.,(3,3),(0.,1.),.PIECEWISE_BEZIER_KNOTS.);
#3817 = CARTESIAN_POINT('',(30.22105704698,11.231543624161,8.5));
#3818 = CARTESIAN_POINT('',(29.981963087248,11.180033557047,8.5));
#3819 = CARTESIAN_POINT('',(29.74538590604,11.079194630872,8.5));
#3820 = VECTOR('',#3821,1.);
#3821 = DIRECTION('',(-0.,-0.,-1.));
#3822 = ADVANCED_FACE('',(#3823),#3841,.F.);
#3823 = FACE_BOUND('',#3824,.F.);
#3824 = EDGE_LOOP('',(#3825,#3833,#3834,#3835));
#3825 = ORIENTED_EDGE('',*,*,#3826,.F.);
#3826 = EDGE_CURVE('',#3775,#3827,#3829,.T.);
#3827 = VERTEX_POINT('',#3828);
#3828 = CARTESIAN_POINT('',(31.241526845638,8.839932885906,8.5));
#3829 = B_SPLINE_CURVE_WITH_KNOTS('',2,(#3830,#3831,#3832),
  .UNSPECIFIED.,.F.,.F.,(3,3),(0.,1.),.PIECEWISE_BEZIER_KNOTS.);
#3830 = CARTESIAN_POINT('',(30.651426174497,8.706040268456,8.5));
#3831 = CARTESIAN_POINT('',(31.036493288591,8.706040268456,8.5));
#3832 = CARTESIAN_POINT('',(31.241526845638,8.839932885906,8.5));
#3833 = ORIENTED_EDGE('',*,*,#3784,.T.);
#3834 = ORIENTED_EDGE('',*,*,#674,.F.);
#3835 = ORIENTED_EDGE('',*,*,#3836,.F.);
#3836 = EDGE_CURVE('',#3827,#675,#3837,.T.);
#3837 = LINE('',#3838,#3839);
#3838 = CARTESIAN_POINT('',(31.241526845638,8.839932885906,8.5));
#3839 = VECTOR('',#3840,1.);
#3840 = DIRECTION('',(0.,0.,1.));
#3841 = SURFACE_OF_LINEAR_EXTRUSION('',#3842,#3846);
#3842 = B_SPLINE_CURVE_WITH_KNOTS('',2,(#3843,#3844,#3845),
  .UNSPECIFIED.,.F.,.F.,(3,3),(0.,1.),.PIECEWISE_BEZIER_KNOTS.);
#3843 = CARTESIAN_POINT('',(30.651426174497,8.706040268456,8.5));
#3844 = CARTESIAN_POINT('',(31.036493288591,8.706040268456,8.5));
#3845 = CARTESIAN_POINT('',(31.241526845638,8.839932885906,8.5));
#3846 = VECTOR('',#3847,1.);
#3847 = DIRECTION('',(-0.,-0.,-1.));
#3848 = ADVANCED_FACE('',(#3849),#3867,.F.);
#3849 = FACE_BOUND('',#3850,.F.);
#3850 = EDGE_LOOP('',(#3851,#3859,#3865,#3866));
#3851 = ORIENTED_EDGE('',*,*,#3852,.F.);
#3852 = EDGE_CURVE('',#3853,#3801,#3855,.T.);
#3853 = VERTEX_POINT('',#3854);
#3854 = CARTESIAN_POINT('',(30.694211409396,11.28322147651,8.5));
#3855 = B_SPLINE_CURVE_WITH_KNOTS('',2,(#3856,#3857,#3858),
  .UNSPECIFIED.,.F.,.F.,(3,3),(0.,1.),.PIECEWISE_BEZIER_KNOTS.);
#3856 = CARTESIAN_POINT('',(30.694211409396,11.28322147651,8.5));
#3857 = CARTESIAN_POINT('',(30.460151006711,11.28322147651,8.5));
#3858 = CARTESIAN_POINT('',(30.22105704698,11.231543624161,8.5));
#3859 = ORIENTED_EDGE('',*,*,#3860,.T.);
#3860 = EDGE_CURVE('',#3853,#795,#3861,.T.);
#3861 = LINE('',#3862,#3863);
#3862 = CARTESIAN_POINT('',(30.694211409396,11.28322147651,8.5));
#3863 = VECTOR('',#3864,1.);
#3864 = DIRECTION('',(0.,0.,1.));
#3865 = ORIENTED_EDGE('',*,*,#806,.F.);
#3866 = ORIENTED_EDGE('',*,*,#3808,.F.);
#3867 = SURFACE_OF_LINEAR_EXTRUSION('',#3868,#3872);
#3868 = B_SPLINE_CURVE_WITH_KNOTS('',2,(#3869,#3870,#3871),
  .UNSPECIFIED.,.F.,.F.,(3,3),(0.,1.),.PIECEWISE_BEZIER_KNOTS.);
#3869 = CARTESIAN_POINT('',(30.694211409396,11.28322147651,8.5));
#3870 = CARTESIAN_POINT('',(30.460151006711,11.28322147651,8.5));
#3871 = CARTESIAN_POINT('',(30.22105704698,11.231543624161,8.5));
#3872 = VECTOR('',#3873,1.);
#3873 = DIRECTION('',(-0.,-0.,-1.));
#3874 = ADVANCED_FACE('',(#3875),#3893,.F.);
#3875 = FACE_BOUND('',#3876,.F.);
#3876 = EDGE_LOOP('',(#3877,#3885,#3886,#3887));
#3877 = ORIENTED_EDGE('',*,*,#3878,.F.);
#3878 = EDGE_CURVE('',#3827,#3879,#3881,.T.);
#3879 = VERTEX_POINT('',#3880);
#3880 = CARTESIAN_POINT('',(31.446728187919,9.22432885906,8.5));
#3881 = B_SPLINE_CURVE_WITH_KNOTS('',2,(#3882,#3883,#3884),
  .UNSPECIFIED.,.F.,.F.,(3,3),(0.,1.),.PIECEWISE_BEZIER_KNOTS.);
#3882 = CARTESIAN_POINT('',(31.241526845638,8.839932885906,8.5));
#3883 = CARTESIAN_POINT('',(31.446728187919,8.973993288591,8.5));
#3884 = CARTESIAN_POINT('',(31.446728187919,9.22432885906,8.5));
#3885 = ORIENTED_EDGE('',*,*,#3836,.T.);
#3886 = ORIENTED_EDGE('',*,*,#686,.F.);
#3887 = ORIENTED_EDGE('',*,*,#3888,.F.);
#3888 = EDGE_CURVE('',#3879,#687,#3889,.T.);
#3889 = LINE('',#3890,#3891);
#3890 = CARTESIAN_POINT('',(31.446728187919,9.22432885906,8.5));
#3891 = VECTOR('',#3892,1.);
#3892 = DIRECTION('',(0.,0.,1.));
#3893 = SURFACE_OF_LINEAR_EXTRUSION('',#3894,#3898);
#3894 = B_SPLINE_CURVE_WITH_KNOTS('',2,(#3895,#3896,#3897),
  .UNSPECIFIED.,.F.,.F.,(3,3),(0.,1.),.PIECEWISE_BEZIER_KNOTS.);
#3895 = CARTESIAN_POINT('',(31.241526845638,8.839932885906,8.5));
#3896 = CARTESIAN_POINT('',(31.446728187919,8.973993288591,8.5));
#3897 = CARTESIAN_POINT('',(31.446728187919,9.22432885906,8.5));
#3898 = VECTOR('',#3899,1.);
#3899 = DIRECTION('',(-0.,-0.,-1.));
#3900 = ADVANCED_FACE('',(#3901),#3919,.F.);
#3901 = FACE_BOUND('',#3902,.F.);
#3902 = EDGE_LOOP('',(#3903,#3911,#3917,#3918));
#3903 = ORIENTED_EDGE('',*,*,#3904,.F.);
#3904 = EDGE_CURVE('',#3905,#3853,#3907,.T.);
#3905 = VERTEX_POINT('',#3906);
#3906 = CARTESIAN_POINT('',(31.184983221477,11.165268456376,8.5));
#3907 = B_SPLINE_CURVE_WITH_KNOTS('',2,(#3908,#3909,#3910),
  .UNSPECIFIED.,.F.,.F.,(3,3),(0.,1.),.PIECEWISE_BEZIER_KNOTS.);
#3908 = CARTESIAN_POINT('',(31.184983221477,11.165268456376,8.5));
#3909 = CARTESIAN_POINT('',(31.011325503356,11.28322147651,8.5));
#3910 = CARTESIAN_POINT('',(30.694211409396,11.28322147651,8.5));
#3911 = ORIENTED_EDGE('',*,*,#3912,.T.);
#3912 = EDGE_CURVE('',#3905,#780,#3913,.T.);
#3913 = LINE('',#3914,#3915);
#3914 = CARTESIAN_POINT('',(31.184983221477,11.165268456376,8.5));
#3915 = VECTOR('',#3916,1.);
#3916 = DIRECTION('',(0.,0.,1.));
#3917 = ORIENTED_EDGE('',*,*,#794,.F.);
#3918 = ORIENTED_EDGE('',*,*,#3860,.F.);
#3919 = SURFACE_OF_LINEAR_EXTRUSION('',#3920,#3924);
#3920 = B_SPLINE_CURVE_WITH_KNOTS('',2,(#3921,#3922,#3923),
  .UNSPECIFIED.,.F.,.F.,(3,3),(0.,1.),.PIECEWISE_BEZIER_KNOTS.);
#3921 = CARTESIAN_POINT('',(31.184983221477,11.165268456376,8.5));
#3922 = CARTESIAN_POINT('',(31.011325503356,11.28322147651,8.5));
#3923 = CARTESIAN_POINT('',(30.694211409396,11.28322147651,8.5));
#3924 = VECTOR('',#3925,1.);
#3925 = DIRECTION('',(-0.,-0.,-1.));
#3926 = ADVANCED_FACE('',(#3927),#3945,.F.);
#3927 = FACE_BOUND('',#3928,.F.);
#3928 = EDGE_LOOP('',(#3929,#3937,#3938,#3939));
#3929 = ORIENTED_EDGE('',*,*,#3930,.F.);
#3930 = EDGE_CURVE('',#3879,#3931,#3933,.T.);
#3931 = VERTEX_POINT('',#3932);
#3932 = CARTESIAN_POINT('',(31.236493288591,9.614932885906,8.5));
#3933 = B_SPLINE_CURVE_WITH_KNOTS('',2,(#3934,#3935,#3936),
  .UNSPECIFIED.,.F.,.F.,(3,3),(0.,1.),.PIECEWISE_BEZIER_KNOTS.);
#3934 = CARTESIAN_POINT('',(31.446728187919,9.22432885906,8.5));
#3935 = CARTESIAN_POINT('',(31.446728187919,9.482214765101,8.5));
#3936 = CARTESIAN_POINT('',(31.236493288591,9.614932885906,8.5));
#3937 = ORIENTED_EDGE('',*,*,#3888,.T.);
#3938 = ORIENTED_EDGE('',*,*,#701,.F.);
#3939 = ORIENTED_EDGE('',*,*,#3940,.F.);
#3940 = EDGE_CURVE('',#3931,#702,#3941,.T.);
#3941 = LINE('',#3942,#3943);
#3942 = CARTESIAN_POINT('',(31.236493288591,9.614932885906,8.5));
#3943 = VECTOR('',#3944,1.);
#3944 = DIRECTION('',(0.,0.,1.));
#3945 = SURFACE_OF_LINEAR_EXTRUSION('',#3946,#3950);
#3946 = B_SPLINE_CURVE_WITH_KNOTS('',2,(#3947,#3948,#3949),
  .UNSPECIFIED.,.F.,.F.,(3,3),(0.,1.),.PIECEWISE_BEZIER_KNOTS.);
#3947 = CARTESIAN_POINT('',(31.446728187919,9.22432885906,8.5));
#3948 = CARTESIAN_POINT('',(31.446728187919,9.482214765101,8.5));
#3949 = CARTESIAN_POINT('',(31.236493288591,9.614932885906,8.5));
#3950 = VECTOR('',#3951,1.);
#3951 = DIRECTION('',(-0.,-0.,-1.));
#3952 = ADVANCED_FACE('',(#3953),#3971,.F.);
#3953 = FACE_BOUND('',#3954,.F.);
#3954 = EDGE_LOOP('',(#3955,#3963,#3969,#3970));
#3955 = ORIENTED_EDGE('',*,*,#3956,.F.);
#3956 = EDGE_CURVE('',#3957,#3905,#3959,.T.);
#3957 = VERTEX_POINT('',#3958);
#3958 = CARTESIAN_POINT('',(31.358640939597,10.831879194631,8.5));
#3959 = B_SPLINE_CURVE_WITH_KNOTS('',2,(#3960,#3961,#3962),
  .UNSPECIFIED.,.F.,.F.,(3,3),(0.,1.),.PIECEWISE_BEZIER_KNOTS.);
#3960 = CARTESIAN_POINT('',(31.358640939597,10.831879194631,8.5));
#3961 = CARTESIAN_POINT('',(31.358640939597,11.047483221477,8.5));
#3962 = CARTESIAN_POINT('',(31.184983221477,11.165268456376,8.5));
#3963 = ORIENTED_EDGE('',*,*,#3964,.T.);
#3964 = EDGE_CURVE('',#3957,#765,#3965,.T.);
#3965 = LINE('',#3966,#3967);
#3966 = CARTESIAN_POINT('',(31.358640939597,10.831879194631,8.5));
#3967 = VECTOR('',#3968,1.);
#3968 = DIRECTION('',(0.,0.,1.));
#3969 = ORIENTED_EDGE('',*,*,#779,.F.);
#3970 = ORIENTED_EDGE('',*,*,#3912,.F.);
#3971 = SURFACE_OF_LINEAR_EXTRUSION('',#3972,#3976);
#3972 = B_SPLINE_CURVE_WITH_KNOTS('',2,(#3973,#3974,#3975),
  .UNSPECIFIED.,.F.,.F.,(3,3),(0.,1.),.PIECEWISE_BEZIER_KNOTS.);
#3973 = CARTESIAN_POINT('',(31.358640939597,10.831879194631,8.5));
#3974 = CARTESIAN_POINT('',(31.358640939597,11.047483221477,8.5));
#3975 = CARTESIAN_POINT('',(31.184983221477,11.165268456376,8.5));
#3976 = VECTOR('',#3977,1.);
#3977 = DIRECTION('',(-0.,-0.,-1.));
#3978 = ADVANCED_FACE('',(#3979),#3997,.F.);
#3979 = FACE_BOUND('',#3980,.F.);
#3980 = EDGE_LOOP('',(#3981,#3989,#3990,#3991));
#3981 = ORIENTED_EDGE('',*,*,#3982,.F.);
#3982 = EDGE_CURVE('',#3931,#3983,#3985,.T.);
#3983 = VERTEX_POINT('',#3984);
#3984 = CARTESIAN_POINT('',(30.616191275168,9.747651006711,8.5));
#3985 = B_SPLINE_CURVE_WITH_KNOTS('',2,(#3986,#3987,#3988),
  .UNSPECIFIED.,.F.,.F.,(3,3),(0.,1.),.PIECEWISE_BEZIER_KNOTS.);
#3986 = CARTESIAN_POINT('',(31.236493288591,9.614932885906,8.5));
#3987 = CARTESIAN_POINT('',(31.026426174497,9.747651006711,8.5));
#3988 = CARTESIAN_POINT('',(30.616191275168,9.747651006711,8.5));
#3989 = ORIENTED_EDGE('',*,*,#3940,.T.);
#3990 = ORIENTED_EDGE('',*,*,#716,.F.);
#3991 = ORIENTED_EDGE('',*,*,#3992,.F.);
#3992 = EDGE_CURVE('',#3983,#717,#3993,.T.);
#3993 = LINE('',#3994,#3995);
#3994 = CARTESIAN_POINT('',(30.616191275168,9.747651006711,8.5));
#3995 = VECTOR('',#3996,1.);
#3996 = DIRECTION('',(0.,0.,1.));
#3997 = SURFACE_OF_LINEAR_EXTRUSION('',#3998,#4002);
#3998 = B_SPLINE_CURVE_WITH_KNOTS('',2,(#3999,#4000,#4001),
  .UNSPECIFIED.,.F.,.F.,(3,3),(0.,1.),.PIECEWISE_BEZIER_KNOTS.);
#3999 = CARTESIAN_POINT('',(31.236493288591,9.614932885906,8.5));
#4000 = CARTESIAN_POINT('',(31.026426174497,9.747651006711,8.5));
#4001 = CARTESIAN_POINT('',(30.616191275168,9.747651006711,8.5));
#4002 = VECTOR('',#4003,1.);
#4003 = DIRECTION('',(-0.,-0.,-1.));
#4004 = ADVANCED_FACE('',(#4005),#4023,.F.);
#4005 = FACE_BOUND('',#4006,.F.);
#4006 = EDGE_LOOP('',(#4007,#4015,#4021,#4022));
#4007 = ORIENTED_EDGE('',*,*,#4008,.F.);
#4008 = EDGE_CURVE('',#4009,#3957,#4011,.T.);
#4009 = VERTEX_POINT('',#4010);
#4010 = CARTESIAN_POINT('',(31.17994966443,10.484563758389,8.5));
#4011 = B_SPLINE_CURVE_WITH_KNOTS('',2,(#4012,#4013,#4014),
  .UNSPECIFIED.,.F.,.F.,(3,3),(0.,1.),.PIECEWISE_BEZIER_KNOTS.);
#4012 = CARTESIAN_POINT('',(31.17994966443,10.484563758389,8.5));
#4013 = CARTESIAN_POINT('',(31.358640939597,10.598657718121,8.5));
#4014 = CARTESIAN_POINT('',(31.358640939597,10.831879194631,8.5));
#4015 = ORIENTED_EDGE('',*,*,#4016,.T.);
#4016 = EDGE_CURVE('',#4009,#753,#4017,.T.);
#4017 = LINE('',#4018,#4019);
#4018 = CARTESIAN_POINT('',(31.17994966443,10.484563758389,8.5));
#4019 = VECTOR('',#4020,1.);
#4020 = DIRECTION('',(0.,0.,1.));
#4021 = ORIENTED_EDGE('',*,*,#764,.F.);
#4022 = ORIENTED_EDGE('',*,*,#3964,.F.);
#4023 = SURFACE_OF_LINEAR_EXTRUSION('',#4024,#4028);
#4024 = B_SPLINE_CURVE_WITH_KNOTS('',2,(#4025,#4026,#4027),
  .UNSPECIFIED.,.F.,.F.,(3,3),(0.,1.),.PIECEWISE_BEZIER_KNOTS.);
#4025 = CARTESIAN_POINT('',(31.17994966443,10.484563758389,8.5));
#4026 = CARTESIAN_POINT('',(31.358640939597,10.598657718121,8.5));
#4027 = CARTESIAN_POINT('',(31.358640939597,10.831879194631,8.5));
#4028 = VECTOR('',#4029,1.);
#4029 = DIRECTION('',(-0.,-0.,-1.));
#4030 = ADVANCED_FACE('',(#4031),#4049,.F.);
#4031 = FACE_BOUND('',#4032,.F.);
#4032 = EDGE_LOOP('',(#4033,#4041,#4042,#4043));
#4033 = ORIENTED_EDGE('',*,*,#4034,.F.);
#4034 = EDGE_CURVE('',#3983,#4035,#4037,.T.);
#4035 = VERTEX_POINT('',#4036);
#4036 = CARTESIAN_POINT('',(30.22860738255,9.747651006711,8.5));
#4037 = LINE('',#4038,#4039);
#4038 = CARTESIAN_POINT('',(30.616191275168,9.747651006711,8.5));
#4039 = VECTOR('',#4040,1.);
#4040 = DIRECTION('',(-1.,0.,0.));
#4041 = ORIENTED_EDGE('',*,*,#3992,.T.);
#4042 = ORIENTED_EDGE('',*,*,#728,.F.);
#4043 = ORIENTED_EDGE('',*,*,#4044,.F.);
#4044 = EDGE_CURVE('',#4035,#729,#4045,.T.);
#4045 = LINE('',#4046,#4047);
#4046 = CARTESIAN_POINT('',(30.22860738255,9.747651006711,8.5));
#4047 = VECTOR('',#4048,1.);
#4048 = DIRECTION('',(0.,0.,1.));
#4049 = PLANE('',#4050);
#4050 = AXIS2_PLACEMENT_3D('',#4051,#4052,#4053);
#4051 = CARTESIAN_POINT('',(30.616191275168,9.747651006711,8.5));
#4052 = DIRECTION('',(0.,-1.,0.));
#4053 = DIRECTION('',(-1.,0.,0.));
#4054 = ADVANCED_FACE('',(#4055),#4073,.F.);
#4055 = FACE_BOUND('',#4056,.F.);
#4056 = EDGE_LOOP('',(#4057,#4065,#4071,#4072));
#4057 = ORIENTED_EDGE('',*,*,#4058,.F.);
#4058 = EDGE_CURVE('',#4059,#4009,#4061,.T.);
#4059 = VERTEX_POINT('',#4060);
#4060 = CARTESIAN_POINT('',(30.636325503356,10.370469798658,8.5));
#4061 = B_SPLINE_CURVE_WITH_KNOTS('',2,(#4062,#4063,#4064),
  .UNSPECIFIED.,.F.,.F.,(3,3),(0.,1.),.PIECEWISE_BEZIER_KNOTS.);
#4062 = CARTESIAN_POINT('',(30.636325503356,10.370469798658,8.5));
#4063 = CARTESIAN_POINT('',(31.001258389262,10.370469798658,8.5));
#4064 = CARTESIAN_POINT('',(31.17994966443,10.484563758389,8.5));
#4065 = ORIENTED_EDGE('',*,*,#4066,.T.);
#4066 = EDGE_CURVE('',#4059,#745,#4067,.T.);
#4067 = LINE('',#4068,#4069);
#4068 = CARTESIAN_POINT('',(30.636325503356,10.370469798658,8.5));
#4069 = VECTOR('',#4070,1.);
#4070 = DIRECTION('',(0.,0.,1.));
#4071 = ORIENTED_EDGE('',*,*,#752,.F.);
#4072 = ORIENTED_EDGE('',*,*,#4016,.F.);
#4073 = SURFACE_OF_LINEAR_EXTRUSION('',#4074,#4078);
#4074 = B_SPLINE_CURVE_WITH_KNOTS('',2,(#4075,#4076,#4077),
  .UNSPECIFIED.,.F.,.F.,(3,3),(0.,1.),.PIECEWISE_BEZIER_KNOTS.);
#4075 = CARTESIAN_POINT('',(30.636325503356,10.370469798658,8.5));
#4076 = CARTESIAN_POINT('',(31.001258389262,10.370469798658,8.5));
#4077 = CARTESIAN_POINT('',(31.17994966443,10.484563758389,8.5));
#4078 = VECTOR('',#4079,1.);
#4079 = DIRECTION('',(-0.,-0.,-1.));
#4080 = ADVANCED_FACE('',(#4081),#4099,.F.);
#4081 = FACE_BOUND('',#4082,.F.);
#4082 = EDGE_LOOP('',(#4083,#4091,#4092,#4093));
#4083 = ORIENTED_EDGE('',*,*,#4084,.F.);
#4084 = EDGE_CURVE('',#4035,#4085,#4087,.T.);
#4085 = VERTEX_POINT('',#4086);
#4086 = CARTESIAN_POINT('',(30.22860738255,10.370469798658,8.5));
#4087 = LINE('',#4088,#4089);
#4088 = CARTESIAN_POINT('',(30.22860738255,9.747651006711,8.5));
#4089 = VECTOR('',#4090,1.);
#4090 = DIRECTION('',(0.,1.,0.));
#4091 = ORIENTED_EDGE('',*,*,#4044,.T.);
#4092 = ORIENTED_EDGE('',*,*,#736,.F.);
#4093 = ORIENTED_EDGE('',*,*,#4094,.F.);
#4094 = EDGE_CURVE('',#4085,#737,#4095,.T.);
#4095 = LINE('',#4096,#4097);
#4096 = CARTESIAN_POINT('',(30.22860738255,10.370469798658,8.5));
#4097 = VECTOR('',#4098,1.);
#4098 = DIRECTION('',(0.,0.,1.));
#4099 = PLANE('',#4100);
#4100 = AXIS2_PLACEMENT_3D('',#4101,#4102,#4103);
#4101 = CARTESIAN_POINT('',(30.22860738255,9.747651006711,8.5));
#4102 = DIRECTION('',(-1.,0.,0.));
#4103 = DIRECTION('',(0.,1.,0.));
#4104 = ADVANCED_FACE('',(#4105),#4116,.F.);
#4105 = FACE_BOUND('',#4106,.F.);
#4106 = EDGE_LOOP('',(#4107,#4113,#4114,#4115));
#4107 = ORIENTED_EDGE('',*,*,#4108,.F.);
#4108 = EDGE_CURVE('',#4085,#4059,#4109,.T.);
#4109 = LINE('',#4110,#4111);
#4110 = CARTESIAN_POINT('',(30.22860738255,10.370469798658,8.5));
#4111 = VECTOR('',#4112,1.);
#4112 = DIRECTION('',(1.,0.,0.));
#4113 = ORIENTED_EDGE('',*,*,#4094,.T.);
#4114 = ORIENTED_EDGE('',*,*,#744,.F.);
#4115 = ORIENTED_EDGE('',*,*,#4066,.F.);
#4116 = PLANE('',#4117);
#4117 = AXIS2_PLACEMENT_3D('',#4118,#4119,#4120);
#4118 = CARTESIAN_POINT('',(30.22860738255,10.370469798658,8.5));
#4119 = DIRECTION('',(0.,1.,0.));
#4120 = DIRECTION('',(1.,0.,0.));
#4121 = ADVANCED_FACE('',(#4122),#4147,.F.);
#4122 = FACE_BOUND('',#4123,.F.);
#4123 = EDGE_LOOP('',(#4124,#4134,#4140,#4141));
#4124 = ORIENTED_EDGE('',*,*,#4125,.F.);
#4125 = EDGE_CURVE('',#4126,#4128,#4130,.T.);
#4126 = VERTEX_POINT('',#4127);
#4127 = CARTESIAN_POINT('',(42.945889261745,11.879194630872,8.5));
#4128 = VERTEX_POINT('',#4129);
#4129 = CARTESIAN_POINT('',(44.023070469799,11.879194630872,8.5));
#4130 = LINE('',#4131,#4132);
#4131 = CARTESIAN_POINT('',(42.945889261745,11.879194630872,8.5));
#4132 = VECTOR('',#4133,1.);
#4133 = DIRECTION('',(1.,0.,0.));
#4134 = ORIENTED_EDGE('',*,*,#4135,.T.);
#4135 = EDGE_CURVE('',#4126,#923,#4136,.T.);
#4136 = LINE('',#4137,#4138);
#4137 = CARTESIAN_POINT('',(42.945889261745,11.879194630872,8.5));
#4138 = VECTOR('',#4139,1.);
#4139 = DIRECTION('',(0.,0.,1.));
#4140 = ORIENTED_EDGE('',*,*,#920,.F.);
#4141 = ORIENTED_EDGE('',*,*,#4142,.F.);
#4142 = EDGE_CURVE('',#4128,#921,#4143,.T.);
#4143 = LINE('',#4144,#4145);
#4144 = CARTESIAN_POINT('',(44.023070469799,11.879194630872,8.5));
#4145 = VECTOR('',#4146,1.);
#4146 = DIRECTION('',(0.,0.,1.));
#4147 = PLANE('',#4148);
#4148 = AXIS2_PLACEMENT_3D('',#4149,#4150,#4151);
#4149 = CARTESIAN_POINT('',(42.945889261745,11.879194630872,8.5));
#4150 = DIRECTION('',(0.,1.,0.));
#4151 = DIRECTION('',(1.,0.,0.));
#4152 = ADVANCED_FACE('',(#4153),#4171,.F.);
#4153 = FACE_BOUND('',#4154,.F.);
#4154 = EDGE_LOOP('',(#4155,#4163,#4164,#4165));
#4155 = ORIENTED_EDGE('',*,*,#4156,.F.);
#4156 = EDGE_CURVE('',#4128,#4157,#4159,.T.);
#4157 = VERTEX_POINT('',#4158);
#4158 = CARTESIAN_POINT('',(44.023070469799,9.506040268456,8.5));
#4159 = LINE('',#4160,#4161);
#4160 = CARTESIAN_POINT('',(44.023070469799,11.879194630872,8.5));
#4161 = VECTOR('',#4162,1.);
#4162 = DIRECTION('',(0.,-1.,0.));
#4163 = ORIENTED_EDGE('',*,*,#4142,.T.);
#4164 = ORIENTED_EDGE('',*,*,#930,.F.);
#4165 = ORIENTED_EDGE('',*,*,#4166,.F.);
#4166 = EDGE_CURVE('',#4157,#931,#4167,.T.);
#4167 = LINE('',#4168,#4169);
#4168 = CARTESIAN_POINT('',(44.023070469799,9.506040268456,8.5));
#4169 = VECTOR('',#4170,1.);
#4170 = DIRECTION('',(0.,0.,1.));
#4171 = PLANE('',#4172);
#4172 = AXIS2_PLACEMENT_3D('',#4173,#4174,#4175);
#4173 = CARTESIAN_POINT('',(44.023070469799,11.879194630872,8.5));
#4174 = DIRECTION('',(1.,0.,0.));
#4175 = DIRECTION('',(0.,-1.,0.));
#4176 = ADVANCED_FACE('',(#4177),#4195,.F.);
#4177 = FACE_BOUND('',#4178,.F.);
#4178 = EDGE_LOOP('',(#4179,#4187,#4193,#4194));
#4179 = ORIENTED_EDGE('',*,*,#4180,.F.);
#4180 = EDGE_CURVE('',#4181,#4126,#4183,.T.);
#4181 = VERTEX_POINT('',#4182);
#4182 = CARTESIAN_POINT('',(41.440855704698,9.638087248322,8.5));
#4183 = LINE('',#4184,#4185);
#4184 = CARTESIAN_POINT('',(41.440855704698,9.638087248322,8.5));
#4185 = VECTOR('',#4186,1.);
#4186 = DIRECTION('',(0.557508237146,0.830171407309,0.));
#4187 = ORIENTED_EDGE('',*,*,#4188,.T.);
#4188 = EDGE_CURVE('',#4181,#995,#4189,.T.);
#4189 = LINE('',#4190,#4191);
#4190 = CARTESIAN_POINT('',(41.440855704698,9.638087248322,8.5));
#4191 = VECTOR('',#4192,1.);
#4192 = DIRECTION('',(0.,0.,1.));
#4193 = ORIENTED_EDGE('',*,*,#1002,.F.);
#4194 = ORIENTED_EDGE('',*,*,#4135,.F.);
#4195 = PLANE('',#4196);
#4196 = AXIS2_PLACEMENT_3D('',#4197,#4198,#4199);
#4197 = CARTESIAN_POINT('',(41.440855704698,9.638087248322,8.5));
#4198 = DIRECTION('',(-0.830171407309,0.557508237146,0.));
#4199 = DIRECTION('',(0.557508237146,0.830171407309,0.));
#4200 = ADVANCED_FACE('',(#4201),#4219,.F.);
#4201 = FACE_BOUND('',#4202,.F.);
#4202 = EDGE_LOOP('',(#4203,#4211,#4212,#4213));
#4203 = ORIENTED_EDGE('',*,*,#4204,.F.);
#4204 = EDGE_CURVE('',#4157,#4205,#4207,.T.);
#4205 = VERTEX_POINT('',#4206);
#4206 = CARTESIAN_POINT('',(44.559144295302,9.506040268456,8.5));
#4207 = LINE('',#4208,#4209);
#4208 = CARTESIAN_POINT('',(44.023070469799,9.506040268456,8.5));
#4209 = VECTOR('',#4210,1.);
#4210 = DIRECTION('',(1.,0.,0.));
#4211 = ORIENTED_EDGE('',*,*,#4166,.T.);
#4212 = ORIENTED_EDGE('',*,*,#938,.F.);
#4213 = ORIENTED_EDGE('',*,*,#4214,.F.);
#4214 = EDGE_CURVE('',#4205,#939,#4215,.T.);
#4215 = LINE('',#4216,#4217);
#4216 = CARTESIAN_POINT('',(44.559144295302,9.506040268456,8.5));
#4217 = VECTOR('',#4218,1.);
#4218 = DIRECTION('',(0.,0.,1.));
#4219 = PLANE('',#4220);
#4220 = AXIS2_PLACEMENT_3D('',#4221,#4222,#4223);
#4221 = CARTESIAN_POINT('',(44.023070469799,9.506040268456,8.5));
#4222 = DIRECTION('',(0.,1.,0.));
#4223 = DIRECTION('',(1.,0.,0.));
#4224 = ADVANCED_FACE('',(#4225),#4243,.F.);
#4225 = FACE_BOUND('',#4226,.F.);
#4226 = EDGE_LOOP('',(#4227,#4235,#4241,#4242));
#4227 = ORIENTED_EDGE('',*,*,#4228,.F.);
#4228 = EDGE_CURVE('',#4229,#4181,#4231,.T.);
#4229 = VERTEX_POINT('',#4230);
#4230 = CARTESIAN_POINT('',(41.440855704698,8.808053691275,8.5));
#4231 = LINE('',#4232,#4233);
#4232 = CARTESIAN_POINT('',(41.440855704698,8.808053691275,8.5));
#4233 = VECTOR('',#4234,1.);
#4234 = DIRECTION('',(0.,1.,0.));
#4235 = ORIENTED_EDGE('',*,*,#4236,.T.);
#4236 = EDGE_CURVE('',#4229,#987,#4237,.T.);
#4237 = LINE('',#4238,#4239);
#4238 = CARTESIAN_POINT('',(41.440855704698,8.808053691275,8.5));
#4239 = VECTOR('',#4240,1.);
#4240 = DIRECTION('',(0.,0.,1.));
#4241 = ORIENTED_EDGE('',*,*,#994,.F.);
#4242 = ORIENTED_EDGE('',*,*,#4188,.F.);
#4243 = PLANE('',#4244);
#4244 = AXIS2_PLACEMENT_3D('',#4245,#4246,#4247);
#4245 = CARTESIAN_POINT('',(41.440855704698,8.808053691275,8.5));
#4246 = DIRECTION('',(-1.,0.,0.));
#4247 = DIRECTION('',(0.,1.,0.));
#4248 = ADVANCED_FACE('',(#4249),#4267,.F.);
#4249 = FACE_BOUND('',#4250,.F.);
#4250 = EDGE_LOOP('',(#4251,#4259,#4260,#4261));
#4251 = ORIENTED_EDGE('',*,*,#4252,.F.);
#4252 = EDGE_CURVE('',#4205,#4253,#4255,.T.);
#4253 = VERTEX_POINT('',#4254);
#4254 = CARTESIAN_POINT('',(44.559144295302,8.808053691275,8.5));
#4255 = LINE('',#4256,#4257);
#4256 = CARTESIAN_POINT('',(44.559144295302,9.506040268456,8.5));
#4257 = VECTOR('',#4258,1.);
#4258 = DIRECTION('',(0.,-1.,0.));
#4259 = ORIENTED_EDGE('',*,*,#4214,.T.);
#4260 = ORIENTED_EDGE('',*,*,#946,.F.);
#4261 = ORIENTED_EDGE('',*,*,#4262,.F.);
#4262 = EDGE_CURVE('',#4253,#947,#4263,.T.);
#4263 = LINE('',#4264,#4265);
#4264 = CARTESIAN_POINT('',(44.559144295302,8.808053691275,8.5));
#4265 = VECTOR('',#4266,1.);
#4266 = DIRECTION('',(0.,0.,1.));
#4267 = PLANE('',#4268);
#4268 = AXIS2_PLACEMENT_3D('',#4269,#4270,#4271);
#4269 = CARTESIAN_POINT('',(44.559144295302,9.506040268456,8.5));
#4270 = DIRECTION('',(1.,0.,0.));
#4271 = DIRECTION('',(0.,-1.,0.));
#4272 = ADVANCED_FACE('',(#4273),#4291,.F.);
#4273 = FACE_BOUND('',#4274,.F.);
#4274 = EDGE_LOOP('',(#4275,#4283,#4289,#4290));
#4275 = ORIENTED_EDGE('',*,*,#4276,.F.);
#4276 = EDGE_CURVE('',#4277,#4229,#4279,.T.);
#4277 = VERTEX_POINT('',#4278);
#4278 = CARTESIAN_POINT('',(43.106963087248,8.808053691275,8.5));
#4279 = LINE('',#4280,#4281);
#4280 = CARTESIAN_POINT('',(43.106963087248,8.808053691275,8.5));
#4281 = VECTOR('',#4282,1.);
#4282 = DIRECTION('',(-1.,0.,0.));
#4283 = ORIENTED_EDGE('',*,*,#4284,.T.);
#4284 = EDGE_CURVE('',#4277,#979,#4285,.T.);
#4285 = LINE('',#4286,#4287);
#4286 = CARTESIAN_POINT('',(43.106963087248,8.808053691275,8.5));
#4287 = VECTOR('',#4288,1.);
#4288 = DIRECTION('',(0.,0.,1.));
#4289 = ORIENTED_EDGE('',*,*,#986,.F.);
#4290 = ORIENTED_EDGE('',*,*,#4236,.F.);
#4291 = PLANE('',#4292);
#4292 = AXIS2_PLACEMENT_3D('',#4293,#4294,#4295);
#4293 = CARTESIAN_POINT('',(43.106963087248,8.808053691275,8.5));
#4294 = DIRECTION('',(0.,-1.,0.));
#4295 = DIRECTION('',(-1.,0.,0.));
#4296 = ADVANCED_FACE('',(#4297),#4315,.F.);
#4297 = FACE_BOUND('',#4298,.F.);
#4298 = EDGE_LOOP('',(#4299,#4307,#4308,#4309));
#4299 = ORIENTED_EDGE('',*,*,#4300,.F.);
#4300 = EDGE_CURVE('',#4253,#4301,#4303,.T.);
#4301 = VERTEX_POINT('',#4302);
#4302 = CARTESIAN_POINT('',(44.023070469799,8.808053691275,8.5));
#4303 = LINE('',#4304,#4305);
#4304 = CARTESIAN_POINT('',(44.559144295302,8.808053691275,8.5));
#4305 = VECTOR('',#4306,1.);
#4306 = DIRECTION('',(-1.,0.,0.));
#4307 = ORIENTED_EDGE('',*,*,#4262,.T.);
#4308 = ORIENTED_EDGE('',*,*,#954,.F.);
#4309 = ORIENTED_EDGE('',*,*,#4310,.F.);
#4310 = EDGE_CURVE('',#4301,#955,#4311,.T.);
#4311 = LINE('',#4312,#4313);
#4312 = CARTESIAN_POINT('',(44.023070469799,8.808053691275,8.5));
#4313 = VECTOR('',#4314,1.);
#4314 = DIRECTION('',(0.,0.,1.));
#4315 = PLANE('',#4316);
#4316 = AXIS2_PLACEMENT_3D('',#4317,#4318,#4319);
#4317 = CARTESIAN_POINT('',(44.559144295302,8.808053691275,8.5));
#4318 = DIRECTION('',(0.,-1.,0.));
#4319 = DIRECTION('',(-1.,0.,0.));
#4320 = ADVANCED_FACE('',(#4321),#4339,.F.);
#4321 = FACE_BOUND('',#4322,.F.);
#4322 = EDGE_LOOP('',(#4323,#4331,#4337,#4338));
#4323 = ORIENTED_EDGE('',*,*,#4324,.F.);
#4324 = EDGE_CURVE('',#4325,#4277,#4327,.T.);
#4325 = VERTEX_POINT('',#4326);
#4326 = CARTESIAN_POINT('',(43.106963087248,8.120805369128,8.5));
#4327 = LINE('',#4328,#4329);
#4328 = CARTESIAN_POINT('',(43.106963087248,8.120805369128,8.5));
#4329 = VECTOR('',#4330,1.);
#4330 = DIRECTION('',(0.,1.,0.));
#4331 = ORIENTED_EDGE('',*,*,#4332,.T.);
#4332 = EDGE_CURVE('',#4325,#971,#4333,.T.);
#4333 = LINE('',#4334,#4335);
#4334 = CARTESIAN_POINT('',(43.106963087248,8.120805369128,8.5));
#4335 = VECTOR('',#4336,1.);
#4336 = DIRECTION('',(0.,0.,1.));
#4337 = ORIENTED_EDGE('',*,*,#978,.F.);
#4338 = ORIENTED_EDGE('',*,*,#4284,.F.);
#4339 = PLANE('',#4340);
#4340 = AXIS2_PLACEMENT_3D('',#4341,#4342,#4343);
#4341 = CARTESIAN_POINT('',(43.106963087248,8.120805369128,8.5));
#4342 = DIRECTION('',(-1.,0.,0.));
#4343 = DIRECTION('',(0.,1.,0.));
#4344 = ADVANCED_FACE('',(#4345),#4363,.F.);
#4345 = FACE_BOUND('',#4346,.F.);
#4346 = EDGE_LOOP('',(#4347,#4355,#4356,#4357));
#4347 = ORIENTED_EDGE('',*,*,#4348,.F.);
#4348 = EDGE_CURVE('',#4301,#4349,#4351,.T.);
#4349 = VERTEX_POINT('',#4350);
#4350 = CARTESIAN_POINT('',(44.023070469799,8.120805369128,8.5));
#4351 = LINE('',#4352,#4353);
#4352 = CARTESIAN_POINT('',(44.023070469799,8.808053691275,8.5));
#4353 = VECTOR('',#4354,1.);
#4354 = DIRECTION('',(0.,-1.,0.));
#4355 = ORIENTED_EDGE('',*,*,#4310,.T.);
#4356 = ORIENTED_EDGE('',*,*,#962,.F.);
#4357 = ORIENTED_EDGE('',*,*,#4358,.F.);
#4358 = EDGE_CURVE('',#4349,#963,#4359,.T.);
#4359 = LINE('',#4360,#4361);
#4360 = CARTESIAN_POINT('',(44.023070469799,8.120805369128,8.5));
#4361 = VECTOR('',#4362,1.);
#4362 = DIRECTION('',(0.,0.,1.));
#4363 = PLANE('',#4364);
#4364 = AXIS2_PLACEMENT_3D('',#4365,#4366,#4367);
#4365 = CARTESIAN_POINT('',(44.023070469799,8.808053691275,8.5));
#4366 = DIRECTION('',(1.,0.,0.));
#4367 = DIRECTION('',(0.,-1.,0.));
#4368 = ADVANCED_FACE('',(#4369),#4380,.F.);
#4369 = FACE_BOUND('',#4370,.F.);
#4370 = EDGE_LOOP('',(#4371,#4377,#4378,#4379));
#4371 = ORIENTED_EDGE('',*,*,#4372,.F.);
#4372 = EDGE_CURVE('',#4349,#4325,#4373,.T.);
#4373 = LINE('',#4374,#4375);
#4374 = CARTESIAN_POINT('',(44.023070469799,8.120805369128,8.5));
#4375 = VECTOR('',#4376,1.);
#4376 = DIRECTION('',(-1.,0.,0.));
#4377 = ORIENTED_EDGE('',*,*,#4358,.T.);
#4378 = ORIENTED_EDGE('',*,*,#970,.F.);
#4379 = ORIENTED_EDGE('',*,*,#4332,.F.);
#4380 = PLANE('',#4381);
#4381 = AXIS2_PLACEMENT_3D('',#4382,#4383,#4384);
#4382 = CARTESIAN_POINT('',(44.023070469799,8.120805369128,8.5));
#4383 = DIRECTION('',(0.,-1.,0.));
#4384 = DIRECTION('',(-1.,0.,0.));
#4385 = ADVANCED_FACE('',(#4386),#4411,.F.);
#4386 = FACE_BOUND('',#4387,.F.);
#4387 = EDGE_LOOP('',(#4388,#4398,#4404,#4405));
#4388 = ORIENTED_EDGE('',*,*,#4389,.F.);
#4389 = EDGE_CURVE('',#4390,#4392,#4394,.T.);
#4390 = VERTEX_POINT('',#4391);
#4391 = CARTESIAN_POINT('',(53.734060402685,11.91677852349,8.5));
#4392 = VERTEX_POINT('',#4393);
#4393 = CARTESIAN_POINT('',(56.142617449664,11.91677852349,8.5));
#4394 = LINE('',#4395,#4396);
#4395 = CARTESIAN_POINT('',(53.734060402685,11.91677852349,8.5));
#4396 = VECTOR('',#4397,1.);
#4397 = DIRECTION('',(1.,0.,0.));
#4398 = ORIENTED_EDGE('',*,*,#4399,.T.);
#4399 = EDGE_CURVE('',#4390,#1013,#4400,.T.);
#4400 = LINE('',#4401,#4402);
#4401 = CARTESIAN_POINT('',(53.734060402685,11.91677852349,8.5));
#4402 = VECTOR('',#4403,1.);
#4403 = DIRECTION('',(0.,0.,1.));
#4404 = ORIENTED_EDGE('',*,*,#1010,.F.);
#4405 = ORIENTED_EDGE('',*,*,#4406,.F.);
#4406 = EDGE_CURVE('',#4392,#1011,#4407,.T.);
#4407 = LINE('',#4408,#4409);
#4408 = CARTESIAN_POINT('',(56.142617449664,11.91677852349,8.5));
#4409 = VECTOR('',#4410,1.);
#4410 = DIRECTION('',(0.,0.,1.));
#4411 = PLANE('',#4412);
#4412 = AXIS2_PLACEMENT_3D('',#4413,#4414,#4415);
#4413 = CARTESIAN_POINT('',(53.734060402685,11.91677852349,8.5));
#4414 = DIRECTION('',(0.,1.,0.));
#4415 = DIRECTION('',(1.,0.,0.));
#4416 = ADVANCED_FACE('',(#4417),#4435,.F.);
#4417 = FACE_BOUND('',#4418,.F.);
#4418 = EDGE_LOOP('',(#4419,#4427,#4428,#4429));
#4419 = ORIENTED_EDGE('',*,*,#4420,.F.);
#4420 = EDGE_CURVE('',#4392,#4421,#4423,.T.);
#4421 = VERTEX_POINT('',#4422);
#4422 = CARTESIAN_POINT('',(56.142617449664,11.208053691275,8.5));
#4423 = LINE('',#4424,#4425);
#4424 = CARTESIAN_POINT('',(56.142617449664,11.91677852349,8.5));
#4425 = VECTOR('',#4426,1.);
#4426 = DIRECTION('',(0.,-1.,0.));
#4427 = ORIENTED_EDGE('',*,*,#4406,.T.);
#4428 = ORIENTED_EDGE('',*,*,#1020,.F.);
#4429 = ORIENTED_EDGE('',*,*,#4430,.F.);
#4430 = EDGE_CURVE('',#4421,#1021,#4431,.T.);
#4431 = LINE('',#4432,#4433);
#4432 = CARTESIAN_POINT('',(56.142617449664,11.208053691275,8.5));
#4433 = VECTOR('',#4434,1.);
#4434 = DIRECTION('',(0.,0.,1.));
#4435 = PLANE('',#4436);
#4436 = AXIS2_PLACEMENT_3D('',#4437,#4438,#4439);
#4437 = CARTESIAN_POINT('',(56.142617449664,11.91677852349,8.5));
#4438 = DIRECTION('',(1.,0.,0.));
#4439 = DIRECTION('',(0.,-1.,0.));
#4440 = ADVANCED_FACE('',(#4441),#4459,.F.);
#4441 = FACE_BOUND('',#4442,.F.);
#4442 = EDGE_LOOP('',(#4443,#4451,#4457,#4458));
#4443 = ORIENTED_EDGE('',*,*,#4444,.F.);
#4444 = EDGE_CURVE('',#4445,#4390,#4447,.T.);
#4445 = VERTEX_POINT('',#4446);
#4446 = CARTESIAN_POINT('',(53.734060402685,9.790604026846,8.5));
#4447 = LINE('',#4448,#4449);
#4448 = CARTESIAN_POINT('',(53.734060402685,9.790604026846,8.5));
#4449 = VECTOR('',#4450,1.);
#4450 = DIRECTION('',(0.,1.,0.));
#4451 = ORIENTED_EDGE('',*,*,#4452,.T.);
#4452 = EDGE_CURVE('',#4445,#1262,#4453,.T.);
#4453 = LINE('',#4454,#4455);
#4454 = CARTESIAN_POINT('',(53.734060402685,9.790604026846,8.5));
#4455 = VECTOR('',#4456,1.);
#4456 = DIRECTION('',(0.,0.,1.));
#4457 = ORIENTED_EDGE('',*,*,#1272,.F.);
#4458 = ORIENTED_EDGE('',*,*,#4399,.F.);
#4459 = PLANE('',#4460);
#4460 = AXIS2_PLACEMENT_3D('',#4461,#4462,#4463);
#4461 = CARTESIAN_POINT('',(53.734060402685,9.790604026846,8.5));
#4462 = DIRECTION('',(-1.,0.,0.));
#4463 = DIRECTION('',(0.,1.,0.));
#4464 = ADVANCED_FACE('',(#4465),#4483,.F.);
#4465 = FACE_BOUND('',#4466,.F.);
#4466 = EDGE_LOOP('',(#4467,#4475,#4476,#4477));
#4467 = ORIENTED_EDGE('',*,*,#4468,.F.);
#4468 = EDGE_CURVE('',#4421,#4469,#4471,.T.);
#4469 = VERTEX_POINT('',#4470);
#4470 = CARTESIAN_POINT('',(54.506711409396,11.208053691275,8.5));
#4471 = LINE('',#4472,#4473);
#4472 = CARTESIAN_POINT('',(56.142617449664,11.208053691275,8.5));
#4473 = VECTOR('',#4474,1.);
#4474 = DIRECTION('',(-1.,0.,0.));
#4475 = ORIENTED_EDGE('',*,*,#4430,.T.);
#4476 = ORIENTED_EDGE('',*,*,#1028,.F.);
#4477 = ORIENTED_EDGE('',*,*,#4478,.F.);
#4478 = EDGE_CURVE('',#4469,#1029,#4479,.T.);
#4479 = LINE('',#4480,#4481);
#4480 = CARTESIAN_POINT('',(54.506711409396,11.208053691275,8.5));
#4481 = VECTOR('',#4482,1.);
#4482 = DIRECTION('',(0.,0.,1.));
#4483 = PLANE('',#4484);
#4484 = AXIS2_PLACEMENT_3D('',#4485,#4486,#4487);
#4485 = CARTESIAN_POINT('',(56.142617449664,11.208053691275,8.5));
#4486 = DIRECTION('',(0.,-1.,0.));
#4487 = DIRECTION('',(-1.,0.,0.));
#4488 = ADVANCED_FACE('',(#4489),#4507,.F.);
#4489 = FACE_BOUND('',#4490,.F.);
#4490 = EDGE_LOOP('',(#4491,#4499,#4505,#4506));
#4491 = ORIENTED_EDGE('',*,*,#4492,.F.);
#4492 = EDGE_CURVE('',#4493,#4445,#4495,.T.);
#4493 = VERTEX_POINT('',#4494);
#4494 = CARTESIAN_POINT('',(54.24244966443,9.960906040268,8.5));
#4495 = B_SPLINE_CURVE_WITH_KNOTS('',2,(#4496,#4497,#4498),
  .UNSPECIFIED.,.F.,.F.,(3,3),(0.,1.),.PIECEWISE_BEZIER_KNOTS.);
#4496 = CARTESIAN_POINT('',(54.24244966443,9.960906040268,8.5));
#4497 = CARTESIAN_POINT('',(54.005872483221,9.905872483221,8.5));
#4498 = CARTESIAN_POINT('',(53.734060402685,9.790604026846,8.5));
#4499 = ORIENTED_EDGE('',*,*,#4500,.T.);
#4500 = EDGE_CURVE('',#4493,#1251,#4501,.T.);
#4501 = LINE('',#4502,#4503);
#4502 = CARTESIAN_POINT('',(54.24244966443,9.960906040268,8.5));
#4503 = VECTOR('',#4504,1.);
#4504 = DIRECTION('',(0.,0.,1.));
#4505 = ORIENTED_EDGE('',*,*,#1261,.F.);
#4506 = ORIENTED_EDGE('',*,*,#4452,.F.);
#4507 = SURFACE_OF_LINEAR_EXTRUSION('',#4508,#4512);
#4508 = B_SPLINE_CURVE_WITH_KNOTS('',2,(#4509,#4510,#4511),
  .UNSPECIFIED.,.F.,.F.,(3,3),(0.,1.),.PIECEWISE_BEZIER_KNOTS.);
#4509 = CARTESIAN_POINT('',(54.24244966443,9.960906040268,8.5));
#4510 = CARTESIAN_POINT('',(54.005872483221,9.905872483221,8.5));
#4511 = CARTESIAN_POINT('',(53.734060402685,9.790604026846,8.5));
#4512 = VECTOR('',#4513,1.);
#4513 = DIRECTION('',(-0.,-0.,-1.));
#4514 = ADVANCED_FACE('',(#4515),#4533,.F.);
#4515 = FACE_BOUND('',#4516,.F.);
#4516 = EDGE_LOOP('',(#4517,#4525,#4526,#4527));
#4517 = ORIENTED_EDGE('',*,*,#4518,.F.);
#4518 = EDGE_CURVE('',#4469,#4519,#4521,.T.);
#4519 = VERTEX_POINT('',#4520);
#4520 = CARTESIAN_POINT('',(54.506711409396,10.618624161074,8.5));
#4521 = LINE('',#4522,#4523);
#4522 = CARTESIAN_POINT('',(54.506711409396,11.208053691275,8.5));
#4523 = VECTOR('',#4524,1.);
#4524 = DIRECTION('',(0.,-1.,0.));
#4525 = ORIENTED_EDGE('',*,*,#4478,.T.);
#4526 = ORIENTED_EDGE('',*,*,#1036,.F.);
#4527 = ORIENTED_EDGE('',*,*,#4528,.F.);
#4528 = EDGE_CURVE('',#4519,#1037,#4529,.T.);
#4529 = LINE('',#4530,#4531);
#4530 = CARTESIAN_POINT('',(54.506711409396,10.618624161074,8.5));
#4531 = VECTOR('',#4532,1.);
#4532 = DIRECTION('',(0.,0.,1.));
#4533 = PLANE('',#4534);
#4534 = AXIS2_PLACEMENT_3D('',#4535,#4536,#4537);
#4535 = CARTESIAN_POINT('',(54.506711409396,11.208053691275,8.5));
#4536 = DIRECTION('',(1.,0.,0.));
#4537 = DIRECTION('',(0.,-1.,0.));
#4538 = ADVANCED_FACE('',(#4539),#4557,.F.);
#4539 = FACE_BOUND('',#4540,.F.);
#4540 = EDGE_LOOP('',(#4541,#4549,#4555,#4556));
#4541 = ORIENTED_EDGE('',*,*,#4542,.F.);
#4542 = EDGE_CURVE('',#4543,#4493,#4545,.T.);
#4543 = VERTEX_POINT('',#4544);
#4544 = CARTESIAN_POINT('',(54.687919463087,10.01610738255,8.5));
#4545 = B_SPLINE_CURVE_WITH_KNOTS('',2,(#4546,#4547,#4548),
  .UNSPECIFIED.,.F.,.F.,(3,3),(0.,1.),.PIECEWISE_BEZIER_KNOTS.);
#4546 = CARTESIAN_POINT('',(54.687919463087,10.01610738255,8.5));
#4547 = CARTESIAN_POINT('',(54.479026845638,10.01610738255,8.5));
#4548 = CARTESIAN_POINT('',(54.24244966443,9.960906040268,8.5));
#4549 = ORIENTED_EDGE('',*,*,#4550,.T.);
#4550 = EDGE_CURVE('',#4543,#1236,#4551,.T.);
#4551 = LINE('',#4552,#4553);
#4552 = CARTESIAN_POINT('',(54.687919463087,10.01610738255,8.5));
#4553 = VECTOR('',#4554,1.);
#4554 = DIRECTION('',(0.,0.,1.));
#4555 = ORIENTED_EDGE('',*,*,#1250,.F.);
#4556 = ORIENTED_EDGE('',*,*,#4500,.F.);
#4557 = SURFACE_OF_LINEAR_EXTRUSION('',#4558,#4562);
#4558 = B_SPLINE_CURVE_WITH_KNOTS('',2,(#4559,#4560,#4561),
  .UNSPECIFIED.,.F.,.F.,(3,3),(0.,1.),.PIECEWISE_BEZIER_KNOTS.);
#4559 = CARTESIAN_POINT('',(54.687919463087,10.01610738255,8.5));
#4560 = CARTESIAN_POINT('',(54.479026845638,10.01610738255,8.5));
#4561 = CARTESIAN_POINT('',(54.24244966443,9.960906040268,8.5));
#4562 = VECTOR('',#4563,1.);
#4563 = DIRECTION('',(-0.,-0.,-1.));
#4564 = ADVANCED_FACE('',(#4565),#4583,.F.);
#4565 = FACE_BOUND('',#4566,.F.);
#4566 = EDGE_LOOP('',(#4567,#4575,#4576,#4577));
#4567 = ORIENTED_EDGE('',*,*,#4568,.F.);
#4568 = EDGE_CURVE('',#4519,#4569,#4571,.T.);
#4569 = VERTEX_POINT('',#4570);
#4570 = CARTESIAN_POINT('',(54.729362416107,10.665436241611,8.5));
#4571 = B_SPLINE_CURVE_WITH_KNOTS('',2,(#4572,#4573,#4574),
  .UNSPECIFIED.,.F.,.F.,(3,3),(0.,1.),.PIECEWISE_BEZIER_KNOTS.);
#4572 = CARTESIAN_POINT('',(54.506711409396,10.618624161074,8.5));
#4573 = CARTESIAN_POINT('',(54.61744966443,10.648993288591,8.5));
#4574 = CARTESIAN_POINT('',(54.729362416107,10.665436241611,8.5));
#4575 = ORIENTED_EDGE('',*,*,#4528,.T.);
#4576 = ORIENTED_EDGE('',*,*,#1044,.F.);
#4577 = ORIENTED_EDGE('',*,*,#4578,.F.);
#4578 = EDGE_CURVE('',#4569,#1045,#4579,.T.);
#4579 = LINE('',#4580,#4581);
#4580 = CARTESIAN_POINT('',(54.729362416107,10.665436241611,8.5));
#4581 = VECTOR('',#4582,1.);
#4582 = DIRECTION('',(0.,0.,1.));
#4583 = SURFACE_OF_LINEAR_EXTRUSION('',#4584,#4588);
#4584 = B_SPLINE_CURVE_WITH_KNOTS('',2,(#4585,#4586,#4587),
  .UNSPECIFIED.,.F.,.F.,(3,3),(0.,1.),.PIECEWISE_BEZIER_KNOTS.);
#4585 = CARTESIAN_POINT('',(54.506711409396,10.618624161074,8.5));
#4586 = CARTESIAN_POINT('',(54.61744966443,10.648993288591,8.5));
#4587 = CARTESIAN_POINT('',(54.729362416107,10.665436241611,8.5));
#4588 = VECTOR('',#4589,1.);
#4589 = DIRECTION('',(-0.,-0.,-1.));
#4590 = ADVANCED_FACE('',(#4591),#4609,.F.);
#4591 = FACE_BOUND('',#4592,.F.);
#4592 = EDGE_LOOP('',(#4593,#4601,#4607,#4608));
#4593 = ORIENTED_EDGE('',*,*,#4594,.F.);
#4594 = EDGE_CURVE('',#4595,#4543,#4597,.T.);
#4595 = VERTEX_POINT('',#4596);
#4596 = CARTESIAN_POINT('',(55.242785234899,9.844966442953,8.5));
#4597 = B_SPLINE_CURVE_WITH_KNOTS('',2,(#4598,#4599,#4600),
  .UNSPECIFIED.,.F.,.F.,(3,3),(0.,1.),.PIECEWISE_BEZIER_KNOTS.);
#4598 = CARTESIAN_POINT('',(55.242785234899,9.844966442953,8.5));
#4599 = CARTESIAN_POINT('',(55.040268456376,10.01610738255,8.5));
#4600 = CARTESIAN_POINT('',(54.687919463087,10.01610738255,8.5));
#4601 = ORIENTED_EDGE('',*,*,#4602,.T.);
#4602 = EDGE_CURVE('',#4595,#1221,#4603,.T.);
#4603 = LINE('',#4604,#4605);
#4604 = CARTESIAN_POINT('',(55.242785234899,9.844966442953,8.5));
#4605 = VECTOR('',#4606,1.);
#4606 = DIRECTION('',(0.,0.,1.));
#4607 = ORIENTED_EDGE('',*,*,#1235,.F.);
#4608 = ORIENTED_EDGE('',*,*,#4550,.F.);
#4609 = SURFACE_OF_LINEAR_EXTRUSION('',#4610,#4614);
#4610 = B_SPLINE_CURVE_WITH_KNOTS('',2,(#4611,#4612,#4613),
  .UNSPECIFIED.,.F.,.F.,(3,3),(0.,1.),.PIECEWISE_BEZIER_KNOTS.);
#4611 = CARTESIAN_POINT('',(55.242785234899,9.844966442953,8.5));
#4612 = CARTESIAN_POINT('',(55.040268456376,10.01610738255,8.5));
#4613 = CARTESIAN_POINT('',(54.687919463087,10.01610738255,8.5));
#4614 = VECTOR('',#4615,1.);
#4615 = DIRECTION('',(-0.,-0.,-1.));
#4616 = ADVANCED_FACE('',(#4617),#4635,.F.);
#4617 = FACE_BOUND('',#4618,.F.);
#4618 = EDGE_LOOP('',(#4619,#4627,#4628,#4629));
#4619 = ORIENTED_EDGE('',*,*,#4620,.F.);
#4620 = EDGE_CURVE('',#4569,#4621,#4623,.T.);
#4621 = VERTEX_POINT('',#4622);
#4622 = CARTESIAN_POINT('',(54.962248322148,10.681879194631,8.5));
#4623 = B_SPLINE_CURVE_WITH_KNOTS('',2,(#4624,#4625,#4626),
  .UNSPECIFIED.,.F.,.F.,(3,3),(0.,1.),.PIECEWISE_BEZIER_KNOTS.);
#4624 = CARTESIAN_POINT('',(54.729362416107,10.665436241611,8.5));
#4625 = CARTESIAN_POINT('',(54.84144295302,10.681879194631,8.5));
#4626 = CARTESIAN_POINT('',(54.962248322148,10.681879194631,8.5));
#4627 = ORIENTED_EDGE('',*,*,#4578,.T.);
#4628 = ORIENTED_EDGE('',*,*,#1054,.F.);
#4629 = ORIENTED_EDGE('',*,*,#4630,.F.);
#4630 = EDGE_CURVE('',#4621,#1055,#4631,.T.);
#4631 = LINE('',#4632,#4633);
#4632 = CARTESIAN_POINT('',(54.962248322148,10.681879194631,8.5));
#4633 = VECTOR('',#4634,1.);
#4634 = DIRECTION('',(0.,0.,1.));
#4635 = SURFACE_OF_LINEAR_EXTRUSION('',#4636,#4640);
#4636 = B_SPLINE_CURVE_WITH_KNOTS('',2,(#4637,#4638,#4639),
  .UNSPECIFIED.,.F.,.F.,(3,3),(0.,1.),.PIECEWISE_BEZIER_KNOTS.);
#4637 = CARTESIAN_POINT('',(54.729362416107,10.665436241611,8.5));
#4638 = CARTESIAN_POINT('',(54.84144295302,10.681879194631,8.5));
#4639 = CARTESIAN_POINT('',(54.962248322148,10.681879194631,8.5));
#4640 = VECTOR('',#4641,1.);
#4641 = DIRECTION('',(-0.,-0.,-1.));
#4642 = ADVANCED_FACE('',(#4643),#4661,.F.);
#4643 = FACE_BOUND('',#4644,.F.);
#4644 = EDGE_LOOP('',(#4645,#4653,#4659,#4660));
#4645 = ORIENTED_EDGE('',*,*,#4646,.F.);
#4646 = EDGE_CURVE('',#4647,#4595,#4649,.T.);
#4647 = VERTEX_POINT('',#4648);
#4648 = CARTESIAN_POINT('',(55.445469798658,9.377181208054,8.5));
#4649 = B_SPLINE_CURVE_WITH_KNOTS('',2,(#4650,#4651,#4652),
  .UNSPECIFIED.,.F.,.F.,(3,3),(0.,1.),.PIECEWISE_BEZIER_KNOTS.);
#4650 = CARTESIAN_POINT('',(55.445469798658,9.377181208054,8.5));
#4651 = CARTESIAN_POINT('',(55.445469798658,9.673993288591,8.5));
#4652 = CARTESIAN_POINT('',(55.242785234899,9.844966442953,8.5));
#4653 = ORIENTED_EDGE('',*,*,#4654,.T.);
#4654 = EDGE_CURVE('',#4647,#1206,#4655,.T.);
#4655 = LINE('',#4656,#4657);
#4656 = CARTESIAN_POINT('',(55.445469798658,9.377181208054,8.5));
#4657 = VECTOR('',#4658,1.);
#4658 = DIRECTION('',(0.,0.,1.));
#4659 = ORIENTED_EDGE('',*,*,#1220,.F.);
#4660 = ORIENTED_EDGE('',*,*,#4602,.F.);
#4661 = SURFACE_OF_LINEAR_EXTRUSION('',#4662,#4666);
#4662 = B_SPLINE_CURVE_WITH_KNOTS('',2,(#4663,#4664,#4665),
  .UNSPECIFIED.,.F.,.F.,(3,3),(0.,1.),.PIECEWISE_BEZIER_KNOTS.);
#4663 = CARTESIAN_POINT('',(55.445469798658,9.377181208054,8.5));
#4664 = CARTESIAN_POINT('',(55.445469798658,9.673993288591,8.5));
#4665 = CARTESIAN_POINT('',(55.242785234899,9.844966442953,8.5));
#4666 = VECTOR('',#4667,1.);
#4667 = DIRECTION('',(-0.,-0.,-1.));
#4668 = ADVANCED_FACE('',(#4669),#4687,.F.);
#4669 = FACE_BOUND('',#4670,.F.);
#4670 = EDGE_LOOP('',(#4671,#4679,#4680,#4681));
#4671 = ORIENTED_EDGE('',*,*,#4672,.F.);
#4672 = EDGE_CURVE('',#4621,#4673,#4675,.T.);
#4673 = VERTEX_POINT('',#4674);
#4674 = CARTESIAN_POINT('',(56.031879194631,10.338422818792,8.5));
#4675 = B_SPLINE_CURVE_WITH_KNOTS('',2,(#4676,#4677,#4678),
  .UNSPECIFIED.,.F.,.F.,(3,3),(0.,1.),.PIECEWISE_BEZIER_KNOTS.);
#4676 = CARTESIAN_POINT('',(54.962248322148,10.681879194631,8.5));
#4677 = CARTESIAN_POINT('',(55.64932885906,10.681879194631,8.5));
#4678 = CARTESIAN_POINT('',(56.031879194631,10.338422818792,8.5));
#4679 = ORIENTED_EDGE('',*,*,#4630,.T.);
#4680 = ORIENTED_EDGE('',*,*,#1064,.F.);
#4681 = ORIENTED_EDGE('',*,*,#4682,.F.);
#4682 = EDGE_CURVE('',#4673,#1065,#4683,.T.);
#4683 = LINE('',#4684,#4685);
#4684 = CARTESIAN_POINT('',(56.031879194631,10.338422818792,8.5));
#4685 = VECTOR('',#4686,1.);
#4686 = DIRECTION('',(0.,0.,1.));
#4687 = SURFACE_OF_LINEAR_EXTRUSION('',#4688,#4692);
#4688 = B_SPLINE_CURVE_WITH_KNOTS('',2,(#4689,#4690,#4691),
  .UNSPECIFIED.,.F.,.F.,(3,3),(0.,1.),.PIECEWISE_BEZIER_KNOTS.);
#4689 = CARTESIAN_POINT('',(54.962248322148,10.681879194631,8.5));
#4690 = CARTESIAN_POINT('',(55.64932885906,10.681879194631,8.5));
#4691 = CARTESIAN_POINT('',(56.031879194631,10.338422818792,8.5));
#4692 = VECTOR('',#4693,1.);
#4693 = DIRECTION('',(-0.,-0.,-1.));
#4694 = ADVANCED_FACE('',(#4695),#4713,.F.);
#4695 = FACE_BOUND('',#4696,.F.);
#4696 = EDGE_LOOP('',(#4697,#4705,#4711,#4712));
#4697 = ORIENTED_EDGE('',*,*,#4698,.F.);
#4698 = EDGE_CURVE('',#4699,#4647,#4701,.T.);
#4699 = VERTEX_POINT('',#4700);
#4700 = CARTESIAN_POINT('',(55.242785234899,8.910570469799,8.5));
#4701 = B_SPLINE_CURVE_WITH_KNOTS('',2,(#4702,#4703,#4704),
  .UNSPECIFIED.,.F.,.F.,(3,3),(0.,1.),.PIECEWISE_BEZIER_KNOTS.);
#4702 = CARTESIAN_POINT('',(55.242785234899,8.910570469799,8.5));
#4703 = CARTESIAN_POINT('',(55.445469798658,9.08288590604,8.5));
#4704 = CARTESIAN_POINT('',(55.445469798658,9.377181208054,8.5));
#4705 = ORIENTED_EDGE('',*,*,#4706,.T.);
#4706 = EDGE_CURVE('',#4699,#1191,#4707,.T.);
#4707 = LINE('',#4708,#4709);
#4708 = CARTESIAN_POINT('',(55.242785234899,8.910570469799,8.5));
#4709 = VECTOR('',#4710,1.);
#4710 = DIRECTION('',(0.,0.,1.));
#4711 = ORIENTED_EDGE('',*,*,#1205,.F.);
#4712 = ORIENTED_EDGE('',*,*,#4654,.F.);
#4713 = SURFACE_OF_LINEAR_EXTRUSION('',#4714,#4718);
#4714 = B_SPLINE_CURVE_WITH_KNOTS('',2,(#4715,#4716,#4717),
  .UNSPECIFIED.,.F.,.F.,(3,3),(0.,1.),.PIECEWISE_BEZIER_KNOTS.);
#4715 = CARTESIAN_POINT('',(55.242785234899,8.910570469799,8.5));
#4716 = CARTESIAN_POINT('',(55.445469798658,9.08288590604,8.5));
#4717 = CARTESIAN_POINT('',(55.445469798658,9.377181208054,8.5));
#4718 = VECTOR('',#4719,1.);
#4719 = DIRECTION('',(-0.,-0.,-1.));
#4720 = ADVANCED_FACE('',(#4721),#4739,.F.);
#4721 = FACE_BOUND('',#4722,.F.);
#4722 = EDGE_LOOP('',(#4723,#4731,#4732,#4733));
#4723 = ORIENTED_EDGE('',*,*,#4724,.F.);
#4724 = EDGE_CURVE('',#4673,#4725,#4727,.T.);
#4725 = VERTEX_POINT('',#4726);
#4726 = CARTESIAN_POINT('',(56.414429530201,9.381375838926,8.5));
#4727 = B_SPLINE_CURVE_WITH_KNOTS('',2,(#4728,#4729,#4730),
  .UNSPECIFIED.,.F.,.F.,(3,3),(0.,1.),.PIECEWISE_BEZIER_KNOTS.);
#4728 = CARTESIAN_POINT('',(56.031879194631,10.338422818792,8.5));
#4729 = CARTESIAN_POINT('',(56.414429530201,9.995134228188,8.5));
#4730 = CARTESIAN_POINT('',(56.414429530201,9.381375838926,8.5));
#4731 = ORIENTED_EDGE('',*,*,#4682,.T.);
#4732 = ORIENTED_EDGE('',*,*,#1081,.F.);
#4733 = ORIENTED_EDGE('',*,*,#4734,.F.);
#4734 = EDGE_CURVE('',#4725,#1082,#4735,.T.);
#4735 = LINE('',#4736,#4737);
#4736 = CARTESIAN_POINT('',(56.414429530201,9.381375838926,8.5));
#4737 = VECTOR('',#4738,1.);
#4738 = DIRECTION('',(0.,0.,1.));
#4739 = SURFACE_OF_LINEAR_EXTRUSION('',#4740,#4744);
#4740 = B_SPLINE_CURVE_WITH_KNOTS('',2,(#4741,#4742,#4743),
  .UNSPECIFIED.,.F.,.F.,(3,3),(0.,1.),.PIECEWISE_BEZIER_KNOTS.);
#4741 = CARTESIAN_POINT('',(56.031879194631,10.338422818792,8.5));
#4742 = CARTESIAN_POINT('',(56.414429530201,9.995134228188,8.5));
#4743 = CARTESIAN_POINT('',(56.414429530201,9.381375838926,8.5));
#4744 = VECTOR('',#4745,1.);
#4745 = DIRECTION('',(-0.,-0.,-1.));
#4746 = ADVANCED_FACE('',(#4747),#4765,.F.);
#4747 = FACE_BOUND('',#4748,.F.);
#4748 = EDGE_LOOP('',(#4749,#4757,#4763,#4764));
#4749 = ORIENTED_EDGE('',*,*,#4750,.F.);
#4750 = EDGE_CURVE('',#4751,#4699,#4753,.T.);
#4751 = VERTEX_POINT('',#4752);
#4752 = CARTESIAN_POINT('',(54.687919463087,8.738255033557,8.5));
#4753 = B_SPLINE_CURVE_WITH_KNOTS('',2,(#4754,#4755,#4756),
  .UNSPECIFIED.,.F.,.F.,(3,3),(0.,1.),.PIECEWISE_BEZIER_KNOTS.);
#4754 = CARTESIAN_POINT('',(54.687919463087,8.738255033557,8.5));
#4755 = CARTESIAN_POINT('',(55.040268456376,8.738255033557,8.5));
#4756 = CARTESIAN_POINT('',(55.242785234899,8.910570469799,8.5));
#4757 = ORIENTED_EDGE('',*,*,#4758,.T.);
#4758 = EDGE_CURVE('',#4751,#1180,#4759,.T.);
#4759 = LINE('',#4760,#4761);
#4760 = CARTESIAN_POINT('',(54.687919463087,8.738255033557,8.5));
#4761 = VECTOR('',#4762,1.);
#4762 = DIRECTION('',(0.,0.,1.));
#4763 = ORIENTED_EDGE('',*,*,#1190,.F.);
#4764 = ORIENTED_EDGE('',*,*,#4706,.F.);
#4765 = SURFACE_OF_LINEAR_EXTRUSION('',#4766,#4770);
#4766 = B_SPLINE_CURVE_WITH_KNOTS('',2,(#4767,#4768,#4769),
  .UNSPECIFIED.,.F.,.F.,(3,3),(0.,1.),.PIECEWISE_BEZIER_KNOTS.);
#4767 = CARTESIAN_POINT('',(54.687919463087,8.738255033557,8.5));
#4768 = CARTESIAN_POINT('',(55.040268456376,8.738255033557,8.5));
#4769 = CARTESIAN_POINT('',(55.242785234899,8.910570469799,8.5));
#4770 = VECTOR('',#4771,1.);
#4771 = DIRECTION('',(-0.,-0.,-1.));
#4772 = ADVANCED_FACE('',(#4773),#4791,.F.);
#4773 = FACE_BOUND('',#4774,.F.);
#4774 = EDGE_LOOP('',(#4775,#4783,#4784,#4785));
#4775 = ORIENTED_EDGE('',*,*,#4776,.F.);
#4776 = EDGE_CURVE('',#4725,#4777,#4779,.T.);
#4777 = VERTEX_POINT('',#4778);
#4778 = CARTESIAN_POINT('',(55.997818791946,8.427852348993,8.5));
#4779 = B_SPLINE_CURVE_WITH_KNOTS('',2,(#4780,#4781,#4782),
  .UNSPECIFIED.,.F.,.F.,(3,3),(0.,1.),.PIECEWISE_BEZIER_KNOTS.);
#4780 = CARTESIAN_POINT('',(56.414429530201,9.381375838926,8.5));
#4781 = CARTESIAN_POINT('',(56.414429530201,8.772483221477,8.5));
#4782 = CARTESIAN_POINT('',(55.997818791946,8.427852348993,8.5));
#4783 = ORIENTED_EDGE('',*,*,#4734,.T.);
#4784 = ORIENTED_EDGE('',*,*,#1100,.F.);
#4785 = ORIENTED_EDGE('',*,*,#4786,.F.);
#4786 = EDGE_CURVE('',#4777,#1101,#4787,.T.);
#4787 = LINE('',#4788,#4789);
#4788 = CARTESIAN_POINT('',(55.997818791946,8.427852348993,8.5));
#4789 = VECTOR('',#4790,1.);
#4790 = DIRECTION('',(0.,0.,1.));
#4791 = SURFACE_OF_LINEAR_EXTRUSION('',#4792,#4796);
#4792 = B_SPLINE_CURVE_WITH_KNOTS('',2,(#4793,#4794,#4795),
  .UNSPECIFIED.,.F.,.F.,(3,3),(0.,1.),.PIECEWISE_BEZIER_KNOTS.);
#4793 = CARTESIAN_POINT('',(56.414429530201,9.381375838926,8.5));
#4794 = CARTESIAN_POINT('',(56.414429530201,8.772483221477,8.5));
#4795 = CARTESIAN_POINT('',(55.997818791946,8.427852348993,8.5));
#4796 = VECTOR('',#4797,1.);
#4797 = DIRECTION('',(-0.,-0.,-1.));
#4798 = ADVANCED_FACE('',(#4799),#4817,.F.);
#4799 = FACE_BOUND('',#4800,.F.);
#4800 = EDGE_LOOP('',(#4801,#4809,#4815,#4816));
#4801 = ORIENTED_EDGE('',*,*,#4802,.F.);
#4802 = EDGE_CURVE('',#4803,#4751,#4805,.T.);
#4803 = VERTEX_POINT('',#4804);
#4804 = CARTESIAN_POINT('',(54.168120805369,8.826845637584,8.5));
#4805 = B_SPLINE_CURVE_WITH_KNOTS('',2,(#4806,#4807,#4808),
  .UNSPECIFIED.,.F.,.F.,(3,3),(0.,1.),.PIECEWISE_BEZIER_KNOTS.);
#4806 = CARTESIAN_POINT('',(54.168120805369,8.826845637584,8.5));
#4807 = CARTESIAN_POINT('',(54.443791946309,8.738255033557,8.5));
#4808 = CARTESIAN_POINT('',(54.687919463087,8.738255033557,8.5));
#4809 = ORIENTED_EDGE('',*,*,#4810,.T.);
#4810 = EDGE_CURVE('',#4803,#1169,#4811,.T.);
#4811 = LINE('',#4812,#4813);
#4812 = CARTESIAN_POINT('',(54.168120805369,8.826845637584,8.5));
#4813 = VECTOR('',#4814,1.);
#4814 = DIRECTION('',(0.,0.,1.));
#4815 = ORIENTED_EDGE('',*,*,#1179,.F.);
#4816 = ORIENTED_EDGE('',*,*,#4758,.F.);
#4817 = SURFACE_OF_LINEAR_EXTRUSION('',#4818,#4822);
#4818 = B_SPLINE_CURVE_WITH_KNOTS('',2,(#4819,#4820,#4821),
  .UNSPECIFIED.,.F.,.F.,(3,3),(0.,1.),.PIECEWISE_BEZIER_KNOTS.);
#4819 = CARTESIAN_POINT('',(54.168120805369,8.826845637584,8.5));
#4820 = CARTESIAN_POINT('',(54.443791946309,8.738255033557,8.5));
#4821 = CARTESIAN_POINT('',(54.687919463087,8.738255033557,8.5));
#4822 = VECTOR('',#4823,1.);
#4823 = DIRECTION('',(-0.,-0.,-1.));
#4824 = ADVANCED_FACE('',(#4825),#4843,.F.);
#4825 = FACE_BOUND('',#4826,.F.);
#4826 = EDGE_LOOP('',(#4827,#4835,#4836,#4837));
#4827 = ORIENTED_EDGE('',*,*,#4828,.F.);
#4828 = EDGE_CURVE('',#4777,#4829,#4831,.T.);
#4829 = VERTEX_POINT('',#4830);
#4830 = CARTESIAN_POINT('',(54.84144295302,8.08322147651,8.5));
#4831 = B_SPLINE_CURVE_WITH_KNOTS('',2,(#4832,#4833,#4834),
  .UNSPECIFIED.,.F.,.F.,(3,3),(0.,1.),.PIECEWISE_BEZIER_KNOTS.);
#4832 = CARTESIAN_POINT('',(55.997818791946,8.427852348993,8.5));
#4833 = CARTESIAN_POINT('',(55.581375838926,8.08322147651,8.5));
#4834 = CARTESIAN_POINT('',(54.84144295302,8.08322147651,8.5));
#4835 = ORIENTED_EDGE('',*,*,#4786,.T.);
#4836 = ORIENTED_EDGE('',*,*,#1119,.F.);
#4837 = ORIENTED_EDGE('',*,*,#4838,.F.);
#4838 = EDGE_CURVE('',#4829,#1120,#4839,.T.);
#4839 = LINE('',#4840,#4841);
#4840 = CARTESIAN_POINT('',(54.84144295302,8.08322147651,8.5));
#4841 = VECTOR('',#4842,1.);
#4842 = DIRECTION('',(0.,0.,1.));
#4843 = SURFACE_OF_LINEAR_EXTRUSION('',#4844,#4848);
#4844 = B_SPLINE_CURVE_WITH_KNOTS('',2,(#4845,#4846,#4847),
  .UNSPECIFIED.,.F.,.F.,(3,3),(0.,1.),.PIECEWISE_BEZIER_KNOTS.);
#4845 = CARTESIAN_POINT('',(55.997818791946,8.427852348993,8.5));
#4846 = CARTESIAN_POINT('',(55.581375838926,8.08322147651,8.5));
#4847 = CARTESIAN_POINT('',(54.84144295302,8.08322147651,8.5));
#4848 = VECTOR('',#4849,1.);
#4849 = DIRECTION('',(-0.,-0.,-1.));
#4850 = ADVANCED_FACE('',(#4851),#4869,.F.);
#4851 = FACE_BOUND('',#4852,.F.);
#4852 = EDGE_LOOP('',(#4853,#4861,#4867,#4868));
#4853 = ORIENTED_EDGE('',*,*,#4854,.F.);
#4854 = EDGE_CURVE('',#4855,#4803,#4857,.T.);
#4855 = VERTEX_POINT('',#4856);
#4856 = CARTESIAN_POINT('',(53.585570469799,9.092617449664,8.5));
#4857 = B_SPLINE_CURVE_WITH_KNOTS('',2,(#4858,#4859,#4860),
  .UNSPECIFIED.,.F.,.F.,(3,3),(0.,1.),.PIECEWISE_BEZIER_KNOTS.);
#4858 = CARTESIAN_POINT('',(53.585570469799,9.092617449664,8.5));
#4859 = CARTESIAN_POINT('',(53.892617449664,8.915436241611,8.5));
#4860 = CARTESIAN_POINT('',(54.168120805369,8.826845637584,8.5));
#4861 = ORIENTED_EDGE('',*,*,#4862,.T.);
#4862 = EDGE_CURVE('',#4855,#1161,#4863,.T.);
#4863 = LINE('',#4864,#4865);
#4864 = CARTESIAN_POINT('',(53.585570469799,9.092617449664,8.5));
#4865 = VECTOR('',#4866,1.);
#4866 = DIRECTION('',(0.,0.,1.));
#4867 = ORIENTED_EDGE('',*,*,#1168,.F.);
#4868 = ORIENTED_EDGE('',*,*,#4810,.F.);
#4869 = SURFACE_OF_LINEAR_EXTRUSION('',#4870,#4874);
#4870 = B_SPLINE_CURVE_WITH_KNOTS('',2,(#4871,#4872,#4873),
  .UNSPECIFIED.,.F.,.F.,(3,3),(0.,1.),.PIECEWISE_BEZIER_KNOTS.);
#4871 = CARTESIAN_POINT('',(53.585570469799,9.092617449664,8.5));
#4872 = CARTESIAN_POINT('',(53.892617449664,8.915436241611,8.5));
#4873 = CARTESIAN_POINT('',(54.168120805369,8.826845637584,8.5));
#4874 = VECTOR('',#4875,1.);
#4875 = DIRECTION('',(-0.,-0.,-1.));
#4876 = ADVANCED_FACE('',(#4877),#4895,.F.);
#4877 = FACE_BOUND('',#4878,.F.);
#4878 = EDGE_LOOP('',(#4879,#4887,#4888,#4889));
#4879 = ORIENTED_EDGE('',*,*,#4880,.F.);
#4880 = EDGE_CURVE('',#4829,#4881,#4883,.T.);
#4881 = VERTEX_POINT('',#4882);
#4882 = CARTESIAN_POINT('',(54.208389261745,8.144463087248,8.5));
#4883 = B_SPLINE_CURVE_WITH_KNOTS('',2,(#4884,#4885,#4886),
  .UNSPECIFIED.,.F.,.F.,(3,3),(0.,1.),.PIECEWISE_BEZIER_KNOTS.);
#4884 = CARTESIAN_POINT('',(54.84144295302,8.08322147651,8.5));
#4885 = CARTESIAN_POINT('',(54.521812080537,8.08322147651,8.5));
#4886 = CARTESIAN_POINT('',(54.208389261745,8.144463087248,8.5));
#4887 = ORIENTED_EDGE('',*,*,#4838,.T.);
#4888 = ORIENTED_EDGE('',*,*,#1136,.F.);
#4889 = ORIENTED_EDGE('',*,*,#4890,.F.);
#4890 = EDGE_CURVE('',#4881,#1137,#4891,.T.);
#4891 = LINE('',#4892,#4893);
#4892 = CARTESIAN_POINT('',(54.208389261745,8.144463087248,8.5));
#4893 = VECTOR('',#4894,1.);
#4894 = DIRECTION('',(0.,0.,1.));
#4895 = SURFACE_OF_LINEAR_EXTRUSION('',#4896,#4900);
#4896 = B_SPLINE_CURVE_WITH_KNOTS('',2,(#4897,#4898,#4899),
  .UNSPECIFIED.,.F.,.F.,(3,3),(0.,1.),.PIECEWISE_BEZIER_KNOTS.);
#4897 = CARTESIAN_POINT('',(54.84144295302,8.08322147651,8.5));
#4898 = CARTESIAN_POINT('',(54.521812080537,8.08322147651,8.5));
#4899 = CARTESIAN_POINT('',(54.208389261745,8.144463087248,8.5));
#4900 = VECTOR('',#4901,1.);
#4901 = DIRECTION('',(-0.,-0.,-1.));
#4902 = ADVANCED_FACE('',(#4903),#4921,.F.);
#4903 = FACE_BOUND('',#4904,.F.);
#4904 = EDGE_LOOP('',(#4905,#4913,#4919,#4920));
#4905 = ORIENTED_EDGE('',*,*,#4906,.F.);
#4906 = EDGE_CURVE('',#4907,#4855,#4909,.T.);
#4907 = VERTEX_POINT('',#4908);
#4908 = CARTESIAN_POINT('',(53.585570469799,8.330201342282,8.5));
#4909 = LINE('',#4910,#4911);
#4910 = CARTESIAN_POINT('',(53.585570469799,8.330201342282,8.5));
#4911 = VECTOR('',#4912,1.);
#4912 = DIRECTION('',(0.,1.,0.));
#4913 = ORIENTED_EDGE('',*,*,#4914,.T.);
#4914 = EDGE_CURVE('',#4907,#1150,#4915,.T.);
#4915 = LINE('',#4916,#4917);
#4916 = CARTESIAN_POINT('',(53.585570469799,8.330201342282,8.5));
#4917 = VECTOR('',#4918,1.);
#4918 = DIRECTION('',(0.,0.,1.));
#4919 = ORIENTED_EDGE('',*,*,#1160,.F.);
#4920 = ORIENTED_EDGE('',*,*,#4862,.F.);
#4921 = PLANE('',#4922);
#4922 = AXIS2_PLACEMENT_3D('',#4923,#4924,#4925);
#4923 = CARTESIAN_POINT('',(53.585570469799,8.330201342282,8.5));
#4924 = DIRECTION('',(-1.,0.,0.));
#4925 = DIRECTION('',(0.,1.,0.));
#4926 = ADVANCED_FACE('',(#4927),#4938,.F.);
#4927 = FACE_BOUND('',#4928,.F.);
#4928 = EDGE_LOOP('',(#4929,#4935,#4936,#4937));
#4929 = ORIENTED_EDGE('',*,*,#4930,.F.);
#4930 = EDGE_CURVE('',#4881,#4907,#4931,.T.);
#4931 = B_SPLINE_CURVE_WITH_KNOTS('',2,(#4932,#4933,#4934),
  .UNSPECIFIED.,.F.,.F.,(3,3),(0.,1.),.PIECEWISE_BEZIER_KNOTS.);
#4932 = CARTESIAN_POINT('',(54.208389261745,8.144463087248,8.5));
#4933 = CARTESIAN_POINT('',(53.895134228188,8.205536912752,8.5));
#4934 = CARTESIAN_POINT('',(53.585570469799,8.330201342282,8.5));
#4935 = ORIENTED_EDGE('',*,*,#4890,.T.);
#4936 = ORIENTED_EDGE('',*,*,#1149,.F.);
#4937 = ORIENTED_EDGE('',*,*,#4914,.F.);
#4938 = SURFACE_OF_LINEAR_EXTRUSION('',#4939,#4943);
#4939 = B_SPLINE_CURVE_WITH_KNOTS('',2,(#4940,#4941,#4942),
  .UNSPECIFIED.,.F.,.F.,(3,3),(0.,1.),.PIECEWISE_BEZIER_KNOTS.);
#4940 = CARTESIAN_POINT('',(54.208389261745,8.144463087248,8.5));
#4941 = CARTESIAN_POINT('',(53.895134228188,8.205536912752,8.5));
#4942 = CARTESIAN_POINT('',(53.585570469799,8.330201342282,8.5));
#4943 = VECTOR('',#4944,1.);
#4944 = DIRECTION('',(-0.,-0.,-1.));
#4945 = ADVANCED_FACE('',(#4946),#4971,.F.);
#4946 = FACE_BOUND('',#4947,.F.);
#4947 = EDGE_LOOP('',(#4948,#4958,#4964,#4965));
#4948 = ORIENTED_EDGE('',*,*,#4949,.F.);
#4949 = EDGE_CURVE('',#4950,#4952,#4954,.T.);
#4950 = VERTEX_POINT('',#4951);
#4951 = CARTESIAN_POINT('',(68.248322147651,11.787919463087,8.5));
#4952 = VERTEX_POINT('',#4953);
#4953 = CARTESIAN_POINT('',(68.248322147651,11.089932885906,8.5));
#4954 = LINE('',#4955,#4956);
#4955 = CARTESIAN_POINT('',(68.248322147651,11.787919463087,8.5));
#4956 = VECTOR('',#4957,1.);
#4957 = DIRECTION('',(0.,-1.,0.));
#4958 = ORIENTED_EDGE('',*,*,#4959,.T.);
#4959 = EDGE_CURVE('',#4950,#1283,#4960,.T.);
#4960 = LINE('',#4961,#4962);
#4961 = CARTESIAN_POINT('',(68.248322147651,11.787919463087,8.5));
#4962 = VECTOR('',#4963,1.);
#4963 = DIRECTION('',(0.,0.,1.));
#4964 = ORIENTED_EDGE('',*,*,#1280,.F.);
#4965 = ORIENTED_EDGE('',*,*,#4966,.F.);
#4966 = EDGE_CURVE('',#4952,#1281,#4967,.T.);
#4967 = LINE('',#4968,#4969);
#4968 = CARTESIAN_POINT('',(68.248322147651,11.089932885906,8.5));
#4969 = VECTOR('',#4970,1.);
#4970 = DIRECTION('',(0.,0.,1.));
#4971 = PLANE('',#4972);
#4972 = AXIS2_PLACEMENT_3D('',#4973,#4974,#4975);
#4973 = CARTESIAN_POINT('',(68.248322147651,11.787919463087,8.5));
#4974 = DIRECTION('',(1.,0.,0.));
#4975 = DIRECTION('',(0.,-1.,0.));
#4976 = ADVANCED_FACE('',(#4977),#4995,.F.);
#4977 = FACE_BOUND('',#4978,.F.);
#4978 = EDGE_LOOP('',(#4979,#4987,#4988,#4989));
#4979 = ORIENTED_EDGE('',*,*,#4980,.F.);
#4980 = EDGE_CURVE('',#4952,#4981,#4983,.T.);
#4981 = VERTEX_POINT('',#4982);
#4982 = CARTESIAN_POINT('',(67.797818791946,11.260234899329,8.5));
#4983 = B_SPLINE_CURVE_WITH_KNOTS('',2,(#4984,#4985,#4986),
  .UNSPECIFIED.,.F.,.F.,(3,3),(0.,1.),.PIECEWISE_BEZIER_KNOTS.);
#4984 = CARTESIAN_POINT('',(68.248322147651,11.089932885906,8.5));
#4985 = CARTESIAN_POINT('',(68.009228187919,11.205201342282,8.5));
#4986 = CARTESIAN_POINT('',(67.797818791946,11.260234899329,8.5));
#4987 = ORIENTED_EDGE('',*,*,#4966,.T.);
#4988 = ORIENTED_EDGE('',*,*,#1290,.F.);
#4989 = ORIENTED_EDGE('',*,*,#4990,.F.);
#4990 = EDGE_CURVE('',#4981,#1291,#4991,.T.);
#4991 = LINE('',#4992,#4993);
#4992 = CARTESIAN_POINT('',(67.797818791946,11.260234899329,8.5));
#4993 = VECTOR('',#4994,1.);
#4994 = DIRECTION('',(0.,0.,1.));
#4995 = SURFACE_OF_LINEAR_EXTRUSION('',#4996,#5000);
#4996 = B_SPLINE_CURVE_WITH_KNOTS('',2,(#4997,#4998,#4999),
  .UNSPECIFIED.,.F.,.F.,(3,3),(0.,1.),.PIECEWISE_BEZIER_KNOTS.);
#4997 = CARTESIAN_POINT('',(68.248322147651,11.089932885906,8.5));
#4998 = CARTESIAN_POINT('',(68.009228187919,11.205201342282,8.5));
#4999 = CARTESIAN_POINT('',(67.797818791946,11.260234899329,8.5));
#5000 = VECTOR('',#5001,1.);
#5001 = DIRECTION('',(-0.,-0.,-1.));
#5002 = ADVANCED_FACE('',(#5003),#5021,.F.);
#5003 = FACE_BOUND('',#5004,.F.);
#5004 = EDGE_LOOP('',(#5005,#5013,#5019,#5020));
#5005 = ORIENTED_EDGE('',*,*,#5006,.F.);
#5006 = EDGE_CURVE('',#5007,#4950,#5009,.T.);
#5007 = VERTEX_POINT('',#5008);
#5008 = CARTESIAN_POINT('',(67.765100671141,11.908724832215,8.5));
#5009 = B_SPLINE_CURVE_WITH_KNOTS('',2,(#5010,#5011,#5012),
  .UNSPECIFIED.,.F.,.F.,(3,3),(0.,1.),.PIECEWISE_BEZIER_KNOTS.);
#5010 = CARTESIAN_POINT('',(67.765100671141,11.908724832215,8.5));
#5011 = CARTESIAN_POINT('',(68.009228187919,11.868456375839,8.5));
#5012 = CARTESIAN_POINT('',(68.248322147651,11.787919463087,8.5));
#5013 = ORIENTED_EDGE('',*,*,#5014,.T.);
#5014 = EDGE_CURVE('',#5007,#1530,#5015,.T.);
#5015 = LINE('',#5016,#5017);
#5016 = CARTESIAN_POINT('',(67.765100671141,11.908724832215,8.5));
#5017 = VECTOR('',#5018,1.);
#5018 = DIRECTION('',(0.,0.,1.));
#5019 = ORIENTED_EDGE('',*,*,#1539,.F.);
#5020 = ORIENTED_EDGE('',*,*,#4959,.F.);
#5021 = SURFACE_OF_LINEAR_EXTRUSION('',#5022,#5026);
#5022 = B_SPLINE_CURVE_WITH_KNOTS('',2,(#5023,#5024,#5025),
  .UNSPECIFIED.,.F.,.F.,(3,3),(0.,1.),.PIECEWISE_BEZIER_KNOTS.);
#5023 = CARTESIAN_POINT('',(67.765100671141,11.908724832215,8.5));
#5024 = CARTESIAN_POINT('',(68.009228187919,11.868456375839,8.5));
#5025 = CARTESIAN_POINT('',(68.248322147651,11.787919463087,8.5));
#5026 = VECTOR('',#5027,1.);
#5027 = DIRECTION('',(-0.,-0.,-1.));
#5028 = ADVANCED_FACE('',(#5029),#5047,.F.);
#5029 = FACE_BOUND('',#5030,.F.);
#5030 = EDGE_LOOP('',(#5031,#5039,#5040,#5041));
#5031 = ORIENTED_EDGE('',*,*,#5032,.F.);
#5032 = EDGE_CURVE('',#4981,#5033,#5035,.T.);
#5033 = VERTEX_POINT('',#5034);
#5034 = CARTESIAN_POINT('',(67.385067114094,11.315436241611,8.5));
#5035 = B_SPLINE_CURVE_WITH_KNOTS('',2,(#5036,#5037,#5038),
  .UNSPECIFIED.,.F.,.F.,(3,3),(0.,1.),.PIECEWISE_BEZIER_KNOTS.);
#5036 = CARTESIAN_POINT('',(67.797818791946,11.260234899329,8.5));
#5037 = CARTESIAN_POINT('',(67.586409395973,11.315436241611,8.5));
#5038 = CARTESIAN_POINT('',(67.385067114094,11.315436241611,8.5));
#5039 = ORIENTED_EDGE('',*,*,#4990,.T.);
#5040 = ORIENTED_EDGE('',*,*,#1301,.F.);
#5041 = ORIENTED_EDGE('',*,*,#5042,.F.);
#5042 = EDGE_CURVE('',#5033,#1302,#5043,.T.);
#5043 = LINE('',#5044,#5045);
#5044 = CARTESIAN_POINT('',(67.385067114094,11.315436241611,8.5));
#5045 = VECTOR('',#5046,1.);
#5046 = DIRECTION('',(0.,0.,1.));
#5047 = SURFACE_OF_LINEAR_EXTRUSION('',#5048,#5052);
#5048 = B_SPLINE_CURVE_WITH_KNOTS('',2,(#5049,#5050,#5051),
  .UNSPECIFIED.,.F.,.F.,(3,3),(0.,1.),.PIECEWISE_BEZIER_KNOTS.);
#5049 = CARTESIAN_POINT('',(67.797818791946,11.260234899329,8.5));
#5050 = CARTESIAN_POINT('',(67.586409395973,11.315436241611,8.5));
#5051 = CARTESIAN_POINT('',(67.385067114094,11.315436241611,8.5));
#5052 = VECTOR('',#5053,1.);
#5053 = DIRECTION('',(-0.,-0.,-1.));
#5054 = ADVANCED_FACE('',(#5055),#5073,.F.);
#5055 = FACE_BOUND('',#5056,.F.);
#5056 = EDGE_LOOP('',(#5057,#5065,#5071,#5072));
#5057 = ORIENTED_EDGE('',*,*,#5058,.F.);
#5058 = EDGE_CURVE('',#5059,#5007,#5061,.T.);
#5059 = VERTEX_POINT('',#5060);
#5060 = CARTESIAN_POINT('',(67.261744966443,11.948993288591,8.5));
#5061 = B_SPLINE_CURVE_WITH_KNOTS('',2,(#5062,#5063,#5064),
  .UNSPECIFIED.,.F.,.F.,(3,3),(0.,1.),.PIECEWISE_BEZIER_KNOTS.);
#5062 = CARTESIAN_POINT('',(67.261744966443,11.948993288591,8.5));
#5063 = CARTESIAN_POINT('',(67.520973154362,11.948993288591,8.5));
#5064 = CARTESIAN_POINT('',(67.765100671141,11.908724832215,8.5));
#5065 = ORIENTED_EDGE('',*,*,#5066,.T.);
#5066 = EDGE_CURVE('',#5059,#1507,#5067,.T.);
#5067 = LINE('',#5068,#5069);
#5068 = CARTESIAN_POINT('',(67.261744966443,11.948993288591,8.5));
#5069 = VECTOR('',#5070,1.);
#5070 = DIRECTION('',(0.,0.,1.));
#5071 = ORIENTED_EDGE('',*,*,#1529,.F.);
#5072 = ORIENTED_EDGE('',*,*,#5014,.F.);
#5073 = SURFACE_OF_LINEAR_EXTRUSION('',#5074,#5078);
#5074 = B_SPLINE_CURVE_WITH_KNOTS('',2,(#5075,#5076,#5077),
  .UNSPECIFIED.,.F.,.F.,(3,3),(0.,1.),.PIECEWISE_BEZIER_KNOTS.);
#5075 = CARTESIAN_POINT('',(67.261744966443,11.948993288591,8.5));
#5076 = CARTESIAN_POINT('',(67.520973154362,11.948993288591,8.5));
#5077 = CARTESIAN_POINT('',(67.765100671141,11.908724832215,8.5));
#5078 = VECTOR('',#5079,1.);
#5079 = DIRECTION('',(-0.,-0.,-1.));
#5080 = ADVANCED_FACE('',(#5081),#5099,.F.);
#5081 = FACE_BOUND('',#5082,.F.);
#5082 = EDGE_LOOP('',(#5083,#5091,#5092,#5093));
#5083 = ORIENTED_EDGE('',*,*,#5084,.F.);
#5084 = EDGE_CURVE('',#5033,#5085,#5087,.T.);
#5085 = VERTEX_POINT('',#5086);
#5086 = CARTESIAN_POINT('',(66.710570469799,11.074832214765,8.5));
#5087 = B_SPLINE_CURVE_WITH_KNOTS('',2,(#5088,#5089,#5090),
  .UNSPECIFIED.,.F.,.F.,(3,3),(0.,1.),.PIECEWISE_BEZIER_KNOTS.);
#5088 = CARTESIAN_POINT('',(67.385067114094,11.315436241611,8.5));
#5089 = CARTESIAN_POINT('',(66.952181208054,11.315436241611,8.5));
#5090 = CARTESIAN_POINT('',(66.710570469799,11.074832214765,8.5));
#5091 = ORIENTED_EDGE('',*,*,#5042,.T.);
#5092 = ORIENTED_EDGE('',*,*,#1312,.F.);
#5093 = ORIENTED_EDGE('',*,*,#5094,.F.);
#5094 = EDGE_CURVE('',#5085,#1313,#5095,.T.);
#5095 = LINE('',#5096,#5097);
#5096 = CARTESIAN_POINT('',(66.710570469799,11.074832214765,8.5));
#5097 = VECTOR('',#5098,1.);
#5098 = DIRECTION('',(0.,0.,1.));
#5099 = SURFACE_OF_LINEAR_EXTRUSION('',#5100,#5104);
#5100 = B_SPLINE_CURVE_WITH_KNOTS('',2,(#5101,#5102,#5103),
  .UNSPECIFIED.,.F.,.F.,(3,3),(0.,1.),.PIECEWISE_BEZIER_KNOTS.);
#5101 = CARTESIAN_POINT('',(67.385067114094,11.315436241611,8.5));
#5102 = CARTESIAN_POINT('',(66.952181208054,11.315436241611,8.5));
#5103 = CARTESIAN_POINT('',(66.710570469799,11.074832214765,8.5));
#5104 = VECTOR('',#5105,1.);
#5105 = DIRECTION('',(-0.,-0.,-1.));
#5106 = ADVANCED_FACE('',(#5107),#5125,.F.);
#5107 = FACE_BOUND('',#5108,.F.);
#5108 = EDGE_LOOP('',(#5109,#5117,#5123,#5124));
#5109 = ORIENTED_EDGE('',*,*,#5110,.F.);
#5110 = EDGE_CURVE('',#5111,#5059,#5113,.T.);
#5111 = VERTEX_POINT('',#5112);
#5112 = CARTESIAN_POINT('',(65.97432885906,11.41610738255,8.5));
#5113 = B_SPLINE_CURVE_WITH_KNOTS('',2,(#5114,#5115,#5116),
  .UNSPECIFIED.,.F.,.F.,(3,3),(0.,1.),.PIECEWISE_BEZIER_KNOTS.);
#5114 = CARTESIAN_POINT('',(65.97432885906,11.41610738255,8.5));
#5115 = CARTESIAN_POINT('',(66.443791946309,11.948993288591,8.5));
#5116 = CARTESIAN_POINT('',(67.261744966443,11.948993288591,8.5));
#5117 = ORIENTED_EDGE('',*,*,#5118,.T.);
#5118 = EDGE_CURVE('',#5111,#1480,#5119,.T.);
#5119 = LINE('',#5120,#5121);
#5120 = CARTESIAN_POINT('',(65.97432885906,11.41610738255,8.5));
#5121 = VECTOR('',#5122,1.);
#5122 = DIRECTION('',(0.,0.,1.));
#5123 = ORIENTED_EDGE('',*,*,#1506,.F.);
#5124 = ORIENTED_EDGE('',*,*,#5066,.F.);
#5125 = SURFACE_OF_LINEAR_EXTRUSION('',#5126,#5130);
#5126 = B_SPLINE_CURVE_WITH_KNOTS('',2,(#5127,#5128,#5129),
  .UNSPECIFIED.,.F.,.F.,(3,3),(0.,1.),.PIECEWISE_BEZIER_KNOTS.);
#5127 = CARTESIAN_POINT('',(65.97432885906,11.41610738255,8.5));
#5128 = CARTESIAN_POINT('',(66.443791946309,11.948993288591,8.5));
#5129 = CARTESIAN_POINT('',(67.261744966443,11.948993288591,8.5));
#5130 = VECTOR('',#5131,1.);
#5131 = DIRECTION('',(-0.,-0.,-1.));
#5132 = ADVANCED_FACE('',(#5133),#5151,.F.);
#5133 = FACE_BOUND('',#5134,.F.);
#5134 = EDGE_LOOP('',(#5135,#5143,#5144,#5145));
#5135 = ORIENTED_EDGE('',*,*,#5136,.F.);
#5136 = EDGE_CURVE('',#5085,#5137,#5139,.T.);
#5137 = VERTEX_POINT('',#5138);
#5138 = CARTESIAN_POINT('',(66.428691275168,10.360570469799,8.5));
#5139 = B_SPLINE_CURVE_WITH_KNOTS('',2,(#5140,#5141,#5142),
  .UNSPECIFIED.,.F.,.F.,(3,3),(0.,1.),.PIECEWISE_BEZIER_KNOTS.);
#5140 = CARTESIAN_POINT('',(66.710570469799,11.074832214765,8.5));
#5141 = CARTESIAN_POINT('',(66.468959731544,10.834228187919,8.5));
#5142 = CARTESIAN_POINT('',(66.428691275168,10.360570469799,8.5));
#5143 = ORIENTED_EDGE('',*,*,#5094,.T.);
#5144 = ORIENTED_EDGE('',*,*,#1329,.F.);
#5145 = ORIENTED_EDGE('',*,*,#5146,.F.);
#5146 = EDGE_CURVE('',#5137,#1330,#5147,.T.);
#5147 = LINE('',#5148,#5149);
#5148 = CARTESIAN_POINT('',(66.428691275168,10.360570469799,8.5));
#5149 = VECTOR('',#5150,1.);
#5150 = DIRECTION('',(0.,0.,1.));
#5151 = SURFACE_OF_LINEAR_EXTRUSION('',#5152,#5156);
#5152 = B_SPLINE_CURVE_WITH_KNOTS('',2,(#5153,#5154,#5155),
  .UNSPECIFIED.,.F.,.F.,(3,3),(0.,1.),.PIECEWISE_BEZIER_KNOTS.);
#5153 = CARTESIAN_POINT('',(66.710570469799,11.074832214765,8.5));
#5154 = CARTESIAN_POINT('',(66.468959731544,10.834228187919,8.5));
#5155 = CARTESIAN_POINT('',(66.428691275168,10.360570469799,8.5));
#5156 = VECTOR('',#5157,1.);
#5157 = DIRECTION('',(-0.,-0.,-1.));
#5158 = ADVANCED_FACE('',(#5159),#5177,.F.);
#5159 = FACE_BOUND('',#5160,.F.);
#5160 = EDGE_LOOP('',(#5161,#5169,#5175,#5176));
#5161 = ORIENTED_EDGE('',*,*,#5162,.F.);
#5162 = EDGE_CURVE('',#5163,#5111,#5165,.T.);
#5163 = VERTEX_POINT('',#5164);
#5164 = CARTESIAN_POINT('',(65.505033557047,9.950838926174,8.5));
#5165 = B_SPLINE_CURVE_WITH_KNOTS('',2,(#5166,#5167,#5168),
  .UNSPECIFIED.,.F.,.F.,(3,3),(0.,1.),.PIECEWISE_BEZIER_KNOTS.);
#5166 = CARTESIAN_POINT('',(65.505033557047,9.950838926174,8.5));
#5167 = CARTESIAN_POINT('',(65.505033557047,10.88322147651,8.5));
#5168 = CARTESIAN_POINT('',(65.97432885906,11.41610738255,8.5));
#5169 = ORIENTED_EDGE('',*,*,#5170,.T.);
#5170 = EDGE_CURVE('',#5163,#1458,#5171,.T.);
#5171 = LINE('',#5172,#5173);
#5172 = CARTESIAN_POINT('',(65.505033557047,9.950838926174,8.5));
#5173 = VECTOR('',#5174,1.);
#5174 = DIRECTION('',(0.,0.,1.));
#5175 = ORIENTED_EDGE('',*,*,#1479,.F.);
#5176 = ORIENTED_EDGE('',*,*,#5118,.F.);
#5177 = SURFACE_OF_LINEAR_EXTRUSION('',#5178,#5182);
#5178 = B_SPLINE_CURVE_WITH_KNOTS('',2,(#5179,#5180,#5181),
  .UNSPECIFIED.,.F.,.F.,(3,3),(0.,1.),.PIECEWISE_BEZIER_KNOTS.);
#5179 = CARTESIAN_POINT('',(65.505033557047,9.950838926174,8.5));
#5180 = CARTESIAN_POINT('',(65.505033557047,10.88322147651,8.5));
#5181 = CARTESIAN_POINT('',(65.97432885906,11.41610738255,8.5));
#5182 = VECTOR('',#5183,1.);
#5183 = DIRECTION('',(-0.,-0.,-1.));
#5184 = ADVANCED_FACE('',(#5185),#5203,.F.);
#5185 = FACE_BOUND('',#5186,.F.);
#5186 = EDGE_LOOP('',(#5187,#5195,#5196,#5197));
#5187 = ORIENTED_EDGE('',*,*,#5188,.F.);
#5188 = EDGE_CURVE('',#5137,#5189,#5191,.T.);
#5189 = VERTEX_POINT('',#5190);
#5190 = CARTESIAN_POINT('',(66.788590604027,10.545134228188,8.5));
#5191 = B_SPLINE_CURVE_WITH_KNOTS('',2,(#5192,#5193,#5194),
  .UNSPECIFIED.,.F.,.F.,(3,3),(0.,1.),.PIECEWISE_BEZIER_KNOTS.);
#5192 = CARTESIAN_POINT('',(66.428691275168,10.360570469799,8.5));
#5193 = CARTESIAN_POINT('',(66.594798657718,10.483724832215,8.5));
#5194 = CARTESIAN_POINT('',(66.788590604027,10.545134228188,8.5));
#5195 = ORIENTED_EDGE('',*,*,#5146,.T.);
#5196 = ORIENTED_EDGE('',*,*,#1344,.F.);
#5197 = ORIENTED_EDGE('',*,*,#5198,.F.);
#5198 = EDGE_CURVE('',#5189,#1345,#5199,.T.);
#5199 = LINE('',#5200,#5201);
#5200 = CARTESIAN_POINT('',(66.788590604027,10.545134228188,8.5));
#5201 = VECTOR('',#5202,1.);
#5202 = DIRECTION('',(0.,0.,1.));
#5203 = SURFACE_OF_LINEAR_EXTRUSION('',#5204,#5208);
#5204 = B_SPLINE_CURVE_WITH_KNOTS('',2,(#5205,#5206,#5207),
  .UNSPECIFIED.,.F.,.F.,(3,3),(0.,1.),.PIECEWISE_BEZIER_KNOTS.);
#5205 = CARTESIAN_POINT('',(66.428691275168,10.360570469799,8.5));
#5206 = CARTESIAN_POINT('',(66.594798657718,10.483724832215,8.5));
#5207 = CARTESIAN_POINT('',(66.788590604027,10.545134228188,8.5));
#5208 = VECTOR('',#5209,1.);
#5209 = DIRECTION('',(-0.,-0.,-1.));
#5210 = ADVANCED_FACE('',(#5211),#5229,.F.);
#5211 = FACE_BOUND('',#5212,.F.);
#5212 = EDGE_LOOP('',(#5213,#5221,#5227,#5228));
#5213 = ORIENTED_EDGE('',*,*,#5214,.F.);
#5214 = EDGE_CURVE('',#5215,#5163,#5217,.T.);
#5215 = VERTEX_POINT('',#5216);
#5216 = CARTESIAN_POINT('',(65.906375838926,8.546140939597,8.5));
#5217 = B_SPLINE_CURVE_WITH_KNOTS('',2,(#5218,#5219,#5220),
  .UNSPECIFIED.,.F.,.F.,(3,3),(0.,1.),.PIECEWISE_BEZIER_KNOTS.);
#5218 = CARTESIAN_POINT('',(65.906375838926,8.546140939597,8.5));
#5219 = CARTESIAN_POINT('',(65.505033557047,9.041275167785,8.5));
#5220 = CARTESIAN_POINT('',(65.505033557047,9.950838926174,8.5));
#5221 = ORIENTED_EDGE('',*,*,#5222,.T.);
#5222 = EDGE_CURVE('',#5215,#1439,#5223,.T.);
#5223 = LINE('',#5224,#5225);
#5224 = CARTESIAN_POINT('',(65.906375838926,8.546140939597,8.5));
#5225 = VECTOR('',#5226,1.);
#5226 = DIRECTION('',(0.,0.,1.));
#5227 = ORIENTED_EDGE('',*,*,#1457,.F.);
#5228 = ORIENTED_EDGE('',*,*,#5170,.F.);
#5229 = SURFACE_OF_LINEAR_EXTRUSION('',#5230,#5234);
#5230 = B_SPLINE_CURVE_WITH_KNOTS('',2,(#5231,#5232,#5233),
  .UNSPECIFIED.,.F.,.F.,(3,3),(0.,1.),.PIECEWISE_BEZIER_KNOTS.);
#5231 = CARTESIAN_POINT('',(65.906375838926,8.546140939597,8.5));
#5232 = CARTESIAN_POINT('',(65.505033557047,9.041275167785,8.5));
#5233 = CARTESIAN_POINT('',(65.505033557047,9.950838926174,8.5));
#5234 = VECTOR('',#5235,1.);
#5235 = DIRECTION('',(-0.,-0.,-1.));
#5236 = ADVANCED_FACE('',(#5237),#5255,.F.);
#5237 = FACE_BOUND('',#5238,.F.);
#5238 = EDGE_LOOP('',(#5239,#5247,#5248,#5249));
#5239 = ORIENTED_EDGE('',*,*,#5240,.F.);
#5240 = EDGE_CURVE('',#5189,#5241,#5243,.T.);
#5241 = VERTEX_POINT('',#5242);
#5242 = CARTESIAN_POINT('',(67.211409395973,10.606711409396,8.5));
#5243 = B_SPLINE_CURVE_WITH_KNOTS('',2,(#5244,#5245,#5246),
  .UNSPECIFIED.,.F.,.F.,(3,3),(0.,1.),.PIECEWISE_BEZIER_KNOTS.);
#5244 = CARTESIAN_POINT('',(66.788590604027,10.545134228188,8.5));
#5245 = CARTESIAN_POINT('',(66.982382550336,10.606711409396,8.5));
#5246 = CARTESIAN_POINT('',(67.211409395973,10.606711409396,8.5));
#5247 = ORIENTED_EDGE('',*,*,#5198,.T.);
#5248 = ORIENTED_EDGE('',*,*,#1357,.F.);
#5249 = ORIENTED_EDGE('',*,*,#5250,.F.);
#5250 = EDGE_CURVE('',#5241,#1358,#5251,.T.);
#5251 = LINE('',#5252,#5253);
#5252 = CARTESIAN_POINT('',(67.211409395973,10.606711409396,8.5));
#5253 = VECTOR('',#5254,1.);
#5254 = DIRECTION('',(0.,0.,1.));
#5255 = SURFACE_OF_LINEAR_EXTRUSION('',#5256,#5260);
#5256 = B_SPLINE_CURVE_WITH_KNOTS('',2,(#5257,#5258,#5259),
  .UNSPECIFIED.,.F.,.F.,(3,3),(0.,1.),.PIECEWISE_BEZIER_KNOTS.);
#5257 = CARTESIAN_POINT('',(66.788590604027,10.545134228188,8.5));
#5258 = CARTESIAN_POINT('',(66.982382550336,10.606711409396,8.5));
#5259 = CARTESIAN_POINT('',(67.211409395973,10.606711409396,8.5));
#5260 = VECTOR('',#5261,1.);
#5261 = DIRECTION('',(-0.,-0.,-1.));
#5262 = ADVANCED_FACE('',(#5263),#5281,.F.);
#5263 = FACE_BOUND('',#5264,.F.);
#5264 = EDGE_LOOP('',(#5265,#5273,#5279,#5280));
#5265 = ORIENTED_EDGE('',*,*,#5266,.F.);
#5266 = EDGE_CURVE('',#5267,#5215,#5269,.T.);
#5267 = VERTEX_POINT('',#5268);
#5268 = CARTESIAN_POINT('',(67.040268456376,8.051006711409,8.5));
#5269 = B_SPLINE_CURVE_WITH_KNOTS('',2,(#5270,#5271,#5272),
  .UNSPECIFIED.,.F.,.F.,(3,3),(0.,1.),.PIECEWISE_BEZIER_KNOTS.);
#5270 = CARTESIAN_POINT('',(67.040268456376,8.051006711409,8.5));
#5271 = CARTESIAN_POINT('',(66.30788590604,8.051006711409,8.5));
#5272 = CARTESIAN_POINT('',(65.906375838926,8.546140939597,8.5));
#5273 = ORIENTED_EDGE('',*,*,#5274,.T.);
#5274 = EDGE_CURVE('',#5267,#1422,#5275,.T.);
#5275 = LINE('',#5276,#5277);
#5276 = CARTESIAN_POINT('',(67.040268456376,8.051006711409,8.5));
#5277 = VECTOR('',#5278,1.);
#5278 = DIRECTION('',(0.,0.,1.));
#5279 = ORIENTED_EDGE('',*,*,#1438,.F.);
#5280 = ORIENTED_EDGE('',*,*,#5222,.F.);
#5281 = SURFACE_OF_LINEAR_EXTRUSION('',#5282,#5286);
#5282 = B_SPLINE_CURVE_WITH_KNOTS('',2,(#5283,#5284,#5285),
  .UNSPECIFIED.,.F.,.F.,(3,3),(0.,1.),.PIECEWISE_BEZIER_KNOTS.);
#5283 = CARTESIAN_POINT('',(67.040268456376,8.051006711409,8.5));
#5284 = CARTESIAN_POINT('',(66.30788590604,8.051006711409,8.5));
#5285 = CARTESIAN_POINT('',(65.906375838926,8.546140939597,8.5));
#5286 = VECTOR('',#5287,1.);
#5287 = DIRECTION('',(-0.,-0.,-1.));
#5288 = ADVANCED_FACE('',(#5289),#5307,.F.);
#5289 = FACE_BOUND('',#5290,.F.);
#5290 = EDGE_LOOP('',(#5291,#5299,#5300,#5301));
#5291 = ORIENTED_EDGE('',*,*,#5292,.F.);
#5292 = EDGE_CURVE('',#5241,#5293,#5295,.T.);
#5293 = VERTEX_POINT('',#5294);
#5294 = CARTESIAN_POINT('',(68.141275167785,10.268959731544,8.5));
#5295 = B_SPLINE_CURVE_WITH_KNOTS('',2,(#5296,#5297,#5298),
  .UNSPECIFIED.,.F.,.F.,(3,3),(0.,1.),.PIECEWISE_BEZIER_KNOTS.);
#5296 = CARTESIAN_POINT('',(67.211409395973,10.606711409396,8.5));
#5297 = CARTESIAN_POINT('',(67.787751677852,10.606711409396,8.5));
#5298 = CARTESIAN_POINT('',(68.141275167785,10.268959731544,8.5));
#5299 = ORIENTED_EDGE('',*,*,#5250,.T.);
#5300 = ORIENTED_EDGE('',*,*,#1368,.F.);
#5301 = ORIENTED_EDGE('',*,*,#5302,.F.);
#5302 = EDGE_CURVE('',#5293,#1369,#5303,.T.);
#5303 = LINE('',#5304,#5305);
#5304 = CARTESIAN_POINT('',(68.141275167785,10.268959731544,8.5));
#5305 = VECTOR('',#5306,1.);
#5306 = DIRECTION('',(0.,0.,1.));
#5307 = SURFACE_OF_LINEAR_EXTRUSION('',#5308,#5312);
#5308 = B_SPLINE_CURVE_WITH_KNOTS('',2,(#5309,#5310,#5311),
  .UNSPECIFIED.,.F.,.F.,(3,3),(0.,1.),.PIECEWISE_BEZIER_KNOTS.);
#5309 = CARTESIAN_POINT('',(67.211409395973,10.606711409396,8.5));
#5310 = CARTESIAN_POINT('',(67.787751677852,10.606711409396,8.5));
#5311 = CARTESIAN_POINT('',(68.141275167785,10.268959731544,8.5));
#5312 = VECTOR('',#5313,1.);
#5313 = DIRECTION('',(-0.,-0.,-1.));
#5314 = ADVANCED_FACE('',(#5315),#5333,.F.);
#5315 = FACE_BOUND('',#5316,.F.);
#5316 = EDGE_LOOP('',(#5317,#5325,#5331,#5332));
#5317 = ORIENTED_EDGE('',*,*,#5318,.F.);
#5318 = EDGE_CURVE('',#5319,#5267,#5321,.T.);
#5319 = VERTEX_POINT('',#5320);
#5320 = CARTESIAN_POINT('',(68.099832214765,8.415100671141,8.5));
#5321 = B_SPLINE_CURVE_WITH_KNOTS('',2,(#5322,#5323,#5324),
  .UNSPECIFIED.,.F.,.F.,(3,3),(0.,1.),.PIECEWISE_BEZIER_KNOTS.);
#5322 = CARTESIAN_POINT('',(68.099832214765,8.415100671141,8.5));
#5323 = CARTESIAN_POINT('',(67.704697986577,8.051006711409,8.5));
#5324 = CARTESIAN_POINT('',(67.040268456376,8.051006711409,8.5));
#5325 = ORIENTED_EDGE('',*,*,#5326,.T.);
#5326 = EDGE_CURVE('',#5319,#1403,#5327,.T.);
#5327 = LINE('',#5328,#5329);
#5328 = CARTESIAN_POINT('',(68.099832214765,8.415100671141,8.5));
#5329 = VECTOR('',#5330,1.);
#5330 = DIRECTION('',(0.,0.,1.));
#5331 = ORIENTED_EDGE('',*,*,#1421,.F.);
#5332 = ORIENTED_EDGE('',*,*,#5274,.F.);
#5333 = SURFACE_OF_LINEAR_EXTRUSION('',#5334,#5338);
#5334 = B_SPLINE_CURVE_WITH_KNOTS('',2,(#5335,#5336,#5337),
  .UNSPECIFIED.,.F.,.F.,(3,3),(0.,1.),.PIECEWISE_BEZIER_KNOTS.);
#5335 = CARTESIAN_POINT('',(68.099832214765,8.415100671141,8.5));
#5336 = CARTESIAN_POINT('',(67.704697986577,8.051006711409,8.5));
#5337 = CARTESIAN_POINT('',(67.040268456376,8.051006711409,8.5));
#5338 = VECTOR('',#5339,1.);
#5339 = DIRECTION('',(-0.,-0.,-1.));
#5340 = ADVANCED_FACE('',(#5341),#5359,.F.);
#5341 = FACE_BOUND('',#5342,.F.);
#5342 = EDGE_LOOP('',(#5343,#5351,#5352,#5353));
#5343 = ORIENTED_EDGE('',*,*,#5344,.F.);
#5344 = EDGE_CURVE('',#5293,#5345,#5347,.T.);
#5345 = VERTEX_POINT('',#5346);
#5346 = CARTESIAN_POINT('',(68.494966442953,9.384228187919,8.5));
#5347 = B_SPLINE_CURVE_WITH_KNOTS('',2,(#5348,#5349,#5350),
  .UNSPECIFIED.,.F.,.F.,(3,3),(0.,1.),.PIECEWISE_BEZIER_KNOTS.);
#5348 = CARTESIAN_POINT('',(68.141275167785,10.268959731544,8.5));
#5349 = CARTESIAN_POINT('',(68.494966442953,9.931208053691,8.5));
#5350 = CARTESIAN_POINT('',(68.494966442953,9.384228187919,8.5));
#5351 = ORIENTED_EDGE('',*,*,#5302,.T.);
#5352 = ORIENTED_EDGE('',*,*,#1385,.F.);
#5353 = ORIENTED_EDGE('',*,*,#5354,.F.);
#5354 = EDGE_CURVE('',#5345,#1386,#5355,.T.);
#5355 = LINE('',#5356,#5357);
#5356 = CARTESIAN_POINT('',(68.494966442953,9.384228187919,8.5));
#5357 = VECTOR('',#5358,1.);
#5358 = DIRECTION('',(0.,0.,1.));
#5359 = SURFACE_OF_LINEAR_EXTRUSION('',#5360,#5364);
#5360 = B_SPLINE_CURVE_WITH_KNOTS('',2,(#5361,#5362,#5363),
  .UNSPECIFIED.,.F.,.F.,(3,3),(0.,1.),.PIECEWISE_BEZIER_KNOTS.);
#5361 = CARTESIAN_POINT('',(68.141275167785,10.268959731544,8.5));
#5362 = CARTESIAN_POINT('',(68.494966442953,9.931208053691,8.5));
#5363 = CARTESIAN_POINT('',(68.494966442953,9.384228187919,8.5));
#5364 = VECTOR('',#5365,1.);
#5365 = DIRECTION('',(-0.,-0.,-1.));
#5366 = ADVANCED_FACE('',(#5367),#5378,.F.);
#5367 = FACE_BOUND('',#5368,.F.);
#5368 = EDGE_LOOP('',(#5369,#5375,#5376,#5377));
#5369 = ORIENTED_EDGE('',*,*,#5370,.F.);
#5370 = EDGE_CURVE('',#5345,#5319,#5371,.T.);
#5371 = B_SPLINE_CURVE_WITH_KNOTS('',2,(#5372,#5373,#5374),
  .UNSPECIFIED.,.F.,.F.,(3,3),(0.,1.),.PIECEWISE_BEZIER_KNOTS.);
#5372 = CARTESIAN_POINT('',(68.494966442953,9.384228187919,8.5));
#5373 = CARTESIAN_POINT('',(68.494966442953,8.779362416107,8.5));
#5374 = CARTESIAN_POINT('',(68.099832214765,8.415100671141,8.5));
#5375 = ORIENTED_EDGE('',*,*,#5354,.T.);
#5376 = ORIENTED_EDGE('',*,*,#1402,.F.);
#5377 = ORIENTED_EDGE('',*,*,#5326,.F.);
#5378 = SURFACE_OF_LINEAR_EXTRUSION('',#5379,#5383);
#5379 = B_SPLINE_CURVE_WITH_KNOTS('',2,(#5380,#5381,#5382),
  .UNSPECIFIED.,.F.,.F.,(3,3),(0.,1.),.PIECEWISE_BEZIER_KNOTS.);
#5380 = CARTESIAN_POINT('',(68.494966442953,9.384228187919,8.5));
#5381 = CARTESIAN_POINT('',(68.494966442953,8.779362416107,8.5));
#5382 = CARTESIAN_POINT('',(68.099832214765,8.415100671141,8.5));
#5383 = VECTOR('',#5384,1.);
#5384 = DIRECTION('',(-0.,-0.,-1.));
#5385 = ADVANCED_FACE('',(#5386),#5411,.F.);
#5386 = FACE_BOUND('',#5387,.F.);
#5387 = EDGE_LOOP('',(#5388,#5389,#5397,#5405));
#5388 = ORIENTED_EDGE('',*,*,#1573,.F.);
#5389 = ORIENTED_EDGE('',*,*,#5390,.T.);
#5390 = EDGE_CURVE('',#1574,#5391,#5393,.T.);
#5391 = VERTEX_POINT('',#5392);
#5392 = CARTESIAN_POINT('',(4.55,12.,5.45));
#5393 = LINE('',#5394,#5395);
#5394 = CARTESIAN_POINT('',(4.55,20.2,5.45));
#5395 = VECTOR('',#5396,1.);
#5396 = DIRECTION('',(0.,-1.,0.));
#5397 = ORIENTED_EDGE('',*,*,#5398,.T.);
#5398 = EDGE_CURVE('',#5391,#5399,#5401,.T.);
#5399 = VERTEX_POINT('',#5400);
#5400 = CARTESIAN_POINT('',(6.05,12.,5.45));
#5401 = LINE('',#5402,#5403);
#5402 = CARTESIAN_POINT('',(4.55,12.,5.45));
#5403 = VECTOR('',#5404,1.);
#5404 = DIRECTION('',(1.,0.,0.));
#5405 = ORIENTED_EDGE('',*,*,#5406,.T.);
#5406 = EDGE_CURVE('',#5399,#1576,#5407,.T.);
#5407 = LINE('',#5408,#5409);
#5408 = CARTESIAN_POINT('',(6.05,20.2,5.45));
#5409 = VECTOR('',#5410,1.);
#5410 = DIRECTION('',(-0.,1.,0.));
#5411 = PLANE('',#5412);
#5412 = AXIS2_PLACEMENT_3D('',#5413,#5414,#5415);
#5413 = CARTESIAN_POINT('',(4.55,20.2,5.45));
#5414 = DIRECTION('',(0.,0.,1.));
#5415 = DIRECTION('',(0.,-1.,0.));
#5416 = ADVANCED_FACE('',(#5417),#5435,.T.);
#5417 = FACE_BOUND('',#5418,.T.);
#5418 = EDGE_LOOP('',(#5419,#5427,#5428,#5429));
#5419 = ORIENTED_EDGE('',*,*,#5420,.F.);
#5420 = EDGE_CURVE('',#1584,#5421,#5423,.T.);
#5421 = VERTEX_POINT('',#5422);
#5422 = CARTESIAN_POINT('',(4.55,12.,3.55));
#5423 = LINE('',#5424,#5425);
#5424 = CARTESIAN_POINT('',(4.55,20.2,3.55));
#5425 = VECTOR('',#5426,1.);
#5426 = DIRECTION('',(0.,-1.,0.));
#5427 = ORIENTED_EDGE('',*,*,#1583,.F.);
#5428 = ORIENTED_EDGE('',*,*,#5390,.T.);
#5429 = ORIENTED_EDGE('',*,*,#5430,.F.);
#5430 = EDGE_CURVE('',#5421,#5391,#5431,.T.);
#5431 = LINE('',#5432,#5433);
#5432 = CARTESIAN_POINT('',(4.55,12.,3.55));
#5433 = VECTOR('',#5434,1.);
#5434 = DIRECTION('',(0.,0.,1.));
#5435 = PLANE('',#5436);
#5436 = AXIS2_PLACEMENT_3D('',#5437,#5438,#5439);
#5437 = CARTESIAN_POINT('',(4.55,20.2,3.55));
#5438 = DIRECTION('',(1.,0.,0.));
#5439 = DIRECTION('',(0.,-1.,0.));
#5440 = ADVANCED_FACE('',(#5441),#5459,.T.);
#5441 = FACE_BOUND('',#5442,.T.);
#5442 = EDGE_LOOP('',(#5443,#5451,#5452,#5453));
#5443 = ORIENTED_EDGE('',*,*,#5444,.F.);
#5444 = EDGE_CURVE('',#5399,#5445,#5447,.T.);
#5445 = VERTEX_POINT('',#5446);
#5446 = CARTESIAN_POINT('',(6.05,12.,6.95));
#5447 = LINE('',#5448,#5449);
#5448 = CARTESIAN_POINT('',(6.05,12.,2.05));
#5449 = VECTOR('',#5450,1.);
#5450 = DIRECTION('',(0.,0.,1.));
#5451 = ORIENTED_EDGE('',*,*,#5406,.T.);
#5452 = ORIENTED_EDGE('',*,*,#1663,.F.);
#5453 = ORIENTED_EDGE('',*,*,#5454,.T.);
#5454 = EDGE_CURVE('',#1656,#5445,#5455,.T.);
#5455 = LINE('',#5456,#5457);
#5456 = CARTESIAN_POINT('',(6.05,20.2,6.95));
#5457 = VECTOR('',#5458,1.);
#5458 = DIRECTION('',(0.,-1.,0.));
#5459 = PLANE('',#5460);
#5460 = AXIS2_PLACEMENT_3D('',#5461,#5462,#5463);
#5461 = CARTESIAN_POINT('',(6.05,20.2,2.05));
#5462 = DIRECTION('',(1.,0.,0.));
#5463 = DIRECTION('',(0.,-1.,0.));
#5464 = ADVANCED_FACE('',(#5465),#5483,.T.);
#5465 = FACE_BOUND('',#5466,.T.);
#5466 = EDGE_LOOP('',(#5467,#5468,#5469,#5477));
#5467 = ORIENTED_EDGE('',*,*,#1591,.F.);
#5468 = ORIENTED_EDGE('',*,*,#5420,.T.);
#5469 = ORIENTED_EDGE('',*,*,#5470,.T.);
#5470 = EDGE_CURVE('',#5421,#5471,#5473,.T.);
#5471 = VERTEX_POINT('',#5472);
#5472 = CARTESIAN_POINT('',(6.05,12.,3.55));
#5473 = LINE('',#5474,#5475);
#5474 = CARTESIAN_POINT('',(4.55,12.,3.55));
#5475 = VECTOR('',#5476,1.);
#5476 = DIRECTION('',(1.,0.,0.));
#5477 = ORIENTED_EDGE('',*,*,#5478,.T.);
#5478 = EDGE_CURVE('',#5471,#1592,#5479,.T.);
#5479 = LINE('',#5480,#5481);
#5480 = CARTESIAN_POINT('',(6.05,20.2,3.55));
#5481 = VECTOR('',#5482,1.);
#5482 = DIRECTION('',(-0.,1.,0.));
#5483 = PLANE('',#5484);
#5484 = AXIS2_PLACEMENT_3D('',#5485,#5486,#5487);
#5485 = CARTESIAN_POINT('',(4.55,20.2,3.55));
#5486 = DIRECTION('',(0.,0.,1.));
#5487 = DIRECTION('',(0.,-1.,0.));
#5488 = ADVANCED_FACE('',(#5489),#5507,.F.);
#5489 = FACE_BOUND('',#5490,.F.);
#5490 = EDGE_LOOP('',(#5491,#5499,#5500,#5501));
#5491 = ORIENTED_EDGE('',*,*,#5492,.F.);
#5492 = EDGE_CURVE('',#1648,#5493,#5495,.T.);
#5493 = VERTEX_POINT('',#5494);
#5494 = CARTESIAN_POINT('',(7.95,12.,6.95));
#5495 = LINE('',#5496,#5497);
#5496 = CARTESIAN_POINT('',(7.95,20.2,6.95));
#5497 = VECTOR('',#5498,1.);
#5498 = DIRECTION('',(0.,-1.,0.));
#5499 = ORIENTED_EDGE('',*,*,#1655,.F.);
#5500 = ORIENTED_EDGE('',*,*,#5454,.T.);
#5501 = ORIENTED_EDGE('',*,*,#5502,.T.);
#5502 = EDGE_CURVE('',#5445,#5493,#5503,.T.);
#5503 = LINE('',#5504,#5505);
#5504 = CARTESIAN_POINT('',(6.05,12.,6.95));
#5505 = VECTOR('',#5506,1.);
#5506 = DIRECTION('',(1.,0.,0.));
#5507 = PLANE('',#5508);
#5508 = AXIS2_PLACEMENT_3D('',#5509,#5510,#5511);
#5509 = CARTESIAN_POINT('',(6.05,20.2,6.95));
#5510 = DIRECTION('',(0.,0.,1.));
#5511 = DIRECTION('',(0.,-1.,0.));
#5512 = ADVANCED_FACE('',(#5513),#5531,.T.);
#5513 = FACE_BOUND('',#5514,.T.);
#5514 = EDGE_LOOP('',(#5515,#5523,#5529,#5530));
#5515 = ORIENTED_EDGE('',*,*,#5516,.F.);
#5516 = EDGE_CURVE('',#5517,#5471,#5519,.T.);
#5517 = VERTEX_POINT('',#5518);
#5518 = CARTESIAN_POINT('',(6.05,12.,2.05));
#5519 = LINE('',#5520,#5521);
#5520 = CARTESIAN_POINT('',(6.05,12.,2.05));
#5521 = VECTOR('',#5522,1.);
#5522 = DIRECTION('',(0.,0.,1.));
#5523 = ORIENTED_EDGE('',*,*,#5524,.F.);
#5524 = EDGE_CURVE('',#1600,#5517,#5525,.T.);
#5525 = LINE('',#5526,#5527);
#5526 = CARTESIAN_POINT('',(6.05,20.2,2.05));
#5527 = VECTOR('',#5528,1.);
#5528 = DIRECTION('',(0.,-1.,0.));
#5529 = ORIENTED_EDGE('',*,*,#1599,.F.);
#5530 = ORIENTED_EDGE('',*,*,#5478,.F.);
#5531 = PLANE('',#5532);
#5532 = AXIS2_PLACEMENT_3D('',#5533,#5534,#5535);
#5533 = CARTESIAN_POINT('',(6.05,20.2,2.05));
#5534 = DIRECTION('',(1.,0.,0.));
#5535 = DIRECTION('',(0.,-1.,0.));
#5536 = ADVANCED_FACE('',(#5537),#5555,.F.);
#5537 = FACE_BOUND('',#5538,.F.);
#5538 = EDGE_LOOP('',(#5539,#5547,#5553,#5554));
#5539 = ORIENTED_EDGE('',*,*,#5540,.F.);
#5540 = EDGE_CURVE('',#5541,#5493,#5543,.T.);
#5541 = VERTEX_POINT('',#5542);
#5542 = CARTESIAN_POINT('',(7.95,12.,5.45));
#5543 = LINE('',#5544,#5545);
#5544 = CARTESIAN_POINT('',(7.95,12.,2.05));
#5545 = VECTOR('',#5546,1.);
#5546 = DIRECTION('',(0.,0.,1.));
#5547 = ORIENTED_EDGE('',*,*,#5548,.T.);
#5548 = EDGE_CURVE('',#5541,#1640,#5549,.T.);
#5549 = LINE('',#5550,#5551);
#5550 = CARTESIAN_POINT('',(7.95,20.2,5.45));
#5551 = VECTOR('',#5552,1.);
#5552 = DIRECTION('',(-0.,1.,0.));
#5553 = ORIENTED_EDGE('',*,*,#1647,.F.);
#5554 = ORIENTED_EDGE('',*,*,#5492,.T.);
#5555 = PLANE('',#5556);
#5556 = AXIS2_PLACEMENT_3D('',#5557,#5558,#5559);
#5557 = CARTESIAN_POINT('',(7.95,20.2,2.05));
#5558 = DIRECTION('',(1.,0.,0.));
#5559 = DIRECTION('',(0.,-1.,0.));
#5560 = ADVANCED_FACE('',(#5561),#5579,.T.);
#5561 = FACE_BOUND('',#5562,.T.);
#5562 = EDGE_LOOP('',(#5563,#5571,#5572,#5573));
#5563 = ORIENTED_EDGE('',*,*,#5564,.F.);
#5564 = EDGE_CURVE('',#1608,#5565,#5567,.T.);
#5565 = VERTEX_POINT('',#5566);
#5566 = CARTESIAN_POINT('',(7.95,12.,2.05));
#5567 = LINE('',#5568,#5569);
#5568 = CARTESIAN_POINT('',(7.95,20.2,2.05));
#5569 = VECTOR('',#5570,1.);
#5570 = DIRECTION('',(0.,-1.,0.));
#5571 = ORIENTED_EDGE('',*,*,#1607,.F.);
#5572 = ORIENTED_EDGE('',*,*,#5524,.T.);
#5573 = ORIENTED_EDGE('',*,*,#5574,.T.);
#5574 = EDGE_CURVE('',#5517,#5565,#5575,.T.);
#5575 = LINE('',#5576,#5577);
#5576 = CARTESIAN_POINT('',(6.05,12.,2.05));
#5577 = VECTOR('',#5578,1.);
#5578 = DIRECTION('',(1.,0.,0.));
#5579 = PLANE('',#5580);
#5580 = AXIS2_PLACEMENT_3D('',#5581,#5582,#5583);
#5581 = CARTESIAN_POINT('',(6.05,20.2,2.05));
#5582 = DIRECTION('',(0.,0.,1.));
#5583 = DIRECTION('',(0.,-1.,0.));
#5584 = ADVANCED_FACE('',(#5585),#5603,.F.);
#5585 = FACE_BOUND('',#5586,.F.);
#5586 = EDGE_LOOP('',(#5587,#5588,#5589,#5597));
#5587 = ORIENTED_EDGE('',*,*,#1639,.F.);
#5588 = ORIENTED_EDGE('',*,*,#5548,.F.);
#5589 = ORIENTED_EDGE('',*,*,#5590,.T.);
#5590 = EDGE_CURVE('',#5541,#5591,#5593,.T.);
#5591 = VERTEX_POINT('',#5592);
#5592 = CARTESIAN_POINT('',(9.45,12.,5.45));
#5593 = LINE('',#5594,#5595);
#5594 = CARTESIAN_POINT('',(4.55,12.,5.45));
#5595 = VECTOR('',#5596,1.);
#5596 = DIRECTION('',(1.,0.,0.));
#5597 = ORIENTED_EDGE('',*,*,#5598,.F.);
#5598 = EDGE_CURVE('',#1632,#5591,#5599,.T.);
#5599 = LINE('',#5600,#5601);
#5600 = CARTESIAN_POINT('',(9.45,20.2,5.45));
#5601 = VECTOR('',#5602,1.);
#5602 = DIRECTION('',(0.,-1.,0.));
#5603 = PLANE('',#5604);
#5604 = AXIS2_PLACEMENT_3D('',#5605,#5606,#5607);
#5605 = CARTESIAN_POINT('',(4.55,20.2,5.45));
#5606 = DIRECTION('',(0.,0.,1.));
#5607 = DIRECTION('',(0.,-1.,0.));
#5608 = ADVANCED_FACE('',(#5609),#5627,.F.);
#5609 = FACE_BOUND('',#5610,.F.);
#5610 = EDGE_LOOP('',(#5611,#5619,#5620,#5621));
#5611 = ORIENTED_EDGE('',*,*,#5612,.F.);
#5612 = EDGE_CURVE('',#5565,#5613,#5615,.T.);
#5613 = VERTEX_POINT('',#5614);
#5614 = CARTESIAN_POINT('',(7.95,12.,3.55));
#5615 = LINE('',#5616,#5617);
#5616 = CARTESIAN_POINT('',(7.95,12.,2.05));
#5617 = VECTOR('',#5618,1.);
#5618 = DIRECTION('',(0.,0.,1.));
#5619 = ORIENTED_EDGE('',*,*,#5564,.F.);
#5620 = ORIENTED_EDGE('',*,*,#1615,.F.);
#5621 = ORIENTED_EDGE('',*,*,#5622,.F.);
#5622 = EDGE_CURVE('',#5613,#1616,#5623,.T.);
#5623 = LINE('',#5624,#5625);
#5624 = CARTESIAN_POINT('',(7.95,20.2,3.55));
#5625 = VECTOR('',#5626,1.);
#5626 = DIRECTION('',(-0.,1.,0.));
#5627 = PLANE('',#5628);
#5628 = AXIS2_PLACEMENT_3D('',#5629,#5630,#5631);
#5629 = CARTESIAN_POINT('',(7.95,20.2,2.05));
#5630 = DIRECTION('',(1.,0.,0.));
#5631 = DIRECTION('',(0.,-1.,0.));
#5632 = ADVANCED_FACE('',(#5633),#5651,.F.);
#5633 = FACE_BOUND('',#5634,.F.);
#5634 = EDGE_LOOP('',(#5635,#5643,#5644,#5645));
#5635 = ORIENTED_EDGE('',*,*,#5636,.F.);
#5636 = EDGE_CURVE('',#1624,#5637,#5639,.T.);
#5637 = VERTEX_POINT('',#5638);
#5638 = CARTESIAN_POINT('',(9.45,12.,3.55));
#5639 = LINE('',#5640,#5641);
#5640 = CARTESIAN_POINT('',(9.45,20.2,3.55));
#5641 = VECTOR('',#5642,1.);
#5642 = DIRECTION('',(0.,-1.,0.));
#5643 = ORIENTED_EDGE('',*,*,#1631,.F.);
#5644 = ORIENTED_EDGE('',*,*,#5598,.T.);
#5645 = ORIENTED_EDGE('',*,*,#5646,.F.);
#5646 = EDGE_CURVE('',#5637,#5591,#5647,.T.);
#5647 = LINE('',#5648,#5649);
#5648 = CARTESIAN_POINT('',(9.45,12.,3.55));
#5649 = VECTOR('',#5650,1.);
#5650 = DIRECTION('',(0.,0.,1.));
#5651 = PLANE('',#5652);
#5652 = AXIS2_PLACEMENT_3D('',#5653,#5654,#5655);
#5653 = CARTESIAN_POINT('',(9.45,20.2,3.55));
#5654 = DIRECTION('',(1.,0.,0.));
#5655 = DIRECTION('',(0.,-1.,0.));
#5656 = ADVANCED_FACE('',(#5657),#5668,.T.);
#5657 = FACE_BOUND('',#5658,.T.);
#5658 = EDGE_LOOP('',(#5659,#5660,#5661,#5667));
#5659 = ORIENTED_EDGE('',*,*,#1623,.F.);
#5660 = ORIENTED_EDGE('',*,*,#5622,.F.);
#5661 = ORIENTED_EDGE('',*,*,#5662,.T.);
#5662 = EDGE_CURVE('',#5613,#5637,#5663,.T.);
#5663 = LINE('',#5664,#5665);
#5664 = CARTESIAN_POINT('',(4.55,12.,3.55));
#5665 = VECTOR('',#5666,1.);
#5666 = DIRECTION('',(1.,0.,0.));
#5667 = ORIENTED_EDGE('',*,*,#5636,.F.);
#5668 = PLANE('',#5669);
#5669 = AXIS2_PLACEMENT_3D('',#5670,#5671,#5672);
#5670 = CARTESIAN_POINT('',(4.55,20.2,3.55));
#5671 = DIRECTION('',(0.,0.,1.));
#5672 = DIRECTION('',(0.,-1.,0.));
#5673 = ADVANCED_FACE('',(#5674),#5699,.F.);
#5674 = FACE_BOUND('',#5675,.F.);
#5675 = EDGE_LOOP('',(#5676,#5677,#5685,#5693));
#5676 = ORIENTED_EDGE('',*,*,#1671,.F.);
#5677 = ORIENTED_EDGE('',*,*,#5678,.T.);
#5678 = EDGE_CURVE('',#1672,#5679,#5681,.T.);
#5679 = VERTEX_POINT('',#5680);
#5680 = CARTESIAN_POINT('',(16.525,12.,5.475));
#5681 = LINE('',#5682,#5683);
#5682 = CARTESIAN_POINT('',(16.525,20.2,5.475));
#5683 = VECTOR('',#5684,1.);
#5684 = DIRECTION('',(0.,-1.,0.));
#5685 = ORIENTED_EDGE('',*,*,#5686,.T.);
#5686 = EDGE_CURVE('',#5679,#5687,#5689,.T.);
#5687 = VERTEX_POINT('',#5688);
#5688 = CARTESIAN_POINT('',(18.025,12.,5.475));
#5689 = LINE('',#5690,#5691);
#5690 = CARTESIAN_POINT('',(16.525,12.,5.475));
#5691 = VECTOR('',#5692,1.);
#5692 = DIRECTION('',(1.,0.,0.));
#5693 = ORIENTED_EDGE('',*,*,#5694,.T.);
#5694 = EDGE_CURVE('',#5687,#1674,#5695,.T.);
#5695 = LINE('',#5696,#5697);
#5696 = CARTESIAN_POINT('',(18.025,20.2,5.475));
#5697 = VECTOR('',#5698,1.);
#5698 = DIRECTION('',(-0.,1.,0.));
#5699 = PLANE('',#5700);
#5700 = AXIS2_PLACEMENT_3D('',#5701,#5702,#5703);
#5701 = CARTESIAN_POINT('',(16.525,20.2,5.475));
#5702 = DIRECTION('',(0.,0.,1.));
#5703 = DIRECTION('',(0.,-1.,0.));
#5704 = ADVANCED_FACE('',(#5705),#5723,.T.);
#5705 = FACE_BOUND('',#5706,.T.);
#5706 = EDGE_LOOP('',(#5707,#5715,#5716,#5717));
#5707 = ORIENTED_EDGE('',*,*,#5708,.F.);
#5708 = EDGE_CURVE('',#1682,#5709,#5711,.T.);
#5709 = VERTEX_POINT('',#5710);
#5710 = CARTESIAN_POINT('',(16.525,12.,3.525));
#5711 = LINE('',#5712,#5713);
#5712 = CARTESIAN_POINT('',(16.525,20.2,3.525));
#5713 = VECTOR('',#5714,1.);
#5714 = DIRECTION('',(0.,-1.,0.));
#5715 = ORIENTED_EDGE('',*,*,#1681,.F.);
#5716 = ORIENTED_EDGE('',*,*,#5678,.T.);
#5717 = ORIENTED_EDGE('',*,*,#5718,.F.);
#5718 = EDGE_CURVE('',#5709,#5679,#5719,.T.);
#5719 = LINE('',#5720,#5721);
#5720 = CARTESIAN_POINT('',(16.525,12.,3.525));
#5721 = VECTOR('',#5722,1.);
#5722 = DIRECTION('',(0.,0.,1.));
#5723 = PLANE('',#5724);
#5724 = AXIS2_PLACEMENT_3D('',#5725,#5726,#5727);
#5725 = CARTESIAN_POINT('',(16.525,20.2,3.525));
#5726 = DIRECTION('',(1.,0.,0.));
#5727 = DIRECTION('',(0.,-1.,0.));
#5728 = ADVANCED_FACE('',(#5729),#5747,.T.);
#5729 = FACE_BOUND('',#5730,.T.);
#5730 = EDGE_LOOP('',(#5731,#5739,#5740,#5741));
#5731 = ORIENTED_EDGE('',*,*,#5732,.F.);
#5732 = EDGE_CURVE('',#5687,#5733,#5735,.T.);
#5733 = VERTEX_POINT('',#5734);
#5734 = CARTESIAN_POINT('',(18.025,12.,6.975));
#5735 = LINE('',#5736,#5737);
#5736 = CARTESIAN_POINT('',(18.025,12.,2.025));
#5737 = VECTOR('',#5738,1.);
#5738 = DIRECTION('',(0.,0.,1.));
#5739 = ORIENTED_EDGE('',*,*,#5694,.T.);
#5740 = ORIENTED_EDGE('',*,*,#1761,.F.);
#5741 = ORIENTED_EDGE('',*,*,#5742,.T.);
#5742 = EDGE_CURVE('',#1754,#5733,#5743,.T.);
#5743 = LINE('',#5744,#5745);
#5744 = CARTESIAN_POINT('',(18.025,20.2,6.975));
#5745 = VECTOR('',#5746,1.);
#5746 = DIRECTION('',(0.,-1.,0.));
#5747 = PLANE('',#5748);
#5748 = AXIS2_PLACEMENT_3D('',#5749,#5750,#5751);
#5749 = CARTESIAN_POINT('',(18.025,20.2,2.025));
#5750 = DIRECTION('',(1.,0.,0.));
#5751 = DIRECTION('',(0.,-1.,0.));
#5752 = ADVANCED_FACE('',(#5753),#5771,.T.);
#5753 = FACE_BOUND('',#5754,.T.);
#5754 = EDGE_LOOP('',(#5755,#5756,#5757,#5765));
#5755 = ORIENTED_EDGE('',*,*,#1689,.F.);
#5756 = ORIENTED_EDGE('',*,*,#5708,.T.);
#5757 = ORIENTED_EDGE('',*,*,#5758,.T.);
#5758 = EDGE_CURVE('',#5709,#5759,#5761,.T.);
#5759 = VERTEX_POINT('',#5760);
#5760 = CARTESIAN_POINT('',(18.025,12.,3.525));
#5761 = LINE('',#5762,#5763);
#5762 = CARTESIAN_POINT('',(16.525,12.,3.525));
#5763 = VECTOR('',#5764,1.);
#5764 = DIRECTION('',(1.,0.,0.));
#5765 = ORIENTED_EDGE('',*,*,#5766,.T.);
#5766 = EDGE_CURVE('',#5759,#1690,#5767,.T.);
#5767 = LINE('',#5768,#5769);
#5768 = CARTESIAN_POINT('',(18.025,20.2,3.525));
#5769 = VECTOR('',#5770,1.);
#5770 = DIRECTION('',(-0.,1.,0.));
#5771 = PLANE('',#5772);
#5772 = AXIS2_PLACEMENT_3D('',#5773,#5774,#5775);
#5773 = CARTESIAN_POINT('',(16.525,20.2,3.525));
#5774 = DIRECTION('',(0.,0.,1.));
#5775 = DIRECTION('',(0.,-1.,0.));
#5776 = ADVANCED_FACE('',(#5777),#5795,.F.);
#5777 = FACE_BOUND('',#5778,.F.);
#5778 = EDGE_LOOP('',(#5779,#5787,#5788,#5789));
#5779 = ORIENTED_EDGE('',*,*,#5780,.F.);
#5780 = EDGE_CURVE('',#1746,#5781,#5783,.T.);
#5781 = VERTEX_POINT('',#5782);
#5782 = CARTESIAN_POINT('',(19.975,12.,6.975));
#5783 = LINE('',#5784,#5785);
#5784 = CARTESIAN_POINT('',(19.975,20.2,6.975));
#5785 = VECTOR('',#5786,1.);
#5786 = DIRECTION('',(0.,-1.,0.));
#5787 = ORIENTED_EDGE('',*,*,#1753,.F.);
#5788 = ORIENTED_EDGE('',*,*,#5742,.T.);
#5789 = ORIENTED_EDGE('',*,*,#5790,.T.);
#5790 = EDGE_CURVE('',#5733,#5781,#5791,.T.);
#5791 = LINE('',#5792,#5793);
#5792 = CARTESIAN_POINT('',(18.025,12.,6.975));
#5793 = VECTOR('',#5794,1.);
#5794 = DIRECTION('',(1.,0.,0.));
#5795 = PLANE('',#5796);
#5796 = AXIS2_PLACEMENT_3D('',#5797,#5798,#5799);
#5797 = CARTESIAN_POINT('',(18.025,20.2,6.975));
#5798 = DIRECTION('',(0.,0.,1.));
#5799 = DIRECTION('',(0.,-1.,0.));
#5800 = ADVANCED_FACE('',(#5801),#5819,.T.);
#5801 = FACE_BOUND('',#5802,.T.);
#5802 = EDGE_LOOP('',(#5803,#5811,#5817,#5818));
#5803 = ORIENTED_EDGE('',*,*,#5804,.F.);
#5804 = EDGE_CURVE('',#5805,#5759,#5807,.T.);
#5805 = VERTEX_POINT('',#5806);
#5806 = CARTESIAN_POINT('',(18.025,12.,2.025));
#5807 = LINE('',#5808,#5809);
#5808 = CARTESIAN_POINT('',(18.025,12.,2.025));
#5809 = VECTOR('',#5810,1.);
#5810 = DIRECTION('',(0.,0.,1.));
#5811 = ORIENTED_EDGE('',*,*,#5812,.F.);
#5812 = EDGE_CURVE('',#1698,#5805,#5813,.T.);
#5813 = LINE('',#5814,#5815);
#5814 = CARTESIAN_POINT('',(18.025,20.2,2.025));
#5815 = VECTOR('',#5816,1.);
#5816 = DIRECTION('',(0.,-1.,0.));
#5817 = ORIENTED_EDGE('',*,*,#1697,.F.);
#5818 = ORIENTED_EDGE('',*,*,#5766,.F.);
#5819 = PLANE('',#5820);
#5820 = AXIS2_PLACEMENT_3D('',#5821,#5822,#5823);
#5821 = CARTESIAN_POINT('',(18.025,20.2,2.025));
#5822 = DIRECTION('',(1.,0.,0.));
#5823 = DIRECTION('',(0.,-1.,0.));
#5824 = ADVANCED_FACE('',(#5825),#5843,.F.);
#5825 = FACE_BOUND('',#5826,.F.);
#5826 = EDGE_LOOP('',(#5827,#5835,#5841,#5842));
#5827 = ORIENTED_EDGE('',*,*,#5828,.F.);
#5828 = EDGE_CURVE('',#5829,#5781,#5831,.T.);
#5829 = VERTEX_POINT('',#5830);
#5830 = CARTESIAN_POINT('',(19.975,12.,5.475));
#5831 = LINE('',#5832,#5833);
#5832 = CARTESIAN_POINT('',(19.975,12.,2.025));
#5833 = VECTOR('',#5834,1.);
#5834 = DIRECTION('',(0.,0.,1.));
#5835 = ORIENTED_EDGE('',*,*,#5836,.T.);
#5836 = EDGE_CURVE('',#5829,#1738,#5837,.T.);
#5837 = LINE('',#5838,#5839);
#5838 = CARTESIAN_POINT('',(19.975,20.2,5.475));
#5839 = VECTOR('',#5840,1.);
#5840 = DIRECTION('',(-0.,1.,0.));
#5841 = ORIENTED_EDGE('',*,*,#1745,.F.);
#5842 = ORIENTED_EDGE('',*,*,#5780,.T.);
#5843 = PLANE('',#5844);
#5844 = AXIS2_PLACEMENT_3D('',#5845,#5846,#5847);
#5845 = CARTESIAN_POINT('',(19.975,20.2,2.025));
#5846 = DIRECTION('',(1.,0.,0.));
#5847 = DIRECTION('',(0.,-1.,0.));
#5848 = ADVANCED_FACE('',(#5849),#5867,.T.);
#5849 = FACE_BOUND('',#5850,.T.);
#5850 = EDGE_LOOP('',(#5851,#5859,#5860,#5861));
#5851 = ORIENTED_EDGE('',*,*,#5852,.F.);
#5852 = EDGE_CURVE('',#1706,#5853,#5855,.T.);
#5853 = VERTEX_POINT('',#5854);
#5854 = CARTESIAN_POINT('',(19.975,12.,2.025));
#5855 = LINE('',#5856,#5857);
#5856 = CARTESIAN_POINT('',(19.975,20.2,2.025));
#5857 = VECTOR('',#5858,1.);
#5858 = DIRECTION('',(0.,-1.,0.));
#5859 = ORIENTED_EDGE('',*,*,#1705,.F.);
#5860 = ORIENTED_EDGE('',*,*,#5812,.T.);
#5861 = ORIENTED_EDGE('',*,*,#5862,.T.);
#5862 = EDGE_CURVE('',#5805,#5853,#5863,.T.);
#5863 = LINE('',#5864,#5865);
#5864 = CARTESIAN_POINT('',(18.025,12.,2.025));
#5865 = VECTOR('',#5866,1.);
#5866 = DIRECTION('',(1.,0.,0.));
#5867 = PLANE('',#5868);
#5868 = AXIS2_PLACEMENT_3D('',#5869,#5870,#5871);
#5869 = CARTESIAN_POINT('',(18.025,20.2,2.025));
#5870 = DIRECTION('',(0.,0.,1.));
#5871 = DIRECTION('',(0.,-1.,0.));
#5872 = ADVANCED_FACE('',(#5873),#5891,.F.);
#5873 = FACE_BOUND('',#5874,.F.);
#5874 = EDGE_LOOP('',(#5875,#5876,#5877,#5885));
#5875 = ORIENTED_EDGE('',*,*,#1737,.F.);
#5876 = ORIENTED_EDGE('',*,*,#5836,.F.);
#5877 = ORIENTED_EDGE('',*,*,#5878,.T.);
#5878 = EDGE_CURVE('',#5829,#5879,#5881,.T.);
#5879 = VERTEX_POINT('',#5880);
#5880 = CARTESIAN_POINT('',(21.475,12.,5.475));
#5881 = LINE('',#5882,#5883);
#5882 = CARTESIAN_POINT('',(16.525,12.,5.475));
#5883 = VECTOR('',#5884,1.);
#5884 = DIRECTION('',(1.,0.,0.));
#5885 = ORIENTED_EDGE('',*,*,#5886,.F.);
#5886 = EDGE_CURVE('',#1730,#5879,#5887,.T.);
#5887 = LINE('',#5888,#5889);
#5888 = CARTESIAN_POINT('',(21.475,20.2,5.475));
#5889 = VECTOR('',#5890,1.);
#5890 = DIRECTION('',(0.,-1.,0.));
#5891 = PLANE('',#5892);
#5892 = AXIS2_PLACEMENT_3D('',#5893,#5894,#5895);
#5893 = CARTESIAN_POINT('',(16.525,20.2,5.475));
#5894 = DIRECTION('',(0.,0.,1.));
#5895 = DIRECTION('',(0.,-1.,0.));
#5896 = ADVANCED_FACE('',(#5897),#5915,.F.);
#5897 = FACE_BOUND('',#5898,.F.);
#5898 = EDGE_LOOP('',(#5899,#5907,#5908,#5909));
#5899 = ORIENTED_EDGE('',*,*,#5900,.F.);
#5900 = EDGE_CURVE('',#5853,#5901,#5903,.T.);
#5901 = VERTEX_POINT('',#5902);
#5902 = CARTESIAN_POINT('',(19.975,12.,3.525));
#5903 = LINE('',#5904,#5905);
#5904 = CARTESIAN_POINT('',(19.975,12.,2.025));
#5905 = VECTOR('',#5906,1.);
#5906 = DIRECTION('',(0.,0.,1.));
#5907 = ORIENTED_EDGE('',*,*,#5852,.F.);
#5908 = ORIENTED_EDGE('',*,*,#1713,.F.);
#5909 = ORIENTED_EDGE('',*,*,#5910,.F.);
#5910 = EDGE_CURVE('',#5901,#1714,#5911,.T.);
#5911 = LINE('',#5912,#5913);
#5912 = CARTESIAN_POINT('',(19.975,20.2,3.525));
#5913 = VECTOR('',#5914,1.);
#5914 = DIRECTION('',(-0.,1.,0.));
#5915 = PLANE('',#5916);
#5916 = AXIS2_PLACEMENT_3D('',#5917,#5918,#5919);
#5917 = CARTESIAN_POINT('',(19.975,20.2,2.025));
#5918 = DIRECTION('',(1.,0.,0.));
#5919 = DIRECTION('',(0.,-1.,0.));
#5920 = ADVANCED_FACE('',(#5921),#5939,.F.);
#5921 = FACE_BOUND('',#5922,.F.);
#5922 = EDGE_LOOP('',(#5923,#5931,#5932,#5933));
#5923 = ORIENTED_EDGE('',*,*,#5924,.F.);
#5924 = EDGE_CURVE('',#1722,#5925,#5927,.T.);
#5925 = VERTEX_POINT('',#5926);
#5926 = CARTESIAN_POINT('',(21.475,12.,3.525));
#5927 = LINE('',#5928,#5929);
#5928 = CARTESIAN_POINT('',(21.475,20.2,3.525));
#5929 = VECTOR('',#5930,1.);
#5930 = DIRECTION('',(0.,-1.,0.));
#5931 = ORIENTED_EDGE('',*,*,#1729,.F.);
#5932 = ORIENTED_EDGE('',*,*,#5886,.T.);
#5933 = ORIENTED_EDGE('',*,*,#5934,.F.);
#5934 = EDGE_CURVE('',#5925,#5879,#5935,.T.);
#5935 = LINE('',#5936,#5937);
#5936 = CARTESIAN_POINT('',(21.475,12.,3.525));
#5937 = VECTOR('',#5938,1.);
#5938 = DIRECTION('',(0.,0.,1.));
#5939 = PLANE('',#5940);
#5940 = AXIS2_PLACEMENT_3D('',#5941,#5942,#5943);
#5941 = CARTESIAN_POINT('',(21.475,20.2,3.525));
#5942 = DIRECTION('',(1.,0.,0.));
#5943 = DIRECTION('',(0.,-1.,0.));
#5944 = ADVANCED_FACE('',(#5945),#5956,.T.);
#5945 = FACE_BOUND('',#5946,.T.);
#5946 = EDGE_LOOP('',(#5947,#5948,#5949,#5955));
#5947 = ORIENTED_EDGE('',*,*,#1721,.F.);
#5948 = ORIENTED_EDGE('',*,*,#5910,.F.);
#5949 = ORIENTED_EDGE('',*,*,#5950,.T.);
#5950 = EDGE_CURVE('',#5901,#5925,#5951,.T.);
#5951 = LINE('',#5952,#5953);
#5952 = CARTESIAN_POINT('',(16.525,12.,3.525));
#5953 = VECTOR('',#5954,1.);
#5954 = DIRECTION('',(1.,0.,0.));
#5955 = ORIENTED_EDGE('',*,*,#5924,.F.);
#5956 = PLANE('',#5957);
#5957 = AXIS2_PLACEMENT_3D('',#5958,#5959,#5960);
#5958 = CARTESIAN_POINT('',(16.525,20.2,3.525));
#5959 = DIRECTION('',(0.,0.,1.));
#5960 = DIRECTION('',(0.,-1.,0.));
#5961 = ADVANCED_FACE('',(#5962),#5987,.F.);
#5962 = FACE_BOUND('',#5963,.F.);
#5963 = EDGE_LOOP('',(#5964,#5965,#5973,#5981));
#5964 = ORIENTED_EDGE('',*,*,#1769,.F.);
#5965 = ORIENTED_EDGE('',*,*,#5966,.T.);
#5966 = EDGE_CURVE('',#1770,#5967,#5969,.T.);
#5967 = VERTEX_POINT('',#5968);
#5968 = CARTESIAN_POINT('',(28.5,12.,5.5));
#5969 = LINE('',#5970,#5971);
#5970 = CARTESIAN_POINT('',(28.5,20.2,5.5));
#5971 = VECTOR('',#5972,1.);
#5972 = DIRECTION('',(0.,-1.,0.));
#5973 = ORIENTED_EDGE('',*,*,#5974,.T.);
#5974 = EDGE_CURVE('',#5967,#5975,#5977,.T.);
#5975 = VERTEX_POINT('',#5976);
#5976 = CARTESIAN_POINT('',(30.,12.,5.5));
#5977 = LINE('',#5978,#5979);
#5978 = CARTESIAN_POINT('',(28.5,12.,5.5));
#5979 = VECTOR('',#5980,1.);
#5980 = DIRECTION('',(1.,0.,0.));
#5981 = ORIENTED_EDGE('',*,*,#5982,.T.);
#5982 = EDGE_CURVE('',#5975,#1772,#5983,.T.);
#5983 = LINE('',#5984,#5985);
#5984 = CARTESIAN_POINT('',(30.,20.2,5.5));
#5985 = VECTOR('',#5986,1.);
#5986 = DIRECTION('',(-0.,1.,0.));
#5987 = PLANE('',#5988);
#5988 = AXIS2_PLACEMENT_3D('',#5989,#5990,#5991);
#5989 = CARTESIAN_POINT('',(28.5,20.2,5.5));
#5990 = DIRECTION('',(0.,0.,1.));
#5991 = DIRECTION('',(0.,-1.,0.));
#5992 = ADVANCED_FACE('',(#5993),#6011,.T.);
#5993 = FACE_BOUND('',#5994,.T.);
#5994 = EDGE_LOOP('',(#5995,#6003,#6004,#6005));
#5995 = ORIENTED_EDGE('',*,*,#5996,.F.);
#5996 = EDGE_CURVE('',#1780,#5997,#5999,.T.);
#5997 = VERTEX_POINT('',#5998);
#5998 = CARTESIAN_POINT('',(28.5,12.,3.5));
#5999 = LINE('',#6000,#6001);
#6000 = CARTESIAN_POINT('',(28.5,20.2,3.5));
#6001 = VECTOR('',#6002,1.);
#6002 = DIRECTION('',(0.,-1.,0.));
#6003 = ORIENTED_EDGE('',*,*,#1779,.F.);
#6004 = ORIENTED_EDGE('',*,*,#5966,.T.);
#6005 = ORIENTED_EDGE('',*,*,#6006,.F.);
#6006 = EDGE_CURVE('',#5997,#5967,#6007,.T.);
#6007 = LINE('',#6008,#6009);
#6008 = CARTESIAN_POINT('',(28.5,12.,3.5));
#6009 = VECTOR('',#6010,1.);
#6010 = DIRECTION('',(0.,0.,1.));
#6011 = PLANE('',#6012);
#6012 = AXIS2_PLACEMENT_3D('',#6013,#6014,#6015);
#6013 = CARTESIAN_POINT('',(28.5,20.2,3.5));
#6014 = DIRECTION('',(1.,0.,0.));
#6015 = DIRECTION('',(0.,-1.,0.));
#6016 = ADVANCED_FACE('',(#6017),#6035,.T.);
#6017 = FACE_BOUND('',#6018,.T.);
#6018 = EDGE_LOOP('',(#6019,#6027,#6028,#6029));
#6019 = ORIENTED_EDGE('',*,*,#6020,.F.);
#6020 = EDGE_CURVE('',#5975,#6021,#6023,.T.);
#6021 = VERTEX_POINT('',#6022);
#6022 = CARTESIAN_POINT('',(30.,12.,7.));
#6023 = LINE('',#6024,#6025);
#6024 = CARTESIAN_POINT('',(30.,12.,2.));
#6025 = VECTOR('',#6026,1.);
#6026 = DIRECTION('',(0.,0.,1.));
#6027 = ORIENTED_EDGE('',*,*,#5982,.T.);
#6028 = ORIENTED_EDGE('',*,*,#1859,.F.);
#6029 = ORIENTED_EDGE('',*,*,#6030,.T.);
#6030 = EDGE_CURVE('',#1852,#6021,#6031,.T.);
#6031 = LINE('',#6032,#6033);
#6032 = CARTESIAN_POINT('',(30.,20.2,7.));
#6033 = VECTOR('',#6034,1.);
#6034 = DIRECTION('',(0.,-1.,0.));
#6035 = PLANE('',#6036);
#6036 = AXIS2_PLACEMENT_3D('',#6037,#6038,#6039);
#6037 = CARTESIAN_POINT('',(30.,20.2,2.));
#6038 = DIRECTION('',(1.,0.,0.));
#6039 = DIRECTION('',(0.,-1.,0.));
#6040 = ADVANCED_FACE('',(#6041),#6059,.T.);
#6041 = FACE_BOUND('',#6042,.T.);
#6042 = EDGE_LOOP('',(#6043,#6044,#6045,#6053));
#6043 = ORIENTED_EDGE('',*,*,#1787,.F.);
#6044 = ORIENTED_EDGE('',*,*,#5996,.T.);
#6045 = ORIENTED_EDGE('',*,*,#6046,.T.);
#6046 = EDGE_CURVE('',#5997,#6047,#6049,.T.);
#6047 = VERTEX_POINT('',#6048);
#6048 = CARTESIAN_POINT('',(30.,12.,3.5));
#6049 = LINE('',#6050,#6051);
#6050 = CARTESIAN_POINT('',(28.5,12.,3.5));
#6051 = VECTOR('',#6052,1.);
#6052 = DIRECTION('',(1.,0.,0.));
#6053 = ORIENTED_EDGE('',*,*,#6054,.T.);
#6054 = EDGE_CURVE('',#6047,#1788,#6055,.T.);
#6055 = LINE('',#6056,#6057);
#6056 = CARTESIAN_POINT('',(30.,20.2,3.5));
#6057 = VECTOR('',#6058,1.);
#6058 = DIRECTION('',(-0.,1.,0.));
#6059 = PLANE('',#6060);
#6060 = AXIS2_PLACEMENT_3D('',#6061,#6062,#6063);
#6061 = CARTESIAN_POINT('',(28.5,20.2,3.5));
#6062 = DIRECTION('',(0.,0.,1.));
#6063 = DIRECTION('',(0.,-1.,0.));
#6064 = ADVANCED_FACE('',(#6065),#6083,.F.);
#6065 = FACE_BOUND('',#6066,.F.);
#6066 = EDGE_LOOP('',(#6067,#6075,#6076,#6077));
#6067 = ORIENTED_EDGE('',*,*,#6068,.F.);
#6068 = EDGE_CURVE('',#1844,#6069,#6071,.T.);
#6069 = VERTEX_POINT('',#6070);
#6070 = CARTESIAN_POINT('',(32.,12.,7.));
#6071 = LINE('',#6072,#6073);
#6072 = CARTESIAN_POINT('',(32.,20.2,7.));
#6073 = VECTOR('',#6074,1.);
#6074 = DIRECTION('',(0.,-1.,0.));
#6075 = ORIENTED_EDGE('',*,*,#1851,.F.);
#6076 = ORIENTED_EDGE('',*,*,#6030,.T.);
#6077 = ORIENTED_EDGE('',*,*,#6078,.T.);
#6078 = EDGE_CURVE('',#6021,#6069,#6079,.T.);
#6079 = LINE('',#6080,#6081);
#6080 = CARTESIAN_POINT('',(30.,12.,7.));
#6081 = VECTOR('',#6082,1.);
#6082 = DIRECTION('',(1.,0.,0.));
#6083 = PLANE('',#6084);
#6084 = AXIS2_PLACEMENT_3D('',#6085,#6086,#6087);
#6085 = CARTESIAN_POINT('',(30.,20.2,7.));
#6086 = DIRECTION('',(0.,0.,1.));
#6087 = DIRECTION('',(0.,-1.,0.));
#6088 = ADVANCED_FACE('',(#6089),#6107,.T.);
#6089 = FACE_BOUND('',#6090,.T.);
#6090 = EDGE_LOOP('',(#6091,#6099,#6105,#6106));
#6091 = ORIENTED_EDGE('',*,*,#6092,.F.);
#6092 = EDGE_CURVE('',#6093,#6047,#6095,.T.);
#6093 = VERTEX_POINT('',#6094);
#6094 = CARTESIAN_POINT('',(30.,12.,2.));
#6095 = LINE('',#6096,#6097);
#6096 = CARTESIAN_POINT('',(30.,12.,2.));
#6097 = VECTOR('',#6098,1.);
#6098 = DIRECTION('',(0.,0.,1.));
#6099 = ORIENTED_EDGE('',*,*,#6100,.F.);
#6100 = EDGE_CURVE('',#1796,#6093,#6101,.T.);
#6101 = LINE('',#6102,#6103);
#6102 = CARTESIAN_POINT('',(30.,20.2,2.));
#6103 = VECTOR('',#6104,1.);
#6104 = DIRECTION('',(0.,-1.,0.));
#6105 = ORIENTED_EDGE('',*,*,#1795,.F.);
#6106 = ORIENTED_EDGE('',*,*,#6054,.F.);
#6107 = PLANE('',#6108);
#6108 = AXIS2_PLACEMENT_3D('',#6109,#6110,#6111);
#6109 = CARTESIAN_POINT('',(30.,20.2,2.));
#6110 = DIRECTION('',(1.,0.,0.));
#6111 = DIRECTION('',(0.,-1.,0.));
#6112 = ADVANCED_FACE('',(#6113),#6131,.F.);
#6113 = FACE_BOUND('',#6114,.F.);
#6114 = EDGE_LOOP('',(#6115,#6123,#6129,#6130));
#6115 = ORIENTED_EDGE('',*,*,#6116,.F.);
#6116 = EDGE_CURVE('',#6117,#6069,#6119,.T.);
#6117 = VERTEX_POINT('',#6118);
#6118 = CARTESIAN_POINT('',(32.,12.,5.5));
#6119 = LINE('',#6120,#6121);
#6120 = CARTESIAN_POINT('',(32.,12.,2.));
#6121 = VECTOR('',#6122,1.);
#6122 = DIRECTION('',(0.,0.,1.));
#6123 = ORIENTED_EDGE('',*,*,#6124,.T.);
#6124 = EDGE_CURVE('',#6117,#1836,#6125,.T.);
#6125 = LINE('',#6126,#6127);
#6126 = CARTESIAN_POINT('',(32.,20.2,5.5));
#6127 = VECTOR('',#6128,1.);
#6128 = DIRECTION('',(-0.,1.,0.));
#6129 = ORIENTED_EDGE('',*,*,#1843,.F.);
#6130 = ORIENTED_EDGE('',*,*,#6068,.T.);
#6131 = PLANE('',#6132);
#6132 = AXIS2_PLACEMENT_3D('',#6133,#6134,#6135);
#6133 = CARTESIAN_POINT('',(32.,20.2,2.));
#6134 = DIRECTION('',(1.,0.,0.));
#6135 = DIRECTION('',(0.,-1.,0.));
#6136 = ADVANCED_FACE('',(#6137),#6155,.T.);
#6137 = FACE_BOUND('',#6138,.T.);
#6138 = EDGE_LOOP('',(#6139,#6147,#6148,#6149));
#6139 = ORIENTED_EDGE('',*,*,#6140,.F.);
#6140 = EDGE_CURVE('',#1804,#6141,#6143,.T.);
#6141 = VERTEX_POINT('',#6142);
#6142 = CARTESIAN_POINT('',(32.,12.,2.));
#6143 = LINE('',#6144,#6145);
#6144 = CARTESIAN_POINT('',(32.,20.2,2.));
#6145 = VECTOR('',#6146,1.);
#6146 = DIRECTION('',(0.,-1.,0.));
#6147 = ORIENTED_EDGE('',*,*,#1803,.F.);
#6148 = ORIENTED_EDGE('',*,*,#6100,.T.);
#6149 = ORIENTED_EDGE('',*,*,#6150,.T.);
#6150 = EDGE_CURVE('',#6093,#6141,#6151,.T.);
#6151 = LINE('',#6152,#6153);
#6152 = CARTESIAN_POINT('',(30.,12.,2.));
#6153 = VECTOR('',#6154,1.);
#6154 = DIRECTION('',(1.,0.,0.));
#6155 = PLANE('',#6156);
#6156 = AXIS2_PLACEMENT_3D('',#6157,#6158,#6159);
#6157 = CARTESIAN_POINT('',(30.,20.2,2.));
#6158 = DIRECTION('',(0.,0.,1.));
#6159 = DIRECTION('',(0.,-1.,0.));
#6160 = ADVANCED_FACE('',(#6161),#6179,.F.);
#6161 = FACE_BOUND('',#6162,.F.);
#6162 = EDGE_LOOP('',(#6163,#6164,#6165,#6173));
#6163 = ORIENTED_EDGE('',*,*,#1835,.F.);
#6164 = ORIENTED_EDGE('',*,*,#6124,.F.);
#6165 = ORIENTED_EDGE('',*,*,#6166,.T.);
#6166 = EDGE_CURVE('',#6117,#6167,#6169,.T.);
#6167 = VERTEX_POINT('',#6168);
#6168 = CARTESIAN_POINT('',(33.5,12.,5.5));
#6169 = LINE('',#6170,#6171);
#6170 = CARTESIAN_POINT('',(28.5,12.,5.5));
#6171 = VECTOR('',#6172,1.);
#6172 = DIRECTION('',(1.,0.,0.));
#6173 = ORIENTED_EDGE('',*,*,#6174,.F.);
#6174 = EDGE_CURVE('',#1828,#6167,#6175,.T.);
#6175 = LINE('',#6176,#6177);
#6176 = CARTESIAN_POINT('',(33.5,20.2,5.5));
#6177 = VECTOR('',#6178,1.);
#6178 = DIRECTION('',(0.,-1.,0.));
#6179 = PLANE('',#6180);
#6180 = AXIS2_PLACEMENT_3D('',#6181,#6182,#6183);
#6181 = CARTESIAN_POINT('',(28.5,20.2,5.5));
#6182 = DIRECTION('',(0.,0.,1.));
#6183 = DIRECTION('',(0.,-1.,0.));
#6184 = ADVANCED_FACE('',(#6185),#6203,.F.);
#6185 = FACE_BOUND('',#6186,.F.);
#6186 = EDGE_LOOP('',(#6187,#6195,#6196,#6197));
#6187 = ORIENTED_EDGE('',*,*,#6188,.F.);
#6188 = EDGE_CURVE('',#6141,#6189,#6191,.T.);
#6189 = VERTEX_POINT('',#6190);
#6190 = CARTESIAN_POINT('',(32.,12.,3.5));
#6191 = LINE('',#6192,#6193);
#6192 = CARTESIAN_POINT('',(32.,12.,2.));
#6193 = VECTOR('',#6194,1.);
#6194 = DIRECTION('',(0.,0.,1.));
#6195 = ORIENTED_EDGE('',*,*,#6140,.F.);
#6196 = ORIENTED_EDGE('',*,*,#1811,.F.);
#6197 = ORIENTED_EDGE('',*,*,#6198,.F.);
#6198 = EDGE_CURVE('',#6189,#1812,#6199,.T.);
#6199 = LINE('',#6200,#6201);
#6200 = CARTESIAN_POINT('',(32.,20.2,3.5));
#6201 = VECTOR('',#6202,1.);
#6202 = DIRECTION('',(-0.,1.,0.));
#6203 = PLANE('',#6204);
#6204 = AXIS2_PLACEMENT_3D('',#6205,#6206,#6207);
#6205 = CARTESIAN_POINT('',(32.,20.2,2.));
#6206 = DIRECTION('',(1.,0.,0.));
#6207 = DIRECTION('',(0.,-1.,0.));
#6208 = ADVANCED_FACE('',(#6209),#6227,.F.);
#6209 = FACE_BOUND('',#6210,.F.);
#6210 = EDGE_LOOP('',(#6211,#6219,#6220,#6221));
#6211 = ORIENTED_EDGE('',*,*,#6212,.F.);
#6212 = EDGE_CURVE('',#1820,#6213,#6215,.T.);
#6213 = VERTEX_POINT('',#6214);
#6214 = CARTESIAN_POINT('',(33.5,12.,3.5));
#6215 = LINE('',#6216,#6217);
#6216 = CARTESIAN_POINT('',(33.5,20.2,3.5));
#6217 = VECTOR('',#6218,1.);
#6218 = DIRECTION('',(0.,-1.,0.));
#6219 = ORIENTED_EDGE('',*,*,#1827,.F.);
#6220 = ORIENTED_EDGE('',*,*,#6174,.T.);
#6221 = ORIENTED_EDGE('',*,*,#6222,.F.);
#6222 = EDGE_CURVE('',#6213,#6167,#6223,.T.);
#6223 = LINE('',#6224,#6225);
#6224 = CARTESIAN_POINT('',(33.5,12.,3.5));
#6225 = VECTOR('',#6226,1.);
#6226 = DIRECTION('',(0.,0.,1.));
#6227 = PLANE('',#6228);
#6228 = AXIS2_PLACEMENT_3D('',#6229,#6230,#6231);
#6229 = CARTESIAN_POINT('',(33.5,20.2,3.5));
#6230 = DIRECTION('',(1.,0.,0.));
#6231 = DIRECTION('',(0.,-1.,0.));
#6232 = ADVANCED_FACE('',(#6233),#6244,.T.);
#6233 = FACE_BOUND('',#6234,.T.);
#6234 = EDGE_LOOP('',(#6235,#6236,#6237,#6243));
#6235 = ORIENTED_EDGE('',*,*,#1819,.F.);
#6236 = ORIENTED_EDGE('',*,*,#6198,.F.);
#6237 = ORIENTED_EDGE('',*,*,#6238,.T.);
#6238 = EDGE_CURVE('',#6189,#6213,#6239,.T.);
#6239 = LINE('',#6240,#6241);
#6240 = CARTESIAN_POINT('',(28.5,12.,3.5));
#6241 = VECTOR('',#6242,1.);
#6242 = DIRECTION('',(1.,0.,0.));
#6243 = ORIENTED_EDGE('',*,*,#6212,.F.);
#6244 = PLANE('',#6245);
#6245 = AXIS2_PLACEMENT_3D('',#6246,#6247,#6248);
#6246 = CARTESIAN_POINT('',(28.5,20.2,3.5));
#6247 = DIRECTION('',(0.,0.,1.));
#6248 = DIRECTION('',(0.,-1.,0.));
#6249 = ADVANCED_FACE('',(#6250),#6275,.F.);
#6250 = FACE_BOUND('',#6251,.F.);
#6251 = EDGE_LOOP('',(#6252,#6253,#6261,#6269));
#6252 = ORIENTED_EDGE('',*,*,#1867,.F.);
#6253 = ORIENTED_EDGE('',*,*,#6254,.T.);
#6254 = EDGE_CURVE('',#1868,#6255,#6257,.T.);
#6255 = VERTEX_POINT('',#6256);
#6256 = CARTESIAN_POINT('',(40.475,12.,5.525));
#6257 = LINE('',#6258,#6259);
#6258 = CARTESIAN_POINT('',(40.475,20.2,5.525));
#6259 = VECTOR('',#6260,1.);
#6260 = DIRECTION('',(0.,-1.,0.));
#6261 = ORIENTED_EDGE('',*,*,#6262,.T.);
#6262 = EDGE_CURVE('',#6255,#6263,#6265,.T.);
#6263 = VERTEX_POINT('',#6264);
#6264 = CARTESIAN_POINT('',(41.975,12.,5.525));
#6265 = LINE('',#6266,#6267);
#6266 = CARTESIAN_POINT('',(40.475,12.,5.525));
#6267 = VECTOR('',#6268,1.);
#6268 = DIRECTION('',(1.,0.,0.));
#6269 = ORIENTED_EDGE('',*,*,#6270,.T.);
#6270 = EDGE_CURVE('',#6263,#1870,#6271,.T.);
#6271 = LINE('',#6272,#6273);
#6272 = CARTESIAN_POINT('',(41.975,20.2,5.525));
#6273 = VECTOR('',#6274,1.);
#6274 = DIRECTION('',(-0.,1.,0.));
#6275 = PLANE('',#6276);
#6276 = AXIS2_PLACEMENT_3D('',#6277,#6278,#6279);
#6277 = CARTESIAN_POINT('',(40.475,20.2,5.525));
#6278 = DIRECTION('',(0.,0.,1.));
#6279 = DIRECTION('',(0.,-1.,0.));
#6280 = ADVANCED_FACE('',(#6281),#6299,.T.);
#6281 = FACE_BOUND('',#6282,.T.);
#6282 = EDGE_LOOP('',(#6283,#6291,#6292,#6293));
#6283 = ORIENTED_EDGE('',*,*,#6284,.F.);
#6284 = EDGE_CURVE('',#1878,#6285,#6287,.T.);
#6285 = VERTEX_POINT('',#6286);
#6286 = CARTESIAN_POINT('',(40.475,12.,3.475));
#6287 = LINE('',#6288,#6289);
#6288 = CARTESIAN_POINT('',(40.475,20.2,3.475));
#6289 = VECTOR('',#6290,1.);
#6290 = DIRECTION('',(0.,-1.,0.));
#6291 = ORIENTED_EDGE('',*,*,#1877,.F.);
#6292 = ORIENTED_EDGE('',*,*,#6254,.T.);
#6293 = ORIENTED_EDGE('',*,*,#6294,.F.);
#6294 = EDGE_CURVE('',#6285,#6255,#6295,.T.);
#6295 = LINE('',#6296,#6297);
#6296 = CARTESIAN_POINT('',(40.475,12.,3.475));
#6297 = VECTOR('',#6298,1.);
#6298 = DIRECTION('',(0.,0.,1.));
#6299 = PLANE('',#6300);
#6300 = AXIS2_PLACEMENT_3D('',#6301,#6302,#6303);
#6301 = CARTESIAN_POINT('',(40.475,20.2,3.475));
#6302 = DIRECTION('',(1.,0.,0.));
#6303 = DIRECTION('',(0.,-1.,0.));
#6304 = ADVANCED_FACE('',(#6305),#6323,.T.);
#6305 = FACE_BOUND('',#6306,.T.);
#6306 = EDGE_LOOP('',(#6307,#6315,#6316,#6317));
#6307 = ORIENTED_EDGE('',*,*,#6308,.F.);
#6308 = EDGE_CURVE('',#6263,#6309,#6311,.T.);
#6309 = VERTEX_POINT('',#6310);
#6310 = CARTESIAN_POINT('',(41.975,12.,7.025));
#6311 = LINE('',#6312,#6313);
#6312 = CARTESIAN_POINT('',(41.975,12.,1.975));
#6313 = VECTOR('',#6314,1.);
#6314 = DIRECTION('',(0.,0.,1.));
#6315 = ORIENTED_EDGE('',*,*,#6270,.T.);
#6316 = ORIENTED_EDGE('',*,*,#1957,.F.);
#6317 = ORIENTED_EDGE('',*,*,#6318,.T.);
#6318 = EDGE_CURVE('',#1950,#6309,#6319,.T.);
#6319 = LINE('',#6320,#6321);
#6320 = CARTESIAN_POINT('',(41.975,20.2,7.025));
#6321 = VECTOR('',#6322,1.);
#6322 = DIRECTION('',(0.,-1.,0.));
#6323 = PLANE('',#6324);
#6324 = AXIS2_PLACEMENT_3D('',#6325,#6326,#6327);
#6325 = CARTESIAN_POINT('',(41.975,20.2,1.975));
#6326 = DIRECTION('',(1.,0.,0.));
#6327 = DIRECTION('',(0.,-1.,0.));
#6328 = ADVANCED_FACE('',(#6329),#6347,.T.);
#6329 = FACE_BOUND('',#6330,.T.);
#6330 = EDGE_LOOP('',(#6331,#6332,#6333,#6341));
#6331 = ORIENTED_EDGE('',*,*,#1885,.F.);
#6332 = ORIENTED_EDGE('',*,*,#6284,.T.);
#6333 = ORIENTED_EDGE('',*,*,#6334,.T.);
#6334 = EDGE_CURVE('',#6285,#6335,#6337,.T.);
#6335 = VERTEX_POINT('',#6336);
#6336 = CARTESIAN_POINT('',(41.975,12.,3.475));
#6337 = LINE('',#6338,#6339);
#6338 = CARTESIAN_POINT('',(40.475,12.,3.475));
#6339 = VECTOR('',#6340,1.);
#6340 = DIRECTION('',(1.,0.,0.));
#6341 = ORIENTED_EDGE('',*,*,#6342,.T.);
#6342 = EDGE_CURVE('',#6335,#1886,#6343,.T.);
#6343 = LINE('',#6344,#6345);
#6344 = CARTESIAN_POINT('',(41.975,20.2,3.475));
#6345 = VECTOR('',#6346,1.);
#6346 = DIRECTION('',(-0.,1.,0.));
#6347 = PLANE('',#6348);
#6348 = AXIS2_PLACEMENT_3D('',#6349,#6350,#6351);
#6349 = CARTESIAN_POINT('',(40.475,20.2,3.475));
#6350 = DIRECTION('',(0.,0.,1.));
#6351 = DIRECTION('',(0.,-1.,0.));
#6352 = ADVANCED_FACE('',(#6353),#6371,.F.);
#6353 = FACE_BOUND('',#6354,.F.);
#6354 = EDGE_LOOP('',(#6355,#6363,#6364,#6365));
#6355 = ORIENTED_EDGE('',*,*,#6356,.F.);
#6356 = EDGE_CURVE('',#1942,#6357,#6359,.T.);
#6357 = VERTEX_POINT('',#6358);
#6358 = CARTESIAN_POINT('',(44.025,12.,7.025));
#6359 = LINE('',#6360,#6361);
#6360 = CARTESIAN_POINT('',(44.025,20.2,7.025));
#6361 = VECTOR('',#6362,1.);
#6362 = DIRECTION('',(0.,-1.,0.));
#6363 = ORIENTED_EDGE('',*,*,#1949,.F.);
#6364 = ORIENTED_EDGE('',*,*,#6318,.T.);
#6365 = ORIENTED_EDGE('',*,*,#6366,.T.);
#6366 = EDGE_CURVE('',#6309,#6357,#6367,.T.);
#6367 = LINE('',#6368,#6369);
#6368 = CARTESIAN_POINT('',(41.975,12.,7.025));
#6369 = VECTOR('',#6370,1.);
#6370 = DIRECTION('',(1.,0.,0.));
#6371 = PLANE('',#6372);
#6372 = AXIS2_PLACEMENT_3D('',#6373,#6374,#6375);
#6373 = CARTESIAN_POINT('',(41.975,20.2,7.025));
#6374 = DIRECTION('',(0.,0.,1.));
#6375 = DIRECTION('',(0.,-1.,0.));
#6376 = ADVANCED_FACE('',(#6377),#6395,.T.);
#6377 = FACE_BOUND('',#6378,.T.);
#6378 = EDGE_LOOP('',(#6379,#6387,#6393,#6394));
#6379 = ORIENTED_EDGE('',*,*,#6380,.F.);
#6380 = EDGE_CURVE('',#6381,#6335,#6383,.T.);
#6381 = VERTEX_POINT('',#6382);
#6382 = CARTESIAN_POINT('',(41.975,12.,1.975));
#6383 = LINE('',#6384,#6385);
#6384 = CARTESIAN_POINT('',(41.975,12.,1.975));
#6385 = VECTOR('',#6386,1.);
#6386 = DIRECTION('',(0.,0.,1.));
#6387 = ORIENTED_EDGE('',*,*,#6388,.F.);
#6388 = EDGE_CURVE('',#1894,#6381,#6389,.T.);
#6389 = LINE('',#6390,#6391);
#6390 = CARTESIAN_POINT('',(41.975,20.2,1.975));
#6391 = VECTOR('',#6392,1.);
#6392 = DIRECTION('',(0.,-1.,0.));
#6393 = ORIENTED_EDGE('',*,*,#1893,.F.);
#6394 = ORIENTED_EDGE('',*,*,#6342,.F.);
#6395 = PLANE('',#6396);
#6396 = AXIS2_PLACEMENT_3D('',#6397,#6398,#6399);
#6397 = CARTESIAN_POINT('',(41.975,20.2,1.975));
#6398 = DIRECTION('',(1.,0.,0.));
#6399 = DIRECTION('',(0.,-1.,0.));
#6400 = ADVANCED_FACE('',(#6401),#6419,.F.);
#6401 = FACE_BOUND('',#6402,.F.);
#6402 = EDGE_LOOP('',(#6403,#6411,#6417,#6418));
#6403 = ORIENTED_EDGE('',*,*,#6404,.F.);
#6404 = EDGE_CURVE('',#6405,#6357,#6407,.T.);
#6405 = VERTEX_POINT('',#6406);
#6406 = CARTESIAN_POINT('',(44.025,12.,5.525));
#6407 = LINE('',#6408,#6409);
#6408 = CARTESIAN_POINT('',(44.025,12.,1.975));
#6409 = VECTOR('',#6410,1.);
#6410 = DIRECTION('',(0.,0.,1.));
#6411 = ORIENTED_EDGE('',*,*,#6412,.T.);
#6412 = EDGE_CURVE('',#6405,#1934,#6413,.T.);
#6413 = LINE('',#6414,#6415);
#6414 = CARTESIAN_POINT('',(44.025,20.2,5.525));
#6415 = VECTOR('',#6416,1.);
#6416 = DIRECTION('',(-0.,1.,0.));
#6417 = ORIENTED_EDGE('',*,*,#1941,.F.);
#6418 = ORIENTED_EDGE('',*,*,#6356,.T.);
#6419 = PLANE('',#6420);
#6420 = AXIS2_PLACEMENT_3D('',#6421,#6422,#6423);
#6421 = CARTESIAN_POINT('',(44.025,20.2,1.975));
#6422 = DIRECTION('',(1.,0.,0.));
#6423 = DIRECTION('',(0.,-1.,0.));
#6424 = ADVANCED_FACE('',(#6425),#6443,.T.);
#6425 = FACE_BOUND('',#6426,.T.);
#6426 = EDGE_LOOP('',(#6427,#6435,#6436,#6437));
#6427 = ORIENTED_EDGE('',*,*,#6428,.F.);
#6428 = EDGE_CURVE('',#1902,#6429,#6431,.T.);
#6429 = VERTEX_POINT('',#6430);
#6430 = CARTESIAN_POINT('',(44.025,12.,1.975));
#6431 = LINE('',#6432,#6433);
#6432 = CARTESIAN_POINT('',(44.025,20.2,1.975));
#6433 = VECTOR('',#6434,1.);
#6434 = DIRECTION('',(0.,-1.,0.));
#6435 = ORIENTED_EDGE('',*,*,#1901,.F.);
#6436 = ORIENTED_EDGE('',*,*,#6388,.T.);
#6437 = ORIENTED_EDGE('',*,*,#6438,.T.);
#6438 = EDGE_CURVE('',#6381,#6429,#6439,.T.);
#6439 = LINE('',#6440,#6441);
#6440 = CARTESIAN_POINT('',(41.975,12.,1.975));
#6441 = VECTOR('',#6442,1.);
#6442 = DIRECTION('',(1.,0.,0.));
#6443 = PLANE('',#6444);
#6444 = AXIS2_PLACEMENT_3D('',#6445,#6446,#6447);
#6445 = CARTESIAN_POINT('',(41.975,20.2,1.975));
#6446 = DIRECTION('',(0.,0.,1.));
#6447 = DIRECTION('',(0.,-1.,0.));
#6448 = ADVANCED_FACE('',(#6449),#6467,.F.);
#6449 = FACE_BOUND('',#6450,.F.);
#6450 = EDGE_LOOP('',(#6451,#6452,#6453,#6461));
#6451 = ORIENTED_EDGE('',*,*,#1933,.F.);
#6452 = ORIENTED_EDGE('',*,*,#6412,.F.);
#6453 = ORIENTED_EDGE('',*,*,#6454,.T.);
#6454 = EDGE_CURVE('',#6405,#6455,#6457,.T.);
#6455 = VERTEX_POINT('',#6456);
#6456 = CARTESIAN_POINT('',(45.525,12.,5.525));
#6457 = LINE('',#6458,#6459);
#6458 = CARTESIAN_POINT('',(40.475,12.,5.525));
#6459 = VECTOR('',#6460,1.);
#6460 = DIRECTION('',(1.,0.,0.));
#6461 = ORIENTED_EDGE('',*,*,#6462,.F.);
#6462 = EDGE_CURVE('',#1926,#6455,#6463,.T.);
#6463 = LINE('',#6464,#6465);
#6464 = CARTESIAN_POINT('',(45.525,20.2,5.525));
#6465 = VECTOR('',#6466,1.);
#6466 = DIRECTION('',(0.,-1.,0.));
#6467 = PLANE('',#6468);
#6468 = AXIS2_PLACEMENT_3D('',#6469,#6470,#6471);
#6469 = CARTESIAN_POINT('',(40.475,20.2,5.525));
#6470 = DIRECTION('',(0.,0.,1.));
#6471 = DIRECTION('',(0.,-1.,0.));
#6472 = ADVANCED_FACE('',(#6473),#6491,.F.);
#6473 = FACE_BOUND('',#6474,.F.);
#6474 = EDGE_LOOP('',(#6475,#6483,#6484,#6485));
#6475 = ORIENTED_EDGE('',*,*,#6476,.F.);
#6476 = EDGE_CURVE('',#6429,#6477,#6479,.T.);
#6477 = VERTEX_POINT('',#6478);
#6478 = CARTESIAN_POINT('',(44.025,12.,3.475));
#6479 = LINE('',#6480,#6481);
#6480 = CARTESIAN_POINT('',(44.025,12.,1.975));
#6481 = VECTOR('',#6482,1.);
#6482 = DIRECTION('',(0.,0.,1.));
#6483 = ORIENTED_EDGE('',*,*,#6428,.F.);
#6484 = ORIENTED_EDGE('',*,*,#1909,.F.);
#6485 = ORIENTED_EDGE('',*,*,#6486,.F.);
#6486 = EDGE_CURVE('',#6477,#1910,#6487,.T.);
#6487 = LINE('',#6488,#6489);
#6488 = CARTESIAN_POINT('',(44.025,20.2,3.475));
#6489 = VECTOR('',#6490,1.);
#6490 = DIRECTION('',(-0.,1.,0.));
#6491 = PLANE('',#6492);
#6492 = AXIS2_PLACEMENT_3D('',#6493,#6494,#6495);
#6493 = CARTESIAN_POINT('',(44.025,20.2,1.975));
#6494 = DIRECTION('',(1.,0.,0.));
#6495 = DIRECTION('',(0.,-1.,0.));
#6496 = ADVANCED_FACE('',(#6497),#6515,.F.);
#6497 = FACE_BOUND('',#6498,.F.);
#6498 = EDGE_LOOP('',(#6499,#6507,#6508,#6509));
#6499 = ORIENTED_EDGE('',*,*,#6500,.F.);
#6500 = EDGE_CURVE('',#1918,#6501,#6503,.T.);
#6501 = VERTEX_POINT('',#6502);
#6502 = CARTESIAN_POINT('',(45.525,12.,3.475));
#6503 = LINE('',#6504,#6505);
#6504 = CARTESIAN_POINT('',(45.525,20.2,3.475));
#6505 = VECTOR('',#6506,1.);
#6506 = DIRECTION('',(0.,-1.,0.));
#6507 = ORIENTED_EDGE('',*,*,#1925,.F.);
#6508 = ORIENTED_EDGE('',*,*,#6462,.T.);
#6509 = ORIENTED_EDGE('',*,*,#6510,.F.);
#6510 = EDGE_CURVE('',#6501,#6455,#6511,.T.);
#6511 = LINE('',#6512,#6513);
#6512 = CARTESIAN_POINT('',(45.525,12.,3.475));
#6513 = VECTOR('',#6514,1.);
#6514 = DIRECTION('',(0.,0.,1.));
#6515 = PLANE('',#6516);
#6516 = AXIS2_PLACEMENT_3D('',#6517,#6518,#6519);
#6517 = CARTESIAN_POINT('',(45.525,20.2,3.475));
#6518 = DIRECTION('',(1.,0.,0.));
#6519 = DIRECTION('',(0.,-1.,0.));
#6520 = ADVANCED_FACE('',(#6521),#6532,.T.);
#6521 = FACE_BOUND('',#6522,.T.);
#6522 = EDGE_LOOP('',(#6523,#6524,#6525,#6531));
#6523 = ORIENTED_EDGE('',*,*,#1917,.F.);
#6524 = ORIENTED_EDGE('',*,*,#6486,.F.);
#6525 = ORIENTED_EDGE('',*,*,#6526,.T.);
#6526 = EDGE_CURVE('',#6477,#6501,#6527,.T.);
#6527 = LINE('',#6528,#6529);
#6528 = CARTESIAN_POINT('',(40.475,12.,3.475));
#6529 = VECTOR('',#6530,1.);
#6530 = DIRECTION('',(1.,0.,0.));
#6531 = ORIENTED_EDGE('',*,*,#6500,.F.);
#6532 = PLANE('',#6533);
#6533 = AXIS2_PLACEMENT_3D('',#6534,#6535,#6536);
#6534 = CARTESIAN_POINT('',(40.475,20.2,3.475));
#6535 = DIRECTION('',(0.,0.,1.));
#6536 = DIRECTION('',(0.,-1.,0.));
#6537 = ADVANCED_FACE('',(#6538),#6563,.F.);
#6538 = FACE_BOUND('',#6539,.F.);
#6539 = EDGE_LOOP('',(#6540,#6541,#6549,#6557));
#6540 = ORIENTED_EDGE('',*,*,#1965,.F.);
#6541 = ORIENTED_EDGE('',*,*,#6542,.T.);
#6542 = EDGE_CURVE('',#1966,#6543,#6545,.T.);
#6543 = VERTEX_POINT('',#6544);
#6544 = CARTESIAN_POINT('',(52.45,12.,5.55));
#6545 = LINE('',#6546,#6547);
#6546 = CARTESIAN_POINT('',(52.45,20.2,5.55));
#6547 = VECTOR('',#6548,1.);
#6548 = DIRECTION('',(0.,-1.,0.));
#6549 = ORIENTED_EDGE('',*,*,#6550,.T.);
#6550 = EDGE_CURVE('',#6543,#6551,#6553,.T.);
#6551 = VERTEX_POINT('',#6552);
#6552 = CARTESIAN_POINT('',(53.95,12.,5.55));
#6553 = LINE('',#6554,#6555);
#6554 = CARTESIAN_POINT('',(52.45,12.,5.55));
#6555 = VECTOR('',#6556,1.);
#6556 = DIRECTION('',(1.,0.,0.));
#6557 = ORIENTED_EDGE('',*,*,#6558,.T.);
#6558 = EDGE_CURVE('',#6551,#1968,#6559,.T.);
#6559 = LINE('',#6560,#6561);
#6560 = CARTESIAN_POINT('',(53.95,20.2,5.55));
#6561 = VECTOR('',#6562,1.);
#6562 = DIRECTION('',(-0.,1.,0.));
#6563 = PLANE('',#6564);
#6564 = AXIS2_PLACEMENT_3D('',#6565,#6566,#6567);
#6565 = CARTESIAN_POINT('',(52.45,20.2,5.55));
#6566 = DIRECTION('',(0.,0.,1.));
#6567 = DIRECTION('',(0.,-1.,0.));
#6568 = ADVANCED_FACE('',(#6569),#6587,.T.);
#6569 = FACE_BOUND('',#6570,.T.);
#6570 = EDGE_LOOP('',(#6571,#6579,#6580,#6581));
#6571 = ORIENTED_EDGE('',*,*,#6572,.F.);
#6572 = EDGE_CURVE('',#1976,#6573,#6575,.T.);
#6573 = VERTEX_POINT('',#6574);
#6574 = CARTESIAN_POINT('',(52.45,12.,3.45));
#6575 = LINE('',#6576,#6577);
#6576 = CARTESIAN_POINT('',(52.45,20.2,3.45));
#6577 = VECTOR('',#6578,1.);
#6578 = DIRECTION('',(0.,-1.,0.));
#6579 = ORIENTED_EDGE('',*,*,#1975,.F.);
#6580 = ORIENTED_EDGE('',*,*,#6542,.T.);
#6581 = ORIENTED_EDGE('',*,*,#6582,.F.);
#6582 = EDGE_CURVE('',#6573,#6543,#6583,.T.);
#6583 = LINE('',#6584,#6585);
#6584 = CARTESIAN_POINT('',(52.45,12.,3.45));
#6585 = VECTOR('',#6586,1.);
#6586 = DIRECTION('',(0.,0.,1.));
#6587 = PLANE('',#6588);
#6588 = AXIS2_PLACEMENT_3D('',#6589,#6590,#6591);
#6589 = CARTESIAN_POINT('',(52.45,20.2,3.45));
#6590 = DIRECTION('',(1.,0.,0.));
#6591 = DIRECTION('',(0.,-1.,0.));
#6592 = ADVANCED_FACE('',(#6593),#6611,.T.);
#6593 = FACE_BOUND('',#6594,.T.);
#6594 = EDGE_LOOP('',(#6595,#6603,#6604,#6605));
#6595 = ORIENTED_EDGE('',*,*,#6596,.F.);
#6596 = EDGE_CURVE('',#6551,#6597,#6599,.T.);
#6597 = VERTEX_POINT('',#6598);
#6598 = CARTESIAN_POINT('',(53.95,12.,7.05));
#6599 = LINE('',#6600,#6601);
#6600 = CARTESIAN_POINT('',(53.95,12.,1.95));
#6601 = VECTOR('',#6602,1.);
#6602 = DIRECTION('',(0.,0.,1.));
#6603 = ORIENTED_EDGE('',*,*,#6558,.T.);
#6604 = ORIENTED_EDGE('',*,*,#2055,.F.);
#6605 = ORIENTED_EDGE('',*,*,#6606,.T.);
#6606 = EDGE_CURVE('',#2048,#6597,#6607,.T.);
#6607 = LINE('',#6608,#6609);
#6608 = CARTESIAN_POINT('',(53.95,20.2,7.05));
#6609 = VECTOR('',#6610,1.);
#6610 = DIRECTION('',(0.,-1.,0.));
#6611 = PLANE('',#6612);
#6612 = AXIS2_PLACEMENT_3D('',#6613,#6614,#6615);
#6613 = CARTESIAN_POINT('',(53.95,20.2,1.95));
#6614 = DIRECTION('',(1.,0.,0.));
#6615 = DIRECTION('',(0.,-1.,0.));
#6616 = ADVANCED_FACE('',(#6617),#6635,.T.);
#6617 = FACE_BOUND('',#6618,.T.);
#6618 = EDGE_LOOP('',(#6619,#6620,#6621,#6629));
#6619 = ORIENTED_EDGE('',*,*,#1983,.F.);
#6620 = ORIENTED_EDGE('',*,*,#6572,.T.);
#6621 = ORIENTED_EDGE('',*,*,#6622,.T.);
#6622 = EDGE_CURVE('',#6573,#6623,#6625,.T.);
#6623 = VERTEX_POINT('',#6624);
#6624 = CARTESIAN_POINT('',(53.95,12.,3.45));
#6625 = LINE('',#6626,#6627);
#6626 = CARTESIAN_POINT('',(52.45,12.,3.45));
#6627 = VECTOR('',#6628,1.);
#6628 = DIRECTION('',(1.,0.,0.));
#6629 = ORIENTED_EDGE('',*,*,#6630,.T.);
#6630 = EDGE_CURVE('',#6623,#1984,#6631,.T.);
#6631 = LINE('',#6632,#6633);
#6632 = CARTESIAN_POINT('',(53.95,20.2,3.45));
#6633 = VECTOR('',#6634,1.);
#6634 = DIRECTION('',(-0.,1.,0.));
#6635 = PLANE('',#6636);
#6636 = AXIS2_PLACEMENT_3D('',#6637,#6638,#6639);
#6637 = CARTESIAN_POINT('',(52.45,20.2,3.45));
#6638 = DIRECTION('',(0.,0.,1.));
#6639 = DIRECTION('',(0.,-1.,0.));
#6640 = ADVANCED_FACE('',(#6641),#6659,.F.);
#6641 = FACE_BOUND('',#6642,.F.);
#6642 = EDGE_LOOP('',(#6643,#6651,#6652,#6653));
#6643 = ORIENTED_EDGE('',*,*,#6644,.F.);
#6644 = EDGE_CURVE('',#2040,#6645,#6647,.T.);
#6645 = VERTEX_POINT('',#6646);
#6646 = CARTESIAN_POINT('',(56.05,12.,7.05));
#6647 = LINE('',#6648,#6649);
#6648 = CARTESIAN_POINT('',(56.05,20.2,7.05));
#6649 = VECTOR('',#6650,1.);
#6650 = DIRECTION('',(0.,-1.,0.));
#6651 = ORIENTED_EDGE('',*,*,#2047,.F.);
#6652 = ORIENTED_EDGE('',*,*,#6606,.T.);
#6653 = ORIENTED_EDGE('',*,*,#6654,.T.);
#6654 = EDGE_CURVE('',#6597,#6645,#6655,.T.);
#6655 = LINE('',#6656,#6657);
#6656 = CARTESIAN_POINT('',(53.95,12.,7.05));
#6657 = VECTOR('',#6658,1.);
#6658 = DIRECTION('',(1.,0.,0.));
#6659 = PLANE('',#6660);
#6660 = AXIS2_PLACEMENT_3D('',#6661,#6662,#6663);
#6661 = CARTESIAN_POINT('',(53.95,20.2,7.05));
#6662 = DIRECTION('',(0.,0.,1.));
#6663 = DIRECTION('',(0.,-1.,0.));
#6664 = ADVANCED_FACE('',(#6665),#6683,.T.);
#6665 = FACE_BOUND('',#6666,.T.);
#6666 = EDGE_LOOP('',(#6667,#6675,#6681,#6682));
#6667 = ORIENTED_EDGE('',*,*,#6668,.F.);
#6668 = EDGE_CURVE('',#6669,#6623,#6671,.T.);
#6669 = VERTEX_POINT('',#6670);
#6670 = CARTESIAN_POINT('',(53.95,12.,1.95));
#6671 = LINE('',#6672,#6673);
#6672 = CARTESIAN_POINT('',(53.95,12.,1.95));
#6673 = VECTOR('',#6674,1.);
#6674 = DIRECTION('',(0.,0.,1.));
#6675 = ORIENTED_EDGE('',*,*,#6676,.F.);
#6676 = EDGE_CURVE('',#1992,#6669,#6677,.T.);
#6677 = LINE('',#6678,#6679);
#6678 = CARTESIAN_POINT('',(53.95,20.2,1.95));
#6679 = VECTOR('',#6680,1.);
#6680 = DIRECTION('',(0.,-1.,0.));
#6681 = ORIENTED_EDGE('',*,*,#1991,.F.);
#6682 = ORIENTED_EDGE('',*,*,#6630,.F.);
#6683 = PLANE('',#6684);
#6684 = AXIS2_PLACEMENT_3D('',#6685,#6686,#6687);
#6685 = CARTESIAN_POINT('',(53.95,20.2,1.95));
#6686 = DIRECTION('',(1.,0.,0.));
#6687 = DIRECTION('',(0.,-1.,0.));
#6688 = ADVANCED_FACE('',(#6689),#6707,.F.);
#6689 = FACE_BOUND('',#6690,.F.);
#6690 = EDGE_LOOP('',(#6691,#6699,#6705,#6706));
#6691 = ORIENTED_EDGE('',*,*,#6692,.F.);
#6692 = EDGE_CURVE('',#6693,#6645,#6695,.T.);
#6693 = VERTEX_POINT('',#6694);
#6694 = CARTESIAN_POINT('',(56.05,12.,5.55));
#6695 = LINE('',#6696,#6697);
#6696 = CARTESIAN_POINT('',(56.05,12.,1.95));
#6697 = VECTOR('',#6698,1.);
#6698 = DIRECTION('',(0.,0.,1.));
#6699 = ORIENTED_EDGE('',*,*,#6700,.T.);
#6700 = EDGE_CURVE('',#6693,#2032,#6701,.T.);
#6701 = LINE('',#6702,#6703);
#6702 = CARTESIAN_POINT('',(56.05,20.2,5.55));
#6703 = VECTOR('',#6704,1.);
#6704 = DIRECTION('',(-0.,1.,0.));
#6705 = ORIENTED_EDGE('',*,*,#2039,.F.);
#6706 = ORIENTED_EDGE('',*,*,#6644,.T.);
#6707 = PLANE('',#6708);
#6708 = AXIS2_PLACEMENT_3D('',#6709,#6710,#6711);
#6709 = CARTESIAN_POINT('',(56.05,20.2,1.95));
#6710 = DIRECTION('',(1.,0.,0.));
#6711 = DIRECTION('',(0.,-1.,0.));
#6712 = ADVANCED_FACE('',(#6713),#6731,.T.);
#6713 = FACE_BOUND('',#6714,.T.);
#6714 = EDGE_LOOP('',(#6715,#6723,#6724,#6725));
#6715 = ORIENTED_EDGE('',*,*,#6716,.F.);
#6716 = EDGE_CURVE('',#2000,#6717,#6719,.T.);
#6717 = VERTEX_POINT('',#6718);
#6718 = CARTESIAN_POINT('',(56.05,12.,1.95));
#6719 = LINE('',#6720,#6721);
#6720 = CARTESIAN_POINT('',(56.05,20.2,1.95));
#6721 = VECTOR('',#6722,1.);
#6722 = DIRECTION('',(0.,-1.,0.));
#6723 = ORIENTED_EDGE('',*,*,#1999,.F.);
#6724 = ORIENTED_EDGE('',*,*,#6676,.T.);
#6725 = ORIENTED_EDGE('',*,*,#6726,.T.);
#6726 = EDGE_CURVE('',#6669,#6717,#6727,.T.);
#6727 = LINE('',#6728,#6729);
#6728 = CARTESIAN_POINT('',(53.95,12.,1.95));
#6729 = VECTOR('',#6730,1.);
#6730 = DIRECTION('',(1.,0.,0.));
#6731 = PLANE('',#6732);
#6732 = AXIS2_PLACEMENT_3D('',#6733,#6734,#6735);
#6733 = CARTESIAN_POINT('',(53.95,20.2,1.95));
#6734 = DIRECTION('',(0.,0.,1.));
#6735 = DIRECTION('',(0.,-1.,0.));
#6736 = ADVANCED_FACE('',(#6737),#6755,.F.);
#6737 = FACE_BOUND('',#6738,.F.);
#6738 = EDGE_LOOP('',(#6739,#6740,#6741,#6749));
#6739 = ORIENTED_EDGE('',*,*,#2031,.F.);
#6740 = ORIENTED_EDGE('',*,*,#6700,.F.);
#6741 = ORIENTED_EDGE('',*,*,#6742,.T.);
#6742 = EDGE_CURVE('',#6693,#6743,#6745,.T.);
#6743 = VERTEX_POINT('',#6744);
#6744 = CARTESIAN_POINT('',(57.55,12.,5.55));
#6745 = LINE('',#6746,#6747);
#6746 = CARTESIAN_POINT('',(52.45,12.,5.55));
#6747 = VECTOR('',#6748,1.);
#6748 = DIRECTION('',(1.,0.,0.));
#6749 = ORIENTED_EDGE('',*,*,#6750,.F.);
#6750 = EDGE_CURVE('',#2024,#6743,#6751,.T.);
#6751 = LINE('',#6752,#6753);
#6752 = CARTESIAN_POINT('',(57.55,20.2,5.55));
#6753 = VECTOR('',#6754,1.);
#6754 = DIRECTION('',(0.,-1.,0.));
#6755 = PLANE('',#6756);
#6756 = AXIS2_PLACEMENT_3D('',#6757,#6758,#6759);
#6757 = CARTESIAN_POINT('',(52.45,20.2,5.55));
#6758 = DIRECTION('',(0.,0.,1.));
#6759 = DIRECTION('',(0.,-1.,0.));
#6760 = ADVANCED_FACE('',(#6761),#6779,.F.);
#6761 = FACE_BOUND('',#6762,.F.);
#6762 = EDGE_LOOP('',(#6763,#6771,#6772,#6773));
#6763 = ORIENTED_EDGE('',*,*,#6764,.F.);
#6764 = EDGE_CURVE('',#6717,#6765,#6767,.T.);
#6765 = VERTEX_POINT('',#6766);
#6766 = CARTESIAN_POINT('',(56.05,12.,3.45));
#6767 = LINE('',#6768,#6769);
#6768 = CARTESIAN_POINT('',(56.05,12.,1.95));
#6769 = VECTOR('',#6770,1.);
#6770 = DIRECTION('',(0.,0.,1.));
#6771 = ORIENTED_EDGE('',*,*,#6716,.F.);
#6772 = ORIENTED_EDGE('',*,*,#2007,.F.);
#6773 = ORIENTED_EDGE('',*,*,#6774,.F.);
#6774 = EDGE_CURVE('',#6765,#2008,#6775,.T.);
#6775 = LINE('',#6776,#6777);
#6776 = CARTESIAN_POINT('',(56.05,20.2,3.45));
#6777 = VECTOR('',#6778,1.);
#6778 = DIRECTION('',(-0.,1.,0.));
#6779 = PLANE('',#6780);
#6780 = AXIS2_PLACEMENT_3D('',#6781,#6782,#6783);
#6781 = CARTESIAN_POINT('',(56.05,20.2,1.95));
#6782 = DIRECTION('',(1.,0.,0.));
#6783 = DIRECTION('',(0.,-1.,0.));
#6784 = ADVANCED_FACE('',(#6785),#6803,.F.);
#6785 = FACE_BOUND('',#6786,.F.);
#6786 = EDGE_LOOP('',(#6787,#6795,#6796,#6797));
#6787 = ORIENTED_EDGE('',*,*,#6788,.F.);
#6788 = EDGE_CURVE('',#2016,#6789,#6791,.T.);
#6789 = VERTEX_POINT('',#6790);
#6790 = CARTESIAN_POINT('',(57.55,12.,3.45));
#6791 = LINE('',#6792,#6793);
#6792 = CARTESIAN_POINT('',(57.55,20.2,3.45));
#6793 = VECTOR('',#6794,1.);
#6794 = DIRECTION('',(0.,-1.,0.));
#6795 = ORIENTED_EDGE('',*,*,#2023,.F.);
#6796 = ORIENTED_EDGE('',*,*,#6750,.T.);
#6797 = ORIENTED_EDGE('',*,*,#6798,.F.);
#6798 = EDGE_CURVE('',#6789,#6743,#6799,.T.);
#6799 = LINE('',#6800,#6801);
#6800 = CARTESIAN_POINT('',(57.55,12.,3.45));
#6801 = VECTOR('',#6802,1.);
#6802 = DIRECTION('',(0.,0.,1.));
#6803 = PLANE('',#6804);
#6804 = AXIS2_PLACEMENT_3D('',#6805,#6806,#6807);
#6805 = CARTESIAN_POINT('',(57.55,20.2,3.45));
#6806 = DIRECTION('',(1.,0.,0.));
#6807 = DIRECTION('',(0.,-1.,0.));
#6808 = ADVANCED_FACE('',(#6809),#6820,.T.);
#6809 = FACE_BOUND('',#6810,.T.);
#6810 = EDGE_LOOP('',(#6811,#6812,#6813,#6819));
#6811 = ORIENTED_EDGE('',*,*,#2015,.F.);
#6812 = ORIENTED_EDGE('',*,*,#6774,.F.);
#6813 = ORIENTED_EDGE('',*,*,#6814,.T.);
#6814 = EDGE_CURVE('',#6765,#6789,#6815,.T.);
#6815 = LINE('',#6816,#6817);
#6816 = CARTESIAN_POINT('',(52.45,12.,3.45));
#6817 = VECTOR('',#6818,1.);
#6818 = DIRECTION('',(1.,0.,0.));
#6819 = ORIENTED_EDGE('',*,*,#6788,.F.);
#6820 = PLANE('',#6821);
#6821 = AXIS2_PLACEMENT_3D('',#6822,#6823,#6824);
#6822 = CARTESIAN_POINT('',(52.45,20.2,3.45));
#6823 = DIRECTION('',(0.,0.,1.));
#6824 = DIRECTION('',(0.,-1.,0.));
#6825 = ADVANCED_FACE('',(#6826),#6851,.F.);
#6826 = FACE_BOUND('',#6827,.F.);
#6827 = EDGE_LOOP('',(#6828,#6829,#6837,#6845));
#6828 = ORIENTED_EDGE('',*,*,#2063,.F.);
#6829 = ORIENTED_EDGE('',*,*,#6830,.T.);
#6830 = EDGE_CURVE('',#2064,#6831,#6833,.T.);
#6831 = VERTEX_POINT('',#6832);
#6832 = CARTESIAN_POINT('',(64.425,12.,5.575));
#6833 = LINE('',#6834,#6835);
#6834 = CARTESIAN_POINT('',(64.425,20.2,5.575));
#6835 = VECTOR('',#6836,1.);
#6836 = DIRECTION('',(0.,-1.,0.));
#6837 = ORIENTED_EDGE('',*,*,#6838,.T.);
#6838 = EDGE_CURVE('',#6831,#6839,#6841,.T.);
#6839 = VERTEX_POINT('',#6840);
#6840 = CARTESIAN_POINT('',(65.925,12.,5.575));
#6841 = LINE('',#6842,#6843);
#6842 = CARTESIAN_POINT('',(64.425,12.,5.575));
#6843 = VECTOR('',#6844,1.);
#6844 = DIRECTION('',(1.,0.,0.));
#6845 = ORIENTED_EDGE('',*,*,#6846,.T.);
#6846 = EDGE_CURVE('',#6839,#2066,#6847,.T.);
#6847 = LINE('',#6848,#6849);
#6848 = CARTESIAN_POINT('',(65.925,20.2,5.575));
#6849 = VECTOR('',#6850,1.);
#6850 = DIRECTION('',(-0.,1.,0.));
#6851 = PLANE('',#6852);
#6852 = AXIS2_PLACEMENT_3D('',#6853,#6854,#6855);
#6853 = CARTESIAN_POINT('',(64.425,20.2,5.575));
#6854 = DIRECTION('',(0.,0.,1.));
#6855 = DIRECTION('',(0.,-1.,0.));
#6856 = ADVANCED_FACE('',(#6857),#6875,.T.);
#6857 = FACE_BOUND('',#6858,.T.);
#6858 = EDGE_LOOP('',(#6859,#6867,#6868,#6869));
#6859 = ORIENTED_EDGE('',*,*,#6860,.F.);
#6860 = EDGE_CURVE('',#2074,#6861,#6863,.T.);
#6861 = VERTEX_POINT('',#6862);
#6862 = CARTESIAN_POINT('',(64.425,12.,3.425));
#6863 = LINE('',#6864,#6865);
#6864 = CARTESIAN_POINT('',(64.425,20.2,3.425));
#6865 = VECTOR('',#6866,1.);
#6866 = DIRECTION('',(0.,-1.,0.));
#6867 = ORIENTED_EDGE('',*,*,#2073,.F.);
#6868 = ORIENTED_EDGE('',*,*,#6830,.T.);
#6869 = ORIENTED_EDGE('',*,*,#6870,.F.);
#6870 = EDGE_CURVE('',#6861,#6831,#6871,.T.);
#6871 = LINE('',#6872,#6873);
#6872 = CARTESIAN_POINT('',(64.425,12.,3.425));
#6873 = VECTOR('',#6874,1.);
#6874 = DIRECTION('',(0.,0.,1.));
#6875 = PLANE('',#6876);
#6876 = AXIS2_PLACEMENT_3D('',#6877,#6878,#6879);
#6877 = CARTESIAN_POINT('',(64.425,20.2,3.425));
#6878 = DIRECTION('',(1.,0.,0.));
#6879 = DIRECTION('',(0.,-1.,0.));
#6880 = ADVANCED_FACE('',(#6881),#6899,.T.);
#6881 = FACE_BOUND('',#6882,.T.);
#6882 = EDGE_LOOP('',(#6883,#6891,#6892,#6893));
#6883 = ORIENTED_EDGE('',*,*,#6884,.F.);
#6884 = EDGE_CURVE('',#6839,#6885,#6887,.T.);
#6885 = VERTEX_POINT('',#6886);
#6886 = CARTESIAN_POINT('',(65.925,12.,7.075));
#6887 = LINE('',#6888,#6889);
#6888 = CARTESIAN_POINT('',(65.925,12.,1.925));
#6889 = VECTOR('',#6890,1.);
#6890 = DIRECTION('',(0.,0.,1.));
#6891 = ORIENTED_EDGE('',*,*,#6846,.T.);
#6892 = ORIENTED_EDGE('',*,*,#2153,.F.);
#6893 = ORIENTED_EDGE('',*,*,#6894,.T.);
#6894 = EDGE_CURVE('',#2146,#6885,#6895,.T.);
#6895 = LINE('',#6896,#6897);
#6896 = CARTESIAN_POINT('',(65.925,20.2,7.075));
#6897 = VECTOR('',#6898,1.);
#6898 = DIRECTION('',(0.,-1.,0.));
#6899 = PLANE('',#6900);
#6900 = AXIS2_PLACEMENT_3D('',#6901,#6902,#6903);
#6901 = CARTESIAN_POINT('',(65.925,20.2,1.925));
#6902 = DIRECTION('',(1.,0.,0.));
#6903 = DIRECTION('',(0.,-1.,0.));
#6904 = ADVANCED_FACE('',(#6905),#6923,.T.);
#6905 = FACE_BOUND('',#6906,.T.);
#6906 = EDGE_LOOP('',(#6907,#6908,#6909,#6917));
#6907 = ORIENTED_EDGE('',*,*,#2081,.F.);
#6908 = ORIENTED_EDGE('',*,*,#6860,.T.);
#6909 = ORIENTED_EDGE('',*,*,#6910,.T.);
#6910 = EDGE_CURVE('',#6861,#6911,#6913,.T.);
#6911 = VERTEX_POINT('',#6912);
#6912 = CARTESIAN_POINT('',(65.925,12.,3.425));
#6913 = LINE('',#6914,#6915);
#6914 = CARTESIAN_POINT('',(64.425,12.,3.425));
#6915 = VECTOR('',#6916,1.);
#6916 = DIRECTION('',(1.,0.,0.));
#6917 = ORIENTED_EDGE('',*,*,#6918,.T.);
#6918 = EDGE_CURVE('',#6911,#2082,#6919,.T.);
#6919 = LINE('',#6920,#6921);
#6920 = CARTESIAN_POINT('',(65.925,20.2,3.425));
#6921 = VECTOR('',#6922,1.);
#6922 = DIRECTION('',(-0.,1.,0.));
#6923 = PLANE('',#6924);
#6924 = AXIS2_PLACEMENT_3D('',#6925,#6926,#6927);
#6925 = CARTESIAN_POINT('',(64.425,20.2,3.425));
#6926 = DIRECTION('',(0.,0.,1.));
#6927 = DIRECTION('',(0.,-1.,0.));
#6928 = ADVANCED_FACE('',(#6929),#6947,.F.);
#6929 = FACE_BOUND('',#6930,.F.);
#6930 = EDGE_LOOP('',(#6931,#6939,#6940,#6941));
#6931 = ORIENTED_EDGE('',*,*,#6932,.F.);
#6932 = EDGE_CURVE('',#2138,#6933,#6935,.T.);
#6933 = VERTEX_POINT('',#6934);
#6934 = CARTESIAN_POINT('',(68.075,12.,7.075));
#6935 = LINE('',#6936,#6937);
#6936 = CARTESIAN_POINT('',(68.075,20.2,7.075));
#6937 = VECTOR('',#6938,1.);
#6938 = DIRECTION('',(0.,-1.,0.));
#6939 = ORIENTED_EDGE('',*,*,#2145,.F.);
#6940 = ORIENTED_EDGE('',*,*,#6894,.T.);
#6941 = ORIENTED_EDGE('',*,*,#6942,.T.);
#6942 = EDGE_CURVE('',#6885,#6933,#6943,.T.);
#6943 = LINE('',#6944,#6945);
#6944 = CARTESIAN_POINT('',(65.925,12.,7.075));
#6945 = VECTOR('',#6946,1.);
#6946 = DIRECTION('',(1.,0.,0.));
#6947 = PLANE('',#6948);
#6948 = AXIS2_PLACEMENT_3D('',#6949,#6950,#6951);
#6949 = CARTESIAN_POINT('',(65.925,20.2,7.075));
#6950 = DIRECTION('',(0.,0.,1.));
#6951 = DIRECTION('',(0.,-1.,0.));
#6952 = ADVANCED_FACE('',(#6953),#6971,.T.);
#6953 = FACE_BOUND('',#6954,.T.);
#6954 = EDGE_LOOP('',(#6955,#6963,#6969,#6970));
#6955 = ORIENTED_EDGE('',*,*,#6956,.F.);
#6956 = EDGE_CURVE('',#6957,#6911,#6959,.T.);
#6957 = VERTEX_POINT('',#6958);
#6958 = CARTESIAN_POINT('',(65.925,12.,1.925));
#6959 = LINE('',#6960,#6961);
#6960 = CARTESIAN_POINT('',(65.925,12.,1.925));
#6961 = VECTOR('',#6962,1.);
#6962 = DIRECTION('',(0.,0.,1.));
#6963 = ORIENTED_EDGE('',*,*,#6964,.F.);
#6964 = EDGE_CURVE('',#2090,#6957,#6965,.T.);
#6965 = LINE('',#6966,#6967);
#6966 = CARTESIAN_POINT('',(65.925,20.2,1.925));
#6967 = VECTOR('',#6968,1.);
#6968 = DIRECTION('',(0.,-1.,0.));
#6969 = ORIENTED_EDGE('',*,*,#2089,.F.);
#6970 = ORIENTED_EDGE('',*,*,#6918,.F.);
#6971 = PLANE('',#6972);
#6972 = AXIS2_PLACEMENT_3D('',#6973,#6974,#6975);
#6973 = CARTESIAN_POINT('',(65.925,20.2,1.925));
#6974 = DIRECTION('',(1.,0.,0.));
#6975 = DIRECTION('',(0.,-1.,0.));
#6976 = ADVANCED_FACE('',(#6977),#6995,.F.);
#6977 = FACE_BOUND('',#6978,.F.);
#6978 = EDGE_LOOP('',(#6979,#6987,#6993,#6994));
#6979 = ORIENTED_EDGE('',*,*,#6980,.F.);
#6980 = EDGE_CURVE('',#6981,#6933,#6983,.T.);
#6981 = VERTEX_POINT('',#6982);
#6982 = CARTESIAN_POINT('',(68.075,12.,5.575));
#6983 = LINE('',#6984,#6985);
#6984 = CARTESIAN_POINT('',(68.075,12.,1.925));
#6985 = VECTOR('',#6986,1.);
#6986 = DIRECTION('',(0.,0.,1.));
#6987 = ORIENTED_EDGE('',*,*,#6988,.T.);
#6988 = EDGE_CURVE('',#6981,#2130,#6989,.T.);
#6989 = LINE('',#6990,#6991);
#6990 = CARTESIAN_POINT('',(68.075,20.2,5.575));
#6991 = VECTOR('',#6992,1.);
#6992 = DIRECTION('',(-0.,1.,0.));
#6993 = ORIENTED_EDGE('',*,*,#2137,.F.);
#6994 = ORIENTED_EDGE('',*,*,#6932,.T.);
#6995 = PLANE('',#6996);
#6996 = AXIS2_PLACEMENT_3D('',#6997,#6998,#6999);
#6997 = CARTESIAN_POINT('',(68.075,20.2,1.925));
#6998 = DIRECTION('',(1.,0.,0.));
#6999 = DIRECTION('',(0.,-1.,0.));
#7000 = ADVANCED_FACE('',(#7001),#7019,.T.);
#7001 = FACE_BOUND('',#7002,.T.);
#7002 = EDGE_LOOP('',(#7003,#7011,#7012,#7013));
#7003 = ORIENTED_EDGE('',*,*,#7004,.F.);
#7004 = EDGE_CURVE('',#2098,#7005,#7007,.T.);
#7005 = VERTEX_POINT('',#7006);
#7006 = CARTESIAN_POINT('',(68.075,12.,1.925));
#7007 = LINE('',#7008,#7009);
#7008 = CARTESIAN_POINT('',(68.075,20.2,1.925));
#7009 = VECTOR('',#7010,1.);
#7010 = DIRECTION('',(0.,-1.,0.));
#7011 = ORIENTED_EDGE('',*,*,#2097,.F.);
#7012 = ORIENTED_EDGE('',*,*,#6964,.T.);
#7013 = ORIENTED_EDGE('',*,*,#7014,.T.);
#7014 = EDGE_CURVE('',#6957,#7005,#7015,.T.);
#7015 = LINE('',#7016,#7017);
#7016 = CARTESIAN_POINT('',(65.925,12.,1.925));
#7017 = VECTOR('',#7018,1.);
#7018 = DIRECTION('',(1.,0.,0.));
#7019 = PLANE('',#7020);
#7020 = AXIS2_PLACEMENT_3D('',#7021,#7022,#7023);
#7021 = CARTESIAN_POINT('',(65.925,20.2,1.925));
#7022 = DIRECTION('',(0.,0.,1.));
#7023 = DIRECTION('',(0.,-1.,0.));
#7024 = ADVANCED_FACE('',(#7025),#7043,.F.);
#7025 = FACE_BOUND('',#7026,.F.);
#7026 = EDGE_LOOP('',(#7027,#7028,#7029,#7037));
#7027 = ORIENTED_EDGE('',*,*,#2129,.F.);
#7028 = ORIENTED_EDGE('',*,*,#6988,.F.);
#7029 = ORIENTED_EDGE('',*,*,#7030,.T.);
#7030 = EDGE_CURVE('',#6981,#7031,#7033,.T.);
#7031 = VERTEX_POINT('',#7032);
#7032 = CARTESIAN_POINT('',(69.575,12.,5.575));
#7033 = LINE('',#7034,#7035);
#7034 = CARTESIAN_POINT('',(64.425,12.,5.575));
#7035 = VECTOR('',#7036,1.);
#7036 = DIRECTION('',(1.,0.,0.));
#7037 = ORIENTED_EDGE('',*,*,#7038,.F.);
#7038 = EDGE_CURVE('',#2122,#7031,#7039,.T.);
#7039 = LINE('',#7040,#7041);
#7040 = CARTESIAN_POINT('',(69.575,20.2,5.575));
#7041 = VECTOR('',#7042,1.);
#7042 = DIRECTION('',(0.,-1.,0.));
#7043 = PLANE('',#7044);
#7044 = AXIS2_PLACEMENT_3D('',#7045,#7046,#7047);
#7045 = CARTESIAN_POINT('',(64.425,20.2,5.575));
#7046 = DIRECTION('',(0.,0.,1.));
#7047 = DIRECTION('',(0.,-1.,0.));
#7048 = ADVANCED_FACE('',(#7049),#7067,.F.);
#7049 = FACE_BOUND('',#7050,.F.);
#7050 = EDGE_LOOP('',(#7051,#7059,#7060,#7061));
#7051 = ORIENTED_EDGE('',*,*,#7052,.F.);
#7052 = EDGE_CURVE('',#7005,#7053,#7055,.T.);
#7053 = VERTEX_POINT('',#7054);
#7054 = CARTESIAN_POINT('',(68.075,12.,3.425));
#7055 = LINE('',#7056,#7057);
#7056 = CARTESIAN_POINT('',(68.075,12.,1.925));
#7057 = VECTOR('',#7058,1.);
#7058 = DIRECTION('',(0.,0.,1.));
#7059 = ORIENTED_EDGE('',*,*,#7004,.F.);
#7060 = ORIENTED_EDGE('',*,*,#2105,.F.);
#7061 = ORIENTED_EDGE('',*,*,#7062,.F.);
#7062 = EDGE_CURVE('',#7053,#2106,#7063,.T.);
#7063 = LINE('',#7064,#7065);
#7064 = CARTESIAN_POINT('',(68.075,20.2,3.425));
#7065 = VECTOR('',#7066,1.);
#7066 = DIRECTION('',(-0.,1.,0.));
#7067 = PLANE('',#7068);
#7068 = AXIS2_PLACEMENT_3D('',#7069,#7070,#7071);
#7069 = CARTESIAN_POINT('',(68.075,20.2,1.925));
#7070 = DIRECTION('',(1.,0.,0.));
#7071 = DIRECTION('',(0.,-1.,0.));
#7072 = ADVANCED_FACE('',(#7073),#7091,.F.);
#7073 = FACE_BOUND('',#7074,.F.);
#7074 = EDGE_LOOP('',(#7075,#7083,#7084,#7085));
#7075 = ORIENTED_EDGE('',*,*,#7076,.F.);
#7076 = EDGE_CURVE('',#2114,#7077,#7079,.T.);
#7077 = VERTEX_POINT('',#7078);
#7078 = CARTESIAN_POINT('',(69.575,12.,3.425));
#7079 = LINE('',#7080,#7081);
#7080 = CARTESIAN_POINT('',(69.575,20.2,3.425));
#7081 = VECTOR('',#7082,1.);
#7082 = DIRECTION('',(0.,-1.,0.));
#7083 = ORIENTED_EDGE('',*,*,#2121,.F.);
#7084 = ORIENTED_EDGE('',*,*,#7038,.T.);
#7085 = ORIENTED_EDGE('',*,*,#7086,.F.);
#7086 = EDGE_CURVE('',#7077,#7031,#7087,.T.);
#7087 = LINE('',#7088,#7089);
#7088 = CARTESIAN_POINT('',(69.575,12.,3.425));
#7089 = VECTOR('',#7090,1.);
#7090 = DIRECTION('',(0.,0.,1.));
#7091 = PLANE('',#7092);
#7092 = AXIS2_PLACEMENT_3D('',#7093,#7094,#7095);
#7093 = CARTESIAN_POINT('',(69.575,20.2,3.425));
#7094 = DIRECTION('',(1.,0.,0.));
#7095 = DIRECTION('',(0.,-1.,0.));
#7096 = ADVANCED_FACE('',(#7097),#7108,.T.);
#7097 = FACE_BOUND('',#7098,.T.);
#7098 = EDGE_LOOP('',(#7099,#7100,#7101,#7107));
#7099 = ORIENTED_EDGE('',*,*,#2113,.F.);
#7100 = ORIENTED_EDGE('',*,*,#7062,.F.);
#7101 = ORIENTED_EDGE('',*,*,#7102,.T.);
#7102 = EDGE_CURVE('',#7053,#7077,#7103,.T.);
#7103 = LINE('',#7104,#7105);
#7104 = CARTESIAN_POINT('',(64.425,12.,3.425));
#7105 = VECTOR('',#7106,1.);
#7106 = DIRECTION('',(1.,0.,0.));
#7107 = ORIENTED_EDGE('',*,*,#7076,.F.);
#7108 = PLANE('',#7109);
#7109 = AXIS2_PLACEMENT_3D('',#7110,#7111,#7112);
#7110 = CARTESIAN_POINT('',(64.425,20.2,3.425));
#7111 = DIRECTION('',(0.,0.,1.));
#7112 = DIRECTION('',(0.,-1.,0.));
#7113 = ADVANCED_FACE('',(#7114),#7139,.F.);
#7114 = FACE_BOUND('',#7115,.F.);
#7115 = EDGE_LOOP('',(#7116,#7117,#7125,#7133));
#7116 = ORIENTED_EDGE('',*,*,#2161,.F.);
#7117 = ORIENTED_EDGE('',*,*,#7118,.T.);
#7118 = EDGE_CURVE('',#2162,#7119,#7121,.T.);
#7119 = VERTEX_POINT('',#7120);
#7120 = CARTESIAN_POINT('',(76.4,12.,5.6));
#7121 = LINE('',#7122,#7123);
#7122 = CARTESIAN_POINT('',(76.4,20.2,5.6));
#7123 = VECTOR('',#7124,1.);
#7124 = DIRECTION('',(0.,-1.,0.));
#7125 = ORIENTED_EDGE('',*,*,#7126,.T.);
#7126 = EDGE_CURVE('',#7119,#7127,#7129,.T.);
#7127 = VERTEX_POINT('',#7128);
#7128 = CARTESIAN_POINT('',(77.9,12.,5.6));
#7129 = LINE('',#7130,#7131);
#7130 = CARTESIAN_POINT('',(76.4,12.,5.6));
#7131 = VECTOR('',#7132,1.);
#7132 = DIRECTION('',(1.,0.,0.));
#7133 = ORIENTED_EDGE('',*,*,#7134,.T.);
#7134 = EDGE_CURVE('',#7127,#2164,#7135,.T.);
#7135 = LINE('',#7136,#7137);
#7136 = CARTESIAN_POINT('',(77.9,20.2,5.6));
#7137 = VECTOR('',#7138,1.);
#7138 = DIRECTION('',(-0.,1.,0.));
#7139 = PLANE('',#7140);
#7140 = AXIS2_PLACEMENT_3D('',#7141,#7142,#7143);
#7141 = CARTESIAN_POINT('',(76.4,20.2,5.6));
#7142 = DIRECTION('',(0.,0.,1.));
#7143 = DIRECTION('',(0.,-1.,0.));
#7144 = ADVANCED_FACE('',(#7145),#7163,.T.);
#7145 = FACE_BOUND('',#7146,.T.);
#7146 = EDGE_LOOP('',(#7147,#7155,#7156,#7157));
#7147 = ORIENTED_EDGE('',*,*,#7148,.F.);
#7148 = EDGE_CURVE('',#7127,#7149,#7151,.T.);
#7149 = VERTEX_POINT('',#7150);
#7150 = CARTESIAN_POINT('',(77.9,12.,7.1));
#7151 = LINE('',#7152,#7153);
#7152 = CARTESIAN_POINT('',(77.9,12.,1.9));
#7153 = VECTOR('',#7154,1.);
#7154 = DIRECTION('',(0.,0.,1.));
#7155 = ORIENTED_EDGE('',*,*,#7134,.T.);
#7156 = ORIENTED_EDGE('',*,*,#2251,.F.);
#7157 = ORIENTED_EDGE('',*,*,#7158,.T.);
#7158 = EDGE_CURVE('',#2244,#7149,#7159,.T.);
#7159 = LINE('',#7160,#7161);
#7160 = CARTESIAN_POINT('',(77.9,20.2,7.1));
#7161 = VECTOR('',#7162,1.);
#7162 = DIRECTION('',(0.,-1.,0.));
#7163 = PLANE('',#7164);
#7164 = AXIS2_PLACEMENT_3D('',#7165,#7166,#7167);
#7165 = CARTESIAN_POINT('',(77.9,20.2,1.9));
#7166 = DIRECTION('',(1.,0.,0.));
#7167 = DIRECTION('',(0.,-1.,0.));
#7168 = ADVANCED_FACE('',(#7169),#7187,.F.);
#7169 = FACE_BOUND('',#7170,.F.);
#7170 = EDGE_LOOP('',(#7171,#7179,#7180,#7181));
#7171 = ORIENTED_EDGE('',*,*,#7172,.F.);
#7172 = EDGE_CURVE('',#2236,#7173,#7175,.T.);
#7173 = VERTEX_POINT('',#7174);
#7174 = CARTESIAN_POINT('',(80.1,12.,7.1));
#7175 = LINE('',#7176,#7177);
#7176 = CARTESIAN_POINT('',(80.1,20.2,7.1));
#7177 = VECTOR('',#7178,1.);
#7178 = DIRECTION('',(0.,-1.,0.));
#7179 = ORIENTED_EDGE('',*,*,#2243,.F.);
#7180 = ORIENTED_EDGE('',*,*,#7158,.T.);
#7181 = ORIENTED_EDGE('',*,*,#7182,.T.);
#7182 = EDGE_CURVE('',#7149,#7173,#7183,.T.);
#7183 = LINE('',#7184,#7185);
#7184 = CARTESIAN_POINT('',(77.9,12.,7.1));
#7185 = VECTOR('',#7186,1.);
#7186 = DIRECTION('',(1.,0.,0.));
#7187 = PLANE('',#7188);
#7188 = AXIS2_PLACEMENT_3D('',#7189,#7190,#7191);
#7189 = CARTESIAN_POINT('',(77.9,20.2,7.1));
#7190 = DIRECTION('',(0.,0.,1.));
#7191 = DIRECTION('',(0.,-1.,0.));
#7192 = ADVANCED_FACE('',(#7193),#7211,.F.);
#7193 = FACE_BOUND('',#7194,.F.);
#7194 = EDGE_LOOP('',(#7195,#7203,#7209,#7210));
#7195 = ORIENTED_EDGE('',*,*,#7196,.F.);
#7196 = EDGE_CURVE('',#7197,#7173,#7199,.T.);
#7197 = VERTEX_POINT('',#7198);
#7198 = CARTESIAN_POINT('',(80.1,12.,5.6));
#7199 = LINE('',#7200,#7201);
#7200 = CARTESIAN_POINT('',(80.1,12.,1.9));
#7201 = VECTOR('',#7202,1.);
#7202 = DIRECTION('',(0.,0.,1.));
#7203 = ORIENTED_EDGE('',*,*,#7204,.T.);
#7204 = EDGE_CURVE('',#7197,#2228,#7205,.T.);
#7205 = LINE('',#7206,#7207);
#7206 = CARTESIAN_POINT('',(80.1,20.2,5.6));
#7207 = VECTOR('',#7208,1.);
#7208 = DIRECTION('',(-0.,1.,0.));
#7209 = ORIENTED_EDGE('',*,*,#2235,.F.);
#7210 = ORIENTED_EDGE('',*,*,#7172,.T.);
#7211 = PLANE('',#7212);
#7212 = AXIS2_PLACEMENT_3D('',#7213,#7214,#7215);
#7213 = CARTESIAN_POINT('',(80.1,20.2,1.9));
#7214 = DIRECTION('',(1.,0.,0.));
#7215 = DIRECTION('',(0.,-1.,0.));
#7216 = ADVANCED_FACE('',(#7217),#7235,.F.);
#7217 = FACE_BOUND('',#7218,.F.);
#7218 = EDGE_LOOP('',(#7219,#7220,#7221,#7229));
#7219 = ORIENTED_EDGE('',*,*,#2227,.F.);
#7220 = ORIENTED_EDGE('',*,*,#7204,.F.);
#7221 = ORIENTED_EDGE('',*,*,#7222,.T.);
#7222 = EDGE_CURVE('',#7197,#7223,#7225,.T.);
#7223 = VERTEX_POINT('',#7224);
#7224 = CARTESIAN_POINT('',(81.6,12.,5.6));
#7225 = LINE('',#7226,#7227);
#7226 = CARTESIAN_POINT('',(76.4,12.,5.6));
#7227 = VECTOR('',#7228,1.);
#7228 = DIRECTION('',(1.,0.,0.));
#7229 = ORIENTED_EDGE('',*,*,#7230,.F.);
#7230 = EDGE_CURVE('',#2220,#7223,#7231,.T.);
#7231 = LINE('',#7232,#7233);
#7232 = CARTESIAN_POINT('',(81.6,20.2,5.6));
#7233 = VECTOR('',#7234,1.);
#7234 = DIRECTION('',(0.,-1.,0.));
#7235 = PLANE('',#7236);
#7236 = AXIS2_PLACEMENT_3D('',#7237,#7238,#7239);
#7237 = CARTESIAN_POINT('',(76.4,20.2,5.6));
#7238 = DIRECTION('',(0.,0.,1.));
#7239 = DIRECTION('',(0.,-1.,0.));
#7240 = ADVANCED_FACE('',(#7241),#7259,.F.);
#7241 = FACE_BOUND('',#7242,.F.);
#7242 = EDGE_LOOP('',(#7243,#7251,#7252,#7253));
#7243 = ORIENTED_EDGE('',*,*,#7244,.F.);
#7244 = EDGE_CURVE('',#2212,#7245,#7247,.T.);
#7245 = VERTEX_POINT('',#7246);
#7246 = CARTESIAN_POINT('',(81.6,12.,3.4));
#7247 = LINE('',#7248,#7249);
#7248 = CARTESIAN_POINT('',(81.6,20.2,3.4));
#7249 = VECTOR('',#7250,1.);
#7250 = DIRECTION('',(0.,-1.,0.));
#7251 = ORIENTED_EDGE('',*,*,#2219,.F.);
#7252 = ORIENTED_EDGE('',*,*,#7230,.T.);
#7253 = ORIENTED_EDGE('',*,*,#7254,.F.);
#7254 = EDGE_CURVE('',#7245,#7223,#7255,.T.);
#7255 = LINE('',#7256,#7257);
#7256 = CARTESIAN_POINT('',(81.6,12.,3.4));
#7257 = VECTOR('',#7258,1.);
#7258 = DIRECTION('',(0.,0.,1.));
#7259 = PLANE('',#7260);
#7260 = AXIS2_PLACEMENT_3D('',#7261,#7262,#7263);
#7261 = CARTESIAN_POINT('',(81.6,20.2,3.4));
#7262 = DIRECTION('',(1.,0.,0.));
#7263 = DIRECTION('',(0.,-1.,0.));
#7264 = ADVANCED_FACE('',(#7265),#7283,.T.);
#7265 = FACE_BOUND('',#7266,.T.);
#7266 = EDGE_LOOP('',(#7267,#7268,#7276,#7282));
#7267 = ORIENTED_EDGE('',*,*,#2211,.F.);
#7268 = ORIENTED_EDGE('',*,*,#7269,.F.);
#7269 = EDGE_CURVE('',#7270,#2204,#7272,.T.);
#7270 = VERTEX_POINT('',#7271);
#7271 = CARTESIAN_POINT('',(80.1,12.,3.4));
#7272 = LINE('',#7273,#7274);
#7273 = CARTESIAN_POINT('',(80.1,20.2,3.4));
#7274 = VECTOR('',#7275,1.);
#7275 = DIRECTION('',(-0.,1.,0.));
#7276 = ORIENTED_EDGE('',*,*,#7277,.T.);
#7277 = EDGE_CURVE('',#7270,#7245,#7278,.T.);
#7278 = LINE('',#7279,#7280);
#7279 = CARTESIAN_POINT('',(76.4,12.,3.4));
#7280 = VECTOR('',#7281,1.);
#7281 = DIRECTION('',(1.,0.,0.));
#7282 = ORIENTED_EDGE('',*,*,#7244,.F.);
#7283 = PLANE('',#7284);
#7284 = AXIS2_PLACEMENT_3D('',#7285,#7286,#7287);
#7285 = CARTESIAN_POINT('',(76.4,20.2,3.4));
#7286 = DIRECTION('',(0.,0.,1.));
#7287 = DIRECTION('',(0.,-1.,0.));
#7288 = ADVANCED_FACE('',(#7289),#7307,.F.);
#7289 = FACE_BOUND('',#7290,.F.);
#7290 = EDGE_LOOP('',(#7291,#7299,#7305,#7306));
#7291 = ORIENTED_EDGE('',*,*,#7292,.F.);
#7292 = EDGE_CURVE('',#7293,#7270,#7295,.T.);
#7293 = VERTEX_POINT('',#7294);
#7294 = CARTESIAN_POINT('',(80.1,12.,1.9));
#7295 = LINE('',#7296,#7297);
#7296 = CARTESIAN_POINT('',(80.1,12.,1.9));
#7297 = VECTOR('',#7298,1.);
#7298 = DIRECTION('',(0.,0.,1.));
#7299 = ORIENTED_EDGE('',*,*,#7300,.F.);
#7300 = EDGE_CURVE('',#2196,#7293,#7301,.T.);
#7301 = LINE('',#7302,#7303);
#7302 = CARTESIAN_POINT('',(80.1,20.2,1.9));
#7303 = VECTOR('',#7304,1.);
#7304 = DIRECTION('',(0.,-1.,0.));
#7305 = ORIENTED_EDGE('',*,*,#2203,.F.);
#7306 = ORIENTED_EDGE('',*,*,#7269,.F.);
#7307 = PLANE('',#7308);
#7308 = AXIS2_PLACEMENT_3D('',#7309,#7310,#7311);
#7309 = CARTESIAN_POINT('',(80.1,20.2,1.9));
#7310 = DIRECTION('',(1.,0.,0.));
#7311 = DIRECTION('',(0.,-1.,0.));
#7312 = ADVANCED_FACE('',(#7313),#7331,.T.);
#7313 = FACE_BOUND('',#7314,.T.);
#7314 = EDGE_LOOP('',(#7315,#7316,#7317,#7325));
#7315 = ORIENTED_EDGE('',*,*,#7300,.F.);
#7316 = ORIENTED_EDGE('',*,*,#2195,.F.);
#7317 = ORIENTED_EDGE('',*,*,#7318,.T.);
#7318 = EDGE_CURVE('',#2188,#7319,#7321,.T.);
#7319 = VERTEX_POINT('',#7320);
#7320 = CARTESIAN_POINT('',(77.9,12.,1.9));
#7321 = LINE('',#7322,#7323);
#7322 = CARTESIAN_POINT('',(77.9,20.2,1.9));
#7323 = VECTOR('',#7324,1.);
#7324 = DIRECTION('',(0.,-1.,0.));
#7325 = ORIENTED_EDGE('',*,*,#7326,.T.);
#7326 = EDGE_CURVE('',#7319,#7293,#7327,.T.);
#7327 = LINE('',#7328,#7329);
#7328 = CARTESIAN_POINT('',(77.9,12.,1.9));
#7329 = VECTOR('',#7330,1.);
#7330 = DIRECTION('',(1.,0.,0.));
#7331 = PLANE('',#7332);
#7332 = AXIS2_PLACEMENT_3D('',#7333,#7334,#7335);
#7333 = CARTESIAN_POINT('',(77.9,20.2,1.9));
#7334 = DIRECTION('',(0.,0.,1.));
#7335 = DIRECTION('',(0.,-1.,0.));
#7336 = ADVANCED_FACE('',(#7337),#7355,.T.);
#7337 = FACE_BOUND('',#7338,.T.);
#7338 = EDGE_LOOP('',(#7339,#7347,#7348,#7349));
#7339 = ORIENTED_EDGE('',*,*,#7340,.F.);
#7340 = EDGE_CURVE('',#7319,#7341,#7343,.T.);
#7341 = VERTEX_POINT('',#7342);
#7342 = CARTESIAN_POINT('',(77.9,12.,3.4));
#7343 = LINE('',#7344,#7345);
#7344 = CARTESIAN_POINT('',(77.9,12.,1.9));
#7345 = VECTOR('',#7346,1.);
#7346 = DIRECTION('',(0.,0.,1.));
#7347 = ORIENTED_EDGE('',*,*,#7318,.F.);
#7348 = ORIENTED_EDGE('',*,*,#2187,.F.);
#7349 = ORIENTED_EDGE('',*,*,#7350,.F.);
#7350 = EDGE_CURVE('',#7341,#2180,#7351,.T.);
#7351 = LINE('',#7352,#7353);
#7352 = CARTESIAN_POINT('',(77.9,20.2,3.4));
#7353 = VECTOR('',#7354,1.);
#7354 = DIRECTION('',(-0.,1.,0.));
#7355 = PLANE('',#7356);
#7356 = AXIS2_PLACEMENT_3D('',#7357,#7358,#7359);
#7357 = CARTESIAN_POINT('',(77.9,20.2,1.9));
#7358 = DIRECTION('',(1.,0.,0.));
#7359 = DIRECTION('',(0.,-1.,0.));
#7360 = ADVANCED_FACE('',(#7361),#7379,.T.);
#7361 = FACE_BOUND('',#7362,.T.);
#7362 = EDGE_LOOP('',(#7363,#7364,#7372,#7378));
#7363 = ORIENTED_EDGE('',*,*,#2179,.F.);
#7364 = ORIENTED_EDGE('',*,*,#7365,.T.);
#7365 = EDGE_CURVE('',#2172,#7366,#7368,.T.);
#7366 = VERTEX_POINT('',#7367);
#7367 = CARTESIAN_POINT('',(76.4,12.,3.4));
#7368 = LINE('',#7369,#7370);
#7369 = CARTESIAN_POINT('',(76.4,20.2,3.4));
#7370 = VECTOR('',#7371,1.);
#7371 = DIRECTION('',(0.,-1.,0.));
#7372 = ORIENTED_EDGE('',*,*,#7373,.T.);
#7373 = EDGE_CURVE('',#7366,#7341,#7374,.T.);
#7374 = LINE('',#7375,#7376);
#7375 = CARTESIAN_POINT('',(76.4,12.,3.4));
#7376 = VECTOR('',#7377,1.);
#7377 = DIRECTION('',(1.,0.,0.));
#7378 = ORIENTED_EDGE('',*,*,#7350,.T.);
#7379 = PLANE('',#7380);
#7380 = AXIS2_PLACEMENT_3D('',#7381,#7382,#7383);
#7381 = CARTESIAN_POINT('',(76.4,20.2,3.4));
#7382 = DIRECTION('',(0.,0.,1.));
#7383 = DIRECTION('',(0.,-1.,0.));
#7384 = ADVANCED_FACE('',(#7385),#7396,.T.);
#7385 = FACE_BOUND('',#7386,.T.);
#7386 = EDGE_LOOP('',(#7387,#7388,#7389,#7390));
#7387 = ORIENTED_EDGE('',*,*,#7365,.F.);
#7388 = ORIENTED_EDGE('',*,*,#2171,.F.);
#7389 = ORIENTED_EDGE('',*,*,#7118,.T.);
#7390 = ORIENTED_EDGE('',*,*,#7391,.F.);
#7391 = EDGE_CURVE('',#7366,#7119,#7392,.T.);
#7392 = LINE('',#7393,#7394);
#7393 = CARTESIAN_POINT('',(76.4,12.,3.4));
#7394 = VECTOR('',#7395,1.);
#7395 = DIRECTION('',(0.,0.,1.));
#7396 = PLANE('',#7397);
#7397 = AXIS2_PLACEMENT_3D('',#7398,#7399,#7400);
#7398 = CARTESIAN_POINT('',(76.4,20.2,3.4));
#7399 = DIRECTION('',(1.,0.,0.));
#7400 = DIRECTION('',(0.,-1.,0.));
#7401 = ADVANCED_FACE('',(#7402),#7405,.F.);
#7402 = FACE_BOUND('',#7403,.F.);
#7403 = EDGE_LOOP('',(#7404));
#7404 = ORIENTED_EDGE('',*,*,#2302,.T.);
#7405 = PLANE('',#7406);
#7406 = AXIS2_PLACEMENT_3D('',#7407,#7408,#7409);
#7407 = CARTESIAN_POINT('',(7.,8.,4.5));
#7408 = DIRECTION('',(0.,1.,0.));
#7409 = DIRECTION('',(1.,0.,0.));
#7410 = ADVANCED_FACE('',(#7411),#7414,.F.);
#7411 = FACE_BOUND('',#7412,.F.);
#7412 = EDGE_LOOP('',(#7413));
#7413 = ORIENTED_EDGE('',*,*,#2327,.T.);
#7414 = PLANE('',#7415);
#7415 = AXIS2_PLACEMENT_3D('',#7416,#7417,#7418);
#7416 = CARTESIAN_POINT('',(19.,8.,4.5));
#7417 = DIRECTION('',(0.,1.,0.));
#7418 = DIRECTION('',(1.,0.,0.));
#7419 = ADVANCED_FACE('',(#7420),#7423,.F.);
#7420 = FACE_BOUND('',#7421,.F.);
#7421 = EDGE_LOOP('',(#7422));
#7422 = ORIENTED_EDGE('',*,*,#2352,.T.);
#7423 = PLANE('',#7424);
#7424 = AXIS2_PLACEMENT_3D('',#7425,#7426,#7427);
#7425 = CARTESIAN_POINT('',(31.,8.,4.5));
#7426 = DIRECTION('',(0.,1.,0.));
#7427 = DIRECTION('',(1.,0.,0.));
#7428 = ADVANCED_FACE('',(#7429),#7432,.F.);
#7429 = FACE_BOUND('',#7430,.F.);
#7430 = EDGE_LOOP('',(#7431));
#7431 = ORIENTED_EDGE('',*,*,#2377,.T.);
#7432 = PLANE('',#7433);
#7433 = AXIS2_PLACEMENT_3D('',#7434,#7435,#7436);
#7434 = CARTESIAN_POINT('',(43.,8.,4.5));
#7435 = DIRECTION('',(0.,1.,0.));
#7436 = DIRECTION('',(1.,0.,0.));
#7437 = ADVANCED_FACE('',(#7438),#7441,.F.);
#7438 = FACE_BOUND('',#7439,.F.);
#7439 = EDGE_LOOP('',(#7440));
#7440 = ORIENTED_EDGE('',*,*,#2402,.T.);
#7441 = PLANE('',#7442);
#7442 = AXIS2_PLACEMENT_3D('',#7443,#7444,#7445);
#7443 = CARTESIAN_POINT('',(55.,8.,4.5));
#7444 = DIRECTION('',(0.,1.,0.));
#7445 = DIRECTION('',(1.,0.,0.));
#7446 = ADVANCED_FACE('',(#7447),#7450,.F.);
#7447 = FACE_BOUND('',#7448,.F.);
#7448 = EDGE_LOOP('',(#7449));
#7449 = ORIENTED_EDGE('',*,*,#2427,.T.);
#7450 = PLANE('',#7451);
#7451 = AXIS2_PLACEMENT_3D('',#7452,#7453,#7454);
#7452 = CARTESIAN_POINT('',(67.,8.,4.5));
#7453 = DIRECTION('',(0.,1.,0.));
#7454 = DIRECTION('',(1.,0.,0.));
#7455 = ADVANCED_FACE('',(#7456),#7459,.F.);
#7456 = FACE_BOUND('',#7457,.F.);
#7457 = EDGE_LOOP('',(#7458));
#7458 = ORIENTED_EDGE('',*,*,#2452,.T.);
#7459 = PLANE('',#7460);
#7460 = AXIS2_PLACEMENT_3D('',#7461,#7462,#7463);
#7461 = CARTESIAN_POINT('',(79.,8.,4.5));
#7462 = DIRECTION('',(0.,1.,0.));
#7463 = DIRECTION('',(1.,0.,0.));
#7464 = ADVANCED_FACE('',(#7465),#7474,.T.);
#7465 = FACE_BOUND('',#7466,.F.);
#7466 = EDGE_LOOP('',(#7467,#7468,#7469,#7470,#7471,#7472,#7473));
#7467 = ORIENTED_EDGE('',*,*,#2469,.T.);
#7468 = ORIENTED_EDGE('',*,*,#2620,.T.);
#7469 = ORIENTED_EDGE('',*,*,#2596,.T.);
#7470 = ORIENTED_EDGE('',*,*,#2572,.T.);
#7471 = ORIENTED_EDGE('',*,*,#2548,.T.);
#7472 = ORIENTED_EDGE('',*,*,#2524,.T.);
#7473 = ORIENTED_EDGE('',*,*,#2500,.T.);
#7474 = PLANE('',#7475);
#7475 = AXIS2_PLACEMENT_3D('',#7476,#7477,#7478);
#7476 = CARTESIAN_POINT('',(78.982709748755,10.398811110492,8.5));
#7477 = DIRECTION('',(0.,0.,1.));
#7478 = DIRECTION('',(1.,0.,0.));
#7479 = ADVANCED_FACE('',(#7480),#7493,.T.);
#7480 = FACE_BOUND('',#7481,.F.);
#7481 = EDGE_LOOP('',(#7482,#7483,#7484,#7485,#7486,#7487,#7488,#7489,
    #7490,#7491,#7492));
#7482 = ORIENTED_EDGE('',*,*,#2637,.T.);
#7483 = ORIENTED_EDGE('',*,*,#2668,.T.);
#7484 = ORIENTED_EDGE('',*,*,#2716,.T.);
#7485 = ORIENTED_EDGE('',*,*,#2764,.T.);
#7486 = ORIENTED_EDGE('',*,*,#2812,.T.);
#7487 = ORIENTED_EDGE('',*,*,#2860,.T.);
#7488 = ORIENTED_EDGE('',*,*,#2884,.T.);
#7489 = ORIENTED_EDGE('',*,*,#2836,.T.);
#7490 = ORIENTED_EDGE('',*,*,#2788,.T.);
#7491 = ORIENTED_EDGE('',*,*,#2740,.T.);
#7492 = ORIENTED_EDGE('',*,*,#2692,.T.);
#7493 = PLANE('',#7494);
#7494 = AXIS2_PLACEMENT_3D('',#7495,#7496,#7497);
#7495 = CARTESIAN_POINT('',(6.861296149845,9.808368633561,8.5));
#7496 = DIRECTION('',(0.,0.,1.));
#7497 = DIRECTION('',(1.,0.,0.));
#7498 = ADVANCED_FACE('',(#7499),#7520,.T.);
#7499 = FACE_BOUND('',#7500,.F.);
#7500 = EDGE_LOOP('',(#7501,#7502,#7503,#7504,#7505,#7506,#7507,#7508,
    #7509,#7510,#7511,#7512,#7513,#7514,#7515,#7516,#7517,#7518,#7519));
#7501 = ORIENTED_EDGE('',*,*,#2901,.T.);
#7502 = ORIENTED_EDGE('',*,*,#2932,.T.);
#7503 = ORIENTED_EDGE('',*,*,#2980,.T.);
#7504 = ORIENTED_EDGE('',*,*,#3030,.T.);
#7505 = ORIENTED_EDGE('',*,*,#3080,.T.);
#7506 = ORIENTED_EDGE('',*,*,#3130,.T.);
#7507 = ORIENTED_EDGE('',*,*,#3182,.T.);
#7508 = ORIENTED_EDGE('',*,*,#3234,.T.);
#7509 = ORIENTED_EDGE('',*,*,#3286,.T.);
#7510 = ORIENTED_EDGE('',*,*,#3336,.T.);
#7511 = ORIENTED_EDGE('',*,*,#3362,.T.);
#7512 = ORIENTED_EDGE('',*,*,#3312,.T.);
#7513 = ORIENTED_EDGE('',*,*,#3260,.T.);
#7514 = ORIENTED_EDGE('',*,*,#3208,.T.);
#7515 = ORIENTED_EDGE('',*,*,#3156,.T.);
#7516 = ORIENTED_EDGE('',*,*,#3104,.T.);
#7517 = ORIENTED_EDGE('',*,*,#3054,.T.);
#7518 = ORIENTED_EDGE('',*,*,#3004,.T.);
#7519 = ORIENTED_EDGE('',*,*,#2956,.T.);
#7520 = PLANE('',#7521);
#7521 = AXIS2_PLACEMENT_3D('',#7522,#7523,#7524);
#7522 = CARTESIAN_POINT('',(19.016406159941,9.874241054235,8.5));
#7523 = DIRECTION('',(0.,0.,1.));
#7524 = DIRECTION('',(1.,0.,0.));
#7525 = ADVANCED_FACE('',(#7526),#7557,.T.);
#7526 = FACE_BOUND('',#7527,.F.);
#7527 = EDGE_LOOP('',(#7528,#7529,#7530,#7531,#7532,#7533,#7534,#7535,
    #7536,#7537,#7538,#7539,#7540,#7541,#7542,#7543,#7544,#7545,#7546,
    #7547,#7548,#7549,#7550,#7551,#7552,#7553,#7554,#7555,#7556));
#7528 = ORIENTED_EDGE('',*,*,#3381,.T.);
#7529 = ORIENTED_EDGE('',*,*,#3414,.T.);
#7530 = ORIENTED_EDGE('',*,*,#3466,.T.);
#7531 = ORIENTED_EDGE('',*,*,#3518,.T.);
#7532 = ORIENTED_EDGE('',*,*,#3570,.T.);
#7533 = ORIENTED_EDGE('',*,*,#3622,.T.);
#7534 = ORIENTED_EDGE('',*,*,#3674,.T.);
#7535 = ORIENTED_EDGE('',*,*,#3724,.T.);
#7536 = ORIENTED_EDGE('',*,*,#3774,.T.);
#7537 = ORIENTED_EDGE('',*,*,#3826,.T.);
#7538 = ORIENTED_EDGE('',*,*,#3878,.T.);
#7539 = ORIENTED_EDGE('',*,*,#3930,.T.);
#7540 = ORIENTED_EDGE('',*,*,#3982,.T.);
#7541 = ORIENTED_EDGE('',*,*,#4034,.T.);
#7542 = ORIENTED_EDGE('',*,*,#4084,.T.);
#7543 = ORIENTED_EDGE('',*,*,#4108,.T.);
#7544 = ORIENTED_EDGE('',*,*,#4058,.T.);
#7545 = ORIENTED_EDGE('',*,*,#4008,.T.);
#7546 = ORIENTED_EDGE('',*,*,#3956,.T.);
#7547 = ORIENTED_EDGE('',*,*,#3904,.T.);
#7548 = ORIENTED_EDGE('',*,*,#3852,.T.);
#7549 = ORIENTED_EDGE('',*,*,#3800,.T.);
#7550 = ORIENTED_EDGE('',*,*,#3750,.T.);
#7551 = ORIENTED_EDGE('',*,*,#3698,.T.);
#7552 = ORIENTED_EDGE('',*,*,#3648,.T.);
#7553 = ORIENTED_EDGE('',*,*,#3596,.T.);
#7554 = ORIENTED_EDGE('',*,*,#3544,.T.);
#7555 = ORIENTED_EDGE('',*,*,#3492,.T.);
#7556 = ORIENTED_EDGE('',*,*,#3440,.T.);
#7557 = PLANE('',#7558);
#7558 = AXIS2_PLACEMENT_3D('',#7559,#7560,#7561);
#7559 = CARTESIAN_POINT('',(30.999599622329,9.97758789851,8.5));
#7560 = DIRECTION('',(0.,0.,1.));
#7561 = DIRECTION('',(1.,0.,0.));
#7562 = ADVANCED_FACE('',(#7563,#7576),#7602,.T.);
#7563 = FACE_BOUND('',#7564,.F.);
#7564 = EDGE_LOOP('',(#7565,#7566,#7567,#7568,#7569,#7570,#7571,#7572,
    #7573,#7574,#7575));
#7565 = ORIENTED_EDGE('',*,*,#4125,.T.);
#7566 = ORIENTED_EDGE('',*,*,#4156,.T.);
#7567 = ORIENTED_EDGE('',*,*,#4204,.T.);
#7568 = ORIENTED_EDGE('',*,*,#4252,.T.);
#7569 = ORIENTED_EDGE('',*,*,#4300,.T.);
#7570 = ORIENTED_EDGE('',*,*,#4348,.T.);
#7571 = ORIENTED_EDGE('',*,*,#4372,.T.);
#7572 = ORIENTED_EDGE('',*,*,#4324,.T.);
#7573 = ORIENTED_EDGE('',*,*,#4276,.T.);
#7574 = ORIENTED_EDGE('',*,*,#4228,.T.);
#7575 = ORIENTED_EDGE('',*,*,#4180,.T.);
#7576 = FACE_BOUND('',#7577,.F.);
#7577 = EDGE_LOOP('',(#7578,#7588,#7596));
#7578 = ORIENTED_EDGE('',*,*,#7579,.T.);
#7579 = EDGE_CURVE('',#7580,#7582,#7584,.T.);
#7580 = VERTEX_POINT('',#7581);
#7581 = CARTESIAN_POINT('',(43.106963087248,11.080536912752,8.5));
#7582 = VERTEX_POINT('',#7583);
#7583 = CARTESIAN_POINT('',(42.044882550336,9.506040268456,8.5));
#7584 = LINE('',#7585,#7586);
#7585 = CARTESIAN_POINT('',(43.106963087248,11.080536912752,8.5));
#7586 = VECTOR('',#7587,1.);
#7587 = DIRECTION('',(-0.559217924246,-0.82902069528,0.));
#7588 = ORIENTED_EDGE('',*,*,#7589,.T.);
#7589 = EDGE_CURVE('',#7582,#7590,#7592,.T.);
#7590 = VERTEX_POINT('',#7591);
#7591 = CARTESIAN_POINT('',(43.106963087248,9.506040268456,8.5));
#7592 = LINE('',#7593,#7594);
#7593 = CARTESIAN_POINT('',(42.044882550336,9.506040268456,8.5));
#7594 = VECTOR('',#7595,1.);
#7595 = DIRECTION('',(1.,0.,0.));
#7596 = ORIENTED_EDGE('',*,*,#7597,.T.);
#7597 = EDGE_CURVE('',#7590,#7580,#7598,.T.);
#7598 = LINE('',#7599,#7600);
#7599 = CARTESIAN_POINT('',(43.106963087248,9.506040268456,8.5));
#7600 = VECTOR('',#7601,1.);
#7601 = DIRECTION('',(0.,1.,0.));
#7602 = PLANE('',#7603);
#7603 = AXIS2_PLACEMENT_3D('',#7604,#7605,#7606);
#7604 = CARTESIAN_POINT('',(43.05496164621,9.898796877788,8.5));
#7605 = DIRECTION('',(0.,0.,1.));
#7606 = DIRECTION('',(1.,0.,0.));
#7607 = ADVANCED_FACE('',(#7608),#7632,.T.);
#7608 = FACE_BOUND('',#7609,.F.);
#7609 = EDGE_LOOP('',(#7610,#7611,#7612,#7613,#7614,#7615,#7616,#7617,
    #7618,#7619,#7620,#7621,#7622,#7623,#7624,#7625,#7626,#7627,#7628,
    #7629,#7630,#7631));
#7610 = ORIENTED_EDGE('',*,*,#4389,.T.);
#7611 = ORIENTED_EDGE('',*,*,#4420,.T.);
#7612 = ORIENTED_EDGE('',*,*,#4468,.T.);
#7613 = ORIENTED_EDGE('',*,*,#4518,.T.);
#7614 = ORIENTED_EDGE('',*,*,#4568,.T.);
#7615 = ORIENTED_EDGE('',*,*,#4620,.T.);
#7616 = ORIENTED_EDGE('',*,*,#4672,.T.);
#7617 = ORIENTED_EDGE('',*,*,#4724,.T.);
#7618 = ORIENTED_EDGE('',*,*,#4776,.T.);
#7619 = ORIENTED_EDGE('',*,*,#4828,.T.);
#7620 = ORIENTED_EDGE('',*,*,#4880,.T.);
#7621 = ORIENTED_EDGE('',*,*,#4930,.T.);
#7622 = ORIENTED_EDGE('',*,*,#4906,.T.);
#7623 = ORIENTED_EDGE('',*,*,#4854,.T.);
#7624 = ORIENTED_EDGE('',*,*,#4802,.T.);
#7625 = ORIENTED_EDGE('',*,*,#4750,.T.);
#7626 = ORIENTED_EDGE('',*,*,#4698,.T.);
#7627 = ORIENTED_EDGE('',*,*,#4646,.T.);
#7628 = ORIENTED_EDGE('',*,*,#4594,.T.);
#7629 = ORIENTED_EDGE('',*,*,#4542,.T.);
#7630 = ORIENTED_EDGE('',*,*,#4492,.T.);
#7631 = ORIENTED_EDGE('',*,*,#4444,.T.);
#7632 = PLANE('',#7633);
#7633 = AXIS2_PLACEMENT_3D('',#7634,#7635,#7636);
#7634 = CARTESIAN_POINT('',(54.912411339734,10.072344011071,8.5));
#7635 = DIRECTION('',(0.,0.,1.));
#7636 = DIRECTION('',(1.,0.,0.));
#7637 = ADVANCED_FACE('',(#7638,#7657),#7723,.T.);
#7638 = FACE_BOUND('',#7639,.F.);
#7639 = EDGE_LOOP('',(#7640,#7641,#7642,#7643,#7644,#7645,#7646,#7647,
    #7648,#7649,#7650,#7651,#7652,#7653,#7654,#7655,#7656));
#7640 = ORIENTED_EDGE('',*,*,#4949,.T.);
#7641 = ORIENTED_EDGE('',*,*,#4980,.T.);
#7642 = ORIENTED_EDGE('',*,*,#5032,.T.);
#7643 = ORIENTED_EDGE('',*,*,#5084,.T.);
#7644 = ORIENTED_EDGE('',*,*,#5136,.T.);
#7645 = ORIENTED_EDGE('',*,*,#5188,.T.);
#7646 = ORIENTED_EDGE('',*,*,#5240,.T.);
#7647 = ORIENTED_EDGE('',*,*,#5292,.T.);
#7648 = ORIENTED_EDGE('',*,*,#5344,.T.);
#7649 = ORIENTED_EDGE('',*,*,#5370,.T.);
#7650 = ORIENTED_EDGE('',*,*,#5318,.T.);
#7651 = ORIENTED_EDGE('',*,*,#5266,.T.);
#7652 = ORIENTED_EDGE('',*,*,#5214,.T.);
#7653 = ORIENTED_EDGE('',*,*,#5162,.T.);
#7654 = ORIENTED_EDGE('',*,*,#5110,.T.);
#7655 = ORIENTED_EDGE('',*,*,#5058,.T.);
#7656 = ORIENTED_EDGE('',*,*,#5006,.T.);
#7657 = FACE_BOUND('',#7658,.F.);
#7658 = EDGE_LOOP('',(#7659,#7669,#7677,#7685,#7693,#7701,#7709,#7717));
#7659 = ORIENTED_EDGE('',*,*,#7660,.T.);
#7660 = EDGE_CURVE('',#7661,#7663,#7665,.T.);
#7661 = VERTEX_POINT('',#7662);
#7662 = CARTESIAN_POINT('',(67.05033557047,9.98389261745,8.5));
#7663 = VERTEX_POINT('',#7664);
#7664 = CARTESIAN_POINT('',(66.668959731544,9.818791946309,8.5));
#7665 = B_SPLINE_CURVE_WITH_KNOTS('',2,(#7666,#7667,#7668),
  .UNSPECIFIED.,.F.,.F.,(3,3),(0.,1.),.PIECEWISE_BEZIER_KNOTS.);
#7666 = CARTESIAN_POINT('',(67.05033557047,9.98389261745,8.5));
#7667 = CARTESIAN_POINT('',(66.796140939597,9.98389261745,8.5));
#7668 = CARTESIAN_POINT('',(66.668959731544,9.818791946309,8.5));
#7669 = ORIENTED_EDGE('',*,*,#7670,.T.);
#7670 = EDGE_CURVE('',#7663,#7671,#7673,.T.);
#7671 = VERTEX_POINT('',#7672);
#7672 = CARTESIAN_POINT('',(66.541946308725,9.323489932886,8.5));
#7673 = B_SPLINE_CURVE_WITH_KNOTS('',2,(#7674,#7675,#7676),
  .UNSPECIFIED.,.F.,.F.,(3,3),(0.,1.),.PIECEWISE_BEZIER_KNOTS.);
#7674 = CARTESIAN_POINT('',(66.668959731544,9.818791946309,8.5));
#7675 = CARTESIAN_POINT('',(66.541946308725,9.653691275168,8.5));
#7676 = CARTESIAN_POINT('',(66.541946308725,9.323489932886,8.5));
#7677 = ORIENTED_EDGE('',*,*,#7678,.T.);
#7678 = EDGE_CURVE('',#7671,#7679,#7681,.T.);
#7679 = VERTEX_POINT('',#7680);
#7680 = CARTESIAN_POINT('',(66.668959731544,8.828187919463,8.5));
#7681 = B_SPLINE_CURVE_WITH_KNOTS('',2,(#7682,#7683,#7684),
  .UNSPECIFIED.,.F.,.F.,(3,3),(0.,1.),.PIECEWISE_BEZIER_KNOTS.);
#7682 = CARTESIAN_POINT('',(66.541946308725,9.323489932886,8.5));
#7683 = CARTESIAN_POINT('',(66.541946308725,8.993288590604,8.5));
#7684 = CARTESIAN_POINT('',(66.668959731544,8.828187919463,8.5));
#7685 = ORIENTED_EDGE('',*,*,#7686,.T.);
#7686 = EDGE_CURVE('',#7679,#7687,#7689,.T.);
#7687 = VERTEX_POINT('',#7688);
#7688 = CARTESIAN_POINT('',(67.05033557047,8.663087248322,8.5));
#7689 = B_SPLINE_CURVE_WITH_KNOTS('',2,(#7690,#7691,#7692),
  .UNSPECIFIED.,.F.,.F.,(3,3),(0.,1.),.PIECEWISE_BEZIER_KNOTS.);
#7690 = CARTESIAN_POINT('',(66.668959731544,8.828187919463,8.5));
#7691 = CARTESIAN_POINT('',(66.796140939597,8.663087248322,8.5));
#7692 = CARTESIAN_POINT('',(67.05033557047,8.663087248322,8.5));
#7693 = ORIENTED_EDGE('',*,*,#7694,.T.);
#7694 = EDGE_CURVE('',#7687,#7695,#7697,.T.);
#7695 = VERTEX_POINT('',#7696);
#7696 = CARTESIAN_POINT('',(67.434060402685,8.828187919463,8.5));
#7697 = B_SPLINE_CURVE_WITH_KNOTS('',2,(#7698,#7699,#7700),
  .UNSPECIFIED.,.F.,.F.,(3,3),(0.,1.),.PIECEWISE_BEZIER_KNOTS.);
#7698 = CARTESIAN_POINT('',(67.05033557047,8.663087248322,8.5));
#7699 = CARTESIAN_POINT('',(67.307046979866,8.663087248322,8.5));
#7700 = CARTESIAN_POINT('',(67.434060402685,8.828187919463,8.5));
#7701 = ORIENTED_EDGE('',*,*,#7702,.T.);
#7702 = EDGE_CURVE('',#7695,#7703,#7705,.T.);
#7703 = VERTEX_POINT('',#7704);
#7704 = CARTESIAN_POINT('',(67.561241610738,9.323489932886,8.5));
#7705 = B_SPLINE_CURVE_WITH_KNOTS('',2,(#7706,#7707,#7708),
  .UNSPECIFIED.,.F.,.F.,(3,3),(0.,1.),.PIECEWISE_BEZIER_KNOTS.);
#7706 = CARTESIAN_POINT('',(67.434060402685,8.828187919463,8.5));
#7707 = CARTESIAN_POINT('',(67.561241610738,8.993288590604,8.5));
#7708 = CARTESIAN_POINT('',(67.561241610738,9.323489932886,8.5));
#7709 = ORIENTED_EDGE('',*,*,#7710,.T.);
#7710 = EDGE_CURVE('',#7703,#7711,#7713,.T.);
#7711 = VERTEX_POINT('',#7712);
#7712 = CARTESIAN_POINT('',(67.434060402685,9.818791946309,8.5));
#7713 = B_SPLINE_CURVE_WITH_KNOTS('',2,(#7714,#7715,#7716),
  .UNSPECIFIED.,.F.,.F.,(3,3),(0.,1.),.PIECEWISE_BEZIER_KNOTS.);
#7714 = CARTESIAN_POINT('',(67.561241610738,9.323489932886,8.5));
#7715 = CARTESIAN_POINT('',(67.561241610738,9.653691275168,8.5));
#7716 = CARTESIAN_POINT('',(67.434060402685,9.818791946309,8.5));
#7717 = ORIENTED_EDGE('',*,*,#7718,.T.);
#7718 = EDGE_CURVE('',#7711,#7661,#7719,.T.);
#7719 = B_SPLINE_CURVE_WITH_KNOTS('',2,(#7720,#7721,#7722),
  .UNSPECIFIED.,.F.,.F.,(3,3),(0.,1.),.PIECEWISE_BEZIER_KNOTS.);
#7720 = CARTESIAN_POINT('',(67.434060402685,9.818791946309,8.5));
#7721 = CARTESIAN_POINT('',(67.307046979866,9.98389261745,8.5));
#7722 = CARTESIAN_POINT('',(67.05033557047,9.98389261745,8.5));
#7723 = PLANE('',#7724);
#7724 = AXIS2_PLACEMENT_3D('',#7725,#7726,#7727);
#7725 = CARTESIAN_POINT('',(67.04496528425,10.034314376104,8.5));
#7726 = DIRECTION('',(0.,0.,1.));
#7727 = DIRECTION('',(1.,0.,0.));
#7728 = ADVANCED_FACE('',(#7729),#7743,.F.);
#7729 = FACE_BOUND('',#7730,.F.);
#7730 = EDGE_LOOP('',(#7731,#7732,#7733,#7734,#7735,#7736,#7737,#7738,
    #7739,#7740,#7741,#7742));
#7731 = ORIENTED_EDGE('',*,*,#5398,.F.);
#7732 = ORIENTED_EDGE('',*,*,#5430,.F.);
#7733 = ORIENTED_EDGE('',*,*,#5470,.T.);
#7734 = ORIENTED_EDGE('',*,*,#5516,.F.);
#7735 = ORIENTED_EDGE('',*,*,#5574,.T.);
#7736 = ORIENTED_EDGE('',*,*,#5612,.T.);
#7737 = ORIENTED_EDGE('',*,*,#5662,.T.);
#7738 = ORIENTED_EDGE('',*,*,#5646,.T.);
#7739 = ORIENTED_EDGE('',*,*,#5590,.F.);
#7740 = ORIENTED_EDGE('',*,*,#5540,.T.);
#7741 = ORIENTED_EDGE('',*,*,#5502,.F.);
#7742 = ORIENTED_EDGE('',*,*,#5444,.F.);
#7743 = PLANE('',#7744);
#7744 = AXIS2_PLACEMENT_3D('',#7745,#7746,#7747);
#7745 = CARTESIAN_POINT('',(7.,12.,4.5));
#7746 = DIRECTION('',(0.,-1.,0.));
#7747 = DIRECTION('',(1.,0.,0.));
#7748 = ADVANCED_FACE('',(#7749),#7763,.F.);
#7749 = FACE_BOUND('',#7750,.F.);
#7750 = EDGE_LOOP('',(#7751,#7752,#7753,#7754,#7755,#7756,#7757,#7758,
    #7759,#7760,#7761,#7762));
#7751 = ORIENTED_EDGE('',*,*,#5686,.F.);
#7752 = ORIENTED_EDGE('',*,*,#5718,.F.);
#7753 = ORIENTED_EDGE('',*,*,#5758,.T.);
#7754 = ORIENTED_EDGE('',*,*,#5804,.F.);
#7755 = ORIENTED_EDGE('',*,*,#5862,.T.);
#7756 = ORIENTED_EDGE('',*,*,#5900,.T.);
#7757 = ORIENTED_EDGE('',*,*,#5950,.T.);
#7758 = ORIENTED_EDGE('',*,*,#5934,.T.);
#7759 = ORIENTED_EDGE('',*,*,#5878,.F.);
#7760 = ORIENTED_EDGE('',*,*,#5828,.T.);
#7761 = ORIENTED_EDGE('',*,*,#5790,.F.);
#7762 = ORIENTED_EDGE('',*,*,#5732,.F.);
#7763 = PLANE('',#7764);
#7764 = AXIS2_PLACEMENT_3D('',#7765,#7766,#7767);
#7765 = CARTESIAN_POINT('',(19.,12.,4.5));
#7766 = DIRECTION('',(0.,-1.,0.));
#7767 = DIRECTION('',(1.,0.,0.));
#7768 = ADVANCED_FACE('',(#7769),#7783,.F.);
#7769 = FACE_BOUND('',#7770,.F.);
#7770 = EDGE_LOOP('',(#7771,#7772,#7773,#7774,#7775,#7776,#7777,#7778,
    #7779,#7780,#7781,#7782));
#7771 = ORIENTED_EDGE('',*,*,#5974,.F.);
#7772 = ORIENTED_EDGE('',*,*,#6006,.F.);
#7773 = ORIENTED_EDGE('',*,*,#6046,.T.);
#7774 = ORIENTED_EDGE('',*,*,#6092,.F.);
#7775 = ORIENTED_EDGE('',*,*,#6150,.T.);
#7776 = ORIENTED_EDGE('',*,*,#6188,.T.);
#7777 = ORIENTED_EDGE('',*,*,#6238,.T.);
#7778 = ORIENTED_EDGE('',*,*,#6222,.T.);
#7779 = ORIENTED_EDGE('',*,*,#6166,.F.);
#7780 = ORIENTED_EDGE('',*,*,#6116,.T.);
#7781 = ORIENTED_EDGE('',*,*,#6078,.F.);
#7782 = ORIENTED_EDGE('',*,*,#6020,.F.);
#7783 = PLANE('',#7784);
#7784 = AXIS2_PLACEMENT_3D('',#7785,#7786,#7787);
#7785 = CARTESIAN_POINT('',(31.,12.,4.5));
#7786 = DIRECTION('',(0.,-1.,0.));
#7787 = DIRECTION('',(1.,0.,0.));
#7788 = ADVANCED_FACE('',(#7789),#7803,.F.);
#7789 = FACE_BOUND('',#7790,.F.);
#7790 = EDGE_LOOP('',(#7791,#7792,#7793,#7794,#7795,#7796,#7797,#7798,
    #7799,#7800,#7801,#7802));
#7791 = ORIENTED_EDGE('',*,*,#6262,.F.);
#7792 = ORIENTED_EDGE('',*,*,#6294,.F.);
#7793 = ORIENTED_EDGE('',*,*,#6334,.T.);
#7794 = ORIENTED_EDGE('',*,*,#6380,.F.);
#7795 = ORIENTED_EDGE('',*,*,#6438,.T.);
#7796 = ORIENTED_EDGE('',*,*,#6476,.T.);
#7797 = ORIENTED_EDGE('',*,*,#6526,.T.);
#7798 = ORIENTED_EDGE('',*,*,#6510,.T.);
#7799 = ORIENTED_EDGE('',*,*,#6454,.F.);
#7800 = ORIENTED_EDGE('',*,*,#6404,.T.);
#7801 = ORIENTED_EDGE('',*,*,#6366,.F.);
#7802 = ORIENTED_EDGE('',*,*,#6308,.F.);
#7803 = PLANE('',#7804);
#7804 = AXIS2_PLACEMENT_3D('',#7805,#7806,#7807);
#7805 = CARTESIAN_POINT('',(43.,12.,4.5));
#7806 = DIRECTION('',(0.,-1.,0.));
#7807 = DIRECTION('',(1.,0.,0.));
#7808 = ADVANCED_FACE('',(#7809),#7823,.F.);
#7809 = FACE_BOUND('',#7810,.F.);
#7810 = EDGE_LOOP('',(#7811,#7812,#7813,#7814,#7815,#7816,#7817,#7818,
    #7819,#7820,#7821,#7822));
#7811 = ORIENTED_EDGE('',*,*,#6550,.F.);
#7812 = ORIENTED_EDGE('',*,*,#6582,.F.);
#7813 = ORIENTED_EDGE('',*,*,#6622,.T.);
#7814 = ORIENTED_EDGE('',*,*,#6668,.F.);
#7815 = ORIENTED_EDGE('',*,*,#6726,.T.);
#7816 = ORIENTED_EDGE('',*,*,#6764,.T.);
#7817 = ORIENTED_EDGE('',*,*,#6814,.T.);
#7818 = ORIENTED_EDGE('',*,*,#6798,.T.);
#7819 = ORIENTED_EDGE('',*,*,#6742,.F.);
#7820 = ORIENTED_EDGE('',*,*,#6692,.T.);
#7821 = ORIENTED_EDGE('',*,*,#6654,.F.);
#7822 = ORIENTED_EDGE('',*,*,#6596,.F.);
#7823 = PLANE('',#7824);
#7824 = AXIS2_PLACEMENT_3D('',#7825,#7826,#7827);
#7825 = CARTESIAN_POINT('',(55.,12.,4.5));
#7826 = DIRECTION('',(0.,-1.,0.));
#7827 = DIRECTION('',(1.,0.,0.));
#7828 = ADVANCED_FACE('',(#7829),#7843,.F.);
#7829 = FACE_BOUND('',#7830,.F.);
#7830 = EDGE_LOOP('',(#7831,#7832,#7833,#7834,#7835,#7836,#7837,#7838,
    #7839,#7840,#7841,#7842));
#7831 = ORIENTED_EDGE('',*,*,#6838,.F.);
#7832 = ORIENTED_EDGE('',*,*,#6870,.F.);
#7833 = ORIENTED_EDGE('',*,*,#6910,.T.);
#7834 = ORIENTED_EDGE('',*,*,#6956,.F.);
#7835 = ORIENTED_EDGE('',*,*,#7014,.T.);
#7836 = ORIENTED_EDGE('',*,*,#7052,.T.);
#7837 = ORIENTED_EDGE('',*,*,#7102,.T.);
#7838 = ORIENTED_EDGE('',*,*,#7086,.T.);
#7839 = ORIENTED_EDGE('',*,*,#7030,.F.);
#7840 = ORIENTED_EDGE('',*,*,#6980,.T.);
#7841 = ORIENTED_EDGE('',*,*,#6942,.F.);
#7842 = ORIENTED_EDGE('',*,*,#6884,.F.);
#7843 = PLANE('',#7844);
#7844 = AXIS2_PLACEMENT_3D('',#7845,#7846,#7847);
#7845 = CARTESIAN_POINT('',(67.,12.,4.5));
#7846 = DIRECTION('',(0.,-1.,0.));
#7847 = DIRECTION('',(1.,0.,0.));
#7848 = ADVANCED_FACE('',(#7849),#7863,.F.);
#7849 = FACE_BOUND('',#7850,.F.);
#7850 = EDGE_LOOP('',(#7851,#7852,#7853,#7854,#7855,#7856,#7857,#7858,
    #7859,#7860,#7861,#7862));
#7851 = ORIENTED_EDGE('',*,*,#7126,.F.);
#7852 = ORIENTED_EDGE('',*,*,#7391,.F.);
#7853 = ORIENTED_EDGE('',*,*,#7373,.T.);
#7854 = ORIENTED_EDGE('',*,*,#7340,.F.);
#7855 = ORIENTED_EDGE('',*,*,#7326,.T.);
#7856 = ORIENTED_EDGE('',*,*,#7292,.T.);
#7857 = ORIENTED_EDGE('',*,*,#7277,.T.);
#7858 = ORIENTED_EDGE('',*,*,#7254,.T.);
#7859 = ORIENTED_EDGE('',*,*,#7222,.F.);
#7860 = ORIENTED_EDGE('',*,*,#7196,.T.);
#7861 = ORIENTED_EDGE('',*,*,#7182,.F.);
#7862 = ORIENTED_EDGE('',*,*,#7148,.F.);
#7863 = PLANE('',#7864);
#7864 = AXIS2_PLACEMENT_3D('',#7865,#7866,#7867);
#7865 = CARTESIAN_POINT('',(79.,12.,4.5));
#7866 = DIRECTION('',(0.,-1.,0.));
#7867 = DIRECTION('',(1.,0.,0.));
#7868 = ADVANCED_FACE('',(#7869),#7894,.F.);
#7869 = FACE_BOUND('',#7870,.F.);
#7870 = EDGE_LOOP('',(#7871,#7872,#7880,#7888));
#7871 = ORIENTED_EDGE('',*,*,#7579,.F.);
#7872 = ORIENTED_EDGE('',*,*,#7873,.T.);
#7873 = EDGE_CURVE('',#7580,#7874,#7876,.T.);
#7874 = VERTEX_POINT('',#7875);
#7875 = CARTESIAN_POINT('',(43.106963087248,11.080536912752,9.));
#7876 = LINE('',#7877,#7878);
#7877 = CARTESIAN_POINT('',(43.106963087248,11.080536912752,8.5));
#7878 = VECTOR('',#7879,1.);
#7879 = DIRECTION('',(0.,0.,1.));
#7880 = ORIENTED_EDGE('',*,*,#7881,.F.);
#7881 = EDGE_CURVE('',#7882,#7874,#7884,.T.);
#7882 = VERTEX_POINT('',#7883);
#7883 = CARTESIAN_POINT('',(42.044882550336,9.506040268456,9.));
#7884 = LINE('',#7885,#7886);
#7885 = CARTESIAN_POINT('',(33.798170957539,-2.719416538305,9.));
#7886 = VECTOR('',#7887,1.);
#7887 = DIRECTION('',(0.559217924246,0.82902069528,-0.));
#7888 = ORIENTED_EDGE('',*,*,#7889,.F.);
#7889 = EDGE_CURVE('',#7582,#7882,#7890,.T.);
#7890 = LINE('',#7891,#7892);
#7891 = CARTESIAN_POINT('',(42.044882550336,9.506040268456,8.5));
#7892 = VECTOR('',#7893,1.);
#7893 = DIRECTION('',(0.,0.,1.));
#7894 = PLANE('',#7895);
#7895 = AXIS2_PLACEMENT_3D('',#7896,#7897,#7898);
#7896 = CARTESIAN_POINT('',(43.106963087248,11.080536912752,8.5));
#7897 = DIRECTION('',(0.82902069528,-0.559217924246,0.));
#7898 = DIRECTION('',(-0.559217924246,-0.82902069528,0.));
#7899 = ADVANCED_FACE('',(#7900),#7918,.F.);
#7900 = FACE_BOUND('',#7901,.F.);
#7901 = EDGE_LOOP('',(#7902,#7903,#7904,#7912));
#7902 = ORIENTED_EDGE('',*,*,#7589,.F.);
#7903 = ORIENTED_EDGE('',*,*,#7889,.T.);
#7904 = ORIENTED_EDGE('',*,*,#7905,.F.);
#7905 = EDGE_CURVE('',#7906,#7882,#7908,.T.);
#7906 = VERTEX_POINT('',#7907);
#7907 = CARTESIAN_POINT('',(43.106963087248,9.506040268456,9.));
#7908 = LINE('',#7909,#7910);
#7909 = CARTESIAN_POINT('',(21.022441275168,9.506040268456,9.));
#7910 = VECTOR('',#7911,1.);
#7911 = DIRECTION('',(-1.,0.,0.));
#7912 = ORIENTED_EDGE('',*,*,#7913,.F.);
#7913 = EDGE_CURVE('',#7590,#7906,#7914,.T.);
#7914 = LINE('',#7915,#7916);
#7915 = CARTESIAN_POINT('',(43.106963087248,9.506040268456,8.5));
#7916 = VECTOR('',#7917,1.);
#7917 = DIRECTION('',(0.,0.,1.));
#7918 = PLANE('',#7919);
#7919 = AXIS2_PLACEMENT_3D('',#7920,#7921,#7922);
#7920 = CARTESIAN_POINT('',(42.044882550336,9.506040268456,8.5));
#7921 = DIRECTION('',(0.,1.,0.));
#7922 = DIRECTION('',(1.,0.,0.));
#7923 = ADVANCED_FACE('',(#7924),#7935,.F.);
#7924 = FACE_BOUND('',#7925,.F.);
#7925 = EDGE_LOOP('',(#7926,#7927,#7928,#7934));
#7926 = ORIENTED_EDGE('',*,*,#7597,.F.);
#7927 = ORIENTED_EDGE('',*,*,#7913,.T.);
#7928 = ORIENTED_EDGE('',*,*,#7929,.F.);
#7929 = EDGE_CURVE('',#7874,#7906,#7930,.T.);
#7930 = LINE('',#7931,#7932);
#7931 = CARTESIAN_POINT('',(43.106963087248,4.753020134228,9.));
#7932 = VECTOR('',#7933,1.);
#7933 = DIRECTION('',(0.,-1.,0.));
#7934 = ORIENTED_EDGE('',*,*,#7873,.F.);
#7935 = PLANE('',#7936);
#7936 = AXIS2_PLACEMENT_3D('',#7937,#7938,#7939);
#7937 = CARTESIAN_POINT('',(43.106963087248,9.506040268456,8.5));
#7938 = DIRECTION('',(-1.,0.,0.));
#7939 = DIRECTION('',(0.,1.,0.));
#7940 = ADVANCED_FACE('',(#7941),#7973,.F.);
#7941 = FACE_BOUND('',#7942,.F.);
#7942 = EDGE_LOOP('',(#7943,#7944,#7952,#7967));
#7943 = ORIENTED_EDGE('',*,*,#7660,.F.);
#7944 = ORIENTED_EDGE('',*,*,#7945,.T.);
#7945 = EDGE_CURVE('',#7661,#7946,#7948,.T.);
#7946 = VERTEX_POINT('',#7947);
#7947 = CARTESIAN_POINT('',(67.05033557047,9.98389261745,9.));
#7948 = LINE('',#7949,#7950);
#7949 = CARTESIAN_POINT('',(67.05033557047,9.98389261745,8.5));
#7950 = VECTOR('',#7951,1.);
#7951 = DIRECTION('',(0.,0.,1.));
#7952 = ORIENTED_EDGE('',*,*,#7953,.F.);
#7953 = EDGE_CURVE('',#7954,#7946,#7956,.T.);
#7954 = VERTEX_POINT('',#7955);
#7955 = CARTESIAN_POINT('',(66.668959731544,9.818791946309,9.));
#7956 = B_SPLINE_CURVE_WITH_KNOTS('',5,(#7957,#7958,#7959,#7960,#7961,
    #7962,#7963,#7964,#7965,#7966),.UNSPECIFIED.,.F.,.F.,(6,4,6),(0.,
    0.25374676084,1.),.UNSPECIFIED.);
#7957 = CARTESIAN_POINT('',(66.668959731544,9.818791946309,9.));
#7958 = CARTESIAN_POINT('',(66.68194094377,9.835643546349,9.));
#7959 = CARTESIAN_POINT('',(66.695780537443,9.85146091457,9.));
#7960 = CARTESIAN_POINT('',(66.710476458064,9.866220342258,9.));
#7961 = CARTESIAN_POINT('',(66.726020931051,9.879904702934,9.));
#7962 = CARTESIAN_POINT('',(66.790571629707,9.929555580735,9.));
#7963 = CARTESIAN_POINT('',(66.84597464989,9.957225614927,9.));
#7964 = CARTESIAN_POINT('',(66.908242675118,9.975221093434,9.));
#7965 = CARTESIAN_POINT('',(66.97664772025,9.98389261745,9.));
#7966 = CARTESIAN_POINT('',(67.05033557047,9.98389261745,9.));
#7967 = ORIENTED_EDGE('',*,*,#7968,.F.);
#7968 = EDGE_CURVE('',#7663,#7954,#7969,.T.);
#7969 = LINE('',#7970,#7971);
#7970 = CARTESIAN_POINT('',(66.668959731544,9.818791946309,8.5));
#7971 = VECTOR('',#7972,1.);
#7972 = DIRECTION('',(0.,0.,1.));
#7973 = SURFACE_OF_LINEAR_EXTRUSION('',#7974,#7978);
#7974 = B_SPLINE_CURVE_WITH_KNOTS('',2,(#7975,#7976,#7977),
  .UNSPECIFIED.,.F.,.F.,(3,3),(0.,1.),.PIECEWISE_BEZIER_KNOTS.);
#7975 = CARTESIAN_POINT('',(67.05033557047,9.98389261745,8.5));
#7976 = CARTESIAN_POINT('',(66.796140939597,9.98389261745,8.5));
#7977 = CARTESIAN_POINT('',(66.668959731544,9.818791946309,8.5));
#7978 = VECTOR('',#7979,1.);
#7979 = DIRECTION('',(-0.,-0.,-1.));
#7980 = ADVANCED_FACE('',(#7981),#8003,.F.);
#7981 = FACE_BOUND('',#7982,.F.);
#7982 = EDGE_LOOP('',(#7983,#7984,#7985,#7997));
#7983 = ORIENTED_EDGE('',*,*,#7670,.F.);
#7984 = ORIENTED_EDGE('',*,*,#7968,.T.);
#7985 = ORIENTED_EDGE('',*,*,#7986,.F.);
#7986 = EDGE_CURVE('',#7987,#7954,#7989,.T.);
#7987 = VERTEX_POINT('',#7988);
#7988 = CARTESIAN_POINT('',(66.541946308725,9.323489932886,9.));
#7989 = B_SPLINE_CURVE_WITH_KNOTS('',6,(#7990,#7991,#7992,#7993,#7994,
    #7995,#7996),.UNSPECIFIED.,.F.,.F.,(7,7),(0.,1.),
  .PIECEWISE_BEZIER_KNOTS.);
#7990 = CARTESIAN_POINT('',(66.541946308725,9.323489932886,9.));
#7991 = CARTESIAN_POINT('',(66.541946308725,9.42717264362,9.));
#7992 = CARTESIAN_POINT('',(66.549459980584,9.524095227912,9.));
#7993 = CARTESIAN_POINT('',(66.56530486287,9.613016528829,9.));
#7994 = CARTESIAN_POINT('',(66.590249540357,9.69256579267,9.));
#7995 = CARTESIAN_POINT('',(66.624832798856,9.761432763,9.));
#7996 = CARTESIAN_POINT('',(66.668959731544,9.818791946309,9.));
#7997 = ORIENTED_EDGE('',*,*,#7998,.F.);
#7998 = EDGE_CURVE('',#7671,#7987,#7999,.T.);
#7999 = LINE('',#8000,#8001);
#8000 = CARTESIAN_POINT('',(66.541946308725,9.323489932886,8.5));
#8001 = VECTOR('',#8002,1.);
#8002 = DIRECTION('',(0.,0.,1.));
#8003 = SURFACE_OF_LINEAR_EXTRUSION('',#8004,#8008);
#8004 = B_SPLINE_CURVE_WITH_KNOTS('',2,(#8005,#8006,#8007),
  .UNSPECIFIED.,.F.,.F.,(3,3),(0.,1.),.PIECEWISE_BEZIER_KNOTS.);
#8005 = CARTESIAN_POINT('',(66.668959731544,9.818791946309,8.5));
#8006 = CARTESIAN_POINT('',(66.541946308725,9.653691275168,8.5));
#8007 = CARTESIAN_POINT('',(66.541946308725,9.323489932886,8.5));
#8008 = VECTOR('',#8009,1.);
#8009 = DIRECTION('',(-0.,-0.,-1.));
#8010 = ADVANCED_FACE('',(#8011),#8033,.F.);
#8011 = FACE_BOUND('',#8012,.F.);
#8012 = EDGE_LOOP('',(#8013,#8014,#8015,#8027));
#8013 = ORIENTED_EDGE('',*,*,#7678,.F.);
#8014 = ORIENTED_EDGE('',*,*,#7998,.T.);
#8015 = ORIENTED_EDGE('',*,*,#8016,.F.);
#8016 = EDGE_CURVE('',#8017,#7987,#8019,.T.);
#8017 = VERTEX_POINT('',#8018);
#8018 = CARTESIAN_POINT('',(66.668959731544,8.828187919463,9.));
#8019 = B_SPLINE_CURVE_WITH_KNOTS('',6,(#8020,#8021,#8022,#8023,#8024,
    #8025,#8026),.UNSPECIFIED.,.F.,.F.,(7,7),(0.,1.),
  .PIECEWISE_BEZIER_KNOTS.);
#8020 = CARTESIAN_POINT('',(66.668959731544,8.828187919463,9.));
#8021 = CARTESIAN_POINT('',(66.624832802193,8.885547098434,9.));
#8022 = CARTESIAN_POINT('',(66.590249535004,8.954414076391,9.));
#8023 = CARTESIAN_POINT('',(66.565304860238,9.03396335134,9.));
#8024 = CARTESIAN_POINT('',(66.549459982019,9.122884645747,9.));
#8025 = CARTESIAN_POINT('',(66.541946308725,9.21980721221,9.));
#8026 = CARTESIAN_POINT('',(66.541946308725,9.323489932886,9.));
#8027 = ORIENTED_EDGE('',*,*,#8028,.F.);
#8028 = EDGE_CURVE('',#7679,#8017,#8029,.T.);
#8029 = LINE('',#8030,#8031);
#8030 = CARTESIAN_POINT('',(66.668959731544,8.828187919463,8.5));
#8031 = VECTOR('',#8032,1.);
#8032 = DIRECTION('',(0.,0.,1.));
#8033 = SURFACE_OF_LINEAR_EXTRUSION('',#8034,#8038);
#8034 = B_SPLINE_CURVE_WITH_KNOTS('',2,(#8035,#8036,#8037),
  .UNSPECIFIED.,.F.,.F.,(3,3),(0.,1.),.PIECEWISE_BEZIER_KNOTS.);
#8035 = CARTESIAN_POINT('',(66.541946308725,9.323489932886,8.5));
#8036 = CARTESIAN_POINT('',(66.541946308725,8.993288590604,8.5));
#8037 = CARTESIAN_POINT('',(66.668959731544,8.828187919463,8.5));
#8038 = VECTOR('',#8039,1.);
#8039 = DIRECTION('',(-0.,-0.,-1.));
#8040 = ADVANCED_FACE('',(#8041),#8066,.F.);
#8041 = FACE_BOUND('',#8042,.F.);
#8042 = EDGE_LOOP('',(#8043,#8044,#8045,#8060));
#8043 = ORIENTED_EDGE('',*,*,#7686,.F.);
#8044 = ORIENTED_EDGE('',*,*,#8028,.T.);
#8045 = ORIENTED_EDGE('',*,*,#8046,.F.);
#8046 = EDGE_CURVE('',#8047,#8017,#8049,.T.);
#8047 = VERTEX_POINT('',#8048);
#8048 = CARTESIAN_POINT('',(67.05033557047,8.663087248322,9.));
#8049 = B_SPLINE_CURVE_WITH_KNOTS('',5,(#8050,#8051,#8052,#8053,#8054,
    #8055,#8056,#8057,#8058,#8059),.UNSPECIFIED.,.F.,.F.,(6,4,6),(0.,
    0.74724278402,1.),.UNSPECIFIED.);
#8050 = CARTESIAN_POINT('',(67.05033557047,8.663087248322,9.));
#8051 = CARTESIAN_POINT('',(66.976550038227,8.663087248322,9.));
#8052 = CARTESIAN_POINT('',(66.908061235759,8.671781777137,9.));
#8053 = CARTESIAN_POINT('',(66.84572696455,8.689825911207,9.));
#8054 = CARTESIAN_POINT('',(66.7902778652,8.717571129125,9.));
#8055 = CARTESIAN_POINT('',(66.725778520729,8.767288730943,9.));
#8056 = CARTESIAN_POINT('',(66.710304559034,8.780932253149,9.));
#8057 = CARTESIAN_POINT('',(66.69567260429,8.795642339977,9.));
#8058 = CARTESIAN_POINT('',(66.681890318455,8.811402038829,9.));
#8059 = CARTESIAN_POINT('',(66.668959731544,8.828187919463,9.));
#8060 = ORIENTED_EDGE('',*,*,#8061,.F.);
#8061 = EDGE_CURVE('',#7687,#8047,#8062,.T.);
#8062 = LINE('',#8063,#8064);
#8063 = CARTESIAN_POINT('',(67.05033557047,8.663087248322,8.5));
#8064 = VECTOR('',#8065,1.);
#8065 = DIRECTION('',(0.,0.,1.));
#8066 = SURFACE_OF_LINEAR_EXTRUSION('',#8067,#8071);
#8067 = B_SPLINE_CURVE_WITH_KNOTS('',2,(#8068,#8069,#8070),
  .UNSPECIFIED.,.F.,.F.,(3,3),(0.,1.),.PIECEWISE_BEZIER_KNOTS.);
#8068 = CARTESIAN_POINT('',(66.668959731544,8.828187919463,8.5));
#8069 = CARTESIAN_POINT('',(66.796140939597,8.663087248322,8.5));
#8070 = CARTESIAN_POINT('',(67.05033557047,8.663087248322,8.5));
#8071 = VECTOR('',#8072,1.);
#8072 = DIRECTION('',(-0.,-0.,-1.));
#8073 = ADVANCED_FACE('',(#8074),#8099,.F.);
#8074 = FACE_BOUND('',#8075,.F.);
#8075 = EDGE_LOOP('',(#8076,#8077,#8078,#8093));
#8076 = ORIENTED_EDGE('',*,*,#7694,.F.);
#8077 = ORIENTED_EDGE('',*,*,#8061,.T.);
#8078 = ORIENTED_EDGE('',*,*,#8079,.F.);
#8079 = EDGE_CURVE('',#8080,#8047,#8082,.T.);
#8080 = VERTEX_POINT('',#8081);
#8081 = CARTESIAN_POINT('',(67.434060402685,8.828187919463,9.));
#8082 = B_SPLINE_CURVE_WITH_KNOTS('',5,(#8083,#8084,#8085,#8086,#8087,
    #8088,#8089,#8090,#8091,#8092),.UNSPECIFIED.,.F.,.F.,(6,4,6),(0.,
    0.241687952682,1.),.UNSPECIFIED.);
#8083 = CARTESIAN_POINT('',(67.434060402685,8.828187919463,9.));
#8084 = CARTESIAN_POINT('',(67.421701082252,8.812122435572,9.));
#8085 = CARTESIAN_POINT('',(67.408546565895,8.796998011564,9.));
#8086 = CARTESIAN_POINT('',(67.394598843054,8.78283512348,9.));
#8087 = CARTESIAN_POINT('',(67.379864786636,8.769648720613,9.));
#8088 = CARTESIAN_POINT('',(67.315696782215,8.719168359576,9.));
#8089 = CARTESIAN_POINT('',(67.259402072864,8.690585908867,9.));
#8090 = CARTESIAN_POINT('',(67.195861211147,8.672019866188,9.));
#8091 = CARTESIAN_POINT('',(67.125864868267,8.663087248322,9.));
#8092 = CARTESIAN_POINT('',(67.05033557047,8.663087248322,9.));
#8093 = ORIENTED_EDGE('',*,*,#8094,.F.);
#8094 = EDGE_CURVE('',#7695,#8080,#8095,.T.);
#8095 = LINE('',#8096,#8097);
#8096 = CARTESIAN_POINT('',(67.434060402685,8.828187919463,8.5));
#8097 = VECTOR('',#8098,1.);
#8098 = DIRECTION('',(0.,0.,1.));
#8099 = SURFACE_OF_LINEAR_EXTRUSION('',#8100,#8104);
#8100 = B_SPLINE_CURVE_WITH_KNOTS('',2,(#8101,#8102,#8103),
  .UNSPECIFIED.,.F.,.F.,(3,3),(0.,1.),.PIECEWISE_BEZIER_KNOTS.);
#8101 = CARTESIAN_POINT('',(67.05033557047,8.663087248322,8.5));
#8102 = CARTESIAN_POINT('',(67.307046979866,8.663087248322,8.5));
#8103 = CARTESIAN_POINT('',(67.434060402685,8.828187919463,8.5));
#8104 = VECTOR('',#8105,1.);
#8105 = DIRECTION('',(-0.,-0.,-1.));
#8106 = ADVANCED_FACE('',(#8107),#8129,.F.);
#8107 = FACE_BOUND('',#8108,.F.);
#8108 = EDGE_LOOP('',(#8109,#8110,#8111,#8123));
#8109 = ORIENTED_EDGE('',*,*,#7702,.F.);
#8110 = ORIENTED_EDGE('',*,*,#8094,.T.);
#8111 = ORIENTED_EDGE('',*,*,#8112,.F.);
#8112 = EDGE_CURVE('',#8113,#8080,#8115,.T.);
#8113 = VERTEX_POINT('',#8114);
#8114 = CARTESIAN_POINT('',(67.561241610738,9.323489932886,9.));
#8115 = B_SPLINE_CURVE_WITH_KNOTS('',6,(#8116,#8117,#8118,#8119,#8120,
    #8121,#8122),.UNSPECIFIED.,.F.,.F.,(7,7),(0.,1.),
  .PIECEWISE_BEZIER_KNOTS.);
#8116 = CARTESIAN_POINT('',(67.561241610738,9.323489932886,9.));
#8117 = CARTESIAN_POINT('',(67.561241610738,9.21980489087,9.));
#8118 = CARTESIAN_POINT('',(67.553717674367,9.122880162539,9.));
#8119 = CARTESIAN_POINT('',(67.537851099786,9.033957772301,9.));
#8120 = CARTESIAN_POINT('',(67.512872549643,8.954409052562,9.));
#8121 = CARTESIAN_POINT('',(67.478243413736,8.885544229324,9.));
#8122 = CARTESIAN_POINT('',(67.434060402685,8.828187919463,9.));
#8123 = ORIENTED_EDGE('',*,*,#8124,.F.);
#8124 = EDGE_CURVE('',#7703,#8113,#8125,.T.);
#8125 = LINE('',#8126,#8127);
#8126 = CARTESIAN_POINT('',(67.561241610738,9.323489932886,8.5));
#8127 = VECTOR('',#8128,1.);
#8128 = DIRECTION('',(0.,0.,1.));
#8129 = SURFACE_OF_LINEAR_EXTRUSION('',#8130,#8134);
#8130 = B_SPLINE_CURVE_WITH_KNOTS('',2,(#8131,#8132,#8133),
  .UNSPECIFIED.,.F.,.F.,(3,3),(0.,1.),.PIECEWISE_BEZIER_KNOTS.);
#8131 = CARTESIAN_POINT('',(67.434060402685,8.828187919463,8.5));
#8132 = CARTESIAN_POINT('',(67.561241610738,8.993288590604,8.5));
#8133 = CARTESIAN_POINT('',(67.561241610738,9.323489932886,8.5));
#8134 = VECTOR('',#8135,1.);
#8135 = DIRECTION('',(-0.,-0.,-1.));
#8136 = ADVANCED_FACE('',(#8137),#8159,.F.);
#8137 = FACE_BOUND('',#8138,.F.);
#8138 = EDGE_LOOP('',(#8139,#8140,#8141,#8153));
#8139 = ORIENTED_EDGE('',*,*,#7710,.F.);
#8140 = ORIENTED_EDGE('',*,*,#8124,.T.);
#8141 = ORIENTED_EDGE('',*,*,#8142,.F.);
#8142 = EDGE_CURVE('',#8143,#8113,#8145,.T.);
#8143 = VERTEX_POINT('',#8144);
#8144 = CARTESIAN_POINT('',(67.434060402685,9.818791946309,9.));
#8145 = B_SPLINE_CURVE_WITH_KNOTS('',6,(#8146,#8147,#8148,#8149,#8150,
    #8151,#8152),.UNSPECIFIED.,.F.,.F.,(7,7),(0.,1.),
  .PIECEWISE_BEZIER_KNOTS.);
#8146 = CARTESIAN_POINT('',(67.434060402685,9.818791946309,9.));
#8147 = CARTESIAN_POINT('',(67.478243408537,9.761435643197,9.));
#8148 = CARTESIAN_POINT('',(67.512872557717,9.692570808431,9.));
#8149 = CARTESIAN_POINT('',(67.537851103977,9.61302207151,9.));
#8150 = CARTESIAN_POINT('',(67.553717672135,9.524099690639,9.));
#8151 = CARTESIAN_POINT('',(67.561241610738,9.427174990321,9.));
#8152 = CARTESIAN_POINT('',(67.561241610738,9.323489932886,9.));
#8153 = ORIENTED_EDGE('',*,*,#8154,.F.);
#8154 = EDGE_CURVE('',#7711,#8143,#8155,.T.);
#8155 = LINE('',#8156,#8157);
#8156 = CARTESIAN_POINT('',(67.434060402685,9.818791946309,8.5));
#8157 = VECTOR('',#8158,1.);
#8158 = DIRECTION('',(0.,0.,1.));
#8159 = SURFACE_OF_LINEAR_EXTRUSION('',#8160,#8164);
#8160 = B_SPLINE_CURVE_WITH_KNOTS('',2,(#8161,#8162,#8163),
  .UNSPECIFIED.,.F.,.F.,(3,3),(0.,1.),.PIECEWISE_BEZIER_KNOTS.);
#8161 = CARTESIAN_POINT('',(67.561241610738,9.323489932886,8.5));
#8162 = CARTESIAN_POINT('',(67.561241610738,9.653691275168,8.5));
#8163 = CARTESIAN_POINT('',(67.434060402685,9.818791946309,8.5));
#8164 = VECTOR('',#8165,1.);
#8165 = DIRECTION('',(-0.,-0.,-1.));
#8166 = ADVANCED_FACE('',(#8167),#8185,.F.);
#8167 = FACE_BOUND('',#8168,.F.);
#8168 = EDGE_LOOP('',(#8169,#8170,#8171,#8184));
#8169 = ORIENTED_EDGE('',*,*,#7718,.F.);
#8170 = ORIENTED_EDGE('',*,*,#8154,.T.);
#8171 = ORIENTED_EDGE('',*,*,#8172,.F.);
#8172 = EDGE_CURVE('',#7946,#8143,#8173,.T.);
#8173 = B_SPLINE_CURVE_WITH_KNOTS('',5,(#8174,#8175,#8176,#8177,#8178,
    #8179,#8180,#8181,#8182,#8183),.UNSPECIFIED.,.F.,.F.,(6,4,6),(0.,
    0.757323076206,1.),.UNSPECIFIED.);
#8174 = CARTESIAN_POINT('',(67.05033557047,9.98389261745,9.));
#8175 = CARTESIAN_POINT('',(67.125766390278,9.98389261745,9.));
#8176 = CARTESIAN_POINT('',(67.195678588525,9.974983277709,9.));
#8177 = CARTESIAN_POINT('',(67.259153423117,9.956466570843,9.));
#8178 = CARTESIAN_POINT('',(67.315403056356,9.927960490237,9.));
#8179 = CARTESIAN_POINT('',(67.379623531119,9.877546889947,9.));
#8180 = CARTESIAN_POINT('',(67.394427574131,9.864318564741,9.));
#8181 = CARTESIAN_POINT('',(67.408438891727,9.850105622149,9.));
#8182 = CARTESIAN_POINT('',(67.421650506075,9.834923172549,9.));
#8183 = CARTESIAN_POINT('',(67.434060402685,9.818791946309,9.));
#8184 = ORIENTED_EDGE('',*,*,#7945,.F.);
#8185 = SURFACE_OF_LINEAR_EXTRUSION('',#8186,#8190);
#8186 = B_SPLINE_CURVE_WITH_KNOTS('',2,(#8187,#8188,#8189),
  .UNSPECIFIED.,.F.,.F.,(3,3),(0.,1.),.PIECEWISE_BEZIER_KNOTS.);
#8187 = CARTESIAN_POINT('',(67.434060402685,9.818791946309,8.5));
#8188 = CARTESIAN_POINT('',(67.307046979866,9.98389261745,8.5));
#8189 = CARTESIAN_POINT('',(67.05033557047,9.98389261745,8.5));
#8190 = VECTOR('',#8191,1.);
#8191 = DIRECTION('',(-0.,-0.,-1.));
#8192 = ADVANCED_FACE('',(#8193),#8198,.T.);
#8193 = FACE_BOUND('',#8194,.T.);
#8194 = EDGE_LOOP('',(#8195,#8196,#8197));
#8195 = ORIENTED_EDGE('',*,*,#7881,.F.);
#8196 = ORIENTED_EDGE('',*,*,#7905,.F.);
#8197 = ORIENTED_EDGE('',*,*,#7929,.F.);
#8198 = PLANE('',#8199);
#8199 = AXIS2_PLACEMENT_3D('',#8200,#8201,#8202);
#8200 = CARTESIAN_POINT('',(0.,0.,9.));
#8201 = DIRECTION('',(0.,0.,1.));
#8202 = DIRECTION('',(1.,0.,-0.));
#8203 = ADVANCED_FACE('',(#8204),#8214,.T.);
#8204 = FACE_BOUND('',#8205,.T.);
#8205 = EDGE_LOOP('',(#8206,#8207,#8208,#8209,#8210,#8211,#8212,#8213));
#8206 = ORIENTED_EDGE('',*,*,#7953,.F.);
#8207 = ORIENTED_EDGE('',*,*,#7986,.F.);
#8208 = ORIENTED_EDGE('',*,*,#8016,.F.);
#8209 = ORIENTED_EDGE('',*,*,#8046,.F.);
#8210 = ORIENTED_EDGE('',*,*,#8079,.F.);
#8211 = ORIENTED_EDGE('',*,*,#8112,.F.);
#8212 = ORIENTED_EDGE('',*,*,#8142,.F.);
#8213 = ORIENTED_EDGE('',*,*,#8172,.F.);
#8214 = PLANE('',#8215);
#8215 = AXIS2_PLACEMENT_3D('',#8216,#8217,#8218);
#8216 = CARTESIAN_POINT('',(0.,0.,9.));
#8217 = DIRECTION('',(0.,0.,1.));
#8218 = DIRECTION('',(1.,0.,-0.));
#8219 = ( GEOMETRIC_REPRESENTATION_CONTEXT(3) 
GLOBAL_UNCERTAINTY_ASSIGNED_CONTEXT((#8223)) 
GLOBAL_UNIT_ASSIGNED_CONTEXT((#8220,#8221,#8222)) REPRESENTATION_CONTEXT
('Context #1','3D Context with UNIT and UNCERTAINTY') );
#8220 = ( LENGTH_UNIT() NAMED_UNIT(*) SI_UNIT(.MILLI.,.METRE.) );
#8221 = ( NAMED_UNIT(*) PLANE_ANGLE_UNIT() SI_UNIT($,.RADIAN.) );
#8222 = ( NAMED_UNIT(*) SI_UNIT($,.STERADIAN.) SOLID_ANGLE_UNIT() );
#8223 = UNCERTAINTY_MEASURE_WITH_UNIT(LENGTH_MEASURE(1.E-06),#8220,
  'distance_accuracy_value','confusion accuracy');
#8224 = PRODUCT_RELATED_PRODUCT_CATEGORY('part',$,(#7));
ENDSEC;
END-ISO-10303-21;
