ISO-10303-21;
HEADER;
FILE_DESCRIPTION(('FreeCAD Model'),'2;1');
FILE_NAME('Open CASCADE Shape Model','2026-10-06T23:34:21',('Author'),(
    ''),'Open CASCADE STEP processor 7.8','FreeCAD','Unknown');
FILE_SCHEMA(('AUTOMOTIVE_DESIGN { 1 0 10303 214 1 1 1 1 }'));
ENDSEC;
DATA;
#1 = APPLICATION_PROTOCOL_DEFINITION('international standard',
  'automotive_design',2000,#2);
#2 = APPLICATION_CONTEXT(
  'core data for automotive mechanical design processes');
#3 = SHAPE_DEFINITION_REPRESENTATION(#4,#10);
#4 = PRODUCT_DEFINITION_SHAPE('','',#5);
#5 = PRODUCT_DEFINITION('design','',#6,#9);
#6 = PRODUCT_DEFINITION_FORMATION('','',#7);
#7 = PRODUCT('FT4_StubFace','FT4_StubFace','',(#8));
#8 = PRODUCT_CONTEXT('',#2,'mechanical');
#9 = PRODUCT_DEFINITION_CONTEXT('part definition',#2,'design');
#10 = ADVANCED_BREP_SHAPE_REPRESENTATION('',(#11,#15),#8269);
#11 = AXIS2_PLACEMENT_3D('',#12,#13,#14);
#12 = CARTESIAN_POINT('',(0.,0.,0.));
#13 = DIRECTION('',(0.,0.,1.));
#14 = DIRECTION('',(1.,0.,-0.));
#15 = MANIFOLD_SOLID_BREP('',#16);
#16 = CLOSED_SHELL('',(#17,#57,#851,#2298,#2309,#2320,#2345,#2370,#2401,
    #2425,#2449,#2473,#2497,#2521,#2545,#2569,#2593,#2617,#2641,#2658,
    #2683,#2714,#2738,#2762,#2786,#2810,#2834,#2858,#2882,#2906,#2930,
    #2954,#2971,#3002,#3026,#3050,#3074,#3098,#3122,#3146,#3170,#3194,
    #3218,#3242,#3259,#3290,#3314,#3338,#3362,#3386,#3410,#3434,#3458,
    #3482,#3506,#3530,#3547,#3572,#3597,#3622,#3653,#3677,#3701,#3725,
    #3749,#3773,#3797,#3821,#3845,#3869,#3893,#3910,#3941,#3965,#3989,
    #4013,#4037,#4061,#4085,#4109,#4133,#4157,#4181,#4198,#4223,#4254,
    #4278,#4302,#4326,#4350,#4374,#4398,#4422,#4446,#4470,#4494,#4511,
    #4542,#4566,#4590,#4614,#4638,#4662,#4679,#4710,#4736,#4762,#4788,
    #4814,#4840,#4866,#4892,#4918,#4944,#4970,#4996,#5022,#5048,#5074,
    #5100,#5119,#5150,#5174,#5198,#5224,#5248,#5274,#5298,#5324,#5350,
    #5376,#5402,#5428,#5454,#5480,#5506,#5532,#5558,#5584,#5610,#5634,
    #5660,#5679,#5710,#5734,#5758,#5782,#5806,#5830,#5854,#5878,#5902,
    #5926,#5943,#5976,#6002,#6028,#6054,#6080,#6106,#6132,#6158,#6184,
    #6208,#6234,#6260,#6286,#6312,#6338,#6364,#6388,#6414,#6440,#6466,
    #6492,#6518,#6544,#6568,#6594,#6618,#6644,#6668,#6687,#6718,#6742,
    #6766,#6792,#6816,#6842,#6866,#6892,#6916,#6942,#6968,#6994,#7020,
    #7046,#7072,#7096,#7122,#7148,#7167,#7198,#7222,#7246,#7270,#7294,
    #7318,#7342,#7366,#7390,#7414,#7431,#7440,#7449,#7469,#7478,#7498,
    #7518,#7538,#7547,#7556,#7565,#7585,#7605,#7614,#7634,#7649,#7740,
    #7770,#7815,#7852,#7879,#7898,#7940,#7973,#8006,#8041,#8076,#8109,
    #8142,#8170,#8201,#8225,#8242,#8258));
#17 = ADVANCED_FACE('',(#18),#52,.F.);
#18 = FACE_BOUND('',#19,.F.);
#19 = EDGE_LOOP('',(#20,#30,#38,#46));
#20 = ORIENTED_EDGE('',*,*,#21,.T.);
#21 = EDGE_CURVE('',#22,#24,#26,.T.);
#22 = VERTEX_POINT('',#23);
#23 = CARTESIAN_POINT('',(0.,0.,0.));
#24 = VERTEX_POINT('',#25);
#25 = CARTESIAN_POINT('',(120.,0.,0.));
#26 = LINE('',#27,#28);
#27 = CARTESIAN_POINT('',(0.,0.,0.));
#28 = VECTOR('',#29,1.);
#29 = DIRECTION('',(1.,0.,0.));
#30 = ORIENTED_EDGE('',*,*,#31,.T.);
#31 = EDGE_CURVE('',#24,#32,#34,.T.);
#32 = VERTEX_POINT('',#33);
#33 = CARTESIAN_POINT('',(120.,22.,0.));
#34 = LINE('',#35,#36);
#35 = CARTESIAN_POINT('',(120.,0.,0.));
#36 = VECTOR('',#37,1.);
#37 = DIRECTION('',(0.,1.,0.));
#38 = ORIENTED_EDGE('',*,*,#39,.F.);
#39 = EDGE_CURVE('',#40,#32,#42,.T.);
#40 = VERTEX_POINT('',#41);
#41 = CARTESIAN_POINT('',(0.,22.,0.));
#42 = LINE('',#43,#44);
#43 = CARTESIAN_POINT('',(0.,22.,0.));
#44 = VECTOR('',#45,1.);
#45 = DIRECTION('',(1.,0.,0.));
#46 = ORIENTED_EDGE('',*,*,#47,.F.);
#47 = EDGE_CURVE('',#22,#40,#48,.T.);
#48 = LINE('',#49,#50);
#49 = CARTESIAN_POINT('',(0.,0.,0.));
#50 = VECTOR('',#51,1.);
#51 = DIRECTION('',(0.,1.,0.));
#52 = PLANE('',#53);
#53 = AXIS2_PLACEMENT_3D('',#54,#55,#56);
#54 = CARTESIAN_POINT('',(0.,0.,0.));
#55 = DIRECTION('',(0.,0.,1.));
#56 = DIRECTION('',(0.,1.,0.));
#57 = ADVANCED_FACE('',(#58,#83,#94,#105,#203,#214,#312,#410,#508,#519,
    #530,#541,#639,#737,#748),#846,.F.);
#58 = FACE_BOUND('',#59,.F.);
#59 = EDGE_LOOP('',(#60,#70,#76,#77));
#60 = ORIENTED_EDGE('',*,*,#61,.T.);
#61 = EDGE_CURVE('',#62,#64,#66,.T.);
#62 = VERTEX_POINT('',#63);
#63 = CARTESIAN_POINT('',(0.,22.,22.));
#64 = VERTEX_POINT('',#65);
#65 = CARTESIAN_POINT('',(120.,22.,22.));
#66 = LINE('',#67,#68);
#67 = CARTESIAN_POINT('',(0.,22.,22.));
#68 = VECTOR('',#69,1.);
#69 = DIRECTION('',(1.,0.,0.));
#70 = ORIENTED_EDGE('',*,*,#71,.T.);
#71 = EDGE_CURVE('',#64,#24,#72,.T.);
#72 = LINE('',#73,#74);
#73 = CARTESIAN_POINT('',(120.,22.,22.));
#74 = VECTOR('',#75,1.);
#75 = DIRECTION('',(0.,-0.707106781187,-0.707106781187));
#76 = ORIENTED_EDGE('',*,*,#21,.F.);
#77 = ORIENTED_EDGE('',*,*,#78,.F.);
#78 = EDGE_CURVE('',#62,#22,#79,.T.);
#79 = LINE('',#80,#81);
#80 = CARTESIAN_POINT('',(0.,22.,22.));
#81 = VECTOR('',#82,1.);
#82 = DIRECTION('',(0.,-0.707106781187,-0.707106781187));
#83 = FACE_BOUND('',#84,.F.);
#84 = EDGE_LOOP('',(#85));
#85 = ORIENTED_EDGE('',*,*,#86,.F.);
#86 = EDGE_CURVE('',#87,#87,#89,.T.);
#87 = VERTEX_POINT('',#88);
#88 = CARTESIAN_POINT('',(95.65,10.960155108391,10.960155108391));
#89 = CIRCLE('',#90,4.85);
#90 = AXIS2_PLACEMENT_3D('',#91,#92,#93);
#91 = CARTESIAN_POINT('',(90.8,10.960155108391,10.960155108391));
#92 = DIRECTION('',(0.,0.707106781187,-0.707106781187));
#93 = DIRECTION('',(1.,0.,0.));
#94 = FACE_BOUND('',#95,.F.);
#95 = EDGE_LOOP('',(#96));
#96 = ORIENTED_EDGE('',*,*,#97,.F.);
#97 = EDGE_CURVE('',#98,#98,#100,.T.);
#98 = VERTEX_POINT('',#99);
#99 = CARTESIAN_POINT('',(78.625,10.960155108391,10.960155108391));
#100 = CIRCLE('',#101,4.825);
#101 = AXIS2_PLACEMENT_3D('',#102,#103,#104);
#102 = CARTESIAN_POINT('',(73.8,10.960155108391,10.960155108391));
#103 = DIRECTION('',(0.,0.707106781187,-0.707106781187));
#104 = DIRECTION('',(1.,0.,0.));
#105 = FACE_BOUND('',#106,.F.);
#106 = EDGE_LOOP('',(#107,#117,#125,#133,#141,#149,#157,#165,#173,#181,
    #189,#197));
#107 = ORIENTED_EDGE('',*,*,#108,.T.);
#108 = EDGE_CURVE('',#109,#111,#113,.T.);
#109 = VERTEX_POINT('',#110);
#110 = CARTESIAN_POINT('',(115.225,10.200015318616,10.200015318616));
#111 = VERTEX_POINT('',#112);
#112 = CARTESIAN_POINT('',(115.225,9.139355146836,9.139355146836));
#113 = LINE('',#114,#115);
#114 = CARTESIAN_POINT('',(115.225,15.569677573418,15.569677573418));
#115 = VECTOR('',#116,1.);
#116 = DIRECTION('',(0.,-0.707106781187,-0.707106781187));
#117 = ORIENTED_EDGE('',*,*,#118,.T.);
#118 = EDGE_CURVE('',#111,#119,#121,.T.);
#119 = VERTEX_POINT('',#120);
#120 = CARTESIAN_POINT('',(117.375,9.139355146836,9.139355146836));
#121 = LINE('',#122,#123);
#122 = CARTESIAN_POINT('',(57.6125,9.139355146836,9.139355146836));
#123 = VECTOR('',#124,1.);
#124 = DIRECTION('',(1.,-0.,0.));
#125 = ORIENTED_EDGE('',*,*,#126,.F.);
#126 = EDGE_CURVE('',#127,#119,#129,.T.);
#127 = VERTEX_POINT('',#128);
#128 = CARTESIAN_POINT('',(117.375,10.200015318616,10.200015318616));
#129 = LINE('',#130,#131);
#130 = CARTESIAN_POINT('',(117.375,15.569677573418,15.569677573418));
#131 = VECTOR('',#132,1.);
#132 = DIRECTION('',(0.,-0.707106781187,-0.707106781187));
#133 = ORIENTED_EDGE('',*,*,#134,.T.);
#134 = EDGE_CURVE('',#127,#135,#137,.T.);
#135 = VERTEX_POINT('',#136);
#136 = CARTESIAN_POINT('',(118.875,10.200015318616,10.200015318616));
#137 = LINE('',#138,#139);
#138 = CARTESIAN_POINT('',(56.8625,10.200015318616,10.200015318616));
#139 = VECTOR('',#140,1.);
#140 = DIRECTION('',(1.,-0.,0.));
#141 = ORIENTED_EDGE('',*,*,#142,.F.);
#142 = EDGE_CURVE('',#143,#135,#145,.T.);
#143 = VERTEX_POINT('',#144);
#144 = CARTESIAN_POINT('',(118.875,11.720294898167,11.720294898167));
#145 = LINE('',#146,#147);
#146 = CARTESIAN_POINT('',(118.875,16.100007659308,16.100007659308));
#147 = VECTOR('',#148,1.);
#148 = DIRECTION('',(0.,-0.707106781187,-0.707106781187));
#149 = ORIENTED_EDGE('',*,*,#150,.F.);
#150 = EDGE_CURVE('',#151,#143,#153,.T.);
#151 = VERTEX_POINT('',#152);
#152 = CARTESIAN_POINT('',(117.375,11.720294898167,11.720294898167));
#153 = LINE('',#154,#155);
#154 = CARTESIAN_POINT('',(56.8625,11.720294898167,11.720294898167));
#155 = VECTOR('',#156,1.);
#156 = DIRECTION('',(1.,-0.,0.));
#157 = ORIENTED_EDGE('',*,*,#158,.F.);
#158 = EDGE_CURVE('',#159,#151,#161,.T.);
#159 = VERTEX_POINT('',#160);
#160 = CARTESIAN_POINT('',(117.375,12.780955069947,12.780955069947));
#161 = LINE('',#162,#163);
#162 = CARTESIAN_POINT('',(117.375,15.569677573418,15.569677573418));
#163 = VECTOR('',#164,1.);
#164 = DIRECTION('',(0.,-0.707106781187,-0.707106781187));
#165 = ORIENTED_EDGE('',*,*,#166,.F.);
#166 = EDGE_CURVE('',#167,#159,#169,.T.);
#167 = VERTEX_POINT('',#168);
#168 = CARTESIAN_POINT('',(115.225,12.780955069947,12.780955069947));
#169 = LINE('',#170,#171);
#170 = CARTESIAN_POINT('',(57.6125,12.780955069947,12.780955069947));
#171 = VECTOR('',#172,1.);
#172 = DIRECTION('',(1.,-0.,0.));
#173 = ORIENTED_EDGE('',*,*,#174,.T.);
#174 = EDGE_CURVE('',#167,#175,#177,.T.);
#175 = VERTEX_POINT('',#176);
#176 = CARTESIAN_POINT('',(115.225,11.720294898167,11.720294898167));
#177 = LINE('',#178,#179);
#178 = CARTESIAN_POINT('',(115.225,15.569677573418,15.569677573418));
#179 = VECTOR('',#180,1.);
#180 = DIRECTION('',(0.,-0.707106781187,-0.707106781187));
#181 = ORIENTED_EDGE('',*,*,#182,.F.);
#182 = EDGE_CURVE('',#183,#175,#185,.T.);
#183 = VERTEX_POINT('',#184);
#184 = CARTESIAN_POINT('',(113.725,11.720294898167,11.720294898167));
#185 = LINE('',#186,#187);
#186 = CARTESIAN_POINT('',(56.8625,11.720294898167,11.720294898167));
#187 = VECTOR('',#188,1.);
#188 = DIRECTION('',(1.,-0.,0.));
#189 = ORIENTED_EDGE('',*,*,#190,.T.);
#190 = EDGE_CURVE('',#183,#191,#193,.T.);
#191 = VERTEX_POINT('',#192);
#192 = CARTESIAN_POINT('',(113.725,10.200015318616,10.200015318616));
#193 = LINE('',#194,#195);
#194 = CARTESIAN_POINT('',(113.725,16.100007659308,16.100007659308));
#195 = VECTOR('',#196,1.);
#196 = DIRECTION('',(0.,-0.707106781187,-0.707106781187));
#197 = ORIENTED_EDGE('',*,*,#198,.T.);
#198 = EDGE_CURVE('',#191,#109,#199,.T.);
#199 = LINE('',#200,#201);
#200 = CARTESIAN_POINT('',(56.8625,10.200015318616,10.200015318616));
#201 = VECTOR('',#202,1.);
#202 = DIRECTION('',(1.,-0.,0.));
#203 = FACE_BOUND('',#204,.F.);
#204 = EDGE_LOOP('',(#205));
#205 = ORIENTED_EDGE('',*,*,#206,.F.);
#206 = EDGE_CURVE('',#207,#207,#209,.T.);
#207 = VERTEX_POINT('',#208);
#208 = CARTESIAN_POINT('',(112.675,10.960155108391,10.960155108391));
#209 = CIRCLE('',#210,4.875);
#210 = AXIS2_PLACEMENT_3D('',#211,#212,#213);
#211 = CARTESIAN_POINT('',(107.8,10.960155108391,10.960155108391));
#212 = DIRECTION('',(0.,0.707106781187,-0.707106781187));
#213 = DIRECTION('',(1.,0.,0.));
#214 = FACE_BOUND('',#215,.F.);
#215 = EDGE_LOOP('',(#216,#226,#234,#242,#250,#258,#266,#274,#282,#290,
    #298,#306));
#216 = ORIENTED_EDGE('',*,*,#217,.T.);
#217 = EDGE_CURVE('',#218,#220,#222,.T.);
#218 = VERTEX_POINT('',#219);
#219 = CARTESIAN_POINT('',(98.25,10.217692988146,10.217692988146));
#220 = VERTEX_POINT('',#221);
#221 = CARTESIAN_POINT('',(98.25,9.157032816366,9.157032816366));
#222 = LINE('',#223,#224);
#223 = CARTESIAN_POINT('',(98.25,15.578516408183,15.578516408183));
#224 = VECTOR('',#225,1.);
#225 = DIRECTION('',(0.,-0.707106781187,-0.707106781187));
#226 = ORIENTED_EDGE('',*,*,#227,.T.);
#227 = EDGE_CURVE('',#220,#228,#230,.T.);
#228 = VERTEX_POINT('',#229);
#229 = CARTESIAN_POINT('',(100.35,9.157032816366,9.157032816366));
#230 = LINE('',#231,#232);
#231 = CARTESIAN_POINT('',(49.125,9.157032816366,9.157032816366));
#232 = VECTOR('',#233,1.);
#233 = DIRECTION('',(1.,-0.,0.));
#234 = ORIENTED_EDGE('',*,*,#235,.F.);
#235 = EDGE_CURVE('',#236,#228,#238,.T.);
#236 = VERTEX_POINT('',#237);
#237 = CARTESIAN_POINT('',(100.35,10.217692988146,10.217692988146));
#238 = LINE('',#239,#240);
#239 = CARTESIAN_POINT('',(100.35,15.578516408183,15.578516408183));
#240 = VECTOR('',#241,1.);
#241 = DIRECTION('',(0.,-0.707106781187,-0.707106781187));
#242 = ORIENTED_EDGE('',*,*,#243,.T.);
#243 = EDGE_CURVE('',#236,#244,#246,.T.);
#244 = VERTEX_POINT('',#245);
#245 = CARTESIAN_POINT('',(101.85,10.217692988146,10.217692988146));
#246 = LINE('',#247,#248);
#247 = CARTESIAN_POINT('',(48.375,10.217692988146,10.217692988146));
#248 = VECTOR('',#249,1.);
#249 = DIRECTION('',(1.,-0.,0.));
#250 = ORIENTED_EDGE('',*,*,#251,.F.);
#251 = EDGE_CURVE('',#252,#244,#254,.T.);
#252 = VERTEX_POINT('',#253);
#253 = CARTESIAN_POINT('',(101.85,11.702617228637,11.702617228637));
#254 = LINE('',#255,#256);
#255 = CARTESIAN_POINT('',(101.85,16.108846494073,16.108846494073));
#256 = VECTOR('',#257,1.);
#257 = DIRECTION('',(0.,-0.707106781187,-0.707106781187));
#258 = ORIENTED_EDGE('',*,*,#259,.F.);
#259 = EDGE_CURVE('',#260,#252,#262,.T.);
#260 = VERTEX_POINT('',#261);
#261 = CARTESIAN_POINT('',(100.35,11.702617228637,11.702617228637));
#262 = LINE('',#263,#264);
#263 = CARTESIAN_POINT('',(48.375,11.702617228637,11.702617228637));
#264 = VECTOR('',#265,1.);
#265 = DIRECTION('',(1.,-0.,0.));
#266 = ORIENTED_EDGE('',*,*,#267,.F.);
#267 = EDGE_CURVE('',#268,#260,#270,.T.);
#268 = VERTEX_POINT('',#269);
#269 = CARTESIAN_POINT('',(100.35,12.763277400417,12.763277400417));
#270 = LINE('',#271,#272);
#271 = CARTESIAN_POINT('',(100.35,15.578516408183,15.578516408183));
#272 = VECTOR('',#273,1.);
#273 = DIRECTION('',(0.,-0.707106781187,-0.707106781187));
#274 = ORIENTED_EDGE('',*,*,#275,.F.);
#275 = EDGE_CURVE('',#276,#268,#278,.T.);
#276 = VERTEX_POINT('',#277);
#277 = CARTESIAN_POINT('',(98.25,12.763277400417,12.763277400417));
#278 = LINE('',#279,#280);
#279 = CARTESIAN_POINT('',(49.125,12.763277400417,12.763277400417));
#280 = VECTOR('',#281,1.);
#281 = DIRECTION('',(1.,-0.,0.));
#282 = ORIENTED_EDGE('',*,*,#283,.T.);
#283 = EDGE_CURVE('',#276,#284,#286,.T.);
#284 = VERTEX_POINT('',#285);
#285 = CARTESIAN_POINT('',(98.25,11.702617228637,11.702617228637));
#286 = LINE('',#287,#288);
#287 = CARTESIAN_POINT('',(98.25,15.578516408183,15.578516408183));
#288 = VECTOR('',#289,1.);
#289 = DIRECTION('',(0.,-0.707106781187,-0.707106781187));
#290 = ORIENTED_EDGE('',*,*,#291,.F.);
#291 = EDGE_CURVE('',#292,#284,#294,.T.);
#292 = VERTEX_POINT('',#293);
#293 = CARTESIAN_POINT('',(96.75,11.702617228637,11.702617228637));
#294 = LINE('',#295,#296);
#295 = CARTESIAN_POINT('',(48.375,11.702617228637,11.702617228637));
#296 = VECTOR('',#297,1.);
#297 = DIRECTION('',(1.,-0.,0.));
#298 = ORIENTED_EDGE('',*,*,#299,.T.);
#299 = EDGE_CURVE('',#292,#300,#302,.T.);
#300 = VERTEX_POINT('',#301);
#301 = CARTESIAN_POINT('',(96.75,10.217692988146,10.217692988146));
#302 = LINE('',#303,#304);
#303 = CARTESIAN_POINT('',(96.75,16.108846494073,16.108846494073));
#304 = VECTOR('',#305,1.);
#305 = DIRECTION('',(0.,-0.707106781187,-0.707106781187));
#306 = ORIENTED_EDGE('',*,*,#307,.T.);
#307 = EDGE_CURVE('',#300,#218,#308,.T.);
#308 = LINE('',#309,#310);
#309 = CARTESIAN_POINT('',(48.375,10.217692988146,10.217692988146));
#310 = VECTOR('',#311,1.);
#311 = DIRECTION('',(1.,-0.,0.));
#312 = FACE_BOUND('',#313,.F.);
#313 = EDGE_LOOP('',(#314,#324,#332,#340,#348,#356,#364,#372,#380,#388,
    #396,#404));
#314 = ORIENTED_EDGE('',*,*,#315,.T.);
#315 = EDGE_CURVE('',#316,#318,#320,.T.);
#316 = VERTEX_POINT('',#317);
#317 = CARTESIAN_POINT('',(81.275,10.235370657675,10.235370657675));
#318 = VERTEX_POINT('',#319);
#319 = CARTESIAN_POINT('',(81.275,9.174710485895,9.174710485895));
#320 = LINE('',#321,#322);
#321 = CARTESIAN_POINT('',(81.275,15.587355242948,15.587355242948));
#322 = VECTOR('',#323,1.);
#323 = DIRECTION('',(0.,-0.707106781187,-0.707106781187));
#324 = ORIENTED_EDGE('',*,*,#325,.T.);
#325 = EDGE_CURVE('',#318,#326,#328,.T.);
#326 = VERTEX_POINT('',#327);
#327 = CARTESIAN_POINT('',(83.325,9.174710485895,9.174710485895));
#328 = LINE('',#329,#330);
#329 = CARTESIAN_POINT('',(40.6375,9.174710485895,9.174710485895));
#330 = VECTOR('',#331,1.);
#331 = DIRECTION('',(1.,-0.,0.));
#332 = ORIENTED_EDGE('',*,*,#333,.F.);
#333 = EDGE_CURVE('',#334,#326,#336,.T.);
#334 = VERTEX_POINT('',#335);
#335 = CARTESIAN_POINT('',(83.325,10.235370657675,10.235370657675));
#336 = LINE('',#337,#338);
#337 = CARTESIAN_POINT('',(83.325,15.587355242948,15.587355242948));
#338 = VECTOR('',#339,1.);
#339 = DIRECTION('',(0.,-0.707106781187,-0.707106781187));
#340 = ORIENTED_EDGE('',*,*,#341,.T.);
#341 = EDGE_CURVE('',#334,#342,#344,.T.);
#342 = VERTEX_POINT('',#343);
#343 = CARTESIAN_POINT('',(84.825,10.235370657675,10.235370657675));
#344 = LINE('',#345,#346);
#345 = CARTESIAN_POINT('',(39.8875,10.235370657675,10.235370657675));
#346 = VECTOR('',#347,1.);
#347 = DIRECTION('',(1.,-0.,0.));
#348 = ORIENTED_EDGE('',*,*,#349,.F.);
#349 = EDGE_CURVE('',#350,#342,#352,.T.);
#350 = VERTEX_POINT('',#351);
#351 = CARTESIAN_POINT('',(84.825,11.684939559108,11.684939559108));
#352 = LINE('',#353,#354);
#353 = CARTESIAN_POINT('',(84.825,16.117685328838,16.117685328838));
#354 = VECTOR('',#355,1.);
#355 = DIRECTION('',(0.,-0.707106781187,-0.707106781187));
#356 = ORIENTED_EDGE('',*,*,#357,.F.);
#357 = EDGE_CURVE('',#358,#350,#360,.T.);
#358 = VERTEX_POINT('',#359);
#359 = CARTESIAN_POINT('',(83.325,11.684939559108,11.684939559108));
#360 = LINE('',#361,#362);
#361 = CARTESIAN_POINT('',(39.8875,11.684939559108,11.684939559108));
#362 = VECTOR('',#363,1.);
#363 = DIRECTION('',(1.,-0.,0.));
#364 = ORIENTED_EDGE('',*,*,#365,.F.);
#365 = EDGE_CURVE('',#366,#358,#368,.T.);
#366 = VERTEX_POINT('',#367);
#367 = CARTESIAN_POINT('',(83.325,12.745599730888,12.745599730888));
#368 = LINE('',#369,#370);
#369 = CARTESIAN_POINT('',(83.325,15.587355242948,15.587355242948));
#370 = VECTOR('',#371,1.);
#371 = DIRECTION('',(0.,-0.707106781187,-0.707106781187));
#372 = ORIENTED_EDGE('',*,*,#373,.F.);
#373 = EDGE_CURVE('',#374,#366,#376,.T.);
#374 = VERTEX_POINT('',#375);
#375 = CARTESIAN_POINT('',(81.275,12.745599730888,12.745599730888));
#376 = LINE('',#377,#378);
#377 = CARTESIAN_POINT('',(40.6375,12.745599730888,12.745599730888));
#378 = VECTOR('',#379,1.);
#379 = DIRECTION('',(1.,-0.,0.));
#380 = ORIENTED_EDGE('',*,*,#381,.T.);
#381 = EDGE_CURVE('',#374,#382,#384,.T.);
#382 = VERTEX_POINT('',#383);
#383 = CARTESIAN_POINT('',(81.275,11.684939559108,11.684939559108));
#384 = LINE('',#385,#386);
#385 = CARTESIAN_POINT('',(81.275,15.587355242948,15.587355242948));
#386 = VECTOR('',#387,1.);
#387 = DIRECTION('',(0.,-0.707106781187,-0.707106781187));
#388 = ORIENTED_EDGE('',*,*,#389,.F.);
#389 = EDGE_CURVE('',#390,#382,#392,.T.);
#390 = VERTEX_POINT('',#391);
#391 = CARTESIAN_POINT('',(79.775,11.684939559108,11.684939559108));
#392 = LINE('',#393,#394);
#393 = CARTESIAN_POINT('',(39.8875,11.684939559108,11.684939559108));
#394 = VECTOR('',#395,1.);
#395 = DIRECTION('',(1.,-0.,0.));
#396 = ORIENTED_EDGE('',*,*,#397,.T.);
#397 = EDGE_CURVE('',#390,#398,#400,.T.);
#398 = VERTEX_POINT('',#399);
#399 = CARTESIAN_POINT('',(79.775,10.235370657675,10.235370657675));
#400 = LINE('',#401,#402);
#401 = CARTESIAN_POINT('',(79.775,16.117685328838,16.117685328838));
#402 = VECTOR('',#403,1.);
#403 = DIRECTION('',(0.,-0.707106781187,-0.707106781187));
#404 = ORIENTED_EDGE('',*,*,#405,.T.);
#405 = EDGE_CURVE('',#398,#316,#406,.T.);
#406 = LINE('',#407,#408);
#407 = CARTESIAN_POINT('',(39.8875,10.235370657675,10.235370657675));
#408 = VECTOR('',#409,1.);
#409 = DIRECTION('',(1.,-0.,0.));
#410 = FACE_BOUND('',#411,.F.);
#411 = EDGE_LOOP('',(#412,#422,#430,#438,#446,#454,#462,#470,#478,#486,
    #494,#502));
#412 = ORIENTED_EDGE('',*,*,#413,.T.);
#413 = EDGE_CURVE('',#414,#416,#418,.T.);
#414 = VERTEX_POINT('',#415);
#415 = CARTESIAN_POINT('',(64.3,10.253048327205,10.253048327205));
#416 = VERTEX_POINT('',#417);
#417 = CARTESIAN_POINT('',(64.3,9.192388155425,9.192388155425));
#418 = LINE('',#419,#420);
#419 = CARTESIAN_POINT('',(64.3,15.596194077713,15.596194077713));
#420 = VECTOR('',#421,1.);
#421 = DIRECTION('',(0.,-0.707106781187,-0.707106781187));
#422 = ORIENTED_EDGE('',*,*,#423,.T.);
#423 = EDGE_CURVE('',#416,#424,#426,.T.);
#424 = VERTEX_POINT('',#425);
#425 = CARTESIAN_POINT('',(66.3,9.192388155425,9.192388155425));
#426 = LINE('',#427,#428);
#427 = CARTESIAN_POINT('',(32.15,9.192388155425,9.192388155425));
#428 = VECTOR('',#429,1.);
#429 = DIRECTION('',(1.,-0.,0.));
#430 = ORIENTED_EDGE('',*,*,#431,.F.);
#431 = EDGE_CURVE('',#432,#424,#434,.T.);
#432 = VERTEX_POINT('',#433);
#433 = CARTESIAN_POINT('',(66.3,10.253048327205,10.253048327205));
#434 = LINE('',#435,#436);
#435 = CARTESIAN_POINT('',(66.3,15.596194077713,15.596194077713));
#436 = VECTOR('',#437,1.);
#437 = DIRECTION('',(0.,-0.707106781187,-0.707106781187));
#438 = ORIENTED_EDGE('',*,*,#439,.T.);
#439 = EDGE_CURVE('',#432,#440,#442,.T.);
#440 = VERTEX_POINT('',#441);
#441 = CARTESIAN_POINT('',(67.8,10.253048327205,10.253048327205));
#442 = LINE('',#443,#444);
#443 = CARTESIAN_POINT('',(31.4,10.253048327205,10.253048327205));
#444 = VECTOR('',#445,1.);
#445 = DIRECTION('',(1.,-0.,0.));
#446 = ORIENTED_EDGE('',*,*,#447,.F.);
#447 = EDGE_CURVE('',#448,#440,#450,.T.);
#448 = VERTEX_POINT('',#449);
#449 = CARTESIAN_POINT('',(67.8,11.667261889578,11.667261889578));
#450 = LINE('',#451,#452);
#451 = CARTESIAN_POINT('',(67.8,16.126524163602,16.126524163602));
#452 = VECTOR('',#453,1.);
#453 = DIRECTION('',(0.,-0.707106781187,-0.707106781187));
#454 = ORIENTED_EDGE('',*,*,#455,.F.);
#455 = EDGE_CURVE('',#456,#448,#458,.T.);
#456 = VERTEX_POINT('',#457);
#457 = CARTESIAN_POINT('',(66.3,11.667261889578,11.667261889578));
#458 = LINE('',#459,#460);
#459 = CARTESIAN_POINT('',(31.4,11.667261889578,11.667261889578));
#460 = VECTOR('',#461,1.);
#461 = DIRECTION('',(1.,-0.,0.));
#462 = ORIENTED_EDGE('',*,*,#463,.F.);
#463 = EDGE_CURVE('',#464,#456,#466,.T.);
#464 = VERTEX_POINT('',#465);
#465 = CARTESIAN_POINT('',(66.3,12.727922061358,12.727922061358));
#466 = LINE('',#467,#468);
#467 = CARTESIAN_POINT('',(66.3,15.596194077713,15.596194077713));
#468 = VECTOR('',#469,1.);
#469 = DIRECTION('',(0.,-0.707106781187,-0.707106781187));
#470 = ORIENTED_EDGE('',*,*,#471,.F.);
#471 = EDGE_CURVE('',#472,#464,#474,.T.);
#472 = VERTEX_POINT('',#473);
#473 = CARTESIAN_POINT('',(64.3,12.727922061358,12.727922061358));
#474 = LINE('',#475,#476);
#475 = CARTESIAN_POINT('',(32.15,12.727922061358,12.727922061358));
#476 = VECTOR('',#477,1.);
#477 = DIRECTION('',(1.,-0.,0.));
#478 = ORIENTED_EDGE('',*,*,#479,.T.);
#479 = EDGE_CURVE('',#472,#480,#482,.T.);
#480 = VERTEX_POINT('',#481);
#481 = CARTESIAN_POINT('',(64.3,11.667261889578,11.667261889578));
#482 = LINE('',#483,#484);
#483 = CARTESIAN_POINT('',(64.3,15.596194077713,15.596194077713));
#484 = VECTOR('',#485,1.);
#485 = DIRECTION('',(0.,-0.707106781187,-0.707106781187));
#486 = ORIENTED_EDGE('',*,*,#487,.F.);
#487 = EDGE_CURVE('',#488,#480,#490,.T.);
#488 = VERTEX_POINT('',#489);
#489 = CARTESIAN_POINT('',(62.8,11.667261889578,11.667261889578));
#490 = LINE('',#491,#492);
#491 = CARTESIAN_POINT('',(31.4,11.667261889578,11.667261889578));
#492 = VECTOR('',#493,1.);
#493 = DIRECTION('',(1.,-0.,0.));
#494 = ORIENTED_EDGE('',*,*,#495,.T.);
#495 = EDGE_CURVE('',#488,#496,#498,.T.);
#496 = VERTEX_POINT('',#497);
#497 = CARTESIAN_POINT('',(62.8,10.253048327205,10.253048327205));
#498 = LINE('',#499,#500);
#499 = CARTESIAN_POINT('',(62.8,16.126524163602,16.126524163602));
#500 = VECTOR('',#501,1.);
#501 = DIRECTION('',(0.,-0.707106781187,-0.707106781187));
#502 = ORIENTED_EDGE('',*,*,#503,.T.);
#503 = EDGE_CURVE('',#496,#414,#504,.T.);
#504 = LINE('',#505,#506);
#505 = CARTESIAN_POINT('',(31.4,10.253048327205,10.253048327205));
#506 = VECTOR('',#507,1.);
#507 = DIRECTION('',(1.,-0.,0.));
#508 = FACE_BOUND('',#509,.F.);
#509 = EDGE_LOOP('',(#510));
#510 = ORIENTED_EDGE('',*,*,#511,.F.);
#511 = EDGE_CURVE('',#512,#512,#514,.T.);
#512 = VERTEX_POINT('',#513);
#513 = CARTESIAN_POINT('',(61.6,10.960155108391,10.960155108391));
#514 = CIRCLE('',#515,4.8);
#515 = AXIS2_PLACEMENT_3D('',#516,#517,#518);
#516 = CARTESIAN_POINT('',(56.8,10.960155108391,10.960155108391));
#517 = DIRECTION('',(0.,0.707106781187,-0.707106781187));
#518 = DIRECTION('',(1.,0.,0.));
#519 = FACE_BOUND('',#520,.F.);
#520 = EDGE_LOOP('',(#521));
#521 = ORIENTED_EDGE('',*,*,#522,.F.);
#522 = EDGE_CURVE('',#523,#523,#525,.T.);
#523 = VERTEX_POINT('',#524);
#524 = CARTESIAN_POINT('',(44.575,10.960155108391,10.960155108391));
#525 = CIRCLE('',#526,4.775);
#526 = AXIS2_PLACEMENT_3D('',#527,#528,#529);
#527 = CARTESIAN_POINT('',(39.8,10.960155108391,10.960155108391));
#528 = DIRECTION('',(0.,0.707106781187,-0.707106781187));
#529 = DIRECTION('',(1.,0.,0.));
#530 = FACE_BOUND('',#531,.F.);
#531 = EDGE_LOOP('',(#532));
#532 = ORIENTED_EDGE('',*,*,#533,.F.);
#533 = EDGE_CURVE('',#534,#534,#536,.T.);
#534 = VERTEX_POINT('',#535);
#535 = CARTESIAN_POINT('',(10.525,10.960155108391,10.960155108391));
#536 = CIRCLE('',#537,4.725);
#537 = AXIS2_PLACEMENT_3D('',#538,#539,#540);
#538 = CARTESIAN_POINT('',(5.8,10.960155108391,10.960155108391));
#539 = DIRECTION('',(0.,0.707106781187,-0.707106781187));
#540 = DIRECTION('',(1.,0.,0.));
#541 = FACE_BOUND('',#542,.F.);
#542 = EDGE_LOOP('',(#543,#553,#561,#569,#577,#585,#593,#601,#609,#617,
    #625,#633));
#543 = ORIENTED_EDGE('',*,*,#544,.T.);
#544 = EDGE_CURVE('',#545,#547,#549,.T.);
#545 = VERTEX_POINT('',#546);
#546 = CARTESIAN_POINT('',(47.325,10.270725996735,10.270725996735));
#547 = VERTEX_POINT('',#548);
#548 = CARTESIAN_POINT('',(47.325,9.210065824955,9.210065824955));
#549 = LINE('',#550,#551);
#550 = CARTESIAN_POINT('',(47.325,15.605032912477,15.605032912477));
#551 = VECTOR('',#552,1.);
#552 = DIRECTION('',(0.,-0.707106781187,-0.707106781187));
#553 = ORIENTED_EDGE('',*,*,#554,.T.);
#554 = EDGE_CURVE('',#547,#555,#557,.T.);
#555 = VERTEX_POINT('',#556);
#556 = CARTESIAN_POINT('',(49.275,9.210065824955,9.210065824955));
#557 = LINE('',#558,#559);
#558 = CARTESIAN_POINT('',(23.6625,9.210065824955,9.210065824955));
#559 = VECTOR('',#560,1.);
#560 = DIRECTION('',(1.,-0.,0.));
#561 = ORIENTED_EDGE('',*,*,#562,.F.);
#562 = EDGE_CURVE('',#563,#555,#565,.T.);
#563 = VERTEX_POINT('',#564);
#564 = CARTESIAN_POINT('',(49.275,10.270725996735,10.270725996735));
#565 = LINE('',#566,#567);
#566 = CARTESIAN_POINT('',(49.275,15.605032912477,15.605032912477));
#567 = VECTOR('',#568,1.);
#568 = DIRECTION('',(0.,-0.707106781187,-0.707106781187));
#569 = ORIENTED_EDGE('',*,*,#570,.T.);
#570 = EDGE_CURVE('',#563,#571,#573,.T.);
#571 = VERTEX_POINT('',#572);
#572 = CARTESIAN_POINT('',(50.775,10.270725996735,10.270725996735));
#573 = LINE('',#574,#575);
#574 = CARTESIAN_POINT('',(22.9125,10.270725996735,10.270725996735));
#575 = VECTOR('',#576,1.);
#576 = DIRECTION('',(1.,-0.,0.));
#577 = ORIENTED_EDGE('',*,*,#578,.F.);
#578 = EDGE_CURVE('',#579,#571,#581,.T.);
#579 = VERTEX_POINT('',#580);
#580 = CARTESIAN_POINT('',(50.775,11.649584220048,11.649584220048));
#581 = LINE('',#582,#583);
#582 = CARTESIAN_POINT('',(50.775,16.135362998367,16.135362998367));
#583 = VECTOR('',#584,1.);
#584 = DIRECTION('',(0.,-0.707106781187,-0.707106781187));
#585 = ORIENTED_EDGE('',*,*,#586,.F.);
#586 = EDGE_CURVE('',#587,#579,#589,.T.);
#587 = VERTEX_POINT('',#588);
#588 = CARTESIAN_POINT('',(49.275,11.649584220048,11.649584220048));
#589 = LINE('',#590,#591);
#590 = CARTESIAN_POINT('',(22.9125,11.649584220048,11.649584220048));
#591 = VECTOR('',#592,1.);
#592 = DIRECTION('',(1.,-0.,0.));
#593 = ORIENTED_EDGE('',*,*,#594,.F.);
#594 = EDGE_CURVE('',#595,#587,#597,.T.);
#595 = VERTEX_POINT('',#596);
#596 = CARTESIAN_POINT('',(49.275,12.710244391828,12.710244391828));
#597 = LINE('',#598,#599);
#598 = CARTESIAN_POINT('',(49.275,15.605032912477,15.605032912477));
#599 = VECTOR('',#600,1.);
#600 = DIRECTION('',(0.,-0.707106781187,-0.707106781187));
#601 = ORIENTED_EDGE('',*,*,#602,.F.);
#602 = EDGE_CURVE('',#603,#595,#605,.T.);
#603 = VERTEX_POINT('',#604);
#604 = CARTESIAN_POINT('',(47.325,12.710244391828,12.710244391828));
#605 = LINE('',#606,#607);
#606 = CARTESIAN_POINT('',(23.6625,12.710244391828,12.710244391828));
#607 = VECTOR('',#608,1.);
#608 = DIRECTION('',(1.,-0.,0.));
#609 = ORIENTED_EDGE('',*,*,#610,.T.);
#610 = EDGE_CURVE('',#603,#611,#613,.T.);
#611 = VERTEX_POINT('',#612);
#612 = CARTESIAN_POINT('',(47.325,11.649584220048,11.649584220048));
#613 = LINE('',#614,#615);
#614 = CARTESIAN_POINT('',(47.325,15.605032912477,15.605032912477));
#615 = VECTOR('',#616,1.);
#616 = DIRECTION('',(0.,-0.707106781187,-0.707106781187));
#617 = ORIENTED_EDGE('',*,*,#618,.F.);
#618 = EDGE_CURVE('',#619,#611,#621,.T.);
#619 = VERTEX_POINT('',#620);
#620 = CARTESIAN_POINT('',(45.825,11.649584220048,11.649584220048));
#621 = LINE('',#622,#623);
#622 = CARTESIAN_POINT('',(22.9125,11.649584220048,11.649584220048));
#623 = VECTOR('',#624,1.);
#624 = DIRECTION('',(1.,-0.,0.));
#625 = ORIENTED_EDGE('',*,*,#626,.T.);
#626 = EDGE_CURVE('',#619,#627,#629,.T.);
#627 = VERTEX_POINT('',#628);
#628 = CARTESIAN_POINT('',(45.825,10.270725996735,10.270725996735));
#629 = LINE('',#630,#631);
#630 = CARTESIAN_POINT('',(45.825,16.135362998367,16.135362998367));
#631 = VECTOR('',#632,1.);
#632 = DIRECTION('',(0.,-0.707106781187,-0.707106781187));
#633 = ORIENTED_EDGE('',*,*,#634,.T.);
#634 = EDGE_CURVE('',#627,#545,#635,.T.);
#635 = LINE('',#636,#637);
#636 = CARTESIAN_POINT('',(22.9125,10.270725996735,10.270725996735));
#637 = VECTOR('',#638,1.);
#638 = DIRECTION('',(1.,-0.,0.));
#639 = FACE_BOUND('',#640,.F.);
#640 = EDGE_LOOP('',(#641,#651,#659,#667,#675,#683,#691,#699,#707,#715,
    #723,#731));
#641 = ORIENTED_EDGE('',*,*,#642,.T.);
#642 = EDGE_CURVE('',#643,#645,#647,.T.);
#643 = VERTEX_POINT('',#644);
#644 = CARTESIAN_POINT('',(30.35,10.288403666264,10.288403666264));
#645 = VERTEX_POINT('',#646);
#646 = CARTESIAN_POINT('',(30.35,9.227743494484,9.227743494484));
#647 = LINE('',#648,#649);
#648 = CARTESIAN_POINT('',(30.35,15.613871747242,15.613871747242));
#649 = VECTOR('',#650,1.);
#650 = DIRECTION('',(0.,-0.707106781187,-0.707106781187));
#651 = ORIENTED_EDGE('',*,*,#652,.T.);
#652 = EDGE_CURVE('',#645,#653,#655,.T.);
#653 = VERTEX_POINT('',#654);
#654 = CARTESIAN_POINT('',(32.25,9.227743494484,9.227743494484));
#655 = LINE('',#656,#657);
#656 = CARTESIAN_POINT('',(15.175,9.227743494484,9.227743494484));
#657 = VECTOR('',#658,1.);
#658 = DIRECTION('',(1.,-0.,0.));
#659 = ORIENTED_EDGE('',*,*,#660,.F.);
#660 = EDGE_CURVE('',#661,#653,#663,.T.);
#661 = VERTEX_POINT('',#662);
#662 = CARTESIAN_POINT('',(32.25,10.288403666264,10.288403666264));
#663 = LINE('',#664,#665);
#664 = CARTESIAN_POINT('',(32.25,15.613871747242,15.613871747242));
#665 = VECTOR('',#666,1.);
#666 = DIRECTION('',(0.,-0.707106781187,-0.707106781187));
#667 = ORIENTED_EDGE('',*,*,#668,.T.);
#668 = EDGE_CURVE('',#661,#669,#671,.T.);
#669 = VERTEX_POINT('',#670);
#670 = CARTESIAN_POINT('',(33.75,10.288403666264,10.288403666264));
#671 = LINE('',#672,#673);
#672 = CARTESIAN_POINT('',(14.425,10.288403666264,10.288403666264));
#673 = VECTOR('',#674,1.);
#674 = DIRECTION('',(1.,-0.,0.));
#675 = ORIENTED_EDGE('',*,*,#676,.F.);
#676 = EDGE_CURVE('',#677,#669,#679,.T.);
#677 = VERTEX_POINT('',#678);
#678 = CARTESIAN_POINT('',(33.75,11.631906550519,11.631906550519));
#679 = LINE('',#680,#681);
#680 = CARTESIAN_POINT('',(33.75,16.144201833132,16.144201833132));
#681 = VECTOR('',#682,1.);
#682 = DIRECTION('',(0.,-0.707106781187,-0.707106781187));
#683 = ORIENTED_EDGE('',*,*,#684,.F.);
#684 = EDGE_CURVE('',#685,#677,#687,.T.);
#685 = VERTEX_POINT('',#686);
#686 = CARTESIAN_POINT('',(32.25,11.631906550519,11.631906550519));
#687 = LINE('',#688,#689);
#688 = CARTESIAN_POINT('',(14.425,11.631906550519,11.631906550519));
#689 = VECTOR('',#690,1.);
#690 = DIRECTION('',(1.,-0.,0.));
#691 = ORIENTED_EDGE('',*,*,#692,.F.);
#692 = EDGE_CURVE('',#693,#685,#695,.T.);
#693 = VERTEX_POINT('',#694);
#694 = CARTESIAN_POINT('',(32.25,12.692566722299,12.692566722299));
#695 = LINE('',#696,#697);
#696 = CARTESIAN_POINT('',(32.25,15.613871747242,15.613871747242));
#697 = VECTOR('',#698,1.);
#698 = DIRECTION('',(0.,-0.707106781187,-0.707106781187));
#699 = ORIENTED_EDGE('',*,*,#700,.F.);
#700 = EDGE_CURVE('',#701,#693,#703,.T.);
#701 = VERTEX_POINT('',#702);
#702 = CARTESIAN_POINT('',(30.35,12.692566722299,12.692566722299));
#703 = LINE('',#704,#705);
#704 = CARTESIAN_POINT('',(15.175,12.692566722299,12.692566722299));
#705 = VECTOR('',#706,1.);
#706 = DIRECTION('',(1.,-0.,0.));
#707 = ORIENTED_EDGE('',*,*,#708,.T.);
#708 = EDGE_CURVE('',#701,#709,#711,.T.);
#709 = VERTEX_POINT('',#710);
#710 = CARTESIAN_POINT('',(30.35,11.631906550519,11.631906550519));
#711 = LINE('',#712,#713);
#712 = CARTESIAN_POINT('',(30.35,15.613871747242,15.613871747242));
#713 = VECTOR('',#714,1.);
#714 = DIRECTION('',(0.,-0.707106781187,-0.707106781187));
#715 = ORIENTED_EDGE('',*,*,#716,.F.);
#716 = EDGE_CURVE('',#717,#709,#719,.T.);
#717 = VERTEX_POINT('',#718);
#718 = CARTESIAN_POINT('',(28.85,11.631906550519,11.631906550519));
#719 = LINE('',#720,#721);
#720 = CARTESIAN_POINT('',(14.425,11.631906550519,11.631906550519));
#721 = VECTOR('',#722,1.);
#722 = DIRECTION('',(1.,-0.,0.));
#723 = ORIENTED_EDGE('',*,*,#724,.T.);
#724 = EDGE_CURVE('',#717,#725,#727,.T.);
#725 = VERTEX_POINT('',#726);
#726 = CARTESIAN_POINT('',(28.85,10.288403666264,10.288403666264));
#727 = LINE('',#728,#729);
#728 = CARTESIAN_POINT('',(28.85,16.144201833132,16.144201833132));
#729 = VECTOR('',#730,1.);
#730 = DIRECTION('',(0.,-0.707106781187,-0.707106781187));
#731 = ORIENTED_EDGE('',*,*,#732,.T.);
#732 = EDGE_CURVE('',#725,#643,#733,.T.);
#733 = LINE('',#734,#735);
#734 = CARTESIAN_POINT('',(14.425,10.288403666264,10.288403666264));
#735 = VECTOR('',#736,1.);
#736 = DIRECTION('',(1.,-0.,0.));
#737 = FACE_BOUND('',#738,.F.);
#738 = EDGE_LOOP('',(#739));
#739 = ORIENTED_EDGE('',*,*,#740,.F.);
#740 = EDGE_CURVE('',#741,#741,#743,.T.);
#741 = VERTEX_POINT('',#742);
#742 = CARTESIAN_POINT('',(27.55,10.960155108391,10.960155108391));
#743 = CIRCLE('',#744,4.75);
#744 = AXIS2_PLACEMENT_3D('',#745,#746,#747);
#745 = CARTESIAN_POINT('',(22.8,10.960155108391,10.960155108391));
#746 = DIRECTION('',(0.,0.707106781187,-0.707106781187));
#747 = DIRECTION('',(1.,0.,0.));
#748 = FACE_BOUND('',#749,.F.);
#749 = EDGE_LOOP('',(#750,#760,#768,#776,#784,#792,#800,#808,#816,#824,
    #832,#840));
#750 = ORIENTED_EDGE('',*,*,#751,.T.);
#751 = EDGE_CURVE('',#752,#754,#756,.T.);
#752 = VERTEX_POINT('',#753);
#753 = CARTESIAN_POINT('',(13.375,10.306081335794,10.306081335794));
#754 = VERTEX_POINT('',#755);
#755 = CARTESIAN_POINT('',(13.375,9.245421164014,9.245421164014));
#756 = LINE('',#757,#758);
#757 = CARTESIAN_POINT('',(13.375,15.622710582007,15.622710582007));
#758 = VECTOR('',#759,1.);
#759 = DIRECTION('',(0.,-0.707106781187,-0.707106781187));
#760 = ORIENTED_EDGE('',*,*,#761,.T.);
#761 = EDGE_CURVE('',#754,#762,#764,.T.);
#762 = VERTEX_POINT('',#763);
#763 = CARTESIAN_POINT('',(15.225,9.245421164014,9.245421164014));
#764 = LINE('',#765,#766);
#765 = CARTESIAN_POINT('',(6.6875,9.245421164014,9.245421164014));
#766 = VECTOR('',#767,1.);
#767 = DIRECTION('',(1.,-0.,0.));
#768 = ORIENTED_EDGE('',*,*,#769,.F.);
#769 = EDGE_CURVE('',#770,#762,#772,.T.);
#770 = VERTEX_POINT('',#771);
#771 = CARTESIAN_POINT('',(15.225,10.306081335794,10.306081335794));
#772 = LINE('',#773,#774);
#773 = CARTESIAN_POINT('',(15.225,15.622710582007,15.622710582007));
#774 = VECTOR('',#775,1.);
#775 = DIRECTION('',(0.,-0.707106781187,-0.707106781187));
#776 = ORIENTED_EDGE('',*,*,#777,.T.);
#777 = EDGE_CURVE('',#770,#778,#780,.T.);
#778 = VERTEX_POINT('',#779);
#779 = CARTESIAN_POINT('',(16.725,10.306081335794,10.306081335794));
#780 = LINE('',#781,#782);
#781 = CARTESIAN_POINT('',(5.9375,10.306081335794,10.306081335794));
#782 = VECTOR('',#783,1.);
#783 = DIRECTION('',(1.,-0.,0.));
#784 = ORIENTED_EDGE('',*,*,#785,.F.);
#785 = EDGE_CURVE('',#786,#778,#788,.T.);
#786 = VERTEX_POINT('',#787);
#787 = CARTESIAN_POINT('',(16.725,11.614228880989,11.614228880989));
#788 = LINE('',#789,#790);
#789 = CARTESIAN_POINT('',(16.725,16.153040667897,16.153040667897));
#790 = VECTOR('',#791,1.);
#791 = DIRECTION('',(0.,-0.707106781187,-0.707106781187));
#792 = ORIENTED_EDGE('',*,*,#793,.F.);
#793 = EDGE_CURVE('',#794,#786,#796,.T.);
#794 = VERTEX_POINT('',#795);
#795 = CARTESIAN_POINT('',(15.225,11.614228880989,11.614228880989));
#796 = LINE('',#797,#798);
#797 = CARTESIAN_POINT('',(5.9375,11.614228880989,11.614228880989));
#798 = VECTOR('',#799,1.);
#799 = DIRECTION('',(1.,-0.,0.));
#800 = ORIENTED_EDGE('',*,*,#801,.F.);
#801 = EDGE_CURVE('',#802,#794,#804,.T.);
#802 = VERTEX_POINT('',#803);
#803 = CARTESIAN_POINT('',(15.225,12.674889052769,12.674889052769));
#804 = LINE('',#805,#806);
#805 = CARTESIAN_POINT('',(15.225,15.622710582007,15.622710582007));
#806 = VECTOR('',#807,1.);
#807 = DIRECTION('',(0.,-0.707106781187,-0.707106781187));
#808 = ORIENTED_EDGE('',*,*,#809,.F.);
#809 = EDGE_CURVE('',#810,#802,#812,.T.);
#810 = VERTEX_POINT('',#811);
#811 = CARTESIAN_POINT('',(13.375,12.674889052769,12.674889052769));
#812 = LINE('',#813,#814);
#813 = CARTESIAN_POINT('',(6.6875,12.674889052769,12.674889052769));
#814 = VECTOR('',#815,1.);
#815 = DIRECTION('',(1.,-0.,0.));
#816 = ORIENTED_EDGE('',*,*,#817,.T.);
#817 = EDGE_CURVE('',#810,#818,#820,.T.);
#818 = VERTEX_POINT('',#819);
#819 = CARTESIAN_POINT('',(13.375,11.614228880989,11.614228880989));
#820 = LINE('',#821,#822);
#821 = CARTESIAN_POINT('',(13.375,15.622710582007,15.622710582007));
#822 = VECTOR('',#823,1.);
#823 = DIRECTION('',(0.,-0.707106781187,-0.707106781187));
#824 = ORIENTED_EDGE('',*,*,#825,.F.);
#825 = EDGE_CURVE('',#826,#818,#828,.T.);
#826 = VERTEX_POINT('',#827);
#827 = CARTESIAN_POINT('',(11.875,11.614228880989,11.614228880989));
#828 = LINE('',#829,#830);
#829 = CARTESIAN_POINT('',(5.9375,11.614228880989,11.614228880989));
#830 = VECTOR('',#831,1.);
#831 = DIRECTION('',(1.,-0.,0.));
#832 = ORIENTED_EDGE('',*,*,#833,.T.);
#833 = EDGE_CURVE('',#826,#834,#836,.T.);
#834 = VERTEX_POINT('',#835);
#835 = CARTESIAN_POINT('',(11.875,10.306081335794,10.306081335794));
#836 = LINE('',#837,#838);
#837 = CARTESIAN_POINT('',(11.875,16.153040667897,16.153040667897));
#838 = VECTOR('',#839,1.);
#839 = DIRECTION('',(0.,-0.707106781187,-0.707106781187));
#840 = ORIENTED_EDGE('',*,*,#841,.T.);
#841 = EDGE_CURVE('',#834,#752,#842,.T.);
#842 = LINE('',#843,#844);
#843 = CARTESIAN_POINT('',(5.9375,10.306081335794,10.306081335794));
#844 = VECTOR('',#845,1.);
#845 = DIRECTION('',(1.,-0.,0.));
#846 = PLANE('',#847);
#847 = AXIS2_PLACEMENT_3D('',#848,#849,#850);
#848 = CARTESIAN_POINT('',(0.,22.,22.));
#849 = DIRECTION('',(0.,0.707106781187,-0.707106781187));
#850 = DIRECTION('',(0.,-0.707106781187,-0.707106781187));
#851 = ADVANCED_FACE('',(#852,#868,#926,#1211,#1495,#1585,#1971,#2203),
  #2293,.F.);
#852 = FACE_BOUND('',#853,.F.);
#853 = EDGE_LOOP('',(#854,#855,#861,#862));
#854 = ORIENTED_EDGE('',*,*,#39,.T.);
#855 = ORIENTED_EDGE('',*,*,#856,.T.);
#856 = EDGE_CURVE('',#32,#64,#857,.T.);
#857 = LINE('',#858,#859);
#858 = CARTESIAN_POINT('',(120.,22.,0.));
#859 = VECTOR('',#860,1.);
#860 = DIRECTION('',(0.,0.,1.));
#861 = ORIENTED_EDGE('',*,*,#61,.F.);
#862 = ORIENTED_EDGE('',*,*,#863,.F.);
#863 = EDGE_CURVE('',#40,#62,#864,.T.);
#864 = LINE('',#865,#866);
#865 = CARTESIAN_POINT('',(0.,22.,0.));
#866 = VECTOR('',#867,1.);
#867 = DIRECTION('',(0.,0.,1.));
#868 = FACE_BOUND('',#869,.F.);
#869 = EDGE_LOOP('',(#870,#880,#888,#896,#904,#912,#920));
#870 = ORIENTED_EDGE('',*,*,#871,.F.);
#871 = EDGE_CURVE('',#872,#874,#876,.T.);
#872 = VERTEX_POINT('',#873);
#873 = CARTESIAN_POINT('',(112.76960989932,22.,7.348993288591));
#874 = VERTEX_POINT('',#875);
#875 = CARTESIAN_POINT('',(109.23039010067,22.,7.348993288591));
#876 = LINE('',#877,#878);
#877 = CARTESIAN_POINT('',(56.384804949664,22.,7.348993288591));
#878 = VECTOR('',#879,1.);
#879 = DIRECTION('',(-1.,0.,0.));
#880 = ORIENTED_EDGE('',*,*,#881,.F.);
#881 = EDGE_CURVE('',#882,#872,#884,.T.);
#882 = VERTEX_POINT('',#883);
#883 = CARTESIAN_POINT('',(112.76960989932,22.,6.463087248322));
#884 = LINE('',#885,#886);
#885 = CARTESIAN_POINT('',(112.76960989932,22.,3.231543624161));
#886 = VECTOR('',#887,1.);
#887 = DIRECTION('',(-0.,0.,1.));
#888 = ORIENTED_EDGE('',*,*,#889,.F.);
#889 = EDGE_CURVE('',#890,#882,#892,.T.);
#890 = VERTEX_POINT('',#891);
#891 = CARTESIAN_POINT('',(110.50765520134,22.,6.463087248322));
#892 = LINE('',#893,#894);
#893 = CARTESIAN_POINT('',(55.253827600671,22.,6.463087248322));
#894 = VECTOR('',#895,1.);
#895 = DIRECTION('',(1.,0.,0.));
#896 = ORIENTED_EDGE('',*,*,#897,.F.);
#897 = EDGE_CURVE('',#898,#890,#900,.T.);
#898 = VERTEX_POINT('',#899);
#899 = CARTESIAN_POINT('',(112.24108640939,22.,2.651006711409));
#900 = LINE('',#901,#902);
#901 = CARTESIAN_POINT('',(103.12472946726,22.,22.699270931635));
#902 = VECTOR('',#903,1.);
#903 = DIRECTION('',(-0.413935007817,0.,0.910306437033));
#904 = ORIENTED_EDGE('',*,*,#905,.F.);
#905 = EDGE_CURVE('',#906,#898,#908,.T.);
#906 = VERTEX_POINT('',#907);
#907 = CARTESIAN_POINT('',(111.06134647651,22.,2.651006711409));
#908 = LINE('',#909,#910);
#909 = CARTESIAN_POINT('',(55.530673238255,22.,2.651006711409));
#910 = VECTOR('',#911,1.);
#911 = DIRECTION('',(1.,0.,0.));
#912 = ORIENTED_EDGE('',*,*,#913,.F.);
#913 = EDGE_CURVE('',#914,#906,#916,.T.);
#914 = VERTEX_POINT('',#915);
#915 = CARTESIAN_POINT('',(109.23039010067,22.,6.66610738255));
#916 = LINE('',#917,#918);
#917 = CARTESIAN_POINT('',(101.08651651641,22.,24.524791906843));
#918 = VECTOR('',#919,1.);
#919 = DIRECTION('',(0.414912690401,0.,-0.909861230817));
#920 = ORIENTED_EDGE('',*,*,#921,.F.);
#921 = EDGE_CURVE('',#874,#914,#922,.T.);
#922 = LINE('',#923,#924);
#923 = CARTESIAN_POINT('',(109.23039010067,22.,3.674496644295));
#924 = VECTOR('',#925,1.);
#925 = DIRECTION('',(-0.,-0.,-1.));
#926 = FACE_BOUND('',#927,.F.);
#927 = EDGE_LOOP('',(#928,#938,#948,#958,#981,#1008,#1031,#1053,#1076,
    #1095,#1114,#1133,#1144,#1157,#1174,#1191,#1202));
#928 = ORIENTED_EDGE('',*,*,#929,.F.);
#929 = EDGE_CURVE('',#930,#932,#934,.T.);
#930 = VERTEX_POINT('',#931);
#931 = CARTESIAN_POINT('',(92.439597315436,22.,7.234899328859));
#932 = VERTEX_POINT('',#933);
#933 = CARTESIAN_POINT('',(92.439597315436,22.,6.362416107383));
#934 = LINE('',#935,#936);
#935 = CARTESIAN_POINT('',(92.439597315436,22.,3.61744966443));
#936 = VECTOR('',#937,1.);
#937 = DIRECTION('',(-0.,-0.,-1.));
#938 = ORIENTED_EDGE('',*,*,#939,.T.);
#939 = EDGE_CURVE('',#930,#940,#942,.T.);
#940 = VERTEX_POINT('',#941);
#941 = CARTESIAN_POINT('',(93.043624161074,22.,7.385906040268));
#942 = B_SPLINE_CURVE_WITH_KNOTS('',4,(#943,#944,#945,#946,#947),
  .UNSPECIFIED.,.F.,.F.,(5,5),(0.,1.),.PIECEWISE_BEZIER_KNOTS.);
#943 = CARTESIAN_POINT('',(92.439597315436,22.,7.234899328859));
#944 = CARTESIAN_POINT('',(92.588531945206,22.,7.285066783097));
#945 = CARTESIAN_POINT('',(92.738959897521,22.,7.327053278045));
#946 = CARTESIAN_POINT('',(92.890720320073,22.,7.360684788145));
#947 = CARTESIAN_POINT('',(93.043624161074,22.,7.385906040268));
#948 = ORIENTED_EDGE('',*,*,#949,.T.);
#949 = EDGE_CURVE('',#940,#950,#952,.T.);
#950 = VERTEX_POINT('',#951);
#951 = CARTESIAN_POINT('',(93.672818791946,22.,7.436241610738));
#952 = B_SPLINE_CURVE_WITH_KNOTS('',4,(#953,#954,#955,#956,#957),
  .UNSPECIFIED.,.F.,.F.,(5,5),(0.,1.),.PIECEWISE_BEZIER_KNOTS.);
#953 = CARTESIAN_POINT('',(93.043624161074,22.,7.385906040268));
#954 = CARTESIAN_POINT('',(93.197124602747,22.,7.411225700751));
#955 = CARTESIAN_POINT('',(93.353329159292,22.,7.427974804951));
#956 = CARTESIAN_POINT('',(93.511982691708,22.,7.436241610738));
#957 = CARTESIAN_POINT('',(93.672818791946,22.,7.436241610738));
#958 = ORIENTED_EDGE('',*,*,#959,.T.);
#959 = EDGE_CURVE('',#950,#960,#962,.T.);
#960 = VERTEX_POINT('',#961);
#961 = CARTESIAN_POINT('',(95.282088926174,22.,6.770134228188));
#962 = B_SPLINE_CURVE_WITH_KNOTS('',5,(#963,#964,#965,#966,#967,#968,
    #969,#970,#971,#972,#973,#974,#975,#976,#977,#978,#979,#980),
  .UNSPECIFIED.,.F.,.F.,(6,4,4,4,6),(0.,0.266730361367,0.492537539316,
    0.711340314918,1.),.UNSPECIFIED.);
#963 = CARTESIAN_POINT('',(93.672818791946,22.,7.436241610738));
#964 = CARTESIAN_POINT('',(93.771468138192,22.,7.436241610738));
#965 = CARTESIAN_POINT('',(93.869627590107,22.,7.432365847811));
#966 = CARTESIAN_POINT('',(93.967083058701,22.,7.424294207846));
#967 = CARTESIAN_POINT('',(94.063540010177,22.,7.411689445078));
#968 = CARTESIAN_POINT('',(94.239149789533,22.,7.379534549323));
#969 = CARTESIAN_POINT('',(94.318687309218,22.,7.361346737813));
#970 = CARTESIAN_POINT('',(94.397029779584,22.,7.339547943498));
#971 = CARTESIAN_POINT('',(94.473925454072,22.,7.314007799011));
#972 = CARTESIAN_POINT('',(94.621968886058,22.,7.256267570955));
#973 = CARTESIAN_POINT('',(94.693224897168,22.,7.224297192404));
#974 = CARTESIAN_POINT('',(94.762638723491,22.,7.188733689304));
#975 = CARTESIAN_POINT('',(94.82998894342,22.,7.149608532347));
#976 = CARTESIAN_POINT('',(94.980970341461,22.,7.050893063353));
#977 = CARTESIAN_POINT('',(95.062947282581,22.,6.988748523455));
#978 = CARTESIAN_POINT('',(95.140573854913,22.,6.920898660649));
#979 = CARTESIAN_POINT('',(95.213639688616,22.,6.847830717997));
#980 = CARTESIAN_POINT('',(95.282088926174,22.,6.770134228188));
#981 = ORIENTED_EDGE('',*,*,#982,.T.);
#982 = EDGE_CURVE('',#960,#983,#985,.T.);
#983 = VERTEX_POINT('',#984);
#984 = CARTESIAN_POINT('',(95.868708053691,22.,4.938548657718));
#985 = B_SPLINE_CURVE_WITH_KNOTS('',6,(#986,#987,#988,#989,#990,#991,
    #992,#993,#994,#995,#996,#997,#998,#999,#1000,#1001,#1002,#1003,
    #1004,#1005,#1006,#1007),.UNSPECIFIED.,.F.,.F.,(7,5,5,5,7),(0.,
    1.753367239075E-02,0.293877628571,0.583554679622,1.),.UNSPECIFIED.);
#986 = CARTESIAN_POINT('',(95.282088926174,22.,6.770134228188));
#987 = CARTESIAN_POINT('',(95.285803917796,22.,6.765915846569));
#988 = CARTESIAN_POINT('',(95.289504949699,22.,6.761685271035));
#989 = CARTESIAN_POINT('',(95.293191981339,22.,6.757442543204));
#990 = CARTESIAN_POINT('',(95.296864973122,22.,6.753187705537));
#991 = CARTESIAN_POINT('',(95.300523886409,22.,6.748920801347));
#992 = CARTESIAN_POINT('',(95.361613446326,22.,6.677202751573));
#993 = CARTESIAN_POINT('',(95.415555502334,22.,6.606772847133));
#994 = CARTESIAN_POINT('',(95.465837412981,22.,6.533534803247));
#995 = CARTESIAN_POINT('',(95.512380863982,22.,6.457707686708));
#996 = CARTESIAN_POINT('',(95.555173335973,22.,6.379537749884));
#997 = CARTESIAN_POINT('',(95.635221822948,22.,6.215168785205));
#998 = CARTESIAN_POINT('',(95.6721142772,22.,6.128757239531));
#999 = CARTESIAN_POINT('',(95.704983519499,22.,6.040347159622));
#1000 = CARTESIAN_POINT('',(95.733950796805,22.,5.950221934628));
#1001 = CARTESIAN_POINT('',(95.759180041859,22.,5.858643234836));
#1002 = CARTESIAN_POINT('',(95.81200484082,22.,5.632420643725));
#1003 = CARTESIAN_POINT('',(95.835802040107,22.,5.496480202198));
#1004 = CARTESIAN_POINT('',(95.852789934026,22.,5.358658345876));
#1005 = CARTESIAN_POINT('',(95.863570175372,22.,5.219486120018));
#1006 = CARTESIAN_POINT('',(95.868708053691,22.,5.079362455277));
#1007 = CARTESIAN_POINT('',(95.868708053691,22.,4.938548657718));
#1008 = ORIENTED_EDGE('',*,*,#1009,.T.);
#1009 = EDGE_CURVE('',#983,#1010,#1012,.T.);
#1010 = VERTEX_POINT('',#1011);
#1011 = CARTESIAN_POINT('',(95.367030201342,22.,3.182676174497));
#1012 = B_SPLINE_CURVE_WITH_KNOTS('',5,(#1013,#1014,#1015,#1016,#1017,
    #1018,#1019,#1020,#1021,#1022,#1023,#1024,#1025,#1026,#1027,#1028,
    #1029,#1030),.UNSPECIFIED.,.F.,.F.,(6,4,4,4,6),(0.,0.264074867413,
    0.506811292789,0.760360093431,1.),.UNSPECIFIED.);
#1013 = CARTESIAN_POINT('',(95.868708053691,22.,4.938548657718));
#1014 = CARTESIAN_POINT('',(95.868708053691,22.,4.83626749133));
#1015 = CARTESIAN_POINT('',(95.866170799998,22.,4.734412772113));
#1016 = CARTESIAN_POINT('',(95.860877557053,22.,4.633098230471));
#1017 = CARTESIAN_POINT('',(95.852580535922,22.,4.532486384136));
#1018 = CARTESIAN_POINT('',(95.830360778405,22.,4.341146728467));
#1019 = CARTESIAN_POINT('',(95.816947365514,22.,4.25028039164));
#1020 = CARTESIAN_POINT('',(95.800549513149,22.,4.160353510568));
#1021 = CARTESIAN_POINT('',(95.780936615995,22.,4.071586284851));
#1022 = CARTESIAN_POINT('',(95.733811519883,22.,3.893014430134));
#1023 = CARTESIAN_POINT('',(95.705986715494,22.,3.803341467973));
#1024 = CARTESIAN_POINT('',(95.6741640012,22.,3.715534370556));
#1025 = CARTESIAN_POINT('',(95.63810969765,22.,3.629976173509));
#1026 = CARTESIAN_POINT('',(95.559485919739,22.,3.468734641391));
#1027 = CARTESIAN_POINT('',(95.517380983788,22.,3.392764014454));
#1028 = CARTESIAN_POINT('',(95.4712665276,22.,3.319529981022));
#1029 = CARTESIAN_POINT('',(95.421111260124,22.,3.24939574158));
#1030 = CARTESIAN_POINT('',(95.367030201342,22.,3.182676174497));
#1031 = ORIENTED_EDGE('',*,*,#1032,.T.);
#1032 = EDGE_CURVE('',#1010,#1033,#1035,.T.);
#1033 = VERTEX_POINT('',#1034);
#1034 = CARTESIAN_POINT('',(93.94966442953,22.,2.563758389262));
#1035 = B_SPLINE_CURVE_WITH_KNOTS('',6,(#1036,#1037,#1038,#1039,#1040,
    #1041,#1042,#1043,#1044,#1045,#1046,#1047,#1048,#1049,#1050,#1051,
    #1052),.UNSPECIFIED.,.F.,.F.,(7,5,5,7),(0.,0.308901856644,
    0.741957256064,1.),.UNSPECIFIED.);
#1036 = CARTESIAN_POINT('',(95.367030201342,22.,3.182676174497));
#1037 = CARTESIAN_POINT('',(95.315124618728,22.,3.118667242489));
#1038 = CARTESIAN_POINT('',(95.259919177047,22.,3.057834069198));
#1039 = CARTESIAN_POINT('',(95.201420112095,22.,3.000522083099));
#1040 = CARTESIAN_POINT('',(95.139695716277,22.,2.947040039969));
#1041 = CARTESIAN_POINT('',(95.07489596898,22.,2.897636570511));
#1042 = CARTESIAN_POINT('',(94.912469070202,22.,2.789166284143));
#1043 = CARTESIAN_POINT('',(94.812074255007,22.,2.734168420772));
#1044 = CARTESIAN_POINT('',(94.706800820442,22.,2.687972210225));
#1045 = CARTESIAN_POINT('',(94.597486448445,22.,2.650537397813));
#1046 = CARTESIAN_POINT('',(94.484999026274,22.,2.621496587826));
#1047 = CARTESIAN_POINT('',(94.301738921806,22.,2.587677450758));
#1048 = CARTESIAN_POINT('',(94.232462520836,22.,2.577833792865));
#1049 = CARTESIAN_POINT('',(94.162489769324,22.,2.570656954451));
#1050 = CARTESIAN_POINT('',(94.091957873468,22.,2.566012265423));
#1051 = CARTESIAN_POINT('',(94.020984357344,22.,2.563758389262));
#1052 = CARTESIAN_POINT('',(93.94966442953,22.,2.563758389262));
#1053 = ORIENTED_EDGE('',*,*,#1054,.T.);
#1054 = EDGE_CURVE('',#1033,#1055,#1057,.T.);
#1055 = VERTEX_POINT('',#1056);
#1056 = CARTESIAN_POINT('',(92.625209731544,22.,3.018875838926));
#1057 = B_SPLINE_CURVE_WITH_KNOTS('',5,(#1058,#1059,#1060,#1061,#1062,
    #1063,#1064,#1065,#1066,#1067,#1068,#1069,#1070,#1071,#1072,#1073,
    #1074,#1075),.UNSPECIFIED.,.F.,.F.,(6,4,4,4,6),(0.,0.33630492764,
    0.612117839143,0.87779709583,1.),.UNSPECIFIED.);
#1058 = CARTESIAN_POINT('',(93.94966442953,22.,2.563758389262));
#1059 = CARTESIAN_POINT('',(93.848840556602,22.,2.563758389262));
#1060 = CARTESIAN_POINT('',(93.748843083547,22.,2.567950582734));
#1061 = CARTESIAN_POINT('',(93.649935097848,22.,2.576711454914));
#1062 = CARTESIAN_POINT('',(93.552483710521,22.,2.590447200912));
#1063 = CARTESIAN_POINT('',(93.378564770987,22.,2.62511241282));
#1064 = CARTESIAN_POINT('',(93.301475659007,22.,2.644303444027));
#1065 = CARTESIAN_POINT('',(93.225913327444,22.,2.667247595904));
#1066 = CARTESIAN_POINT('',(93.152158958887,22.,2.694090844451));
#1067 = CARTESIAN_POINT('',(93.01146815307,22.,2.754540569139));
#1068 = CARTESIAN_POINT('',(92.944376610409,22.,2.787864006279));
#1069 = CARTESIAN_POINT('',(92.879482664982,22.,2.824892727167));
#1070 = CARTESIAN_POINT('',(92.817017764956,22.,2.865591581317));
#1071 = CARTESIAN_POINT('',(92.729639044771,22.,2.930167009557));
#1072 = CARTESIAN_POINT('',(92.702662888257,22.,2.951259315307));
#1073 = CARTESIAN_POINT('',(92.676256892483,22.,2.973086357218));
#1074 = CARTESIAN_POINT('',(92.650435429061,22.,2.995631777944));
#1075 = CARTESIAN_POINT('',(92.625209731544,22.,3.018875838926));
#1076 = ORIENTED_EDGE('',*,*,#1077,.T.);
#1077 = EDGE_CURVE('',#1055,#1078,#1080,.T.);
#1078 = VERTEX_POINT('',#1079);
#1079 = CARTESIAN_POINT('',(92.131291946309,22.,4.230285234899));
#1080 = B_SPLINE_CURVE_WITH_KNOTS('',5,(#1081,#1082,#1083,#1084,#1085,
    #1086,#1087,#1088,#1089,#1090,#1091,#1092,#1093,#1094),
  .UNSPECIFIED.,.F.,.F.,(6,4,4,6),(0.,0.313881363453,0.756804826453,1.),
  .UNSPECIFIED.);
#1081 = CARTESIAN_POINT('',(92.625209731544,22.,3.018875838926));
#1082 = CARTESIAN_POINT('',(92.56302911587,22.,3.076198181443));
#1083 = CARTESIAN_POINT('',(92.504988243463,22.,3.137193663847));
#1084 = CARTESIAN_POINT('',(92.451536904652,22.,3.201810364754));
#1085 = CARTESIAN_POINT('',(92.403034496608,22.,3.269883375206));
#1086 = CARTESIAN_POINT('',(92.298500581417,22.,3.441552947381));
#1087 = CARTESIAN_POINT('',(92.247549119214,22.,3.54828572753));
#1088 = CARTESIAN_POINT('',(92.207419425831,22.,3.660324745928));
#1089 = CARTESIAN_POINT('',(92.177771374739,22.,3.776495086093));
#1090 = CARTESIAN_POINT('',(92.146952977171,22.,3.961075604767));
#1091 = CARTESIAN_POINT('',(92.138967597689,22.,4.027412777864));
#1092 = CARTESIAN_POINT('',(92.133798510941,22.,4.094490064387));
#1093 = CARTESIAN_POINT('',(92.131291946309,22.,4.162155506984));
#1094 = CARTESIAN_POINT('',(92.131291946309,22.,4.230285234899));
#1095 = ORIENTED_EDGE('',*,*,#1096,.T.);
#1096 = EDGE_CURVE('',#1078,#1097,#1099,.T.);
#1097 = VERTEX_POINT('',#1098);
#1098 = CARTESIAN_POINT('',(92.573406040268,22.,5.33619966443));
#1099 = B_SPLINE_CURVE_WITH_KNOTS('',5,(#1100,#1101,#1102,#1103,#1104,
    #1105,#1106,#1107,#1108,#1109,#1110,#1111,#1112,#1113),
  .UNSPECIFIED.,.F.,.F.,(6,4,4,6),(0.,0.237808645659,0.68338623135,1.),
  .UNSPECIFIED.);
#1100 = CARTESIAN_POINT('',(92.131291946309,22.,4.230285234899));
#1101 = CARTESIAN_POINT('',(92.131291946309,22.,4.291041255306));
#1102 = CARTESIAN_POINT('',(92.133473854902,22.,4.351347687388));
#1103 = CARTESIAN_POINT('',(92.137958299277,22.,4.411103173634));
#1104 = CARTESIAN_POINT('',(92.144861520195,22.,4.470187704264));
#1105 = CARTESIAN_POINT('',(92.171912300717,22.,4.637667011971));
#1106 = CARTESIAN_POINT('',(92.198367280674,22.,4.744075955386));
#1107 = CARTESIAN_POINT('',(92.234235625529,22.,4.846738959823));
#1108 = CARTESIAN_POINT('',(92.279777300755,22.,4.944702137959));
#1109 = CARTESIAN_POINT('',(92.373426559799,22.,5.102913391084));
#1110 = CARTESIAN_POINT('',(92.416984441217,22.,5.165884625179));
#1111 = CARTESIAN_POINT('',(92.465040323288,22.,5.225836718065));
#1112 = CARTESIAN_POINT('',(92.517304294479,22.,5.282626223123));
#1113 = CARTESIAN_POINT('',(92.573406040268,22.,5.33619966443));
#1114 = ORIENTED_EDGE('',*,*,#1115,.T.);
#1115 = EDGE_CURVE('',#1097,#1116,#1118,.T.);
#1116 = VERTEX_POINT('',#1117);
#1117 = CARTESIAN_POINT('',(93.735738255034,22.,5.758389261745));
#1118 = B_SPLINE_CURVE_WITH_KNOTS('',5,(#1119,#1120,#1121,#1122,#1123,
    #1124,#1125,#1126,#1127,#1128,#1129,#1130,#1131,#1132),
  .UNSPECIFIED.,.F.,.F.,(6,4,4,6),(0.,0.209743291097,0.715246936706,1.),
  .UNSPECIFIED.);
#1119 = CARTESIAN_POINT('',(92.573406040268,22.,5.33619966443));
#1120 = CARTESIAN_POINT('',(92.611342479563,22.,5.372443637994));
#1121 = CARTESIAN_POINT('',(92.650742410034,22.,5.406915832614));
#1122 = CARTESIAN_POINT('',(92.691574026975,22.,5.439523981192));
#1123 = CARTESIAN_POINT('',(92.733785208745,22.,5.470197580788));
#1124 = CARTESIAN_POINT('',(92.882187268943,22.,5.568034596416));
#1125 = CARTESIAN_POINT('',(92.994693275171,22.,5.625681990397));
#1126 = CARTESIAN_POINT('',(93.113725346102,22.,5.671094585273));
#1127 = CARTESIAN_POINT('',(93.2378634102,22.,5.704701305363));
#1128 = CARTESIAN_POINT('',(93.437744533166,22.,5.740160095106));
#1129 = CARTESIAN_POINT('',(93.510965844134,22.,5.749473656658));
#1130 = CARTESIAN_POINT('',(93.5851624444,22.,5.755483524272));
#1131 = CARTESIAN_POINT('',(93.660138750941,22.,5.758389261745));
#1132 = CARTESIAN_POINT('',(93.735738255034,22.,5.758389261745));
#1133 = ORIENTED_EDGE('',*,*,#1134,.T.);
#1134 = EDGE_CURVE('',#1116,#1135,#1137,.T.);
#1135 = VERTEX_POINT('',#1136);
#1136 = CARTESIAN_POINT('',(94.264261744966,22.,5.681417785235));
#1137 = B_SPLINE_CURVE_WITH_KNOTS('',5,(#1138,#1139,#1140,#1141,#1142,
    #1143),.UNSPECIFIED.,.F.,.F.,(6,6),(0.,1.),
  .PIECEWISE_BEZIER_KNOTS.);
#1138 = CARTESIAN_POINT('',(93.735738255034,22.,5.758389261745));
#1139 = CARTESIAN_POINT('',(93.848511817758,22.,5.758389261745));
#1140 = CARTESIAN_POINT('',(93.958070782779,22.,5.750924200319));
#1141 = CARTESIAN_POINT('',(94.064085942136,22.,5.735714410606));
#1142 = CARTESIAN_POINT('',(94.166241278547,22.,5.712563682357));
#1143 = CARTESIAN_POINT('',(94.264261744966,22.,5.681417785235));
#1144 = ORIENTED_EDGE('',*,*,#1145,.T.);
#1145 = EDGE_CURVE('',#1135,#1146,#1148,.T.);
#1146 = VERTEX_POINT('',#1147);
#1147 = CARTESIAN_POINT('',(94.71413590604,22.,5.450713087248));
#1148 = B_SPLINE_CURVE_WITH_KNOTS('',4,(#1149,#1150,#1151,#1152,#1153,
    #1154,#1155,#1156),.UNSPECIFIED.,.F.,.F.,(5,3,5),(0.,0.344731136121,
    1.),.UNSPECIFIED.);
#1149 = CARTESIAN_POINT('',(94.264261744966,22.,5.681417785235));
#1150 = CARTESIAN_POINT('',(94.306010633138,22.,5.668188267425));
#1151 = CARTESIAN_POINT('',(94.347111766652,22.,5.653418533767));
#1152 = CARTESIAN_POINT('',(94.387543693921,22.,5.637108301544));
#1153 = CARTESIAN_POINT('',(94.502835457764,22.,5.585350245033));
#1154 = CARTESIAN_POINT('',(94.575899748117,22.,5.54589785417));
#1155 = CARTESIAN_POINT('',(94.646356503828,22.,5.500965694545));
#1156 = CARTESIAN_POINT('',(94.71413590604,22.,5.450713087248));
#1157 = ORIENTED_EDGE('',*,*,#1158,.T.);
#1158 = EDGE_CURVE('',#1146,#1159,#1161,.T.);
#1159 = VERTEX_POINT('',#1160);
#1160 = CARTESIAN_POINT('',(94.361786912752,22.,6.343540268456));
#1161 = B_SPLINE_CURVE_WITH_KNOTS('',6,(#1162,#1163,#1164,#1165,#1166,
    #1167,#1168,#1169,#1170,#1171,#1172,#1173),.UNSPECIFIED.,.F.,.F.,(7,
    5,7),(0.,0.521705725656,1.),.UNSPECIFIED.);
#1162 = CARTESIAN_POINT('',(94.71413590604,22.,5.450713087248));
#1163 = CARTESIAN_POINT('',(94.706234806198,22.,5.543649774144));
#1164 = CARTESIAN_POINT('',(94.694416100733,22.,5.634596842721));
#1165 = CARTESIAN_POINT('',(94.678327688593,22.,5.723197372528));
#1166 = CARTESIAN_POINT('',(94.657598467455,22.,5.808991409668));
#1167 = CARTESIAN_POINT('',(94.631868792622,22.,5.891434780167));
#1168 = CARTESIAN_POINT('',(94.57247147606,22.,6.041943337669));
#1169 = CARTESIAN_POINT('',(94.539639308951,22.,6.110641490517));
#1170 = CARTESIAN_POINT('',(94.502197597266,22.,6.175579337794));
#1171 = CARTESIAN_POINT('',(94.460033192187,22.,6.23629341157));
#1172 = CARTESIAN_POINT('',(94.413162416769,22.,6.292378829039));
#1173 = CARTESIAN_POINT('',(94.361786912752,22.,6.343540268456));
#1174 = ORIENTED_EDGE('',*,*,#1175,.T.);
#1175 = EDGE_CURVE('',#1159,#1176,#1178,.T.);
#1176 = VERTEX_POINT('',#1177);
#1177 = CARTESIAN_POINT('',(93.518666107383,22.,6.644295302013));
#1178 = B_SPLINE_CURVE_WITH_KNOTS('',6,(#1179,#1180,#1181,#1182,#1183,
    #1184,#1185,#1186,#1187,#1188,#1189,#1190),.UNSPECIFIED.,.F.,.F.,(7,
    5,7),(0.,0.119641368759,1.),.UNSPECIFIED.);
#1179 = CARTESIAN_POINT('',(94.361786912752,22.,6.343540268456));
#1180 = CARTESIAN_POINT('',(94.349325488201,22.,6.355949770404));
#1181 = CARTESIAN_POINT('',(94.336606783632,22.,6.368065052443));
#1182 = CARTESIAN_POINT('',(94.323633054154,22.,6.379881692618));
#1183 = CARTESIAN_POINT('',(94.310407022062,22.,6.391395773305));
#1184 = CARTESIAN_POINT('',(94.296931876843,22.,6.402603881214));
#1185 = CARTESIAN_POINT('',(94.182250794394,22.,6.493703024277));
#1186 = CARTESIAN_POINT('',(94.067951350941,22.,6.557217943147));
#1187 = CARTESIAN_POINT('',(93.941984191267,22.,6.60267079782));
#1188 = CARTESIAN_POINT('',(93.806867443158,22.,6.631083995566));
#1189 = CARTESIAN_POINT('',(93.665077474718,22.,6.644295302013));
#1190 = CARTESIAN_POINT('',(93.518666107383,22.,6.644295302013));
#1191 = ORIENTED_EDGE('',*,*,#1192,.T.);
#1192 = EDGE_CURVE('',#1176,#1193,#1195,.T.);
#1193 = VERTEX_POINT('',#1194);
#1194 = CARTESIAN_POINT('',(93.002726510067,22.,6.575293624161));
#1195 = B_SPLINE_CURVE_WITH_KNOTS('',5,(#1196,#1197,#1198,#1199,#1200,
    #1201),.UNSPECIFIED.,.F.,.F.,(6,6),(0.,1.),
  .PIECEWISE_BEZIER_KNOTS.);
#1196 = CARTESIAN_POINT('',(93.518666107383,22.,6.644295302013));
#1197 = CARTESIAN_POINT('',(93.417227202339,22.,6.644295302013));
#1198 = CARTESIAN_POINT('',(93.314768156365,22.,6.637289481658));
#1199 = CARTESIAN_POINT('',(93.21143557907,22.,6.623349003479));
#1200 = CARTESIAN_POINT('',(93.107374645493,22.,6.602618415078));
#1201 = CARTESIAN_POINT('',(93.002726510067,22.,6.575293624161));
#1202 = ORIENTED_EDGE('',*,*,#1203,.T.);
#1203 = EDGE_CURVE('',#1193,#932,#1204,.T.);
#1204 = B_SPLINE_CURVE_WITH_KNOTS('',5,(#1205,#1206,#1207,#1208,#1209,
    #1210),.UNSPECIFIED.,.F.,.F.,(6,6),(0.,1.),
  .PIECEWISE_BEZIER_KNOTS.);
#1205 = CARTESIAN_POINT('',(93.002726510067,22.,6.575293624161));
#1206 = CARTESIAN_POINT('',(92.894362377588,22.,6.547084548404));
#1207 = CARTESIAN_POINT('',(92.783587316556,22.,6.511281525268));
#1208 = CARTESIAN_POINT('',(92.670692769563,22.,6.468276287449));
#1209 = CARTESIAN_POINT('',(92.555950985251,22.,6.418510823988));
#1210 = CARTESIAN_POINT('',(92.439597315436,22.,6.362416107383));
#1211 = FACE_BOUND('',#1212,.F.);
#1212 = EDGE_LOOP('',(#1213,#1223,#1231,#1242,#1253,#1268,#1283,#1298,
    #1313,#1324,#1335,#1343,#1354,#1367,#1389,#1408,#1431,#1453,#1463,
    #1473,#1481,#1489));
#1213 = ORIENTED_EDGE('',*,*,#1214,.F.);
#1214 = EDGE_CURVE('',#1215,#1217,#1219,.T.);
#1215 = VERTEX_POINT('',#1216);
#1216 = CARTESIAN_POINT('',(78.582424496644,22.,7.395973154362));
#1217 = VERTEX_POINT('',#1218);
#1218 = CARTESIAN_POINT('',(75.571728187919,22.,7.395973154362));
#1219 = LINE('',#1220,#1221);
#1220 = CARTESIAN_POINT('',(39.291212248322,22.,7.395973154362));
#1221 = VECTOR('',#1222,1.);
#1222 = DIRECTION('',(-1.,0.,0.));
#1223 = ORIENTED_EDGE('',*,*,#1224,.F.);
#1224 = EDGE_CURVE('',#1225,#1215,#1227,.T.);
#1225 = VERTEX_POINT('',#1226);
#1226 = CARTESIAN_POINT('',(78.582424496644,22.,4.738255033557));
#1227 = LINE('',#1228,#1229);
#1228 = CARTESIAN_POINT('',(78.582424496644,22.,2.369127516779));
#1229 = VECTOR('',#1230,1.);
#1230 = DIRECTION('',(-0.,0.,1.));
#1231 = ORIENTED_EDGE('',*,*,#1232,.T.);
#1232 = EDGE_CURVE('',#1225,#1233,#1235,.T.);
#1233 = VERTEX_POINT('',#1234);
#1234 = CARTESIAN_POINT('',(77.946937919463,22.,4.951132550336));
#1235 = B_SPLINE_CURVE_WITH_KNOTS('',5,(#1236,#1237,#1238,#1239,#1240,
    #1241),.UNSPECIFIED.,.F.,.F.,(6,6),(0.,1.),
  .PIECEWISE_BEZIER_KNOTS.);
#1236 = CARTESIAN_POINT('',(78.582424496644,22.,4.738255033557));
#1237 = CARTESIAN_POINT('',(78.450697892616,22.,4.794116871191));
#1238 = CARTESIAN_POINT('',(78.320975969015,22.,4.843809747676));
#1239 = CARTESIAN_POINT('',(78.193543509186,22.,4.886869040976));
#1240 = CARTESIAN_POINT('',(78.068740228835,22.,4.922798396099));
#1241 = CARTESIAN_POINT('',(77.946937919463,22.,4.951132550336));
#1242 = ORIENTED_EDGE('',*,*,#1243,.T.);
#1243 = EDGE_CURVE('',#1233,#1244,#1246,.T.);
#1244 = VERTEX_POINT('',#1245);
#1245 = CARTESIAN_POINT('',(77.390100671141,22.,5.020134228188));
#1246 = B_SPLINE_CURVE_WITH_KNOTS('',5,(#1247,#1248,#1249,#1250,#1251,
    #1252),.UNSPECIFIED.,.F.,.F.,(6,6),(0.,1.),
  .PIECEWISE_BEZIER_KNOTS.);
#1247 = CARTESIAN_POINT('',(77.946937919463,22.,4.951132550336));
#1248 = CARTESIAN_POINT('',(77.830926046027,22.,4.978201987471));
#1249 = CARTESIAN_POINT('',(77.716995688494,22.,4.998925270322));
#1250 = CARTESIAN_POINT('',(77.605382091143,22.,5.012995781851));
#1251 = CARTESIAN_POINT('',(77.4963347088,22.,5.020134228188));
#1252 = CARTESIAN_POINT('',(77.390100671141,22.,5.020134228188));
#1253 = ORIENTED_EDGE('',*,*,#1254,.T.);
#1254 = EDGE_CURVE('',#1244,#1255,#1257,.T.);
#1255 = VERTEX_POINT('',#1256);
#1256 = CARTESIAN_POINT('',(76.696518456376,22.,4.806208053691));
#1257 = B_SPLINE_CURVE_WITH_KNOTS('',5,(#1258,#1259,#1260,#1261,#1262,
    #1263,#1264,#1265,#1266,#1267),.UNSPECIFIED.,.F.,.F.,(6,4,6),(0.,
    0.513505662627,1.),.UNSPECIFIED.);
#1258 = CARTESIAN_POINT('',(77.390100671141,22.,5.020134228188));
#1259 = CARTESIAN_POINT('',(77.305527131543,22.,5.020134228188));
#1260 = CARTESIAN_POINT('',(77.223382119159,22.,5.015203817289));
#1261 = CARTESIAN_POINT('',(77.144122824029,22.,5.004905395318));
#1262 = CARTESIAN_POINT('',(77.068307108547,22.,4.988804639248));
#1263 = CARTESIAN_POINT('',(76.928444752336,22.,4.945665962703));
#1264 = CARTESIAN_POINT('',(76.863981258026,22.,4.919246009439));
#1265 = CARTESIAN_POINT('',(76.803584625469,22.,4.887187087106));
#1266 = CARTESIAN_POINT('',(76.747673855651,22.,4.849437968572));
#1267 = CARTESIAN_POINT('',(76.696518456376,22.,4.806208053691));
#1268 = ORIENTED_EDGE('',*,*,#1269,.T.);
#1269 = EDGE_CURVE('',#1255,#1270,#1272,.T.);
#1270 = VERTEX_POINT('',#1271);
#1271 = CARTESIAN_POINT('',(76.443162751678,22.,4.221476510067));
#1272 = B_SPLINE_CURVE_WITH_KNOTS('',5,(#1273,#1274,#1275,#1276,#1277,
    #1278,#1279,#1280,#1281,#1282),.UNSPECIFIED.,.F.,.F.,(6,4,6),(0.,
    0.341113815573,1.),.UNSPECIFIED.);
#1273 = CARTESIAN_POINT('',(76.696518456376,22.,4.806208053691));
#1274 = CARTESIAN_POINT('',(76.661998495311,22.,4.777088980574));
#1275 = CARTESIAN_POINT('',(76.630167182993,22.,4.745933130392));
#1276 = CARTESIAN_POINT('',(76.601186182653,22.,4.712751627069));
#1277 = CARTESIAN_POINT('',(76.575174056538,22.,4.677593644284));
#1278 = CARTESIAN_POINT('',(76.507797060141,22.,4.569018161225));
#1279 = CARTESIAN_POINT('',(76.474689148369,22.,4.490445198894));
#1280 = CARTESIAN_POINT('',(76.453343408637,22.,4.405583617687));
#1281 = CARTESIAN_POINT('',(76.443162751678,22.,4.315548763432));
#1282 = CARTESIAN_POINT('',(76.443162751678,22.,4.221476510067));
#1283 = ORIENTED_EDGE('',*,*,#1284,.T.);
#1284 = EDGE_CURVE('',#1270,#1285,#1287,.T.);
#1285 = VERTEX_POINT('',#1286);
#1286 = CARTESIAN_POINT('',(76.696518456376,22.,3.638213087248));
#1287 = B_SPLINE_CURVE_WITH_KNOTS('',5,(#1288,#1289,#1290,#1291,#1292,
    #1293,#1294,#1295,#1296,#1297),.UNSPECIFIED.,.F.,.F.,(6,4,6),(0.,
    0.644614162226,1.),.UNSPECIFIED.);
#1288 = CARTESIAN_POINT('',(76.443162751678,22.,4.221476510067));
#1289 = CARTESIAN_POINT('',(76.443162751678,22.,4.130015716901));
#1290 = CARTESIAN_POINT('',(76.452951196672,22.,4.042342961232));
#1291 = CARTESIAN_POINT('',(76.473425263435,22.,3.959494322854));
#1292 = CARTESIAN_POINT('',(76.505113194282,22.,3.882476681527));
#1293 = CARTESIAN_POINT('',(76.571003242245,22.,3.773109716639));
#1294 = CARTESIAN_POINT('',(76.597702053505,22.,3.736216370154));
#1295 = CARTESIAN_POINT('',(76.627617808126,22.,3.701406708641));
#1296 = CARTESIAN_POINT('',(76.660617282773,22.,3.668735028714));
#1297 = CARTESIAN_POINT('',(76.696518456376,22.,3.638213087248));
#1298 = ORIENTED_EDGE('',*,*,#1299,.T.);
#1299 = EDGE_CURVE('',#1285,#1300,#1302,.T.);
#1300 = VERTEX_POINT('',#1301);
#1301 = CARTESIAN_POINT('',(77.390100671141,22.,3.422818791946));
#1302 = B_SPLINE_CURVE_WITH_KNOTS('',5,(#1303,#1304,#1305,#1306,#1307,
    #1308,#1309,#1310,#1311,#1312),.UNSPECIFIED.,.F.,.F.,(6,4,6),(0.,
    0.488586818719,1.),.UNSPECIFIED.);
#1303 = CARTESIAN_POINT('',(76.696518456376,22.,3.638213087248));
#1304 = CARTESIAN_POINT('',(76.747863179556,22.,3.594525406464));
#1305 = CARTESIAN_POINT('',(76.804010139925,22.,3.556387177277));
#1306 = CARTESIAN_POINT('',(76.864689198398,22.,3.524018332834));
#1307 = CARTESIAN_POINT('',(76.929476345516,22.,3.497371050914));
#1308 = CARTESIAN_POINT('',(77.069468997996,22.,3.454116482133));
#1309 = CARTESIAN_POINT('',(77.14502851861,22.,3.438034216642));
#1310 = CARTESIAN_POINT('',(77.22400620082,22.,3.42774538924));
#1311 = CARTESIAN_POINT('',(77.305848418813,22.,3.422818791946));
#1312 = CARTESIAN_POINT('',(77.390100671141,22.,3.422818791946));
#1313 = ORIENTED_EDGE('',*,*,#1314,.T.);
#1314 = EDGE_CURVE('',#1300,#1315,#1317,.T.);
#1315 = VERTEX_POINT('',#1316);
#1316 = CARTESIAN_POINT('',(78.039848993289,22.,3.53355704698));
#1317 = B_SPLINE_CURVE_WITH_KNOTS('',5,(#1318,#1319,#1320,#1321,#1322,
    #1323),.UNSPECIFIED.,.F.,.F.,(6,6),(0.,1.),
  .PIECEWISE_BEZIER_KNOTS.);
#1318 = CARTESIAN_POINT('',(77.390100671141,22.,3.422818791946));
#1319 = CARTESIAN_POINT('',(77.515074181799,22.,3.422818791946));
#1320 = CARTESIAN_POINT('',(77.643061242412,22.,3.434427186838));
#1321 = CARTESIAN_POINT('',(77.773518014894,22.,3.457225905766));
#1322 = CARTESIAN_POINT('',(77.905928074777,22.,3.490519770672));
#1323 = CARTESIAN_POINT('',(78.039848993289,22.,3.53355704698));
#1324 = ORIENTED_EDGE('',*,*,#1325,.T.);
#1325 = EDGE_CURVE('',#1315,#1326,#1328,.T.);
#1326 = VERTEX_POINT('',#1327);
#1327 = CARTESIAN_POINT('',(78.768036912752,22.,3.865771812081));
#1328 = B_SPLINE_CURVE_WITH_KNOTS('',5,(#1329,#1330,#1331,#1332,#1333,
    #1334),.UNSPECIFIED.,.F.,.F.,(6,6),(0.,1.),
  .PIECEWISE_BEZIER_KNOTS.);
#1329 = CARTESIAN_POINT('',(78.039848993289,22.,3.53355704698));
#1330 = CARTESIAN_POINT('',(78.182964101309,22.,3.579577008633));
#1331 = CARTESIAN_POINT('',(78.327809838136,22.,3.636738307023));
#1332 = CARTESIAN_POINT('',(78.473862866782,22.,3.704122665581));
#1333 = CARTESIAN_POINT('',(78.62070367843,22.,3.78075328998));
#1334 = CARTESIAN_POINT('',(78.768036912752,22.,3.865771812081));
#1335 = ORIENTED_EDGE('',*,*,#1336,.F.);
#1336 = EDGE_CURVE('',#1337,#1326,#1339,.T.);
#1337 = VERTEX_POINT('',#1338);
#1338 = CARTESIAN_POINT('',(78.768036912752,22.,2.912751677852));
#1339 = LINE('',#1340,#1341);
#1340 = CARTESIAN_POINT('',(78.768036912752,22.,1.456375838926));
#1341 = VECTOR('',#1342,1.);
#1342 = DIRECTION('',(-0.,0.,1.));
#1343 = ORIENTED_EDGE('',*,*,#1344,.T.);
#1344 = EDGE_CURVE('',#1337,#1345,#1347,.T.);
#1345 = VERTEX_POINT('',#1346);
#1346 = CARTESIAN_POINT('',(77.989513422819,22.,2.68057885906));
#1347 = B_SPLINE_CURVE_WITH_KNOTS('',5,(#1348,#1349,#1350,#1351,#1352,
    #1353),.UNSPECIFIED.,.F.,.F.,(6,6),(0.,1.),
  .PIECEWISE_BEZIER_KNOTS.);
#1348 = CARTESIAN_POINT('',(78.768036912752,22.,2.912751677852));
#1349 = CARTESIAN_POINT('',(78.61481445561,22.,2.851047457985));
#1350 = CARTESIAN_POINT('',(78.460190504831,22.,2.796750401184));
#1351 = CARTESIAN_POINT('',(78.304313011924,22.,2.750117612075));
#1352 = CARTESIAN_POINT('',(78.147354030301,22.,2.711352282265));
#1353 = CARTESIAN_POINT('',(77.989513422819,22.,2.68057885906));
#1354 = ORIENTED_EDGE('',*,*,#1355,.T.);
#1355 = EDGE_CURVE('',#1345,#1356,#1358,.T.);
#1356 = VERTEX_POINT('',#1357);
#1357 = CARTESIAN_POINT('',(77.198196308725,22.,2.604026845638));
#1358 = B_SPLINE_CURVE_WITH_KNOTS('',4,(#1359,#1360,#1361,#1362,#1363,
    #1364,#1365,#1366),.UNSPECIFIED.,.F.,.F.,(5,3,5),(0.,0.475971672702,
    1.),.UNSPECIFIED.);
#1359 = CARTESIAN_POINT('',(77.989513422819,22.,2.68057885906));
#1360 = CARTESIAN_POINT('',(77.896372162901,22.,2.662379415875));
#1361 = CARTESIAN_POINT('',(77.802836753465,22.,2.647044566388));
#1362 = CARTESIAN_POINT('',(77.708956077503,22.,2.634598384182));
#1363 = CARTESIAN_POINT('',(77.511099651555,22.,2.614529557707));
#1364 = CARTESIAN_POINT('',(77.407061517462,22.,2.607520790182));
#1365 = CARTESIAN_POINT('',(77.302736946745,22.,2.604026845638));
#1366 = CARTESIAN_POINT('',(77.198196308725,22.,2.604026845638));
#1367 = ORIENTED_EDGE('',*,*,#1368,.T.);
#1368 = EDGE_CURVE('',#1356,#1369,#1371,.T.);
#1369 = VERTEX_POINT('',#1370);
#1370 = CARTESIAN_POINT('',(75.752726510067,22.,3.034815436242));
#1371 = B_SPLINE_CURVE_WITH_KNOTS('',6,(#1372,#1373,#1374,#1375,#1376,
    #1377,#1378,#1379,#1380,#1381,#1382,#1383,#1384,#1385,#1386,#1387,
    #1388),.UNSPECIFIED.,.F.,.F.,(7,5,5,7),(0.,0.45275854962,
    0.732423041721,1.),.UNSPECIFIED.);
#1372 = CARTESIAN_POINT('',(77.198196308725,22.,2.604026845638));
#1373 = CARTESIAN_POINT('',(77.07624032385,22.,2.604026845638));
#1374 = CARTESIAN_POINT('',(76.955249227847,22.,2.608520611785));
#1375 = CARTESIAN_POINT('',(76.835484736263,22.,2.617958128092));
#1376 = CARTESIAN_POINT('',(76.717339318644,22.,2.632846834008));
#1377 = CARTESIAN_POINT('',(76.601329600487,22.,2.653730484574));
#1378 = CARTESIAN_POINT('',(76.418109763054,22.,2.698017878827));
#1379 = CARTESIAN_POINT('',(76.349203349537,22.,2.717404872424));
#1380 = CARTESIAN_POINT('',(76.281501267847,22.,2.739383005321));
#1381 = CARTESIAN_POINT('',(76.215174021528,22.,2.764058391769));
#1382 = CARTESIAN_POINT('',(76.15040422872,22.,2.791514754268));
#1383 = CARTESIAN_POINT('',(76.027078400702,22.,2.850775340399));
#1384 = CARTESIAN_POINT('',(75.968371968969,22.,2.882341603832));
#1385 = CARTESIAN_POINT('',(75.91142887189,22.,2.916537486256));
#1386 = CARTESIAN_POINT('',(75.856411210418,22.,2.953373868187));
#1387 = CARTESIAN_POINT('',(75.803467609307,22.,2.992824212294));
#1388 = CARTESIAN_POINT('',(75.752726510067,22.,3.034815436242));
#1389 = ORIENTED_EDGE('',*,*,#1390,.T.);
#1390 = EDGE_CURVE('',#1369,#1391,#1393,.T.);
#1391 = VERTEX_POINT('',#1392);
#1392 = CARTESIAN_POINT('',(75.231963087248,22.,4.226719798658));
#1393 = B_SPLINE_CURVE_WITH_KNOTS('',5,(#1394,#1395,#1396,#1397,#1398,
    #1399,#1400,#1401,#1402,#1403,#1404,#1405,#1406,#1407),
  .UNSPECIFIED.,.F.,.F.,(6,4,4,6),(0.,0.332587453323,0.760239016817,1.),
  .UNSPECIFIED.);
#1394 = CARTESIAN_POINT('',(75.752726510067,22.,3.034815436242));
#1395 = CARTESIAN_POINT('',(75.683587319294,22.,3.092009112379));
#1396 = CARTESIAN_POINT('',(75.619127793342,22.,3.153716597929));
#1397 = CARTESIAN_POINT('',(75.559983378034,22.,3.219924911242));
#1398 = CARTESIAN_POINT('',(75.506678720982,22.,3.290453758492));
#1399 = CARTESIAN_POINT('',(75.398825951742,22.,3.46051478944));
#1400 = CARTESIAN_POINT('',(75.348250887741,22.,3.562617432742));
#1401 = CARTESIAN_POINT('',(75.308403845102,22.,3.670180453701));
#1402 = CARTESIAN_POINT('',(75.278917825782,22.,3.781977505595));
#1403 = CARTESIAN_POINT('',(75.247886926834,22.,3.961210211627));
#1404 = CARTESIAN_POINT('',(75.239755213055,22.,4.026569808839));
#1405 = CARTESIAN_POINT('',(75.234503885911,22.,4.092712527456));
#1406 = CARTESIAN_POINT('',(75.231963087248,22.,4.159473247535));
#1407 = CARTESIAN_POINT('',(75.231963087248,22.,4.226719798658));
#1408 = ORIENTED_EDGE('',*,*,#1409,.T.);
#1409 = EDGE_CURVE('',#1391,#1410,#1412,.T.);
#1410 = VERTEX_POINT('',#1411);
#1411 = CARTESIAN_POINT('',(75.710151006711,22.,5.42302852349));
#1412 = B_SPLINE_CURVE_WITH_KNOTS('',5,(#1413,#1414,#1415,#1416,#1417,
    #1418,#1419,#1420,#1421,#1422,#1423,#1424,#1425,#1426,#1427,#1428,
    #1429,#1430),.UNSPECIFIED.,.F.,.F.,(6,4,4,4,6),(0.,0.284912528896,
    0.528447934818,0.763739087565,1.),.UNSPECIFIED.);
#1413 = CARTESIAN_POINT('',(75.231963087248,22.,4.226719798658));
#1414 = CARTESIAN_POINT('',(75.231963087248,22.,4.306167559084));
#1415 = CARTESIAN_POINT('',(75.235168237916,22.,4.384939264016));
#1416 = CARTESIAN_POINT('',(75.241834153217,22.,4.462844565316));
#1417 = CARTESIAN_POINT('',(75.252227717236,22.,4.539632132054));
#1418 = CARTESIAN_POINT('',(75.278820566846,22.,4.679437192513));
#1419 = CARTESIAN_POINT('',(75.293957525948,22.,4.74283540654));
#1420 = CARTESIAN_POINT('',(75.312109561955,22.,4.805014900829));
#1421 = CARTESIAN_POINT('',(75.333381304017,22.,4.865769122787));
#1422 = CARTESIAN_POINT('',(75.381406464722,22.,4.98201116569));
#1423 = CARTESIAN_POINT('',(75.407951072269,22.,5.037610542135));
#1424 = CARTESIAN_POINT('',(75.43747126652,22.,5.091498482071));
#1425 = CARTESIAN_POINT('',(75.469941778495,22.,5.143505615655));
#1426 = CARTESIAN_POINT('',(75.540733201972,22.,5.24368865511));
#1427 = CARTESIAN_POINT('',(75.579080177077,22.,5.291851428947));
#1428 = CARTESIAN_POINT('',(75.620207389762,22.,5.337842210716));
#1429 = CARTESIAN_POINT('',(75.663961711311,22.,5.381579708407));
#1430 = CARTESIAN_POINT('',(75.710151006711,22.,5.42302852349));
#1431 = ORIENTED_EDGE('',*,*,#1432,.T.);
#1432 = EDGE_CURVE('',#1410,#1433,#1435,.T.);
#1433 = VERTEX_POINT('',#1434);
#1434 = CARTESIAN_POINT('',(77.047189597315,22.,5.852348993289));
#1435 = B_SPLINE_CURVE_WITH_KNOTS('',6,(#1436,#1437,#1438,#1439,#1440,
    #1441,#1442,#1443,#1444,#1445,#1446,#1447,#1448,#1449,#1450,#1451,
    #1452),.UNSPECIFIED.,.F.,.F.,(7,5,5,7),(0.,0.292137662457,
    0.590448358112,1.),.UNSPECIFIED.);
#1436 = CARTESIAN_POINT('',(75.710151006711,22.,5.42302852349));
#1437 = CARTESIAN_POINT('',(75.760253125488,22.,5.468010557321));
#1438 = CARTESIAN_POINT('',(75.812876493622,22.,5.510177339962));
#1439 = CARTESIAN_POINT('',(75.867893550997,22.,5.549408931503));
#1440 = CARTESIAN_POINT('',(75.925144862734,22.,5.58564515309));
#1441 = CARTESIAN_POINT('',(75.984446180424,22.,5.618876111688));
#1442 = CARTESIAN_POINT('',(76.108036945891,22.,5.680028677238));
#1443 = CARTESIAN_POINT('',(76.172410304767,22.,5.707825543541));
#1444 = CARTESIAN_POINT('',(76.238507953193,22.,5.732559507929));
#1445 = CARTESIAN_POINT('',(76.306123673135,22.,5.754315798592));
#1446 = CARTESIAN_POINT('',(76.37506224238,22.,5.773210506285));
#1447 = CARTESIAN_POINT('',(76.541371369387,22.,5.81156111885));
#1448 = CARTESIAN_POINT('',(76.639753244668,22.,5.82859801963));
#1449 = CARTESIAN_POINT('',(76.73986066426,22.,5.840823573226));
#1450 = CARTESIAN_POINT('',(76.841319490688,22.,5.848618498433));
#1451 = CARTESIAN_POINT('',(76.943833421423,22.,5.852348993289));
#1452 = CARTESIAN_POINT('',(77.047189597315,22.,5.852348993289));
#1453 = ORIENTED_EDGE('',*,*,#1454,.T.);
#1454 = EDGE_CURVE('',#1433,#1455,#1457,.T.);
#1455 = VERTEX_POINT('',#1456);
#1456 = CARTESIAN_POINT('',(77.338296979866,22.,5.831795302013));
#1457 = B_SPLINE_CURVE_WITH_KNOTS('',4,(#1458,#1459,#1460,#1461,#1462),
  .UNSPECIFIED.,.F.,.F.,(5,5),(0.,1.),.PIECEWISE_BEZIER_KNOTS.);
#1458 = CARTESIAN_POINT('',(77.047189597315,22.,5.852348993289));
#1459 = CARTESIAN_POINT('',(77.122489666399,22.,5.852348993289));
#1460 = CARTESIAN_POINT('',(77.196132980836,22.,5.848941820625));
#1461 = CARTESIAN_POINT('',(77.268080133426,22.,5.842096575892));
#1462 = CARTESIAN_POINT('',(77.338296979866,22.,5.831795302013));
#1463 = ORIENTED_EDGE('',*,*,#1464,.T.);
#1464 = EDGE_CURVE('',#1455,#1465,#1467,.T.);
#1465 = VERTEX_POINT('',#1466);
#1466 = CARTESIAN_POINT('',(77.616610738255,22.,5.773280201342));
#1467 = B_SPLINE_CURVE_WITH_KNOTS('',4,(#1468,#1469,#1470,#1471,#1472),
  .UNSPECIFIED.,.F.,.F.,(5,5),(0.,1.),.PIECEWISE_BEZIER_KNOTS.);
#1468 = CARTESIAN_POINT('',(77.338296979866,22.,5.831795302013));
#1469 = CARTESIAN_POINT('',(77.408275357288,22.,5.821513621373));
#1470 = CARTESIAN_POINT('',(77.477995647855,22.,5.80832985645));
#1471 = CARTESIAN_POINT('',(77.547444858775,22.,5.792248419806));
#1472 = CARTESIAN_POINT('',(77.616610738255,22.,5.773280201342));
#1473 = ORIENTED_EDGE('',*,*,#1474,.F.);
#1474 = EDGE_CURVE('',#1475,#1465,#1477,.T.);
#1475 = VERTEX_POINT('',#1476);
#1476 = CARTESIAN_POINT('',(77.616610738255,22.,6.510067114094));
#1477 = LINE('',#1478,#1479);
#1478 = CARTESIAN_POINT('',(77.616610738255,22.,3.255033557047));
#1479 = VECTOR('',#1480,1.);
#1480 = DIRECTION('',(-0.,-0.,-1.));
#1481 = ORIENTED_EDGE('',*,*,#1482,.F.);
#1482 = EDGE_CURVE('',#1483,#1475,#1485,.T.);
#1483 = VERTEX_POINT('',#1484);
#1484 = CARTESIAN_POINT('',(75.571728187919,22.,6.510067114094));
#1485 = LINE('',#1486,#1487);
#1486 = CARTESIAN_POINT('',(37.78586409396,22.,6.510067114094));
#1487 = VECTOR('',#1488,1.);
#1488 = DIRECTION('',(1.,0.,0.));
#1489 = ORIENTED_EDGE('',*,*,#1490,.F.);
#1490 = EDGE_CURVE('',#1217,#1483,#1491,.T.);
#1491 = LINE('',#1492,#1493);
#1492 = CARTESIAN_POINT('',(75.571728187919,22.,3.697986577181));
#1493 = VECTOR('',#1494,1.);
#1494 = DIRECTION('',(-0.,-0.,-1.));
#1495 = FACE_BOUND('',#1496,.F.);
#1496 = EDGE_LOOP('',(#1497,#1507,#1515,#1523,#1531,#1539,#1547,#1555,
    #1563,#1571,#1579));
#1497 = ORIENTED_EDGE('',*,*,#1498,.F.);
#1498 = EDGE_CURVE('',#1499,#1501,#1503,.T.);
#1499 = VERTEX_POINT('',#1500);
#1500 = CARTESIAN_POINT('',(60.067638422819,22.,7.348993288591));
#1501 = VERTEX_POINT('',#1502);
#1502 = CARTESIAN_POINT('',(58.721161912752,22.,7.348993288591));
#1503 = LINE('',#1504,#1505);
#1504 = CARTESIAN_POINT('',(30.033819211409,22.,7.348993288591));
#1505 = VECTOR('',#1506,1.);
#1506 = DIRECTION('',(-1.,0.,0.));
#1507 = ORIENTED_EDGE('',*,*,#1508,.F.);
#1508 = EDGE_CURVE('',#1509,#1499,#1511,.T.);
#1509 = VERTEX_POINT('',#1510);
#1510 = CARTESIAN_POINT('',(61.948930369128,22.,4.547609060403));
#1511 = LINE('',#1512,#1513);
#1512 = CARTESIAN_POINT('',(53.373967548674,22.,17.316369193379));
#1513 = VECTOR('',#1514,1.);
#1514 = DIRECTION('',(-0.557508237146,0.,0.830171407309));
#1515 = ORIENTED_EDGE('',*,*,#1516,.F.);
#1516 = EDGE_CURVE('',#1517,#1509,#1519,.T.);
#1517 = VERTEX_POINT('',#1518);
#1518 = CARTESIAN_POINT('',(61.948930369128,22.,3.510067114094));
#1519 = LINE('',#1520,#1521);
#1520 = CARTESIAN_POINT('',(61.948930369128,22.,1.755033557047));
#1521 = VECTOR('',#1522,1.);
#1522 = DIRECTION('',(-0.,0.,1.));
#1523 = ORIENTED_EDGE('',*,*,#1524,.F.);
#1524 = EDGE_CURVE('',#1525,#1517,#1527,.T.);
#1525 = VERTEX_POINT('',#1526);
#1526 = CARTESIAN_POINT('',(59.86629614094,22.,3.510067114094));
#1527 = LINE('',#1528,#1529);
#1528 = CARTESIAN_POINT('',(29.93314807047,22.,3.510067114094));
#1529 = VECTOR('',#1530,1.);
#1530 = DIRECTION('',(1.,0.,0.));
#1531 = ORIENTED_EDGE('',*,*,#1532,.F.);
#1532 = EDGE_CURVE('',#1533,#1525,#1535,.T.);
#1533 = VERTEX_POINT('',#1534);
#1534 = CARTESIAN_POINT('',(59.86629614094,22.,2.651006711409));
#1535 = LINE('',#1536,#1537);
#1536 = CARTESIAN_POINT('',(59.86629614094,22.,1.325503355705));
#1537 = VECTOR('',#1538,1.);
#1538 = DIRECTION('',(-0.,0.,1.));
#1539 = ORIENTED_EDGE('',*,*,#1540,.F.);
#1540 = EDGE_CURVE('',#1541,#1533,#1543,.T.);
#1541 = VERTEX_POINT('',#1542);
#1542 = CARTESIAN_POINT('',(58.721161912752,22.,2.651006711409));
#1543 = LINE('',#1544,#1545);
#1544 = CARTESIAN_POINT('',(29.360580956376,22.,2.651006711409));
#1545 = VECTOR('',#1546,1.);
#1546 = DIRECTION('',(1.,0.,0.));
#1547 = ORIENTED_EDGE('',*,*,#1548,.F.);
#1548 = EDGE_CURVE('',#1549,#1541,#1551,.T.);
#1549 = VERTEX_POINT('',#1550);
#1550 = CARTESIAN_POINT('',(58.721161912752,22.,3.510067114094));
#1551 = LINE('',#1552,#1553);
#1552 = CARTESIAN_POINT('',(58.721161912752,22.,1.755033557047));
#1553 = VECTOR('',#1554,1.);
#1554 = DIRECTION('',(-0.,-0.,-1.));
#1555 = ORIENTED_EDGE('',*,*,#1556,.F.);
#1556 = EDGE_CURVE('',#1557,#1549,#1559,.T.);
#1557 = VERTEX_POINT('',#1558);
#1558 = CARTESIAN_POINT('',(58.051069630872,22.,3.510067114094));
#1559 = LINE('',#1560,#1561);
#1560 = CARTESIAN_POINT('',(29.025534815436,22.,3.510067114094));
#1561 = VECTOR('',#1562,1.);
#1562 = DIRECTION('',(1.,0.,0.));
#1563 = ORIENTED_EDGE('',*,*,#1564,.F.);
#1564 = EDGE_CURVE('',#1565,#1557,#1567,.T.);
#1565 = VERTEX_POINT('',#1566);
#1566 = CARTESIAN_POINT('',(58.051069630872,22.,4.38255033557));
#1567 = LINE('',#1568,#1569);
#1568 = CARTESIAN_POINT('',(58.051069630872,22.,2.191275167785));
#1569 = VECTOR('',#1570,1.);
#1570 = DIRECTION('',(-0.,-0.,-1.));
#1571 = ORIENTED_EDGE('',*,*,#1572,.F.);
#1572 = EDGE_CURVE('',#1573,#1565,#1575,.T.);
#1573 = VERTEX_POINT('',#1574);
#1574 = CARTESIAN_POINT('',(58.721161912752,22.,4.38255033557));
#1575 = LINE('',#1576,#1577);
#1576 = CARTESIAN_POINT('',(29.360580956376,22.,4.38255033557));
#1577 = VECTOR('',#1578,1.);
#1578 = DIRECTION('',(-1.,0.,0.));
#1579 = ORIENTED_EDGE('',*,*,#1580,.F.);
#1580 = EDGE_CURVE('',#1501,#1573,#1581,.T.);
#1581 = LINE('',#1582,#1583);
#1582 = CARTESIAN_POINT('',(58.721161912752,22.,3.674496644295));
#1583 = VECTOR('',#1584,1.);
#1584 = DIRECTION('',(-0.,-0.,-1.));
#1585 = FACE_BOUND('',#1586,.F.);
#1586 = EDGE_LOOP('',(#1587,#1606,#1621,#1636,#1653,#1672,#1689,#1699,
    #1709,#1717,#1728,#1739,#1754,#1769,#1784,#1799,#1807,#1815,#1823,
    #1838,#1853,#1868,#1883,#1894,#1905,#1913,#1923,#1933,#1950));
#1587 = ORIENTED_EDGE('',*,*,#1588,.T.);
#1588 = EDGE_CURVE('',#1589,#1591,#1593,.T.);
#1589 = VERTEX_POINT('',#1590);
#1590 = CARTESIAN_POINT('',(41.230390100671,22.,3.988464765101));
#1591 = VERTEX_POINT('',#1592);
#1592 = CARTESIAN_POINT('',(41.47745385906,22.,4.760696308725));
#1593 = B_SPLINE_CURVE_WITH_KNOTS('',6,(#1594,#1595,#1596,#1597,#1598,
    #1599,#1600,#1601,#1602,#1603,#1604,#1605),.UNSPECIFIED.,.F.,.F.,(7,
    5,7),(0.,0.878855989677,1.),.UNSPECIFIED.);
#1594 = CARTESIAN_POINT('',(41.230390100671,22.,3.988464765101));
#1595 = CARTESIAN_POINT('',(41.230390100671,22.,4.118507849333));
#1596 = CARTESIAN_POINT('',(41.241799348176,22.,4.244581989465));
#1597 = CARTESIAN_POINT('',(41.265822185172,22.,4.365387829982));
#1598 = CARTESIAN_POINT('',(41.303433984029,22.,4.479530705735));
#1599 = CARTESIAN_POINT('',(41.355047360233,22.,4.585691509342));
#1600 = CARTESIAN_POINT('',(41.42893152312,22.,4.696290071473));
#1601 = CARTESIAN_POINT('',(41.438135727004,22.,4.709518889793));
#1602 = CARTESIAN_POINT('',(41.447591991056,22.,4.722575893624));
#1603 = CARTESIAN_POINT('',(41.457298522957,22.,4.735459009185));
#1604 = CARTESIAN_POINT('',(41.467253257994,22.,4.748166368365));
#1605 = CARTESIAN_POINT('',(41.47745385906,22.,4.760696308725));
#1606 = ORIENTED_EDGE('',*,*,#1607,.T.);
#1607 = EDGE_CURVE('',#1591,#1608,#1610,.T.);
#1608 = VERTEX_POINT('',#1609);
#1609 = CARTESIAN_POINT('',(42.199349832215,22.,5.186870805369));
#1610 = B_SPLINE_CURVE_WITH_KNOTS('',5,(#1611,#1612,#1613,#1614,#1615,
    #1616,#1617,#1618,#1619,#1620),.UNSPECIFIED.,.F.,.F.,(6,4,6),(0.,
    0.489350861137,1.),.UNSPECIFIED.);
#1611 = CARTESIAN_POINT('',(41.47745385906,22.,4.760696308725));
#1612 = CARTESIAN_POINT('',(41.527500259633,22.,4.822223192012));
#1613 = CARTESIAN_POINT('',(41.583389858233,22.,4.879082843449));
#1614 = CARTESIAN_POINT('',(41.644874635893,22.,4.930987951363));
#1615 = CARTESIAN_POINT('',(41.711521035527,22.,4.977877180681));
#1616 = CARTESIAN_POINT('',(41.857180398989,22.,5.063613516688));
#1617 = CARTESIAN_POINT('',(41.936613518349,22.,5.102026111452));
#1618 = CARTESIAN_POINT('',(42.020516694492,22.,5.135174214094));
#1619 = CARTESIAN_POINT('',(42.108271805194,22.,5.163347341437));
#1620 = CARTESIAN_POINT('',(42.199349832215,22.,5.186870805369));
#1621 = ORIENTED_EDGE('',*,*,#1622,.T.);
#1622 = EDGE_CURVE('',#1608,#1623,#1625,.T.);
#1623 = VERTEX_POINT('',#1624);
#1624 = CARTESIAN_POINT('',(41.557571308725,22.,5.556417785235));
#1625 = B_SPLINE_CURVE_WITH_KNOTS('',5,(#1626,#1627,#1628,#1629,#1630,
    #1631,#1632,#1633,#1634,#1635),.UNSPECIFIED.,.F.,.F.,(6,4,6),(0.,
    0.512029625597,1.),.UNSPECIFIED.);
#1626 = CARTESIAN_POINT('',(42.199349832215,22.,5.186870805369));
#1627 = CARTESIAN_POINT('',(42.117374526335,22.,5.207516437961));
#1628 = CARTESIAN_POINT('',(42.038631211757,22.,5.232189536075));
#1629 = CARTESIAN_POINT('',(41.963574600132,22.,5.261152579167));
#1630 = CARTESIAN_POINT('',(41.892721383569,22.,5.294637646183));
#1631 = CARTESIAN_POINT('',(41.763491810047,22.,5.369050230675));
#1632 = CARTESIAN_POINT('',(41.704680660314,22.,5.409556690611));
#1633 = CARTESIAN_POINT('',(41.65054513061,22.,5.454333982295));
#1634 = CARTESIAN_POINT('',(41.601438800371,22.,5.50335295476));
#1635 = CARTESIAN_POINT('',(41.557571308725,22.,5.556417785235));
#1636 = ORIENTED_EDGE('',*,*,#1637,.T.);
#1637 = EDGE_CURVE('',#1623,#1638,#1640,.T.);
#1638 = VERTEX_POINT('',#1639);
#1639 = CARTESIAN_POINT('',(41.340499161074,22.,6.231333892617));
#1640 = B_SPLINE_CURVE_WITH_KNOTS('',6,(#1641,#1642,#1643,#1644,#1645,
    #1646,#1647,#1648,#1649,#1650,#1651,#1652),.UNSPECIFIED.,.F.,.F.,(7,
    5,7),(0.,0.111635043403,1.),.UNSPECIFIED.);
#1641 = CARTESIAN_POINT('',(41.557571308725,22.,5.556417785235));
#1642 = CARTESIAN_POINT('',(41.549329298684,22.,5.566395793525));
#1643 = CARTESIAN_POINT('',(41.541271011743,22.,5.57650786118));
#1644 = CARTESIAN_POINT('',(41.533397801486,22.,5.586753007011));
#1645 = CARTESIAN_POINT('',(41.525710872299,22.,5.597130137013));
#1646 = CARTESIAN_POINT('',(41.518211279372,22.,5.607638044357));
#1647 = CARTESIAN_POINT('',(41.452717949881,22.,5.702925014422));
#1648 = CARTESIAN_POINT('',(41.406436440585,22.,5.795801649361));
#1649 = CARTESIAN_POINT('',(41.372588001191,22.,5.896163458539));
#1650 = CARTESIAN_POINT('',(41.350866602444,22.,6.00296563671));
#1651 = CARTESIAN_POINT('',(41.340499161074,22.,6.115059969308));
#1652 = CARTESIAN_POINT('',(41.340499161074,22.,6.231333892617));
#1653 = ORIENTED_EDGE('',*,*,#1654,.T.);
#1654 = EDGE_CURVE('',#1638,#1655,#1657,.T.);
#1655 = VERTEX_POINT('',#1656);
#1656 = CARTESIAN_POINT('',(41.795197147651,22.,7.135696308725));
#1657 = B_SPLINE_CURVE_WITH_KNOTS('',5,(#1658,#1659,#1660,#1661,#1662,
    #1663,#1664,#1665,#1666,#1667,#1668,#1669,#1670,#1671),
  .UNSPECIFIED.,.F.,.F.,(6,4,4,6),(0.,0.218648965978,0.618966816368,1.),
  .UNSPECIFIED.);
#1658 = CARTESIAN_POINT('',(41.340499161074,22.,6.231333892617));
#1659 = CARTESIAN_POINT('',(41.340499161074,22.,6.280408930101));
#1660 = CARTESIAN_POINT('',(41.342375106053,22.,6.328974608016));
#1661 = CARTESIAN_POINT('',(41.346240462758,22.,6.376933160383));
#1662 = CARTESIAN_POINT('',(41.352206426484,22.,6.424168158671));
#1663 = CARTESIAN_POINT('',(41.37529046596,22.,6.555473585708));
#1664 = CARTESIAN_POINT('',(41.39756099923,22.,6.637569017769));
#1665 = CARTESIAN_POINT('',(41.427705875805,22.,6.7159812481));
#1666 = CARTESIAN_POINT('',(41.465969285254,22.,6.789864872686));
#1667 = CARTESIAN_POINT('',(41.555654152689,22.,6.924001405368));
#1668 = CARTESIAN_POINT('',(41.606372018168,22.,6.984768138678));
#1669 = CARTESIAN_POINT('',(41.663712057209,22.,7.040340420255));
#1670 = CARTESIAN_POINT('',(41.726938404943,22.,7.090610275719));
#1671 = CARTESIAN_POINT('',(41.795197147651,22.,7.135696308725));
#1672 = ORIENTED_EDGE('',*,*,#1673,.T.);
#1673 = EDGE_CURVE('',#1655,#1674,#1676,.T.);
#1674 = VERTEX_POINT('',#1675);
#1675 = CARTESIAN_POINT('',(43.165163590604,22.,7.436241610738));
#1676 = B_SPLINE_CURVE_WITH_KNOTS('',6,(#1677,#1678,#1679,#1680,#1681,
    #1682,#1683,#1684,#1685,#1686,#1687,#1688),.UNSPECIFIED.,.F.,.F.,(7,
    5,7),(0.,0.44579346295,1.),.UNSPECIFIED.);
#1677 = CARTESIAN_POINT('',(41.795197147651,22.,7.135696308725));
#1678 = CARTESIAN_POINT('',(41.874774664782,22.,7.188319558401));
#1679 = CARTESIAN_POINT('',(41.960988098329,22.,7.234194842025));
#1680 = CARTESIAN_POINT('',(42.05273203805,22.,7.273561404968));
#1681 = CARTESIAN_POINT('',(42.148906740675,22.,7.306955397618));
#1682 = CARTESIAN_POINT('',(42.248629777413,22.,7.33494434518));
#1683 = CARTESIAN_POINT('',(42.478892335274,22.,7.386819113265));
#1684 = CARTESIAN_POINT('',(42.610971816576,22.,7.408038946403));
#1685 = CARTESIAN_POINT('',(42.746363152276,22.,7.422787911978));
#1686 = CARTESIAN_POINT('',(42.884201417866,22.,7.431948466608));
#1687 = CARTESIAN_POINT('',(43.023904061755,22.,7.436241610738));
#1688 = CARTESIAN_POINT('',(43.165163590604,22.,7.436241610738));
#1689 = ORIENTED_EDGE('',*,*,#1690,.T.);
#1690 = EDGE_CURVE('',#1674,#1691,#1693,.T.);
#1691 = VERTEX_POINT('',#1692);
#1692 = CARTESIAN_POINT('',(43.857277684564,22.,7.385906040268));
#1693 = B_SPLINE_CURVE_WITH_KNOTS('',4,(#1694,#1695,#1696,#1697,#1698),
  .UNSPECIFIED.,.F.,.F.,(5,5),(0.,1.),.PIECEWISE_BEZIER_KNOTS.);
#1694 = CARTESIAN_POINT('',(43.165163590604,22.,7.436241610738));
#1695 = CARTESIAN_POINT('',(43.336242600223,22.,7.436241610738));
#1696 = CARTESIAN_POINT('',(43.508777040602,22.,7.427733238042));
#1697 = CARTESIAN_POINT('',(43.6825302423,22.,7.410869960592));
#1698 = CARTESIAN_POINT('',(43.857277684564,22.,7.385906040268));
#1699 = ORIENTED_EDGE('',*,*,#1700,.T.);
#1700 = EDGE_CURVE('',#1691,#1701,#1703,.T.);
#1701 = VERTEX_POINT('',#1702);
#1702 = CARTESIAN_POINT('',(44.56826761745,22.,7.234899328859));
#1703 = B_SPLINE_CURVE_WITH_KNOTS('',4,(#1704,#1705,#1706,#1707,#1708),
  .UNSPECIFIED.,.F.,.F.,(5,5),(0.,1.),.PIECEWISE_BEZIER_KNOTS.);
#1704 = CARTESIAN_POINT('',(43.857277684564,22.,7.385906040268));
#1705 = CARTESIAN_POINT('',(44.03475697373,22.,7.360551856102));
#1706 = CARTESIAN_POINT('',(44.212549122776,22.,7.326790532007));
#1707 = CARTESIAN_POINT('',(44.390446623777,22.,7.28481399375));
#1708 = CARTESIAN_POINT('',(44.56826761745,22.,7.234899328859));
#1709 = ORIENTED_EDGE('',*,*,#1710,.F.);
#1710 = EDGE_CURVE('',#1711,#1701,#1713,.T.);
#1711 = VERTEX_POINT('',#1712);
#1712 = CARTESIAN_POINT('',(44.56826761745,22.,6.348993288591));
#1713 = LINE('',#1714,#1715);
#1714 = CARTESIAN_POINT('',(44.56826761745,22.,3.174496644295));
#1715 = VECTOR('',#1716,1.);
#1716 = DIRECTION('',(-0.,0.,1.));
#1717 = ORIENTED_EDGE('',*,*,#1718,.T.);
#1718 = EDGE_CURVE('',#1711,#1719,#1721,.T.);
#1719 = VERTEX_POINT('',#1720);
#1720 = CARTESIAN_POINT('',(43.973678691275,22.,6.539429530201));
#1721 = B_SPLINE_CURVE_WITH_KNOTS('',5,(#1722,#1723,#1724,#1725,#1726,
    #1727),.UNSPECIFIED.,.F.,.F.,(6,6),(0.,1.),
  .PIECEWISE_BEZIER_KNOTS.);
#1722 = CARTESIAN_POINT('',(44.56826761745,22.,6.348993288591));
#1723 = CARTESIAN_POINT('',(44.450916407521,22.,6.399013201475));
#1724 = CARTESIAN_POINT('',(44.332691471755,22.,6.443204785668));
#1725 = CARTESIAN_POINT('',(44.2136776295,22.,6.481412671965));
#1726 = CARTESIAN_POINT('',(44.093970665939,22.,6.513513996011));
#1727 = CARTESIAN_POINT('',(43.973678691275,22.,6.539429530201));
#1728 = ORIENTED_EDGE('',*,*,#1729,.T.);
#1729 = EDGE_CURVE('',#1719,#1730,#1732,.T.);
#1730 = VERTEX_POINT('',#1731);
#1731 = CARTESIAN_POINT('',(43.382235738255,22.,6.604026845638));
#1732 = B_SPLINE_CURVE_WITH_KNOTS('',5,(#1733,#1734,#1735,#1736,#1737,
    #1738),.UNSPECIFIED.,.F.,.F.,(6,6),(0.,1.),
  .PIECEWISE_BEZIER_KNOTS.);
#1733 = CARTESIAN_POINT('',(43.973678691275,22.,6.539429530201));
#1734 = CARTESIAN_POINT('',(43.8549443385,22.,6.565092814871));
#1735 = CARTESIAN_POINT('',(43.736310406305,22.,6.584496338353));
#1736 = CARTESIAN_POINT('',(43.617897265107,22.,6.597504744982));
#1737 = CARTESIAN_POINT('',(43.499829564114,22.,6.604026845638));
#1738 = CARTESIAN_POINT('',(43.382235738255,22.,6.604026845638));
#1739 = ORIENTED_EDGE('',*,*,#1740,.T.);
#1740 = EDGE_CURVE('',#1730,#1741,#1743,.T.);
#1741 = VERTEX_POINT('',#1742);
#1742 = CARTESIAN_POINT('',(42.768770973154,22.,6.45658557047));
#1743 = B_SPLINE_CURVE_WITH_KNOTS('',5,(#1744,#1745,#1746,#1747,#1748,
    #1749,#1750,#1751,#1752,#1753),.UNSPECIFIED.,.F.,.F.,(6,4,6),(0.,
    0.560182092931,1.),.UNSPECIFIED.);
#1744 = CARTESIAN_POINT('',(43.382235738255,22.,6.604026845638));
#1745 = CARTESIAN_POINT('',(43.299466521385,22.,6.604026845638));
#1746 = CARTESIAN_POINT('',(43.219698382302,22.,6.600008745947));
#1747 = CARTESIAN_POINT('',(43.143391488153,22.,6.591608407521));
#1748 = CARTESIAN_POINT('',(43.071112228537,22.,6.578442935028));
#1749 = CARTESIAN_POINT('',(42.950291192638,22.,6.545935944217));
#1750 = CARTESIAN_POINT('',(42.89998517173,22.,6.528529222645));
#1751 = CARTESIAN_POINT('',(42.852792558132,22.,6.50788039651));
#1752 = CARTESIAN_POINT('',(42.808983687494,22.,6.483899133929));
#1753 = CARTESIAN_POINT('',(42.768770973154,22.,6.45658557047));
#1754 = ORIENTED_EDGE('',*,*,#1755,.T.);
#1755 = EDGE_CURVE('',#1741,#1756,#1758,.T.);
#1756 = VERTEX_POINT('',#1757);
#1757 = CARTESIAN_POINT('',(42.551698825503,22.,6.039848993289));
#1758 = B_SPLINE_CURVE_WITH_KNOTS('',5,(#1759,#1760,#1761,#1762,#1763,
    #1764,#1765,#1766,#1767,#1768),.UNSPECIFIED.,.F.,.F.,(6,4,6),(0.,
    0.469484338058,1.),.UNSPECIFIED.);
#1759 = CARTESIAN_POINT('',(42.768770973154,22.,6.45658557047));
#1760 = CARTESIAN_POINT('',(42.728550663457,22.,6.42930570824));
#1761 = CARTESIAN_POINT('',(42.692559468848,22.,6.399111617863));
#1762 = CARTESIAN_POINT('',(42.661120044464,22.,6.365975625164));
#1763 = CARTESIAN_POINT('',(42.634463165866,22.,6.329945477657));
#1764 = CARTESIAN_POINT('',(42.588053153175,22.,6.247370258469));
#1765 = CARTESIAN_POINT('',(42.569643617299,22.,6.200059413314));
#1766 = CARTESIAN_POINT('',(42.557575376073,22.,6.149471031058));
#1767 = CARTESIAN_POINT('',(42.551698825503,22.,6.095939056423));
#1768 = CARTESIAN_POINT('',(42.551698825503,22.,6.039848993289));
#1769 = ORIENTED_EDGE('',*,*,#1770,.T.);
#1770 = EDGE_CURVE('',#1756,#1771,#1773,.T.);
#1771 = VERTEX_POINT('',#1772);
#1772 = CARTESIAN_POINT('',(42.775062919463,22.,5.605704697987));
#1773 = B_SPLINE_CURVE_WITH_KNOTS('',5,(#1774,#1775,#1776,#1777,#1778,
    #1779,#1780,#1781,#1782,#1783),.UNSPECIFIED.,.F.,.F.,(6,4,6),(0.,
    0.603852078275,1.),.UNSPECIFIED.);
#1774 = CARTESIAN_POINT('',(42.551698825503,22.,6.039848993289));
#1775 = CARTESIAN_POINT('',(42.551698825503,22.,5.971509474014));
#1776 = CARTESIAN_POINT('',(42.559370472677,22.,5.906969251751));
#1777 = CARTESIAN_POINT('',(42.575303256733,22.,5.846952453314));
#1778 = CARTESIAN_POINT('',(42.599817157423,22.,5.79210591298));
#1779 = CARTESIAN_POINT('',(42.654184295285,22.,5.710480159134));
#1780 = CARTESIAN_POINT('',(42.679304384467,22.,5.680530120978));
#1781 = CARTESIAN_POINT('',(42.707937724691,22.,5.653072034056));
#1782 = CARTESIAN_POINT('',(42.739928777806,22.,5.62813776496));
#1783 = CARTESIAN_POINT('',(42.775062919463,22.,5.605704697987));
#1784 = ORIENTED_EDGE('',*,*,#1785,.T.);
#1785 = EDGE_CURVE('',#1771,#1786,#1788,.T.);
#1786 = VERTEX_POINT('',#1787);
#1787 = CARTESIAN_POINT('',(43.454593120805,22.,5.463087248322));
#1788 = B_SPLINE_CURVE_WITH_KNOTS('',5,(#1789,#1790,#1791,#1792,#1793,
    #1794,#1795,#1796,#1797,#1798),.UNSPECIFIED.,.F.,.F.,(6,4,6),(0.,
    0.431644157924,1.),.UNSPECIFIED.);
#1789 = CARTESIAN_POINT('',(42.775062919463,22.,5.605704697987));
#1790 = CARTESIAN_POINT('',(42.816834976984,22.,5.579033337316));
#1791 = CARTESIAN_POINT('',(42.863213621372,22.,5.555787588114));
#1792 = CARTESIAN_POINT('',(42.913812335251,22.,5.535918158778));
#1793 = CARTESIAN_POINT('',(42.968169875018,22.,5.519256216105));
#1794 = CARTESIAN_POINT('',(43.101825944491,22.,5.487627329421));
#1795 = CARTESIAN_POINT('',(43.183567333688,22.,5.474869838812));
#1796 = CARTESIAN_POINT('',(43.270134904317,22.,5.466865944338));
#1797 = CARTESIAN_POINT('',(43.360677834594,22.,5.463087248322));
#1798 = CARTESIAN_POINT('',(43.454593120805,22.,5.463087248322));
#1799 = ORIENTED_EDGE('',*,*,#1800,.F.);
#1800 = EDGE_CURVE('',#1801,#1786,#1803,.T.);
#1801 = VERTEX_POINT('',#1802);
#1802 = CARTESIAN_POINT('',(43.964240771812,22.,5.463087248322));
#1803 = LINE('',#1804,#1805);
#1804 = CARTESIAN_POINT('',(21.982120385906,22.,5.463087248322));
#1805 = VECTOR('',#1806,1.);
#1806 = DIRECTION('',(-1.,0.,0.));
#1807 = ORIENTED_EDGE('',*,*,#1808,.F.);
#1808 = EDGE_CURVE('',#1809,#1801,#1811,.T.);
#1809 = VERTEX_POINT('',#1810);
#1810 = CARTESIAN_POINT('',(43.964240771812,22.,4.684563758389));
#1811 = LINE('',#1812,#1813);
#1812 = CARTESIAN_POINT('',(43.964240771812,22.,2.342281879195));
#1813 = VECTOR('',#1814,1.);
#1814 = DIRECTION('',(-0.,0.,1.));
#1815 = ORIENTED_EDGE('',*,*,#1816,.F.);
#1816 = EDGE_CURVE('',#1817,#1809,#1819,.T.);
#1817 = VERTEX_POINT('',#1818);
#1818 = CARTESIAN_POINT('',(43.47976090604,22.,4.684563758389));
#1819 = LINE('',#1820,#1821);
#1820 = CARTESIAN_POINT('',(21.73988045302,22.,4.684563758389));
#1821 = VECTOR('',#1822,1.);
#1822 = DIRECTION('',(1.,0.,0.));
#1823 = ORIENTED_EDGE('',*,*,#1824,.T.);
#1824 = EDGE_CURVE('',#1817,#1825,#1827,.T.);
#1825 = VERTEX_POINT('',#1826);
#1826 = CARTESIAN_POINT('',(42.704383389262,22.,4.518666107383));
#1827 = B_SPLINE_CURVE_WITH_KNOTS('',5,(#1828,#1829,#1830,#1831,#1832,
    #1833,#1834,#1835,#1836,#1837),.UNSPECIFIED.,.F.,.F.,(6,4,6),(0.,
    0.526087068515,1.),.UNSPECIFIED.);
#1828 = CARTESIAN_POINT('',(43.47976090604,22.,4.684563758389));
#1829 = CARTESIAN_POINT('',(43.382900431188,22.,4.684563758389));
#1830 = CARTESIAN_POINT('',(43.288765947668,22.,4.680863985374));
#1831 = CARTESIAN_POINT('',(43.19785908039,22.,4.67303093654));
#1832 = CARTESIAN_POINT('',(43.11090186982,22.,4.660547960383));
#1833 = CARTESIAN_POINT('',(42.954735167997,22.,4.627046512907));
#1834 = CARTESIAN_POINT('',(42.884623968406,22.,4.606997831385));
#1835 = CARTESIAN_POINT('',(42.819046027881,22.,4.582427690544));
#1836 = CARTESIAN_POINT('',(42.758750394612,22.,4.553014590795));
#1837 = CARTESIAN_POINT('',(42.704383389262,22.,4.518666107383));
#1838 = ORIENTED_EDGE('',*,*,#1839,.T.);
#1839 = EDGE_CURVE('',#1825,#1840,#1842,.T.);
#1840 = VERTEX_POINT('',#1841);
#1841 = CARTESIAN_POINT('',(42.441589765101,22.,4.030411073826));
#1842 = B_SPLINE_CURVE_WITH_KNOTS('',5,(#1843,#1844,#1845,#1846,#1847,
    #1848,#1849,#1850,#1851,#1852),.UNSPECIFIED.,.F.,.F.,(6,4,6),(0.,
    0.459113432655,1.),.UNSPECIFIED.);
#1843 = CARTESIAN_POINT('',(42.704383389262,22.,4.518666107383));
#1844 = CARTESIAN_POINT('',(42.656964744983,22.,4.488731432502));
#1845 = CARTESIAN_POINT('',(42.61422217951,22.,4.455188948524));
#1846 = CARTESIAN_POINT('',(42.576642102266,22.,4.41797420567));
#1847 = CARTESIAN_POINT('',(42.54459366941,22.,4.377140659545));
#1848 = CARTESIAN_POINT('',(42.487149731533,22.,4.280852319586));
#1849 = CARTESIAN_POINT('',(42.463945954707,22.,4.224071886792));
#1850 = CARTESIAN_POINT('',(42.448858113752,22.,4.162994598997));
#1851 = CARTESIAN_POINT('',(42.441589765101,22.,4.098222701967));
#1852 = CARTESIAN_POINT('',(42.441589765101,22.,4.030411073826));
#1853 = ORIENTED_EDGE('',*,*,#1854,.T.);
#1854 = EDGE_CURVE('',#1840,#1855,#1857,.T.);
#1855 = VERTEX_POINT('',#1856);
#1856 = CARTESIAN_POINT('',(42.698091442953,22.,3.549916107383));
#1857 = B_SPLINE_CURVE_WITH_KNOTS('',5,(#1858,#1859,#1860,#1861,#1862,
    #1863,#1864,#1865,#1866,#1867),.UNSPECIFIED.,.F.,.F.,(6,4,6),(0.,
    0.524493213976,1.),.UNSPECIFIED.);
#1858 = CARTESIAN_POINT('',(42.441589765101,22.,4.030411073826));
#1859 = CARTESIAN_POINT('',(42.441589765101,22.,3.966344021651));
#1860 = CARTESIAN_POINT('',(42.448309908516,22.,3.905000432171));
#1861 = CARTESIAN_POINT('',(42.462204747546,22.,3.846922689081));
#1862 = CARTESIAN_POINT('',(42.483507521761,22.,3.792602675732));
#1863 = CARTESIAN_POINT('',(42.5378675159,22.,3.69684693515));
#1864 = CARTESIAN_POINT('',(42.569647597099,22.,3.654670127975));
#1865 = CARTESIAN_POINT('',(42.607218330073,22.,3.616102247238));
#1866 = CARTESIAN_POINT('',(42.650200650148,22.,3.581203714456));
#1867 = CARTESIAN_POINT('',(42.698091442953,22.,3.549916107383));
#1868 = ORIENTED_EDGE('',*,*,#1869,.T.);
#1869 = EDGE_CURVE('',#1855,#1870,#1872,.T.);
#1870 = VERTEX_POINT('',#1871);
#1871 = CARTESIAN_POINT('',(43.435717281879,22.,3.38255033557));
#1872 = B_SPLINE_CURVE_WITH_KNOTS('',5,(#1873,#1874,#1875,#1876,#1877,
    #1878,#1879,#1880,#1881,#1882),.UNSPECIFIED.,.F.,.F.,(6,4,6),(0.,
    0.480415373166,1.),.UNSPECIFIED.);
#1873 = CARTESIAN_POINT('',(42.698091442953,22.,3.549916107383));
#1874 = CARTESIAN_POINT('',(42.751129866189,22.,3.515280541309));
#1875 = CARTESIAN_POINT('',(42.809600996085,22.,3.485511156891));
#1876 = CARTESIAN_POINT('',(42.872992537708,22.,3.460563958915));
#1877 = CARTESIAN_POINT('',(42.940685598558,22.,3.440181530016));
#1878 = CARTESIAN_POINT('',(43.08937865277,22.,3.40661929518));
#1879 = CARTESIAN_POINT('',(43.171013479292,22.,3.394162253305));
#1880 = CARTESIAN_POINT('',(43.25633240564,22.,3.386289429082));
#1881 = CARTESIAN_POINT('',(43.344718430473,22.,3.38255033557));
#1882 = CARTESIAN_POINT('',(43.435717281879,22.,3.38255033557));
#1883 = ORIENTED_EDGE('',*,*,#1884,.T.);
#1884 = EDGE_CURVE('',#1870,#1885,#1887,.T.);
#1885 = VERTEX_POINT('',#1886);
#1886 = CARTESIAN_POINT('',(44.09490352349,22.,3.470637583893));
#1887 = B_SPLINE_CURVE_WITH_KNOTS('',5,(#1888,#1889,#1890,#1891,#1892,
    #1893),.UNSPECIFIED.,.F.,.F.,(6,6),(0.,1.),
  .PIECEWISE_BEZIER_KNOTS.);
#1888 = CARTESIAN_POINT('',(43.435717281879,22.,3.38255033557));
#1889 = CARTESIAN_POINT('',(43.566460884732,22.,3.38255033557));
#1890 = CARTESIAN_POINT('',(43.698002883479,22.,3.391513262697));
#1891 = CARTESIAN_POINT('',(43.830084089668,22.,3.40934785557));
#1892 = CARTESIAN_POINT('',(43.962460080684,22.,3.435827667761));
#1893 = CARTESIAN_POINT('',(44.09490352349,22.,3.470637583893));
#1894 = ORIENTED_EDGE('',*,*,#1895,.T.);
#1895 = EDGE_CURVE('',#1885,#1896,#1898,.T.);
#1896 = VERTEX_POINT('',#1897);
#1897 = CARTESIAN_POINT('',(44.769609899329,22.,3.731543624161));
#1898 = B_SPLINE_CURVE_WITH_KNOTS('',5,(#1899,#1900,#1901,#1902,#1903,
    #1904),.UNSPECIFIED.,.F.,.F.,(6,6),(0.,1.),
  .PIECEWISE_BEZIER_KNOTS.);
#1899 = CARTESIAN_POINT('',(44.09490352349,22.,3.470637583893));
#1900 = CARTESIAN_POINT('',(44.230936549771,22.,3.506413332821));
#1901 = CARTESIAN_POINT('',(44.366620245763,22.,3.550701743992));
#1902 = CARTESIAN_POINT('',(44.501739839762,22.,3.603231820337));
#1903 = CARTESIAN_POINT('',(44.63611784647,22.,3.663643962707));
#1904 = CARTESIAN_POINT('',(44.769609899329,22.,3.731543624161));
#1905 = ORIENTED_EDGE('',*,*,#1906,.F.);
#1906 = EDGE_CURVE('',#1907,#1896,#1909,.T.);
#1907 = VERTEX_POINT('',#1908);
#1908 = CARTESIAN_POINT('',(44.769609899329,22.,2.791946308725));
#1909 = LINE('',#1910,#1911);
#1910 = CARTESIAN_POINT('',(44.769609899329,22.,1.395973154362));
#1911 = VECTOR('',#1912,1.);
#1912 = DIRECTION('',(-0.,0.,1.));
#1913 = ORIENTED_EDGE('',*,*,#1914,.T.);
#1914 = EDGE_CURVE('',#1907,#1915,#1917,.T.);
#1915 = VERTEX_POINT('',#1916);
#1916 = CARTESIAN_POINT('',(44.050859899329,22.,2.620805369128));
#1917 = B_SPLINE_CURVE_WITH_KNOTS('',4,(#1918,#1919,#1920,#1921,#1922),
  .UNSPECIFIED.,.F.,.F.,(5,5),(0.,1.),.PIECEWISE_BEZIER_KNOTS.);
#1918 = CARTESIAN_POINT('',(44.769609899329,22.,2.791946308725));
#1919 = CARTESIAN_POINT('',(44.592467523774,22.,2.735093534505));
#1920 = CARTESIAN_POINT('',(44.413473199826,22.,2.687501577234));
#1921 = CARTESIAN_POINT('',(44.232849854843,22.,2.649385777846));
#1922 = CARTESIAN_POINT('',(44.050859899329,22.,2.620805369128));
#1923 = ORIENTED_EDGE('',*,*,#1924,.T.);
#1924 = EDGE_CURVE('',#1915,#1925,#1927,.T.);
#1925 = VERTEX_POINT('',#1926);
#1926 = CARTESIAN_POINT('',(43.325608221477,22.,2.563758389262));
#1927 = B_SPLINE_CURVE_WITH_KNOTS('',4,(#1928,#1929,#1930,#1931,#1932),
  .UNSPECIFIED.,.F.,.F.,(5,5),(0.,1.),.PIECEWISE_BEZIER_KNOTS.);
#1928 = CARTESIAN_POINT('',(44.050859899329,22.,2.620805369128));
#1929 = CARTESIAN_POINT('',(43.86978424601,22.,2.592384954989));
#1930 = CARTESIAN_POINT('',(43.688382435162,22.,2.573308720309));
#1931 = CARTESIAN_POINT('',(43.506902827081,22.,2.563758389262));
#1932 = CARTESIAN_POINT('',(43.325608221477,22.,2.563758389262));
#1933 = ORIENTED_EDGE('',*,*,#1934,.T.);
#1934 = EDGE_CURVE('',#1925,#1935,#1937,.T.);
#1935 = VERTEX_POINT('',#1936);
#1936 = CARTESIAN_POINT('',(41.765205536913,22.,2.927013422819));
#1937 = B_SPLINE_CURVE_WITH_KNOTS('',6,(#1938,#1939,#1940,#1941,#1942,
    #1943,#1944,#1945,#1946,#1947,#1948,#1949),.UNSPECIFIED.,.F.,.F.,(7,
    5,7),(0.,0.592105522272,1.),.UNSPECIFIED.);
#1938 = CARTESIAN_POINT('',(43.325608221477,22.,2.563758389262));
#1939 = CARTESIAN_POINT('',(43.156021689494,22.,2.563758389262));
#1940 = CARTESIAN_POINT('',(42.988052556453,22.,2.56971767905));
#1941 = CARTESIAN_POINT('',(42.82206046136,22.,2.582484637508));
#1942 = CARTESIAN_POINT('',(42.658830250735,22.,2.603143115206));
#1943 = CARTESIAN_POINT('',(42.499574786833,22.,2.633018317885));
#1944 = CARTESIAN_POINT('',(42.240070256683,22.,2.701628924441));
#1945 = CARTESIAN_POINT('',(42.136912776297,22.,2.734706770846));
#1946 = CARTESIAN_POINT('',(42.037024575277,22.,2.773359600522));
#1947 = CARTESIAN_POINT('',(41.941171485561,22.,2.818066794714));
#1948 = CARTESIAN_POINT('',(41.850263934914,22.,2.869240424647));
#1949 = CARTESIAN_POINT('',(41.765205536913,22.,2.927013422819));
#1950 = ORIENTED_EDGE('',*,*,#1951,.T.);
#1951 = EDGE_CURVE('',#1935,#1589,#1952,.T.);
#1952 = B_SPLINE_CURVE_WITH_KNOTS('',5,(#1953,#1954,#1955,#1956,#1957,
    #1958,#1959,#1960,#1961,#1962,#1963,#1964,#1965,#1966,#1967,#1968,
    #1969,#1970),.UNSPECIFIED.,.F.,.F.,(6,4,4,4,6),(0.,0.132315750165,
    0.408660659318,0.790769164078,1.),.UNSPECIFIED.);
#1953 = CARTESIAN_POINT('',(41.765205536913,22.,2.927013422819));
#1954 = CARTESIAN_POINT('',(41.737588950262,22.,2.945771041674));
#1955 = CARTESIAN_POINT('',(41.710644159645,22.,2.965235750016));
#1956 = CARTESIAN_POINT('',(41.684413658881,22.,2.985416364568));
#1957 = CARTESIAN_POINT('',(41.658939213415,22.,3.00631641998));
#1958 = CARTESIAN_POINT('',(41.582722562154,22.,3.073083403416));
#1959 = CARTESIAN_POINT('',(41.534654127061,22.,3.121367534423));
#1960 = CARTESIAN_POINT('',(41.49044096781,22.,3.172756476261));
#1961 = CARTESIAN_POINT('',(41.450390520262,22.,3.227122430581));
#1962 = CARTESIAN_POINT('',(41.365280603335,22.,3.363105032736));
#1963 = CARTESIAN_POINT('',(41.324152534426,22.,3.447217055642));
#1964 = CARTESIAN_POINT('',(41.291759403895,22.,3.535787827008));
#1965 = CARTESIAN_POINT('',(41.267830373494,22.,3.627883846322));
#1966 = CARTESIAN_POINT('',(41.242995516825,22.,3.774438718149));
#1967 = CARTESIAN_POINT('',(41.236569715658,22.,3.827083951196));
#1968 = CARTESIAN_POINT('',(41.232408604596,22.,3.880381645176));
#1969 = CARTESIAN_POINT('',(41.230390100671,22.,3.934208980934));
#1970 = CARTESIAN_POINT('',(41.230390100671,22.,3.988464765101));
#1971 = FACE_BOUND('',#1972,.F.);
#1972 = EDGE_LOOP('',(#1973,#1983,#1991,#2012,#2027,#2046,#2063,#2074,
    #2085,#2093,#2104,#2115,#2132,#2147,#2162,#2173,#2181,#2189,#2197));
#1973 = ORIENTED_EDGE('',*,*,#1974,.F.);
#1974 = EDGE_CURVE('',#1975,#1977,#1979,.T.);
#1975 = VERTEX_POINT('',#1976);
#1976 = CARTESIAN_POINT('',(26.360213926174,22.,3.496644295302));
#1977 = VERTEX_POINT('',#1978);
#1978 = CARTESIAN_POINT('',(24.293309563758,22.,3.496644295302));
#1979 = LINE('',#1980,#1981);
#1980 = CARTESIAN_POINT('',(13.180106963087,22.,3.496644295302));
#1981 = VECTOR('',#1982,1.);
#1982 = DIRECTION('',(-1.,0.,0.));
#1983 = ORIENTED_EDGE('',*,*,#1984,.F.);
#1984 = EDGE_CURVE('',#1985,#1975,#1987,.T.);
#1985 = VERTEX_POINT('',#1986);
#1986 = CARTESIAN_POINT('',(25.356648489933,22.,4.375629194631));
#1987 = LINE('',#1988,#1989);
#1988 = CARTESIAN_POINT('',(19.266505801639,22.,9.709754169895));
#1989 = VECTOR('',#1990,1.);
#1990 = DIRECTION('',(0.752255226589,0.,-0.65887181915));
#1991 = ORIENTED_EDGE('',*,*,#1992,.T.);
#1992 = EDGE_CURVE('',#1985,#1993,#1995,.T.);
#1993 = VERTEX_POINT('',#1994);
#1994 = CARTESIAN_POINT('',(24.522965604027,22.,5.265310402685));
#1995 = B_SPLINE_CURVE_WITH_KNOTS('',8,(#1996,#1997,#1998,#1999,#2000,
    #2001,#2002,#2003,#2004,#2005,#2006,#2007,#2008,#2009,#2010,#2011),
  .UNSPECIFIED.,.F.,.F.,(9,7,9),(0.,0.859042857412,1.),.UNSPECIFIED.);
#1996 = CARTESIAN_POINT('',(25.356648489933,22.,4.375629194631));
#1997 = CARTESIAN_POINT('',(25.246130049179,22.,4.472579034738));
#1998 = CARTESIAN_POINT('',(25.138813152203,22.,4.569457371302));
#1999 = CARTESIAN_POINT('',(25.034928256036,22.,4.6664381587));
#2000 = CARTESIAN_POINT('',(24.93508866379,22.,4.763499399263));
#2001 = CARTESIAN_POINT('',(24.840280427309,22.,4.860425880854));
#2002 = CARTESIAN_POINT('',(24.751977729165,22.,4.956794357397));
#2003 = CARTESIAN_POINT('',(24.672105257263,22.,5.051979772978));
#2004 = CARTESIAN_POINT('',(24.592284197905,22.,5.16038716491));
#2005 = CARTESIAN_POINT('',(24.581340993389,22.,5.175607278813));
#2006 = CARTESIAN_POINT('',(24.570719513472,22.,5.190761342824));
#2007 = CARTESIAN_POINT('',(24.560434085931,22.,5.205843380124));
#2008 = CARTESIAN_POINT('',(24.550499785658,22.,5.220846804658));
#2009 = CARTESIAN_POINT('',(24.540932434656,22.,5.235764421143));
#2010 = CARTESIAN_POINT('',(24.531748602037,22.,5.250588425067));
#2011 = CARTESIAN_POINT('',(24.522965604027,22.,5.265310402685));
#2012 = ORIENTED_EDGE('',*,*,#2013,.T.);
#2013 = EDGE_CURVE('',#1993,#2014,#2016,.T.);
#2014 = VERTEX_POINT('',#2015);
#2015 = CARTESIAN_POINT('',(24.324769295302,22.,5.981543624161));
#2016 = B_SPLINE_CURVE_WITH_KNOTS('',5,(#2017,#2018,#2019,#2020,#2021,
    #2022,#2023,#2024,#2025,#2026),.UNSPECIFIED.,.F.,.F.,(6,4,6),(0.,
    0.526229627968,1.),.UNSPECIFIED.);
#2017 = CARTESIAN_POINT('',(24.522965604027,22.,5.265310402685));
#2018 = CARTESIAN_POINT('',(24.48167159951,22.,5.334527019779));
#2019 = CARTESIAN_POINT('',(24.445456390735,22.,5.405649317383));
#2020 = CARTESIAN_POINT('',(24.414566024455,22.,5.478566203343));
#2021 = CARTESIAN_POINT('',(24.389163265666,22.,5.553127157325));
#2022 = CARTESIAN_POINT('',(24.351415454731,22.,5.69756223337));
#2023 = CARTESIAN_POINT('',(24.338020251688,22.,5.767166026936));
#2024 = CARTESIAN_POINT('',(24.329151745976,22.,5.837800539637));
#2025 = CARTESIAN_POINT('',(24.324769295302,22.,5.909312685634));
#2026 = CARTESIAN_POINT('',(24.324769295302,22.,5.981543624161));
#2027 = ORIENTED_EDGE('',*,*,#2028,.T.);
#2028 = EDGE_CURVE('',#2014,#2029,#2031,.T.);
#2029 = VERTEX_POINT('',#2030);
#2030 = CARTESIAN_POINT('',(24.792051174497,22.,7.017617449664));
#2031 = B_SPLINE_CURVE_WITH_KNOTS('',5,(#2032,#2033,#2034,#2035,#2036,
    #2037,#2038,#2039,#2040,#2041,#2042,#2043,#2044,#2045),
  .UNSPECIFIED.,.F.,.F.,(6,4,4,6),(0.,0.228007551562,0.645419787463,1.),
  .UNSPECIFIED.);
#2032 = CARTESIAN_POINT('',(24.324769295302,22.,5.981543624161));
#2033 = CARTESIAN_POINT('',(24.324769295302,22.,6.037893485602));
#2034 = CARTESIAN_POINT('',(24.326868626853,22.,6.09376738251));
#2035 = CARTESIAN_POINT('',(24.331192406432,22.,6.149060955483));
#2036 = CARTESIAN_POINT('',(24.337862888173,22.,6.203648965546));
#2037 = CARTESIAN_POINT('',(24.363660456687,22.,6.355779325705));
#2038 = CARTESIAN_POINT('',(24.388537663151,22.,6.451366256222));
#2039 = CARTESIAN_POINT('',(24.422193272432,22.,6.543219635729));
#2040 = CARTESIAN_POINT('',(24.464893421702,22.,6.630404601282));
#2041 = CARTESIAN_POINT('',(24.559724256954,22.,6.781655633597));
#2042 = CARTESIAN_POINT('',(24.609482530979,22.,6.84724989942));
#2043 = CARTESIAN_POINT('',(24.665167809759,22.,6.908520767495));
#2044 = CARTESIAN_POINT('',(24.726241849368,22.,6.965306715911));
#2045 = CARTESIAN_POINT('',(24.792051174497,22.,7.017617449664));
#2046 = ORIENTED_EDGE('',*,*,#2047,.T.);
#2047 = EDGE_CURVE('',#2029,#2048,#2050,.T.);
#2048 = VERTEX_POINT('',#2049);
#2049 = CARTESIAN_POINT('',(26.102244127517,22.,7.389261744966));
#2050 = B_SPLINE_CURVE_WITH_KNOTS('',6,(#2051,#2052,#2053,#2054,#2055,
    #2056,#2057,#2058,#2059,#2060,#2061,#2062),.UNSPECIFIED.,.F.,.F.,(7,
    5,7),(0.,0.524565078668,1.),.UNSPECIFIED.);
#2051 = CARTESIAN_POINT('',(24.792051174497,22.,7.017617449664));
#2052 = CARTESIAN_POINT('',(24.881884798994,22.,7.089097100589));
#2053 = CARTESIAN_POINT('',(24.979431943577,22.,7.151824315578));
#2054 = CARTESIAN_POINT('',(25.083756063791,22.,7.205447359225));
#2055 = CARTESIAN_POINT('',(25.193721886964,22.,7.250243267809));
#2056 = CARTESIAN_POINT('',(25.308230853094,22.,7.286763887543));
#2057 = CARTESIAN_POINT('',(25.533375068543,22.,7.341862858141));
#2058 = CARTESIAN_POINT('',(25.643392433913,22.,7.361807009674));
#2059 = CARTESIAN_POINT('',(25.755756267646,22.,7.376002423447));
#2060 = CARTESIAN_POINT('',(25.869934488615,22.,7.384988049783));
#2061 = CARTESIAN_POINT('',(25.985521376604,22.,7.389261744966));
#2062 = CARTESIAN_POINT('',(26.102244127517,22.,7.389261744966));
#2063 = ORIENTED_EDGE('',*,*,#2064,.T.);
#2064 = EDGE_CURVE('',#2048,#2065,#2067,.T.);
#2065 = VERTEX_POINT('',#2066);
#2066 = CARTESIAN_POINT('',(26.885591442953,22.,7.31711409396));
#2067 = B_SPLINE_CURVE_WITH_KNOTS('',5,(#2068,#2069,#2070,#2071,#2072,
    #2073),.UNSPECIFIED.,.F.,.F.,(6,6),(0.,1.),
  .PIECEWISE_BEZIER_KNOTS.);
#2068 = CARTESIAN_POINT('',(26.102244127517,22.,7.389261744966));
#2069 = CARTESIAN_POINT('',(26.257274595564,22.,7.389261744966));
#2070 = CARTESIAN_POINT('',(26.413315098775,22.,7.38190463495));
#2071 = CARTESIAN_POINT('',(26.570170038077,22.,7.367303232182));
#2072 = CARTESIAN_POINT('',(26.727653453515,22.,7.345634129848));
#2073 = CARTESIAN_POINT('',(26.885591442953,22.,7.31711409396));
#2074 = ORIENTED_EDGE('',*,*,#2075,.T.);
#2075 = EDGE_CURVE('',#2065,#2076,#2078,.T.);
#2076 = VERTEX_POINT('',#2077);
#2077 = CARTESIAN_POINT('',(27.694106543624,22.,7.107382550336));
#2078 = B_SPLINE_CURVE_WITH_KNOTS('',5,(#2079,#2080,#2081,#2082,#2083,
    #2084),.UNSPECIFIED.,.F.,.F.,(6,6),(0.,1.),
  .PIECEWISE_BEZIER_KNOTS.);
#2079 = CARTESIAN_POINT('',(26.885591442953,22.,7.31711409396));
#2080 = CARTESIAN_POINT('',(27.047314333518,22.,7.287995484267));
#2081 = CARTESIAN_POINT('',(27.209164787144,22.,7.252284196359));
#2082 = CARTESIAN_POINT('',(27.370997674079,22.,7.210142751833));
#2083 = CARTESIAN_POINT('',(27.532683166097,22.,7.161769811379));
#2084 = CARTESIAN_POINT('',(27.694106543624,22.,7.107382550336));
#2085 = ORIENTED_EDGE('',*,*,#2086,.F.);
#2086 = EDGE_CURVE('',#2087,#2076,#2089,.T.);
#2087 = VERTEX_POINT('',#2088);
#2088 = CARTESIAN_POINT('',(27.694106543624,22.,6.073825503356));
#2089 = LINE('',#2090,#2091);
#2090 = CARTESIAN_POINT('',(27.694106543624,22.,3.036912751678));
#2091 = VECTOR('',#2092,1.);
#2092 = DIRECTION('',(-0.,0.,1.));
#2093 = ORIENTED_EDGE('',*,*,#2094,.T.);
#2094 = EDGE_CURVE('',#2087,#2095,#2097,.T.);
#2095 = VERTEX_POINT('',#2096);
#2096 = CARTESIAN_POINT('',(26.973678691275,22.,6.435402684564));
#2097 = B_SPLINE_CURVE_WITH_KNOTS('',5,(#2098,#2099,#2100,#2101,#2102,
    #2103),.UNSPECIFIED.,.F.,.F.,(6,6),(0.,1.),
  .PIECEWISE_BEZIER_KNOTS.);
#2098 = CARTESIAN_POINT('',(27.694106543624,22.,6.073825503356));
#2099 = CARTESIAN_POINT('',(27.547732546268,22.,6.165329248151));
#2100 = CARTESIAN_POINT('',(27.402086115186,22.,6.248306410239));
#2101 = CARTESIAN_POINT('',(27.25750306459,22.,6.321765063894));
#2102 = CARTESIAN_POINT('',(27.114487170831,22.,6.384518623416));
#2103 = CARTESIAN_POINT('',(26.973678691275,22.,6.435402684564));
#2104 = ORIENTED_EDGE('',*,*,#2105,.T.);
#2105 = EDGE_CURVE('',#2095,#2106,#2108,.T.);
#2106 = VERTEX_POINT('',#2107);
#2107 = CARTESIAN_POINT('',(26.353921979866,22.,6.557046979866));
#2108 = B_SPLINE_CURVE_WITH_KNOTS('',5,(#2109,#2110,#2111,#2112,#2113,
    #2114),.UNSPECIFIED.,.F.,.F.,(6,6),(0.,1.),
  .PIECEWISE_BEZIER_KNOTS.);
#2109 = CARTESIAN_POINT('',(26.973678691275,22.,6.435402684564));
#2110 = CARTESIAN_POINT('',(26.843938815981,22.,6.482286876259));
#2111 = CARTESIAN_POINT('',(26.716447877559,22.,6.518858213955));
#2112 = CARTESIAN_POINT('',(26.591796147545,22.,6.544112006277));
#2113 = CARTESIAN_POINT('',(26.470705500392,22.,6.557046979866));
#2114 = CARTESIAN_POINT('',(26.353921979866,22.,6.557046979866));
#2115 = ORIENTED_EDGE('',*,*,#2116,.T.);
#2116 = EDGE_CURVE('',#2106,#2117,#2119,.T.);
#2117 = VERTEX_POINT('',#2118);
#2118 = CARTESIAN_POINT('',(25.764156879195,22.,6.355704697987));
#2119 = B_SPLINE_CURVE_WITH_KNOTS('',6,(#2120,#2121,#2122,#2123,#2124,
    #2125,#2126,#2127,#2128,#2129,#2130,#2131),.UNSPECIFIED.,.F.,.F.,(7,
    5,7),(0.,0.872442327379,1.),.UNSPECIFIED.);
#2120 = CARTESIAN_POINT('',(26.353921979866,22.,6.557046979866));
#2121 = CARTESIAN_POINT('',(26.251634198291,22.,6.557046979866));
#2122 = CARTESIAN_POINT('',(26.153693680004,22.,6.547717534927));
#2123 = CARTESIAN_POINT('',(26.061081243132,22.,6.528225999688));
#2124 = CARTESIAN_POINT('',(25.974779519507,22.,6.49793267064));
#2125 = CARTESIAN_POINT('',(25.895650829475,22.,6.456594671921));
#2126 = CARTESIAN_POINT('',(25.813832822729,22.,6.397056449646));
#2127 = CARTESIAN_POINT('',(25.803561436668,22.,6.38923482483));
#2128 = CARTESIAN_POINT('',(25.793456798862,22.,6.381187316538));
#2129 = CARTESIAN_POINT('',(25.783520349526,22.,6.372915333339));
#2130 = CARTESIAN_POINT('',(25.773753349289,22.,6.364420508101));
#2131 = CARTESIAN_POINT('',(25.764156879195,22.,6.355704697987));
#2132 = ORIENTED_EDGE('',*,*,#2133,.T.);
#2133 = EDGE_CURVE('',#2117,#2134,#2136,.T.);
#2134 = VERTEX_POINT('',#2135);
#2135 = CARTESIAN_POINT('',(25.54226090604,22.,5.824244966443));
#2136 = B_SPLINE_CURVE_WITH_KNOTS('',5,(#2137,#2138,#2139,#2140,#2141,
    #2142,#2143,#2144,#2145,#2146),.UNSPECIFIED.,.F.,.F.,(6,4,6),(0.,
    0.349841452331,1.),.UNSPECIFIED.);
#2137 = CARTESIAN_POINT('',(25.764156879195,22.,6.355704697987));
#2138 = CARTESIAN_POINT('',(25.733166503707,22.,6.32761417805));
#2139 = CARTESIAN_POINT('',(25.70469531842,22.,6.29778015164));
#2140 = CARTESIAN_POINT('',(25.678865486642,22.,6.266216669674));
#2141 = CARTESIAN_POINT('',(25.655764584972,22.,6.232964967749));
#2142 = CARTESIAN_POINT('',(25.597656341696,22.,6.133304631588));
#2143 = CARTESIAN_POINT('',(25.569442857718,22.,6.06292149276));
#2144 = CARTESIAN_POINT('',(25.551098046978,22.,5.987451609736));
#2145 = CARTESIAN_POINT('',(25.54226090604,22.,5.907628741414));
#2146 = CARTESIAN_POINT('',(25.54226090604,22.,5.824244966443));
#2147 = ORIENTED_EDGE('',*,*,#2148,.T.);
#2148 = EDGE_CURVE('',#2134,#2149,#2151,.T.);
#2149 = VERTEX_POINT('',#2150);
#2150 = CARTESIAN_POINT('',(25.652369966443,22.,5.412122483221));
#2151 = B_SPLINE_CURVE_WITH_KNOTS('',5,(#2152,#2153,#2154,#2155,#2156,
    #2157,#2158,#2159,#2160,#2161),.UNSPECIFIED.,.F.,.F.,(6,4,6),(0.,
    0.272370629847,1.),.UNSPECIFIED.);
#2152 = CARTESIAN_POINT('',(25.54226090604,22.,5.824244966443));
#2153 = CARTESIAN_POINT('',(25.54226090604,22.,5.800908387201));
#2154 = CARTESIAN_POINT('',(25.543079838868,22.,5.777670686765));
#2155 = CARTESIAN_POINT('',(25.544720257026,22.,5.754538231431));
#2156 = CARTESIAN_POINT('',(25.547183005991,22.,5.731517204511));
#2157 = CARTESIAN_POINT('',(25.55924090744,22.,5.64742738106));
#2158 = CARTESIAN_POINT('',(25.573877342403,22.,5.587078042407));
#2159 = CARTESIAN_POINT('',(25.594360033613,22.,5.527682879759));
#2160 = CARTESIAN_POINT('',(25.620583435663,22.,5.469338238626));
#2161 = CARTESIAN_POINT('',(25.652369966443,22.,5.412122483221));
#2162 = ORIENTED_EDGE('',*,*,#2163,.T.);
#2163 = EDGE_CURVE('',#2149,#2164,#2166,.T.);
#2164 = VERTEX_POINT('',#2165);
#2165 = CARTESIAN_POINT('',(25.992135067114,22.,5.006501677852));
#2166 = B_SPLINE_CURVE_WITH_KNOTS('',5,(#2167,#2168,#2169,#2170,#2171,
    #2172),.UNSPECIFIED.,.F.,.F.,(6,6),(0.,1.),
  .PIECEWISE_BEZIER_KNOTS.);
#2167 = CARTESIAN_POINT('',(25.652369966443,22.,5.412122483221));
#2168 = CARTESIAN_POINT('',(25.697833474045,22.,5.330374766695));
#2169 = CARTESIAN_POINT('',(25.755448598609,22.,5.24865443718));
#2170 = CARTESIAN_POINT('',(25.824399445757,22.,5.167291469857));
#2171 = CARTESIAN_POINT('',(25.903627199222,22.,5.086522489919));
#2172 = CARTESIAN_POINT('',(25.992135067114,22.,5.006501677852));
#2173 = ORIENTED_EDGE('',*,*,#2174,.F.);
#2174 = EDGE_CURVE('',#2175,#2164,#2177,.T.);
#2175 = VERTEX_POINT('',#2176);
#2176 = CARTESIAN_POINT('',(27.706690436242,22.,3.496644295302));
#2177 = LINE('',#2178,#2179);
#2178 = CARTESIAN_POINT('',(20.77122823647,22.,9.604092904006));
#2179 = VECTOR('',#2180,1.);
#2180 = DIRECTION('',(-0.750485828524,0.,0.66088654184));
#2181 = ORIENTED_EDGE('',*,*,#2182,.F.);
#2182 = EDGE_CURVE('',#2183,#2175,#2185,.T.);
#2183 = VERTEX_POINT('',#2184);
#2184 = CARTESIAN_POINT('',(27.706690436242,22.,2.610738255034));
#2185 = LINE('',#2186,#2187);
#2186 = CARTESIAN_POINT('',(27.706690436242,22.,1.305369127517));
#2187 = VECTOR('',#2188,1.);
#2188 = DIRECTION('',(-0.,0.,1.));
#2189 = ORIENTED_EDGE('',*,*,#2190,.F.);
#2190 = EDGE_CURVE('',#2191,#2183,#2193,.T.);
#2191 = VERTEX_POINT('',#2192);
#2192 = CARTESIAN_POINT('',(24.293309563758,22.,2.610738255034));
#2193 = LINE('',#2194,#2195);
#2194 = CARTESIAN_POINT('',(12.146654781879,22.,2.610738255034));
#2195 = VECTOR('',#2196,1.);
#2196 = DIRECTION('',(1.,0.,0.));
#2197 = ORIENTED_EDGE('',*,*,#2198,.F.);
#2198 = EDGE_CURVE('',#1977,#2191,#2199,.T.);
#2199 = LINE('',#2200,#2201);
#2200 = CARTESIAN_POINT('',(24.293309563758,22.,1.748322147651));
#2201 = VECTOR('',#2202,1.);
#2202 = DIRECTION('',(-0.,-0.,-1.));
#2203 = FACE_BOUND('',#2204,.F.);
#2204 = EDGE_LOOP('',(#2205,#2215,#2223,#2231,#2239,#2247,#2255,#2263,
    #2271,#2279,#2287));
#2205 = ORIENTED_EDGE('',*,*,#2206,.F.);
#2206 = EDGE_CURVE('',#2207,#2209,#2211,.T.);
#2207 = VERTEX_POINT('',#2208);
#2208 = CARTESIAN_POINT('',(10.628041107383,22.,3.48322147651));
#2209 = VERTEX_POINT('',#2210);
#2210 = CARTESIAN_POINT('',(9.558410234899,22.,3.48322147651));
#2211 = LINE('',#2212,#2213);
#2212 = CARTESIAN_POINT('',(5.314020553691,22.,3.48322147651));
#2213 = VECTOR('',#2214,1.);
#2214 = DIRECTION('',(-1.,0.,0.));
#2215 = ORIENTED_EDGE('',*,*,#2216,.F.);
#2216 = EDGE_CURVE('',#2217,#2207,#2219,.T.);
#2217 = VERTEX_POINT('',#2218);
#2218 = CARTESIAN_POINT('',(10.628041107383,22.,2.651006711409));
#2219 = LINE('',#2220,#2221);
#2220 = CARTESIAN_POINT('',(10.628041107383,22.,1.325503355705));
#2221 = VECTOR('',#2222,1.);
#2222 = DIRECTION('',(-0.,0.,1.));
#2223 = ORIENTED_EDGE('',*,*,#2224,.F.);
#2224 = EDGE_CURVE('',#2225,#2217,#2227,.T.);
#2225 = VERTEX_POINT('',#2226);
#2226 = CARTESIAN_POINT('',(7.343645134228,22.,2.651006711409));
#2227 = LINE('',#2228,#2229);
#2228 = CARTESIAN_POINT('',(3.671822567114,22.,2.651006711409));
#2229 = VECTOR('',#2230,1.);
#2230 = DIRECTION('',(1.,0.,0.));
#2231 = ORIENTED_EDGE('',*,*,#2232,.F.);
#2232 = EDGE_CURVE('',#2233,#2225,#2235,.T.);
#2233 = VERTEX_POINT('',#2234);
#2234 = CARTESIAN_POINT('',(7.343645134228,22.,3.48322147651));
#2235 = LINE('',#2236,#2237);
#2236 = CARTESIAN_POINT('',(7.343645134228,22.,1.741610738255));
#2237 = VECTOR('',#2238,1.);
#2238 = DIRECTION('',(-0.,-0.,-1.));
#2239 = ORIENTED_EDGE('',*,*,#2240,.F.);
#2240 = EDGE_CURVE('',#2241,#2233,#2243,.T.);
#2241 = VERTEX_POINT('',#2242);
#2242 = CARTESIAN_POINT('',(8.413276006711,22.,3.48322147651));
#2243 = LINE('',#2244,#2245);
#2244 = CARTESIAN_POINT('',(4.206638003356,22.,3.48322147651));
#2245 = VECTOR('',#2246,1.);
#2246 = DIRECTION('',(-1.,0.,0.));
#2247 = ORIENTED_EDGE('',*,*,#2248,.F.);
#2248 = EDGE_CURVE('',#2249,#2241,#2251,.T.);
#2249 = VERTEX_POINT('',#2250);
#2250 = CARTESIAN_POINT('',(8.413276006711,22.,7.348993288591));
#2251 = LINE('',#2252,#2253);
#2252 = CARTESIAN_POINT('',(8.413276006711,22.,3.674496644295));
#2253 = VECTOR('',#2254,1.);
#2254 = DIRECTION('',(-0.,-0.,-1.));
#2255 = ORIENTED_EDGE('',*,*,#2256,.F.);
#2256 = EDGE_CURVE('',#2257,#2249,#2259,.T.);
#2257 = VERTEX_POINT('',#2258);
#2258 = CARTESIAN_POINT('',(9.564702181208,22.,7.348993288591));
#2259 = LINE('',#2260,#2261);
#2260 = CARTESIAN_POINT('',(4.782351090604,22.,7.348993288591));
#2261 = VECTOR('',#2262,1.);
#2262 = DIRECTION('',(-1.,0.,0.));
#2263 = ORIENTED_EDGE('',*,*,#2264,.F.);
#2264 = EDGE_CURVE('',#2265,#2257,#2267,.T.);
#2265 = VERTEX_POINT('',#2266);
#2266 = CARTESIAN_POINT('',(10.656354865772,22.,7.120805369128));
#2267 = LINE('',#2268,#2269);
#2268 = CARTESIAN_POINT('',(6.264311155223,22.,8.038873295559));
#2269 = VECTOR('',#2270,1.);
#2270 = DIRECTION('',(-0.978844086222,0.,0.204607563076));
#2271 = ORIENTED_EDGE('',*,*,#2272,.F.);
#2272 = EDGE_CURVE('',#2273,#2265,#2275,.T.);
#2273 = VERTEX_POINT('',#2274);
#2274 = CARTESIAN_POINT('',(10.656354865772,22.,6.302013422819));
#2275 = LINE('',#2276,#2277);
#2276 = CARTESIAN_POINT('',(10.656354865772,22.,3.151006711409));
#2277 = VECTOR('',#2278,1.);
#2278 = DIRECTION('',(-0.,0.,1.));
#2279 = ORIENTED_EDGE('',*,*,#2280,.F.);
#2280 = EDGE_CURVE('',#2281,#2273,#2283,.T.);
#2281 = VERTEX_POINT('',#2282);
#2282 = CARTESIAN_POINT('',(9.558410234899,22.,6.530201342282));
#2283 = LINE('',#2284,#2285);
#2284 = CARTESIAN_POINT('',(5.627585622992,22.,7.347152092569));
#2285 = VECTOR('',#2286,1.);
#2286 = DIRECTION('',(0.979078331663,0.,-0.203483710573));
#2287 = ORIENTED_EDGE('',*,*,#2288,.F.);
#2288 = EDGE_CURVE('',#2209,#2281,#2289,.T.);
#2289 = LINE('',#2290,#2291);
#2290 = CARTESIAN_POINT('',(9.558410234899,22.,1.741610738255));
#2291 = VECTOR('',#2292,1.);
#2292 = DIRECTION('',(-0.,0.,1.));
#2293 = PLANE('',#2294);
#2294 = AXIS2_PLACEMENT_3D('',#2295,#2296,#2297);
#2295 = CARTESIAN_POINT('',(0.,22.,0.));
#2296 = DIRECTION('',(0.,-1.,0.));
#2297 = DIRECTION('',(0.,0.,1.));
#2298 = ADVANCED_FACE('',(#2299),#2304,.F.);
#2299 = FACE_BOUND('',#2300,.F.);
#2300 = EDGE_LOOP('',(#2301,#2302,#2303));
#2301 = ORIENTED_EDGE('',*,*,#47,.T.);
#2302 = ORIENTED_EDGE('',*,*,#863,.T.);
#2303 = ORIENTED_EDGE('',*,*,#78,.T.);
#2304 = PLANE('',#2305);
#2305 = AXIS2_PLACEMENT_3D('',#2306,#2307,#2308);
#2306 = CARTESIAN_POINT('',(0.,14.221825406948,7.778174593052));
#2307 = DIRECTION('',(1.,0.,0.));
#2308 = DIRECTION('',(-0.,0.,1.));
#2309 = ADVANCED_FACE('',(#2310),#2315,.T.);
#2310 = FACE_BOUND('',#2311,.T.);
#2311 = EDGE_LOOP('',(#2312,#2313,#2314));
#2312 = ORIENTED_EDGE('',*,*,#31,.T.);
#2313 = ORIENTED_EDGE('',*,*,#856,.T.);
#2314 = ORIENTED_EDGE('',*,*,#71,.T.);
#2315 = PLANE('',#2316);
#2316 = AXIS2_PLACEMENT_3D('',#2317,#2318,#2319);
#2317 = CARTESIAN_POINT('',(120.,14.221825406948,7.778174593052));
#2318 = DIRECTION('',(1.,0.,0.));
#2319 = DIRECTION('',(-0.,0.,1.));
#2320 = ADVANCED_FACE('',(#2321),#2340,.F.);
#2321 = FACE_BOUND('',#2322,.F.);
#2322 = EDGE_LOOP('',(#2323,#2331,#2338,#2339));
#2323 = ORIENTED_EDGE('',*,*,#2324,.T.);
#2324 = EDGE_CURVE('',#87,#2325,#2327,.T.);
#2325 = VERTEX_POINT('',#2326);
#2326 = CARTESIAN_POINT('',(95.65,17.32411613907,4.596194077713));
#2327 = LINE('',#2328,#2329);
#2328 = CARTESIAN_POINT('',(95.65,10.889444430273,11.03086578651));
#2329 = VECTOR('',#2330,1.);
#2330 = DIRECTION('',(0.,0.707106781187,-0.707106781187));
#2331 = ORIENTED_EDGE('',*,*,#2332,.F.);
#2332 = EDGE_CURVE('',#2325,#2325,#2333,.T.);
#2333 = CIRCLE('',#2334,4.85);
#2334 = AXIS2_PLACEMENT_3D('',#2335,#2336,#2337);
#2335 = CARTESIAN_POINT('',(90.8,17.32411613907,4.596194077713));
#2336 = DIRECTION('',(0.,0.707106781187,-0.707106781187));
#2337 = DIRECTION('',(1.,0.,0.));
#2338 = ORIENTED_EDGE('',*,*,#2324,.F.);
#2339 = ORIENTED_EDGE('',*,*,#86,.T.);
#2340 = CYLINDRICAL_SURFACE('',#2341,4.85);
#2341 = AXIS2_PLACEMENT_3D('',#2342,#2343,#2344);
#2342 = CARTESIAN_POINT('',(90.8,10.889444430273,11.03086578651));
#2343 = DIRECTION('',(0.,0.707106781187,-0.707106781187));
#2344 = DIRECTION('',(1.,0.,0.));
#2345 = ADVANCED_FACE('',(#2346),#2365,.F.);
#2346 = FACE_BOUND('',#2347,.F.);
#2347 = EDGE_LOOP('',(#2348,#2356,#2363,#2364));
#2348 = ORIENTED_EDGE('',*,*,#2349,.T.);
#2349 = EDGE_CURVE('',#98,#2350,#2352,.T.);
#2350 = VERTEX_POINT('',#2351);
#2351 = CARTESIAN_POINT('',(78.625,17.32411613907,4.596194077713));
#2352 = LINE('',#2353,#2354);
#2353 = CARTESIAN_POINT('',(78.625,10.889444430273,11.03086578651));
#2354 = VECTOR('',#2355,1.);
#2355 = DIRECTION('',(0.,0.707106781187,-0.707106781187));
#2356 = ORIENTED_EDGE('',*,*,#2357,.F.);
#2357 = EDGE_CURVE('',#2350,#2350,#2358,.T.);
#2358 = CIRCLE('',#2359,4.825);
#2359 = AXIS2_PLACEMENT_3D('',#2360,#2361,#2362);
#2360 = CARTESIAN_POINT('',(73.8,17.32411613907,4.596194077713));
#2361 = DIRECTION('',(0.,0.707106781187,-0.707106781187));
#2362 = DIRECTION('',(1.,0.,0.));
#2363 = ORIENTED_EDGE('',*,*,#2349,.F.);
#2364 = ORIENTED_EDGE('',*,*,#97,.T.);
#2365 = CYLINDRICAL_SURFACE('',#2366,4.825);
#2366 = AXIS2_PLACEMENT_3D('',#2367,#2368,#2369);
#2367 = CARTESIAN_POINT('',(73.8,10.889444430273,11.03086578651));
#2368 = DIRECTION('',(0.,0.707106781187,-0.707106781187));
#2369 = DIRECTION('',(1.,0.,0.));
#2370 = ADVANCED_FACE('',(#2371),#2396,.T.);
#2371 = FACE_BOUND('',#2372,.T.);
#2372 = EDGE_LOOP('',(#2373,#2374,#2382,#2390));
#2373 = ORIENTED_EDGE('',*,*,#108,.T.);
#2374 = ORIENTED_EDGE('',*,*,#2375,.T.);
#2375 = EDGE_CURVE('',#111,#2376,#2378,.T.);
#2376 = VERTEX_POINT('',#2377);
#2377 = CARTESIAN_POINT('',(115.225,16.210422958702,2.068287334971));
#2378 = LINE('',#2379,#2380);
#2379 = CARTESIAN_POINT('',(115.225,8.997933790599,9.280776503073));
#2380 = VECTOR('',#2381,1.);
#2381 = DIRECTION('',(0.,0.707106781187,-0.707106781187));
#2382 = ORIENTED_EDGE('',*,*,#2383,.T.);
#2383 = EDGE_CURVE('',#2376,#2384,#2386,.T.);
#2384 = VERTEX_POINT('',#2385);
#2385 = CARTESIAN_POINT('',(115.225,17.271083130481,3.12894750675));
#2386 = LINE('',#2387,#2388);
#2387 = CARTESIAN_POINT('',(115.225,16.210422958702,2.068287334971));
#2388 = VECTOR('',#2389,1.);
#2389 = DIRECTION('',(0.,0.707106781187,0.707106781187));
#2390 = ORIENTED_EDGE('',*,*,#2391,.T.);
#2391 = EDGE_CURVE('',#2384,#109,#2392,.T.);
#2392 = LINE('',#2393,#2394);
#2393 = CARTESIAN_POINT('',(115.225,10.058593962379,10.341436674853));
#2394 = VECTOR('',#2395,1.);
#2395 = DIRECTION('',(0.,-0.707106781187,0.707106781187));
#2396 = PLANE('',#2397);
#2397 = AXIS2_PLACEMENT_3D('',#2398,#2399,#2400);
#2398 = CARTESIAN_POINT('',(115.225,8.997933790599,9.280776503073));
#2399 = DIRECTION('',(1.,0.,-0.));
#2400 = DIRECTION('',(0.,0.707106781187,-0.707106781187));
#2401 = ADVANCED_FACE('',(#2402),#2420,.T.);
#2402 = FACE_BOUND('',#2403,.T.);
#2403 = EDGE_LOOP('',(#2404,#2412,#2418,#2419));
#2404 = ORIENTED_EDGE('',*,*,#2405,.F.);
#2405 = EDGE_CURVE('',#2406,#2384,#2408,.T.);
#2406 = VERTEX_POINT('',#2407);
#2407 = CARTESIAN_POINT('',(113.725,17.271083130481,3.12894750675));
#2408 = LINE('',#2409,#2410);
#2409 = CARTESIAN_POINT('',(113.725,17.271083130481,3.12894750675));
#2410 = VECTOR('',#2411,1.);
#2411 = DIRECTION('',(1.,0.,-0.));
#2412 = ORIENTED_EDGE('',*,*,#2413,.F.);
#2413 = EDGE_CURVE('',#191,#2406,#2414,.T.);
#2414 = LINE('',#2415,#2416);
#2415 = CARTESIAN_POINT('',(113.725,10.058593962379,10.341436674853));
#2416 = VECTOR('',#2417,1.);
#2417 = DIRECTION('',(0.,0.707106781187,-0.707106781187));
#2418 = ORIENTED_EDGE('',*,*,#198,.T.);
#2419 = ORIENTED_EDGE('',*,*,#2391,.F.);
#2420 = PLANE('',#2421);
#2421 = AXIS2_PLACEMENT_3D('',#2422,#2423,#2424);
#2422 = CARTESIAN_POINT('',(113.725,10.058593962379,10.341436674853));
#2423 = DIRECTION('',(0.,0.707106781187,0.707106781187));
#2424 = DIRECTION('',(0.,0.707106781187,-0.707106781187));
#2425 = ADVANCED_FACE('',(#2426),#2444,.T.);
#2426 = FACE_BOUND('',#2427,.T.);
#2427 = EDGE_LOOP('',(#2428,#2436,#2437,#2438));
#2428 = ORIENTED_EDGE('',*,*,#2429,.F.);
#2429 = EDGE_CURVE('',#183,#2430,#2432,.T.);
#2430 = VERTEX_POINT('',#2431);
#2431 = CARTESIAN_POINT('',(113.725,18.791362710033,4.649227086302));
#2432 = LINE('',#2433,#2434);
#2433 = CARTESIAN_POINT('',(113.725,11.57887354193,11.861716254404));
#2434 = VECTOR('',#2435,1.);
#2435 = DIRECTION('',(0.,0.707106781187,-0.707106781187));
#2436 = ORIENTED_EDGE('',*,*,#190,.T.);
#2437 = ORIENTED_EDGE('',*,*,#2413,.T.);
#2438 = ORIENTED_EDGE('',*,*,#2439,.T.);
#2439 = EDGE_CURVE('',#2406,#2430,#2440,.T.);
#2440 = LINE('',#2441,#2442);
#2441 = CARTESIAN_POINT('',(113.725,17.271083130481,3.12894750675));
#2442 = VECTOR('',#2443,1.);
#2443 = DIRECTION('',(0.,0.707106781187,0.707106781187));
#2444 = PLANE('',#2445);
#2445 = AXIS2_PLACEMENT_3D('',#2446,#2447,#2448);
#2446 = CARTESIAN_POINT('',(113.725,10.058593962379,10.341436674853));
#2447 = DIRECTION('',(1.,0.,-0.));
#2448 = DIRECTION('',(0.,0.707106781187,-0.707106781187));
#2449 = ADVANCED_FACE('',(#2450),#2468,.F.);
#2450 = FACE_BOUND('',#2451,.F.);
#2451 = EDGE_LOOP('',(#2452,#2460,#2461,#2462));
#2452 = ORIENTED_EDGE('',*,*,#2453,.F.);
#2453 = EDGE_CURVE('',#2430,#2454,#2456,.T.);
#2454 = VERTEX_POINT('',#2455);
#2455 = CARTESIAN_POINT('',(115.225,18.791362710033,4.649227086302));
#2456 = LINE('',#2457,#2458);
#2457 = CARTESIAN_POINT('',(113.725,18.791362710033,4.649227086302));
#2458 = VECTOR('',#2459,1.);
#2459 = DIRECTION('',(1.,0.,-0.));
#2460 = ORIENTED_EDGE('',*,*,#2429,.F.);
#2461 = ORIENTED_EDGE('',*,*,#182,.T.);
#2462 = ORIENTED_EDGE('',*,*,#2463,.F.);
#2463 = EDGE_CURVE('',#2454,#175,#2464,.T.);
#2464 = LINE('',#2465,#2466);
#2465 = CARTESIAN_POINT('',(115.225,11.57887354193,11.861716254404));
#2466 = VECTOR('',#2467,1.);
#2467 = DIRECTION('',(0.,-0.707106781187,0.707106781187));
#2468 = PLANE('',#2469);
#2469 = AXIS2_PLACEMENT_3D('',#2470,#2471,#2472);
#2470 = CARTESIAN_POINT('',(113.725,11.57887354193,11.861716254404));
#2471 = DIRECTION('',(0.,0.707106781187,0.707106781187));
#2472 = DIRECTION('',(0.,0.707106781187,-0.707106781187));
#2473 = ADVANCED_FACE('',(#2474),#2492,.T.);
#2474 = FACE_BOUND('',#2475,.T.);
#2475 = EDGE_LOOP('',(#2476,#2477,#2478,#2486));
#2476 = ORIENTED_EDGE('',*,*,#174,.T.);
#2477 = ORIENTED_EDGE('',*,*,#2463,.F.);
#2478 = ORIENTED_EDGE('',*,*,#2479,.T.);
#2479 = EDGE_CURVE('',#2454,#2480,#2482,.T.);
#2480 = VERTEX_POINT('',#2481);
#2481 = CARTESIAN_POINT('',(115.225,19.852022881812,5.709887258081));
#2482 = LINE('',#2483,#2484);
#2483 = CARTESIAN_POINT('',(115.225,16.210422958702,2.068287334971));
#2484 = VECTOR('',#2485,1.);
#2485 = DIRECTION('',(0.,0.707106781187,0.707106781187));
#2486 = ORIENTED_EDGE('',*,*,#2487,.F.);
#2487 = EDGE_CURVE('',#167,#2480,#2488,.T.);
#2488 = LINE('',#2489,#2490);
#2489 = CARTESIAN_POINT('',(115.225,12.63953371371,12.922376426184));
#2490 = VECTOR('',#2491,1.);
#2491 = DIRECTION('',(0.,0.707106781187,-0.707106781187));
#2492 = PLANE('',#2493);
#2493 = AXIS2_PLACEMENT_3D('',#2494,#2495,#2496);
#2494 = CARTESIAN_POINT('',(115.225,8.997933790599,9.280776503073));
#2495 = DIRECTION('',(1.,0.,-0.));
#2496 = DIRECTION('',(0.,0.707106781187,-0.707106781187));
#2497 = ADVANCED_FACE('',(#2498),#2516,.F.);
#2498 = FACE_BOUND('',#2499,.F.);
#2499 = EDGE_LOOP('',(#2500,#2501,#2502,#2510));
#2500 = ORIENTED_EDGE('',*,*,#2487,.F.);
#2501 = ORIENTED_EDGE('',*,*,#166,.T.);
#2502 = ORIENTED_EDGE('',*,*,#2503,.T.);
#2503 = EDGE_CURVE('',#159,#2504,#2506,.T.);
#2504 = VERTEX_POINT('',#2505);
#2505 = CARTESIAN_POINT('',(117.375,19.852022881812,5.709887258081));
#2506 = LINE('',#2507,#2508);
#2507 = CARTESIAN_POINT('',(117.375,12.63953371371,12.922376426184));
#2508 = VECTOR('',#2509,1.);
#2509 = DIRECTION('',(0.,0.707106781187,-0.707106781187));
#2510 = ORIENTED_EDGE('',*,*,#2511,.F.);
#2511 = EDGE_CURVE('',#2480,#2504,#2512,.T.);
#2512 = LINE('',#2513,#2514);
#2513 = CARTESIAN_POINT('',(115.225,19.852022881812,5.709887258081));
#2514 = VECTOR('',#2515,1.);
#2515 = DIRECTION('',(1.,0.,-0.));
#2516 = PLANE('',#2517);
#2517 = AXIS2_PLACEMENT_3D('',#2518,#2519,#2520);
#2518 = CARTESIAN_POINT('',(115.225,12.63953371371,12.922376426184));
#2519 = DIRECTION('',(0.,0.707106781187,0.707106781187));
#2520 = DIRECTION('',(0.,0.707106781187,-0.707106781187));
#2521 = ADVANCED_FACE('',(#2522),#2540,.F.);
#2522 = FACE_BOUND('',#2523,.F.);
#2523 = EDGE_LOOP('',(#2524,#2525,#2533,#2539));
#2524 = ORIENTED_EDGE('',*,*,#158,.T.);
#2525 = ORIENTED_EDGE('',*,*,#2526,.F.);
#2526 = EDGE_CURVE('',#2527,#151,#2529,.T.);
#2527 = VERTEX_POINT('',#2528);
#2528 = CARTESIAN_POINT('',(117.375,18.791362710033,4.649227086302));
#2529 = LINE('',#2530,#2531);
#2530 = CARTESIAN_POINT('',(117.375,11.57887354193,11.861716254404));
#2531 = VECTOR('',#2532,1.);
#2532 = DIRECTION('',(0.,-0.707106781187,0.707106781187));
#2533 = ORIENTED_EDGE('',*,*,#2534,.T.);
#2534 = EDGE_CURVE('',#2527,#2504,#2535,.T.);
#2535 = LINE('',#2536,#2537);
#2536 = CARTESIAN_POINT('',(117.375,16.210422958702,2.068287334971));
#2537 = VECTOR('',#2538,1.);
#2538 = DIRECTION('',(0.,0.707106781187,0.707106781187));
#2539 = ORIENTED_EDGE('',*,*,#2503,.F.);
#2540 = PLANE('',#2541);
#2541 = AXIS2_PLACEMENT_3D('',#2542,#2543,#2544);
#2542 = CARTESIAN_POINT('',(117.375,8.997933790599,9.280776503073));
#2543 = DIRECTION('',(1.,0.,-0.));
#2544 = DIRECTION('',(0.,0.707106781187,-0.707106781187));
#2545 = ADVANCED_FACE('',(#2546),#2564,.F.);
#2546 = FACE_BOUND('',#2547,.F.);
#2547 = EDGE_LOOP('',(#2548,#2556,#2557,#2558));
#2548 = ORIENTED_EDGE('',*,*,#2549,.F.);
#2549 = EDGE_CURVE('',#2527,#2550,#2552,.T.);
#2550 = VERTEX_POINT('',#2551);
#2551 = CARTESIAN_POINT('',(118.875,18.791362710033,4.649227086302));
#2552 = LINE('',#2553,#2554);
#2553 = CARTESIAN_POINT('',(113.725,18.791362710033,4.649227086302));
#2554 = VECTOR('',#2555,1.);
#2555 = DIRECTION('',(1.,0.,-0.));
#2556 = ORIENTED_EDGE('',*,*,#2526,.T.);
#2557 = ORIENTED_EDGE('',*,*,#150,.T.);
#2558 = ORIENTED_EDGE('',*,*,#2559,.T.);
#2559 = EDGE_CURVE('',#143,#2550,#2560,.T.);
#2560 = LINE('',#2561,#2562);
#2561 = CARTESIAN_POINT('',(118.875,11.57887354193,11.861716254404));
#2562 = VECTOR('',#2563,1.);
#2563 = DIRECTION('',(0.,0.707106781187,-0.707106781187));
#2564 = PLANE('',#2565);
#2565 = AXIS2_PLACEMENT_3D('',#2566,#2567,#2568);
#2566 = CARTESIAN_POINT('',(113.725,11.57887354193,11.861716254404));
#2567 = DIRECTION('',(0.,0.707106781187,0.707106781187));
#2568 = DIRECTION('',(0.,0.707106781187,-0.707106781187));
#2569 = ADVANCED_FACE('',(#2570),#2588,.F.);
#2570 = FACE_BOUND('',#2571,.F.);
#2571 = EDGE_LOOP('',(#2572,#2573,#2574,#2582));
#2572 = ORIENTED_EDGE('',*,*,#2559,.F.);
#2573 = ORIENTED_EDGE('',*,*,#142,.T.);
#2574 = ORIENTED_EDGE('',*,*,#2575,.T.);
#2575 = EDGE_CURVE('',#135,#2576,#2578,.T.);
#2576 = VERTEX_POINT('',#2577);
#2577 = CARTESIAN_POINT('',(118.875,17.271083130481,3.12894750675));
#2578 = LINE('',#2579,#2580);
#2579 = CARTESIAN_POINT('',(118.875,10.058593962379,10.341436674853));
#2580 = VECTOR('',#2581,1.);
#2581 = DIRECTION('',(0.,0.707106781187,-0.707106781187));
#2582 = ORIENTED_EDGE('',*,*,#2583,.T.);
#2583 = EDGE_CURVE('',#2576,#2550,#2584,.T.);
#2584 = LINE('',#2585,#2586);
#2585 = CARTESIAN_POINT('',(118.875,17.271083130481,3.12894750675));
#2586 = VECTOR('',#2587,1.);
#2587 = DIRECTION('',(0.,0.707106781187,0.707106781187));
#2588 = PLANE('',#2589);
#2589 = AXIS2_PLACEMENT_3D('',#2590,#2591,#2592);
#2590 = CARTESIAN_POINT('',(118.875,10.058593962379,10.341436674853));
#2591 = DIRECTION('',(1.,0.,-0.));
#2592 = DIRECTION('',(0.,0.707106781187,-0.707106781187));
#2593 = ADVANCED_FACE('',(#2594),#2612,.T.);
#2594 = FACE_BOUND('',#2595,.T.);
#2595 = EDGE_LOOP('',(#2596,#2604,#2610,#2611));
#2596 = ORIENTED_EDGE('',*,*,#2597,.F.);
#2597 = EDGE_CURVE('',#2598,#2576,#2600,.T.);
#2598 = VERTEX_POINT('',#2599);
#2599 = CARTESIAN_POINT('',(117.375,17.271083130481,3.12894750675));
#2600 = LINE('',#2601,#2602);
#2601 = CARTESIAN_POINT('',(113.725,17.271083130481,3.12894750675));
#2602 = VECTOR('',#2603,1.);
#2603 = DIRECTION('',(1.,0.,-0.));
#2604 = ORIENTED_EDGE('',*,*,#2605,.T.);
#2605 = EDGE_CURVE('',#2598,#127,#2606,.T.);
#2606 = LINE('',#2607,#2608);
#2607 = CARTESIAN_POINT('',(117.375,10.058593962379,10.341436674853));
#2608 = VECTOR('',#2609,1.);
#2609 = DIRECTION('',(0.,-0.707106781187,0.707106781187));
#2610 = ORIENTED_EDGE('',*,*,#134,.T.);
#2611 = ORIENTED_EDGE('',*,*,#2575,.T.);
#2612 = PLANE('',#2613);
#2613 = AXIS2_PLACEMENT_3D('',#2614,#2615,#2616);
#2614 = CARTESIAN_POINT('',(113.725,10.058593962379,10.341436674853));
#2615 = DIRECTION('',(0.,0.707106781187,0.707106781187));
#2616 = DIRECTION('',(0.,0.707106781187,-0.707106781187));
#2617 = ADVANCED_FACE('',(#2618),#2636,.F.);
#2618 = FACE_BOUND('',#2619,.F.);
#2619 = EDGE_LOOP('',(#2620,#2621,#2629,#2635));
#2620 = ORIENTED_EDGE('',*,*,#126,.T.);
#2621 = ORIENTED_EDGE('',*,*,#2622,.T.);
#2622 = EDGE_CURVE('',#119,#2623,#2625,.T.);
#2623 = VERTEX_POINT('',#2624);
#2624 = CARTESIAN_POINT('',(117.375,16.210422958702,2.068287334971));
#2625 = LINE('',#2626,#2627);
#2626 = CARTESIAN_POINT('',(117.375,8.997933790599,9.280776503073));
#2627 = VECTOR('',#2628,1.);
#2628 = DIRECTION('',(0.,0.707106781187,-0.707106781187));
#2629 = ORIENTED_EDGE('',*,*,#2630,.T.);
#2630 = EDGE_CURVE('',#2623,#2598,#2631,.T.);
#2631 = LINE('',#2632,#2633);
#2632 = CARTESIAN_POINT('',(117.375,16.210422958702,2.068287334971));
#2633 = VECTOR('',#2634,1.);
#2634 = DIRECTION('',(0.,0.707106781187,0.707106781187));
#2635 = ORIENTED_EDGE('',*,*,#2605,.T.);
#2636 = PLANE('',#2637);
#2637 = AXIS2_PLACEMENT_3D('',#2638,#2639,#2640);
#2638 = CARTESIAN_POINT('',(117.375,8.997933790599,9.280776503073));
#2639 = DIRECTION('',(1.,0.,-0.));
#2640 = DIRECTION('',(0.,0.707106781187,-0.707106781187));
#2641 = ADVANCED_FACE('',(#2642),#2653,.T.);
#2642 = FACE_BOUND('',#2643,.T.);
#2643 = EDGE_LOOP('',(#2644,#2645,#2646,#2647));
#2644 = ORIENTED_EDGE('',*,*,#2375,.F.);
#2645 = ORIENTED_EDGE('',*,*,#118,.T.);
#2646 = ORIENTED_EDGE('',*,*,#2622,.T.);
#2647 = ORIENTED_EDGE('',*,*,#2648,.F.);
#2648 = EDGE_CURVE('',#2376,#2623,#2649,.T.);
#2649 = LINE('',#2650,#2651);
#2650 = CARTESIAN_POINT('',(115.225,16.210422958702,2.068287334971));
#2651 = VECTOR('',#2652,1.);
#2652 = DIRECTION('',(1.,0.,-0.));
#2653 = PLANE('',#2654);
#2654 = AXIS2_PLACEMENT_3D('',#2655,#2656,#2657);
#2655 = CARTESIAN_POINT('',(115.225,8.997933790599,9.280776503073));
#2656 = DIRECTION('',(0.,0.707106781187,0.707106781187));
#2657 = DIRECTION('',(0.,0.707106781187,-0.707106781187));
#2658 = ADVANCED_FACE('',(#2659),#2678,.F.);
#2659 = FACE_BOUND('',#2660,.F.);
#2660 = EDGE_LOOP('',(#2661,#2669,#2676,#2677));
#2661 = ORIENTED_EDGE('',*,*,#2662,.T.);
#2662 = EDGE_CURVE('',#207,#2663,#2665,.T.);
#2663 = VERTEX_POINT('',#2664);
#2664 = CARTESIAN_POINT('',(112.675,17.32411613907,4.596194077713));
#2665 = LINE('',#2666,#2667);
#2666 = CARTESIAN_POINT('',(112.675,10.889444430273,11.03086578651));
#2667 = VECTOR('',#2668,1.);
#2668 = DIRECTION('',(0.,0.707106781187,-0.707106781187));
#2669 = ORIENTED_EDGE('',*,*,#2670,.F.);
#2670 = EDGE_CURVE('',#2663,#2663,#2671,.T.);
#2671 = CIRCLE('',#2672,4.875);
#2672 = AXIS2_PLACEMENT_3D('',#2673,#2674,#2675);
#2673 = CARTESIAN_POINT('',(107.8,17.32411613907,4.596194077713));
#2674 = DIRECTION('',(0.,0.707106781187,-0.707106781187));
#2675 = DIRECTION('',(1.,0.,0.));
#2676 = ORIENTED_EDGE('',*,*,#2662,.F.);
#2677 = ORIENTED_EDGE('',*,*,#206,.T.);
#2678 = CYLINDRICAL_SURFACE('',#2679,4.875);
#2679 = AXIS2_PLACEMENT_3D('',#2680,#2681,#2682);
#2680 = CARTESIAN_POINT('',(107.8,10.889444430273,11.03086578651));
#2681 = DIRECTION('',(0.,0.707106781187,-0.707106781187));
#2682 = DIRECTION('',(1.,0.,0.));
#2683 = ADVANCED_FACE('',(#2684),#2709,.T.);
#2684 = FACE_BOUND('',#2685,.T.);
#2685 = EDGE_LOOP('',(#2686,#2687,#2695,#2703));
#2686 = ORIENTED_EDGE('',*,*,#217,.T.);
#2687 = ORIENTED_EDGE('',*,*,#2688,.T.);
#2688 = EDGE_CURVE('',#220,#2689,#2691,.T.);
#2689 = VERTEX_POINT('',#2690);
#2690 = CARTESIAN_POINT('',(98.25,16.228100628231,2.0859650045));
#2691 = LINE('',#2692,#2693);
#2692 = CARTESIAN_POINT('',(98.25,9.015611460128,9.298454172603));
#2693 = VECTOR('',#2694,1.);
#2694 = DIRECTION('',(0.,0.707106781187,-0.707106781187));
#2695 = ORIENTED_EDGE('',*,*,#2696,.T.);
#2696 = EDGE_CURVE('',#2689,#2697,#2699,.T.);
#2697 = VERTEX_POINT('',#2698);
#2698 = CARTESIAN_POINT('',(98.25,17.288760800011,3.14662517628));
#2699 = LINE('',#2700,#2701);
#2700 = CARTESIAN_POINT('',(98.25,16.228100628231,2.0859650045));
#2701 = VECTOR('',#2702,1.);
#2702 = DIRECTION('',(0.,0.707106781187,0.707106781187));
#2703 = ORIENTED_EDGE('',*,*,#2704,.T.);
#2704 = EDGE_CURVE('',#2697,#218,#2705,.T.);
#2705 = LINE('',#2706,#2707);
#2706 = CARTESIAN_POINT('',(98.25,10.076271631908,10.359114344383));
#2707 = VECTOR('',#2708,1.);
#2708 = DIRECTION('',(0.,-0.707106781187,0.707106781187));
#2709 = PLANE('',#2710);
#2710 = AXIS2_PLACEMENT_3D('',#2711,#2712,#2713);
#2711 = CARTESIAN_POINT('',(98.25,9.015611460128,9.298454172603));
#2712 = DIRECTION('',(1.,0.,-0.));
#2713 = DIRECTION('',(0.,0.707106781187,-0.707106781187));
#2714 = ADVANCED_FACE('',(#2715),#2733,.T.);
#2715 = FACE_BOUND('',#2716,.T.);
#2716 = EDGE_LOOP('',(#2717,#2725,#2731,#2732));
#2717 = ORIENTED_EDGE('',*,*,#2718,.F.);
#2718 = EDGE_CURVE('',#2719,#2697,#2721,.T.);
#2719 = VERTEX_POINT('',#2720);
#2720 = CARTESIAN_POINT('',(96.75,17.288760800011,3.14662517628));
#2721 = LINE('',#2722,#2723);
#2722 = CARTESIAN_POINT('',(96.75,17.288760800011,3.14662517628));
#2723 = VECTOR('',#2724,1.);
#2724 = DIRECTION('',(1.,0.,-0.));
#2725 = ORIENTED_EDGE('',*,*,#2726,.F.);
#2726 = EDGE_CURVE('',#300,#2719,#2727,.T.);
#2727 = LINE('',#2728,#2729);
#2728 = CARTESIAN_POINT('',(96.75,10.076271631908,10.359114344383));
#2729 = VECTOR('',#2730,1.);
#2730 = DIRECTION('',(0.,0.707106781187,-0.707106781187));
#2731 = ORIENTED_EDGE('',*,*,#307,.T.);
#2732 = ORIENTED_EDGE('',*,*,#2704,.F.);
#2733 = PLANE('',#2734);
#2734 = AXIS2_PLACEMENT_3D('',#2735,#2736,#2737);
#2735 = CARTESIAN_POINT('',(96.75,10.076271631908,10.359114344383));
#2736 = DIRECTION('',(0.,0.707106781187,0.707106781187));
#2737 = DIRECTION('',(0.,0.707106781187,-0.707106781187));
#2738 = ADVANCED_FACE('',(#2739),#2757,.T.);
#2739 = FACE_BOUND('',#2740,.T.);
#2740 = EDGE_LOOP('',(#2741,#2742,#2743,#2751));
#2741 = ORIENTED_EDGE('',*,*,#2688,.F.);
#2742 = ORIENTED_EDGE('',*,*,#227,.T.);
#2743 = ORIENTED_EDGE('',*,*,#2744,.T.);
#2744 = EDGE_CURVE('',#228,#2745,#2747,.T.);
#2745 = VERTEX_POINT('',#2746);
#2746 = CARTESIAN_POINT('',(100.35,16.228100628231,2.0859650045));
#2747 = LINE('',#2748,#2749);
#2748 = CARTESIAN_POINT('',(100.35,9.015611460128,9.298454172603));
#2749 = VECTOR('',#2750,1.);
#2750 = DIRECTION('',(0.,0.707106781187,-0.707106781187));
#2751 = ORIENTED_EDGE('',*,*,#2752,.F.);
#2752 = EDGE_CURVE('',#2689,#2745,#2753,.T.);
#2753 = LINE('',#2754,#2755);
#2754 = CARTESIAN_POINT('',(98.25,16.228100628231,2.0859650045));
#2755 = VECTOR('',#2756,1.);
#2756 = DIRECTION('',(1.,0.,-0.));
#2757 = PLANE('',#2758);
#2758 = AXIS2_PLACEMENT_3D('',#2759,#2760,#2761);
#2759 = CARTESIAN_POINT('',(98.25,9.015611460128,9.298454172603));
#2760 = DIRECTION('',(0.,0.707106781187,0.707106781187));
#2761 = DIRECTION('',(0.,0.707106781187,-0.707106781187));
#2762 = ADVANCED_FACE('',(#2763),#2781,.T.);
#2763 = FACE_BOUND('',#2764,.T.);
#2764 = EDGE_LOOP('',(#2765,#2773,#2774,#2775));
#2765 = ORIENTED_EDGE('',*,*,#2766,.F.);
#2766 = EDGE_CURVE('',#292,#2767,#2769,.T.);
#2767 = VERTEX_POINT('',#2768);
#2768 = CARTESIAN_POINT('',(96.75,18.773685040503,4.631549416772));
#2769 = LINE('',#2770,#2771);
#2770 = CARTESIAN_POINT('',(96.75,11.5611958724,11.844038584875));
#2771 = VECTOR('',#2772,1.);
#2772 = DIRECTION('',(0.,0.707106781187,-0.707106781187));
#2773 = ORIENTED_EDGE('',*,*,#299,.T.);
#2774 = ORIENTED_EDGE('',*,*,#2726,.T.);
#2775 = ORIENTED_EDGE('',*,*,#2776,.T.);
#2776 = EDGE_CURVE('',#2719,#2767,#2777,.T.);
#2777 = LINE('',#2778,#2779);
#2778 = CARTESIAN_POINT('',(96.75,17.288760800011,3.14662517628));
#2779 = VECTOR('',#2780,1.);
#2780 = DIRECTION('',(0.,0.707106781187,0.707106781187));
#2781 = PLANE('',#2782);
#2782 = AXIS2_PLACEMENT_3D('',#2783,#2784,#2785);
#2783 = CARTESIAN_POINT('',(96.75,10.076271631908,10.359114344383));
#2784 = DIRECTION('',(1.,0.,-0.));
#2785 = DIRECTION('',(0.,0.707106781187,-0.707106781187));
#2786 = ADVANCED_FACE('',(#2787),#2805,.F.);
#2787 = FACE_BOUND('',#2788,.F.);
#2788 = EDGE_LOOP('',(#2789,#2790,#2791,#2799));
#2789 = ORIENTED_EDGE('',*,*,#235,.T.);
#2790 = ORIENTED_EDGE('',*,*,#2744,.T.);
#2791 = ORIENTED_EDGE('',*,*,#2792,.T.);
#2792 = EDGE_CURVE('',#2745,#2793,#2795,.T.);
#2793 = VERTEX_POINT('',#2794);
#2794 = CARTESIAN_POINT('',(100.35,17.288760800011,3.14662517628));
#2795 = LINE('',#2796,#2797);
#2796 = CARTESIAN_POINT('',(100.35,16.228100628231,2.0859650045));
#2797 = VECTOR('',#2798,1.);
#2798 = DIRECTION('',(0.,0.707106781187,0.707106781187));
#2799 = ORIENTED_EDGE('',*,*,#2800,.T.);
#2800 = EDGE_CURVE('',#2793,#236,#2801,.T.);
#2801 = LINE('',#2802,#2803);
#2802 = CARTESIAN_POINT('',(100.35,10.076271631908,10.359114344383));
#2803 = VECTOR('',#2804,1.);
#2804 = DIRECTION('',(0.,-0.707106781187,0.707106781187));
#2805 = PLANE('',#2806);
#2806 = AXIS2_PLACEMENT_3D('',#2807,#2808,#2809);
#2807 = CARTESIAN_POINT('',(100.35,9.015611460128,9.298454172603));
#2808 = DIRECTION('',(1.,0.,-0.));
#2809 = DIRECTION('',(0.,0.707106781187,-0.707106781187));
#2810 = ADVANCED_FACE('',(#2811),#2829,.F.);
#2811 = FACE_BOUND('',#2812,.F.);
#2812 = EDGE_LOOP('',(#2813,#2821,#2822,#2823));
#2813 = ORIENTED_EDGE('',*,*,#2814,.F.);
#2814 = EDGE_CURVE('',#2767,#2815,#2817,.T.);
#2815 = VERTEX_POINT('',#2816);
#2816 = CARTESIAN_POINT('',(98.25,18.773685040503,4.631549416772));
#2817 = LINE('',#2818,#2819);
#2818 = CARTESIAN_POINT('',(96.75,18.773685040503,4.631549416772));
#2819 = VECTOR('',#2820,1.);
#2820 = DIRECTION('',(1.,0.,-0.));
#2821 = ORIENTED_EDGE('',*,*,#2766,.F.);
#2822 = ORIENTED_EDGE('',*,*,#291,.T.);
#2823 = ORIENTED_EDGE('',*,*,#2824,.F.);
#2824 = EDGE_CURVE('',#2815,#284,#2825,.T.);
#2825 = LINE('',#2826,#2827);
#2826 = CARTESIAN_POINT('',(98.25,11.5611958724,11.844038584875));
#2827 = VECTOR('',#2828,1.);
#2828 = DIRECTION('',(0.,-0.707106781187,0.707106781187));
#2829 = PLANE('',#2830);
#2830 = AXIS2_PLACEMENT_3D('',#2831,#2832,#2833);
#2831 = CARTESIAN_POINT('',(96.75,11.5611958724,11.844038584875));
#2832 = DIRECTION('',(0.,0.707106781187,0.707106781187));
#2833 = DIRECTION('',(0.,0.707106781187,-0.707106781187));
#2834 = ADVANCED_FACE('',(#2835),#2853,.T.);
#2835 = FACE_BOUND('',#2836,.T.);
#2836 = EDGE_LOOP('',(#2837,#2845,#2846,#2847));
#2837 = ORIENTED_EDGE('',*,*,#2838,.F.);
#2838 = EDGE_CURVE('',#2793,#2839,#2841,.T.);
#2839 = VERTEX_POINT('',#2840);
#2840 = CARTESIAN_POINT('',(101.85,17.288760800011,3.14662517628));
#2841 = LINE('',#2842,#2843);
#2842 = CARTESIAN_POINT('',(96.75,17.288760800011,3.14662517628));
#2843 = VECTOR('',#2844,1.);
#2844 = DIRECTION('',(1.,0.,-0.));
#2845 = ORIENTED_EDGE('',*,*,#2800,.T.);
#2846 = ORIENTED_EDGE('',*,*,#243,.T.);
#2847 = ORIENTED_EDGE('',*,*,#2848,.T.);
#2848 = EDGE_CURVE('',#244,#2839,#2849,.T.);
#2849 = LINE('',#2850,#2851);
#2850 = CARTESIAN_POINT('',(101.85,10.076271631908,10.359114344383));
#2851 = VECTOR('',#2852,1.);
#2852 = DIRECTION('',(0.,0.707106781187,-0.707106781187));
#2853 = PLANE('',#2854);
#2854 = AXIS2_PLACEMENT_3D('',#2855,#2856,#2857);
#2855 = CARTESIAN_POINT('',(96.75,10.076271631908,10.359114344383));
#2856 = DIRECTION('',(0.,0.707106781187,0.707106781187));
#2857 = DIRECTION('',(0.,0.707106781187,-0.707106781187));
#2858 = ADVANCED_FACE('',(#2859),#2877,.T.);
#2859 = FACE_BOUND('',#2860,.T.);
#2860 = EDGE_LOOP('',(#2861,#2862,#2863,#2871));
#2861 = ORIENTED_EDGE('',*,*,#283,.T.);
#2862 = ORIENTED_EDGE('',*,*,#2824,.F.);
#2863 = ORIENTED_EDGE('',*,*,#2864,.T.);
#2864 = EDGE_CURVE('',#2815,#2865,#2867,.T.);
#2865 = VERTEX_POINT('',#2866);
#2866 = CARTESIAN_POINT('',(98.25,19.834345212283,5.692209588552));
#2867 = LINE('',#2868,#2869);
#2868 = CARTESIAN_POINT('',(98.25,16.228100628231,2.0859650045));
#2869 = VECTOR('',#2870,1.);
#2870 = DIRECTION('',(0.,0.707106781187,0.707106781187));
#2871 = ORIENTED_EDGE('',*,*,#2872,.F.);
#2872 = EDGE_CURVE('',#276,#2865,#2873,.T.);
#2873 = LINE('',#2874,#2875);
#2874 = CARTESIAN_POINT('',(98.25,12.62185604418,12.904698756654));
#2875 = VECTOR('',#2876,1.);
#2876 = DIRECTION('',(0.,0.707106781187,-0.707106781187));
#2877 = PLANE('',#2878);
#2878 = AXIS2_PLACEMENT_3D('',#2879,#2880,#2881);
#2879 = CARTESIAN_POINT('',(98.25,9.015611460128,9.298454172603));
#2880 = DIRECTION('',(1.,0.,-0.));
#2881 = DIRECTION('',(0.,0.707106781187,-0.707106781187));
#2882 = ADVANCED_FACE('',(#2883),#2901,.F.);
#2883 = FACE_BOUND('',#2884,.F.);
#2884 = EDGE_LOOP('',(#2885,#2893,#2894,#2895));
#2885 = ORIENTED_EDGE('',*,*,#2886,.F.);
#2886 = EDGE_CURVE('',#252,#2887,#2889,.T.);
#2887 = VERTEX_POINT('',#2888);
#2888 = CARTESIAN_POINT('',(101.85,18.773685040503,4.631549416772));
#2889 = LINE('',#2890,#2891);
#2890 = CARTESIAN_POINT('',(101.85,11.5611958724,11.844038584875));
#2891 = VECTOR('',#2892,1.);
#2892 = DIRECTION('',(0.,0.707106781187,-0.707106781187));
#2893 = ORIENTED_EDGE('',*,*,#251,.T.);
#2894 = ORIENTED_EDGE('',*,*,#2848,.T.);
#2895 = ORIENTED_EDGE('',*,*,#2896,.T.);
#2896 = EDGE_CURVE('',#2839,#2887,#2897,.T.);
#2897 = LINE('',#2898,#2899);
#2898 = CARTESIAN_POINT('',(101.85,17.288760800011,3.14662517628));
#2899 = VECTOR('',#2900,1.);
#2900 = DIRECTION('',(0.,0.707106781187,0.707106781187));
#2901 = PLANE('',#2902);
#2902 = AXIS2_PLACEMENT_3D('',#2903,#2904,#2905);
#2903 = CARTESIAN_POINT('',(101.85,10.076271631908,10.359114344383));
#2904 = DIRECTION('',(1.,0.,-0.));
#2905 = DIRECTION('',(0.,0.707106781187,-0.707106781187));
#2906 = ADVANCED_FACE('',(#2907),#2925,.F.);
#2907 = FACE_BOUND('',#2908,.F.);
#2908 = EDGE_LOOP('',(#2909,#2910,#2911,#2919));
#2909 = ORIENTED_EDGE('',*,*,#2872,.F.);
#2910 = ORIENTED_EDGE('',*,*,#275,.T.);
#2911 = ORIENTED_EDGE('',*,*,#2912,.T.);
#2912 = EDGE_CURVE('',#268,#2913,#2915,.T.);
#2913 = VERTEX_POINT('',#2914);
#2914 = CARTESIAN_POINT('',(100.35,19.834345212283,5.692209588552));
#2915 = LINE('',#2916,#2917);
#2916 = CARTESIAN_POINT('',(100.35,12.62185604418,12.904698756654));
#2917 = VECTOR('',#2918,1.);
#2918 = DIRECTION('',(0.,0.707106781187,-0.707106781187));
#2919 = ORIENTED_EDGE('',*,*,#2920,.F.);
#2920 = EDGE_CURVE('',#2865,#2913,#2921,.T.);
#2921 = LINE('',#2922,#2923);
#2922 = CARTESIAN_POINT('',(98.25,19.834345212283,5.692209588552));
#2923 = VECTOR('',#2924,1.);
#2924 = DIRECTION('',(1.,0.,-0.));
#2925 = PLANE('',#2926);
#2926 = AXIS2_PLACEMENT_3D('',#2927,#2928,#2929);
#2927 = CARTESIAN_POINT('',(98.25,12.62185604418,12.904698756654));
#2928 = DIRECTION('',(0.,0.707106781187,0.707106781187));
#2929 = DIRECTION('',(0.,0.707106781187,-0.707106781187));
#2930 = ADVANCED_FACE('',(#2931),#2949,.F.);
#2931 = FACE_BOUND('',#2932,.F.);
#2932 = EDGE_LOOP('',(#2933,#2941,#2947,#2948));
#2933 = ORIENTED_EDGE('',*,*,#2934,.F.);
#2934 = EDGE_CURVE('',#2935,#2887,#2937,.T.);
#2935 = VERTEX_POINT('',#2936);
#2936 = CARTESIAN_POINT('',(100.35,18.773685040503,4.631549416772));
#2937 = LINE('',#2938,#2939);
#2938 = CARTESIAN_POINT('',(96.75,18.773685040503,4.631549416772));
#2939 = VECTOR('',#2940,1.);
#2940 = DIRECTION('',(1.,0.,-0.));
#2941 = ORIENTED_EDGE('',*,*,#2942,.T.);
#2942 = EDGE_CURVE('',#2935,#260,#2943,.T.);
#2943 = LINE('',#2944,#2945);
#2944 = CARTESIAN_POINT('',(100.35,11.5611958724,11.844038584875));
#2945 = VECTOR('',#2946,1.);
#2946 = DIRECTION('',(0.,-0.707106781187,0.707106781187));
#2947 = ORIENTED_EDGE('',*,*,#259,.T.);
#2948 = ORIENTED_EDGE('',*,*,#2886,.T.);
#2949 = PLANE('',#2950);
#2950 = AXIS2_PLACEMENT_3D('',#2951,#2952,#2953);
#2951 = CARTESIAN_POINT('',(96.75,11.5611958724,11.844038584875));
#2952 = DIRECTION('',(0.,0.707106781187,0.707106781187));
#2953 = DIRECTION('',(0.,0.707106781187,-0.707106781187));
#2954 = ADVANCED_FACE('',(#2955),#2966,.F.);
#2955 = FACE_BOUND('',#2956,.F.);
#2956 = EDGE_LOOP('',(#2957,#2958,#2959,#2965));
#2957 = ORIENTED_EDGE('',*,*,#267,.T.);
#2958 = ORIENTED_EDGE('',*,*,#2942,.F.);
#2959 = ORIENTED_EDGE('',*,*,#2960,.T.);
#2960 = EDGE_CURVE('',#2935,#2913,#2961,.T.);
#2961 = LINE('',#2962,#2963);
#2962 = CARTESIAN_POINT('',(100.35,16.228100628231,2.0859650045));
#2963 = VECTOR('',#2964,1.);
#2964 = DIRECTION('',(0.,0.707106781187,0.707106781187));
#2965 = ORIENTED_EDGE('',*,*,#2912,.F.);
#2966 = PLANE('',#2967);
#2967 = AXIS2_PLACEMENT_3D('',#2968,#2969,#2970);
#2968 = CARTESIAN_POINT('',(100.35,9.015611460128,9.298454172603));
#2969 = DIRECTION('',(1.,0.,-0.));
#2970 = DIRECTION('',(0.,0.707106781187,-0.707106781187));
#2971 = ADVANCED_FACE('',(#2972),#2997,.T.);
#2972 = FACE_BOUND('',#2973,.T.);
#2973 = EDGE_LOOP('',(#2974,#2975,#2983,#2991));
#2974 = ORIENTED_EDGE('',*,*,#315,.T.);
#2975 = ORIENTED_EDGE('',*,*,#2976,.T.);
#2976 = EDGE_CURVE('',#318,#2977,#2979,.T.);
#2977 = VERTEX_POINT('',#2978);
#2978 = CARTESIAN_POINT('',(81.275,16.245778297761,2.10364267403));
#2979 = LINE('',#2980,#2981);
#2980 = CARTESIAN_POINT('',(81.275,9.033289129658,9.316131842133));
#2981 = VECTOR('',#2982,1.);
#2982 = DIRECTION('',(0.,0.707106781187,-0.707106781187));
#2983 = ORIENTED_EDGE('',*,*,#2984,.T.);
#2984 = EDGE_CURVE('',#2977,#2985,#2987,.T.);
#2985 = VERTEX_POINT('',#2986);
#2986 = CARTESIAN_POINT('',(81.275,17.306438469541,3.16430284581));
#2987 = LINE('',#2988,#2989);
#2988 = CARTESIAN_POINT('',(81.275,16.245778297761,2.10364267403));
#2989 = VECTOR('',#2990,1.);
#2990 = DIRECTION('',(0.,0.707106781187,0.707106781187));
#2991 = ORIENTED_EDGE('',*,*,#2992,.T.);
#2992 = EDGE_CURVE('',#2985,#316,#2993,.T.);
#2993 = LINE('',#2994,#2995);
#2994 = CARTESIAN_POINT('',(81.275,10.093949301438,10.376792013913));
#2995 = VECTOR('',#2996,1.);
#2996 = DIRECTION('',(0.,-0.707106781187,0.707106781187));
#2997 = PLANE('',#2998);
#2998 = AXIS2_PLACEMENT_3D('',#2999,#3000,#3001);
#2999 = CARTESIAN_POINT('',(81.275,9.033289129658,9.316131842133));
#3000 = DIRECTION('',(1.,0.,-0.));
#3001 = DIRECTION('',(0.,0.707106781187,-0.707106781187));
#3002 = ADVANCED_FACE('',(#3003),#3021,.T.);
#3003 = FACE_BOUND('',#3004,.T.);
#3004 = EDGE_LOOP('',(#3005,#3013,#3019,#3020));
#3005 = ORIENTED_EDGE('',*,*,#3006,.F.);
#3006 = EDGE_CURVE('',#3007,#2985,#3009,.T.);
#3007 = VERTEX_POINT('',#3008);
#3008 = CARTESIAN_POINT('',(79.775,17.306438469541,3.16430284581));
#3009 = LINE('',#3010,#3011);
#3010 = CARTESIAN_POINT('',(79.775,17.306438469541,3.16430284581));
#3011 = VECTOR('',#3012,1.);
#3012 = DIRECTION('',(1.,0.,-0.));
#3013 = ORIENTED_EDGE('',*,*,#3014,.F.);
#3014 = EDGE_CURVE('',#398,#3007,#3015,.T.);
#3015 = LINE('',#3016,#3017);
#3016 = CARTESIAN_POINT('',(79.775,10.093949301438,10.376792013913));
#3017 = VECTOR('',#3018,1.);
#3018 = DIRECTION('',(0.,0.707106781187,-0.707106781187));
#3019 = ORIENTED_EDGE('',*,*,#405,.T.);
#3020 = ORIENTED_EDGE('',*,*,#2992,.F.);
#3021 = PLANE('',#3022);
#3022 = AXIS2_PLACEMENT_3D('',#3023,#3024,#3025);
#3023 = CARTESIAN_POINT('',(79.775,10.093949301438,10.376792013913));
#3024 = DIRECTION('',(0.,0.707106781187,0.707106781187));
#3025 = DIRECTION('',(0.,0.707106781187,-0.707106781187));
#3026 = ADVANCED_FACE('',(#3027),#3045,.T.);
#3027 = FACE_BOUND('',#3028,.T.);
#3028 = EDGE_LOOP('',(#3029,#3030,#3031,#3039));
#3029 = ORIENTED_EDGE('',*,*,#2976,.F.);
#3030 = ORIENTED_EDGE('',*,*,#325,.T.);
#3031 = ORIENTED_EDGE('',*,*,#3032,.T.);
#3032 = EDGE_CURVE('',#326,#3033,#3035,.T.);
#3033 = VERTEX_POINT('',#3034);
#3034 = CARTESIAN_POINT('',(83.325,16.245778297761,2.10364267403));
#3035 = LINE('',#3036,#3037);
#3036 = CARTESIAN_POINT('',(83.325,9.033289129658,9.316131842133));
#3037 = VECTOR('',#3038,1.);
#3038 = DIRECTION('',(0.,0.707106781187,-0.707106781187));
#3039 = ORIENTED_EDGE('',*,*,#3040,.F.);
#3040 = EDGE_CURVE('',#2977,#3033,#3041,.T.);
#3041 = LINE('',#3042,#3043);
#3042 = CARTESIAN_POINT('',(81.275,16.245778297761,2.10364267403));
#3043 = VECTOR('',#3044,1.);
#3044 = DIRECTION('',(1.,0.,-0.));
#3045 = PLANE('',#3046);
#3046 = AXIS2_PLACEMENT_3D('',#3047,#3048,#3049);
#3047 = CARTESIAN_POINT('',(81.275,9.033289129658,9.316131842133));
#3048 = DIRECTION('',(0.,0.707106781187,0.707106781187));
#3049 = DIRECTION('',(0.,0.707106781187,-0.707106781187));
#3050 = ADVANCED_FACE('',(#3051),#3069,.T.);
#3051 = FACE_BOUND('',#3052,.T.);
#3052 = EDGE_LOOP('',(#3053,#3061,#3062,#3063));
#3053 = ORIENTED_EDGE('',*,*,#3054,.F.);
#3054 = EDGE_CURVE('',#390,#3055,#3057,.T.);
#3055 = VERTEX_POINT('',#3056);
#3056 = CARTESIAN_POINT('',(79.775,18.756007370973,4.613871747242));
#3057 = LINE('',#3058,#3059);
#3058 = CARTESIAN_POINT('',(79.775,11.54351820287,11.826360915345));
#3059 = VECTOR('',#3060,1.);
#3060 = DIRECTION('',(0.,0.707106781187,-0.707106781187));
#3061 = ORIENTED_EDGE('',*,*,#397,.T.);
#3062 = ORIENTED_EDGE('',*,*,#3014,.T.);
#3063 = ORIENTED_EDGE('',*,*,#3064,.T.);
#3064 = EDGE_CURVE('',#3007,#3055,#3065,.T.);
#3065 = LINE('',#3066,#3067);
#3066 = CARTESIAN_POINT('',(79.775,17.306438469541,3.16430284581));
#3067 = VECTOR('',#3068,1.);
#3068 = DIRECTION('',(0.,0.707106781187,0.707106781187));
#3069 = PLANE('',#3070);
#3070 = AXIS2_PLACEMENT_3D('',#3071,#3072,#3073);
#3071 = CARTESIAN_POINT('',(79.775,10.093949301438,10.376792013913));
#3072 = DIRECTION('',(1.,0.,-0.));
#3073 = DIRECTION('',(0.,0.707106781187,-0.707106781187));
#3074 = ADVANCED_FACE('',(#3075),#3093,.F.);
#3075 = FACE_BOUND('',#3076,.F.);
#3076 = EDGE_LOOP('',(#3077,#3078,#3079,#3087));
#3077 = ORIENTED_EDGE('',*,*,#333,.T.);
#3078 = ORIENTED_EDGE('',*,*,#3032,.T.);
#3079 = ORIENTED_EDGE('',*,*,#3080,.T.);
#3080 = EDGE_CURVE('',#3033,#3081,#3083,.T.);
#3081 = VERTEX_POINT('',#3082);
#3082 = CARTESIAN_POINT('',(83.325,17.306438469541,3.16430284581));
#3083 = LINE('',#3084,#3085);
#3084 = CARTESIAN_POINT('',(83.325,16.245778297761,2.10364267403));
#3085 = VECTOR('',#3086,1.);
#3086 = DIRECTION('',(0.,0.707106781187,0.707106781187));
#3087 = ORIENTED_EDGE('',*,*,#3088,.T.);
#3088 = EDGE_CURVE('',#3081,#334,#3089,.T.);
#3089 = LINE('',#3090,#3091);
#3090 = CARTESIAN_POINT('',(83.325,10.093949301438,10.376792013913));
#3091 = VECTOR('',#3092,1.);
#3092 = DIRECTION('',(0.,-0.707106781187,0.707106781187));
#3093 = PLANE('',#3094);
#3094 = AXIS2_PLACEMENT_3D('',#3095,#3096,#3097);
#3095 = CARTESIAN_POINT('',(83.325,9.033289129658,9.316131842133));
#3096 = DIRECTION('',(1.,0.,-0.));
#3097 = DIRECTION('',(0.,0.707106781187,-0.707106781187));
#3098 = ADVANCED_FACE('',(#3099),#3117,.F.);
#3099 = FACE_BOUND('',#3100,.F.);
#3100 = EDGE_LOOP('',(#3101,#3109,#3110,#3111));
#3101 = ORIENTED_EDGE('',*,*,#3102,.F.);
#3102 = EDGE_CURVE('',#3055,#3103,#3105,.T.);
#3103 = VERTEX_POINT('',#3104);
#3104 = CARTESIAN_POINT('',(81.275,18.756007370973,4.613871747242));
#3105 = LINE('',#3106,#3107);
#3106 = CARTESIAN_POINT('',(79.775,18.756007370973,4.613871747242));
#3107 = VECTOR('',#3108,1.);
#3108 = DIRECTION('',(1.,0.,-0.));
#3109 = ORIENTED_EDGE('',*,*,#3054,.F.);
#3110 = ORIENTED_EDGE('',*,*,#389,.T.);
#3111 = ORIENTED_EDGE('',*,*,#3112,.F.);
#3112 = EDGE_CURVE('',#3103,#382,#3113,.T.);
#3113 = LINE('',#3114,#3115);
#3114 = CARTESIAN_POINT('',(81.275,11.54351820287,11.826360915345));
#3115 = VECTOR('',#3116,1.);
#3116 = DIRECTION('',(0.,-0.707106781187,0.707106781187));
#3117 = PLANE('',#3118);
#3118 = AXIS2_PLACEMENT_3D('',#3119,#3120,#3121);
#3119 = CARTESIAN_POINT('',(79.775,11.54351820287,11.826360915345));
#3120 = DIRECTION('',(0.,0.707106781187,0.707106781187));
#3121 = DIRECTION('',(0.,0.707106781187,-0.707106781187));
#3122 = ADVANCED_FACE('',(#3123),#3141,.T.);
#3123 = FACE_BOUND('',#3124,.T.);
#3124 = EDGE_LOOP('',(#3125,#3133,#3134,#3135));
#3125 = ORIENTED_EDGE('',*,*,#3126,.F.);
#3126 = EDGE_CURVE('',#3081,#3127,#3129,.T.);
#3127 = VERTEX_POINT('',#3128);
#3128 = CARTESIAN_POINT('',(84.825,17.306438469541,3.16430284581));
#3129 = LINE('',#3130,#3131);
#3130 = CARTESIAN_POINT('',(79.775,17.306438469541,3.16430284581));
#3131 = VECTOR('',#3132,1.);
#3132 = DIRECTION('',(1.,0.,-0.));
#3133 = ORIENTED_EDGE('',*,*,#3088,.T.);
#3134 = ORIENTED_EDGE('',*,*,#341,.T.);
#3135 = ORIENTED_EDGE('',*,*,#3136,.T.);
#3136 = EDGE_CURVE('',#342,#3127,#3137,.T.);
#3137 = LINE('',#3138,#3139);
#3138 = CARTESIAN_POINT('',(84.825,10.093949301438,10.376792013913));
#3139 = VECTOR('',#3140,1.);
#3140 = DIRECTION('',(0.,0.707106781187,-0.707106781187));
#3141 = PLANE('',#3142);
#3142 = AXIS2_PLACEMENT_3D('',#3143,#3144,#3145);
#3143 = CARTESIAN_POINT('',(79.775,10.093949301438,10.376792013913));
#3144 = DIRECTION('',(0.,0.707106781187,0.707106781187));
#3145 = DIRECTION('',(0.,0.707106781187,-0.707106781187));
#3146 = ADVANCED_FACE('',(#3147),#3165,.T.);
#3147 = FACE_BOUND('',#3148,.T.);
#3148 = EDGE_LOOP('',(#3149,#3150,#3151,#3159));
#3149 = ORIENTED_EDGE('',*,*,#381,.T.);
#3150 = ORIENTED_EDGE('',*,*,#3112,.F.);
#3151 = ORIENTED_EDGE('',*,*,#3152,.T.);
#3152 = EDGE_CURVE('',#3103,#3153,#3155,.T.);
#3153 = VERTEX_POINT('',#3154);
#3154 = CARTESIAN_POINT('',(81.275,19.816667542753,5.674531919022));
#3155 = LINE('',#3156,#3157);
#3156 = CARTESIAN_POINT('',(81.275,16.245778297761,2.10364267403));
#3157 = VECTOR('',#3158,1.);
#3158 = DIRECTION('',(0.,0.707106781187,0.707106781187));
#3159 = ORIENTED_EDGE('',*,*,#3160,.F.);
#3160 = EDGE_CURVE('',#374,#3153,#3161,.T.);
#3161 = LINE('',#3162,#3163);
#3162 = CARTESIAN_POINT('',(81.275,12.60417837465,12.887021087125));
#3163 = VECTOR('',#3164,1.);
#3164 = DIRECTION('',(0.,0.707106781187,-0.707106781187));
#3165 = PLANE('',#3166);
#3166 = AXIS2_PLACEMENT_3D('',#3167,#3168,#3169);
#3167 = CARTESIAN_POINT('',(81.275,9.033289129658,9.316131842133));
#3168 = DIRECTION('',(1.,0.,-0.));
#3169 = DIRECTION('',(0.,0.707106781187,-0.707106781187));
#3170 = ADVANCED_FACE('',(#3171),#3189,.F.);
#3171 = FACE_BOUND('',#3172,.F.);
#3172 = EDGE_LOOP('',(#3173,#3181,#3182,#3183));
#3173 = ORIENTED_EDGE('',*,*,#3174,.F.);
#3174 = EDGE_CURVE('',#350,#3175,#3177,.T.);
#3175 = VERTEX_POINT('',#3176);
#3176 = CARTESIAN_POINT('',(84.825,18.756007370973,4.613871747242));
#3177 = LINE('',#3178,#3179);
#3178 = CARTESIAN_POINT('',(84.825,11.54351820287,11.826360915345));
#3179 = VECTOR('',#3180,1.);
#3180 = DIRECTION('',(0.,0.707106781187,-0.707106781187));
#3181 = ORIENTED_EDGE('',*,*,#349,.T.);
#3182 = ORIENTED_EDGE('',*,*,#3136,.T.);
#3183 = ORIENTED_EDGE('',*,*,#3184,.T.);
#3184 = EDGE_CURVE('',#3127,#3175,#3185,.T.);
#3185 = LINE('',#3186,#3187);
#3186 = CARTESIAN_POINT('',(84.825,17.306438469541,3.16430284581));
#3187 = VECTOR('',#3188,1.);
#3188 = DIRECTION('',(0.,0.707106781187,0.707106781187));
#3189 = PLANE('',#3190);
#3190 = AXIS2_PLACEMENT_3D('',#3191,#3192,#3193);
#3191 = CARTESIAN_POINT('',(84.825,10.093949301438,10.376792013913));
#3192 = DIRECTION('',(1.,0.,-0.));
#3193 = DIRECTION('',(0.,0.707106781187,-0.707106781187));
#3194 = ADVANCED_FACE('',(#3195),#3213,.F.);
#3195 = FACE_BOUND('',#3196,.F.);
#3196 = EDGE_LOOP('',(#3197,#3198,#3199,#3207));
#3197 = ORIENTED_EDGE('',*,*,#3160,.F.);
#3198 = ORIENTED_EDGE('',*,*,#373,.T.);
#3199 = ORIENTED_EDGE('',*,*,#3200,.T.);
#3200 = EDGE_CURVE('',#366,#3201,#3203,.T.);
#3201 = VERTEX_POINT('',#3202);
#3202 = CARTESIAN_POINT('',(83.325,19.816667542753,5.674531919022));
#3203 = LINE('',#3204,#3205);
#3204 = CARTESIAN_POINT('',(83.325,12.60417837465,12.887021087125));
#3205 = VECTOR('',#3206,1.);
#3206 = DIRECTION('',(0.,0.707106781187,-0.707106781187));
#3207 = ORIENTED_EDGE('',*,*,#3208,.F.);
#3208 = EDGE_CURVE('',#3153,#3201,#3209,.T.);
#3209 = LINE('',#3210,#3211);
#3210 = CARTESIAN_POINT('',(81.275,19.816667542753,5.674531919022));
#3211 = VECTOR('',#3212,1.);
#3212 = DIRECTION('',(1.,0.,-0.));
#3213 = PLANE('',#3214);
#3214 = AXIS2_PLACEMENT_3D('',#3215,#3216,#3217);
#3215 = CARTESIAN_POINT('',(81.275,12.60417837465,12.887021087125));
#3216 = DIRECTION('',(0.,0.707106781187,0.707106781187));
#3217 = DIRECTION('',(0.,0.707106781187,-0.707106781187));
#3218 = ADVANCED_FACE('',(#3219),#3237,.F.);
#3219 = FACE_BOUND('',#3220,.F.);
#3220 = EDGE_LOOP('',(#3221,#3229,#3235,#3236));
#3221 = ORIENTED_EDGE('',*,*,#3222,.F.);
#3222 = EDGE_CURVE('',#3223,#3175,#3225,.T.);
#3223 = VERTEX_POINT('',#3224);
#3224 = CARTESIAN_POINT('',(83.325,18.756007370973,4.613871747242));
#3225 = LINE('',#3226,#3227);
#3226 = CARTESIAN_POINT('',(79.775,18.756007370973,4.613871747242));
#3227 = VECTOR('',#3228,1.);
#3228 = DIRECTION('',(1.,0.,-0.));
#3229 = ORIENTED_EDGE('',*,*,#3230,.T.);
#3230 = EDGE_CURVE('',#3223,#358,#3231,.T.);
#3231 = LINE('',#3232,#3233);
#3232 = CARTESIAN_POINT('',(83.325,11.54351820287,11.826360915345));
#3233 = VECTOR('',#3234,1.);
#3234 = DIRECTION('',(0.,-0.707106781187,0.707106781187));
#3235 = ORIENTED_EDGE('',*,*,#357,.T.);
#3236 = ORIENTED_EDGE('',*,*,#3174,.T.);
#3237 = PLANE('',#3238);
#3238 = AXIS2_PLACEMENT_3D('',#3239,#3240,#3241);
#3239 = CARTESIAN_POINT('',(79.775,11.54351820287,11.826360915345));
#3240 = DIRECTION('',(0.,0.707106781187,0.707106781187));
#3241 = DIRECTION('',(0.,0.707106781187,-0.707106781187));
#3242 = ADVANCED_FACE('',(#3243),#3254,.F.);
#3243 = FACE_BOUND('',#3244,.F.);
#3244 = EDGE_LOOP('',(#3245,#3246,#3247,#3253));
#3245 = ORIENTED_EDGE('',*,*,#365,.T.);
#3246 = ORIENTED_EDGE('',*,*,#3230,.F.);
#3247 = ORIENTED_EDGE('',*,*,#3248,.T.);
#3248 = EDGE_CURVE('',#3223,#3201,#3249,.T.);
#3249 = LINE('',#3250,#3251);
#3250 = CARTESIAN_POINT('',(83.325,16.245778297761,2.10364267403));
#3251 = VECTOR('',#3252,1.);
#3252 = DIRECTION('',(0.,0.707106781187,0.707106781187));
#3253 = ORIENTED_EDGE('',*,*,#3200,.F.);
#3254 = PLANE('',#3255);
#3255 = AXIS2_PLACEMENT_3D('',#3256,#3257,#3258);
#3256 = CARTESIAN_POINT('',(83.325,9.033289129658,9.316131842133));
#3257 = DIRECTION('',(1.,0.,-0.));
#3258 = DIRECTION('',(0.,0.707106781187,-0.707106781187));
#3259 = ADVANCED_FACE('',(#3260),#3285,.T.);
#3260 = FACE_BOUND('',#3261,.T.);
#3261 = EDGE_LOOP('',(#3262,#3263,#3271,#3279));
#3262 = ORIENTED_EDGE('',*,*,#413,.T.);
#3263 = ORIENTED_EDGE('',*,*,#3264,.T.);
#3264 = EDGE_CURVE('',#416,#3265,#3267,.T.);
#3265 = VERTEX_POINT('',#3266);
#3266 = CARTESIAN_POINT('',(64.3,16.263455967291,2.12132034356));
#3267 = LINE('',#3268,#3269);
#3268 = CARTESIAN_POINT('',(64.3,9.050966799188,9.333809511662));
#3269 = VECTOR('',#3270,1.);
#3270 = DIRECTION('',(0.,0.707106781187,-0.707106781187));
#3271 = ORIENTED_EDGE('',*,*,#3272,.T.);
#3272 = EDGE_CURVE('',#3265,#3273,#3275,.T.);
#3273 = VERTEX_POINT('',#3274);
#3274 = CARTESIAN_POINT('',(64.3,17.32411613907,3.181980515339));
#3275 = LINE('',#3276,#3277);
#3276 = CARTESIAN_POINT('',(64.3,16.263455967291,2.12132034356));
#3277 = VECTOR('',#3278,1.);
#3278 = DIRECTION('',(0.,0.707106781187,0.707106781187));
#3279 = ORIENTED_EDGE('',*,*,#3280,.T.);
#3280 = EDGE_CURVE('',#3273,#414,#3281,.T.);
#3281 = LINE('',#3282,#3283);
#3282 = CARTESIAN_POINT('',(64.3,10.111626970968,10.394469683442));
#3283 = VECTOR('',#3284,1.);
#3284 = DIRECTION('',(0.,-0.707106781187,0.707106781187));
#3285 = PLANE('',#3286);
#3286 = AXIS2_PLACEMENT_3D('',#3287,#3288,#3289);
#3287 = CARTESIAN_POINT('',(64.3,9.050966799188,9.333809511662));
#3288 = DIRECTION('',(1.,0.,-0.));
#3289 = DIRECTION('',(0.,0.707106781187,-0.707106781187));
#3290 = ADVANCED_FACE('',(#3291),#3309,.T.);
#3291 = FACE_BOUND('',#3292,.T.);
#3292 = EDGE_LOOP('',(#3293,#3301,#3307,#3308));
#3293 = ORIENTED_EDGE('',*,*,#3294,.F.);
#3294 = EDGE_CURVE('',#3295,#3273,#3297,.T.);
#3295 = VERTEX_POINT('',#3296);
#3296 = CARTESIAN_POINT('',(62.8,17.32411613907,3.181980515339));
#3297 = LINE('',#3298,#3299);
#3298 = CARTESIAN_POINT('',(62.8,17.32411613907,3.181980515339));
#3299 = VECTOR('',#3300,1.);
#3300 = DIRECTION('',(1.,0.,-0.));
#3301 = ORIENTED_EDGE('',*,*,#3302,.F.);
#3302 = EDGE_CURVE('',#496,#3295,#3303,.T.);
#3303 = LINE('',#3304,#3305);
#3304 = CARTESIAN_POINT('',(62.8,10.111626970968,10.394469683442));
#3305 = VECTOR('',#3306,1.);
#3306 = DIRECTION('',(0.,0.707106781187,-0.707106781187));
#3307 = ORIENTED_EDGE('',*,*,#503,.T.);
#3308 = ORIENTED_EDGE('',*,*,#3280,.F.);
#3309 = PLANE('',#3310);
#3310 = AXIS2_PLACEMENT_3D('',#3311,#3312,#3313);
#3311 = CARTESIAN_POINT('',(62.8,10.111626970968,10.394469683442));
#3312 = DIRECTION('',(0.,0.707106781187,0.707106781187));
#3313 = DIRECTION('',(0.,0.707106781187,-0.707106781187));
#3314 = ADVANCED_FACE('',(#3315),#3333,.T.);
#3315 = FACE_BOUND('',#3316,.T.);
#3316 = EDGE_LOOP('',(#3317,#3318,#3319,#3327));
#3317 = ORIENTED_EDGE('',*,*,#3264,.F.);
#3318 = ORIENTED_EDGE('',*,*,#423,.T.);
#3319 = ORIENTED_EDGE('',*,*,#3320,.T.);
#3320 = EDGE_CURVE('',#424,#3321,#3323,.T.);
#3321 = VERTEX_POINT('',#3322);
#3322 = CARTESIAN_POINT('',(66.3,16.263455967291,2.12132034356));
#3323 = LINE('',#3324,#3325);
#3324 = CARTESIAN_POINT('',(66.3,9.050966799188,9.333809511662));
#3325 = VECTOR('',#3326,1.);
#3326 = DIRECTION('',(0.,0.707106781187,-0.707106781187));
#3327 = ORIENTED_EDGE('',*,*,#3328,.F.);
#3328 = EDGE_CURVE('',#3265,#3321,#3329,.T.);
#3329 = LINE('',#3330,#3331);
#3330 = CARTESIAN_POINT('',(64.3,16.263455967291,2.12132034356));
#3331 = VECTOR('',#3332,1.);
#3332 = DIRECTION('',(1.,0.,-0.));
#3333 = PLANE('',#3334);
#3334 = AXIS2_PLACEMENT_3D('',#3335,#3336,#3337);
#3335 = CARTESIAN_POINT('',(64.3,9.050966799188,9.333809511662));
#3336 = DIRECTION('',(0.,0.707106781187,0.707106781187));
#3337 = DIRECTION('',(0.,0.707106781187,-0.707106781187));
#3338 = ADVANCED_FACE('',(#3339),#3357,.T.);
#3339 = FACE_BOUND('',#3340,.T.);
#3340 = EDGE_LOOP('',(#3341,#3349,#3350,#3351));
#3341 = ORIENTED_EDGE('',*,*,#3342,.F.);
#3342 = EDGE_CURVE('',#488,#3343,#3345,.T.);
#3343 = VERTEX_POINT('',#3344);
#3344 = CARTESIAN_POINT('',(62.8,18.738329701444,4.596194077713));
#3345 = LINE('',#3346,#3347);
#3346 = CARTESIAN_POINT('',(62.8,11.525840533341,11.808683245815));
#3347 = VECTOR('',#3348,1.);
#3348 = DIRECTION('',(0.,0.707106781187,-0.707106781187));
#3349 = ORIENTED_EDGE('',*,*,#495,.T.);
#3350 = ORIENTED_EDGE('',*,*,#3302,.T.);
#3351 = ORIENTED_EDGE('',*,*,#3352,.T.);
#3352 = EDGE_CURVE('',#3295,#3343,#3353,.T.);
#3353 = LINE('',#3354,#3355);
#3354 = CARTESIAN_POINT('',(62.8,17.32411613907,3.181980515339));
#3355 = VECTOR('',#3356,1.);
#3356 = DIRECTION('',(0.,0.707106781187,0.707106781187));
#3357 = PLANE('',#3358);
#3358 = AXIS2_PLACEMENT_3D('',#3359,#3360,#3361);
#3359 = CARTESIAN_POINT('',(62.8,10.111626970968,10.394469683442));
#3360 = DIRECTION('',(1.,0.,-0.));
#3361 = DIRECTION('',(0.,0.707106781187,-0.707106781187));
#3362 = ADVANCED_FACE('',(#3363),#3381,.F.);
#3363 = FACE_BOUND('',#3364,.F.);
#3364 = EDGE_LOOP('',(#3365,#3366,#3367,#3375));
#3365 = ORIENTED_EDGE('',*,*,#431,.T.);
#3366 = ORIENTED_EDGE('',*,*,#3320,.T.);
#3367 = ORIENTED_EDGE('',*,*,#3368,.T.);
#3368 = EDGE_CURVE('',#3321,#3369,#3371,.T.);
#3369 = VERTEX_POINT('',#3370);
#3370 = CARTESIAN_POINT('',(66.3,17.32411613907,3.181980515339));
#3371 = LINE('',#3372,#3373);
#3372 = CARTESIAN_POINT('',(66.3,16.263455967291,2.12132034356));
#3373 = VECTOR('',#3374,1.);
#3374 = DIRECTION('',(0.,0.707106781187,0.707106781187));
#3375 = ORIENTED_EDGE('',*,*,#3376,.T.);
#3376 = EDGE_CURVE('',#3369,#432,#3377,.T.);
#3377 = LINE('',#3378,#3379);
#3378 = CARTESIAN_POINT('',(66.3,10.111626970968,10.394469683442));
#3379 = VECTOR('',#3380,1.);
#3380 = DIRECTION('',(0.,-0.707106781187,0.707106781187));
#3381 = PLANE('',#3382);
#3382 = AXIS2_PLACEMENT_3D('',#3383,#3384,#3385);
#3383 = CARTESIAN_POINT('',(66.3,9.050966799188,9.333809511662));
#3384 = DIRECTION('',(1.,0.,-0.));
#3385 = DIRECTION('',(0.,0.707106781187,-0.707106781187));
#3386 = ADVANCED_FACE('',(#3387),#3405,.F.);
#3387 = FACE_BOUND('',#3388,.F.);
#3388 = EDGE_LOOP('',(#3389,#3397,#3398,#3399));
#3389 = ORIENTED_EDGE('',*,*,#3390,.F.);
#3390 = EDGE_CURVE('',#3343,#3391,#3393,.T.);
#3391 = VERTEX_POINT('',#3392);
#3392 = CARTESIAN_POINT('',(64.3,18.738329701444,4.596194077713));
#3393 = LINE('',#3394,#3395);
#3394 = CARTESIAN_POINT('',(62.8,18.738329701444,4.596194077713));
#3395 = VECTOR('',#3396,1.);
#3396 = DIRECTION('',(1.,0.,-0.));
#3397 = ORIENTED_EDGE('',*,*,#3342,.F.);
#3398 = ORIENTED_EDGE('',*,*,#487,.T.);
#3399 = ORIENTED_EDGE('',*,*,#3400,.F.);
#3400 = EDGE_CURVE('',#3391,#480,#3401,.T.);
#3401 = LINE('',#3402,#3403);
#3402 = CARTESIAN_POINT('',(64.3,11.525840533341,11.808683245815));
#3403 = VECTOR('',#3404,1.);
#3404 = DIRECTION('',(0.,-0.707106781187,0.707106781187));
#3405 = PLANE('',#3406);
#3406 = AXIS2_PLACEMENT_3D('',#3407,#3408,#3409);
#3407 = CARTESIAN_POINT('',(62.8,11.525840533341,11.808683245815));
#3408 = DIRECTION('',(0.,0.707106781187,0.707106781187));
#3409 = DIRECTION('',(0.,0.707106781187,-0.707106781187));
#3410 = ADVANCED_FACE('',(#3411),#3429,.T.);
#3411 = FACE_BOUND('',#3412,.T.);
#3412 = EDGE_LOOP('',(#3413,#3421,#3422,#3423));
#3413 = ORIENTED_EDGE('',*,*,#3414,.F.);
#3414 = EDGE_CURVE('',#3369,#3415,#3417,.T.);
#3415 = VERTEX_POINT('',#3416);
#3416 = CARTESIAN_POINT('',(67.8,17.32411613907,3.181980515339));
#3417 = LINE('',#3418,#3419);
#3418 = CARTESIAN_POINT('',(62.8,17.32411613907,3.181980515339));
#3419 = VECTOR('',#3420,1.);
#3420 = DIRECTION('',(1.,0.,-0.));
#3421 = ORIENTED_EDGE('',*,*,#3376,.T.);
#3422 = ORIENTED_EDGE('',*,*,#439,.T.);
#3423 = ORIENTED_EDGE('',*,*,#3424,.T.);
#3424 = EDGE_CURVE('',#440,#3415,#3425,.T.);
#3425 = LINE('',#3426,#3427);
#3426 = CARTESIAN_POINT('',(67.8,10.111626970968,10.394469683442));
#3427 = VECTOR('',#3428,1.);
#3428 = DIRECTION('',(0.,0.707106781187,-0.707106781187));
#3429 = PLANE('',#3430);
#3430 = AXIS2_PLACEMENT_3D('',#3431,#3432,#3433);
#3431 = CARTESIAN_POINT('',(62.8,10.111626970968,10.394469683442));
#3432 = DIRECTION('',(0.,0.707106781187,0.707106781187));
#3433 = DIRECTION('',(0.,0.707106781187,-0.707106781187));
#3434 = ADVANCED_FACE('',(#3435),#3453,.T.);
#3435 = FACE_BOUND('',#3436,.T.);
#3436 = EDGE_LOOP('',(#3437,#3438,#3439,#3447));
#3437 = ORIENTED_EDGE('',*,*,#479,.T.);
#3438 = ORIENTED_EDGE('',*,*,#3400,.F.);
#3439 = ORIENTED_EDGE('',*,*,#3440,.T.);
#3440 = EDGE_CURVE('',#3391,#3441,#3443,.T.);
#3441 = VERTEX_POINT('',#3442);
#3442 = CARTESIAN_POINT('',(64.3,19.798989873223,5.656854249492));
#3443 = LINE('',#3444,#3445);
#3444 = CARTESIAN_POINT('',(64.3,16.263455967291,2.12132034356));
#3445 = VECTOR('',#3446,1.);
#3446 = DIRECTION('',(0.,0.707106781187,0.707106781187));
#3447 = ORIENTED_EDGE('',*,*,#3448,.F.);
#3448 = EDGE_CURVE('',#472,#3441,#3449,.T.);
#3449 = LINE('',#3450,#3451);
#3450 = CARTESIAN_POINT('',(64.3,12.586500705121,12.869343417595));
#3451 = VECTOR('',#3452,1.);
#3452 = DIRECTION('',(0.,0.707106781187,-0.707106781187));
#3453 = PLANE('',#3454);
#3454 = AXIS2_PLACEMENT_3D('',#3455,#3456,#3457);
#3455 = CARTESIAN_POINT('',(64.3,9.050966799188,9.333809511662));
#3456 = DIRECTION('',(1.,0.,-0.));
#3457 = DIRECTION('',(0.,0.707106781187,-0.707106781187));
#3458 = ADVANCED_FACE('',(#3459),#3477,.F.);
#3459 = FACE_BOUND('',#3460,.F.);
#3460 = EDGE_LOOP('',(#3461,#3469,#3470,#3471));
#3461 = ORIENTED_EDGE('',*,*,#3462,.F.);
#3462 = EDGE_CURVE('',#448,#3463,#3465,.T.);
#3463 = VERTEX_POINT('',#3464);
#3464 = CARTESIAN_POINT('',(67.8,18.738329701444,4.596194077713));
#3465 = LINE('',#3466,#3467);
#3466 = CARTESIAN_POINT('',(67.8,11.525840533341,11.808683245815));
#3467 = VECTOR('',#3468,1.);
#3468 = DIRECTION('',(0.,0.707106781187,-0.707106781187));
#3469 = ORIENTED_EDGE('',*,*,#447,.T.);
#3470 = ORIENTED_EDGE('',*,*,#3424,.T.);
#3471 = ORIENTED_EDGE('',*,*,#3472,.T.);
#3472 = EDGE_CURVE('',#3415,#3463,#3473,.T.);
#3473 = LINE('',#3474,#3475);
#3474 = CARTESIAN_POINT('',(67.8,17.32411613907,3.181980515339));
#3475 = VECTOR('',#3476,1.);
#3476 = DIRECTION('',(0.,0.707106781187,0.707106781187));
#3477 = PLANE('',#3478);
#3478 = AXIS2_PLACEMENT_3D('',#3479,#3480,#3481);
#3479 = CARTESIAN_POINT('',(67.8,10.111626970968,10.394469683442));
#3480 = DIRECTION('',(1.,0.,-0.));
#3481 = DIRECTION('',(0.,0.707106781187,-0.707106781187));
#3482 = ADVANCED_FACE('',(#3483),#3501,.F.);
#3483 = FACE_BOUND('',#3484,.F.);
#3484 = EDGE_LOOP('',(#3485,#3486,#3487,#3495));
#3485 = ORIENTED_EDGE('',*,*,#3448,.F.);
#3486 = ORIENTED_EDGE('',*,*,#471,.T.);
#3487 = ORIENTED_EDGE('',*,*,#3488,.T.);
#3488 = EDGE_CURVE('',#464,#3489,#3491,.T.);
#3489 = VERTEX_POINT('',#3490);
#3490 = CARTESIAN_POINT('',(66.3,19.798989873223,5.656854249492));
#3491 = LINE('',#3492,#3493);
#3492 = CARTESIAN_POINT('',(66.3,12.586500705121,12.869343417595));
#3493 = VECTOR('',#3494,1.);
#3494 = DIRECTION('',(0.,0.707106781187,-0.707106781187));
#3495 = ORIENTED_EDGE('',*,*,#3496,.F.);
#3496 = EDGE_CURVE('',#3441,#3489,#3497,.T.);
#3497 = LINE('',#3498,#3499);
#3498 = CARTESIAN_POINT('',(64.3,19.798989873223,5.656854249492));
#3499 = VECTOR('',#3500,1.);
#3500 = DIRECTION('',(1.,0.,-0.));
#3501 = PLANE('',#3502);
#3502 = AXIS2_PLACEMENT_3D('',#3503,#3504,#3505);
#3503 = CARTESIAN_POINT('',(64.3,12.586500705121,12.869343417595));
#3504 = DIRECTION('',(0.,0.707106781187,0.707106781187));
#3505 = DIRECTION('',(0.,0.707106781187,-0.707106781187));
#3506 = ADVANCED_FACE('',(#3507),#3525,.F.);
#3507 = FACE_BOUND('',#3508,.F.);
#3508 = EDGE_LOOP('',(#3509,#3517,#3523,#3524));
#3509 = ORIENTED_EDGE('',*,*,#3510,.F.);
#3510 = EDGE_CURVE('',#3511,#3463,#3513,.T.);
#3511 = VERTEX_POINT('',#3512);
#3512 = CARTESIAN_POINT('',(66.3,18.738329701444,4.596194077713));
#3513 = LINE('',#3514,#3515);
#3514 = CARTESIAN_POINT('',(62.8,18.738329701444,4.596194077713));
#3515 = VECTOR('',#3516,1.);
#3516 = DIRECTION('',(1.,0.,-0.));
#3517 = ORIENTED_EDGE('',*,*,#3518,.T.);
#3518 = EDGE_CURVE('',#3511,#456,#3519,.T.);
#3519 = LINE('',#3520,#3521);
#3520 = CARTESIAN_POINT('',(66.3,11.525840533341,11.808683245815));
#3521 = VECTOR('',#3522,1.);
#3522 = DIRECTION('',(0.,-0.707106781187,0.707106781187));
#3523 = ORIENTED_EDGE('',*,*,#455,.T.);
#3524 = ORIENTED_EDGE('',*,*,#3462,.T.);
#3525 = PLANE('',#3526);
#3526 = AXIS2_PLACEMENT_3D('',#3527,#3528,#3529);
#3527 = CARTESIAN_POINT('',(62.8,11.525840533341,11.808683245815));
#3528 = DIRECTION('',(0.,0.707106781187,0.707106781187));
#3529 = DIRECTION('',(0.,0.707106781187,-0.707106781187));
#3530 = ADVANCED_FACE('',(#3531),#3542,.F.);
#3531 = FACE_BOUND('',#3532,.F.);
#3532 = EDGE_LOOP('',(#3533,#3534,#3535,#3541));
#3533 = ORIENTED_EDGE('',*,*,#463,.T.);
#3534 = ORIENTED_EDGE('',*,*,#3518,.F.);
#3535 = ORIENTED_EDGE('',*,*,#3536,.T.);
#3536 = EDGE_CURVE('',#3511,#3489,#3537,.T.);
#3537 = LINE('',#3538,#3539);
#3538 = CARTESIAN_POINT('',(66.3,16.263455967291,2.12132034356));
#3539 = VECTOR('',#3540,1.);
#3540 = DIRECTION('',(0.,0.707106781187,0.707106781187));
#3541 = ORIENTED_EDGE('',*,*,#3488,.F.);
#3542 = PLANE('',#3543);
#3543 = AXIS2_PLACEMENT_3D('',#3544,#3545,#3546);
#3544 = CARTESIAN_POINT('',(66.3,9.050966799188,9.333809511662));
#3545 = DIRECTION('',(1.,0.,-0.));
#3546 = DIRECTION('',(0.,0.707106781187,-0.707106781187));
#3547 = ADVANCED_FACE('',(#3548),#3567,.F.);
#3548 = FACE_BOUND('',#3549,.F.);
#3549 = EDGE_LOOP('',(#3550,#3558,#3565,#3566));
#3550 = ORIENTED_EDGE('',*,*,#3551,.T.);
#3551 = EDGE_CURVE('',#512,#3552,#3554,.T.);
#3552 = VERTEX_POINT('',#3553);
#3553 = CARTESIAN_POINT('',(61.6,17.32411613907,4.596194077713));
#3554 = LINE('',#3555,#3556);
#3555 = CARTESIAN_POINT('',(61.6,10.889444430273,11.03086578651));
#3556 = VECTOR('',#3557,1.);
#3557 = DIRECTION('',(0.,0.707106781187,-0.707106781187));
#3558 = ORIENTED_EDGE('',*,*,#3559,.F.);
#3559 = EDGE_CURVE('',#3552,#3552,#3560,.T.);
#3560 = CIRCLE('',#3561,4.8);
#3561 = AXIS2_PLACEMENT_3D('',#3562,#3563,#3564);
#3562 = CARTESIAN_POINT('',(56.8,17.32411613907,4.596194077713));
#3563 = DIRECTION('',(0.,0.707106781187,-0.707106781187));
#3564 = DIRECTION('',(1.,0.,0.));
#3565 = ORIENTED_EDGE('',*,*,#3551,.F.);
#3566 = ORIENTED_EDGE('',*,*,#511,.T.);
#3567 = CYLINDRICAL_SURFACE('',#3568,4.8);
#3568 = AXIS2_PLACEMENT_3D('',#3569,#3570,#3571);
#3569 = CARTESIAN_POINT('',(56.8,10.889444430273,11.03086578651));
#3570 = DIRECTION('',(0.,0.707106781187,-0.707106781187));
#3571 = DIRECTION('',(1.,0.,0.));
#3572 = ADVANCED_FACE('',(#3573),#3592,.F.);
#3573 = FACE_BOUND('',#3574,.F.);
#3574 = EDGE_LOOP('',(#3575,#3583,#3590,#3591));
#3575 = ORIENTED_EDGE('',*,*,#3576,.T.);
#3576 = EDGE_CURVE('',#523,#3577,#3579,.T.);
#3577 = VERTEX_POINT('',#3578);
#3578 = CARTESIAN_POINT('',(44.575,17.32411613907,4.596194077713));
#3579 = LINE('',#3580,#3581);
#3580 = CARTESIAN_POINT('',(44.575,10.889444430273,11.03086578651));
#3581 = VECTOR('',#3582,1.);
#3582 = DIRECTION('',(0.,0.707106781187,-0.707106781187));
#3583 = ORIENTED_EDGE('',*,*,#3584,.F.);
#3584 = EDGE_CURVE('',#3577,#3577,#3585,.T.);
#3585 = CIRCLE('',#3586,4.775);
#3586 = AXIS2_PLACEMENT_3D('',#3587,#3588,#3589);
#3587 = CARTESIAN_POINT('',(39.8,17.32411613907,4.596194077713));
#3588 = DIRECTION('',(0.,0.707106781187,-0.707106781187));
#3589 = DIRECTION('',(1.,0.,0.));
#3590 = ORIENTED_EDGE('',*,*,#3576,.F.);
#3591 = ORIENTED_EDGE('',*,*,#522,.T.);
#3592 = CYLINDRICAL_SURFACE('',#3593,4.775);
#3593 = AXIS2_PLACEMENT_3D('',#3594,#3595,#3596);
#3594 = CARTESIAN_POINT('',(39.8,10.889444430273,11.03086578651));
#3595 = DIRECTION('',(0.,0.707106781187,-0.707106781187));
#3596 = DIRECTION('',(1.,0.,0.));
#3597 = ADVANCED_FACE('',(#3598),#3617,.F.);
#3598 = FACE_BOUND('',#3599,.F.);
#3599 = EDGE_LOOP('',(#3600,#3608,#3615,#3616));
#3600 = ORIENTED_EDGE('',*,*,#3601,.T.);
#3601 = EDGE_CURVE('',#534,#3602,#3604,.T.);
#3602 = VERTEX_POINT('',#3603);
#3603 = CARTESIAN_POINT('',(10.525,17.32411613907,4.596194077713));
#3604 = LINE('',#3605,#3606);
#3605 = CARTESIAN_POINT('',(10.525,10.889444430273,11.03086578651));
#3606 = VECTOR('',#3607,1.);
#3607 = DIRECTION('',(0.,0.707106781187,-0.707106781187));
#3608 = ORIENTED_EDGE('',*,*,#3609,.F.);
#3609 = EDGE_CURVE('',#3602,#3602,#3610,.T.);
#3610 = CIRCLE('',#3611,4.725);
#3611 = AXIS2_PLACEMENT_3D('',#3612,#3613,#3614);
#3612 = CARTESIAN_POINT('',(5.8,17.32411613907,4.596194077713));
#3613 = DIRECTION('',(0.,0.707106781187,-0.707106781187));
#3614 = DIRECTION('',(1.,0.,0.));
#3615 = ORIENTED_EDGE('',*,*,#3601,.F.);
#3616 = ORIENTED_EDGE('',*,*,#533,.T.);
#3617 = CYLINDRICAL_SURFACE('',#3618,4.725);
#3618 = AXIS2_PLACEMENT_3D('',#3619,#3620,#3621);
#3619 = CARTESIAN_POINT('',(5.8,10.889444430273,11.03086578651));
#3620 = DIRECTION('',(0.,0.707106781187,-0.707106781187));
#3621 = DIRECTION('',(1.,0.,0.));
#3622 = ADVANCED_FACE('',(#3623),#3648,.T.);
#3623 = FACE_BOUND('',#3624,.T.);
#3624 = EDGE_LOOP('',(#3625,#3626,#3634,#3642));
#3625 = ORIENTED_EDGE('',*,*,#544,.T.);
#3626 = ORIENTED_EDGE('',*,*,#3627,.T.);
#3627 = EDGE_CURVE('',#547,#3628,#3630,.T.);
#3628 = VERTEX_POINT('',#3629);
#3629 = CARTESIAN_POINT('',(47.325,16.28113363682,2.138998013089));
#3630 = LINE('',#3631,#3632);
#3631 = CARTESIAN_POINT('',(47.325,9.068644468717,9.351487181192));
#3632 = VECTOR('',#3633,1.);
#3633 = DIRECTION('',(0.,0.707106781187,-0.707106781187));
#3634 = ORIENTED_EDGE('',*,*,#3635,.T.);
#3635 = EDGE_CURVE('',#3628,#3636,#3638,.T.);
#3636 = VERTEX_POINT('',#3637);
#3637 = CARTESIAN_POINT('',(47.325,17.3417938086,3.199658184869));
#3638 = LINE('',#3639,#3640);
#3639 = CARTESIAN_POINT('',(47.325,16.28113363682,2.138998013089));
#3640 = VECTOR('',#3641,1.);
#3641 = DIRECTION('',(0.,0.707106781187,0.707106781187));
#3642 = ORIENTED_EDGE('',*,*,#3643,.T.);
#3643 = EDGE_CURVE('',#3636,#545,#3644,.T.);
#3644 = LINE('',#3645,#3646);
#3645 = CARTESIAN_POINT('',(47.325,10.129304640497,10.412147352972));
#3646 = VECTOR('',#3647,1.);
#3647 = DIRECTION('',(0.,-0.707106781187,0.707106781187));
#3648 = PLANE('',#3649);
#3649 = AXIS2_PLACEMENT_3D('',#3650,#3651,#3652);
#3650 = CARTESIAN_POINT('',(47.325,9.068644468717,9.351487181192));
#3651 = DIRECTION('',(1.,0.,-0.));
#3652 = DIRECTION('',(0.,0.707106781187,-0.707106781187));
#3653 = ADVANCED_FACE('',(#3654),#3672,.T.);
#3654 = FACE_BOUND('',#3655,.T.);
#3655 = EDGE_LOOP('',(#3656,#3664,#3670,#3671));
#3656 = ORIENTED_EDGE('',*,*,#3657,.F.);
#3657 = EDGE_CURVE('',#3658,#3636,#3660,.T.);
#3658 = VERTEX_POINT('',#3659);
#3659 = CARTESIAN_POINT('',(45.825,17.3417938086,3.199658184869));
#3660 = LINE('',#3661,#3662);
#3661 = CARTESIAN_POINT('',(45.825,17.3417938086,3.199658184869));
#3662 = VECTOR('',#3663,1.);
#3663 = DIRECTION('',(1.,0.,-0.));
#3664 = ORIENTED_EDGE('',*,*,#3665,.F.);
#3665 = EDGE_CURVE('',#627,#3658,#3666,.T.);
#3666 = LINE('',#3667,#3668);
#3667 = CARTESIAN_POINT('',(45.825,10.129304640497,10.412147352972));
#3668 = VECTOR('',#3669,1.);
#3669 = DIRECTION('',(0.,0.707106781187,-0.707106781187));
#3670 = ORIENTED_EDGE('',*,*,#634,.T.);
#3671 = ORIENTED_EDGE('',*,*,#3643,.F.);
#3672 = PLANE('',#3673);
#3673 = AXIS2_PLACEMENT_3D('',#3674,#3675,#3676);
#3674 = CARTESIAN_POINT('',(45.825,10.129304640497,10.412147352972));
#3675 = DIRECTION('',(0.,0.707106781187,0.707106781187));
#3676 = DIRECTION('',(0.,0.707106781187,-0.707106781187));
#3677 = ADVANCED_FACE('',(#3678),#3696,.T.);
#3678 = FACE_BOUND('',#3679,.T.);
#3679 = EDGE_LOOP('',(#3680,#3681,#3682,#3690));
#3680 = ORIENTED_EDGE('',*,*,#3627,.F.);
#3681 = ORIENTED_EDGE('',*,*,#554,.T.);
#3682 = ORIENTED_EDGE('',*,*,#3683,.T.);
#3683 = EDGE_CURVE('',#555,#3684,#3686,.T.);
#3684 = VERTEX_POINT('',#3685);
#3685 = CARTESIAN_POINT('',(49.275,16.28113363682,2.138998013089));
#3686 = LINE('',#3687,#3688);
#3687 = CARTESIAN_POINT('',(49.275,9.068644468717,9.351487181192));
#3688 = VECTOR('',#3689,1.);
#3689 = DIRECTION('',(0.,0.707106781187,-0.707106781187));
#3690 = ORIENTED_EDGE('',*,*,#3691,.F.);
#3691 = EDGE_CURVE('',#3628,#3684,#3692,.T.);
#3692 = LINE('',#3693,#3694);
#3693 = CARTESIAN_POINT('',(47.325,16.28113363682,2.138998013089));
#3694 = VECTOR('',#3695,1.);
#3695 = DIRECTION('',(1.,0.,-0.));
#3696 = PLANE('',#3697);
#3697 = AXIS2_PLACEMENT_3D('',#3698,#3699,#3700);
#3698 = CARTESIAN_POINT('',(47.325,9.068644468717,9.351487181192));
#3699 = DIRECTION('',(0.,0.707106781187,0.707106781187));
#3700 = DIRECTION('',(0.,0.707106781187,-0.707106781187));
#3701 = ADVANCED_FACE('',(#3702),#3720,.T.);
#3702 = FACE_BOUND('',#3703,.T.);
#3703 = EDGE_LOOP('',(#3704,#3712,#3713,#3714));
#3704 = ORIENTED_EDGE('',*,*,#3705,.F.);
#3705 = EDGE_CURVE('',#619,#3706,#3708,.T.);
#3706 = VERTEX_POINT('',#3707);
#3707 = CARTESIAN_POINT('',(45.825,18.720652031914,4.578516408183));
#3708 = LINE('',#3709,#3710);
#3709 = CARTESIAN_POINT('',(45.825,11.508162863811,11.791005576286));
#3710 = VECTOR('',#3711,1.);
#3711 = DIRECTION('',(0.,0.707106781187,-0.707106781187));
#3712 = ORIENTED_EDGE('',*,*,#626,.T.);
#3713 = ORIENTED_EDGE('',*,*,#3665,.T.);
#3714 = ORIENTED_EDGE('',*,*,#3715,.T.);
#3715 = EDGE_CURVE('',#3658,#3706,#3716,.T.);
#3716 = LINE('',#3717,#3718);
#3717 = CARTESIAN_POINT('',(45.825,17.3417938086,3.199658184869));
#3718 = VECTOR('',#3719,1.);
#3719 = DIRECTION('',(0.,0.707106781187,0.707106781187));
#3720 = PLANE('',#3721);
#3721 = AXIS2_PLACEMENT_3D('',#3722,#3723,#3724);
#3722 = CARTESIAN_POINT('',(45.825,10.129304640497,10.412147352972));
#3723 = DIRECTION('',(1.,0.,-0.));
#3724 = DIRECTION('',(0.,0.707106781187,-0.707106781187));
#3725 = ADVANCED_FACE('',(#3726),#3744,.F.);
#3726 = FACE_BOUND('',#3727,.F.);
#3727 = EDGE_LOOP('',(#3728,#3729,#3730,#3738));
#3728 = ORIENTED_EDGE('',*,*,#562,.T.);
#3729 = ORIENTED_EDGE('',*,*,#3683,.T.);
#3730 = ORIENTED_EDGE('',*,*,#3731,.T.);
#3731 = EDGE_CURVE('',#3684,#3732,#3734,.T.);
#3732 = VERTEX_POINT('',#3733);
#3733 = CARTESIAN_POINT('',(49.275,17.3417938086,3.199658184869));
#3734 = LINE('',#3735,#3736);
#3735 = CARTESIAN_POINT('',(49.275,16.28113363682,2.138998013089));
#3736 = VECTOR('',#3737,1.);
#3737 = DIRECTION('',(0.,0.707106781187,0.707106781187));
#3738 = ORIENTED_EDGE('',*,*,#3739,.T.);
#3739 = EDGE_CURVE('',#3732,#563,#3740,.T.);
#3740 = LINE('',#3741,#3742);
#3741 = CARTESIAN_POINT('',(49.275,10.129304640497,10.412147352972));
#3742 = VECTOR('',#3743,1.);
#3743 = DIRECTION('',(0.,-0.707106781187,0.707106781187));
#3744 = PLANE('',#3745);
#3745 = AXIS2_PLACEMENT_3D('',#3746,#3747,#3748);
#3746 = CARTESIAN_POINT('',(49.275,9.068644468717,9.351487181192));
#3747 = DIRECTION('',(1.,0.,-0.));
#3748 = DIRECTION('',(0.,0.707106781187,-0.707106781187));
#3749 = ADVANCED_FACE('',(#3750),#3768,.F.);
#3750 = FACE_BOUND('',#3751,.F.);
#3751 = EDGE_LOOP('',(#3752,#3760,#3761,#3762));
#3752 = ORIENTED_EDGE('',*,*,#3753,.F.);
#3753 = EDGE_CURVE('',#3706,#3754,#3756,.T.);
#3754 = VERTEX_POINT('',#3755);
#3755 = CARTESIAN_POINT('',(47.325,18.720652031914,4.578516408183));
#3756 = LINE('',#3757,#3758);
#3757 = CARTESIAN_POINT('',(45.825,18.720652031914,4.578516408183));
#3758 = VECTOR('',#3759,1.);
#3759 = DIRECTION('',(1.,0.,-0.));
#3760 = ORIENTED_EDGE('',*,*,#3705,.F.);
#3761 = ORIENTED_EDGE('',*,*,#618,.T.);
#3762 = ORIENTED_EDGE('',*,*,#3763,.F.);
#3763 = EDGE_CURVE('',#3754,#611,#3764,.T.);
#3764 = LINE('',#3765,#3766);
#3765 = CARTESIAN_POINT('',(47.325,11.508162863811,11.791005576286));
#3766 = VECTOR('',#3767,1.);
#3767 = DIRECTION('',(0.,-0.707106781187,0.707106781187));
#3768 = PLANE('',#3769);
#3769 = AXIS2_PLACEMENT_3D('',#3770,#3771,#3772);
#3770 = CARTESIAN_POINT('',(45.825,11.508162863811,11.791005576286));
#3771 = DIRECTION('',(0.,0.707106781187,0.707106781187));
#3772 = DIRECTION('',(0.,0.707106781187,-0.707106781187));
#3773 = ADVANCED_FACE('',(#3774),#3792,.T.);
#3774 = FACE_BOUND('',#3775,.T.);
#3775 = EDGE_LOOP('',(#3776,#3784,#3785,#3786));
#3776 = ORIENTED_EDGE('',*,*,#3777,.F.);
#3777 = EDGE_CURVE('',#3732,#3778,#3780,.T.);
#3778 = VERTEX_POINT('',#3779);
#3779 = CARTESIAN_POINT('',(50.775,17.3417938086,3.199658184869));
#3780 = LINE('',#3781,#3782);
#3781 = CARTESIAN_POINT('',(45.825,17.3417938086,3.199658184869));
#3782 = VECTOR('',#3783,1.);
#3783 = DIRECTION('',(1.,0.,-0.));
#3784 = ORIENTED_EDGE('',*,*,#3739,.T.);
#3785 = ORIENTED_EDGE('',*,*,#570,.T.);
#3786 = ORIENTED_EDGE('',*,*,#3787,.T.);
#3787 = EDGE_CURVE('',#571,#3778,#3788,.T.);
#3788 = LINE('',#3789,#3790);
#3789 = CARTESIAN_POINT('',(50.775,10.129304640497,10.412147352972));
#3790 = VECTOR('',#3791,1.);
#3791 = DIRECTION('',(0.,0.707106781187,-0.707106781187));
#3792 = PLANE('',#3793);
#3793 = AXIS2_PLACEMENT_3D('',#3794,#3795,#3796);
#3794 = CARTESIAN_POINT('',(45.825,10.129304640497,10.412147352972));
#3795 = DIRECTION('',(0.,0.707106781187,0.707106781187));
#3796 = DIRECTION('',(0.,0.707106781187,-0.707106781187));
#3797 = ADVANCED_FACE('',(#3798),#3816,.T.);
#3798 = FACE_BOUND('',#3799,.T.);
#3799 = EDGE_LOOP('',(#3800,#3801,#3802,#3810));
#3800 = ORIENTED_EDGE('',*,*,#610,.T.);
#3801 = ORIENTED_EDGE('',*,*,#3763,.F.);
#3802 = ORIENTED_EDGE('',*,*,#3803,.T.);
#3803 = EDGE_CURVE('',#3754,#3804,#3806,.T.);
#3804 = VERTEX_POINT('',#3805);
#3805 = CARTESIAN_POINT('',(47.325,19.781312203694,5.639176579963));
#3806 = LINE('',#3807,#3808);
#3807 = CARTESIAN_POINT('',(47.325,16.28113363682,2.138998013089));
#3808 = VECTOR('',#3809,1.);
#3809 = DIRECTION('',(0.,0.707106781187,0.707106781187));
#3810 = ORIENTED_EDGE('',*,*,#3811,.F.);
#3811 = EDGE_CURVE('',#603,#3804,#3812,.T.);
#3812 = LINE('',#3813,#3814);
#3813 = CARTESIAN_POINT('',(47.325,12.568823035591,12.851665748066));
#3814 = VECTOR('',#3815,1.);
#3815 = DIRECTION('',(0.,0.707106781187,-0.707106781187));
#3816 = PLANE('',#3817);
#3817 = AXIS2_PLACEMENT_3D('',#3818,#3819,#3820);
#3818 = CARTESIAN_POINT('',(47.325,9.068644468717,9.351487181192));
#3819 = DIRECTION('',(1.,0.,-0.));
#3820 = DIRECTION('',(0.,0.707106781187,-0.707106781187));
#3821 = ADVANCED_FACE('',(#3822),#3840,.F.);
#3822 = FACE_BOUND('',#3823,.F.);
#3823 = EDGE_LOOP('',(#3824,#3832,#3833,#3834));
#3824 = ORIENTED_EDGE('',*,*,#3825,.F.);
#3825 = EDGE_CURVE('',#579,#3826,#3828,.T.);
#3826 = VERTEX_POINT('',#3827);
#3827 = CARTESIAN_POINT('',(50.775,18.720652031914,4.578516408183));
#3828 = LINE('',#3829,#3830);
#3829 = CARTESIAN_POINT('',(50.775,11.508162863811,11.791005576286));
#3830 = VECTOR('',#3831,1.);
#3831 = DIRECTION('',(0.,0.707106781187,-0.707106781187));
#3832 = ORIENTED_EDGE('',*,*,#578,.T.);
#3833 = ORIENTED_EDGE('',*,*,#3787,.T.);
#3834 = ORIENTED_EDGE('',*,*,#3835,.T.);
#3835 = EDGE_CURVE('',#3778,#3826,#3836,.T.);
#3836 = LINE('',#3837,#3838);
#3837 = CARTESIAN_POINT('',(50.775,17.3417938086,3.199658184869));
#3838 = VECTOR('',#3839,1.);
#3839 = DIRECTION('',(0.,0.707106781187,0.707106781187));
#3840 = PLANE('',#3841);
#3841 = AXIS2_PLACEMENT_3D('',#3842,#3843,#3844);
#3842 = CARTESIAN_POINT('',(50.775,10.129304640497,10.412147352972));
#3843 = DIRECTION('',(1.,0.,-0.));
#3844 = DIRECTION('',(0.,0.707106781187,-0.707106781187));
#3845 = ADVANCED_FACE('',(#3846),#3864,.F.);
#3846 = FACE_BOUND('',#3847,.F.);
#3847 = EDGE_LOOP('',(#3848,#3849,#3850,#3858));
#3848 = ORIENTED_EDGE('',*,*,#3811,.F.);
#3849 = ORIENTED_EDGE('',*,*,#602,.T.);
#3850 = ORIENTED_EDGE('',*,*,#3851,.T.);
#3851 = EDGE_CURVE('',#595,#3852,#3854,.T.);
#3852 = VERTEX_POINT('',#3853);
#3853 = CARTESIAN_POINT('',(49.275,19.781312203694,5.639176579963));
#3854 = LINE('',#3855,#3856);
#3855 = CARTESIAN_POINT('',(49.275,12.568823035591,12.851665748066));
#3856 = VECTOR('',#3857,1.);
#3857 = DIRECTION('',(0.,0.707106781187,-0.707106781187));
#3858 = ORIENTED_EDGE('',*,*,#3859,.F.);
#3859 = EDGE_CURVE('',#3804,#3852,#3860,.T.);
#3860 = LINE('',#3861,#3862);
#3861 = CARTESIAN_POINT('',(47.325,19.781312203694,5.639176579963));
#3862 = VECTOR('',#3863,1.);
#3863 = DIRECTION('',(1.,0.,-0.));
#3864 = PLANE('',#3865);
#3865 = AXIS2_PLACEMENT_3D('',#3866,#3867,#3868);
#3866 = CARTESIAN_POINT('',(47.325,12.568823035591,12.851665748066));
#3867 = DIRECTION('',(0.,0.707106781187,0.707106781187));
#3868 = DIRECTION('',(0.,0.707106781187,-0.707106781187));
#3869 = ADVANCED_FACE('',(#3870),#3888,.F.);
#3870 = FACE_BOUND('',#3871,.F.);
#3871 = EDGE_LOOP('',(#3872,#3880,#3886,#3887));
#3872 = ORIENTED_EDGE('',*,*,#3873,.F.);
#3873 = EDGE_CURVE('',#3874,#3826,#3876,.T.);
#3874 = VERTEX_POINT('',#3875);
#3875 = CARTESIAN_POINT('',(49.275,18.720652031914,4.578516408183));
#3876 = LINE('',#3877,#3878);
#3877 = CARTESIAN_POINT('',(45.825,18.720652031914,4.578516408183));
#3878 = VECTOR('',#3879,1.);
#3879 = DIRECTION('',(1.,0.,-0.));
#3880 = ORIENTED_EDGE('',*,*,#3881,.T.);
#3881 = EDGE_CURVE('',#3874,#587,#3882,.T.);
#3882 = LINE('',#3883,#3884);
#3883 = CARTESIAN_POINT('',(49.275,11.508162863811,11.791005576286));
#3884 = VECTOR('',#3885,1.);
#3885 = DIRECTION('',(0.,-0.707106781187,0.707106781187));
#3886 = ORIENTED_EDGE('',*,*,#586,.T.);
#3887 = ORIENTED_EDGE('',*,*,#3825,.T.);
#3888 = PLANE('',#3889);
#3889 = AXIS2_PLACEMENT_3D('',#3890,#3891,#3892);
#3890 = CARTESIAN_POINT('',(45.825,11.508162863811,11.791005576286));
#3891 = DIRECTION('',(0.,0.707106781187,0.707106781187));
#3892 = DIRECTION('',(0.,0.707106781187,-0.707106781187));
#3893 = ADVANCED_FACE('',(#3894),#3905,.F.);
#3894 = FACE_BOUND('',#3895,.F.);
#3895 = EDGE_LOOP('',(#3896,#3897,#3898,#3904));
#3896 = ORIENTED_EDGE('',*,*,#594,.T.);
#3897 = ORIENTED_EDGE('',*,*,#3881,.F.);
#3898 = ORIENTED_EDGE('',*,*,#3899,.T.);
#3899 = EDGE_CURVE('',#3874,#3852,#3900,.T.);
#3900 = LINE('',#3901,#3902);
#3901 = CARTESIAN_POINT('',(49.275,16.28113363682,2.138998013089));
#3902 = VECTOR('',#3903,1.);
#3903 = DIRECTION('',(0.,0.707106781187,0.707106781187));
#3904 = ORIENTED_EDGE('',*,*,#3851,.F.);
#3905 = PLANE('',#3906);
#3906 = AXIS2_PLACEMENT_3D('',#3907,#3908,#3909);
#3907 = CARTESIAN_POINT('',(49.275,9.068644468717,9.351487181192));
#3908 = DIRECTION('',(1.,0.,-0.));
#3909 = DIRECTION('',(0.,0.707106781187,-0.707106781187));
#3910 = ADVANCED_FACE('',(#3911),#3936,.T.);
#3911 = FACE_BOUND('',#3912,.T.);
#3912 = EDGE_LOOP('',(#3913,#3914,#3922,#3930));
#3913 = ORIENTED_EDGE('',*,*,#642,.T.);
#3914 = ORIENTED_EDGE('',*,*,#3915,.T.);
#3915 = EDGE_CURVE('',#645,#3916,#3918,.T.);
#3916 = VERTEX_POINT('',#3917);
#3917 = CARTESIAN_POINT('',(30.35,16.29881130635,2.156675682619));
#3918 = LINE('',#3919,#3920);
#3919 = CARTESIAN_POINT('',(30.35,9.086322138247,9.369164850722));
#3920 = VECTOR('',#3921,1.);
#3921 = DIRECTION('',(0.,0.707106781187,-0.707106781187));
#3922 = ORIENTED_EDGE('',*,*,#3923,.T.);
#3923 = EDGE_CURVE('',#3916,#3924,#3926,.T.);
#3924 = VERTEX_POINT('',#3925);
#3925 = CARTESIAN_POINT('',(30.35,17.35947147813,3.217335854399));
#3926 = LINE('',#3927,#3928);
#3927 = CARTESIAN_POINT('',(30.35,16.29881130635,2.156675682619));
#3928 = VECTOR('',#3929,1.);
#3929 = DIRECTION('',(0.,0.707106781187,0.707106781187));
#3930 = ORIENTED_EDGE('',*,*,#3931,.T.);
#3931 = EDGE_CURVE('',#3924,#643,#3932,.T.);
#3932 = LINE('',#3933,#3934);
#3933 = CARTESIAN_POINT('',(30.35,10.146982310027,10.429825022502));
#3934 = VECTOR('',#3935,1.);
#3935 = DIRECTION('',(0.,-0.707106781187,0.707106781187));
#3936 = PLANE('',#3937);
#3937 = AXIS2_PLACEMENT_3D('',#3938,#3939,#3940);
#3938 = CARTESIAN_POINT('',(30.35,9.086322138247,9.369164850722));
#3939 = DIRECTION('',(1.,0.,-0.));
#3940 = DIRECTION('',(0.,0.707106781187,-0.707106781187));
#3941 = ADVANCED_FACE('',(#3942),#3960,.T.);
#3942 = FACE_BOUND('',#3943,.T.);
#3943 = EDGE_LOOP('',(#3944,#3952,#3958,#3959));
#3944 = ORIENTED_EDGE('',*,*,#3945,.F.);
#3945 = EDGE_CURVE('',#3946,#3924,#3948,.T.);
#3946 = VERTEX_POINT('',#3947);
#3947 = CARTESIAN_POINT('',(28.85,17.35947147813,3.217335854399));
#3948 = LINE('',#3949,#3950);
#3949 = CARTESIAN_POINT('',(28.85,17.35947147813,3.217335854399));
#3950 = VECTOR('',#3951,1.);
#3951 = DIRECTION('',(1.,0.,-0.));
#3952 = ORIENTED_EDGE('',*,*,#3953,.F.);
#3953 = EDGE_CURVE('',#725,#3946,#3954,.T.);
#3954 = LINE('',#3955,#3956);
#3955 = CARTESIAN_POINT('',(28.85,10.146982310027,10.429825022502));
#3956 = VECTOR('',#3957,1.);
#3957 = DIRECTION('',(0.,0.707106781187,-0.707106781187));
#3958 = ORIENTED_EDGE('',*,*,#732,.T.);
#3959 = ORIENTED_EDGE('',*,*,#3931,.F.);
#3960 = PLANE('',#3961);
#3961 = AXIS2_PLACEMENT_3D('',#3962,#3963,#3964);
#3962 = CARTESIAN_POINT('',(28.85,10.146982310027,10.429825022502));
#3963 = DIRECTION('',(0.,0.707106781187,0.707106781187));
#3964 = DIRECTION('',(0.,0.707106781187,-0.707106781187));
#3965 = ADVANCED_FACE('',(#3966),#3984,.T.);
#3966 = FACE_BOUND('',#3967,.T.);
#3967 = EDGE_LOOP('',(#3968,#3969,#3970,#3978));
#3968 = ORIENTED_EDGE('',*,*,#3915,.F.);
#3969 = ORIENTED_EDGE('',*,*,#652,.T.);
#3970 = ORIENTED_EDGE('',*,*,#3971,.T.);
#3971 = EDGE_CURVE('',#653,#3972,#3974,.T.);
#3972 = VERTEX_POINT('',#3973);
#3973 = CARTESIAN_POINT('',(32.25,16.29881130635,2.156675682619));
#3974 = LINE('',#3975,#3976);
#3975 = CARTESIAN_POINT('',(32.25,9.086322138247,9.369164850722));
#3976 = VECTOR('',#3977,1.);
#3977 = DIRECTION('',(0.,0.707106781187,-0.707106781187));
#3978 = ORIENTED_EDGE('',*,*,#3979,.F.);
#3979 = EDGE_CURVE('',#3916,#3972,#3980,.T.);
#3980 = LINE('',#3981,#3982);
#3981 = CARTESIAN_POINT('',(30.35,16.29881130635,2.156675682619));
#3982 = VECTOR('',#3983,1.);
#3983 = DIRECTION('',(1.,0.,-0.));
#3984 = PLANE('',#3985);
#3985 = AXIS2_PLACEMENT_3D('',#3986,#3987,#3988);
#3986 = CARTESIAN_POINT('',(30.35,9.086322138247,9.369164850722));
#3987 = DIRECTION('',(0.,0.707106781187,0.707106781187));
#3988 = DIRECTION('',(0.,0.707106781187,-0.707106781187));
#3989 = ADVANCED_FACE('',(#3990),#4008,.T.);
#3990 = FACE_BOUND('',#3991,.T.);
#3991 = EDGE_LOOP('',(#3992,#4000,#4001,#4002));
#3992 = ORIENTED_EDGE('',*,*,#3993,.F.);
#3993 = EDGE_CURVE('',#717,#3994,#3996,.T.);
#3994 = VERTEX_POINT('',#3995);
#3995 = CARTESIAN_POINT('',(28.85,18.702974362384,4.560838738653));
#3996 = LINE('',#3997,#3998);
#3997 = CARTESIAN_POINT('',(28.85,11.490485194281,11.773327906756));
#3998 = VECTOR('',#3999,1.);
#3999 = DIRECTION('',(0.,0.707106781187,-0.707106781187));
#4000 = ORIENTED_EDGE('',*,*,#724,.T.);
#4001 = ORIENTED_EDGE('',*,*,#3953,.T.);
#4002 = ORIENTED_EDGE('',*,*,#4003,.T.);
#4003 = EDGE_CURVE('',#3946,#3994,#4004,.T.);
#4004 = LINE('',#4005,#4006);
#4005 = CARTESIAN_POINT('',(28.85,17.35947147813,3.217335854399));
#4006 = VECTOR('',#4007,1.);
#4007 = DIRECTION('',(0.,0.707106781187,0.707106781187));
#4008 = PLANE('',#4009);
#4009 = AXIS2_PLACEMENT_3D('',#4010,#4011,#4012);
#4010 = CARTESIAN_POINT('',(28.85,10.146982310027,10.429825022502));
#4011 = DIRECTION('',(1.,0.,-0.));
#4012 = DIRECTION('',(0.,0.707106781187,-0.707106781187));
#4013 = ADVANCED_FACE('',(#4014),#4032,.F.);
#4014 = FACE_BOUND('',#4015,.F.);
#4015 = EDGE_LOOP('',(#4016,#4017,#4018,#4026));
#4016 = ORIENTED_EDGE('',*,*,#660,.T.);
#4017 = ORIENTED_EDGE('',*,*,#3971,.T.);
#4018 = ORIENTED_EDGE('',*,*,#4019,.T.);
#4019 = EDGE_CURVE('',#3972,#4020,#4022,.T.);
#4020 = VERTEX_POINT('',#4021);
#4021 = CARTESIAN_POINT('',(32.25,17.35947147813,3.217335854399));
#4022 = LINE('',#4023,#4024);
#4023 = CARTESIAN_POINT('',(32.25,16.29881130635,2.156675682619));
#4024 = VECTOR('',#4025,1.);
#4025 = DIRECTION('',(0.,0.707106781187,0.707106781187));
#4026 = ORIENTED_EDGE('',*,*,#4027,.T.);
#4027 = EDGE_CURVE('',#4020,#661,#4028,.T.);
#4028 = LINE('',#4029,#4030);
#4029 = CARTESIAN_POINT('',(32.25,10.146982310027,10.429825022502));
#4030 = VECTOR('',#4031,1.);
#4031 = DIRECTION('',(0.,-0.707106781187,0.707106781187));
#4032 = PLANE('',#4033);
#4033 = AXIS2_PLACEMENT_3D('',#4034,#4035,#4036);
#4034 = CARTESIAN_POINT('',(32.25,9.086322138247,9.369164850722));
#4035 = DIRECTION('',(1.,0.,-0.));
#4036 = DIRECTION('',(0.,0.707106781187,-0.707106781187));
#4037 = ADVANCED_FACE('',(#4038),#4056,.F.);
#4038 = FACE_BOUND('',#4039,.F.);
#4039 = EDGE_LOOP('',(#4040,#4048,#4049,#4050));
#4040 = ORIENTED_EDGE('',*,*,#4041,.F.);
#4041 = EDGE_CURVE('',#3994,#4042,#4044,.T.);
#4042 = VERTEX_POINT('',#4043);
#4043 = CARTESIAN_POINT('',(30.35,18.702974362384,4.560838738653));
#4044 = LINE('',#4045,#4046);
#4045 = CARTESIAN_POINT('',(28.85,18.702974362384,4.560838738653));
#4046 = VECTOR('',#4047,1.);
#4047 = DIRECTION('',(1.,0.,-0.));
#4048 = ORIENTED_EDGE('',*,*,#3993,.F.);
#4049 = ORIENTED_EDGE('',*,*,#716,.T.);
#4050 = ORIENTED_EDGE('',*,*,#4051,.F.);
#4051 = EDGE_CURVE('',#4042,#709,#4052,.T.);
#4052 = LINE('',#4053,#4054);
#4053 = CARTESIAN_POINT('',(30.35,11.490485194281,11.773327906756));
#4054 = VECTOR('',#4055,1.);
#4055 = DIRECTION('',(0.,-0.707106781187,0.707106781187));
#4056 = PLANE('',#4057);
#4057 = AXIS2_PLACEMENT_3D('',#4058,#4059,#4060);
#4058 = CARTESIAN_POINT('',(28.85,11.490485194281,11.773327906756));
#4059 = DIRECTION('',(0.,0.707106781187,0.707106781187));
#4060 = DIRECTION('',(0.,0.707106781187,-0.707106781187));
#4061 = ADVANCED_FACE('',(#4062),#4080,.T.);
#4062 = FACE_BOUND('',#4063,.T.);
#4063 = EDGE_LOOP('',(#4064,#4072,#4073,#4074));
#4064 = ORIENTED_EDGE('',*,*,#4065,.F.);
#4065 = EDGE_CURVE('',#4020,#4066,#4068,.T.);
#4066 = VERTEX_POINT('',#4067);
#4067 = CARTESIAN_POINT('',(33.75,17.35947147813,3.217335854399));
#4068 = LINE('',#4069,#4070);
#4069 = CARTESIAN_POINT('',(28.85,17.35947147813,3.217335854399));
#4070 = VECTOR('',#4071,1.);
#4071 = DIRECTION('',(1.,0.,-0.));
#4072 = ORIENTED_EDGE('',*,*,#4027,.T.);
#4073 = ORIENTED_EDGE('',*,*,#668,.T.);
#4074 = ORIENTED_EDGE('',*,*,#4075,.T.);
#4075 = EDGE_CURVE('',#669,#4066,#4076,.T.);
#4076 = LINE('',#4077,#4078);
#4077 = CARTESIAN_POINT('',(33.75,10.146982310027,10.429825022502));
#4078 = VECTOR('',#4079,1.);
#4079 = DIRECTION('',(0.,0.707106781187,-0.707106781187));
#4080 = PLANE('',#4081);
#4081 = AXIS2_PLACEMENT_3D('',#4082,#4083,#4084);
#4082 = CARTESIAN_POINT('',(28.85,10.146982310027,10.429825022502));
#4083 = DIRECTION('',(0.,0.707106781187,0.707106781187));
#4084 = DIRECTION('',(0.,0.707106781187,-0.707106781187));
#4085 = ADVANCED_FACE('',(#4086),#4104,.T.);
#4086 = FACE_BOUND('',#4087,.T.);
#4087 = EDGE_LOOP('',(#4088,#4089,#4090,#4098));
#4088 = ORIENTED_EDGE('',*,*,#708,.T.);
#4089 = ORIENTED_EDGE('',*,*,#4051,.F.);
#4090 = ORIENTED_EDGE('',*,*,#4091,.T.);
#4091 = EDGE_CURVE('',#4042,#4092,#4094,.T.);
#4092 = VERTEX_POINT('',#4093);
#4093 = CARTESIAN_POINT('',(30.35,19.763634534164,5.621498910433));
#4094 = LINE('',#4095,#4096);
#4095 = CARTESIAN_POINT('',(30.35,16.29881130635,2.156675682619));
#4096 = VECTOR('',#4097,1.);
#4097 = DIRECTION('',(0.,0.707106781187,0.707106781187));
#4098 = ORIENTED_EDGE('',*,*,#4099,.F.);
#4099 = EDGE_CURVE('',#701,#4092,#4100,.T.);
#4100 = LINE('',#4101,#4102);
#4101 = CARTESIAN_POINT('',(30.35,12.551145366061,12.833988078536));
#4102 = VECTOR('',#4103,1.);
#4103 = DIRECTION('',(0.,0.707106781187,-0.707106781187));
#4104 = PLANE('',#4105);
#4105 = AXIS2_PLACEMENT_3D('',#4106,#4107,#4108);
#4106 = CARTESIAN_POINT('',(30.35,9.086322138247,9.369164850722));
#4107 = DIRECTION('',(1.,0.,-0.));
#4108 = DIRECTION('',(0.,0.707106781187,-0.707106781187));
#4109 = ADVANCED_FACE('',(#4110),#4128,.F.);
#4110 = FACE_BOUND('',#4111,.F.);
#4111 = EDGE_LOOP('',(#4112,#4120,#4121,#4122));
#4112 = ORIENTED_EDGE('',*,*,#4113,.F.);
#4113 = EDGE_CURVE('',#677,#4114,#4116,.T.);
#4114 = VERTEX_POINT('',#4115);
#4115 = CARTESIAN_POINT('',(33.75,18.702974362384,4.560838738653));
#4116 = LINE('',#4117,#4118);
#4117 = CARTESIAN_POINT('',(33.75,11.490485194281,11.773327906756));
#4118 = VECTOR('',#4119,1.);
#4119 = DIRECTION('',(0.,0.707106781187,-0.707106781187));
#4120 = ORIENTED_EDGE('',*,*,#676,.T.);
#4121 = ORIENTED_EDGE('',*,*,#4075,.T.);
#4122 = ORIENTED_EDGE('',*,*,#4123,.T.);
#4123 = EDGE_CURVE('',#4066,#4114,#4124,.T.);
#4124 = LINE('',#4125,#4126);
#4125 = CARTESIAN_POINT('',(33.75,17.35947147813,3.217335854399));
#4126 = VECTOR('',#4127,1.);
#4127 = DIRECTION('',(0.,0.707106781187,0.707106781187));
#4128 = PLANE('',#4129);
#4129 = AXIS2_PLACEMENT_3D('',#4130,#4131,#4132);
#4130 = CARTESIAN_POINT('',(33.75,10.146982310027,10.429825022502));
#4131 = DIRECTION('',(1.,0.,-0.));
#4132 = DIRECTION('',(0.,0.707106781187,-0.707106781187));
#4133 = ADVANCED_FACE('',(#4134),#4152,.F.);
#4134 = FACE_BOUND('',#4135,.F.);
#4135 = EDGE_LOOP('',(#4136,#4137,#4138,#4146));
#4136 = ORIENTED_EDGE('',*,*,#4099,.F.);
#4137 = ORIENTED_EDGE('',*,*,#700,.T.);
#4138 = ORIENTED_EDGE('',*,*,#4139,.T.);
#4139 = EDGE_CURVE('',#693,#4140,#4142,.T.);
#4140 = VERTEX_POINT('',#4141);
#4141 = CARTESIAN_POINT('',(32.25,19.763634534164,5.621498910433));
#4142 = LINE('',#4143,#4144);
#4143 = CARTESIAN_POINT('',(32.25,12.551145366061,12.833988078536));
#4144 = VECTOR('',#4145,1.);
#4145 = DIRECTION('',(0.,0.707106781187,-0.707106781187));
#4146 = ORIENTED_EDGE('',*,*,#4147,.F.);
#4147 = EDGE_CURVE('',#4092,#4140,#4148,.T.);
#4148 = LINE('',#4149,#4150);
#4149 = CARTESIAN_POINT('',(30.35,19.763634534164,5.621498910433));
#4150 = VECTOR('',#4151,1.);
#4151 = DIRECTION('',(1.,0.,-0.));
#4152 = PLANE('',#4153);
#4153 = AXIS2_PLACEMENT_3D('',#4154,#4155,#4156);
#4154 = CARTESIAN_POINT('',(30.35,12.551145366061,12.833988078536));
#4155 = DIRECTION('',(0.,0.707106781187,0.707106781187));
#4156 = DIRECTION('',(0.,0.707106781187,-0.707106781187));
#4157 = ADVANCED_FACE('',(#4158),#4176,.F.);
#4158 = FACE_BOUND('',#4159,.F.);
#4159 = EDGE_LOOP('',(#4160,#4168,#4174,#4175));
#4160 = ORIENTED_EDGE('',*,*,#4161,.F.);
#4161 = EDGE_CURVE('',#4162,#4114,#4164,.T.);
#4162 = VERTEX_POINT('',#4163);
#4163 = CARTESIAN_POINT('',(32.25,18.702974362384,4.560838738653));
#4164 = LINE('',#4165,#4166);
#4165 = CARTESIAN_POINT('',(28.85,18.702974362384,4.560838738653));
#4166 = VECTOR('',#4167,1.);
#4167 = DIRECTION('',(1.,0.,-0.));
#4168 = ORIENTED_EDGE('',*,*,#4169,.T.);
#4169 = EDGE_CURVE('',#4162,#685,#4170,.T.);
#4170 = LINE('',#4171,#4172);
#4171 = CARTESIAN_POINT('',(32.25,11.490485194281,11.773327906756));
#4172 = VECTOR('',#4173,1.);
#4173 = DIRECTION('',(0.,-0.707106781187,0.707106781187));
#4174 = ORIENTED_EDGE('',*,*,#684,.T.);
#4175 = ORIENTED_EDGE('',*,*,#4113,.T.);
#4176 = PLANE('',#4177);
#4177 = AXIS2_PLACEMENT_3D('',#4178,#4179,#4180);
#4178 = CARTESIAN_POINT('',(28.85,11.490485194281,11.773327906756));
#4179 = DIRECTION('',(0.,0.707106781187,0.707106781187));
#4180 = DIRECTION('',(0.,0.707106781187,-0.707106781187));
#4181 = ADVANCED_FACE('',(#4182),#4193,.F.);
#4182 = FACE_BOUND('',#4183,.F.);
#4183 = EDGE_LOOP('',(#4184,#4185,#4186,#4192));
#4184 = ORIENTED_EDGE('',*,*,#692,.T.);
#4185 = ORIENTED_EDGE('',*,*,#4169,.F.);
#4186 = ORIENTED_EDGE('',*,*,#4187,.T.);
#4187 = EDGE_CURVE('',#4162,#4140,#4188,.T.);
#4188 = LINE('',#4189,#4190);
#4189 = CARTESIAN_POINT('',(32.25,16.29881130635,2.156675682619));
#4190 = VECTOR('',#4191,1.);
#4191 = DIRECTION('',(0.,0.707106781187,0.707106781187));
#4192 = ORIENTED_EDGE('',*,*,#4139,.F.);
#4193 = PLANE('',#4194);
#4194 = AXIS2_PLACEMENT_3D('',#4195,#4196,#4197);
#4195 = CARTESIAN_POINT('',(32.25,9.086322138247,9.369164850722));
#4196 = DIRECTION('',(1.,0.,-0.));
#4197 = DIRECTION('',(0.,0.707106781187,-0.707106781187));
#4198 = ADVANCED_FACE('',(#4199),#4218,.F.);
#4199 = FACE_BOUND('',#4200,.F.);
#4200 = EDGE_LOOP('',(#4201,#4209,#4216,#4217));
#4201 = ORIENTED_EDGE('',*,*,#4202,.T.);
#4202 = EDGE_CURVE('',#741,#4203,#4205,.T.);
#4203 = VERTEX_POINT('',#4204);
#4204 = CARTESIAN_POINT('',(27.55,17.32411613907,4.596194077713));
#4205 = LINE('',#4206,#4207);
#4206 = CARTESIAN_POINT('',(27.55,10.889444430273,11.03086578651));
#4207 = VECTOR('',#4208,1.);
#4208 = DIRECTION('',(0.,0.707106781187,-0.707106781187));
#4209 = ORIENTED_EDGE('',*,*,#4210,.F.);
#4210 = EDGE_CURVE('',#4203,#4203,#4211,.T.);
#4211 = CIRCLE('',#4212,4.75);
#4212 = AXIS2_PLACEMENT_3D('',#4213,#4214,#4215);
#4213 = CARTESIAN_POINT('',(22.8,17.32411613907,4.596194077713));
#4214 = DIRECTION('',(0.,0.707106781187,-0.707106781187));
#4215 = DIRECTION('',(1.,0.,0.));
#4216 = ORIENTED_EDGE('',*,*,#4202,.F.);
#4217 = ORIENTED_EDGE('',*,*,#740,.T.);
#4218 = CYLINDRICAL_SURFACE('',#4219,4.75);
#4219 = AXIS2_PLACEMENT_3D('',#4220,#4221,#4222);
#4220 = CARTESIAN_POINT('',(22.8,10.889444430273,11.03086578651));
#4221 = DIRECTION('',(0.,0.707106781187,-0.707106781187));
#4222 = DIRECTION('',(1.,0.,0.));
#4223 = ADVANCED_FACE('',(#4224),#4249,.T.);
#4224 = FACE_BOUND('',#4225,.T.);
#4225 = EDGE_LOOP('',(#4226,#4227,#4235,#4243));
#4226 = ORIENTED_EDGE('',*,*,#751,.T.);
#4227 = ORIENTED_EDGE('',*,*,#4228,.T.);
#4228 = EDGE_CURVE('',#754,#4229,#4231,.T.);
#4229 = VERTEX_POINT('',#4230);
#4230 = CARTESIAN_POINT('',(13.375,16.31648897588,2.174353352149));
#4231 = LINE('',#4232,#4233);
#4232 = CARTESIAN_POINT('',(13.375,9.103999807777,9.386842520251));
#4233 = VECTOR('',#4234,1.);
#4234 = DIRECTION('',(0.,0.707106781187,-0.707106781187));
#4235 = ORIENTED_EDGE('',*,*,#4236,.T.);
#4236 = EDGE_CURVE('',#4229,#4237,#4239,.T.);
#4237 = VERTEX_POINT('',#4238);
#4238 = CARTESIAN_POINT('',(13.375,17.377149147659,3.235013523928));
#4239 = LINE('',#4240,#4241);
#4240 = CARTESIAN_POINT('',(13.375,16.31648897588,2.174353352149));
#4241 = VECTOR('',#4242,1.);
#4242 = DIRECTION('',(0.,0.707106781187,0.707106781187));
#4243 = ORIENTED_EDGE('',*,*,#4244,.T.);
#4244 = EDGE_CURVE('',#4237,#752,#4245,.T.);
#4245 = LINE('',#4246,#4247);
#4246 = CARTESIAN_POINT('',(13.375,10.164659979557,10.447502692031));
#4247 = VECTOR('',#4248,1.);
#4248 = DIRECTION('',(0.,-0.707106781187,0.707106781187));
#4249 = PLANE('',#4250);
#4250 = AXIS2_PLACEMENT_3D('',#4251,#4252,#4253);
#4251 = CARTESIAN_POINT('',(13.375,9.103999807777,9.386842520251));
#4252 = DIRECTION('',(1.,0.,-0.));
#4253 = DIRECTION('',(0.,0.707106781187,-0.707106781187));
#4254 = ADVANCED_FACE('',(#4255),#4273,.T.);
#4255 = FACE_BOUND('',#4256,.T.);
#4256 = EDGE_LOOP('',(#4257,#4265,#4271,#4272));
#4257 = ORIENTED_EDGE('',*,*,#4258,.F.);
#4258 = EDGE_CURVE('',#4259,#4237,#4261,.T.);
#4259 = VERTEX_POINT('',#4260);
#4260 = CARTESIAN_POINT('',(11.875,17.377149147659,3.235013523928));
#4261 = LINE('',#4262,#4263);
#4262 = CARTESIAN_POINT('',(11.875,17.377149147659,3.235013523928));
#4263 = VECTOR('',#4264,1.);
#4264 = DIRECTION('',(1.,0.,-0.));
#4265 = ORIENTED_EDGE('',*,*,#4266,.F.);
#4266 = EDGE_CURVE('',#834,#4259,#4267,.T.);
#4267 = LINE('',#4268,#4269);
#4268 = CARTESIAN_POINT('',(11.875,10.164659979557,10.447502692031));
#4269 = VECTOR('',#4270,1.);
#4270 = DIRECTION('',(0.,0.707106781187,-0.707106781187));
#4271 = ORIENTED_EDGE('',*,*,#841,.T.);
#4272 = ORIENTED_EDGE('',*,*,#4244,.F.);
#4273 = PLANE('',#4274);
#4274 = AXIS2_PLACEMENT_3D('',#4275,#4276,#4277);
#4275 = CARTESIAN_POINT('',(11.875,10.164659979557,10.447502692031));
#4276 = DIRECTION('',(0.,0.707106781187,0.707106781187));
#4277 = DIRECTION('',(0.,0.707106781187,-0.707106781187));
#4278 = ADVANCED_FACE('',(#4279),#4297,.T.);
#4279 = FACE_BOUND('',#4280,.T.);
#4280 = EDGE_LOOP('',(#4281,#4282,#4283,#4291));
#4281 = ORIENTED_EDGE('',*,*,#4228,.F.);
#4282 = ORIENTED_EDGE('',*,*,#761,.T.);
#4283 = ORIENTED_EDGE('',*,*,#4284,.T.);
#4284 = EDGE_CURVE('',#762,#4285,#4287,.T.);
#4285 = VERTEX_POINT('',#4286);
#4286 = CARTESIAN_POINT('',(15.225,16.31648897588,2.174353352149));
#4287 = LINE('',#4288,#4289);
#4288 = CARTESIAN_POINT('',(15.225,9.103999807777,9.386842520251));
#4289 = VECTOR('',#4290,1.);
#4290 = DIRECTION('',(0.,0.707106781187,-0.707106781187));
#4291 = ORIENTED_EDGE('',*,*,#4292,.F.);
#4292 = EDGE_CURVE('',#4229,#4285,#4293,.T.);
#4293 = LINE('',#4294,#4295);
#4294 = CARTESIAN_POINT('',(13.375,16.31648897588,2.174353352149));
#4295 = VECTOR('',#4296,1.);
#4296 = DIRECTION('',(1.,0.,-0.));
#4297 = PLANE('',#4298);
#4298 = AXIS2_PLACEMENT_3D('',#4299,#4300,#4301);
#4299 = CARTESIAN_POINT('',(13.375,9.103999807777,9.386842520251));
#4300 = DIRECTION('',(0.,0.707106781187,0.707106781187));
#4301 = DIRECTION('',(0.,0.707106781187,-0.707106781187));
#4302 = ADVANCED_FACE('',(#4303),#4321,.T.);
#4303 = FACE_BOUND('',#4304,.T.);
#4304 = EDGE_LOOP('',(#4305,#4313,#4314,#4315));
#4305 = ORIENTED_EDGE('',*,*,#4306,.F.);
#4306 = EDGE_CURVE('',#826,#4307,#4309,.T.);
#4307 = VERTEX_POINT('',#4308);
#4308 = CARTESIAN_POINT('',(11.875,18.685296692855,4.543161069124));
#4309 = LINE('',#4310,#4311);
#4310 = CARTESIAN_POINT('',(11.875,11.472807524752,11.755650237226));
#4311 = VECTOR('',#4312,1.);
#4312 = DIRECTION('',(0.,0.707106781187,-0.707106781187));
#4313 = ORIENTED_EDGE('',*,*,#833,.T.);
#4314 = ORIENTED_EDGE('',*,*,#4266,.T.);
#4315 = ORIENTED_EDGE('',*,*,#4316,.T.);
#4316 = EDGE_CURVE('',#4259,#4307,#4317,.T.);
#4317 = LINE('',#4318,#4319);
#4318 = CARTESIAN_POINT('',(11.875,17.377149147659,3.235013523928));
#4319 = VECTOR('',#4320,1.);
#4320 = DIRECTION('',(0.,0.707106781187,0.707106781187));
#4321 = PLANE('',#4322);
#4322 = AXIS2_PLACEMENT_3D('',#4323,#4324,#4325);
#4323 = CARTESIAN_POINT('',(11.875,10.164659979557,10.447502692031));
#4324 = DIRECTION('',(1.,0.,-0.));
#4325 = DIRECTION('',(0.,0.707106781187,-0.707106781187));
#4326 = ADVANCED_FACE('',(#4327),#4345,.F.);
#4327 = FACE_BOUND('',#4328,.F.);
#4328 = EDGE_LOOP('',(#4329,#4330,#4331,#4339));
#4329 = ORIENTED_EDGE('',*,*,#769,.T.);
#4330 = ORIENTED_EDGE('',*,*,#4284,.T.);
#4331 = ORIENTED_EDGE('',*,*,#4332,.T.);
#4332 = EDGE_CURVE('',#4285,#4333,#4335,.T.);
#4333 = VERTEX_POINT('',#4334);
#4334 = CARTESIAN_POINT('',(15.225,17.377149147659,3.235013523928));
#4335 = LINE('',#4336,#4337);
#4336 = CARTESIAN_POINT('',(15.225,16.31648897588,2.174353352149));
#4337 = VECTOR('',#4338,1.);
#4338 = DIRECTION('',(0.,0.707106781187,0.707106781187));
#4339 = ORIENTED_EDGE('',*,*,#4340,.T.);
#4340 = EDGE_CURVE('',#4333,#770,#4341,.T.);
#4341 = LINE('',#4342,#4343);
#4342 = CARTESIAN_POINT('',(15.225,10.164659979557,10.447502692031));
#4343 = VECTOR('',#4344,1.);
#4344 = DIRECTION('',(0.,-0.707106781187,0.707106781187));
#4345 = PLANE('',#4346);
#4346 = AXIS2_PLACEMENT_3D('',#4347,#4348,#4349);
#4347 = CARTESIAN_POINT('',(15.225,9.103999807777,9.386842520251));
#4348 = DIRECTION('',(1.,0.,-0.));
#4349 = DIRECTION('',(0.,0.707106781187,-0.707106781187));
#4350 = ADVANCED_FACE('',(#4351),#4369,.F.);
#4351 = FACE_BOUND('',#4352,.F.);
#4352 = EDGE_LOOP('',(#4353,#4361,#4362,#4363));
#4353 = ORIENTED_EDGE('',*,*,#4354,.F.);
#4354 = EDGE_CURVE('',#4307,#4355,#4357,.T.);
#4355 = VERTEX_POINT('',#4356);
#4356 = CARTESIAN_POINT('',(13.375,18.685296692855,4.543161069124));
#4357 = LINE('',#4358,#4359);
#4358 = CARTESIAN_POINT('',(11.875,18.685296692855,4.543161069124));
#4359 = VECTOR('',#4360,1.);
#4360 = DIRECTION('',(1.,0.,-0.));
#4361 = ORIENTED_EDGE('',*,*,#4306,.F.);
#4362 = ORIENTED_EDGE('',*,*,#825,.T.);
#4363 = ORIENTED_EDGE('',*,*,#4364,.F.);
#4364 = EDGE_CURVE('',#4355,#818,#4365,.T.);
#4365 = LINE('',#4366,#4367);
#4366 = CARTESIAN_POINT('',(13.375,11.472807524752,11.755650237226));
#4367 = VECTOR('',#4368,1.);
#4368 = DIRECTION('',(0.,-0.707106781187,0.707106781187));
#4369 = PLANE('',#4370);
#4370 = AXIS2_PLACEMENT_3D('',#4371,#4372,#4373);
#4371 = CARTESIAN_POINT('',(11.875,11.472807524752,11.755650237226));
#4372 = DIRECTION('',(0.,0.707106781187,0.707106781187));
#4373 = DIRECTION('',(0.,0.707106781187,-0.707106781187));
#4374 = ADVANCED_FACE('',(#4375),#4393,.T.);
#4375 = FACE_BOUND('',#4376,.T.);
#4376 = EDGE_LOOP('',(#4377,#4385,#4386,#4387));
#4377 = ORIENTED_EDGE('',*,*,#4378,.F.);
#4378 = EDGE_CURVE('',#4333,#4379,#4381,.T.);
#4379 = VERTEX_POINT('',#4380);
#4380 = CARTESIAN_POINT('',(16.725,17.377149147659,3.235013523928));
#4381 = LINE('',#4382,#4383);
#4382 = CARTESIAN_POINT('',(11.875,17.377149147659,3.235013523928));
#4383 = VECTOR('',#4384,1.);
#4384 = DIRECTION('',(1.,0.,-0.));
#4385 = ORIENTED_EDGE('',*,*,#4340,.T.);
#4386 = ORIENTED_EDGE('',*,*,#777,.T.);
#4387 = ORIENTED_EDGE('',*,*,#4388,.T.);
#4388 = EDGE_CURVE('',#778,#4379,#4389,.T.);
#4389 = LINE('',#4390,#4391);
#4390 = CARTESIAN_POINT('',(16.725,10.164659979557,10.447502692031));
#4391 = VECTOR('',#4392,1.);
#4392 = DIRECTION('',(0.,0.707106781187,-0.707106781187));
#4393 = PLANE('',#4394);
#4394 = AXIS2_PLACEMENT_3D('',#4395,#4396,#4397);
#4395 = CARTESIAN_POINT('',(11.875,10.164659979557,10.447502692031));
#4396 = DIRECTION('',(0.,0.707106781187,0.707106781187));
#4397 = DIRECTION('',(0.,0.707106781187,-0.707106781187));
#4398 = ADVANCED_FACE('',(#4399),#4417,.T.);
#4399 = FACE_BOUND('',#4400,.T.);
#4400 = EDGE_LOOP('',(#4401,#4402,#4403,#4411));
#4401 = ORIENTED_EDGE('',*,*,#817,.T.);
#4402 = ORIENTED_EDGE('',*,*,#4364,.F.);
#4403 = ORIENTED_EDGE('',*,*,#4404,.T.);
#4404 = EDGE_CURVE('',#4355,#4405,#4407,.T.);
#4405 = VERTEX_POINT('',#4406);
#4406 = CARTESIAN_POINT('',(13.375,19.745956864634,5.603821240903));
#4407 = LINE('',#4408,#4409);
#4408 = CARTESIAN_POINT('',(13.375,16.31648897588,2.174353352149));
#4409 = VECTOR('',#4410,1.);
#4410 = DIRECTION('',(0.,0.707106781187,0.707106781187));
#4411 = ORIENTED_EDGE('',*,*,#4412,.F.);
#4412 = EDGE_CURVE('',#810,#4405,#4413,.T.);
#4413 = LINE('',#4414,#4415);
#4414 = CARTESIAN_POINT('',(13.375,12.533467696532,12.816310409006));
#4415 = VECTOR('',#4416,1.);
#4416 = DIRECTION('',(0.,0.707106781187,-0.707106781187));
#4417 = PLANE('',#4418);
#4418 = AXIS2_PLACEMENT_3D('',#4419,#4420,#4421);
#4419 = CARTESIAN_POINT('',(13.375,9.103999807777,9.386842520251));
#4420 = DIRECTION('',(1.,0.,-0.));
#4421 = DIRECTION('',(0.,0.707106781187,-0.707106781187));
#4422 = ADVANCED_FACE('',(#4423),#4441,.F.);
#4423 = FACE_BOUND('',#4424,.F.);
#4424 = EDGE_LOOP('',(#4425,#4433,#4434,#4435));
#4425 = ORIENTED_EDGE('',*,*,#4426,.F.);
#4426 = EDGE_CURVE('',#786,#4427,#4429,.T.);
#4427 = VERTEX_POINT('',#4428);
#4428 = CARTESIAN_POINT('',(16.725,18.685296692855,4.543161069124));
#4429 = LINE('',#4430,#4431);
#4430 = CARTESIAN_POINT('',(16.725,11.472807524752,11.755650237226));
#4431 = VECTOR('',#4432,1.);
#4432 = DIRECTION('',(0.,0.707106781187,-0.707106781187));
#4433 = ORIENTED_EDGE('',*,*,#785,.T.);
#4434 = ORIENTED_EDGE('',*,*,#4388,.T.);
#4435 = ORIENTED_EDGE('',*,*,#4436,.T.);
#4436 = EDGE_CURVE('',#4379,#4427,#4437,.T.);
#4437 = LINE('',#4438,#4439);
#4438 = CARTESIAN_POINT('',(16.725,17.377149147659,3.235013523928));
#4439 = VECTOR('',#4440,1.);
#4440 = DIRECTION('',(0.,0.707106781187,0.707106781187));
#4441 = PLANE('',#4442);
#4442 = AXIS2_PLACEMENT_3D('',#4443,#4444,#4445);
#4443 = CARTESIAN_POINT('',(16.725,10.164659979557,10.447502692031));
#4444 = DIRECTION('',(1.,0.,-0.));
#4445 = DIRECTION('',(0.,0.707106781187,-0.707106781187));
#4446 = ADVANCED_FACE('',(#4447),#4465,.F.);
#4447 = FACE_BOUND('',#4448,.F.);
#4448 = EDGE_LOOP('',(#4449,#4450,#4451,#4459));
#4449 = ORIENTED_EDGE('',*,*,#4412,.F.);
#4450 = ORIENTED_EDGE('',*,*,#809,.T.);
#4451 = ORIENTED_EDGE('',*,*,#4452,.T.);
#4452 = EDGE_CURVE('',#802,#4453,#4455,.T.);
#4453 = VERTEX_POINT('',#4454);
#4454 = CARTESIAN_POINT('',(15.225,19.745956864634,5.603821240903));
#4455 = LINE('',#4456,#4457);
#4456 = CARTESIAN_POINT('',(15.225,12.533467696532,12.816310409006));
#4457 = VECTOR('',#4458,1.);
#4458 = DIRECTION('',(0.,0.707106781187,-0.707106781187));
#4459 = ORIENTED_EDGE('',*,*,#4460,.F.);
#4460 = EDGE_CURVE('',#4405,#4453,#4461,.T.);
#4461 = LINE('',#4462,#4463);
#4462 = CARTESIAN_POINT('',(13.375,19.745956864634,5.603821240903));
#4463 = VECTOR('',#4464,1.);
#4464 = DIRECTION('',(1.,0.,-0.));
#4465 = PLANE('',#4466);
#4466 = AXIS2_PLACEMENT_3D('',#4467,#4468,#4469);
#4467 = CARTESIAN_POINT('',(13.375,12.533467696532,12.816310409006));
#4468 = DIRECTION('',(0.,0.707106781187,0.707106781187));
#4469 = DIRECTION('',(0.,0.707106781187,-0.707106781187));
#4470 = ADVANCED_FACE('',(#4471),#4489,.F.);
#4471 = FACE_BOUND('',#4472,.F.);
#4472 = EDGE_LOOP('',(#4473,#4481,#4487,#4488));
#4473 = ORIENTED_EDGE('',*,*,#4474,.F.);
#4474 = EDGE_CURVE('',#4475,#4427,#4477,.T.);
#4475 = VERTEX_POINT('',#4476);
#4476 = CARTESIAN_POINT('',(15.225,18.685296692855,4.543161069124));
#4477 = LINE('',#4478,#4479);
#4478 = CARTESIAN_POINT('',(11.875,18.685296692855,4.543161069124));
#4479 = VECTOR('',#4480,1.);
#4480 = DIRECTION('',(1.,0.,-0.));
#4481 = ORIENTED_EDGE('',*,*,#4482,.T.);
#4482 = EDGE_CURVE('',#4475,#794,#4483,.T.);
#4483 = LINE('',#4484,#4485);
#4484 = CARTESIAN_POINT('',(15.225,11.472807524752,11.755650237226));
#4485 = VECTOR('',#4486,1.);
#4486 = DIRECTION('',(0.,-0.707106781187,0.707106781187));
#4487 = ORIENTED_EDGE('',*,*,#793,.T.);
#4488 = ORIENTED_EDGE('',*,*,#4426,.T.);
#4489 = PLANE('',#4490);
#4490 = AXIS2_PLACEMENT_3D('',#4491,#4492,#4493);
#4491 = CARTESIAN_POINT('',(11.875,11.472807524752,11.755650237226));
#4492 = DIRECTION('',(0.,0.707106781187,0.707106781187));
#4493 = DIRECTION('',(0.,0.707106781187,-0.707106781187));
#4494 = ADVANCED_FACE('',(#4495),#4506,.F.);
#4495 = FACE_BOUND('',#4496,.F.);
#4496 = EDGE_LOOP('',(#4497,#4498,#4499,#4505));
#4497 = ORIENTED_EDGE('',*,*,#801,.T.);
#4498 = ORIENTED_EDGE('',*,*,#4482,.F.);
#4499 = ORIENTED_EDGE('',*,*,#4500,.T.);
#4500 = EDGE_CURVE('',#4475,#4453,#4501,.T.);
#4501 = LINE('',#4502,#4503);
#4502 = CARTESIAN_POINT('',(15.225,16.31648897588,2.174353352149));
#4503 = VECTOR('',#4504,1.);
#4504 = DIRECTION('',(0.,0.707106781187,0.707106781187));
#4505 = ORIENTED_EDGE('',*,*,#4452,.F.);
#4506 = PLANE('',#4507);
#4507 = AXIS2_PLACEMENT_3D('',#4508,#4509,#4510);
#4508 = CARTESIAN_POINT('',(15.225,9.103999807777,9.386842520251));
#4509 = DIRECTION('',(1.,0.,-0.));
#4510 = DIRECTION('',(0.,0.707106781187,-0.707106781187));
#4511 = ADVANCED_FACE('',(#4512),#4537,.F.);
#4512 = FACE_BOUND('',#4513,.F.);
#4513 = EDGE_LOOP('',(#4514,#4524,#4530,#4531));
#4514 = ORIENTED_EDGE('',*,*,#4515,.F.);
#4515 = EDGE_CURVE('',#4516,#4518,#4520,.T.);
#4516 = VERTEX_POINT('',#4517);
#4517 = CARTESIAN_POINT('',(112.76960989932,21.4,7.348993288591));
#4518 = VERTEX_POINT('',#4519);
#4519 = CARTESIAN_POINT('',(109.23039010067,21.4,7.348993288591));
#4520 = LINE('',#4521,#4522);
#4521 = CARTESIAN_POINT('',(112.76960989932,21.4,7.348993288591));
#4522 = VECTOR('',#4523,1.);
#4523 = DIRECTION('',(-1.,0.,0.));
#4524 = ORIENTED_EDGE('',*,*,#4525,.T.);
#4525 = EDGE_CURVE('',#4516,#872,#4526,.T.);
#4526 = LINE('',#4527,#4528);
#4527 = CARTESIAN_POINT('',(112.76960989932,21.4,7.348993288591));
#4528 = VECTOR('',#4529,1.);
#4529 = DIRECTION('',(0.,1.,0.));
#4530 = ORIENTED_EDGE('',*,*,#871,.T.);
#4531 = ORIENTED_EDGE('',*,*,#4532,.F.);
#4532 = EDGE_CURVE('',#4518,#874,#4533,.T.);
#4533 = LINE('',#4534,#4535);
#4534 = CARTESIAN_POINT('',(109.23039010067,21.4,7.348993288591));
#4535 = VECTOR('',#4536,1.);
#4536 = DIRECTION('',(0.,1.,0.));
#4537 = PLANE('',#4538);
#4538 = AXIS2_PLACEMENT_3D('',#4539,#4540,#4541);
#4539 = CARTESIAN_POINT('',(112.76960989932,21.4,7.348993288591));
#4540 = DIRECTION('',(0.,0.,1.));
#4541 = DIRECTION('',(-1.,0.,0.));
#4542 = ADVANCED_FACE('',(#4543),#4561,.F.);
#4543 = FACE_BOUND('',#4544,.F.);
#4544 = EDGE_LOOP('',(#4545,#4553,#4554,#4555));
#4545 = ORIENTED_EDGE('',*,*,#4546,.F.);
#4546 = EDGE_CURVE('',#4518,#4547,#4549,.T.);
#4547 = VERTEX_POINT('',#4548);
#4548 = CARTESIAN_POINT('',(109.23039010067,21.4,6.66610738255));
#4549 = LINE('',#4550,#4551);
#4550 = CARTESIAN_POINT('',(109.23039010067,21.4,7.348993288591));
#4551 = VECTOR('',#4552,1.);
#4552 = DIRECTION('',(-0.,0.,-1.));
#4553 = ORIENTED_EDGE('',*,*,#4532,.T.);
#4554 = ORIENTED_EDGE('',*,*,#921,.T.);
#4555 = ORIENTED_EDGE('',*,*,#4556,.F.);
#4556 = EDGE_CURVE('',#4547,#914,#4557,.T.);
#4557 = LINE('',#4558,#4559);
#4558 = CARTESIAN_POINT('',(109.23039010067,21.4,6.66610738255));
#4559 = VECTOR('',#4560,1.);
#4560 = DIRECTION('',(0.,1.,0.));
#4561 = PLANE('',#4562);
#4562 = AXIS2_PLACEMENT_3D('',#4563,#4564,#4565);
#4563 = CARTESIAN_POINT('',(109.23039010067,21.4,7.348993288591));
#4564 = DIRECTION('',(-1.,0.,0.));
#4565 = DIRECTION('',(0.,0.,-1.));
#4566 = ADVANCED_FACE('',(#4567),#4585,.F.);
#4567 = FACE_BOUND('',#4568,.F.);
#4568 = EDGE_LOOP('',(#4569,#4577,#4578,#4579));
#4569 = ORIENTED_EDGE('',*,*,#4570,.F.);
#4570 = EDGE_CURVE('',#4547,#4571,#4573,.T.);
#4571 = VERTEX_POINT('',#4572);
#4572 = CARTESIAN_POINT('',(111.06134647651,21.4,2.651006711409));
#4573 = LINE('',#4574,#4575);
#4574 = CARTESIAN_POINT('',(109.23039010067,21.4,6.66610738255));
#4575 = VECTOR('',#4576,1.);
#4576 = DIRECTION('',(0.414912690401,0.,-0.909861230817));
#4577 = ORIENTED_EDGE('',*,*,#4556,.T.);
#4578 = ORIENTED_EDGE('',*,*,#913,.T.);
#4579 = ORIENTED_EDGE('',*,*,#4580,.F.);
#4580 = EDGE_CURVE('',#4571,#906,#4581,.T.);
#4581 = LINE('',#4582,#4583);
#4582 = CARTESIAN_POINT('',(111.06134647651,21.4,2.651006711409));
#4583 = VECTOR('',#4584,1.);
#4584 = DIRECTION('',(0.,1.,0.));
#4585 = PLANE('',#4586);
#4586 = AXIS2_PLACEMENT_3D('',#4587,#4588,#4589);
#4587 = CARTESIAN_POINT('',(109.23039010067,21.4,6.66610738255));
#4588 = DIRECTION('',(-0.909861230817,0.,-0.414912690401));
#4589 = DIRECTION('',(0.414912690401,0.,-0.909861230817));
#4590 = ADVANCED_FACE('',(#4591),#4609,.F.);
#4591 = FACE_BOUND('',#4592,.F.);
#4592 = EDGE_LOOP('',(#4593,#4601,#4602,#4603));
#4593 = ORIENTED_EDGE('',*,*,#4594,.F.);
#4594 = EDGE_CURVE('',#4571,#4595,#4597,.T.);
#4595 = VERTEX_POINT('',#4596);
#4596 = CARTESIAN_POINT('',(112.24108640939,21.4,2.651006711409));
#4597 = LINE('',#4598,#4599);
#4598 = CARTESIAN_POINT('',(111.06134647651,21.4,2.651006711409));
#4599 = VECTOR('',#4600,1.);
#4600 = DIRECTION('',(1.,0.,0.));
#4601 = ORIENTED_EDGE('',*,*,#4580,.T.);
#4602 = ORIENTED_EDGE('',*,*,#905,.T.);
#4603 = ORIENTED_EDGE('',*,*,#4604,.F.);
#4604 = EDGE_CURVE('',#4595,#898,#4605,.T.);
#4605 = LINE('',#4606,#4607);
#4606 = CARTESIAN_POINT('',(112.24108640939,21.4,2.651006711409));
#4607 = VECTOR('',#4608,1.);
#4608 = DIRECTION('',(0.,1.,0.));
#4609 = PLANE('',#4610);
#4610 = AXIS2_PLACEMENT_3D('',#4611,#4612,#4613);
#4611 = CARTESIAN_POINT('',(111.06134647651,21.4,2.651006711409));
#4612 = DIRECTION('',(0.,0.,-1.));
#4613 = DIRECTION('',(1.,0.,0.));
#4614 = ADVANCED_FACE('',(#4615),#4633,.F.);
#4615 = FACE_BOUND('',#4616,.F.);
#4616 = EDGE_LOOP('',(#4617,#4625,#4626,#4627));
#4617 = ORIENTED_EDGE('',*,*,#4618,.F.);
#4618 = EDGE_CURVE('',#4595,#4619,#4621,.T.);
#4619 = VERTEX_POINT('',#4620);
#4620 = CARTESIAN_POINT('',(110.50765520134,21.4,6.463087248322));
#4621 = LINE('',#4622,#4623);
#4622 = CARTESIAN_POINT('',(112.24108640939,21.4,2.651006711409));
#4623 = VECTOR('',#4624,1.);
#4624 = DIRECTION('',(-0.413935007817,0.,0.910306437033));
#4625 = ORIENTED_EDGE('',*,*,#4604,.T.);
#4626 = ORIENTED_EDGE('',*,*,#897,.T.);
#4627 = ORIENTED_EDGE('',*,*,#4628,.F.);
#4628 = EDGE_CURVE('',#4619,#890,#4629,.T.);
#4629 = LINE('',#4630,#4631);
#4630 = CARTESIAN_POINT('',(110.50765520134,21.4,6.463087248322));
#4631 = VECTOR('',#4632,1.);
#4632 = DIRECTION('',(0.,1.,0.));
#4633 = PLANE('',#4634);
#4634 = AXIS2_PLACEMENT_3D('',#4635,#4636,#4637);
#4635 = CARTESIAN_POINT('',(112.24108640939,21.4,2.651006711409));
#4636 = DIRECTION('',(0.910306437033,0.,0.413935007817));
#4637 = DIRECTION('',(-0.413935007817,0.,0.910306437033));
#4638 = ADVANCED_FACE('',(#4639),#4657,.F.);
#4639 = FACE_BOUND('',#4640,.F.);
#4640 = EDGE_LOOP('',(#4641,#4649,#4650,#4651));
#4641 = ORIENTED_EDGE('',*,*,#4642,.F.);
#4642 = EDGE_CURVE('',#4619,#4643,#4645,.T.);
#4643 = VERTEX_POINT('',#4644);
#4644 = CARTESIAN_POINT('',(112.76960989932,21.4,6.463087248322));
#4645 = LINE('',#4646,#4647);
#4646 = CARTESIAN_POINT('',(110.50765520134,21.4,6.463087248322));
#4647 = VECTOR('',#4648,1.);
#4648 = DIRECTION('',(1.,0.,0.));
#4649 = ORIENTED_EDGE('',*,*,#4628,.T.);
#4650 = ORIENTED_EDGE('',*,*,#889,.T.);
#4651 = ORIENTED_EDGE('',*,*,#4652,.F.);
#4652 = EDGE_CURVE('',#4643,#882,#4653,.T.);
#4653 = LINE('',#4654,#4655);
#4654 = CARTESIAN_POINT('',(112.76960989932,21.4,6.463087248322));
#4655 = VECTOR('',#4656,1.);
#4656 = DIRECTION('',(0.,1.,0.));
#4657 = PLANE('',#4658);
#4658 = AXIS2_PLACEMENT_3D('',#4659,#4660,#4661);
#4659 = CARTESIAN_POINT('',(110.50765520134,21.4,6.463087248322));
#4660 = DIRECTION('',(0.,0.,-1.));
#4661 = DIRECTION('',(1.,0.,0.));
#4662 = ADVANCED_FACE('',(#4663),#4674,.F.);
#4663 = FACE_BOUND('',#4664,.F.);
#4664 = EDGE_LOOP('',(#4665,#4671,#4672,#4673));
#4665 = ORIENTED_EDGE('',*,*,#4666,.F.);
#4666 = EDGE_CURVE('',#4643,#4516,#4667,.T.);
#4667 = LINE('',#4668,#4669);
#4668 = CARTESIAN_POINT('',(112.76960989932,21.4,6.463087248322));
#4669 = VECTOR('',#4670,1.);
#4670 = DIRECTION('',(0.,0.,1.));
#4671 = ORIENTED_EDGE('',*,*,#4652,.T.);
#4672 = ORIENTED_EDGE('',*,*,#881,.T.);
#4673 = ORIENTED_EDGE('',*,*,#4525,.F.);
#4674 = PLANE('',#4675);
#4675 = AXIS2_PLACEMENT_3D('',#4676,#4677,#4678);
#4676 = CARTESIAN_POINT('',(112.76960989932,21.4,6.463087248322));
#4677 = DIRECTION('',(1.,0.,0.));
#4678 = DIRECTION('',(0.,0.,1.));
#4679 = ADVANCED_FACE('',(#4680),#4705,.F.);
#4680 = FACE_BOUND('',#4681,.F.);
#4681 = EDGE_LOOP('',(#4682,#4692,#4698,#4699));
#4682 = ORIENTED_EDGE('',*,*,#4683,.F.);
#4683 = EDGE_CURVE('',#4684,#4686,#4688,.T.);
#4684 = VERTEX_POINT('',#4685);
#4685 = CARTESIAN_POINT('',(92.439597315436,21.4,7.234899328859));
#4686 = VERTEX_POINT('',#4687);
#4687 = CARTESIAN_POINT('',(92.439597315436,21.4,6.362416107383));
#4688 = LINE('',#4689,#4690);
#4689 = CARTESIAN_POINT('',(92.439597315436,21.4,7.234899328859));
#4690 = VECTOR('',#4691,1.);
#4691 = DIRECTION('',(-0.,0.,-1.));
#4692 = ORIENTED_EDGE('',*,*,#4693,.T.);
#4693 = EDGE_CURVE('',#4684,#930,#4694,.T.);
#4694 = LINE('',#4695,#4696);
#4695 = CARTESIAN_POINT('',(92.439597315436,21.4,7.234899328859));
#4696 = VECTOR('',#4697,1.);
#4697 = DIRECTION('',(0.,1.,0.));
#4698 = ORIENTED_EDGE('',*,*,#929,.T.);
#4699 = ORIENTED_EDGE('',*,*,#4700,.F.);
#4700 = EDGE_CURVE('',#4686,#932,#4701,.T.);
#4701 = LINE('',#4702,#4703);
#4702 = CARTESIAN_POINT('',(92.439597315436,21.4,6.362416107383));
#4703 = VECTOR('',#4704,1.);
#4704 = DIRECTION('',(0.,1.,0.));
#4705 = PLANE('',#4706);
#4706 = AXIS2_PLACEMENT_3D('',#4707,#4708,#4709);
#4707 = CARTESIAN_POINT('',(92.439597315436,21.4,7.234899328859));
#4708 = DIRECTION('',(-1.,0.,0.));
#4709 = DIRECTION('',(0.,0.,-1.));
#4710 = ADVANCED_FACE('',(#4711),#4729,.F.);
#4711 = FACE_BOUND('',#4712,.F.);
#4712 = EDGE_LOOP('',(#4713,#4721,#4727,#4728));
#4713 = ORIENTED_EDGE('',*,*,#4714,.F.);
#4714 = EDGE_CURVE('',#4715,#4684,#4717,.T.);
#4715 = VERTEX_POINT('',#4716);
#4716 = CARTESIAN_POINT('',(93.043624161074,21.4,7.385906040268));
#4717 = B_SPLINE_CURVE_WITH_KNOTS('',2,(#4718,#4719,#4720),
  .UNSPECIFIED.,.F.,.F.,(3,3),(0.,1.),.PIECEWISE_BEZIER_KNOTS.);
#4718 = CARTESIAN_POINT('',(93.043624161074,21.4,7.385906040268));
#4719 = CARTESIAN_POINT('',(92.738464765101,21.4,7.335570469799));
#4720 = CARTESIAN_POINT('',(92.439597315436,21.4,7.234899328859));
#4721 = ORIENTED_EDGE('',*,*,#4722,.T.);
#4722 = EDGE_CURVE('',#4715,#940,#4723,.T.);
#4723 = LINE('',#4724,#4725);
#4724 = CARTESIAN_POINT('',(93.043624161074,21.4,7.385906040268));
#4725 = VECTOR('',#4726,1.);
#4726 = DIRECTION('',(0.,1.,0.));
#4727 = ORIENTED_EDGE('',*,*,#939,.F.);
#4728 = ORIENTED_EDGE('',*,*,#4693,.F.);
#4729 = SURFACE_OF_LINEAR_EXTRUSION('',#4730,#4734);
#4730 = B_SPLINE_CURVE_WITH_KNOTS('',2,(#4731,#4732,#4733),
  .UNSPECIFIED.,.F.,.F.,(3,3),(0.,1.),.PIECEWISE_BEZIER_KNOTS.);
#4731 = CARTESIAN_POINT('',(93.043624161074,21.4,7.385906040268));
#4732 = CARTESIAN_POINT('',(92.738464765101,21.4,7.335570469799));
#4733 = CARTESIAN_POINT('',(92.439597315436,21.4,7.234899328859));
#4734 = VECTOR('',#4735,1.);
#4735 = DIRECTION('',(0.,-1.,-0.));
#4736 = ADVANCED_FACE('',(#4737),#4755,.F.);
#4737 = FACE_BOUND('',#4738,.F.);
#4738 = EDGE_LOOP('',(#4739,#4747,#4748,#4749));
#4739 = ORIENTED_EDGE('',*,*,#4740,.F.);
#4740 = EDGE_CURVE('',#4686,#4741,#4743,.T.);
#4741 = VERTEX_POINT('',#4742);
#4742 = CARTESIAN_POINT('',(93.002726510067,21.4,6.575293624161));
#4743 = B_SPLINE_CURVE_WITH_KNOTS('',2,(#4744,#4745,#4746),
  .UNSPECIFIED.,.F.,.F.,(3,3),(0.,1.),.PIECEWISE_BEZIER_KNOTS.);
#4744 = CARTESIAN_POINT('',(92.439597315436,21.4,6.362416107383));
#4745 = CARTESIAN_POINT('',(92.738464765101,21.4,6.506501677852));
#4746 = CARTESIAN_POINT('',(93.002726510067,21.4,6.575293624161));
#4747 = ORIENTED_EDGE('',*,*,#4700,.T.);
#4748 = ORIENTED_EDGE('',*,*,#1203,.F.);
#4749 = ORIENTED_EDGE('',*,*,#4750,.F.);
#4750 = EDGE_CURVE('',#4741,#1193,#4751,.T.);
#4751 = LINE('',#4752,#4753);
#4752 = CARTESIAN_POINT('',(93.002726510067,21.4,6.575293624161));
#4753 = VECTOR('',#4754,1.);
#4754 = DIRECTION('',(0.,1.,0.));
#4755 = SURFACE_OF_LINEAR_EXTRUSION('',#4756,#4760);
#4756 = B_SPLINE_CURVE_WITH_KNOTS('',2,(#4757,#4758,#4759),
  .UNSPECIFIED.,.F.,.F.,(3,3),(0.,1.),.PIECEWISE_BEZIER_KNOTS.);
#4757 = CARTESIAN_POINT('',(92.439597315436,21.4,6.362416107383));
#4758 = CARTESIAN_POINT('',(92.738464765101,21.4,6.506501677852));
#4759 = CARTESIAN_POINT('',(93.002726510067,21.4,6.575293624161));
#4760 = VECTOR('',#4761,1.);
#4761 = DIRECTION('',(0.,-1.,-0.));
#4762 = ADVANCED_FACE('',(#4763),#4781,.F.);
#4763 = FACE_BOUND('',#4764,.F.);
#4764 = EDGE_LOOP('',(#4765,#4773,#4779,#4780));
#4765 = ORIENTED_EDGE('',*,*,#4766,.F.);
#4766 = EDGE_CURVE('',#4767,#4715,#4769,.T.);
#4767 = VERTEX_POINT('',#4768);
#4768 = CARTESIAN_POINT('',(93.672818791946,21.4,7.436241610738));
#4769 = B_SPLINE_CURVE_WITH_KNOTS('',2,(#4770,#4771,#4772),
  .UNSPECIFIED.,.F.,.F.,(3,3),(0.,1.),.PIECEWISE_BEZIER_KNOTS.);
#4770 = CARTESIAN_POINT('',(93.672818791946,21.4,7.436241610738));
#4771 = CARTESIAN_POINT('',(93.348783557047,21.4,7.436241610738));
#4772 = CARTESIAN_POINT('',(93.043624161074,21.4,7.385906040268));
#4773 = ORIENTED_EDGE('',*,*,#4774,.T.);
#4774 = EDGE_CURVE('',#4767,#950,#4775,.T.);
#4775 = LINE('',#4776,#4777);
#4776 = CARTESIAN_POINT('',(93.672818791946,21.4,7.436241610738));
#4777 = VECTOR('',#4778,1.);
#4778 = DIRECTION('',(0.,1.,0.));
#4779 = ORIENTED_EDGE('',*,*,#949,.F.);
#4780 = ORIENTED_EDGE('',*,*,#4722,.F.);
#4781 = SURFACE_OF_LINEAR_EXTRUSION('',#4782,#4786);
#4782 = B_SPLINE_CURVE_WITH_KNOTS('',2,(#4783,#4784,#4785),
  .UNSPECIFIED.,.F.,.F.,(3,3),(0.,1.),.PIECEWISE_BEZIER_KNOTS.);
#4783 = CARTESIAN_POINT('',(93.672818791946,21.4,7.436241610738));
#4784 = CARTESIAN_POINT('',(93.348783557047,21.4,7.436241610738));
#4785 = CARTESIAN_POINT('',(93.043624161074,21.4,7.385906040268));
#4786 = VECTOR('',#4787,1.);
#4787 = DIRECTION('',(0.,-1.,-0.));
#4788 = ADVANCED_FACE('',(#4789),#4807,.F.);
#4789 = FACE_BOUND('',#4790,.F.);
#4790 = EDGE_LOOP('',(#4791,#4799,#4800,#4801));
#4791 = ORIENTED_EDGE('',*,*,#4792,.F.);
#4792 = EDGE_CURVE('',#4741,#4793,#4795,.T.);
#4793 = VERTEX_POINT('',#4794);
#4794 = CARTESIAN_POINT('',(93.518666107383,21.4,6.644295302013));
#4795 = B_SPLINE_CURVE_WITH_KNOTS('',2,(#4796,#4797,#4798),
  .UNSPECIFIED.,.F.,.F.,(3,3),(0.,1.),.PIECEWISE_BEZIER_KNOTS.);
#4796 = CARTESIAN_POINT('',(93.002726510067,21.4,6.575293624161));
#4797 = CARTESIAN_POINT('',(93.266988255034,21.4,6.644295302013));
#4798 = CARTESIAN_POINT('',(93.518666107383,21.4,6.644295302013));
#4799 = ORIENTED_EDGE('',*,*,#4750,.T.);
#4800 = ORIENTED_EDGE('',*,*,#1192,.F.);
#4801 = ORIENTED_EDGE('',*,*,#4802,.F.);
#4802 = EDGE_CURVE('',#4793,#1176,#4803,.T.);
#4803 = LINE('',#4804,#4805);
#4804 = CARTESIAN_POINT('',(93.518666107383,21.4,6.644295302013));
#4805 = VECTOR('',#4806,1.);
#4806 = DIRECTION('',(0.,1.,0.));
#4807 = SURFACE_OF_LINEAR_EXTRUSION('',#4808,#4812);
#4808 = B_SPLINE_CURVE_WITH_KNOTS('',2,(#4809,#4810,#4811),
  .UNSPECIFIED.,.F.,.F.,(3,3),(0.,1.),.PIECEWISE_BEZIER_KNOTS.);
#4809 = CARTESIAN_POINT('',(93.002726510067,21.4,6.575293624161));
#4810 = CARTESIAN_POINT('',(93.266988255034,21.4,6.644295302013));
#4811 = CARTESIAN_POINT('',(93.518666107383,21.4,6.644295302013));
#4812 = VECTOR('',#4813,1.);
#4813 = DIRECTION('',(0.,-1.,-0.));
#4814 = ADVANCED_FACE('',(#4815),#4833,.F.);
#4815 = FACE_BOUND('',#4816,.F.);
#4816 = EDGE_LOOP('',(#4817,#4825,#4831,#4832));
#4817 = ORIENTED_EDGE('',*,*,#4818,.F.);
#4818 = EDGE_CURVE('',#4819,#4767,#4821,.T.);
#4819 = VERTEX_POINT('',#4820);
#4820 = CARTESIAN_POINT('',(95.282088926174,21.4,6.770134228188));
#4821 = B_SPLINE_CURVE_WITH_KNOTS('',2,(#4822,#4823,#4824),
  .UNSPECIFIED.,.F.,.F.,(3,3),(0.,1.),.PIECEWISE_BEZIER_KNOTS.);
#4822 = CARTESIAN_POINT('',(95.282088926174,21.4,6.770134228188));
#4823 = CARTESIAN_POINT('',(94.695260067114,21.4,7.436241610738));
#4824 = CARTESIAN_POINT('',(93.672818791946,21.4,7.436241610738));
#4825 = ORIENTED_EDGE('',*,*,#4826,.T.);
#4826 = EDGE_CURVE('',#4819,#960,#4827,.T.);
#4827 = LINE('',#4828,#4829);
#4828 = CARTESIAN_POINT('',(95.282088926174,21.4,6.770134228188));
#4829 = VECTOR('',#4830,1.);
#4830 = DIRECTION('',(0.,1.,0.));
#4831 = ORIENTED_EDGE('',*,*,#959,.F.);
#4832 = ORIENTED_EDGE('',*,*,#4774,.F.);
#4833 = SURFACE_OF_LINEAR_EXTRUSION('',#4834,#4838);
#4834 = B_SPLINE_CURVE_WITH_KNOTS('',2,(#4835,#4836,#4837),
  .UNSPECIFIED.,.F.,.F.,(3,3),(0.,1.),.PIECEWISE_BEZIER_KNOTS.);
#4835 = CARTESIAN_POINT('',(95.282088926174,21.4,6.770134228188));
#4836 = CARTESIAN_POINT('',(94.695260067114,21.4,7.436241610738));
#4837 = CARTESIAN_POINT('',(93.672818791946,21.4,7.436241610738));
#4838 = VECTOR('',#4839,1.);
#4839 = DIRECTION('',(0.,-1.,-0.));
#4840 = ADVANCED_FACE('',(#4841),#4859,.F.);
#4841 = FACE_BOUND('',#4842,.F.);
#4842 = EDGE_LOOP('',(#4843,#4851,#4852,#4853));
#4843 = ORIENTED_EDGE('',*,*,#4844,.F.);
#4844 = EDGE_CURVE('',#4793,#4845,#4847,.T.);
#4845 = VERTEX_POINT('',#4846);
#4846 = CARTESIAN_POINT('',(94.361786912752,21.4,6.343540268456));
#4847 = B_SPLINE_CURVE_WITH_KNOTS('',2,(#4848,#4849,#4850),
  .UNSPECIFIED.,.F.,.F.,(3,3),(0.,1.),.PIECEWISE_BEZIER_KNOTS.);
#4848 = CARTESIAN_POINT('',(93.518666107383,21.4,6.644295302013));
#4849 = CARTESIAN_POINT('',(94.059773489933,21.4,6.644295302013));
#4850 = CARTESIAN_POINT('',(94.361786912752,21.4,6.343540268456));
#4851 = ORIENTED_EDGE('',*,*,#4802,.T.);
#4852 = ORIENTED_EDGE('',*,*,#1175,.F.);
#4853 = ORIENTED_EDGE('',*,*,#4854,.F.);
#4854 = EDGE_CURVE('',#4845,#1159,#4855,.T.);
#4855 = LINE('',#4856,#4857);
#4856 = CARTESIAN_POINT('',(94.361786912752,21.4,6.343540268456));
#4857 = VECTOR('',#4858,1.);
#4858 = DIRECTION('',(0.,1.,0.));
#4859 = SURFACE_OF_LINEAR_EXTRUSION('',#4860,#4864);
#4860 = B_SPLINE_CURVE_WITH_KNOTS('',2,(#4861,#4862,#4863),
  .UNSPECIFIED.,.F.,.F.,(3,3),(0.,1.),.PIECEWISE_BEZIER_KNOTS.);
#4861 = CARTESIAN_POINT('',(93.518666107383,21.4,6.644295302013));
#4862 = CARTESIAN_POINT('',(94.059773489933,21.4,6.644295302013));
#4863 = CARTESIAN_POINT('',(94.361786912752,21.4,6.343540268456));
#4864 = VECTOR('',#4865,1.);
#4865 = DIRECTION('',(0.,-1.,-0.));
#4866 = ADVANCED_FACE('',(#4867),#4885,.F.);
#4867 = FACE_BOUND('',#4868,.F.);
#4868 = EDGE_LOOP('',(#4869,#4877,#4883,#4884));
#4869 = ORIENTED_EDGE('',*,*,#4870,.F.);
#4870 = EDGE_CURVE('',#4871,#4819,#4873,.T.);
#4871 = VERTEX_POINT('',#4872);
#4872 = CARTESIAN_POINT('',(95.868708053691,21.4,4.938548657718));
#4873 = B_SPLINE_CURVE_WITH_KNOTS('',2,(#4874,#4875,#4876),
  .UNSPECIFIED.,.F.,.F.,(3,3),(0.,1.),.PIECEWISE_BEZIER_KNOTS.);
#4874 = CARTESIAN_POINT('',(95.868708053691,21.4,4.938548657718));
#4875 = CARTESIAN_POINT('',(95.868708053691,21.4,6.104026845638));
#4876 = CARTESIAN_POINT('',(95.282088926174,21.4,6.770134228188));
#4877 = ORIENTED_EDGE('',*,*,#4878,.T.);
#4878 = EDGE_CURVE('',#4871,#983,#4879,.T.);
#4879 = LINE('',#4880,#4881);
#4880 = CARTESIAN_POINT('',(95.868708053691,21.4,4.938548657718));
#4881 = VECTOR('',#4882,1.);
#4882 = DIRECTION('',(0.,1.,0.));
#4883 = ORIENTED_EDGE('',*,*,#982,.F.);
#4884 = ORIENTED_EDGE('',*,*,#4826,.F.);
#4885 = SURFACE_OF_LINEAR_EXTRUSION('',#4886,#4890);
#4886 = B_SPLINE_CURVE_WITH_KNOTS('',2,(#4887,#4888,#4889),
  .UNSPECIFIED.,.F.,.F.,(3,3),(0.,1.),.PIECEWISE_BEZIER_KNOTS.);
#4887 = CARTESIAN_POINT('',(95.868708053691,21.4,4.938548657718));
#4888 = CARTESIAN_POINT('',(95.868708053691,21.4,6.104026845638));
#4889 = CARTESIAN_POINT('',(95.282088926174,21.4,6.770134228188));
#4890 = VECTOR('',#4891,1.);
#4891 = DIRECTION('',(0.,-1.,-0.));
#4892 = ADVANCED_FACE('',(#4893),#4911,.F.);
#4893 = FACE_BOUND('',#4894,.F.);
#4894 = EDGE_LOOP('',(#4895,#4903,#4904,#4905));
#4895 = ORIENTED_EDGE('',*,*,#4896,.F.);
#4896 = EDGE_CURVE('',#4845,#4897,#4899,.T.);
#4897 = VERTEX_POINT('',#4898);
#4898 = CARTESIAN_POINT('',(94.71413590604,21.4,5.450713087248));
#4899 = B_SPLINE_CURVE_WITH_KNOTS('',2,(#4900,#4901,#4902),
  .UNSPECIFIED.,.F.,.F.,(3,3),(0.,1.),.PIECEWISE_BEZIER_KNOTS.);
#4900 = CARTESIAN_POINT('',(94.361786912752,21.4,6.343540268456));
#4901 = CARTESIAN_POINT('',(94.66380033557,21.4,6.042785234899));
#4902 = CARTESIAN_POINT('',(94.71413590604,21.4,5.450713087248));
#4903 = ORIENTED_EDGE('',*,*,#4854,.T.);
#4904 = ORIENTED_EDGE('',*,*,#1158,.F.);
#4905 = ORIENTED_EDGE('',*,*,#4906,.F.);
#4906 = EDGE_CURVE('',#4897,#1146,#4907,.T.);
#4907 = LINE('',#4908,#4909);
#4908 = CARTESIAN_POINT('',(94.71413590604,21.4,5.450713087248));
#4909 = VECTOR('',#4910,1.);
#4910 = DIRECTION('',(0.,1.,0.));
#4911 = SURFACE_OF_LINEAR_EXTRUSION('',#4912,#4916);
#4912 = B_SPLINE_CURVE_WITH_KNOTS('',2,(#4913,#4914,#4915),
  .UNSPECIFIED.,.F.,.F.,(3,3),(0.,1.),.PIECEWISE_BEZIER_KNOTS.);
#4913 = CARTESIAN_POINT('',(94.361786912752,21.4,6.343540268456));
#4914 = CARTESIAN_POINT('',(94.66380033557,21.4,6.042785234899));
#4915 = CARTESIAN_POINT('',(94.71413590604,21.4,5.450713087248));
#4916 = VECTOR('',#4917,1.);
#4917 = DIRECTION('',(0.,-1.,-0.));
#4918 = ADVANCED_FACE('',(#4919),#4937,.F.);
#4919 = FACE_BOUND('',#4920,.F.);
#4920 = EDGE_LOOP('',(#4921,#4929,#4935,#4936));
#4921 = ORIENTED_EDGE('',*,*,#4922,.F.);
#4922 = EDGE_CURVE('',#4923,#4871,#4925,.T.);
#4923 = VERTEX_POINT('',#4924);
#4924 = CARTESIAN_POINT('',(95.367030201342,21.4,3.182676174497));
#4925 = B_SPLINE_CURVE_WITH_KNOTS('',2,(#4926,#4927,#4928),
  .UNSPECIFIED.,.F.,.F.,(3,3),(0.,1.),.PIECEWISE_BEZIER_KNOTS.);
#4926 = CARTESIAN_POINT('',(95.367030201342,21.4,3.182676174497));
#4927 = CARTESIAN_POINT('',(95.868708053691,21.4,3.801593959732));
#4928 = CARTESIAN_POINT('',(95.868708053691,21.4,4.938548657718));
#4929 = ORIENTED_EDGE('',*,*,#4930,.T.);
#4930 = EDGE_CURVE('',#4923,#1010,#4931,.T.);
#4931 = LINE('',#4932,#4933);
#4932 = CARTESIAN_POINT('',(95.367030201342,21.4,3.182676174497));
#4933 = VECTOR('',#4934,1.);
#4934 = DIRECTION('',(0.,1.,0.));
#4935 = ORIENTED_EDGE('',*,*,#1009,.F.);
#4936 = ORIENTED_EDGE('',*,*,#4878,.F.);
#4937 = SURFACE_OF_LINEAR_EXTRUSION('',#4938,#4942);
#4938 = B_SPLINE_CURVE_WITH_KNOTS('',2,(#4939,#4940,#4941),
  .UNSPECIFIED.,.F.,.F.,(3,3),(0.,1.),.PIECEWISE_BEZIER_KNOTS.);
#4939 = CARTESIAN_POINT('',(95.367030201342,21.4,3.182676174497));
#4940 = CARTESIAN_POINT('',(95.868708053691,21.4,3.801593959732));
#4941 = CARTESIAN_POINT('',(95.868708053691,21.4,4.938548657718));
#4942 = VECTOR('',#4943,1.);
#4943 = DIRECTION('',(0.,-1.,-0.));
#4944 = ADVANCED_FACE('',(#4945),#4963,.F.);
#4945 = FACE_BOUND('',#4946,.F.);
#4946 = EDGE_LOOP('',(#4947,#4955,#4956,#4957));
#4947 = ORIENTED_EDGE('',*,*,#4948,.F.);
#4948 = EDGE_CURVE('',#4897,#4949,#4951,.T.);
#4949 = VERTEX_POINT('',#4950);
#4950 = CARTESIAN_POINT('',(94.264261744966,21.4,5.681417785235));
#4951 = B_SPLINE_CURVE_WITH_KNOTS('',2,(#4952,#4953,#4954),
  .UNSPECIFIED.,.F.,.F.,(3,3),(0.,1.),.PIECEWISE_BEZIER_KNOTS.);
#4952 = CARTESIAN_POINT('',(94.71413590604,21.4,5.450713087248));
#4953 = CARTESIAN_POINT('',(94.506501677852,21.4,5.604656040268));
#4954 = CARTESIAN_POINT('',(94.264261744966,21.4,5.681417785235));
#4955 = ORIENTED_EDGE('',*,*,#4906,.T.);
#4956 = ORIENTED_EDGE('',*,*,#1145,.F.);
#4957 = ORIENTED_EDGE('',*,*,#4958,.F.);
#4958 = EDGE_CURVE('',#4949,#1135,#4959,.T.);
#4959 = LINE('',#4960,#4961);
#4960 = CARTESIAN_POINT('',(94.264261744966,21.4,5.681417785235));
#4961 = VECTOR('',#4962,1.);
#4962 = DIRECTION('',(0.,1.,0.));
#4963 = SURFACE_OF_LINEAR_EXTRUSION('',#4964,#4968);
#4964 = B_SPLINE_CURVE_WITH_KNOTS('',2,(#4965,#4966,#4967),
  .UNSPECIFIED.,.F.,.F.,(3,3),(0.,1.),.PIECEWISE_BEZIER_KNOTS.);
#4965 = CARTESIAN_POINT('',(94.71413590604,21.4,5.450713087248));
#4966 = CARTESIAN_POINT('',(94.506501677852,21.4,5.604656040268));
#4967 = CARTESIAN_POINT('',(94.264261744966,21.4,5.681417785235));
#4968 = VECTOR('',#4969,1.);
#4969 = DIRECTION('',(0.,-1.,-0.));
#4970 = ADVANCED_FACE('',(#4971),#4989,.F.);
#4971 = FACE_BOUND('',#4972,.F.);
#4972 = EDGE_LOOP('',(#4973,#4981,#4987,#4988));
#4973 = ORIENTED_EDGE('',*,*,#4974,.F.);
#4974 = EDGE_CURVE('',#4975,#4923,#4977,.T.);
#4975 = VERTEX_POINT('',#4976);
#4976 = CARTESIAN_POINT('',(93.94966442953,21.4,2.563758389262));
#4977 = B_SPLINE_CURVE_WITH_KNOTS('',2,(#4978,#4979,#4980),
  .UNSPECIFIED.,.F.,.F.,(3,3),(0.,1.),.PIECEWISE_BEZIER_KNOTS.);
#4978 = CARTESIAN_POINT('',(93.94966442953,21.4,2.563758389262));
#4979 = CARTESIAN_POINT('',(94.86514261745,21.4,2.563758389262));
#4980 = CARTESIAN_POINT('',(95.367030201342,21.4,3.182676174497));
#4981 = ORIENTED_EDGE('',*,*,#4982,.T.);
#4982 = EDGE_CURVE('',#4975,#1033,#4983,.T.);
#4983 = LINE('',#4984,#4985);
#4984 = CARTESIAN_POINT('',(93.94966442953,21.4,2.563758389262));
#4985 = VECTOR('',#4986,1.);
#4986 = DIRECTION('',(0.,1.,0.));
#4987 = ORIENTED_EDGE('',*,*,#1032,.F.);
#4988 = ORIENTED_EDGE('',*,*,#4930,.F.);
#4989 = SURFACE_OF_LINEAR_EXTRUSION('',#4990,#4994);
#4990 = B_SPLINE_CURVE_WITH_KNOTS('',2,(#4991,#4992,#4993),
  .UNSPECIFIED.,.F.,.F.,(3,3),(0.,1.),.PIECEWISE_BEZIER_KNOTS.);
#4991 = CARTESIAN_POINT('',(93.94966442953,21.4,2.563758389262));
#4992 = CARTESIAN_POINT('',(94.86514261745,21.4,2.563758389262));
#4993 = CARTESIAN_POINT('',(95.367030201342,21.4,3.182676174497));
#4994 = VECTOR('',#4995,1.);
#4995 = DIRECTION('',(0.,-1.,-0.));
#4996 = ADVANCED_FACE('',(#4997),#5015,.F.);
#4997 = FACE_BOUND('',#4998,.F.);
#4998 = EDGE_LOOP('',(#4999,#5007,#5008,#5009));
#4999 = ORIENTED_EDGE('',*,*,#5000,.F.);
#5000 = EDGE_CURVE('',#4949,#5001,#5003,.T.);
#5001 = VERTEX_POINT('',#5002);
#5002 = CARTESIAN_POINT('',(93.735738255034,21.4,5.758389261745));
#5003 = B_SPLINE_CURVE_WITH_KNOTS('',2,(#5004,#5005,#5006),
  .UNSPECIFIED.,.F.,.F.,(3,3),(0.,1.),.PIECEWISE_BEZIER_KNOTS.);
#5004 = CARTESIAN_POINT('',(94.264261744966,21.4,5.681417785235));
#5005 = CARTESIAN_POINT('',(94.022021812081,21.4,5.758389261745));
#5006 = CARTESIAN_POINT('',(93.735738255034,21.4,5.758389261745));
#5007 = ORIENTED_EDGE('',*,*,#4958,.T.);
#5008 = ORIENTED_EDGE('',*,*,#1134,.F.);
#5009 = ORIENTED_EDGE('',*,*,#5010,.F.);
#5010 = EDGE_CURVE('',#5001,#1116,#5011,.T.);
#5011 = LINE('',#5012,#5013);
#5012 = CARTESIAN_POINT('',(93.735738255034,21.4,5.758389261745));
#5013 = VECTOR('',#5014,1.);
#5014 = DIRECTION('',(0.,1.,0.));
#5015 = SURFACE_OF_LINEAR_EXTRUSION('',#5016,#5020);
#5016 = B_SPLINE_CURVE_WITH_KNOTS('',2,(#5017,#5018,#5019),
  .UNSPECIFIED.,.F.,.F.,(3,3),(0.,1.),.PIECEWISE_BEZIER_KNOTS.);
#5017 = CARTESIAN_POINT('',(94.264261744966,21.4,5.681417785235));
#5018 = CARTESIAN_POINT('',(94.022021812081,21.4,5.758389261745));
#5019 = CARTESIAN_POINT('',(93.735738255034,21.4,5.758389261745));
#5020 = VECTOR('',#5021,1.);
#5021 = DIRECTION('',(0.,-1.,-0.));
#5022 = ADVANCED_FACE('',(#5023),#5041,.F.);
#5023 = FACE_BOUND('',#5024,.F.);
#5024 = EDGE_LOOP('',(#5025,#5033,#5039,#5040));
#5025 = ORIENTED_EDGE('',*,*,#5026,.F.);
#5026 = EDGE_CURVE('',#5027,#4975,#5029,.T.);
#5027 = VERTEX_POINT('',#5028);
#5028 = CARTESIAN_POINT('',(92.625209731544,21.4,3.018875838926));
#5029 = B_SPLINE_CURVE_WITH_KNOTS('',2,(#5030,#5031,#5032),
  .UNSPECIFIED.,.F.,.F.,(3,3),(0.,1.),.PIECEWISE_BEZIER_KNOTS.);
#5030 = CARTESIAN_POINT('',(92.625209731544,21.4,3.018875838926));
#5031 = CARTESIAN_POINT('',(93.119127516779,21.4,2.563758389262));
#5032 = CARTESIAN_POINT('',(93.94966442953,21.4,2.563758389262));
#5033 = ORIENTED_EDGE('',*,*,#5034,.T.);
#5034 = EDGE_CURVE('',#5027,#1055,#5035,.T.);
#5035 = LINE('',#5036,#5037);
#5036 = CARTESIAN_POINT('',(92.625209731544,21.4,3.018875838926));
#5037 = VECTOR('',#5038,1.);
#5038 = DIRECTION('',(0.,1.,0.));
#5039 = ORIENTED_EDGE('',*,*,#1054,.F.);
#5040 = ORIENTED_EDGE('',*,*,#4982,.F.);
#5041 = SURFACE_OF_LINEAR_EXTRUSION('',#5042,#5046);
#5042 = B_SPLINE_CURVE_WITH_KNOTS('',2,(#5043,#5044,#5045),
  .UNSPECIFIED.,.F.,.F.,(3,3),(0.,1.),.PIECEWISE_BEZIER_KNOTS.);
#5043 = CARTESIAN_POINT('',(92.625209731544,21.4,3.018875838926));
#5044 = CARTESIAN_POINT('',(93.119127516779,21.4,2.563758389262));
#5045 = CARTESIAN_POINT('',(93.94966442953,21.4,2.563758389262));
#5046 = VECTOR('',#5047,1.);
#5047 = DIRECTION('',(0.,-1.,-0.));
#5048 = ADVANCED_FACE('',(#5049),#5067,.F.);
#5049 = FACE_BOUND('',#5050,.F.);
#5050 = EDGE_LOOP('',(#5051,#5059,#5060,#5061));
#5051 = ORIENTED_EDGE('',*,*,#5052,.F.);
#5052 = EDGE_CURVE('',#5001,#5053,#5055,.T.);
#5053 = VERTEX_POINT('',#5054);
#5054 = CARTESIAN_POINT('',(92.573406040268,21.4,5.33619966443));
#5055 = B_SPLINE_CURVE_WITH_KNOTS('',2,(#5056,#5057,#5058),
  .UNSPECIFIED.,.F.,.F.,(3,3),(0.,1.),.PIECEWISE_BEZIER_KNOTS.);
#5056 = CARTESIAN_POINT('',(93.735738255034,21.4,5.758389261745));
#5057 = CARTESIAN_POINT('',(93.015310402685,21.4,5.758389261745));
#5058 = CARTESIAN_POINT('',(92.573406040268,21.4,5.33619966443));
#5059 = ORIENTED_EDGE('',*,*,#5010,.T.);
#5060 = ORIENTED_EDGE('',*,*,#1115,.F.);
#5061 = ORIENTED_EDGE('',*,*,#5062,.F.);
#5062 = EDGE_CURVE('',#5053,#1097,#5063,.T.);
#5063 = LINE('',#5064,#5065);
#5064 = CARTESIAN_POINT('',(92.573406040268,21.4,5.33619966443));
#5065 = VECTOR('',#5066,1.);
#5066 = DIRECTION('',(0.,1.,0.));
#5067 = SURFACE_OF_LINEAR_EXTRUSION('',#5068,#5072);
#5068 = B_SPLINE_CURVE_WITH_KNOTS('',2,(#5069,#5070,#5071),
  .UNSPECIFIED.,.F.,.F.,(3,3),(0.,1.),.PIECEWISE_BEZIER_KNOTS.);
#5069 = CARTESIAN_POINT('',(93.735738255034,21.4,5.758389261745));
#5070 = CARTESIAN_POINT('',(93.015310402685,21.4,5.758389261745));
#5071 = CARTESIAN_POINT('',(92.573406040268,21.4,5.33619966443));
#5072 = VECTOR('',#5073,1.);
#5073 = DIRECTION('',(0.,-1.,-0.));
#5074 = ADVANCED_FACE('',(#5075),#5093,.F.);
#5075 = FACE_BOUND('',#5076,.F.);
#5076 = EDGE_LOOP('',(#5077,#5085,#5091,#5092));
#5077 = ORIENTED_EDGE('',*,*,#5078,.F.);
#5078 = EDGE_CURVE('',#5079,#5027,#5081,.T.);
#5079 = VERTEX_POINT('',#5080);
#5080 = CARTESIAN_POINT('',(92.131291946309,21.4,4.230285234899));
#5081 = B_SPLINE_CURVE_WITH_KNOTS('',2,(#5082,#5083,#5084),
  .UNSPECIFIED.,.F.,.F.,(3,3),(0.,1.),.PIECEWISE_BEZIER_KNOTS.);
#5082 = CARTESIAN_POINT('',(92.131291946309,21.4,4.230285234899));
#5083 = CARTESIAN_POINT('',(92.131291946309,21.4,3.474203020134));
#5084 = CARTESIAN_POINT('',(92.625209731544,21.4,3.018875838926));
#5085 = ORIENTED_EDGE('',*,*,#5086,.T.);
#5086 = EDGE_CURVE('',#5079,#1078,#5087,.T.);
#5087 = LINE('',#5088,#5089);
#5088 = CARTESIAN_POINT('',(92.131291946309,21.4,4.230285234899));
#5089 = VECTOR('',#5090,1.);
#5090 = DIRECTION('',(0.,1.,0.));
#5091 = ORIENTED_EDGE('',*,*,#1077,.F.);
#5092 = ORIENTED_EDGE('',*,*,#5034,.F.);
#5093 = SURFACE_OF_LINEAR_EXTRUSION('',#5094,#5098);
#5094 = B_SPLINE_CURVE_WITH_KNOTS('',2,(#5095,#5096,#5097),
  .UNSPECIFIED.,.F.,.F.,(3,3),(0.,1.),.PIECEWISE_BEZIER_KNOTS.);
#5095 = CARTESIAN_POINT('',(92.131291946309,21.4,4.230285234899));
#5096 = CARTESIAN_POINT('',(92.131291946309,21.4,3.474203020134));
#5097 = CARTESIAN_POINT('',(92.625209731544,21.4,3.018875838926));
#5098 = VECTOR('',#5099,1.);
#5099 = DIRECTION('',(0.,-1.,-0.));
#5100 = ADVANCED_FACE('',(#5101),#5112,.F.);
#5101 = FACE_BOUND('',#5102,.F.);
#5102 = EDGE_LOOP('',(#5103,#5109,#5110,#5111));
#5103 = ORIENTED_EDGE('',*,*,#5104,.F.);
#5104 = EDGE_CURVE('',#5053,#5079,#5105,.T.);
#5105 = B_SPLINE_CURVE_WITH_KNOTS('',2,(#5106,#5107,#5108),
  .UNSPECIFIED.,.F.,.F.,(3,3),(0.,1.),.PIECEWISE_BEZIER_KNOTS.);
#5106 = CARTESIAN_POINT('',(92.573406040268,21.4,5.33619966443));
#5107 = CARTESIAN_POINT('',(92.131291946309,21.4,4.914010067114));
#5108 = CARTESIAN_POINT('',(92.131291946309,21.4,4.230285234899));
#5109 = ORIENTED_EDGE('',*,*,#5062,.T.);
#5110 = ORIENTED_EDGE('',*,*,#1096,.F.);
#5111 = ORIENTED_EDGE('',*,*,#5086,.F.);
#5112 = SURFACE_OF_LINEAR_EXTRUSION('',#5113,#5117);
#5113 = B_SPLINE_CURVE_WITH_KNOTS('',2,(#5114,#5115,#5116),
  .UNSPECIFIED.,.F.,.F.,(3,3),(0.,1.),.PIECEWISE_BEZIER_KNOTS.);
#5114 = CARTESIAN_POINT('',(92.573406040268,21.4,5.33619966443));
#5115 = CARTESIAN_POINT('',(92.131291946309,21.4,4.914010067114));
#5116 = CARTESIAN_POINT('',(92.131291946309,21.4,4.230285234899));
#5117 = VECTOR('',#5118,1.);
#5118 = DIRECTION('',(0.,-1.,-0.));
#5119 = ADVANCED_FACE('',(#5120),#5145,.F.);
#5120 = FACE_BOUND('',#5121,.F.);
#5121 = EDGE_LOOP('',(#5122,#5132,#5138,#5139));
#5122 = ORIENTED_EDGE('',*,*,#5123,.F.);
#5123 = EDGE_CURVE('',#5124,#5126,#5128,.T.);
#5124 = VERTEX_POINT('',#5125);
#5125 = CARTESIAN_POINT('',(78.582424496644,21.4,7.395973154362));
#5126 = VERTEX_POINT('',#5127);
#5127 = CARTESIAN_POINT('',(75.571728187919,21.4,7.395973154362));
#5128 = LINE('',#5129,#5130);
#5129 = CARTESIAN_POINT('',(78.582424496644,21.4,7.395973154362));
#5130 = VECTOR('',#5131,1.);
#5131 = DIRECTION('',(-1.,0.,0.));
#5132 = ORIENTED_EDGE('',*,*,#5133,.T.);
#5133 = EDGE_CURVE('',#5124,#1215,#5134,.T.);
#5134 = LINE('',#5135,#5136);
#5135 = CARTESIAN_POINT('',(78.582424496644,21.4,7.395973154362));
#5136 = VECTOR('',#5137,1.);
#5137 = DIRECTION('',(0.,1.,0.));
#5138 = ORIENTED_EDGE('',*,*,#1214,.T.);
#5139 = ORIENTED_EDGE('',*,*,#5140,.F.);
#5140 = EDGE_CURVE('',#5126,#1217,#5141,.T.);
#5141 = LINE('',#5142,#5143);
#5142 = CARTESIAN_POINT('',(75.571728187919,21.4,7.395973154362));
#5143 = VECTOR('',#5144,1.);
#5144 = DIRECTION('',(0.,1.,0.));
#5145 = PLANE('',#5146);
#5146 = AXIS2_PLACEMENT_3D('',#5147,#5148,#5149);
#5147 = CARTESIAN_POINT('',(78.582424496644,21.4,7.395973154362));
#5148 = DIRECTION('',(0.,0.,1.));
#5149 = DIRECTION('',(-1.,0.,0.));
#5150 = ADVANCED_FACE('',(#5151),#5169,.F.);
#5151 = FACE_BOUND('',#5152,.F.);
#5152 = EDGE_LOOP('',(#5153,#5161,#5167,#5168));
#5153 = ORIENTED_EDGE('',*,*,#5154,.F.);
#5154 = EDGE_CURVE('',#5155,#5124,#5157,.T.);
#5155 = VERTEX_POINT('',#5156);
#5156 = CARTESIAN_POINT('',(78.582424496644,21.4,4.738255033557));
#5157 = LINE('',#5158,#5159);
#5158 = CARTESIAN_POINT('',(78.582424496644,21.4,4.738255033557));
#5159 = VECTOR('',#5160,1.);
#5160 = DIRECTION('',(0.,0.,1.));
#5161 = ORIENTED_EDGE('',*,*,#5162,.T.);
#5162 = EDGE_CURVE('',#5155,#1225,#5163,.T.);
#5163 = LINE('',#5164,#5165);
#5164 = CARTESIAN_POINT('',(78.582424496644,21.4,4.738255033557));
#5165 = VECTOR('',#5166,1.);
#5166 = DIRECTION('',(0.,1.,0.));
#5167 = ORIENTED_EDGE('',*,*,#1224,.T.);
#5168 = ORIENTED_EDGE('',*,*,#5133,.F.);
#5169 = PLANE('',#5170);
#5170 = AXIS2_PLACEMENT_3D('',#5171,#5172,#5173);
#5171 = CARTESIAN_POINT('',(78.582424496644,21.4,4.738255033557));
#5172 = DIRECTION('',(1.,0.,0.));
#5173 = DIRECTION('',(0.,0.,1.));
#5174 = ADVANCED_FACE('',(#5175),#5193,.F.);
#5175 = FACE_BOUND('',#5176,.F.);
#5176 = EDGE_LOOP('',(#5177,#5185,#5186,#5187));
#5177 = ORIENTED_EDGE('',*,*,#5178,.F.);
#5178 = EDGE_CURVE('',#5126,#5179,#5181,.T.);
#5179 = VERTEX_POINT('',#5180);
#5180 = CARTESIAN_POINT('',(75.571728187919,21.4,6.510067114094));
#5181 = LINE('',#5182,#5183);
#5182 = CARTESIAN_POINT('',(75.571728187919,21.4,7.395973154362));
#5183 = VECTOR('',#5184,1.);
#5184 = DIRECTION('',(-0.,0.,-1.));
#5185 = ORIENTED_EDGE('',*,*,#5140,.T.);
#5186 = ORIENTED_EDGE('',*,*,#1490,.T.);
#5187 = ORIENTED_EDGE('',*,*,#5188,.F.);
#5188 = EDGE_CURVE('',#5179,#1483,#5189,.T.);
#5189 = LINE('',#5190,#5191);
#5190 = CARTESIAN_POINT('',(75.571728187919,21.4,6.510067114094));
#5191 = VECTOR('',#5192,1.);
#5192 = DIRECTION('',(0.,1.,0.));
#5193 = PLANE('',#5194);
#5194 = AXIS2_PLACEMENT_3D('',#5195,#5196,#5197);
#5195 = CARTESIAN_POINT('',(75.571728187919,21.4,7.395973154362));
#5196 = DIRECTION('',(-1.,0.,0.));
#5197 = DIRECTION('',(0.,0.,-1.));
#5198 = ADVANCED_FACE('',(#5199),#5217,.F.);
#5199 = FACE_BOUND('',#5200,.F.);
#5200 = EDGE_LOOP('',(#5201,#5209,#5215,#5216));
#5201 = ORIENTED_EDGE('',*,*,#5202,.F.);
#5202 = EDGE_CURVE('',#5203,#5155,#5205,.T.);
#5203 = VERTEX_POINT('',#5204);
#5204 = CARTESIAN_POINT('',(77.946937919463,21.4,4.951132550336));
#5205 = B_SPLINE_CURVE_WITH_KNOTS('',2,(#5206,#5207,#5208),
  .UNSPECIFIED.,.F.,.F.,(3,3),(0.,1.),.PIECEWISE_BEZIER_KNOTS.);
#5206 = CARTESIAN_POINT('',(77.946937919463,21.4,4.951132550336));
#5207 = CARTESIAN_POINT('',(78.242659395973,21.4,4.882340604027));
#5208 = CARTESIAN_POINT('',(78.582424496644,21.4,4.738255033557));
#5209 = ORIENTED_EDGE('',*,*,#5210,.T.);
#5210 = EDGE_CURVE('',#5203,#1233,#5211,.T.);
#5211 = LINE('',#5212,#5213);
#5212 = CARTESIAN_POINT('',(77.946937919463,21.4,4.951132550336));
#5213 = VECTOR('',#5214,1.);
#5214 = DIRECTION('',(0.,1.,0.));
#5215 = ORIENTED_EDGE('',*,*,#1232,.F.);
#5216 = ORIENTED_EDGE('',*,*,#5162,.F.);
#5217 = SURFACE_OF_LINEAR_EXTRUSION('',#5218,#5222);
#5218 = B_SPLINE_CURVE_WITH_KNOTS('',2,(#5219,#5220,#5221),
  .UNSPECIFIED.,.F.,.F.,(3,3),(0.,1.),.PIECEWISE_BEZIER_KNOTS.);
#5219 = CARTESIAN_POINT('',(77.946937919463,21.4,4.951132550336));
#5220 = CARTESIAN_POINT('',(78.242659395973,21.4,4.882340604027));
#5221 = CARTESIAN_POINT('',(78.582424496644,21.4,4.738255033557));
#5222 = VECTOR('',#5223,1.);
#5223 = DIRECTION('',(0.,-1.,-0.));
#5224 = ADVANCED_FACE('',(#5225),#5243,.F.);
#5225 = FACE_BOUND('',#5226,.F.);
#5226 = EDGE_LOOP('',(#5227,#5235,#5236,#5237));
#5227 = ORIENTED_EDGE('',*,*,#5228,.F.);
#5228 = EDGE_CURVE('',#5179,#5229,#5231,.T.);
#5229 = VERTEX_POINT('',#5230);
#5230 = CARTESIAN_POINT('',(77.616610738255,21.4,6.510067114094));
#5231 = LINE('',#5232,#5233);
#5232 = CARTESIAN_POINT('',(75.571728187919,21.4,6.510067114094));
#5233 = VECTOR('',#5234,1.);
#5234 = DIRECTION('',(1.,0.,0.));
#5235 = ORIENTED_EDGE('',*,*,#5188,.T.);
#5236 = ORIENTED_EDGE('',*,*,#1482,.T.);
#5237 = ORIENTED_EDGE('',*,*,#5238,.F.);
#5238 = EDGE_CURVE('',#5229,#1475,#5239,.T.);
#5239 = LINE('',#5240,#5241);
#5240 = CARTESIAN_POINT('',(77.616610738255,21.4,6.510067114094));
#5241 = VECTOR('',#5242,1.);
#5242 = DIRECTION('',(0.,1.,0.));
#5243 = PLANE('',#5244);
#5244 = AXIS2_PLACEMENT_3D('',#5245,#5246,#5247);
#5245 = CARTESIAN_POINT('',(75.571728187919,21.4,6.510067114094));
#5246 = DIRECTION('',(0.,0.,-1.));
#5247 = DIRECTION('',(1.,0.,0.));
#5248 = ADVANCED_FACE('',(#5249),#5267,.F.);
#5249 = FACE_BOUND('',#5250,.F.);
#5250 = EDGE_LOOP('',(#5251,#5259,#5265,#5266));
#5251 = ORIENTED_EDGE('',*,*,#5252,.F.);
#5252 = EDGE_CURVE('',#5253,#5203,#5255,.T.);
#5253 = VERTEX_POINT('',#5254);
#5254 = CARTESIAN_POINT('',(77.390100671141,21.4,5.020134228188));
#5255 = B_SPLINE_CURVE_WITH_KNOTS('',2,(#5256,#5257,#5258),
  .UNSPECIFIED.,.F.,.F.,(3,3),(0.,1.),.PIECEWISE_BEZIER_KNOTS.);
#5256 = CARTESIAN_POINT('',(77.390100671141,21.4,5.020134228188));
#5257 = CARTESIAN_POINT('',(77.651216442953,21.4,5.020134228188));
#5258 = CARTESIAN_POINT('',(77.946937919463,21.4,4.951132550336));
#5259 = ORIENTED_EDGE('',*,*,#5260,.T.);
#5260 = EDGE_CURVE('',#5253,#1244,#5261,.T.);
#5261 = LINE('',#5262,#5263);
#5262 = CARTESIAN_POINT('',(77.390100671141,21.4,5.020134228188));
#5263 = VECTOR('',#5264,1.);
#5264 = DIRECTION('',(0.,1.,0.));
#5265 = ORIENTED_EDGE('',*,*,#1243,.F.);
#5266 = ORIENTED_EDGE('',*,*,#5210,.F.);
#5267 = SURFACE_OF_LINEAR_EXTRUSION('',#5268,#5272);
#5268 = B_SPLINE_CURVE_WITH_KNOTS('',2,(#5269,#5270,#5271),
  .UNSPECIFIED.,.F.,.F.,(3,3),(0.,1.),.PIECEWISE_BEZIER_KNOTS.);
#5269 = CARTESIAN_POINT('',(77.390100671141,21.4,5.020134228188));
#5270 = CARTESIAN_POINT('',(77.651216442953,21.4,5.020134228188));
#5271 = CARTESIAN_POINT('',(77.946937919463,21.4,4.951132550336));
#5272 = VECTOR('',#5273,1.);
#5273 = DIRECTION('',(0.,-1.,-0.));
#5274 = ADVANCED_FACE('',(#5275),#5293,.F.);
#5275 = FACE_BOUND('',#5276,.F.);
#5276 = EDGE_LOOP('',(#5277,#5285,#5286,#5287));
#5277 = ORIENTED_EDGE('',*,*,#5278,.F.);
#5278 = EDGE_CURVE('',#5229,#5279,#5281,.T.);
#5279 = VERTEX_POINT('',#5280);
#5280 = CARTESIAN_POINT('',(77.616610738255,21.4,5.773280201342));
#5281 = LINE('',#5282,#5283);
#5282 = CARTESIAN_POINT('',(77.616610738255,21.4,6.510067114094));
#5283 = VECTOR('',#5284,1.);
#5284 = DIRECTION('',(-0.,0.,-1.));
#5285 = ORIENTED_EDGE('',*,*,#5238,.T.);
#5286 = ORIENTED_EDGE('',*,*,#1474,.T.);
#5287 = ORIENTED_EDGE('',*,*,#5288,.F.);
#5288 = EDGE_CURVE('',#5279,#1465,#5289,.T.);
#5289 = LINE('',#5290,#5291);
#5290 = CARTESIAN_POINT('',(77.616610738255,21.4,5.773280201342));
#5291 = VECTOR('',#5292,1.);
#5292 = DIRECTION('',(0.,1.,0.));
#5293 = PLANE('',#5294);
#5294 = AXIS2_PLACEMENT_3D('',#5295,#5296,#5297);
#5295 = CARTESIAN_POINT('',(77.616610738255,21.4,6.510067114094));
#5296 = DIRECTION('',(-1.,0.,0.));
#5297 = DIRECTION('',(0.,0.,-1.));
#5298 = ADVANCED_FACE('',(#5299),#5317,.F.);
#5299 = FACE_BOUND('',#5300,.F.);
#5300 = EDGE_LOOP('',(#5301,#5309,#5315,#5316));
#5301 = ORIENTED_EDGE('',*,*,#5302,.F.);
#5302 = EDGE_CURVE('',#5303,#5253,#5305,.T.);
#5303 = VERTEX_POINT('',#5304);
#5304 = CARTESIAN_POINT('',(76.696518456376,21.4,4.806208053691));
#5305 = B_SPLINE_CURVE_WITH_KNOTS('',2,(#5306,#5307,#5308),
  .UNSPECIFIED.,.F.,.F.,(3,3),(0.,1.),.PIECEWISE_BEZIER_KNOTS.);
#5306 = CARTESIAN_POINT('',(76.696518456376,21.4,4.806208053691));
#5307 = CARTESIAN_POINT('',(76.94966442953,21.4,5.020134228188));
#5308 = CARTESIAN_POINT('',(77.390100671141,21.4,5.020134228188));
#5309 = ORIENTED_EDGE('',*,*,#5310,.T.);
#5310 = EDGE_CURVE('',#5303,#1255,#5311,.T.);
#5311 = LINE('',#5312,#5313);
#5312 = CARTESIAN_POINT('',(76.696518456376,21.4,4.806208053691));
#5313 = VECTOR('',#5314,1.);
#5314 = DIRECTION('',(0.,1.,0.));
#5315 = ORIENTED_EDGE('',*,*,#1254,.F.);
#5316 = ORIENTED_EDGE('',*,*,#5260,.F.);
#5317 = SURFACE_OF_LINEAR_EXTRUSION('',#5318,#5322);
#5318 = B_SPLINE_CURVE_WITH_KNOTS('',2,(#5319,#5320,#5321),
  .UNSPECIFIED.,.F.,.F.,(3,3),(0.,1.),.PIECEWISE_BEZIER_KNOTS.);
#5319 = CARTESIAN_POINT('',(76.696518456376,21.4,4.806208053691));
#5320 = CARTESIAN_POINT('',(76.94966442953,21.4,5.020134228188));
#5321 = CARTESIAN_POINT('',(77.390100671141,21.4,5.020134228188));
#5322 = VECTOR('',#5323,1.);
#5323 = DIRECTION('',(0.,-1.,-0.));
#5324 = ADVANCED_FACE('',(#5325),#5343,.F.);
#5325 = FACE_BOUND('',#5326,.F.);
#5326 = EDGE_LOOP('',(#5327,#5335,#5336,#5337));
#5327 = ORIENTED_EDGE('',*,*,#5328,.F.);
#5328 = EDGE_CURVE('',#5279,#5329,#5331,.T.);
#5329 = VERTEX_POINT('',#5330);
#5330 = CARTESIAN_POINT('',(77.338296979866,21.4,5.831795302013));
#5331 = B_SPLINE_CURVE_WITH_KNOTS('',2,(#5332,#5333,#5334),
  .UNSPECIFIED.,.F.,.F.,(3,3),(0.,1.),.PIECEWISE_BEZIER_KNOTS.);
#5332 = CARTESIAN_POINT('',(77.616610738255,21.4,5.773280201342));
#5333 = CARTESIAN_POINT('',(77.478187919463,21.4,5.811241610738));
#5334 = CARTESIAN_POINT('',(77.338296979866,21.4,5.831795302013));
#5335 = ORIENTED_EDGE('',*,*,#5288,.T.);
#5336 = ORIENTED_EDGE('',*,*,#1464,.F.);
#5337 = ORIENTED_EDGE('',*,*,#5338,.F.);
#5338 = EDGE_CURVE('',#5329,#1455,#5339,.T.);
#5339 = LINE('',#5340,#5341);
#5340 = CARTESIAN_POINT('',(77.338296979866,21.4,5.831795302013));
#5341 = VECTOR('',#5342,1.);
#5342 = DIRECTION('',(0.,1.,0.));
#5343 = SURFACE_OF_LINEAR_EXTRUSION('',#5344,#5348);
#5344 = B_SPLINE_CURVE_WITH_KNOTS('',2,(#5345,#5346,#5347),
  .UNSPECIFIED.,.F.,.F.,(3,3),(0.,1.),.PIECEWISE_BEZIER_KNOTS.);
#5345 = CARTESIAN_POINT('',(77.616610738255,21.4,5.773280201342));
#5346 = CARTESIAN_POINT('',(77.478187919463,21.4,5.811241610738));
#5347 = CARTESIAN_POINT('',(77.338296979866,21.4,5.831795302013));
#5348 = VECTOR('',#5349,1.);
#5349 = DIRECTION('',(0.,-1.,-0.));
#5350 = ADVANCED_FACE('',(#5351),#5369,.F.);
#5351 = FACE_BOUND('',#5352,.F.);
#5352 = EDGE_LOOP('',(#5353,#5361,#5367,#5368));
#5353 = ORIENTED_EDGE('',*,*,#5354,.F.);
#5354 = EDGE_CURVE('',#5355,#5303,#5357,.T.);
#5355 = VERTEX_POINT('',#5356);
#5356 = CARTESIAN_POINT('',(76.443162751678,21.4,4.221476510067));
#5357 = B_SPLINE_CURVE_WITH_KNOTS('',2,(#5358,#5359,#5360),
  .UNSPECIFIED.,.F.,.F.,(3,3),(0.,1.),.PIECEWISE_BEZIER_KNOTS.);
#5358 = CARTESIAN_POINT('',(76.443162751678,21.4,4.221476510067));
#5359 = CARTESIAN_POINT('',(76.443162751678,21.4,4.592491610738));
#5360 = CARTESIAN_POINT('',(76.696518456376,21.4,4.806208053691));
#5361 = ORIENTED_EDGE('',*,*,#5362,.T.);
#5362 = EDGE_CURVE('',#5355,#1270,#5363,.T.);
#5363 = LINE('',#5364,#5365);
#5364 = CARTESIAN_POINT('',(76.443162751678,21.4,4.221476510067));
#5365 = VECTOR('',#5366,1.);
#5366 = DIRECTION('',(0.,1.,0.));
#5367 = ORIENTED_EDGE('',*,*,#1269,.F.);
#5368 = ORIENTED_EDGE('',*,*,#5310,.F.);
#5369 = SURFACE_OF_LINEAR_EXTRUSION('',#5370,#5374);
#5370 = B_SPLINE_CURVE_WITH_KNOTS('',2,(#5371,#5372,#5373),
  .UNSPECIFIED.,.F.,.F.,(3,3),(0.,1.),.PIECEWISE_BEZIER_KNOTS.);
#5371 = CARTESIAN_POINT('',(76.443162751678,21.4,4.221476510067));
#5372 = CARTESIAN_POINT('',(76.443162751678,21.4,4.592491610738));
#5373 = CARTESIAN_POINT('',(76.696518456376,21.4,4.806208053691));
#5374 = VECTOR('',#5375,1.);
#5375 = DIRECTION('',(0.,-1.,-0.));
#5376 = ADVANCED_FACE('',(#5377),#5395,.F.);
#5377 = FACE_BOUND('',#5378,.F.);
#5378 = EDGE_LOOP('',(#5379,#5387,#5388,#5389));
#5379 = ORIENTED_EDGE('',*,*,#5380,.F.);
#5380 = EDGE_CURVE('',#5329,#5381,#5383,.T.);
#5381 = VERTEX_POINT('',#5382);
#5382 = CARTESIAN_POINT('',(77.047189597315,21.4,5.852348993289));
#5383 = B_SPLINE_CURVE_WITH_KNOTS('',2,(#5384,#5385,#5386),
  .UNSPECIFIED.,.F.,.F.,(3,3),(0.,1.),.PIECEWISE_BEZIER_KNOTS.);
#5384 = CARTESIAN_POINT('',(77.338296979866,21.4,5.831795302013));
#5385 = CARTESIAN_POINT('',(77.198196308725,21.4,5.852348993289));
#5386 = CARTESIAN_POINT('',(77.047189597315,21.4,5.852348993289));
#5387 = ORIENTED_EDGE('',*,*,#5338,.T.);
#5388 = ORIENTED_EDGE('',*,*,#1454,.F.);
#5389 = ORIENTED_EDGE('',*,*,#5390,.F.);
#5390 = EDGE_CURVE('',#5381,#1433,#5391,.T.);
#5391 = LINE('',#5392,#5393);
#5392 = CARTESIAN_POINT('',(77.047189597315,21.4,5.852348993289));
#5393 = VECTOR('',#5394,1.);
#5394 = DIRECTION('',(0.,1.,0.));
#5395 = SURFACE_OF_LINEAR_EXTRUSION('',#5396,#5400);
#5396 = B_SPLINE_CURVE_WITH_KNOTS('',2,(#5397,#5398,#5399),
  .UNSPECIFIED.,.F.,.F.,(3,3),(0.,1.),.PIECEWISE_BEZIER_KNOTS.);
#5397 = CARTESIAN_POINT('',(77.338296979866,21.4,5.831795302013));
#5398 = CARTESIAN_POINT('',(77.198196308725,21.4,5.852348993289));
#5399 = CARTESIAN_POINT('',(77.047189597315,21.4,5.852348993289));
#5400 = VECTOR('',#5401,1.);
#5401 = DIRECTION('',(0.,-1.,-0.));
#5402 = ADVANCED_FACE('',(#5403),#5421,.F.);
#5403 = FACE_BOUND('',#5404,.F.);
#5404 = EDGE_LOOP('',(#5405,#5413,#5419,#5420));
#5405 = ORIENTED_EDGE('',*,*,#5406,.F.);
#5406 = EDGE_CURVE('',#5407,#5355,#5409,.T.);
#5407 = VERTEX_POINT('',#5408);
#5408 = CARTESIAN_POINT('',(76.696518456376,21.4,3.638213087248));
#5409 = B_SPLINE_CURVE_WITH_KNOTS('',2,(#5410,#5411,#5412),
  .UNSPECIFIED.,.F.,.F.,(3,3),(0.,1.),.PIECEWISE_BEZIER_KNOTS.);
#5410 = CARTESIAN_POINT('',(76.696518456376,21.4,3.638213087248));
#5411 = CARTESIAN_POINT('',(76.443162751678,21.4,3.85360738255));
#5412 = CARTESIAN_POINT('',(76.443162751678,21.4,4.221476510067));
#5413 = ORIENTED_EDGE('',*,*,#5414,.T.);
#5414 = EDGE_CURVE('',#5407,#1285,#5415,.T.);
#5415 = LINE('',#5416,#5417);
#5416 = CARTESIAN_POINT('',(76.696518456376,21.4,3.638213087248));
#5417 = VECTOR('',#5418,1.);
#5418 = DIRECTION('',(0.,1.,0.));
#5419 = ORIENTED_EDGE('',*,*,#1284,.F.);
#5420 = ORIENTED_EDGE('',*,*,#5362,.F.);
#5421 = SURFACE_OF_LINEAR_EXTRUSION('',#5422,#5426);
#5422 = B_SPLINE_CURVE_WITH_KNOTS('',2,(#5423,#5424,#5425),
  .UNSPECIFIED.,.F.,.F.,(3,3),(0.,1.),.PIECEWISE_BEZIER_KNOTS.);
#5423 = CARTESIAN_POINT('',(76.696518456376,21.4,3.638213087248));
#5424 = CARTESIAN_POINT('',(76.443162751678,21.4,3.85360738255));
#5425 = CARTESIAN_POINT('',(76.443162751678,21.4,4.221476510067));
#5426 = VECTOR('',#5427,1.);
#5427 = DIRECTION('',(0.,-1.,-0.));
#5428 = ADVANCED_FACE('',(#5429),#5447,.F.);
#5429 = FACE_BOUND('',#5430,.F.);
#5430 = EDGE_LOOP('',(#5431,#5439,#5440,#5441));
#5431 = ORIENTED_EDGE('',*,*,#5432,.F.);
#5432 = EDGE_CURVE('',#5381,#5433,#5435,.T.);
#5433 = VERTEX_POINT('',#5434);
#5434 = CARTESIAN_POINT('',(75.710151006711,21.4,5.42302852349));
#5435 = B_SPLINE_CURVE_WITH_KNOTS('',2,(#5436,#5437,#5438),
  .UNSPECIFIED.,.F.,.F.,(3,3),(0.,1.),.PIECEWISE_BEZIER_KNOTS.);
#5436 = CARTESIAN_POINT('',(77.047189597315,21.4,5.852348993289));
#5437 = CARTESIAN_POINT('',(76.188338926174,21.4,5.852348993289));
#5438 = CARTESIAN_POINT('',(75.710151006711,21.4,5.42302852349));
#5439 = ORIENTED_EDGE('',*,*,#5390,.T.);
#5440 = ORIENTED_EDGE('',*,*,#1432,.F.);
#5441 = ORIENTED_EDGE('',*,*,#5442,.F.);
#5442 = EDGE_CURVE('',#5433,#1410,#5443,.T.);
#5443 = LINE('',#5444,#5445);
#5444 = CARTESIAN_POINT('',(75.710151006711,21.4,5.42302852349));
#5445 = VECTOR('',#5446,1.);
#5446 = DIRECTION('',(0.,1.,0.));
#5447 = SURFACE_OF_LINEAR_EXTRUSION('',#5448,#5452);
#5448 = B_SPLINE_CURVE_WITH_KNOTS('',2,(#5449,#5450,#5451),
  .UNSPECIFIED.,.F.,.F.,(3,3),(0.,1.),.PIECEWISE_BEZIER_KNOTS.);
#5449 = CARTESIAN_POINT('',(77.047189597315,21.4,5.852348993289));
#5450 = CARTESIAN_POINT('',(76.188338926174,21.4,5.852348993289));
#5451 = CARTESIAN_POINT('',(75.710151006711,21.4,5.42302852349));
#5452 = VECTOR('',#5453,1.);
#5453 = DIRECTION('',(0.,-1.,-0.));
#5454 = ADVANCED_FACE('',(#5455),#5473,.F.);
#5455 = FACE_BOUND('',#5456,.F.);
#5456 = EDGE_LOOP('',(#5457,#5465,#5471,#5472));
#5457 = ORIENTED_EDGE('',*,*,#5458,.F.);
#5458 = EDGE_CURVE('',#5459,#5407,#5461,.T.);
#5459 = VERTEX_POINT('',#5460);
#5460 = CARTESIAN_POINT('',(77.390100671141,21.4,3.422818791946));
#5461 = B_SPLINE_CURVE_WITH_KNOTS('',2,(#5462,#5463,#5464),
  .UNSPECIFIED.,.F.,.F.,(3,3),(0.,1.),.PIECEWISE_BEZIER_KNOTS.);
#5462 = CARTESIAN_POINT('',(77.390100671141,21.4,3.422818791946));
#5463 = CARTESIAN_POINT('',(76.94966442953,21.4,3.422818791946));
#5464 = CARTESIAN_POINT('',(76.696518456376,21.4,3.638213087248));
#5465 = ORIENTED_EDGE('',*,*,#5466,.T.);
#5466 = EDGE_CURVE('',#5459,#1300,#5467,.T.);
#5467 = LINE('',#5468,#5469);
#5468 = CARTESIAN_POINT('',(77.390100671141,21.4,3.422818791946));
#5469 = VECTOR('',#5470,1.);
#5470 = DIRECTION('',(0.,1.,0.));
#5471 = ORIENTED_EDGE('',*,*,#1299,.F.);
#5472 = ORIENTED_EDGE('',*,*,#5414,.F.);
#5473 = SURFACE_OF_LINEAR_EXTRUSION('',#5474,#5478);
#5474 = B_SPLINE_CURVE_WITH_KNOTS('',2,(#5475,#5476,#5477),
  .UNSPECIFIED.,.F.,.F.,(3,3),(0.,1.),.PIECEWISE_BEZIER_KNOTS.);
#5475 = CARTESIAN_POINT('',(77.390100671141,21.4,3.422818791946));
#5476 = CARTESIAN_POINT('',(76.94966442953,21.4,3.422818791946));
#5477 = CARTESIAN_POINT('',(76.696518456376,21.4,3.638213087248));
#5478 = VECTOR('',#5479,1.);
#5479 = DIRECTION('',(0.,-1.,-0.));
#5480 = ADVANCED_FACE('',(#5481),#5499,.F.);
#5481 = FACE_BOUND('',#5482,.F.);
#5482 = EDGE_LOOP('',(#5483,#5491,#5492,#5493));
#5483 = ORIENTED_EDGE('',*,*,#5484,.F.);
#5484 = EDGE_CURVE('',#5433,#5485,#5487,.T.);
#5485 = VERTEX_POINT('',#5486);
#5486 = CARTESIAN_POINT('',(75.231963087248,21.4,4.226719798658));
#5487 = B_SPLINE_CURVE_WITH_KNOTS('',2,(#5488,#5489,#5490),
  .UNSPECIFIED.,.F.,.F.,(3,3),(0.,1.),.PIECEWISE_BEZIER_KNOTS.);
#5488 = CARTESIAN_POINT('',(75.710151006711,21.4,5.42302852349));
#5489 = CARTESIAN_POINT('',(75.231963087248,21.4,4.993917785235));
#5490 = CARTESIAN_POINT('',(75.231963087248,21.4,4.226719798658));
#5491 = ORIENTED_EDGE('',*,*,#5442,.T.);
#5492 = ORIENTED_EDGE('',*,*,#1409,.F.);
#5493 = ORIENTED_EDGE('',*,*,#5494,.F.);
#5494 = EDGE_CURVE('',#5485,#1391,#5495,.T.);
#5495 = LINE('',#5496,#5497);
#5496 = CARTESIAN_POINT('',(75.231963087248,21.4,4.226719798658));
#5497 = VECTOR('',#5498,1.);
#5498 = DIRECTION('',(0.,1.,0.));
#5499 = SURFACE_OF_LINEAR_EXTRUSION('',#5500,#5504);
#5500 = B_SPLINE_CURVE_WITH_KNOTS('',2,(#5501,#5502,#5503),
  .UNSPECIFIED.,.F.,.F.,(3,3),(0.,1.),.PIECEWISE_BEZIER_KNOTS.);
#5501 = CARTESIAN_POINT('',(75.710151006711,21.4,5.42302852349));
#5502 = CARTESIAN_POINT('',(75.231963087248,21.4,4.993917785235));
#5503 = CARTESIAN_POINT('',(75.231963087248,21.4,4.226719798658));
#5504 = VECTOR('',#5505,1.);
#5505 = DIRECTION('',(0.,-1.,-0.));
#5506 = ADVANCED_FACE('',(#5507),#5525,.F.);
#5507 = FACE_BOUND('',#5508,.F.);
#5508 = EDGE_LOOP('',(#5509,#5517,#5523,#5524));
#5509 = ORIENTED_EDGE('',*,*,#5510,.F.);
#5510 = EDGE_CURVE('',#5511,#5459,#5513,.T.);
#5511 = VERTEX_POINT('',#5512);
#5512 = CARTESIAN_POINT('',(78.039848993289,21.4,3.53355704698));
#5513 = B_SPLINE_CURVE_WITH_KNOTS('',2,(#5514,#5515,#5516),
  .UNSPECIFIED.,.F.,.F.,(3,3),(0.,1.),.PIECEWISE_BEZIER_KNOTS.);
#5514 = CARTESIAN_POINT('',(78.039848993289,21.4,3.53355704698));
#5515 = CARTESIAN_POINT('',(77.695260067114,21.4,3.422818791946));
#5516 = CARTESIAN_POINT('',(77.390100671141,21.4,3.422818791946));
#5517 = ORIENTED_EDGE('',*,*,#5518,.T.);
#5518 = EDGE_CURVE('',#5511,#1315,#5519,.T.);
#5519 = LINE('',#5520,#5521);
#5520 = CARTESIAN_POINT('',(78.039848993289,21.4,3.53355704698));
#5521 = VECTOR('',#5522,1.);
#5522 = DIRECTION('',(0.,1.,0.));
#5523 = ORIENTED_EDGE('',*,*,#1314,.F.);
#5524 = ORIENTED_EDGE('',*,*,#5466,.F.);
#5525 = SURFACE_OF_LINEAR_EXTRUSION('',#5526,#5530);
#5526 = B_SPLINE_CURVE_WITH_KNOTS('',2,(#5527,#5528,#5529),
  .UNSPECIFIED.,.F.,.F.,(3,3),(0.,1.),.PIECEWISE_BEZIER_KNOTS.);
#5527 = CARTESIAN_POINT('',(78.039848993289,21.4,3.53355704698));
#5528 = CARTESIAN_POINT('',(77.695260067114,21.4,3.422818791946));
#5529 = CARTESIAN_POINT('',(77.390100671141,21.4,3.422818791946));
#5530 = VECTOR('',#5531,1.);
#5531 = DIRECTION('',(0.,-1.,-0.));
#5532 = ADVANCED_FACE('',(#5533),#5551,.F.);
#5533 = FACE_BOUND('',#5534,.F.);
#5534 = EDGE_LOOP('',(#5535,#5543,#5544,#5545));
#5535 = ORIENTED_EDGE('',*,*,#5536,.F.);
#5536 = EDGE_CURVE('',#5485,#5537,#5539,.T.);
#5537 = VERTEX_POINT('',#5538);
#5538 = CARTESIAN_POINT('',(75.752726510067,21.4,3.034815436242));
#5539 = B_SPLINE_CURVE_WITH_KNOTS('',2,(#5540,#5541,#5542),
  .UNSPECIFIED.,.F.,.F.,(3,3),(0.,1.),.PIECEWISE_BEZIER_KNOTS.);
#5540 = CARTESIAN_POINT('',(75.231963087248,21.4,4.226719798658));
#5541 = CARTESIAN_POINT('',(75.231963087248,21.4,3.465604026846));
#5542 = CARTESIAN_POINT('',(75.752726510067,21.4,3.034815436242));
#5543 = ORIENTED_EDGE('',*,*,#5494,.T.);
#5544 = ORIENTED_EDGE('',*,*,#1390,.F.);
#5545 = ORIENTED_EDGE('',*,*,#5546,.F.);
#5546 = EDGE_CURVE('',#5537,#1369,#5547,.T.);
#5547 = LINE('',#5548,#5549);
#5548 = CARTESIAN_POINT('',(75.752726510067,21.4,3.034815436242));
#5549 = VECTOR('',#5550,1.);
#5550 = DIRECTION('',(0.,1.,0.));
#5551 = SURFACE_OF_LINEAR_EXTRUSION('',#5552,#5556);
#5552 = B_SPLINE_CURVE_WITH_KNOTS('',2,(#5553,#5554,#5555),
  .UNSPECIFIED.,.F.,.F.,(3,3),(0.,1.),.PIECEWISE_BEZIER_KNOTS.);
#5553 = CARTESIAN_POINT('',(75.231963087248,21.4,4.226719798658));
#5554 = CARTESIAN_POINT('',(75.231963087248,21.4,3.465604026846));
#5555 = CARTESIAN_POINT('',(75.752726510067,21.4,3.034815436242));
#5556 = VECTOR('',#5557,1.);
#5557 = DIRECTION('',(0.,-1.,-0.));
#5558 = ADVANCED_FACE('',(#5559),#5577,.F.);
#5559 = FACE_BOUND('',#5560,.F.);
#5560 = EDGE_LOOP('',(#5561,#5569,#5575,#5576));
#5561 = ORIENTED_EDGE('',*,*,#5562,.F.);
#5562 = EDGE_CURVE('',#5563,#5511,#5565,.T.);
#5563 = VERTEX_POINT('',#5564);
#5564 = CARTESIAN_POINT('',(78.768036912752,21.4,3.865771812081));
#5565 = B_SPLINE_CURVE_WITH_KNOTS('',2,(#5566,#5567,#5568),
  .UNSPECIFIED.,.F.,.F.,(3,3),(0.,1.),.PIECEWISE_BEZIER_KNOTS.);
#5566 = CARTESIAN_POINT('',(78.768036912752,21.4,3.865771812081));
#5567 = CARTESIAN_POINT('',(78.384228187919,21.4,3.644295302013));
#5568 = CARTESIAN_POINT('',(78.039848993289,21.4,3.53355704698));
#5569 = ORIENTED_EDGE('',*,*,#5570,.T.);
#5570 = EDGE_CURVE('',#5563,#1326,#5571,.T.);
#5571 = LINE('',#5572,#5573);
#5572 = CARTESIAN_POINT('',(78.768036912752,21.4,3.865771812081));
#5573 = VECTOR('',#5574,1.);
#5574 = DIRECTION('',(0.,1.,0.));
#5575 = ORIENTED_EDGE('',*,*,#1325,.F.);
#5576 = ORIENTED_EDGE('',*,*,#5518,.F.);
#5577 = SURFACE_OF_LINEAR_EXTRUSION('',#5578,#5582);
#5578 = B_SPLINE_CURVE_WITH_KNOTS('',2,(#5579,#5580,#5581),
  .UNSPECIFIED.,.F.,.F.,(3,3),(0.,1.),.PIECEWISE_BEZIER_KNOTS.);
#5579 = CARTESIAN_POINT('',(78.768036912752,21.4,3.865771812081));
#5580 = CARTESIAN_POINT('',(78.384228187919,21.4,3.644295302013));
#5581 = CARTESIAN_POINT('',(78.039848993289,21.4,3.53355704698));
#5582 = VECTOR('',#5583,1.);
#5583 = DIRECTION('',(0.,-1.,-0.));
#5584 = ADVANCED_FACE('',(#5585),#5603,.F.);
#5585 = FACE_BOUND('',#5586,.F.);
#5586 = EDGE_LOOP('',(#5587,#5595,#5596,#5597));
#5587 = ORIENTED_EDGE('',*,*,#5588,.F.);
#5588 = EDGE_CURVE('',#5537,#5589,#5591,.T.);
#5589 = VERTEX_POINT('',#5590);
#5590 = CARTESIAN_POINT('',(77.198196308725,21.4,2.604026845638));
#5591 = B_SPLINE_CURVE_WITH_KNOTS('',2,(#5592,#5593,#5594),
  .UNSPECIFIED.,.F.,.F.,(3,3),(0.,1.),.PIECEWISE_BEZIER_KNOTS.);
#5592 = CARTESIAN_POINT('',(75.752726510067,21.4,3.034815436242));
#5593 = CARTESIAN_POINT('',(76.273280201342,21.4,2.604026845638));
#5594 = CARTESIAN_POINT('',(77.198196308725,21.4,2.604026845638));
#5595 = ORIENTED_EDGE('',*,*,#5546,.T.);
#5596 = ORIENTED_EDGE('',*,*,#1368,.F.);
#5597 = ORIENTED_EDGE('',*,*,#5598,.F.);
#5598 = EDGE_CURVE('',#5589,#1356,#5599,.T.);
#5599 = LINE('',#5600,#5601);
#5600 = CARTESIAN_POINT('',(77.198196308725,21.4,2.604026845638));
#5601 = VECTOR('',#5602,1.);
#5602 = DIRECTION('',(0.,1.,0.));
#5603 = SURFACE_OF_LINEAR_EXTRUSION('',#5604,#5608);
#5604 = B_SPLINE_CURVE_WITH_KNOTS('',2,(#5605,#5606,#5607),
  .UNSPECIFIED.,.F.,.F.,(3,3),(0.,1.),.PIECEWISE_BEZIER_KNOTS.);
#5605 = CARTESIAN_POINT('',(75.752726510067,21.4,3.034815436242));
#5606 = CARTESIAN_POINT('',(76.273280201342,21.4,2.604026845638));
#5607 = CARTESIAN_POINT('',(77.198196308725,21.4,2.604026845638));
#5608 = VECTOR('',#5609,1.);
#5609 = DIRECTION('',(0.,-1.,-0.));
#5610 = ADVANCED_FACE('',(#5611),#5629,.F.);
#5611 = FACE_BOUND('',#5612,.F.);
#5612 = EDGE_LOOP('',(#5613,#5621,#5627,#5628));
#5613 = ORIENTED_EDGE('',*,*,#5614,.F.);
#5614 = EDGE_CURVE('',#5615,#5563,#5617,.T.);
#5615 = VERTEX_POINT('',#5616);
#5616 = CARTESIAN_POINT('',(78.768036912752,21.4,2.912751677852));
#5617 = LINE('',#5618,#5619);
#5618 = CARTESIAN_POINT('',(78.768036912752,21.4,2.912751677852));
#5619 = VECTOR('',#5620,1.);
#5620 = DIRECTION('',(0.,0.,1.));
#5621 = ORIENTED_EDGE('',*,*,#5622,.T.);
#5622 = EDGE_CURVE('',#5615,#1337,#5623,.T.);
#5623 = LINE('',#5624,#5625);
#5624 = CARTESIAN_POINT('',(78.768036912752,21.4,2.912751677852));
#5625 = VECTOR('',#5626,1.);
#5626 = DIRECTION('',(0.,1.,0.));
#5627 = ORIENTED_EDGE('',*,*,#1336,.T.);
#5628 = ORIENTED_EDGE('',*,*,#5570,.F.);
#5629 = PLANE('',#5630);
#5630 = AXIS2_PLACEMENT_3D('',#5631,#5632,#5633);
#5631 = CARTESIAN_POINT('',(78.768036912752,21.4,2.912751677852));
#5632 = DIRECTION('',(1.,0.,0.));
#5633 = DIRECTION('',(0.,0.,1.));
#5634 = ADVANCED_FACE('',(#5635),#5653,.F.);
#5635 = FACE_BOUND('',#5636,.F.);
#5636 = EDGE_LOOP('',(#5637,#5645,#5646,#5647));
#5637 = ORIENTED_EDGE('',*,*,#5638,.F.);
#5638 = EDGE_CURVE('',#5589,#5639,#5641,.T.);
#5639 = VERTEX_POINT('',#5640);
#5640 = CARTESIAN_POINT('',(77.989513422819,21.4,2.68057885906));
#5641 = B_SPLINE_CURVE_WITH_KNOTS('',2,(#5642,#5643,#5644),
  .UNSPECIFIED.,.F.,.F.,(3,3),(0.,1.),.PIECEWISE_BEZIER_KNOTS.);
#5642 = CARTESIAN_POINT('',(77.198196308725,21.4,2.604026845638));
#5643 = CARTESIAN_POINT('',(77.597734899329,21.4,2.604026845638));
#5644 = CARTESIAN_POINT('',(77.989513422819,21.4,2.68057885906));
#5645 = ORIENTED_EDGE('',*,*,#5598,.T.);
#5646 = ORIENTED_EDGE('',*,*,#1355,.F.);
#5647 = ORIENTED_EDGE('',*,*,#5648,.F.);
#5648 = EDGE_CURVE('',#5639,#1345,#5649,.T.);
#5649 = LINE('',#5650,#5651);
#5650 = CARTESIAN_POINT('',(77.989513422819,21.4,2.68057885906));
#5651 = VECTOR('',#5652,1.);
#5652 = DIRECTION('',(0.,1.,0.));
#5653 = SURFACE_OF_LINEAR_EXTRUSION('',#5654,#5658);
#5654 = B_SPLINE_CURVE_WITH_KNOTS('',2,(#5655,#5656,#5657),
  .UNSPECIFIED.,.F.,.F.,(3,3),(0.,1.),.PIECEWISE_BEZIER_KNOTS.);
#5655 = CARTESIAN_POINT('',(77.198196308725,21.4,2.604026845638));
#5656 = CARTESIAN_POINT('',(77.597734899329,21.4,2.604026845638));
#5657 = CARTESIAN_POINT('',(77.989513422819,21.4,2.68057885906));
#5658 = VECTOR('',#5659,1.);
#5659 = DIRECTION('',(0.,-1.,-0.));
#5660 = ADVANCED_FACE('',(#5661),#5672,.F.);
#5661 = FACE_BOUND('',#5662,.F.);
#5662 = EDGE_LOOP('',(#5663,#5669,#5670,#5671));
#5663 = ORIENTED_EDGE('',*,*,#5664,.F.);
#5664 = EDGE_CURVE('',#5639,#5615,#5665,.T.);
#5665 = B_SPLINE_CURVE_WITH_KNOTS('',2,(#5666,#5667,#5668),
  .UNSPECIFIED.,.F.,.F.,(3,3),(0.,1.),.PIECEWISE_BEZIER_KNOTS.);
#5666 = CARTESIAN_POINT('',(77.989513422819,21.4,2.68057885906));
#5667 = CARTESIAN_POINT('',(78.381082214765,21.4,2.75692114094));
#5668 = CARTESIAN_POINT('',(78.768036912752,21.4,2.912751677852));
#5669 = ORIENTED_EDGE('',*,*,#5648,.T.);
#5670 = ORIENTED_EDGE('',*,*,#1344,.F.);
#5671 = ORIENTED_EDGE('',*,*,#5622,.F.);
#5672 = SURFACE_OF_LINEAR_EXTRUSION('',#5673,#5677);
#5673 = B_SPLINE_CURVE_WITH_KNOTS('',2,(#5674,#5675,#5676),
  .UNSPECIFIED.,.F.,.F.,(3,3),(0.,1.),.PIECEWISE_BEZIER_KNOTS.);
#5674 = CARTESIAN_POINT('',(77.989513422819,21.4,2.68057885906));
#5675 = CARTESIAN_POINT('',(78.381082214765,21.4,2.75692114094));
#5676 = CARTESIAN_POINT('',(78.768036912752,21.4,2.912751677852));
#5677 = VECTOR('',#5678,1.);
#5678 = DIRECTION('',(0.,-1.,-0.));
#5679 = ADVANCED_FACE('',(#5680),#5705,.F.);
#5680 = FACE_BOUND('',#5681,.F.);
#5681 = EDGE_LOOP('',(#5682,#5692,#5698,#5699));
#5682 = ORIENTED_EDGE('',*,*,#5683,.F.);
#5683 = EDGE_CURVE('',#5684,#5686,#5688,.T.);
#5684 = VERTEX_POINT('',#5685);
#5685 = CARTESIAN_POINT('',(60.067638422819,21.4,7.348993288591));
#5686 = VERTEX_POINT('',#5687);
#5687 = CARTESIAN_POINT('',(58.721161912752,21.4,7.348993288591));
#5688 = LINE('',#5689,#5690);
#5689 = CARTESIAN_POINT('',(60.067638422819,21.4,7.348993288591));
#5690 = VECTOR('',#5691,1.);
#5691 = DIRECTION('',(-1.,0.,0.));
#5692 = ORIENTED_EDGE('',*,*,#5693,.T.);
#5693 = EDGE_CURVE('',#5684,#1499,#5694,.T.);
#5694 = LINE('',#5695,#5696);
#5695 = CARTESIAN_POINT('',(60.067638422819,21.4,7.348993288591));
#5696 = VECTOR('',#5697,1.);
#5697 = DIRECTION('',(0.,1.,0.));
#5698 = ORIENTED_EDGE('',*,*,#1498,.T.);
#5699 = ORIENTED_EDGE('',*,*,#5700,.F.);
#5700 = EDGE_CURVE('',#5686,#1501,#5701,.T.);
#5701 = LINE('',#5702,#5703);
#5702 = CARTESIAN_POINT('',(58.721161912752,21.4,7.348993288591));
#5703 = VECTOR('',#5704,1.);
#5704 = DIRECTION('',(0.,1.,0.));
#5705 = PLANE('',#5706);
#5706 = AXIS2_PLACEMENT_3D('',#5707,#5708,#5709);
#5707 = CARTESIAN_POINT('',(60.067638422819,21.4,7.348993288591));
#5708 = DIRECTION('',(0.,0.,1.));
#5709 = DIRECTION('',(-1.,0.,0.));
#5710 = ADVANCED_FACE('',(#5711),#5729,.F.);
#5711 = FACE_BOUND('',#5712,.F.);
#5712 = EDGE_LOOP('',(#5713,#5721,#5727,#5728));
#5713 = ORIENTED_EDGE('',*,*,#5714,.F.);
#5714 = EDGE_CURVE('',#5715,#5684,#5717,.T.);
#5715 = VERTEX_POINT('',#5716);
#5716 = CARTESIAN_POINT('',(61.948930369128,21.4,4.547609060403));
#5717 = LINE('',#5718,#5719);
#5718 = CARTESIAN_POINT('',(61.948930369128,21.4,4.547609060403));
#5719 = VECTOR('',#5720,1.);
#5720 = DIRECTION('',(-0.557508237146,0.,0.830171407309));
#5721 = ORIENTED_EDGE('',*,*,#5722,.T.);
#5722 = EDGE_CURVE('',#5715,#1509,#5723,.T.);
#5723 = LINE('',#5724,#5725);
#5724 = CARTESIAN_POINT('',(61.948930369128,21.4,4.547609060403));
#5725 = VECTOR('',#5726,1.);
#5726 = DIRECTION('',(0.,1.,0.));
#5727 = ORIENTED_EDGE('',*,*,#1508,.T.);
#5728 = ORIENTED_EDGE('',*,*,#5693,.F.);
#5729 = PLANE('',#5730);
#5730 = AXIS2_PLACEMENT_3D('',#5731,#5732,#5733);
#5731 = CARTESIAN_POINT('',(61.948930369128,21.4,4.547609060403));
#5732 = DIRECTION('',(0.830171407309,0.,0.557508237146));
#5733 = DIRECTION('',(-0.557508237146,0.,0.830171407309));
#5734 = ADVANCED_FACE('',(#5735),#5753,.F.);
#5735 = FACE_BOUND('',#5736,.F.);
#5736 = EDGE_LOOP('',(#5737,#5745,#5746,#5747));
#5737 = ORIENTED_EDGE('',*,*,#5738,.F.);
#5738 = EDGE_CURVE('',#5686,#5739,#5741,.T.);
#5739 = VERTEX_POINT('',#5740);
#5740 = CARTESIAN_POINT('',(58.721161912752,21.4,4.38255033557));
#5741 = LINE('',#5742,#5743);
#5742 = CARTESIAN_POINT('',(58.721161912752,21.4,7.348993288591));
#5743 = VECTOR('',#5744,1.);
#5744 = DIRECTION('',(-0.,0.,-1.));
#5745 = ORIENTED_EDGE('',*,*,#5700,.T.);
#5746 = ORIENTED_EDGE('',*,*,#1580,.T.);
#5747 = ORIENTED_EDGE('',*,*,#5748,.F.);
#5748 = EDGE_CURVE('',#5739,#1573,#5749,.T.);
#5749 = LINE('',#5750,#5751);
#5750 = CARTESIAN_POINT('',(58.721161912752,21.4,4.38255033557));
#5751 = VECTOR('',#5752,1.);
#5752 = DIRECTION('',(0.,1.,0.));
#5753 = PLANE('',#5754);
#5754 = AXIS2_PLACEMENT_3D('',#5755,#5756,#5757);
#5755 = CARTESIAN_POINT('',(58.721161912752,21.4,7.348993288591));
#5756 = DIRECTION('',(-1.,0.,0.));
#5757 = DIRECTION('',(0.,0.,-1.));
#5758 = ADVANCED_FACE('',(#5759),#5777,.F.);
#5759 = FACE_BOUND('',#5760,.F.);
#5760 = EDGE_LOOP('',(#5761,#5769,#5775,#5776));
#5761 = ORIENTED_EDGE('',*,*,#5762,.F.);
#5762 = EDGE_CURVE('',#5763,#5715,#5765,.T.);
#5763 = VERTEX_POINT('',#5764);
#5764 = CARTESIAN_POINT('',(61.948930369128,21.4,3.510067114094));
#5765 = LINE('',#5766,#5767);
#5766 = CARTESIAN_POINT('',(61.948930369128,21.4,3.510067114094));
#5767 = VECTOR('',#5768,1.);
#5768 = DIRECTION('',(0.,0.,1.));
#5769 = ORIENTED_EDGE('',*,*,#5770,.T.);
#5770 = EDGE_CURVE('',#5763,#1517,#5771,.T.);
#5771 = LINE('',#5772,#5773);
#5772 = CARTESIAN_POINT('',(61.948930369128,21.4,3.510067114094));
#5773 = VECTOR('',#5774,1.);
#5774 = DIRECTION('',(0.,1.,0.));
#5775 = ORIENTED_EDGE('',*,*,#1516,.T.);
#5776 = ORIENTED_EDGE('',*,*,#5722,.F.);
#5777 = PLANE('',#5778);
#5778 = AXIS2_PLACEMENT_3D('',#5779,#5780,#5781);
#5779 = CARTESIAN_POINT('',(61.948930369128,21.4,3.510067114094));
#5780 = DIRECTION('',(1.,0.,0.));
#5781 = DIRECTION('',(0.,0.,1.));
#5782 = ADVANCED_FACE('',(#5783),#5801,.F.);
#5783 = FACE_BOUND('',#5784,.F.);
#5784 = EDGE_LOOP('',(#5785,#5793,#5794,#5795));
#5785 = ORIENTED_EDGE('',*,*,#5786,.F.);
#5786 = EDGE_CURVE('',#5739,#5787,#5789,.T.);
#5787 = VERTEX_POINT('',#5788);
#5788 = CARTESIAN_POINT('',(58.051069630872,21.4,4.38255033557));
#5789 = LINE('',#5790,#5791);
#5790 = CARTESIAN_POINT('',(58.721161912752,21.4,4.38255033557));
#5791 = VECTOR('',#5792,1.);
#5792 = DIRECTION('',(-1.,0.,0.));
#5793 = ORIENTED_EDGE('',*,*,#5748,.T.);
#5794 = ORIENTED_EDGE('',*,*,#1572,.T.);
#5795 = ORIENTED_EDGE('',*,*,#5796,.F.);
#5796 = EDGE_CURVE('',#5787,#1565,#5797,.T.);
#5797 = LINE('',#5798,#5799);
#5798 = CARTESIAN_POINT('',(58.051069630872,21.4,4.38255033557));
#5799 = VECTOR('',#5800,1.);
#5800 = DIRECTION('',(0.,1.,0.));
#5801 = PLANE('',#5802);
#5802 = AXIS2_PLACEMENT_3D('',#5803,#5804,#5805);
#5803 = CARTESIAN_POINT('',(58.721161912752,21.4,4.38255033557));
#5804 = DIRECTION('',(0.,0.,1.));
#5805 = DIRECTION('',(-1.,0.,0.));
#5806 = ADVANCED_FACE('',(#5807),#5825,.F.);
#5807 = FACE_BOUND('',#5808,.F.);
#5808 = EDGE_LOOP('',(#5809,#5817,#5823,#5824));
#5809 = ORIENTED_EDGE('',*,*,#5810,.F.);
#5810 = EDGE_CURVE('',#5811,#5763,#5813,.T.);
#5811 = VERTEX_POINT('',#5812);
#5812 = CARTESIAN_POINT('',(59.86629614094,21.4,3.510067114094));
#5813 = LINE('',#5814,#5815);
#5814 = CARTESIAN_POINT('',(59.86629614094,21.4,3.510067114094));
#5815 = VECTOR('',#5816,1.);
#5816 = DIRECTION('',(1.,0.,0.));
#5817 = ORIENTED_EDGE('',*,*,#5818,.T.);
#5818 = EDGE_CURVE('',#5811,#1525,#5819,.T.);
#5819 = LINE('',#5820,#5821);
#5820 = CARTESIAN_POINT('',(59.86629614094,21.4,3.510067114094));
#5821 = VECTOR('',#5822,1.);
#5822 = DIRECTION('',(0.,1.,0.));
#5823 = ORIENTED_EDGE('',*,*,#1524,.T.);
#5824 = ORIENTED_EDGE('',*,*,#5770,.F.);
#5825 = PLANE('',#5826);
#5826 = AXIS2_PLACEMENT_3D('',#5827,#5828,#5829);
#5827 = CARTESIAN_POINT('',(59.86629614094,21.4,3.510067114094));
#5828 = DIRECTION('',(0.,0.,-1.));
#5829 = DIRECTION('',(1.,0.,0.));
#5830 = ADVANCED_FACE('',(#5831),#5849,.F.);
#5831 = FACE_BOUND('',#5832,.F.);
#5832 = EDGE_LOOP('',(#5833,#5841,#5842,#5843));
#5833 = ORIENTED_EDGE('',*,*,#5834,.F.);
#5834 = EDGE_CURVE('',#5787,#5835,#5837,.T.);
#5835 = VERTEX_POINT('',#5836);
#5836 = CARTESIAN_POINT('',(58.051069630872,21.4,3.510067114094));
#5837 = LINE('',#5838,#5839);
#5838 = CARTESIAN_POINT('',(58.051069630872,21.4,4.38255033557));
#5839 = VECTOR('',#5840,1.);
#5840 = DIRECTION('',(-0.,0.,-1.));
#5841 = ORIENTED_EDGE('',*,*,#5796,.T.);
#5842 = ORIENTED_EDGE('',*,*,#1564,.T.);
#5843 = ORIENTED_EDGE('',*,*,#5844,.F.);
#5844 = EDGE_CURVE('',#5835,#1557,#5845,.T.);
#5845 = LINE('',#5846,#5847);
#5846 = CARTESIAN_POINT('',(58.051069630872,21.4,3.510067114094));
#5847 = VECTOR('',#5848,1.);
#5848 = DIRECTION('',(0.,1.,0.));
#5849 = PLANE('',#5850);
#5850 = AXIS2_PLACEMENT_3D('',#5851,#5852,#5853);
#5851 = CARTESIAN_POINT('',(58.051069630872,21.4,4.38255033557));
#5852 = DIRECTION('',(-1.,0.,0.));
#5853 = DIRECTION('',(0.,0.,-1.));
#5854 = ADVANCED_FACE('',(#5855),#5873,.F.);
#5855 = FACE_BOUND('',#5856,.F.);
#5856 = EDGE_LOOP('',(#5857,#5865,#5871,#5872));
#5857 = ORIENTED_EDGE('',*,*,#5858,.F.);
#5858 = EDGE_CURVE('',#5859,#5811,#5861,.T.);
#5859 = VERTEX_POINT('',#5860);
#5860 = CARTESIAN_POINT('',(59.86629614094,21.4,2.651006711409));
#5861 = LINE('',#5862,#5863);
#5862 = CARTESIAN_POINT('',(59.86629614094,21.4,2.651006711409));
#5863 = VECTOR('',#5864,1.);
#5864 = DIRECTION('',(0.,0.,1.));
#5865 = ORIENTED_EDGE('',*,*,#5866,.T.);
#5866 = EDGE_CURVE('',#5859,#1533,#5867,.T.);
#5867 = LINE('',#5868,#5869);
#5868 = CARTESIAN_POINT('',(59.86629614094,21.4,2.651006711409));
#5869 = VECTOR('',#5870,1.);
#5870 = DIRECTION('',(0.,1.,0.));
#5871 = ORIENTED_EDGE('',*,*,#1532,.T.);
#5872 = ORIENTED_EDGE('',*,*,#5818,.F.);
#5873 = PLANE('',#5874);
#5874 = AXIS2_PLACEMENT_3D('',#5875,#5876,#5877);
#5875 = CARTESIAN_POINT('',(59.86629614094,21.4,2.651006711409));
#5876 = DIRECTION('',(1.,0.,0.));
#5877 = DIRECTION('',(0.,0.,1.));
#5878 = ADVANCED_FACE('',(#5879),#5897,.F.);
#5879 = FACE_BOUND('',#5880,.F.);
#5880 = EDGE_LOOP('',(#5881,#5889,#5890,#5891));
#5881 = ORIENTED_EDGE('',*,*,#5882,.F.);
#5882 = EDGE_CURVE('',#5835,#5883,#5885,.T.);
#5883 = VERTEX_POINT('',#5884);
#5884 = CARTESIAN_POINT('',(58.721161912752,21.4,3.510067114094));
#5885 = LINE('',#5886,#5887);
#5886 = CARTESIAN_POINT('',(58.051069630872,21.4,3.510067114094));
#5887 = VECTOR('',#5888,1.);
#5888 = DIRECTION('',(1.,0.,0.));
#5889 = ORIENTED_EDGE('',*,*,#5844,.T.);
#5890 = ORIENTED_EDGE('',*,*,#1556,.T.);
#5891 = ORIENTED_EDGE('',*,*,#5892,.F.);
#5892 = EDGE_CURVE('',#5883,#1549,#5893,.T.);
#5893 = LINE('',#5894,#5895);
#5894 = CARTESIAN_POINT('',(58.721161912752,21.4,3.510067114094));
#5895 = VECTOR('',#5896,1.);
#5896 = DIRECTION('',(0.,1.,0.));
#5897 = PLANE('',#5898);
#5898 = AXIS2_PLACEMENT_3D('',#5899,#5900,#5901);
#5899 = CARTESIAN_POINT('',(58.051069630872,21.4,3.510067114094));
#5900 = DIRECTION('',(0.,0.,-1.));
#5901 = DIRECTION('',(1.,0.,0.));
#5902 = ADVANCED_FACE('',(#5903),#5921,.F.);
#5903 = FACE_BOUND('',#5904,.F.);
#5904 = EDGE_LOOP('',(#5905,#5913,#5919,#5920));
#5905 = ORIENTED_EDGE('',*,*,#5906,.F.);
#5906 = EDGE_CURVE('',#5907,#5859,#5909,.T.);
#5907 = VERTEX_POINT('',#5908);
#5908 = CARTESIAN_POINT('',(58.721161912752,21.4,2.651006711409));
#5909 = LINE('',#5910,#5911);
#5910 = CARTESIAN_POINT('',(58.721161912752,21.4,2.651006711409));
#5911 = VECTOR('',#5912,1.);
#5912 = DIRECTION('',(1.,0.,0.));
#5913 = ORIENTED_EDGE('',*,*,#5914,.T.);
#5914 = EDGE_CURVE('',#5907,#1541,#5915,.T.);
#5915 = LINE('',#5916,#5917);
#5916 = CARTESIAN_POINT('',(58.721161912752,21.4,2.651006711409));
#5917 = VECTOR('',#5918,1.);
#5918 = DIRECTION('',(0.,1.,0.));
#5919 = ORIENTED_EDGE('',*,*,#1540,.T.);
#5920 = ORIENTED_EDGE('',*,*,#5866,.F.);
#5921 = PLANE('',#5922);
#5922 = AXIS2_PLACEMENT_3D('',#5923,#5924,#5925);
#5923 = CARTESIAN_POINT('',(58.721161912752,21.4,2.651006711409));
#5924 = DIRECTION('',(0.,0.,-1.));
#5925 = DIRECTION('',(1.,0.,0.));
#5926 = ADVANCED_FACE('',(#5927),#5938,.F.);
#5927 = FACE_BOUND('',#5928,.F.);
#5928 = EDGE_LOOP('',(#5929,#5935,#5936,#5937));
#5929 = ORIENTED_EDGE('',*,*,#5930,.F.);
#5930 = EDGE_CURVE('',#5883,#5907,#5931,.T.);
#5931 = LINE('',#5932,#5933);
#5932 = CARTESIAN_POINT('',(58.721161912752,21.4,3.510067114094));
#5933 = VECTOR('',#5934,1.);
#5934 = DIRECTION('',(-0.,0.,-1.));
#5935 = ORIENTED_EDGE('',*,*,#5892,.T.);
#5936 = ORIENTED_EDGE('',*,*,#1548,.T.);
#5937 = ORIENTED_EDGE('',*,*,#5914,.F.);
#5938 = PLANE('',#5939);
#5939 = AXIS2_PLACEMENT_3D('',#5940,#5941,#5942);
#5940 = CARTESIAN_POINT('',(58.721161912752,21.4,3.510067114094));
#5941 = DIRECTION('',(-1.,0.,0.));
#5942 = DIRECTION('',(0.,0.,-1.));
#5943 = ADVANCED_FACE('',(#5944),#5969,.F.);
#5944 = FACE_BOUND('',#5945,.F.);
#5945 = EDGE_LOOP('',(#5946,#5956,#5962,#5963));
#5946 = ORIENTED_EDGE('',*,*,#5947,.F.);
#5947 = EDGE_CURVE('',#5948,#5950,#5952,.T.);
#5948 = VERTEX_POINT('',#5949);
#5949 = CARTESIAN_POINT('',(41.47745385906,21.4,4.760696308725));
#5950 = VERTEX_POINT('',#5951);
#5951 = CARTESIAN_POINT('',(41.230390100671,21.4,3.988464765101));
#5952 = B_SPLINE_CURVE_WITH_KNOTS('',2,(#5953,#5954,#5955),
  .UNSPECIFIED.,.F.,.F.,(3,3),(0.,1.),.PIECEWISE_BEZIER_KNOTS.);
#5953 = CARTESIAN_POINT('',(41.47745385906,21.4,4.760696308725));
#5954 = CARTESIAN_POINT('',(41.230390100671,21.4,4.457214765101));
#5955 = CARTESIAN_POINT('',(41.230390100671,21.4,3.988464765101));
#5956 = ORIENTED_EDGE('',*,*,#5957,.T.);
#5957 = EDGE_CURVE('',#5948,#1591,#5958,.T.);
#5958 = LINE('',#5959,#5960);
#5959 = CARTESIAN_POINT('',(41.47745385906,21.4,4.760696308725));
#5960 = VECTOR('',#5961,1.);
#5961 = DIRECTION('',(0.,1.,0.));
#5962 = ORIENTED_EDGE('',*,*,#1588,.F.);
#5963 = ORIENTED_EDGE('',*,*,#5964,.F.);
#5964 = EDGE_CURVE('',#5950,#1589,#5965,.T.);
#5965 = LINE('',#5966,#5967);
#5966 = CARTESIAN_POINT('',(41.230390100671,21.4,3.988464765101));
#5967 = VECTOR('',#5968,1.);
#5968 = DIRECTION('',(0.,1.,0.));
#5969 = SURFACE_OF_LINEAR_EXTRUSION('',#5970,#5974);
#5970 = B_SPLINE_CURVE_WITH_KNOTS('',2,(#5971,#5972,#5973),
  .UNSPECIFIED.,.F.,.F.,(3,3),(0.,1.),.PIECEWISE_BEZIER_KNOTS.);
#5971 = CARTESIAN_POINT('',(41.47745385906,21.4,4.760696308725));
#5972 = CARTESIAN_POINT('',(41.230390100671,21.4,4.457214765101));
#5973 = CARTESIAN_POINT('',(41.230390100671,21.4,3.988464765101));
#5974 = VECTOR('',#5975,1.);
#5975 = DIRECTION('',(0.,-1.,-0.));
#5976 = ADVANCED_FACE('',(#5977),#5995,.F.);
#5977 = FACE_BOUND('',#5978,.F.);
#5978 = EDGE_LOOP('',(#5979,#5987,#5988,#5989));
#5979 = ORIENTED_EDGE('',*,*,#5980,.F.);
#5980 = EDGE_CURVE('',#5950,#5981,#5983,.T.);
#5981 = VERTEX_POINT('',#5982);
#5982 = CARTESIAN_POINT('',(41.765205536913,21.4,2.927013422819));
#5983 = B_SPLINE_CURVE_WITH_KNOTS('',2,(#5984,#5985,#5986),
  .UNSPECIFIED.,.F.,.F.,(3,3),(0.,1.),.PIECEWISE_BEZIER_KNOTS.);
#5984 = CARTESIAN_POINT('',(41.230390100671,21.4,3.988464765101));
#5985 = CARTESIAN_POINT('',(41.230390100671,21.4,3.290268456376));
#5986 = CARTESIAN_POINT('',(41.765205536913,21.4,2.927013422819));
#5987 = ORIENTED_EDGE('',*,*,#5964,.T.);
#5988 = ORIENTED_EDGE('',*,*,#1951,.F.);
#5989 = ORIENTED_EDGE('',*,*,#5990,.F.);
#5990 = EDGE_CURVE('',#5981,#1935,#5991,.T.);
#5991 = LINE('',#5992,#5993);
#5992 = CARTESIAN_POINT('',(41.765205536913,21.4,2.927013422819));
#5993 = VECTOR('',#5994,1.);
#5994 = DIRECTION('',(0.,1.,0.));
#5995 = SURFACE_OF_LINEAR_EXTRUSION('',#5996,#6000);
#5996 = B_SPLINE_CURVE_WITH_KNOTS('',2,(#5997,#5998,#5999),
  .UNSPECIFIED.,.F.,.F.,(3,3),(0.,1.),.PIECEWISE_BEZIER_KNOTS.);
#5997 = CARTESIAN_POINT('',(41.230390100671,21.4,3.988464765101));
#5998 = CARTESIAN_POINT('',(41.230390100671,21.4,3.290268456376));
#5999 = CARTESIAN_POINT('',(41.765205536913,21.4,2.927013422819));
#6000 = VECTOR('',#6001,1.);
#6001 = DIRECTION('',(0.,-1.,-0.));
#6002 = ADVANCED_FACE('',(#6003),#6021,.F.);
#6003 = FACE_BOUND('',#6004,.F.);
#6004 = EDGE_LOOP('',(#6005,#6013,#6019,#6020));
#6005 = ORIENTED_EDGE('',*,*,#6006,.F.);
#6006 = EDGE_CURVE('',#6007,#5948,#6009,.T.);
#6007 = VERTEX_POINT('',#6008);
#6008 = CARTESIAN_POINT('',(42.199349832215,21.4,5.186870805369));
#6009 = B_SPLINE_CURVE_WITH_KNOTS('',2,(#6010,#6011,#6012),
  .UNSPECIFIED.,.F.,.F.,(3,3),(0.,1.),.PIECEWISE_BEZIER_KNOTS.);
#6010 = CARTESIAN_POINT('',(42.199349832215,21.4,5.186870805369));
#6011 = CARTESIAN_POINT('',(41.724307885906,21.4,5.064177852349));
#6012 = CARTESIAN_POINT('',(41.47745385906,21.4,4.760696308725));
#6013 = ORIENTED_EDGE('',*,*,#6014,.T.);
#6014 = EDGE_CURVE('',#6007,#1608,#6015,.T.);
#6015 = LINE('',#6016,#6017);
#6016 = CARTESIAN_POINT('',(42.199349832215,21.4,5.186870805369));
#6017 = VECTOR('',#6018,1.);
#6018 = DIRECTION('',(0.,1.,0.));
#6019 = ORIENTED_EDGE('',*,*,#1607,.F.);
#6020 = ORIENTED_EDGE('',*,*,#5957,.F.);
#6021 = SURFACE_OF_LINEAR_EXTRUSION('',#6022,#6026);
#6022 = B_SPLINE_CURVE_WITH_KNOTS('',2,(#6023,#6024,#6025),
  .UNSPECIFIED.,.F.,.F.,(3,3),(0.,1.),.PIECEWISE_BEZIER_KNOTS.);
#6023 = CARTESIAN_POINT('',(42.199349832215,21.4,5.186870805369));
#6024 = CARTESIAN_POINT('',(41.724307885906,21.4,5.064177852349));
#6025 = CARTESIAN_POINT('',(41.47745385906,21.4,4.760696308725));
#6026 = VECTOR('',#6027,1.);
#6027 = DIRECTION('',(0.,-1.,-0.));
#6028 = ADVANCED_FACE('',(#6029),#6047,.F.);
#6029 = FACE_BOUND('',#6030,.F.);
#6030 = EDGE_LOOP('',(#6031,#6039,#6040,#6041));
#6031 = ORIENTED_EDGE('',*,*,#6032,.F.);
#6032 = EDGE_CURVE('',#5981,#6033,#6035,.T.);
#6033 = VERTEX_POINT('',#6034);
#6034 = CARTESIAN_POINT('',(43.325608221477,21.4,2.563758389262));
#6035 = B_SPLINE_CURVE_WITH_KNOTS('',2,(#6036,#6037,#6038),
  .UNSPECIFIED.,.F.,.F.,(3,3),(0.,1.),.PIECEWISE_BEZIER_KNOTS.);
#6036 = CARTESIAN_POINT('',(41.765205536913,21.4,2.927013422819));
#6037 = CARTESIAN_POINT('',(42.300020973154,21.4,2.563758389262));
#6038 = CARTESIAN_POINT('',(43.325608221477,21.4,2.563758389262));
#6039 = ORIENTED_EDGE('',*,*,#5990,.T.);
#6040 = ORIENTED_EDGE('',*,*,#1934,.F.);
#6041 = ORIENTED_EDGE('',*,*,#6042,.F.);
#6042 = EDGE_CURVE('',#6033,#1925,#6043,.T.);
#6043 = LINE('',#6044,#6045);
#6044 = CARTESIAN_POINT('',(43.325608221477,21.4,2.563758389262));
#6045 = VECTOR('',#6046,1.);
#6046 = DIRECTION('',(0.,1.,0.));
#6047 = SURFACE_OF_LINEAR_EXTRUSION('',#6048,#6052);
#6048 = B_SPLINE_CURVE_WITH_KNOTS('',2,(#6049,#6050,#6051),
  .UNSPECIFIED.,.F.,.F.,(3,3),(0.,1.),.PIECEWISE_BEZIER_KNOTS.);
#6049 = CARTESIAN_POINT('',(41.765205536913,21.4,2.927013422819));
#6050 = CARTESIAN_POINT('',(42.300020973154,21.4,2.563758389262));
#6051 = CARTESIAN_POINT('',(43.325608221477,21.4,2.563758389262));
#6052 = VECTOR('',#6053,1.);
#6053 = DIRECTION('',(0.,-1.,-0.));
#6054 = ADVANCED_FACE('',(#6055),#6073,.F.);
#6055 = FACE_BOUND('',#6056,.F.);
#6056 = EDGE_LOOP('',(#6057,#6065,#6071,#6072));
#6057 = ORIENTED_EDGE('',*,*,#6058,.F.);
#6058 = EDGE_CURVE('',#6059,#6007,#6061,.T.);
#6059 = VERTEX_POINT('',#6060);
#6060 = CARTESIAN_POINT('',(41.557571308725,21.4,5.556417785235));
#6061 = B_SPLINE_CURVE_WITH_KNOTS('',2,(#6062,#6063,#6064),
  .UNSPECIFIED.,.F.,.F.,(3,3),(0.,1.),.PIECEWISE_BEZIER_KNOTS.);
#6062 = CARTESIAN_POINT('',(41.557571308725,21.4,5.556417785235));
#6063 = CARTESIAN_POINT('',(41.774643456376,21.4,5.293833892617));
#6064 = CARTESIAN_POINT('',(42.199349832215,21.4,5.186870805369));
#6065 = ORIENTED_EDGE('',*,*,#6066,.T.);
#6066 = EDGE_CURVE('',#6059,#1623,#6067,.T.);
#6067 = LINE('',#6068,#6069);
#6068 = CARTESIAN_POINT('',(41.557571308725,21.4,5.556417785235));
#6069 = VECTOR('',#6070,1.);
#6070 = DIRECTION('',(0.,1.,0.));
#6071 = ORIENTED_EDGE('',*,*,#1622,.F.);
#6072 = ORIENTED_EDGE('',*,*,#6014,.F.);
#6073 = SURFACE_OF_LINEAR_EXTRUSION('',#6074,#6078);
#6074 = B_SPLINE_CURVE_WITH_KNOTS('',2,(#6075,#6076,#6077),
  .UNSPECIFIED.,.F.,.F.,(3,3),(0.,1.),.PIECEWISE_BEZIER_KNOTS.);
#6075 = CARTESIAN_POINT('',(41.557571308725,21.4,5.556417785235));
#6076 = CARTESIAN_POINT('',(41.774643456376,21.4,5.293833892617));
#6077 = CARTESIAN_POINT('',(42.199349832215,21.4,5.186870805369));
#6078 = VECTOR('',#6079,1.);
#6079 = DIRECTION('',(0.,-1.,-0.));
#6080 = ADVANCED_FACE('',(#6081),#6099,.F.);
#6081 = FACE_BOUND('',#6082,.F.);
#6082 = EDGE_LOOP('',(#6083,#6091,#6092,#6093));
#6083 = ORIENTED_EDGE('',*,*,#6084,.F.);
#6084 = EDGE_CURVE('',#6033,#6085,#6087,.T.);
#6085 = VERTEX_POINT('',#6086);
#6086 = CARTESIAN_POINT('',(44.050859899329,21.4,2.620805369128));
#6087 = B_SPLINE_CURVE_WITH_KNOTS('',2,(#6088,#6089,#6090),
  .UNSPECIFIED.,.F.,.F.,(3,3),(0.,1.),.PIECEWISE_BEZIER_KNOTS.);
#6088 = CARTESIAN_POINT('',(43.325608221477,21.4,2.563758389262));
#6089 = CARTESIAN_POINT('',(43.687395134228,21.4,2.563758389262));
#6090 = CARTESIAN_POINT('',(44.050859899329,21.4,2.620805369128));
#6091 = ORIENTED_EDGE('',*,*,#6042,.T.);
#6092 = ORIENTED_EDGE('',*,*,#1924,.F.);
#6093 = ORIENTED_EDGE('',*,*,#6094,.F.);
#6094 = EDGE_CURVE('',#6085,#1915,#6095,.T.);
#6095 = LINE('',#6096,#6097);
#6096 = CARTESIAN_POINT('',(44.050859899329,21.4,2.620805369128));
#6097 = VECTOR('',#6098,1.);
#6098 = DIRECTION('',(0.,1.,0.));
#6099 = SURFACE_OF_LINEAR_EXTRUSION('',#6100,#6104);
#6100 = B_SPLINE_CURVE_WITH_KNOTS('',2,(#6101,#6102,#6103),
  .UNSPECIFIED.,.F.,.F.,(3,3),(0.,1.),.PIECEWISE_BEZIER_KNOTS.);
#6101 = CARTESIAN_POINT('',(43.325608221477,21.4,2.563758389262));
#6102 = CARTESIAN_POINT('',(43.687395134228,21.4,2.563758389262));
#6103 = CARTESIAN_POINT('',(44.050859899329,21.4,2.620805369128));
#6104 = VECTOR('',#6105,1.);
#6105 = DIRECTION('',(0.,-1.,-0.));
#6106 = ADVANCED_FACE('',(#6107),#6125,.F.);
#6107 = FACE_BOUND('',#6108,.F.);
#6108 = EDGE_LOOP('',(#6109,#6117,#6123,#6124));
#6109 = ORIENTED_EDGE('',*,*,#6110,.F.);
#6110 = EDGE_CURVE('',#6111,#6059,#6113,.T.);
#6111 = VERTEX_POINT('',#6112);
#6112 = CARTESIAN_POINT('',(41.340499161074,21.4,6.231333892617));
#6113 = B_SPLINE_CURVE_WITH_KNOTS('',2,(#6114,#6115,#6116),
  .UNSPECIFIED.,.F.,.F.,(3,3),(0.,1.),.PIECEWISE_BEZIER_KNOTS.);
#6114 = CARTESIAN_POINT('',(41.340499161074,21.4,6.231333892617));
#6115 = CARTESIAN_POINT('',(41.340499161074,21.4,5.819211409396));
#6116 = CARTESIAN_POINT('',(41.557571308725,21.4,5.556417785235));
#6117 = ORIENTED_EDGE('',*,*,#6118,.T.);
#6118 = EDGE_CURVE('',#6111,#1638,#6119,.T.);
#6119 = LINE('',#6120,#6121);
#6120 = CARTESIAN_POINT('',(41.340499161074,21.4,6.231333892617));
#6121 = VECTOR('',#6122,1.);
#6122 = DIRECTION('',(0.,1.,0.));
#6123 = ORIENTED_EDGE('',*,*,#1637,.F.);
#6124 = ORIENTED_EDGE('',*,*,#6066,.F.);
#6125 = SURFACE_OF_LINEAR_EXTRUSION('',#6126,#6130);
#6126 = B_SPLINE_CURVE_WITH_KNOTS('',2,(#6127,#6128,#6129),
  .UNSPECIFIED.,.F.,.F.,(3,3),(0.,1.),.PIECEWISE_BEZIER_KNOTS.);
#6127 = CARTESIAN_POINT('',(41.340499161074,21.4,6.231333892617));
#6128 = CARTESIAN_POINT('',(41.340499161074,21.4,5.819211409396));
#6129 = CARTESIAN_POINT('',(41.557571308725,21.4,5.556417785235));
#6130 = VECTOR('',#6131,1.);
#6131 = DIRECTION('',(0.,-1.,-0.));
#6132 = ADVANCED_FACE('',(#6133),#6151,.F.);
#6133 = FACE_BOUND('',#6134,.F.);
#6134 = EDGE_LOOP('',(#6135,#6143,#6144,#6145));
#6135 = ORIENTED_EDGE('',*,*,#6136,.F.);
#6136 = EDGE_CURVE('',#6085,#6137,#6139,.T.);
#6137 = VERTEX_POINT('',#6138);
#6138 = CARTESIAN_POINT('',(44.769609899329,21.4,2.791946308725));
#6139 = B_SPLINE_CURVE_WITH_KNOTS('',2,(#6140,#6141,#6142),
  .UNSPECIFIED.,.F.,.F.,(3,3),(0.,1.),.PIECEWISE_BEZIER_KNOTS.);
#6140 = CARTESIAN_POINT('',(44.050859899329,21.4,2.620805369128));
#6141 = CARTESIAN_POINT('',(44.414114932886,21.4,2.677852348993));
#6142 = CARTESIAN_POINT('',(44.769609899329,21.4,2.791946308725));
#6143 = ORIENTED_EDGE('',*,*,#6094,.T.);
#6144 = ORIENTED_EDGE('',*,*,#1914,.F.);
#6145 = ORIENTED_EDGE('',*,*,#6146,.F.);
#6146 = EDGE_CURVE('',#6137,#1907,#6147,.T.);
#6147 = LINE('',#6148,#6149);
#6148 = CARTESIAN_POINT('',(44.769609899329,21.4,2.791946308725));
#6149 = VECTOR('',#6150,1.);
#6150 = DIRECTION('',(0.,1.,0.));
#6151 = SURFACE_OF_LINEAR_EXTRUSION('',#6152,#6156);
#6152 = B_SPLINE_CURVE_WITH_KNOTS('',2,(#6153,#6154,#6155),
  .UNSPECIFIED.,.F.,.F.,(3,3),(0.,1.),.PIECEWISE_BEZIER_KNOTS.);
#6153 = CARTESIAN_POINT('',(44.050859899329,21.4,2.620805369128));
#6154 = CARTESIAN_POINT('',(44.414114932886,21.4,2.677852348993));
#6155 = CARTESIAN_POINT('',(44.769609899329,21.4,2.791946308725));
#6156 = VECTOR('',#6157,1.);
#6157 = DIRECTION('',(0.,-1.,-0.));
#6158 = ADVANCED_FACE('',(#6159),#6177,.F.);
#6159 = FACE_BOUND('',#6160,.F.);
#6160 = EDGE_LOOP('',(#6161,#6169,#6175,#6176));
#6161 = ORIENTED_EDGE('',*,*,#6162,.F.);
#6162 = EDGE_CURVE('',#6163,#6111,#6165,.T.);
#6163 = VERTEX_POINT('',#6164);
#6164 = CARTESIAN_POINT('',(41.795197147651,21.4,7.135696308725));
#6165 = B_SPLINE_CURVE_WITH_KNOTS('',2,(#6166,#6167,#6168),
  .UNSPECIFIED.,.F.,.F.,(3,3),(0.,1.),.PIECEWISE_BEZIER_KNOTS.);
#6166 = CARTESIAN_POINT('',(41.795197147651,21.4,7.135696308725));
#6167 = CARTESIAN_POINT('',(41.340499161074,21.4,6.835360738255));
#6168 = CARTESIAN_POINT('',(41.340499161074,21.4,6.231333892617));
#6169 = ORIENTED_EDGE('',*,*,#6170,.T.);
#6170 = EDGE_CURVE('',#6163,#1655,#6171,.T.);
#6171 = LINE('',#6172,#6173);
#6172 = CARTESIAN_POINT('',(41.795197147651,21.4,7.135696308725));
#6173 = VECTOR('',#6174,1.);
#6174 = DIRECTION('',(0.,1.,0.));
#6175 = ORIENTED_EDGE('',*,*,#1654,.F.);
#6176 = ORIENTED_EDGE('',*,*,#6118,.F.);
#6177 = SURFACE_OF_LINEAR_EXTRUSION('',#6178,#6182);
#6178 = B_SPLINE_CURVE_WITH_KNOTS('',2,(#6179,#6180,#6181),
  .UNSPECIFIED.,.F.,.F.,(3,3),(0.,1.),.PIECEWISE_BEZIER_KNOTS.);
#6179 = CARTESIAN_POINT('',(41.795197147651,21.4,7.135696308725));
#6180 = CARTESIAN_POINT('',(41.340499161074,21.4,6.835360738255));
#6181 = CARTESIAN_POINT('',(41.340499161074,21.4,6.231333892617));
#6182 = VECTOR('',#6183,1.);
#6183 = DIRECTION('',(0.,-1.,-0.));
#6184 = ADVANCED_FACE('',(#6185),#6203,.F.);
#6185 = FACE_BOUND('',#6186,.F.);
#6186 = EDGE_LOOP('',(#6187,#6195,#6196,#6197));
#6187 = ORIENTED_EDGE('',*,*,#6188,.F.);
#6188 = EDGE_CURVE('',#6137,#6189,#6191,.T.);
#6189 = VERTEX_POINT('',#6190);
#6190 = CARTESIAN_POINT('',(44.769609899329,21.4,3.731543624161));
#6191 = LINE('',#6192,#6193);
#6192 = CARTESIAN_POINT('',(44.769609899329,21.4,2.791946308725));
#6193 = VECTOR('',#6194,1.);
#6194 = DIRECTION('',(0.,0.,1.));
#6195 = ORIENTED_EDGE('',*,*,#6146,.T.);
#6196 = ORIENTED_EDGE('',*,*,#1906,.T.);
#6197 = ORIENTED_EDGE('',*,*,#6198,.F.);
#6198 = EDGE_CURVE('',#6189,#1896,#6199,.T.);
#6199 = LINE('',#6200,#6201);
#6200 = CARTESIAN_POINT('',(44.769609899329,21.4,3.731543624161));
#6201 = VECTOR('',#6202,1.);
#6202 = DIRECTION('',(0.,1.,0.));
#6203 = PLANE('',#6204);
#6204 = AXIS2_PLACEMENT_3D('',#6205,#6206,#6207);
#6205 = CARTESIAN_POINT('',(44.769609899329,21.4,2.791946308725));
#6206 = DIRECTION('',(1.,0.,0.));
#6207 = DIRECTION('',(0.,0.,1.));
#6208 = ADVANCED_FACE('',(#6209),#6227,.F.);
#6209 = FACE_BOUND('',#6210,.F.);
#6210 = EDGE_LOOP('',(#6211,#6219,#6225,#6226));
#6211 = ORIENTED_EDGE('',*,*,#6212,.F.);
#6212 = EDGE_CURVE('',#6213,#6163,#6215,.T.);
#6213 = VERTEX_POINT('',#6214);
#6214 = CARTESIAN_POINT('',(43.165163590604,21.4,7.436241610738));
#6215 = B_SPLINE_CURVE_WITH_KNOTS('',2,(#6216,#6217,#6218),
  .UNSPECIFIED.,.F.,.F.,(3,3),(0.,1.),.PIECEWISE_BEZIER_KNOTS.);
#6216 = CARTESIAN_POINT('',(43.165163590604,21.4,7.436241610738));
#6217 = CARTESIAN_POINT('',(42.249685402685,21.4,7.436241610738));
#6218 = CARTESIAN_POINT('',(41.795197147651,21.4,7.135696308725));
#6219 = ORIENTED_EDGE('',*,*,#6220,.T.);
#6220 = EDGE_CURVE('',#6213,#1674,#6221,.T.);
#6221 = LINE('',#6222,#6223);
#6222 = CARTESIAN_POINT('',(43.165163590604,21.4,7.436241610738));
#6223 = VECTOR('',#6224,1.);
#6224 = DIRECTION('',(0.,1.,0.));
#6225 = ORIENTED_EDGE('',*,*,#1673,.F.);
#6226 = ORIENTED_EDGE('',*,*,#6170,.F.);
#6227 = SURFACE_OF_LINEAR_EXTRUSION('',#6228,#6232);
#6228 = B_SPLINE_CURVE_WITH_KNOTS('',2,(#6229,#6230,#6231),
  .UNSPECIFIED.,.F.,.F.,(3,3),(0.,1.),.PIECEWISE_BEZIER_KNOTS.);
#6229 = CARTESIAN_POINT('',(43.165163590604,21.4,7.436241610738));
#6230 = CARTESIAN_POINT('',(42.249685402685,21.4,7.436241610738));
#6231 = CARTESIAN_POINT('',(41.795197147651,21.4,7.135696308725));
#6232 = VECTOR('',#6233,1.);
#6233 = DIRECTION('',(0.,-1.,-0.));
#6234 = ADVANCED_FACE('',(#6235),#6253,.F.);
#6235 = FACE_BOUND('',#6236,.F.);
#6236 = EDGE_LOOP('',(#6237,#6245,#6246,#6247));
#6237 = ORIENTED_EDGE('',*,*,#6238,.F.);
#6238 = EDGE_CURVE('',#6189,#6239,#6241,.T.);
#6239 = VERTEX_POINT('',#6240);
#6240 = CARTESIAN_POINT('',(44.09490352349,21.4,3.470637583893));
#6241 = B_SPLINE_CURVE_WITH_KNOTS('',2,(#6242,#6243,#6244),
  .UNSPECIFIED.,.F.,.F.,(3,3),(0.,1.),.PIECEWISE_BEZIER_KNOTS.);
#6242 = CARTESIAN_POINT('',(44.769609899329,21.4,3.731543624161));
#6243 = CARTESIAN_POINT('',(44.429844798658,21.4,3.558724832215));
#6244 = CARTESIAN_POINT('',(44.09490352349,21.4,3.470637583893));
#6245 = ORIENTED_EDGE('',*,*,#6198,.T.);
#6246 = ORIENTED_EDGE('',*,*,#1895,.F.);
#6247 = ORIENTED_EDGE('',*,*,#6248,.F.);
#6248 = EDGE_CURVE('',#6239,#1885,#6249,.T.);
#6249 = LINE('',#6250,#6251);
#6250 = CARTESIAN_POINT('',(44.09490352349,21.4,3.470637583893));
#6251 = VECTOR('',#6252,1.);
#6252 = DIRECTION('',(0.,1.,0.));
#6253 = SURFACE_OF_LINEAR_EXTRUSION('',#6254,#6258);
#6254 = B_SPLINE_CURVE_WITH_KNOTS('',2,(#6255,#6256,#6257),
  .UNSPECIFIED.,.F.,.F.,(3,3),(0.,1.),.PIECEWISE_BEZIER_KNOTS.);
#6255 = CARTESIAN_POINT('',(44.769609899329,21.4,3.731543624161));
#6256 = CARTESIAN_POINT('',(44.429844798658,21.4,3.558724832215));
#6257 = CARTESIAN_POINT('',(44.09490352349,21.4,3.470637583893));
#6258 = VECTOR('',#6259,1.);
#6259 = DIRECTION('',(0.,-1.,-0.));
#6260 = ADVANCED_FACE('',(#6261),#6279,.F.);
#6261 = FACE_BOUND('',#6262,.F.);
#6262 = EDGE_LOOP('',(#6263,#6271,#6277,#6278));
#6263 = ORIENTED_EDGE('',*,*,#6264,.F.);
#6264 = EDGE_CURVE('',#6265,#6213,#6267,.T.);
#6265 = VERTEX_POINT('',#6266);
#6266 = CARTESIAN_POINT('',(43.857277684564,21.4,7.385906040268));
#6267 = B_SPLINE_CURVE_WITH_KNOTS('',2,(#6268,#6269,#6270),
  .UNSPECIFIED.,.F.,.F.,(3,3),(0.,1.),.PIECEWISE_BEZIER_KNOTS.);
#6268 = CARTESIAN_POINT('',(43.857277684564,21.4,7.385906040268));
#6269 = CARTESIAN_POINT('',(43.504928691275,21.4,7.436241610738));
#6270 = CARTESIAN_POINT('',(43.165163590604,21.4,7.436241610738));
#6271 = ORIENTED_EDGE('',*,*,#6272,.T.);
#6272 = EDGE_CURVE('',#6265,#1691,#6273,.T.);
#6273 = LINE('',#6274,#6275);
#6274 = CARTESIAN_POINT('',(43.857277684564,21.4,7.385906040268));
#6275 = VECTOR('',#6276,1.);
#6276 = DIRECTION('',(0.,1.,0.));
#6277 = ORIENTED_EDGE('',*,*,#1690,.F.);
#6278 = ORIENTED_EDGE('',*,*,#6220,.F.);
#6279 = SURFACE_OF_LINEAR_EXTRUSION('',#6280,#6284);
#6280 = B_SPLINE_CURVE_WITH_KNOTS('',2,(#6281,#6282,#6283),
  .UNSPECIFIED.,.F.,.F.,(3,3),(0.,1.),.PIECEWISE_BEZIER_KNOTS.);
#6281 = CARTESIAN_POINT('',(43.857277684564,21.4,7.385906040268));
#6282 = CARTESIAN_POINT('',(43.504928691275,21.4,7.436241610738));
#6283 = CARTESIAN_POINT('',(43.165163590604,21.4,7.436241610738));
#6284 = VECTOR('',#6285,1.);
#6285 = DIRECTION('',(0.,-1.,-0.));
#6286 = ADVANCED_FACE('',(#6287),#6305,.F.);
#6287 = FACE_BOUND('',#6288,.F.);
#6288 = EDGE_LOOP('',(#6289,#6297,#6298,#6299));
#6289 = ORIENTED_EDGE('',*,*,#6290,.F.);
#6290 = EDGE_CURVE('',#6239,#6291,#6293,.T.);
#6291 = VERTEX_POINT('',#6292);
#6292 = CARTESIAN_POINT('',(43.435717281879,21.4,3.38255033557));
#6293 = B_SPLINE_CURVE_WITH_KNOTS('',2,(#6294,#6295,#6296),
  .UNSPECIFIED.,.F.,.F.,(3,3),(0.,1.),.PIECEWISE_BEZIER_KNOTS.);
#6294 = CARTESIAN_POINT('',(44.09490352349,21.4,3.470637583893));
#6295 = CARTESIAN_POINT('',(43.759752516779,21.4,3.38255033557));
#6296 = CARTESIAN_POINT('',(43.435717281879,21.4,3.38255033557));
#6297 = ORIENTED_EDGE('',*,*,#6248,.T.);
#6298 = ORIENTED_EDGE('',*,*,#1884,.F.);
#6299 = ORIENTED_EDGE('',*,*,#6300,.F.);
#6300 = EDGE_CURVE('',#6291,#1870,#6301,.T.);
#6301 = LINE('',#6302,#6303);
#6302 = CARTESIAN_POINT('',(43.435717281879,21.4,3.38255033557));
#6303 = VECTOR('',#6304,1.);
#6304 = DIRECTION('',(0.,1.,0.));
#6305 = SURFACE_OF_LINEAR_EXTRUSION('',#6306,#6310);
#6306 = B_SPLINE_CURVE_WITH_KNOTS('',2,(#6307,#6308,#6309),
  .UNSPECIFIED.,.F.,.F.,(3,3),(0.,1.),.PIECEWISE_BEZIER_KNOTS.);
#6307 = CARTESIAN_POINT('',(44.09490352349,21.4,3.470637583893));
#6308 = CARTESIAN_POINT('',(43.759752516779,21.4,3.38255033557));
#6309 = CARTESIAN_POINT('',(43.435717281879,21.4,3.38255033557));
#6310 = VECTOR('',#6311,1.);
#6311 = DIRECTION('',(0.,-1.,-0.));
#6312 = ADVANCED_FACE('',(#6313),#6331,.F.);
#6313 = FACE_BOUND('',#6314,.F.);
#6314 = EDGE_LOOP('',(#6315,#6323,#6329,#6330));
#6315 = ORIENTED_EDGE('',*,*,#6316,.F.);
#6316 = EDGE_CURVE('',#6317,#6265,#6319,.T.);
#6317 = VERTEX_POINT('',#6318);
#6318 = CARTESIAN_POINT('',(44.56826761745,21.4,7.234899328859));
#6319 = B_SPLINE_CURVE_WITH_KNOTS('',2,(#6320,#6321,#6322),
  .UNSPECIFIED.,.F.,.F.,(3,3),(0.,1.),.PIECEWISE_BEZIER_KNOTS.);
#6320 = CARTESIAN_POINT('',(44.56826761745,21.4,7.234899328859));
#6321 = CARTESIAN_POINT('',(44.209626677852,21.4,7.335570469799));
#6322 = CARTESIAN_POINT('',(43.857277684564,21.4,7.385906040268));
#6323 = ORIENTED_EDGE('',*,*,#6324,.T.);
#6324 = EDGE_CURVE('',#6317,#1701,#6325,.T.);
#6325 = LINE('',#6326,#6327);
#6326 = CARTESIAN_POINT('',(44.56826761745,21.4,7.234899328859));
#6327 = VECTOR('',#6328,1.);
#6328 = DIRECTION('',(0.,1.,0.));
#6329 = ORIENTED_EDGE('',*,*,#1700,.F.);
#6330 = ORIENTED_EDGE('',*,*,#6272,.F.);
#6331 = SURFACE_OF_LINEAR_EXTRUSION('',#6332,#6336);
#6332 = B_SPLINE_CURVE_WITH_KNOTS('',2,(#6333,#6334,#6335),
  .UNSPECIFIED.,.F.,.F.,(3,3),(0.,1.),.PIECEWISE_BEZIER_KNOTS.);
#6333 = CARTESIAN_POINT('',(44.56826761745,21.4,7.234899328859));
#6334 = CARTESIAN_POINT('',(44.209626677852,21.4,7.335570469799));
#6335 = CARTESIAN_POINT('',(43.857277684564,21.4,7.385906040268));
#6336 = VECTOR('',#6337,1.);
#6337 = DIRECTION('',(0.,-1.,-0.));
#6338 = ADVANCED_FACE('',(#6339),#6357,.F.);
#6339 = FACE_BOUND('',#6340,.F.);
#6340 = EDGE_LOOP('',(#6341,#6349,#6350,#6351));
#6341 = ORIENTED_EDGE('',*,*,#6342,.F.);
#6342 = EDGE_CURVE('',#6291,#6343,#6345,.T.);
#6343 = VERTEX_POINT('',#6344);
#6344 = CARTESIAN_POINT('',(42.698091442953,21.4,3.549916107383));
#6345 = B_SPLINE_CURVE_WITH_KNOTS('',2,(#6346,#6347,#6348),
  .UNSPECIFIED.,.F.,.F.,(3,3),(0.,1.),.PIECEWISE_BEZIER_KNOTS.);
#6346 = CARTESIAN_POINT('',(43.435717281879,21.4,3.38255033557));
#6347 = CARTESIAN_POINT('',(42.954383389262,21.4,3.38255033557));
#6348 = CARTESIAN_POINT('',(42.698091442953,21.4,3.549916107383));
#6349 = ORIENTED_EDGE('',*,*,#6300,.T.);
#6350 = ORIENTED_EDGE('',*,*,#1869,.F.);
#6351 = ORIENTED_EDGE('',*,*,#6352,.F.);
#6352 = EDGE_CURVE('',#6343,#1855,#6353,.T.);
#6353 = LINE('',#6354,#6355);
#6354 = CARTESIAN_POINT('',(42.698091442953,21.4,3.549916107383));
#6355 = VECTOR('',#6356,1.);
#6356 = DIRECTION('',(0.,1.,0.));
#6357 = SURFACE_OF_LINEAR_EXTRUSION('',#6358,#6362);
#6358 = B_SPLINE_CURVE_WITH_KNOTS('',2,(#6359,#6360,#6361),
  .UNSPECIFIED.,.F.,.F.,(3,3),(0.,1.),.PIECEWISE_BEZIER_KNOTS.);
#6359 = CARTESIAN_POINT('',(43.435717281879,21.4,3.38255033557));
#6360 = CARTESIAN_POINT('',(42.954383389262,21.4,3.38255033557));
#6361 = CARTESIAN_POINT('',(42.698091442953,21.4,3.549916107383));
#6362 = VECTOR('',#6363,1.);
#6363 = DIRECTION('',(0.,-1.,-0.));
#6364 = ADVANCED_FACE('',(#6365),#6383,.F.);
#6365 = FACE_BOUND('',#6366,.F.);
#6366 = EDGE_LOOP('',(#6367,#6375,#6381,#6382));
#6367 = ORIENTED_EDGE('',*,*,#6368,.F.);
#6368 = EDGE_CURVE('',#6369,#6317,#6371,.T.);
#6369 = VERTEX_POINT('',#6370);
#6370 = CARTESIAN_POINT('',(44.56826761745,21.4,6.348993288591));
#6371 = LINE('',#6372,#6373);
#6372 = CARTESIAN_POINT('',(44.56826761745,21.4,6.348993288591));
#6373 = VECTOR('',#6374,1.);
#6374 = DIRECTION('',(0.,0.,1.));
#6375 = ORIENTED_EDGE('',*,*,#6376,.T.);
#6376 = EDGE_CURVE('',#6369,#1711,#6377,.T.);
#6377 = LINE('',#6378,#6379);
#6378 = CARTESIAN_POINT('',(44.56826761745,21.4,6.348993288591));
#6379 = VECTOR('',#6380,1.);
#6380 = DIRECTION('',(0.,1.,0.));
#6381 = ORIENTED_EDGE('',*,*,#1710,.T.);
#6382 = ORIENTED_EDGE('',*,*,#6324,.F.);
#6383 = PLANE('',#6384);
#6384 = AXIS2_PLACEMENT_3D('',#6385,#6386,#6387);
#6385 = CARTESIAN_POINT('',(44.56826761745,21.4,6.348993288591));
#6386 = DIRECTION('',(1.,0.,0.));
#6387 = DIRECTION('',(0.,0.,1.));
#6388 = ADVANCED_FACE('',(#6389),#6407,.F.);
#6389 = FACE_BOUND('',#6390,.F.);
#6390 = EDGE_LOOP('',(#6391,#6399,#6400,#6401));
#6391 = ORIENTED_EDGE('',*,*,#6392,.F.);
#6392 = EDGE_CURVE('',#6343,#6393,#6395,.T.);
#6393 = VERTEX_POINT('',#6394);
#6394 = CARTESIAN_POINT('',(42.441589765101,21.4,4.030411073826));
#6395 = B_SPLINE_CURVE_WITH_KNOTS('',2,(#6396,#6397,#6398),
  .UNSPECIFIED.,.F.,.F.,(3,3),(0.,1.),.PIECEWISE_BEZIER_KNOTS.);
#6396 = CARTESIAN_POINT('',(42.698091442953,21.4,3.549916107383));
#6397 = CARTESIAN_POINT('',(42.441589765101,21.4,3.717491610738));
#6398 = CARTESIAN_POINT('',(42.441589765101,21.4,4.030411073826));
#6399 = ORIENTED_EDGE('',*,*,#6352,.T.);
#6400 = ORIENTED_EDGE('',*,*,#1854,.F.);
#6401 = ORIENTED_EDGE('',*,*,#6402,.F.);
#6402 = EDGE_CURVE('',#6393,#1840,#6403,.T.);
#6403 = LINE('',#6404,#6405);
#6404 = CARTESIAN_POINT('',(42.441589765101,21.4,4.030411073826));
#6405 = VECTOR('',#6406,1.);
#6406 = DIRECTION('',(0.,1.,0.));
#6407 = SURFACE_OF_LINEAR_EXTRUSION('',#6408,#6412);
#6408 = B_SPLINE_CURVE_WITH_KNOTS('',2,(#6409,#6410,#6411),
  .UNSPECIFIED.,.F.,.F.,(3,3),(0.,1.),.PIECEWISE_BEZIER_KNOTS.);
#6409 = CARTESIAN_POINT('',(42.698091442953,21.4,3.549916107383));
#6410 = CARTESIAN_POINT('',(42.441589765101,21.4,3.717491610738));
#6411 = CARTESIAN_POINT('',(42.441589765101,21.4,4.030411073826));
#6412 = VECTOR('',#6413,1.);
#6413 = DIRECTION('',(0.,-1.,-0.));
#6414 = ADVANCED_FACE('',(#6415),#6433,.F.);
#6415 = FACE_BOUND('',#6416,.F.);
#6416 = EDGE_LOOP('',(#6417,#6425,#6431,#6432));
#6417 = ORIENTED_EDGE('',*,*,#6418,.F.);
#6418 = EDGE_CURVE('',#6419,#6369,#6421,.T.);
#6419 = VERTEX_POINT('',#6420);
#6420 = CARTESIAN_POINT('',(43.973678691275,21.4,6.539429530201));
#6421 = B_SPLINE_CURVE_WITH_KNOTS('',2,(#6422,#6423,#6424),
  .UNSPECIFIED.,.F.,.F.,(3,3),(0.,1.),.PIECEWISE_BEZIER_KNOTS.);
#6422 = CARTESIAN_POINT('',(43.973678691275,21.4,6.539429530201));
#6423 = CARTESIAN_POINT('',(44.27254614094,21.4,6.475041946309));
#6424 = CARTESIAN_POINT('',(44.56826761745,21.4,6.348993288591));
#6425 = ORIENTED_EDGE('',*,*,#6426,.T.);
#6426 = EDGE_CURVE('',#6419,#1719,#6427,.T.);
#6427 = LINE('',#6428,#6429);
#6428 = CARTESIAN_POINT('',(43.973678691275,21.4,6.539429530201));
#6429 = VECTOR('',#6430,1.);
#6430 = DIRECTION('',(0.,1.,0.));
#6431 = ORIENTED_EDGE('',*,*,#1718,.F.);
#6432 = ORIENTED_EDGE('',*,*,#6376,.F.);
#6433 = SURFACE_OF_LINEAR_EXTRUSION('',#6434,#6438);
#6434 = B_SPLINE_CURVE_WITH_KNOTS('',2,(#6435,#6436,#6437),
  .UNSPECIFIED.,.F.,.F.,(3,3),(0.,1.),.PIECEWISE_BEZIER_KNOTS.);
#6435 = CARTESIAN_POINT('',(43.973678691275,21.4,6.539429530201));
#6436 = CARTESIAN_POINT('',(44.27254614094,21.4,6.475041946309));
#6437 = CARTESIAN_POINT('',(44.56826761745,21.4,6.348993288591));
#6438 = VECTOR('',#6439,1.);
#6439 = DIRECTION('',(0.,-1.,-0.));
#6440 = ADVANCED_FACE('',(#6441),#6459,.F.);
#6441 = FACE_BOUND('',#6442,.F.);
#6442 = EDGE_LOOP('',(#6443,#6451,#6452,#6453));
#6443 = ORIENTED_EDGE('',*,*,#6444,.F.);
#6444 = EDGE_CURVE('',#6393,#6445,#6447,.T.);
#6445 = VERTEX_POINT('',#6446);
#6446 = CARTESIAN_POINT('',(42.704383389262,21.4,4.518666107383));
#6447 = B_SPLINE_CURVE_WITH_KNOTS('',2,(#6448,#6449,#6450),
  .UNSPECIFIED.,.F.,.F.,(3,3),(0.,1.),.PIECEWISE_BEZIER_KNOTS.);
#6448 = CARTESIAN_POINT('',(42.441589765101,21.4,4.030411073826));
#6449 = CARTESIAN_POINT('',(42.441589765101,21.4,4.352768456376));
#6450 = CARTESIAN_POINT('',(42.704383389262,21.4,4.518666107383));
#6451 = ORIENTED_EDGE('',*,*,#6402,.T.);
#6452 = ORIENTED_EDGE('',*,*,#1839,.F.);
#6453 = ORIENTED_EDGE('',*,*,#6454,.F.);
#6454 = EDGE_CURVE('',#6445,#1825,#6455,.T.);
#6455 = LINE('',#6456,#6457);
#6456 = CARTESIAN_POINT('',(42.704383389262,21.4,4.518666107383));
#6457 = VECTOR('',#6458,1.);
#6458 = DIRECTION('',(0.,1.,0.));
#6459 = SURFACE_OF_LINEAR_EXTRUSION('',#6460,#6464);
#6460 = B_SPLINE_CURVE_WITH_KNOTS('',2,(#6461,#6462,#6463),
  .UNSPECIFIED.,.F.,.F.,(3,3),(0.,1.),.PIECEWISE_BEZIER_KNOTS.);
#6461 = CARTESIAN_POINT('',(42.441589765101,21.4,4.030411073826));
#6462 = CARTESIAN_POINT('',(42.441589765101,21.4,4.352768456376));
#6463 = CARTESIAN_POINT('',(42.704383389262,21.4,4.518666107383));
#6464 = VECTOR('',#6465,1.);
#6465 = DIRECTION('',(0.,-1.,-0.));
#6466 = ADVANCED_FACE('',(#6467),#6485,.F.);
#6467 = FACE_BOUND('',#6468,.F.);
#6468 = EDGE_LOOP('',(#6469,#6477,#6483,#6484));
#6469 = ORIENTED_EDGE('',*,*,#6470,.F.);
#6470 = EDGE_CURVE('',#6471,#6419,#6473,.T.);
#6471 = VERTEX_POINT('',#6472);
#6472 = CARTESIAN_POINT('',(43.382235738255,21.4,6.604026845638));
#6473 = B_SPLINE_CURVE_WITH_KNOTS('',2,(#6474,#6475,#6476),
  .UNSPECIFIED.,.F.,.F.,(3,3),(0.,1.),.PIECEWISE_BEZIER_KNOTS.);
#6474 = CARTESIAN_POINT('',(43.382235738255,21.4,6.604026845638));
#6475 = CARTESIAN_POINT('',(43.674811241611,21.4,6.604026845638));
#6476 = CARTESIAN_POINT('',(43.973678691275,21.4,6.539429530201));
#6477 = ORIENTED_EDGE('',*,*,#6478,.T.);
#6478 = EDGE_CURVE('',#6471,#1730,#6479,.T.);
#6479 = LINE('',#6480,#6481);
#6480 = CARTESIAN_POINT('',(43.382235738255,21.4,6.604026845638));
#6481 = VECTOR('',#6482,1.);
#6482 = DIRECTION('',(0.,1.,0.));
#6483 = ORIENTED_EDGE('',*,*,#1729,.F.);
#6484 = ORIENTED_EDGE('',*,*,#6426,.F.);
#6485 = SURFACE_OF_LINEAR_EXTRUSION('',#6486,#6490);
#6486 = B_SPLINE_CURVE_WITH_KNOTS('',2,(#6487,#6488,#6489),
  .UNSPECIFIED.,.F.,.F.,(3,3),(0.,1.),.PIECEWISE_BEZIER_KNOTS.);
#6487 = CARTESIAN_POINT('',(43.382235738255,21.4,6.604026845638));
#6488 = CARTESIAN_POINT('',(43.674811241611,21.4,6.604026845638));
#6489 = CARTESIAN_POINT('',(43.973678691275,21.4,6.539429530201));
#6490 = VECTOR('',#6491,1.);
#6491 = DIRECTION('',(0.,-1.,-0.));
#6492 = ADVANCED_FACE('',(#6493),#6511,.F.);
#6493 = FACE_BOUND('',#6494,.F.);
#6494 = EDGE_LOOP('',(#6495,#6503,#6504,#6505));
#6495 = ORIENTED_EDGE('',*,*,#6496,.F.);
#6496 = EDGE_CURVE('',#6445,#6497,#6499,.T.);
#6497 = VERTEX_POINT('',#6498);
#6498 = CARTESIAN_POINT('',(43.47976090604,21.4,4.684563758389));
#6499 = B_SPLINE_CURVE_WITH_KNOTS('',2,(#6500,#6501,#6502),
  .UNSPECIFIED.,.F.,.F.,(3,3),(0.,1.),.PIECEWISE_BEZIER_KNOTS.);
#6500 = CARTESIAN_POINT('',(42.704383389262,21.4,4.518666107383));
#6501 = CARTESIAN_POINT('',(42.966967281879,21.4,4.684563758389));
#6502 = CARTESIAN_POINT('',(43.47976090604,21.4,4.684563758389));
#6503 = ORIENTED_EDGE('',*,*,#6454,.T.);
#6504 = ORIENTED_EDGE('',*,*,#1824,.F.);
#6505 = ORIENTED_EDGE('',*,*,#6506,.F.);
#6506 = EDGE_CURVE('',#6497,#1817,#6507,.T.);
#6507 = LINE('',#6508,#6509);
#6508 = CARTESIAN_POINT('',(43.47976090604,21.4,4.684563758389));
#6509 = VECTOR('',#6510,1.);
#6510 = DIRECTION('',(0.,1.,0.));
#6511 = SURFACE_OF_LINEAR_EXTRUSION('',#6512,#6516);
#6512 = B_SPLINE_CURVE_WITH_KNOTS('',2,(#6513,#6514,#6515),
  .UNSPECIFIED.,.F.,.F.,(3,3),(0.,1.),.PIECEWISE_BEZIER_KNOTS.);
#6513 = CARTESIAN_POINT('',(42.704383389262,21.4,4.518666107383));
#6514 = CARTESIAN_POINT('',(42.966967281879,21.4,4.684563758389));
#6515 = CARTESIAN_POINT('',(43.47976090604,21.4,4.684563758389));
#6516 = VECTOR('',#6517,1.);
#6517 = DIRECTION('',(0.,-1.,-0.));
#6518 = ADVANCED_FACE('',(#6519),#6537,.F.);
#6519 = FACE_BOUND('',#6520,.F.);
#6520 = EDGE_LOOP('',(#6521,#6529,#6535,#6536));
#6521 = ORIENTED_EDGE('',*,*,#6522,.F.);
#6522 = EDGE_CURVE('',#6523,#6471,#6525,.T.);
#6523 = VERTEX_POINT('',#6524);
#6524 = CARTESIAN_POINT('',(42.768770973154,21.4,6.45658557047));
#6525 = B_SPLINE_CURVE_WITH_KNOTS('',2,(#6526,#6527,#6528),
  .UNSPECIFIED.,.F.,.F.,(3,3),(0.,1.),.PIECEWISE_BEZIER_KNOTS.);
#6526 = CARTESIAN_POINT('',(42.768770973154,21.4,6.45658557047));
#6527 = CARTESIAN_POINT('',(42.985843120805,21.4,6.604026845638));
#6528 = CARTESIAN_POINT('',(43.382235738255,21.4,6.604026845638));
#6529 = ORIENTED_EDGE('',*,*,#6530,.T.);
#6530 = EDGE_CURVE('',#6523,#1741,#6531,.T.);
#6531 = LINE('',#6532,#6533);
#6532 = CARTESIAN_POINT('',(42.768770973154,21.4,6.45658557047));
#6533 = VECTOR('',#6534,1.);
#6534 = DIRECTION('',(0.,1.,0.));
#6535 = ORIENTED_EDGE('',*,*,#1740,.F.);
#6536 = ORIENTED_EDGE('',*,*,#6478,.F.);
#6537 = SURFACE_OF_LINEAR_EXTRUSION('',#6538,#6542);
#6538 = B_SPLINE_CURVE_WITH_KNOTS('',2,(#6539,#6540,#6541),
  .UNSPECIFIED.,.F.,.F.,(3,3),(0.,1.),.PIECEWISE_BEZIER_KNOTS.);
#6539 = CARTESIAN_POINT('',(42.768770973154,21.4,6.45658557047));
#6540 = CARTESIAN_POINT('',(42.985843120805,21.4,6.604026845638));
#6541 = CARTESIAN_POINT('',(43.382235738255,21.4,6.604026845638));
#6542 = VECTOR('',#6543,1.);
#6543 = DIRECTION('',(0.,-1.,-0.));
#6544 = ADVANCED_FACE('',(#6545),#6563,.F.);
#6545 = FACE_BOUND('',#6546,.F.);
#6546 = EDGE_LOOP('',(#6547,#6555,#6556,#6557));
#6547 = ORIENTED_EDGE('',*,*,#6548,.F.);
#6548 = EDGE_CURVE('',#6497,#6549,#6551,.T.);
#6549 = VERTEX_POINT('',#6550);
#6550 = CARTESIAN_POINT('',(43.964240771812,21.4,4.684563758389));
#6551 = LINE('',#6552,#6553);
#6552 = CARTESIAN_POINT('',(43.47976090604,21.4,4.684563758389));
#6553 = VECTOR('',#6554,1.);
#6554 = DIRECTION('',(1.,0.,0.));
#6555 = ORIENTED_EDGE('',*,*,#6506,.T.);
#6556 = ORIENTED_EDGE('',*,*,#1816,.T.);
#6557 = ORIENTED_EDGE('',*,*,#6558,.F.);
#6558 = EDGE_CURVE('',#6549,#1809,#6559,.T.);
#6559 = LINE('',#6560,#6561);
#6560 = CARTESIAN_POINT('',(43.964240771812,21.4,4.684563758389));
#6561 = VECTOR('',#6562,1.);
#6562 = DIRECTION('',(0.,1.,0.));
#6563 = PLANE('',#6564);
#6564 = AXIS2_PLACEMENT_3D('',#6565,#6566,#6567);
#6565 = CARTESIAN_POINT('',(43.47976090604,21.4,4.684563758389));
#6566 = DIRECTION('',(0.,0.,-1.));
#6567 = DIRECTION('',(1.,0.,0.));
#6568 = ADVANCED_FACE('',(#6569),#6587,.F.);
#6569 = FACE_BOUND('',#6570,.F.);
#6570 = EDGE_LOOP('',(#6571,#6579,#6585,#6586));
#6571 = ORIENTED_EDGE('',*,*,#6572,.F.);
#6572 = EDGE_CURVE('',#6573,#6523,#6575,.T.);
#6573 = VERTEX_POINT('',#6574);
#6574 = CARTESIAN_POINT('',(42.551698825503,21.4,6.039848993289));
#6575 = B_SPLINE_CURVE_WITH_KNOTS('',2,(#6576,#6577,#6578),
  .UNSPECIFIED.,.F.,.F.,(3,3),(0.,1.),.PIECEWISE_BEZIER_KNOTS.);
#6576 = CARTESIAN_POINT('',(42.551698825503,21.4,6.039848993289));
#6577 = CARTESIAN_POINT('',(42.551698825503,21.4,6.309354026846));
#6578 = CARTESIAN_POINT('',(42.768770973154,21.4,6.45658557047));
#6579 = ORIENTED_EDGE('',*,*,#6580,.T.);
#6580 = EDGE_CURVE('',#6573,#1756,#6581,.T.);
#6581 = LINE('',#6582,#6583);
#6582 = CARTESIAN_POINT('',(42.551698825503,21.4,6.039848993289));
#6583 = VECTOR('',#6584,1.);
#6584 = DIRECTION('',(0.,1.,0.));
#6585 = ORIENTED_EDGE('',*,*,#1755,.F.);
#6586 = ORIENTED_EDGE('',*,*,#6530,.F.);
#6587 = SURFACE_OF_LINEAR_EXTRUSION('',#6588,#6592);
#6588 = B_SPLINE_CURVE_WITH_KNOTS('',2,(#6589,#6590,#6591),
  .UNSPECIFIED.,.F.,.F.,(3,3),(0.,1.),.PIECEWISE_BEZIER_KNOTS.);
#6589 = CARTESIAN_POINT('',(42.551698825503,21.4,6.039848993289));
#6590 = CARTESIAN_POINT('',(42.551698825503,21.4,6.309354026846));
#6591 = CARTESIAN_POINT('',(42.768770973154,21.4,6.45658557047));
#6592 = VECTOR('',#6593,1.);
#6593 = DIRECTION('',(0.,-1.,-0.));
#6594 = ADVANCED_FACE('',(#6595),#6613,.F.);
#6595 = FACE_BOUND('',#6596,.F.);
#6596 = EDGE_LOOP('',(#6597,#6605,#6606,#6607));
#6597 = ORIENTED_EDGE('',*,*,#6598,.F.);
#6598 = EDGE_CURVE('',#6549,#6599,#6601,.T.);
#6599 = VERTEX_POINT('',#6600);
#6600 = CARTESIAN_POINT('',(43.964240771812,21.4,5.463087248322));
#6601 = LINE('',#6602,#6603);
#6602 = CARTESIAN_POINT('',(43.964240771812,21.4,4.684563758389));
#6603 = VECTOR('',#6604,1.);
#6604 = DIRECTION('',(0.,0.,1.));
#6605 = ORIENTED_EDGE('',*,*,#6558,.T.);
#6606 = ORIENTED_EDGE('',*,*,#1808,.T.);
#6607 = ORIENTED_EDGE('',*,*,#6608,.F.);
#6608 = EDGE_CURVE('',#6599,#1801,#6609,.T.);
#6609 = LINE('',#6610,#6611);
#6610 = CARTESIAN_POINT('',(43.964240771812,21.4,5.463087248322));
#6611 = VECTOR('',#6612,1.);
#6612 = DIRECTION('',(0.,1.,0.));
#6613 = PLANE('',#6614);
#6614 = AXIS2_PLACEMENT_3D('',#6615,#6616,#6617);
#6615 = CARTESIAN_POINT('',(43.964240771812,21.4,4.684563758389));
#6616 = DIRECTION('',(1.,0.,0.));
#6617 = DIRECTION('',(0.,0.,1.));
#6618 = ADVANCED_FACE('',(#6619),#6637,.F.);
#6619 = FACE_BOUND('',#6620,.F.);
#6620 = EDGE_LOOP('',(#6621,#6629,#6635,#6636));
#6621 = ORIENTED_EDGE('',*,*,#6622,.F.);
#6622 = EDGE_CURVE('',#6623,#6573,#6625,.T.);
#6623 = VERTEX_POINT('',#6624);
#6624 = CARTESIAN_POINT('',(42.775062919463,21.4,5.605704697987));
#6625 = B_SPLINE_CURVE_WITH_KNOTS('',2,(#6626,#6627,#6628),
  .UNSPECIFIED.,.F.,.F.,(3,3),(0.,1.),.PIECEWISE_BEZIER_KNOTS.);
#6626 = CARTESIAN_POINT('',(42.775062919463,21.4,5.605704697987));
#6627 = CARTESIAN_POINT('',(42.551698825503,21.4,5.748322147651));
#6628 = CARTESIAN_POINT('',(42.551698825503,21.4,6.039848993289));
#6629 = ORIENTED_EDGE('',*,*,#6630,.T.);
#6630 = EDGE_CURVE('',#6623,#1771,#6631,.T.);
#6631 = LINE('',#6632,#6633);
#6632 = CARTESIAN_POINT('',(42.775062919463,21.4,5.605704697987));
#6633 = VECTOR('',#6634,1.);
#6634 = DIRECTION('',(0.,1.,0.));
#6635 = ORIENTED_EDGE('',*,*,#1770,.F.);
#6636 = ORIENTED_EDGE('',*,*,#6580,.F.);
#6637 = SURFACE_OF_LINEAR_EXTRUSION('',#6638,#6642);
#6638 = B_SPLINE_CURVE_WITH_KNOTS('',2,(#6639,#6640,#6641),
  .UNSPECIFIED.,.F.,.F.,(3,3),(0.,1.),.PIECEWISE_BEZIER_KNOTS.);
#6639 = CARTESIAN_POINT('',(42.775062919463,21.4,5.605704697987));
#6640 = CARTESIAN_POINT('',(42.551698825503,21.4,5.748322147651));
#6641 = CARTESIAN_POINT('',(42.551698825503,21.4,6.039848993289));
#6642 = VECTOR('',#6643,1.);
#6643 = DIRECTION('',(0.,-1.,-0.));
#6644 = ADVANCED_FACE('',(#6645),#6663,.F.);
#6645 = FACE_BOUND('',#6646,.F.);
#6646 = EDGE_LOOP('',(#6647,#6655,#6656,#6657));
#6647 = ORIENTED_EDGE('',*,*,#6648,.F.);
#6648 = EDGE_CURVE('',#6599,#6649,#6651,.T.);
#6649 = VERTEX_POINT('',#6650);
#6650 = CARTESIAN_POINT('',(43.454593120805,21.4,5.463087248322));
#6651 = LINE('',#6652,#6653);
#6652 = CARTESIAN_POINT('',(43.964240771812,21.4,5.463087248322));
#6653 = VECTOR('',#6654,1.);
#6654 = DIRECTION('',(-1.,0.,0.));
#6655 = ORIENTED_EDGE('',*,*,#6608,.T.);
#6656 = ORIENTED_EDGE('',*,*,#1800,.T.);
#6657 = ORIENTED_EDGE('',*,*,#6658,.F.);
#6658 = EDGE_CURVE('',#6649,#1786,#6659,.T.);
#6659 = LINE('',#6660,#6661);
#6660 = CARTESIAN_POINT('',(43.454593120805,21.4,5.463087248322));
#6661 = VECTOR('',#6662,1.);
#6662 = DIRECTION('',(0.,1.,0.));
#6663 = PLANE('',#6664);
#6664 = AXIS2_PLACEMENT_3D('',#6665,#6666,#6667);
#6665 = CARTESIAN_POINT('',(43.964240771812,21.4,5.463087248322));
#6666 = DIRECTION('',(0.,0.,1.));
#6667 = DIRECTION('',(-1.,0.,0.));
#6668 = ADVANCED_FACE('',(#6669),#6680,.F.);
#6669 = FACE_BOUND('',#6670,.F.);
#6670 = EDGE_LOOP('',(#6671,#6677,#6678,#6679));
#6671 = ORIENTED_EDGE('',*,*,#6672,.F.);
#6672 = EDGE_CURVE('',#6649,#6623,#6673,.T.);
#6673 = B_SPLINE_CURVE_WITH_KNOTS('',2,(#6674,#6675,#6676),
  .UNSPECIFIED.,.F.,.F.,(3,3),(0.,1.),.PIECEWISE_BEZIER_KNOTS.);
#6674 = CARTESIAN_POINT('',(43.454593120805,21.4,5.463087248322));
#6675 = CARTESIAN_POINT('',(42.998427013423,21.4,5.463087248322));
#6676 = CARTESIAN_POINT('',(42.775062919463,21.4,5.605704697987));
#6677 = ORIENTED_EDGE('',*,*,#6658,.T.);
#6678 = ORIENTED_EDGE('',*,*,#1785,.F.);
#6679 = ORIENTED_EDGE('',*,*,#6630,.F.);
#6680 = SURFACE_OF_LINEAR_EXTRUSION('',#6681,#6685);
#6681 = B_SPLINE_CURVE_WITH_KNOTS('',2,(#6682,#6683,#6684),
  .UNSPECIFIED.,.F.,.F.,(3,3),(0.,1.),.PIECEWISE_BEZIER_KNOTS.);
#6682 = CARTESIAN_POINT('',(43.454593120805,21.4,5.463087248322));
#6683 = CARTESIAN_POINT('',(42.998427013423,21.4,5.463087248322));
#6684 = CARTESIAN_POINT('',(42.775062919463,21.4,5.605704697987));
#6685 = VECTOR('',#6686,1.);
#6686 = DIRECTION('',(0.,-1.,-0.));
#6687 = ADVANCED_FACE('',(#6688),#6713,.F.);
#6688 = FACE_BOUND('',#6689,.F.);
#6689 = EDGE_LOOP('',(#6690,#6700,#6706,#6707));
#6690 = ORIENTED_EDGE('',*,*,#6691,.F.);
#6691 = EDGE_CURVE('',#6692,#6694,#6696,.T.);
#6692 = VERTEX_POINT('',#6693);
#6693 = CARTESIAN_POINT('',(26.360213926174,21.4,3.496644295302));
#6694 = VERTEX_POINT('',#6695);
#6695 = CARTESIAN_POINT('',(24.293309563758,21.4,3.496644295302));
#6696 = LINE('',#6697,#6698);
#6697 = CARTESIAN_POINT('',(26.360213926174,21.4,3.496644295302));
#6698 = VECTOR('',#6699,1.);
#6699 = DIRECTION('',(-1.,0.,0.));
#6700 = ORIENTED_EDGE('',*,*,#6701,.T.);
#6701 = EDGE_CURVE('',#6692,#1975,#6702,.T.);
#6702 = LINE('',#6703,#6704);
#6703 = CARTESIAN_POINT('',(26.360213926174,21.4,3.496644295302));
#6704 = VECTOR('',#6705,1.);
#6705 = DIRECTION('',(0.,1.,0.));
#6706 = ORIENTED_EDGE('',*,*,#1974,.T.);
#6707 = ORIENTED_EDGE('',*,*,#6708,.F.);
#6708 = EDGE_CURVE('',#6694,#1977,#6709,.T.);
#6709 = LINE('',#6710,#6711);
#6710 = CARTESIAN_POINT('',(24.293309563758,21.4,3.496644295302));
#6711 = VECTOR('',#6712,1.);
#6712 = DIRECTION('',(0.,1.,0.));
#6713 = PLANE('',#6714);
#6714 = AXIS2_PLACEMENT_3D('',#6715,#6716,#6717);
#6715 = CARTESIAN_POINT('',(26.360213926174,21.4,3.496644295302));
#6716 = DIRECTION('',(0.,0.,1.));
#6717 = DIRECTION('',(-1.,0.,0.));
#6718 = ADVANCED_FACE('',(#6719),#6737,.F.);
#6719 = FACE_BOUND('',#6720,.F.);
#6720 = EDGE_LOOP('',(#6721,#6729,#6735,#6736));
#6721 = ORIENTED_EDGE('',*,*,#6722,.F.);
#6722 = EDGE_CURVE('',#6723,#6692,#6725,.T.);
#6723 = VERTEX_POINT('',#6724);
#6724 = CARTESIAN_POINT('',(25.356648489933,21.4,4.375629194631));
#6725 = LINE('',#6726,#6727);
#6726 = CARTESIAN_POINT('',(25.356648489933,21.4,4.375629194631));
#6727 = VECTOR('',#6728,1.);
#6728 = DIRECTION('',(0.752255226589,0.,-0.65887181915));
#6729 = ORIENTED_EDGE('',*,*,#6730,.T.);
#6730 = EDGE_CURVE('',#6723,#1985,#6731,.T.);
#6731 = LINE('',#6732,#6733);
#6732 = CARTESIAN_POINT('',(25.356648489933,21.4,4.375629194631));
#6733 = VECTOR('',#6734,1.);
#6734 = DIRECTION('',(0.,1.,0.));
#6735 = ORIENTED_EDGE('',*,*,#1984,.T.);
#6736 = ORIENTED_EDGE('',*,*,#6701,.F.);
#6737 = PLANE('',#6738);
#6738 = AXIS2_PLACEMENT_3D('',#6739,#6740,#6741);
#6739 = CARTESIAN_POINT('',(25.356648489933,21.4,4.375629194631));
#6740 = DIRECTION('',(-0.65887181915,0.,-0.752255226589));
#6741 = DIRECTION('',(0.752255226589,0.,-0.65887181915));
#6742 = ADVANCED_FACE('',(#6743),#6761,.F.);
#6743 = FACE_BOUND('',#6744,.F.);
#6744 = EDGE_LOOP('',(#6745,#6753,#6754,#6755));
#6745 = ORIENTED_EDGE('',*,*,#6746,.F.);
#6746 = EDGE_CURVE('',#6694,#6747,#6749,.T.);
#6747 = VERTEX_POINT('',#6748);
#6748 = CARTESIAN_POINT('',(24.293309563758,21.4,2.610738255034));
#6749 = LINE('',#6750,#6751);
#6750 = CARTESIAN_POINT('',(24.293309563758,21.4,3.496644295302));
#6751 = VECTOR('',#6752,1.);
#6752 = DIRECTION('',(-0.,0.,-1.));
#6753 = ORIENTED_EDGE('',*,*,#6708,.T.);
#6754 = ORIENTED_EDGE('',*,*,#2198,.T.);
#6755 = ORIENTED_EDGE('',*,*,#6756,.F.);
#6756 = EDGE_CURVE('',#6747,#2191,#6757,.T.);
#6757 = LINE('',#6758,#6759);
#6758 = CARTESIAN_POINT('',(24.293309563758,21.4,2.610738255034));
#6759 = VECTOR('',#6760,1.);
#6760 = DIRECTION('',(0.,1.,0.));
#6761 = PLANE('',#6762);
#6762 = AXIS2_PLACEMENT_3D('',#6763,#6764,#6765);
#6763 = CARTESIAN_POINT('',(24.293309563758,21.4,3.496644295302));
#6764 = DIRECTION('',(-1.,0.,0.));
#6765 = DIRECTION('',(0.,0.,-1.));
#6766 = ADVANCED_FACE('',(#6767),#6785,.F.);
#6767 = FACE_BOUND('',#6768,.F.);
#6768 = EDGE_LOOP('',(#6769,#6777,#6783,#6784));
#6769 = ORIENTED_EDGE('',*,*,#6770,.F.);
#6770 = EDGE_CURVE('',#6771,#6723,#6773,.T.);
#6771 = VERTEX_POINT('',#6772);
#6772 = CARTESIAN_POINT('',(24.522965604027,21.4,5.265310402685));
#6773 = B_SPLINE_CURVE_WITH_KNOTS('',2,(#6774,#6775,#6776),
  .UNSPECIFIED.,.F.,.F.,(3,3),(0.,1.),.PIECEWISE_BEZIER_KNOTS.);
#6774 = CARTESIAN_POINT('',(24.522965604027,21.4,5.265310402685));
#6775 = CARTESIAN_POINT('',(24.721161912752,21.4,4.933095637584));
#6776 = CARTESIAN_POINT('',(25.356648489933,21.4,4.375629194631));
#6777 = ORIENTED_EDGE('',*,*,#6778,.T.);
#6778 = EDGE_CURVE('',#6771,#1993,#6779,.T.);
#6779 = LINE('',#6780,#6781);
#6780 = CARTESIAN_POINT('',(24.522965604027,21.4,5.265310402685));
#6781 = VECTOR('',#6782,1.);
#6782 = DIRECTION('',(0.,1.,0.));
#6783 = ORIENTED_EDGE('',*,*,#1992,.F.);
#6784 = ORIENTED_EDGE('',*,*,#6730,.F.);
#6785 = SURFACE_OF_LINEAR_EXTRUSION('',#6786,#6790);
#6786 = B_SPLINE_CURVE_WITH_KNOTS('',2,(#6787,#6788,#6789),
  .UNSPECIFIED.,.F.,.F.,(3,3),(0.,1.),.PIECEWISE_BEZIER_KNOTS.);
#6787 = CARTESIAN_POINT('',(24.522965604027,21.4,5.265310402685));
#6788 = CARTESIAN_POINT('',(24.721161912752,21.4,4.933095637584));
#6789 = CARTESIAN_POINT('',(25.356648489933,21.4,4.375629194631));
#6790 = VECTOR('',#6791,1.);
#6791 = DIRECTION('',(0.,-1.,-0.));
#6792 = ADVANCED_FACE('',(#6793),#6811,.F.);
#6793 = FACE_BOUND('',#6794,.F.);
#6794 = EDGE_LOOP('',(#6795,#6803,#6804,#6805));
#6795 = ORIENTED_EDGE('',*,*,#6796,.F.);
#6796 = EDGE_CURVE('',#6747,#6797,#6799,.T.);
#6797 = VERTEX_POINT('',#6798);
#6798 = CARTESIAN_POINT('',(27.706690436242,21.4,2.610738255034));
#6799 = LINE('',#6800,#6801);
#6800 = CARTESIAN_POINT('',(24.293309563758,21.4,2.610738255034));
#6801 = VECTOR('',#6802,1.);
#6802 = DIRECTION('',(1.,0.,0.));
#6803 = ORIENTED_EDGE('',*,*,#6756,.T.);
#6804 = ORIENTED_EDGE('',*,*,#2190,.T.);
#6805 = ORIENTED_EDGE('',*,*,#6806,.F.);
#6806 = EDGE_CURVE('',#6797,#2183,#6807,.T.);
#6807 = LINE('',#6808,#6809);
#6808 = CARTESIAN_POINT('',(27.706690436242,21.4,2.610738255034));
#6809 = VECTOR('',#6810,1.);
#6810 = DIRECTION('',(0.,1.,0.));
#6811 = PLANE('',#6812);
#6812 = AXIS2_PLACEMENT_3D('',#6813,#6814,#6815);
#6813 = CARTESIAN_POINT('',(24.293309563758,21.4,2.610738255034));
#6814 = DIRECTION('',(0.,0.,-1.));
#6815 = DIRECTION('',(1.,0.,0.));
#6816 = ADVANCED_FACE('',(#6817),#6835,.F.);
#6817 = FACE_BOUND('',#6818,.F.);
#6818 = EDGE_LOOP('',(#6819,#6827,#6833,#6834));
#6819 = ORIENTED_EDGE('',*,*,#6820,.F.);
#6820 = EDGE_CURVE('',#6821,#6771,#6823,.T.);
#6821 = VERTEX_POINT('',#6822);
#6822 = CARTESIAN_POINT('',(24.324769295302,21.4,5.981543624161));
#6823 = B_SPLINE_CURVE_WITH_KNOTS('',2,(#6824,#6825,#6826),
  .UNSPECIFIED.,.F.,.F.,(3,3),(0.,1.),.PIECEWISE_BEZIER_KNOTS.);
#6824 = CARTESIAN_POINT('',(24.324769295302,21.4,5.981543624161));
#6825 = CARTESIAN_POINT('',(24.324769295302,21.4,5.597525167785));
#6826 = CARTESIAN_POINT('',(24.522965604027,21.4,5.265310402685));
#6827 = ORIENTED_EDGE('',*,*,#6828,.T.);
#6828 = EDGE_CURVE('',#6821,#2014,#6829,.T.);
#6829 = LINE('',#6830,#6831);
#6830 = CARTESIAN_POINT('',(24.324769295302,21.4,5.981543624161));
#6831 = VECTOR('',#6832,1.);
#6832 = DIRECTION('',(0.,1.,0.));
#6833 = ORIENTED_EDGE('',*,*,#2013,.F.);
#6834 = ORIENTED_EDGE('',*,*,#6778,.F.);
#6835 = SURFACE_OF_LINEAR_EXTRUSION('',#6836,#6840);
#6836 = B_SPLINE_CURVE_WITH_KNOTS('',2,(#6837,#6838,#6839),
  .UNSPECIFIED.,.F.,.F.,(3,3),(0.,1.),.PIECEWISE_BEZIER_KNOTS.);
#6837 = CARTESIAN_POINT('',(24.324769295302,21.4,5.981543624161));
#6838 = CARTESIAN_POINT('',(24.324769295302,21.4,5.597525167785));
#6839 = CARTESIAN_POINT('',(24.522965604027,21.4,5.265310402685));
#6840 = VECTOR('',#6841,1.);
#6841 = DIRECTION('',(0.,-1.,-0.));
#6842 = ADVANCED_FACE('',(#6843),#6861,.F.);
#6843 = FACE_BOUND('',#6844,.F.);
#6844 = EDGE_LOOP('',(#6845,#6853,#6854,#6855));
#6845 = ORIENTED_EDGE('',*,*,#6846,.F.);
#6846 = EDGE_CURVE('',#6797,#6847,#6849,.T.);
#6847 = VERTEX_POINT('',#6848);
#6848 = CARTESIAN_POINT('',(27.706690436242,21.4,3.496644295302));
#6849 = LINE('',#6850,#6851);
#6850 = CARTESIAN_POINT('',(27.706690436242,21.4,2.610738255034));
#6851 = VECTOR('',#6852,1.);
#6852 = DIRECTION('',(0.,0.,1.));
#6853 = ORIENTED_EDGE('',*,*,#6806,.T.);
#6854 = ORIENTED_EDGE('',*,*,#2182,.T.);
#6855 = ORIENTED_EDGE('',*,*,#6856,.F.);
#6856 = EDGE_CURVE('',#6847,#2175,#6857,.T.);
#6857 = LINE('',#6858,#6859);
#6858 = CARTESIAN_POINT('',(27.706690436242,21.4,3.496644295302));
#6859 = VECTOR('',#6860,1.);
#6860 = DIRECTION('',(0.,1.,0.));
#6861 = PLANE('',#6862);
#6862 = AXIS2_PLACEMENT_3D('',#6863,#6864,#6865);
#6863 = CARTESIAN_POINT('',(27.706690436242,21.4,2.610738255034));
#6864 = DIRECTION('',(1.,0.,0.));
#6865 = DIRECTION('',(0.,0.,1.));
#6866 = ADVANCED_FACE('',(#6867),#6885,.F.);
#6867 = FACE_BOUND('',#6868,.F.);
#6868 = EDGE_LOOP('',(#6869,#6877,#6883,#6884));
#6869 = ORIENTED_EDGE('',*,*,#6870,.F.);
#6870 = EDGE_CURVE('',#6871,#6821,#6873,.T.);
#6871 = VERTEX_POINT('',#6872);
#6872 = CARTESIAN_POINT('',(24.792051174497,21.4,7.017617449664));
#6873 = B_SPLINE_CURVE_WITH_KNOTS('',2,(#6874,#6875,#6876),
  .UNSPECIFIED.,.F.,.F.,(3,3),(0.,1.),.PIECEWISE_BEZIER_KNOTS.);
#6874 = CARTESIAN_POINT('',(24.792051174497,21.4,7.017617449664));
#6875 = CARTESIAN_POINT('',(24.324769295302,21.4,6.646182885906));
#6876 = CARTESIAN_POINT('',(24.324769295302,21.4,5.981543624161));
#6877 = ORIENTED_EDGE('',*,*,#6878,.T.);
#6878 = EDGE_CURVE('',#6871,#2029,#6879,.T.);
#6879 = LINE('',#6880,#6881);
#6880 = CARTESIAN_POINT('',(24.792051174497,21.4,7.017617449664));
#6881 = VECTOR('',#6882,1.);
#6882 = DIRECTION('',(0.,1.,0.));
#6883 = ORIENTED_EDGE('',*,*,#2028,.F.);
#6884 = ORIENTED_EDGE('',*,*,#6828,.F.);
#6885 = SURFACE_OF_LINEAR_EXTRUSION('',#6886,#6890);
#6886 = B_SPLINE_CURVE_WITH_KNOTS('',2,(#6887,#6888,#6889),
  .UNSPECIFIED.,.F.,.F.,(3,3),(0.,1.),.PIECEWISE_BEZIER_KNOTS.);
#6887 = CARTESIAN_POINT('',(24.792051174497,21.4,7.017617449664));
#6888 = CARTESIAN_POINT('',(24.324769295302,21.4,6.646182885906));
#6889 = CARTESIAN_POINT('',(24.324769295302,21.4,5.981543624161));
#6890 = VECTOR('',#6891,1.);
#6891 = DIRECTION('',(0.,-1.,-0.));
#6892 = ADVANCED_FACE('',(#6893),#6911,.F.);
#6893 = FACE_BOUND('',#6894,.F.);
#6894 = EDGE_LOOP('',(#6895,#6903,#6904,#6905));
#6895 = ORIENTED_EDGE('',*,*,#6896,.F.);
#6896 = EDGE_CURVE('',#6847,#6897,#6899,.T.);
#6897 = VERTEX_POINT('',#6898);
#6898 = CARTESIAN_POINT('',(25.992135067114,21.4,5.006501677852));
#6899 = LINE('',#6900,#6901);
#6900 = CARTESIAN_POINT('',(27.706690436242,21.4,3.496644295302));
#6901 = VECTOR('',#6902,1.);
#6902 = DIRECTION('',(-0.750485828524,0.,0.66088654184));
#6903 = ORIENTED_EDGE('',*,*,#6856,.T.);
#6904 = ORIENTED_EDGE('',*,*,#2174,.T.);
#6905 = ORIENTED_EDGE('',*,*,#6906,.F.);
#6906 = EDGE_CURVE('',#6897,#2164,#6907,.T.);
#6907 = LINE('',#6908,#6909);
#6908 = CARTESIAN_POINT('',(25.992135067114,21.4,5.006501677852));
#6909 = VECTOR('',#6910,1.);
#6910 = DIRECTION('',(0.,1.,0.));
#6911 = PLANE('',#6912);
#6912 = AXIS2_PLACEMENT_3D('',#6913,#6914,#6915);
#6913 = CARTESIAN_POINT('',(27.706690436242,21.4,3.496644295302));
#6914 = DIRECTION('',(0.66088654184,0.,0.750485828524));
#6915 = DIRECTION('',(-0.750485828524,0.,0.66088654184));
#6916 = ADVANCED_FACE('',(#6917),#6935,.F.);
#6917 = FACE_BOUND('',#6918,.F.);
#6918 = EDGE_LOOP('',(#6919,#6927,#6933,#6934));
#6919 = ORIENTED_EDGE('',*,*,#6920,.F.);
#6920 = EDGE_CURVE('',#6921,#6871,#6923,.T.);
#6921 = VERTEX_POINT('',#6922);
#6922 = CARTESIAN_POINT('',(26.102244127517,21.4,7.389261744966));
#6923 = B_SPLINE_CURVE_WITH_KNOTS('',2,(#6924,#6925,#6926),
  .UNSPECIFIED.,.F.,.F.,(3,3),(0.,1.),.PIECEWISE_BEZIER_KNOTS.);
#6924 = CARTESIAN_POINT('',(26.102244127517,21.4,7.389261744966));
#6925 = CARTESIAN_POINT('',(25.259123322148,21.4,7.389261744966));
#6926 = CARTESIAN_POINT('',(24.792051174497,21.4,7.017617449664));
#6927 = ORIENTED_EDGE('',*,*,#6928,.T.);
#6928 = EDGE_CURVE('',#6921,#2048,#6929,.T.);
#6929 = LINE('',#6930,#6931);
#6930 = CARTESIAN_POINT('',(26.102244127517,21.4,7.389261744966));
#6931 = VECTOR('',#6932,1.);
#6932 = DIRECTION('',(0.,1.,0.));
#6933 = ORIENTED_EDGE('',*,*,#2047,.F.);
#6934 = ORIENTED_EDGE('',*,*,#6878,.F.);
#6935 = SURFACE_OF_LINEAR_EXTRUSION('',#6936,#6940);
#6936 = B_SPLINE_CURVE_WITH_KNOTS('',2,(#6937,#6938,#6939),
  .UNSPECIFIED.,.F.,.F.,(3,3),(0.,1.),.PIECEWISE_BEZIER_KNOTS.);
#6937 = CARTESIAN_POINT('',(26.102244127517,21.4,7.389261744966));
#6938 = CARTESIAN_POINT('',(25.259123322148,21.4,7.389261744966));
#6939 = CARTESIAN_POINT('',(24.792051174497,21.4,7.017617449664));
#6940 = VECTOR('',#6941,1.);
#6941 = DIRECTION('',(0.,-1.,-0.));
#6942 = ADVANCED_FACE('',(#6943),#6961,.F.);
#6943 = FACE_BOUND('',#6944,.F.);
#6944 = EDGE_LOOP('',(#6945,#6953,#6954,#6955));
#6945 = ORIENTED_EDGE('',*,*,#6946,.F.);
#6946 = EDGE_CURVE('',#6897,#6947,#6949,.T.);
#6947 = VERTEX_POINT('',#6948);
#6948 = CARTESIAN_POINT('',(25.652369966443,21.4,5.412122483221));
#6949 = B_SPLINE_CURVE_WITH_KNOTS('',2,(#6950,#6951,#6952),
  .UNSPECIFIED.,.F.,.F.,(3,3),(0.,1.),.PIECEWISE_BEZIER_KNOTS.);
#6950 = CARTESIAN_POINT('',(25.992135067114,21.4,5.006501677852));
#6951 = CARTESIAN_POINT('',(25.762479026846,21.4,5.21413590604));
#6952 = CARTESIAN_POINT('',(25.652369966443,21.4,5.412122483221));
#6953 = ORIENTED_EDGE('',*,*,#6906,.T.);
#6954 = ORIENTED_EDGE('',*,*,#2163,.F.);
#6955 = ORIENTED_EDGE('',*,*,#6956,.F.);
#6956 = EDGE_CURVE('',#6947,#2149,#6957,.T.);
#6957 = LINE('',#6958,#6959);
#6958 = CARTESIAN_POINT('',(25.652369966443,21.4,5.412122483221));
#6959 = VECTOR('',#6960,1.);
#6960 = DIRECTION('',(0.,1.,0.));
#6961 = SURFACE_OF_LINEAR_EXTRUSION('',#6962,#6966);
#6962 = B_SPLINE_CURVE_WITH_KNOTS('',2,(#6963,#6964,#6965),
  .UNSPECIFIED.,.F.,.F.,(3,3),(0.,1.),.PIECEWISE_BEZIER_KNOTS.);
#6963 = CARTESIAN_POINT('',(25.992135067114,21.4,5.006501677852));
#6964 = CARTESIAN_POINT('',(25.762479026846,21.4,5.21413590604));
#6965 = CARTESIAN_POINT('',(25.652369966443,21.4,5.412122483221));
#6966 = VECTOR('',#6967,1.);
#6967 = DIRECTION('',(0.,-1.,-0.));
#6968 = ADVANCED_FACE('',(#6969),#6987,.F.);
#6969 = FACE_BOUND('',#6970,.F.);
#6970 = EDGE_LOOP('',(#6971,#6979,#6985,#6986));
#6971 = ORIENTED_EDGE('',*,*,#6972,.F.);
#6972 = EDGE_CURVE('',#6973,#6921,#6975,.T.);
#6973 = VERTEX_POINT('',#6974);
#6974 = CARTESIAN_POINT('',(26.885591442953,21.4,7.31711409396));
#6975 = B_SPLINE_CURVE_WITH_KNOTS('',2,(#6976,#6977,#6978),
  .UNSPECIFIED.,.F.,.F.,(3,3),(0.,1.),.PIECEWISE_BEZIER_KNOTS.);
#6976 = CARTESIAN_POINT('',(26.885591442953,21.4,7.31711409396));
#6977 = CARTESIAN_POINT('',(26.486052852349,21.4,7.389261744966));
#6978 = CARTESIAN_POINT('',(26.102244127517,21.4,7.389261744966));
#6979 = ORIENTED_EDGE('',*,*,#6980,.T.);
#6980 = EDGE_CURVE('',#6973,#2065,#6981,.T.);
#6981 = LINE('',#6982,#6983);
#6982 = CARTESIAN_POINT('',(26.885591442953,21.4,7.31711409396));
#6983 = VECTOR('',#6984,1.);
#6984 = DIRECTION('',(0.,1.,0.));
#6985 = ORIENTED_EDGE('',*,*,#2064,.F.);
#6986 = ORIENTED_EDGE('',*,*,#6928,.F.);
#6987 = SURFACE_OF_LINEAR_EXTRUSION('',#6988,#6992);
#6988 = B_SPLINE_CURVE_WITH_KNOTS('',2,(#6989,#6990,#6991),
  .UNSPECIFIED.,.F.,.F.,(3,3),(0.,1.),.PIECEWISE_BEZIER_KNOTS.);
#6989 = CARTESIAN_POINT('',(26.885591442953,21.4,7.31711409396));
#6990 = CARTESIAN_POINT('',(26.486052852349,21.4,7.389261744966));
#6991 = CARTESIAN_POINT('',(26.102244127517,21.4,7.389261744966));
#6992 = VECTOR('',#6993,1.);
#6993 = DIRECTION('',(0.,-1.,-0.));
#6994 = ADVANCED_FACE('',(#6995),#7013,.F.);
#6995 = FACE_BOUND('',#6996,.F.);
#6996 = EDGE_LOOP('',(#6997,#7005,#7006,#7007));
#6997 = ORIENTED_EDGE('',*,*,#6998,.F.);
#6998 = EDGE_CURVE('',#6947,#6999,#7001,.T.);
#6999 = VERTEX_POINT('',#7000);
#7000 = CARTESIAN_POINT('',(25.54226090604,21.4,5.824244966443));
#7001 = B_SPLINE_CURVE_WITH_KNOTS('',2,(#7002,#7003,#7004),
  .UNSPECIFIED.,.F.,.F.,(3,3),(0.,1.),.PIECEWISE_BEZIER_KNOTS.);
#7002 = CARTESIAN_POINT('',(25.652369966443,21.4,5.412122483221));
#7003 = CARTESIAN_POINT('',(25.54226090604,21.4,5.610318791946));
#7004 = CARTESIAN_POINT('',(25.54226090604,21.4,5.824244966443));
#7005 = ORIENTED_EDGE('',*,*,#6956,.T.);
#7006 = ORIENTED_EDGE('',*,*,#2148,.F.);
#7007 = ORIENTED_EDGE('',*,*,#7008,.F.);
#7008 = EDGE_CURVE('',#6999,#2134,#7009,.T.);
#7009 = LINE('',#7010,#7011);
#7010 = CARTESIAN_POINT('',(25.54226090604,21.4,5.824244966443));
#7011 = VECTOR('',#7012,1.);
#7012 = DIRECTION('',(0.,1.,0.));
#7013 = SURFACE_OF_LINEAR_EXTRUSION('',#7014,#7018);
#7014 = B_SPLINE_CURVE_WITH_KNOTS('',2,(#7015,#7016,#7017),
  .UNSPECIFIED.,.F.,.F.,(3,3),(0.,1.),.PIECEWISE_BEZIER_KNOTS.);
#7015 = CARTESIAN_POINT('',(25.652369966443,21.4,5.412122483221));
#7016 = CARTESIAN_POINT('',(25.54226090604,21.4,5.610318791946));
#7017 = CARTESIAN_POINT('',(25.54226090604,21.4,5.824244966443));
#7018 = VECTOR('',#7019,1.);
#7019 = DIRECTION('',(0.,-1.,-0.));
#7020 = ADVANCED_FACE('',(#7021),#7039,.F.);
#7021 = FACE_BOUND('',#7022,.F.);
#7022 = EDGE_LOOP('',(#7023,#7031,#7037,#7038));
#7023 = ORIENTED_EDGE('',*,*,#7024,.F.);
#7024 = EDGE_CURVE('',#7025,#6973,#7027,.T.);
#7025 = VERTEX_POINT('',#7026);
#7026 = CARTESIAN_POINT('',(27.694106543624,21.4,7.107382550336));
#7027 = B_SPLINE_CURVE_WITH_KNOTS('',2,(#7028,#7029,#7030),
  .UNSPECIFIED.,.F.,.F.,(3,3),(0.,1.),.PIECEWISE_BEZIER_KNOTS.);
#7028 = CARTESIAN_POINT('',(27.694106543624,21.4,7.107382550336));
#7029 = CARTESIAN_POINT('',(27.285130033557,21.4,7.245176174497));
#7030 = CARTESIAN_POINT('',(26.885591442953,21.4,7.31711409396));
#7031 = ORIENTED_EDGE('',*,*,#7032,.T.);
#7032 = EDGE_CURVE('',#7025,#2076,#7033,.T.);
#7033 = LINE('',#7034,#7035);
#7034 = CARTESIAN_POINT('',(27.694106543624,21.4,7.107382550336));
#7035 = VECTOR('',#7036,1.);
#7036 = DIRECTION('',(0.,1.,0.));
#7037 = ORIENTED_EDGE('',*,*,#2075,.F.);
#7038 = ORIENTED_EDGE('',*,*,#6980,.F.);
#7039 = SURFACE_OF_LINEAR_EXTRUSION('',#7040,#7044);
#7040 = B_SPLINE_CURVE_WITH_KNOTS('',2,(#7041,#7042,#7043),
  .UNSPECIFIED.,.F.,.F.,(3,3),(0.,1.),.PIECEWISE_BEZIER_KNOTS.);
#7041 = CARTESIAN_POINT('',(27.694106543624,21.4,7.107382550336));
#7042 = CARTESIAN_POINT('',(27.285130033557,21.4,7.245176174497));
#7043 = CARTESIAN_POINT('',(26.885591442953,21.4,7.31711409396));
#7044 = VECTOR('',#7045,1.);
#7045 = DIRECTION('',(0.,-1.,-0.));
#7046 = ADVANCED_FACE('',(#7047),#7065,.F.);
#7047 = FACE_BOUND('',#7048,.F.);
#7048 = EDGE_LOOP('',(#7049,#7057,#7058,#7059));
#7049 = ORIENTED_EDGE('',*,*,#7050,.F.);
#7050 = EDGE_CURVE('',#6999,#7051,#7053,.T.);
#7051 = VERTEX_POINT('',#7052);
#7052 = CARTESIAN_POINT('',(25.764156879195,21.4,6.355704697987));
#7053 = B_SPLINE_CURVE_WITH_KNOTS('',2,(#7054,#7055,#7056),
  .UNSPECIFIED.,.F.,.F.,(3,3),(0.,1.),.PIECEWISE_BEZIER_KNOTS.);
#7054 = CARTESIAN_POINT('',(25.54226090604,21.4,5.824244966443));
#7055 = CARTESIAN_POINT('',(25.54226090604,21.4,6.154572147651));
#7056 = CARTESIAN_POINT('',(25.764156879195,21.4,6.355704697987));
#7057 = ORIENTED_EDGE('',*,*,#7008,.T.);
#7058 = ORIENTED_EDGE('',*,*,#2133,.F.);
#7059 = ORIENTED_EDGE('',*,*,#7060,.F.);
#7060 = EDGE_CURVE('',#7051,#2117,#7061,.T.);
#7061 = LINE('',#7062,#7063);
#7062 = CARTESIAN_POINT('',(25.764156879195,21.4,6.355704697987));
#7063 = VECTOR('',#7064,1.);
#7064 = DIRECTION('',(0.,1.,0.));
#7065 = SURFACE_OF_LINEAR_EXTRUSION('',#7066,#7070);
#7066 = B_SPLINE_CURVE_WITH_KNOTS('',2,(#7067,#7068,#7069),
  .UNSPECIFIED.,.F.,.F.,(3,3),(0.,1.),.PIECEWISE_BEZIER_KNOTS.);
#7067 = CARTESIAN_POINT('',(25.54226090604,21.4,5.824244966443));
#7068 = CARTESIAN_POINT('',(25.54226090604,21.4,6.154572147651));
#7069 = CARTESIAN_POINT('',(25.764156879195,21.4,6.355704697987));
#7070 = VECTOR('',#7071,1.);
#7071 = DIRECTION('',(0.,-1.,-0.));
#7072 = ADVANCED_FACE('',(#7073),#7091,.F.);
#7073 = FACE_BOUND('',#7074,.F.);
#7074 = EDGE_LOOP('',(#7075,#7083,#7089,#7090));
#7075 = ORIENTED_EDGE('',*,*,#7076,.F.);
#7076 = EDGE_CURVE('',#7077,#7025,#7079,.T.);
#7077 = VERTEX_POINT('',#7078);
#7078 = CARTESIAN_POINT('',(27.694106543624,21.4,6.073825503356));
#7079 = LINE('',#7080,#7081);
#7080 = CARTESIAN_POINT('',(27.694106543624,21.4,6.073825503356));
#7081 = VECTOR('',#7082,1.);
#7082 = DIRECTION('',(0.,0.,1.));
#7083 = ORIENTED_EDGE('',*,*,#7084,.T.);
#7084 = EDGE_CURVE('',#7077,#2087,#7085,.T.);
#7085 = LINE('',#7086,#7087);
#7086 = CARTESIAN_POINT('',(27.694106543624,21.4,6.073825503356));
#7087 = VECTOR('',#7088,1.);
#7088 = DIRECTION('',(0.,1.,0.));
#7089 = ORIENTED_EDGE('',*,*,#2086,.T.);
#7090 = ORIENTED_EDGE('',*,*,#7032,.F.);
#7091 = PLANE('',#7092);
#7092 = AXIS2_PLACEMENT_3D('',#7093,#7094,#7095);
#7093 = CARTESIAN_POINT('',(27.694106543624,21.4,6.073825503356));
#7094 = DIRECTION('',(1.,0.,0.));
#7095 = DIRECTION('',(0.,0.,1.));
#7096 = ADVANCED_FACE('',(#7097),#7115,.F.);
#7097 = FACE_BOUND('',#7098,.F.);
#7098 = EDGE_LOOP('',(#7099,#7107,#7108,#7109));
#7099 = ORIENTED_EDGE('',*,*,#7100,.F.);
#7100 = EDGE_CURVE('',#7051,#7101,#7103,.T.);
#7101 = VERTEX_POINT('',#7102);
#7102 = CARTESIAN_POINT('',(26.353921979866,21.4,6.557046979866));
#7103 = B_SPLINE_CURVE_WITH_KNOTS('',2,(#7104,#7105,#7106),
  .UNSPECIFIED.,.F.,.F.,(3,3),(0.,1.),.PIECEWISE_BEZIER_KNOTS.);
#7104 = CARTESIAN_POINT('',(25.764156879195,21.4,6.355704697987));
#7105 = CARTESIAN_POINT('',(25.985843120805,21.4,6.557046979866));
#7106 = CARTESIAN_POINT('',(26.353921979866,21.4,6.557046979866));
#7107 = ORIENTED_EDGE('',*,*,#7060,.T.);
#7108 = ORIENTED_EDGE('',*,*,#2116,.F.);
#7109 = ORIENTED_EDGE('',*,*,#7110,.F.);
#7110 = EDGE_CURVE('',#7101,#2106,#7111,.T.);
#7111 = LINE('',#7112,#7113);
#7112 = CARTESIAN_POINT('',(26.353921979866,21.4,6.557046979866));
#7113 = VECTOR('',#7114,1.);
#7114 = DIRECTION('',(0.,1.,0.));
#7115 = SURFACE_OF_LINEAR_EXTRUSION('',#7116,#7120);
#7116 = B_SPLINE_CURVE_WITH_KNOTS('',2,(#7117,#7118,#7119),
  .UNSPECIFIED.,.F.,.F.,(3,3),(0.,1.),.PIECEWISE_BEZIER_KNOTS.);
#7117 = CARTESIAN_POINT('',(25.764156879195,21.4,6.355704697987));
#7118 = CARTESIAN_POINT('',(25.985843120805,21.4,6.557046979866));
#7119 = CARTESIAN_POINT('',(26.353921979866,21.4,6.557046979866));
#7120 = VECTOR('',#7121,1.);
#7121 = DIRECTION('',(0.,-1.,-0.));
#7122 = ADVANCED_FACE('',(#7123),#7141,.F.);
#7123 = FACE_BOUND('',#7124,.F.);
#7124 = EDGE_LOOP('',(#7125,#7133,#7139,#7140));
#7125 = ORIENTED_EDGE('',*,*,#7126,.F.);
#7126 = EDGE_CURVE('',#7127,#7077,#7129,.T.);
#7127 = VERTEX_POINT('',#7128);
#7128 = CARTESIAN_POINT('',(26.973678691275,21.4,6.435402684564));
#7129 = B_SPLINE_CURVE_WITH_KNOTS('',2,(#7130,#7131,#7132),
  .UNSPECIFIED.,.F.,.F.,(3,3),(0.,1.),.PIECEWISE_BEZIER_KNOTS.);
#7130 = CARTESIAN_POINT('',(26.973678691275,21.4,6.435402684564));
#7131 = CARTESIAN_POINT('',(27.310297818792,21.4,6.313758389262));
#7132 = CARTESIAN_POINT('',(27.694106543624,21.4,6.073825503356));
#7133 = ORIENTED_EDGE('',*,*,#7134,.T.);
#7134 = EDGE_CURVE('',#7127,#2095,#7135,.T.);
#7135 = LINE('',#7136,#7137);
#7136 = CARTESIAN_POINT('',(26.973678691275,21.4,6.435402684564));
#7137 = VECTOR('',#7138,1.);
#7138 = DIRECTION('',(0.,1.,0.));
#7139 = ORIENTED_EDGE('',*,*,#2094,.F.);
#7140 = ORIENTED_EDGE('',*,*,#7084,.F.);
#7141 = SURFACE_OF_LINEAR_EXTRUSION('',#7142,#7146);
#7142 = B_SPLINE_CURVE_WITH_KNOTS('',2,(#7143,#7144,#7145),
  .UNSPECIFIED.,.F.,.F.,(3,3),(0.,1.),.PIECEWISE_BEZIER_KNOTS.);
#7143 = CARTESIAN_POINT('',(26.973678691275,21.4,6.435402684564));
#7144 = CARTESIAN_POINT('',(27.310297818792,21.4,6.313758389262));
#7145 = CARTESIAN_POINT('',(27.694106543624,21.4,6.073825503356));
#7146 = VECTOR('',#7147,1.);
#7147 = DIRECTION('',(0.,-1.,-0.));
#7148 = ADVANCED_FACE('',(#7149),#7160,.F.);
#7149 = FACE_BOUND('',#7150,.F.);
#7150 = EDGE_LOOP('',(#7151,#7157,#7158,#7159));
#7151 = ORIENTED_EDGE('',*,*,#7152,.F.);
#7152 = EDGE_CURVE('',#7101,#7127,#7153,.T.);
#7153 = B_SPLINE_CURVE_WITH_KNOTS('',2,(#7154,#7155,#7156),
  .UNSPECIFIED.,.F.,.F.,(3,3),(0.,1.),.PIECEWISE_BEZIER_KNOTS.);
#7154 = CARTESIAN_POINT('',(26.353921979866,21.4,6.557046979866));
#7155 = CARTESIAN_POINT('',(26.637059563758,21.4,6.557046979866));
#7156 = CARTESIAN_POINT('',(26.973678691275,21.4,6.435402684564));
#7157 = ORIENTED_EDGE('',*,*,#7110,.T.);
#7158 = ORIENTED_EDGE('',*,*,#2105,.F.);
#7159 = ORIENTED_EDGE('',*,*,#7134,.F.);
#7160 = SURFACE_OF_LINEAR_EXTRUSION('',#7161,#7165);
#7161 = B_SPLINE_CURVE_WITH_KNOTS('',2,(#7162,#7163,#7164),
  .UNSPECIFIED.,.F.,.F.,(3,3),(0.,1.),.PIECEWISE_BEZIER_KNOTS.);
#7162 = CARTESIAN_POINT('',(26.353921979866,21.4,6.557046979866));
#7163 = CARTESIAN_POINT('',(26.637059563758,21.4,6.557046979866));
#7164 = CARTESIAN_POINT('',(26.973678691275,21.4,6.435402684564));
#7165 = VECTOR('',#7166,1.);
#7166 = DIRECTION('',(0.,-1.,-0.));
#7167 = ADVANCED_FACE('',(#7168),#7193,.F.);
#7168 = FACE_BOUND('',#7169,.F.);
#7169 = EDGE_LOOP('',(#7170,#7180,#7186,#7187));
#7170 = ORIENTED_EDGE('',*,*,#7171,.F.);
#7171 = EDGE_CURVE('',#7172,#7174,#7176,.T.);
#7172 = VERTEX_POINT('',#7173);
#7173 = CARTESIAN_POINT('',(10.628041107383,21.4,3.48322147651));
#7174 = VERTEX_POINT('',#7175);
#7175 = CARTESIAN_POINT('',(9.558410234899,21.4,3.48322147651));
#7176 = LINE('',#7177,#7178);
#7177 = CARTESIAN_POINT('',(10.628041107383,21.4,3.48322147651));
#7178 = VECTOR('',#7179,1.);
#7179 = DIRECTION('',(-1.,0.,0.));
#7180 = ORIENTED_EDGE('',*,*,#7181,.T.);
#7181 = EDGE_CURVE('',#7172,#2207,#7182,.T.);
#7182 = LINE('',#7183,#7184);
#7183 = CARTESIAN_POINT('',(10.628041107383,21.4,3.48322147651));
#7184 = VECTOR('',#7185,1.);
#7185 = DIRECTION('',(0.,1.,0.));
#7186 = ORIENTED_EDGE('',*,*,#2206,.T.);
#7187 = ORIENTED_EDGE('',*,*,#7188,.F.);
#7188 = EDGE_CURVE('',#7174,#2209,#7189,.T.);
#7189 = LINE('',#7190,#7191);
#7190 = CARTESIAN_POINT('',(9.558410234899,21.4,3.48322147651));
#7191 = VECTOR('',#7192,1.);
#7192 = DIRECTION('',(0.,1.,0.));
#7193 = PLANE('',#7194);
#7194 = AXIS2_PLACEMENT_3D('',#7195,#7196,#7197);
#7195 = CARTESIAN_POINT('',(10.628041107383,21.4,3.48322147651));
#7196 = DIRECTION('',(0.,0.,1.));
#7197 = DIRECTION('',(-1.,0.,0.));
#7198 = ADVANCED_FACE('',(#7199),#7217,.F.);
#7199 = FACE_BOUND('',#7200,.F.);
#7200 = EDGE_LOOP('',(#7201,#7209,#7215,#7216));
#7201 = ORIENTED_EDGE('',*,*,#7202,.F.);
#7202 = EDGE_CURVE('',#7203,#7172,#7205,.T.);
#7203 = VERTEX_POINT('',#7204);
#7204 = CARTESIAN_POINT('',(10.628041107383,21.4,2.651006711409));
#7205 = LINE('',#7206,#7207);
#7206 = CARTESIAN_POINT('',(10.628041107383,21.4,2.651006711409));
#7207 = VECTOR('',#7208,1.);
#7208 = DIRECTION('',(0.,0.,1.));
#7209 = ORIENTED_EDGE('',*,*,#7210,.T.);
#7210 = EDGE_CURVE('',#7203,#2217,#7211,.T.);
#7211 = LINE('',#7212,#7213);
#7212 = CARTESIAN_POINT('',(10.628041107383,21.4,2.651006711409));
#7213 = VECTOR('',#7214,1.);
#7214 = DIRECTION('',(0.,1.,0.));
#7215 = ORIENTED_EDGE('',*,*,#2216,.T.);
#7216 = ORIENTED_EDGE('',*,*,#7181,.F.);
#7217 = PLANE('',#7218);
#7218 = AXIS2_PLACEMENT_3D('',#7219,#7220,#7221);
#7219 = CARTESIAN_POINT('',(10.628041107383,21.4,2.651006711409));
#7220 = DIRECTION('',(1.,0.,0.));
#7221 = DIRECTION('',(0.,0.,1.));
#7222 = ADVANCED_FACE('',(#7223),#7241,.F.);
#7223 = FACE_BOUND('',#7224,.F.);
#7224 = EDGE_LOOP('',(#7225,#7233,#7234,#7235));
#7225 = ORIENTED_EDGE('',*,*,#7226,.F.);
#7226 = EDGE_CURVE('',#7174,#7227,#7229,.T.);
#7227 = VERTEX_POINT('',#7228);
#7228 = CARTESIAN_POINT('',(9.558410234899,21.4,6.530201342282));
#7229 = LINE('',#7230,#7231);
#7230 = CARTESIAN_POINT('',(9.558410234899,21.4,3.48322147651));
#7231 = VECTOR('',#7232,1.);
#7232 = DIRECTION('',(0.,0.,1.));
#7233 = ORIENTED_EDGE('',*,*,#7188,.T.);
#7234 = ORIENTED_EDGE('',*,*,#2288,.T.);
#7235 = ORIENTED_EDGE('',*,*,#7236,.F.);
#7236 = EDGE_CURVE('',#7227,#2281,#7237,.T.);
#7237 = LINE('',#7238,#7239);
#7238 = CARTESIAN_POINT('',(9.558410234899,21.4,6.530201342282));
#7239 = VECTOR('',#7240,1.);
#7240 = DIRECTION('',(0.,1.,0.));
#7241 = PLANE('',#7242);
#7242 = AXIS2_PLACEMENT_3D('',#7243,#7244,#7245);
#7243 = CARTESIAN_POINT('',(9.558410234899,21.4,3.48322147651));
#7244 = DIRECTION('',(1.,0.,0.));
#7245 = DIRECTION('',(0.,0.,1.));
#7246 = ADVANCED_FACE('',(#7247),#7265,.F.);
#7247 = FACE_BOUND('',#7248,.F.);
#7248 = EDGE_LOOP('',(#7249,#7257,#7263,#7264));
#7249 = ORIENTED_EDGE('',*,*,#7250,.F.);
#7250 = EDGE_CURVE('',#7251,#7203,#7253,.T.);
#7251 = VERTEX_POINT('',#7252);
#7252 = CARTESIAN_POINT('',(7.343645134228,21.4,2.651006711409));
#7253 = LINE('',#7254,#7255);
#7254 = CARTESIAN_POINT('',(7.343645134228,21.4,2.651006711409));
#7255 = VECTOR('',#7256,1.);
#7256 = DIRECTION('',(1.,0.,0.));
#7257 = ORIENTED_EDGE('',*,*,#7258,.T.);
#7258 = EDGE_CURVE('',#7251,#2225,#7259,.T.);
#7259 = LINE('',#7260,#7261);
#7260 = CARTESIAN_POINT('',(7.343645134228,21.4,2.651006711409));
#7261 = VECTOR('',#7262,1.);
#7262 = DIRECTION('',(0.,1.,0.));
#7263 = ORIENTED_EDGE('',*,*,#2224,.T.);
#7264 = ORIENTED_EDGE('',*,*,#7210,.F.);
#7265 = PLANE('',#7266);
#7266 = AXIS2_PLACEMENT_3D('',#7267,#7268,#7269);
#7267 = CARTESIAN_POINT('',(7.343645134228,21.4,2.651006711409));
#7268 = DIRECTION('',(0.,0.,-1.));
#7269 = DIRECTION('',(1.,0.,0.));
#7270 = ADVANCED_FACE('',(#7271),#7289,.F.);
#7271 = FACE_BOUND('',#7272,.F.);
#7272 = EDGE_LOOP('',(#7273,#7281,#7282,#7283));
#7273 = ORIENTED_EDGE('',*,*,#7274,.F.);
#7274 = EDGE_CURVE('',#7227,#7275,#7277,.T.);
#7275 = VERTEX_POINT('',#7276);
#7276 = CARTESIAN_POINT('',(10.656354865772,21.4,6.302013422819));
#7277 = LINE('',#7278,#7279);
#7278 = CARTESIAN_POINT('',(9.558410234899,21.4,6.530201342282));
#7279 = VECTOR('',#7280,1.);
#7280 = DIRECTION('',(0.979078331663,0.,-0.203483710573));
#7281 = ORIENTED_EDGE('',*,*,#7236,.T.);
#7282 = ORIENTED_EDGE('',*,*,#2280,.T.);
#7283 = ORIENTED_EDGE('',*,*,#7284,.F.);
#7284 = EDGE_CURVE('',#7275,#2273,#7285,.T.);
#7285 = LINE('',#7286,#7287);
#7286 = CARTESIAN_POINT('',(10.656354865772,21.4,6.302013422819));
#7287 = VECTOR('',#7288,1.);
#7288 = DIRECTION('',(0.,1.,0.));
#7289 = PLANE('',#7290);
#7290 = AXIS2_PLACEMENT_3D('',#7291,#7292,#7293);
#7291 = CARTESIAN_POINT('',(9.558410234899,21.4,6.530201342282));
#7292 = DIRECTION('',(-0.203483710573,0.,-0.979078331663));
#7293 = DIRECTION('',(0.979078331663,0.,-0.203483710573));
#7294 = ADVANCED_FACE('',(#7295),#7313,.F.);
#7295 = FACE_BOUND('',#7296,.F.);
#7296 = EDGE_LOOP('',(#7297,#7305,#7311,#7312));
#7297 = ORIENTED_EDGE('',*,*,#7298,.F.);
#7298 = EDGE_CURVE('',#7299,#7251,#7301,.T.);
#7299 = VERTEX_POINT('',#7300);
#7300 = CARTESIAN_POINT('',(7.343645134228,21.4,3.48322147651));
#7301 = LINE('',#7302,#7303);
#7302 = CARTESIAN_POINT('',(7.343645134228,21.4,3.48322147651));
#7303 = VECTOR('',#7304,1.);
#7304 = DIRECTION('',(-0.,0.,-1.));
#7305 = ORIENTED_EDGE('',*,*,#7306,.T.);
#7306 = EDGE_CURVE('',#7299,#2233,#7307,.T.);
#7307 = LINE('',#7308,#7309);
#7308 = CARTESIAN_POINT('',(7.343645134228,21.4,3.48322147651));
#7309 = VECTOR('',#7310,1.);
#7310 = DIRECTION('',(0.,1.,0.));
#7311 = ORIENTED_EDGE('',*,*,#2232,.T.);
#7312 = ORIENTED_EDGE('',*,*,#7258,.F.);
#7313 = PLANE('',#7314);
#7314 = AXIS2_PLACEMENT_3D('',#7315,#7316,#7317);
#7315 = CARTESIAN_POINT('',(7.343645134228,21.4,3.48322147651));
#7316 = DIRECTION('',(-1.,0.,0.));
#7317 = DIRECTION('',(0.,0.,-1.));
#7318 = ADVANCED_FACE('',(#7319),#7337,.F.);
#7319 = FACE_BOUND('',#7320,.F.);
#7320 = EDGE_LOOP('',(#7321,#7329,#7330,#7331));
#7321 = ORIENTED_EDGE('',*,*,#7322,.F.);
#7322 = EDGE_CURVE('',#7275,#7323,#7325,.T.);
#7323 = VERTEX_POINT('',#7324);
#7324 = CARTESIAN_POINT('',(10.656354865772,21.4,7.120805369128));
#7325 = LINE('',#7326,#7327);
#7326 = CARTESIAN_POINT('',(10.656354865772,21.4,6.302013422819));
#7327 = VECTOR('',#7328,1.);
#7328 = DIRECTION('',(0.,0.,1.));
#7329 = ORIENTED_EDGE('',*,*,#7284,.T.);
#7330 = ORIENTED_EDGE('',*,*,#2272,.T.);
#7331 = ORIENTED_EDGE('',*,*,#7332,.F.);
#7332 = EDGE_CURVE('',#7323,#2265,#7333,.T.);
#7333 = LINE('',#7334,#7335);
#7334 = CARTESIAN_POINT('',(10.656354865772,21.4,7.120805369128));
#7335 = VECTOR('',#7336,1.);
#7336 = DIRECTION('',(0.,1.,0.));
#7337 = PLANE('',#7338);
#7338 = AXIS2_PLACEMENT_3D('',#7339,#7340,#7341);
#7339 = CARTESIAN_POINT('',(10.656354865772,21.4,6.302013422819));
#7340 = DIRECTION('',(1.,0.,0.));
#7341 = DIRECTION('',(0.,0.,1.));
#7342 = ADVANCED_FACE('',(#7343),#7361,.F.);
#7343 = FACE_BOUND('',#7344,.F.);
#7344 = EDGE_LOOP('',(#7345,#7353,#7359,#7360));
#7345 = ORIENTED_EDGE('',*,*,#7346,.F.);
#7346 = EDGE_CURVE('',#7347,#7299,#7349,.T.);
#7347 = VERTEX_POINT('',#7348);
#7348 = CARTESIAN_POINT('',(8.413276006711,21.4,3.48322147651));
#7349 = LINE('',#7350,#7351);
#7350 = CARTESIAN_POINT('',(8.413276006711,21.4,3.48322147651));
#7351 = VECTOR('',#7352,1.);
#7352 = DIRECTION('',(-1.,0.,0.));
#7353 = ORIENTED_EDGE('',*,*,#7354,.T.);
#7354 = EDGE_CURVE('',#7347,#2241,#7355,.T.);
#7355 = LINE('',#7356,#7357);
#7356 = CARTESIAN_POINT('',(8.413276006711,21.4,3.48322147651));
#7357 = VECTOR('',#7358,1.);
#7358 = DIRECTION('',(0.,1.,0.));
#7359 = ORIENTED_EDGE('',*,*,#2240,.T.);
#7360 = ORIENTED_EDGE('',*,*,#7306,.F.);
#7361 = PLANE('',#7362);
#7362 = AXIS2_PLACEMENT_3D('',#7363,#7364,#7365);
#7363 = CARTESIAN_POINT('',(8.413276006711,21.4,3.48322147651));
#7364 = DIRECTION('',(0.,0.,1.));
#7365 = DIRECTION('',(-1.,0.,0.));
#7366 = ADVANCED_FACE('',(#7367),#7385,.F.);
#7367 = FACE_BOUND('',#7368,.F.);
#7368 = EDGE_LOOP('',(#7369,#7377,#7378,#7379));
#7369 = ORIENTED_EDGE('',*,*,#7370,.F.);
#7370 = EDGE_CURVE('',#7323,#7371,#7373,.T.);
#7371 = VERTEX_POINT('',#7372);
#7372 = CARTESIAN_POINT('',(9.564702181208,21.4,7.348993288591));
#7373 = LINE('',#7374,#7375);
#7374 = CARTESIAN_POINT('',(10.656354865772,21.4,7.120805369128));
#7375 = VECTOR('',#7376,1.);
#7376 = DIRECTION('',(-0.978844086222,0.,0.204607563076));
#7377 = ORIENTED_EDGE('',*,*,#7332,.T.);
#7378 = ORIENTED_EDGE('',*,*,#2264,.T.);
#7379 = ORIENTED_EDGE('',*,*,#7380,.F.);
#7380 = EDGE_CURVE('',#7371,#2257,#7381,.T.);
#7381 = LINE('',#7382,#7383);
#7382 = CARTESIAN_POINT('',(9.564702181208,21.4,7.348993288591));
#7383 = VECTOR('',#7384,1.);
#7384 = DIRECTION('',(0.,1.,0.));
#7385 = PLANE('',#7386);
#7386 = AXIS2_PLACEMENT_3D('',#7387,#7388,#7389);
#7387 = CARTESIAN_POINT('',(10.656354865772,21.4,7.120805369128));
#7388 = DIRECTION('',(0.204607563076,0.,0.978844086222));
#7389 = DIRECTION('',(-0.978844086222,0.,0.204607563076));
#7390 = ADVANCED_FACE('',(#7391),#7409,.F.);
#7391 = FACE_BOUND('',#7392,.F.);
#7392 = EDGE_LOOP('',(#7393,#7401,#7407,#7408));
#7393 = ORIENTED_EDGE('',*,*,#7394,.F.);
#7394 = EDGE_CURVE('',#7395,#7347,#7397,.T.);
#7395 = VERTEX_POINT('',#7396);
#7396 = CARTESIAN_POINT('',(8.413276006711,21.4,7.348993288591));
#7397 = LINE('',#7398,#7399);
#7398 = CARTESIAN_POINT('',(8.413276006711,21.4,7.348993288591));
#7399 = VECTOR('',#7400,1.);
#7400 = DIRECTION('',(-0.,0.,-1.));
#7401 = ORIENTED_EDGE('',*,*,#7402,.T.);
#7402 = EDGE_CURVE('',#7395,#2249,#7403,.T.);
#7403 = LINE('',#7404,#7405);
#7404 = CARTESIAN_POINT('',(8.413276006711,21.4,7.348993288591));
#7405 = VECTOR('',#7406,1.);
#7406 = DIRECTION('',(0.,1.,0.));
#7407 = ORIENTED_EDGE('',*,*,#2248,.T.);
#7408 = ORIENTED_EDGE('',*,*,#7354,.F.);
#7409 = PLANE('',#7410);
#7410 = AXIS2_PLACEMENT_3D('',#7411,#7412,#7413);
#7411 = CARTESIAN_POINT('',(8.413276006711,21.4,7.348993288591));
#7412 = DIRECTION('',(-1.,0.,0.));
#7413 = DIRECTION('',(0.,0.,-1.));
#7414 = ADVANCED_FACE('',(#7415),#7426,.F.);
#7415 = FACE_BOUND('',#7416,.F.);
#7416 = EDGE_LOOP('',(#7417,#7423,#7424,#7425));
#7417 = ORIENTED_EDGE('',*,*,#7418,.F.);
#7418 = EDGE_CURVE('',#7371,#7395,#7419,.T.);
#7419 = LINE('',#7420,#7421);
#7420 = CARTESIAN_POINT('',(9.564702181208,21.4,7.348993288591));
#7421 = VECTOR('',#7422,1.);
#7422 = DIRECTION('',(-1.,0.,0.));
#7423 = ORIENTED_EDGE('',*,*,#7380,.T.);
#7424 = ORIENTED_EDGE('',*,*,#2256,.T.);
#7425 = ORIENTED_EDGE('',*,*,#7402,.F.);
#7426 = PLANE('',#7427);
#7427 = AXIS2_PLACEMENT_3D('',#7428,#7429,#7430);
#7428 = CARTESIAN_POINT('',(9.564702181208,21.4,7.348993288591));
#7429 = DIRECTION('',(0.,0.,1.));
#7430 = DIRECTION('',(-1.,0.,0.));
#7431 = ADVANCED_FACE('',(#7432),#7435,.F.);
#7432 = FACE_BOUND('',#7433,.F.);
#7433 = EDGE_LOOP('',(#7434));
#7434 = ORIENTED_EDGE('',*,*,#2332,.T.);
#7435 = PLANE('',#7436);
#7436 = AXIS2_PLACEMENT_3D('',#7437,#7438,#7439);
#7437 = CARTESIAN_POINT('',(90.8,17.32411613907,4.596194077713));
#7438 = DIRECTION('',(0.,0.707106781187,-0.707106781187));
#7439 = DIRECTION('',(1.,0.,0.));
#7440 = ADVANCED_FACE('',(#7441),#7444,.F.);
#7441 = FACE_BOUND('',#7442,.F.);
#7442 = EDGE_LOOP('',(#7443));
#7443 = ORIENTED_EDGE('',*,*,#2357,.T.);
#7444 = PLANE('',#7445);
#7445 = AXIS2_PLACEMENT_3D('',#7446,#7447,#7448);
#7446 = CARTESIAN_POINT('',(73.8,17.32411613907,4.596194077713));
#7447 = DIRECTION('',(0.,0.707106781187,-0.707106781187));
#7448 = DIRECTION('',(1.,0.,0.));
#7449 = ADVANCED_FACE('',(#7450),#7464,.F.);
#7450 = FACE_BOUND('',#7451,.F.);
#7451 = EDGE_LOOP('',(#7452,#7453,#7454,#7455,#7456,#7457,#7458,#7459,
    #7460,#7461,#7462,#7463));
#7452 = ORIENTED_EDGE('',*,*,#2630,.F.);
#7453 = ORIENTED_EDGE('',*,*,#2648,.F.);
#7454 = ORIENTED_EDGE('',*,*,#2383,.T.);
#7455 = ORIENTED_EDGE('',*,*,#2405,.F.);
#7456 = ORIENTED_EDGE('',*,*,#2439,.T.);
#7457 = ORIENTED_EDGE('',*,*,#2453,.T.);
#7458 = ORIENTED_EDGE('',*,*,#2479,.T.);
#7459 = ORIENTED_EDGE('',*,*,#2511,.T.);
#7460 = ORIENTED_EDGE('',*,*,#2534,.F.);
#7461 = ORIENTED_EDGE('',*,*,#2549,.T.);
#7462 = ORIENTED_EDGE('',*,*,#2583,.F.);
#7463 = ORIENTED_EDGE('',*,*,#2597,.F.);
#7464 = PLANE('',#7465);
#7465 = AXIS2_PLACEMENT_3D('',#7466,#7467,#7468);
#7466 = CARTESIAN_POINT('',(116.3,18.031222920257,3.889087296526));
#7467 = DIRECTION('',(0.,0.707106781187,-0.707106781187));
#7468 = DIRECTION('',(0.,0.707106781187,0.707106781187));
#7469 = ADVANCED_FACE('',(#7470),#7473,.F.);
#7470 = FACE_BOUND('',#7471,.F.);
#7471 = EDGE_LOOP('',(#7472));
#7472 = ORIENTED_EDGE('',*,*,#2670,.T.);
#7473 = PLANE('',#7474);
#7474 = AXIS2_PLACEMENT_3D('',#7475,#7476,#7477);
#7475 = CARTESIAN_POINT('',(107.8,17.32411613907,4.596194077713));
#7476 = DIRECTION('',(0.,0.707106781187,-0.707106781187));
#7477 = DIRECTION('',(1.,0.,0.));
#7478 = ADVANCED_FACE('',(#7479),#7493,.F.);
#7479 = FACE_BOUND('',#7480,.F.);
#7480 = EDGE_LOOP('',(#7481,#7482,#7483,#7484,#7485,#7486,#7487,#7488,
    #7489,#7490,#7491,#7492));
#7481 = ORIENTED_EDGE('',*,*,#2792,.F.);
#7482 = ORIENTED_EDGE('',*,*,#2752,.F.);
#7483 = ORIENTED_EDGE('',*,*,#2696,.T.);
#7484 = ORIENTED_EDGE('',*,*,#2718,.F.);
#7485 = ORIENTED_EDGE('',*,*,#2776,.T.);
#7486 = ORIENTED_EDGE('',*,*,#2814,.T.);
#7487 = ORIENTED_EDGE('',*,*,#2864,.T.);
#7488 = ORIENTED_EDGE('',*,*,#2920,.T.);
#7489 = ORIENTED_EDGE('',*,*,#2960,.F.);
#7490 = ORIENTED_EDGE('',*,*,#2934,.T.);
#7491 = ORIENTED_EDGE('',*,*,#2896,.F.);
#7492 = ORIENTED_EDGE('',*,*,#2838,.F.);
#7493 = PLANE('',#7494);
#7494 = AXIS2_PLACEMENT_3D('',#7495,#7496,#7497);
#7495 = CARTESIAN_POINT('',(99.3,18.031222920257,3.889087296526));
#7496 = DIRECTION('',(0.,0.707106781187,-0.707106781187));
#7497 = DIRECTION('',(0.,0.707106781187,0.707106781187));
#7498 = ADVANCED_FACE('',(#7499),#7513,.F.);
#7499 = FACE_BOUND('',#7500,.F.);
#7500 = EDGE_LOOP('',(#7501,#7502,#7503,#7504,#7505,#7506,#7507,#7508,
    #7509,#7510,#7511,#7512));
#7501 = ORIENTED_EDGE('',*,*,#3080,.F.);
#7502 = ORIENTED_EDGE('',*,*,#3040,.F.);
#7503 = ORIENTED_EDGE('',*,*,#2984,.T.);
#7504 = ORIENTED_EDGE('',*,*,#3006,.F.);
#7505 = ORIENTED_EDGE('',*,*,#3064,.T.);
#7506 = ORIENTED_EDGE('',*,*,#3102,.T.);
#7507 = ORIENTED_EDGE('',*,*,#3152,.T.);
#7508 = ORIENTED_EDGE('',*,*,#3208,.T.);
#7509 = ORIENTED_EDGE('',*,*,#3248,.F.);
#7510 = ORIENTED_EDGE('',*,*,#3222,.T.);
#7511 = ORIENTED_EDGE('',*,*,#3184,.F.);
#7512 = ORIENTED_EDGE('',*,*,#3126,.F.);
#7513 = PLANE('',#7514);
#7514 = AXIS2_PLACEMENT_3D('',#7515,#7516,#7517);
#7515 = CARTESIAN_POINT('',(82.3,18.031222920257,3.889087296526));
#7516 = DIRECTION('',(0.,0.707106781187,-0.707106781187));
#7517 = DIRECTION('',(0.,0.707106781187,0.707106781187));
#7518 = ADVANCED_FACE('',(#7519),#7533,.F.);
#7519 = FACE_BOUND('',#7520,.F.);
#7520 = EDGE_LOOP('',(#7521,#7522,#7523,#7524,#7525,#7526,#7527,#7528,
    #7529,#7530,#7531,#7532));
#7521 = ORIENTED_EDGE('',*,*,#3368,.F.);
#7522 = ORIENTED_EDGE('',*,*,#3328,.F.);
#7523 = ORIENTED_EDGE('',*,*,#3272,.T.);
#7524 = ORIENTED_EDGE('',*,*,#3294,.F.);
#7525 = ORIENTED_EDGE('',*,*,#3352,.T.);
#7526 = ORIENTED_EDGE('',*,*,#3390,.T.);
#7527 = ORIENTED_EDGE('',*,*,#3440,.T.);
#7528 = ORIENTED_EDGE('',*,*,#3496,.T.);
#7529 = ORIENTED_EDGE('',*,*,#3536,.F.);
#7530 = ORIENTED_EDGE('',*,*,#3510,.T.);
#7531 = ORIENTED_EDGE('',*,*,#3472,.F.);
#7532 = ORIENTED_EDGE('',*,*,#3414,.F.);
#7533 = PLANE('',#7534);
#7534 = AXIS2_PLACEMENT_3D('',#7535,#7536,#7537);
#7535 = CARTESIAN_POINT('',(65.3,18.031222920257,3.889087296526));
#7536 = DIRECTION('',(0.,0.707106781187,-0.707106781187));
#7537 = DIRECTION('',(0.,0.707106781187,0.707106781187));
#7538 = ADVANCED_FACE('',(#7539),#7542,.F.);
#7539 = FACE_BOUND('',#7540,.F.);
#7540 = EDGE_LOOP('',(#7541));
#7541 = ORIENTED_EDGE('',*,*,#3559,.T.);
#7542 = PLANE('',#7543);
#7543 = AXIS2_PLACEMENT_3D('',#7544,#7545,#7546);
#7544 = CARTESIAN_POINT('',(56.8,17.32411613907,4.596194077713));
#7545 = DIRECTION('',(0.,0.707106781187,-0.707106781187));
#7546 = DIRECTION('',(1.,0.,0.));
#7547 = ADVANCED_FACE('',(#7548),#7551,.F.);
#7548 = FACE_BOUND('',#7549,.F.);
#7549 = EDGE_LOOP('',(#7550));
#7550 = ORIENTED_EDGE('',*,*,#3584,.T.);
#7551 = PLANE('',#7552);
#7552 = AXIS2_PLACEMENT_3D('',#7553,#7554,#7555);
#7553 = CARTESIAN_POINT('',(39.8,17.32411613907,4.596194077713));
#7554 = DIRECTION('',(0.,0.707106781187,-0.707106781187));
#7555 = DIRECTION('',(1.,0.,0.));
#7556 = ADVANCED_FACE('',(#7557),#7560,.F.);
#7557 = FACE_BOUND('',#7558,.F.);
#7558 = EDGE_LOOP('',(#7559));
#7559 = ORIENTED_EDGE('',*,*,#3609,.T.);
#7560 = PLANE('',#7561);
#7561 = AXIS2_PLACEMENT_3D('',#7562,#7563,#7564);
#7562 = CARTESIAN_POINT('',(5.8,17.32411613907,4.596194077713));
#7563 = DIRECTION('',(0.,0.707106781187,-0.707106781187));
#7564 = DIRECTION('',(1.,0.,0.));
#7565 = ADVANCED_FACE('',(#7566),#7580,.F.);
#7566 = FACE_BOUND('',#7567,.F.);
#7567 = EDGE_LOOP('',(#7568,#7569,#7570,#7571,#7572,#7573,#7574,#7575,
    #7576,#7577,#7578,#7579));
#7568 = ORIENTED_EDGE('',*,*,#3731,.F.);
#7569 = ORIENTED_EDGE('',*,*,#3691,.F.);
#7570 = ORIENTED_EDGE('',*,*,#3635,.T.);
#7571 = ORIENTED_EDGE('',*,*,#3657,.F.);
#7572 = ORIENTED_EDGE('',*,*,#3715,.T.);
#7573 = ORIENTED_EDGE('',*,*,#3753,.T.);
#7574 = ORIENTED_EDGE('',*,*,#3803,.T.);
#7575 = ORIENTED_EDGE('',*,*,#3859,.T.);
#7576 = ORIENTED_EDGE('',*,*,#3899,.F.);
#7577 = ORIENTED_EDGE('',*,*,#3873,.T.);
#7578 = ORIENTED_EDGE('',*,*,#3835,.F.);
#7579 = ORIENTED_EDGE('',*,*,#3777,.F.);
#7580 = PLANE('',#7581);
#7581 = AXIS2_PLACEMENT_3D('',#7582,#7583,#7584);
#7582 = CARTESIAN_POINT('',(48.3,18.031222920257,3.889087296526));
#7583 = DIRECTION('',(0.,0.707106781187,-0.707106781187));
#7584 = DIRECTION('',(0.,0.707106781187,0.707106781187));
#7585 = ADVANCED_FACE('',(#7586),#7600,.F.);
#7586 = FACE_BOUND('',#7587,.F.);
#7587 = EDGE_LOOP('',(#7588,#7589,#7590,#7591,#7592,#7593,#7594,#7595,
    #7596,#7597,#7598,#7599));
#7588 = ORIENTED_EDGE('',*,*,#4019,.F.);
#7589 = ORIENTED_EDGE('',*,*,#3979,.F.);
#7590 = ORIENTED_EDGE('',*,*,#3923,.T.);
#7591 = ORIENTED_EDGE('',*,*,#3945,.F.);
#7592 = ORIENTED_EDGE('',*,*,#4003,.T.);
#7593 = ORIENTED_EDGE('',*,*,#4041,.T.);
#7594 = ORIENTED_EDGE('',*,*,#4091,.T.);
#7595 = ORIENTED_EDGE('',*,*,#4147,.T.);
#7596 = ORIENTED_EDGE('',*,*,#4187,.F.);
#7597 = ORIENTED_EDGE('',*,*,#4161,.T.);
#7598 = ORIENTED_EDGE('',*,*,#4123,.F.);
#7599 = ORIENTED_EDGE('',*,*,#4065,.F.);
#7600 = PLANE('',#7601);
#7601 = AXIS2_PLACEMENT_3D('',#7602,#7603,#7604);
#7602 = CARTESIAN_POINT('',(31.3,18.031222920257,3.889087296526));
#7603 = DIRECTION('',(0.,0.707106781187,-0.707106781187));
#7604 = DIRECTION('',(0.,0.707106781187,0.707106781187));
#7605 = ADVANCED_FACE('',(#7606),#7609,.F.);
#7606 = FACE_BOUND('',#7607,.F.);
#7607 = EDGE_LOOP('',(#7608));
#7608 = ORIENTED_EDGE('',*,*,#4210,.T.);
#7609 = PLANE('',#7610);
#7610 = AXIS2_PLACEMENT_3D('',#7611,#7612,#7613);
#7611 = CARTESIAN_POINT('',(22.8,17.32411613907,4.596194077713));
#7612 = DIRECTION('',(0.,0.707106781187,-0.707106781187));
#7613 = DIRECTION('',(1.,0.,0.));
#7614 = ADVANCED_FACE('',(#7615),#7629,.F.);
#7615 = FACE_BOUND('',#7616,.F.);
#7616 = EDGE_LOOP('',(#7617,#7618,#7619,#7620,#7621,#7622,#7623,#7624,
    #7625,#7626,#7627,#7628));
#7617 = ORIENTED_EDGE('',*,*,#4332,.F.);
#7618 = ORIENTED_EDGE('',*,*,#4292,.F.);
#7619 = ORIENTED_EDGE('',*,*,#4236,.T.);
#7620 = ORIENTED_EDGE('',*,*,#4258,.F.);
#7621 = ORIENTED_EDGE('',*,*,#4316,.T.);
#7622 = ORIENTED_EDGE('',*,*,#4354,.T.);
#7623 = ORIENTED_EDGE('',*,*,#4404,.T.);
#7624 = ORIENTED_EDGE('',*,*,#4460,.T.);
#7625 = ORIENTED_EDGE('',*,*,#4500,.F.);
#7626 = ORIENTED_EDGE('',*,*,#4474,.T.);
#7627 = ORIENTED_EDGE('',*,*,#4436,.F.);
#7628 = ORIENTED_EDGE('',*,*,#4378,.F.);
#7629 = PLANE('',#7630);
#7630 = AXIS2_PLACEMENT_3D('',#7631,#7632,#7633);
#7631 = CARTESIAN_POINT('',(14.3,18.031222920257,3.889087296526));
#7632 = DIRECTION('',(0.,0.707106781187,-0.707106781187));
#7633 = DIRECTION('',(0.,0.707106781187,0.707106781187));
#7634 = ADVANCED_FACE('',(#7635),#7644,.T.);
#7635 = FACE_BOUND('',#7636,.F.);
#7636 = EDGE_LOOP('',(#7637,#7638,#7639,#7640,#7641,#7642,#7643));
#7637 = ORIENTED_EDGE('',*,*,#4515,.T.);
#7638 = ORIENTED_EDGE('',*,*,#4546,.T.);
#7639 = ORIENTED_EDGE('',*,*,#4570,.T.);
#7640 = ORIENTED_EDGE('',*,*,#4594,.T.);
#7641 = ORIENTED_EDGE('',*,*,#4618,.T.);
#7642 = ORIENTED_EDGE('',*,*,#4642,.T.);
#7643 = ORIENTED_EDGE('',*,*,#4666,.T.);
#7644 = PLANE('',#7645);
#7645 = AXIS2_PLACEMENT_3D('',#7646,#7647,#7648);
#7646 = CARTESIAN_POINT('',(111.02161281405,21.4,5.498513888115));
#7647 = DIRECTION('',(0.,1.,0.));
#7648 = DIRECTION('',(-1.,0.,0.));
#7649 = ADVANCED_FACE('',(#7650,#7669),#7735,.T.);
#7650 = FACE_BOUND('',#7651,.F.);
#7651 = EDGE_LOOP('',(#7652,#7653,#7654,#7655,#7656,#7657,#7658,#7659,
    #7660,#7661,#7662,#7663,#7664,#7665,#7666,#7667,#7668));
#7652 = ORIENTED_EDGE('',*,*,#4683,.T.);
#7653 = ORIENTED_EDGE('',*,*,#4740,.T.);
#7654 = ORIENTED_EDGE('',*,*,#4792,.T.);
#7655 = ORIENTED_EDGE('',*,*,#4844,.T.);
#7656 = ORIENTED_EDGE('',*,*,#4896,.T.);
#7657 = ORIENTED_EDGE('',*,*,#4948,.T.);
#7658 = ORIENTED_EDGE('',*,*,#5000,.T.);
#7659 = ORIENTED_EDGE('',*,*,#5052,.T.);
#7660 = ORIENTED_EDGE('',*,*,#5104,.T.);
#7661 = ORIENTED_EDGE('',*,*,#5078,.T.);
#7662 = ORIENTED_EDGE('',*,*,#5026,.T.);
#7663 = ORIENTED_EDGE('',*,*,#4974,.T.);
#7664 = ORIENTED_EDGE('',*,*,#4922,.T.);
#7665 = ORIENTED_EDGE('',*,*,#4870,.T.);
#7666 = ORIENTED_EDGE('',*,*,#4818,.T.);
#7667 = ORIENTED_EDGE('',*,*,#4766,.T.);
#7668 = ORIENTED_EDGE('',*,*,#4714,.T.);
#7669 = FACE_BOUND('',#7670,.F.);
#7670 = EDGE_LOOP('',(#7671,#7681,#7689,#7697,#7705,#7713,#7721,#7729));
#7671 = ORIENTED_EDGE('',*,*,#7672,.T.);
#7672 = EDGE_CURVE('',#7673,#7675,#7677,.T.);
#7673 = VERTEX_POINT('',#7674);
#7674 = CARTESIAN_POINT('',(93.937080536913,21.4,4.979865771812));
#7675 = VERTEX_POINT('',#7676);
#7676 = CARTESIAN_POINT('',(94.41380033557,21.4,4.773489932886));
#7677 = B_SPLINE_CURVE_WITH_KNOTS('',2,(#7678,#7679,#7680),
  .UNSPECIFIED.,.F.,.F.,(3,3),(0.,1.),.PIECEWISE_BEZIER_KNOTS.);
#7678 = CARTESIAN_POINT('',(93.937080536913,21.4,4.979865771812));
#7679 = CARTESIAN_POINT('',(94.254823825503,21.4,4.979865771812));
#7680 = CARTESIAN_POINT('',(94.41380033557,21.4,4.773489932886));
#7681 = ORIENTED_EDGE('',*,*,#7682,.T.);
#7682 = EDGE_CURVE('',#7675,#7683,#7685,.T.);
#7683 = VERTEX_POINT('',#7684);
#7684 = CARTESIAN_POINT('',(94.572567114094,21.4,4.154362416107));
#7685 = B_SPLINE_CURVE_WITH_KNOTS('',2,(#7686,#7687,#7688),
  .UNSPECIFIED.,.F.,.F.,(3,3),(0.,1.),.PIECEWISE_BEZIER_KNOTS.);
#7686 = CARTESIAN_POINT('',(94.41380033557,21.4,4.773489932886));
#7687 = CARTESIAN_POINT('',(94.572567114094,21.4,4.56711409396));
#7688 = CARTESIAN_POINT('',(94.572567114094,21.4,4.154362416107));
#7689 = ORIENTED_EDGE('',*,*,#7690,.T.);
#7690 = EDGE_CURVE('',#7683,#7691,#7693,.T.);
#7691 = VERTEX_POINT('',#7692);
#7692 = CARTESIAN_POINT('',(94.41380033557,21.4,3.535234899329));
#7693 = B_SPLINE_CURVE_WITH_KNOTS('',2,(#7694,#7695,#7696),
  .UNSPECIFIED.,.F.,.F.,(3,3),(0.,1.),.PIECEWISE_BEZIER_KNOTS.);
#7694 = CARTESIAN_POINT('',(94.572567114094,21.4,4.154362416107));
#7695 = CARTESIAN_POINT('',(94.572567114094,21.4,3.741610738255));
#7696 = CARTESIAN_POINT('',(94.41380033557,21.4,3.535234899329));
#7697 = ORIENTED_EDGE('',*,*,#7698,.T.);
#7698 = EDGE_CURVE('',#7691,#7699,#7701,.T.);
#7699 = VERTEX_POINT('',#7700);
#7700 = CARTESIAN_POINT('',(93.937080536913,21.4,3.328859060403));
#7701 = B_SPLINE_CURVE_WITH_KNOTS('',2,(#7702,#7703,#7704),
  .UNSPECIFIED.,.F.,.F.,(3,3),(0.,1.),.PIECEWISE_BEZIER_KNOTS.);
#7702 = CARTESIAN_POINT('',(94.41380033557,21.4,3.535234899329));
#7703 = CARTESIAN_POINT('',(94.254823825503,21.4,3.328859060403));
#7704 = CARTESIAN_POINT('',(93.937080536913,21.4,3.328859060403));
#7705 = ORIENTED_EDGE('',*,*,#7706,.T.);
#7706 = EDGE_CURVE('',#7699,#7707,#7709,.T.);
#7707 = VERTEX_POINT('',#7708);
#7708 = CARTESIAN_POINT('',(93.457424496644,21.4,3.535234899329));
#7709 = B_SPLINE_CURVE_WITH_KNOTS('',2,(#7710,#7711,#7712),
  .UNSPECIFIED.,.F.,.F.,(3,3),(0.,1.),.PIECEWISE_BEZIER_KNOTS.);
#7710 = CARTESIAN_POINT('',(93.937080536913,21.4,3.328859060403));
#7711 = CARTESIAN_POINT('',(93.616191275168,21.4,3.328859060403));
#7712 = CARTESIAN_POINT('',(93.457424496644,21.4,3.535234899329));
#7713 = ORIENTED_EDGE('',*,*,#7714,.T.);
#7714 = EDGE_CURVE('',#7707,#7715,#7717,.T.);
#7715 = VERTEX_POINT('',#7716);
#7716 = CARTESIAN_POINT('',(93.298447986577,21.4,4.154362416107));
#7717 = B_SPLINE_CURVE_WITH_KNOTS('',2,(#7718,#7719,#7720),
  .UNSPECIFIED.,.F.,.F.,(3,3),(0.,1.),.PIECEWISE_BEZIER_KNOTS.);
#7718 = CARTESIAN_POINT('',(93.457424496644,21.4,3.535234899329));
#7719 = CARTESIAN_POINT('',(93.298447986577,21.4,3.741610738255));
#7720 = CARTESIAN_POINT('',(93.298447986577,21.4,4.154362416107));
#7721 = ORIENTED_EDGE('',*,*,#7722,.T.);
#7722 = EDGE_CURVE('',#7715,#7723,#7725,.T.);
#7723 = VERTEX_POINT('',#7724);
#7724 = CARTESIAN_POINT('',(93.457424496644,21.4,4.773489932886));
#7725 = B_SPLINE_CURVE_WITH_KNOTS('',2,(#7726,#7727,#7728),
  .UNSPECIFIED.,.F.,.F.,(3,3),(0.,1.),.PIECEWISE_BEZIER_KNOTS.);
#7726 = CARTESIAN_POINT('',(93.298447986577,21.4,4.154362416107));
#7727 = CARTESIAN_POINT('',(93.298447986577,21.4,4.56711409396));
#7728 = CARTESIAN_POINT('',(93.457424496644,21.4,4.773489932886));
#7729 = ORIENTED_EDGE('',*,*,#7730,.T.);
#7730 = EDGE_CURVE('',#7723,#7673,#7731,.T.);
#7731 = B_SPLINE_CURVE_WITH_KNOTS('',2,(#7732,#7733,#7734),
  .UNSPECIFIED.,.F.,.F.,(3,3),(0.,1.),.PIECEWISE_BEZIER_KNOTS.);
#7732 = CARTESIAN_POINT('',(93.457424496644,21.4,4.773489932886));
#7733 = CARTESIAN_POINT('',(93.616191275168,21.4,4.979865771812));
#7734 = CARTESIAN_POINT('',(93.937080536913,21.4,4.979865771812));
#7735 = PLANE('',#7736);
#7736 = AXIS2_PLACEMENT_3D('',#7737,#7738,#7739);
#7737 = CARTESIAN_POINT('',(93.943793394688,21.4,5.04289297013));
#7738 = DIRECTION('',(0.,1.,0.));
#7739 = DIRECTION('',(-1.,0.,0.));
#7740 = ADVANCED_FACE('',(#7741),#7765,.T.);
#7741 = FACE_BOUND('',#7742,.F.);
#7742 = EDGE_LOOP('',(#7743,#7744,#7745,#7746,#7747,#7748,#7749,#7750,
    #7751,#7752,#7753,#7754,#7755,#7756,#7757,#7758,#7759,#7760,#7761,
    #7762,#7763,#7764));
#7743 = ORIENTED_EDGE('',*,*,#5123,.T.);
#7744 = ORIENTED_EDGE('',*,*,#5178,.T.);
#7745 = ORIENTED_EDGE('',*,*,#5228,.T.);
#7746 = ORIENTED_EDGE('',*,*,#5278,.T.);
#7747 = ORIENTED_EDGE('',*,*,#5328,.T.);
#7748 = ORIENTED_EDGE('',*,*,#5380,.T.);
#7749 = ORIENTED_EDGE('',*,*,#5432,.T.);
#7750 = ORIENTED_EDGE('',*,*,#5484,.T.);
#7751 = ORIENTED_EDGE('',*,*,#5536,.T.);
#7752 = ORIENTED_EDGE('',*,*,#5588,.T.);
#7753 = ORIENTED_EDGE('',*,*,#5638,.T.);
#7754 = ORIENTED_EDGE('',*,*,#5664,.T.);
#7755 = ORIENTED_EDGE('',*,*,#5614,.T.);
#7756 = ORIENTED_EDGE('',*,*,#5562,.T.);
#7757 = ORIENTED_EDGE('',*,*,#5510,.T.);
#7758 = ORIENTED_EDGE('',*,*,#5458,.T.);
#7759 = ORIENTED_EDGE('',*,*,#5406,.T.);
#7760 = ORIENTED_EDGE('',*,*,#5354,.T.);
#7761 = ORIENTED_EDGE('',*,*,#5302,.T.);
#7762 = ORIENTED_EDGE('',*,*,#5252,.T.);
#7763 = ORIENTED_EDGE('',*,*,#5202,.T.);
#7764 = ORIENTED_EDGE('',*,*,#5154,.T.);
#7765 = PLANE('',#7766);
#7766 = AXIS2_PLACEMENT_3D('',#7767,#7768,#7769);
#7767 = CARTESIAN_POINT('',(77.109485825332,21.4,5.090430013838));
#7768 = DIRECTION('',(0.,1.,0.));
#7769 = DIRECTION('',(-1.,0.,0.));
#7770 = ADVANCED_FACE('',(#7771,#7784),#7810,.T.);
#7771 = FACE_BOUND('',#7772,.F.);
#7772 = EDGE_LOOP('',(#7773,#7774,#7775,#7776,#7777,#7778,#7779,#7780,
    #7781,#7782,#7783));
#7773 = ORIENTED_EDGE('',*,*,#5683,.T.);
#7774 = ORIENTED_EDGE('',*,*,#5738,.T.);
#7775 = ORIENTED_EDGE('',*,*,#5786,.T.);
#7776 = ORIENTED_EDGE('',*,*,#5834,.T.);
#7777 = ORIENTED_EDGE('',*,*,#5882,.T.);
#7778 = ORIENTED_EDGE('',*,*,#5930,.T.);
#7779 = ORIENTED_EDGE('',*,*,#5906,.T.);
#7780 = ORIENTED_EDGE('',*,*,#5858,.T.);
#7781 = ORIENTED_EDGE('',*,*,#5810,.T.);
#7782 = ORIENTED_EDGE('',*,*,#5762,.T.);
#7783 = ORIENTED_EDGE('',*,*,#5714,.T.);
#7784 = FACE_BOUND('',#7785,.F.);
#7785 = EDGE_LOOP('',(#7786,#7796,#7804));
#7786 = ORIENTED_EDGE('',*,*,#7787,.T.);
#7787 = EDGE_CURVE('',#7788,#7790,#7792,.T.);
#7788 = VERTEX_POINT('',#7789);
#7789 = CARTESIAN_POINT('',(59.86629614094,21.4,6.35067114094));
#7790 = VERTEX_POINT('',#7791);
#7791 = CARTESIAN_POINT('',(61.193896812081,21.4,4.38255033557));
#7792 = LINE('',#7793,#7794);
#7793 = CARTESIAN_POINT('',(59.86629614094,21.4,6.35067114094));
#7794 = VECTOR('',#7795,1.);
#7795 = DIRECTION('',(0.559217924246,0.,-0.82902069528));
#7796 = ORIENTED_EDGE('',*,*,#7797,.T.);
#7797 = EDGE_CURVE('',#7790,#7798,#7800,.T.);
#7798 = VERTEX_POINT('',#7799);
#7799 = CARTESIAN_POINT('',(59.86629614094,21.4,4.38255033557));
#7800 = LINE('',#7801,#7802);
#7801 = CARTESIAN_POINT('',(61.193896812081,21.4,4.38255033557));
#7802 = VECTOR('',#7803,1.);
#7803 = DIRECTION('',(-1.,0.,0.));
#7804 = ORIENTED_EDGE('',*,*,#7805,.T.);
#7805 = EDGE_CURVE('',#7798,#7788,#7806,.T.);
#7806 = LINE('',#7807,#7808);
#7807 = CARTESIAN_POINT('',(59.86629614094,21.4,4.38255033557));
#7808 = VECTOR('',#7809,1.);
#7809 = DIRECTION('',(0.,0.,1.));
#7810 = PLANE('',#7811);
#7811 = AXIS2_PLACEMENT_3D('',#7812,#7813,#7814);
#7812 = CARTESIAN_POINT('',(59.931297942238,21.4,4.873496097235));
#7813 = DIRECTION('',(0.,1.,0.));
#7814 = DIRECTION('',(-1.,0.,0.));
#7815 = ADVANCED_FACE('',(#7816),#7847,.T.);
#7816 = FACE_BOUND('',#7817,.F.);
#7817 = EDGE_LOOP('',(#7818,#7819,#7820,#7821,#7822,#7823,#7824,#7825,
    #7826,#7827,#7828,#7829,#7830,#7831,#7832,#7833,#7834,#7835,#7836,
    #7837,#7838,#7839,#7840,#7841,#7842,#7843,#7844,#7845,#7846));
#7818 = ORIENTED_EDGE('',*,*,#6006,.T.);
#7819 = ORIENTED_EDGE('',*,*,#5947,.T.);
#7820 = ORIENTED_EDGE('',*,*,#5980,.T.);
#7821 = ORIENTED_EDGE('',*,*,#6032,.T.);
#7822 = ORIENTED_EDGE('',*,*,#6084,.T.);
#7823 = ORIENTED_EDGE('',*,*,#6136,.T.);
#7824 = ORIENTED_EDGE('',*,*,#6188,.T.);
#7825 = ORIENTED_EDGE('',*,*,#6238,.T.);
#7826 = ORIENTED_EDGE('',*,*,#6290,.T.);
#7827 = ORIENTED_EDGE('',*,*,#6342,.T.);
#7828 = ORIENTED_EDGE('',*,*,#6392,.T.);
#7829 = ORIENTED_EDGE('',*,*,#6444,.T.);
#7830 = ORIENTED_EDGE('',*,*,#6496,.T.);
#7831 = ORIENTED_EDGE('',*,*,#6548,.T.);
#7832 = ORIENTED_EDGE('',*,*,#6598,.T.);
#7833 = ORIENTED_EDGE('',*,*,#6648,.T.);
#7834 = ORIENTED_EDGE('',*,*,#6672,.T.);
#7835 = ORIENTED_EDGE('',*,*,#6622,.T.);
#7836 = ORIENTED_EDGE('',*,*,#6572,.T.);
#7837 = ORIENTED_EDGE('',*,*,#6522,.T.);
#7838 = ORIENTED_EDGE('',*,*,#6470,.T.);
#7839 = ORIENTED_EDGE('',*,*,#6418,.T.);
#7840 = ORIENTED_EDGE('',*,*,#6368,.T.);
#7841 = ORIENTED_EDGE('',*,*,#6316,.T.);
#7842 = ORIENTED_EDGE('',*,*,#6264,.T.);
#7843 = ORIENTED_EDGE('',*,*,#6212,.T.);
#7844 = ORIENTED_EDGE('',*,*,#6162,.T.);
#7845 = ORIENTED_EDGE('',*,*,#6110,.T.);
#7846 = ORIENTED_EDGE('',*,*,#6058,.T.);
#7847 = PLANE('',#7848);
#7848 = AXIS2_PLACEMENT_3D('',#7849,#7850,#7851);
#7849 = CARTESIAN_POINT('',(43.000500472089,21.4,4.971984873138));
#7850 = DIRECTION('',(0.,1.,0.));
#7851 = DIRECTION('',(-1.,0.,0.));
#7852 = ADVANCED_FACE('',(#7853),#7874,.T.);
#7853 = FACE_BOUND('',#7854,.F.);
#7854 = EDGE_LOOP('',(#7855,#7856,#7857,#7858,#7859,#7860,#7861,#7862,
    #7863,#7864,#7865,#7866,#7867,#7868,#7869,#7870,#7871,#7872,#7873));
#7855 = ORIENTED_EDGE('',*,*,#6691,.T.);
#7856 = ORIENTED_EDGE('',*,*,#6746,.T.);
#7857 = ORIENTED_EDGE('',*,*,#6796,.T.);
#7858 = ORIENTED_EDGE('',*,*,#6846,.T.);
#7859 = ORIENTED_EDGE('',*,*,#6896,.T.);
#7860 = ORIENTED_EDGE('',*,*,#6946,.T.);
#7861 = ORIENTED_EDGE('',*,*,#6998,.T.);
#7862 = ORIENTED_EDGE('',*,*,#7050,.T.);
#7863 = ORIENTED_EDGE('',*,*,#7100,.T.);
#7864 = ORIENTED_EDGE('',*,*,#7152,.T.);
#7865 = ORIENTED_EDGE('',*,*,#7126,.T.);
#7866 = ORIENTED_EDGE('',*,*,#7076,.T.);
#7867 = ORIENTED_EDGE('',*,*,#7024,.T.);
#7868 = ORIENTED_EDGE('',*,*,#6972,.T.);
#7869 = ORIENTED_EDGE('',*,*,#6920,.T.);
#7870 = ORIENTED_EDGE('',*,*,#6870,.T.);
#7871 = ORIENTED_EDGE('',*,*,#6820,.T.);
#7872 = ORIENTED_EDGE('',*,*,#6770,.T.);
#7873 = ORIENTED_EDGE('',*,*,#6722,.T.);
#7874 = PLANE('',#7875);
#7875 = AXIS2_PLACEMENT_3D('',#7876,#7877,#7878);
#7876 = CARTESIAN_POINT('',(25.979492300074,21.4,4.842801317794));
#7877 = DIRECTION('',(0.,1.,0.));
#7878 = DIRECTION('',(-1.,0.,0.));
#7879 = ADVANCED_FACE('',(#7880),#7893,.T.);
#7880 = FACE_BOUND('',#7881,.F.);
#7881 = EDGE_LOOP('',(#7882,#7883,#7884,#7885,#7886,#7887,#7888,#7889,
    #7890,#7891,#7892));
#7882 = ORIENTED_EDGE('',*,*,#7171,.T.);
#7883 = ORIENTED_EDGE('',*,*,#7226,.T.);
#7884 = ORIENTED_EDGE('',*,*,#7274,.T.);
#7885 = ORIENTED_EDGE('',*,*,#7322,.T.);
#7886 = ORIENTED_EDGE('',*,*,#7370,.T.);
#7887 = ORIENTED_EDGE('',*,*,#7418,.T.);
#7888 = ORIENTED_EDGE('',*,*,#7394,.T.);
#7889 = ORIENTED_EDGE('',*,*,#7346,.T.);
#7890 = ORIENTED_EDGE('',*,*,#7298,.T.);
#7891 = ORIENTED_EDGE('',*,*,#7250,.T.);
#7892 = ORIENTED_EDGE('',*,*,#7202,.T.);
#7893 = PLANE('',#7894);
#7894 = AXIS2_PLACEMENT_3D('',#7895,#7896,#7897);
#7895 = CARTESIAN_POINT('',(9.173379812693,21.4,4.760460791951));
#7896 = DIRECTION('',(0.,1.,0.));
#7897 = DIRECTION('',(-1.,0.,0.));
#7898 = ADVANCED_FACE('',(#7899),#7933,.F.);
#7899 = FACE_BOUND('',#7900,.F.);
#7900 = EDGE_LOOP('',(#7901,#7902,#7910,#7927));
#7901 = ORIENTED_EDGE('',*,*,#7672,.F.);
#7902 = ORIENTED_EDGE('',*,*,#7903,.T.);
#7903 = EDGE_CURVE('',#7673,#7904,#7906,.T.);
#7904 = VERTEX_POINT('',#7905);
#7905 = CARTESIAN_POINT('',(93.937080536913,22.,4.979865771812));
#7906 = LINE('',#7907,#7908);
#7907 = CARTESIAN_POINT('',(93.937080536913,21.4,4.979865771812));
#7908 = VECTOR('',#7909,1.);
#7909 = DIRECTION('',(0.,1.,0.));
#7910 = ORIENTED_EDGE('',*,*,#7911,.F.);
#7911 = EDGE_CURVE('',#7912,#7904,#7914,.T.);
#7912 = VERTEX_POINT('',#7913);
#7913 = CARTESIAN_POINT('',(94.41380033557,22.,4.773489932886));
#7914 = B_SPLINE_CURVE_WITH_KNOTS('',6,(#7915,#7916,#7917,#7918,#7919,
    #7920,#7921,#7922,#7923,#7924,#7925,#7926),.UNSPECIFIED.,.F.,.F.,(7,
    5,7),(0.,0.252769867655,1.),.UNSPECIFIED.);
#7915 = CARTESIAN_POINT('',(94.41380033557,22.,4.773489932886));
#7916 = CARTESIAN_POINT('',(94.40029772434,22.,4.791018388625));
#7917 = CARTESIAN_POINT('',(94.386070309952,22.,4.807702511725));
#7918 = CARTESIAN_POINT('',(94.371119786908,22.,4.823521097833));
#7919 = CARTESIAN_POINT('',(94.355451377175,22.,4.838456790913));
#7920 = CARTESIAN_POINT('',(94.33907383018,22.,4.852496083247));
#7921 = CARTESIAN_POINT('',(94.271524610331,22.,4.904453352961));
#7922 = CARTESIAN_POINT('',(94.214946423306,22.,4.935370660807));
#7923 = CARTESIAN_POINT('',(94.15261011539,22.,4.958102886863));
#7924 = CARTESIAN_POINT('',(94.085072488606,22.,4.972796904045));
#7925 = CARTESIAN_POINT('',(94.012998541249,22.,4.979865771812));
#7926 = CARTESIAN_POINT('',(93.937080536913,22.,4.979865771812));
#7927 = ORIENTED_EDGE('',*,*,#7928,.F.);
#7928 = EDGE_CURVE('',#7675,#7912,#7929,.T.);
#7929 = LINE('',#7930,#7931);
#7930 = CARTESIAN_POINT('',(94.41380033557,21.4,4.773489932886));
#7931 = VECTOR('',#7932,1.);
#7932 = DIRECTION('',(0.,1.,0.));
#7933 = SURFACE_OF_LINEAR_EXTRUSION('',#7934,#7938);
#7934 = B_SPLINE_CURVE_WITH_KNOTS('',2,(#7935,#7936,#7937),
  .UNSPECIFIED.,.F.,.F.,(3,3),(0.,1.),.PIECEWISE_BEZIER_KNOTS.);
#7935 = CARTESIAN_POINT('',(93.937080536913,21.4,4.979865771812));
#7936 = CARTESIAN_POINT('',(94.254823825503,21.4,4.979865771812));
#7937 = CARTESIAN_POINT('',(94.41380033557,21.4,4.773489932886));
#7938 = VECTOR('',#7939,1.);
#7939 = DIRECTION('',(0.,-1.,-0.));
#7940 = ADVANCED_FACE('',(#7941),#7966,.F.);
#7941 = FACE_BOUND('',#7942,.F.);
#7942 = EDGE_LOOP('',(#7943,#7944,#7945,#7960));
#7943 = ORIENTED_EDGE('',*,*,#7682,.F.);
#7944 = ORIENTED_EDGE('',*,*,#7928,.T.);
#7945 = ORIENTED_EDGE('',*,*,#7946,.F.);
#7946 = EDGE_CURVE('',#7947,#7912,#7949,.T.);
#7947 = VERTEX_POINT('',#7948);
#7948 = CARTESIAN_POINT('',(94.572567114094,22.,4.154362416107));
#7949 = B_SPLINE_CURVE_WITH_KNOTS('',5,(#7950,#7951,#7952,#7953,#7954,
    #7955,#7956,#7957,#7958,#7959),.UNSPECIFIED.,.F.,.F.,(6,4,6),(0.,
    0.533762141696,1.),.UNSPECIFIED.);
#7950 = CARTESIAN_POINT('',(94.572567114094,22.,4.154362416107));
#7951 = CARTESIAN_POINT('',(94.572567114094,22.,4.23559096622));
#7952 = CARTESIAN_POINT('',(94.568723651535,22.,4.313847258183));
#7953 = CARTESIAN_POINT('',(94.560656149582,22.,4.388646193023));
#7954 = CARTESIAN_POINT('',(94.547950788174,22.,4.459367456792));
#7955 = CARTESIAN_POINT('',(94.514871856412,22.,4.583029066212));
#7956 = CARTESIAN_POINT('',(94.495671450506,22.,4.637088723449));
#7957 = CARTESIAN_POINT('',(94.472490070092,22.,4.687116911211));
#7958 = CARTESIAN_POINT('',(94.445190104225,22.,4.732687380236));
#7959 = CARTESIAN_POINT('',(94.41380033557,22.,4.773489932886));
#7960 = ORIENTED_EDGE('',*,*,#7961,.F.);
#7961 = EDGE_CURVE('',#7683,#7947,#7962,.T.);
#7962 = LINE('',#7963,#7964);
#7963 = CARTESIAN_POINT('',(94.572567114094,21.4,4.154362416107));
#7964 = VECTOR('',#7965,1.);
#7965 = DIRECTION('',(0.,1.,0.));
#7966 = SURFACE_OF_LINEAR_EXTRUSION('',#7967,#7971);
#7967 = B_SPLINE_CURVE_WITH_KNOTS('',2,(#7968,#7969,#7970),
  .UNSPECIFIED.,.F.,.F.,(3,3),(0.,1.),.PIECEWISE_BEZIER_KNOTS.);
#7968 = CARTESIAN_POINT('',(94.41380033557,21.4,4.773489932886));
#7969 = CARTESIAN_POINT('',(94.572567114094,21.4,4.56711409396));
#7970 = CARTESIAN_POINT('',(94.572567114094,21.4,4.154362416107));
#7971 = VECTOR('',#7972,1.);
#7972 = DIRECTION('',(0.,-1.,-0.));
#7973 = ADVANCED_FACE('',(#7974),#7999,.F.);
#7974 = FACE_BOUND('',#7975,.F.);
#7975 = EDGE_LOOP('',(#7976,#7977,#7978,#7993));
#7976 = ORIENTED_EDGE('',*,*,#7690,.F.);
#7977 = ORIENTED_EDGE('',*,*,#7961,.T.);
#7978 = ORIENTED_EDGE('',*,*,#7979,.F.);
#7979 = EDGE_CURVE('',#7980,#7947,#7982,.T.);
#7980 = VERTEX_POINT('',#7981);
#7981 = CARTESIAN_POINT('',(94.41380033557,22.,3.535234899329));
#7982 = B_SPLINE_CURVE_WITH_KNOTS('',5,(#7983,#7984,#7985,#7986,#7987,
    #7988,#7989,#7990,#7991,#7992),.UNSPECIFIED.,.F.,.F.,(6,4,6),(0.,
    0.468219405834,1.),.UNSPECIFIED.);
#7983 = CARTESIAN_POINT('',(94.41380033557,22.,3.535234899329));
#7984 = CARTESIAN_POINT('',(94.445323511751,22.,3.57621086414));
#7985 = CARTESIAN_POINT('',(94.472722053939,22.,3.621995372936));
#7986 = CARTESIAN_POINT('',(94.49596679236,22.,3.672274214274));
#7987 = CARTESIAN_POINT('',(94.515197828286,22.,3.726615204147));
#7988 = CARTESIAN_POINT('',(94.548139090005,22.,3.850407933681));
#7989 = CARTESIAN_POINT('',(94.560745816483,22.,3.920911879745));
#7990 = CARTESIAN_POINT('',(94.568752141515,22.,3.995458658263));
#7991 = CARTESIAN_POINT('',(94.572567114094,22.,4.07343542171));
#7992 = CARTESIAN_POINT('',(94.572567114094,22.,4.154362416107));
#7993 = ORIENTED_EDGE('',*,*,#7994,.F.);
#7994 = EDGE_CURVE('',#7691,#7980,#7995,.T.);
#7995 = LINE('',#7996,#7997);
#7996 = CARTESIAN_POINT('',(94.41380033557,21.4,3.535234899329));
#7997 = VECTOR('',#7998,1.);
#7998 = DIRECTION('',(0.,1.,0.));
#7999 = SURFACE_OF_LINEAR_EXTRUSION('',#8000,#8004);
#8000 = B_SPLINE_CURVE_WITH_KNOTS('',2,(#8001,#8002,#8003),
  .UNSPECIFIED.,.F.,.F.,(3,3),(0.,1.),.PIECEWISE_BEZIER_KNOTS.);
#8001 = CARTESIAN_POINT('',(94.572567114094,21.4,4.154362416107));
#8002 = CARTESIAN_POINT('',(94.572567114094,21.4,3.741610738255));
#8003 = CARTESIAN_POINT('',(94.41380033557,21.4,3.535234899329));
#8004 = VECTOR('',#8005,1.);
#8005 = DIRECTION('',(0.,-1.,-0.));
#8006 = ADVANCED_FACE('',(#8007),#8034,.F.);
#8007 = FACE_BOUND('',#8008,.F.);
#8008 = EDGE_LOOP('',(#8009,#8010,#8011,#8028));
#8009 = ORIENTED_EDGE('',*,*,#7698,.F.);
#8010 = ORIENTED_EDGE('',*,*,#7994,.T.);
#8011 = ORIENTED_EDGE('',*,*,#8012,.F.);
#8012 = EDGE_CURVE('',#8013,#7980,#8015,.T.);
#8013 = VERTEX_POINT('',#8014);
#8014 = CARTESIAN_POINT('',(93.937080536913,22.,3.328859060403));
#8015 = B_SPLINE_CURVE_WITH_KNOTS('',6,(#8016,#8017,#8018,#8019,#8020,
    #8021,#8022,#8023,#8024,#8025,#8026,#8027),.UNSPECIFIED.,.F.,.F.,(7,
    5,7),(0.,0.747230132345,1.),.UNSPECIFIED.);
#8016 = CARTESIAN_POINT('',(93.937080536913,22.,3.328859060403));
#8017 = CARTESIAN_POINT('',(94.012998541249,22.,3.328859060403));
#8018 = CARTESIAN_POINT('',(94.085072488606,22.,3.335927928169));
#8019 = CARTESIAN_POINT('',(94.15261011539,22.,3.350621945351));
#8020 = CARTESIAN_POINT('',(94.214946423306,22.,3.373354171408));
#8021 = CARTESIAN_POINT('',(94.271524610331,22.,3.404271479254));
#8022 = CARTESIAN_POINT('',(94.33907383018,22.,3.456228748968));
#8023 = CARTESIAN_POINT('',(94.355451377175,22.,3.470268041302));
#8024 = CARTESIAN_POINT('',(94.371119786908,22.,3.485203734382));
#8025 = CARTESIAN_POINT('',(94.386070309952,22.,3.501022320489));
#8026 = CARTESIAN_POINT('',(94.40029772434,22.,3.51770644359));
#8027 = CARTESIAN_POINT('',(94.41380033557,22.,3.535234899329));
#8028 = ORIENTED_EDGE('',*,*,#8029,.F.);
#8029 = EDGE_CURVE('',#7699,#8013,#8030,.T.);
#8030 = LINE('',#8031,#8032);
#8031 = CARTESIAN_POINT('',(93.937080536913,21.4,3.328859060403));
#8032 = VECTOR('',#8033,1.);
#8033 = DIRECTION('',(0.,1.,0.));
#8034 = SURFACE_OF_LINEAR_EXTRUSION('',#8035,#8039);
#8035 = B_SPLINE_CURVE_WITH_KNOTS('',2,(#8036,#8037,#8038),
  .UNSPECIFIED.,.F.,.F.,(3,3),(0.,1.),.PIECEWISE_BEZIER_KNOTS.);
#8036 = CARTESIAN_POINT('',(94.41380033557,21.4,3.535234899329));
#8037 = CARTESIAN_POINT('',(94.254823825503,21.4,3.328859060403));
#8038 = CARTESIAN_POINT('',(93.937080536913,21.4,3.328859060403));
#8039 = VECTOR('',#8040,1.);
#8040 = DIRECTION('',(0.,-1.,-0.));
#8041 = ADVANCED_FACE('',(#8042),#8069,.F.);
#8042 = FACE_BOUND('',#8043,.F.);
#8043 = EDGE_LOOP('',(#8044,#8045,#8046,#8063));
#8044 = ORIENTED_EDGE('',*,*,#7706,.F.);
#8045 = ORIENTED_EDGE('',*,*,#8029,.T.);
#8046 = ORIENTED_EDGE('',*,*,#8047,.F.);
#8047 = EDGE_CURVE('',#8048,#8013,#8050,.T.);
#8048 = VERTEX_POINT('',#8049);
#8049 = CARTESIAN_POINT('',(93.457424496644,22.,3.535234899329));
#8050 = B_SPLINE_CURVE_WITH_KNOTS('',6,(#8051,#8052,#8053,#8054,#8055,
    #8056,#8057,#8058,#8059,#8060,#8061,#8062),.UNSPECIFIED.,.F.,.F.,(7,
    5,7),(0.,0.240687546255,1.),.UNSPECIFIED.);
#8051 = CARTESIAN_POINT('',(93.457424496644,22.,3.535234899329));
#8052 = CARTESIAN_POINT('',(93.470281594933,22.,3.518522369981));
#8053 = CARTESIAN_POINT('',(93.483809769605,22.,3.502578683354));
#8054 = CARTESIAN_POINT('',(93.498007355737,22.,3.487422160445));
#8055 = CARTESIAN_POINT('',(93.512869680078,22.,3.473067888777));
#8056 = CARTESIAN_POINT('',(93.528389061044,22.,3.459527722397));
#8057 = CARTESIAN_POINT('',(93.595553930736,22.,3.406689755849));
#8058 = CARTESIAN_POINT('',(93.653000595445,22.,3.374745215807));
#8059 = CARTESIAN_POINT('',(93.716528329485,22.,3.351280601573));
#8060 = CARTESIAN_POINT('',(93.785534609307,22.,3.336134222028));
#8061 = CARTESIAN_POINT('',(93.859300196275,22.,3.328859060403));
#8062 = CARTESIAN_POINT('',(93.937080536913,22.,3.328859060403));
#8063 = ORIENTED_EDGE('',*,*,#8064,.F.);
#8064 = EDGE_CURVE('',#7707,#8048,#8065,.T.);
#8065 = LINE('',#8066,#8067);
#8066 = CARTESIAN_POINT('',(93.457424496644,21.4,3.535234899329));
#8067 = VECTOR('',#8068,1.);
#8068 = DIRECTION('',(0.,1.,0.));
#8069 = SURFACE_OF_LINEAR_EXTRUSION('',#8070,#8074);
#8070 = B_SPLINE_CURVE_WITH_KNOTS('',2,(#8071,#8072,#8073),
  .UNSPECIFIED.,.F.,.F.,(3,3),(0.,1.),.PIECEWISE_BEZIER_KNOTS.);
#8071 = CARTESIAN_POINT('',(93.937080536913,21.4,3.328859060403));
#8072 = CARTESIAN_POINT('',(93.616191275168,21.4,3.328859060403));
#8073 = CARTESIAN_POINT('',(93.457424496644,21.4,3.535234899329));
#8074 = VECTOR('',#8075,1.);
#8075 = DIRECTION('',(0.,-1.,-0.));
#8076 = ADVANCED_FACE('',(#8077),#8102,.F.);
#8077 = FACE_BOUND('',#8078,.F.);
#8078 = EDGE_LOOP('',(#8079,#8080,#8081,#8096));
#8079 = ORIENTED_EDGE('',*,*,#7714,.F.);
#8080 = ORIENTED_EDGE('',*,*,#8064,.T.);
#8081 = ORIENTED_EDGE('',*,*,#8082,.F.);
#8082 = EDGE_CURVE('',#8083,#8048,#8085,.T.);
#8083 = VERTEX_POINT('',#8084);
#8084 = CARTESIAN_POINT('',(93.298447986577,22.,4.154362416107));
#8085 = B_SPLINE_CURVE_WITH_KNOTS('',5,(#8086,#8087,#8088,#8089,#8090,
    #8091,#8092,#8093,#8094,#8095),.UNSPECIFIED.,.F.,.F.,(6,4,6),(0.,
    0.533749188065,1.),.UNSPECIFIED.);
#8086 = CARTESIAN_POINT('',(93.298447986577,22.,4.154362416107));
#8087 = CARTESIAN_POINT('',(93.298447986577,22.,4.073133226382));
#8088 = CARTESIAN_POINT('',(93.302296587473,22.,3.99487633079));
#8089 = CARTESIAN_POINT('',(93.310374876866,22.,3.920077119476));
#8090 = CARTESIAN_POINT('',(93.323097138199,22.,3.84935622762));
#8091 = CARTESIAN_POINT('',(93.356219995222,22.,3.725693767493));
#8092 = CARTESIAN_POINT('',(93.375446374517,22.,3.671633060791));
#8093 = CARTESIAN_POINT('',(93.398658818203,22.,3.621604957222));
#8094 = CARTESIAN_POINT('',(93.425994671764,22.,3.576035621864));
#8095 = CARTESIAN_POINT('',(93.457424496644,22.,3.535234899329));
#8096 = ORIENTED_EDGE('',*,*,#8097,.F.);
#8097 = EDGE_CURVE('',#7715,#8083,#8098,.T.);
#8098 = LINE('',#8099,#8100);
#8099 = CARTESIAN_POINT('',(93.298447986577,21.4,4.154362416107));
#8100 = VECTOR('',#8101,1.);
#8101 = DIRECTION('',(0.,1.,0.));
#8102 = SURFACE_OF_LINEAR_EXTRUSION('',#8103,#8107);
#8103 = B_SPLINE_CURVE_WITH_KNOTS('',2,(#8104,#8105,#8106),
  .UNSPECIFIED.,.F.,.F.,(3,3),(0.,1.),.PIECEWISE_BEZIER_KNOTS.);
#8104 = CARTESIAN_POINT('',(93.457424496644,21.4,3.535234899329));
#8105 = CARTESIAN_POINT('',(93.298447986577,21.4,3.741610738255));
#8106 = CARTESIAN_POINT('',(93.298447986577,21.4,4.154362416107));
#8107 = VECTOR('',#8108,1.);
#8108 = DIRECTION('',(0.,-1.,-0.));
#8109 = ADVANCED_FACE('',(#8110),#8135,.F.);
#8110 = FACE_BOUND('',#8111,.F.);
#8111 = EDGE_LOOP('',(#8112,#8113,#8114,#8129));
#8112 = ORIENTED_EDGE('',*,*,#7722,.F.);
#8113 = ORIENTED_EDGE('',*,*,#8097,.T.);
#8114 = ORIENTED_EDGE('',*,*,#8115,.F.);
#8115 = EDGE_CURVE('',#8116,#8083,#8118,.T.);
#8116 = VERTEX_POINT('',#8117);
#8117 = CARTESIAN_POINT('',(93.457424496644,22.,4.773489932886));
#8118 = B_SPLINE_CURVE_WITH_KNOTS('',5,(#8119,#8120,#8121,#8122,#8123,
    #8124,#8125,#8126,#8127,#8128),.UNSPECIFIED.,.F.,.F.,(6,4,6),(0.,
    0.468232343326,1.),.UNSPECIFIED.);
#8119 = CARTESIAN_POINT('',(93.457424496644,22.,4.773489932886));
#8120 = CARTESIAN_POINT('',(93.425861098673,22.,4.732515812037));
#8121 = CARTESIAN_POINT('',(93.398426537413,22.,4.686732446144));
#8122 = CARTESIAN_POINT('',(93.375150647182,22.,4.63645368911));
#8123 = CARTESIAN_POINT('',(93.35589359373,22.,4.582111640782));
#8124 = CARTESIAN_POINT('',(93.322908582507,22.,4.458318033166));
#8125 = CARTESIAN_POINT('',(93.31028508893,22.,4.387814454488));
#8126 = CARTESIAN_POINT('',(93.302268058496,22.,4.313267402849));
#8127 = CARTESIAN_POINT('',(93.298447986577,22.,4.235290043964));
#8128 = CARTESIAN_POINT('',(93.298447986577,22.,4.154362416107));
#8129 = ORIENTED_EDGE('',*,*,#8130,.F.);
#8130 = EDGE_CURVE('',#7723,#8116,#8131,.T.);
#8131 = LINE('',#8132,#8133);
#8132 = CARTESIAN_POINT('',(93.457424496644,21.4,4.773489932886));
#8133 = VECTOR('',#8134,1.);
#8134 = DIRECTION('',(0.,1.,0.));
#8135 = SURFACE_OF_LINEAR_EXTRUSION('',#8136,#8140);
#8136 = B_SPLINE_CURVE_WITH_KNOTS('',2,(#8137,#8138,#8139),
  .UNSPECIFIED.,.F.,.F.,(3,3),(0.,1.),.PIECEWISE_BEZIER_KNOTS.);
#8137 = CARTESIAN_POINT('',(93.298447986577,21.4,4.154362416107));
#8138 = CARTESIAN_POINT('',(93.298447986577,21.4,4.56711409396));
#8139 = CARTESIAN_POINT('',(93.457424496644,21.4,4.773489932886));
#8140 = VECTOR('',#8141,1.);
#8141 = DIRECTION('',(0.,-1.,-0.));
#8142 = ADVANCED_FACE('',(#8143),#8163,.F.);
#8143 = FACE_BOUND('',#8144,.F.);
#8144 = EDGE_LOOP('',(#8145,#8146,#8147,#8162));
#8145 = ORIENTED_EDGE('',*,*,#7730,.F.);
#8146 = ORIENTED_EDGE('',*,*,#8130,.T.);
#8147 = ORIENTED_EDGE('',*,*,#8148,.F.);
#8148 = EDGE_CURVE('',#7904,#8116,#8149,.T.);
#8149 = B_SPLINE_CURVE_WITH_KNOTS('',6,(#8150,#8151,#8152,#8153,#8154,
    #8155,#8156,#8157,#8158,#8159,#8160,#8161),.UNSPECIFIED.,.F.,.F.,(7,
    5,7),(0.,0.759312453745,1.),.UNSPECIFIED.);
#8150 = CARTESIAN_POINT('',(93.937080536913,22.,4.979865771812));
#8151 = CARTESIAN_POINT('',(93.859300196275,22.,4.979865771812));
#8152 = CARTESIAN_POINT('',(93.785534609307,22.,4.972590610187));
#8153 = CARTESIAN_POINT('',(93.716528329485,22.,4.957444230641));
#8154 = CARTESIAN_POINT('',(93.653000595445,22.,4.933979616408));
#8155 = CARTESIAN_POINT('',(93.595553930736,22.,4.902035076366));
#8156 = CARTESIAN_POINT('',(93.528389061044,22.,4.849197109818));
#8157 = CARTESIAN_POINT('',(93.512869680078,22.,4.835656943438));
#8158 = CARTESIAN_POINT('',(93.498007355737,22.,4.821302671769));
#8159 = CARTESIAN_POINT('',(93.483809769605,22.,4.806146148861));
#8160 = CARTESIAN_POINT('',(93.470281594933,22.,4.790202462234));
#8161 = CARTESIAN_POINT('',(93.457424496644,22.,4.773489932886));
#8162 = ORIENTED_EDGE('',*,*,#7903,.F.);
#8163 = SURFACE_OF_LINEAR_EXTRUSION('',#8164,#8168);
#8164 = B_SPLINE_CURVE_WITH_KNOTS('',2,(#8165,#8166,#8167),
  .UNSPECIFIED.,.F.,.F.,(3,3),(0.,1.),.PIECEWISE_BEZIER_KNOTS.);
#8165 = CARTESIAN_POINT('',(93.457424496644,21.4,4.773489932886));
#8166 = CARTESIAN_POINT('',(93.616191275168,21.4,4.979865771812));
#8167 = CARTESIAN_POINT('',(93.937080536913,21.4,4.979865771812));
#8168 = VECTOR('',#8169,1.);
#8169 = DIRECTION('',(0.,-1.,-0.));
#8170 = ADVANCED_FACE('',(#8171),#8196,.F.);
#8171 = FACE_BOUND('',#8172,.F.);
#8172 = EDGE_LOOP('',(#8173,#8174,#8182,#8190));
#8173 = ORIENTED_EDGE('',*,*,#7787,.F.);
#8174 = ORIENTED_EDGE('',*,*,#8175,.T.);
#8175 = EDGE_CURVE('',#7788,#8176,#8178,.T.);
#8176 = VERTEX_POINT('',#8177);
#8177 = CARTESIAN_POINT('',(59.86629614094,22.,6.35067114094));
#8178 = LINE('',#8179,#8180);
#8179 = CARTESIAN_POINT('',(59.86629614094,21.4,6.35067114094));
#8180 = VECTOR('',#8181,1.);
#8181 = DIRECTION('',(0.,1.,0.));
#8182 = ORIENTED_EDGE('',*,*,#8183,.T.);
#8183 = EDGE_CURVE('',#8176,#8184,#8186,.T.);
#8184 = VERTEX_POINT('',#8185);
#8185 = CARTESIAN_POINT('',(61.193896812081,22.,4.38255033557));
#8186 = LINE('',#8187,#8188);
#8187 = CARTESIAN_POINT('',(51.977557620067,22.,18.045445592736));
#8188 = VECTOR('',#8189,1.);
#8189 = DIRECTION('',(0.559217924246,0.,-0.82902069528));
#8190 = ORIENTED_EDGE('',*,*,#8191,.F.);
#8191 = EDGE_CURVE('',#7790,#8184,#8192,.T.);
#8192 = LINE('',#8193,#8194);
#8193 = CARTESIAN_POINT('',(61.193896812081,21.4,4.38255033557));
#8194 = VECTOR('',#8195,1.);
#8195 = DIRECTION('',(0.,1.,0.));
#8196 = PLANE('',#8197);
#8197 = AXIS2_PLACEMENT_3D('',#8198,#8199,#8200);
#8198 = CARTESIAN_POINT('',(59.86629614094,21.4,6.35067114094));
#8199 = DIRECTION('',(-0.82902069528,0.,-0.559217924246));
#8200 = DIRECTION('',(0.559217924246,0.,-0.82902069528));
#8201 = ADVANCED_FACE('',(#8202),#8220,.F.);
#8202 = FACE_BOUND('',#8203,.F.);
#8203 = EDGE_LOOP('',(#8204,#8205,#8206,#8214));
#8204 = ORIENTED_EDGE('',*,*,#7797,.F.);
#8205 = ORIENTED_EDGE('',*,*,#8191,.T.);
#8206 = ORIENTED_EDGE('',*,*,#8207,.T.);
#8207 = EDGE_CURVE('',#8184,#8208,#8210,.T.);
#8208 = VERTEX_POINT('',#8209);
#8209 = CARTESIAN_POINT('',(59.86629614094,22.,4.38255033557));
#8210 = LINE('',#8211,#8212);
#8211 = CARTESIAN_POINT('',(30.59694840604,22.,4.38255033557));
#8212 = VECTOR('',#8213,1.);
#8213 = DIRECTION('',(-1.,0.,0.));
#8214 = ORIENTED_EDGE('',*,*,#8215,.F.);
#8215 = EDGE_CURVE('',#7798,#8208,#8216,.T.);
#8216 = LINE('',#8217,#8218);
#8217 = CARTESIAN_POINT('',(59.86629614094,21.4,4.38255033557));
#8218 = VECTOR('',#8219,1.);
#8219 = DIRECTION('',(0.,1.,0.));
#8220 = PLANE('',#8221);
#8221 = AXIS2_PLACEMENT_3D('',#8222,#8223,#8224);
#8222 = CARTESIAN_POINT('',(61.193896812081,21.4,4.38255033557));
#8223 = DIRECTION('',(0.,0.,1.));
#8224 = DIRECTION('',(-1.,0.,0.));
#8225 = ADVANCED_FACE('',(#8226),#8237,.F.);
#8226 = FACE_BOUND('',#8227,.F.);
#8227 = EDGE_LOOP('',(#8228,#8229,#8230,#8236));
#8228 = ORIENTED_EDGE('',*,*,#7805,.F.);
#8229 = ORIENTED_EDGE('',*,*,#8215,.T.);
#8230 = ORIENTED_EDGE('',*,*,#8231,.T.);
#8231 = EDGE_CURVE('',#8208,#8176,#8232,.T.);
#8232 = LINE('',#8233,#8234);
#8233 = CARTESIAN_POINT('',(59.86629614094,22.,2.191275167785));
#8234 = VECTOR('',#8235,1.);
#8235 = DIRECTION('',(-0.,0.,1.));
#8236 = ORIENTED_EDGE('',*,*,#8175,.F.);
#8237 = PLANE('',#8238);
#8238 = AXIS2_PLACEMENT_3D('',#8239,#8240,#8241);
#8239 = CARTESIAN_POINT('',(59.86629614094,21.4,4.38255033557));
#8240 = DIRECTION('',(1.,0.,0.));
#8241 = DIRECTION('',(0.,0.,1.));
#8242 = ADVANCED_FACE('',(#8243),#8253,.F.);
#8243 = FACE_BOUND('',#8244,.F.);
#8244 = EDGE_LOOP('',(#8245,#8246,#8247,#8248,#8249,#8250,#8251,#8252));
#8245 = ORIENTED_EDGE('',*,*,#7946,.T.);
#8246 = ORIENTED_EDGE('',*,*,#7911,.T.);
#8247 = ORIENTED_EDGE('',*,*,#8148,.T.);
#8248 = ORIENTED_EDGE('',*,*,#8115,.T.);
#8249 = ORIENTED_EDGE('',*,*,#8082,.T.);
#8250 = ORIENTED_EDGE('',*,*,#8047,.T.);
#8251 = ORIENTED_EDGE('',*,*,#8012,.T.);
#8252 = ORIENTED_EDGE('',*,*,#7979,.T.);
#8253 = PLANE('',#8254);
#8254 = AXIS2_PLACEMENT_3D('',#8255,#8256,#8257);
#8255 = CARTESIAN_POINT('',(0.,22.,0.));
#8256 = DIRECTION('',(0.,-1.,0.));
#8257 = DIRECTION('',(0.,0.,1.));
#8258 = ADVANCED_FACE('',(#8259),#8264,.F.);
#8259 = FACE_BOUND('',#8260,.F.);
#8260 = EDGE_LOOP('',(#8261,#8262,#8263));
#8261 = ORIENTED_EDGE('',*,*,#8183,.F.);
#8262 = ORIENTED_EDGE('',*,*,#8231,.F.);
#8263 = ORIENTED_EDGE('',*,*,#8207,.F.);
#8264 = PLANE('',#8265);
#8265 = AXIS2_PLACEMENT_3D('',#8266,#8267,#8268);
#8266 = CARTESIAN_POINT('',(0.,22.,0.));
#8267 = DIRECTION('',(0.,-1.,0.));
#8268 = DIRECTION('',(0.,0.,1.));
#8269 = ( GEOMETRIC_REPRESENTATION_CONTEXT(3) 
GLOBAL_UNCERTAINTY_ASSIGNED_CONTEXT((#8273)) 
GLOBAL_UNIT_ASSIGNED_CONTEXT((#8270,#8271,#8272)) REPRESENTATION_CONTEXT
('Context #1','3D Context with UNIT and UNCERTAINTY') );
#8270 = ( LENGTH_UNIT() NAMED_UNIT(*) SI_UNIT(.MILLI.,.METRE.) );
#8271 = ( NAMED_UNIT(*) PLANE_ANGLE_UNIT() SI_UNIT($,.RADIAN.) );
#8272 = ( NAMED_UNIT(*) SI_UNIT($,.STERADIAN.) SOLID_ANGLE_UNIT() );
#8273 = UNCERTAINTY_MEASURE_WITH_UNIT(LENGTH_MEASURE(1.E-06),#8270,
  'distance_accuracy_value','confusion accuracy');
#8274 = PRODUCT_RELATED_PRODUCT_CATEGORY('part',$,(#7));
ENDSEC;
END-ISO-10303-21;
