ISO-10303-21;
HEADER;
FILE_DESCRIPTION(('FreeCAD Model'),'2;1');
FILE_NAME('Open CASCADE Shape Model','2026-10-06T23:34:21',('Author'),(
    ''),'Open CASCADE STEP processor 7.8','FreeCAD','Unknown');
FILE_SCHEMA(('AUTOMOTIVE_DESIGN { 1 0 10303 214 1 1 1 1 }'));
ENDSEC;
DATA;
#1 = APPLICATION_PROTOCOL_DEFINITION('international standard',
  'automotive_design',2000,#2);
#2 = APPLICATION_CONTEXT(
  'core data for automotive mechanical design processes');
#3 = SHAPE_DEFINITION_REPRESENTATION(#4,#10);
#4 = PRODUCT_DEFINITION_SHAPE('','',#5);
#5 = PRODUCT_DEFINITION('design','',#6,#9);
#6 = PRODUCT_DEFINITION_FORMATION('','',#7);
#7 = PRODUCT('FT5_FootPockets','FT5_FootPockets','',(#8));
#8 = PRODUCT_CONTEXT('',#2,'mechanical');
#9 = PRODUCT_DEFINITION_CONTEXT('part definition',#2,'design');
#10 = ADVANCED_BREP_SHAPE_REPRESENTATION('',(#11,#15),#5377);
#11 = AXIS2_PLACEMENT_3D('',#12,#13,#14);
#12 = CARTESIAN_POINT('',(0.,0.,0.));
#13 = DIRECTION('',(0.,0.,1.));
#14 = DIRECTION('',(1.,0.,-0.));
#15 = MANIFOLD_SOLID_BREP('',#16);
#16 = CLOSED_SHELL('',(#17,#57,#88,#1474,#1498,#1592,#1604,#1635,#1659,
    #1683,#1707,#1731,#1755,#1772,#1803,#1827,#1851,#1875,#1899,#1923,
    #1947,#1971,#1995,#2019,#2036,#2067,#2091,#2115,#2139,#2165,#2189,
    #2215,#2239,#2265,#2291,#2317,#2343,#2369,#2395,#2421,#2447,#2471,
    #2497,#2516,#2549,#2575,#2601,#2627,#2653,#2679,#2705,#2731,#2757,
    #2783,#2809,#2833,#2859,#2885,#2909,#2935,#2961,#2987,#3013,#3039,
    #3065,#3091,#3117,#3143,#3169,#3193,#3219,#3243,#3260,#3291,#3315,
    #3339,#3363,#3387,#3411,#3435,#3459,#3483,#3507,#3524,#3555,#3579,
    #3603,#3627,#3653,#3677,#3703,#3729,#3755,#3781,#3807,#3833,#3859,
    #3885,#3911,#3937,#3963,#3989,#4015,#4041,#4065,#4084,#4115,#4141,
    #4167,#4193,#4219,#4245,#4271,#4297,#4323,#4349,#4375,#4401,#4427,
    #4453,#4479,#4505,#4524,#4549,#4574,#4599,#4624,#4649,#4674,#4699,
    #4714,#4733,#4760,#4797,#4842,#4872,#4963,#4972,#4981,#4990,#4999,
    #5008,#5017,#5026,#5057,#5081,#5098,#5138,#5168,#5198,#5231,#5264,
    #5294,#5324,#5350,#5361));
#17 = ADVANCED_FACE('',(#18),#52,.F.);
#18 = FACE_BOUND('',#19,.F.);
#19 = EDGE_LOOP('',(#20,#30,#38,#46));
#20 = ORIENTED_EDGE('',*,*,#21,.F.);
#21 = EDGE_CURVE('',#22,#24,#26,.T.);
#22 = VERTEX_POINT('',#23);
#23 = CARTESIAN_POINT('',(0.,0.,0.));
#24 = VERTEX_POINT('',#25);
#25 = CARTESIAN_POINT('',(0.,0.,3.2));
#26 = LINE('',#27,#28);
#27 = CARTESIAN_POINT('',(0.,0.,0.));
#28 = VECTOR('',#29,1.);
#29 = DIRECTION('',(0.,0.,1.));
#30 = ORIENTED_EDGE('',*,*,#31,.T.);
#31 = EDGE_CURVE('',#22,#32,#34,.T.);
#32 = VERTEX_POINT('',#33);
#33 = CARTESIAN_POINT('',(0.,20.,0.));
#34 = LINE('',#35,#36);
#35 = CARTESIAN_POINT('',(0.,0.,0.));
#36 = VECTOR('',#37,1.);
#37 = DIRECTION('',(-0.,1.,0.));
#38 = ORIENTED_EDGE('',*,*,#39,.T.);
#39 = EDGE_CURVE('',#32,#40,#42,.T.);
#40 = VERTEX_POINT('',#41);
#41 = CARTESIAN_POINT('',(0.,20.,3.2));
#42 = LINE('',#43,#44);
#43 = CARTESIAN_POINT('',(0.,20.,0.));
#44 = VECTOR('',#45,1.);
#45 = DIRECTION('',(0.,0.,1.));
#46 = ORIENTED_EDGE('',*,*,#47,.F.);
#47 = EDGE_CURVE('',#24,#40,#48,.T.);
#48 = LINE('',#49,#50);
#49 = CARTESIAN_POINT('',(0.,0.,3.2));
#50 = VECTOR('',#51,1.);
#51 = DIRECTION('',(-0.,1.,0.));
#52 = PLANE('',#53);
#53 = AXIS2_PLACEMENT_3D('',#54,#55,#56);
#54 = CARTESIAN_POINT('',(0.,0.,0.));
#55 = DIRECTION('',(1.,0.,-0.));
#56 = DIRECTION('',(0.,0.,1.));
#57 = ADVANCED_FACE('',(#58),#83,.F.);
#58 = FACE_BOUND('',#59,.F.);
#59 = EDGE_LOOP('',(#60,#68,#69,#77));
#60 = ORIENTED_EDGE('',*,*,#61,.F.);
#61 = EDGE_CURVE('',#22,#62,#64,.T.);
#62 = VERTEX_POINT('',#63);
#63 = CARTESIAN_POINT('',(128.,0.,0.));
#64 = LINE('',#65,#66);
#65 = CARTESIAN_POINT('',(0.,0.,0.));
#66 = VECTOR('',#67,1.);
#67 = DIRECTION('',(1.,0.,-0.));
#68 = ORIENTED_EDGE('',*,*,#21,.T.);
#69 = ORIENTED_EDGE('',*,*,#70,.T.);
#70 = EDGE_CURVE('',#24,#71,#73,.T.);
#71 = VERTEX_POINT('',#72);
#72 = CARTESIAN_POINT('',(128.,0.,3.2));
#73 = LINE('',#74,#75);
#74 = CARTESIAN_POINT('',(0.,0.,3.2));
#75 = VECTOR('',#76,1.);
#76 = DIRECTION('',(1.,0.,-0.));
#77 = ORIENTED_EDGE('',*,*,#78,.F.);
#78 = EDGE_CURVE('',#62,#71,#79,.T.);
#79 = LINE('',#80,#81);
#80 = CARTESIAN_POINT('',(128.,0.,0.));
#81 = VECTOR('',#82,1.);
#82 = DIRECTION('',(0.,0.,1.));
#83 = PLANE('',#84);
#84 = AXIS2_PLACEMENT_3D('',#85,#86,#87);
#85 = CARTESIAN_POINT('',(0.,0.,0.));
#86 = DIRECTION('',(-0.,1.,0.));
#87 = DIRECTION('',(0.,0.,1.));
#88 = ADVANCED_FACE('',(#89,#107,#165,#255,#474,#840,#930,#1200),#1469,
  .T.);
#89 = FACE_BOUND('',#90,.T.);
#90 = EDGE_LOOP('',(#91,#92,#93,#101));
#91 = ORIENTED_EDGE('',*,*,#47,.F.);
#92 = ORIENTED_EDGE('',*,*,#70,.T.);
#93 = ORIENTED_EDGE('',*,*,#94,.T.);
#94 = EDGE_CURVE('',#71,#95,#97,.T.);
#95 = VERTEX_POINT('',#96);
#96 = CARTESIAN_POINT('',(128.,20.,3.2));
#97 = LINE('',#98,#99);
#98 = CARTESIAN_POINT('',(128.,0.,3.2));
#99 = VECTOR('',#100,1.);
#100 = DIRECTION('',(-0.,1.,0.));
#101 = ORIENTED_EDGE('',*,*,#102,.F.);
#102 = EDGE_CURVE('',#40,#95,#103,.T.);
#103 = LINE('',#104,#105);
#104 = CARTESIAN_POINT('',(0.,20.,3.2));
#105 = VECTOR('',#106,1.);
#106 = DIRECTION('',(1.,0.,-0.));
#107 = FACE_BOUND('',#108,.T.);
#108 = EDGE_LOOP('',(#109,#119,#127,#135,#143,#151,#159));
#109 = ORIENTED_EDGE('',*,*,#110,.F.);
#110 = EDGE_CURVE('',#111,#113,#115,.T.);
#111 = VERTEX_POINT('',#112);
#112 = CARTESIAN_POINT('',(119.41568791946,11.879194630872,3.2));
#113 = VERTEX_POINT('',#114);
#114 = CARTESIAN_POINT('',(116.58431208053,11.879194630872,3.2));
#115 = LINE('',#116,#117);
#116 = CARTESIAN_POINT('',(58.292156040268,11.879194630872,3.2));
#117 = VECTOR('',#118,1.);
#118 = DIRECTION('',(-1.,0.,0.));
#119 = ORIENTED_EDGE('',*,*,#120,.F.);
#120 = EDGE_CURVE('',#121,#111,#123,.T.);
#121 = VERTEX_POINT('',#122);
#122 = CARTESIAN_POINT('',(119.41568791946,11.33288590604,3.2));
#123 = LINE('',#124,#125);
#124 = CARTESIAN_POINT('',(119.41568791946,5.939597315436,3.2));
#125 = VECTOR('',#126,1.);
#126 = DIRECTION('',(0.,1.,0.));
#127 = ORIENTED_EDGE('',*,*,#128,.F.);
#128 = EDGE_CURVE('',#129,#121,#131,.T.);
#129 = VERTEX_POINT('',#130);
#130 = CARTESIAN_POINT('',(117.95092281879,8.120805369128,3.2));
#131 = LINE('',#132,#133);
#132 = CARTESIAN_POINT('',(106.99767516956,-15.89855007152,3.2));
#133 = VECTOR('',#134,1.);
#134 = DIRECTION('',(0.414912690401,0.909861230817,-0.));
#135 = ORIENTED_EDGE('',*,*,#136,.F.);
#136 = EDGE_CURVE('',#137,#129,#139,.T.);
#137 = VERTEX_POINT('',#138);
#138 = CARTESIAN_POINT('',(117.00713087248,8.120805369128,3.2));
#139 = LINE('',#140,#141);
#140 = CARTESIAN_POINT('',(58.975461409396,8.120805369128,3.2));
#141 = VECTOR('',#142,1.);
#142 = DIRECTION('',(1.,0.,-0.));
#143 = ORIENTED_EDGE('',*,*,#144,.F.);
#144 = EDGE_CURVE('',#145,#137,#147,.T.);
#145 = VERTEX_POINT('',#146);
#146 = CARTESIAN_POINT('',(118.39387583892,11.170469798658,3.2));
#147 = LINE('',#148,#149);
#148 = CARTESIAN_POINT('',(105.4530108018,-17.28847308273,3.2));
#149 = VECTOR('',#150,1.);
#150 = DIRECTION('',(-0.413935007817,-0.910306437033,0.));
#151 = ORIENTED_EDGE('',*,*,#152,.F.);
#152 = EDGE_CURVE('',#153,#145,#155,.T.);
#153 = VERTEX_POINT('',#154);
#154 = CARTESIAN_POINT('',(116.58431208053,11.170469798658,3.2));
#155 = LINE('',#156,#157);
#156 = CARTESIAN_POINT('',(59.196937919463,11.170469798658,3.2));
#157 = VECTOR('',#158,1.);
#158 = DIRECTION('',(1.,0.,-0.));
#159 = ORIENTED_EDGE('',*,*,#160,.F.);
#160 = EDGE_CURVE('',#113,#153,#161,.T.);
#161 = LINE('',#162,#163);
#162 = CARTESIAN_POINT('',(116.58431208053,5.585234899329,3.2));
#163 = VECTOR('',#164,1.);
#164 = DIRECTION('',(0.,-1.,0.));
#165 = FACE_BOUND('',#166,.T.);
#166 = EDGE_LOOP('',(#167,#177,#185,#193,#201,#209,#217,#225,#233,#241,
    #249));
#167 = ORIENTED_EDGE('',*,*,#168,.F.);
#168 = EDGE_CURVE('',#169,#171,#173,.T.);
#169 = VERTEX_POINT('',#170);
#170 = CARTESIAN_POINT('',(9.553271812081,8.786577181208,3.2));
#171 = VERTEX_POINT('',#172);
#172 = CARTESIAN_POINT('',(8.697567114094,8.786577181208,3.2));
#173 = LINE('',#174,#175);
#174 = CARTESIAN_POINT('',(4.348783557047,8.786577181208,3.2));
#175 = VECTOR('',#176,1.);
#176 = DIRECTION('',(-1.,0.,0.));
#177 = ORIENTED_EDGE('',*,*,#178,.F.);
#178 = EDGE_CURVE('',#179,#169,#181,.T.);
#179 = VERTEX_POINT('',#180);
#180 = CARTESIAN_POINT('',(9.553271812081,11.224161073826,3.2));
#181 = LINE('',#182,#183);
#182 = CARTESIAN_POINT('',(9.553271812081,4.393288590604,3.2));
#183 = VECTOR('',#184,1.);
#184 = DIRECTION('',(0.,-1.,0.));
#185 = ORIENTED_EDGE('',*,*,#186,.F.);
#186 = EDGE_CURVE('',#187,#179,#189,.T.);
#187 = VERTEX_POINT('',#188);
#188 = CARTESIAN_POINT('',(8.674916107383,11.041610738255,3.2));
#189 = LINE('',#190,#191);
#190 = CARTESIAN_POINT('',(3.856340362031,10.040156982583,3.2));
#191 = VECTOR('',#192,1.);
#192 = DIRECTION('',(0.979078331663,0.203483710573,-0.));
#193 = ORIENTED_EDGE('',*,*,#194,.F.);
#194 = EDGE_CURVE('',#195,#187,#197,.T.);
#195 = VERTEX_POINT('',#196);
#196 = CARTESIAN_POINT('',(8.674916107383,11.696644295302,3.2));
#197 = LINE('',#198,#199);
#198 = CARTESIAN_POINT('',(8.674916107383,5.520805369128,3.2));
#199 = VECTOR('',#200,1.);
#200 = DIRECTION('',(0.,-1.,0.));
#201 = ORIENTED_EDGE('',*,*,#202,.F.);
#202 = EDGE_CURVE('',#203,#195,#205,.T.);
#203 = VERTEX_POINT('',#204);
#204 = CARTESIAN_POINT('',(9.548238255034,11.879194630872,3.2));
#205 = LINE('',#206,#207);
#206 = CARTESIAN_POINT('',(3.347746958346,10.583107305071,3.2));
#207 = VECTOR('',#208,1.);
#208 = DIRECTION('',(-0.978844086222,-0.204607563076,0.));
#209 = ORIENTED_EDGE('',*,*,#210,.F.);
#210 = EDGE_CURVE('',#211,#203,#213,.T.);
#211 = VERTEX_POINT('',#212);
#212 = CARTESIAN_POINT('',(10.469379194631,11.879194630872,3.2));
#213 = LINE('',#214,#215);
#214 = CARTESIAN_POINT('',(4.774119127517,11.879194630872,3.2));
#215 = VECTOR('',#216,1.);
#216 = DIRECTION('',(-1.,0.,0.));
#217 = ORIENTED_EDGE('',*,*,#218,.F.);
#218 = EDGE_CURVE('',#219,#211,#221,.T.);
#219 = VERTEX_POINT('',#220);
#220 = CARTESIAN_POINT('',(10.469379194631,8.786577181208,3.2));
#221 = LINE('',#222,#223);
#222 = CARTESIAN_POINT('',(10.469379194631,5.939597315436,3.2));
#223 = VECTOR('',#224,1.);
#224 = DIRECTION('',(0.,1.,0.));
#225 = ORIENTED_EDGE('',*,*,#226,.F.);
#226 = EDGE_CURVE('',#227,#219,#229,.T.);
#227 = VERTEX_POINT('',#228);
#228 = CARTESIAN_POINT('',(11.325083892617,8.786577181208,3.2));
#229 = LINE('',#230,#231);
#230 = CARTESIAN_POINT('',(5.234689597315,8.786577181208,3.2));
#231 = VECTOR('',#232,1.);
#232 = DIRECTION('',(-1.,0.,0.));
#233 = ORIENTED_EDGE('',*,*,#234,.F.);
#234 = EDGE_CURVE('',#235,#227,#237,.T.);
#235 = VERTEX_POINT('',#236);
#236 = CARTESIAN_POINT('',(11.325083892617,8.120805369128,3.2));
#237 = LINE('',#238,#239);
#238 = CARTESIAN_POINT('',(11.325083892617,4.393288590604,3.2));
#239 = VECTOR('',#240,1.);
#240 = DIRECTION('',(0.,1.,0.));
#241 = ORIENTED_EDGE('',*,*,#242,.F.);
#242 = EDGE_CURVE('',#243,#235,#245,.T.);
#243 = VERTEX_POINT('',#244);
#244 = CARTESIAN_POINT('',(8.697567114094,8.120805369128,3.2));
#245 = LINE('',#246,#247);
#246 = CARTESIAN_POINT('',(5.662541946309,8.120805369128,3.2));
#247 = VECTOR('',#248,1.);
#248 = DIRECTION('',(1.,0.,-0.));
#249 = ORIENTED_EDGE('',*,*,#250,.F.);
#250 = EDGE_CURVE('',#171,#243,#251,.T.);
#251 = LINE('',#252,#253);
#252 = CARTESIAN_POINT('',(8.697567114094,4.060402684564,3.2));
#253 = VECTOR('',#254,1.);
#254 = DIRECTION('',(0.,-1.,0.));
#255 = FACE_BOUND('',#256,.T.);
#256 = EDGE_LOOP('',(#257,#267,#275,#283,#291,#299,#310,#323,#338,#353,
    #364,#375,#383,#394,#405,#422,#441,#456,#468));
#257 = ORIENTED_EDGE('',*,*,#258,.F.);
#258 = EDGE_CURVE('',#259,#261,#263,.T.);
#259 = VERTEX_POINT('',#260);
#260 = CARTESIAN_POINT('',(29.365352348993,8.797315436242,3.2));
#261 = VERTEX_POINT('',#262);
#262 = CARTESIAN_POINT('',(27.71182885906,8.797315436242,3.2));
#263 = LINE('',#264,#265);
#264 = CARTESIAN_POINT('',(13.85591442953,8.797315436242,3.2));
#265 = VECTOR('',#266,1.);
#266 = DIRECTION('',(-1.,0.,0.));
#267 = ORIENTED_EDGE('',*,*,#268,.F.);
#268 = EDGE_CURVE('',#269,#259,#271,.T.);
#269 = VERTEX_POINT('',#270);
#270 = CARTESIAN_POINT('',(29.365352348993,8.088590604027,3.2));
#271 = LINE('',#272,#273);
#272 = CARTESIAN_POINT('',(29.365352348993,4.398657718121,3.2));
#273 = VECTOR('',#274,1.);
#274 = DIRECTION('',(0.,1.,0.));
#275 = ORIENTED_EDGE('',*,*,#276,.F.);
#276 = EDGE_CURVE('',#277,#269,#279,.T.);
#277 = VERTEX_POINT('',#278);
#278 = CARTESIAN_POINT('',(26.634647651007,8.088590604027,3.2));
#279 = LINE('',#280,#281);
#280 = CARTESIAN_POINT('',(14.682676174497,8.088590604027,3.2));
#281 = VECTOR('',#282,1.);
#282 = DIRECTION('',(1.,0.,-0.));
#283 = ORIENTED_EDGE('',*,*,#284,.F.);
#284 = EDGE_CURVE('',#285,#277,#287,.T.);
#285 = VERTEX_POINT('',#286);
#286 = CARTESIAN_POINT('',(26.634647651007,8.797315436242,3.2));
#287 = LINE('',#288,#289);
#288 = CARTESIAN_POINT('',(26.634647651007,4.044295302013,3.2));
#289 = VECTOR('',#290,1.);
#290 = DIRECTION('',(0.,-1.,0.));
#291 = ORIENTED_EDGE('',*,*,#292,.F.);
#292 = EDGE_CURVE('',#293,#285,#295,.T.);
#293 = VERTEX_POINT('',#294);
#294 = CARTESIAN_POINT('',(28.006291946309,10.005201342282,3.2));
#295 = LINE('',#296,#297);
#296 = CARTESIAN_POINT('',(16.952272376004,0.270903252175,3.2));
#297 = VECTOR('',#298,1.);
#298 = DIRECTION('',(-0.750485828524,-0.66088654184,0.));
#299 = ORIENTED_EDGE('',*,*,#300,.F.);
#300 = EDGE_CURVE('',#301,#293,#303,.T.);
#301 = VERTEX_POINT('',#302);
#302 = CARTESIAN_POINT('',(28.278104026846,10.329697986577,3.2));
#303 = B_SPLINE_CURVE_WITH_KNOTS('',5,(#304,#305,#306,#307,#308,#309),
  .UNSPECIFIED.,.F.,.F.,(6,6),(0.,1.),.PIECEWISE_BEZIER_KNOTS.);
#304 = CARTESIAN_POINT('',(28.278104026846,10.329697986577,3.2));
#305 = CARTESIAN_POINT('',(28.242089363543,10.264940191991,3.2));
#306 = CARTESIAN_POINT('',(28.19639627756,10.199939754703,3.2));
#307 = CARTESIAN_POINT('',(28.141463003452,10.134885056063,3.2));
#308 = CARTESIAN_POINT('',(28.077887409584,10.069931487161,3.2));
#309 = CARTESIAN_POINT('',(28.006291946309,10.005201342282,3.2));
#310 = ORIENTED_EDGE('',*,*,#311,.F.);
#311 = EDGE_CURVE('',#312,#301,#314,.T.);
#312 = VERTEX_POINT('',#313);
#313 = CARTESIAN_POINT('',(28.366191275168,10.659395973154,3.2));
#314 = B_SPLINE_CURVE_WITH_KNOTS('',4,(#315,#316,#317,#318,#319,#320,
    #321,#322),.UNSPECIFIED.,.F.,.F.,(5,3,5),(0.,0.272572784169,1.),
  .UNSPECIFIED.);
#315 = CARTESIAN_POINT('',(28.366191275168,10.659395973154,3.2));
#316 = CARTESIAN_POINT('',(28.366191275168,10.63605160501,3.2));
#317 = CARTESIAN_POINT('',(28.365098633913,10.612846953349,3.2));
#318 = CARTESIAN_POINT('',(28.362909893034,10.589790676813,3.2));
#319 = CARTESIAN_POINT('',(28.350862936819,10.505777183625,3.2));
#320 = CARTESIAN_POINT('',(28.334300728524,10.445777383325,3.2));
#321 = CARTESIAN_POINT('',(28.309964990763,10.387047721629,3.2));
#322 = CARTESIAN_POINT('',(28.278104026846,10.329697986577,3.2));
#323 = ORIENTED_EDGE('',*,*,#324,.F.);
#324 = EDGE_CURVE('',#325,#312,#327,.T.);
#325 = VERTEX_POINT('',#326);
#326 = CARTESIAN_POINT('',(28.188674496644,11.084563758389,3.2));
#327 = B_SPLINE_CURVE_WITH_KNOTS('',5,(#328,#329,#330,#331,#332,#333,
    #334,#335,#336,#337),.UNSPECIFIED.,.F.,.F.,(6,4,6),(0.,0.35047226179
    ,1.),.UNSPECIFIED.);
#328 = CARTESIAN_POINT('',(28.188674496644,11.084563758389,3.2));
#329 = CARTESIAN_POINT('',(28.213526183788,11.06203751267,3.2));
#330 = CARTESIAN_POINT('',(28.236309182894,11.038149647322,3.2));
#331 = CARTESIAN_POINT('',(28.25695246254,11.012908331968,3.2));
#332 = CARTESIAN_POINT('',(28.275408097712,10.986338074444,3.2));
#333 = CARTESIAN_POINT('',(28.321754624549,10.906850033089,3.2));
#334 = CARTESIAN_POINT('',(28.344263296061,10.850790051949,3.2));
#335 = CARTESIAN_POINT('',(28.359013095074,10.790572585705,3.2));
#336 = CARTESIAN_POINT('',(28.366191275168,10.726613349865,3.2));
#337 = CARTESIAN_POINT('',(28.366191275168,10.659395973154,3.2));
#338 = ORIENTED_EDGE('',*,*,#339,.F.);
#339 = EDGE_CURVE('',#340,#325,#342,.T.);
#340 = VERTEX_POINT('',#341);
#341 = CARTESIAN_POINT('',(27.716862416107,11.245637583893,3.2));
#342 = B_SPLINE_CURVE_WITH_KNOTS('',5,(#343,#344,#345,#346,#347,#348,
    #349,#350,#351,#352),.UNSPECIFIED.,.F.,.F.,(6,4,6),(0.,
    0.870759233454,1.),.UNSPECIFIED.);
#343 = CARTESIAN_POINT('',(27.716862416107,11.245637583893,3.2));
#344 = CARTESIAN_POINT('',(27.816114778379,11.245637583893,3.2));
#345 = CARTESIAN_POINT('',(27.909226619712,11.234199849158,3.2));
#346 = CARTESIAN_POINT('',(27.994947598996,11.210324218923,3.2));
#347 = CARTESIAN_POINT('',(28.072145880719,11.173435758748,3.2));
#348 = CARTESIAN_POINT('',(28.150299958336,11.116663640696,3.2));
#349 = CARTESIAN_POINT('',(28.160199549034,11.10904972975,3.2));
#350 = CARTESIAN_POINT('',(28.169896161882,11.101160540795,3.2));
#351 = CARTESIAN_POINT('',(28.179388230274,11.092997831914,3.2));
#352 = CARTESIAN_POINT('',(28.188674496644,11.084563758389,3.2));
#353 = ORIENTED_EDGE('',*,*,#354,.F.);
#354 = EDGE_CURVE('',#355,#340,#357,.T.);
#355 = VERTEX_POINT('',#356);
#356 = CARTESIAN_POINT('',(27.22105704698,11.148322147651,3.2));
#357 = B_SPLINE_CURVE_WITH_KNOTS('',5,(#358,#359,#360,#361,#362,#363),
  .UNSPECIFIED.,.F.,.F.,(6,6),(0.,1.),.PIECEWISE_BEZIER_KNOTS.);
#358 = CARTESIAN_POINT('',(27.22105704698,11.148322147651,3.2));
#359 = CARTESIAN_POINT('',(27.325932083611,11.186220914782,3.2));
#360 = CARTESIAN_POINT('',(27.428368793735,11.215479309122,3.2));
#361 = CARTESIAN_POINT('',(27.527961021052,11.235473213702,3.2));
#362 = CARTESIAN_POINT('',(27.624266410627,11.245637583893,3.2));
#363 = CARTESIAN_POINT('',(27.716862416107,11.245637583893,3.2));
#364 = ORIENTED_EDGE('',*,*,#365,.F.);
#365 = EDGE_CURVE('',#366,#355,#368,.T.);
#366 = VERTEX_POINT('',#367);
#367 = CARTESIAN_POINT('',(26.644714765101,10.859060402685,3.2));
#368 = B_SPLINE_CURVE_WITH_KNOTS('',5,(#369,#370,#371,#372,#373,#374),
  .UNSPECIFIED.,.F.,.F.,(6,6),(0.,1.),.PIECEWISE_BEZIER_KNOTS.);
#369 = CARTESIAN_POINT('',(26.644714765101,10.859060402685,3.2));
#370 = CARTESIAN_POINT('',(26.763197155231,10.933128082635,3.2));
#371 = CARTESIAN_POINT('',(26.880396766185,10.999783245527,3.2));
#372 = CARTESIAN_POINT('',(26.996025594706,11.058349573279,3.2));
#373 = CARTESIAN_POINT('',(27.109717741018,11.10808738288,3.2));
#374 = CARTESIAN_POINT('',(27.22105704698,11.148322147651,3.2));
#375 = ORIENTED_EDGE('',*,*,#376,.F.);
#376 = EDGE_CURVE('',#377,#366,#379,.T.);
#377 = VERTEX_POINT('',#378);
#378 = CARTESIAN_POINT('',(26.644714765101,11.685906040268,3.2));
#379 = LINE('',#380,#381);
#380 = CARTESIAN_POINT('',(26.644714765101,5.429530201342,3.2));
#381 = VECTOR('',#382,1.);
#382 = DIRECTION('',(0.,-1.,0.));
#383 = ORIENTED_EDGE('',*,*,#384,.F.);
#384 = EDGE_CURVE('',#385,#377,#387,.T.);
#385 = VERTEX_POINT('',#386);
#386 = CARTESIAN_POINT('',(27.291526845638,11.853691275168,3.2));
#387 = B_SPLINE_CURVE_WITH_KNOTS('',5,(#388,#389,#390,#391,#392,#393),
  .UNSPECIFIED.,.F.,.F.,(6,6),(0.,1.),.PIECEWISE_BEZIER_KNOTS.);
#388 = CARTESIAN_POINT('',(27.291526845638,11.853691275168,3.2));
#389 = CARTESIAN_POINT('',(27.162532533743,11.830465527672,3.2));
#390 = CARTESIAN_POINT('',(27.033267873202,11.801966493297,3.2));
#391 = CARTESIAN_POINT('',(26.903822241531,11.768291007636,3.2));
#392 = CARTESIAN_POINT('',(26.77427890264,11.729559188147,3.2));
#393 = CARTESIAN_POINT('',(26.644714765101,11.685906040268,3.2));
#394 = ORIENTED_EDGE('',*,*,#395,.F.);
#395 = EDGE_CURVE('',#396,#385,#398,.T.);
#396 = VERTEX_POINT('',#397);
#397 = CARTESIAN_POINT('',(27.918204697987,11.911409395973,3.2));
#398 = B_SPLINE_CURVE_WITH_KNOTS('',5,(#399,#400,#401,#402,#403,#404),
  .UNSPECIFIED.,.F.,.F.,(6,6),(0.,1.),.PIECEWISE_BEZIER_KNOTS.);
#399 = CARTESIAN_POINT('',(27.918204697987,11.911409395973,3.2));
#400 = CARTESIAN_POINT('',(27.794493875986,11.911409395973,3.2));
#401 = CARTESIAN_POINT('',(27.66985557588,11.905553435765,3.2));
#402 = CARTESIAN_POINT('',(27.544406117233,11.893907661138,3.2));
#403 = CARTESIAN_POINT('',(27.41825967114,11.876576362818,3.2));
#404 = CARTESIAN_POINT('',(27.291526845638,11.853691275168,3.2));
#405 = ORIENTED_EDGE('',*,*,#406,.F.);
#406 = EDGE_CURVE('',#407,#396,#409,.T.);
#407 = VERTEX_POINT('',#408);
#408 = CARTESIAN_POINT('',(28.966359060403,11.614093959732,3.2));
#409 = B_SPLINE_CURVE_WITH_KNOTS('',6,(#410,#411,#412,#413,#414,#415,
    #416,#417,#418,#419,#420,#421),.UNSPECIFIED.,.F.,.F.,(7,5,7),(0.,
    0.476753394118,1.),.UNSPECIFIED.);
#410 = CARTESIAN_POINT('',(28.966359060403,11.614093959732,3.2));
#411 = CARTESIAN_POINT('',(28.902100364373,11.665223914543,3.2));
#412 = CARTESIAN_POINT('',(28.832829983685,11.710818265701,3.2));
#413 = CARTESIAN_POINT('',(28.758982985485,11.750712202475,3.2));
#414 = CARTESIAN_POINT('',(28.681094579177,11.784989789452,3.2));
#415 = CARTESIAN_POINT('',(28.599721829407,11.81387689972,3.2));
#416 = CARTESIAN_POINT('',(28.422842688556,11.863791759471,3.2));
#417 = CARTESIAN_POINT('',(28.326724018927,11.883780466408,3.2));
#418 = CARTESIAN_POINT('',(28.227682945927,11.898051246084,3.2));
#419 = CARTESIAN_POINT('',(28.126296970506,11.90710105445,3.2));
#420 = CARTESIAN_POINT('',(28.02302712438,11.911409395973,3.2));
#421 = CARTESIAN_POINT('',(27.918204697987,11.911409395973,3.2));
#422 = ORIENTED_EDGE('',*,*,#423,.F.);
#423 = EDGE_CURVE('',#424,#407,#426,.T.);
#424 = VERTEX_POINT('',#425);
#425 = CARTESIAN_POINT('',(29.340184563758,10.785234899329,3.2));
#426 = B_SPLINE_CURVE_WITH_KNOTS('',5,(#427,#428,#429,#430,#431,#432,
    #433,#434,#435,#436,#437,#438,#439,#440),.UNSPECIFIED.,.F.,.F.,(6,4,
    4,6),(0.,0.220027553948,0.644397392163,1.),.UNSPECIFIED.);
#427 = CARTESIAN_POINT('',(29.340184563758,10.785234899329,3.2));
#428 = CARTESIAN_POINT('',(29.340184563758,10.829313807126,3.2));
#429 = CARTESIAN_POINT('',(29.338578869781,10.872920019366,3.2));
#430 = CARTESIAN_POINT('',(29.335289650378,10.915981373922,3.2));
#431 = CARTESIAN_POINT('',(29.330243546073,10.958416387344,3.2));
#432 = CARTESIAN_POINT('',(29.310152006792,11.080607873781,3.2));
#433 = CARTESIAN_POINT('',(29.290169339664,11.158442961389,3.2));
#434 = CARTESIAN_POINT('',(29.263027281074,11.232975984995,3.2));
#435 = CARTESIAN_POINT('',(29.228556660408,11.303571822214,3.2));
#436 = CARTESIAN_POINT('',(29.152298049058,11.425200970146,3.2));
#437 = CARTESIAN_POINT('',(29.112592585631,11.477564000038,3.2));
#438 = CARTESIAN_POINT('',(29.068122377547,11.526556050459,3.2));
#439 = CARTESIAN_POINT('',(29.019232155281,11.572066019413,3.2));
#440 = CARTESIAN_POINT('',(28.966359060403,11.614093959732,3.2));
#441 = ORIENTED_EDGE('',*,*,#442,.F.);
#442 = EDGE_CURVE('',#443,#424,#445,.T.);
#443 = VERTEX_POINT('',#444);
#444 = CARTESIAN_POINT('',(29.181627516779,10.212248322148,3.2));
#445 = B_SPLINE_CURVE_WITH_KNOTS('',5,(#446,#447,#448,#449,#450,#451,
    #452,#453,#454,#455),.UNSPECIFIED.,.F.,.F.,(6,4,6),(0.,
    0.525172440085,1.),.UNSPECIFIED.);
#446 = CARTESIAN_POINT('',(29.181627516779,10.212248322148,3.2));
#447 = CARTESIAN_POINT('',(29.21468505304,10.267659049596,3.2));
#448 = CARTESIAN_POINT('',(29.243611599893,10.324491698609,3.2));
#449 = CARTESIAN_POINT('',(29.268260212667,10.382678406156,3.2));
#450 = CARTESIAN_POINT('',(29.288536325475,10.442129841373,3.2));
#451 = CARTESIAN_POINT('',(29.318762215767,10.557523553532,3.2));
#452 = CARTESIAN_POINT('',(29.329515624306,10.613257447469,3.2));
#453 = CARTESIAN_POINT('',(29.33664935493,10.669848737434,3.2));
#454 = CARTESIAN_POINT('',(29.340184563758,10.727206825577,3.2));
#455 = CARTESIAN_POINT('',(29.340184563758,10.785234899329,3.2));
#456 = ORIENTED_EDGE('',*,*,#457,.F.);
#457 = EDGE_CURVE('',#458,#443,#460,.T.);
#458 = VERTEX_POINT('',#459);
#459 = CARTESIAN_POINT('',(28.514681208054,9.500503355705,3.2));
#460 = B_SPLINE_CURVE_WITH_KNOTS('',6,(#461,#462,#463,#464,#465,#466,
    #467),.UNSPECIFIED.,.F.,.F.,(7,7),(0.,1.),.PIECEWISE_BEZIER_KNOTS.);
#461 = CARTESIAN_POINT('',(28.514681208054,9.500503355705,3.2));
#462 = CARTESIAN_POINT('',(28.656645504383,9.625038372089,3.2));
#463 = CARTESIAN_POINT('',(28.790401094986,9.748298998908,3.2));
#464 = CARTESIAN_POINT('',(28.91486570521,9.870615699307,3.2));
#465 = CARTESIAN_POINT('',(29.026318159336,9.990796610753,3.2));
#466 = CARTESIAN_POINT('',(29.118300949514,10.10610093321,3.2));
#467 = CARTESIAN_POINT('',(29.181627516779,10.212248322148,3.2));
#468 = ORIENTED_EDGE('',*,*,#469,.F.);
#469 = EDGE_CURVE('',#261,#458,#470,.T.);
#470 = LINE('',#471,#472);
#471 = CARTESIAN_POINT('',(18.092210657176,0.371856735281,3.2));
#472 = VECTOR('',#473,1.);
#473 = DIRECTION('',(0.752255226589,0.65887181915,-0.));
#474 = FACE_BOUND('',#475,.T.);
#475 = EDGE_LOOP('',(#476,#493,#510,#529,#546,#556,#566,#574,#585,#596,
    #608,#623,#638,#650,#658,#666,#674,#686,#701,#716,#728,#738,#748,
    #756,#766,#776,#793,#812,#827));
#476 = ORIENTED_EDGE('',*,*,#477,.F.);
#477 = EDGE_CURVE('',#478,#480,#482,.T.);
#478 = VERTEX_POINT('',#479);
#479 = CARTESIAN_POINT('',(47.218036912752,9.80855704698,3.2));
#480 = VERTEX_POINT('',#481);
#481 = CARTESIAN_POINT('',(46.640520134228,10.149496644295,3.2));
#482 = B_SPLINE_CURVE_WITH_KNOTS('',5,(#483,#484,#485,#486,#487,#488,
    #489,#490,#491,#492),.UNSPECIFIED.,.F.,.F.,(6,4,6),(0.,
    0.492450394655,1.),.UNSPECIFIED.);
#483 = CARTESIAN_POINT('',(47.218036912752,9.80855704698,3.2));
#484 = CARTESIAN_POINT('',(47.178098037514,9.857657771253,3.2));
#485 = CARTESIAN_POINT('',(47.133504186025,9.90304712332,3.2));
#486 = CARTESIAN_POINT('',(47.084399716314,9.944558365821,3.2));
#487 = CARTESIAN_POINT('',(47.03104204277,9.982149370767,3.2));
#488 = CARTESIAN_POINT('',(46.9147223083,10.050616152454,3.2));
#489 = CARTESIAN_POINT('',(46.851511680113,10.081252998435,3.2));
#490 = CARTESIAN_POINT('',(46.784481451265,10.107830079019,3.2));
#491 = CARTESIAN_POINT('',(46.71402751301,10.130511294809,3.2));
#492 = CARTESIAN_POINT('',(46.640520134228,10.149496644295,3.2));
#493 = ORIENTED_EDGE('',*,*,#494,.F.);
#494 = EDGE_CURVE('',#495,#478,#497,.T.);
#495 = VERTEX_POINT('',#496);
#496 = CARTESIAN_POINT('',(47.415687919463,9.190771812081,3.2));
#497 = B_SPLINE_CURVE_WITH_KNOTS('',6,(#498,#499,#500,#501,#502,#503,
    #504,#505,#506,#507,#508,#509),.UNSPECIFIED.,.F.,.F.,(7,5,7),(0.,
    0.878140094649,1.),.UNSPECIFIED.);
#498 = CARTESIAN_POINT('',(47.415687919463,9.190771812081,3.2));
#499 = CARTESIAN_POINT('',(47.415687919463,9.296101392108,3.2));
#500 = CARTESIAN_POINT('',(47.406331888615,9.397469992868,3.2));
#501 = CARTESIAN_POINT('',(47.38685497782,9.493993524758,3.2));
#502 = CARTESIAN_POINT('',(47.356683134847,9.584791791363,3.2));
#503 = CARTESIAN_POINT('',(47.315607493407,9.669084042288,3.2));
#504 = CARTESIAN_POINT('',(47.256855805397,9.757030524494,3.2));
#505 = CARTESIAN_POINT('',(47.249493533836,9.767612071493,3.2));
#506 = CARTESIAN_POINT('',(47.241929364765,9.778056666642,3.2));
#507 = CARTESIAN_POINT('',(47.234164360505,9.788363080724,3.2));
#508 = CARTESIAN_POINT('',(47.226199746787,9.798530204154,3.2));
#509 = CARTESIAN_POINT('',(47.218036912752,9.80855704698,3.2));
#510 = ORIENTED_EDGE('',*,*,#511,.F.);
#511 = EDGE_CURVE('',#512,#495,#514,.T.);
#512 = VERTEX_POINT('',#513);
#513 = CARTESIAN_POINT('',(46.98783557047,8.341610738255,3.2));
#514 = B_SPLINE_CURVE_WITH_KNOTS('',5,(#515,#516,#517,#518,#519,#520,
    #521,#522,#523,#524,#525,#526,#527,#528),.UNSPECIFIED.,.F.,.F.,(6,4,
    4,6),(0.,0.409428489586,0.797495903705,1.),.UNSPECIFIED.);
#515 = CARTESIAN_POINT('',(46.98783557047,8.341610738255,3.2));
#516 = CARTESIAN_POINT('',(47.056499222924,8.388248168079,3.2));
#517 = CARTESIAN_POINT('',(47.119697399904,8.440164710878,3.2));
#518 = CARTESIAN_POINT('',(47.176509537052,8.497478259163,3.2));
#519 = CARTESIAN_POINT('',(47.226150347772,8.560069106766,3.2));
#520 = CARTESIAN_POINT('',(47.308179025744,8.691128723374,3.2));
#521 = CARTESIAN_POINT('',(47.341346443707,8.759143593309,3.2));
#522 = CARTESIAN_POINT('',(47.367454751218,8.83091121309,3.2));
#523 = CARTESIAN_POINT('',(47.38667600487,8.905793020401,3.2));
#524 = CARTESIAN_POINT('',(47.406068387505,9.023476606034,3.2));
#525 = CARTESIAN_POINT('',(47.41095477137,9.064502072455,3.2));
#526 = CARTESIAN_POINT('',(47.414136401102,9.10611235292,3.2));
#527 = CARTESIAN_POINT('',(47.415687919463,9.1482260161,3.2));
#528 = CARTESIAN_POINT('',(47.415687919463,9.190771812081,3.2));
#529 = ORIENTED_EDGE('',*,*,#530,.F.);
#530 = EDGE_CURVE('',#531,#512,#533,.T.);
#531 = VERTEX_POINT('',#532);
#532 = CARTESIAN_POINT('',(45.739513422819,8.051006711409,3.2));
#533 = B_SPLINE_CURVE_WITH_KNOTS('',6,(#534,#535,#536,#537,#538,#539,
    #540,#541,#542,#543,#544,#545),.UNSPECIFIED.,.F.,.F.,(7,5,7),(0.,
    0.537355717675,1.),.UNSPECIFIED.);
#534 = CARTESIAN_POINT('',(45.739513422819,8.051006711409,3.2));
#535 = CARTESIAN_POINT('',(45.865227383058,8.051006711409,3.2));
#536 = CARTESIAN_POINT('',(45.989419011875,8.055100153106,3.2));
#537 = CARTESIAN_POINT('',(46.111780104683,8.063776840834,3.2));
#538 = CARTESIAN_POINT('',(46.231802574554,8.07762761801,3.2));
#539 = CARTESIAN_POINT('',(46.348780034614,8.097340438021,3.2));
#540 = CARTESIAN_POINT('',(46.55915990167,8.146315966212,3.2));
#541 = CARTESIAN_POINT('',(46.653562787745,8.173865918699,3.2));
#542 = CARTESIAN_POINT('',(46.74444191426,8.206771136433,3.2));
#543 = CARTESIAN_POINT('',(46.831030663716,8.245488891278,3.2));
#544 = CARTESIAN_POINT('',(46.91244265962,8.290402690572,3.2));
#545 = CARTESIAN_POINT('',(46.98783557047,8.341610738255,3.2));
#546 = ORIENTED_EDGE('',*,*,#547,.F.);
#547 = EDGE_CURVE('',#548,#531,#550,.T.);
#548 = VERTEX_POINT('',#549);
#549 = CARTESIAN_POINT('',(45.159312080537,8.096644295302,3.2));
#550 = B_SPLINE_CURVE_WITH_KNOTS('',4,(#551,#552,#553,#554,#555),
  .UNSPECIFIED.,.F.,.F.,(5,5),(0.,1.),.PIECEWISE_BEZIER_KNOTS.);
#551 = CARTESIAN_POINT('',(45.159312080537,8.096644295302,3.2));
#552 = CARTESIAN_POINT('',(45.304313316465,8.073885878584,3.2));
#553 = CARTESIAN_POINT('',(45.449446479213,8.058637769948,3.2));
#554 = CARTESIAN_POINT('',(45.594564147483,8.051006711409,3.2));
#555 = CARTESIAN_POINT('',(45.739513422819,8.051006711409,3.2));
#556 = ORIENTED_EDGE('',*,*,#557,.F.);
#557 = EDGE_CURVE('',#558,#548,#560,.T.);
#558 = VERTEX_POINT('',#559);
#559 = CARTESIAN_POINT('',(44.584312080537,8.23355704698,3.2));
#560 = B_SPLINE_CURVE_WITH_KNOTS('',4,(#561,#562,#563,#564,#565),
  .UNSPECIFIED.,.F.,.F.,(5,5),(0.,1.),.PIECEWISE_BEZIER_KNOTS.);
#561 = CARTESIAN_POINT('',(44.584312080537,8.23355704698,3.2));
#562 = CARTESIAN_POINT('',(44.726154635896,8.188033536587,3.2));
#563 = CARTESIAN_POINT('',(44.86936068147,8.14997100037,3.2));
#564 = CARTESIAN_POINT('',(45.013797551155,8.119496461579,3.2));
#565 = CARTESIAN_POINT('',(45.159312080537,8.096644295302,3.2));
#566 = ORIENTED_EDGE('',*,*,#567,.F.);
#567 = EDGE_CURVE('',#568,#558,#570,.T.);
#568 = VERTEX_POINT('',#569);
#569 = CARTESIAN_POINT('',(44.584312080537,8.985234899329,3.2));
#570 = LINE('',#571,#572);
#571 = CARTESIAN_POINT('',(44.584312080537,4.11677852349,3.2));
#572 = VECTOR('',#573,1.);
#573 = DIRECTION('',(0.,-1.,0.));
#574 = ORIENTED_EDGE('',*,*,#575,.F.);
#575 = EDGE_CURVE('',#576,#568,#578,.T.);
#576 = VERTEX_POINT('',#577);
#577 = CARTESIAN_POINT('',(45.124077181208,8.776510067114,3.2));
#578 = B_SPLINE_CURVE_WITH_KNOTS('',5,(#579,#580,#581,#582,#583,#584),
  .UNSPECIFIED.,.F.,.F.,(6,6),(0.,1.),.PIECEWISE_BEZIER_KNOTS.);
#579 = CARTESIAN_POINT('',(45.124077181208,8.776510067114,3.2));
#580 = CARTESIAN_POINT('',(45.015700430907,8.805012405954,3.2));
#581 = CARTESIAN_POINT('',(44.907415829747,8.840317344173,3.2));
#582 = CARTESIAN_POINT('',(44.799350636539,8.882268691276,3.2));
#583 = CARTESIAN_POINT('',(44.691616827245,8.930655201003,3.2));
#584 = CARTESIAN_POINT('',(44.584312080537,8.985234899329,3.2));
#585 = ORIENTED_EDGE('',*,*,#586,.F.);
#586 = EDGE_CURVE('',#587,#576,#589,.T.);
#587 = VERTEX_POINT('',#588);
#588 = CARTESIAN_POINT('',(45.651426174497,8.706040268456,3.2));
#589 = B_SPLINE_CURVE_WITH_KNOTS('',5,(#590,#591,#592,#593,#594,#595),
  .UNSPECIFIED.,.F.,.F.,(6,6),(0.,1.),.PIECEWISE_BEZIER_KNOTS.);
#590 = CARTESIAN_POINT('',(45.651426174497,8.706040268456,3.2));
#591 = CARTESIAN_POINT('',(45.547086458532,8.706040268456,3.2));
#592 = CARTESIAN_POINT('',(45.44203621212,8.713175661112,3.2));
#593 = CARTESIAN_POINT('',(45.336422837813,8.727394507103,3.2));
#594 = CARTESIAN_POINT('',(45.23039018849,8.748567975087,3.2));
#595 = CARTESIAN_POINT('',(45.124077181208,8.776510067114,3.2));
#596 = ORIENTED_EDGE('',*,*,#597,.F.);
#597 = EDGE_CURVE('',#598,#587,#600,.T.);
#598 = VERTEX_POINT('',#599);
#599 = CARTESIAN_POINT('',(46.241526845638,8.839932885906,3.2));
#600 = B_SPLINE_CURVE_WITH_KNOTS('',6,(#601,#602,#603,#604,#605,#606,
    #607),.UNSPECIFIED.,.F.,.F.,(7,7),(0.,1.),.PIECEWISE_BEZIER_KNOTS.);
#601 = CARTESIAN_POINT('',(46.241526845638,8.839932885906,3.2));
#602 = CARTESIAN_POINT('',(46.169390759767,8.792826014773,3.2));
#603 = CARTESIAN_POINT('',(46.084821856147,8.756276117438,3.2));
#604 = CARTESIAN_POINT('',(45.989086205205,8.730196658387,3.2));
#605 = CARTESIAN_POINT('',(45.883911463336,8.713775712902,3.2));
#606 = CARTESIAN_POINT('',(45.770916425743,8.706040268456,3.2));
#607 = CARTESIAN_POINT('',(45.651426174497,8.706040268456,3.2));
#608 = ORIENTED_EDGE('',*,*,#609,.F.);
#609 = EDGE_CURVE('',#610,#598,#612,.T.);
#610 = VERTEX_POINT('',#611);
#611 = CARTESIAN_POINT('',(46.446728187919,9.22432885906,3.2));
#612 = B_SPLINE_CURVE_WITH_KNOTS('',5,(#613,#614,#615,#616,#617,#618,
    #619,#620,#621,#622),.UNSPECIFIED.,.F.,.F.,(6,4,6),(0.,
    0.524347241791,1.),.UNSPECIFIED.);
#613 = CARTESIAN_POINT('',(46.446728187919,9.22432885906,3.2));
#614 = CARTESIAN_POINT('',(46.446728187919,9.172720879386,3.2));
#615 = CARTESIAN_POINT('',(46.441277538252,9.123577251268,3.2));
#616 = CARTESIAN_POINT('',(46.430112506151,9.077224256712,3.2));
#617 = CARTESIAN_POINT('',(46.413112422217,9.03393847107,3.2));
#618 = CARTESIAN_POINT('',(46.369767866845,8.957586549669,3.2));
#619 = CARTESIAN_POINT('',(46.344434980018,8.923939696538,3.2));
#620 = CARTESIAN_POINT('',(46.314462953659,8.893100419951,3.2));
#621 = CARTESIAN_POINT('',(46.280061541163,8.865108046761,3.2));
#622 = CARTESIAN_POINT('',(46.241526845638,8.839932885906,3.2));
#623 = ORIENTED_EDGE('',*,*,#624,.F.);
#624 = EDGE_CURVE('',#625,#610,#627,.T.);
#625 = VERTEX_POINT('',#626);
#626 = CARTESIAN_POINT('',(46.236493288591,9.614932885906,3.2));
#627 = B_SPLINE_CURVE_WITH_KNOTS('',5,(#628,#629,#630,#631,#632,#633,
    #634,#635,#636,#637),.UNSPECIFIED.,.F.,.F.,(6,4,6),(0.,
    0.459374033194,1.),.UNSPECIFIED.);
#628 = CARTESIAN_POINT('',(46.236493288591,9.614932885906,3.2));
#629 = CARTESIAN_POINT('',(46.274646292185,9.590847470229,3.2));
#630 = CARTESIAN_POINT('',(46.308857335808,9.563942267081,3.2));
#631 = CARTESIAN_POINT('',(46.338839452885,9.534183826991,3.2));
#632 = CARTESIAN_POINT('',(46.364387707028,9.501607525299,3.2));
#633 = CARTESIAN_POINT('',(46.410180422174,9.424849129435,3.2));
#634 = CARTESIAN_POINT('',(46.428691842632,9.379626100472,3.2));
#635 = CARTESIAN_POINT('',(46.440823444422,9.330895622255,3.2));
#636 = CARTESIAN_POINT('',(46.446728187919,9.278997155332,3.2));
#637 = CARTESIAN_POINT('',(46.446728187919,9.22432885906,3.2));
#638 = ORIENTED_EDGE('',*,*,#639,.F.);
#639 = EDGE_CURVE('',#640,#625,#642,.T.);
#640 = VERTEX_POINT('',#641);
#641 = CARTESIAN_POINT('',(45.616191275168,9.747651006711,3.2));
#642 = B_SPLINE_CURVE_WITH_KNOTS('',6,(#643,#644,#645,#646,#647,#648,
    #649),.UNSPECIFIED.,.F.,.F.,(7,7),(0.,1.),.PIECEWISE_BEZIER_KNOTS.);
#643 = CARTESIAN_POINT('',(45.616191275168,9.747651006711,3.2));
#644 = CARTESIAN_POINT('',(45.742102132211,9.747651006711,3.2));
#645 = CARTESIAN_POINT('',(45.861277919102,9.740150124147,3.2));
#646 = CARTESIAN_POINT('',(45.97226612835,9.724122039828,3.2));
#647 = CARTESIAN_POINT('',(46.073160834444,9.698456418434,3.2));
#648 = CARTESIAN_POINT('',(46.161787688581,9.662131072494,3.2));
#649 = CARTESIAN_POINT('',(46.236493288591,9.614932885906,3.2));
#650 = ORIENTED_EDGE('',*,*,#651,.F.);
#651 = EDGE_CURVE('',#652,#640,#654,.T.);
#652 = VERTEX_POINT('',#653);
#653 = CARTESIAN_POINT('',(45.22860738255,9.747651006711,3.2));
#654 = LINE('',#655,#656);
#655 = CARTESIAN_POINT('',(22.808095637584,9.747651006711,3.2));
#656 = VECTOR('',#657,1.);
#657 = DIRECTION('',(1.,0.,-0.));
#658 = ORIENTED_EDGE('',*,*,#659,.F.);
#659 = EDGE_CURVE('',#660,#652,#662,.T.);
#660 = VERTEX_POINT('',#661);
#661 = CARTESIAN_POINT('',(45.22860738255,10.370469798658,3.2));
#662 = LINE('',#663,#664);
#663 = CARTESIAN_POINT('',(45.22860738255,4.873825503356,3.2));
#664 = VECTOR('',#665,1.);
#665 = DIRECTION('',(0.,-1.,0.));
#666 = ORIENTED_EDGE('',*,*,#667,.F.);
#667 = EDGE_CURVE('',#668,#660,#670,.T.);
#668 = VERTEX_POINT('',#669);
#669 = CARTESIAN_POINT('',(45.636325503356,10.370469798658,3.2));
#670 = LINE('',#671,#672);
#671 = CARTESIAN_POINT('',(22.614303691275,10.370469798658,3.2));
#672 = VECTOR('',#673,1.);
#673 = DIRECTION('',(-1.,0.,0.));
#674 = ORIENTED_EDGE('',*,*,#675,.F.);
#675 = EDGE_CURVE('',#676,#668,#678,.T.);
#676 = VERTEX_POINT('',#677);
#677 = CARTESIAN_POINT('',(46.17994966443,10.484563758389,3.2));
#678 = B_SPLINE_CURVE_WITH_KNOTS('',6,(#679,#680,#681,#682,#683,#684,
    #685),.UNSPECIFIED.,.F.,.F.,(7,7),(0.,1.),.PIECEWISE_BEZIER_KNOTS.);
#679 = CARTESIAN_POINT('',(46.17994966443,10.484563758389,3.2));
#680 = CARTESIAN_POINT('',(46.116881185993,10.444294682955,3.2));
#681 = CARTESIAN_POINT('',(46.040818247448,10.413144799739,3.2));
#682 = CARTESIAN_POINT('',(45.953043092441,10.390971086436,3.2));
#683 = CARTESIAN_POINT('',(45.855323890011,10.377030856451,3.2));
#684 = CARTESIAN_POINT('',(45.749305522974,10.370469798658,3.2));
#685 = CARTESIAN_POINT('',(45.636325503356,10.370469798658,3.2));
#686 = ORIENTED_EDGE('',*,*,#687,.F.);
#687 = EDGE_CURVE('',#688,#676,#690,.T.);
#688 = VERTEX_POINT('',#689);
#689 = CARTESIAN_POINT('',(46.358640939597,10.831879194631,3.2));
#690 = B_SPLINE_CURVE_WITH_KNOTS('',5,(#691,#692,#693,#694,#695,#696,
    #697,#698,#699,#700),.UNSPECIFIED.,.F.,.F.,(6,4,6),(0.,
    0.603284239132,1.),.UNSPECIFIED.);
#691 = CARTESIAN_POINT('',(46.358640939597,10.831879194631,3.2));
#692 = CARTESIAN_POINT('',(46.358640939597,10.776761715911,3.2));
#693 = CARTESIAN_POINT('',(46.352403227199,10.725052644931,3.2));
#694 = CARTESIAN_POINT('',(46.339588315756,10.677185395329,3.2));
#695 = CARTESIAN_POINT('',(46.320034549822,10.633516989803,3.2));
#696 = CARTESIAN_POINT('',(46.276685094599,10.568432968453,3.2));
#697 = CARTESIAN_POINT('',(46.256632814358,10.544515257205,3.2));
#698 = CARTESIAN_POINT('',(46.2337632103,10.522556883138,3.2));
#699 = CARTESIAN_POINT('',(46.208161430601,10.502576904865,3.2));
#700 = CARTESIAN_POINT('',(46.17994966443,10.484563758389,3.2));
#701 = ORIENTED_EDGE('',*,*,#702,.F.);
#702 = EDGE_CURVE('',#703,#688,#705,.T.);
#703 = VERTEX_POINT('',#704);
#704 = CARTESIAN_POINT('',(46.184983221477,11.165268456376,3.2));
#705 = B_SPLINE_CURVE_WITH_KNOTS('',5,(#706,#707,#708,#709,#710,#711,
    #712,#713,#714,#715),.UNSPECIFIED.,.F.,.F.,(6,4,6),(0.,
    0.469644265467,1.),.UNSPECIFIED.);
#706 = CARTESIAN_POINT('',(46.184983221477,11.165268456376,3.2));
#707 = CARTESIAN_POINT('',(46.217304775558,11.143346010999,3.2));
#708 = CARTESIAN_POINT('',(46.246105980646,11.119143267338,3.2));
#709 = CARTESIAN_POINT('',(46.271202719539,11.092646679396,3.2));
#710 = CARTESIAN_POINT('',(46.292469553102,11.0638850593,3.2));
#711 = CARTESIAN_POINT('',(46.32949956657,10.997999244981,3.2));
#712 = CARTESIAN_POINT('',(46.344197653441,10.960271518564,3.2));
#713 = CARTESIAN_POINT('',(46.353885907664,10.919879575169,3.2));
#714 = CARTESIAN_POINT('',(46.358640939597,10.87700729943,3.2));
#715 = CARTESIAN_POINT('',(46.358640939597,10.831879194631,3.2));
#716 = ORIENTED_EDGE('',*,*,#717,.F.);
#717 = EDGE_CURVE('',#718,#703,#720,.T.);
#718 = VERTEX_POINT('',#719);
#719 = CARTESIAN_POINT('',(45.694211409396,11.28322147651,3.2));
#720 = B_SPLINE_CURVE_WITH_KNOTS('',6,(#721,#722,#723,#724,#725,#726,
    #727),.UNSPECIFIED.,.F.,.F.,(7,7),(0.,1.),.PIECEWISE_BEZIER_KNOTS.);
#721 = CARTESIAN_POINT('',(45.694211409396,11.28322147651,3.2));
#722 = CARTESIAN_POINT('',(45.794616901647,11.28322147651,3.2));
#723 = CARTESIAN_POINT('',(45.888892704285,11.276126633181,3.2));
#724 = CARTESIAN_POINT('',(45.976062530437,11.261274541793,3.2));
#725 = CARTESIAN_POINT('',(46.055076927631,11.238056556414,3.2));
#726 = CARTESIAN_POINT('',(46.124943877879,11.2060488028,3.2));
#727 = CARTESIAN_POINT('',(46.184983221477,11.165268456376,3.2));
#728 = ORIENTED_EDGE('',*,*,#729,.F.);
#729 = EDGE_CURVE('',#730,#718,#732,.T.);
#730 = VERTEX_POINT('',#731);
#731 = CARTESIAN_POINT('',(45.22105704698,11.231543624161,3.2));
#732 = B_SPLINE_CURVE_WITH_KNOTS('',4,(#733,#734,#735,#736,#737),
  .UNSPECIFIED.,.F.,.F.,(5,5),(0.,1.),.PIECEWISE_BEZIER_KNOTS.);
#733 = CARTESIAN_POINT('',(45.22105704698,11.231543624161,3.2));
#734 = CARTESIAN_POINT('',(45.340028183823,11.257258087423,3.2));
#735 = CARTESIAN_POINT('',(45.45866246919,11.274549499317,3.2));
#736 = CARTESIAN_POINT('',(45.576783562026,11.28322147651,3.2));
#737 = CARTESIAN_POINT('',(45.694211409396,11.28322147651,3.2));
#738 = ORIENTED_EDGE('',*,*,#739,.F.);
#739 = EDGE_CURVE('',#740,#730,#742,.T.);
#740 = VERTEX_POINT('',#741);
#741 = CARTESIAN_POINT('',(44.74538590604,11.079194630872,3.2));
#742 = B_SPLINE_CURVE_WITH_KNOTS('',4,(#743,#744,#745,#746,#747),
  .UNSPECIFIED.,.F.,.F.,(5,5),(0.,1.),.PIECEWISE_BEZIER_KNOTS.);
#743 = CARTESIAN_POINT('',(44.74538590604,11.079194630872,3.2));
#744 = CARTESIAN_POINT('',(44.863004956749,11.129328708515,3.2));
#745 = CARTESIAN_POINT('',(44.981579057855,11.17156482387,3.2));
#746 = CARTESIAN_POINT('',(45.100980780404,11.205674561818,3.2));
#747 = CARTESIAN_POINT('',(45.22105704698,11.231543624161,3.2));
#748 = ORIENTED_EDGE('',*,*,#749,.F.);
#749 = EDGE_CURVE('',#750,#740,#752,.T.);
#750 = VERTEX_POINT('',#751);
#751 = CARTESIAN_POINT('',(44.74538590604,11.787919463087,3.2));
#752 = LINE('',#753,#754);
#753 = CARTESIAN_POINT('',(44.74538590604,5.539597315436,3.2));
#754 = VECTOR('',#755,1.);
#755 = DIRECTION('',(0.,-1.,0.));
#756 = ORIENTED_EDGE('',*,*,#757,.F.);
#757 = EDGE_CURVE('',#758,#750,#760,.T.);
#758 = VERTEX_POINT('',#759);
#759 = CARTESIAN_POINT('',(45.314177852349,11.908724832215,3.2));
#760 = B_SPLINE_CURVE_WITH_KNOTS('',4,(#761,#762,#763,#764,#765),
  .UNSPECIFIED.,.F.,.F.,(5,5),(0.,1.),.PIECEWISE_BEZIER_KNOTS.);
#761 = CARTESIAN_POINT('',(45.314177852349,11.908724832215,3.2));
#762 = CARTESIAN_POINT('',(45.172477125163,11.888481871188,3.2));
#763 = CARTESIAN_POINT('',(45.030364359164,11.861516881497,3.2));
#764 = CARTESIAN_POINT('',(44.887962643637,11.827941003465,3.2));
#765 = CARTESIAN_POINT('',(44.74538590604,11.787919463087,3.2));
#766 = ORIENTED_EDGE('',*,*,#767,.F.);
#767 = EDGE_CURVE('',#768,#758,#770,.T.);
#768 = VERTEX_POINT('',#769);
#769 = CARTESIAN_POINT('',(45.867869127517,11.948993288591,3.2));
#770 = B_SPLINE_CURVE_WITH_KNOTS('',4,(#771,#772,#773,#774,#775),
  .UNSPECIFIED.,.F.,.F.,(5,5),(0.,1.),.PIECEWISE_BEZIER_KNOTS.);
#771 = CARTESIAN_POINT('',(45.867869127517,11.948993288591,3.2));
#772 = CARTESIAN_POINT('',(45.731270961009,11.948993288591,3.2));
#773 = CARTESIAN_POINT('',(45.593364274819,11.942213119879,3.2));
#774 = CARTESIAN_POINT('',(45.45428735287,11.928740475146,3.2));
#775 = CARTESIAN_POINT('',(45.314177852349,11.908724832215,3.2));
#776 = ORIENTED_EDGE('',*,*,#777,.F.);
#777 = EDGE_CURVE('',#778,#768,#780,.T.);
#778 = VERTEX_POINT('',#779);
#779 = CARTESIAN_POINT('',(46.963842281879,11.70855704698,3.2));
#780 = B_SPLINE_CURVE_WITH_KNOTS('',6,(#781,#782,#783,#784,#785,#786,
    #787,#788,#789,#790,#791,#792),.UNSPECIFIED.,.F.,.F.,(7,5,7),(0.,
    0.4646021361,1.),.UNSPECIFIED.);
#781 = CARTESIAN_POINT('',(46.963842281879,11.70855704698,3.2));
#782 = CARTESIAN_POINT('',(46.899378115928,11.751186096268,3.2));
#783 = CARTESIAN_POINT('',(46.829155837171,11.788488154703,3.2));
#784 = CARTESIAN_POINT('',(46.753943758872,11.820592751141,3.2));
#785 = CARTESIAN_POINT('',(46.674550624723,11.847845062295,3.2));
#786 = CARTESIAN_POINT('',(46.591674919037,11.870638500993,3.2));
#787 = CARTESIAN_POINT('',(46.406969248162,11.910943175634,3.2));
#788 = CARTESIAN_POINT('',(46.304195786675,11.927115218852,3.2));
#789 = CARTESIAN_POINT('',(46.198340801811,11.938491358093,3.2));
#790 = CARTESIAN_POINT('',(46.090046932264,11.945624015794,3.2));
#791 = CARTESIAN_POINT('',(45.979789776034,11.948993288591,3.2));
#792 = CARTESIAN_POINT('',(45.867869127517,11.948993288591,3.2));
#793 = ORIENTED_EDGE('',*,*,#794,.F.);
#794 = EDGE_CURVE('',#795,#778,#797,.T.);
#795 = VERTEX_POINT('',#796);
#796 = CARTESIAN_POINT('',(47.327600671141,10.985067114094,3.2));
#797 = B_SPLINE_CURVE_WITH_KNOTS('',5,(#798,#799,#800,#801,#802,#803,
    #804,#805,#806,#807,#808,#809,#810,#811),.UNSPECIFIED.,.F.,.F.,(6,4,
    4,6),(0.,0.211573451287,0.617937577815,1.),.UNSPECIFIED.);
#798 = CARTESIAN_POINT('',(47.327600671141,10.985067114094,3.2));
#799 = CARTESIAN_POINT('',(47.327600671141,11.023616828029,3.2));
#800 = CARTESIAN_POINT('',(47.326153742768,11.061666970454,3.2));
#801 = CARTESIAN_POINT('',(47.323189886997,11.099150141285,3.2));
#802 = CARTESIAN_POINT('',(47.318643216696,11.135991060227,3.2));
#803 = CARTESIAN_POINT('',(47.300591349427,11.241484965696,3.2));
#804 = CARTESIAN_POINT('',(47.282689532875,11.308214035891,3.2));
#805 = CARTESIAN_POINT('',(47.258396159922,11.371699661617,3.2));
#806 = CARTESIAN_POINT('',(47.227563327342,11.431385240831,3.2));
#807 = CARTESIAN_POINT('',(47.155585669838,11.539038111202,3.2));
#808 = CARTESIAN_POINT('',(47.115157318165,11.58750845932,3.2));
#809 = CARTESIAN_POINT('',(47.06939990084,11.631947473709,3.2));
#810 = CARTESIAN_POINT('',(47.018772830808,11.672274507281,3.2));
#811 = CARTESIAN_POINT('',(46.963842281879,11.70855704698,3.2));
#812 = ORIENTED_EDGE('',*,*,#813,.F.);
#813 = EDGE_CURVE('',#814,#795,#816,.T.);
#814 = VERTEX_POINT('',#815);
#815 = CARTESIAN_POINT('',(47.15394295302,10.445134228188,3.2));
#816 = B_SPLINE_CURVE_WITH_KNOTS('',5,(#817,#818,#819,#820,#821,#822,
    #823,#824,#825,#826),.UNSPECIFIED.,.F.,.F.,(6,4,6),(0.,
    0.112272943137,1.),.UNSPECIFIED.);
#817 = CARTESIAN_POINT('',(47.15394295302,10.445134228188,3.2));
#818 = CARTESIAN_POINT('',(47.1618570765,10.454715287822,3.2));
#819 = CARTESIAN_POINT('',(47.169549285542,10.464455661633,3.2));
#820 = CARTESIAN_POINT('',(47.177018012624,10.474354211801,3.2));
#821 = CARTESIAN_POINT('',(47.18426195147,10.484409608024,3.2));
#822 = CARTESIAN_POINT('',(47.246771273674,10.575355112856,3.2));
#823 = CARTESIAN_POINT('',(47.288158670061,10.665823249702,3.2));
#824 = CARTESIAN_POINT('',(47.314858105915,10.765200262802,3.2));
#825 = CARTESIAN_POINT('',(47.327600671141,10.872101608386,3.2));
#826 = CARTESIAN_POINT('',(47.327600671141,10.985067114094,3.2));
#827 = ORIENTED_EDGE('',*,*,#828,.F.);
#828 = EDGE_CURVE('',#480,#814,#829,.T.);
#829 = B_SPLINE_CURVE_WITH_KNOTS('',5,(#830,#831,#832,#833,#834,#835,
    #836,#837,#838,#839),.UNSPECIFIED.,.F.,.F.,(6,4,6),(0.,
    0.522782370138,1.),.UNSPECIFIED.);
#830 = CARTESIAN_POINT('',(46.640520134228,10.149496644295,3.2));
#831 = CARTESIAN_POINT('',(46.708493495393,10.166615861181,3.2));
#832 = CARTESIAN_POINT('',(46.773356992403,10.187112725086,3.2));
#833 = CARTESIAN_POINT('',(46.834774343442,10.211157841093,3.2));
#834 = CARTESIAN_POINT('',(46.892395134724,10.238889267736,3.2));
#835 = CARTESIAN_POINT('',(46.994767785392,10.299077477488,3.2));
#836 = CARTESIAN_POINT('',(47.040205813851,10.330912958791,3.2));
#837 = CARTESIAN_POINT('',(47.081992076515,10.365895609133,3.2));
#838 = CARTESIAN_POINT('',(47.119940830218,10.4040031579,3.2));
#839 = CARTESIAN_POINT('',(47.15394295302,10.445134228188,3.2));
#840 = FACE_BOUND('',#841,.T.);
#841 = EDGE_LOOP('',(#842,#852,#860,#868,#876,#884,#892,#900,#908,#916,
    #924));
#842 = ORIENTED_EDGE('',*,*,#843,.F.);
#843 = EDGE_CURVE('',#844,#846,#848,.T.);
#844 = VERTEX_POINT('',#845);
#845 = CARTESIAN_POINT('',(65.023070469799,11.879194630872,3.2));
#846 = VERTEX_POINT('',#847);
#847 = CARTESIAN_POINT('',(63.945889261745,11.879194630872,3.2));
#848 = LINE('',#849,#850);
#849 = CARTESIAN_POINT('',(31.972944630872,11.879194630872,3.2));
#850 = VECTOR('',#851,1.);
#851 = DIRECTION('',(-1.,0.,0.));
#852 = ORIENTED_EDGE('',*,*,#853,.F.);
#853 = EDGE_CURVE('',#854,#844,#856,.T.);
#854 = VERTEX_POINT('',#855);
#855 = CARTESIAN_POINT('',(65.023070469799,9.506040268456,3.2));
#856 = LINE('',#857,#858);
#857 = CARTESIAN_POINT('',(65.023070469799,5.939597315436,3.2));
#858 = VECTOR('',#859,1.);
#859 = DIRECTION('',(0.,1.,0.));
#860 = ORIENTED_EDGE('',*,*,#861,.F.);
#861 = EDGE_CURVE('',#862,#854,#864,.T.);
#862 = VERTEX_POINT('',#863);
#863 = CARTESIAN_POINT('',(65.559144295302,9.506040268456,3.2));
#864 = LINE('',#865,#866);
#865 = CARTESIAN_POINT('',(32.511535234899,9.506040268456,3.2));
#866 = VECTOR('',#867,1.);
#867 = DIRECTION('',(-1.,0.,0.));
#868 = ORIENTED_EDGE('',*,*,#869,.F.);
#869 = EDGE_CURVE('',#870,#862,#872,.T.);
#870 = VERTEX_POINT('',#871);
#871 = CARTESIAN_POINT('',(65.559144295302,8.808053691275,3.2));
#872 = LINE('',#873,#874);
#873 = CARTESIAN_POINT('',(65.559144295302,4.753020134228,3.2));
#874 = VECTOR('',#875,1.);
#875 = DIRECTION('',(0.,1.,0.));
#876 = ORIENTED_EDGE('',*,*,#877,.F.);
#877 = EDGE_CURVE('',#878,#870,#880,.T.);
#878 = VERTEX_POINT('',#879);
#879 = CARTESIAN_POINT('',(65.023070469799,8.808053691275,3.2));
#880 = LINE('',#881,#882);
#881 = CARTESIAN_POINT('',(32.779572147651,8.808053691275,3.2));
#882 = VECTOR('',#883,1.);
#883 = DIRECTION('',(1.,0.,-0.));
#884 = ORIENTED_EDGE('',*,*,#885,.F.);
#885 = EDGE_CURVE('',#886,#878,#888,.T.);
#886 = VERTEX_POINT('',#887);
#887 = CARTESIAN_POINT('',(65.023070469799,8.120805369128,3.2));
#888 = LINE('',#889,#890);
#889 = CARTESIAN_POINT('',(65.023070469799,4.404026845638,3.2));
#890 = VECTOR('',#891,1.);
#891 = DIRECTION('',(0.,1.,0.));
#892 = ORIENTED_EDGE('',*,*,#893,.F.);
#893 = EDGE_CURVE('',#894,#886,#896,.T.);
#894 = VERTEX_POINT('',#895);
#895 = CARTESIAN_POINT('',(64.106963087248,8.120805369128,3.2));
#896 = LINE('',#897,#898);
#897 = CARTESIAN_POINT('',(32.511535234899,8.120805369128,3.2));
#898 = VECTOR('',#899,1.);
#899 = DIRECTION('',(1.,0.,-0.));
#900 = ORIENTED_EDGE('',*,*,#901,.F.);
#901 = EDGE_CURVE('',#902,#894,#904,.T.);
#902 = VERTEX_POINT('',#903);
#903 = CARTESIAN_POINT('',(64.106963087248,8.808053691275,3.2));
#904 = LINE('',#905,#906);
#905 = CARTESIAN_POINT('',(64.106963087248,4.060402684564,3.2));
#906 = VECTOR('',#907,1.);
#907 = DIRECTION('',(0.,-1.,0.));
#908 = ORIENTED_EDGE('',*,*,#909,.F.);
#909 = EDGE_CURVE('',#910,#902,#912,.T.);
#910 = VERTEX_POINT('',#911);
#911 = CARTESIAN_POINT('',(62.440855704698,8.808053691275,3.2));
#912 = LINE('',#913,#914);
#913 = CARTESIAN_POINT('',(32.053481543624,8.808053691275,3.2));
#914 = VECTOR('',#915,1.);
#915 = DIRECTION('',(1.,0.,-0.));
#916 = ORIENTED_EDGE('',*,*,#917,.F.);
#917 = EDGE_CURVE('',#918,#910,#920,.T.);
#918 = VERTEX_POINT('',#919);
#919 = CARTESIAN_POINT('',(62.440855704698,9.638087248322,3.2));
#920 = LINE('',#921,#922);
#921 = CARTESIAN_POINT('',(62.440855704698,4.404026845638,3.2));
#922 = VECTOR('',#923,1.);
#923 = DIRECTION('',(0.,-1.,0.));
#924 = ORIENTED_EDGE('',*,*,#925,.F.);
#925 = EDGE_CURVE('',#846,#918,#926,.T.);
#926 = LINE('',#927,#928);
#927 = CARTESIAN_POINT('',(50.506679436385,-8.132792619666,3.2));
#928 = VECTOR('',#929,1.);
#929 = DIRECTION('',(-0.557508237146,-0.830171407309,0.));
#930 = FACE_BOUND('',#931,.T.);
#931 = EDGE_LOOP('',(#932,#942,#950,#958,#966,#976,#986,#1003,#1022,
    #1041,#1058,#1071,#1082,#1090,#1101,#1112,#1127,#1142,#1157,#1172,
    #1183,#1194));
#932 = ORIENTED_EDGE('',*,*,#933,.F.);
#933 = EDGE_CURVE('',#934,#936,#938,.T.);
#934 = VERTEX_POINT('',#935);
#935 = CARTESIAN_POINT('',(83.142617449664,11.91677852349,3.2));
#936 = VERTEX_POINT('',#937);
#937 = CARTESIAN_POINT('',(80.734060402685,11.91677852349,3.2));
#938 = LINE('',#939,#940);
#939 = CARTESIAN_POINT('',(40.367030201342,11.91677852349,3.2));
#940 = VECTOR('',#941,1.);
#941 = DIRECTION('',(-1.,0.,0.));
#942 = ORIENTED_EDGE('',*,*,#943,.F.);
#943 = EDGE_CURVE('',#944,#934,#946,.T.);
#944 = VERTEX_POINT('',#945);
#945 = CARTESIAN_POINT('',(83.142617449664,11.208053691275,3.2));
#946 = LINE('',#947,#948);
#947 = CARTESIAN_POINT('',(83.142617449664,5.958389261745,3.2));
#948 = VECTOR('',#949,1.);
#949 = DIRECTION('',(0.,1.,0.));
#950 = ORIENTED_EDGE('',*,*,#951,.F.);
#951 = EDGE_CURVE('',#952,#944,#954,.T.);
#952 = VERTEX_POINT('',#953);
#953 = CARTESIAN_POINT('',(81.506711409396,11.208053691275,3.2));
#954 = LINE('',#955,#956);
#955 = CARTESIAN_POINT('',(41.571308724832,11.208053691275,3.2));
#956 = VECTOR('',#957,1.);
#957 = DIRECTION('',(1.,0.,-0.));
#958 = ORIENTED_EDGE('',*,*,#959,.F.);
#959 = EDGE_CURVE('',#960,#952,#962,.T.);
#960 = VERTEX_POINT('',#961);
#961 = CARTESIAN_POINT('',(81.506711409396,10.618624161074,3.2));
#962 = LINE('',#963,#964);
#963 = CARTESIAN_POINT('',(81.506711409396,5.604026845638,3.2));
#964 = VECTOR('',#965,1.);
#965 = DIRECTION('',(0.,1.,0.));
#966 = ORIENTED_EDGE('',*,*,#967,.F.);
#967 = EDGE_CURVE('',#968,#960,#970,.T.);
#968 = VERTEX_POINT('',#969);
#969 = CARTESIAN_POINT('',(81.729362416107,10.665436241611,3.2));
#970 = B_SPLINE_CURVE_WITH_KNOTS('',4,(#971,#972,#973,#974,#975),
  .UNSPECIFIED.,.F.,.F.,(5,5),(0.,1.),.PIECEWISE_BEZIER_KNOTS.);
#971 = CARTESIAN_POINT('',(81.729362416107,10.665436241611,3.2));
#972 = CARTESIAN_POINT('',(81.673388727933,10.657212221459,3.2));
#973 = CARTESIAN_POINT('',(81.617617836539,10.646666752653,3.2));
#974 = CARTESIAN_POINT('',(81.562056572178,10.633802152685,3.2));
#975 = CARTESIAN_POINT('',(81.506711409396,10.618624161074,3.2));
#976 = ORIENTED_EDGE('',*,*,#977,.F.);
#977 = EDGE_CURVE('',#978,#968,#980,.T.);
#978 = VERTEX_POINT('',#979);
#979 = CARTESIAN_POINT('',(81.962248322148,10.681879194631,3.2));
#980 = B_SPLINE_CURVE_WITH_KNOTS('',4,(#981,#982,#983,#984,#985),
  .UNSPECIFIED.,.F.,.F.,(5,5),(0.,1.),.PIECEWISE_BEZIER_KNOTS.);
#981 = CARTESIAN_POINT('',(81.962248322148,10.681879194631,3.2));
#982 = CARTESIAN_POINT('',(81.901952885265,10.681879194631,3.2));
#983 = CARTESIAN_POINT('',(81.84302649886,10.679148432933,3.2));
#984 = CARTESIAN_POINT('',(81.785490328923,10.673670576126,3.2));
#985 = CARTESIAN_POINT('',(81.729362416107,10.665436241611,3.2));
#986 = ORIENTED_EDGE('',*,*,#987,.F.);
#987 = EDGE_CURVE('',#988,#978,#990,.T.);
#988 = VERTEX_POINT('',#989);
#989 = CARTESIAN_POINT('',(83.031879194631,10.338422818792,3.2));
#990 = B_SPLINE_CURVE_WITH_KNOTS('',6,(#991,#992,#993,#994,#995,#996,
    #997,#998,#999,#1000,#1001,#1002),.UNSPECIFIED.,.F.,.F.,(7,5,7),(0.,
    0.481726522684,1.),.UNSPECIFIED.);
#991 = CARTESIAN_POINT('',(83.031879194631,10.338422818792,3.2));
#992 = CARTESIAN_POINT('',(82.966560675521,10.397066243624,3.2));
#993 = CARTESIAN_POINT('',(82.895881888066,10.449731483019,3.2));
#994 = CARTESIAN_POINT('',(82.820222508608,10.496058267659,3.2));
#995 = CARTESIAN_POINT('',(82.740103379241,10.535985591868,3.2));
#996 = CARTESIAN_POINT('',(82.656126148617,10.569666593009,3.2));
#997 = CARTESIAN_POINT('',(82.475083104985,10.627203051058,3.2));
#998 = CARTESIAN_POINT('',(82.377488002783,10.650125693647,3.2));
#999 = CARTESIAN_POINT('',(82.276826898154,10.666522925969,3.2));
#1000 = CARTESIAN_POINT('',(82.173742900998,10.676927323057,3.2));
#1001 = CARTESIAN_POINT('',(82.068757004647,10.681879194631,3.2));
#1002 = CARTESIAN_POINT('',(81.962248322148,10.681879194631,3.2));
#1003 = ORIENTED_EDGE('',*,*,#1004,.F.);
#1004 = EDGE_CURVE('',#1005,#988,#1007,.T.);
#1005 = VERTEX_POINT('',#1006);
#1006 = CARTESIAN_POINT('',(83.414429530201,9.381375838926,3.2));
#1007 = B_SPLINE_CURVE_WITH_KNOTS('',5,(#1008,#1009,#1010,#1011,#1012,
    #1013,#1014,#1015,#1016,#1017,#1018,#1019,#1020,#1021),
  .UNSPECIFIED.,.F.,.F.,(6,4,4,6),(0.,0.2751480847,0.762439655246,1.),
  .UNSPECIFIED.);
#1008 = CARTESIAN_POINT('',(83.414429530201,9.381375838926,3.2));
#1009 = CARTESIAN_POINT('',(83.414429530201,9.443682461465,3.2));
#1010 = CARTESIAN_POINT('',(83.411965457609,9.50529414042,3.2));
#1011 = CARTESIAN_POINT('',(83.406872070717,9.566071101612,3.2));
#1012 = CARTESIAN_POINT('',(83.398984006087,9.625842654854,3.2));
#1013 = CARTESIAN_POINT('',(83.369017519024,9.788158919192,3.2));
#1014 = CARTESIAN_POINT('',(83.340679651463,9.888190054694,3.2));
#1015 = CARTESIAN_POINT('',(83.302435314213,9.983356583334,3.2));
#1016 = CARTESIAN_POINT('',(83.253937274562,10.072503592703,3.2));
#1017 = CARTESIAN_POINT('',(83.167439907369,10.194913465602,3.2));
#1018 = CARTESIAN_POINT('',(83.136793445985,10.233408751231,3.2));
#1019 = CARTESIAN_POINT('',(83.103912774156,10.270189997074,3.2));
#1020 = CARTESIAN_POINT('',(83.068898502611,10.305202860842,3.2));
#1021 = CARTESIAN_POINT('',(83.031879194631,10.338422818792,3.2));
#1022 = ORIENTED_EDGE('',*,*,#1023,.F.);
#1023 = EDGE_CURVE('',#1024,#1005,#1026,.T.);
#1024 = VERTEX_POINT('',#1025);
#1025 = CARTESIAN_POINT('',(82.997818791946,8.427852348993,3.2));
#1026 = B_SPLINE_CURVE_WITH_KNOTS('',5,(#1027,#1028,#1029,#1030,#1031,
    #1032,#1033,#1034,#1035,#1036,#1037,#1038,#1039,#1040),
  .UNSPECIFIED.,.F.,.F.,(6,4,4,6),(0.,0.332669873401,0.768281440384,1.),
  .UNSPECIFIED.);
#1027 = CARTESIAN_POINT('',(82.997818791946,8.427852348993,3.2));
#1028 = CARTESIAN_POINT('',(83.053166307101,8.473637204461,3.2));
#1029 = CARTESIAN_POINT('',(83.104623306222,8.522920426971,3.2));
#1030 = CARTESIAN_POINT('',(83.151758855928,8.575687810429,3.2));
#1031 = CARTESIAN_POINT('',(83.194229401455,8.631815320773,3.2));
#1032 = CARTESIAN_POINT('',(83.281117435857,8.768529185187,3.2));
#1033 = CARTESIAN_POINT('',(83.322087273992,8.851336144215,3.2));
#1034 = CARTESIAN_POINT('',(83.354328271105,8.938769766575,3.2));
#1035 = CARTESIAN_POINT('',(83.378082686748,9.029967282014,3.2));
#1036 = CARTESIAN_POINT('',(83.402309680947,9.174098352441,3.2));
#1037 = CARTESIAN_POINT('',(83.408476794178,9.224969974661,3.2));
#1038 = CARTESIAN_POINT('',(83.412481622581,9.276544707245,3.2));
#1039 = CARTESIAN_POINT('',(83.414429530201,9.32871152674,3.2));
#1040 = CARTESIAN_POINT('',(83.414429530201,9.381375838926,3.2));
#1041 = ORIENTED_EDGE('',*,*,#1042,.F.);
#1042 = EDGE_CURVE('',#1043,#1024,#1045,.T.);
#1043 = VERTEX_POINT('',#1044);
#1044 = CARTESIAN_POINT('',(81.84144295302,8.08322147651,3.2));
#1045 = B_SPLINE_CURVE_WITH_KNOTS('',6,(#1046,#1047,#1048,#1049,#1050,
    #1051,#1052,#1053,#1054,#1055,#1056,#1057),.UNSPECIFIED.,.F.,.F.,(7,
    5,7),(0.,0.525185810279,1.),.UNSPECIFIED.);
#1046 = CARTESIAN_POINT('',(81.84144295302,8.08322147651,3.2));
#1047 = CARTESIAN_POINT('',(81.956603989379,8.08322147651,3.2));
#1048 = CARTESIAN_POINT('',(82.070283840218,8.088230147038,3.2));
#1049 = CARTESIAN_POINT('',(82.182112264497,8.098773456751,3.2));
#1050 = CARTESIAN_POINT('',(82.291557400038,8.115434337078,3.2));
#1051 = CARTESIAN_POINT('',(82.39794159799,8.138813052677,3.2));
#1052 = CARTESIAN_POINT('',(82.593228210285,8.197013676829,3.2));
#1053 = CARTESIAN_POINT('',(82.682840177096,8.23052631915,3.2));
#1054 = CARTESIAN_POINT('',(82.768717087484,8.270248739851,3.2));
#1055 = CARTESIAN_POINT('',(82.850218372904,8.316406296397,3.2));
#1056 = CARTESIAN_POINT('',(82.926743928715,8.369033747431,3.2));
#1057 = CARTESIAN_POINT('',(82.997818791946,8.427852348993,3.2));
#1058 = ORIENTED_EDGE('',*,*,#1059,.F.);
#1059 = EDGE_CURVE('',#1060,#1043,#1062,.T.);
#1060 = VERTEX_POINT('',#1061);
#1061 = CARTESIAN_POINT('',(81.208389261745,8.144463087248,3.2));
#1062 = B_SPLINE_CURVE_WITH_KNOTS('',4,(#1063,#1064,#1065,#1066,#1067,
    #1068,#1069,#1070),.UNSPECIFIED.,.F.,.F.,(5,3,5),(0.,0.475978922429,
    1.),.UNSPECIFIED.);
#1063 = CARTESIAN_POINT('',(81.208389261745,8.144463087248,3.2));
#1064 = CARTESIAN_POINT('',(81.282923151758,8.129899452423,3.2));
#1065 = CARTESIAN_POINT('',(81.357751704867,8.117632851548,3.2));
#1066 = CARTESIAN_POINT('',(81.432845722471,8.107677633749,3.2));
#1067 = CARTESIAN_POINT('',(81.591106215084,8.091625072661,3.2));
#1068 = CARTESIAN_POINT('',(81.674322514289,8.086018532395,3.2));
#1069 = CARTESIAN_POINT('',(81.757782112678,8.08322147651,3.2));
#1070 = CARTESIAN_POINT('',(81.84144295302,8.08322147651,3.2));
#1071 = ORIENTED_EDGE('',*,*,#1072,.F.);
#1072 = EDGE_CURVE('',#1073,#1060,#1075,.T.);
#1073 = VERTEX_POINT('',#1074);
#1074 = CARTESIAN_POINT('',(80.585570469799,8.330201342282,3.2));
#1075 = B_SPLINE_CURVE_WITH_KNOTS('',5,(#1076,#1077,#1078,#1079,#1080,
    #1081),.UNSPECIFIED.,.F.,.F.,(6,6),(0.,1.),
  .PIECEWISE_BEZIER_KNOTS.);
#1076 = CARTESIAN_POINT('',(80.585570469799,8.330201342282,3.2));
#1077 = CARTESIAN_POINT('',(80.708460677412,8.280712223443,3.2));
#1078 = CARTESIAN_POINT('',(80.832287510041,8.237255690116,3.2));
#1079 = CARTESIAN_POINT('',(80.956957125348,8.199989087387,3.2));
#1080 = CARTESIAN_POINT('',(81.082363952286,8.169033634995,3.2));
#1081 = CARTESIAN_POINT('',(81.208389261745,8.144463087248,3.2));
#1082 = ORIENTED_EDGE('',*,*,#1083,.F.);
#1083 = EDGE_CURVE('',#1084,#1073,#1086,.T.);
#1084 = VERTEX_POINT('',#1085);
#1085 = CARTESIAN_POINT('',(80.585570469799,9.092617449664,3.2));
#1086 = LINE('',#1087,#1088);
#1087 = CARTESIAN_POINT('',(80.585570469799,4.165100671141,3.2));
#1088 = VECTOR('',#1089,1.);
#1089 = DIRECTION('',(0.,-1.,0.));
#1090 = ORIENTED_EDGE('',*,*,#1091,.F.);
#1091 = EDGE_CURVE('',#1092,#1084,#1094,.T.);
#1092 = VERTEX_POINT('',#1093);
#1093 = CARTESIAN_POINT('',(81.168120805369,8.826845637584,3.2));
#1094 = B_SPLINE_CURVE_WITH_KNOTS('',5,(#1095,#1096,#1097,#1098,#1099,
    #1100),.UNSPECIFIED.,.F.,.F.,(6,6),(0.,1.),
  .PIECEWISE_BEZIER_KNOTS.);
#1095 = CARTESIAN_POINT('',(81.168120805369,8.826845637584,3.2));
#1096 = CARTESIAN_POINT('',(81.054764409006,8.863296415464,3.2));
#1097 = CARTESIAN_POINT('',(80.939515514329,8.908656285597,3.2));
#1098 = CARTESIAN_POINT('',(80.822710556711,8.962392655739,3.2));
#1099 = CARTESIAN_POINT('',(80.70464797166,9.02390387482,3.2));
#1100 = CARTESIAN_POINT('',(80.585570469799,9.092617449664,3.2));
#1101 = ORIENTED_EDGE('',*,*,#1102,.F.);
#1102 = EDGE_CURVE('',#1103,#1092,#1105,.T.);
#1103 = VERTEX_POINT('',#1104);
#1104 = CARTESIAN_POINT('',(81.687919463087,8.738255033557,3.2));
#1105 = B_SPLINE_CURVE_WITH_KNOTS('',5,(#1106,#1107,#1108,#1109,#1110,
    #1111),.UNSPECIFIED.,.F.,.F.,(6,6),(0.,1.),
  .PIECEWISE_BEZIER_KNOTS.);
#1106 = CARTESIAN_POINT('',(81.687919463087,8.738255033557,3.2));
#1107 = CARTESIAN_POINT('',(81.588609508423,8.738255033557,3.2));
#1108 = CARTESIAN_POINT('',(81.486663750183,8.747417743336,3.2));
#1109 = CARTESIAN_POINT('',(81.382393094044,8.765511322633,3.2));
#1110 = CARTESIAN_POINT('',(81.2761133879,8.792140778438,3.2));
#1111 = CARTESIAN_POINT('',(81.168120805369,8.826845637584,3.2));
#1112 = ORIENTED_EDGE('',*,*,#1113,.F.);
#1113 = EDGE_CURVE('',#1114,#1103,#1116,.T.);
#1114 = VERTEX_POINT('',#1115);
#1115 = CARTESIAN_POINT('',(82.242785234899,8.910570469799,3.2));
#1116 = B_SPLINE_CURVE_WITH_KNOTS('',5,(#1117,#1118,#1119,#1120,#1121,
    #1122,#1123,#1124,#1125,#1126),.UNSPECIFIED.,.F.,.F.,(6,4,6),(0.,
    0.492147623879,1.),.UNSPECIFIED.);
#1117 = CARTESIAN_POINT('',(82.242785234899,8.910570469799,3.2));
#1118 = CARTESIAN_POINT('',(82.201823807262,8.875717622919,3.2));
#1119 = CARTESIAN_POINT('',(82.157039613613,8.845277646853,3.2));
#1120 = CARTESIAN_POINT('',(82.108584721944,8.819373915055,3.2));
#1121 = CARTESIAN_POINT('',(82.056704120601,8.797984960169,3.2));
#1122 = CARTESIAN_POINT('',(81.944940807887,8.763452619997,3.2));
#1123 = CARTESIAN_POINT('',(81.884851215085,8.750592973607,3.2));
#1124 = CARTESIAN_POINT('',(81.821755614785,8.742276483067,3.2));
#1125 = CARTESIAN_POINT('',(81.756004950545,8.738255033557,3.2));
#1126 = CARTESIAN_POINT('',(81.687919463087,8.738255033557,3.2));
#1127 = ORIENTED_EDGE('',*,*,#1128,.F.);
#1128 = EDGE_CURVE('',#1129,#1114,#1131,.T.);
#1129 = VERTEX_POINT('',#1130);
#1130 = CARTESIAN_POINT('',(82.445469798658,9.377181208054,3.2));
#1131 = B_SPLINE_CURVE_WITH_KNOTS('',5,(#1132,#1133,#1134,#1135,#1136,
    #1137,#1138,#1139,#1140,#1141),.UNSPECIFIED.,.F.,.F.,(6,4,6),(0.,
    0.643881110253,1.),.UNSPECIFIED.);
#1132 = CARTESIAN_POINT('',(82.445469798658,9.377181208054,3.2));
#1133 = CARTESIAN_POINT('',(82.445469798658,9.303358338261,3.2));
#1134 = CARTESIAN_POINT('',(82.437498668905,9.233083703788,3.2));
#1135 = CARTESIAN_POINT('',(82.421017504544,9.167009397503,3.2));
#1136 = CARTESIAN_POINT('',(82.395749562011,9.105715965681,3.2));
#1137 = CARTESIAN_POINT('',(82.343225822221,9.018534939366,3.2));
#1138 = CARTESIAN_POINT('',(82.321903401601,8.989063064478,3.2));
#1139 = CARTESIAN_POINT('',(82.298000111342,8.961227636502,3.2));
#1140 = CARTESIAN_POINT('',(82.271591770508,8.93506079436,3.2));
#1141 = CARTESIAN_POINT('',(82.242785234899,8.910570469799,3.2));
#1142 = ORIENTED_EDGE('',*,*,#1143,.F.);
#1143 = EDGE_CURVE('',#1144,#1129,#1146,.T.);
#1144 = VERTEX_POINT('',#1145);
#1145 = CARTESIAN_POINT('',(82.242785234899,9.844966442953,3.2));
#1146 = B_SPLINE_CURVE_WITH_KNOTS('',5,(#1147,#1148,#1149,#1150,#1151,
    #1152,#1153,#1154,#1155,#1156),.UNSPECIFIED.,.F.,.F.,(6,4,6),(0.,
    0.341922524454,1.),.UNSPECIFIED.);
#1147 = CARTESIAN_POINT('',(82.242785234899,9.844966442953,3.2));
#1148 = CARTESIAN_POINT('',(82.270478406724,9.821606060429,3.2));
#1149 = CARTESIAN_POINT('',(82.295951686067,9.796655153819,3.2));
#1150 = CARTESIAN_POINT('',(82.319110321002,9.770121103012,3.2));
#1151 = CARTESIAN_POINT('',(82.339886806652,9.742032933803,3.2));
#1152 = CARTESIAN_POINT('',(82.393584724346,9.655500769049,3.2));
#1153 = CARTESIAN_POINT('',(82.419979948505,9.592991157972,3.2));
#1154 = CARTESIAN_POINT('',(82.437170928588,9.525326687363,3.2));
#1155 = CARTESIAN_POINT('',(82.445469798658,9.453150461637,3.2));
#1156 = CARTESIAN_POINT('',(82.445469798658,9.377181208054,3.2));
#1157 = ORIENTED_EDGE('',*,*,#1158,.F.);
#1158 = EDGE_CURVE('',#1159,#1144,#1161,.T.);
#1159 = VERTEX_POINT('',#1160);
#1160 = CARTESIAN_POINT('',(81.687919463087,10.01610738255,3.2));
#1161 = B_SPLINE_CURVE_WITH_KNOTS('',5,(#1162,#1163,#1164,#1165,#1166,
    #1167,#1168,#1169,#1170,#1171),.UNSPECIFIED.,.F.,.F.,(6,4,6),(0.,
    0.509918609715,1.),.UNSPECIFIED.);
#1162 = CARTESIAN_POINT('',(81.687919463087,10.01610738255,3.2));
#1163 = CARTESIAN_POINT('',(81.75626814679,10.01610738255,3.2));
#1164 = CARTESIAN_POINT('',(81.822263891627,10.012082402535,3.2));
#1165 = CARTESIAN_POINT('',(81.885584272036,10.003757565505,3.2));
#1166 = CARTESIAN_POINT('',(81.945875503046,9.990882957337,3.2));
#1167 = CARTESIAN_POINT('',(82.057530380028,9.956444501177,3.2));
#1168 = CARTESIAN_POINT('',(82.109154019306,9.935237130071,3.2));
#1169 = CARTESIAN_POINT('',(82.157384051513,9.909580495451,3.2));
#1170 = CARTESIAN_POINT('',(82.201978352451,9.879451132346,3.2));
#1171 = CARTESIAN_POINT('',(82.242785234899,9.844966442953,3.2));
#1172 = ORIENTED_EDGE('',*,*,#1173,.F.);
#1173 = EDGE_CURVE('',#1174,#1159,#1176,.T.);
#1174 = VERTEX_POINT('',#1175);
#1175 = CARTESIAN_POINT('',(81.24244966443,9.960906040268,3.2));
#1176 = B_SPLINE_CURVE_WITH_KNOTS('',5,(#1177,#1178,#1179,#1180,#1181,
    #1182),.UNSPECIFIED.,.F.,.F.,(6,6),(0.,1.),
  .PIECEWISE_BEZIER_KNOTS.);
#1177 = CARTESIAN_POINT('',(81.24244966443,9.960906040268,3.2));
#1178 = CARTESIAN_POINT('',(81.335794404206,9.98268647955,3.2));
#1179 = CARTESIAN_POINT('',(81.427160698314,9.999262698263,3.2));
#1180 = CARTESIAN_POINT('',(81.516400816794,10.010454936228,3.2));
#1181 = CARTESIAN_POINT('',(81.603367046166,10.01610738255,3.2));
#1182 = CARTESIAN_POINT('',(81.687919463087,10.01610738255,3.2));
#1183 = ORIENTED_EDGE('',*,*,#1184,.F.);
#1184 = EDGE_CURVE('',#1185,#1174,#1187,.T.);
#1185 = VERTEX_POINT('',#1186);
#1186 = CARTESIAN_POINT('',(80.734060402685,9.790604026846,3.2));
#1187 = B_SPLINE_CURVE_WITH_KNOTS('',5,(#1188,#1189,#1190,#1191,#1192,
    #1193),.UNSPECIFIED.,.F.,.F.,(6,6),(0.,1.),
  .PIECEWISE_BEZIER_KNOTS.);
#1188 = CARTESIAN_POINT('',(80.734060402685,9.790604026846,3.2));
#1189 = CARTESIAN_POINT('',(80.840347675364,9.835677703593,3.2));
#1190 = CARTESIAN_POINT('',(80.944540539537,9.875534702765,3.2));
#1191 = CARTESIAN_POINT('',(81.046436781704,9.909882148841,3.2));
#1192 = CARTESIAN_POINT('',(81.145815242239,9.938426543475,3.2));
#1193 = CARTESIAN_POINT('',(81.24244966443,9.960906040268,3.2));
#1194 = ORIENTED_EDGE('',*,*,#1195,.F.);
#1195 = EDGE_CURVE('',#936,#1185,#1196,.T.);
#1196 = LINE('',#1197,#1198);
#1197 = CARTESIAN_POINT('',(80.734060402685,4.895302013423,3.2));
#1198 = VECTOR('',#1199,1.);
#1199 = DIRECTION('',(0.,-1.,0.));
#1200 = FACE_BOUND('',#1201,.T.);
#1201 = EDGE_LOOP('',(#1202,#1212,#1223,#1234,#1251,#1266,#1279,#1290,
    #1307,#1324,#1343,#1360,#1379,#1401,#1428,#1451,#1461));
#1202 = ORIENTED_EDGE('',*,*,#1203,.F.);
#1203 = EDGE_CURVE('',#1204,#1206,#1208,.T.);
#1204 = VERTEX_POINT('',#1205);
#1205 = CARTESIAN_POINT('',(101.24832214765,11.089932885906,3.2));
#1206 = VERTEX_POINT('',#1207);
#1207 = CARTESIAN_POINT('',(101.24832214765,11.787919463087,3.2));
#1208 = LINE('',#1209,#1210);
#1209 = CARTESIAN_POINT('',(101.24832214765,5.893959731544,3.2));
#1210 = VECTOR('',#1211,1.);
#1211 = DIRECTION('',(0.,1.,0.));
#1212 = ORIENTED_EDGE('',*,*,#1213,.F.);
#1213 = EDGE_CURVE('',#1214,#1204,#1216,.T.);
#1214 = VERTEX_POINT('',#1215);
#1215 = CARTESIAN_POINT('',(100.79781879194,11.260234899329,3.2));
#1216 = B_SPLINE_CURVE_WITH_KNOTS('',5,(#1217,#1218,#1219,#1220,#1221,
    #1222),.UNSPECIFIED.,.F.,.F.,(6,6),(0.,1.),
  .PIECEWISE_BEZIER_KNOTS.);
#1217 = CARTESIAN_POINT('',(100.79781879194,11.260234899329,3.2));
#1218 = CARTESIAN_POINT('',(100.88387443845,11.237833111985,3.2));
#1219 = CARTESIAN_POINT('',(100.97212304133,11.20936886184,3.2));
#1220 = CARTESIAN_POINT('',(101.06239273808,11.175059130885,3.2));
#1221 = CARTESIAN_POINT('',(101.15451254316,11.135158989963,3.2));
#1222 = CARTESIAN_POINT('',(101.24832214765,11.089932885906,3.2));
#1223 = ORIENTED_EDGE('',*,*,#1224,.F.);
#1224 = EDGE_CURVE('',#1225,#1214,#1227,.T.);
#1225 = VERTEX_POINT('',#1226);
#1226 = CARTESIAN_POINT('',(100.38506711409,11.315436241611,3.2));
#1227 = B_SPLINE_CURVE_WITH_KNOTS('',5,(#1228,#1229,#1230,#1231,#1232,
    #1233),.UNSPECIFIED.,.F.,.F.,(6,6),(0.,1.),
  .PIECEWISE_BEZIER_KNOTS.);
#1228 = CARTESIAN_POINT('',(100.38506711409,11.315436241611,3.2));
#1229 = CARTESIAN_POINT('',(100.46602871761,11.315436241611,3.2));
#1230 = CARTESIAN_POINT('',(100.54786604449,11.309857736057,3.2));
#1231 = CARTESIAN_POINT('',(100.63049844534,11.298739759225,3.2));
#1232 = CARTESIAN_POINT('',(100.71384361733,11.282161750478,3.2));
#1233 = CARTESIAN_POINT('',(100.79781879194,11.260234899329,3.2));
#1234 = ORIENTED_EDGE('',*,*,#1235,.F.);
#1235 = EDGE_CURVE('',#1236,#1225,#1238,.T.);
#1236 = VERTEX_POINT('',#1237);
#1237 = CARTESIAN_POINT('',(99.710570469799,11.074832214765,3.2));
#1238 = B_SPLINE_CURVE_WITH_KNOTS('',6,(#1239,#1240,#1241,#1242,#1243,
    #1244,#1245,#1246,#1247,#1248,#1249,#1250),.UNSPECIFIED.,.F.,.F.,(7,
    5,7),(0.,0.120666637961,1.),.UNSPECIFIED.);
#1239 = CARTESIAN_POINT('',(99.710570469799,11.074832214765,3.2));
#1240 = CARTESIAN_POINT('',(99.720543898132,11.084764087147,3.2));
#1241 = CARTESIAN_POINT('',(99.730720759066,11.094457821539,3.2));
#1242 = CARTESIAN_POINT('',(99.741099682418,11.103910741037,3.2));
#1243 = CARTESIAN_POINT('',(99.751679021654,11.11312047839,3.2));
#1244 = CARTESIAN_POINT('',(99.762456853885,11.122084975996,3.2));
#1245 = CARTESIAN_POINT('',(99.85340267094,11.194329550446,3.2));
#1246 = CARTESIAN_POINT('',(99.94383438861,11.244769371734,3.2));
#1247 = CARTESIAN_POINT('',(100.04376483941,11.281321477698,3.2));
#1248 = CARTESIAN_POINT('',(100.15167876475,11.30450438186,3.2));
#1249 = CARTESIAN_POINT('',(100.26594538312,11.315436241611,3.2));
#1250 = CARTESIAN_POINT('',(100.38506711409,11.315436241611,3.2));
#1251 = ORIENTED_EDGE('',*,*,#1252,.F.);
#1252 = EDGE_CURVE('',#1253,#1236,#1255,.T.);
#1253 = VERTEX_POINT('',#1254);
#1254 = CARTESIAN_POINT('',(99.428691275168,10.360570469799,3.2));
#1255 = B_SPLINE_CURVE_WITH_KNOTS('',5,(#1256,#1257,#1258,#1259,#1260,
    #1261,#1262,#1263,#1264,#1265),.UNSPECIFIED.,.F.,.F.,(6,4,6),(0.,
    0.516881654097,1.),.UNSPECIFIED.);
#1256 = CARTESIAN_POINT('',(99.428691275168,10.360570469799,3.2));
#1257 = CARTESIAN_POINT('',(99.436367787362,10.450865444477,3.2));
#1258 = CARTESIAN_POINT('',(99.448814575212,10.538178805641,3.2));
#1259 = CARTESIAN_POINT('',(99.466494649729,10.621950057989,3.2));
#1260 = CARTESIAN_POINT('',(99.489890742741,10.701455712231,3.2));
#1261 = CARTESIAN_POINT('',(99.546779121423,10.845606800355,3.2));
#1262 = CARTESIAN_POINT('',(99.57951452218,10.910891234858,3.2));
#1263 = CARTESIAN_POINT('',(99.617727871366,10.971195570702,3.2));
#1264 = CARTESIAN_POINT('',(99.661492360896,11.025958597983,3.2));
#1265 = CARTESIAN_POINT('',(99.710570469799,11.074832214765,3.2));
#1266 = ORIENTED_EDGE('',*,*,#1267,.F.);
#1267 = EDGE_CURVE('',#1268,#1253,#1270,.T.);
#1268 = VERTEX_POINT('',#1269);
#1269 = CARTESIAN_POINT('',(99.788590604027,10.545134228188,3.2));
#1270 = B_SPLINE_CURVE_WITH_KNOTS('',4,(#1271,#1272,#1273,#1274,#1275,
    #1276,#1277,#1278),.UNSPECIFIED.,.F.,.F.,(5,3,5),(0.,0.343814995152,
    1.),.UNSPECIFIED.);
#1271 = CARTESIAN_POINT('',(99.788590604027,10.545134228188,3.2));
#1272 = CARTESIAN_POINT('',(99.755279027548,10.534578352005,3.2));
#1273 = CARTESIAN_POINT('',(99.722492165795,10.522799674507,3.2));
#1274 = CARTESIAN_POINT('',(99.690241805457,10.509798051719,3.2));
#1275 = CARTESIAN_POINT('',(99.598029480804,10.468438191009,3.2));
#1276 = CARTESIAN_POINT('',(99.539511204907,10.436859856095,3.2));
#1277 = CARTESIAN_POINT('',(99.483051961577,10.40087425144,3.2));
#1278 = CARTESIAN_POINT('',(99.428691275168,10.360570469799,3.2));
#1279 = ORIENTED_EDGE('',*,*,#1280,.F.);
#1280 = EDGE_CURVE('',#1281,#1268,#1283,.T.);
#1281 = VERTEX_POINT('',#1282);
#1282 = CARTESIAN_POINT('',(100.21140939597,10.606711409396,3.2));
#1283 = B_SPLINE_CURVE_WITH_KNOTS('',5,(#1284,#1285,#1286,#1287,#1288,
    #1289),.UNSPECIFIED.,.F.,.F.,(6,6),(0.,1.),
  .PIECEWISE_BEZIER_KNOTS.);
#1284 = CARTESIAN_POINT('',(100.21140939597,10.606711409396,3.2));
#1285 = CARTESIAN_POINT('',(100.12077343935,10.606711409396,3.2));
#1286 = CARTESIAN_POINT('',(100.03298732424,10.600684031072,3.2));
#1287 = CARTESIAN_POINT('',(99.948246666376,10.588469954262,3.2));
#1288 = CARTESIAN_POINT('',(99.866730709169,10.56996316203,3.2));
#1289 = CARTESIAN_POINT('',(99.788590604027,10.545134228188,3.2));
#1290 = ORIENTED_EDGE('',*,*,#1291,.F.);
#1291 = EDGE_CURVE('',#1292,#1281,#1294,.T.);
#1292 = VERTEX_POINT('',#1293);
#1293 = CARTESIAN_POINT('',(101.14127516778,10.268959731544,3.2));
#1294 = B_SPLINE_CURVE_WITH_KNOTS('',6,(#1295,#1296,#1297,#1298,#1299,
    #1300,#1301,#1302,#1303,#1304,#1305,#1306),.UNSPECIFIED.,.F.,.F.,(7,
    5,7),(0.,0.210852117753,1.),.UNSPECIFIED.);
#1295 = CARTESIAN_POINT('',(101.14127516778,10.268959731544,3.2));
#1296 = CARTESIAN_POINT('',(101.11595414084,10.293151106597,3.2));
#1297 = CARTESIAN_POINT('',(101.08986855216,10.316378192467,3.2));
#1298 = CARTESIAN_POINT('',(101.06302901847,10.338610677942,3.2));
#1299 = CARTESIAN_POINT('',(101.0354504413,10.359823111424,3.2));
#1300 = CARTESIAN_POINT('',(101.00715200696,10.379994900931,3.2));
#1301 = CARTESIAN_POINT('',(100.86963941902,10.470652814955,3.2));
#1302 = CARTESIAN_POINT('',(100.75131485086,10.527434397712,3.2));
#1303 = CARTESIAN_POINT('',(100.62457215616,10.568501830316,3.2));
#1304 = CARTESIAN_POINT('',(100.49119642193,10.594486982461,3.2));
#1305 = CARTESIAN_POINT('',(100.35296207642,10.606711409396,3.2));
#1306 = CARTESIAN_POINT('',(100.21140939597,10.606711409396,3.2));
#1307 = ORIENTED_EDGE('',*,*,#1308,.F.);
#1308 = EDGE_CURVE('',#1309,#1292,#1311,.T.);
#1309 = VERTEX_POINT('',#1310);
#1310 = CARTESIAN_POINT('',(101.49496644295,9.384228187919,3.2));
#1311 = B_SPLINE_CURVE_WITH_KNOTS('',6,(#1312,#1313,#1314,#1315,#1316,
    #1317,#1318,#1319,#1320,#1321,#1322,#1323),.UNSPECIFIED.,.F.,.F.,(7,
    5,7),(0.,0.682396951107,1.),.UNSPECIFIED.);
#1312 = CARTESIAN_POINT('',(101.49496644295,9.384228187919,3.2));
#1313 = CARTESIAN_POINT('',(101.49496644295,9.501820802896,3.2));
#1314 = CARTESIAN_POINT('',(101.48515805338,9.616852870058,3.2));
#1315 = CARTESIAN_POINT('',(101.46452801949,9.728277924728,3.2));
#1316 = CARTESIAN_POINT('',(101.43226231286,9.834951654205,3.2));
#1317 = CARTESIAN_POINT('',(101.38802301575,9.935750985388,3.2));
#1318 = CARTESIAN_POINT('',(101.30648280247,10.073505191397,3.2));
#1319 = CARTESIAN_POINT('',(101.27810957095,10.115793565917,3.2));
#1320 = CARTESIAN_POINT('',(101.24731115209,10.156532896377,3.2));
#1321 = CARTESIAN_POINT('',(101.2141669821,10.195662587234,3.2));
#1322 = CARTESIAN_POINT('',(101.1787806383,10.233144498074,3.2));
#1323 = CARTESIAN_POINT('',(101.14127516778,10.268959731544,3.2));
#1324 = ORIENTED_EDGE('',*,*,#1325,.F.);
#1325 = EDGE_CURVE('',#1326,#1309,#1328,.T.);
#1326 = VERTEX_POINT('',#1327);
#1327 = CARTESIAN_POINT('',(101.09983221476,8.415100671141,3.2));
#1328 = B_SPLINE_CURVE_WITH_KNOTS('',5,(#1329,#1330,#1331,#1332,#1333,
    #1334,#1335,#1336,#1337,#1338,#1339,#1340,#1341,#1342),
  .UNSPECIFIED.,.F.,.F.,(6,4,4,6),(0.,0.314890719923,0.762712595754,1.),
  .UNSPECIFIED.);
#1329 = CARTESIAN_POINT('',(101.09983221476,8.415100671141,3.2));
#1330 = CARTESIAN_POINT('',(101.14971714069,8.46108800625,3.2));
#1331 = CARTESIAN_POINT('',(101.19616966941,8.509936542871,3.2));
#1332 = CARTESIAN_POINT('',(101.23888403319,8.561607881317,3.2));
#1333 = CARTESIAN_POINT('',(101.27762278545,8.615989440623,3.2));
#1334 = CARTESIAN_POINT('',(101.36151054063,8.753753103408,3.2));
#1335 = CARTESIAN_POINT('',(101.40247559366,8.839709047458,3.2));
#1336 = CARTESIAN_POINT('',(101.43475565037,8.930097162474,3.2));
#1337 = CARTESIAN_POINT('',(101.45856875661,9.024108930697,3.2));
#1338 = CARTESIAN_POINT('',(101.48282794994,9.172212629731,3.2));
#1339 = CARTESIAN_POINT('',(101.48899751067,9.224300361469,3.2));
#1340 = CARTESIAN_POINT('',(101.49301101945,9.277066241716,3.2));
#1341 = CARTESIAN_POINT('',(101.49496644295,9.330405618875,3.2));
#1342 = CARTESIAN_POINT('',(101.49496644295,9.384228187919,3.2));
#1343 = ORIENTED_EDGE('',*,*,#1344,.F.);
#1344 = EDGE_CURVE('',#1345,#1326,#1347,.T.);
#1345 = VERTEX_POINT('',#1346);
#1346 = CARTESIAN_POINT('',(100.04026845637,8.051006711409,3.2));
#1347 = B_SPLINE_CURVE_WITH_KNOTS('',6,(#1348,#1349,#1350,#1351,#1352,
    #1353,#1354,#1355,#1356,#1357,#1358,#1359),.UNSPECIFIED.,.F.,.F.,(7,
    5,7),(0.,0.876909578582,1.),.UNSPECIFIED.);
#1348 = CARTESIAN_POINT('',(100.04026845637,8.051006711409,3.2));
#1349 = CARTESIAN_POINT('',(100.21801255968,8.051006711409,3.2));
#1350 = CARTESIAN_POINT('',(100.3918795426,8.06663999115,3.2));
#1351 = CARTESIAN_POINT('',(100.55949586533,8.100443719146,3.2));
#1352 = CARTESIAN_POINT('',(100.71781586304,8.154834205427,3.2));
#1353 = CARTESIAN_POINT('',(100.86354746728,8.231253324706,3.2));
#1354 = CARTESIAN_POINT('',(101.01261443385,8.341418170135,3.2));
#1355 = CARTESIAN_POINT('',(101.03066850044,8.355376999743,3.2));
#1356 = CARTESIAN_POINT('',(101.04842210274,8.3697301159,3.2));
#1357 = CARTESIAN_POINT('',(101.06587010843,8.384472449168,3.2));
#1358 = CARTESIAN_POINT('',(101.083008068,8.399598166481,3.2));
#1359 = CARTESIAN_POINT('',(101.09983221476,8.415100671141,3.2));
#1360 = ORIENTED_EDGE('',*,*,#1361,.F.);
#1361 = EDGE_CURVE('',#1362,#1345,#1364,.T.);
#1362 = VERTEX_POINT('',#1363);
#1363 = CARTESIAN_POINT('',(98.906375838926,8.546140939597,3.2));
#1364 = B_SPLINE_CURVE_WITH_KNOTS('',5,(#1365,#1366,#1367,#1368,#1369,
    #1370,#1371,#1372,#1373,#1374,#1375,#1376,#1377,#1378),
  .UNSPECIFIED.,.F.,.F.,(6,4,4,6),(0.,0.309993308183,0.749080225575,1.),
  .UNSPECIFIED.);
#1365 = CARTESIAN_POINT('',(98.906375838926,8.546140939597,3.2));
#1366 = CARTESIAN_POINT('',(98.956355518836,8.484506992495,3.2));
#1367 = CARTESIAN_POINT('',(99.010211036282,8.426840030146,3.2));
#1368 = CARTESIAN_POINT('',(99.067928273358,8.373627478967,3.2));
#1369 = CARTESIAN_POINT('',(99.12936506578,8.325266948815,3.2));
#1370 = CARTESIAN_POINT('',(99.285991941303,8.22066997523,3.2));
#1371 = CARTESIAN_POINT('',(99.384624561422,8.169513877255,3.2));
#1372 = CARTESIAN_POINT('',(99.489086673565,8.129189086782,3.2));
#1373 = CARTESIAN_POINT('',(99.598091453117,8.099300211401,3.2));
#1374 = CARTESIAN_POINT('',(99.774573819407,8.067482715802,3.2));
#1375 = CARTESIAN_POINT('',(99.839844462179,8.059058076282,3.2));
#1376 = CARTESIAN_POINT('',(99.90599911341,8.053628697282,3.2));
#1377 = CARTESIAN_POINT('',(99.972855238452,8.051006711409,3.2));
#1378 = CARTESIAN_POINT('',(100.04026845637,8.051006711409,3.2));
#1379 = ORIENTED_EDGE('',*,*,#1380,.F.);
#1380 = EDGE_CURVE('',#1381,#1362,#1383,.T.);
#1381 = VERTEX_POINT('',#1382);
#1382 = CARTESIAN_POINT('',(98.505033557047,9.950838926174,3.2));
#1383 = B_SPLINE_CURVE_WITH_KNOTS('',6,(#1384,#1385,#1386,#1387,#1388,
    #1389,#1390,#1391,#1392,#1393,#1394,#1395,#1396,#1397,#1398,#1399,
    #1400),.UNSPECIFIED.,.F.,.F.,(7,5,5,7),(0.,0.486790293134,
    0.761218908976,1.),.UNSPECIFIED.);
#1384 = CARTESIAN_POINT('',(98.505033557047,9.950838926174,3.2));
#1385 = CARTESIAN_POINT('',(98.505033557047,9.823125882619,3.2));
#1386 = CARTESIAN_POINT('',(98.50978102158,9.696566748062,3.2));
#1387 = CARTESIAN_POINT('',(98.519799120383,9.571460062187,3.2));
#1388 = CARTESIAN_POINT('',(98.535693632876,9.448277788706,3.2));
#1389 = CARTESIAN_POINT('',(98.558133971779,9.327659104357,3.2));
#1390 = CARTESIAN_POINT('',(98.604456428129,9.144256868036,3.2));
#1391 = CARTESIAN_POINT('',(98.623437324636,9.079204623122,3.2));
#1392 = CARTESIAN_POINT('',(98.64480986583,9.015364341548,3.2));
#1393 = CARTESIAN_POINT('',(98.668678556377,8.95290197438,3.2));
#1394 = CARTESIAN_POINT('',(98.695128993002,8.891996479116,3.2));
#1395 = CARTESIAN_POINT('',(98.749522824472,8.781353499132,3.2));
#1396 = CARTESIAN_POINT('',(98.776826505754,8.731191771657,3.2));
#1397 = CARTESIAN_POINT('',(98.806159839979,8.68247143486,3.2));
#1398 = CARTESIAN_POINT('',(98.837539215011,8.63531471587,3.2));
#1399 = CARTESIAN_POINT('',(98.870957151561,8.589836820205,3.2));
#1400 = CARTESIAN_POINT('',(98.906375838926,8.546140939597,3.2));
#1401 = ORIENTED_EDGE('',*,*,#1402,.F.);
#1402 = EDGE_CURVE('',#1403,#1381,#1405,.T.);
#1403 = VERTEX_POINT('',#1404);
#1404 = CARTESIAN_POINT('',(98.97432885906,11.41610738255,3.2));
#1405 = B_SPLINE_CURVE_WITH_KNOTS('',6,(#1406,#1407,#1408,#1409,#1410,
    #1411,#1412,#1413,#1414,#1415,#1416,#1417,#1418,#1419,#1420,#1421,
    #1422,#1423,#1424,#1425,#1426,#1427),.UNSPECIFIED.,.F.,.F.,(7,5,5,5,
    7),(0.,1.768739876422E-02,0.300941497811,0.595673389922,1.),
  .UNSPECIFIED.);
#1406 = CARTESIAN_POINT('',(98.97432885906,11.41610738255,3.2));
#1407 = CARTESIAN_POINT('',(98.971356840669,11.41273264876,3.2));
#1408 = CARTESIAN_POINT('',(98.968396005158,11.409348176613,3.2));
#1409 = CARTESIAN_POINT('',(98.965446381095,11.40595399543,3.2));
#1410 = CARTESIAN_POINT('',(98.962507996377,11.402550135131,3.2));
#1411 = CARTESIAN_POINT('',(98.959580878225,11.399136626229,3.2));
#1412 = CARTESIAN_POINT('',(98.909969696522,11.340893987003,3.2));
#1413 = CARTESIAN_POINT('',(98.866168003115,11.283604910224,3.2));
#1414 = CARTESIAN_POINT('',(98.825375792825,11.223980674795,3.2));
#1415 = CARTESIAN_POINT('',(98.787650801495,11.162184213714,3.2));
#1416 = CARTESIAN_POINT('',(98.753001836517,11.098400506356,3.2));
#1417 = CARTESIAN_POINT('',(98.688513400456,10.964602696953,3.2));
#1418 = CARTESIAN_POINT('',(98.658923460699,10.894435823599,3.2));
#1419 = CARTESIAN_POINT('',(98.632590011043,10.822547976492,3.2));
#1420 = CARTESIAN_POINT('',(98.609423406027,10.749154388266,3.2));
#1421 = CARTESIAN_POINT('',(98.589301442778,10.674457669881,3.2));
#1422 = CARTESIAN_POINT('',(98.548474639542,10.49462621045,3.2));
#1423 = CARTESIAN_POINT('',(98.530336050955,10.388505854137,3.2));
#1424 = CARTESIAN_POINT('',(98.51731478321,10.280725171301,3.2));
#1425 = CARTESIAN_POINT('',(98.509009542307,10.17166735448,3.2));
#1426 = CARTESIAN_POINT('',(98.505033557047,10.061633865185,3.2));
#1427 = CARTESIAN_POINT('',(98.505033557047,9.950838926174,3.2));
#1428 = ORIENTED_EDGE('',*,*,#1429,.F.);
#1429 = EDGE_CURVE('',#1430,#1403,#1432,.T.);
#1430 = VERTEX_POINT('',#1431);
#1431 = CARTESIAN_POINT('',(100.26174496644,11.948993288591,3.2));
#1432 = B_SPLINE_CURVE_WITH_KNOTS('',5,(#1433,#1434,#1435,#1436,#1437,
    #1438,#1439,#1440,#1441,#1442,#1443,#1444,#1445,#1446,#1447,#1448,
    #1449,#1450),.UNSPECIFIED.,.F.,.F.,(6,4,4,4,6),(0.,0.259808563783,
    0.488769641819,0.710372816815,1.),.UNSPECIFIED.);
#1433 = CARTESIAN_POINT('',(100.26174496644,11.948993288591,3.2));
#1434 = CARTESIAN_POINT('',(100.1840329198,11.948993288591,3.2));
#1435 = CARTESIAN_POINT('',(100.10685585995,11.945986872165,3.2));
#1436 = CARTESIAN_POINT('',(100.03037770487,11.939753244321,3.2));
#1437 = CARTESIAN_POINT('',(99.95481037818,11.930066600619,3.2));
#1438 = CARTESIAN_POINT('',(99.814826925469,11.905005404899,3.2));
#1439 = CARTESIAN_POINT('',(99.750151490507,11.890442680691,3.2));
#1440 = CARTESIAN_POINT('',(99.686547913955,11.872933892108,3.2));
#1441 = CARTESIAN_POINT('',(99.624205880962,11.852383838897,3.2));
#1442 = CARTESIAN_POINT('',(99.504386103061,11.805897120768,3.2));
#1443 = CARTESIAN_POINT('',(99.446813751877,11.780153797805,3.2));
#1444 = CARTESIAN_POINT('',(99.390777948543,11.751503060828,3.2));
#1445 = CARTESIAN_POINT('',(99.336438572659,11.719967792552,3.2));
#1446 = CARTESIAN_POINT('',(99.215302956923,11.640766253327,3.2));
#1447 = CARTESIAN_POINT('',(99.149794901477,11.591114441573,3.2));
#1448 = CARTESIAN_POINT('',(99.087713626717,11.536879707977,3.2));
#1449 = CARTESIAN_POINT('',(99.029210457253,11.478403292436,3.2));
#1450 = CARTESIAN_POINT('',(98.97432885906,11.41610738255,3.2));
#1451 = ORIENTED_EDGE('',*,*,#1452,.F.);
#1452 = EDGE_CURVE('',#1453,#1430,#1455,.T.);
#1453 = VERTEX_POINT('',#1454);
#1454 = CARTESIAN_POINT('',(100.76510067114,11.908724832215,3.2));
#1455 = B_SPLINE_CURVE_WITH_KNOTS('',4,(#1456,#1457,#1458,#1459,#1460),
  .UNSPECIFIED.,.F.,.F.,(5,5),(0.,1.),.PIECEWISE_BEZIER_KNOTS.);
#1456 = CARTESIAN_POINT('',(100.76510067114,11.908724832215,3.2));
#1457 = CARTESIAN_POINT('',(100.64251268318,11.928945531259,3.2));
#1458 = CARTESIAN_POINT('',(100.5176582909,11.94235193998,3.2));
#1459 = CARTESIAN_POINT('',(100.39068295382,11.948993288591,3.2));
#1460 = CARTESIAN_POINT('',(100.26174496644,11.948993288591,3.2));
#1461 = ORIENTED_EDGE('',*,*,#1462,.F.);
#1462 = EDGE_CURVE('',#1206,#1453,#1463,.T.);
#1463 = B_SPLINE_CURVE_WITH_KNOTS('',4,(#1464,#1465,#1466,#1467,#1468),
  .UNSPECIFIED.,.F.,.F.,(5,5),(0.,1.),.PIECEWISE_BEZIER_KNOTS.);
#1464 = CARTESIAN_POINT('',(101.24832214765,11.787919463087,3.2));
#1465 = CARTESIAN_POINT('',(101.12905969076,11.828092080144,3.2));
#1466 = CARTESIAN_POINT('',(101.00870423022,11.861672213447,3.2));
#1467 = CARTESIAN_POINT('',(100.88734885137,11.888560183929,3.2));
#1468 = CARTESIAN_POINT('',(100.76510067114,11.908724832215,3.2));
#1469 = PLANE('',#1470);
#1470 = AXIS2_PLACEMENT_3D('',#1471,#1472,#1473);
#1471 = CARTESIAN_POINT('',(0.,0.,3.2));
#1472 = DIRECTION('',(0.,0.,1.));
#1473 = DIRECTION('',(1.,0.,-0.));
#1474 = ADVANCED_FACE('',(#1475),#1493,.T.);
#1475 = FACE_BOUND('',#1476,.T.);
#1476 = EDGE_LOOP('',(#1477,#1485,#1486,#1487));
#1477 = ORIENTED_EDGE('',*,*,#1478,.F.);
#1478 = EDGE_CURVE('',#32,#1479,#1481,.T.);
#1479 = VERTEX_POINT('',#1480);
#1480 = CARTESIAN_POINT('',(128.,20.,0.));
#1481 = LINE('',#1482,#1483);
#1482 = CARTESIAN_POINT('',(0.,20.,0.));
#1483 = VECTOR('',#1484,1.);
#1484 = DIRECTION('',(1.,0.,-0.));
#1485 = ORIENTED_EDGE('',*,*,#39,.T.);
#1486 = ORIENTED_EDGE('',*,*,#102,.T.);
#1487 = ORIENTED_EDGE('',*,*,#1488,.F.);
#1488 = EDGE_CURVE('',#1479,#95,#1489,.T.);
#1489 = LINE('',#1490,#1491);
#1490 = CARTESIAN_POINT('',(128.,20.,0.));
#1491 = VECTOR('',#1492,1.);
#1492 = DIRECTION('',(0.,0.,1.));
#1493 = PLANE('',#1494);
#1494 = AXIS2_PLACEMENT_3D('',#1495,#1496,#1497);
#1495 = CARTESIAN_POINT('',(0.,20.,0.));
#1496 = DIRECTION('',(-0.,1.,0.));
#1497 = DIRECTION('',(0.,0.,1.));
#1498 = ADVANCED_FACE('',(#1499,#1510,#1521,#1532,#1543,#1554,#1565,
    #1576),#1587,.F.);
#1499 = FACE_BOUND('',#1500,.F.);
#1500 = EDGE_LOOP('',(#1501,#1502,#1503,#1509));
#1501 = ORIENTED_EDGE('',*,*,#31,.F.);
#1502 = ORIENTED_EDGE('',*,*,#61,.T.);
#1503 = ORIENTED_EDGE('',*,*,#1504,.T.);
#1504 = EDGE_CURVE('',#62,#1479,#1505,.T.);
#1505 = LINE('',#1506,#1507);
#1506 = CARTESIAN_POINT('',(128.,0.,0.));
#1507 = VECTOR('',#1508,1.);
#1508 = DIRECTION('',(-0.,1.,0.));
#1509 = ORIENTED_EDGE('',*,*,#1478,.F.);
#1510 = FACE_BOUND('',#1511,.F.);
#1511 = EDGE_LOOP('',(#1512));
#1512 = ORIENTED_EDGE('',*,*,#1513,.F.);
#1513 = EDGE_CURVE('',#1514,#1514,#1516,.T.);
#1514 = VERTEX_POINT('',#1515);
#1515 = CARTESIAN_POINT('',(16.925,10.,0.));
#1516 = CIRCLE('',#1517,6.925);
#1517 = AXIS2_PLACEMENT_3D('',#1518,#1519,#1520);
#1518 = CARTESIAN_POINT('',(10.,10.,0.));
#1519 = DIRECTION('',(0.,0.,1.));
#1520 = DIRECTION('',(1.,0.,-0.));
#1521 = FACE_BOUND('',#1522,.F.);
#1522 = EDGE_LOOP('',(#1523));
#1523 = ORIENTED_EDGE('',*,*,#1524,.F.);
#1524 = EDGE_CURVE('',#1525,#1525,#1527,.T.);
#1525 = VERTEX_POINT('',#1526);
#1526 = CARTESIAN_POINT('',(34.95,10.,0.));
#1527 = CIRCLE('',#1528,6.95);
#1528 = AXIS2_PLACEMENT_3D('',#1529,#1530,#1531);
#1529 = CARTESIAN_POINT('',(28.,10.,0.));
#1530 = DIRECTION('',(0.,0.,1.));
#1531 = DIRECTION('',(1.,0.,-0.));
#1532 = FACE_BOUND('',#1533,.F.);
#1533 = EDGE_LOOP('',(#1534));
#1534 = ORIENTED_EDGE('',*,*,#1535,.F.);
#1535 = EDGE_CURVE('',#1536,#1536,#1538,.T.);
#1536 = VERTEX_POINT('',#1537);
#1537 = CARTESIAN_POINT('',(52.975,10.,0.));
#1538 = CIRCLE('',#1539,6.975);
#1539 = AXIS2_PLACEMENT_3D('',#1540,#1541,#1542);
#1540 = CARTESIAN_POINT('',(46.,10.,0.));
#1541 = DIRECTION('',(0.,0.,1.));
#1542 = DIRECTION('',(1.,0.,-0.));
#1543 = FACE_BOUND('',#1544,.F.);
#1544 = EDGE_LOOP('',(#1545));
#1545 = ORIENTED_EDGE('',*,*,#1546,.F.);
#1546 = EDGE_CURVE('',#1547,#1547,#1549,.T.);
#1547 = VERTEX_POINT('',#1548);
#1548 = CARTESIAN_POINT('',(71.,10.,0.));
#1549 = CIRCLE('',#1550,7.);
#1550 = AXIS2_PLACEMENT_3D('',#1551,#1552,#1553);
#1551 = CARTESIAN_POINT('',(64.,10.,0.));
#1552 = DIRECTION('',(0.,0.,1.));
#1553 = DIRECTION('',(1.,0.,-0.));
#1554 = FACE_BOUND('',#1555,.F.);
#1555 = EDGE_LOOP('',(#1556));
#1556 = ORIENTED_EDGE('',*,*,#1557,.F.);
#1557 = EDGE_CURVE('',#1558,#1558,#1560,.T.);
#1558 = VERTEX_POINT('',#1559);
#1559 = CARTESIAN_POINT('',(89.025,10.,0.));
#1560 = CIRCLE('',#1561,7.025);
#1561 = AXIS2_PLACEMENT_3D('',#1562,#1563,#1564);
#1562 = CARTESIAN_POINT('',(82.,10.,0.));
#1563 = DIRECTION('',(0.,0.,1.));
#1564 = DIRECTION('',(1.,0.,-0.));
#1565 = FACE_BOUND('',#1566,.F.);
#1566 = EDGE_LOOP('',(#1567));
#1567 = ORIENTED_EDGE('',*,*,#1568,.F.);
#1568 = EDGE_CURVE('',#1569,#1569,#1571,.T.);
#1569 = VERTEX_POINT('',#1570);
#1570 = CARTESIAN_POINT('',(107.05,10.,0.));
#1571 = CIRCLE('',#1572,7.05);
#1572 = AXIS2_PLACEMENT_3D('',#1573,#1574,#1575);
#1573 = CARTESIAN_POINT('',(100.,10.,0.));
#1574 = DIRECTION('',(0.,0.,1.));
#1575 = DIRECTION('',(1.,0.,-0.));
#1576 = FACE_BOUND('',#1577,.F.);
#1577 = EDGE_LOOP('',(#1578));
#1578 = ORIENTED_EDGE('',*,*,#1579,.F.);
#1579 = EDGE_CURVE('',#1580,#1580,#1582,.T.);
#1580 = VERTEX_POINT('',#1581);
#1581 = CARTESIAN_POINT('',(125.075,10.,0.));
#1582 = CIRCLE('',#1583,7.075);
#1583 = AXIS2_PLACEMENT_3D('',#1584,#1585,#1586);
#1584 = CARTESIAN_POINT('',(118.,10.,0.));
#1585 = DIRECTION('',(0.,0.,1.));
#1586 = DIRECTION('',(1.,0.,-0.));
#1587 = PLANE('',#1588);
#1588 = AXIS2_PLACEMENT_3D('',#1589,#1590,#1591);
#1589 = CARTESIAN_POINT('',(0.,0.,0.));
#1590 = DIRECTION('',(0.,0.,1.));
#1591 = DIRECTION('',(1.,0.,-0.));
#1592 = ADVANCED_FACE('',(#1593),#1599,.T.);
#1593 = FACE_BOUND('',#1594,.T.);
#1594 = EDGE_LOOP('',(#1595,#1596,#1597,#1598));
#1595 = ORIENTED_EDGE('',*,*,#78,.F.);
#1596 = ORIENTED_EDGE('',*,*,#1504,.T.);
#1597 = ORIENTED_EDGE('',*,*,#1488,.T.);
#1598 = ORIENTED_EDGE('',*,*,#94,.F.);
#1599 = PLANE('',#1600);
#1600 = AXIS2_PLACEMENT_3D('',#1601,#1602,#1603);
#1601 = CARTESIAN_POINT('',(128.,0.,0.));
#1602 = DIRECTION('',(1.,0.,-0.));
#1603 = DIRECTION('',(0.,0.,1.));
#1604 = ADVANCED_FACE('',(#1605),#1630,.F.);
#1605 = FACE_BOUND('',#1606,.F.);
#1606 = EDGE_LOOP('',(#1607,#1617,#1623,#1624));
#1607 = ORIENTED_EDGE('',*,*,#1608,.F.);
#1608 = EDGE_CURVE('',#1609,#1611,#1613,.T.);
#1609 = VERTEX_POINT('',#1610);
#1610 = CARTESIAN_POINT('',(116.58431208053,11.879194630872,2.7));
#1611 = VERTEX_POINT('',#1612);
#1612 = CARTESIAN_POINT('',(119.41568791946,11.879194630872,2.7));
#1613 = LINE('',#1614,#1615);
#1614 = CARTESIAN_POINT('',(116.58431208053,11.879194630872,2.7));
#1615 = VECTOR('',#1616,1.);
#1616 = DIRECTION('',(1.,0.,0.));
#1617 = ORIENTED_EDGE('',*,*,#1618,.T.);
#1618 = EDGE_CURVE('',#1609,#113,#1619,.T.);
#1619 = LINE('',#1620,#1621);
#1620 = CARTESIAN_POINT('',(116.58431208053,11.879194630872,2.7));
#1621 = VECTOR('',#1622,1.);
#1622 = DIRECTION('',(0.,0.,1.));
#1623 = ORIENTED_EDGE('',*,*,#110,.F.);
#1624 = ORIENTED_EDGE('',*,*,#1625,.F.);
#1625 = EDGE_CURVE('',#1611,#111,#1626,.T.);
#1626 = LINE('',#1627,#1628);
#1627 = CARTESIAN_POINT('',(119.41568791946,11.879194630872,2.7));
#1628 = VECTOR('',#1629,1.);
#1629 = DIRECTION('',(0.,0.,1.));
#1630 = PLANE('',#1631);
#1631 = AXIS2_PLACEMENT_3D('',#1632,#1633,#1634);
#1632 = CARTESIAN_POINT('',(116.58431208053,11.879194630872,2.7));
#1633 = DIRECTION('',(0.,1.,0.));
#1634 = DIRECTION('',(1.,0.,0.));
#1635 = ADVANCED_FACE('',(#1636),#1654,.F.);
#1636 = FACE_BOUND('',#1637,.F.);
#1637 = EDGE_LOOP('',(#1638,#1646,#1652,#1653));
#1638 = ORIENTED_EDGE('',*,*,#1639,.F.);
#1639 = EDGE_CURVE('',#1640,#1609,#1642,.T.);
#1640 = VERTEX_POINT('',#1641);
#1641 = CARTESIAN_POINT('',(116.58431208053,11.170469798658,2.7));
#1642 = LINE('',#1643,#1644);
#1643 = CARTESIAN_POINT('',(116.58431208053,11.170469798658,2.7));
#1644 = VECTOR('',#1645,1.);
#1645 = DIRECTION('',(0.,1.,0.));
#1646 = ORIENTED_EDGE('',*,*,#1647,.T.);
#1647 = EDGE_CURVE('',#1640,#153,#1648,.T.);
#1648 = LINE('',#1649,#1650);
#1649 = CARTESIAN_POINT('',(116.58431208053,11.170469798658,2.7));
#1650 = VECTOR('',#1651,1.);
#1651 = DIRECTION('',(0.,0.,1.));
#1652 = ORIENTED_EDGE('',*,*,#160,.F.);
#1653 = ORIENTED_EDGE('',*,*,#1618,.F.);
#1654 = PLANE('',#1655);
#1655 = AXIS2_PLACEMENT_3D('',#1656,#1657,#1658);
#1656 = CARTESIAN_POINT('',(116.58431208053,11.170469798658,2.7));
#1657 = DIRECTION('',(-1.,0.,0.));
#1658 = DIRECTION('',(0.,1.,0.));
#1659 = ADVANCED_FACE('',(#1660),#1678,.F.);
#1660 = FACE_BOUND('',#1661,.F.);
#1661 = EDGE_LOOP('',(#1662,#1670,#1676,#1677));
#1662 = ORIENTED_EDGE('',*,*,#1663,.F.);
#1663 = EDGE_CURVE('',#1664,#1640,#1666,.T.);
#1664 = VERTEX_POINT('',#1665);
#1665 = CARTESIAN_POINT('',(118.39387583892,11.170469798658,2.7));
#1666 = LINE('',#1667,#1668);
#1667 = CARTESIAN_POINT('',(118.39387583892,11.170469798658,2.7));
#1668 = VECTOR('',#1669,1.);
#1669 = DIRECTION('',(-1.,0.,0.));
#1670 = ORIENTED_EDGE('',*,*,#1671,.T.);
#1671 = EDGE_CURVE('',#1664,#145,#1672,.T.);
#1672 = LINE('',#1673,#1674);
#1673 = CARTESIAN_POINT('',(118.39387583892,11.170469798658,2.7));
#1674 = VECTOR('',#1675,1.);
#1675 = DIRECTION('',(0.,0.,1.));
#1676 = ORIENTED_EDGE('',*,*,#152,.F.);
#1677 = ORIENTED_EDGE('',*,*,#1647,.F.);
#1678 = PLANE('',#1679);
#1679 = AXIS2_PLACEMENT_3D('',#1680,#1681,#1682);
#1680 = CARTESIAN_POINT('',(118.39387583892,11.170469798658,2.7));
#1681 = DIRECTION('',(0.,-1.,0.));
#1682 = DIRECTION('',(-1.,0.,0.));
#1683 = ADVANCED_FACE('',(#1684),#1702,.F.);
#1684 = FACE_BOUND('',#1685,.F.);
#1685 = EDGE_LOOP('',(#1686,#1694,#1700,#1701));
#1686 = ORIENTED_EDGE('',*,*,#1687,.F.);
#1687 = EDGE_CURVE('',#1688,#1664,#1690,.T.);
#1688 = VERTEX_POINT('',#1689);
#1689 = CARTESIAN_POINT('',(117.00713087248,8.120805369128,2.7));
#1690 = LINE('',#1691,#1692);
#1691 = CARTESIAN_POINT('',(117.00713087248,8.120805369128,2.7));
#1692 = VECTOR('',#1693,1.);
#1693 = DIRECTION('',(0.413935007817,0.910306437033,0.));
#1694 = ORIENTED_EDGE('',*,*,#1695,.T.);
#1695 = EDGE_CURVE('',#1688,#137,#1696,.T.);
#1696 = LINE('',#1697,#1698);
#1697 = CARTESIAN_POINT('',(117.00713087248,8.120805369128,2.7));
#1698 = VECTOR('',#1699,1.);
#1699 = DIRECTION('',(0.,0.,1.));
#1700 = ORIENTED_EDGE('',*,*,#144,.F.);
#1701 = ORIENTED_EDGE('',*,*,#1671,.F.);
#1702 = PLANE('',#1703);
#1703 = AXIS2_PLACEMENT_3D('',#1704,#1705,#1706);
#1704 = CARTESIAN_POINT('',(117.00713087248,8.120805369128,2.7));
#1705 = DIRECTION('',(-0.910306437033,0.413935007817,0.));
#1706 = DIRECTION('',(0.413935007817,0.910306437033,0.));
#1707 = ADVANCED_FACE('',(#1708),#1726,.F.);
#1708 = FACE_BOUND('',#1709,.F.);
#1709 = EDGE_LOOP('',(#1710,#1718,#1724,#1725));
#1710 = ORIENTED_EDGE('',*,*,#1711,.F.);
#1711 = EDGE_CURVE('',#1712,#1688,#1714,.T.);
#1712 = VERTEX_POINT('',#1713);
#1713 = CARTESIAN_POINT('',(117.95092281879,8.120805369128,2.7));
#1714 = LINE('',#1715,#1716);
#1715 = CARTESIAN_POINT('',(117.95092281879,8.120805369128,2.7));
#1716 = VECTOR('',#1717,1.);
#1717 = DIRECTION('',(-1.,0.,0.));
#1718 = ORIENTED_EDGE('',*,*,#1719,.T.);
#1719 = EDGE_CURVE('',#1712,#129,#1720,.T.);
#1720 = LINE('',#1721,#1722);
#1721 = CARTESIAN_POINT('',(117.95092281879,8.120805369128,2.7));
#1722 = VECTOR('',#1723,1.);
#1723 = DIRECTION('',(0.,0.,1.));
#1724 = ORIENTED_EDGE('',*,*,#136,.F.);
#1725 = ORIENTED_EDGE('',*,*,#1695,.F.);
#1726 = PLANE('',#1727);
#1727 = AXIS2_PLACEMENT_3D('',#1728,#1729,#1730);
#1728 = CARTESIAN_POINT('',(117.95092281879,8.120805369128,2.7));
#1729 = DIRECTION('',(0.,-1.,0.));
#1730 = DIRECTION('',(-1.,0.,0.));
#1731 = ADVANCED_FACE('',(#1732),#1750,.F.);
#1732 = FACE_BOUND('',#1733,.F.);
#1733 = EDGE_LOOP('',(#1734,#1742,#1748,#1749));
#1734 = ORIENTED_EDGE('',*,*,#1735,.F.);
#1735 = EDGE_CURVE('',#1736,#1712,#1738,.T.);
#1736 = VERTEX_POINT('',#1737);
#1737 = CARTESIAN_POINT('',(119.41568791946,11.33288590604,2.7));
#1738 = LINE('',#1739,#1740);
#1739 = CARTESIAN_POINT('',(119.41568791946,11.33288590604,2.7));
#1740 = VECTOR('',#1741,1.);
#1741 = DIRECTION('',(-0.414912690401,-0.909861230817,0.));
#1742 = ORIENTED_EDGE('',*,*,#1743,.T.);
#1743 = EDGE_CURVE('',#1736,#121,#1744,.T.);
#1744 = LINE('',#1745,#1746);
#1745 = CARTESIAN_POINT('',(119.41568791946,11.33288590604,2.7));
#1746 = VECTOR('',#1747,1.);
#1747 = DIRECTION('',(0.,0.,1.));
#1748 = ORIENTED_EDGE('',*,*,#128,.F.);
#1749 = ORIENTED_EDGE('',*,*,#1719,.F.);
#1750 = PLANE('',#1751);
#1751 = AXIS2_PLACEMENT_3D('',#1752,#1753,#1754);
#1752 = CARTESIAN_POINT('',(119.41568791946,11.33288590604,2.7));
#1753 = DIRECTION('',(0.909861230817,-0.414912690401,0.));
#1754 = DIRECTION('',(-0.414912690401,-0.909861230817,0.));
#1755 = ADVANCED_FACE('',(#1756),#1767,.F.);
#1756 = FACE_BOUND('',#1757,.F.);
#1757 = EDGE_LOOP('',(#1758,#1764,#1765,#1766));
#1758 = ORIENTED_EDGE('',*,*,#1759,.F.);
#1759 = EDGE_CURVE('',#1611,#1736,#1760,.T.);
#1760 = LINE('',#1761,#1762);
#1761 = CARTESIAN_POINT('',(119.41568791946,11.879194630872,2.7));
#1762 = VECTOR('',#1763,1.);
#1763 = DIRECTION('',(0.,-1.,0.));
#1764 = ORIENTED_EDGE('',*,*,#1625,.T.);
#1765 = ORIENTED_EDGE('',*,*,#120,.F.);
#1766 = ORIENTED_EDGE('',*,*,#1743,.F.);
#1767 = PLANE('',#1768);
#1768 = AXIS2_PLACEMENT_3D('',#1769,#1770,#1771);
#1769 = CARTESIAN_POINT('',(119.41568791946,11.879194630872,2.7));
#1770 = DIRECTION('',(1.,0.,0.));
#1771 = DIRECTION('',(0.,-1.,0.));
#1772 = ADVANCED_FACE('',(#1773),#1798,.F.);
#1773 = FACE_BOUND('',#1774,.F.);
#1774 = EDGE_LOOP('',(#1775,#1785,#1791,#1792));
#1775 = ORIENTED_EDGE('',*,*,#1776,.F.);
#1776 = EDGE_CURVE('',#1777,#1779,#1781,.T.);
#1777 = VERTEX_POINT('',#1778);
#1778 = CARTESIAN_POINT('',(8.697567114094,8.786577181208,2.7));
#1779 = VERTEX_POINT('',#1780);
#1780 = CARTESIAN_POINT('',(9.553271812081,8.786577181208,2.7));
#1781 = LINE('',#1782,#1783);
#1782 = CARTESIAN_POINT('',(8.697567114094,8.786577181208,2.7));
#1783 = VECTOR('',#1784,1.);
#1784 = DIRECTION('',(1.,0.,0.));
#1785 = ORIENTED_EDGE('',*,*,#1786,.T.);
#1786 = EDGE_CURVE('',#1777,#171,#1787,.T.);
#1787 = LINE('',#1788,#1789);
#1788 = CARTESIAN_POINT('',(8.697567114094,8.786577181208,2.7));
#1789 = VECTOR('',#1790,1.);
#1790 = DIRECTION('',(0.,0.,1.));
#1791 = ORIENTED_EDGE('',*,*,#168,.F.);
#1792 = ORIENTED_EDGE('',*,*,#1793,.F.);
#1793 = EDGE_CURVE('',#1779,#169,#1794,.T.);
#1794 = LINE('',#1795,#1796);
#1795 = CARTESIAN_POINT('',(9.553271812081,8.786577181208,2.7));
#1796 = VECTOR('',#1797,1.);
#1797 = DIRECTION('',(0.,0.,1.));
#1798 = PLANE('',#1799);
#1799 = AXIS2_PLACEMENT_3D('',#1800,#1801,#1802);
#1800 = CARTESIAN_POINT('',(8.697567114094,8.786577181208,2.7));
#1801 = DIRECTION('',(0.,1.,0.));
#1802 = DIRECTION('',(1.,0.,0.));
#1803 = ADVANCED_FACE('',(#1804),#1822,.F.);
#1804 = FACE_BOUND('',#1805,.F.);
#1805 = EDGE_LOOP('',(#1806,#1814,#1815,#1816));
#1806 = ORIENTED_EDGE('',*,*,#1807,.F.);
#1807 = EDGE_CURVE('',#1779,#1808,#1810,.T.);
#1808 = VERTEX_POINT('',#1809);
#1809 = CARTESIAN_POINT('',(9.553271812081,11.224161073826,2.7));
#1810 = LINE('',#1811,#1812);
#1811 = CARTESIAN_POINT('',(9.553271812081,8.786577181208,2.7));
#1812 = VECTOR('',#1813,1.);
#1813 = DIRECTION('',(0.,1.,0.));
#1814 = ORIENTED_EDGE('',*,*,#1793,.T.);
#1815 = ORIENTED_EDGE('',*,*,#178,.F.);
#1816 = ORIENTED_EDGE('',*,*,#1817,.F.);
#1817 = EDGE_CURVE('',#1808,#179,#1818,.T.);
#1818 = LINE('',#1819,#1820);
#1819 = CARTESIAN_POINT('',(9.553271812081,11.224161073826,2.7));
#1820 = VECTOR('',#1821,1.);
#1821 = DIRECTION('',(0.,0.,1.));
#1822 = PLANE('',#1823);
#1823 = AXIS2_PLACEMENT_3D('',#1824,#1825,#1826);
#1824 = CARTESIAN_POINT('',(9.553271812081,8.786577181208,2.7));
#1825 = DIRECTION('',(-1.,0.,0.));
#1826 = DIRECTION('',(0.,1.,0.));
#1827 = ADVANCED_FACE('',(#1828),#1846,.F.);
#1828 = FACE_BOUND('',#1829,.F.);
#1829 = EDGE_LOOP('',(#1830,#1838,#1844,#1845));
#1830 = ORIENTED_EDGE('',*,*,#1831,.F.);
#1831 = EDGE_CURVE('',#1832,#1777,#1834,.T.);
#1832 = VERTEX_POINT('',#1833);
#1833 = CARTESIAN_POINT('',(8.697567114094,8.120805369128,2.7));
#1834 = LINE('',#1835,#1836);
#1835 = CARTESIAN_POINT('',(8.697567114094,8.120805369128,2.7));
#1836 = VECTOR('',#1837,1.);
#1837 = DIRECTION('',(0.,1.,0.));
#1838 = ORIENTED_EDGE('',*,*,#1839,.T.);
#1839 = EDGE_CURVE('',#1832,#243,#1840,.T.);
#1840 = LINE('',#1841,#1842);
#1841 = CARTESIAN_POINT('',(8.697567114094,8.120805369128,2.7));
#1842 = VECTOR('',#1843,1.);
#1843 = DIRECTION('',(0.,0.,1.));
#1844 = ORIENTED_EDGE('',*,*,#250,.F.);
#1845 = ORIENTED_EDGE('',*,*,#1786,.F.);
#1846 = PLANE('',#1847);
#1847 = AXIS2_PLACEMENT_3D('',#1848,#1849,#1850);
#1848 = CARTESIAN_POINT('',(8.697567114094,8.120805369128,2.7));
#1849 = DIRECTION('',(-1.,0.,0.));
#1850 = DIRECTION('',(0.,1.,0.));
#1851 = ADVANCED_FACE('',(#1852),#1870,.F.);
#1852 = FACE_BOUND('',#1853,.F.);
#1853 = EDGE_LOOP('',(#1854,#1862,#1863,#1864));
#1854 = ORIENTED_EDGE('',*,*,#1855,.F.);
#1855 = EDGE_CURVE('',#1808,#1856,#1858,.T.);
#1856 = VERTEX_POINT('',#1857);
#1857 = CARTESIAN_POINT('',(8.674916107383,11.041610738255,2.7));
#1858 = LINE('',#1859,#1860);
#1859 = CARTESIAN_POINT('',(9.553271812081,11.224161073826,2.7));
#1860 = VECTOR('',#1861,1.);
#1861 = DIRECTION('',(-0.979078331663,-0.203483710573,0.));
#1862 = ORIENTED_EDGE('',*,*,#1817,.T.);
#1863 = ORIENTED_EDGE('',*,*,#186,.F.);
#1864 = ORIENTED_EDGE('',*,*,#1865,.F.);
#1865 = EDGE_CURVE('',#1856,#187,#1866,.T.);
#1866 = LINE('',#1867,#1868);
#1867 = CARTESIAN_POINT('',(8.674916107383,11.041610738255,2.7));
#1868 = VECTOR('',#1869,1.);
#1869 = DIRECTION('',(0.,0.,1.));
#1870 = PLANE('',#1871);
#1871 = AXIS2_PLACEMENT_3D('',#1872,#1873,#1874);
#1872 = CARTESIAN_POINT('',(9.553271812081,11.224161073826,2.7));
#1873 = DIRECTION('',(0.203483710573,-0.979078331663,0.));
#1874 = DIRECTION('',(-0.979078331663,-0.203483710573,0.));
#1875 = ADVANCED_FACE('',(#1876),#1894,.F.);
#1876 = FACE_BOUND('',#1877,.F.);
#1877 = EDGE_LOOP('',(#1878,#1886,#1892,#1893));
#1878 = ORIENTED_EDGE('',*,*,#1879,.F.);
#1879 = EDGE_CURVE('',#1880,#1832,#1882,.T.);
#1880 = VERTEX_POINT('',#1881);
#1881 = CARTESIAN_POINT('',(11.325083892617,8.120805369128,2.7));
#1882 = LINE('',#1883,#1884);
#1883 = CARTESIAN_POINT('',(11.325083892617,8.120805369128,2.7));
#1884 = VECTOR('',#1885,1.);
#1885 = DIRECTION('',(-1.,0.,0.));
#1886 = ORIENTED_EDGE('',*,*,#1887,.T.);
#1887 = EDGE_CURVE('',#1880,#235,#1888,.T.);
#1888 = LINE('',#1889,#1890);
#1889 = CARTESIAN_POINT('',(11.325083892617,8.120805369128,2.7));
#1890 = VECTOR('',#1891,1.);
#1891 = DIRECTION('',(0.,0.,1.));
#1892 = ORIENTED_EDGE('',*,*,#242,.F.);
#1893 = ORIENTED_EDGE('',*,*,#1839,.F.);
#1894 = PLANE('',#1895);
#1895 = AXIS2_PLACEMENT_3D('',#1896,#1897,#1898);
#1896 = CARTESIAN_POINT('',(11.325083892617,8.120805369128,2.7));
#1897 = DIRECTION('',(0.,-1.,0.));
#1898 = DIRECTION('',(-1.,0.,0.));
#1899 = ADVANCED_FACE('',(#1900),#1918,.F.);
#1900 = FACE_BOUND('',#1901,.F.);
#1901 = EDGE_LOOP('',(#1902,#1910,#1911,#1912));
#1902 = ORIENTED_EDGE('',*,*,#1903,.F.);
#1903 = EDGE_CURVE('',#1856,#1904,#1906,.T.);
#1904 = VERTEX_POINT('',#1905);
#1905 = CARTESIAN_POINT('',(8.674916107383,11.696644295302,2.7));
#1906 = LINE('',#1907,#1908);
#1907 = CARTESIAN_POINT('',(8.674916107383,11.041610738255,2.7));
#1908 = VECTOR('',#1909,1.);
#1909 = DIRECTION('',(0.,1.,0.));
#1910 = ORIENTED_EDGE('',*,*,#1865,.T.);
#1911 = ORIENTED_EDGE('',*,*,#194,.F.);
#1912 = ORIENTED_EDGE('',*,*,#1913,.F.);
#1913 = EDGE_CURVE('',#1904,#195,#1914,.T.);
#1914 = LINE('',#1915,#1916);
#1915 = CARTESIAN_POINT('',(8.674916107383,11.696644295302,2.7));
#1916 = VECTOR('',#1917,1.);
#1917 = DIRECTION('',(0.,0.,1.));
#1918 = PLANE('',#1919);
#1919 = AXIS2_PLACEMENT_3D('',#1920,#1921,#1922);
#1920 = CARTESIAN_POINT('',(8.674916107383,11.041610738255,2.7));
#1921 = DIRECTION('',(-1.,0.,0.));
#1922 = DIRECTION('',(0.,1.,0.));
#1923 = ADVANCED_FACE('',(#1924),#1942,.F.);
#1924 = FACE_BOUND('',#1925,.F.);
#1925 = EDGE_LOOP('',(#1926,#1934,#1940,#1941));
#1926 = ORIENTED_EDGE('',*,*,#1927,.F.);
#1927 = EDGE_CURVE('',#1928,#1880,#1930,.T.);
#1928 = VERTEX_POINT('',#1929);
#1929 = CARTESIAN_POINT('',(11.325083892617,8.786577181208,2.7));
#1930 = LINE('',#1931,#1932);
#1931 = CARTESIAN_POINT('',(11.325083892617,8.786577181208,2.7));
#1932 = VECTOR('',#1933,1.);
#1933 = DIRECTION('',(0.,-1.,0.));
#1934 = ORIENTED_EDGE('',*,*,#1935,.T.);
#1935 = EDGE_CURVE('',#1928,#227,#1936,.T.);
#1936 = LINE('',#1937,#1938);
#1937 = CARTESIAN_POINT('',(11.325083892617,8.786577181208,2.7));
#1938 = VECTOR('',#1939,1.);
#1939 = DIRECTION('',(0.,0.,1.));
#1940 = ORIENTED_EDGE('',*,*,#234,.F.);
#1941 = ORIENTED_EDGE('',*,*,#1887,.F.);
#1942 = PLANE('',#1943);
#1943 = AXIS2_PLACEMENT_3D('',#1944,#1945,#1946);
#1944 = CARTESIAN_POINT('',(11.325083892617,8.786577181208,2.7));
#1945 = DIRECTION('',(1.,0.,0.));
#1946 = DIRECTION('',(0.,-1.,0.));
#1947 = ADVANCED_FACE('',(#1948),#1966,.F.);
#1948 = FACE_BOUND('',#1949,.F.);
#1949 = EDGE_LOOP('',(#1950,#1958,#1959,#1960));
#1950 = ORIENTED_EDGE('',*,*,#1951,.F.);
#1951 = EDGE_CURVE('',#1904,#1952,#1954,.T.);
#1952 = VERTEX_POINT('',#1953);
#1953 = CARTESIAN_POINT('',(9.548238255034,11.879194630872,2.7));
#1954 = LINE('',#1955,#1956);
#1955 = CARTESIAN_POINT('',(8.674916107383,11.696644295302,2.7));
#1956 = VECTOR('',#1957,1.);
#1957 = DIRECTION('',(0.978844086222,0.204607563076,0.));
#1958 = ORIENTED_EDGE('',*,*,#1913,.T.);
#1959 = ORIENTED_EDGE('',*,*,#202,.F.);
#1960 = ORIENTED_EDGE('',*,*,#1961,.F.);
#1961 = EDGE_CURVE('',#1952,#203,#1962,.T.);
#1962 = LINE('',#1963,#1964);
#1963 = CARTESIAN_POINT('',(9.548238255034,11.879194630872,2.7));
#1964 = VECTOR('',#1965,1.);
#1965 = DIRECTION('',(0.,0.,1.));
#1966 = PLANE('',#1967);
#1967 = AXIS2_PLACEMENT_3D('',#1968,#1969,#1970);
#1968 = CARTESIAN_POINT('',(8.674916107383,11.696644295302,2.7));
#1969 = DIRECTION('',(-0.204607563076,0.978844086222,0.));
#1970 = DIRECTION('',(0.978844086222,0.204607563076,0.));
#1971 = ADVANCED_FACE('',(#1972),#1990,.F.);
#1972 = FACE_BOUND('',#1973,.F.);
#1973 = EDGE_LOOP('',(#1974,#1982,#1988,#1989));
#1974 = ORIENTED_EDGE('',*,*,#1975,.F.);
#1975 = EDGE_CURVE('',#1976,#1928,#1978,.T.);
#1976 = VERTEX_POINT('',#1977);
#1977 = CARTESIAN_POINT('',(10.469379194631,8.786577181208,2.7));
#1978 = LINE('',#1979,#1980);
#1979 = CARTESIAN_POINT('',(10.469379194631,8.786577181208,2.7));
#1980 = VECTOR('',#1981,1.);
#1981 = DIRECTION('',(1.,0.,0.));
#1982 = ORIENTED_EDGE('',*,*,#1983,.T.);
#1983 = EDGE_CURVE('',#1976,#219,#1984,.T.);
#1984 = LINE('',#1985,#1986);
#1985 = CARTESIAN_POINT('',(10.469379194631,8.786577181208,2.7));
#1986 = VECTOR('',#1987,1.);
#1987 = DIRECTION('',(0.,0.,1.));
#1988 = ORIENTED_EDGE('',*,*,#226,.F.);
#1989 = ORIENTED_EDGE('',*,*,#1935,.F.);
#1990 = PLANE('',#1991);
#1991 = AXIS2_PLACEMENT_3D('',#1992,#1993,#1994);
#1992 = CARTESIAN_POINT('',(10.469379194631,8.786577181208,2.7));
#1993 = DIRECTION('',(0.,1.,0.));
#1994 = DIRECTION('',(1.,0.,0.));
#1995 = ADVANCED_FACE('',(#1996),#2014,.F.);
#1996 = FACE_BOUND('',#1997,.F.);
#1997 = EDGE_LOOP('',(#1998,#2006,#2007,#2008));
#1998 = ORIENTED_EDGE('',*,*,#1999,.F.);
#1999 = EDGE_CURVE('',#1952,#2000,#2002,.T.);
#2000 = VERTEX_POINT('',#2001);
#2001 = CARTESIAN_POINT('',(10.469379194631,11.879194630872,2.7));
#2002 = LINE('',#2003,#2004);
#2003 = CARTESIAN_POINT('',(9.548238255034,11.879194630872,2.7));
#2004 = VECTOR('',#2005,1.);
#2005 = DIRECTION('',(1.,0.,0.));
#2006 = ORIENTED_EDGE('',*,*,#1961,.T.);
#2007 = ORIENTED_EDGE('',*,*,#210,.F.);
#2008 = ORIENTED_EDGE('',*,*,#2009,.F.);
#2009 = EDGE_CURVE('',#2000,#211,#2010,.T.);
#2010 = LINE('',#2011,#2012);
#2011 = CARTESIAN_POINT('',(10.469379194631,11.879194630872,2.7));
#2012 = VECTOR('',#2013,1.);
#2013 = DIRECTION('',(0.,0.,1.));
#2014 = PLANE('',#2015);
#2015 = AXIS2_PLACEMENT_3D('',#2016,#2017,#2018);
#2016 = CARTESIAN_POINT('',(9.548238255034,11.879194630872,2.7));
#2017 = DIRECTION('',(0.,1.,0.));
#2018 = DIRECTION('',(1.,0.,0.));
#2019 = ADVANCED_FACE('',(#2020),#2031,.F.);
#2020 = FACE_BOUND('',#2021,.F.);
#2021 = EDGE_LOOP('',(#2022,#2028,#2029,#2030));
#2022 = ORIENTED_EDGE('',*,*,#2023,.F.);
#2023 = EDGE_CURVE('',#2000,#1976,#2024,.T.);
#2024 = LINE('',#2025,#2026);
#2025 = CARTESIAN_POINT('',(10.469379194631,11.879194630872,2.7));
#2026 = VECTOR('',#2027,1.);
#2027 = DIRECTION('',(0.,-1.,0.));
#2028 = ORIENTED_EDGE('',*,*,#2009,.T.);
#2029 = ORIENTED_EDGE('',*,*,#218,.F.);
#2030 = ORIENTED_EDGE('',*,*,#1983,.F.);
#2031 = PLANE('',#2032);
#2032 = AXIS2_PLACEMENT_3D('',#2033,#2034,#2035);
#2033 = CARTESIAN_POINT('',(10.469379194631,11.879194630872,2.7));
#2034 = DIRECTION('',(1.,0.,0.));
#2035 = DIRECTION('',(0.,-1.,0.));
#2036 = ADVANCED_FACE('',(#2037),#2062,.F.);
#2037 = FACE_BOUND('',#2038,.F.);
#2038 = EDGE_LOOP('',(#2039,#2049,#2055,#2056));
#2039 = ORIENTED_EDGE('',*,*,#2040,.F.);
#2040 = EDGE_CURVE('',#2041,#2043,#2045,.T.);
#2041 = VERTEX_POINT('',#2042);
#2042 = CARTESIAN_POINT('',(27.71182885906,8.797315436242,2.7));
#2043 = VERTEX_POINT('',#2044);
#2044 = CARTESIAN_POINT('',(29.365352348993,8.797315436242,2.7));
#2045 = LINE('',#2046,#2047);
#2046 = CARTESIAN_POINT('',(27.71182885906,8.797315436242,2.7));
#2047 = VECTOR('',#2048,1.);
#2048 = DIRECTION('',(1.,0.,0.));
#2049 = ORIENTED_EDGE('',*,*,#2050,.T.);
#2050 = EDGE_CURVE('',#2041,#261,#2051,.T.);
#2051 = LINE('',#2052,#2053);
#2052 = CARTESIAN_POINT('',(27.71182885906,8.797315436242,2.7));
#2053 = VECTOR('',#2054,1.);
#2054 = DIRECTION('',(0.,0.,1.));
#2055 = ORIENTED_EDGE('',*,*,#258,.F.);
#2056 = ORIENTED_EDGE('',*,*,#2057,.F.);
#2057 = EDGE_CURVE('',#2043,#259,#2058,.T.);
#2058 = LINE('',#2059,#2060);
#2059 = CARTESIAN_POINT('',(29.365352348993,8.797315436242,2.7));
#2060 = VECTOR('',#2061,1.);
#2061 = DIRECTION('',(0.,0.,1.));
#2062 = PLANE('',#2063);
#2063 = AXIS2_PLACEMENT_3D('',#2064,#2065,#2066);
#2064 = CARTESIAN_POINT('',(27.71182885906,8.797315436242,2.7));
#2065 = DIRECTION('',(0.,1.,0.));
#2066 = DIRECTION('',(1.,0.,0.));
#2067 = ADVANCED_FACE('',(#2068),#2086,.F.);
#2068 = FACE_BOUND('',#2069,.F.);
#2069 = EDGE_LOOP('',(#2070,#2078,#2079,#2080));
#2070 = ORIENTED_EDGE('',*,*,#2071,.F.);
#2071 = EDGE_CURVE('',#2043,#2072,#2074,.T.);
#2072 = VERTEX_POINT('',#2073);
#2073 = CARTESIAN_POINT('',(29.365352348993,8.088590604027,2.7));
#2074 = LINE('',#2075,#2076);
#2075 = CARTESIAN_POINT('',(29.365352348993,8.797315436242,2.7));
#2076 = VECTOR('',#2077,1.);
#2077 = DIRECTION('',(0.,-1.,0.));
#2078 = ORIENTED_EDGE('',*,*,#2057,.T.);
#2079 = ORIENTED_EDGE('',*,*,#268,.F.);
#2080 = ORIENTED_EDGE('',*,*,#2081,.F.);
#2081 = EDGE_CURVE('',#2072,#269,#2082,.T.);
#2082 = LINE('',#2083,#2084);
#2083 = CARTESIAN_POINT('',(29.365352348993,8.088590604027,2.7));
#2084 = VECTOR('',#2085,1.);
#2085 = DIRECTION('',(0.,0.,1.));
#2086 = PLANE('',#2087);
#2087 = AXIS2_PLACEMENT_3D('',#2088,#2089,#2090);
#2088 = CARTESIAN_POINT('',(29.365352348993,8.797315436242,2.7));
#2089 = DIRECTION('',(1.,0.,0.));
#2090 = DIRECTION('',(0.,-1.,0.));
#2091 = ADVANCED_FACE('',(#2092),#2110,.F.);
#2092 = FACE_BOUND('',#2093,.F.);
#2093 = EDGE_LOOP('',(#2094,#2102,#2108,#2109));
#2094 = ORIENTED_EDGE('',*,*,#2095,.F.);
#2095 = EDGE_CURVE('',#2096,#2041,#2098,.T.);
#2096 = VERTEX_POINT('',#2097);
#2097 = CARTESIAN_POINT('',(28.514681208054,9.500503355705,2.7));
#2098 = LINE('',#2099,#2100);
#2099 = CARTESIAN_POINT('',(28.514681208054,9.500503355705,2.7));
#2100 = VECTOR('',#2101,1.);
#2101 = DIRECTION('',(-0.752255226589,-0.65887181915,0.));
#2102 = ORIENTED_EDGE('',*,*,#2103,.T.);
#2103 = EDGE_CURVE('',#2096,#458,#2104,.T.);
#2104 = LINE('',#2105,#2106);
#2105 = CARTESIAN_POINT('',(28.514681208054,9.500503355705,2.7));
#2106 = VECTOR('',#2107,1.);
#2107 = DIRECTION('',(0.,0.,1.));
#2108 = ORIENTED_EDGE('',*,*,#469,.F.);
#2109 = ORIENTED_EDGE('',*,*,#2050,.F.);
#2110 = PLANE('',#2111);
#2111 = AXIS2_PLACEMENT_3D('',#2112,#2113,#2114);
#2112 = CARTESIAN_POINT('',(28.514681208054,9.500503355705,2.7));
#2113 = DIRECTION('',(0.65887181915,-0.752255226589,0.));
#2114 = DIRECTION('',(-0.752255226589,-0.65887181915,0.));
#2115 = ADVANCED_FACE('',(#2116),#2134,.F.);
#2116 = FACE_BOUND('',#2117,.F.);
#2117 = EDGE_LOOP('',(#2118,#2126,#2127,#2128));
#2118 = ORIENTED_EDGE('',*,*,#2119,.F.);
#2119 = EDGE_CURVE('',#2072,#2120,#2122,.T.);
#2120 = VERTEX_POINT('',#2121);
#2121 = CARTESIAN_POINT('',(26.634647651007,8.088590604027,2.7));
#2122 = LINE('',#2123,#2124);
#2123 = CARTESIAN_POINT('',(29.365352348993,8.088590604027,2.7));
#2124 = VECTOR('',#2125,1.);
#2125 = DIRECTION('',(-1.,0.,0.));
#2126 = ORIENTED_EDGE('',*,*,#2081,.T.);
#2127 = ORIENTED_EDGE('',*,*,#276,.F.);
#2128 = ORIENTED_EDGE('',*,*,#2129,.F.);
#2129 = EDGE_CURVE('',#2120,#277,#2130,.T.);
#2130 = LINE('',#2131,#2132);
#2131 = CARTESIAN_POINT('',(26.634647651007,8.088590604027,2.7));
#2132 = VECTOR('',#2133,1.);
#2133 = DIRECTION('',(0.,0.,1.));
#2134 = PLANE('',#2135);
#2135 = AXIS2_PLACEMENT_3D('',#2136,#2137,#2138);
#2136 = CARTESIAN_POINT('',(29.365352348993,8.088590604027,2.7));
#2137 = DIRECTION('',(0.,-1.,0.));
#2138 = DIRECTION('',(-1.,0.,0.));
#2139 = ADVANCED_FACE('',(#2140),#2158,.F.);
#2140 = FACE_BOUND('',#2141,.F.);
#2141 = EDGE_LOOP('',(#2142,#2150,#2156,#2157));
#2142 = ORIENTED_EDGE('',*,*,#2143,.F.);
#2143 = EDGE_CURVE('',#2144,#2096,#2146,.T.);
#2144 = VERTEX_POINT('',#2145);
#2145 = CARTESIAN_POINT('',(29.181627516779,10.212248322148,2.7));
#2146 = B_SPLINE_CURVE_WITH_KNOTS('',2,(#2147,#2148,#2149),
  .UNSPECIFIED.,.F.,.F.,(3,3),(0.,1.),.PIECEWISE_BEZIER_KNOTS.);
#2147 = CARTESIAN_POINT('',(29.181627516779,10.212248322148,2.7));
#2148 = CARTESIAN_POINT('',(29.023070469799,9.946476510067,2.7));
#2149 = CARTESIAN_POINT('',(28.514681208054,9.500503355705,2.7));
#2150 = ORIENTED_EDGE('',*,*,#2151,.T.);
#2151 = EDGE_CURVE('',#2144,#443,#2152,.T.);
#2152 = LINE('',#2153,#2154);
#2153 = CARTESIAN_POINT('',(29.181627516779,10.212248322148,2.7));
#2154 = VECTOR('',#2155,1.);
#2155 = DIRECTION('',(0.,0.,1.));
#2156 = ORIENTED_EDGE('',*,*,#457,.F.);
#2157 = ORIENTED_EDGE('',*,*,#2103,.F.);
#2158 = SURFACE_OF_LINEAR_EXTRUSION('',#2159,#2163);
#2159 = B_SPLINE_CURVE_WITH_KNOTS('',2,(#2160,#2161,#2162),
  .UNSPECIFIED.,.F.,.F.,(3,3),(0.,1.),.PIECEWISE_BEZIER_KNOTS.);
#2160 = CARTESIAN_POINT('',(29.181627516779,10.212248322148,2.7));
#2161 = CARTESIAN_POINT('',(29.023070469799,9.946476510067,2.7));
#2162 = CARTESIAN_POINT('',(28.514681208054,9.500503355705,2.7));
#2163 = VECTOR('',#2164,1.);
#2164 = DIRECTION('',(-0.,-0.,-1.));
#2165 = ADVANCED_FACE('',(#2166),#2184,.F.);
#2166 = FACE_BOUND('',#2167,.F.);
#2167 = EDGE_LOOP('',(#2168,#2176,#2177,#2178));
#2168 = ORIENTED_EDGE('',*,*,#2169,.F.);
#2169 = EDGE_CURVE('',#2120,#2170,#2172,.T.);
#2170 = VERTEX_POINT('',#2171);
#2171 = CARTESIAN_POINT('',(26.634647651007,8.797315436242,2.7));
#2172 = LINE('',#2173,#2174);
#2173 = CARTESIAN_POINT('',(26.634647651007,8.088590604027,2.7));
#2174 = VECTOR('',#2175,1.);
#2175 = DIRECTION('',(0.,1.,0.));
#2176 = ORIENTED_EDGE('',*,*,#2129,.T.);
#2177 = ORIENTED_EDGE('',*,*,#284,.F.);
#2178 = ORIENTED_EDGE('',*,*,#2179,.F.);
#2179 = EDGE_CURVE('',#2170,#285,#2180,.T.);
#2180 = LINE('',#2181,#2182);
#2181 = CARTESIAN_POINT('',(26.634647651007,8.797315436242,2.7));
#2182 = VECTOR('',#2183,1.);
#2183 = DIRECTION('',(0.,0.,1.));
#2184 = PLANE('',#2185);
#2185 = AXIS2_PLACEMENT_3D('',#2186,#2187,#2188);
#2186 = CARTESIAN_POINT('',(26.634647651007,8.088590604027,2.7));
#2187 = DIRECTION('',(-1.,0.,0.));
#2188 = DIRECTION('',(0.,1.,0.));
#2189 = ADVANCED_FACE('',(#2190),#2208,.F.);
#2190 = FACE_BOUND('',#2191,.F.);
#2191 = EDGE_LOOP('',(#2192,#2200,#2206,#2207));
#2192 = ORIENTED_EDGE('',*,*,#2193,.F.);
#2193 = EDGE_CURVE('',#2194,#2144,#2196,.T.);
#2194 = VERTEX_POINT('',#2195);
#2195 = CARTESIAN_POINT('',(29.340184563758,10.785234899329,2.7));
#2196 = B_SPLINE_CURVE_WITH_KNOTS('',2,(#2197,#2198,#2199),
  .UNSPECIFIED.,.F.,.F.,(3,3),(0.,1.),.PIECEWISE_BEZIER_KNOTS.);
#2197 = CARTESIAN_POINT('',(29.340184563758,10.785234899329,2.7));
#2198 = CARTESIAN_POINT('',(29.340184563758,10.478020134228,2.7));
#2199 = CARTESIAN_POINT('',(29.181627516779,10.212248322148,2.7));
#2200 = ORIENTED_EDGE('',*,*,#2201,.T.);
#2201 = EDGE_CURVE('',#2194,#424,#2202,.T.);
#2202 = LINE('',#2203,#2204);
#2203 = CARTESIAN_POINT('',(29.340184563758,10.785234899329,2.7));
#2204 = VECTOR('',#2205,1.);
#2205 = DIRECTION('',(0.,0.,1.));
#2206 = ORIENTED_EDGE('',*,*,#442,.F.);
#2207 = ORIENTED_EDGE('',*,*,#2151,.F.);
#2208 = SURFACE_OF_LINEAR_EXTRUSION('',#2209,#2213);
#2209 = B_SPLINE_CURVE_WITH_KNOTS('',2,(#2210,#2211,#2212),
  .UNSPECIFIED.,.F.,.F.,(3,3),(0.,1.),.PIECEWISE_BEZIER_KNOTS.);
#2210 = CARTESIAN_POINT('',(29.340184563758,10.785234899329,2.7));
#2211 = CARTESIAN_POINT('',(29.340184563758,10.478020134228,2.7));
#2212 = CARTESIAN_POINT('',(29.181627516779,10.212248322148,2.7));
#2213 = VECTOR('',#2214,1.);
#2214 = DIRECTION('',(-0.,-0.,-1.));
#2215 = ADVANCED_FACE('',(#2216),#2234,.F.);
#2216 = FACE_BOUND('',#2217,.F.);
#2217 = EDGE_LOOP('',(#2218,#2226,#2227,#2228));
#2218 = ORIENTED_EDGE('',*,*,#2219,.F.);
#2219 = EDGE_CURVE('',#2170,#2220,#2222,.T.);
#2220 = VERTEX_POINT('',#2221);
#2221 = CARTESIAN_POINT('',(28.006291946309,10.005201342282,2.7));
#2222 = LINE('',#2223,#2224);
#2223 = CARTESIAN_POINT('',(26.634647651007,8.797315436242,2.7));
#2224 = VECTOR('',#2225,1.);
#2225 = DIRECTION('',(0.750485828524,0.66088654184,0.));
#2226 = ORIENTED_EDGE('',*,*,#2179,.T.);
#2227 = ORIENTED_EDGE('',*,*,#292,.F.);
#2228 = ORIENTED_EDGE('',*,*,#2229,.F.);
#2229 = EDGE_CURVE('',#2220,#293,#2230,.T.);
#2230 = LINE('',#2231,#2232);
#2231 = CARTESIAN_POINT('',(28.006291946309,10.005201342282,2.7));
#2232 = VECTOR('',#2233,1.);
#2233 = DIRECTION('',(0.,0.,1.));
#2234 = PLANE('',#2235);
#2235 = AXIS2_PLACEMENT_3D('',#2236,#2237,#2238);
#2236 = CARTESIAN_POINT('',(26.634647651007,8.797315436242,2.7));
#2237 = DIRECTION('',(-0.66088654184,0.750485828524,0.));
#2238 = DIRECTION('',(0.750485828524,0.66088654184,0.));
#2239 = ADVANCED_FACE('',(#2240),#2258,.F.);
#2240 = FACE_BOUND('',#2241,.F.);
#2241 = EDGE_LOOP('',(#2242,#2250,#2256,#2257));
#2242 = ORIENTED_EDGE('',*,*,#2243,.F.);
#2243 = EDGE_CURVE('',#2244,#2194,#2246,.T.);
#2244 = VERTEX_POINT('',#2245);
#2245 = CARTESIAN_POINT('',(28.966359060403,11.614093959732,2.7));
#2246 = B_SPLINE_CURVE_WITH_KNOTS('',2,(#2247,#2248,#2249),
  .UNSPECIFIED.,.F.,.F.,(3,3),(0.,1.),.PIECEWISE_BEZIER_KNOTS.);
#2247 = CARTESIAN_POINT('',(28.966359060403,11.614093959732,2.7));
#2248 = CARTESIAN_POINT('',(29.340184563758,11.316946308725,2.7));
#2249 = CARTESIAN_POINT('',(29.340184563758,10.785234899329,2.7));
#2250 = ORIENTED_EDGE('',*,*,#2251,.T.);
#2251 = EDGE_CURVE('',#2244,#407,#2252,.T.);
#2252 = LINE('',#2253,#2254);
#2253 = CARTESIAN_POINT('',(28.966359060403,11.614093959732,2.7));
#2254 = VECTOR('',#2255,1.);
#2255 = DIRECTION('',(0.,0.,1.));
#2256 = ORIENTED_EDGE('',*,*,#423,.F.);
#2257 = ORIENTED_EDGE('',*,*,#2201,.F.);
#2258 = SURFACE_OF_LINEAR_EXTRUSION('',#2259,#2263);
#2259 = B_SPLINE_CURVE_WITH_KNOTS('',2,(#2260,#2261,#2262),
  .UNSPECIFIED.,.F.,.F.,(3,3),(0.,1.),.PIECEWISE_BEZIER_KNOTS.);
#2260 = CARTESIAN_POINT('',(28.966359060403,11.614093959732,2.7));
#2261 = CARTESIAN_POINT('',(29.340184563758,11.316946308725,2.7));
#2262 = CARTESIAN_POINT('',(29.340184563758,10.785234899329,2.7));
#2263 = VECTOR('',#2264,1.);
#2264 = DIRECTION('',(-0.,-0.,-1.));
#2265 = ADVANCED_FACE('',(#2266),#2284,.F.);
#2266 = FACE_BOUND('',#2267,.F.);
#2267 = EDGE_LOOP('',(#2268,#2276,#2277,#2278));
#2268 = ORIENTED_EDGE('',*,*,#2269,.F.);
#2269 = EDGE_CURVE('',#2220,#2270,#2272,.T.);
#2270 = VERTEX_POINT('',#2271);
#2271 = CARTESIAN_POINT('',(28.278104026846,10.329697986577,2.7));
#2272 = B_SPLINE_CURVE_WITH_KNOTS('',2,(#2273,#2274,#2275),
  .UNSPECIFIED.,.F.,.F.,(3,3),(0.,1.),.PIECEWISE_BEZIER_KNOTS.);
#2273 = CARTESIAN_POINT('',(28.006291946309,10.005201342282,2.7));
#2274 = CARTESIAN_POINT('',(28.190016778523,10.171308724832,2.7));
#2275 = CARTESIAN_POINT('',(28.278104026846,10.329697986577,2.7));
#2276 = ORIENTED_EDGE('',*,*,#2229,.T.);
#2277 = ORIENTED_EDGE('',*,*,#300,.F.);
#2278 = ORIENTED_EDGE('',*,*,#2279,.F.);
#2279 = EDGE_CURVE('',#2270,#301,#2280,.T.);
#2280 = LINE('',#2281,#2282);
#2281 = CARTESIAN_POINT('',(28.278104026846,10.329697986577,2.7));
#2282 = VECTOR('',#2283,1.);
#2283 = DIRECTION('',(0.,0.,1.));
#2284 = SURFACE_OF_LINEAR_EXTRUSION('',#2285,#2289);
#2285 = B_SPLINE_CURVE_WITH_KNOTS('',2,(#2286,#2287,#2288),
  .UNSPECIFIED.,.F.,.F.,(3,3),(0.,1.),.PIECEWISE_BEZIER_KNOTS.);
#2286 = CARTESIAN_POINT('',(28.006291946309,10.005201342282,2.7));
#2287 = CARTESIAN_POINT('',(28.190016778523,10.171308724832,2.7));
#2288 = CARTESIAN_POINT('',(28.278104026846,10.329697986577,2.7));
#2289 = VECTOR('',#2290,1.);
#2290 = DIRECTION('',(-0.,-0.,-1.));
#2291 = ADVANCED_FACE('',(#2292),#2310,.F.);
#2292 = FACE_BOUND('',#2293,.F.);
#2293 = EDGE_LOOP('',(#2294,#2302,#2308,#2309));
#2294 = ORIENTED_EDGE('',*,*,#2295,.F.);
#2295 = EDGE_CURVE('',#2296,#2244,#2298,.T.);
#2296 = VERTEX_POINT('',#2297);
#2297 = CARTESIAN_POINT('',(27.918204697987,11.911409395973,2.7));
#2298 = B_SPLINE_CURVE_WITH_KNOTS('',2,(#2299,#2300,#2301),
  .UNSPECIFIED.,.F.,.F.,(3,3),(0.,1.),.PIECEWISE_BEZIER_KNOTS.);
#2299 = CARTESIAN_POINT('',(27.918204697987,11.911409395973,2.7));
#2300 = CARTESIAN_POINT('',(28.592701342282,11.911409395973,2.7));
#2301 = CARTESIAN_POINT('',(28.966359060403,11.614093959732,2.7));
#2302 = ORIENTED_EDGE('',*,*,#2303,.T.);
#2303 = EDGE_CURVE('',#2296,#396,#2304,.T.);
#2304 = LINE('',#2305,#2306);
#2305 = CARTESIAN_POINT('',(27.918204697987,11.911409395973,2.7));
#2306 = VECTOR('',#2307,1.);
#2307 = DIRECTION('',(0.,0.,1.));
#2308 = ORIENTED_EDGE('',*,*,#406,.F.);
#2309 = ORIENTED_EDGE('',*,*,#2251,.F.);
#2310 = SURFACE_OF_LINEAR_EXTRUSION('',#2311,#2315);
#2311 = B_SPLINE_CURVE_WITH_KNOTS('',2,(#2312,#2313,#2314),
  .UNSPECIFIED.,.F.,.F.,(3,3),(0.,1.),.PIECEWISE_BEZIER_KNOTS.);
#2312 = CARTESIAN_POINT('',(27.918204697987,11.911409395973,2.7));
#2313 = CARTESIAN_POINT('',(28.592701342282,11.911409395973,2.7));
#2314 = CARTESIAN_POINT('',(28.966359060403,11.614093959732,2.7));
#2315 = VECTOR('',#2316,1.);
#2316 = DIRECTION('',(-0.,-0.,-1.));
#2317 = ADVANCED_FACE('',(#2318),#2336,.F.);
#2318 = FACE_BOUND('',#2319,.F.);
#2319 = EDGE_LOOP('',(#2320,#2328,#2329,#2330));
#2320 = ORIENTED_EDGE('',*,*,#2321,.F.);
#2321 = EDGE_CURVE('',#2270,#2322,#2324,.T.);
#2322 = VERTEX_POINT('',#2323);
#2323 = CARTESIAN_POINT('',(28.366191275168,10.659395973154,2.7));
#2324 = B_SPLINE_CURVE_WITH_KNOTS('',2,(#2325,#2326,#2327),
  .UNSPECIFIED.,.F.,.F.,(3,3),(0.,1.),.PIECEWISE_BEZIER_KNOTS.);
#2325 = CARTESIAN_POINT('',(28.278104026846,10.329697986577,2.7));
#2326 = CARTESIAN_POINT('',(28.366191275168,10.488255033557,2.7));
#2327 = CARTESIAN_POINT('',(28.366191275168,10.659395973154,2.7));
#2328 = ORIENTED_EDGE('',*,*,#2279,.T.);
#2329 = ORIENTED_EDGE('',*,*,#311,.F.);
#2330 = ORIENTED_EDGE('',*,*,#2331,.F.);
#2331 = EDGE_CURVE('',#2322,#312,#2332,.T.);
#2332 = LINE('',#2333,#2334);
#2333 = CARTESIAN_POINT('',(28.366191275168,10.659395973154,2.7));
#2334 = VECTOR('',#2335,1.);
#2335 = DIRECTION('',(0.,0.,1.));
#2336 = SURFACE_OF_LINEAR_EXTRUSION('',#2337,#2341);
#2337 = B_SPLINE_CURVE_WITH_KNOTS('',2,(#2338,#2339,#2340),
  .UNSPECIFIED.,.F.,.F.,(3,3),(0.,1.),.PIECEWISE_BEZIER_KNOTS.);
#2338 = CARTESIAN_POINT('',(28.278104026846,10.329697986577,2.7));
#2339 = CARTESIAN_POINT('',(28.366191275168,10.488255033557,2.7));
#2340 = CARTESIAN_POINT('',(28.366191275168,10.659395973154,2.7));
#2341 = VECTOR('',#2342,1.);
#2342 = DIRECTION('',(-0.,-0.,-1.));
#2343 = ADVANCED_FACE('',(#2344),#2362,.F.);
#2344 = FACE_BOUND('',#2345,.F.);
#2345 = EDGE_LOOP('',(#2346,#2354,#2360,#2361));
#2346 = ORIENTED_EDGE('',*,*,#2347,.F.);
#2347 = EDGE_CURVE('',#2348,#2296,#2350,.T.);
#2348 = VERTEX_POINT('',#2349);
#2349 = CARTESIAN_POINT('',(27.291526845638,11.853691275168,2.7));
#2350 = B_SPLINE_CURVE_WITH_KNOTS('',2,(#2351,#2352,#2353),
  .UNSPECIFIED.,.F.,.F.,(3,3),(0.,1.),.PIECEWISE_BEZIER_KNOTS.);
#2351 = CARTESIAN_POINT('',(27.291526845638,11.853691275168,2.7));
#2352 = CARTESIAN_POINT('',(27.611157718121,11.911409395973,2.7));
#2353 = CARTESIAN_POINT('',(27.918204697987,11.911409395973,2.7));
#2354 = ORIENTED_EDGE('',*,*,#2355,.T.);
#2355 = EDGE_CURVE('',#2348,#385,#2356,.T.);
#2356 = LINE('',#2357,#2358);
#2357 = CARTESIAN_POINT('',(27.291526845638,11.853691275168,2.7));
#2358 = VECTOR('',#2359,1.);
#2359 = DIRECTION('',(0.,0.,1.));
#2360 = ORIENTED_EDGE('',*,*,#395,.F.);
#2361 = ORIENTED_EDGE('',*,*,#2303,.F.);
#2362 = SURFACE_OF_LINEAR_EXTRUSION('',#2363,#2367);
#2363 = B_SPLINE_CURVE_WITH_KNOTS('',2,(#2364,#2365,#2366),
  .UNSPECIFIED.,.F.,.F.,(3,3),(0.,1.),.PIECEWISE_BEZIER_KNOTS.);
#2364 = CARTESIAN_POINT('',(27.291526845638,11.853691275168,2.7));
#2365 = CARTESIAN_POINT('',(27.611157718121,11.911409395973,2.7));
#2366 = CARTESIAN_POINT('',(27.918204697987,11.911409395973,2.7));
#2367 = VECTOR('',#2368,1.);
#2368 = DIRECTION('',(-0.,-0.,-1.));
#2369 = ADVANCED_FACE('',(#2370),#2388,.F.);
#2370 = FACE_BOUND('',#2371,.F.);
#2371 = EDGE_LOOP('',(#2372,#2380,#2381,#2382));
#2372 = ORIENTED_EDGE('',*,*,#2373,.F.);
#2373 = EDGE_CURVE('',#2322,#2374,#2376,.T.);
#2374 = VERTEX_POINT('',#2375);
#2375 = CARTESIAN_POINT('',(28.188674496644,11.084563758389,2.7));
#2376 = B_SPLINE_CURVE_WITH_KNOTS('',2,(#2377,#2378,#2379),
  .UNSPECIFIED.,.F.,.F.,(3,3),(0.,1.),.PIECEWISE_BEZIER_KNOTS.);
#2377 = CARTESIAN_POINT('',(28.366191275168,10.659395973154,2.7));
#2378 = CARTESIAN_POINT('',(28.366191275168,10.923657718121,2.7));
#2379 = CARTESIAN_POINT('',(28.188674496644,11.084563758389,2.7));
#2380 = ORIENTED_EDGE('',*,*,#2331,.T.);
#2381 = ORIENTED_EDGE('',*,*,#324,.F.);
#2382 = ORIENTED_EDGE('',*,*,#2383,.F.);
#2383 = EDGE_CURVE('',#2374,#325,#2384,.T.);
#2384 = LINE('',#2385,#2386);
#2385 = CARTESIAN_POINT('',(28.188674496644,11.084563758389,2.7));
#2386 = VECTOR('',#2387,1.);
#2387 = DIRECTION('',(0.,0.,1.));
#2388 = SURFACE_OF_LINEAR_EXTRUSION('',#2389,#2393);
#2389 = B_SPLINE_CURVE_WITH_KNOTS('',2,(#2390,#2391,#2392),
  .UNSPECIFIED.,.F.,.F.,(3,3),(0.,1.),.PIECEWISE_BEZIER_KNOTS.);
#2390 = CARTESIAN_POINT('',(28.366191275168,10.659395973154,2.7));
#2391 = CARTESIAN_POINT('',(28.366191275168,10.923657718121,2.7));
#2392 = CARTESIAN_POINT('',(28.188674496644,11.084563758389,2.7));
#2393 = VECTOR('',#2394,1.);
#2394 = DIRECTION('',(-0.,-0.,-1.));
#2395 = ADVANCED_FACE('',(#2396),#2414,.F.);
#2396 = FACE_BOUND('',#2397,.F.);
#2397 = EDGE_LOOP('',(#2398,#2406,#2412,#2413));
#2398 = ORIENTED_EDGE('',*,*,#2399,.F.);
#2399 = EDGE_CURVE('',#2400,#2348,#2402,.T.);
#2400 = VERTEX_POINT('',#2401);
#2401 = CARTESIAN_POINT('',(26.644714765101,11.685906040268,2.7));
#2402 = B_SPLINE_CURVE_WITH_KNOTS('',2,(#2403,#2404,#2405),
  .UNSPECIFIED.,.F.,.F.,(3,3),(0.,1.),.PIECEWISE_BEZIER_KNOTS.);
#2403 = CARTESIAN_POINT('',(26.644714765101,11.685906040268,2.7));
#2404 = CARTESIAN_POINT('',(26.971895973154,11.796140939597,2.7));
#2405 = CARTESIAN_POINT('',(27.291526845638,11.853691275168,2.7));
#2406 = ORIENTED_EDGE('',*,*,#2407,.T.);
#2407 = EDGE_CURVE('',#2400,#377,#2408,.T.);
#2408 = LINE('',#2409,#2410);
#2409 = CARTESIAN_POINT('',(26.644714765101,11.685906040268,2.7));
#2410 = VECTOR('',#2411,1.);
#2411 = DIRECTION('',(0.,0.,1.));
#2412 = ORIENTED_EDGE('',*,*,#384,.F.);
#2413 = ORIENTED_EDGE('',*,*,#2355,.F.);
#2414 = SURFACE_OF_LINEAR_EXTRUSION('',#2415,#2419);
#2415 = B_SPLINE_CURVE_WITH_KNOTS('',2,(#2416,#2417,#2418),
  .UNSPECIFIED.,.F.,.F.,(3,3),(0.,1.),.PIECEWISE_BEZIER_KNOTS.);
#2416 = CARTESIAN_POINT('',(26.644714765101,11.685906040268,2.7));
#2417 = CARTESIAN_POINT('',(26.971895973154,11.796140939597,2.7));
#2418 = CARTESIAN_POINT('',(27.291526845638,11.853691275168,2.7));
#2419 = VECTOR('',#2420,1.);
#2420 = DIRECTION('',(-0.,-0.,-1.));
#2421 = ADVANCED_FACE('',(#2422),#2440,.F.);
#2422 = FACE_BOUND('',#2423,.F.);
#2423 = EDGE_LOOP('',(#2424,#2432,#2433,#2434));
#2424 = ORIENTED_EDGE('',*,*,#2425,.F.);
#2425 = EDGE_CURVE('',#2374,#2426,#2428,.T.);
#2426 = VERTEX_POINT('',#2427);
#2427 = CARTESIAN_POINT('',(27.716862416107,11.245637583893,2.7));
#2428 = B_SPLINE_CURVE_WITH_KNOTS('',2,(#2429,#2430,#2431),
  .UNSPECIFIED.,.F.,.F.,(3,3),(0.,1.),.PIECEWISE_BEZIER_KNOTS.);
#2429 = CARTESIAN_POINT('',(28.188674496644,11.084563758389,2.7));
#2430 = CARTESIAN_POINT('',(28.011325503356,11.245637583893,2.7));
#2431 = CARTESIAN_POINT('',(27.716862416107,11.245637583893,2.7));
#2432 = ORIENTED_EDGE('',*,*,#2383,.T.);
#2433 = ORIENTED_EDGE('',*,*,#339,.F.);
#2434 = ORIENTED_EDGE('',*,*,#2435,.F.);
#2435 = EDGE_CURVE('',#2426,#340,#2436,.T.);
#2436 = LINE('',#2437,#2438);
#2437 = CARTESIAN_POINT('',(27.716862416107,11.245637583893,2.7));
#2438 = VECTOR('',#2439,1.);
#2439 = DIRECTION('',(0.,0.,1.));
#2440 = SURFACE_OF_LINEAR_EXTRUSION('',#2441,#2445);
#2441 = B_SPLINE_CURVE_WITH_KNOTS('',2,(#2442,#2443,#2444),
  .UNSPECIFIED.,.F.,.F.,(3,3),(0.,1.),.PIECEWISE_BEZIER_KNOTS.);
#2442 = CARTESIAN_POINT('',(28.188674496644,11.084563758389,2.7));
#2443 = CARTESIAN_POINT('',(28.011325503356,11.245637583893,2.7));
#2444 = CARTESIAN_POINT('',(27.716862416107,11.245637583893,2.7));
#2445 = VECTOR('',#2446,1.);
#2446 = DIRECTION('',(-0.,-0.,-1.));
#2447 = ADVANCED_FACE('',(#2448),#2466,.F.);
#2448 = FACE_BOUND('',#2449,.F.);
#2449 = EDGE_LOOP('',(#2450,#2458,#2464,#2465));
#2450 = ORIENTED_EDGE('',*,*,#2451,.F.);
#2451 = EDGE_CURVE('',#2452,#2400,#2454,.T.);
#2452 = VERTEX_POINT('',#2453);
#2453 = CARTESIAN_POINT('',(26.644714765101,10.859060402685,2.7));
#2454 = LINE('',#2455,#2456);
#2455 = CARTESIAN_POINT('',(26.644714765101,10.859060402685,2.7));
#2456 = VECTOR('',#2457,1.);
#2457 = DIRECTION('',(0.,1.,0.));
#2458 = ORIENTED_EDGE('',*,*,#2459,.T.);
#2459 = EDGE_CURVE('',#2452,#366,#2460,.T.);
#2460 = LINE('',#2461,#2462);
#2461 = CARTESIAN_POINT('',(26.644714765101,10.859060402685,2.7));
#2462 = VECTOR('',#2463,1.);
#2463 = DIRECTION('',(0.,0.,1.));
#2464 = ORIENTED_EDGE('',*,*,#376,.F.);
#2465 = ORIENTED_EDGE('',*,*,#2407,.F.);
#2466 = PLANE('',#2467);
#2467 = AXIS2_PLACEMENT_3D('',#2468,#2469,#2470);
#2468 = CARTESIAN_POINT('',(26.644714765101,10.859060402685,2.7));
#2469 = DIRECTION('',(-1.,0.,0.));
#2470 = DIRECTION('',(0.,1.,0.));
#2471 = ADVANCED_FACE('',(#2472),#2490,.F.);
#2472 = FACE_BOUND('',#2473,.F.);
#2473 = EDGE_LOOP('',(#2474,#2482,#2483,#2484));
#2474 = ORIENTED_EDGE('',*,*,#2475,.F.);
#2475 = EDGE_CURVE('',#2426,#2476,#2478,.T.);
#2476 = VERTEX_POINT('',#2477);
#2477 = CARTESIAN_POINT('',(27.22105704698,11.148322147651,2.7));
#2478 = B_SPLINE_CURVE_WITH_KNOTS('',2,(#2479,#2480,#2481),
  .UNSPECIFIED.,.F.,.F.,(3,3),(0.,1.),.PIECEWISE_BEZIER_KNOTS.);
#2479 = CARTESIAN_POINT('',(27.716862416107,11.245637583893,2.7));
#2480 = CARTESIAN_POINT('',(27.490352348993,11.245637583893,2.7));
#2481 = CARTESIAN_POINT('',(27.22105704698,11.148322147651,2.7));
#2482 = ORIENTED_EDGE('',*,*,#2435,.T.);
#2483 = ORIENTED_EDGE('',*,*,#354,.F.);
#2484 = ORIENTED_EDGE('',*,*,#2485,.F.);
#2485 = EDGE_CURVE('',#2476,#355,#2486,.T.);
#2486 = LINE('',#2487,#2488);
#2487 = CARTESIAN_POINT('',(27.22105704698,11.148322147651,2.7));
#2488 = VECTOR('',#2489,1.);
#2489 = DIRECTION('',(0.,0.,1.));
#2490 = SURFACE_OF_LINEAR_EXTRUSION('',#2491,#2495);
#2491 = B_SPLINE_CURVE_WITH_KNOTS('',2,(#2492,#2493,#2494),
  .UNSPECIFIED.,.F.,.F.,(3,3),(0.,1.),.PIECEWISE_BEZIER_KNOTS.);
#2492 = CARTESIAN_POINT('',(27.716862416107,11.245637583893,2.7));
#2493 = CARTESIAN_POINT('',(27.490352348993,11.245637583893,2.7));
#2494 = CARTESIAN_POINT('',(27.22105704698,11.148322147651,2.7));
#2495 = VECTOR('',#2496,1.);
#2496 = DIRECTION('',(-0.,-0.,-1.));
#2497 = ADVANCED_FACE('',(#2498),#2509,.F.);
#2498 = FACE_BOUND('',#2499,.F.);
#2499 = EDGE_LOOP('',(#2500,#2506,#2507,#2508));
#2500 = ORIENTED_EDGE('',*,*,#2501,.F.);
#2501 = EDGE_CURVE('',#2476,#2452,#2502,.T.);
#2502 = B_SPLINE_CURVE_WITH_KNOTS('',2,(#2503,#2504,#2505),
  .UNSPECIFIED.,.F.,.F.,(3,3),(0.,1.),.PIECEWISE_BEZIER_KNOTS.);
#2503 = CARTESIAN_POINT('',(27.22105704698,11.148322147651,2.7));
#2504 = CARTESIAN_POINT('',(26.951761744966,11.051006711409,2.7));
#2505 = CARTESIAN_POINT('',(26.644714765101,10.859060402685,2.7));
#2506 = ORIENTED_EDGE('',*,*,#2485,.T.);
#2507 = ORIENTED_EDGE('',*,*,#365,.F.);
#2508 = ORIENTED_EDGE('',*,*,#2459,.F.);
#2509 = SURFACE_OF_LINEAR_EXTRUSION('',#2510,#2514);
#2510 = B_SPLINE_CURVE_WITH_KNOTS('',2,(#2511,#2512,#2513),
  .UNSPECIFIED.,.F.,.F.,(3,3),(0.,1.),.PIECEWISE_BEZIER_KNOTS.);
#2511 = CARTESIAN_POINT('',(27.22105704698,11.148322147651,2.7));
#2512 = CARTESIAN_POINT('',(26.951761744966,11.051006711409,2.7));
#2513 = CARTESIAN_POINT('',(26.644714765101,10.859060402685,2.7));
#2514 = VECTOR('',#2515,1.);
#2515 = DIRECTION('',(-0.,-0.,-1.));
#2516 = ADVANCED_FACE('',(#2517),#2542,.F.);
#2517 = FACE_BOUND('',#2518,.F.);
#2518 = EDGE_LOOP('',(#2519,#2529,#2535,#2536));
#2519 = ORIENTED_EDGE('',*,*,#2520,.F.);
#2520 = EDGE_CURVE('',#2521,#2523,#2525,.T.);
#2521 = VERTEX_POINT('',#2522);
#2522 = CARTESIAN_POINT('',(46.640520134228,10.149496644295,2.7));
#2523 = VERTEX_POINT('',#2524);
#2524 = CARTESIAN_POINT('',(47.218036912752,9.80855704698,2.7));
#2525 = B_SPLINE_CURVE_WITH_KNOTS('',2,(#2526,#2527,#2528),
  .UNSPECIFIED.,.F.,.F.,(3,3),(0.,1.),.PIECEWISE_BEZIER_KNOTS.);
#2526 = CARTESIAN_POINT('',(46.640520134228,10.149496644295,2.7));
#2527 = CARTESIAN_POINT('',(47.020553691275,10.051342281879,2.7));
#2528 = CARTESIAN_POINT('',(47.218036912752,9.80855704698,2.7));
#2529 = ORIENTED_EDGE('',*,*,#2530,.T.);
#2530 = EDGE_CURVE('',#2521,#480,#2531,.T.);
#2531 = LINE('',#2532,#2533);
#2532 = CARTESIAN_POINT('',(46.640520134228,10.149496644295,2.7));
#2533 = VECTOR('',#2534,1.);
#2534 = DIRECTION('',(0.,0.,1.));
#2535 = ORIENTED_EDGE('',*,*,#477,.F.);
#2536 = ORIENTED_EDGE('',*,*,#2537,.F.);
#2537 = EDGE_CURVE('',#2523,#478,#2538,.T.);
#2538 = LINE('',#2539,#2540);
#2539 = CARTESIAN_POINT('',(47.218036912752,9.80855704698,2.7));
#2540 = VECTOR('',#2541,1.);
#2541 = DIRECTION('',(0.,0.,1.));
#2542 = SURFACE_OF_LINEAR_EXTRUSION('',#2543,#2547);
#2543 = B_SPLINE_CURVE_WITH_KNOTS('',2,(#2544,#2545,#2546),
  .UNSPECIFIED.,.F.,.F.,(3,3),(0.,1.),.PIECEWISE_BEZIER_KNOTS.);
#2544 = CARTESIAN_POINT('',(46.640520134228,10.149496644295,2.7));
#2545 = CARTESIAN_POINT('',(47.020553691275,10.051342281879,2.7));
#2546 = CARTESIAN_POINT('',(47.218036912752,9.80855704698,2.7));
#2547 = VECTOR('',#2548,1.);
#2548 = DIRECTION('',(-0.,-0.,-1.));
#2549 = ADVANCED_FACE('',(#2550),#2568,.F.);
#2550 = FACE_BOUND('',#2551,.F.);
#2551 = EDGE_LOOP('',(#2552,#2560,#2561,#2562));
#2552 = ORIENTED_EDGE('',*,*,#2553,.F.);
#2553 = EDGE_CURVE('',#2523,#2554,#2556,.T.);
#2554 = VERTEX_POINT('',#2555);
#2555 = CARTESIAN_POINT('',(47.415687919463,9.190771812081,2.7));
#2556 = B_SPLINE_CURVE_WITH_KNOTS('',2,(#2557,#2558,#2559),
  .UNSPECIFIED.,.F.,.F.,(3,3),(0.,1.),.PIECEWISE_BEZIER_KNOTS.);
#2557 = CARTESIAN_POINT('',(47.218036912752,9.80855704698,2.7));
#2558 = CARTESIAN_POINT('',(47.415687919463,9.565771812081,2.7));
#2559 = CARTESIAN_POINT('',(47.415687919463,9.190771812081,2.7));
#2560 = ORIENTED_EDGE('',*,*,#2537,.T.);
#2561 = ORIENTED_EDGE('',*,*,#494,.F.);
#2562 = ORIENTED_EDGE('',*,*,#2563,.F.);
#2563 = EDGE_CURVE('',#2554,#495,#2564,.T.);
#2564 = LINE('',#2565,#2566);
#2565 = CARTESIAN_POINT('',(47.415687919463,9.190771812081,2.7));
#2566 = VECTOR('',#2567,1.);
#2567 = DIRECTION('',(0.,0.,1.));
#2568 = SURFACE_OF_LINEAR_EXTRUSION('',#2569,#2573);
#2569 = B_SPLINE_CURVE_WITH_KNOTS('',2,(#2570,#2571,#2572),
  .UNSPECIFIED.,.F.,.F.,(3,3),(0.,1.),.PIECEWISE_BEZIER_KNOTS.);
#2570 = CARTESIAN_POINT('',(47.218036912752,9.80855704698,2.7));
#2571 = CARTESIAN_POINT('',(47.415687919463,9.565771812081,2.7));
#2572 = CARTESIAN_POINT('',(47.415687919463,9.190771812081,2.7));
#2573 = VECTOR('',#2574,1.);
#2574 = DIRECTION('',(-0.,-0.,-1.));
#2575 = ADVANCED_FACE('',(#2576),#2594,.F.);
#2576 = FACE_BOUND('',#2577,.F.);
#2577 = EDGE_LOOP('',(#2578,#2586,#2592,#2593));
#2578 = ORIENTED_EDGE('',*,*,#2579,.F.);
#2579 = EDGE_CURVE('',#2580,#2521,#2582,.T.);
#2580 = VERTEX_POINT('',#2581);
#2581 = CARTESIAN_POINT('',(47.15394295302,10.445134228188,2.7));
#2582 = B_SPLINE_CURVE_WITH_KNOTS('',2,(#2583,#2584,#2585),
  .UNSPECIFIED.,.F.,.F.,(3,3),(0.,1.),.PIECEWISE_BEZIER_KNOTS.);
#2583 = CARTESIAN_POINT('',(47.15394295302,10.445134228188,2.7));
#2584 = CARTESIAN_POINT('',(46.980285234899,10.235067114094,2.7));
#2585 = CARTESIAN_POINT('',(46.640520134228,10.149496644295,2.7));
#2586 = ORIENTED_EDGE('',*,*,#2587,.T.);
#2587 = EDGE_CURVE('',#2580,#814,#2588,.T.);
#2588 = LINE('',#2589,#2590);
#2589 = CARTESIAN_POINT('',(47.15394295302,10.445134228188,2.7));
#2590 = VECTOR('',#2591,1.);
#2591 = DIRECTION('',(0.,0.,1.));
#2592 = ORIENTED_EDGE('',*,*,#828,.F.);
#2593 = ORIENTED_EDGE('',*,*,#2530,.F.);
#2594 = SURFACE_OF_LINEAR_EXTRUSION('',#2595,#2599);
#2595 = B_SPLINE_CURVE_WITH_KNOTS('',2,(#2596,#2597,#2598),
  .UNSPECIFIED.,.F.,.F.,(3,3),(0.,1.),.PIECEWISE_BEZIER_KNOTS.);
#2596 = CARTESIAN_POINT('',(47.15394295302,10.445134228188,2.7));
#2597 = CARTESIAN_POINT('',(46.980285234899,10.235067114094,2.7));
#2598 = CARTESIAN_POINT('',(46.640520134228,10.149496644295,2.7));
#2599 = VECTOR('',#2600,1.);
#2600 = DIRECTION('',(-0.,-0.,-1.));
#2601 = ADVANCED_FACE('',(#2602),#2620,.F.);
#2602 = FACE_BOUND('',#2603,.F.);
#2603 = EDGE_LOOP('',(#2604,#2612,#2613,#2614));
#2604 = ORIENTED_EDGE('',*,*,#2605,.F.);
#2605 = EDGE_CURVE('',#2554,#2606,#2608,.T.);
#2606 = VERTEX_POINT('',#2607);
#2607 = CARTESIAN_POINT('',(46.98783557047,8.341610738255,2.7));
#2608 = B_SPLINE_CURVE_WITH_KNOTS('',2,(#2609,#2610,#2611),
  .UNSPECIFIED.,.F.,.F.,(3,3),(0.,1.),.PIECEWISE_BEZIER_KNOTS.);
#2609 = CARTESIAN_POINT('',(47.415687919463,9.190771812081,2.7));
#2610 = CARTESIAN_POINT('',(47.415687919463,8.632214765101,2.7));
#2611 = CARTESIAN_POINT('',(46.98783557047,8.341610738255,2.7));
#2612 = ORIENTED_EDGE('',*,*,#2563,.T.);
#2613 = ORIENTED_EDGE('',*,*,#511,.F.);
#2614 = ORIENTED_EDGE('',*,*,#2615,.F.);
#2615 = EDGE_CURVE('',#2606,#512,#2616,.T.);
#2616 = LINE('',#2617,#2618);
#2617 = CARTESIAN_POINT('',(46.98783557047,8.341610738255,2.7));
#2618 = VECTOR('',#2619,1.);
#2619 = DIRECTION('',(0.,0.,1.));
#2620 = SURFACE_OF_LINEAR_EXTRUSION('',#2621,#2625);
#2621 = B_SPLINE_CURVE_WITH_KNOTS('',2,(#2622,#2623,#2624),
  .UNSPECIFIED.,.F.,.F.,(3,3),(0.,1.),.PIECEWISE_BEZIER_KNOTS.);
#2622 = CARTESIAN_POINT('',(47.415687919463,9.190771812081,2.7));
#2623 = CARTESIAN_POINT('',(47.415687919463,8.632214765101,2.7));
#2624 = CARTESIAN_POINT('',(46.98783557047,8.341610738255,2.7));
#2625 = VECTOR('',#2626,1.);
#2626 = DIRECTION('',(-0.,-0.,-1.));
#2627 = ADVANCED_FACE('',(#2628),#2646,.F.);
#2628 = FACE_BOUND('',#2629,.F.);
#2629 = EDGE_LOOP('',(#2630,#2638,#2644,#2645));
#2630 = ORIENTED_EDGE('',*,*,#2631,.F.);
#2631 = EDGE_CURVE('',#2632,#2580,#2634,.T.);
#2632 = VERTEX_POINT('',#2633);
#2633 = CARTESIAN_POINT('',(47.327600671141,10.985067114094,2.7));
#2634 = B_SPLINE_CURVE_WITH_KNOTS('',2,(#2635,#2636,#2637),
  .UNSPECIFIED.,.F.,.F.,(3,3),(0.,1.),.PIECEWISE_BEZIER_KNOTS.);
#2635 = CARTESIAN_POINT('',(47.327600671141,10.985067114094,2.7));
#2636 = CARTESIAN_POINT('',(47.327600671141,10.655369127517,2.7));
#2637 = CARTESIAN_POINT('',(47.15394295302,10.445134228188,2.7));
#2638 = ORIENTED_EDGE('',*,*,#2639,.T.);
#2639 = EDGE_CURVE('',#2632,#795,#2640,.T.);
#2640 = LINE('',#2641,#2642);
#2641 = CARTESIAN_POINT('',(47.327600671141,10.985067114094,2.7));
#2642 = VECTOR('',#2643,1.);
#2643 = DIRECTION('',(0.,0.,1.));
#2644 = ORIENTED_EDGE('',*,*,#813,.F.);
#2645 = ORIENTED_EDGE('',*,*,#2587,.F.);
#2646 = SURFACE_OF_LINEAR_EXTRUSION('',#2647,#2651);
#2647 = B_SPLINE_CURVE_WITH_KNOTS('',2,(#2648,#2649,#2650),
  .UNSPECIFIED.,.F.,.F.,(3,3),(0.,1.),.PIECEWISE_BEZIER_KNOTS.);
#2648 = CARTESIAN_POINT('',(47.327600671141,10.985067114094,2.7));
#2649 = CARTESIAN_POINT('',(47.327600671141,10.655369127517,2.7));
#2650 = CARTESIAN_POINT('',(47.15394295302,10.445134228188,2.7));
#2651 = VECTOR('',#2652,1.);
#2652 = DIRECTION('',(-0.,-0.,-1.));
#2653 = ADVANCED_FACE('',(#2654),#2672,.F.);
#2654 = FACE_BOUND('',#2655,.F.);
#2655 = EDGE_LOOP('',(#2656,#2664,#2665,#2666));
#2656 = ORIENTED_EDGE('',*,*,#2657,.F.);
#2657 = EDGE_CURVE('',#2606,#2658,#2660,.T.);
#2658 = VERTEX_POINT('',#2659);
#2659 = CARTESIAN_POINT('',(45.739513422819,8.051006711409,2.7));
#2660 = B_SPLINE_CURVE_WITH_KNOTS('',2,(#2661,#2662,#2663),
  .UNSPECIFIED.,.F.,.F.,(3,3),(0.,1.),.PIECEWISE_BEZIER_KNOTS.);
#2661 = CARTESIAN_POINT('',(46.98783557047,8.341610738255,2.7));
#2662 = CARTESIAN_POINT('',(46.559983221477,8.051006711409,2.7));
#2663 = CARTESIAN_POINT('',(45.739513422819,8.051006711409,2.7));
#2664 = ORIENTED_EDGE('',*,*,#2615,.T.);
#2665 = ORIENTED_EDGE('',*,*,#530,.F.);
#2666 = ORIENTED_EDGE('',*,*,#2667,.F.);
#2667 = EDGE_CURVE('',#2658,#531,#2668,.T.);
#2668 = LINE('',#2669,#2670);
#2669 = CARTESIAN_POINT('',(45.739513422819,8.051006711409,2.7));
#2670 = VECTOR('',#2671,1.);
#2671 = DIRECTION('',(0.,0.,1.));
#2672 = SURFACE_OF_LINEAR_EXTRUSION('',#2673,#2677);
#2673 = B_SPLINE_CURVE_WITH_KNOTS('',2,(#2674,#2675,#2676),
  .UNSPECIFIED.,.F.,.F.,(3,3),(0.,1.),.PIECEWISE_BEZIER_KNOTS.);
#2674 = CARTESIAN_POINT('',(46.98783557047,8.341610738255,2.7));
#2675 = CARTESIAN_POINT('',(46.559983221477,8.051006711409,2.7));
#2676 = CARTESIAN_POINT('',(45.739513422819,8.051006711409,2.7));
#2677 = VECTOR('',#2678,1.);
#2678 = DIRECTION('',(-0.,-0.,-1.));
#2679 = ADVANCED_FACE('',(#2680),#2698,.F.);
#2680 = FACE_BOUND('',#2681,.F.);
#2681 = EDGE_LOOP('',(#2682,#2690,#2696,#2697));
#2682 = ORIENTED_EDGE('',*,*,#2683,.F.);
#2683 = EDGE_CURVE('',#2684,#2632,#2686,.T.);
#2684 = VERTEX_POINT('',#2685);
#2685 = CARTESIAN_POINT('',(46.963842281879,11.70855704698,2.7));
#2686 = B_SPLINE_CURVE_WITH_KNOTS('',2,(#2687,#2688,#2689),
  .UNSPECIFIED.,.F.,.F.,(3,3),(0.,1.),.PIECEWISE_BEZIER_KNOTS.);
#2687 = CARTESIAN_POINT('',(46.963842281879,11.70855704698,2.7));
#2688 = CARTESIAN_POINT('',(47.327600671141,11.468288590604,2.7));
#2689 = CARTESIAN_POINT('',(47.327600671141,10.985067114094,2.7));
#2690 = ORIENTED_EDGE('',*,*,#2691,.T.);
#2691 = EDGE_CURVE('',#2684,#778,#2692,.T.);
#2692 = LINE('',#2693,#2694);
#2693 = CARTESIAN_POINT('',(46.963842281879,11.70855704698,2.7));
#2694 = VECTOR('',#2695,1.);
#2695 = DIRECTION('',(0.,0.,1.));
#2696 = ORIENTED_EDGE('',*,*,#794,.F.);
#2697 = ORIENTED_EDGE('',*,*,#2639,.F.);
#2698 = SURFACE_OF_LINEAR_EXTRUSION('',#2699,#2703);
#2699 = B_SPLINE_CURVE_WITH_KNOTS('',2,(#2700,#2701,#2702),
  .UNSPECIFIED.,.F.,.F.,(3,3),(0.,1.),.PIECEWISE_BEZIER_KNOTS.);
#2700 = CARTESIAN_POINT('',(46.963842281879,11.70855704698,2.7));
#2701 = CARTESIAN_POINT('',(47.327600671141,11.468288590604,2.7));
#2702 = CARTESIAN_POINT('',(47.327600671141,10.985067114094,2.7));
#2703 = VECTOR('',#2704,1.);
#2704 = DIRECTION('',(-0.,-0.,-1.));
#2705 = ADVANCED_FACE('',(#2706),#2724,.F.);
#2706 = FACE_BOUND('',#2707,.F.);
#2707 = EDGE_LOOP('',(#2708,#2716,#2717,#2718));
#2708 = ORIENTED_EDGE('',*,*,#2709,.F.);
#2709 = EDGE_CURVE('',#2658,#2710,#2712,.T.);
#2710 = VERTEX_POINT('',#2711);
#2711 = CARTESIAN_POINT('',(45.159312080537,8.096644295302,2.7));
#2712 = B_SPLINE_CURVE_WITH_KNOTS('',2,(#2713,#2714,#2715),
  .UNSPECIFIED.,.F.,.F.,(3,3),(0.,1.),.PIECEWISE_BEZIER_KNOTS.);
#2713 = CARTESIAN_POINT('',(45.739513422819,8.051006711409,2.7));
#2714 = CARTESIAN_POINT('',(45.450083892617,8.051006711409,2.7));
#2715 = CARTESIAN_POINT('',(45.159312080537,8.096644295302,2.7));
#2716 = ORIENTED_EDGE('',*,*,#2667,.T.);
#2717 = ORIENTED_EDGE('',*,*,#547,.F.);
#2718 = ORIENTED_EDGE('',*,*,#2719,.F.);
#2719 = EDGE_CURVE('',#2710,#548,#2720,.T.);
#2720 = LINE('',#2721,#2722);
#2721 = CARTESIAN_POINT('',(45.159312080537,8.096644295302,2.7));
#2722 = VECTOR('',#2723,1.);
#2723 = DIRECTION('',(0.,0.,1.));
#2724 = SURFACE_OF_LINEAR_EXTRUSION('',#2725,#2729);
#2725 = B_SPLINE_CURVE_WITH_KNOTS('',2,(#2726,#2727,#2728),
  .UNSPECIFIED.,.F.,.F.,(3,3),(0.,1.),.PIECEWISE_BEZIER_KNOTS.);
#2726 = CARTESIAN_POINT('',(45.739513422819,8.051006711409,2.7));
#2727 = CARTESIAN_POINT('',(45.450083892617,8.051006711409,2.7));
#2728 = CARTESIAN_POINT('',(45.159312080537,8.096644295302,2.7));
#2729 = VECTOR('',#2730,1.);
#2730 = DIRECTION('',(-0.,-0.,-1.));
#2731 = ADVANCED_FACE('',(#2732),#2750,.F.);
#2732 = FACE_BOUND('',#2733,.F.);
#2733 = EDGE_LOOP('',(#2734,#2742,#2748,#2749));
#2734 = ORIENTED_EDGE('',*,*,#2735,.F.);
#2735 = EDGE_CURVE('',#2736,#2684,#2738,.T.);
#2736 = VERTEX_POINT('',#2737);
#2737 = CARTESIAN_POINT('',(45.867869127517,11.948993288591,2.7));
#2738 = B_SPLINE_CURVE_WITH_KNOTS('',2,(#2739,#2740,#2741),
  .UNSPECIFIED.,.F.,.F.,(3,3),(0.,1.),.PIECEWISE_BEZIER_KNOTS.);
#2739 = CARTESIAN_POINT('',(45.867869127517,11.948993288591,2.7));
#2740 = CARTESIAN_POINT('',(46.600251677852,11.948993288591,2.7));
#2741 = CARTESIAN_POINT('',(46.963842281879,11.70855704698,2.7));
#2742 = ORIENTED_EDGE('',*,*,#2743,.T.);
#2743 = EDGE_CURVE('',#2736,#768,#2744,.T.);
#2744 = LINE('',#2745,#2746);
#2745 = CARTESIAN_POINT('',(45.867869127517,11.948993288591,2.7));
#2746 = VECTOR('',#2747,1.);
#2747 = DIRECTION('',(0.,0.,1.));
#2748 = ORIENTED_EDGE('',*,*,#777,.F.);
#2749 = ORIENTED_EDGE('',*,*,#2691,.F.);
#2750 = SURFACE_OF_LINEAR_EXTRUSION('',#2751,#2755);
#2751 = B_SPLINE_CURVE_WITH_KNOTS('',2,(#2752,#2753,#2754),
  .UNSPECIFIED.,.F.,.F.,(3,3),(0.,1.),.PIECEWISE_BEZIER_KNOTS.);
#2752 = CARTESIAN_POINT('',(45.867869127517,11.948993288591,2.7));
#2753 = CARTESIAN_POINT('',(46.600251677852,11.948993288591,2.7));
#2754 = CARTESIAN_POINT('',(46.963842281879,11.70855704698,2.7));
#2755 = VECTOR('',#2756,1.);
#2756 = DIRECTION('',(-0.,-0.,-1.));
#2757 = ADVANCED_FACE('',(#2758),#2776,.F.);
#2758 = FACE_BOUND('',#2759,.F.);
#2759 = EDGE_LOOP('',(#2760,#2768,#2769,#2770));
#2760 = ORIENTED_EDGE('',*,*,#2761,.F.);
#2761 = EDGE_CURVE('',#2710,#2762,#2764,.T.);
#2762 = VERTEX_POINT('',#2763);
#2763 = CARTESIAN_POINT('',(44.584312080537,8.23355704698,2.7));
#2764 = B_SPLINE_CURVE_WITH_KNOTS('',2,(#2765,#2766,#2767),
  .UNSPECIFIED.,.F.,.F.,(3,3),(0.,1.),.PIECEWISE_BEZIER_KNOTS.);
#2765 = CARTESIAN_POINT('',(45.159312080537,8.096644295302,2.7));
#2766 = CARTESIAN_POINT('',(44.868708053691,8.142281879195,2.7));
#2767 = CARTESIAN_POINT('',(44.584312080537,8.23355704698,2.7));
#2768 = ORIENTED_EDGE('',*,*,#2719,.T.);
#2769 = ORIENTED_EDGE('',*,*,#557,.F.);
#2770 = ORIENTED_EDGE('',*,*,#2771,.F.);
#2771 = EDGE_CURVE('',#2762,#558,#2772,.T.);
#2772 = LINE('',#2773,#2774);
#2773 = CARTESIAN_POINT('',(44.584312080537,8.23355704698,2.7));
#2774 = VECTOR('',#2775,1.);
#2775 = DIRECTION('',(0.,0.,1.));
#2776 = SURFACE_OF_LINEAR_EXTRUSION('',#2777,#2781);
#2777 = B_SPLINE_CURVE_WITH_KNOTS('',2,(#2778,#2779,#2780),
  .UNSPECIFIED.,.F.,.F.,(3,3),(0.,1.),.PIECEWISE_BEZIER_KNOTS.);
#2778 = CARTESIAN_POINT('',(45.159312080537,8.096644295302,2.7));
#2779 = CARTESIAN_POINT('',(44.868708053691,8.142281879195,2.7));
#2780 = CARTESIAN_POINT('',(44.584312080537,8.23355704698,2.7));
#2781 = VECTOR('',#2782,1.);
#2782 = DIRECTION('',(-0.,-0.,-1.));
#2783 = ADVANCED_FACE('',(#2784),#2802,.F.);
#2784 = FACE_BOUND('',#2785,.F.);
#2785 = EDGE_LOOP('',(#2786,#2794,#2800,#2801));
#2786 = ORIENTED_EDGE('',*,*,#2787,.F.);
#2787 = EDGE_CURVE('',#2788,#2736,#2790,.T.);
#2788 = VERTEX_POINT('',#2789);
#2789 = CARTESIAN_POINT('',(45.314177852349,11.908724832215,2.7));
#2790 = B_SPLINE_CURVE_WITH_KNOTS('',2,(#2791,#2792,#2793),
  .UNSPECIFIED.,.F.,.F.,(3,3),(0.,1.),.PIECEWISE_BEZIER_KNOTS.);
#2791 = CARTESIAN_POINT('',(45.314177852349,11.908724832215,2.7));
#2792 = CARTESIAN_POINT('',(45.59605704698,11.948993288591,2.7));
#2793 = CARTESIAN_POINT('',(45.867869127517,11.948993288591,2.7));
#2794 = ORIENTED_EDGE('',*,*,#2795,.T.);
#2795 = EDGE_CURVE('',#2788,#758,#2796,.T.);
#2796 = LINE('',#2797,#2798);
#2797 = CARTESIAN_POINT('',(45.314177852349,11.908724832215,2.7));
#2798 = VECTOR('',#2799,1.);
#2799 = DIRECTION('',(0.,0.,1.));
#2800 = ORIENTED_EDGE('',*,*,#767,.F.);
#2801 = ORIENTED_EDGE('',*,*,#2743,.F.);
#2802 = SURFACE_OF_LINEAR_EXTRUSION('',#2803,#2807);
#2803 = B_SPLINE_CURVE_WITH_KNOTS('',2,(#2804,#2805,#2806),
  .UNSPECIFIED.,.F.,.F.,(3,3),(0.,1.),.PIECEWISE_BEZIER_KNOTS.);
#2804 = CARTESIAN_POINT('',(45.314177852349,11.908724832215,2.7));
#2805 = CARTESIAN_POINT('',(45.59605704698,11.948993288591,2.7));
#2806 = CARTESIAN_POINT('',(45.867869127517,11.948993288591,2.7));
#2807 = VECTOR('',#2808,1.);
#2808 = DIRECTION('',(-0.,-0.,-1.));
#2809 = ADVANCED_FACE('',(#2810),#2828,.F.);
#2810 = FACE_BOUND('',#2811,.F.);
#2811 = EDGE_LOOP('',(#2812,#2820,#2821,#2822));
#2812 = ORIENTED_EDGE('',*,*,#2813,.F.);
#2813 = EDGE_CURVE('',#2762,#2814,#2816,.T.);
#2814 = VERTEX_POINT('',#2815);
#2815 = CARTESIAN_POINT('',(44.584312080537,8.985234899329,2.7));
#2816 = LINE('',#2817,#2818);
#2817 = CARTESIAN_POINT('',(44.584312080537,8.23355704698,2.7));
#2818 = VECTOR('',#2819,1.);
#2819 = DIRECTION('',(0.,1.,0.));
#2820 = ORIENTED_EDGE('',*,*,#2771,.T.);
#2821 = ORIENTED_EDGE('',*,*,#567,.F.);
#2822 = ORIENTED_EDGE('',*,*,#2823,.F.);
#2823 = EDGE_CURVE('',#2814,#568,#2824,.T.);
#2824 = LINE('',#2825,#2826);
#2825 = CARTESIAN_POINT('',(44.584312080537,8.985234899329,2.7));
#2826 = VECTOR('',#2827,1.);
#2827 = DIRECTION('',(0.,0.,1.));
#2828 = PLANE('',#2829);
#2829 = AXIS2_PLACEMENT_3D('',#2830,#2831,#2832);
#2830 = CARTESIAN_POINT('',(44.584312080537,8.23355704698,2.7));
#2831 = DIRECTION('',(-1.,0.,0.));
#2832 = DIRECTION('',(0.,1.,0.));
#2833 = ADVANCED_FACE('',(#2834),#2852,.F.);
#2834 = FACE_BOUND('',#2835,.F.);
#2835 = EDGE_LOOP('',(#2836,#2844,#2850,#2851));
#2836 = ORIENTED_EDGE('',*,*,#2837,.F.);
#2837 = EDGE_CURVE('',#2838,#2788,#2840,.T.);
#2838 = VERTEX_POINT('',#2839);
#2839 = CARTESIAN_POINT('',(44.74538590604,11.787919463087,2.7));
#2840 = B_SPLINE_CURVE_WITH_KNOTS('',2,(#2841,#2842,#2843),
  .UNSPECIFIED.,.F.,.F.,(3,3),(0.,1.),.PIECEWISE_BEZIER_KNOTS.);
#2841 = CARTESIAN_POINT('',(44.74538590604,11.787919463087,2.7));
#2842 = CARTESIAN_POINT('',(45.032298657718,11.868456375839,2.7));
#2843 = CARTESIAN_POINT('',(45.314177852349,11.908724832215,2.7));
#2844 = ORIENTED_EDGE('',*,*,#2845,.T.);
#2845 = EDGE_CURVE('',#2838,#750,#2846,.T.);
#2846 = LINE('',#2847,#2848);
#2847 = CARTESIAN_POINT('',(44.74538590604,11.787919463087,2.7));
#2848 = VECTOR('',#2849,1.);
#2849 = DIRECTION('',(0.,0.,1.));
#2850 = ORIENTED_EDGE('',*,*,#757,.F.);
#2851 = ORIENTED_EDGE('',*,*,#2795,.F.);
#2852 = SURFACE_OF_LINEAR_EXTRUSION('',#2853,#2857);
#2853 = B_SPLINE_CURVE_WITH_KNOTS('',2,(#2854,#2855,#2856),
  .UNSPECIFIED.,.F.,.F.,(3,3),(0.,1.),.PIECEWISE_BEZIER_KNOTS.);
#2854 = CARTESIAN_POINT('',(44.74538590604,11.787919463087,2.7));
#2855 = CARTESIAN_POINT('',(45.032298657718,11.868456375839,2.7));
#2856 = CARTESIAN_POINT('',(45.314177852349,11.908724832215,2.7));
#2857 = VECTOR('',#2858,1.);
#2858 = DIRECTION('',(-0.,-0.,-1.));
#2859 = ADVANCED_FACE('',(#2860),#2878,.F.);
#2860 = FACE_BOUND('',#2861,.F.);
#2861 = EDGE_LOOP('',(#2862,#2870,#2871,#2872));
#2862 = ORIENTED_EDGE('',*,*,#2863,.F.);
#2863 = EDGE_CURVE('',#2814,#2864,#2866,.T.);
#2864 = VERTEX_POINT('',#2865);
#2865 = CARTESIAN_POINT('',(45.124077181208,8.776510067114,2.7));
#2866 = B_SPLINE_CURVE_WITH_KNOTS('',2,(#2867,#2868,#2869),
  .UNSPECIFIED.,.F.,.F.,(3,3),(0.,1.),.PIECEWISE_BEZIER_KNOTS.);
#2867 = CARTESIAN_POINT('',(44.584312080537,8.985234899329,2.7));
#2868 = CARTESIAN_POINT('',(44.856124161074,8.846979865772,2.7));
#2869 = CARTESIAN_POINT('',(45.124077181208,8.776510067114,2.7));
#2870 = ORIENTED_EDGE('',*,*,#2823,.T.);
#2871 = ORIENTED_EDGE('',*,*,#575,.F.);
#2872 = ORIENTED_EDGE('',*,*,#2873,.F.);
#2873 = EDGE_CURVE('',#2864,#576,#2874,.T.);
#2874 = LINE('',#2875,#2876);
#2875 = CARTESIAN_POINT('',(45.124077181208,8.776510067114,2.7));
#2876 = VECTOR('',#2877,1.);
#2877 = DIRECTION('',(0.,0.,1.));
#2878 = SURFACE_OF_LINEAR_EXTRUSION('',#2879,#2883);
#2879 = B_SPLINE_CURVE_WITH_KNOTS('',2,(#2880,#2881,#2882),
  .UNSPECIFIED.,.F.,.F.,(3,3),(0.,1.),.PIECEWISE_BEZIER_KNOTS.);
#2880 = CARTESIAN_POINT('',(44.584312080537,8.985234899329,2.7));
#2881 = CARTESIAN_POINT('',(44.856124161074,8.846979865772,2.7));
#2882 = CARTESIAN_POINT('',(45.124077181208,8.776510067114,2.7));
#2883 = VECTOR('',#2884,1.);
#2884 = DIRECTION('',(-0.,-0.,-1.));
#2885 = ADVANCED_FACE('',(#2886),#2904,.F.);
#2886 = FACE_BOUND('',#2887,.F.);
#2887 = EDGE_LOOP('',(#2888,#2896,#2902,#2903));
#2888 = ORIENTED_EDGE('',*,*,#2889,.F.);
#2889 = EDGE_CURVE('',#2890,#2838,#2892,.T.);
#2890 = VERTEX_POINT('',#2891);
#2891 = CARTESIAN_POINT('',(44.74538590604,11.079194630872,2.7));
#2892 = LINE('',#2893,#2894);
#2893 = CARTESIAN_POINT('',(44.74538590604,11.079194630872,2.7));
#2894 = VECTOR('',#2895,1.);
#2895 = DIRECTION('',(0.,1.,0.));
#2896 = ORIENTED_EDGE('',*,*,#2897,.T.);
#2897 = EDGE_CURVE('',#2890,#740,#2898,.T.);
#2898 = LINE('',#2899,#2900);
#2899 = CARTESIAN_POINT('',(44.74538590604,11.079194630872,2.7));
#2900 = VECTOR('',#2901,1.);
#2901 = DIRECTION('',(0.,0.,1.));
#2902 = ORIENTED_EDGE('',*,*,#749,.F.);
#2903 = ORIENTED_EDGE('',*,*,#2845,.F.);
#2904 = PLANE('',#2905);
#2905 = AXIS2_PLACEMENT_3D('',#2906,#2907,#2908);
#2906 = CARTESIAN_POINT('',(44.74538590604,11.079194630872,2.7));
#2907 = DIRECTION('',(-1.,0.,0.));
#2908 = DIRECTION('',(0.,1.,0.));
#2909 = ADVANCED_FACE('',(#2910),#2928,.F.);
#2910 = FACE_BOUND('',#2911,.F.);
#2911 = EDGE_LOOP('',(#2912,#2920,#2921,#2922));
#2912 = ORIENTED_EDGE('',*,*,#2913,.F.);
#2913 = EDGE_CURVE('',#2864,#2914,#2916,.T.);
#2914 = VERTEX_POINT('',#2915);
#2915 = CARTESIAN_POINT('',(45.651426174497,8.706040268456,2.7));
#2916 = B_SPLINE_CURVE_WITH_KNOTS('',2,(#2917,#2918,#2919),
  .UNSPECIFIED.,.F.,.F.,(3,3),(0.,1.),.PIECEWISE_BEZIER_KNOTS.);
#2917 = CARTESIAN_POINT('',(45.124077181208,8.776510067114,2.7));
#2918 = CARTESIAN_POINT('',(45.392197986577,8.706040268456,2.7));
#2919 = CARTESIAN_POINT('',(45.651426174497,8.706040268456,2.7));
#2920 = ORIENTED_EDGE('',*,*,#2873,.T.);
#2921 = ORIENTED_EDGE('',*,*,#586,.F.);
#2922 = ORIENTED_EDGE('',*,*,#2923,.F.);
#2923 = EDGE_CURVE('',#2914,#587,#2924,.T.);
#2924 = LINE('',#2925,#2926);
#2925 = CARTESIAN_POINT('',(45.651426174497,8.706040268456,2.7));
#2926 = VECTOR('',#2927,1.);
#2927 = DIRECTION('',(0.,0.,1.));
#2928 = SURFACE_OF_LINEAR_EXTRUSION('',#2929,#2933);
#2929 = B_SPLINE_CURVE_WITH_KNOTS('',2,(#2930,#2931,#2932),
  .UNSPECIFIED.,.F.,.F.,(3,3),(0.,1.),.PIECEWISE_BEZIER_KNOTS.);
#2930 = CARTESIAN_POINT('',(45.124077181208,8.776510067114,2.7));
#2931 = CARTESIAN_POINT('',(45.392197986577,8.706040268456,2.7));
#2932 = CARTESIAN_POINT('',(45.651426174497,8.706040268456,2.7));
#2933 = VECTOR('',#2934,1.);
#2934 = DIRECTION('',(-0.,-0.,-1.));
#2935 = ADVANCED_FACE('',(#2936),#2954,.F.);
#2936 = FACE_BOUND('',#2937,.F.);
#2937 = EDGE_LOOP('',(#2938,#2946,#2952,#2953));
#2938 = ORIENTED_EDGE('',*,*,#2939,.F.);
#2939 = EDGE_CURVE('',#2940,#2890,#2942,.T.);
#2940 = VERTEX_POINT('',#2941);
#2941 = CARTESIAN_POINT('',(45.22105704698,11.231543624161,2.7));
#2942 = B_SPLINE_CURVE_WITH_KNOTS('',2,(#2943,#2944,#2945),
  .UNSPECIFIED.,.F.,.F.,(3,3),(0.,1.),.PIECEWISE_BEZIER_KNOTS.);
#2943 = CARTESIAN_POINT('',(45.22105704698,11.231543624161,2.7));
#2944 = CARTESIAN_POINT('',(44.981963087248,11.180033557047,2.7));
#2945 = CARTESIAN_POINT('',(44.74538590604,11.079194630872,2.7));
#2946 = ORIENTED_EDGE('',*,*,#2947,.T.);
#2947 = EDGE_CURVE('',#2940,#730,#2948,.T.);
#2948 = LINE('',#2949,#2950);
#2949 = CARTESIAN_POINT('',(45.22105704698,11.231543624161,2.7));
#2950 = VECTOR('',#2951,1.);
#2951 = DIRECTION('',(0.,0.,1.));
#2952 = ORIENTED_EDGE('',*,*,#739,.F.);
#2953 = ORIENTED_EDGE('',*,*,#2897,.F.);
#2954 = SURFACE_OF_LINEAR_EXTRUSION('',#2955,#2959);
#2955 = B_SPLINE_CURVE_WITH_KNOTS('',2,(#2956,#2957,#2958),
  .UNSPECIFIED.,.F.,.F.,(3,3),(0.,1.),.PIECEWISE_BEZIER_KNOTS.);
#2956 = CARTESIAN_POINT('',(45.22105704698,11.231543624161,2.7));
#2957 = CARTESIAN_POINT('',(44.981963087248,11.180033557047,2.7));
#2958 = CARTESIAN_POINT('',(44.74538590604,11.079194630872,2.7));
#2959 = VECTOR('',#2960,1.);
#2960 = DIRECTION('',(-0.,-0.,-1.));
#2961 = ADVANCED_FACE('',(#2962),#2980,.F.);
#2962 = FACE_BOUND('',#2963,.F.);
#2963 = EDGE_LOOP('',(#2964,#2972,#2973,#2974));
#2964 = ORIENTED_EDGE('',*,*,#2965,.F.);
#2965 = EDGE_CURVE('',#2914,#2966,#2968,.T.);
#2966 = VERTEX_POINT('',#2967);
#2967 = CARTESIAN_POINT('',(46.241526845638,8.839932885906,2.7));
#2968 = B_SPLINE_CURVE_WITH_KNOTS('',2,(#2969,#2970,#2971),
  .UNSPECIFIED.,.F.,.F.,(3,3),(0.,1.),.PIECEWISE_BEZIER_KNOTS.);
#2969 = CARTESIAN_POINT('',(45.651426174497,8.706040268456,2.7));
#2970 = CARTESIAN_POINT('',(46.036493288591,8.706040268456,2.7));
#2971 = CARTESIAN_POINT('',(46.241526845638,8.839932885906,2.7));
#2972 = ORIENTED_EDGE('',*,*,#2923,.T.);
#2973 = ORIENTED_EDGE('',*,*,#597,.F.);
#2974 = ORIENTED_EDGE('',*,*,#2975,.F.);
#2975 = EDGE_CURVE('',#2966,#598,#2976,.T.);
#2976 = LINE('',#2977,#2978);
#2977 = CARTESIAN_POINT('',(46.241526845638,8.839932885906,2.7));
#2978 = VECTOR('',#2979,1.);
#2979 = DIRECTION('',(0.,0.,1.));
#2980 = SURFACE_OF_LINEAR_EXTRUSION('',#2981,#2985);
#2981 = B_SPLINE_CURVE_WITH_KNOTS('',2,(#2982,#2983,#2984),
  .UNSPECIFIED.,.F.,.F.,(3,3),(0.,1.),.PIECEWISE_BEZIER_KNOTS.);
#2982 = CARTESIAN_POINT('',(45.651426174497,8.706040268456,2.7));
#2983 = CARTESIAN_POINT('',(46.036493288591,8.706040268456,2.7));
#2984 = CARTESIAN_POINT('',(46.241526845638,8.839932885906,2.7));
#2985 = VECTOR('',#2986,1.);
#2986 = DIRECTION('',(-0.,-0.,-1.));
#2987 = ADVANCED_FACE('',(#2988),#3006,.F.);
#2988 = FACE_BOUND('',#2989,.F.);
#2989 = EDGE_LOOP('',(#2990,#2998,#3004,#3005));
#2990 = ORIENTED_EDGE('',*,*,#2991,.F.);
#2991 = EDGE_CURVE('',#2992,#2940,#2994,.T.);
#2992 = VERTEX_POINT('',#2993);
#2993 = CARTESIAN_POINT('',(45.694211409396,11.28322147651,2.7));
#2994 = B_SPLINE_CURVE_WITH_KNOTS('',2,(#2995,#2996,#2997),
  .UNSPECIFIED.,.F.,.F.,(3,3),(0.,1.),.PIECEWISE_BEZIER_KNOTS.);
#2995 = CARTESIAN_POINT('',(45.694211409396,11.28322147651,2.7));
#2996 = CARTESIAN_POINT('',(45.460151006711,11.28322147651,2.7));
#2997 = CARTESIAN_POINT('',(45.22105704698,11.231543624161,2.7));
#2998 = ORIENTED_EDGE('',*,*,#2999,.T.);
#2999 = EDGE_CURVE('',#2992,#718,#3000,.T.);
#3000 = LINE('',#3001,#3002);
#3001 = CARTESIAN_POINT('',(45.694211409396,11.28322147651,2.7));
#3002 = VECTOR('',#3003,1.);
#3003 = DIRECTION('',(0.,0.,1.));
#3004 = ORIENTED_EDGE('',*,*,#729,.F.);
#3005 = ORIENTED_EDGE('',*,*,#2947,.F.);
#3006 = SURFACE_OF_LINEAR_EXTRUSION('',#3007,#3011);
#3007 = B_SPLINE_CURVE_WITH_KNOTS('',2,(#3008,#3009,#3010),
  .UNSPECIFIED.,.F.,.F.,(3,3),(0.,1.),.PIECEWISE_BEZIER_KNOTS.);
#3008 = CARTESIAN_POINT('',(45.694211409396,11.28322147651,2.7));
#3009 = CARTESIAN_POINT('',(45.460151006711,11.28322147651,2.7));
#3010 = CARTESIAN_POINT('',(45.22105704698,11.231543624161,2.7));
#3011 = VECTOR('',#3012,1.);
#3012 = DIRECTION('',(-0.,-0.,-1.));
#3013 = ADVANCED_FACE('',(#3014),#3032,.F.);
#3014 = FACE_BOUND('',#3015,.F.);
#3015 = EDGE_LOOP('',(#3016,#3024,#3025,#3026));
#3016 = ORIENTED_EDGE('',*,*,#3017,.F.);
#3017 = EDGE_CURVE('',#2966,#3018,#3020,.T.);
#3018 = VERTEX_POINT('',#3019);
#3019 = CARTESIAN_POINT('',(46.446728187919,9.22432885906,2.7));
#3020 = B_SPLINE_CURVE_WITH_KNOTS('',2,(#3021,#3022,#3023),
  .UNSPECIFIED.,.F.,.F.,(3,3),(0.,1.),.PIECEWISE_BEZIER_KNOTS.);
#3021 = CARTESIAN_POINT('',(46.241526845638,8.839932885906,2.7));
#3022 = CARTESIAN_POINT('',(46.446728187919,8.973993288591,2.7));
#3023 = CARTESIAN_POINT('',(46.446728187919,9.22432885906,2.7));
#3024 = ORIENTED_EDGE('',*,*,#2975,.T.);
#3025 = ORIENTED_EDGE('',*,*,#609,.F.);
#3026 = ORIENTED_EDGE('',*,*,#3027,.F.);
#3027 = EDGE_CURVE('',#3018,#610,#3028,.T.);
#3028 = LINE('',#3029,#3030);
#3029 = CARTESIAN_POINT('',(46.446728187919,9.22432885906,2.7));
#3030 = VECTOR('',#3031,1.);
#3031 = DIRECTION('',(0.,0.,1.));
#3032 = SURFACE_OF_LINEAR_EXTRUSION('',#3033,#3037);
#3033 = B_SPLINE_CURVE_WITH_KNOTS('',2,(#3034,#3035,#3036),
  .UNSPECIFIED.,.F.,.F.,(3,3),(0.,1.),.PIECEWISE_BEZIER_KNOTS.);
#3034 = CARTESIAN_POINT('',(46.241526845638,8.839932885906,2.7));
#3035 = CARTESIAN_POINT('',(46.446728187919,8.973993288591,2.7));
#3036 = CARTESIAN_POINT('',(46.446728187919,9.22432885906,2.7));
#3037 = VECTOR('',#3038,1.);
#3038 = DIRECTION('',(-0.,-0.,-1.));
#3039 = ADVANCED_FACE('',(#3040),#3058,.F.);
#3040 = FACE_BOUND('',#3041,.F.);
#3041 = EDGE_LOOP('',(#3042,#3050,#3056,#3057));
#3042 = ORIENTED_EDGE('',*,*,#3043,.F.);
#3043 = EDGE_CURVE('',#3044,#2992,#3046,.T.);
#3044 = VERTEX_POINT('',#3045);
#3045 = CARTESIAN_POINT('',(46.184983221477,11.165268456376,2.7));
#3046 = B_SPLINE_CURVE_WITH_KNOTS('',2,(#3047,#3048,#3049),
  .UNSPECIFIED.,.F.,.F.,(3,3),(0.,1.),.PIECEWISE_BEZIER_KNOTS.);
#3047 = CARTESIAN_POINT('',(46.184983221477,11.165268456376,2.7));
#3048 = CARTESIAN_POINT('',(46.011325503356,11.28322147651,2.7));
#3049 = CARTESIAN_POINT('',(45.694211409396,11.28322147651,2.7));
#3050 = ORIENTED_EDGE('',*,*,#3051,.T.);
#3051 = EDGE_CURVE('',#3044,#703,#3052,.T.);
#3052 = LINE('',#3053,#3054);
#3053 = CARTESIAN_POINT('',(46.184983221477,11.165268456376,2.7));
#3054 = VECTOR('',#3055,1.);
#3055 = DIRECTION('',(0.,0.,1.));
#3056 = ORIENTED_EDGE('',*,*,#717,.F.);
#3057 = ORIENTED_EDGE('',*,*,#2999,.F.);
#3058 = SURFACE_OF_LINEAR_EXTRUSION('',#3059,#3063);
#3059 = B_SPLINE_CURVE_WITH_KNOTS('',2,(#3060,#3061,#3062),
  .UNSPECIFIED.,.F.,.F.,(3,3),(0.,1.),.PIECEWISE_BEZIER_KNOTS.);
#3060 = CARTESIAN_POINT('',(46.184983221477,11.165268456376,2.7));
#3061 = CARTESIAN_POINT('',(46.011325503356,11.28322147651,2.7));
#3062 = CARTESIAN_POINT('',(45.694211409396,11.28322147651,2.7));
#3063 = VECTOR('',#3064,1.);
#3064 = DIRECTION('',(-0.,-0.,-1.));
#3065 = ADVANCED_FACE('',(#3066),#3084,.F.);
#3066 = FACE_BOUND('',#3067,.F.);
#3067 = EDGE_LOOP('',(#3068,#3076,#3077,#3078));
#3068 = ORIENTED_EDGE('',*,*,#3069,.F.);
#3069 = EDGE_CURVE('',#3018,#3070,#3072,.T.);
#3070 = VERTEX_POINT('',#3071);
#3071 = CARTESIAN_POINT('',(46.236493288591,9.614932885906,2.7));
#3072 = B_SPLINE_CURVE_WITH_KNOTS('',2,(#3073,#3074,#3075),
  .UNSPECIFIED.,.F.,.F.,(3,3),(0.,1.),.PIECEWISE_BEZIER_KNOTS.);
#3073 = CARTESIAN_POINT('',(46.446728187919,9.22432885906,2.7));
#3074 = CARTESIAN_POINT('',(46.446728187919,9.482214765101,2.7));
#3075 = CARTESIAN_POINT('',(46.236493288591,9.614932885906,2.7));
#3076 = ORIENTED_EDGE('',*,*,#3027,.T.);
#3077 = ORIENTED_EDGE('',*,*,#624,.F.);
#3078 = ORIENTED_EDGE('',*,*,#3079,.F.);
#3079 = EDGE_CURVE('',#3070,#625,#3080,.T.);
#3080 = LINE('',#3081,#3082);
#3081 = CARTESIAN_POINT('',(46.236493288591,9.614932885906,2.7));
#3082 = VECTOR('',#3083,1.);
#3083 = DIRECTION('',(0.,0.,1.));
#3084 = SURFACE_OF_LINEAR_EXTRUSION('',#3085,#3089);
#3085 = B_SPLINE_CURVE_WITH_KNOTS('',2,(#3086,#3087,#3088),
  .UNSPECIFIED.,.F.,.F.,(3,3),(0.,1.),.PIECEWISE_BEZIER_KNOTS.);
#3086 = CARTESIAN_POINT('',(46.446728187919,9.22432885906,2.7));
#3087 = CARTESIAN_POINT('',(46.446728187919,9.482214765101,2.7));
#3088 = CARTESIAN_POINT('',(46.236493288591,9.614932885906,2.7));
#3089 = VECTOR('',#3090,1.);
#3090 = DIRECTION('',(-0.,-0.,-1.));
#3091 = ADVANCED_FACE('',(#3092),#3110,.F.);
#3092 = FACE_BOUND('',#3093,.F.);
#3093 = EDGE_LOOP('',(#3094,#3102,#3108,#3109));
#3094 = ORIENTED_EDGE('',*,*,#3095,.F.);
#3095 = EDGE_CURVE('',#3096,#3044,#3098,.T.);
#3096 = VERTEX_POINT('',#3097);
#3097 = CARTESIAN_POINT('',(46.358640939597,10.831879194631,2.7));
#3098 = B_SPLINE_CURVE_WITH_KNOTS('',2,(#3099,#3100,#3101),
  .UNSPECIFIED.,.F.,.F.,(3,3),(0.,1.),.PIECEWISE_BEZIER_KNOTS.);
#3099 = CARTESIAN_POINT('',(46.358640939597,10.831879194631,2.7));
#3100 = CARTESIAN_POINT('',(46.358640939597,11.047483221477,2.7));
#3101 = CARTESIAN_POINT('',(46.184983221477,11.165268456376,2.7));
#3102 = ORIENTED_EDGE('',*,*,#3103,.T.);
#3103 = EDGE_CURVE('',#3096,#688,#3104,.T.);
#3104 = LINE('',#3105,#3106);
#3105 = CARTESIAN_POINT('',(46.358640939597,10.831879194631,2.7));
#3106 = VECTOR('',#3107,1.);
#3107 = DIRECTION('',(0.,0.,1.));
#3108 = ORIENTED_EDGE('',*,*,#702,.F.);
#3109 = ORIENTED_EDGE('',*,*,#3051,.F.);
#3110 = SURFACE_OF_LINEAR_EXTRUSION('',#3111,#3115);
#3111 = B_SPLINE_CURVE_WITH_KNOTS('',2,(#3112,#3113,#3114),
  .UNSPECIFIED.,.F.,.F.,(3,3),(0.,1.),.PIECEWISE_BEZIER_KNOTS.);
#3112 = CARTESIAN_POINT('',(46.358640939597,10.831879194631,2.7));
#3113 = CARTESIAN_POINT('',(46.358640939597,11.047483221477,2.7));
#3114 = CARTESIAN_POINT('',(46.184983221477,11.165268456376,2.7));
#3115 = VECTOR('',#3116,1.);
#3116 = DIRECTION('',(-0.,-0.,-1.));
#3117 = ADVANCED_FACE('',(#3118),#3136,.F.);
#3118 = FACE_BOUND('',#3119,.F.);
#3119 = EDGE_LOOP('',(#3120,#3128,#3129,#3130));
#3120 = ORIENTED_EDGE('',*,*,#3121,.F.);
#3121 = EDGE_CURVE('',#3070,#3122,#3124,.T.);
#3122 = VERTEX_POINT('',#3123);
#3123 = CARTESIAN_POINT('',(45.616191275168,9.747651006711,2.7));
#3124 = B_SPLINE_CURVE_WITH_KNOTS('',2,(#3125,#3126,#3127),
  .UNSPECIFIED.,.F.,.F.,(3,3),(0.,1.),.PIECEWISE_BEZIER_KNOTS.);
#3125 = CARTESIAN_POINT('',(46.236493288591,9.614932885906,2.7));
#3126 = CARTESIAN_POINT('',(46.026426174497,9.747651006711,2.7));
#3127 = CARTESIAN_POINT('',(45.616191275168,9.747651006711,2.7));
#3128 = ORIENTED_EDGE('',*,*,#3079,.T.);
#3129 = ORIENTED_EDGE('',*,*,#639,.F.);
#3130 = ORIENTED_EDGE('',*,*,#3131,.F.);
#3131 = EDGE_CURVE('',#3122,#640,#3132,.T.);
#3132 = LINE('',#3133,#3134);
#3133 = CARTESIAN_POINT('',(45.616191275168,9.747651006711,2.7));
#3134 = VECTOR('',#3135,1.);
#3135 = DIRECTION('',(0.,0.,1.));
#3136 = SURFACE_OF_LINEAR_EXTRUSION('',#3137,#3141);
#3137 = B_SPLINE_CURVE_WITH_KNOTS('',2,(#3138,#3139,#3140),
  .UNSPECIFIED.,.F.,.F.,(3,3),(0.,1.),.PIECEWISE_BEZIER_KNOTS.);
#3138 = CARTESIAN_POINT('',(46.236493288591,9.614932885906,2.7));
#3139 = CARTESIAN_POINT('',(46.026426174497,9.747651006711,2.7));
#3140 = CARTESIAN_POINT('',(45.616191275168,9.747651006711,2.7));
#3141 = VECTOR('',#3142,1.);
#3142 = DIRECTION('',(-0.,-0.,-1.));
#3143 = ADVANCED_FACE('',(#3144),#3162,.F.);
#3144 = FACE_BOUND('',#3145,.F.);
#3145 = EDGE_LOOP('',(#3146,#3154,#3160,#3161));
#3146 = ORIENTED_EDGE('',*,*,#3147,.F.);
#3147 = EDGE_CURVE('',#3148,#3096,#3150,.T.);
#3148 = VERTEX_POINT('',#3149);
#3149 = CARTESIAN_POINT('',(46.17994966443,10.484563758389,2.7));
#3150 = B_SPLINE_CURVE_WITH_KNOTS('',2,(#3151,#3152,#3153),
  .UNSPECIFIED.,.F.,.F.,(3,3),(0.,1.),.PIECEWISE_BEZIER_KNOTS.);
#3151 = CARTESIAN_POINT('',(46.17994966443,10.484563758389,2.7));
#3152 = CARTESIAN_POINT('',(46.358640939597,10.598657718121,2.7));
#3153 = CARTESIAN_POINT('',(46.358640939597,10.831879194631,2.7));
#3154 = ORIENTED_EDGE('',*,*,#3155,.T.);
#3155 = EDGE_CURVE('',#3148,#676,#3156,.T.);
#3156 = LINE('',#3157,#3158);
#3157 = CARTESIAN_POINT('',(46.17994966443,10.484563758389,2.7));
#3158 = VECTOR('',#3159,1.);
#3159 = DIRECTION('',(0.,0.,1.));
#3160 = ORIENTED_EDGE('',*,*,#687,.F.);
#3161 = ORIENTED_EDGE('',*,*,#3103,.F.);
#3162 = SURFACE_OF_LINEAR_EXTRUSION('',#3163,#3167);
#3163 = B_SPLINE_CURVE_WITH_KNOTS('',2,(#3164,#3165,#3166),
  .UNSPECIFIED.,.F.,.F.,(3,3),(0.,1.),.PIECEWISE_BEZIER_KNOTS.);
#3164 = CARTESIAN_POINT('',(46.17994966443,10.484563758389,2.7));
#3165 = CARTESIAN_POINT('',(46.358640939597,10.598657718121,2.7));
#3166 = CARTESIAN_POINT('',(46.358640939597,10.831879194631,2.7));
#3167 = VECTOR('',#3168,1.);
#3168 = DIRECTION('',(-0.,-0.,-1.));
#3169 = ADVANCED_FACE('',(#3170),#3188,.F.);
#3170 = FACE_BOUND('',#3171,.F.);
#3171 = EDGE_LOOP('',(#3172,#3180,#3181,#3182));
#3172 = ORIENTED_EDGE('',*,*,#3173,.F.);
#3173 = EDGE_CURVE('',#3122,#3174,#3176,.T.);
#3174 = VERTEX_POINT('',#3175);
#3175 = CARTESIAN_POINT('',(45.22860738255,9.747651006711,2.7));
#3176 = LINE('',#3177,#3178);
#3177 = CARTESIAN_POINT('',(45.616191275168,9.747651006711,2.7));
#3178 = VECTOR('',#3179,1.);
#3179 = DIRECTION('',(-1.,0.,0.));
#3180 = ORIENTED_EDGE('',*,*,#3131,.T.);
#3181 = ORIENTED_EDGE('',*,*,#651,.F.);
#3182 = ORIENTED_EDGE('',*,*,#3183,.F.);
#3183 = EDGE_CURVE('',#3174,#652,#3184,.T.);
#3184 = LINE('',#3185,#3186);
#3185 = CARTESIAN_POINT('',(45.22860738255,9.747651006711,2.7));
#3186 = VECTOR('',#3187,1.);
#3187 = DIRECTION('',(0.,0.,1.));
#3188 = PLANE('',#3189);
#3189 = AXIS2_PLACEMENT_3D('',#3190,#3191,#3192);
#3190 = CARTESIAN_POINT('',(45.616191275168,9.747651006711,2.7));
#3191 = DIRECTION('',(0.,-1.,0.));
#3192 = DIRECTION('',(-1.,0.,0.));
#3193 = ADVANCED_FACE('',(#3194),#3212,.F.);
#3194 = FACE_BOUND('',#3195,.F.);
#3195 = EDGE_LOOP('',(#3196,#3204,#3210,#3211));
#3196 = ORIENTED_EDGE('',*,*,#3197,.F.);
#3197 = EDGE_CURVE('',#3198,#3148,#3200,.T.);
#3198 = VERTEX_POINT('',#3199);
#3199 = CARTESIAN_POINT('',(45.636325503356,10.370469798658,2.7));
#3200 = B_SPLINE_CURVE_WITH_KNOTS('',2,(#3201,#3202,#3203),
  .UNSPECIFIED.,.F.,.F.,(3,3),(0.,1.),.PIECEWISE_BEZIER_KNOTS.);
#3201 = CARTESIAN_POINT('',(45.636325503356,10.370469798658,2.7));
#3202 = CARTESIAN_POINT('',(46.001258389262,10.370469798658,2.7));
#3203 = CARTESIAN_POINT('',(46.17994966443,10.484563758389,2.7));
#3204 = ORIENTED_EDGE('',*,*,#3205,.T.);
#3205 = EDGE_CURVE('',#3198,#668,#3206,.T.);
#3206 = LINE('',#3207,#3208);
#3207 = CARTESIAN_POINT('',(45.636325503356,10.370469798658,2.7));
#3208 = VECTOR('',#3209,1.);
#3209 = DIRECTION('',(0.,0.,1.));
#3210 = ORIENTED_EDGE('',*,*,#675,.F.);
#3211 = ORIENTED_EDGE('',*,*,#3155,.F.);
#3212 = SURFACE_OF_LINEAR_EXTRUSION('',#3213,#3217);
#3213 = B_SPLINE_CURVE_WITH_KNOTS('',2,(#3214,#3215,#3216),
  .UNSPECIFIED.,.F.,.F.,(3,3),(0.,1.),.PIECEWISE_BEZIER_KNOTS.);
#3214 = CARTESIAN_POINT('',(45.636325503356,10.370469798658,2.7));
#3215 = CARTESIAN_POINT('',(46.001258389262,10.370469798658,2.7));
#3216 = CARTESIAN_POINT('',(46.17994966443,10.484563758389,2.7));
#3217 = VECTOR('',#3218,1.);
#3218 = DIRECTION('',(-0.,-0.,-1.));
#3219 = ADVANCED_FACE('',(#3220),#3238,.F.);
#3220 = FACE_BOUND('',#3221,.F.);
#3221 = EDGE_LOOP('',(#3222,#3230,#3231,#3232));
#3222 = ORIENTED_EDGE('',*,*,#3223,.F.);
#3223 = EDGE_CURVE('',#3174,#3224,#3226,.T.);
#3224 = VERTEX_POINT('',#3225);
#3225 = CARTESIAN_POINT('',(45.22860738255,10.370469798658,2.7));
#3226 = LINE('',#3227,#3228);
#3227 = CARTESIAN_POINT('',(45.22860738255,9.747651006711,2.7));
#3228 = VECTOR('',#3229,1.);
#3229 = DIRECTION('',(0.,1.,0.));
#3230 = ORIENTED_EDGE('',*,*,#3183,.T.);
#3231 = ORIENTED_EDGE('',*,*,#659,.F.);
#3232 = ORIENTED_EDGE('',*,*,#3233,.F.);
#3233 = EDGE_CURVE('',#3224,#660,#3234,.T.);
#3234 = LINE('',#3235,#3236);
#3235 = CARTESIAN_POINT('',(45.22860738255,10.370469798658,2.7));
#3236 = VECTOR('',#3237,1.);
#3237 = DIRECTION('',(0.,0.,1.));
#3238 = PLANE('',#3239);
#3239 = AXIS2_PLACEMENT_3D('',#3240,#3241,#3242);
#3240 = CARTESIAN_POINT('',(45.22860738255,9.747651006711,2.7));
#3241 = DIRECTION('',(-1.,0.,0.));
#3242 = DIRECTION('',(0.,1.,0.));
#3243 = ADVANCED_FACE('',(#3244),#3255,.F.);
#3244 = FACE_BOUND('',#3245,.F.);
#3245 = EDGE_LOOP('',(#3246,#3252,#3253,#3254));
#3246 = ORIENTED_EDGE('',*,*,#3247,.F.);
#3247 = EDGE_CURVE('',#3224,#3198,#3248,.T.);
#3248 = LINE('',#3249,#3250);
#3249 = CARTESIAN_POINT('',(45.22860738255,10.370469798658,2.7));
#3250 = VECTOR('',#3251,1.);
#3251 = DIRECTION('',(1.,0.,0.));
#3252 = ORIENTED_EDGE('',*,*,#3233,.T.);
#3253 = ORIENTED_EDGE('',*,*,#667,.F.);
#3254 = ORIENTED_EDGE('',*,*,#3205,.F.);
#3255 = PLANE('',#3256);
#3256 = AXIS2_PLACEMENT_3D('',#3257,#3258,#3259);
#3257 = CARTESIAN_POINT('',(45.22860738255,10.370469798658,2.7));
#3258 = DIRECTION('',(0.,1.,0.));
#3259 = DIRECTION('',(1.,0.,0.));
#3260 = ADVANCED_FACE('',(#3261),#3286,.F.);
#3261 = FACE_BOUND('',#3262,.F.);
#3262 = EDGE_LOOP('',(#3263,#3273,#3279,#3280));
#3263 = ORIENTED_EDGE('',*,*,#3264,.F.);
#3264 = EDGE_CURVE('',#3265,#3267,#3269,.T.);
#3265 = VERTEX_POINT('',#3266);
#3266 = CARTESIAN_POINT('',(63.945889261745,11.879194630872,2.7));
#3267 = VERTEX_POINT('',#3268);
#3268 = CARTESIAN_POINT('',(65.023070469799,11.879194630872,2.7));
#3269 = LINE('',#3270,#3271);
#3270 = CARTESIAN_POINT('',(63.945889261745,11.879194630872,2.7));
#3271 = VECTOR('',#3272,1.);
#3272 = DIRECTION('',(1.,0.,0.));
#3273 = ORIENTED_EDGE('',*,*,#3274,.T.);
#3274 = EDGE_CURVE('',#3265,#846,#3275,.T.);
#3275 = LINE('',#3276,#3277);
#3276 = CARTESIAN_POINT('',(63.945889261745,11.879194630872,2.7));
#3277 = VECTOR('',#3278,1.);
#3278 = DIRECTION('',(0.,0.,1.));
#3279 = ORIENTED_EDGE('',*,*,#843,.F.);
#3280 = ORIENTED_EDGE('',*,*,#3281,.F.);
#3281 = EDGE_CURVE('',#3267,#844,#3282,.T.);
#3282 = LINE('',#3283,#3284);
#3283 = CARTESIAN_POINT('',(65.023070469799,11.879194630872,2.7));
#3284 = VECTOR('',#3285,1.);
#3285 = DIRECTION('',(0.,0.,1.));
#3286 = PLANE('',#3287);
#3287 = AXIS2_PLACEMENT_3D('',#3288,#3289,#3290);
#3288 = CARTESIAN_POINT('',(63.945889261745,11.879194630872,2.7));
#3289 = DIRECTION('',(0.,1.,0.));
#3290 = DIRECTION('',(1.,0.,0.));
#3291 = ADVANCED_FACE('',(#3292),#3310,.F.);
#3292 = FACE_BOUND('',#3293,.F.);
#3293 = EDGE_LOOP('',(#3294,#3302,#3303,#3304));
#3294 = ORIENTED_EDGE('',*,*,#3295,.F.);
#3295 = EDGE_CURVE('',#3267,#3296,#3298,.T.);
#3296 = VERTEX_POINT('',#3297);
#3297 = CARTESIAN_POINT('',(65.023070469799,9.506040268456,2.7));
#3298 = LINE('',#3299,#3300);
#3299 = CARTESIAN_POINT('',(65.023070469799,11.879194630872,2.7));
#3300 = VECTOR('',#3301,1.);
#3301 = DIRECTION('',(0.,-1.,0.));
#3302 = ORIENTED_EDGE('',*,*,#3281,.T.);
#3303 = ORIENTED_EDGE('',*,*,#853,.F.);
#3304 = ORIENTED_EDGE('',*,*,#3305,.F.);
#3305 = EDGE_CURVE('',#3296,#854,#3306,.T.);
#3306 = LINE('',#3307,#3308);
#3307 = CARTESIAN_POINT('',(65.023070469799,9.506040268456,2.7));
#3308 = VECTOR('',#3309,1.);
#3309 = DIRECTION('',(0.,0.,1.));
#3310 = PLANE('',#3311);
#3311 = AXIS2_PLACEMENT_3D('',#3312,#3313,#3314);
#3312 = CARTESIAN_POINT('',(65.023070469799,11.879194630872,2.7));
#3313 = DIRECTION('',(1.,0.,0.));
#3314 = DIRECTION('',(0.,-1.,0.));
#3315 = ADVANCED_FACE('',(#3316),#3334,.F.);
#3316 = FACE_BOUND('',#3317,.F.);
#3317 = EDGE_LOOP('',(#3318,#3326,#3332,#3333));
#3318 = ORIENTED_EDGE('',*,*,#3319,.F.);
#3319 = EDGE_CURVE('',#3320,#3265,#3322,.T.);
#3320 = VERTEX_POINT('',#3321);
#3321 = CARTESIAN_POINT('',(62.440855704698,9.638087248322,2.7));
#3322 = LINE('',#3323,#3324);
#3323 = CARTESIAN_POINT('',(62.440855704698,9.638087248322,2.7));
#3324 = VECTOR('',#3325,1.);
#3325 = DIRECTION('',(0.557508237146,0.830171407309,0.));
#3326 = ORIENTED_EDGE('',*,*,#3327,.T.);
#3327 = EDGE_CURVE('',#3320,#918,#3328,.T.);
#3328 = LINE('',#3329,#3330);
#3329 = CARTESIAN_POINT('',(62.440855704698,9.638087248322,2.7));
#3330 = VECTOR('',#3331,1.);
#3331 = DIRECTION('',(0.,0.,1.));
#3332 = ORIENTED_EDGE('',*,*,#925,.F.);
#3333 = ORIENTED_EDGE('',*,*,#3274,.F.);
#3334 = PLANE('',#3335);
#3335 = AXIS2_PLACEMENT_3D('',#3336,#3337,#3338);
#3336 = CARTESIAN_POINT('',(62.440855704698,9.638087248322,2.7));
#3337 = DIRECTION('',(-0.830171407309,0.557508237146,0.));
#3338 = DIRECTION('',(0.557508237146,0.830171407309,0.));
#3339 = ADVANCED_FACE('',(#3340),#3358,.F.);
#3340 = FACE_BOUND('',#3341,.F.);
#3341 = EDGE_LOOP('',(#3342,#3350,#3351,#3352));
#3342 = ORIENTED_EDGE('',*,*,#3343,.F.);
#3343 = EDGE_CURVE('',#3296,#3344,#3346,.T.);
#3344 = VERTEX_POINT('',#3345);
#3345 = CARTESIAN_POINT('',(65.559144295302,9.506040268456,2.7));
#3346 = LINE('',#3347,#3348);
#3347 = CARTESIAN_POINT('',(65.023070469799,9.506040268456,2.7));
#3348 = VECTOR('',#3349,1.);
#3349 = DIRECTION('',(1.,0.,0.));
#3350 = ORIENTED_EDGE('',*,*,#3305,.T.);
#3351 = ORIENTED_EDGE('',*,*,#861,.F.);
#3352 = ORIENTED_EDGE('',*,*,#3353,.F.);
#3353 = EDGE_CURVE('',#3344,#862,#3354,.T.);
#3354 = LINE('',#3355,#3356);
#3355 = CARTESIAN_POINT('',(65.559144295302,9.506040268456,2.7));
#3356 = VECTOR('',#3357,1.);
#3357 = DIRECTION('',(0.,0.,1.));
#3358 = PLANE('',#3359);
#3359 = AXIS2_PLACEMENT_3D('',#3360,#3361,#3362);
#3360 = CARTESIAN_POINT('',(65.023070469799,9.506040268456,2.7));
#3361 = DIRECTION('',(0.,1.,0.));
#3362 = DIRECTION('',(1.,0.,0.));
#3363 = ADVANCED_FACE('',(#3364),#3382,.F.);
#3364 = FACE_BOUND('',#3365,.F.);
#3365 = EDGE_LOOP('',(#3366,#3374,#3380,#3381));
#3366 = ORIENTED_EDGE('',*,*,#3367,.F.);
#3367 = EDGE_CURVE('',#3368,#3320,#3370,.T.);
#3368 = VERTEX_POINT('',#3369);
#3369 = CARTESIAN_POINT('',(62.440855704698,8.808053691275,2.7));
#3370 = LINE('',#3371,#3372);
#3371 = CARTESIAN_POINT('',(62.440855704698,8.808053691275,2.7));
#3372 = VECTOR('',#3373,1.);
#3373 = DIRECTION('',(0.,1.,0.));
#3374 = ORIENTED_EDGE('',*,*,#3375,.T.);
#3375 = EDGE_CURVE('',#3368,#910,#3376,.T.);
#3376 = LINE('',#3377,#3378);
#3377 = CARTESIAN_POINT('',(62.440855704698,8.808053691275,2.7));
#3378 = VECTOR('',#3379,1.);
#3379 = DIRECTION('',(0.,0.,1.));
#3380 = ORIENTED_EDGE('',*,*,#917,.F.);
#3381 = ORIENTED_EDGE('',*,*,#3327,.F.);
#3382 = PLANE('',#3383);
#3383 = AXIS2_PLACEMENT_3D('',#3384,#3385,#3386);
#3384 = CARTESIAN_POINT('',(62.440855704698,8.808053691275,2.7));
#3385 = DIRECTION('',(-1.,0.,0.));
#3386 = DIRECTION('',(0.,1.,0.));
#3387 = ADVANCED_FACE('',(#3388),#3406,.F.);
#3388 = FACE_BOUND('',#3389,.F.);
#3389 = EDGE_LOOP('',(#3390,#3398,#3399,#3400));
#3390 = ORIENTED_EDGE('',*,*,#3391,.F.);
#3391 = EDGE_CURVE('',#3344,#3392,#3394,.T.);
#3392 = VERTEX_POINT('',#3393);
#3393 = CARTESIAN_POINT('',(65.559144295302,8.808053691275,2.7));
#3394 = LINE('',#3395,#3396);
#3395 = CARTESIAN_POINT('',(65.559144295302,9.506040268456,2.7));
#3396 = VECTOR('',#3397,1.);
#3397 = DIRECTION('',(0.,-1.,0.));
#3398 = ORIENTED_EDGE('',*,*,#3353,.T.);
#3399 = ORIENTED_EDGE('',*,*,#869,.F.);
#3400 = ORIENTED_EDGE('',*,*,#3401,.F.);
#3401 = EDGE_CURVE('',#3392,#870,#3402,.T.);
#3402 = LINE('',#3403,#3404);
#3403 = CARTESIAN_POINT('',(65.559144295302,8.808053691275,2.7));
#3404 = VECTOR('',#3405,1.);
#3405 = DIRECTION('',(0.,0.,1.));
#3406 = PLANE('',#3407);
#3407 = AXIS2_PLACEMENT_3D('',#3408,#3409,#3410);
#3408 = CARTESIAN_POINT('',(65.559144295302,9.506040268456,2.7));
#3409 = DIRECTION('',(1.,0.,0.));
#3410 = DIRECTION('',(0.,-1.,0.));
#3411 = ADVANCED_FACE('',(#3412),#3430,.F.);
#3412 = FACE_BOUND('',#3413,.F.);
#3413 = EDGE_LOOP('',(#3414,#3422,#3428,#3429));
#3414 = ORIENTED_EDGE('',*,*,#3415,.F.);
#3415 = EDGE_CURVE('',#3416,#3368,#3418,.T.);
#3416 = VERTEX_POINT('',#3417);
#3417 = CARTESIAN_POINT('',(64.106963087248,8.808053691275,2.7));
#3418 = LINE('',#3419,#3420);
#3419 = CARTESIAN_POINT('',(64.106963087248,8.808053691275,2.7));
#3420 = VECTOR('',#3421,1.);
#3421 = DIRECTION('',(-1.,0.,0.));
#3422 = ORIENTED_EDGE('',*,*,#3423,.T.);
#3423 = EDGE_CURVE('',#3416,#902,#3424,.T.);
#3424 = LINE('',#3425,#3426);
#3425 = CARTESIAN_POINT('',(64.106963087248,8.808053691275,2.7));
#3426 = VECTOR('',#3427,1.);
#3427 = DIRECTION('',(0.,0.,1.));
#3428 = ORIENTED_EDGE('',*,*,#909,.F.);
#3429 = ORIENTED_EDGE('',*,*,#3375,.F.);
#3430 = PLANE('',#3431);
#3431 = AXIS2_PLACEMENT_3D('',#3432,#3433,#3434);
#3432 = CARTESIAN_POINT('',(64.106963087248,8.808053691275,2.7));
#3433 = DIRECTION('',(0.,-1.,0.));
#3434 = DIRECTION('',(-1.,0.,0.));
#3435 = ADVANCED_FACE('',(#3436),#3454,.F.);
#3436 = FACE_BOUND('',#3437,.F.);
#3437 = EDGE_LOOP('',(#3438,#3446,#3447,#3448));
#3438 = ORIENTED_EDGE('',*,*,#3439,.F.);
#3439 = EDGE_CURVE('',#3392,#3440,#3442,.T.);
#3440 = VERTEX_POINT('',#3441);
#3441 = CARTESIAN_POINT('',(65.023070469799,8.808053691275,2.7));
#3442 = LINE('',#3443,#3444);
#3443 = CARTESIAN_POINT('',(65.559144295302,8.808053691275,2.7));
#3444 = VECTOR('',#3445,1.);
#3445 = DIRECTION('',(-1.,0.,0.));
#3446 = ORIENTED_EDGE('',*,*,#3401,.T.);
#3447 = ORIENTED_EDGE('',*,*,#877,.F.);
#3448 = ORIENTED_EDGE('',*,*,#3449,.F.);
#3449 = EDGE_CURVE('',#3440,#878,#3450,.T.);
#3450 = LINE('',#3451,#3452);
#3451 = CARTESIAN_POINT('',(65.023070469799,8.808053691275,2.7));
#3452 = VECTOR('',#3453,1.);
#3453 = DIRECTION('',(0.,0.,1.));
#3454 = PLANE('',#3455);
#3455 = AXIS2_PLACEMENT_3D('',#3456,#3457,#3458);
#3456 = CARTESIAN_POINT('',(65.559144295302,8.808053691275,2.7));
#3457 = DIRECTION('',(0.,-1.,0.));
#3458 = DIRECTION('',(-1.,0.,0.));
#3459 = ADVANCED_FACE('',(#3460),#3478,.F.);
#3460 = FACE_BOUND('',#3461,.F.);
#3461 = EDGE_LOOP('',(#3462,#3470,#3476,#3477));
#3462 = ORIENTED_EDGE('',*,*,#3463,.F.);
#3463 = EDGE_CURVE('',#3464,#3416,#3466,.T.);
#3464 = VERTEX_POINT('',#3465);
#3465 = CARTESIAN_POINT('',(64.106963087248,8.120805369128,2.7));
#3466 = LINE('',#3467,#3468);
#3467 = CARTESIAN_POINT('',(64.106963087248,8.120805369128,2.7));
#3468 = VECTOR('',#3469,1.);
#3469 = DIRECTION('',(0.,1.,0.));
#3470 = ORIENTED_EDGE('',*,*,#3471,.T.);
#3471 = EDGE_CURVE('',#3464,#894,#3472,.T.);
#3472 = LINE('',#3473,#3474);
#3473 = CARTESIAN_POINT('',(64.106963087248,8.120805369128,2.7));
#3474 = VECTOR('',#3475,1.);
#3475 = DIRECTION('',(0.,0.,1.));
#3476 = ORIENTED_EDGE('',*,*,#901,.F.);
#3477 = ORIENTED_EDGE('',*,*,#3423,.F.);
#3478 = PLANE('',#3479);
#3479 = AXIS2_PLACEMENT_3D('',#3480,#3481,#3482);
#3480 = CARTESIAN_POINT('',(64.106963087248,8.120805369128,2.7));
#3481 = DIRECTION('',(-1.,0.,0.));
#3482 = DIRECTION('',(0.,1.,0.));
#3483 = ADVANCED_FACE('',(#3484),#3502,.F.);
#3484 = FACE_BOUND('',#3485,.F.);
#3485 = EDGE_LOOP('',(#3486,#3494,#3495,#3496));
#3486 = ORIENTED_EDGE('',*,*,#3487,.F.);
#3487 = EDGE_CURVE('',#3440,#3488,#3490,.T.);
#3488 = VERTEX_POINT('',#3489);
#3489 = CARTESIAN_POINT('',(65.023070469799,8.120805369128,2.7));
#3490 = LINE('',#3491,#3492);
#3491 = CARTESIAN_POINT('',(65.023070469799,8.808053691275,2.7));
#3492 = VECTOR('',#3493,1.);
#3493 = DIRECTION('',(0.,-1.,0.));
#3494 = ORIENTED_EDGE('',*,*,#3449,.T.);
#3495 = ORIENTED_EDGE('',*,*,#885,.F.);
#3496 = ORIENTED_EDGE('',*,*,#3497,.F.);
#3497 = EDGE_CURVE('',#3488,#886,#3498,.T.);
#3498 = LINE('',#3499,#3500);
#3499 = CARTESIAN_POINT('',(65.023070469799,8.120805369128,2.7));
#3500 = VECTOR('',#3501,1.);
#3501 = DIRECTION('',(0.,0.,1.));
#3502 = PLANE('',#3503);
#3503 = AXIS2_PLACEMENT_3D('',#3504,#3505,#3506);
#3504 = CARTESIAN_POINT('',(65.023070469799,8.808053691275,2.7));
#3505 = DIRECTION('',(1.,0.,0.));
#3506 = DIRECTION('',(0.,-1.,0.));
#3507 = ADVANCED_FACE('',(#3508),#3519,.F.);
#3508 = FACE_BOUND('',#3509,.F.);
#3509 = EDGE_LOOP('',(#3510,#3516,#3517,#3518));
#3510 = ORIENTED_EDGE('',*,*,#3511,.F.);
#3511 = EDGE_CURVE('',#3488,#3464,#3512,.T.);
#3512 = LINE('',#3513,#3514);
#3513 = CARTESIAN_POINT('',(65.023070469799,8.120805369128,2.7));
#3514 = VECTOR('',#3515,1.);
#3515 = DIRECTION('',(-1.,0.,0.));
#3516 = ORIENTED_EDGE('',*,*,#3497,.T.);
#3517 = ORIENTED_EDGE('',*,*,#893,.F.);
#3518 = ORIENTED_EDGE('',*,*,#3471,.F.);
#3519 = PLANE('',#3520);
#3520 = AXIS2_PLACEMENT_3D('',#3521,#3522,#3523);
#3521 = CARTESIAN_POINT('',(65.023070469799,8.120805369128,2.7));
#3522 = DIRECTION('',(0.,-1.,0.));
#3523 = DIRECTION('',(-1.,0.,0.));
#3524 = ADVANCED_FACE('',(#3525),#3550,.F.);
#3525 = FACE_BOUND('',#3526,.F.);
#3526 = EDGE_LOOP('',(#3527,#3537,#3543,#3544));
#3527 = ORIENTED_EDGE('',*,*,#3528,.F.);
#3528 = EDGE_CURVE('',#3529,#3531,#3533,.T.);
#3529 = VERTEX_POINT('',#3530);
#3530 = CARTESIAN_POINT('',(80.734060402685,11.91677852349,2.7));
#3531 = VERTEX_POINT('',#3532);
#3532 = CARTESIAN_POINT('',(83.142617449664,11.91677852349,2.7));
#3533 = LINE('',#3534,#3535);
#3534 = CARTESIAN_POINT('',(80.734060402685,11.91677852349,2.7));
#3535 = VECTOR('',#3536,1.);
#3536 = DIRECTION('',(1.,0.,0.));
#3537 = ORIENTED_EDGE('',*,*,#3538,.T.);
#3538 = EDGE_CURVE('',#3529,#936,#3539,.T.);
#3539 = LINE('',#3540,#3541);
#3540 = CARTESIAN_POINT('',(80.734060402685,11.91677852349,2.7));
#3541 = VECTOR('',#3542,1.);
#3542 = DIRECTION('',(0.,0.,1.));
#3543 = ORIENTED_EDGE('',*,*,#933,.F.);
#3544 = ORIENTED_EDGE('',*,*,#3545,.F.);
#3545 = EDGE_CURVE('',#3531,#934,#3546,.T.);
#3546 = LINE('',#3547,#3548);
#3547 = CARTESIAN_POINT('',(83.142617449664,11.91677852349,2.7));
#3548 = VECTOR('',#3549,1.);
#3549 = DIRECTION('',(0.,0.,1.));
#3550 = PLANE('',#3551);
#3551 = AXIS2_PLACEMENT_3D('',#3552,#3553,#3554);
#3552 = CARTESIAN_POINT('',(80.734060402685,11.91677852349,2.7));
#3553 = DIRECTION('',(0.,1.,0.));
#3554 = DIRECTION('',(1.,0.,0.));
#3555 = ADVANCED_FACE('',(#3556),#3574,.F.);
#3556 = FACE_BOUND('',#3557,.F.);
#3557 = EDGE_LOOP('',(#3558,#3566,#3567,#3568));
#3558 = ORIENTED_EDGE('',*,*,#3559,.F.);
#3559 = EDGE_CURVE('',#3531,#3560,#3562,.T.);
#3560 = VERTEX_POINT('',#3561);
#3561 = CARTESIAN_POINT('',(83.142617449664,11.208053691275,2.7));
#3562 = LINE('',#3563,#3564);
#3563 = CARTESIAN_POINT('',(83.142617449664,11.91677852349,2.7));
#3564 = VECTOR('',#3565,1.);
#3565 = DIRECTION('',(0.,-1.,0.));
#3566 = ORIENTED_EDGE('',*,*,#3545,.T.);
#3567 = ORIENTED_EDGE('',*,*,#943,.F.);
#3568 = ORIENTED_EDGE('',*,*,#3569,.F.);
#3569 = EDGE_CURVE('',#3560,#944,#3570,.T.);
#3570 = LINE('',#3571,#3572);
#3571 = CARTESIAN_POINT('',(83.142617449664,11.208053691275,2.7));
#3572 = VECTOR('',#3573,1.);
#3573 = DIRECTION('',(0.,0.,1.));
#3574 = PLANE('',#3575);
#3575 = AXIS2_PLACEMENT_3D('',#3576,#3577,#3578);
#3576 = CARTESIAN_POINT('',(83.142617449664,11.91677852349,2.7));
#3577 = DIRECTION('',(1.,0.,0.));
#3578 = DIRECTION('',(0.,-1.,0.));
#3579 = ADVANCED_FACE('',(#3580),#3598,.F.);
#3580 = FACE_BOUND('',#3581,.F.);
#3581 = EDGE_LOOP('',(#3582,#3590,#3596,#3597));
#3582 = ORIENTED_EDGE('',*,*,#3583,.F.);
#3583 = EDGE_CURVE('',#3584,#3529,#3586,.T.);
#3584 = VERTEX_POINT('',#3585);
#3585 = CARTESIAN_POINT('',(80.734060402685,9.790604026846,2.7));
#3586 = LINE('',#3587,#3588);
#3587 = CARTESIAN_POINT('',(80.734060402685,9.790604026846,2.7));
#3588 = VECTOR('',#3589,1.);
#3589 = DIRECTION('',(0.,1.,0.));
#3590 = ORIENTED_EDGE('',*,*,#3591,.T.);
#3591 = EDGE_CURVE('',#3584,#1185,#3592,.T.);
#3592 = LINE('',#3593,#3594);
#3593 = CARTESIAN_POINT('',(80.734060402685,9.790604026846,2.7));
#3594 = VECTOR('',#3595,1.);
#3595 = DIRECTION('',(0.,0.,1.));
#3596 = ORIENTED_EDGE('',*,*,#1195,.F.);
#3597 = ORIENTED_EDGE('',*,*,#3538,.F.);
#3598 = PLANE('',#3599);
#3599 = AXIS2_PLACEMENT_3D('',#3600,#3601,#3602);
#3600 = CARTESIAN_POINT('',(80.734060402685,9.790604026846,2.7));
#3601 = DIRECTION('',(-1.,0.,0.));
#3602 = DIRECTION('',(0.,1.,0.));
#3603 = ADVANCED_FACE('',(#3604),#3622,.F.);
#3604 = FACE_BOUND('',#3605,.F.);
#3605 = EDGE_LOOP('',(#3606,#3614,#3615,#3616));
#3606 = ORIENTED_EDGE('',*,*,#3607,.F.);
#3607 = EDGE_CURVE('',#3560,#3608,#3610,.T.);
#3608 = VERTEX_POINT('',#3609);
#3609 = CARTESIAN_POINT('',(81.506711409396,11.208053691275,2.7));
#3610 = LINE('',#3611,#3612);
#3611 = CARTESIAN_POINT('',(83.142617449664,11.208053691275,2.7));
#3612 = VECTOR('',#3613,1.);
#3613 = DIRECTION('',(-1.,0.,0.));
#3614 = ORIENTED_EDGE('',*,*,#3569,.T.);
#3615 = ORIENTED_EDGE('',*,*,#951,.F.);
#3616 = ORIENTED_EDGE('',*,*,#3617,.F.);
#3617 = EDGE_CURVE('',#3608,#952,#3618,.T.);
#3618 = LINE('',#3619,#3620);
#3619 = CARTESIAN_POINT('',(81.506711409396,11.208053691275,2.7));
#3620 = VECTOR('',#3621,1.);
#3621 = DIRECTION('',(0.,0.,1.));
#3622 = PLANE('',#3623);
#3623 = AXIS2_PLACEMENT_3D('',#3624,#3625,#3626);
#3624 = CARTESIAN_POINT('',(83.142617449664,11.208053691275,2.7));
#3625 = DIRECTION('',(0.,-1.,0.));
#3626 = DIRECTION('',(-1.,0.,0.));
#3627 = ADVANCED_FACE('',(#3628),#3646,.F.);
#3628 = FACE_BOUND('',#3629,.F.);
#3629 = EDGE_LOOP('',(#3630,#3638,#3644,#3645));
#3630 = ORIENTED_EDGE('',*,*,#3631,.F.);
#3631 = EDGE_CURVE('',#3632,#3584,#3634,.T.);
#3632 = VERTEX_POINT('',#3633);
#3633 = CARTESIAN_POINT('',(81.24244966443,9.960906040268,2.7));
#3634 = B_SPLINE_CURVE_WITH_KNOTS('',2,(#3635,#3636,#3637),
  .UNSPECIFIED.,.F.,.F.,(3,3),(0.,1.),.PIECEWISE_BEZIER_KNOTS.);
#3635 = CARTESIAN_POINT('',(81.24244966443,9.960906040268,2.7));
#3636 = CARTESIAN_POINT('',(81.005872483221,9.905872483221,2.7));
#3637 = CARTESIAN_POINT('',(80.734060402685,9.790604026846,2.7));
#3638 = ORIENTED_EDGE('',*,*,#3639,.T.);
#3639 = EDGE_CURVE('',#3632,#1174,#3640,.T.);
#3640 = LINE('',#3641,#3642);
#3641 = CARTESIAN_POINT('',(81.24244966443,9.960906040268,2.7));
#3642 = VECTOR('',#3643,1.);
#3643 = DIRECTION('',(0.,0.,1.));
#3644 = ORIENTED_EDGE('',*,*,#1184,.F.);
#3645 = ORIENTED_EDGE('',*,*,#3591,.F.);
#3646 = SURFACE_OF_LINEAR_EXTRUSION('',#3647,#3651);
#3647 = B_SPLINE_CURVE_WITH_KNOTS('',2,(#3648,#3649,#3650),
  .UNSPECIFIED.,.F.,.F.,(3,3),(0.,1.),.PIECEWISE_BEZIER_KNOTS.);
#3648 = CARTESIAN_POINT('',(81.24244966443,9.960906040268,2.7));
#3649 = CARTESIAN_POINT('',(81.005872483221,9.905872483221,2.7));
#3650 = CARTESIAN_POINT('',(80.734060402685,9.790604026846,2.7));
#3651 = VECTOR('',#3652,1.);
#3652 = DIRECTION('',(-0.,-0.,-1.));
#3653 = ADVANCED_FACE('',(#3654),#3672,.F.);
#3654 = FACE_BOUND('',#3655,.F.);
#3655 = EDGE_LOOP('',(#3656,#3664,#3665,#3666));
#3656 = ORIENTED_EDGE('',*,*,#3657,.F.);
#3657 = EDGE_CURVE('',#3608,#3658,#3660,.T.);
#3658 = VERTEX_POINT('',#3659);
#3659 = CARTESIAN_POINT('',(81.506711409396,10.618624161074,2.7));
#3660 = LINE('',#3661,#3662);
#3661 = CARTESIAN_POINT('',(81.506711409396,11.208053691275,2.7));
#3662 = VECTOR('',#3663,1.);
#3663 = DIRECTION('',(0.,-1.,0.));
#3664 = ORIENTED_EDGE('',*,*,#3617,.T.);
#3665 = ORIENTED_EDGE('',*,*,#959,.F.);
#3666 = ORIENTED_EDGE('',*,*,#3667,.F.);
#3667 = EDGE_CURVE('',#3658,#960,#3668,.T.);
#3668 = LINE('',#3669,#3670);
#3669 = CARTESIAN_POINT('',(81.506711409396,10.618624161074,2.7));
#3670 = VECTOR('',#3671,1.);
#3671 = DIRECTION('',(0.,0.,1.));
#3672 = PLANE('',#3673);
#3673 = AXIS2_PLACEMENT_3D('',#3674,#3675,#3676);
#3674 = CARTESIAN_POINT('',(81.506711409396,11.208053691275,2.7));
#3675 = DIRECTION('',(1.,0.,0.));
#3676 = DIRECTION('',(0.,-1.,0.));
#3677 = ADVANCED_FACE('',(#3678),#3696,.F.);
#3678 = FACE_BOUND('',#3679,.F.);
#3679 = EDGE_LOOP('',(#3680,#3688,#3694,#3695));
#3680 = ORIENTED_EDGE('',*,*,#3681,.F.);
#3681 = EDGE_CURVE('',#3682,#3632,#3684,.T.);
#3682 = VERTEX_POINT('',#3683);
#3683 = CARTESIAN_POINT('',(81.687919463087,10.01610738255,2.7));
#3684 = B_SPLINE_CURVE_WITH_KNOTS('',2,(#3685,#3686,#3687),
  .UNSPECIFIED.,.F.,.F.,(3,3),(0.,1.),.PIECEWISE_BEZIER_KNOTS.);
#3685 = CARTESIAN_POINT('',(81.687919463087,10.01610738255,2.7));
#3686 = CARTESIAN_POINT('',(81.479026845638,10.01610738255,2.7));
#3687 = CARTESIAN_POINT('',(81.24244966443,9.960906040268,2.7));
#3688 = ORIENTED_EDGE('',*,*,#3689,.T.);
#3689 = EDGE_CURVE('',#3682,#1159,#3690,.T.);
#3690 = LINE('',#3691,#3692);
#3691 = CARTESIAN_POINT('',(81.687919463087,10.01610738255,2.7));
#3692 = VECTOR('',#3693,1.);
#3693 = DIRECTION('',(0.,0.,1.));
#3694 = ORIENTED_EDGE('',*,*,#1173,.F.);
#3695 = ORIENTED_EDGE('',*,*,#3639,.F.);
#3696 = SURFACE_OF_LINEAR_EXTRUSION('',#3697,#3701);
#3697 = B_SPLINE_CURVE_WITH_KNOTS('',2,(#3698,#3699,#3700),
  .UNSPECIFIED.,.F.,.F.,(3,3),(0.,1.),.PIECEWISE_BEZIER_KNOTS.);
#3698 = CARTESIAN_POINT('',(81.687919463087,10.01610738255,2.7));
#3699 = CARTESIAN_POINT('',(81.479026845638,10.01610738255,2.7));
#3700 = CARTESIAN_POINT('',(81.24244966443,9.960906040268,2.7));
#3701 = VECTOR('',#3702,1.);
#3702 = DIRECTION('',(-0.,-0.,-1.));
#3703 = ADVANCED_FACE('',(#3704),#3722,.F.);
#3704 = FACE_BOUND('',#3705,.F.);
#3705 = EDGE_LOOP('',(#3706,#3714,#3715,#3716));
#3706 = ORIENTED_EDGE('',*,*,#3707,.F.);
#3707 = EDGE_CURVE('',#3658,#3708,#3710,.T.);
#3708 = VERTEX_POINT('',#3709);
#3709 = CARTESIAN_POINT('',(81.729362416107,10.665436241611,2.7));
#3710 = B_SPLINE_CURVE_WITH_KNOTS('',2,(#3711,#3712,#3713),
  .UNSPECIFIED.,.F.,.F.,(3,3),(0.,1.),.PIECEWISE_BEZIER_KNOTS.);
#3711 = CARTESIAN_POINT('',(81.506711409396,10.618624161074,2.7));
#3712 = CARTESIAN_POINT('',(81.61744966443,10.648993288591,2.7));
#3713 = CARTESIAN_POINT('',(81.729362416107,10.665436241611,2.7));
#3714 = ORIENTED_EDGE('',*,*,#3667,.T.);
#3715 = ORIENTED_EDGE('',*,*,#967,.F.);
#3716 = ORIENTED_EDGE('',*,*,#3717,.F.);
#3717 = EDGE_CURVE('',#3708,#968,#3718,.T.);
#3718 = LINE('',#3719,#3720);
#3719 = CARTESIAN_POINT('',(81.729362416107,10.665436241611,2.7));
#3720 = VECTOR('',#3721,1.);
#3721 = DIRECTION('',(0.,0.,1.));
#3722 = SURFACE_OF_LINEAR_EXTRUSION('',#3723,#3727);
#3723 = B_SPLINE_CURVE_WITH_KNOTS('',2,(#3724,#3725,#3726),
  .UNSPECIFIED.,.F.,.F.,(3,3),(0.,1.),.PIECEWISE_BEZIER_KNOTS.);
#3724 = CARTESIAN_POINT('',(81.506711409396,10.618624161074,2.7));
#3725 = CARTESIAN_POINT('',(81.61744966443,10.648993288591,2.7));
#3726 = CARTESIAN_POINT('',(81.729362416107,10.665436241611,2.7));
#3727 = VECTOR('',#3728,1.);
#3728 = DIRECTION('',(-0.,-0.,-1.));
#3729 = ADVANCED_FACE('',(#3730),#3748,.F.);
#3730 = FACE_BOUND('',#3731,.F.);
#3731 = EDGE_LOOP('',(#3732,#3740,#3746,#3747));
#3732 = ORIENTED_EDGE('',*,*,#3733,.F.);
#3733 = EDGE_CURVE('',#3734,#3682,#3736,.T.);
#3734 = VERTEX_POINT('',#3735);
#3735 = CARTESIAN_POINT('',(82.242785234899,9.844966442953,2.7));
#3736 = B_SPLINE_CURVE_WITH_KNOTS('',2,(#3737,#3738,#3739),
  .UNSPECIFIED.,.F.,.F.,(3,3),(0.,1.),.PIECEWISE_BEZIER_KNOTS.);
#3737 = CARTESIAN_POINT('',(82.242785234899,9.844966442953,2.7));
#3738 = CARTESIAN_POINT('',(82.040268456376,10.01610738255,2.7));
#3739 = CARTESIAN_POINT('',(81.687919463087,10.01610738255,2.7));
#3740 = ORIENTED_EDGE('',*,*,#3741,.T.);
#3741 = EDGE_CURVE('',#3734,#1144,#3742,.T.);
#3742 = LINE('',#3743,#3744);
#3743 = CARTESIAN_POINT('',(82.242785234899,9.844966442953,2.7));
#3744 = VECTOR('',#3745,1.);
#3745 = DIRECTION('',(0.,0.,1.));
#3746 = ORIENTED_EDGE('',*,*,#1158,.F.);
#3747 = ORIENTED_EDGE('',*,*,#3689,.F.);
#3748 = SURFACE_OF_LINEAR_EXTRUSION('',#3749,#3753);
#3749 = B_SPLINE_CURVE_WITH_KNOTS('',2,(#3750,#3751,#3752),
  .UNSPECIFIED.,.F.,.F.,(3,3),(0.,1.),.PIECEWISE_BEZIER_KNOTS.);
#3750 = CARTESIAN_POINT('',(82.242785234899,9.844966442953,2.7));
#3751 = CARTESIAN_POINT('',(82.040268456376,10.01610738255,2.7));
#3752 = CARTESIAN_POINT('',(81.687919463087,10.01610738255,2.7));
#3753 = VECTOR('',#3754,1.);
#3754 = DIRECTION('',(-0.,-0.,-1.));
#3755 = ADVANCED_FACE('',(#3756),#3774,.F.);
#3756 = FACE_BOUND('',#3757,.F.);
#3757 = EDGE_LOOP('',(#3758,#3766,#3767,#3768));
#3758 = ORIENTED_EDGE('',*,*,#3759,.F.);
#3759 = EDGE_CURVE('',#3708,#3760,#3762,.T.);
#3760 = VERTEX_POINT('',#3761);
#3761 = CARTESIAN_POINT('',(81.962248322148,10.681879194631,2.7));
#3762 = B_SPLINE_CURVE_WITH_KNOTS('',2,(#3763,#3764,#3765),
  .UNSPECIFIED.,.F.,.F.,(3,3),(0.,1.),.PIECEWISE_BEZIER_KNOTS.);
#3763 = CARTESIAN_POINT('',(81.729362416107,10.665436241611,2.7));
#3764 = CARTESIAN_POINT('',(81.84144295302,10.681879194631,2.7));
#3765 = CARTESIAN_POINT('',(81.962248322148,10.681879194631,2.7));
#3766 = ORIENTED_EDGE('',*,*,#3717,.T.);
#3767 = ORIENTED_EDGE('',*,*,#977,.F.);
#3768 = ORIENTED_EDGE('',*,*,#3769,.F.);
#3769 = EDGE_CURVE('',#3760,#978,#3770,.T.);
#3770 = LINE('',#3771,#3772);
#3771 = CARTESIAN_POINT('',(81.962248322148,10.681879194631,2.7));
#3772 = VECTOR('',#3773,1.);
#3773 = DIRECTION('',(0.,0.,1.));
#3774 = SURFACE_OF_LINEAR_EXTRUSION('',#3775,#3779);
#3775 = B_SPLINE_CURVE_WITH_KNOTS('',2,(#3776,#3777,#3778),
  .UNSPECIFIED.,.F.,.F.,(3,3),(0.,1.),.PIECEWISE_BEZIER_KNOTS.);
#3776 = CARTESIAN_POINT('',(81.729362416107,10.665436241611,2.7));
#3777 = CARTESIAN_POINT('',(81.84144295302,10.681879194631,2.7));
#3778 = CARTESIAN_POINT('',(81.962248322148,10.681879194631,2.7));
#3779 = VECTOR('',#3780,1.);
#3780 = DIRECTION('',(-0.,-0.,-1.));
#3781 = ADVANCED_FACE('',(#3782),#3800,.F.);
#3782 = FACE_BOUND('',#3783,.F.);
#3783 = EDGE_LOOP('',(#3784,#3792,#3798,#3799));
#3784 = ORIENTED_EDGE('',*,*,#3785,.F.);
#3785 = EDGE_CURVE('',#3786,#3734,#3788,.T.);
#3786 = VERTEX_POINT('',#3787);
#3787 = CARTESIAN_POINT('',(82.445469798658,9.377181208054,2.7));
#3788 = B_SPLINE_CURVE_WITH_KNOTS('',2,(#3789,#3790,#3791),
  .UNSPECIFIED.,.F.,.F.,(3,3),(0.,1.),.PIECEWISE_BEZIER_KNOTS.);
#3789 = CARTESIAN_POINT('',(82.445469798658,9.377181208054,2.7));
#3790 = CARTESIAN_POINT('',(82.445469798658,9.673993288591,2.7));
#3791 = CARTESIAN_POINT('',(82.242785234899,9.844966442953,2.7));
#3792 = ORIENTED_EDGE('',*,*,#3793,.T.);
#3793 = EDGE_CURVE('',#3786,#1129,#3794,.T.);
#3794 = LINE('',#3795,#3796);
#3795 = CARTESIAN_POINT('',(82.445469798658,9.377181208054,2.7));
#3796 = VECTOR('',#3797,1.);
#3797 = DIRECTION('',(0.,0.,1.));
#3798 = ORIENTED_EDGE('',*,*,#1143,.F.);
#3799 = ORIENTED_EDGE('',*,*,#3741,.F.);
#3800 = SURFACE_OF_LINEAR_EXTRUSION('',#3801,#3805);
#3801 = B_SPLINE_CURVE_WITH_KNOTS('',2,(#3802,#3803,#3804),
  .UNSPECIFIED.,.F.,.F.,(3,3),(0.,1.),.PIECEWISE_BEZIER_KNOTS.);
#3802 = CARTESIAN_POINT('',(82.445469798658,9.377181208054,2.7));
#3803 = CARTESIAN_POINT('',(82.445469798658,9.673993288591,2.7));
#3804 = CARTESIAN_POINT('',(82.242785234899,9.844966442953,2.7));
#3805 = VECTOR('',#3806,1.);
#3806 = DIRECTION('',(-0.,-0.,-1.));
#3807 = ADVANCED_FACE('',(#3808),#3826,.F.);
#3808 = FACE_BOUND('',#3809,.F.);
#3809 = EDGE_LOOP('',(#3810,#3818,#3819,#3820));
#3810 = ORIENTED_EDGE('',*,*,#3811,.F.);
#3811 = EDGE_CURVE('',#3760,#3812,#3814,.T.);
#3812 = VERTEX_POINT('',#3813);
#3813 = CARTESIAN_POINT('',(83.031879194631,10.338422818792,2.7));
#3814 = B_SPLINE_CURVE_WITH_KNOTS('',2,(#3815,#3816,#3817),
  .UNSPECIFIED.,.F.,.F.,(3,3),(0.,1.),.PIECEWISE_BEZIER_KNOTS.);
#3815 = CARTESIAN_POINT('',(81.962248322148,10.681879194631,2.7));
#3816 = CARTESIAN_POINT('',(82.64932885906,10.681879194631,2.7));
#3817 = CARTESIAN_POINT('',(83.031879194631,10.338422818792,2.7));
#3818 = ORIENTED_EDGE('',*,*,#3769,.T.);
#3819 = ORIENTED_EDGE('',*,*,#987,.F.);
#3820 = ORIENTED_EDGE('',*,*,#3821,.F.);
#3821 = EDGE_CURVE('',#3812,#988,#3822,.T.);
#3822 = LINE('',#3823,#3824);
#3823 = CARTESIAN_POINT('',(83.031879194631,10.338422818792,2.7));
#3824 = VECTOR('',#3825,1.);
#3825 = DIRECTION('',(0.,0.,1.));
#3826 = SURFACE_OF_LINEAR_EXTRUSION('',#3827,#3831);
#3827 = B_SPLINE_CURVE_WITH_KNOTS('',2,(#3828,#3829,#3830),
  .UNSPECIFIED.,.F.,.F.,(3,3),(0.,1.),.PIECEWISE_BEZIER_KNOTS.);
#3828 = CARTESIAN_POINT('',(81.962248322148,10.681879194631,2.7));
#3829 = CARTESIAN_POINT('',(82.64932885906,10.681879194631,2.7));
#3830 = CARTESIAN_POINT('',(83.031879194631,10.338422818792,2.7));
#3831 = VECTOR('',#3832,1.);
#3832 = DIRECTION('',(-0.,-0.,-1.));
#3833 = ADVANCED_FACE('',(#3834),#3852,.F.);
#3834 = FACE_BOUND('',#3835,.F.);
#3835 = EDGE_LOOP('',(#3836,#3844,#3850,#3851));
#3836 = ORIENTED_EDGE('',*,*,#3837,.F.);
#3837 = EDGE_CURVE('',#3838,#3786,#3840,.T.);
#3838 = VERTEX_POINT('',#3839);
#3839 = CARTESIAN_POINT('',(82.242785234899,8.910570469799,2.7));
#3840 = B_SPLINE_CURVE_WITH_KNOTS('',2,(#3841,#3842,#3843),
  .UNSPECIFIED.,.F.,.F.,(3,3),(0.,1.),.PIECEWISE_BEZIER_KNOTS.);
#3841 = CARTESIAN_POINT('',(82.242785234899,8.910570469799,2.7));
#3842 = CARTESIAN_POINT('',(82.445469798658,9.08288590604,2.7));
#3843 = CARTESIAN_POINT('',(82.445469798658,9.377181208054,2.7));
#3844 = ORIENTED_EDGE('',*,*,#3845,.T.);
#3845 = EDGE_CURVE('',#3838,#1114,#3846,.T.);
#3846 = LINE('',#3847,#3848);
#3847 = CARTESIAN_POINT('',(82.242785234899,8.910570469799,2.7));
#3848 = VECTOR('',#3849,1.);
#3849 = DIRECTION('',(0.,0.,1.));
#3850 = ORIENTED_EDGE('',*,*,#1128,.F.);
#3851 = ORIENTED_EDGE('',*,*,#3793,.F.);
#3852 = SURFACE_OF_LINEAR_EXTRUSION('',#3853,#3857);
#3853 = B_SPLINE_CURVE_WITH_KNOTS('',2,(#3854,#3855,#3856),
  .UNSPECIFIED.,.F.,.F.,(3,3),(0.,1.),.PIECEWISE_BEZIER_KNOTS.);
#3854 = CARTESIAN_POINT('',(82.242785234899,8.910570469799,2.7));
#3855 = CARTESIAN_POINT('',(82.445469798658,9.08288590604,2.7));
#3856 = CARTESIAN_POINT('',(82.445469798658,9.377181208054,2.7));
#3857 = VECTOR('',#3858,1.);
#3858 = DIRECTION('',(-0.,-0.,-1.));
#3859 = ADVANCED_FACE('',(#3860),#3878,.F.);
#3860 = FACE_BOUND('',#3861,.F.);
#3861 = EDGE_LOOP('',(#3862,#3870,#3871,#3872));
#3862 = ORIENTED_EDGE('',*,*,#3863,.F.);
#3863 = EDGE_CURVE('',#3812,#3864,#3866,.T.);
#3864 = VERTEX_POINT('',#3865);
#3865 = CARTESIAN_POINT('',(83.414429530201,9.381375838926,2.7));
#3866 = B_SPLINE_CURVE_WITH_KNOTS('',2,(#3867,#3868,#3869),
  .UNSPECIFIED.,.F.,.F.,(3,3),(0.,1.),.PIECEWISE_BEZIER_KNOTS.);
#3867 = CARTESIAN_POINT('',(83.031879194631,10.338422818792,2.7));
#3868 = CARTESIAN_POINT('',(83.414429530201,9.995134228188,2.7));
#3869 = CARTESIAN_POINT('',(83.414429530201,9.381375838926,2.7));
#3870 = ORIENTED_EDGE('',*,*,#3821,.T.);
#3871 = ORIENTED_EDGE('',*,*,#1004,.F.);
#3872 = ORIENTED_EDGE('',*,*,#3873,.F.);
#3873 = EDGE_CURVE('',#3864,#1005,#3874,.T.);
#3874 = LINE('',#3875,#3876);
#3875 = CARTESIAN_POINT('',(83.414429530201,9.381375838926,2.7));
#3876 = VECTOR('',#3877,1.);
#3877 = DIRECTION('',(0.,0.,1.));
#3878 = SURFACE_OF_LINEAR_EXTRUSION('',#3879,#3883);
#3879 = B_SPLINE_CURVE_WITH_KNOTS('',2,(#3880,#3881,#3882),
  .UNSPECIFIED.,.F.,.F.,(3,3),(0.,1.),.PIECEWISE_BEZIER_KNOTS.);
#3880 = CARTESIAN_POINT('',(83.031879194631,10.338422818792,2.7));
#3881 = CARTESIAN_POINT('',(83.414429530201,9.995134228188,2.7));
#3882 = CARTESIAN_POINT('',(83.414429530201,9.381375838926,2.7));
#3883 = VECTOR('',#3884,1.);
#3884 = DIRECTION('',(-0.,-0.,-1.));
#3885 = ADVANCED_FACE('',(#3886),#3904,.F.);
#3886 = FACE_BOUND('',#3887,.F.);
#3887 = EDGE_LOOP('',(#3888,#3896,#3902,#3903));
#3888 = ORIENTED_EDGE('',*,*,#3889,.F.);
#3889 = EDGE_CURVE('',#3890,#3838,#3892,.T.);
#3890 = VERTEX_POINT('',#3891);
#3891 = CARTESIAN_POINT('',(81.687919463087,8.738255033557,2.7));
#3892 = B_SPLINE_CURVE_WITH_KNOTS('',2,(#3893,#3894,#3895),
  .UNSPECIFIED.,.F.,.F.,(3,3),(0.,1.),.PIECEWISE_BEZIER_KNOTS.);
#3893 = CARTESIAN_POINT('',(81.687919463087,8.738255033557,2.7));
#3894 = CARTESIAN_POINT('',(82.040268456376,8.738255033557,2.7));
#3895 = CARTESIAN_POINT('',(82.242785234899,8.910570469799,2.7));
#3896 = ORIENTED_EDGE('',*,*,#3897,.T.);
#3897 = EDGE_CURVE('',#3890,#1103,#3898,.T.);
#3898 = LINE('',#3899,#3900);
#3899 = CARTESIAN_POINT('',(81.687919463087,8.738255033557,2.7));
#3900 = VECTOR('',#3901,1.);
#3901 = DIRECTION('',(0.,0.,1.));
#3902 = ORIENTED_EDGE('',*,*,#1113,.F.);
#3903 = ORIENTED_EDGE('',*,*,#3845,.F.);
#3904 = SURFACE_OF_LINEAR_EXTRUSION('',#3905,#3909);
#3905 = B_SPLINE_CURVE_WITH_KNOTS('',2,(#3906,#3907,#3908),
  .UNSPECIFIED.,.F.,.F.,(3,3),(0.,1.),.PIECEWISE_BEZIER_KNOTS.);
#3906 = CARTESIAN_POINT('',(81.687919463087,8.738255033557,2.7));
#3907 = CARTESIAN_POINT('',(82.040268456376,8.738255033557,2.7));
#3908 = CARTESIAN_POINT('',(82.242785234899,8.910570469799,2.7));
#3909 = VECTOR('',#3910,1.);
#3910 = DIRECTION('',(-0.,-0.,-1.));
#3911 = ADVANCED_FACE('',(#3912),#3930,.F.);
#3912 = FACE_BOUND('',#3913,.F.);
#3913 = EDGE_LOOP('',(#3914,#3922,#3923,#3924));
#3914 = ORIENTED_EDGE('',*,*,#3915,.F.);
#3915 = EDGE_CURVE('',#3864,#3916,#3918,.T.);
#3916 = VERTEX_POINT('',#3917);
#3917 = CARTESIAN_POINT('',(82.997818791946,8.427852348993,2.7));
#3918 = B_SPLINE_CURVE_WITH_KNOTS('',2,(#3919,#3920,#3921),
  .UNSPECIFIED.,.F.,.F.,(3,3),(0.,1.),.PIECEWISE_BEZIER_KNOTS.);
#3919 = CARTESIAN_POINT('',(83.414429530201,9.381375838926,2.7));
#3920 = CARTESIAN_POINT('',(83.414429530201,8.772483221477,2.7));
#3921 = CARTESIAN_POINT('',(82.997818791946,8.427852348993,2.7));
#3922 = ORIENTED_EDGE('',*,*,#3873,.T.);
#3923 = ORIENTED_EDGE('',*,*,#1023,.F.);
#3924 = ORIENTED_EDGE('',*,*,#3925,.F.);
#3925 = EDGE_CURVE('',#3916,#1024,#3926,.T.);
#3926 = LINE('',#3927,#3928);
#3927 = CARTESIAN_POINT('',(82.997818791946,8.427852348993,2.7));
#3928 = VECTOR('',#3929,1.);
#3929 = DIRECTION('',(0.,0.,1.));
#3930 = SURFACE_OF_LINEAR_EXTRUSION('',#3931,#3935);
#3931 = B_SPLINE_CURVE_WITH_KNOTS('',2,(#3932,#3933,#3934),
  .UNSPECIFIED.,.F.,.F.,(3,3),(0.,1.),.PIECEWISE_BEZIER_KNOTS.);
#3932 = CARTESIAN_POINT('',(83.414429530201,9.381375838926,2.7));
#3933 = CARTESIAN_POINT('',(83.414429530201,8.772483221477,2.7));
#3934 = CARTESIAN_POINT('',(82.997818791946,8.427852348993,2.7));
#3935 = VECTOR('',#3936,1.);
#3936 = DIRECTION('',(-0.,-0.,-1.));
#3937 = ADVANCED_FACE('',(#3938),#3956,.F.);
#3938 = FACE_BOUND('',#3939,.F.);
#3939 = EDGE_LOOP('',(#3940,#3948,#3954,#3955));
#3940 = ORIENTED_EDGE('',*,*,#3941,.F.);
#3941 = EDGE_CURVE('',#3942,#3890,#3944,.T.);
#3942 = VERTEX_POINT('',#3943);
#3943 = CARTESIAN_POINT('',(81.168120805369,8.826845637584,2.7));
#3944 = B_SPLINE_CURVE_WITH_KNOTS('',2,(#3945,#3946,#3947),
  .UNSPECIFIED.,.F.,.F.,(3,3),(0.,1.),.PIECEWISE_BEZIER_KNOTS.);
#3945 = CARTESIAN_POINT('',(81.168120805369,8.826845637584,2.7));
#3946 = CARTESIAN_POINT('',(81.443791946309,8.738255033557,2.7));
#3947 = CARTESIAN_POINT('',(81.687919463087,8.738255033557,2.7));
#3948 = ORIENTED_EDGE('',*,*,#3949,.T.);
#3949 = EDGE_CURVE('',#3942,#1092,#3950,.T.);
#3950 = LINE('',#3951,#3952);
#3951 = CARTESIAN_POINT('',(81.168120805369,8.826845637584,2.7));
#3952 = VECTOR('',#3953,1.);
#3953 = DIRECTION('',(0.,0.,1.));
#3954 = ORIENTED_EDGE('',*,*,#1102,.F.);
#3955 = ORIENTED_EDGE('',*,*,#3897,.F.);
#3956 = SURFACE_OF_LINEAR_EXTRUSION('',#3957,#3961);
#3957 = B_SPLINE_CURVE_WITH_KNOTS('',2,(#3958,#3959,#3960),
  .UNSPECIFIED.,.F.,.F.,(3,3),(0.,1.),.PIECEWISE_BEZIER_KNOTS.);
#3958 = CARTESIAN_POINT('',(81.168120805369,8.826845637584,2.7));
#3959 = CARTESIAN_POINT('',(81.443791946309,8.738255033557,2.7));
#3960 = CARTESIAN_POINT('',(81.687919463087,8.738255033557,2.7));
#3961 = VECTOR('',#3962,1.);
#3962 = DIRECTION('',(-0.,-0.,-1.));
#3963 = ADVANCED_FACE('',(#3964),#3982,.F.);
#3964 = FACE_BOUND('',#3965,.F.);
#3965 = EDGE_LOOP('',(#3966,#3974,#3975,#3976));
#3966 = ORIENTED_EDGE('',*,*,#3967,.F.);
#3967 = EDGE_CURVE('',#3916,#3968,#3970,.T.);
#3968 = VERTEX_POINT('',#3969);
#3969 = CARTESIAN_POINT('',(81.84144295302,8.08322147651,2.7));
#3970 = B_SPLINE_CURVE_WITH_KNOTS('',2,(#3971,#3972,#3973),
  .UNSPECIFIED.,.F.,.F.,(3,3),(0.,1.),.PIECEWISE_BEZIER_KNOTS.);
#3971 = CARTESIAN_POINT('',(82.997818791946,8.427852348993,2.7));
#3972 = CARTESIAN_POINT('',(82.581375838926,8.08322147651,2.7));
#3973 = CARTESIAN_POINT('',(81.84144295302,8.08322147651,2.7));
#3974 = ORIENTED_EDGE('',*,*,#3925,.T.);
#3975 = ORIENTED_EDGE('',*,*,#1042,.F.);
#3976 = ORIENTED_EDGE('',*,*,#3977,.F.);
#3977 = EDGE_CURVE('',#3968,#1043,#3978,.T.);
#3978 = LINE('',#3979,#3980);
#3979 = CARTESIAN_POINT('',(81.84144295302,8.08322147651,2.7));
#3980 = VECTOR('',#3981,1.);
#3981 = DIRECTION('',(0.,0.,1.));
#3982 = SURFACE_OF_LINEAR_EXTRUSION('',#3983,#3987);
#3983 = B_SPLINE_CURVE_WITH_KNOTS('',2,(#3984,#3985,#3986),
  .UNSPECIFIED.,.F.,.F.,(3,3),(0.,1.),.PIECEWISE_BEZIER_KNOTS.);
#3984 = CARTESIAN_POINT('',(82.997818791946,8.427852348993,2.7));
#3985 = CARTESIAN_POINT('',(82.581375838926,8.08322147651,2.7));
#3986 = CARTESIAN_POINT('',(81.84144295302,8.08322147651,2.7));
#3987 = VECTOR('',#3988,1.);
#3988 = DIRECTION('',(-0.,-0.,-1.));
#3989 = ADVANCED_FACE('',(#3990),#4008,.F.);
#3990 = FACE_BOUND('',#3991,.F.);
#3991 = EDGE_LOOP('',(#3992,#4000,#4006,#4007));
#3992 = ORIENTED_EDGE('',*,*,#3993,.F.);
#3993 = EDGE_CURVE('',#3994,#3942,#3996,.T.);
#3994 = VERTEX_POINT('',#3995);
#3995 = CARTESIAN_POINT('',(80.585570469799,9.092617449664,2.7));
#3996 = B_SPLINE_CURVE_WITH_KNOTS('',2,(#3997,#3998,#3999),
  .UNSPECIFIED.,.F.,.F.,(3,3),(0.,1.),.PIECEWISE_BEZIER_KNOTS.);
#3997 = CARTESIAN_POINT('',(80.585570469799,9.092617449664,2.7));
#3998 = CARTESIAN_POINT('',(80.892617449664,8.915436241611,2.7));
#3999 = CARTESIAN_POINT('',(81.168120805369,8.826845637584,2.7));
#4000 = ORIENTED_EDGE('',*,*,#4001,.T.);
#4001 = EDGE_CURVE('',#3994,#1084,#4002,.T.);
#4002 = LINE('',#4003,#4004);
#4003 = CARTESIAN_POINT('',(80.585570469799,9.092617449664,2.7));
#4004 = VECTOR('',#4005,1.);
#4005 = DIRECTION('',(0.,0.,1.));
#4006 = ORIENTED_EDGE('',*,*,#1091,.F.);
#4007 = ORIENTED_EDGE('',*,*,#3949,.F.);
#4008 = SURFACE_OF_LINEAR_EXTRUSION('',#4009,#4013);
#4009 = B_SPLINE_CURVE_WITH_KNOTS('',2,(#4010,#4011,#4012),
  .UNSPECIFIED.,.F.,.F.,(3,3),(0.,1.),.PIECEWISE_BEZIER_KNOTS.);
#4010 = CARTESIAN_POINT('',(80.585570469799,9.092617449664,2.7));
#4011 = CARTESIAN_POINT('',(80.892617449664,8.915436241611,2.7));
#4012 = CARTESIAN_POINT('',(81.168120805369,8.826845637584,2.7));
#4013 = VECTOR('',#4014,1.);
#4014 = DIRECTION('',(-0.,-0.,-1.));
#4015 = ADVANCED_FACE('',(#4016),#4034,.F.);
#4016 = FACE_BOUND('',#4017,.F.);
#4017 = EDGE_LOOP('',(#4018,#4026,#4027,#4028));
#4018 = ORIENTED_EDGE('',*,*,#4019,.F.);
#4019 = EDGE_CURVE('',#3968,#4020,#4022,.T.);
#4020 = VERTEX_POINT('',#4021);
#4021 = CARTESIAN_POINT('',(81.208389261745,8.144463087248,2.7));
#4022 = B_SPLINE_CURVE_WITH_KNOTS('',2,(#4023,#4024,#4025),
  .UNSPECIFIED.,.F.,.F.,(3,3),(0.,1.),.PIECEWISE_BEZIER_KNOTS.);
#4023 = CARTESIAN_POINT('',(81.84144295302,8.08322147651,2.7));
#4024 = CARTESIAN_POINT('',(81.521812080537,8.08322147651,2.7));
#4025 = CARTESIAN_POINT('',(81.208389261745,8.144463087248,2.7));
#4026 = ORIENTED_EDGE('',*,*,#3977,.T.);
#4027 = ORIENTED_EDGE('',*,*,#1059,.F.);
#4028 = ORIENTED_EDGE('',*,*,#4029,.F.);
#4029 = EDGE_CURVE('',#4020,#1060,#4030,.T.);
#4030 = LINE('',#4031,#4032);
#4031 = CARTESIAN_POINT('',(81.208389261745,8.144463087248,2.7));
#4032 = VECTOR('',#4033,1.);
#4033 = DIRECTION('',(0.,0.,1.));
#4034 = SURFACE_OF_LINEAR_EXTRUSION('',#4035,#4039);
#4035 = B_SPLINE_CURVE_WITH_KNOTS('',2,(#4036,#4037,#4038),
  .UNSPECIFIED.,.F.,.F.,(3,3),(0.,1.),.PIECEWISE_BEZIER_KNOTS.);
#4036 = CARTESIAN_POINT('',(81.84144295302,8.08322147651,2.7));
#4037 = CARTESIAN_POINT('',(81.521812080537,8.08322147651,2.7));
#4038 = CARTESIAN_POINT('',(81.208389261745,8.144463087248,2.7));
#4039 = VECTOR('',#4040,1.);
#4040 = DIRECTION('',(-0.,-0.,-1.));
#4041 = ADVANCED_FACE('',(#4042),#4060,.F.);
#4042 = FACE_BOUND('',#4043,.F.);
#4043 = EDGE_LOOP('',(#4044,#4052,#4058,#4059));
#4044 = ORIENTED_EDGE('',*,*,#4045,.F.);
#4045 = EDGE_CURVE('',#4046,#3994,#4048,.T.);
#4046 = VERTEX_POINT('',#4047);
#4047 = CARTESIAN_POINT('',(80.585570469799,8.330201342282,2.7));
#4048 = LINE('',#4049,#4050);
#4049 = CARTESIAN_POINT('',(80.585570469799,8.330201342282,2.7));
#4050 = VECTOR('',#4051,1.);
#4051 = DIRECTION('',(0.,1.,0.));
#4052 = ORIENTED_EDGE('',*,*,#4053,.T.);
#4053 = EDGE_CURVE('',#4046,#1073,#4054,.T.);
#4054 = LINE('',#4055,#4056);
#4055 = CARTESIAN_POINT('',(80.585570469799,8.330201342282,2.7));
#4056 = VECTOR('',#4057,1.);
#4057 = DIRECTION('',(0.,0.,1.));
#4058 = ORIENTED_EDGE('',*,*,#1083,.F.);
#4059 = ORIENTED_EDGE('',*,*,#4001,.F.);
#4060 = PLANE('',#4061);
#4061 = AXIS2_PLACEMENT_3D('',#4062,#4063,#4064);
#4062 = CARTESIAN_POINT('',(80.585570469799,8.330201342282,2.7));
#4063 = DIRECTION('',(-1.,0.,0.));
#4064 = DIRECTION('',(0.,1.,0.));
#4065 = ADVANCED_FACE('',(#4066),#4077,.F.);
#4066 = FACE_BOUND('',#4067,.F.);
#4067 = EDGE_LOOP('',(#4068,#4074,#4075,#4076));
#4068 = ORIENTED_EDGE('',*,*,#4069,.F.);
#4069 = EDGE_CURVE('',#4020,#4046,#4070,.T.);
#4070 = B_SPLINE_CURVE_WITH_KNOTS('',2,(#4071,#4072,#4073),
  .UNSPECIFIED.,.F.,.F.,(3,3),(0.,1.),.PIECEWISE_BEZIER_KNOTS.);
#4071 = CARTESIAN_POINT('',(81.208389261745,8.144463087248,2.7));
#4072 = CARTESIAN_POINT('',(80.895134228188,8.205536912752,2.7));
#4073 = CARTESIAN_POINT('',(80.585570469799,8.330201342282,2.7));
#4074 = ORIENTED_EDGE('',*,*,#4029,.T.);
#4075 = ORIENTED_EDGE('',*,*,#1072,.F.);
#4076 = ORIENTED_EDGE('',*,*,#4053,.F.);
#4077 = SURFACE_OF_LINEAR_EXTRUSION('',#4078,#4082);
#4078 = B_SPLINE_CURVE_WITH_KNOTS('',2,(#4079,#4080,#4081),
  .UNSPECIFIED.,.F.,.F.,(3,3),(0.,1.),.PIECEWISE_BEZIER_KNOTS.);
#4079 = CARTESIAN_POINT('',(81.208389261745,8.144463087248,2.7));
#4080 = CARTESIAN_POINT('',(80.895134228188,8.205536912752,2.7));
#4081 = CARTESIAN_POINT('',(80.585570469799,8.330201342282,2.7));
#4082 = VECTOR('',#4083,1.);
#4083 = DIRECTION('',(-0.,-0.,-1.));
#4084 = ADVANCED_FACE('',(#4085),#4110,.F.);
#4085 = FACE_BOUND('',#4086,.F.);
#4086 = EDGE_LOOP('',(#4087,#4097,#4103,#4104));
#4087 = ORIENTED_EDGE('',*,*,#4088,.F.);
#4088 = EDGE_CURVE('',#4089,#4091,#4093,.T.);
#4089 = VERTEX_POINT('',#4090);
#4090 = CARTESIAN_POINT('',(101.24832214765,11.787919463087,2.7));
#4091 = VERTEX_POINT('',#4092);
#4092 = CARTESIAN_POINT('',(101.24832214765,11.089932885906,2.7));
#4093 = LINE('',#4094,#4095);
#4094 = CARTESIAN_POINT('',(101.24832214765,11.787919463087,2.7));
#4095 = VECTOR('',#4096,1.);
#4096 = DIRECTION('',(0.,-1.,0.));
#4097 = ORIENTED_EDGE('',*,*,#4098,.T.);
#4098 = EDGE_CURVE('',#4089,#1206,#4099,.T.);
#4099 = LINE('',#4100,#4101);
#4100 = CARTESIAN_POINT('',(101.24832214765,11.787919463087,2.7));
#4101 = VECTOR('',#4102,1.);
#4102 = DIRECTION('',(0.,0.,1.));
#4103 = ORIENTED_EDGE('',*,*,#1203,.F.);
#4104 = ORIENTED_EDGE('',*,*,#4105,.F.);
#4105 = EDGE_CURVE('',#4091,#1204,#4106,.T.);
#4106 = LINE('',#4107,#4108);
#4107 = CARTESIAN_POINT('',(101.24832214765,11.089932885906,2.7));
#4108 = VECTOR('',#4109,1.);
#4109 = DIRECTION('',(0.,0.,1.));
#4110 = PLANE('',#4111);
#4111 = AXIS2_PLACEMENT_3D('',#4112,#4113,#4114);
#4112 = CARTESIAN_POINT('',(101.24832214765,11.787919463087,2.7));
#4113 = DIRECTION('',(1.,0.,0.));
#4114 = DIRECTION('',(0.,-1.,0.));
#4115 = ADVANCED_FACE('',(#4116),#4134,.F.);
#4116 = FACE_BOUND('',#4117,.F.);
#4117 = EDGE_LOOP('',(#4118,#4126,#4127,#4128));
#4118 = ORIENTED_EDGE('',*,*,#4119,.F.);
#4119 = EDGE_CURVE('',#4091,#4120,#4122,.T.);
#4120 = VERTEX_POINT('',#4121);
#4121 = CARTESIAN_POINT('',(100.79781879194,11.260234899329,2.7));
#4122 = B_SPLINE_CURVE_WITH_KNOTS('',2,(#4123,#4124,#4125),
  .UNSPECIFIED.,.F.,.F.,(3,3),(0.,1.),.PIECEWISE_BEZIER_KNOTS.);
#4123 = CARTESIAN_POINT('',(101.24832214765,11.089932885906,2.7));
#4124 = CARTESIAN_POINT('',(101.00922818791,11.205201342282,2.7));
#4125 = CARTESIAN_POINT('',(100.79781879194,11.260234899329,2.7));
#4126 = ORIENTED_EDGE('',*,*,#4105,.T.);
#4127 = ORIENTED_EDGE('',*,*,#1213,.F.);
#4128 = ORIENTED_EDGE('',*,*,#4129,.F.);
#4129 = EDGE_CURVE('',#4120,#1214,#4130,.T.);
#4130 = LINE('',#4131,#4132);
#4131 = CARTESIAN_POINT('',(100.79781879194,11.260234899329,2.7));
#4132 = VECTOR('',#4133,1.);
#4133 = DIRECTION('',(0.,0.,1.));
#4134 = SURFACE_OF_LINEAR_EXTRUSION('',#4135,#4139);
#4135 = B_SPLINE_CURVE_WITH_KNOTS('',2,(#4136,#4137,#4138),
  .UNSPECIFIED.,.F.,.F.,(3,3),(0.,1.),.PIECEWISE_BEZIER_KNOTS.);
#4136 = CARTESIAN_POINT('',(101.24832214765,11.089932885906,2.7));
#4137 = CARTESIAN_POINT('',(101.00922818791,11.205201342282,2.7));
#4138 = CARTESIAN_POINT('',(100.79781879194,11.260234899329,2.7));
#4139 = VECTOR('',#4140,1.);
#4140 = DIRECTION('',(-0.,-0.,-1.));
#4141 = ADVANCED_FACE('',(#4142),#4160,.F.);
#4142 = FACE_BOUND('',#4143,.F.);
#4143 = EDGE_LOOP('',(#4144,#4152,#4158,#4159));
#4144 = ORIENTED_EDGE('',*,*,#4145,.F.);
#4145 = EDGE_CURVE('',#4146,#4089,#4148,.T.);
#4146 = VERTEX_POINT('',#4147);
#4147 = CARTESIAN_POINT('',(100.76510067114,11.908724832215,2.7));
#4148 = B_SPLINE_CURVE_WITH_KNOTS('',2,(#4149,#4150,#4151),
  .UNSPECIFIED.,.F.,.F.,(3,3),(0.,1.),.PIECEWISE_BEZIER_KNOTS.);
#4149 = CARTESIAN_POINT('',(100.76510067114,11.908724832215,2.7));
#4150 = CARTESIAN_POINT('',(101.00922818791,11.868456375839,2.7));
#4151 = CARTESIAN_POINT('',(101.24832214765,11.787919463087,2.7));
#4152 = ORIENTED_EDGE('',*,*,#4153,.T.);
#4153 = EDGE_CURVE('',#4146,#1453,#4154,.T.);
#4154 = LINE('',#4155,#4156);
#4155 = CARTESIAN_POINT('',(100.76510067114,11.908724832215,2.7));
#4156 = VECTOR('',#4157,1.);
#4157 = DIRECTION('',(0.,0.,1.));
#4158 = ORIENTED_EDGE('',*,*,#1462,.F.);
#4159 = ORIENTED_EDGE('',*,*,#4098,.F.);
#4160 = SURFACE_OF_LINEAR_EXTRUSION('',#4161,#4165);
#4161 = B_SPLINE_CURVE_WITH_KNOTS('',2,(#4162,#4163,#4164),
  .UNSPECIFIED.,.F.,.F.,(3,3),(0.,1.),.PIECEWISE_BEZIER_KNOTS.);
#4162 = CARTESIAN_POINT('',(100.76510067114,11.908724832215,2.7));
#4163 = CARTESIAN_POINT('',(101.00922818791,11.868456375839,2.7));
#4164 = CARTESIAN_POINT('',(101.24832214765,11.787919463087,2.7));
#4165 = VECTOR('',#4166,1.);
#4166 = DIRECTION('',(-0.,-0.,-1.));
#4167 = ADVANCED_FACE('',(#4168),#4186,.F.);
#4168 = FACE_BOUND('',#4169,.F.);
#4169 = EDGE_LOOP('',(#4170,#4178,#4179,#4180));
#4170 = ORIENTED_EDGE('',*,*,#4171,.F.);
#4171 = EDGE_CURVE('',#4120,#4172,#4174,.T.);
#4172 = VERTEX_POINT('',#4173);
#4173 = CARTESIAN_POINT('',(100.38506711409,11.315436241611,2.7));
#4174 = B_SPLINE_CURVE_WITH_KNOTS('',2,(#4175,#4176,#4177),
  .UNSPECIFIED.,.F.,.F.,(3,3),(0.,1.),.PIECEWISE_BEZIER_KNOTS.);
#4175 = CARTESIAN_POINT('',(100.79781879194,11.260234899329,2.7));
#4176 = CARTESIAN_POINT('',(100.58640939597,11.315436241611,2.7));
#4177 = CARTESIAN_POINT('',(100.38506711409,11.315436241611,2.7));
#4178 = ORIENTED_EDGE('',*,*,#4129,.T.);
#4179 = ORIENTED_EDGE('',*,*,#1224,.F.);
#4180 = ORIENTED_EDGE('',*,*,#4181,.F.);
#4181 = EDGE_CURVE('',#4172,#1225,#4182,.T.);
#4182 = LINE('',#4183,#4184);
#4183 = CARTESIAN_POINT('',(100.38506711409,11.315436241611,2.7));
#4184 = VECTOR('',#4185,1.);
#4185 = DIRECTION('',(0.,0.,1.));
#4186 = SURFACE_OF_LINEAR_EXTRUSION('',#4187,#4191);
#4187 = B_SPLINE_CURVE_WITH_KNOTS('',2,(#4188,#4189,#4190),
  .UNSPECIFIED.,.F.,.F.,(3,3),(0.,1.),.PIECEWISE_BEZIER_KNOTS.);
#4188 = CARTESIAN_POINT('',(100.79781879194,11.260234899329,2.7));
#4189 = CARTESIAN_POINT('',(100.58640939597,11.315436241611,2.7));
#4190 = CARTESIAN_POINT('',(100.38506711409,11.315436241611,2.7));
#4191 = VECTOR('',#4192,1.);
#4192 = DIRECTION('',(-0.,-0.,-1.));
#4193 = ADVANCED_FACE('',(#4194),#4212,.F.);
#4194 = FACE_BOUND('',#4195,.F.);
#4195 = EDGE_LOOP('',(#4196,#4204,#4210,#4211));
#4196 = ORIENTED_EDGE('',*,*,#4197,.F.);
#4197 = EDGE_CURVE('',#4198,#4146,#4200,.T.);
#4198 = VERTEX_POINT('',#4199);
#4199 = CARTESIAN_POINT('',(100.26174496644,11.948993288591,2.7));
#4200 = B_SPLINE_CURVE_WITH_KNOTS('',2,(#4201,#4202,#4203),
  .UNSPECIFIED.,.F.,.F.,(3,3),(0.,1.),.PIECEWISE_BEZIER_KNOTS.);
#4201 = CARTESIAN_POINT('',(100.26174496644,11.948993288591,2.7));
#4202 = CARTESIAN_POINT('',(100.52097315436,11.948993288591,2.7));
#4203 = CARTESIAN_POINT('',(100.76510067114,11.908724832215,2.7));
#4204 = ORIENTED_EDGE('',*,*,#4205,.T.);
#4205 = EDGE_CURVE('',#4198,#1430,#4206,.T.);
#4206 = LINE('',#4207,#4208);
#4207 = CARTESIAN_POINT('',(100.26174496644,11.948993288591,2.7));
#4208 = VECTOR('',#4209,1.);
#4209 = DIRECTION('',(0.,0.,1.));
#4210 = ORIENTED_EDGE('',*,*,#1452,.F.);
#4211 = ORIENTED_EDGE('',*,*,#4153,.F.);
#4212 = SURFACE_OF_LINEAR_EXTRUSION('',#4213,#4217);
#4213 = B_SPLINE_CURVE_WITH_KNOTS('',2,(#4214,#4215,#4216),
  .UNSPECIFIED.,.F.,.F.,(3,3),(0.,1.),.PIECEWISE_BEZIER_KNOTS.);
#4214 = CARTESIAN_POINT('',(100.26174496644,11.948993288591,2.7));
#4215 = CARTESIAN_POINT('',(100.52097315436,11.948993288591,2.7));
#4216 = CARTESIAN_POINT('',(100.76510067114,11.908724832215,2.7));
#4217 = VECTOR('',#4218,1.);
#4218 = DIRECTION('',(-0.,-0.,-1.));
#4219 = ADVANCED_FACE('',(#4220),#4238,.F.);
#4220 = FACE_BOUND('',#4221,.F.);
#4221 = EDGE_LOOP('',(#4222,#4230,#4231,#4232));
#4222 = ORIENTED_EDGE('',*,*,#4223,.F.);
#4223 = EDGE_CURVE('',#4172,#4224,#4226,.T.);
#4224 = VERTEX_POINT('',#4225);
#4225 = CARTESIAN_POINT('',(99.710570469799,11.074832214765,2.7));
#4226 = B_SPLINE_CURVE_WITH_KNOTS('',2,(#4227,#4228,#4229),
  .UNSPECIFIED.,.F.,.F.,(3,3),(0.,1.),.PIECEWISE_BEZIER_KNOTS.);
#4227 = CARTESIAN_POINT('',(100.38506711409,11.315436241611,2.7));
#4228 = CARTESIAN_POINT('',(99.952181208054,11.315436241611,2.7));
#4229 = CARTESIAN_POINT('',(99.710570469799,11.074832214765,2.7));
#4230 = ORIENTED_EDGE('',*,*,#4181,.T.);
#4231 = ORIENTED_EDGE('',*,*,#1235,.F.);
#4232 = ORIENTED_EDGE('',*,*,#4233,.F.);
#4233 = EDGE_CURVE('',#4224,#1236,#4234,.T.);
#4234 = LINE('',#4235,#4236);
#4235 = CARTESIAN_POINT('',(99.710570469799,11.074832214765,2.7));
#4236 = VECTOR('',#4237,1.);
#4237 = DIRECTION('',(0.,0.,1.));
#4238 = SURFACE_OF_LINEAR_EXTRUSION('',#4239,#4243);
#4239 = B_SPLINE_CURVE_WITH_KNOTS('',2,(#4240,#4241,#4242),
  .UNSPECIFIED.,.F.,.F.,(3,3),(0.,1.),.PIECEWISE_BEZIER_KNOTS.);
#4240 = CARTESIAN_POINT('',(100.38506711409,11.315436241611,2.7));
#4241 = CARTESIAN_POINT('',(99.952181208054,11.315436241611,2.7));
#4242 = CARTESIAN_POINT('',(99.710570469799,11.074832214765,2.7));
#4243 = VECTOR('',#4244,1.);
#4244 = DIRECTION('',(-0.,-0.,-1.));
#4245 = ADVANCED_FACE('',(#4246),#4264,.F.);
#4246 = FACE_BOUND('',#4247,.F.);
#4247 = EDGE_LOOP('',(#4248,#4256,#4262,#4263));
#4248 = ORIENTED_EDGE('',*,*,#4249,.F.);
#4249 = EDGE_CURVE('',#4250,#4198,#4252,.T.);
#4250 = VERTEX_POINT('',#4251);
#4251 = CARTESIAN_POINT('',(98.97432885906,11.41610738255,2.7));
#4252 = B_SPLINE_CURVE_WITH_KNOTS('',2,(#4253,#4254,#4255),
  .UNSPECIFIED.,.F.,.F.,(3,3),(0.,1.),.PIECEWISE_BEZIER_KNOTS.);
#4253 = CARTESIAN_POINT('',(98.97432885906,11.41610738255,2.7));
#4254 = CARTESIAN_POINT('',(99.443791946309,11.948993288591,2.7));
#4255 = CARTESIAN_POINT('',(100.26174496644,11.948993288591,2.7));
#4256 = ORIENTED_EDGE('',*,*,#4257,.T.);
#4257 = EDGE_CURVE('',#4250,#1403,#4258,.T.);
#4258 = LINE('',#4259,#4260);
#4259 = CARTESIAN_POINT('',(98.97432885906,11.41610738255,2.7));
#4260 = VECTOR('',#4261,1.);
#4261 = DIRECTION('',(0.,0.,1.));
#4262 = ORIENTED_EDGE('',*,*,#1429,.F.);
#4263 = ORIENTED_EDGE('',*,*,#4205,.F.);
#4264 = SURFACE_OF_LINEAR_EXTRUSION('',#4265,#4269);
#4265 = B_SPLINE_CURVE_WITH_KNOTS('',2,(#4266,#4267,#4268),
  .UNSPECIFIED.,.F.,.F.,(3,3),(0.,1.),.PIECEWISE_BEZIER_KNOTS.);
#4266 = CARTESIAN_POINT('',(98.97432885906,11.41610738255,2.7));
#4267 = CARTESIAN_POINT('',(99.443791946309,11.948993288591,2.7));
#4268 = CARTESIAN_POINT('',(100.26174496644,11.948993288591,2.7));
#4269 = VECTOR('',#4270,1.);
#4270 = DIRECTION('',(-0.,-0.,-1.));
#4271 = ADVANCED_FACE('',(#4272),#4290,.F.);
#4272 = FACE_BOUND('',#4273,.F.);
#4273 = EDGE_LOOP('',(#4274,#4282,#4283,#4284));
#4274 = ORIENTED_EDGE('',*,*,#4275,.F.);
#4275 = EDGE_CURVE('',#4224,#4276,#4278,.T.);
#4276 = VERTEX_POINT('',#4277);
#4277 = CARTESIAN_POINT('',(99.428691275168,10.360570469799,2.7));
#4278 = B_SPLINE_CURVE_WITH_KNOTS('',2,(#4279,#4280,#4281),
  .UNSPECIFIED.,.F.,.F.,(3,3),(0.,1.),.PIECEWISE_BEZIER_KNOTS.);
#4279 = CARTESIAN_POINT('',(99.710570469799,11.074832214765,2.7));
#4280 = CARTESIAN_POINT('',(99.468959731544,10.834228187919,2.7));
#4281 = CARTESIAN_POINT('',(99.428691275168,10.360570469799,2.7));
#4282 = ORIENTED_EDGE('',*,*,#4233,.T.);
#4283 = ORIENTED_EDGE('',*,*,#1252,.F.);
#4284 = ORIENTED_EDGE('',*,*,#4285,.F.);
#4285 = EDGE_CURVE('',#4276,#1253,#4286,.T.);
#4286 = LINE('',#4287,#4288);
#4287 = CARTESIAN_POINT('',(99.428691275168,10.360570469799,2.7));
#4288 = VECTOR('',#4289,1.);
#4289 = DIRECTION('',(0.,0.,1.));
#4290 = SURFACE_OF_LINEAR_EXTRUSION('',#4291,#4295);
#4291 = B_SPLINE_CURVE_WITH_KNOTS('',2,(#4292,#4293,#4294),
  .UNSPECIFIED.,.F.,.F.,(3,3),(0.,1.),.PIECEWISE_BEZIER_KNOTS.);
#4292 = CARTESIAN_POINT('',(99.710570469799,11.074832214765,2.7));
#4293 = CARTESIAN_POINT('',(99.468959731544,10.834228187919,2.7));
#4294 = CARTESIAN_POINT('',(99.428691275168,10.360570469799,2.7));
#4295 = VECTOR('',#4296,1.);
#4296 = DIRECTION('',(-0.,-0.,-1.));
#4297 = ADVANCED_FACE('',(#4298),#4316,.F.);
#4298 = FACE_BOUND('',#4299,.F.);
#4299 = EDGE_LOOP('',(#4300,#4308,#4314,#4315));
#4300 = ORIENTED_EDGE('',*,*,#4301,.F.);
#4301 = EDGE_CURVE('',#4302,#4250,#4304,.T.);
#4302 = VERTEX_POINT('',#4303);
#4303 = CARTESIAN_POINT('',(98.505033557047,9.950838926174,2.7));
#4304 = B_SPLINE_CURVE_WITH_KNOTS('',2,(#4305,#4306,#4307),
  .UNSPECIFIED.,.F.,.F.,(3,3),(0.,1.),.PIECEWISE_BEZIER_KNOTS.);
#4305 = CARTESIAN_POINT('',(98.505033557047,9.950838926174,2.7));
#4306 = CARTESIAN_POINT('',(98.505033557047,10.88322147651,2.7));
#4307 = CARTESIAN_POINT('',(98.97432885906,11.41610738255,2.7));
#4308 = ORIENTED_EDGE('',*,*,#4309,.T.);
#4309 = EDGE_CURVE('',#4302,#1381,#4310,.T.);
#4310 = LINE('',#4311,#4312);
#4311 = CARTESIAN_POINT('',(98.505033557047,9.950838926174,2.7));
#4312 = VECTOR('',#4313,1.);
#4313 = DIRECTION('',(0.,0.,1.));
#4314 = ORIENTED_EDGE('',*,*,#1402,.F.);
#4315 = ORIENTED_EDGE('',*,*,#4257,.F.);
#4316 = SURFACE_OF_LINEAR_EXTRUSION('',#4317,#4321);
#4317 = B_SPLINE_CURVE_WITH_KNOTS('',2,(#4318,#4319,#4320),
  .UNSPECIFIED.,.F.,.F.,(3,3),(0.,1.),.PIECEWISE_BEZIER_KNOTS.);
#4318 = CARTESIAN_POINT('',(98.505033557047,9.950838926174,2.7));
#4319 = CARTESIAN_POINT('',(98.505033557047,10.88322147651,2.7));
#4320 = CARTESIAN_POINT('',(98.97432885906,11.41610738255,2.7));
#4321 = VECTOR('',#4322,1.);
#4322 = DIRECTION('',(-0.,-0.,-1.));
#4323 = ADVANCED_FACE('',(#4324),#4342,.F.);
#4324 = FACE_BOUND('',#4325,.F.);
#4325 = EDGE_LOOP('',(#4326,#4334,#4335,#4336));
#4326 = ORIENTED_EDGE('',*,*,#4327,.F.);
#4327 = EDGE_CURVE('',#4276,#4328,#4330,.T.);
#4328 = VERTEX_POINT('',#4329);
#4329 = CARTESIAN_POINT('',(99.788590604027,10.545134228188,2.7));
#4330 = B_SPLINE_CURVE_WITH_KNOTS('',2,(#4331,#4332,#4333),
  .UNSPECIFIED.,.F.,.F.,(3,3),(0.,1.),.PIECEWISE_BEZIER_KNOTS.);
#4331 = CARTESIAN_POINT('',(99.428691275168,10.360570469799,2.7));
#4332 = CARTESIAN_POINT('',(99.594798657718,10.483724832215,2.7));
#4333 = CARTESIAN_POINT('',(99.788590604027,10.545134228188,2.7));
#4334 = ORIENTED_EDGE('',*,*,#4285,.T.);
#4335 = ORIENTED_EDGE('',*,*,#1267,.F.);
#4336 = ORIENTED_EDGE('',*,*,#4337,.F.);
#4337 = EDGE_CURVE('',#4328,#1268,#4338,.T.);
#4338 = LINE('',#4339,#4340);
#4339 = CARTESIAN_POINT('',(99.788590604027,10.545134228188,2.7));
#4340 = VECTOR('',#4341,1.);
#4341 = DIRECTION('',(0.,0.,1.));
#4342 = SURFACE_OF_LINEAR_EXTRUSION('',#4343,#4347);
#4343 = B_SPLINE_CURVE_WITH_KNOTS('',2,(#4344,#4345,#4346),
  .UNSPECIFIED.,.F.,.F.,(3,3),(0.,1.),.PIECEWISE_BEZIER_KNOTS.);
#4344 = CARTESIAN_POINT('',(99.428691275168,10.360570469799,2.7));
#4345 = CARTESIAN_POINT('',(99.594798657718,10.483724832215,2.7));
#4346 = CARTESIAN_POINT('',(99.788590604027,10.545134228188,2.7));
#4347 = VECTOR('',#4348,1.);
#4348 = DIRECTION('',(-0.,-0.,-1.));
#4349 = ADVANCED_FACE('',(#4350),#4368,.F.);
#4350 = FACE_BOUND('',#4351,.F.);
#4351 = EDGE_LOOP('',(#4352,#4360,#4366,#4367));
#4352 = ORIENTED_EDGE('',*,*,#4353,.F.);
#4353 = EDGE_CURVE('',#4354,#4302,#4356,.T.);
#4354 = VERTEX_POINT('',#4355);
#4355 = CARTESIAN_POINT('',(98.906375838926,8.546140939597,2.7));
#4356 = B_SPLINE_CURVE_WITH_KNOTS('',2,(#4357,#4358,#4359),
  .UNSPECIFIED.,.F.,.F.,(3,3),(0.,1.),.PIECEWISE_BEZIER_KNOTS.);
#4357 = CARTESIAN_POINT('',(98.906375838926,8.546140939597,2.7));
#4358 = CARTESIAN_POINT('',(98.505033557047,9.041275167785,2.7));
#4359 = CARTESIAN_POINT('',(98.505033557047,9.950838926174,2.7));
#4360 = ORIENTED_EDGE('',*,*,#4361,.T.);
#4361 = EDGE_CURVE('',#4354,#1362,#4362,.T.);
#4362 = LINE('',#4363,#4364);
#4363 = CARTESIAN_POINT('',(98.906375838926,8.546140939597,2.7));
#4364 = VECTOR('',#4365,1.);
#4365 = DIRECTION('',(0.,0.,1.));
#4366 = ORIENTED_EDGE('',*,*,#1380,.F.);
#4367 = ORIENTED_EDGE('',*,*,#4309,.F.);
#4368 = SURFACE_OF_LINEAR_EXTRUSION('',#4369,#4373);
#4369 = B_SPLINE_CURVE_WITH_KNOTS('',2,(#4370,#4371,#4372),
  .UNSPECIFIED.,.F.,.F.,(3,3),(0.,1.),.PIECEWISE_BEZIER_KNOTS.);
#4370 = CARTESIAN_POINT('',(98.906375838926,8.546140939597,2.7));
#4371 = CARTESIAN_POINT('',(98.505033557047,9.041275167785,2.7));
#4372 = CARTESIAN_POINT('',(98.505033557047,9.950838926174,2.7));
#4373 = VECTOR('',#4374,1.);
#4374 = DIRECTION('',(-0.,-0.,-1.));
#4375 = ADVANCED_FACE('',(#4376),#4394,.F.);
#4376 = FACE_BOUND('',#4377,.F.);
#4377 = EDGE_LOOP('',(#4378,#4386,#4387,#4388));
#4378 = ORIENTED_EDGE('',*,*,#4379,.F.);
#4379 = EDGE_CURVE('',#4328,#4380,#4382,.T.);
#4380 = VERTEX_POINT('',#4381);
#4381 = CARTESIAN_POINT('',(100.21140939597,10.606711409396,2.7));
#4382 = B_SPLINE_CURVE_WITH_KNOTS('',2,(#4383,#4384,#4385),
  .UNSPECIFIED.,.F.,.F.,(3,3),(0.,1.),.PIECEWISE_BEZIER_KNOTS.);
#4383 = CARTESIAN_POINT('',(99.788590604027,10.545134228188,2.7));
#4384 = CARTESIAN_POINT('',(99.982382550336,10.606711409396,2.7));
#4385 = CARTESIAN_POINT('',(100.21140939597,10.606711409396,2.7));
#4386 = ORIENTED_EDGE('',*,*,#4337,.T.);
#4387 = ORIENTED_EDGE('',*,*,#1280,.F.);
#4388 = ORIENTED_EDGE('',*,*,#4389,.F.);
#4389 = EDGE_CURVE('',#4380,#1281,#4390,.T.);
#4390 = LINE('',#4391,#4392);
#4391 = CARTESIAN_POINT('',(100.21140939597,10.606711409396,2.7));
#4392 = VECTOR('',#4393,1.);
#4393 = DIRECTION('',(0.,0.,1.));
#4394 = SURFACE_OF_LINEAR_EXTRUSION('',#4395,#4399);
#4395 = B_SPLINE_CURVE_WITH_KNOTS('',2,(#4396,#4397,#4398),
  .UNSPECIFIED.,.F.,.F.,(3,3),(0.,1.),.PIECEWISE_BEZIER_KNOTS.);
#4396 = CARTESIAN_POINT('',(99.788590604027,10.545134228188,2.7));
#4397 = CARTESIAN_POINT('',(99.982382550336,10.606711409396,2.7));
#4398 = CARTESIAN_POINT('',(100.21140939597,10.606711409396,2.7));
#4399 = VECTOR('',#4400,1.);
#4400 = DIRECTION('',(-0.,-0.,-1.));
#4401 = ADVANCED_FACE('',(#4402),#4420,.F.);
#4402 = FACE_BOUND('',#4403,.F.);
#4403 = EDGE_LOOP('',(#4404,#4412,#4418,#4419));
#4404 = ORIENTED_EDGE('',*,*,#4405,.F.);
#4405 = EDGE_CURVE('',#4406,#4354,#4408,.T.);
#4406 = VERTEX_POINT('',#4407);
#4407 = CARTESIAN_POINT('',(100.04026845637,8.051006711409,2.7));
#4408 = B_SPLINE_CURVE_WITH_KNOTS('',2,(#4409,#4410,#4411),
  .UNSPECIFIED.,.F.,.F.,(3,3),(0.,1.),.PIECEWISE_BEZIER_KNOTS.);
#4409 = CARTESIAN_POINT('',(100.04026845637,8.051006711409,2.7));
#4410 = CARTESIAN_POINT('',(99.30788590604,8.051006711409,2.7));
#4411 = CARTESIAN_POINT('',(98.906375838926,8.546140939597,2.7));
#4412 = ORIENTED_EDGE('',*,*,#4413,.T.);
#4413 = EDGE_CURVE('',#4406,#1345,#4414,.T.);
#4414 = LINE('',#4415,#4416);
#4415 = CARTESIAN_POINT('',(100.04026845637,8.051006711409,2.7));
#4416 = VECTOR('',#4417,1.);
#4417 = DIRECTION('',(0.,0.,1.));
#4418 = ORIENTED_EDGE('',*,*,#1361,.F.);
#4419 = ORIENTED_EDGE('',*,*,#4361,.F.);
#4420 = SURFACE_OF_LINEAR_EXTRUSION('',#4421,#4425);
#4421 = B_SPLINE_CURVE_WITH_KNOTS('',2,(#4422,#4423,#4424),
  .UNSPECIFIED.,.F.,.F.,(3,3),(0.,1.),.PIECEWISE_BEZIER_KNOTS.);
#4422 = CARTESIAN_POINT('',(100.04026845637,8.051006711409,2.7));
#4423 = CARTESIAN_POINT('',(99.30788590604,8.051006711409,2.7));
#4424 = CARTESIAN_POINT('',(98.906375838926,8.546140939597,2.7));
#4425 = VECTOR('',#4426,1.);
#4426 = DIRECTION('',(-0.,-0.,-1.));
#4427 = ADVANCED_FACE('',(#4428),#4446,.F.);
#4428 = FACE_BOUND('',#4429,.F.);
#4429 = EDGE_LOOP('',(#4430,#4438,#4439,#4440));
#4430 = ORIENTED_EDGE('',*,*,#4431,.F.);
#4431 = EDGE_CURVE('',#4380,#4432,#4434,.T.);
#4432 = VERTEX_POINT('',#4433);
#4433 = CARTESIAN_POINT('',(101.14127516778,10.268959731544,2.7));
#4434 = B_SPLINE_CURVE_WITH_KNOTS('',2,(#4435,#4436,#4437),
  .UNSPECIFIED.,.F.,.F.,(3,3),(0.,1.),.PIECEWISE_BEZIER_KNOTS.);
#4435 = CARTESIAN_POINT('',(100.21140939597,10.606711409396,2.7));
#4436 = CARTESIAN_POINT('',(100.78775167785,10.606711409396,2.7));
#4437 = CARTESIAN_POINT('',(101.14127516778,10.268959731544,2.7));
#4438 = ORIENTED_EDGE('',*,*,#4389,.T.);
#4439 = ORIENTED_EDGE('',*,*,#1291,.F.);
#4440 = ORIENTED_EDGE('',*,*,#4441,.F.);
#4441 = EDGE_CURVE('',#4432,#1292,#4442,.T.);
#4442 = LINE('',#4443,#4444);
#4443 = CARTESIAN_POINT('',(101.14127516778,10.268959731544,2.7));
#4444 = VECTOR('',#4445,1.);
#4445 = DIRECTION('',(0.,0.,1.));
#4446 = SURFACE_OF_LINEAR_EXTRUSION('',#4447,#4451);
#4447 = B_SPLINE_CURVE_WITH_KNOTS('',2,(#4448,#4449,#4450),
  .UNSPECIFIED.,.F.,.F.,(3,3),(0.,1.),.PIECEWISE_BEZIER_KNOTS.);
#4448 = CARTESIAN_POINT('',(100.21140939597,10.606711409396,2.7));
#4449 = CARTESIAN_POINT('',(100.78775167785,10.606711409396,2.7));
#4450 = CARTESIAN_POINT('',(101.14127516778,10.268959731544,2.7));
#4451 = VECTOR('',#4452,1.);
#4452 = DIRECTION('',(-0.,-0.,-1.));
#4453 = ADVANCED_FACE('',(#4454),#4472,.F.);
#4454 = FACE_BOUND('',#4455,.F.);
#4455 = EDGE_LOOP('',(#4456,#4464,#4470,#4471));
#4456 = ORIENTED_EDGE('',*,*,#4457,.F.);
#4457 = EDGE_CURVE('',#4458,#4406,#4460,.T.);
#4458 = VERTEX_POINT('',#4459);
#4459 = CARTESIAN_POINT('',(101.09983221476,8.415100671141,2.7));
#4460 = B_SPLINE_CURVE_WITH_KNOTS('',2,(#4461,#4462,#4463),
  .UNSPECIFIED.,.F.,.F.,(3,3),(0.,1.),.PIECEWISE_BEZIER_KNOTS.);
#4461 = CARTESIAN_POINT('',(101.09983221476,8.415100671141,2.7));
#4462 = CARTESIAN_POINT('',(100.70469798657,8.051006711409,2.7));
#4463 = CARTESIAN_POINT('',(100.04026845637,8.051006711409,2.7));
#4464 = ORIENTED_EDGE('',*,*,#4465,.T.);
#4465 = EDGE_CURVE('',#4458,#1326,#4466,.T.);
#4466 = LINE('',#4467,#4468);
#4467 = CARTESIAN_POINT('',(101.09983221476,8.415100671141,2.7));
#4468 = VECTOR('',#4469,1.);
#4469 = DIRECTION('',(0.,0.,1.));
#4470 = ORIENTED_EDGE('',*,*,#1344,.F.);
#4471 = ORIENTED_EDGE('',*,*,#4413,.F.);
#4472 = SURFACE_OF_LINEAR_EXTRUSION('',#4473,#4477);
#4473 = B_SPLINE_CURVE_WITH_KNOTS('',2,(#4474,#4475,#4476),
  .UNSPECIFIED.,.F.,.F.,(3,3),(0.,1.),.PIECEWISE_BEZIER_KNOTS.);
#4474 = CARTESIAN_POINT('',(101.09983221476,8.415100671141,2.7));
#4475 = CARTESIAN_POINT('',(100.70469798657,8.051006711409,2.7));
#4476 = CARTESIAN_POINT('',(100.04026845637,8.051006711409,2.7));
#4477 = VECTOR('',#4478,1.);
#4478 = DIRECTION('',(-0.,-0.,-1.));
#4479 = ADVANCED_FACE('',(#4480),#4498,.F.);
#4480 = FACE_BOUND('',#4481,.F.);
#4481 = EDGE_LOOP('',(#4482,#4490,#4491,#4492));
#4482 = ORIENTED_EDGE('',*,*,#4483,.F.);
#4483 = EDGE_CURVE('',#4432,#4484,#4486,.T.);
#4484 = VERTEX_POINT('',#4485);
#4485 = CARTESIAN_POINT('',(101.49496644295,9.384228187919,2.7));
#4486 = B_SPLINE_CURVE_WITH_KNOTS('',2,(#4487,#4488,#4489),
  .UNSPECIFIED.,.F.,.F.,(3,3),(0.,1.),.PIECEWISE_BEZIER_KNOTS.);
#4487 = CARTESIAN_POINT('',(101.14127516778,10.268959731544,2.7));
#4488 = CARTESIAN_POINT('',(101.49496644295,9.931208053691,2.7));
#4489 = CARTESIAN_POINT('',(101.49496644295,9.384228187919,2.7));
#4490 = ORIENTED_EDGE('',*,*,#4441,.T.);
#4491 = ORIENTED_EDGE('',*,*,#1308,.F.);
#4492 = ORIENTED_EDGE('',*,*,#4493,.F.);
#4493 = EDGE_CURVE('',#4484,#1309,#4494,.T.);
#4494 = LINE('',#4495,#4496);
#4495 = CARTESIAN_POINT('',(101.49496644295,9.384228187919,2.7));
#4496 = VECTOR('',#4497,1.);
#4497 = DIRECTION('',(0.,0.,1.));
#4498 = SURFACE_OF_LINEAR_EXTRUSION('',#4499,#4503);
#4499 = B_SPLINE_CURVE_WITH_KNOTS('',2,(#4500,#4501,#4502),
  .UNSPECIFIED.,.F.,.F.,(3,3),(0.,1.),.PIECEWISE_BEZIER_KNOTS.);
#4500 = CARTESIAN_POINT('',(101.14127516778,10.268959731544,2.7));
#4501 = CARTESIAN_POINT('',(101.49496644295,9.931208053691,2.7));
#4502 = CARTESIAN_POINT('',(101.49496644295,9.384228187919,2.7));
#4503 = VECTOR('',#4504,1.);
#4504 = DIRECTION('',(-0.,-0.,-1.));
#4505 = ADVANCED_FACE('',(#4506),#4517,.F.);
#4506 = FACE_BOUND('',#4507,.F.);
#4507 = EDGE_LOOP('',(#4508,#4514,#4515,#4516));
#4508 = ORIENTED_EDGE('',*,*,#4509,.F.);
#4509 = EDGE_CURVE('',#4484,#4458,#4510,.T.);
#4510 = B_SPLINE_CURVE_WITH_KNOTS('',2,(#4511,#4512,#4513),
  .UNSPECIFIED.,.F.,.F.,(3,3),(0.,1.),.PIECEWISE_BEZIER_KNOTS.);
#4511 = CARTESIAN_POINT('',(101.49496644295,9.384228187919,2.7));
#4512 = CARTESIAN_POINT('',(101.49496644295,8.779362416107,2.7));
#4513 = CARTESIAN_POINT('',(101.09983221476,8.415100671141,2.7));
#4514 = ORIENTED_EDGE('',*,*,#4493,.T.);
#4515 = ORIENTED_EDGE('',*,*,#1325,.F.);
#4516 = ORIENTED_EDGE('',*,*,#4465,.F.);
#4517 = SURFACE_OF_LINEAR_EXTRUSION('',#4518,#4522);
#4518 = B_SPLINE_CURVE_WITH_KNOTS('',2,(#4519,#4520,#4521),
  .UNSPECIFIED.,.F.,.F.,(3,3),(0.,1.),.PIECEWISE_BEZIER_KNOTS.);
#4519 = CARTESIAN_POINT('',(101.49496644295,9.384228187919,2.7));
#4520 = CARTESIAN_POINT('',(101.49496644295,8.779362416107,2.7));
#4521 = CARTESIAN_POINT('',(101.09983221476,8.415100671141,2.7));
#4522 = VECTOR('',#4523,1.);
#4523 = DIRECTION('',(-0.,-0.,-1.));
#4524 = ADVANCED_FACE('',(#4525),#4544,.F.);
#4525 = FACE_BOUND('',#4526,.F.);
#4526 = EDGE_LOOP('',(#4527,#4535,#4542,#4543));
#4527 = ORIENTED_EDGE('',*,*,#4528,.T.);
#4528 = EDGE_CURVE('',#1514,#4529,#4531,.T.);
#4529 = VERTEX_POINT('',#4530);
#4530 = CARTESIAN_POINT('',(16.925,10.,1.8));
#4531 = LINE('',#4532,#4533);
#4532 = CARTESIAN_POINT('',(16.925,10.,-0.1));
#4533 = VECTOR('',#4534,1.);
#4534 = DIRECTION('',(0.,0.,1.));
#4535 = ORIENTED_EDGE('',*,*,#4536,.F.);
#4536 = EDGE_CURVE('',#4529,#4529,#4537,.T.);
#4537 = CIRCLE('',#4538,6.925);
#4538 = AXIS2_PLACEMENT_3D('',#4539,#4540,#4541);
#4539 = CARTESIAN_POINT('',(10.,10.,1.8));
#4540 = DIRECTION('',(0.,0.,1.));
#4541 = DIRECTION('',(1.,0.,-0.));
#4542 = ORIENTED_EDGE('',*,*,#4528,.F.);
#4543 = ORIENTED_EDGE('',*,*,#1513,.T.);
#4544 = CYLINDRICAL_SURFACE('',#4545,6.925);
#4545 = AXIS2_PLACEMENT_3D('',#4546,#4547,#4548);
#4546 = CARTESIAN_POINT('',(10.,10.,-0.1));
#4547 = DIRECTION('',(0.,0.,1.));
#4548 = DIRECTION('',(1.,0.,-0.));
#4549 = ADVANCED_FACE('',(#4550),#4569,.F.);
#4550 = FACE_BOUND('',#4551,.F.);
#4551 = EDGE_LOOP('',(#4552,#4560,#4567,#4568));
#4552 = ORIENTED_EDGE('',*,*,#4553,.T.);
#4553 = EDGE_CURVE('',#1525,#4554,#4556,.T.);
#4554 = VERTEX_POINT('',#4555);
#4555 = CARTESIAN_POINT('',(34.95,10.,1.8));
#4556 = LINE('',#4557,#4558);
#4557 = CARTESIAN_POINT('',(34.95,10.,-0.1));
#4558 = VECTOR('',#4559,1.);
#4559 = DIRECTION('',(0.,0.,1.));
#4560 = ORIENTED_EDGE('',*,*,#4561,.F.);
#4561 = EDGE_CURVE('',#4554,#4554,#4562,.T.);
#4562 = CIRCLE('',#4563,6.95);
#4563 = AXIS2_PLACEMENT_3D('',#4564,#4565,#4566);
#4564 = CARTESIAN_POINT('',(28.,10.,1.8));
#4565 = DIRECTION('',(0.,0.,1.));
#4566 = DIRECTION('',(1.,0.,-0.));
#4567 = ORIENTED_EDGE('',*,*,#4553,.F.);
#4568 = ORIENTED_EDGE('',*,*,#1524,.T.);
#4569 = CYLINDRICAL_SURFACE('',#4570,6.95);
#4570 = AXIS2_PLACEMENT_3D('',#4571,#4572,#4573);
#4571 = CARTESIAN_POINT('',(28.,10.,-0.1));
#4572 = DIRECTION('',(0.,0.,1.));
#4573 = DIRECTION('',(1.,0.,-0.));
#4574 = ADVANCED_FACE('',(#4575),#4594,.F.);
#4575 = FACE_BOUND('',#4576,.F.);
#4576 = EDGE_LOOP('',(#4577,#4585,#4592,#4593));
#4577 = ORIENTED_EDGE('',*,*,#4578,.T.);
#4578 = EDGE_CURVE('',#1536,#4579,#4581,.T.);
#4579 = VERTEX_POINT('',#4580);
#4580 = CARTESIAN_POINT('',(52.975,10.,1.8));
#4581 = LINE('',#4582,#4583);
#4582 = CARTESIAN_POINT('',(52.975,10.,-0.1));
#4583 = VECTOR('',#4584,1.);
#4584 = DIRECTION('',(0.,0.,1.));
#4585 = ORIENTED_EDGE('',*,*,#4586,.F.);
#4586 = EDGE_CURVE('',#4579,#4579,#4587,.T.);
#4587 = CIRCLE('',#4588,6.975);
#4588 = AXIS2_PLACEMENT_3D('',#4589,#4590,#4591);
#4589 = CARTESIAN_POINT('',(46.,10.,1.8));
#4590 = DIRECTION('',(0.,0.,1.));
#4591 = DIRECTION('',(1.,0.,-0.));
#4592 = ORIENTED_EDGE('',*,*,#4578,.F.);
#4593 = ORIENTED_EDGE('',*,*,#1535,.T.);
#4594 = CYLINDRICAL_SURFACE('',#4595,6.975);
#4595 = AXIS2_PLACEMENT_3D('',#4596,#4597,#4598);
#4596 = CARTESIAN_POINT('',(46.,10.,-0.1));
#4597 = DIRECTION('',(0.,0.,1.));
#4598 = DIRECTION('',(1.,0.,-0.));
#4599 = ADVANCED_FACE('',(#4600),#4619,.F.);
#4600 = FACE_BOUND('',#4601,.F.);
#4601 = EDGE_LOOP('',(#4602,#4610,#4617,#4618));
#4602 = ORIENTED_EDGE('',*,*,#4603,.T.);
#4603 = EDGE_CURVE('',#1547,#4604,#4606,.T.);
#4604 = VERTEX_POINT('',#4605);
#4605 = CARTESIAN_POINT('',(71.,10.,1.8));
#4606 = LINE('',#4607,#4608);
#4607 = CARTESIAN_POINT('',(71.,10.,-0.1));
#4608 = VECTOR('',#4609,1.);
#4609 = DIRECTION('',(0.,0.,1.));
#4610 = ORIENTED_EDGE('',*,*,#4611,.F.);
#4611 = EDGE_CURVE('',#4604,#4604,#4612,.T.);
#4612 = CIRCLE('',#4613,7.);
#4613 = AXIS2_PLACEMENT_3D('',#4614,#4615,#4616);
#4614 = CARTESIAN_POINT('',(64.,10.,1.8));
#4615 = DIRECTION('',(0.,0.,1.));
#4616 = DIRECTION('',(1.,0.,-0.));
#4617 = ORIENTED_EDGE('',*,*,#4603,.F.);
#4618 = ORIENTED_EDGE('',*,*,#1546,.T.);
#4619 = CYLINDRICAL_SURFACE('',#4620,7.);
#4620 = AXIS2_PLACEMENT_3D('',#4621,#4622,#4623);
#4621 = CARTESIAN_POINT('',(64.,10.,-0.1));
#4622 = DIRECTION('',(0.,0.,1.));
#4623 = DIRECTION('',(1.,0.,-0.));
#4624 = ADVANCED_FACE('',(#4625),#4644,.F.);
#4625 = FACE_BOUND('',#4626,.F.);
#4626 = EDGE_LOOP('',(#4627,#4635,#4642,#4643));
#4627 = ORIENTED_EDGE('',*,*,#4628,.T.);
#4628 = EDGE_CURVE('',#1558,#4629,#4631,.T.);
#4629 = VERTEX_POINT('',#4630);
#4630 = CARTESIAN_POINT('',(89.025,10.,1.8));
#4631 = LINE('',#4632,#4633);
#4632 = CARTESIAN_POINT('',(89.025,10.,-0.1));
#4633 = VECTOR('',#4634,1.);
#4634 = DIRECTION('',(0.,0.,1.));
#4635 = ORIENTED_EDGE('',*,*,#4636,.F.);
#4636 = EDGE_CURVE('',#4629,#4629,#4637,.T.);
#4637 = CIRCLE('',#4638,7.025);
#4638 = AXIS2_PLACEMENT_3D('',#4639,#4640,#4641);
#4639 = CARTESIAN_POINT('',(82.,10.,1.8));
#4640 = DIRECTION('',(0.,0.,1.));
#4641 = DIRECTION('',(1.,0.,-0.));
#4642 = ORIENTED_EDGE('',*,*,#4628,.F.);
#4643 = ORIENTED_EDGE('',*,*,#1557,.T.);
#4644 = CYLINDRICAL_SURFACE('',#4645,7.025);
#4645 = AXIS2_PLACEMENT_3D('',#4646,#4647,#4648);
#4646 = CARTESIAN_POINT('',(82.,10.,-0.1));
#4647 = DIRECTION('',(0.,0.,1.));
#4648 = DIRECTION('',(1.,0.,-0.));
#4649 = ADVANCED_FACE('',(#4650),#4669,.F.);
#4650 = FACE_BOUND('',#4651,.F.);
#4651 = EDGE_LOOP('',(#4652,#4660,#4667,#4668));
#4652 = ORIENTED_EDGE('',*,*,#4653,.T.);
#4653 = EDGE_CURVE('',#1569,#4654,#4656,.T.);
#4654 = VERTEX_POINT('',#4655);
#4655 = CARTESIAN_POINT('',(107.05,10.,1.8));
#4656 = LINE('',#4657,#4658);
#4657 = CARTESIAN_POINT('',(107.05,10.,-0.1));
#4658 = VECTOR('',#4659,1.);
#4659 = DIRECTION('',(0.,0.,1.));
#4660 = ORIENTED_EDGE('',*,*,#4661,.F.);
#4661 = EDGE_CURVE('',#4654,#4654,#4662,.T.);
#4662 = CIRCLE('',#4663,7.05);
#4663 = AXIS2_PLACEMENT_3D('',#4664,#4665,#4666);
#4664 = CARTESIAN_POINT('',(100.,10.,1.8));
#4665 = DIRECTION('',(0.,0.,1.));
#4666 = DIRECTION('',(1.,0.,-0.));
#4667 = ORIENTED_EDGE('',*,*,#4653,.F.);
#4668 = ORIENTED_EDGE('',*,*,#1568,.T.);
#4669 = CYLINDRICAL_SURFACE('',#4670,7.05);
#4670 = AXIS2_PLACEMENT_3D('',#4671,#4672,#4673);
#4671 = CARTESIAN_POINT('',(100.,10.,-0.1));
#4672 = DIRECTION('',(0.,0.,1.));
#4673 = DIRECTION('',(1.,0.,-0.));
#4674 = ADVANCED_FACE('',(#4675),#4694,.F.);
#4675 = FACE_BOUND('',#4676,.F.);
#4676 = EDGE_LOOP('',(#4677,#4685,#4692,#4693));
#4677 = ORIENTED_EDGE('',*,*,#4678,.T.);
#4678 = EDGE_CURVE('',#1580,#4679,#4681,.T.);
#4679 = VERTEX_POINT('',#4680);
#4680 = CARTESIAN_POINT('',(125.075,10.,1.8));
#4681 = LINE('',#4682,#4683);
#4682 = CARTESIAN_POINT('',(125.075,10.,-0.1));
#4683 = VECTOR('',#4684,1.);
#4684 = DIRECTION('',(0.,0.,1.));
#4685 = ORIENTED_EDGE('',*,*,#4686,.F.);
#4686 = EDGE_CURVE('',#4679,#4679,#4687,.T.);
#4687 = CIRCLE('',#4688,7.075);
#4688 = AXIS2_PLACEMENT_3D('',#4689,#4690,#4691);
#4689 = CARTESIAN_POINT('',(118.,10.,1.8));
#4690 = DIRECTION('',(0.,0.,1.));
#4691 = DIRECTION('',(1.,0.,-0.));
#4692 = ORIENTED_EDGE('',*,*,#4678,.F.);
#4693 = ORIENTED_EDGE('',*,*,#1579,.T.);
#4694 = CYLINDRICAL_SURFACE('',#4695,7.075);
#4695 = AXIS2_PLACEMENT_3D('',#4696,#4697,#4698);
#4696 = CARTESIAN_POINT('',(118.,10.,-0.1));
#4697 = DIRECTION('',(0.,0.,1.));
#4698 = DIRECTION('',(1.,0.,-0.));
#4699 = ADVANCED_FACE('',(#4700),#4709,.T.);
#4700 = FACE_BOUND('',#4701,.F.);
#4701 = EDGE_LOOP('',(#4702,#4703,#4704,#4705,#4706,#4707,#4708));
#4702 = ORIENTED_EDGE('',*,*,#1608,.T.);
#4703 = ORIENTED_EDGE('',*,*,#1759,.T.);
#4704 = ORIENTED_EDGE('',*,*,#1735,.T.);
#4705 = ORIENTED_EDGE('',*,*,#1711,.T.);
#4706 = ORIENTED_EDGE('',*,*,#1687,.T.);
#4707 = ORIENTED_EDGE('',*,*,#1663,.T.);
#4708 = ORIENTED_EDGE('',*,*,#1639,.T.);
#4709 = PLANE('',#4710);
#4710 = AXIS2_PLACEMENT_3D('',#4711,#4712,#4713);
#4711 = CARTESIAN_POINT('',(117.98270974875,10.398811110492,2.7));
#4712 = DIRECTION('',(0.,0.,1.));
#4713 = DIRECTION('',(1.,0.,0.));
#4714 = ADVANCED_FACE('',(#4715),#4728,.T.);
#4715 = FACE_BOUND('',#4716,.F.);
#4716 = EDGE_LOOP('',(#4717,#4718,#4719,#4720,#4721,#4722,#4723,#4724,
    #4725,#4726,#4727));
#4717 = ORIENTED_EDGE('',*,*,#1776,.T.);
#4718 = ORIENTED_EDGE('',*,*,#1807,.T.);
#4719 = ORIENTED_EDGE('',*,*,#1855,.T.);
#4720 = ORIENTED_EDGE('',*,*,#1903,.T.);
#4721 = ORIENTED_EDGE('',*,*,#1951,.T.);
#4722 = ORIENTED_EDGE('',*,*,#1999,.T.);
#4723 = ORIENTED_EDGE('',*,*,#2023,.T.);
#4724 = ORIENTED_EDGE('',*,*,#1975,.T.);
#4725 = ORIENTED_EDGE('',*,*,#1927,.T.);
#4726 = ORIENTED_EDGE('',*,*,#1879,.T.);
#4727 = ORIENTED_EDGE('',*,*,#1831,.T.);
#4728 = PLANE('',#4729);
#4729 = AXIS2_PLACEMENT_3D('',#4730,#4731,#4732);
#4730 = CARTESIAN_POINT('',(9.861296149845,9.808368633561,2.7));
#4731 = DIRECTION('',(0.,0.,1.));
#4732 = DIRECTION('',(1.,0.,0.));
#4733 = ADVANCED_FACE('',(#4734),#4755,.T.);
#4734 = FACE_BOUND('',#4735,.F.);
#4735 = EDGE_LOOP('',(#4736,#4737,#4738,#4739,#4740,#4741,#4742,#4743,
    #4744,#4745,#4746,#4747,#4748,#4749,#4750,#4751,#4752,#4753,#4754));
#4736 = ORIENTED_EDGE('',*,*,#2040,.T.);
#4737 = ORIENTED_EDGE('',*,*,#2071,.T.);
#4738 = ORIENTED_EDGE('',*,*,#2119,.T.);
#4739 = ORIENTED_EDGE('',*,*,#2169,.T.);
#4740 = ORIENTED_EDGE('',*,*,#2219,.T.);
#4741 = ORIENTED_EDGE('',*,*,#2269,.T.);
#4742 = ORIENTED_EDGE('',*,*,#2321,.T.);
#4743 = ORIENTED_EDGE('',*,*,#2373,.T.);
#4744 = ORIENTED_EDGE('',*,*,#2425,.T.);
#4745 = ORIENTED_EDGE('',*,*,#2475,.T.);
#4746 = ORIENTED_EDGE('',*,*,#2501,.T.);
#4747 = ORIENTED_EDGE('',*,*,#2451,.T.);
#4748 = ORIENTED_EDGE('',*,*,#2399,.T.);
#4749 = ORIENTED_EDGE('',*,*,#2347,.T.);
#4750 = ORIENTED_EDGE('',*,*,#2295,.T.);
#4751 = ORIENTED_EDGE('',*,*,#2243,.T.);
#4752 = ORIENTED_EDGE('',*,*,#2193,.T.);
#4753 = ORIENTED_EDGE('',*,*,#2143,.T.);
#4754 = ORIENTED_EDGE('',*,*,#2095,.T.);
#4755 = PLANE('',#4756);
#4756 = AXIS2_PLACEMENT_3D('',#4757,#4758,#4759);
#4757 = CARTESIAN_POINT('',(28.016406159941,9.874241054235,2.7));
#4758 = DIRECTION('',(0.,0.,1.));
#4759 = DIRECTION('',(1.,0.,0.));
#4760 = ADVANCED_FACE('',(#4761),#4792,.T.);
#4761 = FACE_BOUND('',#4762,.F.);
#4762 = EDGE_LOOP('',(#4763,#4764,#4765,#4766,#4767,#4768,#4769,#4770,
    #4771,#4772,#4773,#4774,#4775,#4776,#4777,#4778,#4779,#4780,#4781,
    #4782,#4783,#4784,#4785,#4786,#4787,#4788,#4789,#4790,#4791));
#4763 = ORIENTED_EDGE('',*,*,#2520,.T.);
#4764 = ORIENTED_EDGE('',*,*,#2553,.T.);
#4765 = ORIENTED_EDGE('',*,*,#2605,.T.);
#4766 = ORIENTED_EDGE('',*,*,#2657,.T.);
#4767 = ORIENTED_EDGE('',*,*,#2709,.T.);
#4768 = ORIENTED_EDGE('',*,*,#2761,.T.);
#4769 = ORIENTED_EDGE('',*,*,#2813,.T.);
#4770 = ORIENTED_EDGE('',*,*,#2863,.T.);
#4771 = ORIENTED_EDGE('',*,*,#2913,.T.);
#4772 = ORIENTED_EDGE('',*,*,#2965,.T.);
#4773 = ORIENTED_EDGE('',*,*,#3017,.T.);
#4774 = ORIENTED_EDGE('',*,*,#3069,.T.);
#4775 = ORIENTED_EDGE('',*,*,#3121,.T.);
#4776 = ORIENTED_EDGE('',*,*,#3173,.T.);
#4777 = ORIENTED_EDGE('',*,*,#3223,.T.);
#4778 = ORIENTED_EDGE('',*,*,#3247,.T.);
#4779 = ORIENTED_EDGE('',*,*,#3197,.T.);
#4780 = ORIENTED_EDGE('',*,*,#3147,.T.);
#4781 = ORIENTED_EDGE('',*,*,#3095,.T.);
#4782 = ORIENTED_EDGE('',*,*,#3043,.T.);
#4783 = ORIENTED_EDGE('',*,*,#2991,.T.);
#4784 = ORIENTED_EDGE('',*,*,#2939,.T.);
#4785 = ORIENTED_EDGE('',*,*,#2889,.T.);
#4786 = ORIENTED_EDGE('',*,*,#2837,.T.);
#4787 = ORIENTED_EDGE('',*,*,#2787,.T.);
#4788 = ORIENTED_EDGE('',*,*,#2735,.T.);
#4789 = ORIENTED_EDGE('',*,*,#2683,.T.);
#4790 = ORIENTED_EDGE('',*,*,#2631,.T.);
#4791 = ORIENTED_EDGE('',*,*,#2579,.T.);
#4792 = PLANE('',#4793);
#4793 = AXIS2_PLACEMENT_3D('',#4794,#4795,#4796);
#4794 = CARTESIAN_POINT('',(45.999599622329,9.97758789851,2.7));
#4795 = DIRECTION('',(0.,0.,1.));
#4796 = DIRECTION('',(1.,0.,0.));
#4797 = ADVANCED_FACE('',(#4798,#4811),#4837,.T.);
#4798 = FACE_BOUND('',#4799,.F.);
#4799 = EDGE_LOOP('',(#4800,#4801,#4802,#4803,#4804,#4805,#4806,#4807,
    #4808,#4809,#4810));
#4800 = ORIENTED_EDGE('',*,*,#3264,.T.);
#4801 = ORIENTED_EDGE('',*,*,#3295,.T.);
#4802 = ORIENTED_EDGE('',*,*,#3343,.T.);
#4803 = ORIENTED_EDGE('',*,*,#3391,.T.);
#4804 = ORIENTED_EDGE('',*,*,#3439,.T.);
#4805 = ORIENTED_EDGE('',*,*,#3487,.T.);
#4806 = ORIENTED_EDGE('',*,*,#3511,.T.);
#4807 = ORIENTED_EDGE('',*,*,#3463,.T.);
#4808 = ORIENTED_EDGE('',*,*,#3415,.T.);
#4809 = ORIENTED_EDGE('',*,*,#3367,.T.);
#4810 = ORIENTED_EDGE('',*,*,#3319,.T.);
#4811 = FACE_BOUND('',#4812,.F.);
#4812 = EDGE_LOOP('',(#4813,#4823,#4831));
#4813 = ORIENTED_EDGE('',*,*,#4814,.T.);
#4814 = EDGE_CURVE('',#4815,#4817,#4819,.T.);
#4815 = VERTEX_POINT('',#4816);
#4816 = CARTESIAN_POINT('',(64.106963087248,11.080536912752,2.7));
#4817 = VERTEX_POINT('',#4818);
#4818 = CARTESIAN_POINT('',(63.044882550336,9.506040268456,2.7));
#4819 = LINE('',#4820,#4821);
#4820 = CARTESIAN_POINT('',(64.106963087248,11.080536912752,2.7));
#4821 = VECTOR('',#4822,1.);
#4822 = DIRECTION('',(-0.559217924246,-0.82902069528,0.));
#4823 = ORIENTED_EDGE('',*,*,#4824,.T.);
#4824 = EDGE_CURVE('',#4817,#4825,#4827,.T.);
#4825 = VERTEX_POINT('',#4826);
#4826 = CARTESIAN_POINT('',(64.106963087248,9.506040268456,2.7));
#4827 = LINE('',#4828,#4829);
#4828 = CARTESIAN_POINT('',(63.044882550336,9.506040268456,2.7));
#4829 = VECTOR('',#4830,1.);
#4830 = DIRECTION('',(1.,0.,0.));
#4831 = ORIENTED_EDGE('',*,*,#4832,.T.);
#4832 = EDGE_CURVE('',#4825,#4815,#4833,.T.);
#4833 = LINE('',#4834,#4835);
#4834 = CARTESIAN_POINT('',(64.106963087248,9.506040268456,2.7));
#4835 = VECTOR('',#4836,1.);
#4836 = DIRECTION('',(0.,1.,0.));
#4837 = PLANE('',#4838);
#4838 = AXIS2_PLACEMENT_3D('',#4839,#4840,#4841);
#4839 = CARTESIAN_POINT('',(64.05496164621,9.898796877788,2.7));
#4840 = DIRECTION('',(0.,0.,1.));
#4841 = DIRECTION('',(1.,0.,0.));
#4842 = ADVANCED_FACE('',(#4843),#4867,.T.);
#4843 = FACE_BOUND('',#4844,.F.);
#4844 = EDGE_LOOP('',(#4845,#4846,#4847,#4848,#4849,#4850,#4851,#4852,
    #4853,#4854,#4855,#4856,#4857,#4858,#4859,#4860,#4861,#4862,#4863,
    #4864,#4865,#4866));
#4845 = ORIENTED_EDGE('',*,*,#3528,.T.);
#4846 = ORIENTED_EDGE('',*,*,#3559,.T.);
#4847 = ORIENTED_EDGE('',*,*,#3607,.T.);
#4848 = ORIENTED_EDGE('',*,*,#3657,.T.);
#4849 = ORIENTED_EDGE('',*,*,#3707,.T.);
#4850 = ORIENTED_EDGE('',*,*,#3759,.T.);
#4851 = ORIENTED_EDGE('',*,*,#3811,.T.);
#4852 = ORIENTED_EDGE('',*,*,#3863,.T.);
#4853 = ORIENTED_EDGE('',*,*,#3915,.T.);
#4854 = ORIENTED_EDGE('',*,*,#3967,.T.);
#4855 = ORIENTED_EDGE('',*,*,#4019,.T.);
#4856 = ORIENTED_EDGE('',*,*,#4069,.T.);
#4857 = ORIENTED_EDGE('',*,*,#4045,.T.);
#4858 = ORIENTED_EDGE('',*,*,#3993,.T.);
#4859 = ORIENTED_EDGE('',*,*,#3941,.T.);
#4860 = ORIENTED_EDGE('',*,*,#3889,.T.);
#4861 = ORIENTED_EDGE('',*,*,#3837,.T.);
#4862 = ORIENTED_EDGE('',*,*,#3785,.T.);
#4863 = ORIENTED_EDGE('',*,*,#3733,.T.);
#4864 = ORIENTED_EDGE('',*,*,#3681,.T.);
#4865 = ORIENTED_EDGE('',*,*,#3631,.T.);
#4866 = ORIENTED_EDGE('',*,*,#3583,.T.);
#4867 = PLANE('',#4868);
#4868 = AXIS2_PLACEMENT_3D('',#4869,#4870,#4871);
#4869 = CARTESIAN_POINT('',(81.912411339734,10.072344011071,2.7));
#4870 = DIRECTION('',(0.,0.,1.));
#4871 = DIRECTION('',(1.,0.,0.));
#4872 = ADVANCED_FACE('',(#4873,#4892),#4958,.T.);
#4873 = FACE_BOUND('',#4874,.F.);
#4874 = EDGE_LOOP('',(#4875,#4876,#4877,#4878,#4879,#4880,#4881,#4882,
    #4883,#4884,#4885,#4886,#4887,#4888,#4889,#4890,#4891));
#4875 = ORIENTED_EDGE('',*,*,#4088,.T.);
#4876 = ORIENTED_EDGE('',*,*,#4119,.T.);
#4877 = ORIENTED_EDGE('',*,*,#4171,.T.);
#4878 = ORIENTED_EDGE('',*,*,#4223,.T.);
#4879 = ORIENTED_EDGE('',*,*,#4275,.T.);
#4880 = ORIENTED_EDGE('',*,*,#4327,.T.);
#4881 = ORIENTED_EDGE('',*,*,#4379,.T.);
#4882 = ORIENTED_EDGE('',*,*,#4431,.T.);
#4883 = ORIENTED_EDGE('',*,*,#4483,.T.);
#4884 = ORIENTED_EDGE('',*,*,#4509,.T.);
#4885 = ORIENTED_EDGE('',*,*,#4457,.T.);
#4886 = ORIENTED_EDGE('',*,*,#4405,.T.);
#4887 = ORIENTED_EDGE('',*,*,#4353,.T.);
#4888 = ORIENTED_EDGE('',*,*,#4301,.T.);
#4889 = ORIENTED_EDGE('',*,*,#4249,.T.);
#4890 = ORIENTED_EDGE('',*,*,#4197,.T.);
#4891 = ORIENTED_EDGE('',*,*,#4145,.T.);
#4892 = FACE_BOUND('',#4893,.F.);
#4893 = EDGE_LOOP('',(#4894,#4904,#4912,#4920,#4928,#4936,#4944,#4952));
#4894 = ORIENTED_EDGE('',*,*,#4895,.T.);
#4895 = EDGE_CURVE('',#4896,#4898,#4900,.T.);
#4896 = VERTEX_POINT('',#4897);
#4897 = CARTESIAN_POINT('',(100.05033557047,9.98389261745,2.7));
#4898 = VERTEX_POINT('',#4899);
#4899 = CARTESIAN_POINT('',(99.668959731544,9.818791946309,2.7));
#4900 = B_SPLINE_CURVE_WITH_KNOTS('',2,(#4901,#4902,#4903),
  .UNSPECIFIED.,.F.,.F.,(3,3),(0.,1.),.PIECEWISE_BEZIER_KNOTS.);
#4901 = CARTESIAN_POINT('',(100.05033557047,9.98389261745,2.7));
#4902 = CARTESIAN_POINT('',(99.796140939597,9.98389261745,2.7));
#4903 = CARTESIAN_POINT('',(99.668959731544,9.818791946309,2.7));
#4904 = ORIENTED_EDGE('',*,*,#4905,.T.);
#4905 = EDGE_CURVE('',#4898,#4906,#4908,.T.);
#4906 = VERTEX_POINT('',#4907);
#4907 = CARTESIAN_POINT('',(99.541946308725,9.323489932886,2.7));
#4908 = B_SPLINE_CURVE_WITH_KNOTS('',2,(#4909,#4910,#4911),
  .UNSPECIFIED.,.F.,.F.,(3,3),(0.,1.),.PIECEWISE_BEZIER_KNOTS.);
#4909 = CARTESIAN_POINT('',(99.668959731544,9.818791946309,2.7));
#4910 = CARTESIAN_POINT('',(99.541946308725,9.653691275168,2.7));
#4911 = CARTESIAN_POINT('',(99.541946308725,9.323489932886,2.7));
#4912 = ORIENTED_EDGE('',*,*,#4913,.T.);
#4913 = EDGE_CURVE('',#4906,#4914,#4916,.T.);
#4914 = VERTEX_POINT('',#4915);
#4915 = CARTESIAN_POINT('',(99.668959731544,8.828187919463,2.7));
#4916 = B_SPLINE_CURVE_WITH_KNOTS('',2,(#4917,#4918,#4919),
  .UNSPECIFIED.,.F.,.F.,(3,3),(0.,1.),.PIECEWISE_BEZIER_KNOTS.);
#4917 = CARTESIAN_POINT('',(99.541946308725,9.323489932886,2.7));
#4918 = CARTESIAN_POINT('',(99.541946308725,8.993288590604,2.7));
#4919 = CARTESIAN_POINT('',(99.668959731544,8.828187919463,2.7));
#4920 = ORIENTED_EDGE('',*,*,#4921,.T.);
#4921 = EDGE_CURVE('',#4914,#4922,#4924,.T.);
#4922 = VERTEX_POINT('',#4923);
#4923 = CARTESIAN_POINT('',(100.05033557047,8.663087248322,2.7));
#4924 = B_SPLINE_CURVE_WITH_KNOTS('',2,(#4925,#4926,#4927),
  .UNSPECIFIED.,.F.,.F.,(3,3),(0.,1.),.PIECEWISE_BEZIER_KNOTS.);
#4925 = CARTESIAN_POINT('',(99.668959731544,8.828187919463,2.7));
#4926 = CARTESIAN_POINT('',(99.796140939597,8.663087248322,2.7));
#4927 = CARTESIAN_POINT('',(100.05033557047,8.663087248322,2.7));
#4928 = ORIENTED_EDGE('',*,*,#4929,.T.);
#4929 = EDGE_CURVE('',#4922,#4930,#4932,.T.);
#4930 = VERTEX_POINT('',#4931);
#4931 = CARTESIAN_POINT('',(100.43406040268,8.828187919463,2.7));
#4932 = B_SPLINE_CURVE_WITH_KNOTS('',2,(#4933,#4934,#4935),
  .UNSPECIFIED.,.F.,.F.,(3,3),(0.,1.),.PIECEWISE_BEZIER_KNOTS.);
#4933 = CARTESIAN_POINT('',(100.05033557047,8.663087248322,2.7));
#4934 = CARTESIAN_POINT('',(100.30704697986,8.663087248322,2.7));
#4935 = CARTESIAN_POINT('',(100.43406040268,8.828187919463,2.7));
#4936 = ORIENTED_EDGE('',*,*,#4937,.T.);
#4937 = EDGE_CURVE('',#4930,#4938,#4940,.T.);
#4938 = VERTEX_POINT('',#4939);
#4939 = CARTESIAN_POINT('',(100.56124161073,9.323489932886,2.7));
#4940 = B_SPLINE_CURVE_WITH_KNOTS('',2,(#4941,#4942,#4943),
  .UNSPECIFIED.,.F.,.F.,(3,3),(0.,1.),.PIECEWISE_BEZIER_KNOTS.);
#4941 = CARTESIAN_POINT('',(100.43406040268,8.828187919463,2.7));
#4942 = CARTESIAN_POINT('',(100.56124161073,8.993288590604,2.7));
#4943 = CARTESIAN_POINT('',(100.56124161073,9.323489932886,2.7));
#4944 = ORIENTED_EDGE('',*,*,#4945,.T.);
#4945 = EDGE_CURVE('',#4938,#4946,#4948,.T.);
#4946 = VERTEX_POINT('',#4947);
#4947 = CARTESIAN_POINT('',(100.43406040268,9.818791946309,2.7));
#4948 = B_SPLINE_CURVE_WITH_KNOTS('',2,(#4949,#4950,#4951),
  .UNSPECIFIED.,.F.,.F.,(3,3),(0.,1.),.PIECEWISE_BEZIER_KNOTS.);
#4949 = CARTESIAN_POINT('',(100.56124161073,9.323489932886,2.7));
#4950 = CARTESIAN_POINT('',(100.56124161073,9.653691275168,2.7));
#4951 = CARTESIAN_POINT('',(100.43406040268,9.818791946309,2.7));
#4952 = ORIENTED_EDGE('',*,*,#4953,.T.);
#4953 = EDGE_CURVE('',#4946,#4896,#4954,.T.);
#4954 = B_SPLINE_CURVE_WITH_KNOTS('',2,(#4955,#4956,#4957),
  .UNSPECIFIED.,.F.,.F.,(3,3),(0.,1.),.PIECEWISE_BEZIER_KNOTS.);
#4955 = CARTESIAN_POINT('',(100.43406040268,9.818791946309,2.7));
#4956 = CARTESIAN_POINT('',(100.30704697986,9.98389261745,2.7));
#4957 = CARTESIAN_POINT('',(100.05033557047,9.98389261745,2.7));
#4958 = PLANE('',#4959);
#4959 = AXIS2_PLACEMENT_3D('',#4960,#4961,#4962);
#4960 = CARTESIAN_POINT('',(100.04496528425,10.034314376104,2.7));
#4961 = DIRECTION('',(0.,0.,1.));
#4962 = DIRECTION('',(1.,0.,0.));
#4963 = ADVANCED_FACE('',(#4964),#4967,.F.);
#4964 = FACE_BOUND('',#4965,.F.);
#4965 = EDGE_LOOP('',(#4966));
#4966 = ORIENTED_EDGE('',*,*,#4536,.T.);
#4967 = PLANE('',#4968);
#4968 = AXIS2_PLACEMENT_3D('',#4969,#4970,#4971);
#4969 = CARTESIAN_POINT('',(10.,10.,1.8));
#4970 = DIRECTION('',(0.,0.,1.));
#4971 = DIRECTION('',(1.,0.,-0.));
#4972 = ADVANCED_FACE('',(#4973),#4976,.F.);
#4973 = FACE_BOUND('',#4974,.F.);
#4974 = EDGE_LOOP('',(#4975));
#4975 = ORIENTED_EDGE('',*,*,#4561,.T.);
#4976 = PLANE('',#4977);
#4977 = AXIS2_PLACEMENT_3D('',#4978,#4979,#4980);
#4978 = CARTESIAN_POINT('',(28.,10.,1.8));
#4979 = DIRECTION('',(0.,0.,1.));
#4980 = DIRECTION('',(1.,0.,-0.));
#4981 = ADVANCED_FACE('',(#4982),#4985,.F.);
#4982 = FACE_BOUND('',#4983,.F.);
#4983 = EDGE_LOOP('',(#4984));
#4984 = ORIENTED_EDGE('',*,*,#4586,.T.);
#4985 = PLANE('',#4986);
#4986 = AXIS2_PLACEMENT_3D('',#4987,#4988,#4989);
#4987 = CARTESIAN_POINT('',(46.,10.,1.8));
#4988 = DIRECTION('',(0.,0.,1.));
#4989 = DIRECTION('',(1.,0.,-0.));
#4990 = ADVANCED_FACE('',(#4991),#4994,.F.);
#4991 = FACE_BOUND('',#4992,.F.);
#4992 = EDGE_LOOP('',(#4993));
#4993 = ORIENTED_EDGE('',*,*,#4611,.T.);
#4994 = PLANE('',#4995);
#4995 = AXIS2_PLACEMENT_3D('',#4996,#4997,#4998);
#4996 = CARTESIAN_POINT('',(64.,10.,1.8));
#4997 = DIRECTION('',(0.,0.,1.));
#4998 = DIRECTION('',(1.,0.,-0.));
#4999 = ADVANCED_FACE('',(#5000),#5003,.F.);
#5000 = FACE_BOUND('',#5001,.F.);
#5001 = EDGE_LOOP('',(#5002));
#5002 = ORIENTED_EDGE('',*,*,#4636,.T.);
#5003 = PLANE('',#5004);
#5004 = AXIS2_PLACEMENT_3D('',#5005,#5006,#5007);
#5005 = CARTESIAN_POINT('',(82.,10.,1.8));
#5006 = DIRECTION('',(0.,0.,1.));
#5007 = DIRECTION('',(1.,0.,-0.));
#5008 = ADVANCED_FACE('',(#5009),#5012,.F.);
#5009 = FACE_BOUND('',#5010,.F.);
#5010 = EDGE_LOOP('',(#5011));
#5011 = ORIENTED_EDGE('',*,*,#4661,.T.);
#5012 = PLANE('',#5013);
#5013 = AXIS2_PLACEMENT_3D('',#5014,#5015,#5016);
#5014 = CARTESIAN_POINT('',(100.,10.,1.8));
#5015 = DIRECTION('',(0.,0.,1.));
#5016 = DIRECTION('',(1.,0.,-0.));
#5017 = ADVANCED_FACE('',(#5018),#5021,.F.);
#5018 = FACE_BOUND('',#5019,.F.);
#5019 = EDGE_LOOP('',(#5020));
#5020 = ORIENTED_EDGE('',*,*,#4686,.T.);
#5021 = PLANE('',#5022);
#5022 = AXIS2_PLACEMENT_3D('',#5023,#5024,#5025);
#5023 = CARTESIAN_POINT('',(118.,10.,1.8));
#5024 = DIRECTION('',(0.,0.,1.));
#5025 = DIRECTION('',(1.,0.,-0.));
#5026 = ADVANCED_FACE('',(#5027),#5052,.F.);
#5027 = FACE_BOUND('',#5028,.F.);
#5028 = EDGE_LOOP('',(#5029,#5030,#5038,#5046));
#5029 = ORIENTED_EDGE('',*,*,#4814,.F.);
#5030 = ORIENTED_EDGE('',*,*,#5031,.T.);
#5031 = EDGE_CURVE('',#4815,#5032,#5034,.T.);
#5032 = VERTEX_POINT('',#5033);
#5033 = CARTESIAN_POINT('',(64.106963087248,11.080536912752,3.2));
#5034 = LINE('',#5035,#5036);
#5035 = CARTESIAN_POINT('',(64.106963087248,11.080536912752,2.7));
#5036 = VECTOR('',#5037,1.);
#5037 = DIRECTION('',(0.,0.,1.));
#5038 = ORIENTED_EDGE('',*,*,#5039,.F.);
#5039 = EDGE_CURVE('',#5040,#5032,#5042,.T.);
#5040 = VERTEX_POINT('',#5041);
#5041 = CARTESIAN_POINT('',(63.044882550336,9.506040268456,3.2));
#5042 = LINE('',#5043,#5044);
#5043 = CARTESIAN_POINT('',(51.514561746164,-7.587250478202,3.2));
#5044 = VECTOR('',#5045,1.);
#5045 = DIRECTION('',(0.559217924246,0.82902069528,-0.));
#5046 = ORIENTED_EDGE('',*,*,#5047,.F.);
#5047 = EDGE_CURVE('',#4817,#5040,#5048,.T.);
#5048 = LINE('',#5049,#5050);
#5049 = CARTESIAN_POINT('',(63.044882550336,9.506040268456,2.7));
#5050 = VECTOR('',#5051,1.);
#5051 = DIRECTION('',(0.,0.,1.));
#5052 = PLANE('',#5053);
#5053 = AXIS2_PLACEMENT_3D('',#5054,#5055,#5056);
#5054 = CARTESIAN_POINT('',(64.106963087248,11.080536912752,2.7));
#5055 = DIRECTION('',(0.82902069528,-0.559217924246,0.));
#5056 = DIRECTION('',(-0.559217924246,-0.82902069528,0.));
#5057 = ADVANCED_FACE('',(#5058),#5076,.F.);
#5058 = FACE_BOUND('',#5059,.F.);
#5059 = EDGE_LOOP('',(#5060,#5061,#5062,#5070));
#5060 = ORIENTED_EDGE('',*,*,#4824,.F.);
#5061 = ORIENTED_EDGE('',*,*,#5047,.T.);
#5062 = ORIENTED_EDGE('',*,*,#5063,.F.);
#5063 = EDGE_CURVE('',#5064,#5040,#5066,.T.);
#5064 = VERTEX_POINT('',#5065);
#5065 = CARTESIAN_POINT('',(64.106963087248,9.506040268456,3.2));
#5066 = LINE('',#5067,#5068);
#5067 = CARTESIAN_POINT('',(31.522441275168,9.506040268456,3.2));
#5068 = VECTOR('',#5069,1.);
#5069 = DIRECTION('',(-1.,0.,0.));
#5070 = ORIENTED_EDGE('',*,*,#5071,.F.);
#5071 = EDGE_CURVE('',#4825,#5064,#5072,.T.);
#5072 = LINE('',#5073,#5074);
#5073 = CARTESIAN_POINT('',(64.106963087248,9.506040268456,2.7));
#5074 = VECTOR('',#5075,1.);
#5075 = DIRECTION('',(0.,0.,1.));
#5076 = PLANE('',#5077);
#5077 = AXIS2_PLACEMENT_3D('',#5078,#5079,#5080);
#5078 = CARTESIAN_POINT('',(63.044882550336,9.506040268456,2.7));
#5079 = DIRECTION('',(0.,1.,0.));
#5080 = DIRECTION('',(1.,0.,0.));
#5081 = ADVANCED_FACE('',(#5082),#5093,.F.);
#5082 = FACE_BOUND('',#5083,.F.);
#5083 = EDGE_LOOP('',(#5084,#5085,#5086,#5092));
#5084 = ORIENTED_EDGE('',*,*,#4832,.F.);
#5085 = ORIENTED_EDGE('',*,*,#5071,.T.);
#5086 = ORIENTED_EDGE('',*,*,#5087,.F.);
#5087 = EDGE_CURVE('',#5032,#5064,#5088,.T.);
#5088 = LINE('',#5089,#5090);
#5089 = CARTESIAN_POINT('',(64.106963087248,4.753020134228,3.2));
#5090 = VECTOR('',#5091,1.);
#5091 = DIRECTION('',(0.,-1.,0.));
#5092 = ORIENTED_EDGE('',*,*,#5031,.F.);
#5093 = PLANE('',#5094);
#5094 = AXIS2_PLACEMENT_3D('',#5095,#5096,#5097);
#5095 = CARTESIAN_POINT('',(64.106963087248,9.506040268456,2.7));
#5096 = DIRECTION('',(-1.,0.,0.));
#5097 = DIRECTION('',(0.,1.,0.));
#5098 = ADVANCED_FACE('',(#5099),#5131,.F.);
#5099 = FACE_BOUND('',#5100,.F.);
#5100 = EDGE_LOOP('',(#5101,#5102,#5110,#5125));
#5101 = ORIENTED_EDGE('',*,*,#4895,.F.);
#5102 = ORIENTED_EDGE('',*,*,#5103,.T.);
#5103 = EDGE_CURVE('',#4896,#5104,#5106,.T.);
#5104 = VERTEX_POINT('',#5105);
#5105 = CARTESIAN_POINT('',(100.05033557047,9.98389261745,3.2));
#5106 = LINE('',#5107,#5108);
#5107 = CARTESIAN_POINT('',(100.05033557047,9.98389261745,2.7));
#5108 = VECTOR('',#5109,1.);
#5109 = DIRECTION('',(0.,0.,1.));
#5110 = ORIENTED_EDGE('',*,*,#5111,.F.);
#5111 = EDGE_CURVE('',#5112,#5104,#5114,.T.);
#5112 = VERTEX_POINT('',#5113);
#5113 = CARTESIAN_POINT('',(99.668959731544,9.818791946309,3.2));
#5114 = B_SPLINE_CURVE_WITH_KNOTS('',5,(#5115,#5116,#5117,#5118,#5119,
    #5120,#5121,#5122,#5123,#5124),.UNSPECIFIED.,.F.,.F.,(6,4,6),(0.,
    0.25374676084,1.),.UNSPECIFIED.);
#5115 = CARTESIAN_POINT('',(99.668959731544,9.818791946309,3.2));
#5116 = CARTESIAN_POINT('',(99.68194094377,9.835643546349,3.2));
#5117 = CARTESIAN_POINT('',(99.695780537443,9.85146091457,3.2));
#5118 = CARTESIAN_POINT('',(99.710476458064,9.866220342258,3.2));
#5119 = CARTESIAN_POINT('',(99.726020931051,9.879904702934,3.2));
#5120 = CARTESIAN_POINT('',(99.790571629707,9.929555580735,3.2));
#5121 = CARTESIAN_POINT('',(99.84597464989,9.957225614927,3.2));
#5122 = CARTESIAN_POINT('',(99.908242675118,9.975221093434,3.2));
#5123 = CARTESIAN_POINT('',(99.97664772025,9.98389261745,3.2));
#5124 = CARTESIAN_POINT('',(100.05033557047,9.98389261745,3.2));
#5125 = ORIENTED_EDGE('',*,*,#5126,.F.);
#5126 = EDGE_CURVE('',#4898,#5112,#5127,.T.);
#5127 = LINE('',#5128,#5129);
#5128 = CARTESIAN_POINT('',(99.668959731544,9.818791946309,2.7));
#5129 = VECTOR('',#5130,1.);
#5130 = DIRECTION('',(0.,0.,1.));
#5131 = SURFACE_OF_LINEAR_EXTRUSION('',#5132,#5136);
#5132 = B_SPLINE_CURVE_WITH_KNOTS('',2,(#5133,#5134,#5135),
  .UNSPECIFIED.,.F.,.F.,(3,3),(0.,1.),.PIECEWISE_BEZIER_KNOTS.);
#5133 = CARTESIAN_POINT('',(100.05033557047,9.98389261745,2.7));
#5134 = CARTESIAN_POINT('',(99.796140939597,9.98389261745,2.7));
#5135 = CARTESIAN_POINT('',(99.668959731544,9.818791946309,2.7));
#5136 = VECTOR('',#5137,1.);
#5137 = DIRECTION('',(-0.,-0.,-1.));
#5138 = ADVANCED_FACE('',(#5139),#5161,.F.);
#5139 = FACE_BOUND('',#5140,.F.);
#5140 = EDGE_LOOP('',(#5141,#5142,#5143,#5155));
#5141 = ORIENTED_EDGE('',*,*,#4905,.F.);
#5142 = ORIENTED_EDGE('',*,*,#5126,.T.);
#5143 = ORIENTED_EDGE('',*,*,#5144,.F.);
#5144 = EDGE_CURVE('',#5145,#5112,#5147,.T.);
#5145 = VERTEX_POINT('',#5146);
#5146 = CARTESIAN_POINT('',(99.541946308725,9.323489932886,3.2));
#5147 = B_SPLINE_CURVE_WITH_KNOTS('',6,(#5148,#5149,#5150,#5151,#5152,
    #5153,#5154),.UNSPECIFIED.,.F.,.F.,(7,7),(0.,1.),
  .PIECEWISE_BEZIER_KNOTS.);
#5148 = CARTESIAN_POINT('',(99.541946308725,9.323489932886,3.2));
#5149 = CARTESIAN_POINT('',(99.541946308725,9.42717264362,3.2));
#5150 = CARTESIAN_POINT('',(99.549459980584,9.524095227912,3.2));
#5151 = CARTESIAN_POINT('',(99.56530486287,9.613016528829,3.2));
#5152 = CARTESIAN_POINT('',(99.590249540357,9.69256579267,3.2));
#5153 = CARTESIAN_POINT('',(99.624832798856,9.761432763,3.2));
#5154 = CARTESIAN_POINT('',(99.668959731544,9.818791946309,3.2));
#5155 = ORIENTED_EDGE('',*,*,#5156,.F.);
#5156 = EDGE_CURVE('',#4906,#5145,#5157,.T.);
#5157 = LINE('',#5158,#5159);
#5158 = CARTESIAN_POINT('',(99.541946308725,9.323489932886,2.7));
#5159 = VECTOR('',#5160,1.);
#5160 = DIRECTION('',(0.,0.,1.));
#5161 = SURFACE_OF_LINEAR_EXTRUSION('',#5162,#5166);
#5162 = B_SPLINE_CURVE_WITH_KNOTS('',2,(#5163,#5164,#5165),
  .UNSPECIFIED.,.F.,.F.,(3,3),(0.,1.),.PIECEWISE_BEZIER_KNOTS.);
#5163 = CARTESIAN_POINT('',(99.668959731544,9.818791946309,2.7));
#5164 = CARTESIAN_POINT('',(99.541946308725,9.653691275168,2.7));
#5165 = CARTESIAN_POINT('',(99.541946308725,9.323489932886,2.7));
#5166 = VECTOR('',#5167,1.);
#5167 = DIRECTION('',(-0.,-0.,-1.));
#5168 = ADVANCED_FACE('',(#5169),#5191,.F.);
#5169 = FACE_BOUND('',#5170,.F.);
#5170 = EDGE_LOOP('',(#5171,#5172,#5173,#5185));
#5171 = ORIENTED_EDGE('',*,*,#4913,.F.);
#5172 = ORIENTED_EDGE('',*,*,#5156,.T.);
#5173 = ORIENTED_EDGE('',*,*,#5174,.F.);
#5174 = EDGE_CURVE('',#5175,#5145,#5177,.T.);
#5175 = VERTEX_POINT('',#5176);
#5176 = CARTESIAN_POINT('',(99.668959731544,8.828187919463,3.2));
#5177 = B_SPLINE_CURVE_WITH_KNOTS('',6,(#5178,#5179,#5180,#5181,#5182,
    #5183,#5184),.UNSPECIFIED.,.F.,.F.,(7,7),(0.,1.),
  .PIECEWISE_BEZIER_KNOTS.);
#5178 = CARTESIAN_POINT('',(99.668959731544,8.828187919463,3.2));
#5179 = CARTESIAN_POINT('',(99.624832802193,8.885547098434,3.2));
#5180 = CARTESIAN_POINT('',(99.590249535004,8.954414076391,3.2));
#5181 = CARTESIAN_POINT('',(99.565304860238,9.03396335134,3.2));
#5182 = CARTESIAN_POINT('',(99.549459982019,9.122884645747,3.2));
#5183 = CARTESIAN_POINT('',(99.541946308725,9.21980721221,3.2));
#5184 = CARTESIAN_POINT('',(99.541946308725,9.323489932886,3.2));
#5185 = ORIENTED_EDGE('',*,*,#5186,.F.);
#5186 = EDGE_CURVE('',#4914,#5175,#5187,.T.);
#5187 = LINE('',#5188,#5189);
#5188 = CARTESIAN_POINT('',(99.668959731544,8.828187919463,2.7));
#5189 = VECTOR('',#5190,1.);
#5190 = DIRECTION('',(0.,0.,1.));
#5191 = SURFACE_OF_LINEAR_EXTRUSION('',#5192,#5196);
#5192 = B_SPLINE_CURVE_WITH_KNOTS('',2,(#5193,#5194,#5195),
  .UNSPECIFIED.,.F.,.F.,(3,3),(0.,1.),.PIECEWISE_BEZIER_KNOTS.);
#5193 = CARTESIAN_POINT('',(99.541946308725,9.323489932886,2.7));
#5194 = CARTESIAN_POINT('',(99.541946308725,8.993288590604,2.7));
#5195 = CARTESIAN_POINT('',(99.668959731544,8.828187919463,2.7));
#5196 = VECTOR('',#5197,1.);
#5197 = DIRECTION('',(-0.,-0.,-1.));
#5198 = ADVANCED_FACE('',(#5199),#5224,.F.);
#5199 = FACE_BOUND('',#5200,.F.);
#5200 = EDGE_LOOP('',(#5201,#5202,#5203,#5218));
#5201 = ORIENTED_EDGE('',*,*,#4921,.F.);
#5202 = ORIENTED_EDGE('',*,*,#5186,.T.);
#5203 = ORIENTED_EDGE('',*,*,#5204,.F.);
#5204 = EDGE_CURVE('',#5205,#5175,#5207,.T.);
#5205 = VERTEX_POINT('',#5206);
#5206 = CARTESIAN_POINT('',(100.05033557047,8.663087248322,3.2));
#5207 = B_SPLINE_CURVE_WITH_KNOTS('',5,(#5208,#5209,#5210,#5211,#5212,
    #5213,#5214,#5215,#5216,#5217),.UNSPECIFIED.,.F.,.F.,(6,4,6),(0.,
    0.74724278402,1.),.UNSPECIFIED.);
#5208 = CARTESIAN_POINT('',(100.05033557047,8.663087248322,3.2));
#5209 = CARTESIAN_POINT('',(99.976550038227,8.663087248322,3.2));
#5210 = CARTESIAN_POINT('',(99.908061235759,8.671781777137,3.2));
#5211 = CARTESIAN_POINT('',(99.84572696455,8.689825911207,3.2));
#5212 = CARTESIAN_POINT('',(99.7902778652,8.717571129125,3.2));
#5213 = CARTESIAN_POINT('',(99.725778520729,8.767288730943,3.2));
#5214 = CARTESIAN_POINT('',(99.710304559034,8.780932253149,3.2));
#5215 = CARTESIAN_POINT('',(99.69567260429,8.795642339977,3.2));
#5216 = CARTESIAN_POINT('',(99.681890318455,8.811402038829,3.2));
#5217 = CARTESIAN_POINT('',(99.668959731544,8.828187919463,3.2));
#5218 = ORIENTED_EDGE('',*,*,#5219,.F.);
#5219 = EDGE_CURVE('',#4922,#5205,#5220,.T.);
#5220 = LINE('',#5221,#5222);
#5221 = CARTESIAN_POINT('',(100.05033557047,8.663087248322,2.7));
#5222 = VECTOR('',#5223,1.);
#5223 = DIRECTION('',(0.,0.,1.));
#5224 = SURFACE_OF_LINEAR_EXTRUSION('',#5225,#5229);
#5225 = B_SPLINE_CURVE_WITH_KNOTS('',2,(#5226,#5227,#5228),
  .UNSPECIFIED.,.F.,.F.,(3,3),(0.,1.),.PIECEWISE_BEZIER_KNOTS.);
#5226 = CARTESIAN_POINT('',(99.668959731544,8.828187919463,2.7));
#5227 = CARTESIAN_POINT('',(99.796140939597,8.663087248322,2.7));
#5228 = CARTESIAN_POINT('',(100.05033557047,8.663087248322,2.7));
#5229 = VECTOR('',#5230,1.);
#5230 = DIRECTION('',(-0.,-0.,-1.));
#5231 = ADVANCED_FACE('',(#5232),#5257,.F.);
#5232 = FACE_BOUND('',#5233,.F.);
#5233 = EDGE_LOOP('',(#5234,#5235,#5236,#5251));
#5234 = ORIENTED_EDGE('',*,*,#4929,.F.);
#5235 = ORIENTED_EDGE('',*,*,#5219,.T.);
#5236 = ORIENTED_EDGE('',*,*,#5237,.F.);
#5237 = EDGE_CURVE('',#5238,#5205,#5240,.T.);
#5238 = VERTEX_POINT('',#5239);
#5239 = CARTESIAN_POINT('',(100.43406040268,8.828187919463,3.2));
#5240 = B_SPLINE_CURVE_WITH_KNOTS('',5,(#5241,#5242,#5243,#5244,#5245,
    #5246,#5247,#5248,#5249,#5250),.UNSPECIFIED.,.F.,.F.,(6,4,6),(0.,
    0.241687952682,1.),.UNSPECIFIED.);
#5241 = CARTESIAN_POINT('',(100.43406040268,8.828187919463,3.2));
#5242 = CARTESIAN_POINT('',(100.42170108225,8.812122435572,3.2));
#5243 = CARTESIAN_POINT('',(100.40854656589,8.796998011564,3.2));
#5244 = CARTESIAN_POINT('',(100.39459884305,8.78283512348,3.2));
#5245 = CARTESIAN_POINT('',(100.37986478663,8.769648720613,3.2));
#5246 = CARTESIAN_POINT('',(100.31569678221,8.719168359576,3.2));
#5247 = CARTESIAN_POINT('',(100.25940207286,8.690585908867,3.2));
#5248 = CARTESIAN_POINT('',(100.19586121114,8.672019866188,3.2));
#5249 = CARTESIAN_POINT('',(100.12586486826,8.663087248322,3.2));
#5250 = CARTESIAN_POINT('',(100.05033557047,8.663087248322,3.2));
#5251 = ORIENTED_EDGE('',*,*,#5252,.F.);
#5252 = EDGE_CURVE('',#4930,#5238,#5253,.T.);
#5253 = LINE('',#5254,#5255);
#5254 = CARTESIAN_POINT('',(100.43406040268,8.828187919463,2.7));
#5255 = VECTOR('',#5256,1.);
#5256 = DIRECTION('',(0.,0.,1.));
#5257 = SURFACE_OF_LINEAR_EXTRUSION('',#5258,#5262);
#5258 = B_SPLINE_CURVE_WITH_KNOTS('',2,(#5259,#5260,#5261),
  .UNSPECIFIED.,.F.,.F.,(3,3),(0.,1.),.PIECEWISE_BEZIER_KNOTS.);
#5259 = CARTESIAN_POINT('',(100.05033557047,8.663087248322,2.7));
#5260 = CARTESIAN_POINT('',(100.30704697986,8.663087248322,2.7));
#5261 = CARTESIAN_POINT('',(100.43406040268,8.828187919463,2.7));
#5262 = VECTOR('',#5263,1.);
#5263 = DIRECTION('',(-0.,-0.,-1.));
#5264 = ADVANCED_FACE('',(#5265),#5287,.F.);
#5265 = FACE_BOUND('',#5266,.F.);
#5266 = EDGE_LOOP('',(#5267,#5268,#5269,#5281));
#5267 = ORIENTED_EDGE('',*,*,#4937,.F.);
#5268 = ORIENTED_EDGE('',*,*,#5252,.T.);
#5269 = ORIENTED_EDGE('',*,*,#5270,.F.);
#5270 = EDGE_CURVE('',#5271,#5238,#5273,.T.);
#5271 = VERTEX_POINT('',#5272);
#5272 = CARTESIAN_POINT('',(100.56124161073,9.323489932886,3.2));
#5273 = B_SPLINE_CURVE_WITH_KNOTS('',6,(#5274,#5275,#5276,#5277,#5278,
    #5279,#5280),.UNSPECIFIED.,.F.,.F.,(7,7),(0.,1.),
  .PIECEWISE_BEZIER_KNOTS.);
#5274 = CARTESIAN_POINT('',(100.56124161073,9.323489932886,3.2));
#5275 = CARTESIAN_POINT('',(100.56124161073,9.21980489087,3.2));
#5276 = CARTESIAN_POINT('',(100.55371767436,9.122880162539,3.2));
#5277 = CARTESIAN_POINT('',(100.53785109978,9.033957772301,3.2));
#5278 = CARTESIAN_POINT('',(100.51287254964,8.954409052562,3.2));
#5279 = CARTESIAN_POINT('',(100.47824341373,8.885544229324,3.2));
#5280 = CARTESIAN_POINT('',(100.43406040268,8.828187919463,3.2));
#5281 = ORIENTED_EDGE('',*,*,#5282,.F.);
#5282 = EDGE_CURVE('',#4938,#5271,#5283,.T.);
#5283 = LINE('',#5284,#5285);
#5284 = CARTESIAN_POINT('',(100.56124161073,9.323489932886,2.7));
#5285 = VECTOR('',#5286,1.);
#5286 = DIRECTION('',(0.,0.,1.));
#5287 = SURFACE_OF_LINEAR_EXTRUSION('',#5288,#5292);
#5288 = B_SPLINE_CURVE_WITH_KNOTS('',2,(#5289,#5290,#5291),
  .UNSPECIFIED.,.F.,.F.,(3,3),(0.,1.),.PIECEWISE_BEZIER_KNOTS.);
#5289 = CARTESIAN_POINT('',(100.43406040268,8.828187919463,2.7));
#5290 = CARTESIAN_POINT('',(100.56124161073,8.993288590604,2.7));
#5291 = CARTESIAN_POINT('',(100.56124161073,9.323489932886,2.7));
#5292 = VECTOR('',#5293,1.);
#5293 = DIRECTION('',(-0.,-0.,-1.));
#5294 = ADVANCED_FACE('',(#5295),#5317,.F.);
#5295 = FACE_BOUND('',#5296,.F.);
#5296 = EDGE_LOOP('',(#5297,#5298,#5299,#5311));
#5297 = ORIENTED_EDGE('',*,*,#4945,.F.);
#5298 = ORIENTED_EDGE('',*,*,#5282,.T.);
#5299 = ORIENTED_EDGE('',*,*,#5300,.F.);
#5300 = EDGE_CURVE('',#5301,#5271,#5303,.T.);
#5301 = VERTEX_POINT('',#5302);
#5302 = CARTESIAN_POINT('',(100.43406040268,9.818791946309,3.2));
#5303 = B_SPLINE_CURVE_WITH_KNOTS('',6,(#5304,#5305,#5306,#5307,#5308,
    #5309,#5310),.UNSPECIFIED.,.F.,.F.,(7,7),(0.,1.),
  .PIECEWISE_BEZIER_KNOTS.);
#5304 = CARTESIAN_POINT('',(100.43406040268,9.818791946309,3.2));
#5305 = CARTESIAN_POINT('',(100.47824340853,9.761435643197,3.2));
#5306 = CARTESIAN_POINT('',(100.51287255771,9.692570808431,3.2));
#5307 = CARTESIAN_POINT('',(100.53785110397,9.61302207151,3.2));
#5308 = CARTESIAN_POINT('',(100.55371767213,9.524099690639,3.2));
#5309 = CARTESIAN_POINT('',(100.56124161073,9.427174990321,3.2));
#5310 = CARTESIAN_POINT('',(100.56124161073,9.323489932886,3.2));
#5311 = ORIENTED_EDGE('',*,*,#5312,.F.);
#5312 = EDGE_CURVE('',#4946,#5301,#5313,.T.);
#5313 = LINE('',#5314,#5315);
#5314 = CARTESIAN_POINT('',(100.43406040268,9.818791946309,2.7));
#5315 = VECTOR('',#5316,1.);
#5316 = DIRECTION('',(0.,0.,1.));
#5317 = SURFACE_OF_LINEAR_EXTRUSION('',#5318,#5322);
#5318 = B_SPLINE_CURVE_WITH_KNOTS('',2,(#5319,#5320,#5321),
  .UNSPECIFIED.,.F.,.F.,(3,3),(0.,1.),.PIECEWISE_BEZIER_KNOTS.);
#5319 = CARTESIAN_POINT('',(100.56124161073,9.323489932886,2.7));
#5320 = CARTESIAN_POINT('',(100.56124161073,9.653691275168,2.7));
#5321 = CARTESIAN_POINT('',(100.43406040268,9.818791946309,2.7));
#5322 = VECTOR('',#5323,1.);
#5323 = DIRECTION('',(-0.,-0.,-1.));
#5324 = ADVANCED_FACE('',(#5325),#5343,.F.);
#5325 = FACE_BOUND('',#5326,.F.);
#5326 = EDGE_LOOP('',(#5327,#5328,#5329,#5342));
#5327 = ORIENTED_EDGE('',*,*,#4953,.F.);
#5328 = ORIENTED_EDGE('',*,*,#5312,.T.);
#5329 = ORIENTED_EDGE('',*,*,#5330,.F.);
#5330 = EDGE_CURVE('',#5104,#5301,#5331,.T.);
#5331 = B_SPLINE_CURVE_WITH_KNOTS('',5,(#5332,#5333,#5334,#5335,#5336,
    #5337,#5338,#5339,#5340,#5341),.UNSPECIFIED.,.F.,.F.,(6,4,6),(0.,
    0.757323076206,1.),.UNSPECIFIED.);
#5332 = CARTESIAN_POINT('',(100.05033557047,9.98389261745,3.2));
#5333 = CARTESIAN_POINT('',(100.12576639027,9.98389261745,3.2));
#5334 = CARTESIAN_POINT('',(100.19567858852,9.974983277709,3.2));
#5335 = CARTESIAN_POINT('',(100.25915342311,9.956466570843,3.2));
#5336 = CARTESIAN_POINT('',(100.31540305635,9.927960490237,3.2));
#5337 = CARTESIAN_POINT('',(100.37962353111,9.877546889947,3.2));
#5338 = CARTESIAN_POINT('',(100.39442757413,9.864318564741,3.2));
#5339 = CARTESIAN_POINT('',(100.40843889172,9.850105622149,3.2));
#5340 = CARTESIAN_POINT('',(100.42165050607,9.834923172549,3.2));
#5341 = CARTESIAN_POINT('',(100.43406040268,9.818791946309,3.2));
#5342 = ORIENTED_EDGE('',*,*,#5103,.F.);
#5343 = SURFACE_OF_LINEAR_EXTRUSION('',#5344,#5348);
#5344 = B_SPLINE_CURVE_WITH_KNOTS('',2,(#5345,#5346,#5347),
  .UNSPECIFIED.,.F.,.F.,(3,3),(0.,1.),.PIECEWISE_BEZIER_KNOTS.);
#5345 = CARTESIAN_POINT('',(100.43406040268,9.818791946309,2.7));
#5346 = CARTESIAN_POINT('',(100.30704697986,9.98389261745,2.7));
#5347 = CARTESIAN_POINT('',(100.05033557047,9.98389261745,2.7));
#5348 = VECTOR('',#5349,1.);
#5349 = DIRECTION('',(-0.,-0.,-1.));
#5350 = ADVANCED_FACE('',(#5351),#5356,.T.);
#5351 = FACE_BOUND('',#5352,.T.);
#5352 = EDGE_LOOP('',(#5353,#5354,#5355));
#5353 = ORIENTED_EDGE('',*,*,#5039,.F.);
#5354 = ORIENTED_EDGE('',*,*,#5063,.F.);
#5355 = ORIENTED_EDGE('',*,*,#5087,.F.);
#5356 = PLANE('',#5357);
#5357 = AXIS2_PLACEMENT_3D('',#5358,#5359,#5360);
#5358 = CARTESIAN_POINT('',(0.,0.,3.2));
#5359 = DIRECTION('',(0.,0.,1.));
#5360 = DIRECTION('',(1.,0.,-0.));
#5361 = ADVANCED_FACE('',(#5362),#5372,.T.);
#5362 = FACE_BOUND('',#5363,.T.);
#5363 = EDGE_LOOP('',(#5364,#5365,#5366,#5367,#5368,#5369,#5370,#5371));
#5364 = ORIENTED_EDGE('',*,*,#5111,.F.);
#5365 = ORIENTED_EDGE('',*,*,#5144,.F.);
#5366 = ORIENTED_EDGE('',*,*,#5174,.F.);
#5367 = ORIENTED_EDGE('',*,*,#5204,.F.);
#5368 = ORIENTED_EDGE('',*,*,#5237,.F.);
#5369 = ORIENTED_EDGE('',*,*,#5270,.F.);
#5370 = ORIENTED_EDGE('',*,*,#5300,.F.);
#5371 = ORIENTED_EDGE('',*,*,#5330,.F.);
#5372 = PLANE('',#5373);
#5373 = AXIS2_PLACEMENT_3D('',#5374,#5375,#5376);
#5374 = CARTESIAN_POINT('',(0.,0.,3.2));
#5375 = DIRECTION('',(0.,0.,1.));
#5376 = DIRECTION('',(1.,0.,-0.));
#5377 = ( GEOMETRIC_REPRESENTATION_CONTEXT(3) 
GLOBAL_UNCERTAINTY_ASSIGNED_CONTEXT((#5381)) 
GLOBAL_UNIT_ASSIGNED_CONTEXT((#5378,#5379,#5380)) REPRESENTATION_CONTEXT
('Context #1','3D Context with UNIT and UNCERTAINTY') );
#5378 = ( LENGTH_UNIT() NAMED_UNIT(*) SI_UNIT(.MILLI.,.METRE.) );
#5379 = ( NAMED_UNIT(*) PLANE_ANGLE_UNIT() SI_UNIT($,.RADIAN.) );
#5380 = ( NAMED_UNIT(*) SI_UNIT($,.STERADIAN.) SOLID_ANGLE_UNIT() );
#5381 = UNCERTAINTY_MEASURE_WITH_UNIT(LENGTH_MEASURE(1.E-06),#5378,
  'distance_accuracy_value','confusion accuracy');
#5382 = PRODUCT_RELATED_PRODUCT_CATEGORY('part',$,(#7));
ENDSEC;
END-ISO-10303-21;
