ISO-10303-21;
HEADER;
FILE_DESCRIPTION(('FreeCAD Model'),'2;1');
FILE_NAME('Open CASCADE Shape Model','2026-10-06T23:34:21',('Author'),(
    ''),'Open CASCADE STEP processor 7.8','FreeCAD','Unknown');
FILE_SCHEMA(('AUTOMOTIVE_DESIGN { 1 0 10303 214 1 1 1 1 }'));
ENDSEC;
DATA;
#1 = APPLICATION_PROTOCOL_DEFINITION('international standard',
  'automotive_design',2000,#2);
#2 = APPLICATION_CONTEXT(
  'core data for automotive mechanical design processes');
#3 = SHAPE_DEFINITION_REPRESENTATION(#4,#10);
#4 = PRODUCT_DEFINITION_SHAPE('','',#5);
#5 = PRODUCT_DEFINITION('design','',#6,#9);
#6 = PRODUCT_DEFINITION_FORMATION('','',#7);
#7 = PRODUCT('FT6_SoilMat','FT6_SoilMat','',(#8));
#8 = PRODUCT_CONTEXT('',#2,'mechanical');
#9 = PRODUCT_DEFINITION_CONTEXT('part definition',#2,'design');
#10 = ADVANCED_BREP_SHAPE_REPRESENTATION('',(#11,#15),#10679);
#11 = AXIS2_PLACEMENT_3D('',#12,#13,#14);
#12 = CARTESIAN_POINT('',(0.,0.,0.));
#13 = DIRECTION('',(0.,0.,1.));
#14 = DIRECTION('',(1.,0.,-0.));
#15 = MANIFOLD_SOLID_BREP('',#16);
#16 = CLOSED_SHELL('',(#17,#57,#88,#2821,#2845,#3548,#3560,#3582,#3599,
    #3616,#3633,#3650,#3667,#3684,#3701,#3718,#3735,#3752,#3764,#3786,
    #3803,#3820,#3837,#3854,#3871,#3888,#3905,#3922,#3939,#3956,#3968,
    #3990,#4007,#4024,#4041,#4058,#4075,#4092,#4109,#4126,#4143,#4160,
    #4172,#4194,#4211,#4228,#4245,#4262,#4279,#4296,#4313,#4330,#4347,
    #4364,#4376,#4407,#4431,#4455,#4479,#4503,#4527,#4551,#4575,#4599,
    #4623,#4640,#4671,#4695,#4719,#4743,#4769,#4793,#4819,#4843,#4869,
    #4895,#4921,#4947,#4973,#4999,#5025,#5051,#5075,#5101,#5120,#5153,
    #5179,#5205,#5231,#5257,#5283,#5309,#5335,#5361,#5387,#5413,#5437,
    #5463,#5489,#5513,#5539,#5565,#5591,#5617,#5643,#5669,#5695,#5721,
    #5747,#5773,#5797,#5823,#5847,#5864,#5886,#5903,#5920,#5937,#5954,
    #5971,#5988,#6005,#6022,#6039,#6056,#6068,#6090,#6107,#6124,#6141,
    #6158,#6175,#6192,#6209,#6226,#6243,#6260,#6272,#6294,#6311,#6328,
    #6345,#6362,#6379,#6396,#6413,#6430,#6447,#6464,#6476,#6507,#6531,
    #6555,#6579,#6603,#6627,#6651,#6675,#6699,#6723,#6740,#6771,#6795,
    #6819,#6843,#6869,#6893,#6919,#6945,#6971,#6997,#7023,#7049,#7075,
    #7101,#7127,#7153,#7179,#7205,#7231,#7257,#7281,#7300,#7331,#7357,
    #7383,#7409,#7435,#7461,#7487,#7513,#7539,#7565,#7591,#7617,#7643,
    #7669,#7695,#7721,#7740,#7771,#7795,#7819,#7843,#7867,#7891,#7908,
    #7939,#7963,#7987,#8011,#8035,#8059,#8083,#8107,#8131,#8155,#8179,
    #8196,#8227,#8251,#8275,#8299,#8323,#8347,#8371,#8395,#8419,#8443,
    #8467,#8484,#8515,#8539,#8563,#8587,#8611,#8635,#8659,#8683,#8707,
    #8731,#8755,#8772,#8803,#8827,#8851,#8875,#8899,#8923,#8947,#8971,
    #8995,#9019,#9043,#9060,#9091,#9115,#9139,#9163,#9187,#9211,#9235,
    #9259,#9283,#9307,#9331,#9348,#9379,#9403,#9427,#9451,#9475,#9499,
    #9523,#9547,#9571,#9595,#9619,#9636,#9667,#9691,#9715,#9739,#9763,
    #9787,#9811,#9835,#9859,#9883,#9907,#9924,#9943,#9970,#10007,#10052,
    #10082,#10173,#10188,#10208,#10228,#10248,#10268,#10288,#10308,
    #10328,#10359,#10383,#10400,#10440,#10470,#10500,#10533,#10566,
    #10596,#10626,#10652,#10663));
#17 = ADVANCED_FACE('',(#18),#52,.F.);
#18 = FACE_BOUND('',#19,.F.);
#19 = EDGE_LOOP('',(#20,#30,#38,#46));
#20 = ORIENTED_EDGE('',*,*,#21,.F.);
#21 = EDGE_CURVE('',#22,#24,#26,.T.);
#22 = VERTEX_POINT('',#23);
#23 = CARTESIAN_POINT('',(0.,0.,0.));
#24 = VERTEX_POINT('',#25);
#25 = CARTESIAN_POINT('',(0.,0.,1.6));
#26 = LINE('',#27,#28);
#27 = CARTESIAN_POINT('',(0.,0.,0.));
#28 = VECTOR('',#29,1.);
#29 = DIRECTION('',(0.,0.,1.));
#30 = ORIENTED_EDGE('',*,*,#31,.T.);
#31 = EDGE_CURVE('',#22,#32,#34,.T.);
#32 = VERTEX_POINT('',#33);
#33 = CARTESIAN_POINT('',(0.,30.,0.));
#34 = LINE('',#35,#36);
#35 = CARTESIAN_POINT('',(0.,0.,0.));
#36 = VECTOR('',#37,1.);
#37 = DIRECTION('',(-0.,1.,0.));
#38 = ORIENTED_EDGE('',*,*,#39,.T.);
#39 = EDGE_CURVE('',#32,#40,#42,.T.);
#40 = VERTEX_POINT('',#41);
#41 = CARTESIAN_POINT('',(0.,30.,1.6));
#42 = LINE('',#43,#44);
#43 = CARTESIAN_POINT('',(0.,30.,0.));
#44 = VECTOR('',#45,1.);
#45 = DIRECTION('',(0.,0.,1.));
#46 = ORIENTED_EDGE('',*,*,#47,.F.);
#47 = EDGE_CURVE('',#24,#40,#48,.T.);
#48 = LINE('',#49,#50);
#49 = CARTESIAN_POINT('',(0.,0.,1.6));
#50 = VECTOR('',#51,1.);
#51 = DIRECTION('',(-0.,1.,0.));
#52 = PLANE('',#53);
#53 = AXIS2_PLACEMENT_3D('',#54,#55,#56);
#54 = CARTESIAN_POINT('',(0.,0.,0.));
#55 = DIRECTION('',(1.,0.,-0.));
#56 = DIRECTION('',(0.,0.,1.));
#57 = ADVANCED_FACE('',(#58),#83,.F.);
#58 = FACE_BOUND('',#59,.F.);
#59 = EDGE_LOOP('',(#60,#68,#69,#77));
#60 = ORIENTED_EDGE('',*,*,#61,.F.);
#61 = EDGE_CURVE('',#22,#62,#64,.T.);
#62 = VERTEX_POINT('',#63);
#63 = CARTESIAN_POINT('',(86.,0.,0.));
#64 = LINE('',#65,#66);
#65 = CARTESIAN_POINT('',(0.,0.,0.));
#66 = VECTOR('',#67,1.);
#67 = DIRECTION('',(1.,0.,-0.));
#68 = ORIENTED_EDGE('',*,*,#21,.T.);
#69 = ORIENTED_EDGE('',*,*,#70,.T.);
#70 = EDGE_CURVE('',#24,#71,#73,.T.);
#71 = VERTEX_POINT('',#72);
#72 = CARTESIAN_POINT('',(86.,0.,1.6));
#73 = LINE('',#74,#75);
#74 = CARTESIAN_POINT('',(0.,0.,1.6));
#75 = VECTOR('',#76,1.);
#76 = DIRECTION('',(1.,0.,-0.));
#77 = ORIENTED_EDGE('',*,*,#78,.F.);
#78 = EDGE_CURVE('',#62,#71,#79,.T.);
#79 = LINE('',#80,#81);
#80 = CARTESIAN_POINT('',(86.,0.,0.));
#81 = VECTOR('',#82,1.);
#82 = DIRECTION('',(0.,0.,1.));
#83 = PLANE('',#84);
#84 = AXIS2_PLACEMENT_3D('',#85,#86,#87);
#85 = CARTESIAN_POINT('',(0.,0.,0.));
#86 = DIRECTION('',(-0.,1.,0.));
#87 = DIRECTION('',(0.,0.,1.));
#88 = ADVANCED_FACE('',(#89,#107,#205,#303,#401,#499,#589,#805,#1164,
    #1262,#1360,#1458,#1548,#1815,#2072,#2130,#2228,#2326,#2424,#2522,
    #2620,#2718),#2816,.T.);
#89 = FACE_BOUND('',#90,.T.);
#90 = EDGE_LOOP('',(#91,#92,#93,#101));
#91 = ORIENTED_EDGE('',*,*,#47,.F.);
#92 = ORIENTED_EDGE('',*,*,#70,.T.);
#93 = ORIENTED_EDGE('',*,*,#94,.T.);
#94 = EDGE_CURVE('',#71,#95,#97,.T.);
#95 = VERTEX_POINT('',#96);
#96 = CARTESIAN_POINT('',(86.,30.,1.6));
#97 = LINE('',#98,#99);
#98 = CARTESIAN_POINT('',(86.,0.,1.6));
#99 = VECTOR('',#100,1.);
#100 = DIRECTION('',(-0.,1.,0.));
#101 = ORIENTED_EDGE('',*,*,#102,.F.);
#102 = EDGE_CURVE('',#40,#95,#103,.T.);
#103 = LINE('',#104,#105);
#104 = CARTESIAN_POINT('',(0.,30.,1.6));
#105 = VECTOR('',#106,1.);
#106 = DIRECTION('',(1.,0.,-0.));
#107 = FACE_BOUND('',#108,.T.);
#108 = EDGE_LOOP('',(#109,#119,#127,#135,#143,#151,#159,#167,#175,#183,
    #191,#199));
#109 = ORIENTED_EDGE('',*,*,#110,.T.);
#110 = EDGE_CURVE('',#111,#113,#115,.T.);
#111 = VERTEX_POINT('',#112);
#112 = CARTESIAN_POINT('',(6.125,7.125,1.6));
#113 = VERTEX_POINT('',#114);
#114 = CARTESIAN_POINT('',(4.625,7.125,1.6));
#115 = LINE('',#116,#117);
#116 = CARTESIAN_POINT('',(2.3125,7.125,1.6));
#117 = VECTOR('',#118,1.);
#118 = DIRECTION('',(-1.,-0.,0.));
#119 = ORIENTED_EDGE('',*,*,#120,.T.);
#120 = EDGE_CURVE('',#113,#121,#123,.T.);
#121 = VERTEX_POINT('',#122);
#122 = CARTESIAN_POINT('',(4.625,8.875,1.6));
#123 = LINE('',#124,#125);
#124 = CARTESIAN_POINT('',(4.625,3.5625,1.6));
#125 = VECTOR('',#126,1.);
#126 = DIRECTION('',(-0.,1.,0.));
#127 = ORIENTED_EDGE('',*,*,#128,.F.);
#128 = EDGE_CURVE('',#129,#121,#131,.T.);
#129 = VERTEX_POINT('',#130);
#130 = CARTESIAN_POINT('',(6.125,8.875,1.6));
#131 = LINE('',#132,#133);
#132 = CARTESIAN_POINT('',(2.3125,8.875,1.6));
#133 = VECTOR('',#134,1.);
#134 = DIRECTION('',(-1.,-0.,0.));
#135 = ORIENTED_EDGE('',*,*,#136,.T.);
#136 = EDGE_CURVE('',#129,#137,#139,.T.);
#137 = VERTEX_POINT('',#138);
#138 = CARTESIAN_POINT('',(6.125,10.375,1.6));
#139 = LINE('',#140,#141);
#140 = CARTESIAN_POINT('',(6.125,2.8125,1.6));
#141 = VECTOR('',#142,1.);
#142 = DIRECTION('',(-0.,1.,0.));
#143 = ORIENTED_EDGE('',*,*,#144,.F.);
#144 = EDGE_CURVE('',#145,#137,#147,.T.);
#145 = VERTEX_POINT('',#146);
#146 = CARTESIAN_POINT('',(7.875,10.375,1.6));
#147 = LINE('',#148,#149);
#148 = CARTESIAN_POINT('',(3.0625,10.375,1.6));
#149 = VECTOR('',#150,1.);
#150 = DIRECTION('',(-1.,-0.,0.));
#151 = ORIENTED_EDGE('',*,*,#152,.F.);
#152 = EDGE_CURVE('',#153,#145,#155,.T.);
#153 = VERTEX_POINT('',#154);
#154 = CARTESIAN_POINT('',(7.875,8.875,1.6));
#155 = LINE('',#156,#157);
#156 = CARTESIAN_POINT('',(7.875,2.8125,1.6));
#157 = VECTOR('',#158,1.);
#158 = DIRECTION('',(-0.,1.,0.));
#159 = ORIENTED_EDGE('',*,*,#160,.F.);
#160 = EDGE_CURVE('',#161,#153,#163,.T.);
#161 = VERTEX_POINT('',#162);
#162 = CARTESIAN_POINT('',(9.375,8.875,1.6));
#163 = LINE('',#164,#165);
#164 = CARTESIAN_POINT('',(2.3125,8.875,1.6));
#165 = VECTOR('',#166,1.);
#166 = DIRECTION('',(-1.,-0.,0.));
#167 = ORIENTED_EDGE('',*,*,#168,.F.);
#168 = EDGE_CURVE('',#169,#161,#171,.T.);
#169 = VERTEX_POINT('',#170);
#170 = CARTESIAN_POINT('',(9.375,7.125,1.6));
#171 = LINE('',#172,#173);
#172 = CARTESIAN_POINT('',(9.375,3.5625,1.6));
#173 = VECTOR('',#174,1.);
#174 = DIRECTION('',(-0.,1.,0.));
#175 = ORIENTED_EDGE('',*,*,#176,.T.);
#176 = EDGE_CURVE('',#169,#177,#179,.T.);
#177 = VERTEX_POINT('',#178);
#178 = CARTESIAN_POINT('',(7.875,7.125,1.6));
#179 = LINE('',#180,#181);
#180 = CARTESIAN_POINT('',(2.3125,7.125,1.6));
#181 = VECTOR('',#182,1.);
#182 = DIRECTION('',(-1.,-0.,0.));
#183 = ORIENTED_EDGE('',*,*,#184,.F.);
#184 = EDGE_CURVE('',#185,#177,#187,.T.);
#185 = VERTEX_POINT('',#186);
#186 = CARTESIAN_POINT('',(7.875,5.625,1.6));
#187 = LINE('',#188,#189);
#188 = CARTESIAN_POINT('',(7.875,2.8125,1.6));
#189 = VECTOR('',#190,1.);
#190 = DIRECTION('',(-0.,1.,0.));
#191 = ORIENTED_EDGE('',*,*,#192,.T.);
#192 = EDGE_CURVE('',#185,#193,#195,.T.);
#193 = VERTEX_POINT('',#194);
#194 = CARTESIAN_POINT('',(6.125,5.625,1.6));
#195 = LINE('',#196,#197);
#196 = CARTESIAN_POINT('',(3.0625,5.625,1.6));
#197 = VECTOR('',#198,1.);
#198 = DIRECTION('',(-1.,-0.,0.));
#199 = ORIENTED_EDGE('',*,*,#200,.T.);
#200 = EDGE_CURVE('',#193,#111,#201,.T.);
#201 = LINE('',#202,#203);
#202 = CARTESIAN_POINT('',(6.125,2.8125,1.6));
#203 = VECTOR('',#204,1.);
#204 = DIRECTION('',(-0.,1.,0.));
#205 = FACE_BOUND('',#206,.T.);
#206 = EDGE_LOOP('',(#207,#217,#225,#233,#241,#249,#257,#265,#273,#281,
    #289,#297));
#207 = ORIENTED_EDGE('',*,*,#208,.T.);
#208 = EDGE_CURVE('',#209,#211,#213,.T.);
#209 = VERTEX_POINT('',#210);
#210 = CARTESIAN_POINT('',(18.1,7.1,1.6));
#211 = VERTEX_POINT('',#212);
#212 = CARTESIAN_POINT('',(16.6,7.1,1.6));
#213 = LINE('',#214,#215);
#214 = CARTESIAN_POINT('',(8.3,7.1,1.6));
#215 = VECTOR('',#216,1.);
#216 = DIRECTION('',(-1.,-0.,0.));
#217 = ORIENTED_EDGE('',*,*,#218,.T.);
#218 = EDGE_CURVE('',#211,#219,#221,.T.);
#219 = VERTEX_POINT('',#220);
#220 = CARTESIAN_POINT('',(16.6,8.9,1.6));
#221 = LINE('',#222,#223);
#222 = CARTESIAN_POINT('',(16.6,3.55,1.6));
#223 = VECTOR('',#224,1.);
#224 = DIRECTION('',(-0.,1.,0.));
#225 = ORIENTED_EDGE('',*,*,#226,.F.);
#226 = EDGE_CURVE('',#227,#219,#229,.T.);
#227 = VERTEX_POINT('',#228);
#228 = CARTESIAN_POINT('',(18.1,8.9,1.6));
#229 = LINE('',#230,#231);
#230 = CARTESIAN_POINT('',(8.3,8.9,1.6));
#231 = VECTOR('',#232,1.);
#232 = DIRECTION('',(-1.,-0.,0.));
#233 = ORIENTED_EDGE('',*,*,#234,.T.);
#234 = EDGE_CURVE('',#227,#235,#237,.T.);
#235 = VERTEX_POINT('',#236);
#236 = CARTESIAN_POINT('',(18.1,10.4,1.6));
#237 = LINE('',#238,#239);
#238 = CARTESIAN_POINT('',(18.1,2.8,1.6));
#239 = VECTOR('',#240,1.);
#240 = DIRECTION('',(-0.,1.,0.));
#241 = ORIENTED_EDGE('',*,*,#242,.F.);
#242 = EDGE_CURVE('',#243,#235,#245,.T.);
#243 = VERTEX_POINT('',#244);
#244 = CARTESIAN_POINT('',(19.9,10.4,1.6));
#245 = LINE('',#246,#247);
#246 = CARTESIAN_POINT('',(9.05,10.4,1.6));
#247 = VECTOR('',#248,1.);
#248 = DIRECTION('',(-1.,-0.,0.));
#249 = ORIENTED_EDGE('',*,*,#250,.F.);
#250 = EDGE_CURVE('',#251,#243,#253,.T.);
#251 = VERTEX_POINT('',#252);
#252 = CARTESIAN_POINT('',(19.9,8.9,1.6));
#253 = LINE('',#254,#255);
#254 = CARTESIAN_POINT('',(19.9,2.8,1.6));
#255 = VECTOR('',#256,1.);
#256 = DIRECTION('',(-0.,1.,0.));
#257 = ORIENTED_EDGE('',*,*,#258,.F.);
#258 = EDGE_CURVE('',#259,#251,#261,.T.);
#259 = VERTEX_POINT('',#260);
#260 = CARTESIAN_POINT('',(21.4,8.9,1.6));
#261 = LINE('',#262,#263);
#262 = CARTESIAN_POINT('',(8.3,8.9,1.6));
#263 = VECTOR('',#264,1.);
#264 = DIRECTION('',(-1.,-0.,0.));
#265 = ORIENTED_EDGE('',*,*,#266,.F.);
#266 = EDGE_CURVE('',#267,#259,#269,.T.);
#267 = VERTEX_POINT('',#268);
#268 = CARTESIAN_POINT('',(21.4,7.1,1.6));
#269 = LINE('',#270,#271);
#270 = CARTESIAN_POINT('',(21.4,3.55,1.6));
#271 = VECTOR('',#272,1.);
#272 = DIRECTION('',(-0.,1.,0.));
#273 = ORIENTED_EDGE('',*,*,#274,.T.);
#274 = EDGE_CURVE('',#267,#275,#277,.T.);
#275 = VERTEX_POINT('',#276);
#276 = CARTESIAN_POINT('',(19.9,7.1,1.6));
#277 = LINE('',#278,#279);
#278 = CARTESIAN_POINT('',(8.3,7.1,1.6));
#279 = VECTOR('',#280,1.);
#280 = DIRECTION('',(-1.,-0.,0.));
#281 = ORIENTED_EDGE('',*,*,#282,.F.);
#282 = EDGE_CURVE('',#283,#275,#285,.T.);
#283 = VERTEX_POINT('',#284);
#284 = CARTESIAN_POINT('',(19.9,5.6,1.6));
#285 = LINE('',#286,#287);
#286 = CARTESIAN_POINT('',(19.9,2.8,1.6));
#287 = VECTOR('',#288,1.);
#288 = DIRECTION('',(-0.,1.,0.));
#289 = ORIENTED_EDGE('',*,*,#290,.T.);
#290 = EDGE_CURVE('',#283,#291,#293,.T.);
#291 = VERTEX_POINT('',#292);
#292 = CARTESIAN_POINT('',(18.1,5.6,1.6));
#293 = LINE('',#294,#295);
#294 = CARTESIAN_POINT('',(9.05,5.6,1.6));
#295 = VECTOR('',#296,1.);
#296 = DIRECTION('',(-1.,-0.,0.));
#297 = ORIENTED_EDGE('',*,*,#298,.T.);
#298 = EDGE_CURVE('',#291,#209,#299,.T.);
#299 = LINE('',#300,#301);
#300 = CARTESIAN_POINT('',(18.1,2.8,1.6));
#301 = VECTOR('',#302,1.);
#302 = DIRECTION('',(-0.,1.,0.));
#303 = FACE_BOUND('',#304,.T.);
#304 = EDGE_LOOP('',(#305,#315,#323,#331,#339,#347,#355,#363,#371,#379,
    #387,#395));
#305 = ORIENTED_EDGE('',*,*,#306,.T.);
#306 = EDGE_CURVE('',#307,#309,#311,.T.);
#307 = VERTEX_POINT('',#308);
#308 = CARTESIAN_POINT('',(30.075,7.075,1.6));
#309 = VERTEX_POINT('',#310);
#310 = CARTESIAN_POINT('',(28.575,7.075,1.6));
#311 = LINE('',#312,#313);
#312 = CARTESIAN_POINT('',(14.2875,7.075,1.6));
#313 = VECTOR('',#314,1.);
#314 = DIRECTION('',(-1.,-0.,0.));
#315 = ORIENTED_EDGE('',*,*,#316,.T.);
#316 = EDGE_CURVE('',#309,#317,#319,.T.);
#317 = VERTEX_POINT('',#318);
#318 = CARTESIAN_POINT('',(28.575,8.925,1.6));
#319 = LINE('',#320,#321);
#320 = CARTESIAN_POINT('',(28.575,3.5375,1.6));
#321 = VECTOR('',#322,1.);
#322 = DIRECTION('',(-0.,1.,0.));
#323 = ORIENTED_EDGE('',*,*,#324,.F.);
#324 = EDGE_CURVE('',#325,#317,#327,.T.);
#325 = VERTEX_POINT('',#326);
#326 = CARTESIAN_POINT('',(30.075,8.925,1.6));
#327 = LINE('',#328,#329);
#328 = CARTESIAN_POINT('',(14.2875,8.925,1.6));
#329 = VECTOR('',#330,1.);
#330 = DIRECTION('',(-1.,-0.,0.));
#331 = ORIENTED_EDGE('',*,*,#332,.T.);
#332 = EDGE_CURVE('',#325,#333,#335,.T.);
#333 = VERTEX_POINT('',#334);
#334 = CARTESIAN_POINT('',(30.075,10.425,1.6));
#335 = LINE('',#336,#337);
#336 = CARTESIAN_POINT('',(30.075,2.7875,1.6));
#337 = VECTOR('',#338,1.);
#338 = DIRECTION('',(-0.,1.,0.));
#339 = ORIENTED_EDGE('',*,*,#340,.F.);
#340 = EDGE_CURVE('',#341,#333,#343,.T.);
#341 = VERTEX_POINT('',#342);
#342 = CARTESIAN_POINT('',(31.925,10.425,1.6));
#343 = LINE('',#344,#345);
#344 = CARTESIAN_POINT('',(15.0375,10.425,1.6));
#345 = VECTOR('',#346,1.);
#346 = DIRECTION('',(-1.,-0.,0.));
#347 = ORIENTED_EDGE('',*,*,#348,.F.);
#348 = EDGE_CURVE('',#349,#341,#351,.T.);
#349 = VERTEX_POINT('',#350);
#350 = CARTESIAN_POINT('',(31.925,8.925,1.6));
#351 = LINE('',#352,#353);
#352 = CARTESIAN_POINT('',(31.925,2.7875,1.6));
#353 = VECTOR('',#354,1.);
#354 = DIRECTION('',(-0.,1.,0.));
#355 = ORIENTED_EDGE('',*,*,#356,.F.);
#356 = EDGE_CURVE('',#357,#349,#359,.T.);
#357 = VERTEX_POINT('',#358);
#358 = CARTESIAN_POINT('',(33.425,8.925,1.6));
#359 = LINE('',#360,#361);
#360 = CARTESIAN_POINT('',(14.2875,8.925,1.6));
#361 = VECTOR('',#362,1.);
#362 = DIRECTION('',(-1.,-0.,0.));
#363 = ORIENTED_EDGE('',*,*,#364,.F.);
#364 = EDGE_CURVE('',#365,#357,#367,.T.);
#365 = VERTEX_POINT('',#366);
#366 = CARTESIAN_POINT('',(33.425,7.075,1.6));
#367 = LINE('',#368,#369);
#368 = CARTESIAN_POINT('',(33.425,3.5375,1.6));
#369 = VECTOR('',#370,1.);
#370 = DIRECTION('',(-0.,1.,0.));
#371 = ORIENTED_EDGE('',*,*,#372,.T.);
#372 = EDGE_CURVE('',#365,#373,#375,.T.);
#373 = VERTEX_POINT('',#374);
#374 = CARTESIAN_POINT('',(31.925,7.075,1.6));
#375 = LINE('',#376,#377);
#376 = CARTESIAN_POINT('',(14.2875,7.075,1.6));
#377 = VECTOR('',#378,1.);
#378 = DIRECTION('',(-1.,-0.,0.));
#379 = ORIENTED_EDGE('',*,*,#380,.F.);
#380 = EDGE_CURVE('',#381,#373,#383,.T.);
#381 = VERTEX_POINT('',#382);
#382 = CARTESIAN_POINT('',(31.925,5.575,1.6));
#383 = LINE('',#384,#385);
#384 = CARTESIAN_POINT('',(31.925,2.7875,1.6));
#385 = VECTOR('',#386,1.);
#386 = DIRECTION('',(-0.,1.,0.));
#387 = ORIENTED_EDGE('',*,*,#388,.T.);
#388 = EDGE_CURVE('',#381,#389,#391,.T.);
#389 = VERTEX_POINT('',#390);
#390 = CARTESIAN_POINT('',(30.075,5.575,1.6));
#391 = LINE('',#392,#393);
#392 = CARTESIAN_POINT('',(15.0375,5.575,1.6));
#393 = VECTOR('',#394,1.);
#394 = DIRECTION('',(-1.,-0.,0.));
#395 = ORIENTED_EDGE('',*,*,#396,.T.);
#396 = EDGE_CURVE('',#389,#307,#397,.T.);
#397 = LINE('',#398,#399);
#398 = CARTESIAN_POINT('',(30.075,2.7875,1.6));
#399 = VECTOR('',#400,1.);
#400 = DIRECTION('',(-0.,1.,0.));
#401 = FACE_BOUND('',#402,.T.);
#402 = EDGE_LOOP('',(#403,#413,#421,#429,#437,#445,#453,#461,#469,#477,
    #485,#493));
#403 = ORIENTED_EDGE('',*,*,#404,.T.);
#404 = EDGE_CURVE('',#405,#407,#409,.T.);
#405 = VERTEX_POINT('',#406);
#406 = CARTESIAN_POINT('',(42.05,7.05,1.6));
#407 = VERTEX_POINT('',#408);
#408 = CARTESIAN_POINT('',(40.55,7.05,1.6));
#409 = LINE('',#410,#411);
#410 = CARTESIAN_POINT('',(20.275,7.05,1.6));
#411 = VECTOR('',#412,1.);
#412 = DIRECTION('',(-1.,-0.,0.));
#413 = ORIENTED_EDGE('',*,*,#414,.T.);
#414 = EDGE_CURVE('',#407,#415,#417,.T.);
#415 = VERTEX_POINT('',#416);
#416 = CARTESIAN_POINT('',(40.55,8.95,1.6));
#417 = LINE('',#418,#419);
#418 = CARTESIAN_POINT('',(40.55,3.525,1.6));
#419 = VECTOR('',#420,1.);
#420 = DIRECTION('',(-0.,1.,0.));
#421 = ORIENTED_EDGE('',*,*,#422,.F.);
#422 = EDGE_CURVE('',#423,#415,#425,.T.);
#423 = VERTEX_POINT('',#424);
#424 = CARTESIAN_POINT('',(42.05,8.95,1.6));
#425 = LINE('',#426,#427);
#426 = CARTESIAN_POINT('',(20.275,8.95,1.6));
#427 = VECTOR('',#428,1.);
#428 = DIRECTION('',(-1.,-0.,0.));
#429 = ORIENTED_EDGE('',*,*,#430,.T.);
#430 = EDGE_CURVE('',#423,#431,#433,.T.);
#431 = VERTEX_POINT('',#432);
#432 = CARTESIAN_POINT('',(42.05,10.45,1.6));
#433 = LINE('',#434,#435);
#434 = CARTESIAN_POINT('',(42.05,2.775,1.6));
#435 = VECTOR('',#436,1.);
#436 = DIRECTION('',(-0.,1.,0.));
#437 = ORIENTED_EDGE('',*,*,#438,.F.);
#438 = EDGE_CURVE('',#439,#431,#441,.T.);
#439 = VERTEX_POINT('',#440);
#440 = CARTESIAN_POINT('',(43.95,10.45,1.6));
#441 = LINE('',#442,#443);
#442 = CARTESIAN_POINT('',(21.025,10.45,1.6));
#443 = VECTOR('',#444,1.);
#444 = DIRECTION('',(-1.,-0.,0.));
#445 = ORIENTED_EDGE('',*,*,#446,.F.);
#446 = EDGE_CURVE('',#447,#439,#449,.T.);
#447 = VERTEX_POINT('',#448);
#448 = CARTESIAN_POINT('',(43.95,8.95,1.6));
#449 = LINE('',#450,#451);
#450 = CARTESIAN_POINT('',(43.95,2.775,1.6));
#451 = VECTOR('',#452,1.);
#452 = DIRECTION('',(-0.,1.,0.));
#453 = ORIENTED_EDGE('',*,*,#454,.F.);
#454 = EDGE_CURVE('',#455,#447,#457,.T.);
#455 = VERTEX_POINT('',#456);
#456 = CARTESIAN_POINT('',(45.45,8.95,1.6));
#457 = LINE('',#458,#459);
#458 = CARTESIAN_POINT('',(20.275,8.95,1.6));
#459 = VECTOR('',#460,1.);
#460 = DIRECTION('',(-1.,-0.,0.));
#461 = ORIENTED_EDGE('',*,*,#462,.F.);
#462 = EDGE_CURVE('',#463,#455,#465,.T.);
#463 = VERTEX_POINT('',#464);
#464 = CARTESIAN_POINT('',(45.45,7.05,1.6));
#465 = LINE('',#466,#467);
#466 = CARTESIAN_POINT('',(45.45,3.525,1.6));
#467 = VECTOR('',#468,1.);
#468 = DIRECTION('',(-0.,1.,0.));
#469 = ORIENTED_EDGE('',*,*,#470,.T.);
#470 = EDGE_CURVE('',#463,#471,#473,.T.);
#471 = VERTEX_POINT('',#472);
#472 = CARTESIAN_POINT('',(43.95,7.05,1.6));
#473 = LINE('',#474,#475);
#474 = CARTESIAN_POINT('',(20.275,7.05,1.6));
#475 = VECTOR('',#476,1.);
#476 = DIRECTION('',(-1.,-0.,0.));
#477 = ORIENTED_EDGE('',*,*,#478,.F.);
#478 = EDGE_CURVE('',#479,#471,#481,.T.);
#479 = VERTEX_POINT('',#480);
#480 = CARTESIAN_POINT('',(43.95,5.55,1.6));
#481 = LINE('',#482,#483);
#482 = CARTESIAN_POINT('',(43.95,2.775,1.6));
#483 = VECTOR('',#484,1.);
#484 = DIRECTION('',(-0.,1.,0.));
#485 = ORIENTED_EDGE('',*,*,#486,.T.);
#486 = EDGE_CURVE('',#479,#487,#489,.T.);
#487 = VERTEX_POINT('',#488);
#488 = CARTESIAN_POINT('',(42.05,5.55,1.6));
#489 = LINE('',#490,#491);
#490 = CARTESIAN_POINT('',(21.025,5.55,1.6));
#491 = VECTOR('',#492,1.);
#492 = DIRECTION('',(-1.,-0.,0.));
#493 = ORIENTED_EDGE('',*,*,#494,.T.);
#494 = EDGE_CURVE('',#487,#405,#495,.T.);
#495 = LINE('',#496,#497);
#496 = CARTESIAN_POINT('',(42.05,2.775,1.6));
#497 = VECTOR('',#498,1.);
#498 = DIRECTION('',(-0.,1.,0.));
#499 = FACE_BOUND('',#500,.T.);
#500 = EDGE_LOOP('',(#501,#511,#519,#527,#535,#543,#551,#559,#567,#575,
    #583));
#501 = ORIENTED_EDGE('',*,*,#502,.F.);
#502 = EDGE_CURVE('',#503,#505,#507,.T.);
#503 = VERTEX_POINT('',#504);
#504 = CARTESIAN_POINT('',(11.20911283557,12.938255033557,1.6));
#505 = VERTEX_POINT('',#506);
#506 = CARTESIAN_POINT('',(10.460371224832,12.938255033557,1.6));
#507 = LINE('',#508,#509);
#508 = CARTESIAN_POINT('',(5.230185612416,12.938255033557,1.6));
#509 = VECTOR('',#510,1.);
#510 = DIRECTION('',(-1.,0.,0.));
#511 = ORIENTED_EDGE('',*,*,#512,.F.);
#512 = EDGE_CURVE('',#513,#503,#515,.T.);
#513 = VERTEX_POINT('',#514);
#514 = CARTESIAN_POINT('',(11.20911283557,15.071140939597,1.6));
#515 = LINE('',#516,#517);
#516 = CARTESIAN_POINT('',(11.20911283557,6.469127516779,1.6));
#517 = VECTOR('',#518,1.);
#518 = DIRECTION('',(0.,-1.,0.));
#519 = ORIENTED_EDGE('',*,*,#520,.F.);
#520 = EDGE_CURVE('',#521,#513,#523,.T.);
#521 = VERTEX_POINT('',#522);
#522 = CARTESIAN_POINT('',(10.44055159396,14.911409395973,1.6));
#523 = LINE('',#524,#525);
#524 = CARTESIAN_POINT('',(4.33533128479,13.642549855118,1.6));
#525 = VECTOR('',#526,1.);
#526 = DIRECTION('',(0.979078331663,0.203483710573,-0.));
#527 = ORIENTED_EDGE('',*,*,#528,.F.);
#528 = EDGE_CURVE('',#529,#521,#531,.T.);
#529 = VERTEX_POINT('',#530);
#530 = CARTESIAN_POINT('',(10.44055159396,15.484563758389,1.6));
#531 = LINE('',#532,#533);
#532 = CARTESIAN_POINT('',(10.44055159396,7.455704697987,1.6));
#533 = VECTOR('',#534,1.);
#534 = DIRECTION('',(0.,-1.,0.));
#535 = ORIENTED_EDGE('',*,*,#536,.F.);
#536 = EDGE_CURVE('',#537,#529,#539,.T.);
#537 = VERTEX_POINT('',#538);
#538 = CARTESIAN_POINT('',(11.204708473154,15.644295302013,1.6));
#539 = LINE('',#540,#541);
#540 = CARTESIAN_POINT('',(3.888203031067,14.114927785973,1.6));
#541 = VECTOR('',#542,1.);
#542 = DIRECTION('',(-0.978844086222,-0.204607563076,0.));
#543 = ORIENTED_EDGE('',*,*,#544,.F.);
#544 = EDGE_CURVE('',#545,#537,#547,.T.);
#545 = VERTEX_POINT('',#546);
#546 = CARTESIAN_POINT('',(12.010706795302,15.644295302013,1.6));
#547 = LINE('',#548,#549);
#548 = CARTESIAN_POINT('',(5.602354236577,15.644295302013,1.6));
#549 = VECTOR('',#550,1.);
#550 = DIRECTION('',(-1.,0.,0.));
#551 = ORIENTED_EDGE('',*,*,#552,.F.);
#552 = EDGE_CURVE('',#553,#545,#555,.T.);
#553 = VERTEX_POINT('',#554);
#554 = CARTESIAN_POINT('',(12.010706795302,12.938255033557,1.6));
#555 = LINE('',#556,#557);
#556 = CARTESIAN_POINT('',(12.010706795302,7.822147651007,1.6));
#557 = VECTOR('',#558,1.);
#558 = DIRECTION('',(0.,1.,0.));
#559 = ORIENTED_EDGE('',*,*,#560,.F.);
#560 = EDGE_CURVE('',#561,#553,#563,.T.);
#561 = VERTEX_POINT('',#562);
#562 = CARTESIAN_POINT('',(12.75944840604,12.938255033557,1.6));
#563 = LINE('',#564,#565);
#564 = CARTESIAN_POINT('',(6.005353397651,12.938255033557,1.6));
#565 = VECTOR('',#566,1.);
#566 = DIRECTION('',(-1.,0.,0.));
#567 = ORIENTED_EDGE('',*,*,#568,.F.);
#568 = EDGE_CURVE('',#569,#561,#571,.T.);
#569 = VERTEX_POINT('',#570);
#570 = CARTESIAN_POINT('',(12.75944840604,12.355704697987,1.6));
#571 = LINE('',#572,#573);
#572 = CARTESIAN_POINT('',(12.75944840604,6.469127516779,1.6));
#573 = VECTOR('',#574,1.);
#574 = DIRECTION('',(0.,1.,0.));
#575 = ORIENTED_EDGE('',*,*,#576,.F.);
#576 = EDGE_CURVE('',#577,#569,#579,.T.);
#577 = VERTEX_POINT('',#578);
#578 = CARTESIAN_POINT('',(10.460371224832,12.355704697987,1.6));
#579 = LINE('',#580,#581);
#580 = CARTESIAN_POINT('',(6.37972420302,12.355704697987,1.6));
#581 = VECTOR('',#582,1.);
#582 = DIRECTION('',(1.,0.,-0.));
#583 = ORIENTED_EDGE('',*,*,#584,.F.);
#584 = EDGE_CURVE('',#505,#577,#585,.T.);
#585 = LINE('',#586,#587);
#586 = CARTESIAN_POINT('',(10.460371224832,6.177852348993,1.6));
#587 = VECTOR('',#588,1.);
#588 = DIRECTION('',(0.,-1.,0.));
#589 = FACE_BOUND('',#590,.T.);
#590 = EDGE_LOOP('',(#591,#601,#609,#617,#625,#633,#644,#657,#672,#687,
    #698,#709,#717,#727,#737,#754,#771,#786,#799));
#591 = ORIENTED_EDGE('',*,*,#592,.F.);
#592 = EDGE_CURVE('',#593,#595,#597,.T.);
#593 = VERTEX_POINT('',#594);
#594 = CARTESIAN_POINT('',(24.794683305369,12.947651006711,1.6));
#595 = VERTEX_POINT('',#596);
#596 = CARTESIAN_POINT('',(23.347850251678,12.947651006711,1.6));
#597 = LINE('',#598,#599);
#598 = CARTESIAN_POINT('',(11.673925125839,12.947651006711,1.6));
#599 = VECTOR('',#600,1.);
#600 = DIRECTION('',(-1.,0.,0.));
#601 = ORIENTED_EDGE('',*,*,#602,.F.);
#602 = EDGE_CURVE('',#603,#593,#605,.T.);
#603 = VERTEX_POINT('',#604);
#604 = CARTESIAN_POINT('',(24.794683305369,12.327516778523,1.6));
#605 = LINE('',#606,#607);
#606 = CARTESIAN_POINT('',(24.794683305369,6.473825503356,1.6));
#607 = VECTOR('',#608,1.);
#608 = DIRECTION('',(0.,1.,0.));
#609 = ORIENTED_EDGE('',*,*,#610,.F.);
#610 = EDGE_CURVE('',#611,#603,#613,.T.);
#611 = VERTEX_POINT('',#612);
#612 = CARTESIAN_POINT('',(22.405316694631,12.327516778523,1.6));
#613 = LINE('',#614,#615);
#614 = CARTESIAN_POINT('',(12.397341652685,12.327516778523,1.6));
#615 = VECTOR('',#616,1.);
#616 = DIRECTION('',(1.,0.,-0.));
#617 = ORIENTED_EDGE('',*,*,#618,.F.);
#618 = EDGE_CURVE('',#619,#611,#621,.T.);
#619 = VERTEX_POINT('',#620);
#620 = CARTESIAN_POINT('',(22.405316694631,12.947651006711,1.6));
#621 = LINE('',#622,#623);
#622 = CARTESIAN_POINT('',(22.405316694631,6.163758389262,1.6));
#623 = VECTOR('',#624,1.);
#624 = DIRECTION('',(0.,-1.,0.));
#625 = ORIENTED_EDGE('',*,*,#626,.F.);
#626 = EDGE_CURVE('',#627,#619,#629,.T.);
#627 = VERTEX_POINT('',#628);
#628 = CARTESIAN_POINT('',(23.60550545302,14.004551174497,1.6));
#629 = LINE('',#630,#631);
#630 = CARTESIAN_POINT('',(12.884728161699,4.563710107803,1.6));
#631 = VECTOR('',#632,1.);
#632 = DIRECTION('',(-0.750485828524,-0.66088654184,0.));
#633 = ORIENTED_EDGE('',*,*,#634,.F.);
#634 = EDGE_CURVE('',#635,#627,#637,.T.);
#635 = VERTEX_POINT('',#636);
#636 = CARTESIAN_POINT('',(23.84334102349,14.288485738255,1.6));
#637 = B_SPLINE_CURVE_WITH_KNOTS('',5,(#638,#639,#640,#641,#642,#643),
  .UNSPECIFIED.,.F.,.F.,(6,6),(0.,1.),.PIECEWISE_BEZIER_KNOTS.);
#638 = CARTESIAN_POINT('',(23.84334102349,14.288485738255,1.6));
#639 = CARTESIAN_POINT('',(23.811971771993,14.232080836515,1.6));
#640 = CARTESIAN_POINT('',(23.772153029404,14.175361362538,1.6));
#641 = CARTESIAN_POINT('',(23.724184290822,14.118459166181,1.6));
#642 = CARTESIAN_POINT('',(23.668483037756,14.061489812751,1.6));
#643 = CARTESIAN_POINT('',(23.60550545302,14.004551174497,1.6));
#644 = ORIENTED_EDGE('',*,*,#645,.F.);
#645 = EDGE_CURVE('',#646,#635,#648,.T.);
#646 = VERTEX_POINT('',#647);
#647 = CARTESIAN_POINT('',(23.920417365772,14.57697147651,1.6));
#648 = B_SPLINE_CURVE_WITH_KNOTS('',4,(#649,#650,#651,#652,#653,#654,
    #655,#656),.UNSPECIFIED.,.F.,.F.,(5,3,5),(0.,0.27166595843,1.),
  .UNSPECIFIED.);
#649 = CARTESIAN_POINT('',(23.920417365772,14.57697147651,1.6));
#650 = CARTESIAN_POINT('',(23.920417365772,14.556616884909,1.6));
#651 = CARTESIAN_POINT('',(23.919468007107,14.536386749214,1.6));
#652 = CARTESIAN_POINT('',(23.917566941068,14.516286959956,1.6));
#653 = CARTESIAN_POINT('',(23.907068785835,14.442799873325,1.6));
#654 = CARTESIAN_POINT('',(23.892587311635,14.390252829533,1.6));
#655 = CARTESIAN_POINT('',(23.871287336426,14.33878910154,1.6));
#656 = CARTESIAN_POINT('',(23.84334102349,14.288485738255,1.6));
#657 = ORIENTED_EDGE('',*,*,#658,.F.);
#658 = EDGE_CURVE('',#659,#646,#661,.T.);
#659 = VERTEX_POINT('',#660);
#660 = CARTESIAN_POINT('',(23.765090184564,14.948993288591,1.6));
#661 = B_SPLINE_CURVE_WITH_KNOTS('',5,(#662,#663,#664,#665,#666,#667,
    #668,#669,#670,#671),.UNSPECIFIED.,.F.,.F.,(6,4,6),(0.,
    0.350775941946,1.),.UNSPECIFIED.);
#662 = CARTESIAN_POINT('',(23.765090184564,14.948993288591,1.6));
#663 = CARTESIAN_POINT('',(23.786860375756,14.929260194684,1.6));
#664 = CARTESIAN_POINT('',(23.806797741573,14.908349679827,1.6));
#665 = CARTESIAN_POINT('',(23.824852258428,14.886267760685,1.6));
#666 = CARTESIAN_POINT('',(23.840990344768,14.863031649822,1.6));
#667 = CARTESIAN_POINT('',(23.881484901569,14.793580210301,1.6));
#668 = CARTESIAN_POINT('',(23.901153950953,14.744630798998,1.6));
#669 = CARTESIAN_POINT('',(23.914089763117,14.692008692734,1.6));
#670 = CARTESIAN_POINT('',(23.920417365772,14.636005007498,1.6));
#671 = CARTESIAN_POINT('',(23.920417365772,14.57697147651,1.6));
#672 = ORIENTED_EDGE('',*,*,#673,.F.);
#673 = EDGE_CURVE('',#674,#659,#676,.T.);
#674 = VERTEX_POINT('',#675);
#675 = CARTESIAN_POINT('',(23.352254614094,15.089932885906,1.6));
#676 = B_SPLINE_CURVE_WITH_KNOTS('',5,(#677,#678,#679,#680,#681,#682,
    #683,#684,#685,#686),.UNSPECIFIED.,.F.,.F.,(6,4,6),(0.,
    0.870416033854,1.),.UNSPECIFIED.);
#677 = CARTESIAN_POINT('',(23.352254614094,15.089932885906,1.6));
#678 = CARTESIAN_POINT('',(23.439612112033,15.089932885906,1.6));
#679 = CARTESIAN_POINT('',(23.521172401604,15.079806811268,1.6));
#680 = CARTESIAN_POINT('',(23.596003928733,15.058829802172,1.6));
#681 = CARTESIAN_POINT('',(23.663313087387,15.026621581648,1.6));
#682 = CARTESIAN_POINT('',(23.731511819443,14.977081153493,1.6));
#683 = CARTESIAN_POINT('',(23.740173338403,14.970419488005,1.6));
#684 = CARTESIAN_POINT('',(23.748657601612,14.963516754201,1.6));
#685 = CARTESIAN_POINT('',(23.756963511321,14.956374183873,1.6));
#686 = CARTESIAN_POINT('',(23.765090184564,14.948993288591,1.6));
#687 = ORIENTED_EDGE('',*,*,#688,.F.);
#688 = EDGE_CURVE('',#689,#674,#691,.T.);
#689 = VERTEX_POINT('',#690);
#690 = CARTESIAN_POINT('',(22.918424916107,15.004781879195,1.6));
#691 = B_SPLINE_CURVE_WITH_KNOTS('',5,(#692,#693,#694,#695,#696,#697),
  .UNSPECIFIED.,.F.,.F.,(6,6),(0.,1.),.PIECEWISE_BEZIER_KNOTS.);
#692 = CARTESIAN_POINT('',(22.918424916107,15.004781879195,1.6));
#693 = CARTESIAN_POINT('',(23.01066328201,15.038114123571,1.6));
#694 = CARTESIAN_POINT('',(23.100477943686,15.063711150782,1.6));
#695 = CARTESIAN_POINT('',(23.187557826041,15.081115562985,1.6));
#696 = CARTESIAN_POINT('',(23.27158191145,15.089932885906,1.6));
#697 = CARTESIAN_POINT('',(23.352254614094,15.089932885906,1.6));
#698 = ORIENTED_EDGE('',*,*,#699,.F.);
#699 = EDGE_CURVE('',#700,#689,#702,.T.);
#700 = VERTEX_POINT('',#701);
#701 = CARTESIAN_POINT('',(22.414125419463,14.751677852349,1.6));
#702 = B_SPLINE_CURVE_WITH_KNOTS('',5,(#703,#704,#705,#706,#707,#708),
  .UNSPECIFIED.,.F.,.F.,(6,6),(0.,1.),.PIECEWISE_BEZIER_KNOTS.);
#703 = CARTESIAN_POINT('',(22.414125419463,14.751677852349,1.6));
#704 = CARTESIAN_POINT('',(22.518444581664,14.816891579976,1.6));
#705 = CARTESIAN_POINT('',(22.621297287708,14.875331947037,1.6));
#706 = CARTESIAN_POINT('',(22.722440239379,14.926477997657,1.6));
#707 = CARTESIAN_POINT('',(22.821586048248,14.96978714813,1.6));
#708 = CARTESIAN_POINT('',(22.918424916107,15.004781879195,1.6));
#709 = ORIENTED_EDGE('',*,*,#710,.F.);
#710 = EDGE_CURVE('',#711,#700,#713,.T.);
#711 = VERTEX_POINT('',#712);
#712 = CARTESIAN_POINT('',(22.414125419463,15.475167785235,1.6));
#713 = LINE('',#714,#715);
#714 = CARTESIAN_POINT('',(22.414125419463,7.375838926174,1.6));
#715 = VECTOR('',#716,1.);
#716 = DIRECTION('',(0.,-1.,0.));
#717 = ORIENTED_EDGE('',*,*,#718,.F.);
#718 = EDGE_CURVE('',#719,#711,#721,.T.);
#719 = VERTEX_POINT('',#720);
#720 = CARTESIAN_POINT('',(22.980085989933,15.621979865772,1.6));
#721 = B_SPLINE_CURVE_WITH_KNOTS('',4,(#722,#723,#724,#725,#726),
  .UNSPECIFIED.,.F.,.F.,(5,5),(0.,1.),.PIECEWISE_BEZIER_KNOTS.);
#722 = CARTESIAN_POINT('',(22.980085989933,15.621979865772,1.6));
#723 = CARTESIAN_POINT('',(22.839218607287,15.596616342282,1.6));
#724 = CARTESIAN_POINT('',(22.697829899693,15.563563068751,1.6));
#725 = CARTESIAN_POINT('',(22.556083225077,15.522996645896,1.6));
#726 = CARTESIAN_POINT('',(22.414125419463,15.475167785235,1.6));
#727 = ORIENTED_EDGE('',*,*,#728,.F.);
#728 = EDGE_CURVE('',#729,#719,#731,.T.);
#729 = VERTEX_POINT('',#730);
#730 = CARTESIAN_POINT('',(23.528429110738,15.672483221477,1.6));
#731 = B_SPLINE_CURVE_WITH_KNOTS('',4,(#732,#733,#734,#735,#736),
  .UNSPECIFIED.,.F.,.F.,(5,5),(0.,1.),.PIECEWISE_BEZIER_KNOTS.);
#732 = CARTESIAN_POINT('',(23.528429110738,15.672483221477,1.6));
#733 = CARTESIAN_POINT('',(23.39329707862,15.672483221477,1.6));
#734 = CARTESIAN_POINT('',(23.256723640069,15.663965043224,1.6));
#735 = CARTESIAN_POINT('',(23.118917936011,15.647049781494,1.6));
#736 = CARTESIAN_POINT('',(22.980085989933,15.621979865772,1.6));
#737 = ORIENTED_EDGE('',*,*,#738,.F.);
#738 = EDGE_CURVE('',#739,#729,#741,.T.);
#739 = VERTEX_POINT('',#740);
#740 = CARTESIAN_POINT('',(24.445564177852,15.412332214765,1.6));
#741 = B_SPLINE_CURVE_WITH_KNOTS('',6,(#742,#743,#744,#745,#746,#747,
    #748,#749,#750,#751,#752,#753),.UNSPECIFIED.,.F.,.F.,(7,5,7),(0.,
    0.47978889825,1.),.UNSPECIFIED.);
#742 = CARTESIAN_POINT('',(24.445564177852,15.412332214765,1.6));
#743 = CARTESIAN_POINT('',(24.389543603337,15.456907184698,1.6));
#744 = CARTESIAN_POINT('',(24.329130360879,15.496704800978,1.6));
#745 = CARTESIAN_POINT('',(24.264650020489,15.531603683482,1.6));
#746 = CARTESIAN_POINT('',(24.196506672496,15.561657060428,1.6));
#747 = CARTESIAN_POINT('',(24.125137914165,15.58703468154,1.6));
#748 = CARTESIAN_POINT('',(23.970553099656,15.630658137074,1.6));
#749 = CARTESIAN_POINT('',(23.886839251904,15.648125160607,1.6));
#750 = CARTESIAN_POINT('',(23.800338156053,15.660666988336,1.6));
#751 = CARTESIAN_POINT('',(23.711522143305,15.668660905287,1.6));
#752 = CARTESIAN_POINT('',(23.620785138005,15.672483221477,1.6));
#753 = CARTESIAN_POINT('',(23.528429110738,15.672483221477,1.6));
#754 = ORIENTED_EDGE('',*,*,#755,.F.);
#755 = EDGE_CURVE('',#756,#739,#758,.T.);
#756 = VERTEX_POINT('',#757);
#757 = CARTESIAN_POINT('',(24.772661493289,14.687080536913,1.6));
#758 = B_SPLINE_CURVE_WITH_KNOTS('',6,(#759,#760,#761,#762,#763,#764,
    #765,#766,#767,#768,#769,#770),.UNSPECIFIED.,.F.,.F.,(7,5,7),(0.,
    0.643780782972,1.),.UNSPECIFIED.);
#759 = CARTESIAN_POINT('',(24.772661493289,14.687080536913,1.6));
#760 = CARTESIAN_POINT('',(24.772661493289,14.781857227011,1.6));
#761 = CARTESIAN_POINT('',(24.764516935823,14.873950698244,1.6));
#762 = CARTESIAN_POINT('',(24.747446165391,14.962516016045,1.6));
#763 = CARTESIAN_POINT('',(24.72083505488,15.046662186949,1.6));
#764 = CARTESIAN_POINT('',(24.684439262487,15.12554952359,1.6));
#765 = CARTESIAN_POINT('',(24.61336409092,15.238911311903,1.6));
#766 = CARTESIAN_POINT('',(24.585173334154,15.277494484997,1.6));
#767 = CARTESIAN_POINT('',(24.554174261626,15.31417518851,1.6));
#768 = CARTESIAN_POINT('',(24.52047417046,15.348889926156,1.6));
#769 = CARTESIAN_POINT('',(24.48421490032,15.381609400811,1.6));
#770 = CARTESIAN_POINT('',(24.445564177852,15.412332214765,1.6));
#771 = ORIENTED_EDGE('',*,*,#772,.F.);
#772 = EDGE_CURVE('',#773,#756,#775,.T.);
#773 = VERTEX_POINT('',#774);
#774 = CARTESIAN_POINT('',(24.633924077181,14.185717281879,1.6));
#775 = B_SPLINE_CURVE_WITH_KNOTS('',5,(#776,#777,#778,#779,#780,#781,
    #782,#783,#784,#785),.UNSPECIFIED.,.F.,.F.,(6,4,6),(0.,
    0.525140922635,1.),.UNSPECIFIED.);
#776 = CARTESIAN_POINT('',(24.633924077181,14.185717281879,1.6));
#777 = CARTESIAN_POINT('',(24.662887544382,14.234265569759,1.6));
#778 = CARTESIAN_POINT('',(24.688198699555,14.284014118973,1.6));
#779 = CARTESIAN_POINT('',(24.709751463187,14.334913380533,1.6));
#780 = CARTESIAN_POINT('',(24.727478572762,14.386899069991,1.6));
#781 = CARTESIAN_POINT('',(24.753910127453,14.487807105603,1.6));
#782 = CARTESIAN_POINT('',(24.763315995184,14.536547095591,1.6));
#783 = CARTESIAN_POINT('',(24.769561415151,14.58605012058,1.6));
#784 = CARTESIAN_POINT('',(24.772661493289,14.63625126118,1.6));
#785 = CARTESIAN_POINT('',(24.772661493289,14.687080536913,1.6));
#786 = ORIENTED_EDGE('',*,*,#787,.F.);
#787 = EDGE_CURVE('',#788,#773,#790,.T.);
#788 = VERTEX_POINT('',#789);
#789 = CARTESIAN_POINT('',(24.050346057047,13.562940436242,1.6));
#790 = B_SPLINE_CURVE_WITH_KNOTS('',7,(#791,#792,#793,#794,#795,#796,
    #797,#798),.UNSPECIFIED.,.F.,.F.,(8,8),(0.,1.),
  .PIECEWISE_BEZIER_KNOTS.);
#791 = CARTESIAN_POINT('',(24.050346057047,13.562940436242,1.6));
#792 = CARTESIAN_POINT('',(24.15903525193,13.658285611159,1.6));
#793 = CARTESIAN_POINT('',(24.261965880175,13.752439560606,1.6));
#794 = CARTESIAN_POINT('',(24.358339855372,13.845327261493,1.6));
#795 = CARTESIAN_POINT('',(24.446509122665,13.936375684067,1.6));
#796 = CARTESIAN_POINT('',(24.524052147608,14.024538884457,1.6));
#797 = CARTESIAN_POINT('',(24.587727182818,14.108282487517,1.6));
#798 = CARTESIAN_POINT('',(24.633924077181,14.185717281879,1.6));
#799 = ORIENTED_EDGE('',*,*,#800,.F.);
#800 = EDGE_CURVE('',#595,#788,#801,.T.);
#801 = LINE('',#802,#803);
#802 = CARTESIAN_POINT('',(13.884279496477,4.65886834526,1.6));
#803 = VECTOR('',#804,1.);
#804 = DIRECTION('',(0.752255226589,0.65887181915,-0.));
#805 = FACE_BOUND('',#806,.T.);
#806 = EDGE_LOOP('',(#807,#824,#839,#858,#875,#885,#895,#903,#914,#925,
    #937,#952,#967,#979,#987,#995,#1003,#1015,#1030,#1045,#1057,#1067,
    #1077,#1085,#1095,#1105,#1122,#1139,#1154));
#807 = ORIENTED_EDGE('',*,*,#808,.F.);
#808 = EDGE_CURVE('',#809,#811,#813,.T.);
#809 = VERTEX_POINT('',#810);
#810 = CARTESIAN_POINT('',(36.665782298658,13.832487416107,1.6));
#811 = VERTEX_POINT('',#812);
#812 = CARTESIAN_POINT('',(36.16045511745,14.130809563758,1.6));
#813 = B_SPLINE_CURVE_WITH_KNOTS('',5,(#814,#815,#816,#817,#818,#819,
    #820,#821,#822,#823),.UNSPECIFIED.,.F.,.F.,(6,4,6),(0.,
    0.482158964037,1.),.UNSPECIFIED.);
#814 = CARTESIAN_POINT('',(36.665782298658,13.832487416107,1.6));
#815 = CARTESIAN_POINT('',(36.631723592402,13.874359079618,1.6));
#816 = CARTESIAN_POINT('',(36.593794656645,13.913147978953,1.6));
#817 = CARTESIAN_POINT('',(36.552090623248,13.948744530401,1.6));
#818 = CARTESIAN_POINT('',(36.506781172919,13.981116591254,1.6));
#819 = CARTESIAN_POINT('',(36.405793150434,14.041623659529,1.6));
#820 = CARTESIAN_POINT('',(36.349592662055,14.06926931459,1.6));
#821 = CARTESIAN_POINT('',(36.289759339106,14.09326202141,1.6));
#822 = CARTESIAN_POINT('',(36.226609920243,14.113723223964,1.6));
#823 = CARTESIAN_POINT('',(36.16045511745,14.130809563758,1.6));
#824 = ORIENTED_EDGE('',*,*,#825,.F.);
#825 = EDGE_CURVE('',#826,#809,#828,.T.);
#826 = VERTEX_POINT('',#827);
#827 = CARTESIAN_POINT('',(36.83872692953,13.29192533557,1.6));
#828 = B_SPLINE_CURVE_WITH_KNOTS('',5,(#829,#830,#831,#832,#833,#834,
    #835,#836,#837,#838),.UNSPECIFIED.,.F.,.F.,(6,4,6),(0.,
    0.877764650467,1.),.UNSPECIFIED.);
#829 = CARTESIAN_POINT('',(36.83872692953,13.29192533557,1.6));
#830 = CARTESIAN_POINT('',(36.83872692953,13.40325554835,1.6));
#831 = CARTESIAN_POINT('',(36.826283101266,13.508808188738,1.6));
#832 = CARTESIAN_POINT('',(36.800260733071,13.607223885104,1.6));
#833 = CARTESIAN_POINT('',(36.75999173075,13.697223002538,1.6));
#834 = CARTESIAN_POINT('',(36.698496476582,13.789276379378,1.6));
#835 = CARTESIAN_POINT('',(36.690713458005,13.800350594322,1.6));
#836 = CARTESIAN_POINT('',(36.682665602348,13.811244914857,1.6));
#837 = CARTESIAN_POINT('',(36.674354550906,13.821957663134,1.6));
#838 = CARTESIAN_POINT('',(36.665782298658,13.832487416107,1.6));
#839 = ORIENTED_EDGE('',*,*,#840,.F.);
#840 = EDGE_CURVE('',#841,#826,#843,.T.);
#841 = VERTEX_POINT('',#842);
#842 = CARTESIAN_POINT('',(36.464356124161,12.548909395973,1.6));
#843 = B_SPLINE_CURVE_WITH_KNOTS('',5,(#844,#845,#846,#847,#848,#849,
    #850,#851,#852,#853,#854,#855,#856,#857),.UNSPECIFIED.,.F.,.F.,(6,4,
    4,6),(0.,0.40892039211,0.801530297126,1.),.UNSPECIFIED.);
#844 = CARTESIAN_POINT('',(36.464356124161,12.548909395973,1.6));
#845 = CARTESIAN_POINT('',(36.524524618789,12.589776781344,1.6));
#846 = CARTESIAN_POINT('',(36.579732862047,12.635165430264,1.6));
#847 = CARTESIAN_POINT('',(36.629267822484,12.685158738042,1.6));
#848 = CARTESIAN_POINT('',(36.672542065793,12.739657884508,1.6));
#849 = CARTESIAN_POINT('',(36.74457310105,12.854471530731,1.6));
#850 = CARTESIAN_POINT('',(36.773851305382,12.914485181009,1.6));
#851 = CARTESIAN_POINT('',(36.796884150161,12.977899595204,1.6));
#852 = CARTESIAN_POINT('',(36.813800739645,13.044214552986,1.6));
#853 = CARTESIAN_POINT('',(36.830550158937,13.147611290897,1.6));
#854 = CARTESIAN_POINT('',(36.834694844021,13.182936794544,1.6));
#855 = CARTESIAN_POINT('',(36.837402352953,13.218804718092,1.6));
#856 = CARTESIAN_POINT('',(36.83872692953,13.255152967734,1.6));
#857 = CARTESIAN_POINT('',(36.83872692953,13.29192533557,1.6));
#858 = ORIENTED_EDGE('',*,*,#859,.F.);
#859 = EDGE_CURVE('',#860,#841,#862,.T.);
#860 = VERTEX_POINT('',#861);
#861 = CARTESIAN_POINT('',(35.372074244966,12.294630872483,1.6));
#862 = B_SPLINE_CURVE_WITH_KNOTS('',6,(#863,#864,#865,#866,#867,#868,
    #869,#870,#871,#872,#873,#874),.UNSPECIFIED.,.F.,.F.,(7,5,7),(0.,
    0.533543491969,1.),.UNSPECIFIED.);
#863 = CARTESIAN_POINT('',(35.372074244966,12.294630872483,1.6));
#864 = CARTESIAN_POINT('',(35.482851938064,12.294630872483,1.6));
#865 = CARTESIAN_POINT('',(35.592010728109,12.298263474553,1.6));
#866 = CARTESIAN_POINT('',(35.699246929242,12.3059334822,1.6));
#867 = CARTESIAN_POINT('',(35.804101438908,12.318117268522,1.6));
#868 = CARTESIAN_POINT('',(35.90596388876,12.33535478016,1.6));
#869 = CARTESIAN_POINT('',(36.089897090823,12.37817363849,1.6));
#870 = CARTESIAN_POINT('',(36.172837220855,12.402431158161,1.6));
#871 = CARTESIAN_POINT('',(36.25240403913,12.431335753715,1.6));
#872 = CARTESIAN_POINT('',(36.327968338146,12.465234817427,1.6));
#873 = CARTESIAN_POINT('',(36.398833547804,12.504405434306,1.6));
#874 = CARTESIAN_POINT('',(36.464356124161,12.548909395973,1.6));
#875 = ORIENTED_EDGE('',*,*,#876,.F.);
#876 = EDGE_CURVE('',#877,#860,#879,.T.);
#877 = VERTEX_POINT('',#878);
#878 = CARTESIAN_POINT('',(34.86439807047,12.334563758389,1.6));
#879 = B_SPLINE_CURVE_WITH_KNOTS('',4,(#880,#881,#882,#883,#884),
  .UNSPECIFIED.,.F.,.F.,(5,5),(0.,1.),.PIECEWISE_BEZIER_KNOTS.);
#880 = CARTESIAN_POINT('',(34.86439807047,12.334563758389,1.6));
#881 = CARTESIAN_POINT('',(34.991336588211,12.314640344179,1.6));
#882 = CARTESIAN_POINT('',(35.118333107633,12.301303988195,1.6));
#883 = CARTESIAN_POINT('',(35.245281857287,12.294630872483,1.6));
#884 = CARTESIAN_POINT('',(35.372074244966,12.294630872483,1.6));
#885 = ORIENTED_EDGE('',*,*,#886,.F.);
#886 = EDGE_CURVE('',#887,#877,#889,.T.);
#887 = VERTEX_POINT('',#888);
#888 = CARTESIAN_POINT('',(34.36127307047,12.454362416107,1.6));
#889 = B_SPLINE_CURVE_WITH_KNOTS('',4,(#890,#891,#892,#893,#894),
  .UNSPECIFIED.,.F.,.F.,(5,5),(0.,1.),.PIECEWISE_BEZIER_KNOTS.);
#890 = CARTESIAN_POINT('',(34.36127307047,12.454362416107,1.6));
#891 = CARTESIAN_POINT('',(34.485442634799,12.414510945314,1.6));
#892 = CARTESIAN_POINT('',(34.610752472235,12.381211189041,1.6));
#893 = CARTESIAN_POINT('',(34.737107270253,12.354553999532,1.6));
#894 = CARTESIAN_POINT('',(34.86439807047,12.334563758389,1.6));
#895 = ORIENTED_EDGE('',*,*,#896,.F.);
#896 = EDGE_CURVE('',#897,#887,#899,.T.);
#897 = VERTEX_POINT('',#898);
#898 = CARTESIAN_POINT('',(34.36127307047,13.112080536913,1.6));
#899 = LINE('',#900,#901);
#900 = CARTESIAN_POINT('',(34.36127307047,6.227181208054,1.6));
#901 = VECTOR('',#902,1.);
#902 = DIRECTION('',(0.,-1.,0.));
#903 = ORIENTED_EDGE('',*,*,#904,.F.);
#904 = EDGE_CURVE('',#905,#897,#907,.T.);
#905 = VERTEX_POINT('',#906);
#906 = CARTESIAN_POINT('',(34.833567533557,12.929446308725,1.6));
#907 = B_SPLINE_CURVE_WITH_KNOTS('',5,(#908,#909,#910,#911,#912,#913),
  .UNSPECIFIED.,.F.,.F.,(6,6),(0.,1.),.PIECEWISE_BEZIER_KNOTS.);
#908 = CARTESIAN_POINT('',(34.833567533557,12.929446308725,1.6));
#909 = CARTESIAN_POINT('',(34.738935143219,12.954333975564,1.6));
#910 = CARTESIAN_POINT('',(34.644302593014,12.985170331634,1.6));
#911 = CARTESIAN_POINT('',(34.549760992921,13.021844971063,1.6));
#912 = CARTESIAN_POINT('',(34.455392986581,13.064207196866,1.6));
#913 = CARTESIAN_POINT('',(34.36127307047,13.112080536913,1.6));
#914 = ORIENTED_EDGE('',*,*,#915,.F.);
#915 = EDGE_CURVE('',#916,#905,#918,.T.);
#916 = VERTEX_POINT('',#917);
#917 = CARTESIAN_POINT('',(35.294997902685,12.867785234899,1.6));
#918 = B_SPLINE_CURVE_WITH_KNOTS('',5,(#919,#920,#921,#922,#923,#924),
  .UNSPECIFIED.,.F.,.F.,(6,6),(0.,1.),.PIECEWISE_BEZIER_KNOTS.);
#919 = CARTESIAN_POINT('',(35.294997902685,12.867785234899,1.6));
#920 = CARTESIAN_POINT('',(35.20381050556,12.867785234899,1.6));
#921 = CARTESIAN_POINT('',(35.111970768091,12.87401368648,1.6));
#922 = CARTESIAN_POINT('',(35.019582162516,12.886434088659,1.6));
#923 = CARTESIAN_POINT('',(34.926747404717,12.904955979634,1.6));
#924 = CARTESIAN_POINT('',(34.833567533557,12.929446308725,1.6));
#925 = ORIENTED_EDGE('',*,*,#926,.F.);
#926 = EDGE_CURVE('',#927,#916,#929,.T.);
#927 = VERTEX_POINT('',#928);
#928 = CARTESIAN_POINT('',(35.811335989933,12.984941275168,1.6));
#929 = B_SPLINE_CURVE_WITH_KNOTS('',6,(#930,#931,#932,#933,#934,#935,
    #936),.UNSPECIFIED.,.F.,.F.,(7,7),(0.,1.),.PIECEWISE_BEZIER_KNOTS.);
#930 = CARTESIAN_POINT('',(35.811335989933,12.984941275168,1.6));
#931 = CARTESIAN_POINT('',(35.748855921896,12.944140052342,1.6));
#932 = CARTESIAN_POINT('',(35.675551722416,12.912282420067,1.6));
#933 = CARTESIAN_POINT('',(35.592295482229,12.889322432906,1.6));
#934 = CARTESIAN_POINT('',(35.500316724776,12.874723375566,1.6));
#935 = CARTESIAN_POINT('',(35.400852695358,12.867785234899,1.6));
#936 = CARTESIAN_POINT('',(35.294997902685,12.867785234899,1.6));
#937 = ORIENTED_EDGE('',*,*,#938,.F.);
#938 = EDGE_CURVE('',#939,#927,#941,.T.);
#939 = VERTEX_POINT('',#940);
#940 = CARTESIAN_POINT('',(35.99088716443,13.321287751678,1.6));
#941 = B_SPLINE_CURVE_WITH_KNOTS('',5,(#942,#943,#944,#945,#946,#947,
    #948,#949,#950,#951),.UNSPECIFIED.,.F.,.F.,(6,4,6),(0.,
    0.524277487558,1.),.UNSPECIFIED.);
#942 = CARTESIAN_POINT('',(35.99088716443,13.321287751678,1.6));
#943 = CARTESIAN_POINT('',(35.99088716443,13.27598101181,1.6));
#944 = CARTESIAN_POINT('',(35.98608616636,13.232953756272,1.6));
#945 = CARTESIAN_POINT('',(35.97629719255,13.192441264685,1.6));
#946 = CARTESIAN_POINT('',(35.961439541563,13.154636574001,1.6));
#947 = CARTESIAN_POINT('',(35.923572532406,13.087933411815,1.6));
#948 = CARTESIAN_POINT('',(35.901443934867,13.058531495724,1.6));
#949 = CARTESIAN_POINT('',(35.875253772001,13.03155415083,1.6));
#950 = CARTESIAN_POINT('',(35.845147341931,13.00703062124,1.6));
#951 = CARTESIAN_POINT('',(35.811335989933,12.984941275168,1.6));
#952 = ORIENTED_EDGE('',*,*,#953,.F.);
#953 = EDGE_CURVE('',#954,#939,#956,.T.);
#954 = VERTEX_POINT('',#955);
#955 = CARTESIAN_POINT('',(35.806931627517,13.663066275168,1.6));
#956 = B_SPLINE_CURVE_WITH_KNOTS('',5,(#957,#958,#959,#960,#961,#962,
    #963,#964,#965,#966),.UNSPECIFIED.,.F.,.F.,(6,4,6),(0.,
    0.459499078421,1.),.UNSPECIFIED.);
#957 = CARTESIAN_POINT('',(35.806931627517,13.663066275168,1.6));
#958 = CARTESIAN_POINT('',(35.84040764025,13.641933373275,1.6));
#959 = CARTESIAN_POINT('',(35.870348158396,13.618361952193,1.6));
#960 = CARTESIAN_POINT('',(35.8965481055,13.592329635023,1.6));
#961 = CARTESIAN_POINT('',(35.918865300382,13.563862907973,1.6));
#962 = CARTESIAN_POINT('',(35.958866315285,13.496812641854,1.6));
#963 = CARTESIAN_POINT('',(35.975042366675,13.457326053835,1.6));
#964 = CARTESIAN_POINT('',(35.98568195764,13.414743029845,1.6));
#965 = CARTESIAN_POINT('',(35.99088716443,13.369300732373,1.6));
#966 = CARTESIAN_POINT('',(35.99088716443,13.321287751678,1.6));
#967 = ORIENTED_EDGE('',*,*,#968,.F.);
#968 = EDGE_CURVE('',#969,#954,#971,.T.);
#969 = VERTEX_POINT('',#970);
#970 = CARTESIAN_POINT('',(35.264167365772,13.779194630872,1.6));
#971 = B_SPLINE_CURVE_WITH_KNOTS('',6,(#972,#973,#974,#975,#976,#977,
    #978),.UNSPECIFIED.,.F.,.F.,(7,7),(0.,1.),.PIECEWISE_BEZIER_KNOTS.);
#972 = CARTESIAN_POINT('',(35.264167365772,13.779194630872,1.6));
#973 = CARTESIAN_POINT('',(35.3758733133,13.779194630872,1.6));
#974 = CARTESIAN_POINT('',(35.480888798466,13.772447039157,1.6));
#975 = CARTESIAN_POINT('',(35.577974864122,13.758160815222,1.6));
#976 = CARTESIAN_POINT('',(35.66564721003,13.735528185851,1.6));
#977 = CARTESIAN_POINT('',(35.742345990395,13.703870779132,1.6));
#978 = CARTESIAN_POINT('',(35.806931627517,13.663066275168,1.6));
#979 = ORIENTED_EDGE('',*,*,#980,.F.);
#980 = EDGE_CURVE('',#981,#969,#983,.T.);
#981 = VERTEX_POINT('',#982);
#982 = CARTESIAN_POINT('',(34.925031459732,13.779194630872,1.6));
#983 = LINE('',#984,#985);
#984 = CARTESIAN_POINT('',(17.632083682886,13.779194630872,1.6));
#985 = VECTOR('',#986,1.);
#986 = DIRECTION('',(1.,0.,-0.));
#987 = ORIENTED_EDGE('',*,*,#988,.F.);
#988 = EDGE_CURVE('',#989,#981,#991,.T.);
#989 = VERTEX_POINT('',#990);
#990 = CARTESIAN_POINT('',(34.925031459732,14.324161073826,1.6));
#991 = LINE('',#992,#993);
#992 = CARTESIAN_POINT('',(34.925031459732,6.889597315436,1.6));
#993 = VECTOR('',#994,1.);
#994 = DIRECTION('',(0.,-1.,0.));
#995 = ORIENTED_EDGE('',*,*,#996,.F.);
#996 = EDGE_CURVE('',#997,#989,#999,.T.);
#997 = VERTEX_POINT('',#998);
#998 = CARTESIAN_POINT('',(35.281784815436,14.324161073826,1.6));
#999 = LINE('',#1000,#1001);
#1000 = CARTESIAN_POINT('',(17.462515729866,14.324161073826,1.6));
#1001 = VECTOR('',#1002,1.);
#1002 = DIRECTION('',(-1.,0.,0.));
#1003 = ORIENTED_EDGE('',*,*,#1004,.F.);
#1004 = EDGE_CURVE('',#1005,#997,#1007,.T.);
#1005 = VERTEX_POINT('',#1006);
#1006 = CARTESIAN_POINT('',(35.757455956376,14.423993288591,1.6));
#1007 = B_SPLINE_CURVE_WITH_KNOTS('',6,(#1008,#1009,#1010,#1011,#1012,
    #1013,#1014),.UNSPECIFIED.,.F.,.F.,(7,7),(0.,1.),
  .PIECEWISE_BEZIER_KNOTS.);
#1008 = CARTESIAN_POINT('',(35.757455956376,14.423993288591,1.6));
#1009 = CARTESIAN_POINT('',(35.702884491354,14.389149536276,1.6));
#1010 = CARTESIAN_POINT('',(35.637025851088,14.362000920919,1.6));
#1011 = CARTESIAN_POINT('',(35.560753444121,14.34246547107,1.6));
#1012 = CARTESIAN_POINT('',(35.47531385297,14.330055825407,1.6));
#1013 = CARTESIAN_POINT('',(35.381956693855,14.324161073826,1.6));
#1014 = CARTESIAN_POINT('',(35.281784815436,14.324161073826,1.6));
#1015 = ORIENTED_EDGE('',*,*,#1016,.F.);
#1016 = EDGE_CURVE('',#1017,#1005,#1019,.T.);
#1017 = VERTEX_POINT('',#1018);
#1018 = CARTESIAN_POINT('',(35.913810822148,14.727894295302,1.6));
#1019 = B_SPLINE_CURVE_WITH_KNOTS('',5,(#1020,#1021,#1022,#1023,#1024,
    #1025,#1026,#1027,#1028,#1029),.UNSPECIFIED.,.F.,.F.,(6,4,6),(0.,
    0.603018994775,1.),.UNSPECIFIED.);
#1020 = CARTESIAN_POINT('',(35.913810822148,14.727894295302,1.6));
#1021 = CARTESIAN_POINT('',(35.913810822148,14.679481457069,1.6));
#1022 = CARTESIAN_POINT('',(35.908310878621,14.634207553625,1.6));
#1023 = CARTESIAN_POINT('',(35.897071119394,14.592384537255,1.6));
#1024 = CARTESIAN_POINT('',(35.879984882764,14.554259280984,1.6));
#1025 = CARTESIAN_POINT('',(35.842112627347,14.497398619934,1.6));
#1026 = CARTESIAN_POINT('',(35.824584294264,14.476487929882,1.6));
#1027 = CARTESIAN_POINT('',(35.804589083377,14.457277443133,1.6));
#1028 = CARTESIAN_POINT('',(35.782183958173,14.439782059691,1.6));
#1029 = CARTESIAN_POINT('',(35.757455956376,14.423993288591,1.6));
#1030 = ORIENTED_EDGE('',*,*,#1031,.F.);
#1031 = EDGE_CURVE('',#1032,#1017,#1034,.T.);
#1032 = VERTEX_POINT('',#1033);
#1033 = CARTESIAN_POINT('',(35.761860318792,15.019609899329,1.6));
#1034 = B_SPLINE_CURVE_WITH_KNOTS('',5,(#1035,#1036,#1037,#1038,#1039,
    #1040,#1041,#1042,#1043,#1044),.UNSPECIFIED.,.F.,.F.,(6,4,6),(0.,
    0.46971841006,1.),.UNSPECIFIED.);
#1035 = CARTESIAN_POINT('',(35.761860318792,15.019609899329,1.6));
#1036 = CARTESIAN_POINT('',(35.790200922972,15.000387576494,1.6));
#1037 = CARTESIAN_POINT('',(35.815404693552,14.979191201612,1.6));
#1038 = CARTESIAN_POINT('',(35.837342116348,14.956011988437,1.6));
#1039 = CARTESIAN_POINT('',(35.855927010166,14.93087068979,1.6));
#1040 = CARTESIAN_POINT('',(35.888288772582,14.873290881686,1.6));
#1041 = CARTESIAN_POINT('',(35.90113770935,14.840327775288,1.6));
#1042 = CARTESIAN_POINT('',(35.909628050147,14.805017188996,1.6));
#1043 = CARTESIAN_POINT('',(35.913810822148,14.767486211503,1.6));
#1044 = CARTESIAN_POINT('',(35.913810822148,14.727894295302,1.6));
#1045 = ORIENTED_EDGE('',*,*,#1046,.F.);
#1046 = EDGE_CURVE('',#1047,#1032,#1049,.T.);
#1047 = VERTEX_POINT('',#1048);
#1048 = CARTESIAN_POINT('',(35.332434983221,15.122818791946,1.6));
#1049 = B_SPLINE_CURVE_WITH_KNOTS('',6,(#1050,#1051,#1052,#1053,#1054,
    #1055,#1056),.UNSPECIFIED.,.F.,.F.,(7,7),(0.,1.),
  .PIECEWISE_BEZIER_KNOTS.);
#1050 = CARTESIAN_POINT('',(35.332434983221,15.122818791946,1.6));
#1051 = CARTESIAN_POINT('',(35.421144175449,15.122818791946,1.6));
#1052 = CARTESIAN_POINT('',(35.503983591169,15.116489449984,1.6));
#1053 = CARTESIAN_POINT('',(35.580191295502,15.103341654428,1.6));
#1054 = CARTESIAN_POINT('',(35.648996250221,15.08294897466,1.6));
#1055 = CARTESIAN_POINT('',(35.709707232383,15.055033686523,1.6));
#1056 = CARTESIAN_POINT('',(35.761860318792,15.019609899329,1.6));
#1057 = ORIENTED_EDGE('',*,*,#1058,.F.);
#1058 = EDGE_CURVE('',#1059,#1047,#1061,.T.);
#1059 = VERTEX_POINT('',#1060);
#1060 = CARTESIAN_POINT('',(34.918424916107,15.077600671141,1.6));
#1061 = B_SPLINE_CURVE_WITH_KNOTS('',4,(#1062,#1063,#1064,#1065,#1066),
  .UNSPECIFIED.,.F.,.F.,(5,5),(0.,1.),.PIECEWISE_BEZIER_KNOTS.);
#1062 = CARTESIAN_POINT('',(34.918424916107,15.077600671141,1.6));
#1063 = CARTESIAN_POINT('',(35.022624722485,15.100122453853,1.6));
#1064 = CARTESIAN_POINT('',(35.126443347019,15.115241215038,1.6));
#1065 = CARTESIAN_POINT('',(35.229755301845,15.122818791946,1.6));
#1066 = CARTESIAN_POINT('',(35.332434983221,15.122818791946,1.6));
#1067 = ORIENTED_EDGE('',*,*,#1068,.F.);
#1068 = EDGE_CURVE('',#1069,#1059,#1071,.T.);
#1069 = VERTEX_POINT('',#1070);
#1070 = CARTESIAN_POINT('',(34.502212667785,14.944295302013,1.6));
#1071 = B_SPLINE_CURVE_WITH_KNOTS('',4,(#1072,#1073,#1074,#1075,#1076),
  .UNSPECIFIED.,.F.,.F.,(5,5),(0.,1.),.PIECEWISE_BEZIER_KNOTS.);
#1072 = CARTESIAN_POINT('',(34.502212667785,14.944295302013,1.6));
#1073 = CARTESIAN_POINT('',(34.605243859576,14.988211434117,1.6));
#1074 = CARTESIAN_POINT('',(34.709020185536,15.025161955048,1.6));
#1075 = CARTESIAN_POINT('',(34.81344968397,15.054984954463,1.6));
#1076 = CARTESIAN_POINT('',(34.918424916107,15.077600671141,1.6));
#1077 = ORIENTED_EDGE('',*,*,#1078,.F.);
#1078 = EDGE_CURVE('',#1079,#1069,#1081,.T.);
#1079 = VERTEX_POINT('',#1080);
#1080 = CARTESIAN_POINT('',(34.502212667785,15.564429530201,1.6));
#1081 = LINE('',#1082,#1083);
#1082 = CARTESIAN_POINT('',(34.502212667785,7.472147651007,1.6));
#1083 = VECTOR('',#1084,1.);
#1084 = DIRECTION('',(0.,-1.,0.));
#1085 = ORIENTED_EDGE('',*,*,#1086,.F.);
#1086 = EDGE_CURVE('',#1087,#1079,#1089,.T.);
#1087 = VERTEX_POINT('',#1088);
#1088 = CARTESIAN_POINT('',(34.999905620805,15.670134228188,1.6));
#1089 = B_SPLINE_CURVE_WITH_KNOTS('',4,(#1090,#1091,#1092,#1093,#1094),
  .UNSPECIFIED.,.F.,.F.,(5,5),(0.,1.),.PIECEWISE_BEZIER_KNOTS.);
#1090 = CARTESIAN_POINT('',(34.999905620805,15.670134228188,1.6));
#1091 = CARTESIAN_POINT('',(34.876042148795,15.652439446472,1.6));
#1092 = CARTESIAN_POINT('',(34.751747397481,15.628864565256,1.6));
#1093 = CARTESIAN_POINT('',(34.627109601909,15.599488318727,1.6));
#1094 = CARTESIAN_POINT('',(34.502212667785,15.564429530201,1.6));
#1095 = ORIENTED_EDGE('',*,*,#1096,.F.);
#1096 = EDGE_CURVE('',#1097,#1087,#1099,.T.);
#1097 = VERTEX_POINT('',#1098);
#1098 = CARTESIAN_POINT('',(35.484385486577,15.705369127517,1.6));
#1099 = B_SPLINE_CURVE_WITH_KNOTS('',4,(#1100,#1101,#1102,#1103,#1104),
  .UNSPECIFIED.,.F.,.F.,(5,5),(0.,1.),.PIECEWISE_BEZIER_KNOTS.);
#1100 = CARTESIAN_POINT('',(35.484385486577,15.705369127517,1.6));
#1101 = CARTESIAN_POINT('',(35.364977509357,15.705369127517,1.6));
#1102 = CARTESIAN_POINT('',(35.244362296104,15.699447998391,1.6));
#1103 = CARTESIAN_POINT('',(35.122638234732,15.687667458749,1.6));
#1104 = CARTESIAN_POINT('',(34.999905620805,15.670134228188,1.6));
#1105 = ORIENTED_EDGE('',*,*,#1106,.F.);
#1106 = EDGE_CURVE('',#1107,#1097,#1109,.T.);
#1107 = VERTEX_POINT('',#1108);
#1108 = CARTESIAN_POINT('',(36.443361996644,15.494987416107,1.6));
#1109 = B_SPLINE_CURVE_WITH_KNOTS('',6,(#1110,#1111,#1112,#1113,#1114,
    #1115,#1116,#1117,#1118,#1119,#1120,#1121),.UNSPECIFIED.,.F.,.F.,(7,
    5,7),(0.,0.468995978965,1.),.UNSPECIFIED.);
#1110 = CARTESIAN_POINT('',(36.443361996644,15.494987416107,1.6));
#1111 = CARTESIAN_POINT('',(36.387410877005,15.531986933617,1.6));
#1112 = CARTESIAN_POINT('',(36.326346872351,15.564503123151,1.6));
#1113 = CARTESIAN_POINT('',(36.260744523295,15.592618144235,1.6));
#1114 = CARTESIAN_POINT('',(36.191228716004,15.616575080402,1.6));
#1115 = CARTESIAN_POINT('',(36.118366601389,15.636666623175,1.6));
#1116 = CARTESIAN_POINT('',(35.956875098877,15.671905727829,1.6));
#1117 = CARTESIAN_POINT('',(35.867444851202,15.686045607973,1.6));
#1118 = CARTESIAN_POINT('',(35.77499352916,15.696059854035,1.6));
#1119 = CARTESIAN_POINT('',(35.680070535425,15.702373289607,1.6));
#1120 = CARTESIAN_POINT('',(35.5831038076,15.705369127517,1.6));
#1121 = CARTESIAN_POINT('',(35.484385486577,15.705369127517,1.6));
#1122 = ORIENTED_EDGE('',*,*,#1123,.F.);
#1123 = EDGE_CURVE('',#1124,#1107,#1126,.T.);
#1124 = VERTEX_POINT('',#1125);
#1125 = CARTESIAN_POINT('',(36.761650587248,14.861933724832,1.6));
#1126 = B_SPLINE_CURVE_WITH_KNOTS('',6,(#1127,#1128,#1129,#1130,#1131,
    #1132,#1133,#1134,#1135,#1136,#1137,#1138),.UNSPECIFIED.,.F.,.F.,(7,
    5,7),(0.,0.617338460791,1.),.UNSPECIFIED.);
#1127 = CARTESIAN_POINT('',(36.761650587248,14.861933724832,1.6));
#1128 = CARTESIAN_POINT('',(36.761650587248,14.944641366635,1.6));
#1129 = CARTESIAN_POINT('',(36.754343249081,15.024550503031,1.6));
#1130 = CARTESIAN_POINT('',(36.739039221594,15.100891814077,1.6));
#1131 = CARTESIAN_POINT('',(36.715200246591,15.172869203788,1.6));
#1132 = CARTESIAN_POINT('',(36.682615377286,15.239752911484,1.6));
#1133 = CARTESIAN_POINT('',(36.616268764945,15.338983749295,1.6));
#1134 = CARTESIAN_POINT('',(36.587655683408,15.374805620321,1.6));
#1135 = CARTESIAN_POINT('',(36.555897758867,15.408356053504,1.6));
#1136 = CARTESIAN_POINT('',(36.521134461709,15.439572871026,1.6));
#1137 = CARTESIAN_POINT('',(36.483550578021,15.46844219077,1.6));
#1138 = CARTESIAN_POINT('',(36.443361996644,15.494987416107,1.6));
#1139 = ORIENTED_EDGE('',*,*,#1140,.F.);
#1140 = EDGE_CURVE('',#1141,#1124,#1143,.T.);
#1141 = VERTEX_POINT('',#1142);
#1142 = CARTESIAN_POINT('',(36.609700083893,14.389492449664,1.6));
#1143 = B_SPLINE_CURVE_WITH_KNOTS('',5,(#1144,#1145,#1146,#1147,#1148,
    #1149,#1150,#1151,#1152,#1153),.UNSPECIFIED.,.F.,.F.,(6,4,6),(0.,
    0.112594634249,1.),.UNSPECIFIED.);
#1144 = CARTESIAN_POINT('',(36.609700083893,14.389492449664,1.6));
#1145 = CARTESIAN_POINT('',(36.616625722016,14.397876821228,1.6));
#1146 = CARTESIAN_POINT('',(36.623356555459,14.406399915053,1.6));
#1147 = CARTESIAN_POINT('',(36.629891473522,14.415060924366,1.6));
#1148 = CARTESIAN_POINT('',(36.636229551348,14.423858907237,1.6));
#1149 = CARTESIAN_POINT('',(36.690765885244,14.503204423122,1.6));
#1150 = CARTESIAN_POINT('',(36.726898066276,14.582071332966,1.6));
#1151 = CARTESIAN_POINT('',(36.750363604153,14.668824819621,1.6));
#1152 = CARTESIAN_POINT('',(36.761650587248,14.762480819534,1.6));
#1153 = CARTESIAN_POINT('',(36.761650587248,14.861933724832,1.6));
#1154 = ORIENTED_EDGE('',*,*,#1155,.F.);
#1155 = EDGE_CURVE('',#811,#1141,#1156,.T.);
#1156 = B_SPLINE_CURVE_WITH_KNOTS('',6,(#1157,#1158,#1159,#1160,#1161,
    #1162,#1163),.UNSPECIFIED.,.F.,.F.,(7,7),(0.,1.),
  .PIECEWISE_BEZIER_KNOTS.);
#1157 = CARTESIAN_POINT('',(36.16045511745,14.130809563758,1.6));
#1158 = CARTESIAN_POINT('',(36.256000736053,14.15487290474,1.6));
#1159 = CARTESIAN_POINT('',(36.344446835382,14.186167728865,1.6));
#1160 = CARTESIAN_POINT('',(36.42482899852,14.225126214743,1.6));
#1161 = CARTESIAN_POINT('',(36.496248161516,14.27203810629,1.6));
#1162 = CARTESIAN_POINT('',(36.557992668096,14.32694396215,1.6));
#1163 = CARTESIAN_POINT('',(36.609700083893,14.389492449664,1.6));
#1164 = FACE_BOUND('',#1165,.T.);
#1165 = EDGE_LOOP('',(#1166,#1176,#1184,#1192,#1200,#1208,#1216,#1224,
    #1232,#1240,#1248,#1256));
#1166 = ORIENTED_EDGE('',*,*,#1167,.T.);
#1167 = EDGE_CURVE('',#1168,#1170,#1172,.T.);
#1168 = VERTEX_POINT('',#1169);
#1169 = CARTESIAN_POINT('',(54.025,7.025,1.6));
#1170 = VERTEX_POINT('',#1171);
#1171 = CARTESIAN_POINT('',(52.525,7.025,1.6));
#1172 = LINE('',#1173,#1174);
#1173 = CARTESIAN_POINT('',(26.2625,7.025,1.6));
#1174 = VECTOR('',#1175,1.);
#1175 = DIRECTION('',(-1.,-0.,0.));
#1176 = ORIENTED_EDGE('',*,*,#1177,.T.);
#1177 = EDGE_CURVE('',#1170,#1178,#1180,.T.);
#1178 = VERTEX_POINT('',#1179);
#1179 = CARTESIAN_POINT('',(52.525,8.975,1.6));
#1180 = LINE('',#1181,#1182);
#1181 = CARTESIAN_POINT('',(52.525,3.5125,1.6));
#1182 = VECTOR('',#1183,1.);
#1183 = DIRECTION('',(-0.,1.,0.));
#1184 = ORIENTED_EDGE('',*,*,#1185,.F.);
#1185 = EDGE_CURVE('',#1186,#1178,#1188,.T.);
#1186 = VERTEX_POINT('',#1187);
#1187 = CARTESIAN_POINT('',(54.025,8.975,1.6));
#1188 = LINE('',#1189,#1190);
#1189 = CARTESIAN_POINT('',(26.2625,8.975,1.6));
#1190 = VECTOR('',#1191,1.);
#1191 = DIRECTION('',(-1.,-0.,0.));
#1192 = ORIENTED_EDGE('',*,*,#1193,.T.);
#1193 = EDGE_CURVE('',#1186,#1194,#1196,.T.);
#1194 = VERTEX_POINT('',#1195);
#1195 = CARTESIAN_POINT('',(54.025,10.475,1.6));
#1196 = LINE('',#1197,#1198);
#1197 = CARTESIAN_POINT('',(54.025,2.7625,1.6));
#1198 = VECTOR('',#1199,1.);
#1199 = DIRECTION('',(-0.,1.,0.));
#1200 = ORIENTED_EDGE('',*,*,#1201,.F.);
#1201 = EDGE_CURVE('',#1202,#1194,#1204,.T.);
#1202 = VERTEX_POINT('',#1203);
#1203 = CARTESIAN_POINT('',(55.975,10.475,1.6));
#1204 = LINE('',#1205,#1206);
#1205 = CARTESIAN_POINT('',(27.0125,10.475,1.6));
#1206 = VECTOR('',#1207,1.);
#1207 = DIRECTION('',(-1.,-0.,0.));
#1208 = ORIENTED_EDGE('',*,*,#1209,.F.);
#1209 = EDGE_CURVE('',#1210,#1202,#1212,.T.);
#1210 = VERTEX_POINT('',#1211);
#1211 = CARTESIAN_POINT('',(55.975,8.975,1.6));
#1212 = LINE('',#1213,#1214);
#1213 = CARTESIAN_POINT('',(55.975,2.7625,1.6));
#1214 = VECTOR('',#1215,1.);
#1215 = DIRECTION('',(-0.,1.,0.));
#1216 = ORIENTED_EDGE('',*,*,#1217,.F.);
#1217 = EDGE_CURVE('',#1218,#1210,#1220,.T.);
#1218 = VERTEX_POINT('',#1219);
#1219 = CARTESIAN_POINT('',(57.475,8.975,1.6));
#1220 = LINE('',#1221,#1222);
#1221 = CARTESIAN_POINT('',(26.2625,8.975,1.6));
#1222 = VECTOR('',#1223,1.);
#1223 = DIRECTION('',(-1.,-0.,0.));
#1224 = ORIENTED_EDGE('',*,*,#1225,.F.);
#1225 = EDGE_CURVE('',#1226,#1218,#1228,.T.);
#1226 = VERTEX_POINT('',#1227);
#1227 = CARTESIAN_POINT('',(57.475,7.025,1.6));
#1228 = LINE('',#1229,#1230);
#1229 = CARTESIAN_POINT('',(57.475,3.5125,1.6));
#1230 = VECTOR('',#1231,1.);
#1231 = DIRECTION('',(-0.,1.,0.));
#1232 = ORIENTED_EDGE('',*,*,#1233,.T.);
#1233 = EDGE_CURVE('',#1226,#1234,#1236,.T.);
#1234 = VERTEX_POINT('',#1235);
#1235 = CARTESIAN_POINT('',(55.975,7.025,1.6));
#1236 = LINE('',#1237,#1238);
#1237 = CARTESIAN_POINT('',(26.2625,7.025,1.6));
#1238 = VECTOR('',#1239,1.);
#1239 = DIRECTION('',(-1.,-0.,0.));
#1240 = ORIENTED_EDGE('',*,*,#1241,.F.);
#1241 = EDGE_CURVE('',#1242,#1234,#1244,.T.);
#1242 = VERTEX_POINT('',#1243);
#1243 = CARTESIAN_POINT('',(55.975,5.525,1.6));
#1244 = LINE('',#1245,#1246);
#1245 = CARTESIAN_POINT('',(55.975,2.7625,1.6));
#1246 = VECTOR('',#1247,1.);
#1247 = DIRECTION('',(-0.,1.,0.));
#1248 = ORIENTED_EDGE('',*,*,#1249,.T.);
#1249 = EDGE_CURVE('',#1242,#1250,#1252,.T.);
#1250 = VERTEX_POINT('',#1251);
#1251 = CARTESIAN_POINT('',(54.025,5.525,1.6));
#1252 = LINE('',#1253,#1254);
#1253 = CARTESIAN_POINT('',(27.0125,5.525,1.6));
#1254 = VECTOR('',#1255,1.);
#1255 = DIRECTION('',(-1.,-0.,0.));
#1256 = ORIENTED_EDGE('',*,*,#1257,.T.);
#1257 = EDGE_CURVE('',#1250,#1168,#1258,.T.);
#1258 = LINE('',#1259,#1260);
#1259 = CARTESIAN_POINT('',(54.025,2.7625,1.6));
#1260 = VECTOR('',#1261,1.);
#1261 = DIRECTION('',(-0.,1.,0.));
#1262 = FACE_BOUND('',#1263,.T.);
#1263 = EDGE_LOOP('',(#1264,#1274,#1282,#1290,#1298,#1306,#1314,#1322,
    #1330,#1338,#1346,#1354));
#1264 = ORIENTED_EDGE('',*,*,#1265,.T.);
#1265 = EDGE_CURVE('',#1266,#1268,#1270,.T.);
#1266 = VERTEX_POINT('',#1267);
#1267 = CARTESIAN_POINT('',(66.,7.,1.6));
#1268 = VERTEX_POINT('',#1269);
#1269 = CARTESIAN_POINT('',(64.5,7.,1.6));
#1270 = LINE('',#1271,#1272);
#1271 = CARTESIAN_POINT('',(32.25,7.,1.6));
#1272 = VECTOR('',#1273,1.);
#1273 = DIRECTION('',(-1.,-0.,0.));
#1274 = ORIENTED_EDGE('',*,*,#1275,.T.);
#1275 = EDGE_CURVE('',#1268,#1276,#1278,.T.);
#1276 = VERTEX_POINT('',#1277);
#1277 = CARTESIAN_POINT('',(64.5,9.,1.6));
#1278 = LINE('',#1279,#1280);
#1279 = CARTESIAN_POINT('',(64.5,3.5,1.6));
#1280 = VECTOR('',#1281,1.);
#1281 = DIRECTION('',(-0.,1.,0.));
#1282 = ORIENTED_EDGE('',*,*,#1283,.F.);
#1283 = EDGE_CURVE('',#1284,#1276,#1286,.T.);
#1284 = VERTEX_POINT('',#1285);
#1285 = CARTESIAN_POINT('',(66.,9.,1.6));
#1286 = LINE('',#1287,#1288);
#1287 = CARTESIAN_POINT('',(32.25,9.,1.6));
#1288 = VECTOR('',#1289,1.);
#1289 = DIRECTION('',(-1.,-0.,0.));
#1290 = ORIENTED_EDGE('',*,*,#1291,.T.);
#1291 = EDGE_CURVE('',#1284,#1292,#1294,.T.);
#1292 = VERTEX_POINT('',#1293);
#1293 = CARTESIAN_POINT('',(66.,10.5,1.6));
#1294 = LINE('',#1295,#1296);
#1295 = CARTESIAN_POINT('',(66.,2.75,1.6));
#1296 = VECTOR('',#1297,1.);
#1297 = DIRECTION('',(-0.,1.,0.));
#1298 = ORIENTED_EDGE('',*,*,#1299,.F.);
#1299 = EDGE_CURVE('',#1300,#1292,#1302,.T.);
#1300 = VERTEX_POINT('',#1301);
#1301 = CARTESIAN_POINT('',(68.,10.5,1.6));
#1302 = LINE('',#1303,#1304);
#1303 = CARTESIAN_POINT('',(33.,10.5,1.6));
#1304 = VECTOR('',#1305,1.);
#1305 = DIRECTION('',(-1.,-0.,0.));
#1306 = ORIENTED_EDGE('',*,*,#1307,.F.);
#1307 = EDGE_CURVE('',#1308,#1300,#1310,.T.);
#1308 = VERTEX_POINT('',#1309);
#1309 = CARTESIAN_POINT('',(68.,9.,1.6));
#1310 = LINE('',#1311,#1312);
#1311 = CARTESIAN_POINT('',(68.,2.75,1.6));
#1312 = VECTOR('',#1313,1.);
#1313 = DIRECTION('',(-0.,1.,0.));
#1314 = ORIENTED_EDGE('',*,*,#1315,.F.);
#1315 = EDGE_CURVE('',#1316,#1308,#1318,.T.);
#1316 = VERTEX_POINT('',#1317);
#1317 = CARTESIAN_POINT('',(69.5,9.,1.6));
#1318 = LINE('',#1319,#1320);
#1319 = CARTESIAN_POINT('',(32.25,9.,1.6));
#1320 = VECTOR('',#1321,1.);
#1321 = DIRECTION('',(-1.,-0.,0.));
#1322 = ORIENTED_EDGE('',*,*,#1323,.F.);
#1323 = EDGE_CURVE('',#1324,#1316,#1326,.T.);
#1324 = VERTEX_POINT('',#1325);
#1325 = CARTESIAN_POINT('',(69.5,7.,1.6));
#1326 = LINE('',#1327,#1328);
#1327 = CARTESIAN_POINT('',(69.5,3.5,1.6));
#1328 = VECTOR('',#1329,1.);
#1329 = DIRECTION('',(-0.,1.,0.));
#1330 = ORIENTED_EDGE('',*,*,#1331,.T.);
#1331 = EDGE_CURVE('',#1324,#1332,#1334,.T.);
#1332 = VERTEX_POINT('',#1333);
#1333 = CARTESIAN_POINT('',(68.,7.,1.6));
#1334 = LINE('',#1335,#1336);
#1335 = CARTESIAN_POINT('',(32.25,7.,1.6));
#1336 = VECTOR('',#1337,1.);
#1337 = DIRECTION('',(-1.,-0.,0.));
#1338 = ORIENTED_EDGE('',*,*,#1339,.F.);
#1339 = EDGE_CURVE('',#1340,#1332,#1342,.T.);
#1340 = VERTEX_POINT('',#1341);
#1341 = CARTESIAN_POINT('',(68.,5.5,1.6));
#1342 = LINE('',#1343,#1344);
#1343 = CARTESIAN_POINT('',(68.,2.75,1.6));
#1344 = VECTOR('',#1345,1.);
#1345 = DIRECTION('',(-0.,1.,0.));
#1346 = ORIENTED_EDGE('',*,*,#1347,.T.);
#1347 = EDGE_CURVE('',#1340,#1348,#1350,.T.);
#1348 = VERTEX_POINT('',#1349);
#1349 = CARTESIAN_POINT('',(66.,5.5,1.6));
#1350 = LINE('',#1351,#1352);
#1351 = CARTESIAN_POINT('',(33.,5.5,1.6));
#1352 = VECTOR('',#1353,1.);
#1353 = DIRECTION('',(-1.,-0.,0.));
#1354 = ORIENTED_EDGE('',*,*,#1355,.T.);
#1355 = EDGE_CURVE('',#1348,#1266,#1356,.T.);
#1356 = LINE('',#1357,#1358);
#1357 = CARTESIAN_POINT('',(66.,2.75,1.6));
#1358 = VECTOR('',#1359,1.);
#1359 = DIRECTION('',(-0.,1.,0.));
#1360 = FACE_BOUND('',#1361,.T.);
#1361 = EDGE_LOOP('',(#1362,#1372,#1380,#1388,#1396,#1404,#1412,#1420,
    #1428,#1436,#1444,#1452));
#1362 = ORIENTED_EDGE('',*,*,#1363,.T.);
#1363 = EDGE_CURVE('',#1364,#1366,#1368,.T.);
#1364 = VERTEX_POINT('',#1365);
#1365 = CARTESIAN_POINT('',(77.975,6.975,1.6));
#1366 = VERTEX_POINT('',#1367);
#1367 = CARTESIAN_POINT('',(76.475,6.975,1.6));
#1368 = LINE('',#1369,#1370);
#1369 = CARTESIAN_POINT('',(38.2375,6.975,1.6));
#1370 = VECTOR('',#1371,1.);
#1371 = DIRECTION('',(-1.,-0.,0.));
#1372 = ORIENTED_EDGE('',*,*,#1373,.T.);
#1373 = EDGE_CURVE('',#1366,#1374,#1376,.T.);
#1374 = VERTEX_POINT('',#1375);
#1375 = CARTESIAN_POINT('',(76.475,9.025,1.6));
#1376 = LINE('',#1377,#1378);
#1377 = CARTESIAN_POINT('',(76.475,3.4875,1.6));
#1378 = VECTOR('',#1379,1.);
#1379 = DIRECTION('',(-0.,1.,0.));
#1380 = ORIENTED_EDGE('',*,*,#1381,.F.);
#1381 = EDGE_CURVE('',#1382,#1374,#1384,.T.);
#1382 = VERTEX_POINT('',#1383);
#1383 = CARTESIAN_POINT('',(77.975,9.025,1.6));
#1384 = LINE('',#1385,#1386);
#1385 = CARTESIAN_POINT('',(38.2375,9.025,1.6));
#1386 = VECTOR('',#1387,1.);
#1387 = DIRECTION('',(-1.,-0.,0.));
#1388 = ORIENTED_EDGE('',*,*,#1389,.T.);
#1389 = EDGE_CURVE('',#1382,#1390,#1392,.T.);
#1390 = VERTEX_POINT('',#1391);
#1391 = CARTESIAN_POINT('',(77.975,10.525,1.6));
#1392 = LINE('',#1393,#1394);
#1393 = CARTESIAN_POINT('',(77.975,2.7375,1.6));
#1394 = VECTOR('',#1395,1.);
#1395 = DIRECTION('',(-0.,1.,0.));
#1396 = ORIENTED_EDGE('',*,*,#1397,.F.);
#1397 = EDGE_CURVE('',#1398,#1390,#1400,.T.);
#1398 = VERTEX_POINT('',#1399);
#1399 = CARTESIAN_POINT('',(80.025,10.525,1.6));
#1400 = LINE('',#1401,#1402);
#1401 = CARTESIAN_POINT('',(38.9875,10.525,1.6));
#1402 = VECTOR('',#1403,1.);
#1403 = DIRECTION('',(-1.,-0.,0.));
#1404 = ORIENTED_EDGE('',*,*,#1405,.F.);
#1405 = EDGE_CURVE('',#1406,#1398,#1408,.T.);
#1406 = VERTEX_POINT('',#1407);
#1407 = CARTESIAN_POINT('',(80.025,9.025,1.6));
#1408 = LINE('',#1409,#1410);
#1409 = CARTESIAN_POINT('',(80.025,2.7375,1.6));
#1410 = VECTOR('',#1411,1.);
#1411 = DIRECTION('',(-0.,1.,0.));
#1412 = ORIENTED_EDGE('',*,*,#1413,.F.);
#1413 = EDGE_CURVE('',#1414,#1406,#1416,.T.);
#1414 = VERTEX_POINT('',#1415);
#1415 = CARTESIAN_POINT('',(81.525,9.025,1.6));
#1416 = LINE('',#1417,#1418);
#1417 = CARTESIAN_POINT('',(38.2375,9.025,1.6));
#1418 = VECTOR('',#1419,1.);
#1419 = DIRECTION('',(-1.,-0.,0.));
#1420 = ORIENTED_EDGE('',*,*,#1421,.F.);
#1421 = EDGE_CURVE('',#1422,#1414,#1424,.T.);
#1422 = VERTEX_POINT('',#1423);
#1423 = CARTESIAN_POINT('',(81.525,6.975,1.6));
#1424 = LINE('',#1425,#1426);
#1425 = CARTESIAN_POINT('',(81.525,3.4875,1.6));
#1426 = VECTOR('',#1427,1.);
#1427 = DIRECTION('',(-0.,1.,0.));
#1428 = ORIENTED_EDGE('',*,*,#1429,.T.);
#1429 = EDGE_CURVE('',#1422,#1430,#1432,.T.);
#1430 = VERTEX_POINT('',#1431);
#1431 = CARTESIAN_POINT('',(80.025,6.975,1.6));
#1432 = LINE('',#1433,#1434);
#1433 = CARTESIAN_POINT('',(38.2375,6.975,1.6));
#1434 = VECTOR('',#1435,1.);
#1435 = DIRECTION('',(-1.,-0.,0.));
#1436 = ORIENTED_EDGE('',*,*,#1437,.F.);
#1437 = EDGE_CURVE('',#1438,#1430,#1440,.T.);
#1438 = VERTEX_POINT('',#1439);
#1439 = CARTESIAN_POINT('',(80.025,5.475,1.6));
#1440 = LINE('',#1441,#1442);
#1441 = CARTESIAN_POINT('',(80.025,2.7375,1.6));
#1442 = VECTOR('',#1443,1.);
#1443 = DIRECTION('',(-0.,1.,0.));
#1444 = ORIENTED_EDGE('',*,*,#1445,.T.);
#1445 = EDGE_CURVE('',#1438,#1446,#1448,.T.);
#1446 = VERTEX_POINT('',#1447);
#1447 = CARTESIAN_POINT('',(77.975,5.475,1.6));
#1448 = LINE('',#1449,#1450);
#1449 = CARTESIAN_POINT('',(38.9875,5.475,1.6));
#1450 = VECTOR('',#1451,1.);
#1451 = DIRECTION('',(-1.,-0.,0.));
#1452 = ORIENTED_EDGE('',*,*,#1453,.T.);
#1453 = EDGE_CURVE('',#1446,#1364,#1454,.T.);
#1454 = LINE('',#1455,#1456);
#1455 = CARTESIAN_POINT('',(77.975,2.7375,1.6));
#1456 = VECTOR('',#1457,1.);
#1457 = DIRECTION('',(-0.,1.,0.));
#1458 = FACE_BOUND('',#1459,.T.);
#1459 = EDGE_LOOP('',(#1460,#1470,#1478,#1486,#1494,#1502,#1510,#1518,
    #1526,#1534,#1542));
#1460 = ORIENTED_EDGE('',*,*,#1461,.F.);
#1461 = EDGE_CURVE('',#1462,#1464,#1466,.T.);
#1462 = VERTEX_POINT('',#1463);
#1463 = CARTESIAN_POINT('',(48.495186661074,15.644295302013,1.6));
#1464 = VERTEX_POINT('',#1465);
#1465 = CARTESIAN_POINT('',(47.552653104027,15.644295302013,1.6));
#1466 = LINE('',#1467,#1468);
#1467 = CARTESIAN_POINT('',(23.776326552013,15.644295302013,1.6));
#1468 = VECTOR('',#1469,1.);
#1469 = DIRECTION('',(-1.,0.,0.));
#1470 = ORIENTED_EDGE('',*,*,#1471,.F.);
#1471 = EDGE_CURVE('',#1472,#1462,#1474,.T.);
#1472 = VERTEX_POINT('',#1473);
#1473 = CARTESIAN_POINT('',(48.495186661074,13.567785234899,1.6));
#1474 = LINE('',#1475,#1476);
#1475 = CARTESIAN_POINT('',(48.495186661074,7.822147651007,1.6));
#1476 = VECTOR('',#1477,1.);
#1477 = DIRECTION('',(0.,1.,0.));
#1478 = ORIENTED_EDGE('',*,*,#1479,.F.);
#1479 = EDGE_CURVE('',#1480,#1472,#1482,.T.);
#1480 = VERTEX_POINT('',#1481);
#1481 = CARTESIAN_POINT('',(48.964251258389,13.567785234899,1.6));
#1482 = LINE('',#1483,#1484);
#1483 = CARTESIAN_POINT('',(24.247593330537,13.567785234899,1.6));
#1484 = VECTOR('',#1485,1.);
#1485 = DIRECTION('',(-1.,0.,0.));
#1486 = ORIENTED_EDGE('',*,*,#1487,.F.);
#1487 = EDGE_CURVE('',#1488,#1480,#1490,.T.);
#1488 = VERTEX_POINT('',#1489);
#1489 = CARTESIAN_POINT('',(48.964251258389,12.957046979866,1.6));
#1490 = LINE('',#1491,#1492);
#1491 = CARTESIAN_POINT('',(48.964251258389,6.78389261745,1.6));
#1492 = VECTOR('',#1493,1.);
#1493 = DIRECTION('',(0.,1.,0.));
#1494 = ORIENTED_EDGE('',*,*,#1495,.F.);
#1495 = EDGE_CURVE('',#1496,#1488,#1498,.T.);
#1496 = VERTEX_POINT('',#1497);
#1497 = CARTESIAN_POINT('',(48.495186661074,12.957046979866,1.6));
#1498 = LINE('',#1499,#1500);
#1499 = CARTESIAN_POINT('',(24.482125629195,12.957046979866,1.6));
#1500 = VECTOR('',#1501,1.);
#1501 = DIRECTION('',(1.,0.,-0.));
#1502 = ORIENTED_EDGE('',*,*,#1503,.F.);
#1503 = EDGE_CURVE('',#1504,#1496,#1506,.T.);
#1504 = VERTEX_POINT('',#1505);
#1505 = CARTESIAN_POINT('',(48.495186661074,12.355704697987,1.6));
#1506 = LINE('',#1507,#1508);
#1507 = CARTESIAN_POINT('',(48.495186661074,6.478523489933,1.6));
#1508 = VECTOR('',#1509,1.);
#1509 = DIRECTION('',(0.,1.,0.));
#1510 = ORIENTED_EDGE('',*,*,#1511,.F.);
#1511 = EDGE_CURVE('',#1512,#1504,#1514,.T.);
#1512 = VERTEX_POINT('',#1513);
#1513 = CARTESIAN_POINT('',(47.693592701342,12.355704697987,1.6));
#1514 = LINE('',#1515,#1516);
#1515 = CARTESIAN_POINT('',(24.247593330537,12.355704697987,1.6));
#1516 = VECTOR('',#1517,1.);
#1517 = DIRECTION('',(1.,0.,-0.));
#1518 = ORIENTED_EDGE('',*,*,#1519,.F.);
#1519 = EDGE_CURVE('',#1520,#1512,#1522,.T.);
#1520 = VERTEX_POINT('',#1521);
#1521 = CARTESIAN_POINT('',(47.693592701342,12.957046979866,1.6));
#1522 = LINE('',#1523,#1524);
#1523 = CARTESIAN_POINT('',(47.693592701342,6.177852348993,1.6));
#1524 = VECTOR('',#1525,1.);
#1525 = DIRECTION('',(0.,-1.,0.));
#1526 = ORIENTED_EDGE('',*,*,#1527,.F.);
#1527 = EDGE_CURVE('',#1528,#1520,#1530,.T.);
#1528 = VERTEX_POINT('',#1529);
#1529 = CARTESIAN_POINT('',(46.235748741611,12.957046979866,1.6));
#1530 = LINE('',#1531,#1532);
#1531 = CARTESIAN_POINT('',(23.846796350671,12.957046979866,1.6));
#1532 = VECTOR('',#1533,1.);
#1533 = DIRECTION('',(1.,0.,-0.));
#1534 = ORIENTED_EDGE('',*,*,#1535,.F.);
#1535 = EDGE_CURVE('',#1536,#1528,#1538,.T.);
#1536 = VERTEX_POINT('',#1537);
#1537 = CARTESIAN_POINT('',(46.235748741611,13.683326342282,1.6));
#1538 = LINE('',#1539,#1540);
#1539 = CARTESIAN_POINT('',(46.235748741611,6.478523489933,1.6));
#1540 = VECTOR('',#1541,1.);
#1541 = DIRECTION('',(0.,-1.,0.));
#1542 = ORIENTED_EDGE('',*,*,#1543,.F.);
#1543 = EDGE_CURVE('',#1464,#1536,#1544,.T.);
#1544 = LINE('',#1545,#1546);
#1545 = CARTESIAN_POINT('',(35.883847412405,-1.731427955845,1.6));
#1546 = VECTOR('',#1547,1.);
#1547 = DIRECTION('',(-0.557508237146,-0.830171407309,0.));
#1548 = FACE_BOUND('',#1549,.T.);
#1549 = EDGE_LOOP('',(#1550,#1560,#1568,#1576,#1584,#1594,#1604,#1621,
    #1638,#1657,#1674,#1687,#1697,#1705,#1716,#1727,#1742,#1757,#1772,
    #1787,#1798,#1809));
#1550 = ORIENTED_EDGE('',*,*,#1551,.F.);
#1551 = EDGE_CURVE('',#1552,#1554,#1556,.T.);
#1552 = VERTEX_POINT('',#1553);
#1553 = CARTESIAN_POINT('',(60.599790268456,15.677181208054,1.6));
#1554 = VERTEX_POINT('',#1555);
#1555 = CARTESIAN_POINT('',(58.492302852349,15.677181208054,1.6));
#1556 = LINE('',#1557,#1558);
#1557 = CARTESIAN_POINT('',(29.246151426174,15.677181208054,1.6));
#1558 = VECTOR('',#1559,1.);
#1559 = DIRECTION('',(-1.,0.,0.));
#1560 = ORIENTED_EDGE('',*,*,#1561,.F.);
#1561 = EDGE_CURVE('',#1562,#1552,#1564,.T.);
#1562 = VERTEX_POINT('',#1563);
#1563 = CARTESIAN_POINT('',(60.599790268456,15.057046979866,1.6));
#1564 = LINE('',#1565,#1566);
#1565 = CARTESIAN_POINT('',(60.599790268456,7.838590604027,1.6));
#1566 = VECTOR('',#1567,1.);
#1567 = DIRECTION('',(0.,1.,0.));
#1568 = ORIENTED_EDGE('',*,*,#1569,.F.);
#1569 = EDGE_CURVE('',#1570,#1562,#1572,.T.);
#1570 = VERTEX_POINT('',#1571);
#1571 = CARTESIAN_POINT('',(59.168372483221,15.057046979866,1.6));
#1572 = LINE('',#1573,#1574);
#1573 = CARTESIAN_POINT('',(30.299895134228,15.057046979866,1.6));
#1574 = VECTOR('',#1575,1.);
#1575 = DIRECTION('',(1.,0.,-0.));
#1576 = ORIENTED_EDGE('',*,*,#1577,.F.);
#1577 = EDGE_CURVE('',#1578,#1570,#1580,.T.);
#1578 = VERTEX_POINT('',#1579);
#1579 = CARTESIAN_POINT('',(59.168372483221,14.54129614094,1.6));
#1580 = LINE('',#1581,#1582);
#1581 = CARTESIAN_POINT('',(59.168372483221,7.528523489933,1.6));
#1582 = VECTOR('',#1583,1.);
#1583 = DIRECTION('',(0.,1.,0.));
#1584 = ORIENTED_EDGE('',*,*,#1585,.F.);
#1585 = EDGE_CURVE('',#1586,#1578,#1588,.T.);
#1586 = VERTEX_POINT('',#1587);
#1587 = CARTESIAN_POINT('',(59.363192114094,14.582256711409,1.6));
#1588 = B_SPLINE_CURVE_WITH_KNOTS('',4,(#1589,#1590,#1591,#1592,#1593),
  .UNSPECIFIED.,.F.,.F.,(5,5),(0.,1.),.PIECEWISE_BEZIER_KNOTS.);
#1589 = CARTESIAN_POINT('',(59.363192114094,14.582256711409,1.6));
#1590 = CARTESIAN_POINT('',(59.314218552792,14.575061195656,1.6));
#1591 = CARTESIAN_POINT('',(59.265421047471,14.565834495157,1.6));
#1592 = CARTESIAN_POINT('',(59.216804225585,14.554578179376,1.6));
#1593 = CARTESIAN_POINT('',(59.168372483221,14.54129614094,1.6));
#1594 = ORIENTED_EDGE('',*,*,#1595,.F.);
#1595 = EDGE_CURVE('',#1596,#1586,#1598,.T.);
#1596 = VERTEX_POINT('',#1597);
#1597 = CARTESIAN_POINT('',(59.566967281879,14.596644295302,1.6));
#1598 = B_SPLINE_CURVE_WITH_KNOTS('',4,(#1599,#1600,#1601,#1602,#1603),
  .UNSPECIFIED.,.F.,.F.,(5,5),(0.,1.),.PIECEWISE_BEZIER_KNOTS.);
#1599 = CARTESIAN_POINT('',(59.566967281879,14.596644295302,1.6));
#1600 = CARTESIAN_POINT('',(59.514187702457,14.596644295302,1.6));
#1601 = CARTESIAN_POINT('',(59.462622703621,14.59425296717,1.6));
#1602 = CARTESIAN_POINT('',(59.412286758072,14.589459219059,1.6));
#1603 = CARTESIAN_POINT('',(59.363192114094,14.582256711409,1.6));
#1604 = ORIENTED_EDGE('',*,*,#1605,.F.);
#1605 = EDGE_CURVE('',#1606,#1596,#1608,.T.);
#1606 = VERTEX_POINT('',#1607);
#1607 = CARTESIAN_POINT('',(60.502894295302,14.296119966443,1.6));
#1608 = B_SPLINE_CURVE_WITH_KNOTS('',6,(#1609,#1610,#1611,#1612,#1613,
    #1614,#1615,#1616,#1617,#1618,#1619,#1620),.UNSPECIFIED.,.F.,.F.,(7,
    5,7),(0.,0.484313833996,1.),.UNSPECIFIED.);
#1609 = CARTESIAN_POINT('',(60.502894295302,14.296119966443,1.6));
#1610 = CARTESIAN_POINT('',(60.445858075013,14.347327485272,1.6));
#1611 = CARTESIAN_POINT('',(60.384155399177,14.393321643417,1.6));
#1612 = CARTESIAN_POINT('',(60.318070962354,14.433832178327,1.6));
#1613 = CARTESIAN_POINT('',(60.248001141715,14.468808490206,1.6));
#1614 = CARTESIAN_POINT('',(60.174412251699,14.498362332437,1.6));
#1615 = CARTESIAN_POINT('',(60.016222566285,14.548635869691,1.6));
#1616 = CARTESIAN_POINT('',(59.931202632426,14.568664046428,1.6));
#1617 = CARTESIAN_POINT('',(59.843288153725,14.583068544112,1.6));
#1618 = CARTESIAN_POINT('',(59.753000328045,14.592253785734,1.6));
#1619 = CARTESIAN_POINT('',(59.660779702682,14.596644295302,1.6));
#1620 = CARTESIAN_POINT('',(59.566967281879,14.596644295302,1.6));
#1621 = ORIENTED_EDGE('',*,*,#1622,.F.);
#1622 = EDGE_CURVE('',#1623,#1606,#1625,.T.);
#1623 = VERTEX_POINT('',#1624);
#1624 = CARTESIAN_POINT('',(60.837625838926,13.45870385906,1.6));
#1625 = B_SPLINE_CURVE_WITH_KNOTS('',6,(#1626,#1627,#1628,#1629,#1630,
    #1631,#1632,#1633,#1634,#1635,#1636,#1637),.UNSPECIFIED.,.F.,.F.,(7,
    5,7),(0.,0.761634371958,1.),.UNSPECIFIED.);
#1626 = CARTESIAN_POINT('',(60.837625838926,13.45870385906,1.6));
#1627 = CARTESIAN_POINT('',(60.837625838926,13.58562076263,1.6));
#1628 = CARTESIAN_POINT('',(60.826408754736,13.708993371502,1.6));
#1629 = CARTESIAN_POINT('',(60.802521436689,13.82732801666,1.6));
#1630 = CARTESIAN_POINT('',(60.764699745432,13.938907930754,1.6));
#1631 = CARTESIAN_POINT('',(60.71232499846,14.042029042986,1.6));
#1632 = CARTESIAN_POINT('',(60.62565573893,14.164682175535,1.6));
#1633 = CARTESIAN_POINT('',(60.603657653634,14.192972509454,1.6));
#1634 = CARTESIAN_POINT('',(60.58034513319,14.220282995865,1.6));
#1635 = CARTESIAN_POINT('',(60.555751292442,14.246587977709,1.6));
#1636 = CARTESIAN_POINT('',(60.529917683412,14.271870031323,1.6));
#1637 = CARTESIAN_POINT('',(60.502894295302,14.296119966443,1.6));
#1638 = ORIENTED_EDGE('',*,*,#1639,.F.);
#1639 = EDGE_CURVE('',#1640,#1623,#1642,.T.);
#1640 = VERTEX_POINT('',#1641);
#1641 = CARTESIAN_POINT('',(60.473091442953,12.624370805369,1.6));
#1642 = B_SPLINE_CURVE_WITH_KNOTS('',5,(#1643,#1644,#1645,#1646,#1647,
    #1648,#1649,#1650,#1651,#1652,#1653,#1654,#1655,#1656),
  .UNSPECIFIED.,.F.,.F.,(6,4,4,6),(0.,0.333325174019,0.771505679362,1.),
  .UNSPECIFIED.);
#1643 = CARTESIAN_POINT('',(60.473091442953,12.624370805369,1.6));
#1644 = CARTESIAN_POINT('',(60.521627511626,12.66452106113,1.6));
#1645 = CARTESIAN_POINT('',(60.566667089045,12.707682031593,1.6));
#1646 = CARTESIAN_POINT('',(60.607874592786,12.75384008032,1.6));
#1647 = CARTESIAN_POINT('',(60.644988421389,12.802897717008,1.6));
#1648 = CARTESIAN_POINT('',(60.72109717264,12.922650932406,1.6));
#1649 = CARTESIAN_POINT('',(60.757022961095,12.995317369007,1.6));
#1650 = CARTESIAN_POINT('',(60.785317881815,13.072129788043,1.6));
#1651 = CARTESIAN_POINT('',(60.806160688642,13.152416579303,1.6));
#1652 = CARTESIAN_POINT('',(60.827189852824,13.278781737702,1.6));
#1653 = CARTESIAN_POINT('',(60.832489028321,13.32284986936,1.6));
#1654 = CARTESIAN_POINT('',(60.835941390803,13.367582856385,1.6));
#1655 = CARTESIAN_POINT('',(60.837625838926,13.412893247237,1.6));
#1656 = CARTESIAN_POINT('',(60.837625838926,13.45870385906,1.6));
#1657 = ORIENTED_EDGE('',*,*,#1658,.F.);
#1658 = EDGE_CURVE('',#1659,#1640,#1661,.T.);
#1659 = VERTEX_POINT('',#1660);
#1660 = CARTESIAN_POINT('',(59.461262583893,12.322818791946,1.6));
#1661 = B_SPLINE_CURVE_WITH_KNOTS('',6,(#1662,#1663,#1664,#1665,#1666,
    #1667,#1668,#1669,#1670,#1671,#1672,#1673),.UNSPECIFIED.,.F.,.F.,(7,
    5,7),(0.,0.52246043033,1.),.UNSPECIFIED.);
#1662 = CARTESIAN_POINT('',(59.461262583893,12.322818791946,1.6));
#1663 = CARTESIAN_POINT('',(59.562679725977,12.322818791946,1.6));
#1664 = CARTESIAN_POINT('',(59.662536747694,12.327258239733,1.6));
#1665 = CARTESIAN_POINT('',(59.760493889625,12.336565543367,1.6));
#1666 = CARTESIAN_POINT('',(59.856094013365,12.351203610753,1.6));
#1667 = CARTESIAN_POINT('',(59.948778765483,12.371634237012,1.6));
#1668 = CARTESIAN_POINT('',(60.119436035551,12.422494659635,1.6));
#1669 = CARTESIAN_POINT('',(60.197997333331,12.451916714404,1.6));
#1670 = CARTESIAN_POINT('',(60.273121533999,12.486728361945,1.6));
#1671 = CARTESIAN_POINT('',(60.344301774827,12.52710108112,1.6));
#1672 = CARTESIAN_POINT('',(60.411078601381,12.573051556139,1.6));
#1673 = CARTESIAN_POINT('',(60.473091442953,12.624370805369,1.6));
#1674 = ORIENTED_EDGE('',*,*,#1675,.F.);
#1675 = EDGE_CURVE('',#1676,#1659,#1678,.T.);
#1676 = VERTEX_POINT('',#1677);
#1677 = CARTESIAN_POINT('',(58.907340604027,12.376405201342,1.6));
#1678 = B_SPLINE_CURVE_WITH_KNOTS('',4,(#1679,#1680,#1681,#1682,#1683,
    #1684,#1685,#1686),.UNSPECIFIED.,.F.,.F.,(5,3,5),(0.,0.475982689584,
    1.),.UNSPECIFIED.);
#1679 = CARTESIAN_POINT('',(58.907340604027,12.376405201342,1.6));
#1680 = CARTESIAN_POINT('',(58.972567254143,12.363660165319,1.6));
#1681 = CARTESIAN_POINT('',(59.038042331846,12.352927472556,1.6));
#1682 = CARTESIAN_POINT('',(59.103744817048,12.344217441657,1.6));
#1683 = CARTESIAN_POINT('',(59.242211546934,12.330172586853,1.6));
#1684 = CARTESIAN_POINT('',(59.315019354897,12.325267079774,1.6));
#1685 = CARTESIAN_POINT('',(59.388046462613,12.322818791946,1.6));
#1686 = CARTESIAN_POINT('',(59.461262583893,12.322818791946,1.6));
#1687 = ORIENTED_EDGE('',*,*,#1688,.F.);
#1688 = EDGE_CURVE('',#1689,#1676,#1691,.T.);
#1689 = VERTEX_POINT('',#1690);
#1690 = CARTESIAN_POINT('',(58.362374161074,12.538926174497,1.6));
#1691 = B_SPLINE_CURVE_WITH_KNOTS('',4,(#1692,#1693,#1694,#1695,#1696),
  .UNSPECIFIED.,.F.,.F.,(5,5),(0.,1.),.PIECEWISE_BEZIER_KNOTS.);
#1692 = CARTESIAN_POINT('',(58.362374161074,12.538926174497,1.6));
#1693 = CARTESIAN_POINT('',(58.496964824996,12.484725164581,1.6));
#1694 = CARTESIAN_POINT('',(58.632778473149,12.439403626344,1.6));
#1695 = CARTESIAN_POINT('',(58.769641239585,12.403251783376,1.6));
#1696 = CARTESIAN_POINT('',(58.907340604027,12.376405201342,1.6));
#1697 = ORIENTED_EDGE('',*,*,#1698,.F.);
#1698 = EDGE_CURVE('',#1699,#1689,#1701,.T.);
#1699 = VERTEX_POINT('',#1700);
#1700 = CARTESIAN_POINT('',(58.362374161074,13.206040268456,1.6));
#1701 = LINE('',#1702,#1703);
#1702 = CARTESIAN_POINT('',(58.362374161074,6.269463087248,1.6));
#1703 = VECTOR('',#1704,1.);
#1704 = DIRECTION('',(0.,-1.,0.));
#1705 = ORIENTED_EDGE('',*,*,#1706,.F.);
#1706 = EDGE_CURVE('',#1707,#1699,#1709,.T.);
#1707 = VERTEX_POINT('',#1708);
#1708 = CARTESIAN_POINT('',(58.872105704698,12.973489932886,1.6));
#1709 = B_SPLINE_CURVE_WITH_KNOTS('',5,(#1710,#1711,#1712,#1713,#1714,
    #1715),.UNSPECIFIED.,.F.,.F.,(6,6),(0.,1.),
  .PIECEWISE_BEZIER_KNOTS.);
#1710 = CARTESIAN_POINT('',(58.872105704698,12.973489932886,1.6));
#1711 = CARTESIAN_POINT('',(58.773425933734,13.005221308689,1.6));
#1712 = CARTESIAN_POINT('',(58.672873287465,13.044743765658,1.6));
#1713 = CARTESIAN_POINT('',(58.570697298325,13.09167990973,1.6));
#1714 = CARTESIAN_POINT('',(58.467130402109,13.145590765433,1.6));
#1715 = CARTESIAN_POINT('',(58.362374161074,13.206040268456,1.6));
#1716 = ORIENTED_EDGE('',*,*,#1717,.F.);
#1717 = EDGE_CURVE('',#1718,#1707,#1720,.T.);
#1718 = VERTEX_POINT('',#1719);
#1719 = CARTESIAN_POINT('',(59.326929530201,12.895973154362,1.6));
#1720 = B_SPLINE_CURVE_WITH_KNOTS('',5,(#1721,#1722,#1723,#1724,#1725,
    #1726),.UNSPECIFIED.,.F.,.F.,(6,6),(0.,1.),
  .PIECEWISE_BEZIER_KNOTS.);
#1721 = CARTESIAN_POINT('',(59.326929530201,12.895973154362,1.6));
#1722 = CARTESIAN_POINT('',(59.240318306569,12.895973154362,1.6));
#1723 = CARTESIAN_POINT('',(59.151307867565,12.90393798719,1.6));
#1724 = CARTESIAN_POINT('',(59.06011689678,12.919706749329,1.6));
#1725 = CARTESIAN_POINT('',(58.966974732355,12.943002503426,1.6));
#1726 = CARTESIAN_POINT('',(58.872105704698,12.973489932886,1.6));
#1727 = ORIENTED_EDGE('',*,*,#1728,.F.);
#1728 = EDGE_CURVE('',#1729,#1718,#1731,.T.);
#1729 = VERTEX_POINT('',#1730);
#1730 = CARTESIAN_POINT('',(59.812437080537,13.046749161074,1.6));
#1731 = B_SPLINE_CURVE_WITH_KNOTS('',5,(#1732,#1733,#1734,#1735,#1736,
    #1737,#1738,#1739,#1740,#1741),.UNSPECIFIED.,.F.,.F.,(6,4,6),(0.,
    0.45421029672,1.),.UNSPECIFIED.);
#1732 = CARTESIAN_POINT('',(59.812437080537,13.046749161074,1.6));
#1733 = CARTESIAN_POINT('',(59.779525722702,13.018745876486,1.6));
#1734 = CARTESIAN_POINT('',(59.743793233317,12.993997750599,1.6));
#1735 = CARTESIAN_POINT('',(59.705321810729,12.972571135141,1.6));
#1736 = CARTESIAN_POINT('',(59.664241868744,12.954462462698,1.6));
#1737 = CARTESIAN_POINT('',(59.568421072078,12.921772543609,1.6));
#1738 = CARTESIAN_POINT('',(59.512593028306,12.908637838052,1.6));
#1739 = CARTESIAN_POINT('',(59.453519247629,12.900110167645,1.6));
#1740 = CARTESIAN_POINT('',(59.391526568276,12.895973154362,1.6));
#1741 = CARTESIAN_POINT('',(59.326929530201,12.895973154362,1.6));
#1742 = ORIENTED_EDGE('',*,*,#1743,.F.);
#1743 = EDGE_CURVE('',#1744,#1729,#1746,.T.);
#1744 = VERTEX_POINT('',#1745);
#1745 = CARTESIAN_POINT('',(59.989786073825,13.455033557047,1.6));
#1746 = B_SPLINE_CURVE_WITH_KNOTS('',5,(#1747,#1748,#1749,#1750,#1751,
    #1752,#1753,#1754,#1755,#1756),.UNSPECIFIED.,.F.,.F.,(6,4,6),(0.,
    0.643519194178,1.),.UNSPECIFIED.);
#1747 = CARTESIAN_POINT('',(59.989786073825,13.455033557047,1.6));
#1748 = CARTESIAN_POINT('',(59.989786073825,13.390150709323,1.6));
#1749 = CARTESIAN_POINT('',(59.982749094448,13.328606545511,1.6));
#1750 = CARTESIAN_POINT('',(59.968286366405,13.270882199057,1.6));
#1751 = CARTESIAN_POINT('',(59.946212288969,13.217387641782,1.6));
#1752 = CARTESIAN_POINT('',(59.900334736473,13.141238225775,1.6));
#1753 = CARTESIAN_POINT('',(59.881693026604,13.115468745987,1.6));
#1754 = CARTESIAN_POINT('',(59.860790706206,13.091117891237,1.6));
#1755 = CARTESIAN_POINT('',(59.837679671112,13.0682095423,1.6));
#1756 = CARTESIAN_POINT('',(59.812437080537,13.046749161074,1.6));
#1757 = ORIENTED_EDGE('',*,*,#1758,.F.);
#1758 = EDGE_CURVE('',#1759,#1744,#1761,.T.);
#1759 = VERTEX_POINT('',#1760);
#1760 = CARTESIAN_POINT('',(59.812437080537,13.864345637584,1.6));
#1761 = B_SPLINE_CURVE_WITH_KNOTS('',5,(#1762,#1763,#1764,#1765,#1766,
    #1767,#1768,#1769,#1770,#1771),.UNSPECIFIED.,.F.,.F.,(6,4,6),(0.,
    0.34232192847,1.),.UNSPECIFIED.);
#1762 = CARTESIAN_POINT('',(59.812437080537,13.864345637584,1.6));
#1763 = CARTESIAN_POINT('',(59.836701841388,13.843877267297,1.6));
#1764 = CARTESIAN_POINT('',(59.858994464488,13.82203422349,1.6));
#1765 = CARTESIAN_POINT('',(59.879246653511,13.79882160026,1.6));
#1766 = CARTESIAN_POINT('',(59.897412086817,13.774260879898,1.6));
#1767 = CARTESIAN_POINT('',(59.944310428108,13.698685975515,1.6));
#1768 = CARTESIAN_POINT('',(59.967367085237,13.644139341805,1.6));
#1769 = CARTESIAN_POINT('',(59.982455962225,13.585032735025,1.6));
#1770 = CARTESIAN_POINT('',(59.989786073825,13.521820250066,1.6));
#1771 = CARTESIAN_POINT('',(59.989786073825,13.455033557047,1.6));
#1772 = ORIENTED_EDGE('',*,*,#1773,.F.);
#1773 = EDGE_CURVE('',#1774,#1759,#1776,.T.);
#1774 = VERTEX_POINT('',#1775);
#1775 = CARTESIAN_POINT('',(59.326929530201,14.014093959732,1.6));
#1776 = B_SPLINE_CURVE_WITH_KNOTS('',5,(#1777,#1778,#1779,#1780,#1781,
    #1782,#1783,#1784,#1785,#1786),.UNSPECIFIED.,.F.,.F.,(6,4,6),(0.,
    0.550816402716,1.),.UNSPECIFIED.);
#1777 = CARTESIAN_POINT('',(59.326929530201,14.014093959732,1.6));
#1778 = CARTESIAN_POINT('',(59.392110780007,14.014093959732,1.6));
#1779 = CARTESIAN_POINT('',(59.454640378515,14.009910485394,1.6));
#1780 = CARTESIAN_POINT('',(59.514196528416,14.001284731275,1.6));
#1781 = CARTESIAN_POINT('',(59.570444500232,13.987995529402,1.6));
#1782 = CARTESIAN_POINT('',(59.666028104365,13.9552174338,1.6));
#1783 = CARTESIAN_POINT('',(59.70657115059,13.937324360431,1.6));
#1784 = CARTESIAN_POINT('',(59.744563358929,13.916206545224,1.6));
#1785 = CARTESIAN_POINT('',(59.779878760964,13.891859710463,1.6));
#1786 = CARTESIAN_POINT('',(59.812437080537,13.864345637584,1.6));
#1787 = ORIENTED_EDGE('',*,*,#1788,.F.);
#1788 = EDGE_CURVE('',#1789,#1774,#1791,.T.);
#1789 = VERTEX_POINT('',#1790);
#1790 = CARTESIAN_POINT('',(58.937143456376,13.965792785235,1.6));
#1791 = B_SPLINE_CURVE_WITH_KNOTS('',5,(#1792,#1793,#1794,#1795,#1796,
    #1797),.UNSPECIFIED.,.F.,.F.,(6,6),(0.,1.),
  .PIECEWISE_BEZIER_KNOTS.);
#1792 = CARTESIAN_POINT('',(58.937143456376,13.965792785235,1.6));
#1793 = CARTESIAN_POINT('',(59.019045092298,13.98490316695,1.6));
#1794 = CARTESIAN_POINT('',(59.099081080742,13.999405582634,1.6));
#1795 = CARTESIAN_POINT('',(59.177142926799,14.00917196482,1.6));
#1796 = CARTESIAN_POINT('',(59.253125063556,14.014093959732,1.6));
#1797 = CARTESIAN_POINT('',(59.326929530201,14.014093959732,1.6));
#1798 = ORIENTED_EDGE('',*,*,#1799,.F.);
#1799 = EDGE_CURVE('',#1800,#1789,#1802,.T.);
#1800 = VERTEX_POINT('',#1801);
#1801 = CARTESIAN_POINT('',(58.492302852349,13.81677852349,1.6));
#1802 = B_SPLINE_CURVE_WITH_KNOTS('',5,(#1803,#1804,#1805,#1806,#1807,
    #1808),.UNSPECIFIED.,.F.,.F.,(6,6),(0.,1.),
  .PIECEWISE_BEZIER_KNOTS.);
#1803 = CARTESIAN_POINT('',(58.492302852349,13.81677852349,1.6));
#1804 = CARTESIAN_POINT('',(58.585703589139,13.856387354462,1.6));
#1805 = CARTESIAN_POINT('',(58.677048214196,13.891304225906,1.6));
#1806 = CARTESIAN_POINT('',(58.766179504196,13.92131278204,1.6));
#1807 = CARTESIAN_POINT('',(58.852932426736,13.94620326912,1.6));
#1808 = CARTESIAN_POINT('',(58.937143456376,13.965792785235,1.6));
#1809 = ORIENTED_EDGE('',*,*,#1810,.F.);
#1810 = EDGE_CURVE('',#1554,#1800,#1811,.T.);
#1811 = LINE('',#1812,#1813);
#1812 = CARTESIAN_POINT('',(58.492302852349,6.908389261745,1.6));
#1813 = VECTOR('',#1814,1.);
#1814 = DIRECTION('',(0.,-1.,0.));
#1815 = FACE_BOUND('',#1816,.T.);
#1816 = EDGE_LOOP('',(#1817,#1827,#1838,#1848,#1865,#1880,#1893,#1904,
    #1921,#1938,#1955,#1972,#1991,#2008,#2031,#2054,#2064));
#1817 = ORIENTED_EDGE('',*,*,#1818,.F.);
#1818 = EDGE_CURVE('',#1819,#1821,#1823,.T.);
#1819 = VERTEX_POINT('',#1820);
#1820 = CARTESIAN_POINT('',(72.692281879195,14.953691275168,1.6));
#1821 = VERTEX_POINT('',#1822);
#1822 = CARTESIAN_POINT('',(72.692281879195,15.564429530201,1.6));
#1823 = LINE('',#1824,#1825);
#1824 = CARTESIAN_POINT('',(72.692281879195,7.782214765101,1.6));
#1825 = VECTOR('',#1826,1.);
#1826 = DIRECTION('',(0.,1.,0.));
#1827 = ORIENTED_EDGE('',*,*,#1828,.F.);
#1828 = EDGE_CURVE('',#1829,#1819,#1831,.T.);
#1829 = VERTEX_POINT('',#1830);
#1830 = CARTESIAN_POINT('',(72.298091442953,15.102705536913,1.6));
#1831 = B_SPLINE_CURVE_WITH_KNOTS('',5,(#1832,#1833,#1834,#1835,#1836,
    #1837),.UNSPECIFIED.,.F.,.F.,(6,6),(0.,1.),
  .PIECEWISE_BEZIER_KNOTS.);
#1832 = CARTESIAN_POINT('',(72.298091442953,15.102705536913,1.6));
#1833 = CARTESIAN_POINT('',(72.373125704128,15.083172808607,1.6));
#1834 = CARTESIAN_POINT('',(72.450185153405,15.058341441699,1.6));
#1835 = CARTESIAN_POINT('',(72.529147372706,15.028361883727,1.6));
#1836 = CARTESIAN_POINT('',(72.609886968048,14.993414295489,1.6));
#1837 = CARTESIAN_POINT('',(72.692281879195,14.953691275168,1.6));
#1838 = ORIENTED_EDGE('',*,*,#1839,.F.);
#1839 = EDGE_CURVE('',#1840,#1829,#1842,.T.);
#1840 = VERTEX_POINT('',#1841);
#1841 = CARTESIAN_POINT('',(71.936933724832,15.151006711409,1.6));
#1842 = B_SPLINE_CURVE_WITH_KNOTS('',4,(#1843,#1844,#1845,#1846,#1847),
  .UNSPECIFIED.,.F.,.F.,(5,5),(0.,1.),.PIECEWISE_BEZIER_KNOTS.);
#1843 = CARTESIAN_POINT('',(71.936933724832,15.151006711409,1.6));
#1844 = CARTESIAN_POINT('',(72.025388942335,15.151006711409,1.6));
#1845 = CARTESIAN_POINT('',(72.115161415166,15.14288872114,1.6));
#1846 = CARTESIAN_POINT('',(72.206111489384,15.126722524789,1.6));
#1847 = CARTESIAN_POINT('',(72.298091442953,15.102705536913,1.6));
#1848 = ORIENTED_EDGE('',*,*,#1849,.F.);
#1849 = EDGE_CURVE('',#1850,#1840,#1852,.T.);
#1850 = VERTEX_POINT('',#1851);
#1851 = CARTESIAN_POINT('',(71.346749161074,14.940478187919,1.6));
#1852 = B_SPLINE_CURVE_WITH_KNOTS('',6,(#1853,#1854,#1855,#1856,#1857,
    #1858,#1859,#1860,#1861,#1862,#1863,#1864),.UNSPECIFIED.,.F.,.F.,(7,
    5,7),(0.,0.121220893635,1.),.UNSPECIFIED.);
#1853 = CARTESIAN_POINT('',(71.346749161074,14.940478187919,1.6));
#1854 = CARTESIAN_POINT('',(71.355477900859,14.949170557956,1.6));
#1855 = CARTESIAN_POINT('',(71.364383532775,14.957653273986,1.6));
#1856 = CARTESIAN_POINT('',(71.373465061513,14.965924395243,1.6));
#1857 = CARTESIAN_POINT('',(71.382721293886,14.973982207123,1.6));
#1858 = CARTESIAN_POINT('',(71.392150838824,14.98182522119,1.6));
#1859 = CARTESIAN_POINT('',(71.471355572187,15.044743037989,1.6));
#1860 = CARTESIAN_POINT('',(71.550010260373,15.088700442852,1.6));
#1861 = CARTESIAN_POINT('',(71.637040407927,15.120760609416,1.6));
#1862 = CARTESIAN_POINT('',(71.731354535619,15.141259932883,1.6));
#1863 = CARTESIAN_POINT('',(71.831718492042,15.151006711409,1.6));
#1864 = CARTESIAN_POINT('',(71.936933724832,15.151006711409,1.6));
#1865 = ORIENTED_EDGE('',*,*,#1866,.F.);
#1866 = EDGE_CURVE('',#1867,#1850,#1869,.T.);
#1867 = VERTEX_POINT('',#1868);
#1868 = CARTESIAN_POINT('',(71.100104865772,14.315499161074,1.6));
#1869 = B_SPLINE_CURVE_WITH_KNOTS('',5,(#1870,#1871,#1872,#1873,#1874,
    #1875,#1876,#1877,#1878,#1879),.UNSPECIFIED.,.F.,.F.,(6,4,6),(0.,
    0.514200391614,1.),.UNSPECIFIED.);
#1870 = CARTESIAN_POINT('',(71.100104865772,14.315499161074,1.6));
#1871 = CARTESIAN_POINT('',(71.106868774034,14.395059632007,1.6));
#1872 = CARTESIAN_POINT('',(71.117840976294,14.47169142733,1.6));
#1873 = CARTESIAN_POINT('',(71.133375612291,14.544925609792,1.6));
#1874 = CARTESIAN_POINT('',(71.153822314544,14.61419923192,1.6));
#1875 = CARTESIAN_POINT('',(71.203532651476,14.740161674966,1.6));
#1876 = CARTESIAN_POINT('',(71.232248756003,14.797339772889,1.6));
#1877 = CARTESIAN_POINT('',(71.265695736614,14.850030776349,1.6));
#1878 = CARTESIAN_POINT('',(71.303918952033,14.897826438083,1.6));
#1879 = CARTESIAN_POINT('',(71.346749161074,14.940478187919,1.6));
#1880 = ORIENTED_EDGE('',*,*,#1881,.F.);
#1881 = EDGE_CURVE('',#1882,#1867,#1884,.T.);
#1882 = VERTEX_POINT('',#1883);
#1883 = CARTESIAN_POINT('',(71.415016778523,14.476992449664,1.6));
#1884 = B_SPLINE_CURVE_WITH_KNOTS('',4,(#1885,#1886,#1887,#1888,#1889,
    #1890,#1891,#1892),.UNSPECIFIED.,.F.,.F.,(5,3,5),(0.,0.343853463729,
    1.),.UNSPECIFIED.);
#1885 = CARTESIAN_POINT('',(71.415016778523,14.476992449664,1.6));
#1886 = CARTESIAN_POINT('',(71.385865390873,14.467754867084,1.6));
#1887 = CARTESIAN_POINT('',(71.357177003123,14.457448247171,1.6));
#1888 = CARTESIAN_POINT('',(71.328959792705,14.446072493702,1.6));
#1889 = CARTESIAN_POINT('',(71.248288232533,14.409888995406,1.6));
#1890 = CARTESIAN_POINT('',(71.197096381178,14.382265388383,1.6));
#1891 = CARTESIAN_POINT('',(71.147692713364,14.350781464238,1.6));
#1892 = CARTESIAN_POINT('',(71.100104865772,14.315499161074,1.6));
#1893 = ORIENTED_EDGE('',*,*,#1894,.F.);
#1894 = EDGE_CURVE('',#1895,#1882,#1897,.T.);
#1895 = VERTEX_POINT('',#1896);
#1896 = CARTESIAN_POINT('',(71.784983221476,14.530872483221,1.6));
#1897 = B_SPLINE_CURVE_WITH_KNOTS('',5,(#1898,#1899,#1900,#1901,#1902,
    #1903),.UNSPECIFIED.,.F.,.F.,(6,6),(0.,1.),
  .PIECEWISE_BEZIER_KNOTS.);
#1898 = CARTESIAN_POINT('',(71.784983221476,14.530872483221,1.6));
#1899 = CARTESIAN_POINT('',(71.705503560414,14.530872483221,1.6));
#1900 = CARTESIAN_POINT('',(71.62863485066,14.525575469642,1.6));
#1901 = CARTESIAN_POINT('',(71.55451726432,14.514869474435,1.6));
#1902 = CARTESIAN_POINT('',(71.483276444431,14.498681884632,1.6));
#1903 = CARTESIAN_POINT('',(71.415016778523,14.476992449664,1.6));
#1904 = ORIENTED_EDGE('',*,*,#1905,.F.);
#1905 = EDGE_CURVE('',#1906,#1895,#1908,.T.);
#1906 = VERTEX_POINT('',#1907);
#1907 = CARTESIAN_POINT('',(72.598615771812,14.235339765101,1.6));
#1908 = B_SPLINE_CURVE_WITH_KNOTS('',6,(#1909,#1910,#1911,#1912,#1913,
    #1914,#1915,#1916,#1917,#1918,#1919,#1920),.UNSPECIFIED.,.F.,.F.,(7,
    5,7),(0.,0.211527769654,1.),.UNSPECIFIED.);
#1909 = CARTESIAN_POINT('',(72.598615771812,14.235339765101,1.6));
#1910 = CARTESIAN_POINT('',(72.576444116221,14.256522272317,1.6));
#1911 = CARTESIAN_POINT('',(72.553611866961,14.276850864327,1.6));
#1912 = CARTESIAN_POINT('',(72.530127174141,14.29630250933,1.6));
#1913 = CARTESIAN_POINT('',(72.506001361393,14.31485791423,1.6));
#1914 = CARTESIAN_POINT('',(72.481248925873,14.332501524629,1.6));
#1915 = CARTESIAN_POINT('',(72.361352669891,14.411545520747,1.6));
#1916 = CARTESIAN_POINT('',(72.258316235798,14.461064577626,1.6));
#1917 = CARTESIAN_POINT('',(72.147803378913,14.49707347513,1.6));
#1918 = CARTESIAN_POINT('',(72.031165256207,14.520009884964,1.6));
#1919 = CARTESIAN_POINT('',(71.909800446874,14.530872483221,1.6));
#1920 = CARTESIAN_POINT('',(71.784983221476,14.530872483221,1.6));
#1921 = ORIENTED_EDGE('',*,*,#1922,.F.);
#1922 = EDGE_CURVE('',#1923,#1906,#1925,.T.);
#1923 = VERTEX_POINT('',#1924);
#1924 = CARTESIAN_POINT('',(72.908095637584,13.46119966443,1.6));
#1925 = B_SPLINE_CURVE_WITH_KNOTS('',6,(#1926,#1927,#1928,#1929,#1930,
    #1931,#1932,#1933,#1934,#1935,#1936,#1937),.UNSPECIFIED.,.F.,.F.,(7,
    5,7),(0.,0.681805942253,1.),.UNSPECIFIED.);
#1926 = CARTESIAN_POINT('',(72.908095637584,13.46119966443,1.6));
#1927 = CARTESIAN_POINT('',(72.908095637584,13.564758574598,1.6));
#1928 = CARTESIAN_POINT('',(72.899401955981,13.665688416143,1.6));
#1929 = CARTESIAN_POINT('',(72.881223770985,13.763138966242,1.6));
#1930 = CARTESIAN_POINT('',(72.852950100518,13.856217206973,1.6));
#1931 = CARTESIAN_POINT('',(72.81434634224,13.944075724457,1.6));
#1932 = CARTESIAN_POINT('',(72.743191715583,14.064284498813,1.6));
#1933 = CARTESIAN_POINT('',(72.7183882648,14.101256149312,1.6));
#1934 = CARTESIAN_POINT('',(72.691460171041,14.136885339092,1.6));
#1935 = CARTESIAN_POINT('',(72.662467123764,14.171126208064,1.6));
#1936 = CARTESIAN_POINT('',(72.631487596821,14.203949355356,1.6));
#1937 = CARTESIAN_POINT('',(72.598615771812,14.235339765101,1.6));
#1938 = ORIENTED_EDGE('',*,*,#1939,.F.);
#1939 = EDGE_CURVE('',#1940,#1923,#1942,.T.);
#1940 = VERTEX_POINT('',#1941);
#1941 = CARTESIAN_POINT('',(72.562353187919,12.613213087248,1.6));
#1942 = B_SPLINE_CURVE_WITH_KNOTS('',6,(#1943,#1944,#1945,#1946,#1947,
    #1948,#1949,#1950,#1951,#1952,#1953,#1954),.UNSPECIFIED.,.F.,.F.,(7,
    5,7),(0.,0.315526753391,1.),.UNSPECIFIED.);
#1943 = CARTESIAN_POINT('',(72.562353187919,12.613213087248,1.6));
#1944 = CARTESIAN_POINT('',(72.598790920273,12.646803880004,1.6));
#1945 = CARTESIAN_POINT('',(72.633182544341,12.682035503092,1.6));
#1946 = CARTESIAN_POINT('',(72.665409488048,12.71889233724,1.6));
#1947 = CARTESIAN_POINT('',(72.695371917698,12.757340009439,1.6));
#1948 = CARTESIAN_POINT('',(72.722993194125,12.797322255939,1.6));
#1949 = CARTESIAN_POINT('',(72.802958314239,12.9286440182,1.6));
#1950 = CARTESIAN_POINT('',(72.846470290837,13.025411196954,1.6));
#1951 = CARTESIAN_POINT('',(72.87819193174,13.128165058405,1.6));
#1952 = CARTESIAN_POINT('',(72.898463165463,13.235792927834,1.6));
#1953 = CARTESIAN_POINT('',(72.908095637584,13.347153259685,1.6));
#1954 = CARTESIAN_POINT('',(72.908095637584,13.46119966443,1.6));
#1955 = ORIENTED_EDGE('',*,*,#1956,.F.);
#1956 = EDGE_CURVE('',#1957,#1940,#1959,.T.);
#1957 = VERTEX_POINT('',#1958);
#1958 = CARTESIAN_POINT('',(71.635234899329,12.294630872483,1.6));
#1959 = B_SPLINE_CURVE_WITH_KNOTS('',6,(#1960,#1961,#1962,#1963,#1964,
    #1965,#1966,#1967,#1968,#1969,#1970,#1971),.UNSPECIFIED.,.F.,.F.,(7,
    5,7),(0.,0.876330047786,1.),.UNSPECIFIED.);
#1960 = CARTESIAN_POINT('',(71.635234899329,12.294630872483,1.6));
#1961 = CARTESIAN_POINT('',(71.792176458751,12.294630872483,1.6));
#1962 = CARTESIAN_POINT('',(71.944957204693,12.308560359709,1.6));
#1963 = CARTESIAN_POINT('',(72.091544424884,12.338463714747,1.6));
#1964 = CARTESIAN_POINT('',(72.229479018415,12.386208368949,1.6));
#1965 = CARTESIAN_POINT('',(72.356229934784,12.452809218187,1.6));
#1966 = CARTESIAN_POINT('',(72.486035558657,12.548739368363,1.6));
#1967 = CARTESIAN_POINT('',(72.501830849675,12.56095171287,1.6));
#1968 = CARTESIAN_POINT('',(72.51736392997,12.573509434199,1.6));
#1969 = CARTESIAN_POINT('',(72.532630869489,12.586408650693,1.6));
#1970 = CARTESIAN_POINT('',(72.547628254566,12.599644889636,1.6));
#1971 = CARTESIAN_POINT('',(72.562353187919,12.613213087248,1.6));
#1972 = ORIENTED_EDGE('',*,*,#1973,.F.);
#1973 = EDGE_CURVE('',#1974,#1957,#1976,.T.);
#1974 = VERTEX_POINT('',#1975);
#1975 = CARTESIAN_POINT('',(70.64307885906,12.727873322148,1.6));
#1976 = B_SPLINE_CURVE_WITH_KNOTS('',5,(#1977,#1978,#1979,#1980,#1981,
    #1982,#1983,#1984,#1985,#1986,#1987,#1988,#1989,#1990),
  .UNSPECIFIED.,.F.,.F.,(6,4,4,6),(0.,0.310711527793,0.755498906172,1.),
  .UNSPECIFIED.);
#1977 = CARTESIAN_POINT('',(70.64307885906,12.727873322148,1.6));
#1978 = CARTESIAN_POINT('',(70.68689719132,12.673837426411,1.6));
#1979 = CARTESIAN_POINT('',(70.734058157111,12.623362882726,1.6));
#1980 = CARTESIAN_POINT('',(70.784547797926,12.576837158452,1.6));
#1981 = CARTESIAN_POINT('',(70.838252124443,12.534570053003,1.6));
#1982 = CARTESIAN_POINT('',(70.976015189832,12.442570518036,1.6));
#1983 = CARTESIAN_POINT('',(71.063201784945,12.397467630467,1.6));
#1984 = CARTESIAN_POINT('',(71.155681034127,12.361961534286,1.6));
#1985 = CARTESIAN_POINT('',(71.252404347598,12.335742301472,1.6));
#1986 = CARTESIAN_POINT('',(71.407249092188,12.308481269656,1.6));
#1987 = CARTESIAN_POINT('',(71.463152388383,12.30141639197,1.6));
#1988 = CARTESIAN_POINT('',(71.519875010225,12.296845928558,1.6));
#1989 = CARTESIAN_POINT('',(71.577274928018,12.294630872483,1.6));
#1990 = CARTESIAN_POINT('',(71.635234899329,12.294630872483,1.6));
#1991 = ORIENTED_EDGE('',*,*,#1992,.F.);
#1992 = EDGE_CURVE('',#1993,#1974,#1995,.T.);
#1993 = VERTEX_POINT('',#1994);
#1994 = CARTESIAN_POINT('',(70.291904362416,13.956984060403,1.6));
#1995 = B_SPLINE_CURVE_WITH_KNOTS('',6,(#1996,#1997,#1998,#1999,#2000,
    #2001,#2002,#2003,#2004,#2005,#2006,#2007),.UNSPECIFIED.,.F.,.F.,(7,
    5,7),(0.,0.473997595589,1.),.UNSPECIFIED.);
#1996 = CARTESIAN_POINT('',(70.291904362416,13.956984060403,1.6));
#1997 = CARTESIAN_POINT('',(70.291904362416,13.846951629329,1.6));
#1998 = CARTESIAN_POINT('',(70.295931782068,13.738105680439,1.6));
#1999 = CARTESIAN_POINT('',(70.304394995875,13.630714341881,1.6));
#2000 = CARTESIAN_POINT('',(70.31775643729,13.525169300913,1.6));
#2001 = CARTESIAN_POINT('',(70.336514825204,13.421978994368,1.6));
#2002 = CARTESIAN_POINT('',(70.388453216899,13.21050246414,1.6));
#2003 = CARTESIAN_POINT('',(70.422995353022,13.102875738741,1.6));
#2004 = CARTESIAN_POINT('',(70.465376491608,12.999766180047,1.6));
#2005 = CARTESIAN_POINT('',(70.516112273418,12.902217013249,1.6));
#2006 = CARTESIAN_POINT('',(70.57545786533,12.811297048108,1.6));
#2007 = CARTESIAN_POINT('',(70.64307885906,12.727873322148,1.6));
#2008 = ORIENTED_EDGE('',*,*,#2009,.F.);
#2009 = EDGE_CURVE('',#2010,#1993,#2012,.T.);
#2010 = VERTEX_POINT('',#2011);
#2011 = CARTESIAN_POINT('',(70.702537751678,15.239093959732,1.6));
#2012 = B_SPLINE_CURVE_WITH_KNOTS('',5,(#2013,#2014,#2015,#2016,#2017,
    #2018,#2019,#2020,#2021,#2022,#2023,#2024,#2025,#2026,#2027,#2028,
    #2029,#2030),.UNSPECIFIED.,.F.,.F.,(6,4,4,4,6),(0.,
    1.779465600838E-02,0.271097358877,0.60486334711,1.),.UNSPECIFIED.);
#2013 = CARTESIAN_POINT('',(70.702537751678,15.239093959732,1.6));
#2014 = CARTESIAN_POINT('',(70.699417114453,15.235550468911,1.6));
#2015 = CARTESIAN_POINT('',(70.696311168238,15.231994211464,1.6));
#2016 = CARTESIAN_POINT('',(70.693219958425,15.228425233981,1.6));
#2017 = CARTESIAN_POINT('',(70.690143528799,15.22484358447,1.6));
#2018 = CARTESIAN_POINT('',(70.643500669183,15.170085702238,1.6));
#2019 = CARTESIAN_POINT('',(70.60292117333,15.116362443155,1.6));
#2020 = CARTESIAN_POINT('',(70.565470722601,15.060227647177,1.6));
#2021 = CARTESIAN_POINT('',(70.531193870055,15.001874305068,1.6));
#2022 = CARTESIAN_POINT('',(70.459065209229,14.86200671564,1.6));
#2023 = CARTESIAN_POINT('',(70.423533761031,14.779017422508,1.6));
#2024 = CARTESIAN_POINT('',(70.393432626518,14.693060052891,1.6));
#2025 = CARTESIAN_POINT('',(70.368501985173,14.604647555535,1.6));
#2026 = CARTESIAN_POINT('',(70.324654979131,14.407164580474,1.6));
#2027 = CARTESIAN_POINT('',(70.307687820349,14.29728601504,1.6));
#2028 = CARTESIAN_POINT('',(70.296981612181,14.185284922937,1.6));
#2029 = CARTESIAN_POINT('',(70.291904362416,14.071726847292,1.6));
#2030 = CARTESIAN_POINT('',(70.291904362416,13.956984060403,1.6));
#2031 = ORIENTED_EDGE('',*,*,#2032,.F.);
#2032 = EDGE_CURVE('',#2033,#2010,#2035,.T.);
#2033 = VERTEX_POINT('',#2034);
#2034 = CARTESIAN_POINT('',(71.829026845638,15.705369127517,1.6));
#2035 = B_SPLINE_CURVE_WITH_KNOTS('',5,(#2036,#2037,#2038,#2039,#2040,
    #2041,#2042,#2043,#2044,#2045,#2046,#2047,#2048,#2049,#2050,#2051,
    #2052,#2053),.UNSPECIFIED.,.F.,.F.,(6,4,4,4,6),(0.,0.255515045823,
    0.485565667591,0.709711050659,1.),.UNSPECIFIED.);
#2036 = CARTESIAN_POINT('',(71.829026845638,15.705369127517,1.6));
#2037 = CARTESIAN_POINT('',(71.76164582494,15.705369127517,1.6));
#2038 = CARTESIAN_POINT('',(71.69481883996,15.702786053468,1.6));
#2039 = CARTESIAN_POINT('',(71.62868367617,15.697446287847,1.6));
#2040 = CARTESIAN_POINT('',(71.563411809021,15.689175825663,1.6));
#2041 = CARTESIAN_POINT('',(71.441383798006,15.667626378017,1.6));
#2042 = CARTESIAN_POINT('',(71.384426611065,15.654928590123,1.6));
#2043 = CARTESIAN_POINT('',(71.328471200532,15.639642351971,1.6));
#2044 = CARTESIAN_POINT('',(71.273673129275,15.621691305112,1.6));
#2045 = CARTESIAN_POINT('',(71.168075055043,15.58093824761,1.6));
#2046 = CARTESIAN_POINT('',(71.117206470179,15.55827182629,1.6));
#2047 = CARTESIAN_POINT('',(71.067727635241,15.533027415256,1.6));
#2048 = CARTESIAN_POINT('',(71.019768834676,15.505223595911,1.6));
#2049 = CARTESIAN_POINT('',(70.913436777995,15.435700999218,1.6));
#2050 = CARTESIAN_POINT('',(70.856160485683,15.392293225393,1.6));
#2051 = CARTESIAN_POINT('',(70.801851495827,15.344864639504,1.6));
#2052 = CARTESIAN_POINT('',(70.75063166385,15.293685190989,1.6));
#2053 = CARTESIAN_POINT('',(70.702537751678,15.239093959732,1.6));
#2054 = ORIENTED_EDGE('',*,*,#2055,.F.);
#2055 = EDGE_CURVE('',#2056,#2033,#2058,.T.);
#2056 = VERTEX_POINT('',#2057);
#2057 = CARTESIAN_POINT('',(72.269463087248,15.670134228188,1.6));
#2058 = B_SPLINE_CURVE_WITH_KNOTS('',4,(#2059,#2060,#2061,#2062,#2063),
  .UNSPECIFIED.,.F.,.F.,(5,5),(0.,1.),.PIECEWISE_BEZIER_KNOTS.);
#2059 = CARTESIAN_POINT('',(72.269463087248,15.670134228188,1.6));
#2060 = CARTESIAN_POINT('',(72.16228890984,15.687812443018,1.6));
#2061 = CARTESIAN_POINT('',(72.053088091309,15.699545993916,1.6));
#2062 = CARTESIAN_POINT('',(71.941962890811,15.705369127517,1.6));
#2063 = CARTESIAN_POINT('',(71.829026845638,15.705369127517,1.6));
#2064 = ORIENTED_EDGE('',*,*,#2065,.F.);
#2065 = EDGE_CURVE('',#1821,#2056,#2066,.T.);
#2066 = B_SPLINE_CURVE_WITH_KNOTS('',4,(#2067,#2068,#2069,#2070,#2071),
  .UNSPECIFIED.,.F.,.F.,(5,5),(0.,1.),.PIECEWISE_BEZIER_KNOTS.);
#2067 = CARTESIAN_POINT('',(72.692281879195,15.564429530201,1.6));
#2068 = CARTESIAN_POINT('',(72.587878336704,15.599597039251,1.6));
#2069 = CARTESIAN_POINT('',(72.482561874906,15.628975749939,1.6));
#2070 = CARTESIAN_POINT('',(72.376398429191,15.652495408898,1.6));
#2071 = CARTESIAN_POINT('',(72.269463087248,15.670134228188,1.6));
#2072 = FACE_BOUND('',#2073,.T.);
#2073 = EDGE_LOOP('',(#2074,#2084,#2092,#2100,#2108,#2116,#2124));
#2074 = ORIENTED_EDGE('',*,*,#2075,.F.);
#2075 = EDGE_CURVE('',#2076,#2078,#2080,.T.);
#2076 = VERTEX_POINT('',#2077);
#2077 = CARTESIAN_POINT('',(84.83872692953,15.644295302013,1.6));
#2078 = VERTEX_POINT('',#2079);
#2079 = CARTESIAN_POINT('',(82.36127307047,15.644295302013,1.6));
#2080 = LINE('',#2081,#2082);
#2081 = CARTESIAN_POINT('',(41.180636535235,15.644295302013,1.6));
#2082 = VECTOR('',#2083,1.);
#2083 = DIRECTION('',(-1.,0.,0.));
#2084 = ORIENTED_EDGE('',*,*,#2085,.F.);
#2085 = EDGE_CURVE('',#2086,#2076,#2088,.T.);
#2086 = VERTEX_POINT('',#2087);
#2087 = CARTESIAN_POINT('',(84.83872692953,15.166275167785,1.6));
#2088 = LINE('',#2089,#2090);
#2089 = CARTESIAN_POINT('',(84.83872692953,7.822147651007,1.6));
#2090 = VECTOR('',#2091,1.);
#2091 = DIRECTION('',(0.,1.,0.));
#2092 = ORIENTED_EDGE('',*,*,#2093,.F.);
#2093 = EDGE_CURVE('',#2094,#2086,#2096,.T.);
#2094 = VERTEX_POINT('',#2095);
#2095 = CARTESIAN_POINT('',(83.557057466443,12.355704697987,1.6));
#2096 = LINE('',#2097,#2098);
#2097 = CARTESIAN_POINT('',(74.673392935988,-7.125265951616,1.6));
#2098 = VECTOR('',#2099,1.);
#2099 = DIRECTION('',(0.414912690401,0.909861230817,-0.));
#2100 = ORIENTED_EDGE('',*,*,#2101,.F.);
#2101 = EDGE_CURVE('',#2102,#2094,#2104,.T.);
#2102 = VERTEX_POINT('',#2103);
#2103 = CARTESIAN_POINT('',(82.731239513423,12.355704697987,1.6));
#2104 = LINE('',#2105,#2106);
#2105 = CARTESIAN_POINT('',(41.778528733221,12.355704697987,1.6));
#2106 = VECTOR('',#2107,1.);
#2107 = DIRECTION('',(1.,0.,-0.));
#2108 = ORIENTED_EDGE('',*,*,#2109,.F.);
#2109 = EDGE_CURVE('',#2110,#2102,#2112,.T.);
#2110 = VERTEX_POINT('',#2111);
#2111 = CARTESIAN_POINT('',(83.94464135906,15.024161073826,1.6));
#2112 = LINE('',#2113,#2114);
#2113 = CARTESIAN_POINT('',(73.315701257083,-8.350505023397,1.6));
#2114 = VECTOR('',#2115,1.);
#2115 = DIRECTION('',(-0.413935007817,-0.910306437033,0.));
#2116 = ORIENTED_EDGE('',*,*,#2117,.F.);
#2117 = EDGE_CURVE('',#2118,#2110,#2120,.T.);
#2118 = VERTEX_POINT('',#2119);
#2119 = CARTESIAN_POINT('',(82.36127307047,15.024161073826,1.6));
#2120 = LINE('',#2121,#2122);
#2121 = CARTESIAN_POINT('',(41.97232067953,15.024161073826,1.6));
#2122 = VECTOR('',#2123,1.);
#2123 = DIRECTION('',(1.,0.,-0.));
#2124 = ORIENTED_EDGE('',*,*,#2125,.F.);
#2125 = EDGE_CURVE('',#2078,#2118,#2126,.T.);
#2126 = LINE('',#2127,#2128);
#2127 = CARTESIAN_POINT('',(82.36127307047,7.512080536913,1.6));
#2128 = VECTOR('',#2129,1.);
#2129 = DIRECTION('',(0.,-1.,0.));
#2130 = FACE_BOUND('',#2131,.T.);
#2131 = EDGE_LOOP('',(#2132,#2142,#2150,#2158,#2166,#2174,#2182,#2190,
    #2198,#2206,#2214,#2222));
#2132 = ORIENTED_EDGE('',*,*,#2133,.T.);
#2133 = EDGE_CURVE('',#2134,#2136,#2138,.T.);
#2134 = VERTEX_POINT('',#2135);
#2135 = CARTESIAN_POINT('',(6.15,20.15,1.6));
#2136 = VERTEX_POINT('',#2137);
#2137 = CARTESIAN_POINT('',(4.65,20.15,1.6));
#2138 = LINE('',#2139,#2140);
#2139 = CARTESIAN_POINT('',(2.325,20.15,1.6));
#2140 = VECTOR('',#2141,1.);
#2141 = DIRECTION('',(-1.,-0.,0.));
#2142 = ORIENTED_EDGE('',*,*,#2143,.T.);
#2143 = EDGE_CURVE('',#2136,#2144,#2146,.T.);
#2144 = VERTEX_POINT('',#2145);
#2145 = CARTESIAN_POINT('',(4.65,21.85,1.6));
#2146 = LINE('',#2147,#2148);
#2147 = CARTESIAN_POINT('',(4.65,10.075,1.6));
#2148 = VECTOR('',#2149,1.);
#2149 = DIRECTION('',(-0.,1.,0.));
#2150 = ORIENTED_EDGE('',*,*,#2151,.F.);
#2151 = EDGE_CURVE('',#2152,#2144,#2154,.T.);
#2152 = VERTEX_POINT('',#2153);
#2153 = CARTESIAN_POINT('',(6.15,21.85,1.6));
#2154 = LINE('',#2155,#2156);
#2155 = CARTESIAN_POINT('',(2.325,21.85,1.6));
#2156 = VECTOR('',#2157,1.);
#2157 = DIRECTION('',(-1.,-0.,0.));
#2158 = ORIENTED_EDGE('',*,*,#2159,.T.);
#2159 = EDGE_CURVE('',#2152,#2160,#2162,.T.);
#2160 = VERTEX_POINT('',#2161);
#2161 = CARTESIAN_POINT('',(6.15,23.35,1.6));
#2162 = LINE('',#2163,#2164);
#2163 = CARTESIAN_POINT('',(6.15,9.325,1.6));
#2164 = VECTOR('',#2165,1.);
#2165 = DIRECTION('',(-0.,1.,0.));
#2166 = ORIENTED_EDGE('',*,*,#2167,.F.);
#2167 = EDGE_CURVE('',#2168,#2160,#2170,.T.);
#2168 = VERTEX_POINT('',#2169);
#2169 = CARTESIAN_POINT('',(7.85,23.35,1.6));
#2170 = LINE('',#2171,#2172);
#2171 = CARTESIAN_POINT('',(3.075,23.35,1.6));
#2172 = VECTOR('',#2173,1.);
#2173 = DIRECTION('',(-1.,-0.,0.));
#2174 = ORIENTED_EDGE('',*,*,#2175,.F.);
#2175 = EDGE_CURVE('',#2176,#2168,#2178,.T.);
#2176 = VERTEX_POINT('',#2177);
#2177 = CARTESIAN_POINT('',(7.85,21.85,1.6));
#2178 = LINE('',#2179,#2180);
#2179 = CARTESIAN_POINT('',(7.85,9.325,1.6));
#2180 = VECTOR('',#2181,1.);
#2181 = DIRECTION('',(-0.,1.,0.));
#2182 = ORIENTED_EDGE('',*,*,#2183,.F.);
#2183 = EDGE_CURVE('',#2184,#2176,#2186,.T.);
#2184 = VERTEX_POINT('',#2185);
#2185 = CARTESIAN_POINT('',(9.35,21.85,1.6));
#2186 = LINE('',#2187,#2188);
#2187 = CARTESIAN_POINT('',(2.325,21.85,1.6));
#2188 = VECTOR('',#2189,1.);
#2189 = DIRECTION('',(-1.,-0.,0.));
#2190 = ORIENTED_EDGE('',*,*,#2191,.F.);
#2191 = EDGE_CURVE('',#2192,#2184,#2194,.T.);
#2192 = VERTEX_POINT('',#2193);
#2193 = CARTESIAN_POINT('',(9.35,20.15,1.6));
#2194 = LINE('',#2195,#2196);
#2195 = CARTESIAN_POINT('',(9.35,10.075,1.6));
#2196 = VECTOR('',#2197,1.);
#2197 = DIRECTION('',(-0.,1.,0.));
#2198 = ORIENTED_EDGE('',*,*,#2199,.T.);
#2199 = EDGE_CURVE('',#2192,#2200,#2202,.T.);
#2200 = VERTEX_POINT('',#2201);
#2201 = CARTESIAN_POINT('',(7.85,20.15,1.6));
#2202 = LINE('',#2203,#2204);
#2203 = CARTESIAN_POINT('',(2.325,20.15,1.6));
#2204 = VECTOR('',#2205,1.);
#2205 = DIRECTION('',(-1.,-0.,0.));
#2206 = ORIENTED_EDGE('',*,*,#2207,.F.);
#2207 = EDGE_CURVE('',#2208,#2200,#2210,.T.);
#2208 = VERTEX_POINT('',#2209);
#2209 = CARTESIAN_POINT('',(7.85,18.65,1.6));
#2210 = LINE('',#2211,#2212);
#2211 = CARTESIAN_POINT('',(7.85,9.325,1.6));
#2212 = VECTOR('',#2213,1.);
#2213 = DIRECTION('',(-0.,1.,0.));
#2214 = ORIENTED_EDGE('',*,*,#2215,.T.);
#2215 = EDGE_CURVE('',#2208,#2216,#2218,.T.);
#2216 = VERTEX_POINT('',#2217);
#2217 = CARTESIAN_POINT('',(6.15,18.65,1.6));
#2218 = LINE('',#2219,#2220);
#2219 = CARTESIAN_POINT('',(3.075,18.65,1.6));
#2220 = VECTOR('',#2221,1.);
#2221 = DIRECTION('',(-1.,-0.,0.));
#2222 = ORIENTED_EDGE('',*,*,#2223,.T.);
#2223 = EDGE_CURVE('',#2216,#2134,#2224,.T.);
#2224 = LINE('',#2225,#2226);
#2225 = CARTESIAN_POINT('',(6.15,9.325,1.6));
#2226 = VECTOR('',#2227,1.);
#2227 = DIRECTION('',(-0.,1.,0.));
#2228 = FACE_BOUND('',#2229,.T.);
#2229 = EDGE_LOOP('',(#2230,#2240,#2248,#2256,#2264,#2272,#2280,#2288,
    #2296,#2304,#2312,#2320));
#2230 = ORIENTED_EDGE('',*,*,#2231,.T.);
#2231 = EDGE_CURVE('',#2232,#2234,#2236,.T.);
#2232 = VERTEX_POINT('',#2233);
#2233 = CARTESIAN_POINT('',(18.125,20.125,1.6));
#2234 = VERTEX_POINT('',#2235);
#2235 = CARTESIAN_POINT('',(16.625,20.125,1.6));
#2236 = LINE('',#2237,#2238);
#2237 = CARTESIAN_POINT('',(8.3125,20.125,1.6));
#2238 = VECTOR('',#2239,1.);
#2239 = DIRECTION('',(-1.,-0.,0.));
#2240 = ORIENTED_EDGE('',*,*,#2241,.T.);
#2241 = EDGE_CURVE('',#2234,#2242,#2244,.T.);
#2242 = VERTEX_POINT('',#2243);
#2243 = CARTESIAN_POINT('',(16.625,21.875,1.6));
#2244 = LINE('',#2245,#2246);
#2245 = CARTESIAN_POINT('',(16.625,10.0625,1.6));
#2246 = VECTOR('',#2247,1.);
#2247 = DIRECTION('',(-0.,1.,0.));
#2248 = ORIENTED_EDGE('',*,*,#2249,.F.);
#2249 = EDGE_CURVE('',#2250,#2242,#2252,.T.);
#2250 = VERTEX_POINT('',#2251);
#2251 = CARTESIAN_POINT('',(18.125,21.875,1.6));
#2252 = LINE('',#2253,#2254);
#2253 = CARTESIAN_POINT('',(8.3125,21.875,1.6));
#2254 = VECTOR('',#2255,1.);
#2255 = DIRECTION('',(-1.,-0.,0.));
#2256 = ORIENTED_EDGE('',*,*,#2257,.T.);
#2257 = EDGE_CURVE('',#2250,#2258,#2260,.T.);
#2258 = VERTEX_POINT('',#2259);
#2259 = CARTESIAN_POINT('',(18.125,23.375,1.6));
#2260 = LINE('',#2261,#2262);
#2261 = CARTESIAN_POINT('',(18.125,9.3125,1.6));
#2262 = VECTOR('',#2263,1.);
#2263 = DIRECTION('',(-0.,1.,0.));
#2264 = ORIENTED_EDGE('',*,*,#2265,.F.);
#2265 = EDGE_CURVE('',#2266,#2258,#2268,.T.);
#2266 = VERTEX_POINT('',#2267);
#2267 = CARTESIAN_POINT('',(19.875,23.375,1.6));
#2268 = LINE('',#2269,#2270);
#2269 = CARTESIAN_POINT('',(9.0625,23.375,1.6));
#2270 = VECTOR('',#2271,1.);
#2271 = DIRECTION('',(-1.,-0.,0.));
#2272 = ORIENTED_EDGE('',*,*,#2273,.F.);
#2273 = EDGE_CURVE('',#2274,#2266,#2276,.T.);
#2274 = VERTEX_POINT('',#2275);
#2275 = CARTESIAN_POINT('',(19.875,21.875,1.6));
#2276 = LINE('',#2277,#2278);
#2277 = CARTESIAN_POINT('',(19.875,9.3125,1.6));
#2278 = VECTOR('',#2279,1.);
#2279 = DIRECTION('',(-0.,1.,0.));
#2280 = ORIENTED_EDGE('',*,*,#2281,.F.);
#2281 = EDGE_CURVE('',#2282,#2274,#2284,.T.);
#2282 = VERTEX_POINT('',#2283);
#2283 = CARTESIAN_POINT('',(21.375,21.875,1.6));
#2284 = LINE('',#2285,#2286);
#2285 = CARTESIAN_POINT('',(8.3125,21.875,1.6));
#2286 = VECTOR('',#2287,1.);
#2287 = DIRECTION('',(-1.,-0.,0.));
#2288 = ORIENTED_EDGE('',*,*,#2289,.F.);
#2289 = EDGE_CURVE('',#2290,#2282,#2292,.T.);
#2290 = VERTEX_POINT('',#2291);
#2291 = CARTESIAN_POINT('',(21.375,20.125,1.6));
#2292 = LINE('',#2293,#2294);
#2293 = CARTESIAN_POINT('',(21.375,10.0625,1.6));
#2294 = VECTOR('',#2295,1.);
#2295 = DIRECTION('',(-0.,1.,0.));
#2296 = ORIENTED_EDGE('',*,*,#2297,.T.);
#2297 = EDGE_CURVE('',#2290,#2298,#2300,.T.);
#2298 = VERTEX_POINT('',#2299);
#2299 = CARTESIAN_POINT('',(19.875,20.125,1.6));
#2300 = LINE('',#2301,#2302);
#2301 = CARTESIAN_POINT('',(8.3125,20.125,1.6));
#2302 = VECTOR('',#2303,1.);
#2303 = DIRECTION('',(-1.,-0.,0.));
#2304 = ORIENTED_EDGE('',*,*,#2305,.F.);
#2305 = EDGE_CURVE('',#2306,#2298,#2308,.T.);
#2306 = VERTEX_POINT('',#2307);
#2307 = CARTESIAN_POINT('',(19.875,18.625,1.6));
#2308 = LINE('',#2309,#2310);
#2309 = CARTESIAN_POINT('',(19.875,9.3125,1.6));
#2310 = VECTOR('',#2311,1.);
#2311 = DIRECTION('',(-0.,1.,0.));
#2312 = ORIENTED_EDGE('',*,*,#2313,.T.);
#2313 = EDGE_CURVE('',#2306,#2314,#2316,.T.);
#2314 = VERTEX_POINT('',#2315);
#2315 = CARTESIAN_POINT('',(18.125,18.625,1.6));
#2316 = LINE('',#2317,#2318);
#2317 = CARTESIAN_POINT('',(9.0625,18.625,1.6));
#2318 = VECTOR('',#2319,1.);
#2319 = DIRECTION('',(-1.,-0.,0.));
#2320 = ORIENTED_EDGE('',*,*,#2321,.T.);
#2321 = EDGE_CURVE('',#2314,#2232,#2322,.T.);
#2322 = LINE('',#2323,#2324);
#2323 = CARTESIAN_POINT('',(18.125,9.3125,1.6));
#2324 = VECTOR('',#2325,1.);
#2325 = DIRECTION('',(-0.,1.,0.));
#2326 = FACE_BOUND('',#2327,.T.);
#2327 = EDGE_LOOP('',(#2328,#2338,#2346,#2354,#2362,#2370,#2378,#2386,
    #2394,#2402,#2410,#2418));
#2328 = ORIENTED_EDGE('',*,*,#2329,.T.);
#2329 = EDGE_CURVE('',#2330,#2332,#2334,.T.);
#2330 = VERTEX_POINT('',#2331);
#2331 = CARTESIAN_POINT('',(30.1,20.1,1.6));
#2332 = VERTEX_POINT('',#2333);
#2333 = CARTESIAN_POINT('',(28.6,20.1,1.6));
#2334 = LINE('',#2335,#2336);
#2335 = CARTESIAN_POINT('',(14.3,20.1,1.6));
#2336 = VECTOR('',#2337,1.);
#2337 = DIRECTION('',(-1.,-0.,0.));
#2338 = ORIENTED_EDGE('',*,*,#2339,.T.);
#2339 = EDGE_CURVE('',#2332,#2340,#2342,.T.);
#2340 = VERTEX_POINT('',#2341);
#2341 = CARTESIAN_POINT('',(28.6,21.9,1.6));
#2342 = LINE('',#2343,#2344);
#2343 = CARTESIAN_POINT('',(28.6,10.05,1.6));
#2344 = VECTOR('',#2345,1.);
#2345 = DIRECTION('',(-0.,1.,0.));
#2346 = ORIENTED_EDGE('',*,*,#2347,.F.);
#2347 = EDGE_CURVE('',#2348,#2340,#2350,.T.);
#2348 = VERTEX_POINT('',#2349);
#2349 = CARTESIAN_POINT('',(30.1,21.9,1.6));
#2350 = LINE('',#2351,#2352);
#2351 = CARTESIAN_POINT('',(14.3,21.9,1.6));
#2352 = VECTOR('',#2353,1.);
#2353 = DIRECTION('',(-1.,-0.,0.));
#2354 = ORIENTED_EDGE('',*,*,#2355,.T.);
#2355 = EDGE_CURVE('',#2348,#2356,#2358,.T.);
#2356 = VERTEX_POINT('',#2357);
#2357 = CARTESIAN_POINT('',(30.1,23.4,1.6));
#2358 = LINE('',#2359,#2360);
#2359 = CARTESIAN_POINT('',(30.1,9.3,1.6));
#2360 = VECTOR('',#2361,1.);
#2361 = DIRECTION('',(-0.,1.,0.));
#2362 = ORIENTED_EDGE('',*,*,#2363,.F.);
#2363 = EDGE_CURVE('',#2364,#2356,#2366,.T.);
#2364 = VERTEX_POINT('',#2365);
#2365 = CARTESIAN_POINT('',(31.9,23.4,1.6));
#2366 = LINE('',#2367,#2368);
#2367 = CARTESIAN_POINT('',(15.05,23.4,1.6));
#2368 = VECTOR('',#2369,1.);
#2369 = DIRECTION('',(-1.,-0.,0.));
#2370 = ORIENTED_EDGE('',*,*,#2371,.F.);
#2371 = EDGE_CURVE('',#2372,#2364,#2374,.T.);
#2372 = VERTEX_POINT('',#2373);
#2373 = CARTESIAN_POINT('',(31.9,21.9,1.6));
#2374 = LINE('',#2375,#2376);
#2375 = CARTESIAN_POINT('',(31.9,9.3,1.6));
#2376 = VECTOR('',#2377,1.);
#2377 = DIRECTION('',(-0.,1.,0.));
#2378 = ORIENTED_EDGE('',*,*,#2379,.F.);
#2379 = EDGE_CURVE('',#2380,#2372,#2382,.T.);
#2380 = VERTEX_POINT('',#2381);
#2381 = CARTESIAN_POINT('',(33.4,21.9,1.6));
#2382 = LINE('',#2383,#2384);
#2383 = CARTESIAN_POINT('',(14.3,21.9,1.6));
#2384 = VECTOR('',#2385,1.);
#2385 = DIRECTION('',(-1.,-0.,0.));
#2386 = ORIENTED_EDGE('',*,*,#2387,.F.);
#2387 = EDGE_CURVE('',#2388,#2380,#2390,.T.);
#2388 = VERTEX_POINT('',#2389);
#2389 = CARTESIAN_POINT('',(33.4,20.1,1.6));
#2390 = LINE('',#2391,#2392);
#2391 = CARTESIAN_POINT('',(33.4,10.05,1.6));
#2392 = VECTOR('',#2393,1.);
#2393 = DIRECTION('',(-0.,1.,0.));
#2394 = ORIENTED_EDGE('',*,*,#2395,.T.);
#2395 = EDGE_CURVE('',#2388,#2396,#2398,.T.);
#2396 = VERTEX_POINT('',#2397);
#2397 = CARTESIAN_POINT('',(31.9,20.1,1.6));
#2398 = LINE('',#2399,#2400);
#2399 = CARTESIAN_POINT('',(14.3,20.1,1.6));
#2400 = VECTOR('',#2401,1.);
#2401 = DIRECTION('',(-1.,-0.,0.));
#2402 = ORIENTED_EDGE('',*,*,#2403,.F.);
#2403 = EDGE_CURVE('',#2404,#2396,#2406,.T.);
#2404 = VERTEX_POINT('',#2405);
#2405 = CARTESIAN_POINT('',(31.9,18.6,1.6));
#2406 = LINE('',#2407,#2408);
#2407 = CARTESIAN_POINT('',(31.9,9.3,1.6));
#2408 = VECTOR('',#2409,1.);
#2409 = DIRECTION('',(-0.,1.,0.));
#2410 = ORIENTED_EDGE('',*,*,#2411,.T.);
#2411 = EDGE_CURVE('',#2404,#2412,#2414,.T.);
#2412 = VERTEX_POINT('',#2413);
#2413 = CARTESIAN_POINT('',(30.1,18.6,1.6));
#2414 = LINE('',#2415,#2416);
#2415 = CARTESIAN_POINT('',(15.05,18.6,1.6));
#2416 = VECTOR('',#2417,1.);
#2417 = DIRECTION('',(-1.,-0.,0.));
#2418 = ORIENTED_EDGE('',*,*,#2419,.T.);
#2419 = EDGE_CURVE('',#2412,#2330,#2420,.T.);
#2420 = LINE('',#2421,#2422);
#2421 = CARTESIAN_POINT('',(30.1,9.3,1.6));
#2422 = VECTOR('',#2423,1.);
#2423 = DIRECTION('',(-0.,1.,0.));
#2424 = FACE_BOUND('',#2425,.T.);
#2425 = EDGE_LOOP('',(#2426,#2436,#2444,#2452,#2460,#2468,#2476,#2484,
    #2492,#2500,#2508,#2516));
#2426 = ORIENTED_EDGE('',*,*,#2427,.T.);
#2427 = EDGE_CURVE('',#2428,#2430,#2432,.T.);
#2428 = VERTEX_POINT('',#2429);
#2429 = CARTESIAN_POINT('',(42.075,20.075,1.6));
#2430 = VERTEX_POINT('',#2431);
#2431 = CARTESIAN_POINT('',(40.575,20.075,1.6));
#2432 = LINE('',#2433,#2434);
#2433 = CARTESIAN_POINT('',(20.2875,20.075,1.6));
#2434 = VECTOR('',#2435,1.);
#2435 = DIRECTION('',(-1.,-0.,0.));
#2436 = ORIENTED_EDGE('',*,*,#2437,.T.);
#2437 = EDGE_CURVE('',#2430,#2438,#2440,.T.);
#2438 = VERTEX_POINT('',#2439);
#2439 = CARTESIAN_POINT('',(40.575,21.925,1.6));
#2440 = LINE('',#2441,#2442);
#2441 = CARTESIAN_POINT('',(40.575,10.0375,1.6));
#2442 = VECTOR('',#2443,1.);
#2443 = DIRECTION('',(-0.,1.,0.));
#2444 = ORIENTED_EDGE('',*,*,#2445,.F.);
#2445 = EDGE_CURVE('',#2446,#2438,#2448,.T.);
#2446 = VERTEX_POINT('',#2447);
#2447 = CARTESIAN_POINT('',(42.075,21.925,1.6));
#2448 = LINE('',#2449,#2450);
#2449 = CARTESIAN_POINT('',(20.2875,21.925,1.6));
#2450 = VECTOR('',#2451,1.);
#2451 = DIRECTION('',(-1.,-0.,0.));
#2452 = ORIENTED_EDGE('',*,*,#2453,.T.);
#2453 = EDGE_CURVE('',#2446,#2454,#2456,.T.);
#2454 = VERTEX_POINT('',#2455);
#2455 = CARTESIAN_POINT('',(42.075,23.425,1.6));
#2456 = LINE('',#2457,#2458);
#2457 = CARTESIAN_POINT('',(42.075,9.2875,1.6));
#2458 = VECTOR('',#2459,1.);
#2459 = DIRECTION('',(-0.,1.,0.));
#2460 = ORIENTED_EDGE('',*,*,#2461,.F.);
#2461 = EDGE_CURVE('',#2462,#2454,#2464,.T.);
#2462 = VERTEX_POINT('',#2463);
#2463 = CARTESIAN_POINT('',(43.925,23.425,1.6));
#2464 = LINE('',#2465,#2466);
#2465 = CARTESIAN_POINT('',(21.0375,23.425,1.6));
#2466 = VECTOR('',#2467,1.);
#2467 = DIRECTION('',(-1.,-0.,0.));
#2468 = ORIENTED_EDGE('',*,*,#2469,.F.);
#2469 = EDGE_CURVE('',#2470,#2462,#2472,.T.);
#2470 = VERTEX_POINT('',#2471);
#2471 = CARTESIAN_POINT('',(43.925,21.925,1.6));
#2472 = LINE('',#2473,#2474);
#2473 = CARTESIAN_POINT('',(43.925,9.2875,1.6));
#2474 = VECTOR('',#2475,1.);
#2475 = DIRECTION('',(-0.,1.,0.));
#2476 = ORIENTED_EDGE('',*,*,#2477,.F.);
#2477 = EDGE_CURVE('',#2478,#2470,#2480,.T.);
#2478 = VERTEX_POINT('',#2479);
#2479 = CARTESIAN_POINT('',(45.425,21.925,1.6));
#2480 = LINE('',#2481,#2482);
#2481 = CARTESIAN_POINT('',(20.2875,21.925,1.6));
#2482 = VECTOR('',#2483,1.);
#2483 = DIRECTION('',(-1.,-0.,0.));
#2484 = ORIENTED_EDGE('',*,*,#2485,.F.);
#2485 = EDGE_CURVE('',#2486,#2478,#2488,.T.);
#2486 = VERTEX_POINT('',#2487);
#2487 = CARTESIAN_POINT('',(45.425,20.075,1.6));
#2488 = LINE('',#2489,#2490);
#2489 = CARTESIAN_POINT('',(45.425,10.0375,1.6));
#2490 = VECTOR('',#2491,1.);
#2491 = DIRECTION('',(-0.,1.,0.));
#2492 = ORIENTED_EDGE('',*,*,#2493,.T.);
#2493 = EDGE_CURVE('',#2486,#2494,#2496,.T.);
#2494 = VERTEX_POINT('',#2495);
#2495 = CARTESIAN_POINT('',(43.925,20.075,1.6));
#2496 = LINE('',#2497,#2498);
#2497 = CARTESIAN_POINT('',(20.2875,20.075,1.6));
#2498 = VECTOR('',#2499,1.);
#2499 = DIRECTION('',(-1.,-0.,0.));
#2500 = ORIENTED_EDGE('',*,*,#2501,.F.);
#2501 = EDGE_CURVE('',#2502,#2494,#2504,.T.);
#2502 = VERTEX_POINT('',#2503);
#2503 = CARTESIAN_POINT('',(43.925,18.575,1.6));
#2504 = LINE('',#2505,#2506);
#2505 = CARTESIAN_POINT('',(43.925,9.2875,1.6));
#2506 = VECTOR('',#2507,1.);
#2507 = DIRECTION('',(-0.,1.,0.));
#2508 = ORIENTED_EDGE('',*,*,#2509,.T.);
#2509 = EDGE_CURVE('',#2502,#2510,#2512,.T.);
#2510 = VERTEX_POINT('',#2511);
#2511 = CARTESIAN_POINT('',(42.075,18.575,1.6));
#2512 = LINE('',#2513,#2514);
#2513 = CARTESIAN_POINT('',(21.0375,18.575,1.6));
#2514 = VECTOR('',#2515,1.);
#2515 = DIRECTION('',(-1.,-0.,0.));
#2516 = ORIENTED_EDGE('',*,*,#2517,.T.);
#2517 = EDGE_CURVE('',#2510,#2428,#2518,.T.);
#2518 = LINE('',#2519,#2520);
#2519 = CARTESIAN_POINT('',(42.075,9.2875,1.6));
#2520 = VECTOR('',#2521,1.);
#2521 = DIRECTION('',(-0.,1.,0.));
#2522 = FACE_BOUND('',#2523,.T.);
#2523 = EDGE_LOOP('',(#2524,#2534,#2542,#2550,#2558,#2566,#2574,#2582,
    #2590,#2598,#2606,#2614));
#2524 = ORIENTED_EDGE('',*,*,#2525,.T.);
#2525 = EDGE_CURVE('',#2526,#2528,#2530,.T.);
#2526 = VERTEX_POINT('',#2527);
#2527 = CARTESIAN_POINT('',(54.05,20.05,1.6));
#2528 = VERTEX_POINT('',#2529);
#2529 = CARTESIAN_POINT('',(52.55,20.05,1.6));
#2530 = LINE('',#2531,#2532);
#2531 = CARTESIAN_POINT('',(26.275,20.05,1.6));
#2532 = VECTOR('',#2533,1.);
#2533 = DIRECTION('',(-1.,-0.,0.));
#2534 = ORIENTED_EDGE('',*,*,#2535,.T.);
#2535 = EDGE_CURVE('',#2528,#2536,#2538,.T.);
#2536 = VERTEX_POINT('',#2537);
#2537 = CARTESIAN_POINT('',(52.55,21.95,1.6));
#2538 = LINE('',#2539,#2540);
#2539 = CARTESIAN_POINT('',(52.55,10.025,1.6));
#2540 = VECTOR('',#2541,1.);
#2541 = DIRECTION('',(-0.,1.,0.));
#2542 = ORIENTED_EDGE('',*,*,#2543,.F.);
#2543 = EDGE_CURVE('',#2544,#2536,#2546,.T.);
#2544 = VERTEX_POINT('',#2545);
#2545 = CARTESIAN_POINT('',(54.05,21.95,1.6));
#2546 = LINE('',#2547,#2548);
#2547 = CARTESIAN_POINT('',(26.275,21.95,1.6));
#2548 = VECTOR('',#2549,1.);
#2549 = DIRECTION('',(-1.,-0.,0.));
#2550 = ORIENTED_EDGE('',*,*,#2551,.T.);
#2551 = EDGE_CURVE('',#2544,#2552,#2554,.T.);
#2552 = VERTEX_POINT('',#2553);
#2553 = CARTESIAN_POINT('',(54.05,23.45,1.6));
#2554 = LINE('',#2555,#2556);
#2555 = CARTESIAN_POINT('',(54.05,9.275,1.6));
#2556 = VECTOR('',#2557,1.);
#2557 = DIRECTION('',(-0.,1.,0.));
#2558 = ORIENTED_EDGE('',*,*,#2559,.F.);
#2559 = EDGE_CURVE('',#2560,#2552,#2562,.T.);
#2560 = VERTEX_POINT('',#2561);
#2561 = CARTESIAN_POINT('',(55.95,23.45,1.6));
#2562 = LINE('',#2563,#2564);
#2563 = CARTESIAN_POINT('',(27.025,23.45,1.6));
#2564 = VECTOR('',#2565,1.);
#2565 = DIRECTION('',(-1.,-0.,0.));
#2566 = ORIENTED_EDGE('',*,*,#2567,.F.);
#2567 = EDGE_CURVE('',#2568,#2560,#2570,.T.);
#2568 = VERTEX_POINT('',#2569);
#2569 = CARTESIAN_POINT('',(55.95,21.95,1.6));
#2570 = LINE('',#2571,#2572);
#2571 = CARTESIAN_POINT('',(55.95,9.275,1.6));
#2572 = VECTOR('',#2573,1.);
#2573 = DIRECTION('',(-0.,1.,0.));
#2574 = ORIENTED_EDGE('',*,*,#2575,.F.);
#2575 = EDGE_CURVE('',#2576,#2568,#2578,.T.);
#2576 = VERTEX_POINT('',#2577);
#2577 = CARTESIAN_POINT('',(57.45,21.95,1.6));
#2578 = LINE('',#2579,#2580);
#2579 = CARTESIAN_POINT('',(26.275,21.95,1.6));
#2580 = VECTOR('',#2581,1.);
#2581 = DIRECTION('',(-1.,-0.,0.));
#2582 = ORIENTED_EDGE('',*,*,#2583,.F.);
#2583 = EDGE_CURVE('',#2584,#2576,#2586,.T.);
#2584 = VERTEX_POINT('',#2585);
#2585 = CARTESIAN_POINT('',(57.45,20.05,1.6));
#2586 = LINE('',#2587,#2588);
#2587 = CARTESIAN_POINT('',(57.45,10.025,1.6));
#2588 = VECTOR('',#2589,1.);
#2589 = DIRECTION('',(-0.,1.,0.));
#2590 = ORIENTED_EDGE('',*,*,#2591,.T.);
#2591 = EDGE_CURVE('',#2584,#2592,#2594,.T.);
#2592 = VERTEX_POINT('',#2593);
#2593 = CARTESIAN_POINT('',(55.95,20.05,1.6));
#2594 = LINE('',#2595,#2596);
#2595 = CARTESIAN_POINT('',(26.275,20.05,1.6));
#2596 = VECTOR('',#2597,1.);
#2597 = DIRECTION('',(-1.,-0.,0.));
#2598 = ORIENTED_EDGE('',*,*,#2599,.F.);
#2599 = EDGE_CURVE('',#2600,#2592,#2602,.T.);
#2600 = VERTEX_POINT('',#2601);
#2601 = CARTESIAN_POINT('',(55.95,18.55,1.6));
#2602 = LINE('',#2603,#2604);
#2603 = CARTESIAN_POINT('',(55.95,9.275,1.6));
#2604 = VECTOR('',#2605,1.);
#2605 = DIRECTION('',(-0.,1.,0.));
#2606 = ORIENTED_EDGE('',*,*,#2607,.T.);
#2607 = EDGE_CURVE('',#2600,#2608,#2610,.T.);
#2608 = VERTEX_POINT('',#2609);
#2609 = CARTESIAN_POINT('',(54.05,18.55,1.6));
#2610 = LINE('',#2611,#2612);
#2611 = CARTESIAN_POINT('',(27.025,18.55,1.6));
#2612 = VECTOR('',#2613,1.);
#2613 = DIRECTION('',(-1.,-0.,0.));
#2614 = ORIENTED_EDGE('',*,*,#2615,.T.);
#2615 = EDGE_CURVE('',#2608,#2526,#2616,.T.);
#2616 = LINE('',#2617,#2618);
#2617 = CARTESIAN_POINT('',(54.05,9.275,1.6));
#2618 = VECTOR('',#2619,1.);
#2619 = DIRECTION('',(-0.,1.,0.));
#2620 = FACE_BOUND('',#2621,.T.);
#2621 = EDGE_LOOP('',(#2622,#2632,#2640,#2648,#2656,#2664,#2672,#2680,
    #2688,#2696,#2704,#2712));
#2622 = ORIENTED_EDGE('',*,*,#2623,.T.);
#2623 = EDGE_CURVE('',#2624,#2626,#2628,.T.);
#2624 = VERTEX_POINT('',#2625);
#2625 = CARTESIAN_POINT('',(66.025,20.025,1.6));
#2626 = VERTEX_POINT('',#2627);
#2627 = CARTESIAN_POINT('',(64.525,20.025,1.6));
#2628 = LINE('',#2629,#2630);
#2629 = CARTESIAN_POINT('',(32.2625,20.025,1.6));
#2630 = VECTOR('',#2631,1.);
#2631 = DIRECTION('',(-1.,-0.,0.));
#2632 = ORIENTED_EDGE('',*,*,#2633,.T.);
#2633 = EDGE_CURVE('',#2626,#2634,#2636,.T.);
#2634 = VERTEX_POINT('',#2635);
#2635 = CARTESIAN_POINT('',(64.525,21.975,1.6));
#2636 = LINE('',#2637,#2638);
#2637 = CARTESIAN_POINT('',(64.525,10.0125,1.6));
#2638 = VECTOR('',#2639,1.);
#2639 = DIRECTION('',(-0.,1.,0.));
#2640 = ORIENTED_EDGE('',*,*,#2641,.F.);
#2641 = EDGE_CURVE('',#2642,#2634,#2644,.T.);
#2642 = VERTEX_POINT('',#2643);
#2643 = CARTESIAN_POINT('',(66.025,21.975,1.6));
#2644 = LINE('',#2645,#2646);
#2645 = CARTESIAN_POINT('',(32.2625,21.975,1.6));
#2646 = VECTOR('',#2647,1.);
#2647 = DIRECTION('',(-1.,-0.,0.));
#2648 = ORIENTED_EDGE('',*,*,#2649,.T.);
#2649 = EDGE_CURVE('',#2642,#2650,#2652,.T.);
#2650 = VERTEX_POINT('',#2651);
#2651 = CARTESIAN_POINT('',(66.025,23.475,1.6));
#2652 = LINE('',#2653,#2654);
#2653 = CARTESIAN_POINT('',(66.025,9.2625,1.6));
#2654 = VECTOR('',#2655,1.);
#2655 = DIRECTION('',(-0.,1.,0.));
#2656 = ORIENTED_EDGE('',*,*,#2657,.F.);
#2657 = EDGE_CURVE('',#2658,#2650,#2660,.T.);
#2658 = VERTEX_POINT('',#2659);
#2659 = CARTESIAN_POINT('',(67.975,23.475,1.6));
#2660 = LINE('',#2661,#2662);
#2661 = CARTESIAN_POINT('',(33.0125,23.475,1.6));
#2662 = VECTOR('',#2663,1.);
#2663 = DIRECTION('',(-1.,-0.,0.));
#2664 = ORIENTED_EDGE('',*,*,#2665,.F.);
#2665 = EDGE_CURVE('',#2666,#2658,#2668,.T.);
#2666 = VERTEX_POINT('',#2667);
#2667 = CARTESIAN_POINT('',(67.975,21.975,1.6));
#2668 = LINE('',#2669,#2670);
#2669 = CARTESIAN_POINT('',(67.975,9.2625,1.6));
#2670 = VECTOR('',#2671,1.);
#2671 = DIRECTION('',(-0.,1.,0.));
#2672 = ORIENTED_EDGE('',*,*,#2673,.F.);
#2673 = EDGE_CURVE('',#2674,#2666,#2676,.T.);
#2674 = VERTEX_POINT('',#2675);
#2675 = CARTESIAN_POINT('',(69.475,21.975,1.6));
#2676 = LINE('',#2677,#2678);
#2677 = CARTESIAN_POINT('',(32.2625,21.975,1.6));
#2678 = VECTOR('',#2679,1.);
#2679 = DIRECTION('',(-1.,-0.,0.));
#2680 = ORIENTED_EDGE('',*,*,#2681,.F.);
#2681 = EDGE_CURVE('',#2682,#2674,#2684,.T.);
#2682 = VERTEX_POINT('',#2683);
#2683 = CARTESIAN_POINT('',(69.475,20.025,1.6));
#2684 = LINE('',#2685,#2686);
#2685 = CARTESIAN_POINT('',(69.475,10.0125,1.6));
#2686 = VECTOR('',#2687,1.);
#2687 = DIRECTION('',(-0.,1.,0.));
#2688 = ORIENTED_EDGE('',*,*,#2689,.T.);
#2689 = EDGE_CURVE('',#2682,#2690,#2692,.T.);
#2690 = VERTEX_POINT('',#2691);
#2691 = CARTESIAN_POINT('',(67.975,20.025,1.6));
#2692 = LINE('',#2693,#2694);
#2693 = CARTESIAN_POINT('',(32.2625,20.025,1.6));
#2694 = VECTOR('',#2695,1.);
#2695 = DIRECTION('',(-1.,-0.,0.));
#2696 = ORIENTED_EDGE('',*,*,#2697,.F.);
#2697 = EDGE_CURVE('',#2698,#2690,#2700,.T.);
#2698 = VERTEX_POINT('',#2699);
#2699 = CARTESIAN_POINT('',(67.975,18.525,1.6));
#2700 = LINE('',#2701,#2702);
#2701 = CARTESIAN_POINT('',(67.975,9.2625,1.6));
#2702 = VECTOR('',#2703,1.);
#2703 = DIRECTION('',(-0.,1.,0.));
#2704 = ORIENTED_EDGE('',*,*,#2705,.T.);
#2705 = EDGE_CURVE('',#2698,#2706,#2708,.T.);
#2706 = VERTEX_POINT('',#2707);
#2707 = CARTESIAN_POINT('',(66.025,18.525,1.6));
#2708 = LINE('',#2709,#2710);
#2709 = CARTESIAN_POINT('',(33.0125,18.525,1.6));
#2710 = VECTOR('',#2711,1.);
#2711 = DIRECTION('',(-1.,-0.,0.));
#2712 = ORIENTED_EDGE('',*,*,#2713,.T.);
#2713 = EDGE_CURVE('',#2706,#2624,#2714,.T.);
#2714 = LINE('',#2715,#2716);
#2715 = CARTESIAN_POINT('',(66.025,9.2625,1.6));
#2716 = VECTOR('',#2717,1.);
#2717 = DIRECTION('',(-0.,1.,0.));
#2718 = FACE_BOUND('',#2719,.T.);
#2719 = EDGE_LOOP('',(#2720,#2730,#2738,#2746,#2754,#2762,#2770,#2778,
    #2786,#2794,#2802,#2810));
#2720 = ORIENTED_EDGE('',*,*,#2721,.T.);
#2721 = EDGE_CURVE('',#2722,#2724,#2726,.T.);
#2722 = VERTEX_POINT('',#2723);
#2723 = CARTESIAN_POINT('',(78.,20.,1.6));
#2724 = VERTEX_POINT('',#2725);
#2725 = CARTESIAN_POINT('',(76.5,20.,1.6));
#2726 = LINE('',#2727,#2728);
#2727 = CARTESIAN_POINT('',(38.25,20.,1.6));
#2728 = VECTOR('',#2729,1.);
#2729 = DIRECTION('',(-1.,-0.,0.));
#2730 = ORIENTED_EDGE('',*,*,#2731,.T.);
#2731 = EDGE_CURVE('',#2724,#2732,#2734,.T.);
#2732 = VERTEX_POINT('',#2733);
#2733 = CARTESIAN_POINT('',(76.5,22.,1.6));
#2734 = LINE('',#2735,#2736);
#2735 = CARTESIAN_POINT('',(76.5,10.,1.6));
#2736 = VECTOR('',#2737,1.);
#2737 = DIRECTION('',(-0.,1.,0.));
#2738 = ORIENTED_EDGE('',*,*,#2739,.F.);
#2739 = EDGE_CURVE('',#2740,#2732,#2742,.T.);
#2740 = VERTEX_POINT('',#2741);
#2741 = CARTESIAN_POINT('',(78.,22.,1.6));
#2742 = LINE('',#2743,#2744);
#2743 = CARTESIAN_POINT('',(38.25,22.,1.6));
#2744 = VECTOR('',#2745,1.);
#2745 = DIRECTION('',(-1.,-0.,0.));
#2746 = ORIENTED_EDGE('',*,*,#2747,.T.);
#2747 = EDGE_CURVE('',#2740,#2748,#2750,.T.);
#2748 = VERTEX_POINT('',#2749);
#2749 = CARTESIAN_POINT('',(78.,23.5,1.6));
#2750 = LINE('',#2751,#2752);
#2751 = CARTESIAN_POINT('',(78.,9.25,1.6));
#2752 = VECTOR('',#2753,1.);
#2753 = DIRECTION('',(-0.,1.,0.));
#2754 = ORIENTED_EDGE('',*,*,#2755,.F.);
#2755 = EDGE_CURVE('',#2756,#2748,#2758,.T.);
#2756 = VERTEX_POINT('',#2757);
#2757 = CARTESIAN_POINT('',(80.,23.5,1.6));
#2758 = LINE('',#2759,#2760);
#2759 = CARTESIAN_POINT('',(39.,23.5,1.6));
#2760 = VECTOR('',#2761,1.);
#2761 = DIRECTION('',(-1.,-0.,0.));
#2762 = ORIENTED_EDGE('',*,*,#2763,.F.);
#2763 = EDGE_CURVE('',#2764,#2756,#2766,.T.);
#2764 = VERTEX_POINT('',#2765);
#2765 = CARTESIAN_POINT('',(80.,22.,1.6));
#2766 = LINE('',#2767,#2768);
#2767 = CARTESIAN_POINT('',(80.,9.25,1.6));
#2768 = VECTOR('',#2769,1.);
#2769 = DIRECTION('',(-0.,1.,0.));
#2770 = ORIENTED_EDGE('',*,*,#2771,.F.);
#2771 = EDGE_CURVE('',#2772,#2764,#2774,.T.);
#2772 = VERTEX_POINT('',#2773);
#2773 = CARTESIAN_POINT('',(81.5,22.,1.6));
#2774 = LINE('',#2775,#2776);
#2775 = CARTESIAN_POINT('',(38.25,22.,1.6));
#2776 = VECTOR('',#2777,1.);
#2777 = DIRECTION('',(-1.,-0.,0.));
#2778 = ORIENTED_EDGE('',*,*,#2779,.F.);
#2779 = EDGE_CURVE('',#2780,#2772,#2782,.T.);
#2780 = VERTEX_POINT('',#2781);
#2781 = CARTESIAN_POINT('',(81.5,20.,1.6));
#2782 = LINE('',#2783,#2784);
#2783 = CARTESIAN_POINT('',(81.5,10.,1.6));
#2784 = VECTOR('',#2785,1.);
#2785 = DIRECTION('',(-0.,1.,0.));
#2786 = ORIENTED_EDGE('',*,*,#2787,.T.);
#2787 = EDGE_CURVE('',#2780,#2788,#2790,.T.);
#2788 = VERTEX_POINT('',#2789);
#2789 = CARTESIAN_POINT('',(80.,20.,1.6));
#2790 = LINE('',#2791,#2792);
#2791 = CARTESIAN_POINT('',(38.25,20.,1.6));
#2792 = VECTOR('',#2793,1.);
#2793 = DIRECTION('',(-1.,-0.,0.));
#2794 = ORIENTED_EDGE('',*,*,#2795,.F.);
#2795 = EDGE_CURVE('',#2796,#2788,#2798,.T.);
#2796 = VERTEX_POINT('',#2797);
#2797 = CARTESIAN_POINT('',(80.,18.5,1.6));
#2798 = LINE('',#2799,#2800);
#2799 = CARTESIAN_POINT('',(80.,9.25,1.6));
#2800 = VECTOR('',#2801,1.);
#2801 = DIRECTION('',(-0.,1.,0.));
#2802 = ORIENTED_EDGE('',*,*,#2803,.T.);
#2803 = EDGE_CURVE('',#2796,#2804,#2806,.T.);
#2804 = VERTEX_POINT('',#2805);
#2805 = CARTESIAN_POINT('',(78.,18.5,1.6));
#2806 = LINE('',#2807,#2808);
#2807 = CARTESIAN_POINT('',(39.,18.5,1.6));
#2808 = VECTOR('',#2809,1.);
#2809 = DIRECTION('',(-1.,-0.,0.));
#2810 = ORIENTED_EDGE('',*,*,#2811,.T.);
#2811 = EDGE_CURVE('',#2804,#2722,#2812,.T.);
#2812 = LINE('',#2813,#2814);
#2813 = CARTESIAN_POINT('',(78.,9.25,1.6));
#2814 = VECTOR('',#2815,1.);
#2815 = DIRECTION('',(-0.,1.,0.));
#2816 = PLANE('',#2817);
#2817 = AXIS2_PLACEMENT_3D('',#2818,#2819,#2820);
#2818 = CARTESIAN_POINT('',(0.,0.,1.6));
#2819 = DIRECTION('',(0.,0.,1.));
#2820 = DIRECTION('',(1.,0.,-0.));
#2821 = ADVANCED_FACE('',(#2822),#2840,.T.);
#2822 = FACE_BOUND('',#2823,.T.);
#2823 = EDGE_LOOP('',(#2824,#2832,#2833,#2834));
#2824 = ORIENTED_EDGE('',*,*,#2825,.F.);
#2825 = EDGE_CURVE('',#32,#2826,#2828,.T.);
#2826 = VERTEX_POINT('',#2827);
#2827 = CARTESIAN_POINT('',(86.,30.,0.));
#2828 = LINE('',#2829,#2830);
#2829 = CARTESIAN_POINT('',(0.,30.,0.));
#2830 = VECTOR('',#2831,1.);
#2831 = DIRECTION('',(1.,0.,-0.));
#2832 = ORIENTED_EDGE('',*,*,#39,.T.);
#2833 = ORIENTED_EDGE('',*,*,#102,.T.);
#2834 = ORIENTED_EDGE('',*,*,#2835,.F.);
#2835 = EDGE_CURVE('',#2826,#95,#2836,.T.);
#2836 = LINE('',#2837,#2838);
#2837 = CARTESIAN_POINT('',(86.,30.,0.));
#2838 = VECTOR('',#2839,1.);
#2839 = DIRECTION('',(0.,0.,1.));
#2840 = PLANE('',#2841);
#2841 = AXIS2_PLACEMENT_3D('',#2842,#2843,#2844);
#2842 = CARTESIAN_POINT('',(0.,30.,0.));
#2843 = DIRECTION('',(-0.,1.,0.));
#2844 = DIRECTION('',(0.,0.,1.));
#2845 = ADVANCED_FACE('',(#2846,#2857,#2955,#3053,#3151,#3249,#3347,
    #3445),#3543,.F.);
#2846 = FACE_BOUND('',#2847,.F.);
#2847 = EDGE_LOOP('',(#2848,#2849,#2850,#2856));
#2848 = ORIENTED_EDGE('',*,*,#31,.F.);
#2849 = ORIENTED_EDGE('',*,*,#61,.T.);
#2850 = ORIENTED_EDGE('',*,*,#2851,.T.);
#2851 = EDGE_CURVE('',#62,#2826,#2852,.T.);
#2852 = LINE('',#2853,#2854);
#2853 = CARTESIAN_POINT('',(86.,0.,0.));
#2854 = VECTOR('',#2855,1.);
#2855 = DIRECTION('',(-0.,1.,0.));
#2856 = ORIENTED_EDGE('',*,*,#2825,.F.);
#2857 = FACE_BOUND('',#2858,.F.);
#2858 = EDGE_LOOP('',(#2859,#2869,#2877,#2885,#2893,#2901,#2909,#2917,
    #2925,#2933,#2941,#2949));
#2859 = ORIENTED_EDGE('',*,*,#2860,.T.);
#2860 = EDGE_CURVE('',#2861,#2863,#2865,.T.);
#2861 = VERTEX_POINT('',#2862);
#2862 = CARTESIAN_POINT('',(6.125,7.125,0.));
#2863 = VERTEX_POINT('',#2864);
#2864 = CARTESIAN_POINT('',(4.625,7.125,0.));
#2865 = LINE('',#2866,#2867);
#2866 = CARTESIAN_POINT('',(2.3125,7.125,0.));
#2867 = VECTOR('',#2868,1.);
#2868 = DIRECTION('',(-1.,-0.,0.));
#2869 = ORIENTED_EDGE('',*,*,#2870,.T.);
#2870 = EDGE_CURVE('',#2863,#2871,#2873,.T.);
#2871 = VERTEX_POINT('',#2872);
#2872 = CARTESIAN_POINT('',(4.625,8.875,0.));
#2873 = LINE('',#2874,#2875);
#2874 = CARTESIAN_POINT('',(4.625,3.5625,0.));
#2875 = VECTOR('',#2876,1.);
#2876 = DIRECTION('',(-0.,1.,0.));
#2877 = ORIENTED_EDGE('',*,*,#2878,.F.);
#2878 = EDGE_CURVE('',#2879,#2871,#2881,.T.);
#2879 = VERTEX_POINT('',#2880);
#2880 = CARTESIAN_POINT('',(6.125,8.875,0.));
#2881 = LINE('',#2882,#2883);
#2882 = CARTESIAN_POINT('',(2.3125,8.875,0.));
#2883 = VECTOR('',#2884,1.);
#2884 = DIRECTION('',(-1.,-0.,0.));
#2885 = ORIENTED_EDGE('',*,*,#2886,.T.);
#2886 = EDGE_CURVE('',#2879,#2887,#2889,.T.);
#2887 = VERTEX_POINT('',#2888);
#2888 = CARTESIAN_POINT('',(6.125,10.375,0.));
#2889 = LINE('',#2890,#2891);
#2890 = CARTESIAN_POINT('',(6.125,2.8125,0.));
#2891 = VECTOR('',#2892,1.);
#2892 = DIRECTION('',(-0.,1.,0.));
#2893 = ORIENTED_EDGE('',*,*,#2894,.F.);
#2894 = EDGE_CURVE('',#2895,#2887,#2897,.T.);
#2895 = VERTEX_POINT('',#2896);
#2896 = CARTESIAN_POINT('',(7.875,10.375,0.));
#2897 = LINE('',#2898,#2899);
#2898 = CARTESIAN_POINT('',(3.0625,10.375,0.));
#2899 = VECTOR('',#2900,1.);
#2900 = DIRECTION('',(-1.,-0.,0.));
#2901 = ORIENTED_EDGE('',*,*,#2902,.F.);
#2902 = EDGE_CURVE('',#2903,#2895,#2905,.T.);
#2903 = VERTEX_POINT('',#2904);
#2904 = CARTESIAN_POINT('',(7.875,8.875,0.));
#2905 = LINE('',#2906,#2907);
#2906 = CARTESIAN_POINT('',(7.875,2.8125,0.));
#2907 = VECTOR('',#2908,1.);
#2908 = DIRECTION('',(-0.,1.,0.));
#2909 = ORIENTED_EDGE('',*,*,#2910,.F.);
#2910 = EDGE_CURVE('',#2911,#2903,#2913,.T.);
#2911 = VERTEX_POINT('',#2912);
#2912 = CARTESIAN_POINT('',(9.375,8.875,0.));
#2913 = LINE('',#2914,#2915);
#2914 = CARTESIAN_POINT('',(2.3125,8.875,0.));
#2915 = VECTOR('',#2916,1.);
#2916 = DIRECTION('',(-1.,-0.,0.));
#2917 = ORIENTED_EDGE('',*,*,#2918,.F.);
#2918 = EDGE_CURVE('',#2919,#2911,#2921,.T.);
#2919 = VERTEX_POINT('',#2920);
#2920 = CARTESIAN_POINT('',(9.375,7.125,0.));
#2921 = LINE('',#2922,#2923);
#2922 = CARTESIAN_POINT('',(9.375,3.5625,0.));
#2923 = VECTOR('',#2924,1.);
#2924 = DIRECTION('',(-0.,1.,0.));
#2925 = ORIENTED_EDGE('',*,*,#2926,.T.);
#2926 = EDGE_CURVE('',#2919,#2927,#2929,.T.);
#2927 = VERTEX_POINT('',#2928);
#2928 = CARTESIAN_POINT('',(7.875,7.125,0.));
#2929 = LINE('',#2930,#2931);
#2930 = CARTESIAN_POINT('',(2.3125,7.125,0.));
#2931 = VECTOR('',#2932,1.);
#2932 = DIRECTION('',(-1.,-0.,0.));
#2933 = ORIENTED_EDGE('',*,*,#2934,.F.);
#2934 = EDGE_CURVE('',#2935,#2927,#2937,.T.);
#2935 = VERTEX_POINT('',#2936);
#2936 = CARTESIAN_POINT('',(7.875,5.625,0.));
#2937 = LINE('',#2938,#2939);
#2938 = CARTESIAN_POINT('',(7.875,2.8125,0.));
#2939 = VECTOR('',#2940,1.);
#2940 = DIRECTION('',(-0.,1.,0.));
#2941 = ORIENTED_EDGE('',*,*,#2942,.T.);
#2942 = EDGE_CURVE('',#2935,#2943,#2945,.T.);
#2943 = VERTEX_POINT('',#2944);
#2944 = CARTESIAN_POINT('',(6.125,5.625,0.));
#2945 = LINE('',#2946,#2947);
#2946 = CARTESIAN_POINT('',(3.0625,5.625,0.));
#2947 = VECTOR('',#2948,1.);
#2948 = DIRECTION('',(-1.,-0.,0.));
#2949 = ORIENTED_EDGE('',*,*,#2950,.T.);
#2950 = EDGE_CURVE('',#2943,#2861,#2951,.T.);
#2951 = LINE('',#2952,#2953);
#2952 = CARTESIAN_POINT('',(6.125,2.8125,0.));
#2953 = VECTOR('',#2954,1.);
#2954 = DIRECTION('',(-0.,1.,0.));
#2955 = FACE_BOUND('',#2956,.F.);
#2956 = EDGE_LOOP('',(#2957,#2967,#2975,#2983,#2991,#2999,#3007,#3015,
    #3023,#3031,#3039,#3047));
#2957 = ORIENTED_EDGE('',*,*,#2958,.T.);
#2958 = EDGE_CURVE('',#2959,#2961,#2963,.T.);
#2959 = VERTEX_POINT('',#2960);
#2960 = CARTESIAN_POINT('',(18.1,7.1,0.));
#2961 = VERTEX_POINT('',#2962);
#2962 = CARTESIAN_POINT('',(16.6,7.1,0.));
#2963 = LINE('',#2964,#2965);
#2964 = CARTESIAN_POINT('',(8.3,7.1,0.));
#2965 = VECTOR('',#2966,1.);
#2966 = DIRECTION('',(-1.,-0.,0.));
#2967 = ORIENTED_EDGE('',*,*,#2968,.T.);
#2968 = EDGE_CURVE('',#2961,#2969,#2971,.T.);
#2969 = VERTEX_POINT('',#2970);
#2970 = CARTESIAN_POINT('',(16.6,8.9,0.));
#2971 = LINE('',#2972,#2973);
#2972 = CARTESIAN_POINT('',(16.6,3.55,0.));
#2973 = VECTOR('',#2974,1.);
#2974 = DIRECTION('',(-0.,1.,0.));
#2975 = ORIENTED_EDGE('',*,*,#2976,.F.);
#2976 = EDGE_CURVE('',#2977,#2969,#2979,.T.);
#2977 = VERTEX_POINT('',#2978);
#2978 = CARTESIAN_POINT('',(18.1,8.9,0.));
#2979 = LINE('',#2980,#2981);
#2980 = CARTESIAN_POINT('',(8.3,8.9,0.));
#2981 = VECTOR('',#2982,1.);
#2982 = DIRECTION('',(-1.,-0.,0.));
#2983 = ORIENTED_EDGE('',*,*,#2984,.T.);
#2984 = EDGE_CURVE('',#2977,#2985,#2987,.T.);
#2985 = VERTEX_POINT('',#2986);
#2986 = CARTESIAN_POINT('',(18.1,10.4,0.));
#2987 = LINE('',#2988,#2989);
#2988 = CARTESIAN_POINT('',(18.1,2.8,0.));
#2989 = VECTOR('',#2990,1.);
#2990 = DIRECTION('',(-0.,1.,0.));
#2991 = ORIENTED_EDGE('',*,*,#2992,.F.);
#2992 = EDGE_CURVE('',#2993,#2985,#2995,.T.);
#2993 = VERTEX_POINT('',#2994);
#2994 = CARTESIAN_POINT('',(19.9,10.4,0.));
#2995 = LINE('',#2996,#2997);
#2996 = CARTESIAN_POINT('',(9.05,10.4,0.));
#2997 = VECTOR('',#2998,1.);
#2998 = DIRECTION('',(-1.,-0.,0.));
#2999 = ORIENTED_EDGE('',*,*,#3000,.F.);
#3000 = EDGE_CURVE('',#3001,#2993,#3003,.T.);
#3001 = VERTEX_POINT('',#3002);
#3002 = CARTESIAN_POINT('',(19.9,8.9,0.));
#3003 = LINE('',#3004,#3005);
#3004 = CARTESIAN_POINT('',(19.9,2.8,0.));
#3005 = VECTOR('',#3006,1.);
#3006 = DIRECTION('',(-0.,1.,0.));
#3007 = ORIENTED_EDGE('',*,*,#3008,.F.);
#3008 = EDGE_CURVE('',#3009,#3001,#3011,.T.);
#3009 = VERTEX_POINT('',#3010);
#3010 = CARTESIAN_POINT('',(21.4,8.9,0.));
#3011 = LINE('',#3012,#3013);
#3012 = CARTESIAN_POINT('',(8.3,8.9,0.));
#3013 = VECTOR('',#3014,1.);
#3014 = DIRECTION('',(-1.,-0.,0.));
#3015 = ORIENTED_EDGE('',*,*,#3016,.F.);
#3016 = EDGE_CURVE('',#3017,#3009,#3019,.T.);
#3017 = VERTEX_POINT('',#3018);
#3018 = CARTESIAN_POINT('',(21.4,7.1,0.));
#3019 = LINE('',#3020,#3021);
#3020 = CARTESIAN_POINT('',(21.4,3.55,0.));
#3021 = VECTOR('',#3022,1.);
#3022 = DIRECTION('',(-0.,1.,0.));
#3023 = ORIENTED_EDGE('',*,*,#3024,.T.);
#3024 = EDGE_CURVE('',#3017,#3025,#3027,.T.);
#3025 = VERTEX_POINT('',#3026);
#3026 = CARTESIAN_POINT('',(19.9,7.1,0.));
#3027 = LINE('',#3028,#3029);
#3028 = CARTESIAN_POINT('',(8.3,7.1,0.));
#3029 = VECTOR('',#3030,1.);
#3030 = DIRECTION('',(-1.,-0.,0.));
#3031 = ORIENTED_EDGE('',*,*,#3032,.F.);
#3032 = EDGE_CURVE('',#3033,#3025,#3035,.T.);
#3033 = VERTEX_POINT('',#3034);
#3034 = CARTESIAN_POINT('',(19.9,5.6,0.));
#3035 = LINE('',#3036,#3037);
#3036 = CARTESIAN_POINT('',(19.9,2.8,0.));
#3037 = VECTOR('',#3038,1.);
#3038 = DIRECTION('',(-0.,1.,0.));
#3039 = ORIENTED_EDGE('',*,*,#3040,.T.);
#3040 = EDGE_CURVE('',#3033,#3041,#3043,.T.);
#3041 = VERTEX_POINT('',#3042);
#3042 = CARTESIAN_POINT('',(18.1,5.6,0.));
#3043 = LINE('',#3044,#3045);
#3044 = CARTESIAN_POINT('',(9.05,5.6,0.));
#3045 = VECTOR('',#3046,1.);
#3046 = DIRECTION('',(-1.,-0.,0.));
#3047 = ORIENTED_EDGE('',*,*,#3048,.T.);
#3048 = EDGE_CURVE('',#3041,#2959,#3049,.T.);
#3049 = LINE('',#3050,#3051);
#3050 = CARTESIAN_POINT('',(18.1,2.8,0.));
#3051 = VECTOR('',#3052,1.);
#3052 = DIRECTION('',(-0.,1.,0.));
#3053 = FACE_BOUND('',#3054,.F.);
#3054 = EDGE_LOOP('',(#3055,#3065,#3073,#3081,#3089,#3097,#3105,#3113,
    #3121,#3129,#3137,#3145));
#3055 = ORIENTED_EDGE('',*,*,#3056,.T.);
#3056 = EDGE_CURVE('',#3057,#3059,#3061,.T.);
#3057 = VERTEX_POINT('',#3058);
#3058 = CARTESIAN_POINT('',(30.075,7.075,0.));
#3059 = VERTEX_POINT('',#3060);
#3060 = CARTESIAN_POINT('',(28.575,7.075,0.));
#3061 = LINE('',#3062,#3063);
#3062 = CARTESIAN_POINT('',(14.2875,7.075,0.));
#3063 = VECTOR('',#3064,1.);
#3064 = DIRECTION('',(-1.,-0.,0.));
#3065 = ORIENTED_EDGE('',*,*,#3066,.T.);
#3066 = EDGE_CURVE('',#3059,#3067,#3069,.T.);
#3067 = VERTEX_POINT('',#3068);
#3068 = CARTESIAN_POINT('',(28.575,8.925,0.));
#3069 = LINE('',#3070,#3071);
#3070 = CARTESIAN_POINT('',(28.575,3.5375,0.));
#3071 = VECTOR('',#3072,1.);
#3072 = DIRECTION('',(-0.,1.,0.));
#3073 = ORIENTED_EDGE('',*,*,#3074,.F.);
#3074 = EDGE_CURVE('',#3075,#3067,#3077,.T.);
#3075 = VERTEX_POINT('',#3076);
#3076 = CARTESIAN_POINT('',(30.075,8.925,0.));
#3077 = LINE('',#3078,#3079);
#3078 = CARTESIAN_POINT('',(14.2875,8.925,0.));
#3079 = VECTOR('',#3080,1.);
#3080 = DIRECTION('',(-1.,-0.,0.));
#3081 = ORIENTED_EDGE('',*,*,#3082,.T.);
#3082 = EDGE_CURVE('',#3075,#3083,#3085,.T.);
#3083 = VERTEX_POINT('',#3084);
#3084 = CARTESIAN_POINT('',(30.075,10.425,0.));
#3085 = LINE('',#3086,#3087);
#3086 = CARTESIAN_POINT('',(30.075,2.7875,0.));
#3087 = VECTOR('',#3088,1.);
#3088 = DIRECTION('',(-0.,1.,0.));
#3089 = ORIENTED_EDGE('',*,*,#3090,.F.);
#3090 = EDGE_CURVE('',#3091,#3083,#3093,.T.);
#3091 = VERTEX_POINT('',#3092);
#3092 = CARTESIAN_POINT('',(31.925,10.425,0.));
#3093 = LINE('',#3094,#3095);
#3094 = CARTESIAN_POINT('',(15.0375,10.425,0.));
#3095 = VECTOR('',#3096,1.);
#3096 = DIRECTION('',(-1.,-0.,0.));
#3097 = ORIENTED_EDGE('',*,*,#3098,.F.);
#3098 = EDGE_CURVE('',#3099,#3091,#3101,.T.);
#3099 = VERTEX_POINT('',#3100);
#3100 = CARTESIAN_POINT('',(31.925,8.925,0.));
#3101 = LINE('',#3102,#3103);
#3102 = CARTESIAN_POINT('',(31.925,2.7875,0.));
#3103 = VECTOR('',#3104,1.);
#3104 = DIRECTION('',(-0.,1.,0.));
#3105 = ORIENTED_EDGE('',*,*,#3106,.F.);
#3106 = EDGE_CURVE('',#3107,#3099,#3109,.T.);
#3107 = VERTEX_POINT('',#3108);
#3108 = CARTESIAN_POINT('',(33.425,8.925,0.));
#3109 = LINE('',#3110,#3111);
#3110 = CARTESIAN_POINT('',(14.2875,8.925,0.));
#3111 = VECTOR('',#3112,1.);
#3112 = DIRECTION('',(-1.,-0.,0.));
#3113 = ORIENTED_EDGE('',*,*,#3114,.F.);
#3114 = EDGE_CURVE('',#3115,#3107,#3117,.T.);
#3115 = VERTEX_POINT('',#3116);
#3116 = CARTESIAN_POINT('',(33.425,7.075,0.));
#3117 = LINE('',#3118,#3119);
#3118 = CARTESIAN_POINT('',(33.425,3.5375,0.));
#3119 = VECTOR('',#3120,1.);
#3120 = DIRECTION('',(-0.,1.,0.));
#3121 = ORIENTED_EDGE('',*,*,#3122,.T.);
#3122 = EDGE_CURVE('',#3115,#3123,#3125,.T.);
#3123 = VERTEX_POINT('',#3124);
#3124 = CARTESIAN_POINT('',(31.925,7.075,0.));
#3125 = LINE('',#3126,#3127);
#3126 = CARTESIAN_POINT('',(14.2875,7.075,0.));
#3127 = VECTOR('',#3128,1.);
#3128 = DIRECTION('',(-1.,-0.,0.));
#3129 = ORIENTED_EDGE('',*,*,#3130,.F.);
#3130 = EDGE_CURVE('',#3131,#3123,#3133,.T.);
#3131 = VERTEX_POINT('',#3132);
#3132 = CARTESIAN_POINT('',(31.925,5.575,0.));
#3133 = LINE('',#3134,#3135);
#3134 = CARTESIAN_POINT('',(31.925,2.7875,0.));
#3135 = VECTOR('',#3136,1.);
#3136 = DIRECTION('',(-0.,1.,0.));
#3137 = ORIENTED_EDGE('',*,*,#3138,.T.);
#3138 = EDGE_CURVE('',#3131,#3139,#3141,.T.);
#3139 = VERTEX_POINT('',#3140);
#3140 = CARTESIAN_POINT('',(30.075,5.575,0.));
#3141 = LINE('',#3142,#3143);
#3142 = CARTESIAN_POINT('',(15.0375,5.575,0.));
#3143 = VECTOR('',#3144,1.);
#3144 = DIRECTION('',(-1.,-0.,0.));
#3145 = ORIENTED_EDGE('',*,*,#3146,.T.);
#3146 = EDGE_CURVE('',#3139,#3057,#3147,.T.);
#3147 = LINE('',#3148,#3149);
#3148 = CARTESIAN_POINT('',(30.075,2.7875,0.));
#3149 = VECTOR('',#3150,1.);
#3150 = DIRECTION('',(-0.,1.,0.));
#3151 = FACE_BOUND('',#3152,.F.);
#3152 = EDGE_LOOP('',(#3153,#3163,#3171,#3179,#3187,#3195,#3203,#3211,
    #3219,#3227,#3235,#3243));
#3153 = ORIENTED_EDGE('',*,*,#3154,.T.);
#3154 = EDGE_CURVE('',#3155,#3157,#3159,.T.);
#3155 = VERTEX_POINT('',#3156);
#3156 = CARTESIAN_POINT('',(42.05,7.05,0.));
#3157 = VERTEX_POINT('',#3158);
#3158 = CARTESIAN_POINT('',(40.55,7.05,0.));
#3159 = LINE('',#3160,#3161);
#3160 = CARTESIAN_POINT('',(20.275,7.05,0.));
#3161 = VECTOR('',#3162,1.);
#3162 = DIRECTION('',(-1.,-0.,0.));
#3163 = ORIENTED_EDGE('',*,*,#3164,.T.);
#3164 = EDGE_CURVE('',#3157,#3165,#3167,.T.);
#3165 = VERTEX_POINT('',#3166);
#3166 = CARTESIAN_POINT('',(40.55,8.95,0.));
#3167 = LINE('',#3168,#3169);
#3168 = CARTESIAN_POINT('',(40.55,3.525,0.));
#3169 = VECTOR('',#3170,1.);
#3170 = DIRECTION('',(-0.,1.,0.));
#3171 = ORIENTED_EDGE('',*,*,#3172,.F.);
#3172 = EDGE_CURVE('',#3173,#3165,#3175,.T.);
#3173 = VERTEX_POINT('',#3174);
#3174 = CARTESIAN_POINT('',(42.05,8.95,0.));
#3175 = LINE('',#3176,#3177);
#3176 = CARTESIAN_POINT('',(20.275,8.95,0.));
#3177 = VECTOR('',#3178,1.);
#3178 = DIRECTION('',(-1.,-0.,0.));
#3179 = ORIENTED_EDGE('',*,*,#3180,.T.);
#3180 = EDGE_CURVE('',#3173,#3181,#3183,.T.);
#3181 = VERTEX_POINT('',#3182);
#3182 = CARTESIAN_POINT('',(42.05,10.45,0.));
#3183 = LINE('',#3184,#3185);
#3184 = CARTESIAN_POINT('',(42.05,2.775,0.));
#3185 = VECTOR('',#3186,1.);
#3186 = DIRECTION('',(-0.,1.,0.));
#3187 = ORIENTED_EDGE('',*,*,#3188,.F.);
#3188 = EDGE_CURVE('',#3189,#3181,#3191,.T.);
#3189 = VERTEX_POINT('',#3190);
#3190 = CARTESIAN_POINT('',(43.95,10.45,0.));
#3191 = LINE('',#3192,#3193);
#3192 = CARTESIAN_POINT('',(21.025,10.45,0.));
#3193 = VECTOR('',#3194,1.);
#3194 = DIRECTION('',(-1.,-0.,0.));
#3195 = ORIENTED_EDGE('',*,*,#3196,.F.);
#3196 = EDGE_CURVE('',#3197,#3189,#3199,.T.);
#3197 = VERTEX_POINT('',#3198);
#3198 = CARTESIAN_POINT('',(43.95,8.95,0.));
#3199 = LINE('',#3200,#3201);
#3200 = CARTESIAN_POINT('',(43.95,2.775,0.));
#3201 = VECTOR('',#3202,1.);
#3202 = DIRECTION('',(-0.,1.,0.));
#3203 = ORIENTED_EDGE('',*,*,#3204,.F.);
#3204 = EDGE_CURVE('',#3205,#3197,#3207,.T.);
#3205 = VERTEX_POINT('',#3206);
#3206 = CARTESIAN_POINT('',(45.45,8.95,0.));
#3207 = LINE('',#3208,#3209);
#3208 = CARTESIAN_POINT('',(20.275,8.95,0.));
#3209 = VECTOR('',#3210,1.);
#3210 = DIRECTION('',(-1.,-0.,0.));
#3211 = ORIENTED_EDGE('',*,*,#3212,.F.);
#3212 = EDGE_CURVE('',#3213,#3205,#3215,.T.);
#3213 = VERTEX_POINT('',#3214);
#3214 = CARTESIAN_POINT('',(45.45,7.05,0.));
#3215 = LINE('',#3216,#3217);
#3216 = CARTESIAN_POINT('',(45.45,3.525,0.));
#3217 = VECTOR('',#3218,1.);
#3218 = DIRECTION('',(-0.,1.,0.));
#3219 = ORIENTED_EDGE('',*,*,#3220,.T.);
#3220 = EDGE_CURVE('',#3213,#3221,#3223,.T.);
#3221 = VERTEX_POINT('',#3222);
#3222 = CARTESIAN_POINT('',(43.95,7.05,0.));
#3223 = LINE('',#3224,#3225);
#3224 = CARTESIAN_POINT('',(20.275,7.05,0.));
#3225 = VECTOR('',#3226,1.);
#3226 = DIRECTION('',(-1.,-0.,0.));
#3227 = ORIENTED_EDGE('',*,*,#3228,.F.);
#3228 = EDGE_CURVE('',#3229,#3221,#3231,.T.);
#3229 = VERTEX_POINT('',#3230);
#3230 = CARTESIAN_POINT('',(43.95,5.55,0.));
#3231 = LINE('',#3232,#3233);
#3232 = CARTESIAN_POINT('',(43.95,2.775,0.));
#3233 = VECTOR('',#3234,1.);
#3234 = DIRECTION('',(-0.,1.,0.));
#3235 = ORIENTED_EDGE('',*,*,#3236,.T.);
#3236 = EDGE_CURVE('',#3229,#3237,#3239,.T.);
#3237 = VERTEX_POINT('',#3238);
#3238 = CARTESIAN_POINT('',(42.05,5.55,0.));
#3239 = LINE('',#3240,#3241);
#3240 = CARTESIAN_POINT('',(21.025,5.55,0.));
#3241 = VECTOR('',#3242,1.);
#3242 = DIRECTION('',(-1.,-0.,0.));
#3243 = ORIENTED_EDGE('',*,*,#3244,.T.);
#3244 = EDGE_CURVE('',#3237,#3155,#3245,.T.);
#3245 = LINE('',#3246,#3247);
#3246 = CARTESIAN_POINT('',(42.05,2.775,0.));
#3247 = VECTOR('',#3248,1.);
#3248 = DIRECTION('',(-0.,1.,0.));
#3249 = FACE_BOUND('',#3250,.F.);
#3250 = EDGE_LOOP('',(#3251,#3261,#3269,#3277,#3285,#3293,#3301,#3309,
    #3317,#3325,#3333,#3341));
#3251 = ORIENTED_EDGE('',*,*,#3252,.T.);
#3252 = EDGE_CURVE('',#3253,#3255,#3257,.T.);
#3253 = VERTEX_POINT('',#3254);
#3254 = CARTESIAN_POINT('',(54.025,7.025,0.));
#3255 = VERTEX_POINT('',#3256);
#3256 = CARTESIAN_POINT('',(52.525,7.025,0.));
#3257 = LINE('',#3258,#3259);
#3258 = CARTESIAN_POINT('',(26.2625,7.025,0.));
#3259 = VECTOR('',#3260,1.);
#3260 = DIRECTION('',(-1.,-0.,0.));
#3261 = ORIENTED_EDGE('',*,*,#3262,.T.);
#3262 = EDGE_CURVE('',#3255,#3263,#3265,.T.);
#3263 = VERTEX_POINT('',#3264);
#3264 = CARTESIAN_POINT('',(52.525,8.975,0.));
#3265 = LINE('',#3266,#3267);
#3266 = CARTESIAN_POINT('',(52.525,3.5125,0.));
#3267 = VECTOR('',#3268,1.);
#3268 = DIRECTION('',(-0.,1.,0.));
#3269 = ORIENTED_EDGE('',*,*,#3270,.F.);
#3270 = EDGE_CURVE('',#3271,#3263,#3273,.T.);
#3271 = VERTEX_POINT('',#3272);
#3272 = CARTESIAN_POINT('',(54.025,8.975,0.));
#3273 = LINE('',#3274,#3275);
#3274 = CARTESIAN_POINT('',(26.2625,8.975,0.));
#3275 = VECTOR('',#3276,1.);
#3276 = DIRECTION('',(-1.,-0.,0.));
#3277 = ORIENTED_EDGE('',*,*,#3278,.T.);
#3278 = EDGE_CURVE('',#3271,#3279,#3281,.T.);
#3279 = VERTEX_POINT('',#3280);
#3280 = CARTESIAN_POINT('',(54.025,10.475,0.));
#3281 = LINE('',#3282,#3283);
#3282 = CARTESIAN_POINT('',(54.025,2.7625,0.));
#3283 = VECTOR('',#3284,1.);
#3284 = DIRECTION('',(-0.,1.,0.));
#3285 = ORIENTED_EDGE('',*,*,#3286,.F.);
#3286 = EDGE_CURVE('',#3287,#3279,#3289,.T.);
#3287 = VERTEX_POINT('',#3288);
#3288 = CARTESIAN_POINT('',(55.975,10.475,0.));
#3289 = LINE('',#3290,#3291);
#3290 = CARTESIAN_POINT('',(27.0125,10.475,0.));
#3291 = VECTOR('',#3292,1.);
#3292 = DIRECTION('',(-1.,-0.,0.));
#3293 = ORIENTED_EDGE('',*,*,#3294,.F.);
#3294 = EDGE_CURVE('',#3295,#3287,#3297,.T.);
#3295 = VERTEX_POINT('',#3296);
#3296 = CARTESIAN_POINT('',(55.975,8.975,0.));
#3297 = LINE('',#3298,#3299);
#3298 = CARTESIAN_POINT('',(55.975,2.7625,0.));
#3299 = VECTOR('',#3300,1.);
#3300 = DIRECTION('',(-0.,1.,0.));
#3301 = ORIENTED_EDGE('',*,*,#3302,.F.);
#3302 = EDGE_CURVE('',#3303,#3295,#3305,.T.);
#3303 = VERTEX_POINT('',#3304);
#3304 = CARTESIAN_POINT('',(57.475,8.975,0.));
#3305 = LINE('',#3306,#3307);
#3306 = CARTESIAN_POINT('',(26.2625,8.975,0.));
#3307 = VECTOR('',#3308,1.);
#3308 = DIRECTION('',(-1.,-0.,0.));
#3309 = ORIENTED_EDGE('',*,*,#3310,.F.);
#3310 = EDGE_CURVE('',#3311,#3303,#3313,.T.);
#3311 = VERTEX_POINT('',#3312);
#3312 = CARTESIAN_POINT('',(57.475,7.025,0.));
#3313 = LINE('',#3314,#3315);
#3314 = CARTESIAN_POINT('',(57.475,3.5125,0.));
#3315 = VECTOR('',#3316,1.);
#3316 = DIRECTION('',(-0.,1.,0.));
#3317 = ORIENTED_EDGE('',*,*,#3318,.T.);
#3318 = EDGE_CURVE('',#3311,#3319,#3321,.T.);
#3319 = VERTEX_POINT('',#3320);
#3320 = CARTESIAN_POINT('',(55.975,7.025,0.));
#3321 = LINE('',#3322,#3323);
#3322 = CARTESIAN_POINT('',(26.2625,7.025,0.));
#3323 = VECTOR('',#3324,1.);
#3324 = DIRECTION('',(-1.,-0.,0.));
#3325 = ORIENTED_EDGE('',*,*,#3326,.F.);
#3326 = EDGE_CURVE('',#3327,#3319,#3329,.T.);
#3327 = VERTEX_POINT('',#3328);
#3328 = CARTESIAN_POINT('',(55.975,5.525,0.));
#3329 = LINE('',#3330,#3331);
#3330 = CARTESIAN_POINT('',(55.975,2.7625,0.));
#3331 = VECTOR('',#3332,1.);
#3332 = DIRECTION('',(-0.,1.,0.));
#3333 = ORIENTED_EDGE('',*,*,#3334,.T.);
#3334 = EDGE_CURVE('',#3327,#3335,#3337,.T.);
#3335 = VERTEX_POINT('',#3336);
#3336 = CARTESIAN_POINT('',(54.025,5.525,0.));
#3337 = LINE('',#3338,#3339);
#3338 = CARTESIAN_POINT('',(27.0125,5.525,0.));
#3339 = VECTOR('',#3340,1.);
#3340 = DIRECTION('',(-1.,-0.,0.));
#3341 = ORIENTED_EDGE('',*,*,#3342,.T.);
#3342 = EDGE_CURVE('',#3335,#3253,#3343,.T.);
#3343 = LINE('',#3344,#3345);
#3344 = CARTESIAN_POINT('',(54.025,2.7625,0.));
#3345 = VECTOR('',#3346,1.);
#3346 = DIRECTION('',(-0.,1.,0.));
#3347 = FACE_BOUND('',#3348,.F.);
#3348 = EDGE_LOOP('',(#3349,#3359,#3367,#3375,#3383,#3391,#3399,#3407,
    #3415,#3423,#3431,#3439));
#3349 = ORIENTED_EDGE('',*,*,#3350,.T.);
#3350 = EDGE_CURVE('',#3351,#3353,#3355,.T.);
#3351 = VERTEX_POINT('',#3352);
#3352 = CARTESIAN_POINT('',(66.,7.,0.));
#3353 = VERTEX_POINT('',#3354);
#3354 = CARTESIAN_POINT('',(64.5,7.,0.));
#3355 = LINE('',#3356,#3357);
#3356 = CARTESIAN_POINT('',(32.25,7.,0.));
#3357 = VECTOR('',#3358,1.);
#3358 = DIRECTION('',(-1.,-0.,0.));
#3359 = ORIENTED_EDGE('',*,*,#3360,.T.);
#3360 = EDGE_CURVE('',#3353,#3361,#3363,.T.);
#3361 = VERTEX_POINT('',#3362);
#3362 = CARTESIAN_POINT('',(64.5,9.,0.));
#3363 = LINE('',#3364,#3365);
#3364 = CARTESIAN_POINT('',(64.5,3.5,0.));
#3365 = VECTOR('',#3366,1.);
#3366 = DIRECTION('',(-0.,1.,0.));
#3367 = ORIENTED_EDGE('',*,*,#3368,.F.);
#3368 = EDGE_CURVE('',#3369,#3361,#3371,.T.);
#3369 = VERTEX_POINT('',#3370);
#3370 = CARTESIAN_POINT('',(66.,9.,0.));
#3371 = LINE('',#3372,#3373);
#3372 = CARTESIAN_POINT('',(32.25,9.,0.));
#3373 = VECTOR('',#3374,1.);
#3374 = DIRECTION('',(-1.,-0.,0.));
#3375 = ORIENTED_EDGE('',*,*,#3376,.T.);
#3376 = EDGE_CURVE('',#3369,#3377,#3379,.T.);
#3377 = VERTEX_POINT('',#3378);
#3378 = CARTESIAN_POINT('',(66.,10.5,0.));
#3379 = LINE('',#3380,#3381);
#3380 = CARTESIAN_POINT('',(66.,2.75,0.));
#3381 = VECTOR('',#3382,1.);
#3382 = DIRECTION('',(-0.,1.,0.));
#3383 = ORIENTED_EDGE('',*,*,#3384,.F.);
#3384 = EDGE_CURVE('',#3385,#3377,#3387,.T.);
#3385 = VERTEX_POINT('',#3386);
#3386 = CARTESIAN_POINT('',(68.,10.5,0.));
#3387 = LINE('',#3388,#3389);
#3388 = CARTESIAN_POINT('',(33.,10.5,0.));
#3389 = VECTOR('',#3390,1.);
#3390 = DIRECTION('',(-1.,-0.,0.));
#3391 = ORIENTED_EDGE('',*,*,#3392,.F.);
#3392 = EDGE_CURVE('',#3393,#3385,#3395,.T.);
#3393 = VERTEX_POINT('',#3394);
#3394 = CARTESIAN_POINT('',(68.,9.,0.));
#3395 = LINE('',#3396,#3397);
#3396 = CARTESIAN_POINT('',(68.,2.75,0.));
#3397 = VECTOR('',#3398,1.);
#3398 = DIRECTION('',(-0.,1.,0.));
#3399 = ORIENTED_EDGE('',*,*,#3400,.F.);
#3400 = EDGE_CURVE('',#3401,#3393,#3403,.T.);
#3401 = VERTEX_POINT('',#3402);
#3402 = CARTESIAN_POINT('',(69.5,9.,0.));
#3403 = LINE('',#3404,#3405);
#3404 = CARTESIAN_POINT('',(32.25,9.,0.));
#3405 = VECTOR('',#3406,1.);
#3406 = DIRECTION('',(-1.,-0.,0.));
#3407 = ORIENTED_EDGE('',*,*,#3408,.F.);
#3408 = EDGE_CURVE('',#3409,#3401,#3411,.T.);
#3409 = VERTEX_POINT('',#3410);
#3410 = CARTESIAN_POINT('',(69.5,7.,0.));
#3411 = LINE('',#3412,#3413);
#3412 = CARTESIAN_POINT('',(69.5,3.5,0.));
#3413 = VECTOR('',#3414,1.);
#3414 = DIRECTION('',(-0.,1.,0.));
#3415 = ORIENTED_EDGE('',*,*,#3416,.T.);
#3416 = EDGE_CURVE('',#3409,#3417,#3419,.T.);
#3417 = VERTEX_POINT('',#3418);
#3418 = CARTESIAN_POINT('',(68.,7.,0.));
#3419 = LINE('',#3420,#3421);
#3420 = CARTESIAN_POINT('',(32.25,7.,0.));
#3421 = VECTOR('',#3422,1.);
#3422 = DIRECTION('',(-1.,-0.,0.));
#3423 = ORIENTED_EDGE('',*,*,#3424,.F.);
#3424 = EDGE_CURVE('',#3425,#3417,#3427,.T.);
#3425 = VERTEX_POINT('',#3426);
#3426 = CARTESIAN_POINT('',(68.,5.5,0.));
#3427 = LINE('',#3428,#3429);
#3428 = CARTESIAN_POINT('',(68.,2.75,0.));
#3429 = VECTOR('',#3430,1.);
#3430 = DIRECTION('',(-0.,1.,0.));
#3431 = ORIENTED_EDGE('',*,*,#3432,.T.);
#3432 = EDGE_CURVE('',#3425,#3433,#3435,.T.);
#3433 = VERTEX_POINT('',#3434);
#3434 = CARTESIAN_POINT('',(66.,5.5,0.));
#3435 = LINE('',#3436,#3437);
#3436 = CARTESIAN_POINT('',(33.,5.5,0.));
#3437 = VECTOR('',#3438,1.);
#3438 = DIRECTION('',(-1.,-0.,0.));
#3439 = ORIENTED_EDGE('',*,*,#3440,.T.);
#3440 = EDGE_CURVE('',#3433,#3351,#3441,.T.);
#3441 = LINE('',#3442,#3443);
#3442 = CARTESIAN_POINT('',(66.,2.75,0.));
#3443 = VECTOR('',#3444,1.);
#3444 = DIRECTION('',(-0.,1.,0.));
#3445 = FACE_BOUND('',#3446,.F.);
#3446 = EDGE_LOOP('',(#3447,#3457,#3465,#3473,#3481,#3489,#3497,#3505,
    #3513,#3521,#3529,#3537));
#3447 = ORIENTED_EDGE('',*,*,#3448,.T.);
#3448 = EDGE_CURVE('',#3449,#3451,#3453,.T.);
#3449 = VERTEX_POINT('',#3450);
#3450 = CARTESIAN_POINT('',(77.975,6.975,0.));
#3451 = VERTEX_POINT('',#3452);
#3452 = CARTESIAN_POINT('',(76.475,6.975,0.));
#3453 = LINE('',#3454,#3455);
#3454 = CARTESIAN_POINT('',(38.2375,6.975,0.));
#3455 = VECTOR('',#3456,1.);
#3456 = DIRECTION('',(-1.,-0.,0.));
#3457 = ORIENTED_EDGE('',*,*,#3458,.T.);
#3458 = EDGE_CURVE('',#3451,#3459,#3461,.T.);
#3459 = VERTEX_POINT('',#3460);
#3460 = CARTESIAN_POINT('',(76.475,9.025,0.));
#3461 = LINE('',#3462,#3463);
#3462 = CARTESIAN_POINT('',(76.475,3.4875,0.));
#3463 = VECTOR('',#3464,1.);
#3464 = DIRECTION('',(-0.,1.,0.));
#3465 = ORIENTED_EDGE('',*,*,#3466,.F.);
#3466 = EDGE_CURVE('',#3467,#3459,#3469,.T.);
#3467 = VERTEX_POINT('',#3468);
#3468 = CARTESIAN_POINT('',(77.975,9.025,0.));
#3469 = LINE('',#3470,#3471);
#3470 = CARTESIAN_POINT('',(38.2375,9.025,0.));
#3471 = VECTOR('',#3472,1.);
#3472 = DIRECTION('',(-1.,-0.,0.));
#3473 = ORIENTED_EDGE('',*,*,#3474,.T.);
#3474 = EDGE_CURVE('',#3467,#3475,#3477,.T.);
#3475 = VERTEX_POINT('',#3476);
#3476 = CARTESIAN_POINT('',(77.975,10.525,0.));
#3477 = LINE('',#3478,#3479);
#3478 = CARTESIAN_POINT('',(77.975,2.7375,0.));
#3479 = VECTOR('',#3480,1.);
#3480 = DIRECTION('',(-0.,1.,0.));
#3481 = ORIENTED_EDGE('',*,*,#3482,.F.);
#3482 = EDGE_CURVE('',#3483,#3475,#3485,.T.);
#3483 = VERTEX_POINT('',#3484);
#3484 = CARTESIAN_POINT('',(80.025,10.525,0.));
#3485 = LINE('',#3486,#3487);
#3486 = CARTESIAN_POINT('',(38.9875,10.525,0.));
#3487 = VECTOR('',#3488,1.);
#3488 = DIRECTION('',(-1.,-0.,0.));
#3489 = ORIENTED_EDGE('',*,*,#3490,.F.);
#3490 = EDGE_CURVE('',#3491,#3483,#3493,.T.);
#3491 = VERTEX_POINT('',#3492);
#3492 = CARTESIAN_POINT('',(80.025,9.025,0.));
#3493 = LINE('',#3494,#3495);
#3494 = CARTESIAN_POINT('',(80.025,2.7375,0.));
#3495 = VECTOR('',#3496,1.);
#3496 = DIRECTION('',(-0.,1.,0.));
#3497 = ORIENTED_EDGE('',*,*,#3498,.F.);
#3498 = EDGE_CURVE('',#3499,#3491,#3501,.T.);
#3499 = VERTEX_POINT('',#3500);
#3500 = CARTESIAN_POINT('',(81.525,9.025,0.));
#3501 = LINE('',#3502,#3503);
#3502 = CARTESIAN_POINT('',(38.2375,9.025,0.));
#3503 = VECTOR('',#3504,1.);
#3504 = DIRECTION('',(-1.,-0.,0.));
#3505 = ORIENTED_EDGE('',*,*,#3506,.F.);
#3506 = EDGE_CURVE('',#3507,#3499,#3509,.T.);
#3507 = VERTEX_POINT('',#3508);
#3508 = CARTESIAN_POINT('',(81.525,6.975,0.));
#3509 = LINE('',#3510,#3511);
#3510 = CARTESIAN_POINT('',(81.525,3.4875,0.));
#3511 = VECTOR('',#3512,1.);
#3512 = DIRECTION('',(-0.,1.,0.));
#3513 = ORIENTED_EDGE('',*,*,#3514,.T.);
#3514 = EDGE_CURVE('',#3507,#3515,#3517,.T.);
#3515 = VERTEX_POINT('',#3516);
#3516 = CARTESIAN_POINT('',(80.025,6.975,0.));
#3517 = LINE('',#3518,#3519);
#3518 = CARTESIAN_POINT('',(38.2375,6.975,0.));
#3519 = VECTOR('',#3520,1.);
#3520 = DIRECTION('',(-1.,-0.,0.));
#3521 = ORIENTED_EDGE('',*,*,#3522,.F.);
#3522 = EDGE_CURVE('',#3523,#3515,#3525,.T.);
#3523 = VERTEX_POINT('',#3524);
#3524 = CARTESIAN_POINT('',(80.025,5.475,0.));
#3525 = LINE('',#3526,#3527);
#3526 = CARTESIAN_POINT('',(80.025,2.7375,0.));
#3527 = VECTOR('',#3528,1.);
#3528 = DIRECTION('',(-0.,1.,0.));
#3529 = ORIENTED_EDGE('',*,*,#3530,.T.);
#3530 = EDGE_CURVE('',#3523,#3531,#3533,.T.);
#3531 = VERTEX_POINT('',#3532);
#3532 = CARTESIAN_POINT('',(77.975,5.475,0.));
#3533 = LINE('',#3534,#3535);
#3534 = CARTESIAN_POINT('',(38.9875,5.475,0.));
#3535 = VECTOR('',#3536,1.);
#3536 = DIRECTION('',(-1.,-0.,0.));
#3537 = ORIENTED_EDGE('',*,*,#3538,.T.);
#3538 = EDGE_CURVE('',#3531,#3449,#3539,.T.);
#3539 = LINE('',#3540,#3541);
#3540 = CARTESIAN_POINT('',(77.975,2.7375,0.));
#3541 = VECTOR('',#3542,1.);
#3542 = DIRECTION('',(-0.,1.,0.));
#3543 = PLANE('',#3544);
#3544 = AXIS2_PLACEMENT_3D('',#3545,#3546,#3547);
#3545 = CARTESIAN_POINT('',(0.,0.,0.));
#3546 = DIRECTION('',(0.,0.,1.));
#3547 = DIRECTION('',(1.,0.,-0.));
#3548 = ADVANCED_FACE('',(#3549),#3555,.T.);
#3549 = FACE_BOUND('',#3550,.T.);
#3550 = EDGE_LOOP('',(#3551,#3552,#3553,#3554));
#3551 = ORIENTED_EDGE('',*,*,#78,.F.);
#3552 = ORIENTED_EDGE('',*,*,#2851,.T.);
#3553 = ORIENTED_EDGE('',*,*,#2835,.T.);
#3554 = ORIENTED_EDGE('',*,*,#94,.F.);
#3555 = PLANE('',#3556);
#3556 = AXIS2_PLACEMENT_3D('',#3557,#3558,#3559);
#3557 = CARTESIAN_POINT('',(86.,0.,0.));
#3558 = DIRECTION('',(1.,0.,-0.));
#3559 = DIRECTION('',(0.,0.,1.));
#3560 = ADVANCED_FACE('',(#3561),#3577,.T.);
#3561 = FACE_BOUND('',#3562,.T.);
#3562 = EDGE_LOOP('',(#3563,#3564,#3570,#3571));
#3563 = ORIENTED_EDGE('',*,*,#2860,.T.);
#3564 = ORIENTED_EDGE('',*,*,#3565,.T.);
#3565 = EDGE_CURVE('',#2863,#113,#3566,.T.);
#3566 = LINE('',#3567,#3568);
#3567 = CARTESIAN_POINT('',(4.625,7.125,-0.6));
#3568 = VECTOR('',#3569,1.);
#3569 = DIRECTION('',(0.,0.,1.));
#3570 = ORIENTED_EDGE('',*,*,#110,.F.);
#3571 = ORIENTED_EDGE('',*,*,#3572,.T.);
#3572 = EDGE_CURVE('',#111,#2861,#3573,.T.);
#3573 = LINE('',#3574,#3575);
#3574 = CARTESIAN_POINT('',(6.125,7.125,-0.6));
#3575 = VECTOR('',#3576,1.);
#3576 = DIRECTION('',(-0.,0.,-1.));
#3577 = PLANE('',#3578);
#3578 = AXIS2_PLACEMENT_3D('',#3579,#3580,#3581);
#3579 = CARTESIAN_POINT('',(4.625,7.125,-0.6));
#3580 = DIRECTION('',(-0.,1.,0.));
#3581 = DIRECTION('',(0.,0.,1.));
#3582 = ADVANCED_FACE('',(#3583),#3594,.T.);
#3583 = FACE_BOUND('',#3584,.T.);
#3584 = EDGE_LOOP('',(#3585,#3586,#3592,#3593));
#3585 = ORIENTED_EDGE('',*,*,#200,.F.);
#3586 = ORIENTED_EDGE('',*,*,#3587,.F.);
#3587 = EDGE_CURVE('',#2943,#193,#3588,.T.);
#3588 = LINE('',#3589,#3590);
#3589 = CARTESIAN_POINT('',(6.125,5.625,-0.6));
#3590 = VECTOR('',#3591,1.);
#3591 = DIRECTION('',(0.,0.,1.));
#3592 = ORIENTED_EDGE('',*,*,#2950,.T.);
#3593 = ORIENTED_EDGE('',*,*,#3572,.F.);
#3594 = PLANE('',#3595);
#3595 = AXIS2_PLACEMENT_3D('',#3596,#3597,#3598);
#3596 = CARTESIAN_POINT('',(6.125,5.625,-0.6));
#3597 = DIRECTION('',(1.,0.,-0.));
#3598 = DIRECTION('',(0.,0.,1.));
#3599 = ADVANCED_FACE('',(#3600),#3611,.T.);
#3600 = FACE_BOUND('',#3601,.T.);
#3601 = EDGE_LOOP('',(#3602,#3603,#3604,#3610));
#3602 = ORIENTED_EDGE('',*,*,#3565,.F.);
#3603 = ORIENTED_EDGE('',*,*,#2870,.T.);
#3604 = ORIENTED_EDGE('',*,*,#3605,.T.);
#3605 = EDGE_CURVE('',#2871,#121,#3606,.T.);
#3606 = LINE('',#3607,#3608);
#3607 = CARTESIAN_POINT('',(4.625,8.875,-0.6));
#3608 = VECTOR('',#3609,1.);
#3609 = DIRECTION('',(0.,0.,1.));
#3610 = ORIENTED_EDGE('',*,*,#120,.F.);
#3611 = PLANE('',#3612);
#3612 = AXIS2_PLACEMENT_3D('',#3613,#3614,#3615);
#3613 = CARTESIAN_POINT('',(4.625,7.125,-0.6));
#3614 = DIRECTION('',(1.,0.,-0.));
#3615 = DIRECTION('',(0.,0.,1.));
#3616 = ADVANCED_FACE('',(#3617),#3628,.T.);
#3617 = FACE_BOUND('',#3618,.T.);
#3618 = EDGE_LOOP('',(#3619,#3625,#3626,#3627));
#3619 = ORIENTED_EDGE('',*,*,#3620,.F.);
#3620 = EDGE_CURVE('',#2935,#185,#3621,.T.);
#3621 = LINE('',#3622,#3623);
#3622 = CARTESIAN_POINT('',(7.875,5.625,-0.6));
#3623 = VECTOR('',#3624,1.);
#3624 = DIRECTION('',(0.,0.,1.));
#3625 = ORIENTED_EDGE('',*,*,#2942,.T.);
#3626 = ORIENTED_EDGE('',*,*,#3587,.T.);
#3627 = ORIENTED_EDGE('',*,*,#192,.F.);
#3628 = PLANE('',#3629);
#3629 = AXIS2_PLACEMENT_3D('',#3630,#3631,#3632);
#3630 = CARTESIAN_POINT('',(6.125,5.625,-0.6));
#3631 = DIRECTION('',(-0.,1.,0.));
#3632 = DIRECTION('',(0.,0.,1.));
#3633 = ADVANCED_FACE('',(#3634),#3645,.F.);
#3634 = FACE_BOUND('',#3635,.F.);
#3635 = EDGE_LOOP('',(#3636,#3637,#3638,#3639));
#3636 = ORIENTED_EDGE('',*,*,#2878,.T.);
#3637 = ORIENTED_EDGE('',*,*,#3605,.T.);
#3638 = ORIENTED_EDGE('',*,*,#128,.F.);
#3639 = ORIENTED_EDGE('',*,*,#3640,.T.);
#3640 = EDGE_CURVE('',#129,#2879,#3641,.T.);
#3641 = LINE('',#3642,#3643);
#3642 = CARTESIAN_POINT('',(6.125,8.875,-0.6));
#3643 = VECTOR('',#3644,1.);
#3644 = DIRECTION('',(-0.,0.,-1.));
#3645 = PLANE('',#3646);
#3646 = AXIS2_PLACEMENT_3D('',#3647,#3648,#3649);
#3647 = CARTESIAN_POINT('',(4.625,8.875,-0.6));
#3648 = DIRECTION('',(-0.,1.,0.));
#3649 = DIRECTION('',(0.,0.,1.));
#3650 = ADVANCED_FACE('',(#3651),#3662,.F.);
#3651 = FACE_BOUND('',#3652,.F.);
#3652 = EDGE_LOOP('',(#3653,#3654,#3655,#3656));
#3653 = ORIENTED_EDGE('',*,*,#184,.F.);
#3654 = ORIENTED_EDGE('',*,*,#3620,.F.);
#3655 = ORIENTED_EDGE('',*,*,#2934,.T.);
#3656 = ORIENTED_EDGE('',*,*,#3657,.F.);
#3657 = EDGE_CURVE('',#177,#2927,#3658,.T.);
#3658 = LINE('',#3659,#3660);
#3659 = CARTESIAN_POINT('',(7.875,7.125,-0.6));
#3660 = VECTOR('',#3661,1.);
#3661 = DIRECTION('',(-0.,0.,-1.));
#3662 = PLANE('',#3663);
#3663 = AXIS2_PLACEMENT_3D('',#3664,#3665,#3666);
#3664 = CARTESIAN_POINT('',(7.875,5.625,-0.6));
#3665 = DIRECTION('',(1.,0.,-0.));
#3666 = DIRECTION('',(0.,0.,1.));
#3667 = ADVANCED_FACE('',(#3668),#3679,.T.);
#3668 = FACE_BOUND('',#3669,.T.);
#3669 = EDGE_LOOP('',(#3670,#3671,#3672,#3673));
#3670 = ORIENTED_EDGE('',*,*,#136,.F.);
#3671 = ORIENTED_EDGE('',*,*,#3640,.T.);
#3672 = ORIENTED_EDGE('',*,*,#2886,.T.);
#3673 = ORIENTED_EDGE('',*,*,#3674,.T.);
#3674 = EDGE_CURVE('',#2887,#137,#3675,.T.);
#3675 = LINE('',#3676,#3677);
#3676 = CARTESIAN_POINT('',(6.125,10.375,-0.6));
#3677 = VECTOR('',#3678,1.);
#3678 = DIRECTION('',(0.,0.,1.));
#3679 = PLANE('',#3680);
#3680 = AXIS2_PLACEMENT_3D('',#3681,#3682,#3683);
#3681 = CARTESIAN_POINT('',(6.125,5.625,-0.6));
#3682 = DIRECTION('',(1.,0.,-0.));
#3683 = DIRECTION('',(0.,0.,1.));
#3684 = ADVANCED_FACE('',(#3685),#3696,.T.);
#3685 = FACE_BOUND('',#3686,.T.);
#3686 = EDGE_LOOP('',(#3687,#3688,#3689,#3690));
#3687 = ORIENTED_EDGE('',*,*,#2926,.T.);
#3688 = ORIENTED_EDGE('',*,*,#3657,.F.);
#3689 = ORIENTED_EDGE('',*,*,#176,.F.);
#3690 = ORIENTED_EDGE('',*,*,#3691,.F.);
#3691 = EDGE_CURVE('',#2919,#169,#3692,.T.);
#3692 = LINE('',#3693,#3694);
#3693 = CARTESIAN_POINT('',(9.375,7.125,-0.6));
#3694 = VECTOR('',#3695,1.);
#3695 = DIRECTION('',(0.,0.,1.));
#3696 = PLANE('',#3697);
#3697 = AXIS2_PLACEMENT_3D('',#3698,#3699,#3700);
#3698 = CARTESIAN_POINT('',(4.625,7.125,-0.6));
#3699 = DIRECTION('',(-0.,1.,0.));
#3700 = DIRECTION('',(0.,0.,1.));
#3701 = ADVANCED_FACE('',(#3702),#3713,.F.);
#3702 = FACE_BOUND('',#3703,.F.);
#3703 = EDGE_LOOP('',(#3704,#3710,#3711,#3712));
#3704 = ORIENTED_EDGE('',*,*,#3705,.F.);
#3705 = EDGE_CURVE('',#2895,#145,#3706,.T.);
#3706 = LINE('',#3707,#3708);
#3707 = CARTESIAN_POINT('',(7.875,10.375,-0.6));
#3708 = VECTOR('',#3709,1.);
#3709 = DIRECTION('',(0.,0.,1.));
#3710 = ORIENTED_EDGE('',*,*,#2894,.T.);
#3711 = ORIENTED_EDGE('',*,*,#3674,.T.);
#3712 = ORIENTED_EDGE('',*,*,#144,.F.);
#3713 = PLANE('',#3714);
#3714 = AXIS2_PLACEMENT_3D('',#3715,#3716,#3717);
#3715 = CARTESIAN_POINT('',(6.125,10.375,-0.6));
#3716 = DIRECTION('',(-0.,1.,0.));
#3717 = DIRECTION('',(0.,0.,1.));
#3718 = ADVANCED_FACE('',(#3719),#3730,.F.);
#3719 = FACE_BOUND('',#3720,.F.);
#3720 = EDGE_LOOP('',(#3721,#3722,#3723,#3729));
#3721 = ORIENTED_EDGE('',*,*,#3691,.F.);
#3722 = ORIENTED_EDGE('',*,*,#2918,.T.);
#3723 = ORIENTED_EDGE('',*,*,#3724,.T.);
#3724 = EDGE_CURVE('',#2911,#161,#3725,.T.);
#3725 = LINE('',#3726,#3727);
#3726 = CARTESIAN_POINT('',(9.375,8.875,-0.6));
#3727 = VECTOR('',#3728,1.);
#3728 = DIRECTION('',(0.,0.,1.));
#3729 = ORIENTED_EDGE('',*,*,#168,.F.);
#3730 = PLANE('',#3731);
#3731 = AXIS2_PLACEMENT_3D('',#3732,#3733,#3734);
#3732 = CARTESIAN_POINT('',(9.375,7.125,-0.6));
#3733 = DIRECTION('',(1.,0.,-0.));
#3734 = DIRECTION('',(0.,0.,1.));
#3735 = ADVANCED_FACE('',(#3736),#3747,.F.);
#3736 = FACE_BOUND('',#3737,.F.);
#3737 = EDGE_LOOP('',(#3738,#3739,#3745,#3746));
#3738 = ORIENTED_EDGE('',*,*,#152,.F.);
#3739 = ORIENTED_EDGE('',*,*,#3740,.T.);
#3740 = EDGE_CURVE('',#153,#2903,#3741,.T.);
#3741 = LINE('',#3742,#3743);
#3742 = CARTESIAN_POINT('',(7.875,8.875,-0.6));
#3743 = VECTOR('',#3744,1.);
#3744 = DIRECTION('',(-0.,0.,-1.));
#3745 = ORIENTED_EDGE('',*,*,#2902,.T.);
#3746 = ORIENTED_EDGE('',*,*,#3705,.T.);
#3747 = PLANE('',#3748);
#3748 = AXIS2_PLACEMENT_3D('',#3749,#3750,#3751);
#3749 = CARTESIAN_POINT('',(7.875,5.625,-0.6));
#3750 = DIRECTION('',(1.,0.,-0.));
#3751 = DIRECTION('',(0.,0.,1.));
#3752 = ADVANCED_FACE('',(#3753),#3759,.F.);
#3753 = FACE_BOUND('',#3754,.F.);
#3754 = EDGE_LOOP('',(#3755,#3756,#3757,#3758));
#3755 = ORIENTED_EDGE('',*,*,#2910,.T.);
#3756 = ORIENTED_EDGE('',*,*,#3740,.F.);
#3757 = ORIENTED_EDGE('',*,*,#160,.F.);
#3758 = ORIENTED_EDGE('',*,*,#3724,.F.);
#3759 = PLANE('',#3760);
#3760 = AXIS2_PLACEMENT_3D('',#3761,#3762,#3763);
#3761 = CARTESIAN_POINT('',(4.625,8.875,-0.6));
#3762 = DIRECTION('',(-0.,1.,0.));
#3763 = DIRECTION('',(0.,0.,1.));
#3764 = ADVANCED_FACE('',(#3765),#3781,.T.);
#3765 = FACE_BOUND('',#3766,.T.);
#3766 = EDGE_LOOP('',(#3767,#3768,#3774,#3775));
#3767 = ORIENTED_EDGE('',*,*,#2958,.T.);
#3768 = ORIENTED_EDGE('',*,*,#3769,.T.);
#3769 = EDGE_CURVE('',#2961,#211,#3770,.T.);
#3770 = LINE('',#3771,#3772);
#3771 = CARTESIAN_POINT('',(16.6,7.1,-0.6));
#3772 = VECTOR('',#3773,1.);
#3773 = DIRECTION('',(0.,0.,1.));
#3774 = ORIENTED_EDGE('',*,*,#208,.F.);
#3775 = ORIENTED_EDGE('',*,*,#3776,.T.);
#3776 = EDGE_CURVE('',#209,#2959,#3777,.T.);
#3777 = LINE('',#3778,#3779);
#3778 = CARTESIAN_POINT('',(18.1,7.1,-0.6));
#3779 = VECTOR('',#3780,1.);
#3780 = DIRECTION('',(-0.,0.,-1.));
#3781 = PLANE('',#3782);
#3782 = AXIS2_PLACEMENT_3D('',#3783,#3784,#3785);
#3783 = CARTESIAN_POINT('',(16.6,7.1,-0.6));
#3784 = DIRECTION('',(-0.,1.,0.));
#3785 = DIRECTION('',(0.,0.,1.));
#3786 = ADVANCED_FACE('',(#3787),#3798,.T.);
#3787 = FACE_BOUND('',#3788,.T.);
#3788 = EDGE_LOOP('',(#3789,#3790,#3796,#3797));
#3789 = ORIENTED_EDGE('',*,*,#298,.F.);
#3790 = ORIENTED_EDGE('',*,*,#3791,.F.);
#3791 = EDGE_CURVE('',#3041,#291,#3792,.T.);
#3792 = LINE('',#3793,#3794);
#3793 = CARTESIAN_POINT('',(18.1,5.6,-0.6));
#3794 = VECTOR('',#3795,1.);
#3795 = DIRECTION('',(0.,0.,1.));
#3796 = ORIENTED_EDGE('',*,*,#3048,.T.);
#3797 = ORIENTED_EDGE('',*,*,#3776,.F.);
#3798 = PLANE('',#3799);
#3799 = AXIS2_PLACEMENT_3D('',#3800,#3801,#3802);
#3800 = CARTESIAN_POINT('',(18.1,5.6,-0.6));
#3801 = DIRECTION('',(1.,0.,-0.));
#3802 = DIRECTION('',(0.,0.,1.));
#3803 = ADVANCED_FACE('',(#3804),#3815,.T.);
#3804 = FACE_BOUND('',#3805,.T.);
#3805 = EDGE_LOOP('',(#3806,#3807,#3808,#3814));
#3806 = ORIENTED_EDGE('',*,*,#3769,.F.);
#3807 = ORIENTED_EDGE('',*,*,#2968,.T.);
#3808 = ORIENTED_EDGE('',*,*,#3809,.T.);
#3809 = EDGE_CURVE('',#2969,#219,#3810,.T.);
#3810 = LINE('',#3811,#3812);
#3811 = CARTESIAN_POINT('',(16.6,8.9,-0.6));
#3812 = VECTOR('',#3813,1.);
#3813 = DIRECTION('',(0.,0.,1.));
#3814 = ORIENTED_EDGE('',*,*,#218,.F.);
#3815 = PLANE('',#3816);
#3816 = AXIS2_PLACEMENT_3D('',#3817,#3818,#3819);
#3817 = CARTESIAN_POINT('',(16.6,7.1,-0.6));
#3818 = DIRECTION('',(1.,0.,-0.));
#3819 = DIRECTION('',(0.,0.,1.));
#3820 = ADVANCED_FACE('',(#3821),#3832,.T.);
#3821 = FACE_BOUND('',#3822,.T.);
#3822 = EDGE_LOOP('',(#3823,#3829,#3830,#3831));
#3823 = ORIENTED_EDGE('',*,*,#3824,.F.);
#3824 = EDGE_CURVE('',#3033,#283,#3825,.T.);
#3825 = LINE('',#3826,#3827);
#3826 = CARTESIAN_POINT('',(19.9,5.6,-0.6));
#3827 = VECTOR('',#3828,1.);
#3828 = DIRECTION('',(0.,0.,1.));
#3829 = ORIENTED_EDGE('',*,*,#3040,.T.);
#3830 = ORIENTED_EDGE('',*,*,#3791,.T.);
#3831 = ORIENTED_EDGE('',*,*,#290,.F.);
#3832 = PLANE('',#3833);
#3833 = AXIS2_PLACEMENT_3D('',#3834,#3835,#3836);
#3834 = CARTESIAN_POINT('',(18.1,5.6,-0.6));
#3835 = DIRECTION('',(-0.,1.,0.));
#3836 = DIRECTION('',(0.,0.,1.));
#3837 = ADVANCED_FACE('',(#3838),#3849,.F.);
#3838 = FACE_BOUND('',#3839,.F.);
#3839 = EDGE_LOOP('',(#3840,#3841,#3842,#3843));
#3840 = ORIENTED_EDGE('',*,*,#2976,.T.);
#3841 = ORIENTED_EDGE('',*,*,#3809,.T.);
#3842 = ORIENTED_EDGE('',*,*,#226,.F.);
#3843 = ORIENTED_EDGE('',*,*,#3844,.T.);
#3844 = EDGE_CURVE('',#227,#2977,#3845,.T.);
#3845 = LINE('',#3846,#3847);
#3846 = CARTESIAN_POINT('',(18.1,8.9,-0.6));
#3847 = VECTOR('',#3848,1.);
#3848 = DIRECTION('',(-0.,0.,-1.));
#3849 = PLANE('',#3850);
#3850 = AXIS2_PLACEMENT_3D('',#3851,#3852,#3853);
#3851 = CARTESIAN_POINT('',(16.6,8.9,-0.6));
#3852 = DIRECTION('',(-0.,1.,0.));
#3853 = DIRECTION('',(0.,0.,1.));
#3854 = ADVANCED_FACE('',(#3855),#3866,.F.);
#3855 = FACE_BOUND('',#3856,.F.);
#3856 = EDGE_LOOP('',(#3857,#3858,#3859,#3860));
#3857 = ORIENTED_EDGE('',*,*,#282,.F.);
#3858 = ORIENTED_EDGE('',*,*,#3824,.F.);
#3859 = ORIENTED_EDGE('',*,*,#3032,.T.);
#3860 = ORIENTED_EDGE('',*,*,#3861,.F.);
#3861 = EDGE_CURVE('',#275,#3025,#3862,.T.);
#3862 = LINE('',#3863,#3864);
#3863 = CARTESIAN_POINT('',(19.9,7.1,-0.6));
#3864 = VECTOR('',#3865,1.);
#3865 = DIRECTION('',(-0.,0.,-1.));
#3866 = PLANE('',#3867);
#3867 = AXIS2_PLACEMENT_3D('',#3868,#3869,#3870);
#3868 = CARTESIAN_POINT('',(19.9,5.6,-0.6));
#3869 = DIRECTION('',(1.,0.,-0.));
#3870 = DIRECTION('',(0.,0.,1.));
#3871 = ADVANCED_FACE('',(#3872),#3883,.T.);
#3872 = FACE_BOUND('',#3873,.T.);
#3873 = EDGE_LOOP('',(#3874,#3875,#3876,#3877));
#3874 = ORIENTED_EDGE('',*,*,#234,.F.);
#3875 = ORIENTED_EDGE('',*,*,#3844,.T.);
#3876 = ORIENTED_EDGE('',*,*,#2984,.T.);
#3877 = ORIENTED_EDGE('',*,*,#3878,.T.);
#3878 = EDGE_CURVE('',#2985,#235,#3879,.T.);
#3879 = LINE('',#3880,#3881);
#3880 = CARTESIAN_POINT('',(18.1,10.4,-0.6));
#3881 = VECTOR('',#3882,1.);
#3882 = DIRECTION('',(0.,0.,1.));
#3883 = PLANE('',#3884);
#3884 = AXIS2_PLACEMENT_3D('',#3885,#3886,#3887);
#3885 = CARTESIAN_POINT('',(18.1,5.6,-0.6));
#3886 = DIRECTION('',(1.,0.,-0.));
#3887 = DIRECTION('',(0.,0.,1.));
#3888 = ADVANCED_FACE('',(#3889),#3900,.T.);
#3889 = FACE_BOUND('',#3890,.T.);
#3890 = EDGE_LOOP('',(#3891,#3892,#3893,#3894));
#3891 = ORIENTED_EDGE('',*,*,#3024,.T.);
#3892 = ORIENTED_EDGE('',*,*,#3861,.F.);
#3893 = ORIENTED_EDGE('',*,*,#274,.F.);
#3894 = ORIENTED_EDGE('',*,*,#3895,.F.);
#3895 = EDGE_CURVE('',#3017,#267,#3896,.T.);
#3896 = LINE('',#3897,#3898);
#3897 = CARTESIAN_POINT('',(21.4,7.1,-0.6));
#3898 = VECTOR('',#3899,1.);
#3899 = DIRECTION('',(0.,0.,1.));
#3900 = PLANE('',#3901);
#3901 = AXIS2_PLACEMENT_3D('',#3902,#3903,#3904);
#3902 = CARTESIAN_POINT('',(16.6,7.1,-0.6));
#3903 = DIRECTION('',(-0.,1.,0.));
#3904 = DIRECTION('',(0.,0.,1.));
#3905 = ADVANCED_FACE('',(#3906),#3917,.F.);
#3906 = FACE_BOUND('',#3907,.F.);
#3907 = EDGE_LOOP('',(#3908,#3914,#3915,#3916));
#3908 = ORIENTED_EDGE('',*,*,#3909,.F.);
#3909 = EDGE_CURVE('',#2993,#243,#3910,.T.);
#3910 = LINE('',#3911,#3912);
#3911 = CARTESIAN_POINT('',(19.9,10.4,-0.6));
#3912 = VECTOR('',#3913,1.);
#3913 = DIRECTION('',(0.,0.,1.));
#3914 = ORIENTED_EDGE('',*,*,#2992,.T.);
#3915 = ORIENTED_EDGE('',*,*,#3878,.T.);
#3916 = ORIENTED_EDGE('',*,*,#242,.F.);
#3917 = PLANE('',#3918);
#3918 = AXIS2_PLACEMENT_3D('',#3919,#3920,#3921);
#3919 = CARTESIAN_POINT('',(18.1,10.4,-0.6));
#3920 = DIRECTION('',(-0.,1.,0.));
#3921 = DIRECTION('',(0.,0.,1.));
#3922 = ADVANCED_FACE('',(#3923),#3934,.F.);
#3923 = FACE_BOUND('',#3924,.F.);
#3924 = EDGE_LOOP('',(#3925,#3926,#3927,#3933));
#3925 = ORIENTED_EDGE('',*,*,#3895,.F.);
#3926 = ORIENTED_EDGE('',*,*,#3016,.T.);
#3927 = ORIENTED_EDGE('',*,*,#3928,.T.);
#3928 = EDGE_CURVE('',#3009,#259,#3929,.T.);
#3929 = LINE('',#3930,#3931);
#3930 = CARTESIAN_POINT('',(21.4,8.9,-0.6));
#3931 = VECTOR('',#3932,1.);
#3932 = DIRECTION('',(0.,0.,1.));
#3933 = ORIENTED_EDGE('',*,*,#266,.F.);
#3934 = PLANE('',#3935);
#3935 = AXIS2_PLACEMENT_3D('',#3936,#3937,#3938);
#3936 = CARTESIAN_POINT('',(21.4,7.1,-0.6));
#3937 = DIRECTION('',(1.,0.,-0.));
#3938 = DIRECTION('',(0.,0.,1.));
#3939 = ADVANCED_FACE('',(#3940),#3951,.F.);
#3940 = FACE_BOUND('',#3941,.F.);
#3941 = EDGE_LOOP('',(#3942,#3943,#3949,#3950));
#3942 = ORIENTED_EDGE('',*,*,#250,.F.);
#3943 = ORIENTED_EDGE('',*,*,#3944,.T.);
#3944 = EDGE_CURVE('',#251,#3001,#3945,.T.);
#3945 = LINE('',#3946,#3947);
#3946 = CARTESIAN_POINT('',(19.9,8.9,-0.6));
#3947 = VECTOR('',#3948,1.);
#3948 = DIRECTION('',(-0.,0.,-1.));
#3949 = ORIENTED_EDGE('',*,*,#3000,.T.);
#3950 = ORIENTED_EDGE('',*,*,#3909,.T.);
#3951 = PLANE('',#3952);
#3952 = AXIS2_PLACEMENT_3D('',#3953,#3954,#3955);
#3953 = CARTESIAN_POINT('',(19.9,5.6,-0.6));
#3954 = DIRECTION('',(1.,0.,-0.));
#3955 = DIRECTION('',(0.,0.,1.));
#3956 = ADVANCED_FACE('',(#3957),#3963,.F.);
#3957 = FACE_BOUND('',#3958,.F.);
#3958 = EDGE_LOOP('',(#3959,#3960,#3961,#3962));
#3959 = ORIENTED_EDGE('',*,*,#3008,.T.);
#3960 = ORIENTED_EDGE('',*,*,#3944,.F.);
#3961 = ORIENTED_EDGE('',*,*,#258,.F.);
#3962 = ORIENTED_EDGE('',*,*,#3928,.F.);
#3963 = PLANE('',#3964);
#3964 = AXIS2_PLACEMENT_3D('',#3965,#3966,#3967);
#3965 = CARTESIAN_POINT('',(16.6,8.9,-0.6));
#3966 = DIRECTION('',(-0.,1.,0.));
#3967 = DIRECTION('',(0.,0.,1.));
#3968 = ADVANCED_FACE('',(#3969),#3985,.T.);
#3969 = FACE_BOUND('',#3970,.T.);
#3970 = EDGE_LOOP('',(#3971,#3972,#3978,#3979));
#3971 = ORIENTED_EDGE('',*,*,#3056,.T.);
#3972 = ORIENTED_EDGE('',*,*,#3973,.T.);
#3973 = EDGE_CURVE('',#3059,#309,#3974,.T.);
#3974 = LINE('',#3975,#3976);
#3975 = CARTESIAN_POINT('',(28.575,7.075,-0.6));
#3976 = VECTOR('',#3977,1.);
#3977 = DIRECTION('',(0.,0.,1.));
#3978 = ORIENTED_EDGE('',*,*,#306,.F.);
#3979 = ORIENTED_EDGE('',*,*,#3980,.T.);
#3980 = EDGE_CURVE('',#307,#3057,#3981,.T.);
#3981 = LINE('',#3982,#3983);
#3982 = CARTESIAN_POINT('',(30.075,7.075,-0.6));
#3983 = VECTOR('',#3984,1.);
#3984 = DIRECTION('',(-0.,0.,-1.));
#3985 = PLANE('',#3986);
#3986 = AXIS2_PLACEMENT_3D('',#3987,#3988,#3989);
#3987 = CARTESIAN_POINT('',(28.575,7.075,-0.6));
#3988 = DIRECTION('',(-0.,1.,0.));
#3989 = DIRECTION('',(0.,0.,1.));
#3990 = ADVANCED_FACE('',(#3991),#4002,.T.);
#3991 = FACE_BOUND('',#3992,.T.);
#3992 = EDGE_LOOP('',(#3993,#3994,#4000,#4001));
#3993 = ORIENTED_EDGE('',*,*,#396,.F.);
#3994 = ORIENTED_EDGE('',*,*,#3995,.F.);
#3995 = EDGE_CURVE('',#3139,#389,#3996,.T.);
#3996 = LINE('',#3997,#3998);
#3997 = CARTESIAN_POINT('',(30.075,5.575,-0.6));
#3998 = VECTOR('',#3999,1.);
#3999 = DIRECTION('',(0.,0.,1.));
#4000 = ORIENTED_EDGE('',*,*,#3146,.T.);
#4001 = ORIENTED_EDGE('',*,*,#3980,.F.);
#4002 = PLANE('',#4003);
#4003 = AXIS2_PLACEMENT_3D('',#4004,#4005,#4006);
#4004 = CARTESIAN_POINT('',(30.075,5.575,-0.6));
#4005 = DIRECTION('',(1.,0.,-0.));
#4006 = DIRECTION('',(0.,0.,1.));
#4007 = ADVANCED_FACE('',(#4008),#4019,.T.);
#4008 = FACE_BOUND('',#4009,.T.);
#4009 = EDGE_LOOP('',(#4010,#4011,#4012,#4018));
#4010 = ORIENTED_EDGE('',*,*,#3973,.F.);
#4011 = ORIENTED_EDGE('',*,*,#3066,.T.);
#4012 = ORIENTED_EDGE('',*,*,#4013,.T.);
#4013 = EDGE_CURVE('',#3067,#317,#4014,.T.);
#4014 = LINE('',#4015,#4016);
#4015 = CARTESIAN_POINT('',(28.575,8.925,-0.6));
#4016 = VECTOR('',#4017,1.);
#4017 = DIRECTION('',(0.,0.,1.));
#4018 = ORIENTED_EDGE('',*,*,#316,.F.);
#4019 = PLANE('',#4020);
#4020 = AXIS2_PLACEMENT_3D('',#4021,#4022,#4023);
#4021 = CARTESIAN_POINT('',(28.575,7.075,-0.6));
#4022 = DIRECTION('',(1.,0.,-0.));
#4023 = DIRECTION('',(0.,0.,1.));
#4024 = ADVANCED_FACE('',(#4025),#4036,.T.);
#4025 = FACE_BOUND('',#4026,.T.);
#4026 = EDGE_LOOP('',(#4027,#4033,#4034,#4035));
#4027 = ORIENTED_EDGE('',*,*,#4028,.F.);
#4028 = EDGE_CURVE('',#3131,#381,#4029,.T.);
#4029 = LINE('',#4030,#4031);
#4030 = CARTESIAN_POINT('',(31.925,5.575,-0.6));
#4031 = VECTOR('',#4032,1.);
#4032 = DIRECTION('',(0.,0.,1.));
#4033 = ORIENTED_EDGE('',*,*,#3138,.T.);
#4034 = ORIENTED_EDGE('',*,*,#3995,.T.);
#4035 = ORIENTED_EDGE('',*,*,#388,.F.);
#4036 = PLANE('',#4037);
#4037 = AXIS2_PLACEMENT_3D('',#4038,#4039,#4040);
#4038 = CARTESIAN_POINT('',(30.075,5.575,-0.6));
#4039 = DIRECTION('',(-0.,1.,0.));
#4040 = DIRECTION('',(0.,0.,1.));
#4041 = ADVANCED_FACE('',(#4042),#4053,.F.);
#4042 = FACE_BOUND('',#4043,.F.);
#4043 = EDGE_LOOP('',(#4044,#4045,#4046,#4047));
#4044 = ORIENTED_EDGE('',*,*,#3074,.T.);
#4045 = ORIENTED_EDGE('',*,*,#4013,.T.);
#4046 = ORIENTED_EDGE('',*,*,#324,.F.);
#4047 = ORIENTED_EDGE('',*,*,#4048,.T.);
#4048 = EDGE_CURVE('',#325,#3075,#4049,.T.);
#4049 = LINE('',#4050,#4051);
#4050 = CARTESIAN_POINT('',(30.075,8.925,-0.6));
#4051 = VECTOR('',#4052,1.);
#4052 = DIRECTION('',(-0.,0.,-1.));
#4053 = PLANE('',#4054);
#4054 = AXIS2_PLACEMENT_3D('',#4055,#4056,#4057);
#4055 = CARTESIAN_POINT('',(28.575,8.925,-0.6));
#4056 = DIRECTION('',(-0.,1.,0.));
#4057 = DIRECTION('',(0.,0.,1.));
#4058 = ADVANCED_FACE('',(#4059),#4070,.F.);
#4059 = FACE_BOUND('',#4060,.F.);
#4060 = EDGE_LOOP('',(#4061,#4062,#4063,#4064));
#4061 = ORIENTED_EDGE('',*,*,#380,.F.);
#4062 = ORIENTED_EDGE('',*,*,#4028,.F.);
#4063 = ORIENTED_EDGE('',*,*,#3130,.T.);
#4064 = ORIENTED_EDGE('',*,*,#4065,.F.);
#4065 = EDGE_CURVE('',#373,#3123,#4066,.T.);
#4066 = LINE('',#4067,#4068);
#4067 = CARTESIAN_POINT('',(31.925,7.075,-0.6));
#4068 = VECTOR('',#4069,1.);
#4069 = DIRECTION('',(-0.,0.,-1.));
#4070 = PLANE('',#4071);
#4071 = AXIS2_PLACEMENT_3D('',#4072,#4073,#4074);
#4072 = CARTESIAN_POINT('',(31.925,5.575,-0.6));
#4073 = DIRECTION('',(1.,0.,-0.));
#4074 = DIRECTION('',(0.,0.,1.));
#4075 = ADVANCED_FACE('',(#4076),#4087,.T.);
#4076 = FACE_BOUND('',#4077,.T.);
#4077 = EDGE_LOOP('',(#4078,#4079,#4080,#4081));
#4078 = ORIENTED_EDGE('',*,*,#332,.F.);
#4079 = ORIENTED_EDGE('',*,*,#4048,.T.);
#4080 = ORIENTED_EDGE('',*,*,#3082,.T.);
#4081 = ORIENTED_EDGE('',*,*,#4082,.T.);
#4082 = EDGE_CURVE('',#3083,#333,#4083,.T.);
#4083 = LINE('',#4084,#4085);
#4084 = CARTESIAN_POINT('',(30.075,10.425,-0.6));
#4085 = VECTOR('',#4086,1.);
#4086 = DIRECTION('',(0.,0.,1.));
#4087 = PLANE('',#4088);
#4088 = AXIS2_PLACEMENT_3D('',#4089,#4090,#4091);
#4089 = CARTESIAN_POINT('',(30.075,5.575,-0.6));
#4090 = DIRECTION('',(1.,0.,-0.));
#4091 = DIRECTION('',(0.,0.,1.));
#4092 = ADVANCED_FACE('',(#4093),#4104,.T.);
#4093 = FACE_BOUND('',#4094,.T.);
#4094 = EDGE_LOOP('',(#4095,#4096,#4097,#4098));
#4095 = ORIENTED_EDGE('',*,*,#3122,.T.);
#4096 = ORIENTED_EDGE('',*,*,#4065,.F.);
#4097 = ORIENTED_EDGE('',*,*,#372,.F.);
#4098 = ORIENTED_EDGE('',*,*,#4099,.F.);
#4099 = EDGE_CURVE('',#3115,#365,#4100,.T.);
#4100 = LINE('',#4101,#4102);
#4101 = CARTESIAN_POINT('',(33.425,7.075,-0.6));
#4102 = VECTOR('',#4103,1.);
#4103 = DIRECTION('',(0.,0.,1.));
#4104 = PLANE('',#4105);
#4105 = AXIS2_PLACEMENT_3D('',#4106,#4107,#4108);
#4106 = CARTESIAN_POINT('',(28.575,7.075,-0.6));
#4107 = DIRECTION('',(-0.,1.,0.));
#4108 = DIRECTION('',(0.,0.,1.));
#4109 = ADVANCED_FACE('',(#4110),#4121,.F.);
#4110 = FACE_BOUND('',#4111,.F.);
#4111 = EDGE_LOOP('',(#4112,#4118,#4119,#4120));
#4112 = ORIENTED_EDGE('',*,*,#4113,.F.);
#4113 = EDGE_CURVE('',#3091,#341,#4114,.T.);
#4114 = LINE('',#4115,#4116);
#4115 = CARTESIAN_POINT('',(31.925,10.425,-0.6));
#4116 = VECTOR('',#4117,1.);
#4117 = DIRECTION('',(0.,0.,1.));
#4118 = ORIENTED_EDGE('',*,*,#3090,.T.);
#4119 = ORIENTED_EDGE('',*,*,#4082,.T.);
#4120 = ORIENTED_EDGE('',*,*,#340,.F.);
#4121 = PLANE('',#4122);
#4122 = AXIS2_PLACEMENT_3D('',#4123,#4124,#4125);
#4123 = CARTESIAN_POINT('',(30.075,10.425,-0.6));
#4124 = DIRECTION('',(-0.,1.,0.));
#4125 = DIRECTION('',(0.,0.,1.));
#4126 = ADVANCED_FACE('',(#4127),#4138,.F.);
#4127 = FACE_BOUND('',#4128,.F.);
#4128 = EDGE_LOOP('',(#4129,#4130,#4131,#4137));
#4129 = ORIENTED_EDGE('',*,*,#4099,.F.);
#4130 = ORIENTED_EDGE('',*,*,#3114,.T.);
#4131 = ORIENTED_EDGE('',*,*,#4132,.T.);
#4132 = EDGE_CURVE('',#3107,#357,#4133,.T.);
#4133 = LINE('',#4134,#4135);
#4134 = CARTESIAN_POINT('',(33.425,8.925,-0.6));
#4135 = VECTOR('',#4136,1.);
#4136 = DIRECTION('',(0.,0.,1.));
#4137 = ORIENTED_EDGE('',*,*,#364,.F.);
#4138 = PLANE('',#4139);
#4139 = AXIS2_PLACEMENT_3D('',#4140,#4141,#4142);
#4140 = CARTESIAN_POINT('',(33.425,7.075,-0.6));
#4141 = DIRECTION('',(1.,0.,-0.));
#4142 = DIRECTION('',(0.,0.,1.));
#4143 = ADVANCED_FACE('',(#4144),#4155,.F.);
#4144 = FACE_BOUND('',#4145,.F.);
#4145 = EDGE_LOOP('',(#4146,#4147,#4153,#4154));
#4146 = ORIENTED_EDGE('',*,*,#348,.F.);
#4147 = ORIENTED_EDGE('',*,*,#4148,.T.);
#4148 = EDGE_CURVE('',#349,#3099,#4149,.T.);
#4149 = LINE('',#4150,#4151);
#4150 = CARTESIAN_POINT('',(31.925,8.925,-0.6));
#4151 = VECTOR('',#4152,1.);
#4152 = DIRECTION('',(-0.,0.,-1.));
#4153 = ORIENTED_EDGE('',*,*,#3098,.T.);
#4154 = ORIENTED_EDGE('',*,*,#4113,.T.);
#4155 = PLANE('',#4156);
#4156 = AXIS2_PLACEMENT_3D('',#4157,#4158,#4159);
#4157 = CARTESIAN_POINT('',(31.925,5.575,-0.6));
#4158 = DIRECTION('',(1.,0.,-0.));
#4159 = DIRECTION('',(0.,0.,1.));
#4160 = ADVANCED_FACE('',(#4161),#4167,.F.);
#4161 = FACE_BOUND('',#4162,.F.);
#4162 = EDGE_LOOP('',(#4163,#4164,#4165,#4166));
#4163 = ORIENTED_EDGE('',*,*,#3106,.T.);
#4164 = ORIENTED_EDGE('',*,*,#4148,.F.);
#4165 = ORIENTED_EDGE('',*,*,#356,.F.);
#4166 = ORIENTED_EDGE('',*,*,#4132,.F.);
#4167 = PLANE('',#4168);
#4168 = AXIS2_PLACEMENT_3D('',#4169,#4170,#4171);
#4169 = CARTESIAN_POINT('',(28.575,8.925,-0.6));
#4170 = DIRECTION('',(-0.,1.,0.));
#4171 = DIRECTION('',(0.,0.,1.));
#4172 = ADVANCED_FACE('',(#4173),#4189,.T.);
#4173 = FACE_BOUND('',#4174,.T.);
#4174 = EDGE_LOOP('',(#4175,#4176,#4182,#4183));
#4175 = ORIENTED_EDGE('',*,*,#3154,.T.);
#4176 = ORIENTED_EDGE('',*,*,#4177,.T.);
#4177 = EDGE_CURVE('',#3157,#407,#4178,.T.);
#4178 = LINE('',#4179,#4180);
#4179 = CARTESIAN_POINT('',(40.55,7.05,-0.6));
#4180 = VECTOR('',#4181,1.);
#4181 = DIRECTION('',(0.,0.,1.));
#4182 = ORIENTED_EDGE('',*,*,#404,.F.);
#4183 = ORIENTED_EDGE('',*,*,#4184,.T.);
#4184 = EDGE_CURVE('',#405,#3155,#4185,.T.);
#4185 = LINE('',#4186,#4187);
#4186 = CARTESIAN_POINT('',(42.05,7.05,-0.6));
#4187 = VECTOR('',#4188,1.);
#4188 = DIRECTION('',(-0.,0.,-1.));
#4189 = PLANE('',#4190);
#4190 = AXIS2_PLACEMENT_3D('',#4191,#4192,#4193);
#4191 = CARTESIAN_POINT('',(40.55,7.05,-0.6));
#4192 = DIRECTION('',(-0.,1.,0.));
#4193 = DIRECTION('',(0.,0.,1.));
#4194 = ADVANCED_FACE('',(#4195),#4206,.T.);
#4195 = FACE_BOUND('',#4196,.T.);
#4196 = EDGE_LOOP('',(#4197,#4198,#4204,#4205));
#4197 = ORIENTED_EDGE('',*,*,#494,.F.);
#4198 = ORIENTED_EDGE('',*,*,#4199,.F.);
#4199 = EDGE_CURVE('',#3237,#487,#4200,.T.);
#4200 = LINE('',#4201,#4202);
#4201 = CARTESIAN_POINT('',(42.05,5.55,-0.6));
#4202 = VECTOR('',#4203,1.);
#4203 = DIRECTION('',(0.,0.,1.));
#4204 = ORIENTED_EDGE('',*,*,#3244,.T.);
#4205 = ORIENTED_EDGE('',*,*,#4184,.F.);
#4206 = PLANE('',#4207);
#4207 = AXIS2_PLACEMENT_3D('',#4208,#4209,#4210);
#4208 = CARTESIAN_POINT('',(42.05,5.55,-0.6));
#4209 = DIRECTION('',(1.,0.,-0.));
#4210 = DIRECTION('',(0.,0.,1.));
#4211 = ADVANCED_FACE('',(#4212),#4223,.T.);
#4212 = FACE_BOUND('',#4213,.T.);
#4213 = EDGE_LOOP('',(#4214,#4215,#4216,#4222));
#4214 = ORIENTED_EDGE('',*,*,#4177,.F.);
#4215 = ORIENTED_EDGE('',*,*,#3164,.T.);
#4216 = ORIENTED_EDGE('',*,*,#4217,.T.);
#4217 = EDGE_CURVE('',#3165,#415,#4218,.T.);
#4218 = LINE('',#4219,#4220);
#4219 = CARTESIAN_POINT('',(40.55,8.95,-0.6));
#4220 = VECTOR('',#4221,1.);
#4221 = DIRECTION('',(0.,0.,1.));
#4222 = ORIENTED_EDGE('',*,*,#414,.F.);
#4223 = PLANE('',#4224);
#4224 = AXIS2_PLACEMENT_3D('',#4225,#4226,#4227);
#4225 = CARTESIAN_POINT('',(40.55,7.05,-0.6));
#4226 = DIRECTION('',(1.,0.,-0.));
#4227 = DIRECTION('',(0.,0.,1.));
#4228 = ADVANCED_FACE('',(#4229),#4240,.T.);
#4229 = FACE_BOUND('',#4230,.T.);
#4230 = EDGE_LOOP('',(#4231,#4237,#4238,#4239));
#4231 = ORIENTED_EDGE('',*,*,#4232,.F.);
#4232 = EDGE_CURVE('',#3229,#479,#4233,.T.);
#4233 = LINE('',#4234,#4235);
#4234 = CARTESIAN_POINT('',(43.95,5.55,-0.6));
#4235 = VECTOR('',#4236,1.);
#4236 = DIRECTION('',(0.,0.,1.));
#4237 = ORIENTED_EDGE('',*,*,#3236,.T.);
#4238 = ORIENTED_EDGE('',*,*,#4199,.T.);
#4239 = ORIENTED_EDGE('',*,*,#486,.F.);
#4240 = PLANE('',#4241);
#4241 = AXIS2_PLACEMENT_3D('',#4242,#4243,#4244);
#4242 = CARTESIAN_POINT('',(42.05,5.55,-0.6));
#4243 = DIRECTION('',(-0.,1.,0.));
#4244 = DIRECTION('',(0.,0.,1.));
#4245 = ADVANCED_FACE('',(#4246),#4257,.F.);
#4246 = FACE_BOUND('',#4247,.F.);
#4247 = EDGE_LOOP('',(#4248,#4249,#4250,#4251));
#4248 = ORIENTED_EDGE('',*,*,#3172,.T.);
#4249 = ORIENTED_EDGE('',*,*,#4217,.T.);
#4250 = ORIENTED_EDGE('',*,*,#422,.F.);
#4251 = ORIENTED_EDGE('',*,*,#4252,.T.);
#4252 = EDGE_CURVE('',#423,#3173,#4253,.T.);
#4253 = LINE('',#4254,#4255);
#4254 = CARTESIAN_POINT('',(42.05,8.95,-0.6));
#4255 = VECTOR('',#4256,1.);
#4256 = DIRECTION('',(-0.,0.,-1.));
#4257 = PLANE('',#4258);
#4258 = AXIS2_PLACEMENT_3D('',#4259,#4260,#4261);
#4259 = CARTESIAN_POINT('',(40.55,8.95,-0.6));
#4260 = DIRECTION('',(-0.,1.,0.));
#4261 = DIRECTION('',(0.,0.,1.));
#4262 = ADVANCED_FACE('',(#4263),#4274,.F.);
#4263 = FACE_BOUND('',#4264,.F.);
#4264 = EDGE_LOOP('',(#4265,#4266,#4267,#4268));
#4265 = ORIENTED_EDGE('',*,*,#478,.F.);
#4266 = ORIENTED_EDGE('',*,*,#4232,.F.);
#4267 = ORIENTED_EDGE('',*,*,#3228,.T.);
#4268 = ORIENTED_EDGE('',*,*,#4269,.F.);
#4269 = EDGE_CURVE('',#471,#3221,#4270,.T.);
#4270 = LINE('',#4271,#4272);
#4271 = CARTESIAN_POINT('',(43.95,7.05,-0.6));
#4272 = VECTOR('',#4273,1.);
#4273 = DIRECTION('',(-0.,0.,-1.));
#4274 = PLANE('',#4275);
#4275 = AXIS2_PLACEMENT_3D('',#4276,#4277,#4278);
#4276 = CARTESIAN_POINT('',(43.95,5.55,-0.6));
#4277 = DIRECTION('',(1.,0.,-0.));
#4278 = DIRECTION('',(0.,0.,1.));
#4279 = ADVANCED_FACE('',(#4280),#4291,.T.);
#4280 = FACE_BOUND('',#4281,.T.);
#4281 = EDGE_LOOP('',(#4282,#4283,#4284,#4285));
#4282 = ORIENTED_EDGE('',*,*,#430,.F.);
#4283 = ORIENTED_EDGE('',*,*,#4252,.T.);
#4284 = ORIENTED_EDGE('',*,*,#3180,.T.);
#4285 = ORIENTED_EDGE('',*,*,#4286,.T.);
#4286 = EDGE_CURVE('',#3181,#431,#4287,.T.);
#4287 = LINE('',#4288,#4289);
#4288 = CARTESIAN_POINT('',(42.05,10.45,-0.6));
#4289 = VECTOR('',#4290,1.);
#4290 = DIRECTION('',(0.,0.,1.));
#4291 = PLANE('',#4292);
#4292 = AXIS2_PLACEMENT_3D('',#4293,#4294,#4295);
#4293 = CARTESIAN_POINT('',(42.05,5.55,-0.6));
#4294 = DIRECTION('',(1.,0.,-0.));
#4295 = DIRECTION('',(0.,0.,1.));
#4296 = ADVANCED_FACE('',(#4297),#4308,.T.);
#4297 = FACE_BOUND('',#4298,.T.);
#4298 = EDGE_LOOP('',(#4299,#4300,#4301,#4302));
#4299 = ORIENTED_EDGE('',*,*,#3220,.T.);
#4300 = ORIENTED_EDGE('',*,*,#4269,.F.);
#4301 = ORIENTED_EDGE('',*,*,#470,.F.);
#4302 = ORIENTED_EDGE('',*,*,#4303,.F.);
#4303 = EDGE_CURVE('',#3213,#463,#4304,.T.);
#4304 = LINE('',#4305,#4306);
#4305 = CARTESIAN_POINT('',(45.45,7.05,-0.6));
#4306 = VECTOR('',#4307,1.);
#4307 = DIRECTION('',(0.,0.,1.));
#4308 = PLANE('',#4309);
#4309 = AXIS2_PLACEMENT_3D('',#4310,#4311,#4312);
#4310 = CARTESIAN_POINT('',(40.55,7.05,-0.6));
#4311 = DIRECTION('',(-0.,1.,0.));
#4312 = DIRECTION('',(0.,0.,1.));
#4313 = ADVANCED_FACE('',(#4314),#4325,.F.);
#4314 = FACE_BOUND('',#4315,.F.);
#4315 = EDGE_LOOP('',(#4316,#4322,#4323,#4324));
#4316 = ORIENTED_EDGE('',*,*,#4317,.F.);
#4317 = EDGE_CURVE('',#3189,#439,#4318,.T.);
#4318 = LINE('',#4319,#4320);
#4319 = CARTESIAN_POINT('',(43.95,10.45,-0.6));
#4320 = VECTOR('',#4321,1.);
#4321 = DIRECTION('',(0.,0.,1.));
#4322 = ORIENTED_EDGE('',*,*,#3188,.T.);
#4323 = ORIENTED_EDGE('',*,*,#4286,.T.);
#4324 = ORIENTED_EDGE('',*,*,#438,.F.);
#4325 = PLANE('',#4326);
#4326 = AXIS2_PLACEMENT_3D('',#4327,#4328,#4329);
#4327 = CARTESIAN_POINT('',(42.05,10.45,-0.6));
#4328 = DIRECTION('',(-0.,1.,0.));
#4329 = DIRECTION('',(0.,0.,1.));
#4330 = ADVANCED_FACE('',(#4331),#4342,.F.);
#4331 = FACE_BOUND('',#4332,.F.);
#4332 = EDGE_LOOP('',(#4333,#4334,#4335,#4341));
#4333 = ORIENTED_EDGE('',*,*,#4303,.F.);
#4334 = ORIENTED_EDGE('',*,*,#3212,.T.);
#4335 = ORIENTED_EDGE('',*,*,#4336,.T.);
#4336 = EDGE_CURVE('',#3205,#455,#4337,.T.);
#4337 = LINE('',#4338,#4339);
#4338 = CARTESIAN_POINT('',(45.45,8.95,-0.6));
#4339 = VECTOR('',#4340,1.);
#4340 = DIRECTION('',(0.,0.,1.));
#4341 = ORIENTED_EDGE('',*,*,#462,.F.);
#4342 = PLANE('',#4343);
#4343 = AXIS2_PLACEMENT_3D('',#4344,#4345,#4346);
#4344 = CARTESIAN_POINT('',(45.45,7.05,-0.6));
#4345 = DIRECTION('',(1.,0.,-0.));
#4346 = DIRECTION('',(0.,0.,1.));
#4347 = ADVANCED_FACE('',(#4348),#4359,.F.);
#4348 = FACE_BOUND('',#4349,.F.);
#4349 = EDGE_LOOP('',(#4350,#4351,#4357,#4358));
#4350 = ORIENTED_EDGE('',*,*,#446,.F.);
#4351 = ORIENTED_EDGE('',*,*,#4352,.T.);
#4352 = EDGE_CURVE('',#447,#3197,#4353,.T.);
#4353 = LINE('',#4354,#4355);
#4354 = CARTESIAN_POINT('',(43.95,8.95,-0.6));
#4355 = VECTOR('',#4356,1.);
#4356 = DIRECTION('',(-0.,0.,-1.));
#4357 = ORIENTED_EDGE('',*,*,#3196,.T.);
#4358 = ORIENTED_EDGE('',*,*,#4317,.T.);
#4359 = PLANE('',#4360);
#4360 = AXIS2_PLACEMENT_3D('',#4361,#4362,#4363);
#4361 = CARTESIAN_POINT('',(43.95,5.55,-0.6));
#4362 = DIRECTION('',(1.,0.,-0.));
#4363 = DIRECTION('',(0.,0.,1.));
#4364 = ADVANCED_FACE('',(#4365),#4371,.F.);
#4365 = FACE_BOUND('',#4366,.F.);
#4366 = EDGE_LOOP('',(#4367,#4368,#4369,#4370));
#4367 = ORIENTED_EDGE('',*,*,#3204,.T.);
#4368 = ORIENTED_EDGE('',*,*,#4352,.F.);
#4369 = ORIENTED_EDGE('',*,*,#454,.F.);
#4370 = ORIENTED_EDGE('',*,*,#4336,.F.);
#4371 = PLANE('',#4372);
#4372 = AXIS2_PLACEMENT_3D('',#4373,#4374,#4375);
#4373 = CARTESIAN_POINT('',(40.55,8.95,-0.6));
#4374 = DIRECTION('',(-0.,1.,0.));
#4375 = DIRECTION('',(0.,0.,1.));
#4376 = ADVANCED_FACE('',(#4377),#4402,.F.);
#4377 = FACE_BOUND('',#4378,.F.);
#4378 = EDGE_LOOP('',(#4379,#4389,#4395,#4396));
#4379 = ORIENTED_EDGE('',*,*,#4380,.F.);
#4380 = EDGE_CURVE('',#4381,#4383,#4385,.T.);
#4381 = VERTEX_POINT('',#4382);
#4382 = CARTESIAN_POINT('',(10.460371224832,12.938255033557,1.1));
#4383 = VERTEX_POINT('',#4384);
#4384 = CARTESIAN_POINT('',(11.20911283557,12.938255033557,1.1));
#4385 = LINE('',#4386,#4387);
#4386 = CARTESIAN_POINT('',(10.460371224832,12.938255033557,1.1));
#4387 = VECTOR('',#4388,1.);
#4388 = DIRECTION('',(1.,0.,0.));
#4389 = ORIENTED_EDGE('',*,*,#4390,.T.);
#4390 = EDGE_CURVE('',#4381,#505,#4391,.T.);
#4391 = LINE('',#4392,#4393);
#4392 = CARTESIAN_POINT('',(10.460371224832,12.938255033557,1.1));
#4393 = VECTOR('',#4394,1.);
#4394 = DIRECTION('',(0.,0.,1.));
#4395 = ORIENTED_EDGE('',*,*,#502,.F.);
#4396 = ORIENTED_EDGE('',*,*,#4397,.F.);
#4397 = EDGE_CURVE('',#4383,#503,#4398,.T.);
#4398 = LINE('',#4399,#4400);
#4399 = CARTESIAN_POINT('',(11.20911283557,12.938255033557,1.1));
#4400 = VECTOR('',#4401,1.);
#4401 = DIRECTION('',(0.,0.,1.));
#4402 = PLANE('',#4403);
#4403 = AXIS2_PLACEMENT_3D('',#4404,#4405,#4406);
#4404 = CARTESIAN_POINT('',(10.460371224832,12.938255033557,1.1));
#4405 = DIRECTION('',(0.,1.,0.));
#4406 = DIRECTION('',(1.,0.,0.));
#4407 = ADVANCED_FACE('',(#4408),#4426,.F.);
#4408 = FACE_BOUND('',#4409,.F.);
#4409 = EDGE_LOOP('',(#4410,#4418,#4419,#4420));
#4410 = ORIENTED_EDGE('',*,*,#4411,.F.);
#4411 = EDGE_CURVE('',#4383,#4412,#4414,.T.);
#4412 = VERTEX_POINT('',#4413);
#4413 = CARTESIAN_POINT('',(11.20911283557,15.071140939597,1.1));
#4414 = LINE('',#4415,#4416);
#4415 = CARTESIAN_POINT('',(11.20911283557,12.938255033557,1.1));
#4416 = VECTOR('',#4417,1.);
#4417 = DIRECTION('',(0.,1.,0.));
#4418 = ORIENTED_EDGE('',*,*,#4397,.T.);
#4419 = ORIENTED_EDGE('',*,*,#512,.F.);
#4420 = ORIENTED_EDGE('',*,*,#4421,.F.);
#4421 = EDGE_CURVE('',#4412,#513,#4422,.T.);
#4422 = LINE('',#4423,#4424);
#4423 = CARTESIAN_POINT('',(11.20911283557,15.071140939597,1.1));
#4424 = VECTOR('',#4425,1.);
#4425 = DIRECTION('',(0.,0.,1.));
#4426 = PLANE('',#4427);
#4427 = AXIS2_PLACEMENT_3D('',#4428,#4429,#4430);
#4428 = CARTESIAN_POINT('',(11.20911283557,12.938255033557,1.1));
#4429 = DIRECTION('',(-1.,0.,0.));
#4430 = DIRECTION('',(0.,1.,0.));
#4431 = ADVANCED_FACE('',(#4432),#4450,.F.);
#4432 = FACE_BOUND('',#4433,.F.);
#4433 = EDGE_LOOP('',(#4434,#4442,#4448,#4449));
#4434 = ORIENTED_EDGE('',*,*,#4435,.F.);
#4435 = EDGE_CURVE('',#4436,#4381,#4438,.T.);
#4436 = VERTEX_POINT('',#4437);
#4437 = CARTESIAN_POINT('',(10.460371224832,12.355704697987,1.1));
#4438 = LINE('',#4439,#4440);
#4439 = CARTESIAN_POINT('',(10.460371224832,12.355704697987,1.1));
#4440 = VECTOR('',#4441,1.);
#4441 = DIRECTION('',(0.,1.,0.));
#4442 = ORIENTED_EDGE('',*,*,#4443,.T.);
#4443 = EDGE_CURVE('',#4436,#577,#4444,.T.);
#4444 = LINE('',#4445,#4446);
#4445 = CARTESIAN_POINT('',(10.460371224832,12.355704697987,1.1));
#4446 = VECTOR('',#4447,1.);
#4447 = DIRECTION('',(0.,0.,1.));
#4448 = ORIENTED_EDGE('',*,*,#584,.F.);
#4449 = ORIENTED_EDGE('',*,*,#4390,.F.);
#4450 = PLANE('',#4451);
#4451 = AXIS2_PLACEMENT_3D('',#4452,#4453,#4454);
#4452 = CARTESIAN_POINT('',(10.460371224832,12.355704697987,1.1));
#4453 = DIRECTION('',(-1.,0.,0.));
#4454 = DIRECTION('',(0.,1.,0.));
#4455 = ADVANCED_FACE('',(#4456),#4474,.F.);
#4456 = FACE_BOUND('',#4457,.F.);
#4457 = EDGE_LOOP('',(#4458,#4466,#4467,#4468));
#4458 = ORIENTED_EDGE('',*,*,#4459,.F.);
#4459 = EDGE_CURVE('',#4412,#4460,#4462,.T.);
#4460 = VERTEX_POINT('',#4461);
#4461 = CARTESIAN_POINT('',(10.44055159396,14.911409395973,1.1));
#4462 = LINE('',#4463,#4464);
#4463 = CARTESIAN_POINT('',(11.20911283557,15.071140939597,1.1));
#4464 = VECTOR('',#4465,1.);
#4465 = DIRECTION('',(-0.979078331663,-0.203483710573,0.));
#4466 = ORIENTED_EDGE('',*,*,#4421,.T.);
#4467 = ORIENTED_EDGE('',*,*,#520,.F.);
#4468 = ORIENTED_EDGE('',*,*,#4469,.F.);
#4469 = EDGE_CURVE('',#4460,#521,#4470,.T.);
#4470 = LINE('',#4471,#4472);
#4471 = CARTESIAN_POINT('',(10.44055159396,14.911409395973,1.1));
#4472 = VECTOR('',#4473,1.);
#4473 = DIRECTION('',(0.,0.,1.));
#4474 = PLANE('',#4475);
#4475 = AXIS2_PLACEMENT_3D('',#4476,#4477,#4478);
#4476 = CARTESIAN_POINT('',(11.20911283557,15.071140939597,1.1));
#4477 = DIRECTION('',(0.203483710573,-0.979078331663,0.));
#4478 = DIRECTION('',(-0.979078331663,-0.203483710573,0.));
#4479 = ADVANCED_FACE('',(#4480),#4498,.F.);
#4480 = FACE_BOUND('',#4481,.F.);
#4481 = EDGE_LOOP('',(#4482,#4490,#4496,#4497));
#4482 = ORIENTED_EDGE('',*,*,#4483,.F.);
#4483 = EDGE_CURVE('',#4484,#4436,#4486,.T.);
#4484 = VERTEX_POINT('',#4485);
#4485 = CARTESIAN_POINT('',(12.75944840604,12.355704697987,1.1));
#4486 = LINE('',#4487,#4488);
#4487 = CARTESIAN_POINT('',(12.75944840604,12.355704697987,1.1));
#4488 = VECTOR('',#4489,1.);
#4489 = DIRECTION('',(-1.,0.,0.));
#4490 = ORIENTED_EDGE('',*,*,#4491,.T.);
#4491 = EDGE_CURVE('',#4484,#569,#4492,.T.);
#4492 = LINE('',#4493,#4494);
#4493 = CARTESIAN_POINT('',(12.75944840604,12.355704697987,1.1));
#4494 = VECTOR('',#4495,1.);
#4495 = DIRECTION('',(0.,0.,1.));
#4496 = ORIENTED_EDGE('',*,*,#576,.F.);
#4497 = ORIENTED_EDGE('',*,*,#4443,.F.);
#4498 = PLANE('',#4499);
#4499 = AXIS2_PLACEMENT_3D('',#4500,#4501,#4502);
#4500 = CARTESIAN_POINT('',(12.75944840604,12.355704697987,1.1));
#4501 = DIRECTION('',(0.,-1.,0.));
#4502 = DIRECTION('',(-1.,0.,0.));
#4503 = ADVANCED_FACE('',(#4504),#4522,.F.);
#4504 = FACE_BOUND('',#4505,.F.);
#4505 = EDGE_LOOP('',(#4506,#4514,#4515,#4516));
#4506 = ORIENTED_EDGE('',*,*,#4507,.F.);
#4507 = EDGE_CURVE('',#4460,#4508,#4510,.T.);
#4508 = VERTEX_POINT('',#4509);
#4509 = CARTESIAN_POINT('',(10.44055159396,15.484563758389,1.1));
#4510 = LINE('',#4511,#4512);
#4511 = CARTESIAN_POINT('',(10.44055159396,14.911409395973,1.1));
#4512 = VECTOR('',#4513,1.);
#4513 = DIRECTION('',(0.,1.,0.));
#4514 = ORIENTED_EDGE('',*,*,#4469,.T.);
#4515 = ORIENTED_EDGE('',*,*,#528,.F.);
#4516 = ORIENTED_EDGE('',*,*,#4517,.F.);
#4517 = EDGE_CURVE('',#4508,#529,#4518,.T.);
#4518 = LINE('',#4519,#4520);
#4519 = CARTESIAN_POINT('',(10.44055159396,15.484563758389,1.1));
#4520 = VECTOR('',#4521,1.);
#4521 = DIRECTION('',(0.,0.,1.));
#4522 = PLANE('',#4523);
#4523 = AXIS2_PLACEMENT_3D('',#4524,#4525,#4526);
#4524 = CARTESIAN_POINT('',(10.44055159396,14.911409395973,1.1));
#4525 = DIRECTION('',(-1.,0.,0.));
#4526 = DIRECTION('',(0.,1.,0.));
#4527 = ADVANCED_FACE('',(#4528),#4546,.F.);
#4528 = FACE_BOUND('',#4529,.F.);
#4529 = EDGE_LOOP('',(#4530,#4538,#4544,#4545));
#4530 = ORIENTED_EDGE('',*,*,#4531,.F.);
#4531 = EDGE_CURVE('',#4532,#4484,#4534,.T.);
#4532 = VERTEX_POINT('',#4533);
#4533 = CARTESIAN_POINT('',(12.75944840604,12.938255033557,1.1));
#4534 = LINE('',#4535,#4536);
#4535 = CARTESIAN_POINT('',(12.75944840604,12.938255033557,1.1));
#4536 = VECTOR('',#4537,1.);
#4537 = DIRECTION('',(0.,-1.,0.));
#4538 = ORIENTED_EDGE('',*,*,#4539,.T.);
#4539 = EDGE_CURVE('',#4532,#561,#4540,.T.);
#4540 = LINE('',#4541,#4542);
#4541 = CARTESIAN_POINT('',(12.75944840604,12.938255033557,1.1));
#4542 = VECTOR('',#4543,1.);
#4543 = DIRECTION('',(0.,0.,1.));
#4544 = ORIENTED_EDGE('',*,*,#568,.F.);
#4545 = ORIENTED_EDGE('',*,*,#4491,.F.);
#4546 = PLANE('',#4547);
#4547 = AXIS2_PLACEMENT_3D('',#4548,#4549,#4550);
#4548 = CARTESIAN_POINT('',(12.75944840604,12.938255033557,1.1));
#4549 = DIRECTION('',(1.,0.,0.));
#4550 = DIRECTION('',(0.,-1.,0.));
#4551 = ADVANCED_FACE('',(#4552),#4570,.F.);
#4552 = FACE_BOUND('',#4553,.F.);
#4553 = EDGE_LOOP('',(#4554,#4562,#4563,#4564));
#4554 = ORIENTED_EDGE('',*,*,#4555,.F.);
#4555 = EDGE_CURVE('',#4508,#4556,#4558,.T.);
#4556 = VERTEX_POINT('',#4557);
#4557 = CARTESIAN_POINT('',(11.204708473154,15.644295302013,1.1));
#4558 = LINE('',#4559,#4560);
#4559 = CARTESIAN_POINT('',(10.44055159396,15.484563758389,1.1));
#4560 = VECTOR('',#4561,1.);
#4561 = DIRECTION('',(0.978844086222,0.204607563076,0.));
#4562 = ORIENTED_EDGE('',*,*,#4517,.T.);
#4563 = ORIENTED_EDGE('',*,*,#536,.F.);
#4564 = ORIENTED_EDGE('',*,*,#4565,.F.);
#4565 = EDGE_CURVE('',#4556,#537,#4566,.T.);
#4566 = LINE('',#4567,#4568);
#4567 = CARTESIAN_POINT('',(11.204708473154,15.644295302013,1.1));
#4568 = VECTOR('',#4569,1.);
#4569 = DIRECTION('',(0.,0.,1.));
#4570 = PLANE('',#4571);
#4571 = AXIS2_PLACEMENT_3D('',#4572,#4573,#4574);
#4572 = CARTESIAN_POINT('',(10.44055159396,15.484563758389,1.1));
#4573 = DIRECTION('',(-0.204607563076,0.978844086222,0.));
#4574 = DIRECTION('',(0.978844086222,0.204607563076,0.));
#4575 = ADVANCED_FACE('',(#4576),#4594,.F.);
#4576 = FACE_BOUND('',#4577,.F.);
#4577 = EDGE_LOOP('',(#4578,#4586,#4592,#4593));
#4578 = ORIENTED_EDGE('',*,*,#4579,.F.);
#4579 = EDGE_CURVE('',#4580,#4532,#4582,.T.);
#4580 = VERTEX_POINT('',#4581);
#4581 = CARTESIAN_POINT('',(12.010706795302,12.938255033557,1.1));
#4582 = LINE('',#4583,#4584);
#4583 = CARTESIAN_POINT('',(12.010706795302,12.938255033557,1.1));
#4584 = VECTOR('',#4585,1.);
#4585 = DIRECTION('',(1.,0.,0.));
#4586 = ORIENTED_EDGE('',*,*,#4587,.T.);
#4587 = EDGE_CURVE('',#4580,#553,#4588,.T.);
#4588 = LINE('',#4589,#4590);
#4589 = CARTESIAN_POINT('',(12.010706795302,12.938255033557,1.1));
#4590 = VECTOR('',#4591,1.);
#4591 = DIRECTION('',(0.,0.,1.));
#4592 = ORIENTED_EDGE('',*,*,#560,.F.);
#4593 = ORIENTED_EDGE('',*,*,#4539,.F.);
#4594 = PLANE('',#4595);
#4595 = AXIS2_PLACEMENT_3D('',#4596,#4597,#4598);
#4596 = CARTESIAN_POINT('',(12.010706795302,12.938255033557,1.1));
#4597 = DIRECTION('',(0.,1.,0.));
#4598 = DIRECTION('',(1.,0.,0.));
#4599 = ADVANCED_FACE('',(#4600),#4618,.F.);
#4600 = FACE_BOUND('',#4601,.F.);
#4601 = EDGE_LOOP('',(#4602,#4610,#4611,#4612));
#4602 = ORIENTED_EDGE('',*,*,#4603,.F.);
#4603 = EDGE_CURVE('',#4556,#4604,#4606,.T.);
#4604 = VERTEX_POINT('',#4605);
#4605 = CARTESIAN_POINT('',(12.010706795302,15.644295302013,1.1));
#4606 = LINE('',#4607,#4608);
#4607 = CARTESIAN_POINT('',(11.204708473154,15.644295302013,1.1));
#4608 = VECTOR('',#4609,1.);
#4609 = DIRECTION('',(1.,0.,0.));
#4610 = ORIENTED_EDGE('',*,*,#4565,.T.);
#4611 = ORIENTED_EDGE('',*,*,#544,.F.);
#4612 = ORIENTED_EDGE('',*,*,#4613,.F.);
#4613 = EDGE_CURVE('',#4604,#545,#4614,.T.);
#4614 = LINE('',#4615,#4616);
#4615 = CARTESIAN_POINT('',(12.010706795302,15.644295302013,1.1));
#4616 = VECTOR('',#4617,1.);
#4617 = DIRECTION('',(0.,0.,1.));
#4618 = PLANE('',#4619);
#4619 = AXIS2_PLACEMENT_3D('',#4620,#4621,#4622);
#4620 = CARTESIAN_POINT('',(11.204708473154,15.644295302013,1.1));
#4621 = DIRECTION('',(0.,1.,0.));
#4622 = DIRECTION('',(1.,0.,0.));
#4623 = ADVANCED_FACE('',(#4624),#4635,.F.);
#4624 = FACE_BOUND('',#4625,.F.);
#4625 = EDGE_LOOP('',(#4626,#4632,#4633,#4634));
#4626 = ORIENTED_EDGE('',*,*,#4627,.F.);
#4627 = EDGE_CURVE('',#4604,#4580,#4628,.T.);
#4628 = LINE('',#4629,#4630);
#4629 = CARTESIAN_POINT('',(12.010706795302,15.644295302013,1.1));
#4630 = VECTOR('',#4631,1.);
#4631 = DIRECTION('',(0.,-1.,0.));
#4632 = ORIENTED_EDGE('',*,*,#4613,.T.);
#4633 = ORIENTED_EDGE('',*,*,#552,.F.);
#4634 = ORIENTED_EDGE('',*,*,#4587,.F.);
#4635 = PLANE('',#4636);
#4636 = AXIS2_PLACEMENT_3D('',#4637,#4638,#4639);
#4637 = CARTESIAN_POINT('',(12.010706795302,15.644295302013,1.1));
#4638 = DIRECTION('',(1.,0.,0.));
#4639 = DIRECTION('',(0.,-1.,0.));
#4640 = ADVANCED_FACE('',(#4641),#4666,.F.);
#4641 = FACE_BOUND('',#4642,.F.);
#4642 = EDGE_LOOP('',(#4643,#4653,#4659,#4660));
#4643 = ORIENTED_EDGE('',*,*,#4644,.F.);
#4644 = EDGE_CURVE('',#4645,#4647,#4649,.T.);
#4645 = VERTEX_POINT('',#4646);
#4646 = CARTESIAN_POINT('',(23.347850251678,12.947651006711,1.1));
#4647 = VERTEX_POINT('',#4648);
#4648 = CARTESIAN_POINT('',(24.794683305369,12.947651006711,1.1));
#4649 = LINE('',#4650,#4651);
#4650 = CARTESIAN_POINT('',(23.347850251678,12.947651006711,1.1));
#4651 = VECTOR('',#4652,1.);
#4652 = DIRECTION('',(1.,0.,0.));
#4653 = ORIENTED_EDGE('',*,*,#4654,.T.);
#4654 = EDGE_CURVE('',#4645,#595,#4655,.T.);
#4655 = LINE('',#4656,#4657);
#4656 = CARTESIAN_POINT('',(23.347850251678,12.947651006711,1.1));
#4657 = VECTOR('',#4658,1.);
#4658 = DIRECTION('',(0.,0.,1.));
#4659 = ORIENTED_EDGE('',*,*,#592,.F.);
#4660 = ORIENTED_EDGE('',*,*,#4661,.F.);
#4661 = EDGE_CURVE('',#4647,#593,#4662,.T.);
#4662 = LINE('',#4663,#4664);
#4663 = CARTESIAN_POINT('',(24.794683305369,12.947651006711,1.1));
#4664 = VECTOR('',#4665,1.);
#4665 = DIRECTION('',(0.,0.,1.));
#4666 = PLANE('',#4667);
#4667 = AXIS2_PLACEMENT_3D('',#4668,#4669,#4670);
#4668 = CARTESIAN_POINT('',(23.347850251678,12.947651006711,1.1));
#4669 = DIRECTION('',(0.,1.,0.));
#4670 = DIRECTION('',(1.,0.,0.));
#4671 = ADVANCED_FACE('',(#4672),#4690,.F.);
#4672 = FACE_BOUND('',#4673,.F.);
#4673 = EDGE_LOOP('',(#4674,#4682,#4683,#4684));
#4674 = ORIENTED_EDGE('',*,*,#4675,.F.);
#4675 = EDGE_CURVE('',#4647,#4676,#4678,.T.);
#4676 = VERTEX_POINT('',#4677);
#4677 = CARTESIAN_POINT('',(24.794683305369,12.327516778523,1.1));
#4678 = LINE('',#4679,#4680);
#4679 = CARTESIAN_POINT('',(24.794683305369,12.947651006711,1.1));
#4680 = VECTOR('',#4681,1.);
#4681 = DIRECTION('',(0.,-1.,0.));
#4682 = ORIENTED_EDGE('',*,*,#4661,.T.);
#4683 = ORIENTED_EDGE('',*,*,#602,.F.);
#4684 = ORIENTED_EDGE('',*,*,#4685,.F.);
#4685 = EDGE_CURVE('',#4676,#603,#4686,.T.);
#4686 = LINE('',#4687,#4688);
#4687 = CARTESIAN_POINT('',(24.794683305369,12.327516778523,1.1));
#4688 = VECTOR('',#4689,1.);
#4689 = DIRECTION('',(0.,0.,1.));
#4690 = PLANE('',#4691);
#4691 = AXIS2_PLACEMENT_3D('',#4692,#4693,#4694);
#4692 = CARTESIAN_POINT('',(24.794683305369,12.947651006711,1.1));
#4693 = DIRECTION('',(1.,0.,0.));
#4694 = DIRECTION('',(0.,-1.,0.));
#4695 = ADVANCED_FACE('',(#4696),#4714,.F.);
#4696 = FACE_BOUND('',#4697,.F.);
#4697 = EDGE_LOOP('',(#4698,#4706,#4712,#4713));
#4698 = ORIENTED_EDGE('',*,*,#4699,.F.);
#4699 = EDGE_CURVE('',#4700,#4645,#4702,.T.);
#4700 = VERTEX_POINT('',#4701);
#4701 = CARTESIAN_POINT('',(24.050346057047,13.562940436242,1.1));
#4702 = LINE('',#4703,#4704);
#4703 = CARTESIAN_POINT('',(24.050346057047,13.562940436242,1.1));
#4704 = VECTOR('',#4705,1.);
#4705 = DIRECTION('',(-0.752255226589,-0.65887181915,0.));
#4706 = ORIENTED_EDGE('',*,*,#4707,.T.);
#4707 = EDGE_CURVE('',#4700,#788,#4708,.T.);
#4708 = LINE('',#4709,#4710);
#4709 = CARTESIAN_POINT('',(24.050346057047,13.562940436242,1.1));
#4710 = VECTOR('',#4711,1.);
#4711 = DIRECTION('',(0.,0.,1.));
#4712 = ORIENTED_EDGE('',*,*,#800,.F.);
#4713 = ORIENTED_EDGE('',*,*,#4654,.F.);
#4714 = PLANE('',#4715);
#4715 = AXIS2_PLACEMENT_3D('',#4716,#4717,#4718);
#4716 = CARTESIAN_POINT('',(24.050346057047,13.562940436242,1.1));
#4717 = DIRECTION('',(0.65887181915,-0.752255226589,0.));
#4718 = DIRECTION('',(-0.752255226589,-0.65887181915,0.));
#4719 = ADVANCED_FACE('',(#4720),#4738,.F.);
#4720 = FACE_BOUND('',#4721,.F.);
#4721 = EDGE_LOOP('',(#4722,#4730,#4731,#4732));
#4722 = ORIENTED_EDGE('',*,*,#4723,.F.);
#4723 = EDGE_CURVE('',#4676,#4724,#4726,.T.);
#4724 = VERTEX_POINT('',#4725);
#4725 = CARTESIAN_POINT('',(22.405316694631,12.327516778523,1.1));
#4726 = LINE('',#4727,#4728);
#4727 = CARTESIAN_POINT('',(24.794683305369,12.327516778523,1.1));
#4728 = VECTOR('',#4729,1.);
#4729 = DIRECTION('',(-1.,0.,0.));
#4730 = ORIENTED_EDGE('',*,*,#4685,.T.);
#4731 = ORIENTED_EDGE('',*,*,#610,.F.);
#4732 = ORIENTED_EDGE('',*,*,#4733,.F.);
#4733 = EDGE_CURVE('',#4724,#611,#4734,.T.);
#4734 = LINE('',#4735,#4736);
#4735 = CARTESIAN_POINT('',(22.405316694631,12.327516778523,1.1));
#4736 = VECTOR('',#4737,1.);
#4737 = DIRECTION('',(0.,0.,1.));
#4738 = PLANE('',#4739);
#4739 = AXIS2_PLACEMENT_3D('',#4740,#4741,#4742);
#4740 = CARTESIAN_POINT('',(24.794683305369,12.327516778523,1.1));
#4741 = DIRECTION('',(0.,-1.,0.));
#4742 = DIRECTION('',(-1.,0.,0.));
#4743 = ADVANCED_FACE('',(#4744),#4762,.F.);
#4744 = FACE_BOUND('',#4745,.F.);
#4745 = EDGE_LOOP('',(#4746,#4754,#4760,#4761));
#4746 = ORIENTED_EDGE('',*,*,#4747,.F.);
#4747 = EDGE_CURVE('',#4748,#4700,#4750,.T.);
#4748 = VERTEX_POINT('',#4749);
#4749 = CARTESIAN_POINT('',(24.633924077181,14.185717281879,1.1));
#4750 = B_SPLINE_CURVE_WITH_KNOTS('',2,(#4751,#4752,#4753),
  .UNSPECIFIED.,.F.,.F.,(3,3),(0.,1.),.PIECEWISE_BEZIER_KNOTS.);
#4751 = CARTESIAN_POINT('',(24.633924077181,14.185717281879,1.1));
#4752 = CARTESIAN_POINT('',(24.495186661074,13.953166946309,1.1));
#4753 = CARTESIAN_POINT('',(24.050346057047,13.562940436242,1.1));
#4754 = ORIENTED_EDGE('',*,*,#4755,.T.);
#4755 = EDGE_CURVE('',#4748,#773,#4756,.T.);
#4756 = LINE('',#4757,#4758);
#4757 = CARTESIAN_POINT('',(24.633924077181,14.185717281879,1.1));
#4758 = VECTOR('',#4759,1.);
#4759 = DIRECTION('',(0.,0.,1.));
#4760 = ORIENTED_EDGE('',*,*,#787,.F.);
#4761 = ORIENTED_EDGE('',*,*,#4707,.F.);
#4762 = SURFACE_OF_LINEAR_EXTRUSION('',#4763,#4767);
#4763 = B_SPLINE_CURVE_WITH_KNOTS('',2,(#4764,#4765,#4766),
  .UNSPECIFIED.,.F.,.F.,(3,3),(0.,1.),.PIECEWISE_BEZIER_KNOTS.);
#4764 = CARTESIAN_POINT('',(24.633924077181,14.185717281879,1.1));
#4765 = CARTESIAN_POINT('',(24.495186661074,13.953166946309,1.1));
#4766 = CARTESIAN_POINT('',(24.050346057047,13.562940436242,1.1));
#4767 = VECTOR('',#4768,1.);
#4768 = DIRECTION('',(-0.,-0.,-1.));
#4769 = ADVANCED_FACE('',(#4770),#4788,.F.);
#4770 = FACE_BOUND('',#4771,.F.);
#4771 = EDGE_LOOP('',(#4772,#4780,#4781,#4782));
#4772 = ORIENTED_EDGE('',*,*,#4773,.F.);
#4773 = EDGE_CURVE('',#4724,#4774,#4776,.T.);
#4774 = VERTEX_POINT('',#4775);
#4775 = CARTESIAN_POINT('',(22.405316694631,12.947651006711,1.1));
#4776 = LINE('',#4777,#4778);
#4777 = CARTESIAN_POINT('',(22.405316694631,12.327516778523,1.1));
#4778 = VECTOR('',#4779,1.);
#4779 = DIRECTION('',(0.,1.,0.));
#4780 = ORIENTED_EDGE('',*,*,#4733,.T.);
#4781 = ORIENTED_EDGE('',*,*,#618,.F.);
#4782 = ORIENTED_EDGE('',*,*,#4783,.F.);
#4783 = EDGE_CURVE('',#4774,#619,#4784,.T.);
#4784 = LINE('',#4785,#4786);
#4785 = CARTESIAN_POINT('',(22.405316694631,12.947651006711,1.1));
#4786 = VECTOR('',#4787,1.);
#4787 = DIRECTION('',(0.,0.,1.));
#4788 = PLANE('',#4789);
#4789 = AXIS2_PLACEMENT_3D('',#4790,#4791,#4792);
#4790 = CARTESIAN_POINT('',(22.405316694631,12.327516778523,1.1));
#4791 = DIRECTION('',(-1.,0.,0.));
#4792 = DIRECTION('',(0.,1.,0.));
#4793 = ADVANCED_FACE('',(#4794),#4812,.F.);
#4794 = FACE_BOUND('',#4795,.F.);
#4795 = EDGE_LOOP('',(#4796,#4804,#4810,#4811));
#4796 = ORIENTED_EDGE('',*,*,#4797,.F.);
#4797 = EDGE_CURVE('',#4798,#4748,#4800,.T.);
#4798 = VERTEX_POINT('',#4799);
#4799 = CARTESIAN_POINT('',(24.772661493289,14.687080536913,1.1));
#4800 = B_SPLINE_CURVE_WITH_KNOTS('',2,(#4801,#4802,#4803),
  .UNSPECIFIED.,.F.,.F.,(3,3),(0.,1.),.PIECEWISE_BEZIER_KNOTS.);
#4801 = CARTESIAN_POINT('',(24.772661493289,14.687080536913,1.1));
#4802 = CARTESIAN_POINT('',(24.772661493289,14.41826761745,1.1));
#4803 = CARTESIAN_POINT('',(24.633924077181,14.185717281879,1.1));
#4804 = ORIENTED_EDGE('',*,*,#4805,.T.);
#4805 = EDGE_CURVE('',#4798,#756,#4806,.T.);
#4806 = LINE('',#4807,#4808);
#4807 = CARTESIAN_POINT('',(24.772661493289,14.687080536913,1.1));
#4808 = VECTOR('',#4809,1.);
#4809 = DIRECTION('',(0.,0.,1.));
#4810 = ORIENTED_EDGE('',*,*,#772,.F.);
#4811 = ORIENTED_EDGE('',*,*,#4755,.F.);
#4812 = SURFACE_OF_LINEAR_EXTRUSION('',#4813,#4817);
#4813 = B_SPLINE_CURVE_WITH_KNOTS('',2,(#4814,#4815,#4816),
  .UNSPECIFIED.,.F.,.F.,(3,3),(0.,1.),.PIECEWISE_BEZIER_KNOTS.);
#4814 = CARTESIAN_POINT('',(24.772661493289,14.687080536913,1.1));
#4815 = CARTESIAN_POINT('',(24.772661493289,14.41826761745,1.1));
#4816 = CARTESIAN_POINT('',(24.633924077181,14.185717281879,1.1));
#4817 = VECTOR('',#4818,1.);
#4818 = DIRECTION('',(-0.,-0.,-1.));
#4819 = ADVANCED_FACE('',(#4820),#4838,.F.);
#4820 = FACE_BOUND('',#4821,.F.);
#4821 = EDGE_LOOP('',(#4822,#4830,#4831,#4832));
#4822 = ORIENTED_EDGE('',*,*,#4823,.F.);
#4823 = EDGE_CURVE('',#4774,#4824,#4826,.T.);
#4824 = VERTEX_POINT('',#4825);
#4825 = CARTESIAN_POINT('',(23.60550545302,14.004551174497,1.1));
#4826 = LINE('',#4827,#4828);
#4827 = CARTESIAN_POINT('',(22.405316694631,12.947651006711,1.1));
#4828 = VECTOR('',#4829,1.);
#4829 = DIRECTION('',(0.750485828524,0.66088654184,0.));
#4830 = ORIENTED_EDGE('',*,*,#4783,.T.);
#4831 = ORIENTED_EDGE('',*,*,#626,.F.);
#4832 = ORIENTED_EDGE('',*,*,#4833,.F.);
#4833 = EDGE_CURVE('',#4824,#627,#4834,.T.);
#4834 = LINE('',#4835,#4836);
#4835 = CARTESIAN_POINT('',(23.60550545302,14.004551174497,1.1));
#4836 = VECTOR('',#4837,1.);
#4837 = DIRECTION('',(0.,0.,1.));
#4838 = PLANE('',#4839);
#4839 = AXIS2_PLACEMENT_3D('',#4840,#4841,#4842);
#4840 = CARTESIAN_POINT('',(22.405316694631,12.947651006711,1.1));
#4841 = DIRECTION('',(-0.66088654184,0.750485828524,0.));
#4842 = DIRECTION('',(0.750485828524,0.66088654184,0.));
#4843 = ADVANCED_FACE('',(#4844),#4862,.F.);
#4844 = FACE_BOUND('',#4845,.F.);
#4845 = EDGE_LOOP('',(#4846,#4854,#4860,#4861));
#4846 = ORIENTED_EDGE('',*,*,#4847,.F.);
#4847 = EDGE_CURVE('',#4848,#4798,#4850,.T.);
#4848 = VERTEX_POINT('',#4849);
#4849 = CARTESIAN_POINT('',(24.445564177852,15.412332214765,1.1));
#4850 = B_SPLINE_CURVE_WITH_KNOTS('',2,(#4851,#4852,#4853),
  .UNSPECIFIED.,.F.,.F.,(3,3),(0.,1.),.PIECEWISE_BEZIER_KNOTS.);
#4851 = CARTESIAN_POINT('',(24.445564177852,15.412332214765,1.1));
#4852 = CARTESIAN_POINT('',(24.772661493289,15.152328020134,1.1));
#4853 = CARTESIAN_POINT('',(24.772661493289,14.687080536913,1.1));
#4854 = ORIENTED_EDGE('',*,*,#4855,.T.);
#4855 = EDGE_CURVE('',#4848,#739,#4856,.T.);
#4856 = LINE('',#4857,#4858);
#4857 = CARTESIAN_POINT('',(24.445564177852,15.412332214765,1.1));
#4858 = VECTOR('',#4859,1.);
#4859 = DIRECTION('',(0.,0.,1.));
#4860 = ORIENTED_EDGE('',*,*,#755,.F.);
#4861 = ORIENTED_EDGE('',*,*,#4805,.F.);
#4862 = SURFACE_OF_LINEAR_EXTRUSION('',#4863,#4867);
#4863 = B_SPLINE_CURVE_WITH_KNOTS('',2,(#4864,#4865,#4866),
  .UNSPECIFIED.,.F.,.F.,(3,3),(0.,1.),.PIECEWISE_BEZIER_KNOTS.);
#4864 = CARTESIAN_POINT('',(24.445564177852,15.412332214765,1.1));
#4865 = CARTESIAN_POINT('',(24.772661493289,15.152328020134,1.1));
#4866 = CARTESIAN_POINT('',(24.772661493289,14.687080536913,1.1));
#4867 = VECTOR('',#4868,1.);
#4868 = DIRECTION('',(-0.,-0.,-1.));
#4869 = ADVANCED_FACE('',(#4870),#4888,.F.);
#4870 = FACE_BOUND('',#4871,.F.);
#4871 = EDGE_LOOP('',(#4872,#4880,#4881,#4882));
#4872 = ORIENTED_EDGE('',*,*,#4873,.F.);
#4873 = EDGE_CURVE('',#4824,#4874,#4876,.T.);
#4874 = VERTEX_POINT('',#4875);
#4875 = CARTESIAN_POINT('',(23.84334102349,14.288485738255,1.1));
#4876 = B_SPLINE_CURVE_WITH_KNOTS('',2,(#4877,#4878,#4879),
  .UNSPECIFIED.,.F.,.F.,(3,3),(0.,1.),.PIECEWISE_BEZIER_KNOTS.);
#4877 = CARTESIAN_POINT('',(23.60550545302,14.004551174497,1.1));
#4878 = CARTESIAN_POINT('',(23.766264681208,14.149895134228,1.1));
#4879 = CARTESIAN_POINT('',(23.84334102349,14.288485738255,1.1));
#4880 = ORIENTED_EDGE('',*,*,#4833,.T.);
#4881 = ORIENTED_EDGE('',*,*,#634,.F.);
#4882 = ORIENTED_EDGE('',*,*,#4883,.F.);
#4883 = EDGE_CURVE('',#4874,#635,#4884,.T.);
#4884 = LINE('',#4885,#4886);
#4885 = CARTESIAN_POINT('',(23.84334102349,14.288485738255,1.1));
#4886 = VECTOR('',#4887,1.);
#4887 = DIRECTION('',(0.,0.,1.));
#4888 = SURFACE_OF_LINEAR_EXTRUSION('',#4889,#4893);
#4889 = B_SPLINE_CURVE_WITH_KNOTS('',2,(#4890,#4891,#4892),
  .UNSPECIFIED.,.F.,.F.,(3,3),(0.,1.),.PIECEWISE_BEZIER_KNOTS.);
#4890 = CARTESIAN_POINT('',(23.60550545302,14.004551174497,1.1));
#4891 = CARTESIAN_POINT('',(23.766264681208,14.149895134228,1.1));
#4892 = CARTESIAN_POINT('',(23.84334102349,14.288485738255,1.1));
#4893 = VECTOR('',#4894,1.);
#4894 = DIRECTION('',(-0.,-0.,-1.));
#4895 = ADVANCED_FACE('',(#4896),#4914,.F.);
#4896 = FACE_BOUND('',#4897,.F.);
#4897 = EDGE_LOOP('',(#4898,#4906,#4912,#4913));
#4898 = ORIENTED_EDGE('',*,*,#4899,.F.);
#4899 = EDGE_CURVE('',#4900,#4848,#4902,.T.);
#4900 = VERTEX_POINT('',#4901);
#4901 = CARTESIAN_POINT('',(23.528429110738,15.672483221477,1.1));
#4902 = B_SPLINE_CURVE_WITH_KNOTS('',2,(#4903,#4904,#4905),
  .UNSPECIFIED.,.F.,.F.,(3,3),(0.,1.),.PIECEWISE_BEZIER_KNOTS.);
#4903 = CARTESIAN_POINT('',(23.528429110738,15.672483221477,1.1));
#4904 = CARTESIAN_POINT('',(24.118613674497,15.672483221477,1.1));
#4905 = CARTESIAN_POINT('',(24.445564177852,15.412332214765,1.1));
#4906 = ORIENTED_EDGE('',*,*,#4907,.T.);
#4907 = EDGE_CURVE('',#4900,#729,#4908,.T.);
#4908 = LINE('',#4909,#4910);
#4909 = CARTESIAN_POINT('',(23.528429110738,15.672483221477,1.1));
#4910 = VECTOR('',#4911,1.);
#4911 = DIRECTION('',(0.,0.,1.));
#4912 = ORIENTED_EDGE('',*,*,#738,.F.);
#4913 = ORIENTED_EDGE('',*,*,#4855,.F.);
#4914 = SURFACE_OF_LINEAR_EXTRUSION('',#4915,#4919);
#4915 = B_SPLINE_CURVE_WITH_KNOTS('',2,(#4916,#4917,#4918),
  .UNSPECIFIED.,.F.,.F.,(3,3),(0.,1.),.PIECEWISE_BEZIER_KNOTS.);
#4916 = CARTESIAN_POINT('',(23.528429110738,15.672483221477,1.1));
#4917 = CARTESIAN_POINT('',(24.118613674497,15.672483221477,1.1));
#4918 = CARTESIAN_POINT('',(24.445564177852,15.412332214765,1.1));
#4919 = VECTOR('',#4920,1.);
#4920 = DIRECTION('',(-0.,-0.,-1.));
#4921 = ADVANCED_FACE('',(#4922),#4940,.F.);
#4922 = FACE_BOUND('',#4923,.F.);
#4923 = EDGE_LOOP('',(#4924,#4932,#4933,#4934));
#4924 = ORIENTED_EDGE('',*,*,#4925,.F.);
#4925 = EDGE_CURVE('',#4874,#4926,#4928,.T.);
#4926 = VERTEX_POINT('',#4927);
#4927 = CARTESIAN_POINT('',(23.920417365772,14.57697147651,1.1));
#4928 = B_SPLINE_CURVE_WITH_KNOTS('',2,(#4929,#4930,#4931),
  .UNSPECIFIED.,.F.,.F.,(3,3),(0.,1.),.PIECEWISE_BEZIER_KNOTS.);
#4929 = CARTESIAN_POINT('',(23.84334102349,14.288485738255,1.1));
#4930 = CARTESIAN_POINT('',(23.920417365772,14.427223154362,1.1));
#4931 = CARTESIAN_POINT('',(23.920417365772,14.57697147651,1.1));
#4932 = ORIENTED_EDGE('',*,*,#4883,.T.);
#4933 = ORIENTED_EDGE('',*,*,#645,.F.);
#4934 = ORIENTED_EDGE('',*,*,#4935,.F.);
#4935 = EDGE_CURVE('',#4926,#646,#4936,.T.);
#4936 = LINE('',#4937,#4938);
#4937 = CARTESIAN_POINT('',(23.920417365772,14.57697147651,1.1));
#4938 = VECTOR('',#4939,1.);
#4939 = DIRECTION('',(0.,0.,1.));
#4940 = SURFACE_OF_LINEAR_EXTRUSION('',#4941,#4945);
#4941 = B_SPLINE_CURVE_WITH_KNOTS('',2,(#4942,#4943,#4944),
  .UNSPECIFIED.,.F.,.F.,(3,3),(0.,1.),.PIECEWISE_BEZIER_KNOTS.);
#4942 = CARTESIAN_POINT('',(23.84334102349,14.288485738255,1.1));
#4943 = CARTESIAN_POINT('',(23.920417365772,14.427223154362,1.1));
#4944 = CARTESIAN_POINT('',(23.920417365772,14.57697147651,1.1));
#4945 = VECTOR('',#4946,1.);
#4946 = DIRECTION('',(-0.,-0.,-1.));
#4947 = ADVANCED_FACE('',(#4948),#4966,.F.);
#4948 = FACE_BOUND('',#4949,.F.);
#4949 = EDGE_LOOP('',(#4950,#4958,#4964,#4965));
#4950 = ORIENTED_EDGE('',*,*,#4951,.F.);
#4951 = EDGE_CURVE('',#4952,#4900,#4954,.T.);
#4952 = VERTEX_POINT('',#4953);
#4953 = CARTESIAN_POINT('',(22.980085989933,15.621979865772,1.1));
#4954 = B_SPLINE_CURVE_WITH_KNOTS('',2,(#4955,#4956,#4957),
  .UNSPECIFIED.,.F.,.F.,(3,3),(0.,1.),.PIECEWISE_BEZIER_KNOTS.);
#4955 = CARTESIAN_POINT('',(22.980085989933,15.621979865772,1.1));
#4956 = CARTESIAN_POINT('',(23.259763003356,15.672483221477,1.1));
#4957 = CARTESIAN_POINT('',(23.528429110738,15.672483221477,1.1));
#4958 = ORIENTED_EDGE('',*,*,#4959,.T.);
#4959 = EDGE_CURVE('',#4952,#719,#4960,.T.);
#4960 = LINE('',#4961,#4962);
#4961 = CARTESIAN_POINT('',(22.980085989933,15.621979865772,1.1));
#4962 = VECTOR('',#4963,1.);
#4963 = DIRECTION('',(0.,0.,1.));
#4964 = ORIENTED_EDGE('',*,*,#728,.F.);
#4965 = ORIENTED_EDGE('',*,*,#4907,.F.);
#4966 = SURFACE_OF_LINEAR_EXTRUSION('',#4967,#4971);
#4967 = B_SPLINE_CURVE_WITH_KNOTS('',2,(#4968,#4969,#4970),
  .UNSPECIFIED.,.F.,.F.,(3,3),(0.,1.),.PIECEWISE_BEZIER_KNOTS.);
#4968 = CARTESIAN_POINT('',(22.980085989933,15.621979865772,1.1));
#4969 = CARTESIAN_POINT('',(23.259763003356,15.672483221477,1.1));
#4970 = CARTESIAN_POINT('',(23.528429110738,15.672483221477,1.1));
#4971 = VECTOR('',#4972,1.);
#4972 = DIRECTION('',(-0.,-0.,-1.));
#4973 = ADVANCED_FACE('',(#4974),#4992,.F.);
#4974 = FACE_BOUND('',#4975,.F.);
#4975 = EDGE_LOOP('',(#4976,#4984,#4985,#4986));
#4976 = ORIENTED_EDGE('',*,*,#4977,.F.);
#4977 = EDGE_CURVE('',#4926,#4978,#4980,.T.);
#4978 = VERTEX_POINT('',#4979);
#4979 = CARTESIAN_POINT('',(23.765090184564,14.948993288591,1.1));
#4980 = B_SPLINE_CURVE_WITH_KNOTS('',2,(#4981,#4982,#4983),
  .UNSPECIFIED.,.F.,.F.,(3,3),(0.,1.),.PIECEWISE_BEZIER_KNOTS.);
#4981 = CARTESIAN_POINT('',(23.920417365772,14.57697147651,1.1));
#4982 = CARTESIAN_POINT('',(23.920417365772,14.808200503356,1.1));
#4983 = CARTESIAN_POINT('',(23.765090184564,14.948993288591,1.1));
#4984 = ORIENTED_EDGE('',*,*,#4935,.T.);
#4985 = ORIENTED_EDGE('',*,*,#658,.F.);
#4986 = ORIENTED_EDGE('',*,*,#4987,.F.);
#4987 = EDGE_CURVE('',#4978,#659,#4988,.T.);
#4988 = LINE('',#4989,#4990);
#4989 = CARTESIAN_POINT('',(23.765090184564,14.948993288591,1.1));
#4990 = VECTOR('',#4991,1.);
#4991 = DIRECTION('',(0.,0.,1.));
#4992 = SURFACE_OF_LINEAR_EXTRUSION('',#4993,#4997);
#4993 = B_SPLINE_CURVE_WITH_KNOTS('',2,(#4994,#4995,#4996),
  .UNSPECIFIED.,.F.,.F.,(3,3),(0.,1.),.PIECEWISE_BEZIER_KNOTS.);
#4994 = CARTESIAN_POINT('',(23.920417365772,14.57697147651,1.1));
#4995 = CARTESIAN_POINT('',(23.920417365772,14.808200503356,1.1));
#4996 = CARTESIAN_POINT('',(23.765090184564,14.948993288591,1.1));
#4997 = VECTOR('',#4998,1.);
#4998 = DIRECTION('',(-0.,-0.,-1.));
#4999 = ADVANCED_FACE('',(#5000),#5018,.F.);
#5000 = FACE_BOUND('',#5001,.F.);
#5001 = EDGE_LOOP('',(#5002,#5010,#5016,#5017));
#5002 = ORIENTED_EDGE('',*,*,#5003,.F.);
#5003 = EDGE_CURVE('',#5004,#4952,#5006,.T.);
#5004 = VERTEX_POINT('',#5005);
#5005 = CARTESIAN_POINT('',(22.414125419463,15.475167785235,1.1));
#5006 = B_SPLINE_CURVE_WITH_KNOTS('',2,(#5007,#5008,#5009),
  .UNSPECIFIED.,.F.,.F.,(3,3),(0.,1.),.PIECEWISE_BEZIER_KNOTS.);
#5007 = CARTESIAN_POINT('',(22.414125419463,15.475167785235,1.1));
#5008 = CARTESIAN_POINT('',(22.70040897651,15.571623322148,1.1));
#5009 = CARTESIAN_POINT('',(22.980085989933,15.621979865772,1.1));
#5010 = ORIENTED_EDGE('',*,*,#5011,.T.);
#5011 = EDGE_CURVE('',#5004,#711,#5012,.T.);
#5012 = LINE('',#5013,#5014);
#5013 = CARTESIAN_POINT('',(22.414125419463,15.475167785235,1.1));
#5014 = VECTOR('',#5015,1.);
#5015 = DIRECTION('',(0.,0.,1.));
#5016 = ORIENTED_EDGE('',*,*,#718,.F.);
#5017 = ORIENTED_EDGE('',*,*,#4959,.F.);
#5018 = SURFACE_OF_LINEAR_EXTRUSION('',#5019,#5023);
#5019 = B_SPLINE_CURVE_WITH_KNOTS('',2,(#5020,#5021,#5022),
  .UNSPECIFIED.,.F.,.F.,(3,3),(0.,1.),.PIECEWISE_BEZIER_KNOTS.);
#5020 = CARTESIAN_POINT('',(22.414125419463,15.475167785235,1.1));
#5021 = CARTESIAN_POINT('',(22.70040897651,15.571623322148,1.1));
#5022 = CARTESIAN_POINT('',(22.980085989933,15.621979865772,1.1));
#5023 = VECTOR('',#5024,1.);
#5024 = DIRECTION('',(-0.,-0.,-1.));
#5025 = ADVANCED_FACE('',(#5026),#5044,.F.);
#5026 = FACE_BOUND('',#5027,.F.);
#5027 = EDGE_LOOP('',(#5028,#5036,#5037,#5038));
#5028 = ORIENTED_EDGE('',*,*,#5029,.F.);
#5029 = EDGE_CURVE('',#4978,#5030,#5032,.T.);
#5030 = VERTEX_POINT('',#5031);
#5031 = CARTESIAN_POINT('',(23.352254614094,15.089932885906,1.1));
#5032 = B_SPLINE_CURVE_WITH_KNOTS('',2,(#5033,#5034,#5035),
  .UNSPECIFIED.,.F.,.F.,(3,3),(0.,1.),.PIECEWISE_BEZIER_KNOTS.);
#5033 = CARTESIAN_POINT('',(23.765090184564,14.948993288591,1.1));
#5034 = CARTESIAN_POINT('',(23.609909815436,15.089932885906,1.1));
#5035 = CARTESIAN_POINT('',(23.352254614094,15.089932885906,1.1));
#5036 = ORIENTED_EDGE('',*,*,#4987,.T.);
#5037 = ORIENTED_EDGE('',*,*,#673,.F.);
#5038 = ORIENTED_EDGE('',*,*,#5039,.F.);
#5039 = EDGE_CURVE('',#5030,#674,#5040,.T.);
#5040 = LINE('',#5041,#5042);
#5041 = CARTESIAN_POINT('',(23.352254614094,15.089932885906,1.1));
#5042 = VECTOR('',#5043,1.);
#5043 = DIRECTION('',(0.,0.,1.));
#5044 = SURFACE_OF_LINEAR_EXTRUSION('',#5045,#5049);
#5045 = B_SPLINE_CURVE_WITH_KNOTS('',2,(#5046,#5047,#5048),
  .UNSPECIFIED.,.F.,.F.,(3,3),(0.,1.),.PIECEWISE_BEZIER_KNOTS.);
#5046 = CARTESIAN_POINT('',(23.765090184564,14.948993288591,1.1));
#5047 = CARTESIAN_POINT('',(23.609909815436,15.089932885906,1.1));
#5048 = CARTESIAN_POINT('',(23.352254614094,15.089932885906,1.1));
#5049 = VECTOR('',#5050,1.);
#5050 = DIRECTION('',(-0.,-0.,-1.));
#5051 = ADVANCED_FACE('',(#5052),#5070,.F.);
#5052 = FACE_BOUND('',#5053,.F.);
#5053 = EDGE_LOOP('',(#5054,#5062,#5068,#5069));
#5054 = ORIENTED_EDGE('',*,*,#5055,.F.);
#5055 = EDGE_CURVE('',#5056,#5004,#5058,.T.);
#5056 = VERTEX_POINT('',#5057);
#5057 = CARTESIAN_POINT('',(22.414125419463,14.751677852349,1.1));
#5058 = LINE('',#5059,#5060);
#5059 = CARTESIAN_POINT('',(22.414125419463,14.751677852349,1.1));
#5060 = VECTOR('',#5061,1.);
#5061 = DIRECTION('',(0.,1.,0.));
#5062 = ORIENTED_EDGE('',*,*,#5063,.T.);
#5063 = EDGE_CURVE('',#5056,#700,#5064,.T.);
#5064 = LINE('',#5065,#5066);
#5065 = CARTESIAN_POINT('',(22.414125419463,14.751677852349,1.1));
#5066 = VECTOR('',#5067,1.);
#5067 = DIRECTION('',(0.,0.,1.));
#5068 = ORIENTED_EDGE('',*,*,#710,.F.);
#5069 = ORIENTED_EDGE('',*,*,#5011,.F.);
#5070 = PLANE('',#5071);
#5071 = AXIS2_PLACEMENT_3D('',#5072,#5073,#5074);
#5072 = CARTESIAN_POINT('',(22.414125419463,14.751677852349,1.1));
#5073 = DIRECTION('',(-1.,0.,0.));
#5074 = DIRECTION('',(0.,1.,0.));
#5075 = ADVANCED_FACE('',(#5076),#5094,.F.);
#5076 = FACE_BOUND('',#5077,.F.);
#5077 = EDGE_LOOP('',(#5078,#5086,#5087,#5088));
#5078 = ORIENTED_EDGE('',*,*,#5079,.F.);
#5079 = EDGE_CURVE('',#5030,#5080,#5082,.T.);
#5080 = VERTEX_POINT('',#5081);
#5081 = CARTESIAN_POINT('',(22.918424916107,15.004781879195,1.1));
#5082 = B_SPLINE_CURVE_WITH_KNOTS('',2,(#5083,#5084,#5085),
  .UNSPECIFIED.,.F.,.F.,(3,3),(0.,1.),.PIECEWISE_BEZIER_KNOTS.);
#5083 = CARTESIAN_POINT('',(23.352254614094,15.089932885906,1.1));
#5084 = CARTESIAN_POINT('',(23.154058305369,15.089932885906,1.1));
#5085 = CARTESIAN_POINT('',(22.918424916107,15.004781879195,1.1));
#5086 = ORIENTED_EDGE('',*,*,#5039,.T.);
#5087 = ORIENTED_EDGE('',*,*,#688,.F.);
#5088 = ORIENTED_EDGE('',*,*,#5089,.F.);
#5089 = EDGE_CURVE('',#5080,#689,#5090,.T.);
#5090 = LINE('',#5091,#5092);
#5091 = CARTESIAN_POINT('',(22.918424916107,15.004781879195,1.1));
#5092 = VECTOR('',#5093,1.);
#5093 = DIRECTION('',(0.,0.,1.));
#5094 = SURFACE_OF_LINEAR_EXTRUSION('',#5095,#5099);
#5095 = B_SPLINE_CURVE_WITH_KNOTS('',2,(#5096,#5097,#5098),
  .UNSPECIFIED.,.F.,.F.,(3,3),(0.,1.),.PIECEWISE_BEZIER_KNOTS.);
#5096 = CARTESIAN_POINT('',(23.352254614094,15.089932885906,1.1));
#5097 = CARTESIAN_POINT('',(23.154058305369,15.089932885906,1.1));
#5098 = CARTESIAN_POINT('',(22.918424916107,15.004781879195,1.1));
#5099 = VECTOR('',#5100,1.);
#5100 = DIRECTION('',(-0.,-0.,-1.));
#5101 = ADVANCED_FACE('',(#5102),#5113,.F.);
#5102 = FACE_BOUND('',#5103,.F.);
#5103 = EDGE_LOOP('',(#5104,#5110,#5111,#5112));
#5104 = ORIENTED_EDGE('',*,*,#5105,.F.);
#5105 = EDGE_CURVE('',#5080,#5056,#5106,.T.);
#5106 = B_SPLINE_CURVE_WITH_KNOTS('',2,(#5107,#5108,#5109),
  .UNSPECIFIED.,.F.,.F.,(3,3),(0.,1.),.PIECEWISE_BEZIER_KNOTS.);
#5107 = CARTESIAN_POINT('',(22.918424916107,15.004781879195,1.1));
#5108 = CARTESIAN_POINT('',(22.682791526846,14.919630872483,1.1));
#5109 = CARTESIAN_POINT('',(22.414125419463,14.751677852349,1.1));
#5110 = ORIENTED_EDGE('',*,*,#5089,.T.);
#5111 = ORIENTED_EDGE('',*,*,#699,.F.);
#5112 = ORIENTED_EDGE('',*,*,#5063,.F.);
#5113 = SURFACE_OF_LINEAR_EXTRUSION('',#5114,#5118);
#5114 = B_SPLINE_CURVE_WITH_KNOTS('',2,(#5115,#5116,#5117),
  .UNSPECIFIED.,.F.,.F.,(3,3),(0.,1.),.PIECEWISE_BEZIER_KNOTS.);
#5115 = CARTESIAN_POINT('',(22.918424916107,15.004781879195,1.1));
#5116 = CARTESIAN_POINT('',(22.682791526846,14.919630872483,1.1));
#5117 = CARTESIAN_POINT('',(22.414125419463,14.751677852349,1.1));
#5118 = VECTOR('',#5119,1.);
#5119 = DIRECTION('',(-0.,-0.,-1.));
#5120 = ADVANCED_FACE('',(#5121),#5146,.F.);
#5121 = FACE_BOUND('',#5122,.F.);
#5122 = EDGE_LOOP('',(#5123,#5133,#5139,#5140));
#5123 = ORIENTED_EDGE('',*,*,#5124,.F.);
#5124 = EDGE_CURVE('',#5125,#5127,#5129,.T.);
#5125 = VERTEX_POINT('',#5126);
#5126 = CARTESIAN_POINT('',(36.16045511745,14.130809563758,1.1));
#5127 = VERTEX_POINT('',#5128);
#5128 = CARTESIAN_POINT('',(36.665782298658,13.832487416107,1.1));
#5129 = B_SPLINE_CURVE_WITH_KNOTS('',2,(#5130,#5131,#5132),
  .UNSPECIFIED.,.F.,.F.,(3,3),(0.,1.),.PIECEWISE_BEZIER_KNOTS.);
#5130 = CARTESIAN_POINT('',(36.16045511745,14.130809563758,1.1));
#5131 = CARTESIAN_POINT('',(36.492984479866,14.044924496644,1.1));
#5132 = CARTESIAN_POINT('',(36.665782298658,13.832487416107,1.1));
#5133 = ORIENTED_EDGE('',*,*,#5134,.T.);
#5134 = EDGE_CURVE('',#5125,#811,#5135,.T.);
#5135 = LINE('',#5136,#5137);
#5136 = CARTESIAN_POINT('',(36.16045511745,14.130809563758,1.1));
#5137 = VECTOR('',#5138,1.);
#5138 = DIRECTION('',(0.,0.,1.));
#5139 = ORIENTED_EDGE('',*,*,#808,.F.);
#5140 = ORIENTED_EDGE('',*,*,#5141,.F.);
#5141 = EDGE_CURVE('',#5127,#809,#5142,.T.);
#5142 = LINE('',#5143,#5144);
#5143 = CARTESIAN_POINT('',(36.665782298658,13.832487416107,1.1));
#5144 = VECTOR('',#5145,1.);
#5145 = DIRECTION('',(0.,0.,1.));
#5146 = SURFACE_OF_LINEAR_EXTRUSION('',#5147,#5151);
#5147 = B_SPLINE_CURVE_WITH_KNOTS('',2,(#5148,#5149,#5150),
  .UNSPECIFIED.,.F.,.F.,(3,3),(0.,1.),.PIECEWISE_BEZIER_KNOTS.);
#5148 = CARTESIAN_POINT('',(36.16045511745,14.130809563758,1.1));
#5149 = CARTESIAN_POINT('',(36.492984479866,14.044924496644,1.1));
#5150 = CARTESIAN_POINT('',(36.665782298658,13.832487416107,1.1));
#5151 = VECTOR('',#5152,1.);
#5152 = DIRECTION('',(-0.,-0.,-1.));
#5153 = ADVANCED_FACE('',(#5154),#5172,.F.);
#5154 = FACE_BOUND('',#5155,.F.);
#5155 = EDGE_LOOP('',(#5156,#5164,#5165,#5166));
#5156 = ORIENTED_EDGE('',*,*,#5157,.F.);
#5157 = EDGE_CURVE('',#5127,#5158,#5160,.T.);
#5158 = VERTEX_POINT('',#5159);
#5159 = CARTESIAN_POINT('',(36.83872692953,13.29192533557,1.1));
#5160 = B_SPLINE_CURVE_WITH_KNOTS('',2,(#5161,#5162,#5163),
  .UNSPECIFIED.,.F.,.F.,(3,3),(0.,1.),.PIECEWISE_BEZIER_KNOTS.);
#5161 = CARTESIAN_POINT('',(36.665782298658,13.832487416107,1.1));
#5162 = CARTESIAN_POINT('',(36.83872692953,13.62005033557,1.1));
#5163 = CARTESIAN_POINT('',(36.83872692953,13.29192533557,1.1));
#5164 = ORIENTED_EDGE('',*,*,#5141,.T.);
#5165 = ORIENTED_EDGE('',*,*,#825,.F.);
#5166 = ORIENTED_EDGE('',*,*,#5167,.F.);
#5167 = EDGE_CURVE('',#5158,#826,#5168,.T.);
#5168 = LINE('',#5169,#5170);
#5169 = CARTESIAN_POINT('',(36.83872692953,13.29192533557,1.1));
#5170 = VECTOR('',#5171,1.);
#5171 = DIRECTION('',(0.,0.,1.));
#5172 = SURFACE_OF_LINEAR_EXTRUSION('',#5173,#5177);
#5173 = B_SPLINE_CURVE_WITH_KNOTS('',2,(#5174,#5175,#5176),
  .UNSPECIFIED.,.F.,.F.,(3,3),(0.,1.),.PIECEWISE_BEZIER_KNOTS.);
#5174 = CARTESIAN_POINT('',(36.665782298658,13.832487416107,1.1));
#5175 = CARTESIAN_POINT('',(36.83872692953,13.62005033557,1.1));
#5176 = CARTESIAN_POINT('',(36.83872692953,13.29192533557,1.1));
#5177 = VECTOR('',#5178,1.);
#5178 = DIRECTION('',(-0.,-0.,-1.));
#5179 = ADVANCED_FACE('',(#5180),#5198,.F.);
#5180 = FACE_BOUND('',#5181,.F.);
#5181 = EDGE_LOOP('',(#5182,#5190,#5196,#5197));
#5182 = ORIENTED_EDGE('',*,*,#5183,.F.);
#5183 = EDGE_CURVE('',#5184,#5125,#5186,.T.);
#5184 = VERTEX_POINT('',#5185);
#5185 = CARTESIAN_POINT('',(36.609700083893,14.389492449664,1.1));
#5186 = B_SPLINE_CURVE_WITH_KNOTS('',2,(#5187,#5188,#5189),
  .UNSPECIFIED.,.F.,.F.,(3,3),(0.,1.),.PIECEWISE_BEZIER_KNOTS.);
#5187 = CARTESIAN_POINT('',(36.609700083893,14.389492449664,1.1));
#5188 = CARTESIAN_POINT('',(36.457749580537,14.205683724832,1.1));
#5189 = CARTESIAN_POINT('',(36.16045511745,14.130809563758,1.1));
#5190 = ORIENTED_EDGE('',*,*,#5191,.T.);
#5191 = EDGE_CURVE('',#5184,#1141,#5192,.T.);
#5192 = LINE('',#5193,#5194);
#5193 = CARTESIAN_POINT('',(36.609700083893,14.389492449664,1.1));
#5194 = VECTOR('',#5195,1.);
#5195 = DIRECTION('',(0.,0.,1.));
#5196 = ORIENTED_EDGE('',*,*,#1155,.F.);
#5197 = ORIENTED_EDGE('',*,*,#5134,.F.);
#5198 = SURFACE_OF_LINEAR_EXTRUSION('',#5199,#5203);
#5199 = B_SPLINE_CURVE_WITH_KNOTS('',2,(#5200,#5201,#5202),
  .UNSPECIFIED.,.F.,.F.,(3,3),(0.,1.),.PIECEWISE_BEZIER_KNOTS.);
#5200 = CARTESIAN_POINT('',(36.609700083893,14.389492449664,1.1));
#5201 = CARTESIAN_POINT('',(36.457749580537,14.205683724832,1.1));
#5202 = CARTESIAN_POINT('',(36.16045511745,14.130809563758,1.1));
#5203 = VECTOR('',#5204,1.);
#5204 = DIRECTION('',(-0.,-0.,-1.));
#5205 = ADVANCED_FACE('',(#5206),#5224,.F.);
#5206 = FACE_BOUND('',#5207,.F.);
#5207 = EDGE_LOOP('',(#5208,#5216,#5217,#5218));
#5208 = ORIENTED_EDGE('',*,*,#5209,.F.);
#5209 = EDGE_CURVE('',#5158,#5210,#5212,.T.);
#5210 = VERTEX_POINT('',#5211);
#5211 = CARTESIAN_POINT('',(36.464356124161,12.548909395973,1.1));
#5212 = B_SPLINE_CURVE_WITH_KNOTS('',2,(#5213,#5214,#5215),
  .UNSPECIFIED.,.F.,.F.,(3,3),(0.,1.),.PIECEWISE_BEZIER_KNOTS.);
#5213 = CARTESIAN_POINT('',(36.83872692953,13.29192533557,1.1));
#5214 = CARTESIAN_POINT('',(36.83872692953,12.803187919463,1.1));
#5215 = CARTESIAN_POINT('',(36.464356124161,12.548909395973,1.1));
#5216 = ORIENTED_EDGE('',*,*,#5167,.T.);
#5217 = ORIENTED_EDGE('',*,*,#840,.F.);
#5218 = ORIENTED_EDGE('',*,*,#5219,.F.);
#5219 = EDGE_CURVE('',#5210,#841,#5220,.T.);
#5220 = LINE('',#5221,#5222);
#5221 = CARTESIAN_POINT('',(36.464356124161,12.548909395973,1.1));
#5222 = VECTOR('',#5223,1.);
#5223 = DIRECTION('',(0.,0.,1.));
#5224 = SURFACE_OF_LINEAR_EXTRUSION('',#5225,#5229);
#5225 = B_SPLINE_CURVE_WITH_KNOTS('',2,(#5226,#5227,#5228),
  .UNSPECIFIED.,.F.,.F.,(3,3),(0.,1.),.PIECEWISE_BEZIER_KNOTS.);
#5226 = CARTESIAN_POINT('',(36.83872692953,13.29192533557,1.1));
#5227 = CARTESIAN_POINT('',(36.83872692953,12.803187919463,1.1));
#5228 = CARTESIAN_POINT('',(36.464356124161,12.548909395973,1.1));
#5229 = VECTOR('',#5230,1.);
#5230 = DIRECTION('',(-0.,-0.,-1.));
#5231 = ADVANCED_FACE('',(#5232),#5250,.F.);
#5232 = FACE_BOUND('',#5233,.F.);
#5233 = EDGE_LOOP('',(#5234,#5242,#5248,#5249));
#5234 = ORIENTED_EDGE('',*,*,#5235,.F.);
#5235 = EDGE_CURVE('',#5236,#5184,#5238,.T.);
#5236 = VERTEX_POINT('',#5237);
#5237 = CARTESIAN_POINT('',(36.761650587248,14.861933724832,1.1));
#5238 = B_SPLINE_CURVE_WITH_KNOTS('',2,(#5239,#5240,#5241),
  .UNSPECIFIED.,.F.,.F.,(3,3),(0.,1.),.PIECEWISE_BEZIER_KNOTS.);
#5239 = CARTESIAN_POINT('',(36.761650587248,14.861933724832,1.1));
#5240 = CARTESIAN_POINT('',(36.761650587248,14.573447986577,1.1));
#5241 = CARTESIAN_POINT('',(36.609700083893,14.389492449664,1.1));
#5242 = ORIENTED_EDGE('',*,*,#5243,.T.);
#5243 = EDGE_CURVE('',#5236,#1124,#5244,.T.);
#5244 = LINE('',#5245,#5246);
#5245 = CARTESIAN_POINT('',(36.761650587248,14.861933724832,1.1));
#5246 = VECTOR('',#5247,1.);
#5247 = DIRECTION('',(0.,0.,1.));
#5248 = ORIENTED_EDGE('',*,*,#1140,.F.);
#5249 = ORIENTED_EDGE('',*,*,#5191,.F.);
#5250 = SURFACE_OF_LINEAR_EXTRUSION('',#5251,#5255);
#5251 = B_SPLINE_CURVE_WITH_KNOTS('',2,(#5252,#5253,#5254),
  .UNSPECIFIED.,.F.,.F.,(3,3),(0.,1.),.PIECEWISE_BEZIER_KNOTS.);
#5252 = CARTESIAN_POINT('',(36.761650587248,14.861933724832,1.1));
#5253 = CARTESIAN_POINT('',(36.761650587248,14.573447986577,1.1));
#5254 = CARTESIAN_POINT('',(36.609700083893,14.389492449664,1.1));
#5255 = VECTOR('',#5256,1.);
#5256 = DIRECTION('',(-0.,-0.,-1.));
#5257 = ADVANCED_FACE('',(#5258),#5276,.F.);
#5258 = FACE_BOUND('',#5259,.F.);
#5259 = EDGE_LOOP('',(#5260,#5268,#5269,#5270));
#5260 = ORIENTED_EDGE('',*,*,#5261,.F.);
#5261 = EDGE_CURVE('',#5210,#5262,#5264,.T.);
#5262 = VERTEX_POINT('',#5263);
#5263 = CARTESIAN_POINT('',(35.372074244966,12.294630872483,1.1));
#5264 = B_SPLINE_CURVE_WITH_KNOTS('',2,(#5265,#5266,#5267),
  .UNSPECIFIED.,.F.,.F.,(3,3),(0.,1.),.PIECEWISE_BEZIER_KNOTS.);
#5265 = CARTESIAN_POINT('',(36.464356124161,12.548909395973,1.1));
#5266 = CARTESIAN_POINT('',(36.089985318792,12.294630872483,1.1));
#5267 = CARTESIAN_POINT('',(35.372074244966,12.294630872483,1.1));
#5268 = ORIENTED_EDGE('',*,*,#5219,.T.);
#5269 = ORIENTED_EDGE('',*,*,#859,.F.);
#5270 = ORIENTED_EDGE('',*,*,#5271,.F.);
#5271 = EDGE_CURVE('',#5262,#860,#5272,.T.);
#5272 = LINE('',#5273,#5274);
#5273 = CARTESIAN_POINT('',(35.372074244966,12.294630872483,1.1));
#5274 = VECTOR('',#5275,1.);
#5275 = DIRECTION('',(0.,0.,1.));
#5276 = SURFACE_OF_LINEAR_EXTRUSION('',#5277,#5281);
#5277 = B_SPLINE_CURVE_WITH_KNOTS('',2,(#5278,#5279,#5280),
  .UNSPECIFIED.,.F.,.F.,(3,3),(0.,1.),.PIECEWISE_BEZIER_KNOTS.);
#5278 = CARTESIAN_POINT('',(36.464356124161,12.548909395973,1.1));
#5279 = CARTESIAN_POINT('',(36.089985318792,12.294630872483,1.1));
#5280 = CARTESIAN_POINT('',(35.372074244966,12.294630872483,1.1));
#5281 = VECTOR('',#5282,1.);
#5282 = DIRECTION('',(-0.,-0.,-1.));
#5283 = ADVANCED_FACE('',(#5284),#5302,.F.);
#5284 = FACE_BOUND('',#5285,.F.);
#5285 = EDGE_LOOP('',(#5286,#5294,#5300,#5301));
#5286 = ORIENTED_EDGE('',*,*,#5287,.F.);
#5287 = EDGE_CURVE('',#5288,#5236,#5290,.T.);
#5288 = VERTEX_POINT('',#5289);
#5289 = CARTESIAN_POINT('',(36.443361996644,15.494987416107,1.1));
#5290 = B_SPLINE_CURVE_WITH_KNOTS('',2,(#5291,#5292,#5293),
  .UNSPECIFIED.,.F.,.F.,(3,3),(0.,1.),.PIECEWISE_BEZIER_KNOTS.);
#5291 = CARTESIAN_POINT('',(36.443361996644,15.494987416107,1.1));
#5292 = CARTESIAN_POINT('',(36.761650587248,15.284752516779,1.1));
#5293 = CARTESIAN_POINT('',(36.761650587248,14.861933724832,1.1));
#5294 = ORIENTED_EDGE('',*,*,#5295,.T.);
#5295 = EDGE_CURVE('',#5288,#1107,#5296,.T.);
#5296 = LINE('',#5297,#5298);
#5297 = CARTESIAN_POINT('',(36.443361996644,15.494987416107,1.1));
#5298 = VECTOR('',#5299,1.);
#5299 = DIRECTION('',(0.,0.,1.));
#5300 = ORIENTED_EDGE('',*,*,#1123,.F.);
#5301 = ORIENTED_EDGE('',*,*,#5243,.F.);
#5302 = SURFACE_OF_LINEAR_EXTRUSION('',#5303,#5307);
#5303 = B_SPLINE_CURVE_WITH_KNOTS('',2,(#5304,#5305,#5306),
  .UNSPECIFIED.,.F.,.F.,(3,3),(0.,1.),.PIECEWISE_BEZIER_KNOTS.);
#5304 = CARTESIAN_POINT('',(36.443361996644,15.494987416107,1.1));
#5305 = CARTESIAN_POINT('',(36.761650587248,15.284752516779,1.1));
#5306 = CARTESIAN_POINT('',(36.761650587248,14.861933724832,1.1));
#5307 = VECTOR('',#5308,1.);
#5308 = DIRECTION('',(-0.,-0.,-1.));
#5309 = ADVANCED_FACE('',(#5310),#5328,.F.);
#5310 = FACE_BOUND('',#5311,.F.);
#5311 = EDGE_LOOP('',(#5312,#5320,#5321,#5322));
#5312 = ORIENTED_EDGE('',*,*,#5313,.F.);
#5313 = EDGE_CURVE('',#5262,#5314,#5316,.T.);
#5314 = VERTEX_POINT('',#5315);
#5315 = CARTESIAN_POINT('',(34.86439807047,12.334563758389,1.1));
#5316 = B_SPLINE_CURVE_WITH_KNOTS('',2,(#5317,#5318,#5319),
  .UNSPECIFIED.,.F.,.F.,(3,3),(0.,1.),.PIECEWISE_BEZIER_KNOTS.);
#5317 = CARTESIAN_POINT('',(35.372074244966,12.294630872483,1.1));
#5318 = CARTESIAN_POINT('',(35.11882340604,12.294630872483,1.1));
#5319 = CARTESIAN_POINT('',(34.86439807047,12.334563758389,1.1));
#5320 = ORIENTED_EDGE('',*,*,#5271,.T.);
#5321 = ORIENTED_EDGE('',*,*,#876,.F.);
#5322 = ORIENTED_EDGE('',*,*,#5323,.F.);
#5323 = EDGE_CURVE('',#5314,#877,#5324,.T.);
#5324 = LINE('',#5325,#5326);
#5325 = CARTESIAN_POINT('',(34.86439807047,12.334563758389,1.1));
#5326 = VECTOR('',#5327,1.);
#5327 = DIRECTION('',(0.,0.,1.));
#5328 = SURFACE_OF_LINEAR_EXTRUSION('',#5329,#5333);
#5329 = B_SPLINE_CURVE_WITH_KNOTS('',2,(#5330,#5331,#5332),
  .UNSPECIFIED.,.F.,.F.,(3,3),(0.,1.),.PIECEWISE_BEZIER_KNOTS.);
#5330 = CARTESIAN_POINT('',(35.372074244966,12.294630872483,1.1));
#5331 = CARTESIAN_POINT('',(35.11882340604,12.294630872483,1.1));
#5332 = CARTESIAN_POINT('',(34.86439807047,12.334563758389,1.1));
#5333 = VECTOR('',#5334,1.);
#5334 = DIRECTION('',(-0.,-0.,-1.));
#5335 = ADVANCED_FACE('',(#5336),#5354,.F.);
#5336 = FACE_BOUND('',#5337,.F.);
#5337 = EDGE_LOOP('',(#5338,#5346,#5352,#5353));
#5338 = ORIENTED_EDGE('',*,*,#5339,.F.);
#5339 = EDGE_CURVE('',#5340,#5288,#5342,.T.);
#5340 = VERTEX_POINT('',#5341);
#5341 = CARTESIAN_POINT('',(35.484385486577,15.705369127517,1.1));
#5342 = B_SPLINE_CURVE_WITH_KNOTS('',2,(#5343,#5344,#5345),
  .UNSPECIFIED.,.F.,.F.,(3,3),(0.,1.),.PIECEWISE_BEZIER_KNOTS.);
#5343 = CARTESIAN_POINT('',(35.484385486577,15.705369127517,1.1));
#5344 = CARTESIAN_POINT('',(36.125220218121,15.705369127517,1.1));
#5345 = CARTESIAN_POINT('',(36.443361996644,15.494987416107,1.1));
#5346 = ORIENTED_EDGE('',*,*,#5347,.T.);
#5347 = EDGE_CURVE('',#5340,#1097,#5348,.T.);
#5348 = LINE('',#5349,#5350);
#5349 = CARTESIAN_POINT('',(35.484385486577,15.705369127517,1.1));
#5350 = VECTOR('',#5351,1.);
#5351 = DIRECTION('',(0.,0.,1.));
#5352 = ORIENTED_EDGE('',*,*,#1106,.F.);
#5353 = ORIENTED_EDGE('',*,*,#5295,.F.);
#5354 = SURFACE_OF_LINEAR_EXTRUSION('',#5355,#5359);
#5355 = B_SPLINE_CURVE_WITH_KNOTS('',2,(#5356,#5357,#5358),
  .UNSPECIFIED.,.F.,.F.,(3,3),(0.,1.),.PIECEWISE_BEZIER_KNOTS.);
#5356 = CARTESIAN_POINT('',(35.484385486577,15.705369127517,1.1));
#5357 = CARTESIAN_POINT('',(36.125220218121,15.705369127517,1.1));
#5358 = CARTESIAN_POINT('',(36.443361996644,15.494987416107,1.1));
#5359 = VECTOR('',#5360,1.);
#5360 = DIRECTION('',(-0.,-0.,-1.));
#5361 = ADVANCED_FACE('',(#5362),#5380,.F.);
#5362 = FACE_BOUND('',#5363,.F.);
#5363 = EDGE_LOOP('',(#5364,#5372,#5373,#5374));
#5364 = ORIENTED_EDGE('',*,*,#5365,.F.);
#5365 = EDGE_CURVE('',#5314,#5366,#5368,.T.);
#5366 = VERTEX_POINT('',#5367);
#5367 = CARTESIAN_POINT('',(34.36127307047,12.454362416107,1.1));
#5368 = B_SPLINE_CURVE_WITH_KNOTS('',2,(#5369,#5370,#5371),
  .UNSPECIFIED.,.F.,.F.,(3,3),(0.,1.),.PIECEWISE_BEZIER_KNOTS.);
#5369 = CARTESIAN_POINT('',(34.86439807047,12.334563758389,1.1));
#5370 = CARTESIAN_POINT('',(34.61011954698,12.374496644295,1.1));
#5371 = CARTESIAN_POINT('',(34.36127307047,12.454362416107,1.1));
#5372 = ORIENTED_EDGE('',*,*,#5323,.T.);
#5373 = ORIENTED_EDGE('',*,*,#886,.F.);
#5374 = ORIENTED_EDGE('',*,*,#5375,.F.);
#5375 = EDGE_CURVE('',#5366,#887,#5376,.T.);
#5376 = LINE('',#5377,#5378);
#5377 = CARTESIAN_POINT('',(34.36127307047,12.454362416107,1.1));
#5378 = VECTOR('',#5379,1.);
#5379 = DIRECTION('',(0.,0.,1.));
#5380 = SURFACE_OF_LINEAR_EXTRUSION('',#5381,#5385);
#5381 = B_SPLINE_CURVE_WITH_KNOTS('',2,(#5382,#5383,#5384),
  .UNSPECIFIED.,.F.,.F.,(3,3),(0.,1.),.PIECEWISE_BEZIER_KNOTS.);
#5382 = CARTESIAN_POINT('',(34.86439807047,12.334563758389,1.1));
#5383 = CARTESIAN_POINT('',(34.61011954698,12.374496644295,1.1));
#5384 = CARTESIAN_POINT('',(34.36127307047,12.454362416107,1.1));
#5385 = VECTOR('',#5386,1.);
#5386 = DIRECTION('',(-0.,-0.,-1.));
#5387 = ADVANCED_FACE('',(#5388),#5406,.F.);
#5388 = FACE_BOUND('',#5389,.F.);
#5389 = EDGE_LOOP('',(#5390,#5398,#5404,#5405));
#5390 = ORIENTED_EDGE('',*,*,#5391,.F.);
#5391 = EDGE_CURVE('',#5392,#5340,#5394,.T.);
#5392 = VERTEX_POINT('',#5393);
#5393 = CARTESIAN_POINT('',(34.999905620805,15.670134228188,1.1));
#5394 = B_SPLINE_CURVE_WITH_KNOTS('',2,(#5395,#5396,#5397),
  .UNSPECIFIED.,.F.,.F.,(3,3),(0.,1.),.PIECEWISE_BEZIER_KNOTS.);
#5395 = CARTESIAN_POINT('',(34.999905620805,15.670134228188,1.1));
#5396 = CARTESIAN_POINT('',(35.246549916107,15.705369127517,1.1));
#5397 = CARTESIAN_POINT('',(35.484385486577,15.705369127517,1.1));
#5398 = ORIENTED_EDGE('',*,*,#5399,.T.);
#5399 = EDGE_CURVE('',#5392,#1087,#5400,.T.);
#5400 = LINE('',#5401,#5402);
#5401 = CARTESIAN_POINT('',(34.999905620805,15.670134228188,1.1));
#5402 = VECTOR('',#5403,1.);
#5403 = DIRECTION('',(0.,0.,1.));
#5404 = ORIENTED_EDGE('',*,*,#1096,.F.);
#5405 = ORIENTED_EDGE('',*,*,#5347,.F.);
#5406 = SURFACE_OF_LINEAR_EXTRUSION('',#5407,#5411);
#5407 = B_SPLINE_CURVE_WITH_KNOTS('',2,(#5408,#5409,#5410),
  .UNSPECIFIED.,.F.,.F.,(3,3),(0.,1.),.PIECEWISE_BEZIER_KNOTS.);
#5408 = CARTESIAN_POINT('',(34.999905620805,15.670134228188,1.1));
#5409 = CARTESIAN_POINT('',(35.246549916107,15.705369127517,1.1));
#5410 = CARTESIAN_POINT('',(35.484385486577,15.705369127517,1.1));
#5411 = VECTOR('',#5412,1.);
#5412 = DIRECTION('',(-0.,-0.,-1.));
#5413 = ADVANCED_FACE('',(#5414),#5432,.F.);
#5414 = FACE_BOUND('',#5415,.F.);
#5415 = EDGE_LOOP('',(#5416,#5424,#5425,#5426));
#5416 = ORIENTED_EDGE('',*,*,#5417,.F.);
#5417 = EDGE_CURVE('',#5366,#5418,#5420,.T.);
#5418 = VERTEX_POINT('',#5419);
#5419 = CARTESIAN_POINT('',(34.36127307047,13.112080536913,1.1));
#5420 = LINE('',#5421,#5422);
#5421 = CARTESIAN_POINT('',(34.36127307047,12.454362416107,1.1));
#5422 = VECTOR('',#5423,1.);
#5423 = DIRECTION('',(0.,1.,0.));
#5424 = ORIENTED_EDGE('',*,*,#5375,.T.);
#5425 = ORIENTED_EDGE('',*,*,#896,.F.);
#5426 = ORIENTED_EDGE('',*,*,#5427,.F.);
#5427 = EDGE_CURVE('',#5418,#897,#5428,.T.);
#5428 = LINE('',#5429,#5430);
#5429 = CARTESIAN_POINT('',(34.36127307047,13.112080536913,1.1));
#5430 = VECTOR('',#5431,1.);
#5431 = DIRECTION('',(0.,0.,1.));
#5432 = PLANE('',#5433);
#5433 = AXIS2_PLACEMENT_3D('',#5434,#5435,#5436);
#5434 = CARTESIAN_POINT('',(34.36127307047,12.454362416107,1.1));
#5435 = DIRECTION('',(-1.,0.,0.));
#5436 = DIRECTION('',(0.,1.,0.));
#5437 = ADVANCED_FACE('',(#5438),#5456,.F.);
#5438 = FACE_BOUND('',#5439,.F.);
#5439 = EDGE_LOOP('',(#5440,#5448,#5454,#5455));
#5440 = ORIENTED_EDGE('',*,*,#5441,.F.);
#5441 = EDGE_CURVE('',#5442,#5392,#5444,.T.);
#5442 = VERTEX_POINT('',#5443);
#5443 = CARTESIAN_POINT('',(34.502212667785,15.564429530201,1.1));
#5444 = B_SPLINE_CURVE_WITH_KNOTS('',2,(#5445,#5446,#5447),
  .UNSPECIFIED.,.F.,.F.,(3,3),(0.,1.),.PIECEWISE_BEZIER_KNOTS.);
#5445 = CARTESIAN_POINT('',(34.502212667785,15.564429530201,1.1));
#5446 = CARTESIAN_POINT('',(34.753261325503,15.634899328859,1.1));
#5447 = CARTESIAN_POINT('',(34.999905620805,15.670134228188,1.1));
#5448 = ORIENTED_EDGE('',*,*,#5449,.T.);
#5449 = EDGE_CURVE('',#5442,#1079,#5450,.T.);
#5450 = LINE('',#5451,#5452);
#5451 = CARTESIAN_POINT('',(34.502212667785,15.564429530201,1.1));
#5452 = VECTOR('',#5453,1.);
#5453 = DIRECTION('',(0.,0.,1.));
#5454 = ORIENTED_EDGE('',*,*,#1086,.F.);
#5455 = ORIENTED_EDGE('',*,*,#5399,.F.);
#5456 = SURFACE_OF_LINEAR_EXTRUSION('',#5457,#5461);
#5457 = B_SPLINE_CURVE_WITH_KNOTS('',2,(#5458,#5459,#5460),
  .UNSPECIFIED.,.F.,.F.,(3,3),(0.,1.),.PIECEWISE_BEZIER_KNOTS.);
#5458 = CARTESIAN_POINT('',(34.502212667785,15.564429530201,1.1));
#5459 = CARTESIAN_POINT('',(34.753261325503,15.634899328859,1.1));
#5460 = CARTESIAN_POINT('',(34.999905620805,15.670134228188,1.1));
#5461 = VECTOR('',#5462,1.);
#5462 = DIRECTION('',(-0.,-0.,-1.));
#5463 = ADVANCED_FACE('',(#5464),#5482,.F.);
#5464 = FACE_BOUND('',#5465,.F.);
#5465 = EDGE_LOOP('',(#5466,#5474,#5475,#5476));
#5466 = ORIENTED_EDGE('',*,*,#5467,.F.);
#5467 = EDGE_CURVE('',#5418,#5468,#5470,.T.);
#5468 = VERTEX_POINT('',#5469);
#5469 = CARTESIAN_POINT('',(34.833567533557,12.929446308725,1.1));
#5470 = B_SPLINE_CURVE_WITH_KNOTS('',2,(#5471,#5472,#5473),
  .UNSPECIFIED.,.F.,.F.,(3,3),(0.,1.),.PIECEWISE_BEZIER_KNOTS.);
#5471 = CARTESIAN_POINT('',(34.36127307047,13.112080536913,1.1));
#5472 = CARTESIAN_POINT('',(34.59910864094,12.99110738255,1.1));
#5473 = CARTESIAN_POINT('',(34.833567533557,12.929446308725,1.1));
#5474 = ORIENTED_EDGE('',*,*,#5427,.T.);
#5475 = ORIENTED_EDGE('',*,*,#904,.F.);
#5476 = ORIENTED_EDGE('',*,*,#5477,.F.);
#5477 = EDGE_CURVE('',#5468,#905,#5478,.T.);
#5478 = LINE('',#5479,#5480);
#5479 = CARTESIAN_POINT('',(34.833567533557,12.929446308725,1.1));
#5480 = VECTOR('',#5481,1.);
#5481 = DIRECTION('',(0.,0.,1.));
#5482 = SURFACE_OF_LINEAR_EXTRUSION('',#5483,#5487);
#5483 = B_SPLINE_CURVE_WITH_KNOTS('',2,(#5484,#5485,#5486),
  .UNSPECIFIED.,.F.,.F.,(3,3),(0.,1.),.PIECEWISE_BEZIER_KNOTS.);
#5484 = CARTESIAN_POINT('',(34.36127307047,13.112080536913,1.1));
#5485 = CARTESIAN_POINT('',(34.59910864094,12.99110738255,1.1));
#5486 = CARTESIAN_POINT('',(34.833567533557,12.929446308725,1.1));
#5487 = VECTOR('',#5488,1.);
#5488 = DIRECTION('',(-0.,-0.,-1.));
#5489 = ADVANCED_FACE('',(#5490),#5508,.F.);
#5490 = FACE_BOUND('',#5491,.F.);
#5491 = EDGE_LOOP('',(#5492,#5500,#5506,#5507));
#5492 = ORIENTED_EDGE('',*,*,#5493,.F.);
#5493 = EDGE_CURVE('',#5494,#5442,#5496,.T.);
#5494 = VERTEX_POINT('',#5495);
#5495 = CARTESIAN_POINT('',(34.502212667785,14.944295302013,1.1));
#5496 = LINE('',#5497,#5498);
#5497 = CARTESIAN_POINT('',(34.502212667785,14.944295302013,1.1));
#5498 = VECTOR('',#5499,1.);
#5499 = DIRECTION('',(0.,1.,0.));
#5500 = ORIENTED_EDGE('',*,*,#5501,.T.);
#5501 = EDGE_CURVE('',#5494,#1069,#5502,.T.);
#5502 = LINE('',#5503,#5504);
#5503 = CARTESIAN_POINT('',(34.502212667785,14.944295302013,1.1));
#5504 = VECTOR('',#5505,1.);
#5505 = DIRECTION('',(0.,0.,1.));
#5506 = ORIENTED_EDGE('',*,*,#1078,.F.);
#5507 = ORIENTED_EDGE('',*,*,#5449,.F.);
#5508 = PLANE('',#5509);
#5509 = AXIS2_PLACEMENT_3D('',#5510,#5511,#5512);
#5510 = CARTESIAN_POINT('',(34.502212667785,14.944295302013,1.1));
#5511 = DIRECTION('',(-1.,0.,0.));
#5512 = DIRECTION('',(0.,1.,0.));
#5513 = ADVANCED_FACE('',(#5514),#5532,.F.);
#5514 = FACE_BOUND('',#5515,.F.);
#5515 = EDGE_LOOP('',(#5516,#5524,#5525,#5526));
#5516 = ORIENTED_EDGE('',*,*,#5517,.F.);
#5517 = EDGE_CURVE('',#5468,#5518,#5520,.T.);
#5518 = VERTEX_POINT('',#5519);
#5519 = CARTESIAN_POINT('',(35.294997902685,12.867785234899,1.1));
#5520 = B_SPLINE_CURVE_WITH_KNOTS('',2,(#5521,#5522,#5523),
  .UNSPECIFIED.,.F.,.F.,(3,3),(0.,1.),.PIECEWISE_BEZIER_KNOTS.);
#5521 = CARTESIAN_POINT('',(34.833567533557,12.929446308725,1.1));
#5522 = CARTESIAN_POINT('',(35.068173238255,12.867785234899,1.1));
#5523 = CARTESIAN_POINT('',(35.294997902685,12.867785234899,1.1));
#5524 = ORIENTED_EDGE('',*,*,#5477,.T.);
#5525 = ORIENTED_EDGE('',*,*,#915,.F.);
#5526 = ORIENTED_EDGE('',*,*,#5527,.F.);
#5527 = EDGE_CURVE('',#5518,#916,#5528,.T.);
#5528 = LINE('',#5529,#5530);
#5529 = CARTESIAN_POINT('',(35.294997902685,12.867785234899,1.1));
#5530 = VECTOR('',#5531,1.);
#5531 = DIRECTION('',(0.,0.,1.));
#5532 = SURFACE_OF_LINEAR_EXTRUSION('',#5533,#5537);
#5533 = B_SPLINE_CURVE_WITH_KNOTS('',2,(#5534,#5535,#5536),
  .UNSPECIFIED.,.F.,.F.,(3,3),(0.,1.),.PIECEWISE_BEZIER_KNOTS.);
#5534 = CARTESIAN_POINT('',(34.833567533557,12.929446308725,1.1));
#5535 = CARTESIAN_POINT('',(35.068173238255,12.867785234899,1.1));
#5536 = CARTESIAN_POINT('',(35.294997902685,12.867785234899,1.1));
#5537 = VECTOR('',#5538,1.);
#5538 = DIRECTION('',(-0.,-0.,-1.));
#5539 = ADVANCED_FACE('',(#5540),#5558,.F.);
#5540 = FACE_BOUND('',#5541,.F.);
#5541 = EDGE_LOOP('',(#5542,#5550,#5556,#5557));
#5542 = ORIENTED_EDGE('',*,*,#5543,.F.);
#5543 = EDGE_CURVE('',#5544,#5494,#5546,.T.);
#5544 = VERTEX_POINT('',#5545);
#5545 = CARTESIAN_POINT('',(34.918424916107,15.077600671141,1.1));
#5546 = B_SPLINE_CURVE_WITH_KNOTS('',2,(#5547,#5548,#5549),
  .UNSPECIFIED.,.F.,.F.,(3,3),(0.,1.),.PIECEWISE_BEZIER_KNOTS.);
#5547 = CARTESIAN_POINT('',(34.918424916107,15.077600671141,1.1));
#5548 = CARTESIAN_POINT('',(34.709217701342,15.032529362416,1.1));
#5549 = CARTESIAN_POINT('',(34.502212667785,14.944295302013,1.1));
#5550 = ORIENTED_EDGE('',*,*,#5551,.T.);
#5551 = EDGE_CURVE('',#5544,#1059,#5552,.T.);
#5552 = LINE('',#5553,#5554);
#5553 = CARTESIAN_POINT('',(34.918424916107,15.077600671141,1.1));
#5554 = VECTOR('',#5555,1.);
#5555 = DIRECTION('',(0.,0.,1.));
#5556 = ORIENTED_EDGE('',*,*,#1068,.F.);
#5557 = ORIENTED_EDGE('',*,*,#5501,.F.);
#5558 = SURFACE_OF_LINEAR_EXTRUSION('',#5559,#5563);
#5559 = B_SPLINE_CURVE_WITH_KNOTS('',2,(#5560,#5561,#5562),
  .UNSPECIFIED.,.F.,.F.,(3,3),(0.,1.),.PIECEWISE_BEZIER_KNOTS.);
#5560 = CARTESIAN_POINT('',(34.918424916107,15.077600671141,1.1));
#5561 = CARTESIAN_POINT('',(34.709217701342,15.032529362416,1.1));
#5562 = CARTESIAN_POINT('',(34.502212667785,14.944295302013,1.1));
#5563 = VECTOR('',#5564,1.);
#5564 = DIRECTION('',(-0.,-0.,-1.));
#5565 = ADVANCED_FACE('',(#5566),#5584,.F.);
#5566 = FACE_BOUND('',#5567,.F.);
#5567 = EDGE_LOOP('',(#5568,#5576,#5577,#5578));
#5568 = ORIENTED_EDGE('',*,*,#5569,.F.);
#5569 = EDGE_CURVE('',#5518,#5570,#5572,.T.);
#5570 = VERTEX_POINT('',#5571);
#5571 = CARTESIAN_POINT('',(35.811335989933,12.984941275168,1.1));
#5572 = B_SPLINE_CURVE_WITH_KNOTS('',2,(#5573,#5574,#5575),
  .UNSPECIFIED.,.F.,.F.,(3,3),(0.,1.),.PIECEWISE_BEZIER_KNOTS.);
#5573 = CARTESIAN_POINT('',(35.294997902685,12.867785234899,1.1));
#5574 = CARTESIAN_POINT('',(35.631931627517,12.867785234899,1.1));
#5575 = CARTESIAN_POINT('',(35.811335989933,12.984941275168,1.1));
#5576 = ORIENTED_EDGE('',*,*,#5527,.T.);
#5577 = ORIENTED_EDGE('',*,*,#926,.F.);
#5578 = ORIENTED_EDGE('',*,*,#5579,.F.);
#5579 = EDGE_CURVE('',#5570,#927,#5580,.T.);
#5580 = LINE('',#5581,#5582);
#5581 = CARTESIAN_POINT('',(35.811335989933,12.984941275168,1.1));
#5582 = VECTOR('',#5583,1.);
#5583 = DIRECTION('',(0.,0.,1.));
#5584 = SURFACE_OF_LINEAR_EXTRUSION('',#5585,#5589);
#5585 = B_SPLINE_CURVE_WITH_KNOTS('',2,(#5586,#5587,#5588),
  .UNSPECIFIED.,.F.,.F.,(3,3),(0.,1.),.PIECEWISE_BEZIER_KNOTS.);
#5586 = CARTESIAN_POINT('',(35.294997902685,12.867785234899,1.1));
#5587 = CARTESIAN_POINT('',(35.631931627517,12.867785234899,1.1));
#5588 = CARTESIAN_POINT('',(35.811335989933,12.984941275168,1.1));
#5589 = VECTOR('',#5590,1.);
#5590 = DIRECTION('',(-0.,-0.,-1.));
#5591 = ADVANCED_FACE('',(#5592),#5610,.F.);
#5592 = FACE_BOUND('',#5593,.F.);
#5593 = EDGE_LOOP('',(#5594,#5602,#5608,#5609));
#5594 = ORIENTED_EDGE('',*,*,#5595,.F.);
#5595 = EDGE_CURVE('',#5596,#5544,#5598,.T.);
#5596 = VERTEX_POINT('',#5597);
#5597 = CARTESIAN_POINT('',(35.332434983221,15.122818791946,1.1));
#5598 = B_SPLINE_CURVE_WITH_KNOTS('',2,(#5599,#5600,#5601),
  .UNSPECIFIED.,.F.,.F.,(3,3),(0.,1.),.PIECEWISE_BEZIER_KNOTS.);
#5599 = CARTESIAN_POINT('',(35.332434983221,15.122818791946,1.1));
#5600 = CARTESIAN_POINT('',(35.127632130872,15.122818791946,1.1));
#5601 = CARTESIAN_POINT('',(34.918424916107,15.077600671141,1.1));
#5602 = ORIENTED_EDGE('',*,*,#5603,.T.);
#5603 = EDGE_CURVE('',#5596,#1047,#5604,.T.);
#5604 = LINE('',#5605,#5606);
#5605 = CARTESIAN_POINT('',(35.332434983221,15.122818791946,1.1));
#5606 = VECTOR('',#5607,1.);
#5607 = DIRECTION('',(0.,0.,1.));
#5608 = ORIENTED_EDGE('',*,*,#1058,.F.);
#5609 = ORIENTED_EDGE('',*,*,#5551,.F.);
#5610 = SURFACE_OF_LINEAR_EXTRUSION('',#5611,#5615);
#5611 = B_SPLINE_CURVE_WITH_KNOTS('',2,(#5612,#5613,#5614),
  .UNSPECIFIED.,.F.,.F.,(3,3),(0.,1.),.PIECEWISE_BEZIER_KNOTS.);
#5612 = CARTESIAN_POINT('',(35.332434983221,15.122818791946,1.1));
#5613 = CARTESIAN_POINT('',(35.127632130872,15.122818791946,1.1));
#5614 = CARTESIAN_POINT('',(34.918424916107,15.077600671141,1.1));
#5615 = VECTOR('',#5616,1.);
#5616 = DIRECTION('',(-0.,-0.,-1.));
#5617 = ADVANCED_FACE('',(#5618),#5636,.F.);
#5618 = FACE_BOUND('',#5619,.F.);
#5619 = EDGE_LOOP('',(#5620,#5628,#5629,#5630));
#5620 = ORIENTED_EDGE('',*,*,#5621,.F.);
#5621 = EDGE_CURVE('',#5570,#5622,#5624,.T.);
#5622 = VERTEX_POINT('',#5623);
#5623 = CARTESIAN_POINT('',(35.99088716443,13.321287751678,1.1));
#5624 = B_SPLINE_CURVE_WITH_KNOTS('',2,(#5625,#5626,#5627),
  .UNSPECIFIED.,.F.,.F.,(3,3),(0.,1.),.PIECEWISE_BEZIER_KNOTS.);
#5625 = CARTESIAN_POINT('',(35.811335989933,12.984941275168,1.1));
#5626 = CARTESIAN_POINT('',(35.99088716443,13.102244127517,1.1));
#5627 = CARTESIAN_POINT('',(35.99088716443,13.321287751678,1.1));
#5628 = ORIENTED_EDGE('',*,*,#5579,.T.);
#5629 = ORIENTED_EDGE('',*,*,#938,.F.);
#5630 = ORIENTED_EDGE('',*,*,#5631,.F.);
#5631 = EDGE_CURVE('',#5622,#939,#5632,.T.);
#5632 = LINE('',#5633,#5634);
#5633 = CARTESIAN_POINT('',(35.99088716443,13.321287751678,1.1));
#5634 = VECTOR('',#5635,1.);
#5635 = DIRECTION('',(0.,0.,1.));
#5636 = SURFACE_OF_LINEAR_EXTRUSION('',#5637,#5641);
#5637 = B_SPLINE_CURVE_WITH_KNOTS('',2,(#5638,#5639,#5640),
  .UNSPECIFIED.,.F.,.F.,(3,3),(0.,1.),.PIECEWISE_BEZIER_KNOTS.);
#5638 = CARTESIAN_POINT('',(35.811335989933,12.984941275168,1.1));
#5639 = CARTESIAN_POINT('',(35.99088716443,13.102244127517,1.1));
#5640 = CARTESIAN_POINT('',(35.99088716443,13.321287751678,1.1));
#5641 = VECTOR('',#5642,1.);
#5642 = DIRECTION('',(-0.,-0.,-1.));
#5643 = ADVANCED_FACE('',(#5644),#5662,.F.);
#5644 = FACE_BOUND('',#5645,.F.);
#5645 = EDGE_LOOP('',(#5646,#5654,#5660,#5661));
#5646 = ORIENTED_EDGE('',*,*,#5647,.F.);
#5647 = EDGE_CURVE('',#5648,#5596,#5650,.T.);
#5648 = VERTEX_POINT('',#5649);
#5649 = CARTESIAN_POINT('',(35.761860318792,15.019609899329,1.1));
#5650 = B_SPLINE_CURVE_WITH_KNOTS('',2,(#5651,#5652,#5653),
  .UNSPECIFIED.,.F.,.F.,(3,3),(0.,1.),.PIECEWISE_BEZIER_KNOTS.);
#5651 = CARTESIAN_POINT('',(35.761860318792,15.019609899329,1.1));
#5652 = CARTESIAN_POINT('',(35.609909815436,15.122818791946,1.1));
#5653 = CARTESIAN_POINT('',(35.332434983221,15.122818791946,1.1));
#5654 = ORIENTED_EDGE('',*,*,#5655,.T.);
#5655 = EDGE_CURVE('',#5648,#1032,#5656,.T.);
#5656 = LINE('',#5657,#5658);
#5657 = CARTESIAN_POINT('',(35.761860318792,15.019609899329,1.1));
#5658 = VECTOR('',#5659,1.);
#5659 = DIRECTION('',(0.,0.,1.));
#5660 = ORIENTED_EDGE('',*,*,#1046,.F.);
#5661 = ORIENTED_EDGE('',*,*,#5603,.F.);
#5662 = SURFACE_OF_LINEAR_EXTRUSION('',#5663,#5667);
#5663 = B_SPLINE_CURVE_WITH_KNOTS('',2,(#5664,#5665,#5666),
  .UNSPECIFIED.,.F.,.F.,(3,3),(0.,1.),.PIECEWISE_BEZIER_KNOTS.);
#5664 = CARTESIAN_POINT('',(35.761860318792,15.019609899329,1.1));
#5665 = CARTESIAN_POINT('',(35.609909815436,15.122818791946,1.1));
#5666 = CARTESIAN_POINT('',(35.332434983221,15.122818791946,1.1));
#5667 = VECTOR('',#5668,1.);
#5668 = DIRECTION('',(-0.,-0.,-1.));
#5669 = ADVANCED_FACE('',(#5670),#5688,.F.);
#5670 = FACE_BOUND('',#5671,.F.);
#5671 = EDGE_LOOP('',(#5672,#5680,#5681,#5682));
#5672 = ORIENTED_EDGE('',*,*,#5673,.F.);
#5673 = EDGE_CURVE('',#5622,#5674,#5676,.T.);
#5674 = VERTEX_POINT('',#5675);
#5675 = CARTESIAN_POINT('',(35.806931627517,13.663066275168,1.1));
#5676 = B_SPLINE_CURVE_WITH_KNOTS('',2,(#5677,#5678,#5679),
  .UNSPECIFIED.,.F.,.F.,(3,3),(0.,1.),.PIECEWISE_BEZIER_KNOTS.);
#5677 = CARTESIAN_POINT('',(35.99088716443,13.321287751678,1.1));
#5678 = CARTESIAN_POINT('',(35.99088716443,13.546937919463,1.1));
#5679 = CARTESIAN_POINT('',(35.806931627517,13.663066275168,1.1));
#5680 = ORIENTED_EDGE('',*,*,#5631,.T.);
#5681 = ORIENTED_EDGE('',*,*,#953,.F.);
#5682 = ORIENTED_EDGE('',*,*,#5683,.F.);
#5683 = EDGE_CURVE('',#5674,#954,#5684,.T.);
#5684 = LINE('',#5685,#5686);
#5685 = CARTESIAN_POINT('',(35.806931627517,13.663066275168,1.1));
#5686 = VECTOR('',#5687,1.);
#5687 = DIRECTION('',(0.,0.,1.));
#5688 = SURFACE_OF_LINEAR_EXTRUSION('',#5689,#5693);
#5689 = B_SPLINE_CURVE_WITH_KNOTS('',2,(#5690,#5691,#5692),
  .UNSPECIFIED.,.F.,.F.,(3,3),(0.,1.),.PIECEWISE_BEZIER_KNOTS.);
#5690 = CARTESIAN_POINT('',(35.99088716443,13.321287751678,1.1));
#5691 = CARTESIAN_POINT('',(35.99088716443,13.546937919463,1.1));
#5692 = CARTESIAN_POINT('',(35.806931627517,13.663066275168,1.1));
#5693 = VECTOR('',#5694,1.);
#5694 = DIRECTION('',(-0.,-0.,-1.));
#5695 = ADVANCED_FACE('',(#5696),#5714,.F.);
#5696 = FACE_BOUND('',#5697,.F.);
#5697 = EDGE_LOOP('',(#5698,#5706,#5712,#5713));
#5698 = ORIENTED_EDGE('',*,*,#5699,.F.);
#5699 = EDGE_CURVE('',#5700,#5648,#5702,.T.);
#5700 = VERTEX_POINT('',#5701);
#5701 = CARTESIAN_POINT('',(35.913810822148,14.727894295302,1.1));
#5702 = B_SPLINE_CURVE_WITH_KNOTS('',2,(#5703,#5704,#5705),
  .UNSPECIFIED.,.F.,.F.,(3,3),(0.,1.),.PIECEWISE_BEZIER_KNOTS.);
#5703 = CARTESIAN_POINT('',(35.913810822148,14.727894295302,1.1));
#5704 = CARTESIAN_POINT('',(35.913810822148,14.916547818792,1.1));
#5705 = CARTESIAN_POINT('',(35.761860318792,15.019609899329,1.1));
#5706 = ORIENTED_EDGE('',*,*,#5707,.T.);
#5707 = EDGE_CURVE('',#5700,#1017,#5708,.T.);
#5708 = LINE('',#5709,#5710);
#5709 = CARTESIAN_POINT('',(35.913810822148,14.727894295302,1.1));
#5710 = VECTOR('',#5711,1.);
#5711 = DIRECTION('',(0.,0.,1.));
#5712 = ORIENTED_EDGE('',*,*,#1031,.F.);
#5713 = ORIENTED_EDGE('',*,*,#5655,.F.);
#5714 = SURFACE_OF_LINEAR_EXTRUSION('',#5715,#5719);
#5715 = B_SPLINE_CURVE_WITH_KNOTS('',2,(#5716,#5717,#5718),
  .UNSPECIFIED.,.F.,.F.,(3,3),(0.,1.),.PIECEWISE_BEZIER_KNOTS.);
#5716 = CARTESIAN_POINT('',(35.913810822148,14.727894295302,1.1));
#5717 = CARTESIAN_POINT('',(35.913810822148,14.916547818792,1.1));
#5718 = CARTESIAN_POINT('',(35.761860318792,15.019609899329,1.1));
#5719 = VECTOR('',#5720,1.);
#5720 = DIRECTION('',(-0.,-0.,-1.));
#5721 = ADVANCED_FACE('',(#5722),#5740,.F.);
#5722 = FACE_BOUND('',#5723,.F.);
#5723 = EDGE_LOOP('',(#5724,#5732,#5733,#5734));
#5724 = ORIENTED_EDGE('',*,*,#5725,.F.);
#5725 = EDGE_CURVE('',#5674,#5726,#5728,.T.);
#5726 = VERTEX_POINT('',#5727);
#5727 = CARTESIAN_POINT('',(35.264167365772,13.779194630872,1.1));
#5728 = B_SPLINE_CURVE_WITH_KNOTS('',2,(#5729,#5730,#5731),
  .UNSPECIFIED.,.F.,.F.,(3,3),(0.,1.),.PIECEWISE_BEZIER_KNOTS.);
#5729 = CARTESIAN_POINT('',(35.806931627517,13.663066275168,1.1));
#5730 = CARTESIAN_POINT('',(35.623122902685,13.779194630872,1.1));
#5731 = CARTESIAN_POINT('',(35.264167365772,13.779194630872,1.1));
#5732 = ORIENTED_EDGE('',*,*,#5683,.T.);
#5733 = ORIENTED_EDGE('',*,*,#968,.F.);
#5734 = ORIENTED_EDGE('',*,*,#5735,.F.);
#5735 = EDGE_CURVE('',#5726,#969,#5736,.T.);
#5736 = LINE('',#5737,#5738);
#5737 = CARTESIAN_POINT('',(35.264167365772,13.779194630872,1.1));
#5738 = VECTOR('',#5739,1.);
#5739 = DIRECTION('',(0.,0.,1.));
#5740 = SURFACE_OF_LINEAR_EXTRUSION('',#5741,#5745);
#5741 = B_SPLINE_CURVE_WITH_KNOTS('',2,(#5742,#5743,#5744),
  .UNSPECIFIED.,.F.,.F.,(3,3),(0.,1.),.PIECEWISE_BEZIER_KNOTS.);
#5742 = CARTESIAN_POINT('',(35.806931627517,13.663066275168,1.1));
#5743 = CARTESIAN_POINT('',(35.623122902685,13.779194630872,1.1));
#5744 = CARTESIAN_POINT('',(35.264167365772,13.779194630872,1.1));
#5745 = VECTOR('',#5746,1.);
#5746 = DIRECTION('',(-0.,-0.,-1.));
#5747 = ADVANCED_FACE('',(#5748),#5766,.F.);
#5748 = FACE_BOUND('',#5749,.F.);
#5749 = EDGE_LOOP('',(#5750,#5758,#5764,#5765));
#5750 = ORIENTED_EDGE('',*,*,#5751,.F.);
#5751 = EDGE_CURVE('',#5752,#5700,#5754,.T.);
#5752 = VERTEX_POINT('',#5753);
#5753 = CARTESIAN_POINT('',(35.757455956376,14.423993288591,1.1));
#5754 = B_SPLINE_CURVE_WITH_KNOTS('',2,(#5755,#5756,#5757),
  .UNSPECIFIED.,.F.,.F.,(3,3),(0.,1.),.PIECEWISE_BEZIER_KNOTS.);
#5755 = CARTESIAN_POINT('',(35.757455956376,14.423993288591,1.1));
#5756 = CARTESIAN_POINT('',(35.913810822148,14.523825503356,1.1));
#5757 = CARTESIAN_POINT('',(35.913810822148,14.727894295302,1.1));
#5758 = ORIENTED_EDGE('',*,*,#5759,.T.);
#5759 = EDGE_CURVE('',#5752,#1005,#5760,.T.);
#5760 = LINE('',#5761,#5762);
#5761 = CARTESIAN_POINT('',(35.757455956376,14.423993288591,1.1));
#5762 = VECTOR('',#5763,1.);
#5763 = DIRECTION('',(0.,0.,1.));
#5764 = ORIENTED_EDGE('',*,*,#1016,.F.);
#5765 = ORIENTED_EDGE('',*,*,#5707,.F.);
#5766 = SURFACE_OF_LINEAR_EXTRUSION('',#5767,#5771);
#5767 = B_SPLINE_CURVE_WITH_KNOTS('',2,(#5768,#5769,#5770),
  .UNSPECIFIED.,.F.,.F.,(3,3),(0.,1.),.PIECEWISE_BEZIER_KNOTS.);
#5768 = CARTESIAN_POINT('',(35.757455956376,14.423993288591,1.1));
#5769 = CARTESIAN_POINT('',(35.913810822148,14.523825503356,1.1));
#5770 = CARTESIAN_POINT('',(35.913810822148,14.727894295302,1.1));
#5771 = VECTOR('',#5772,1.);
#5772 = DIRECTION('',(-0.,-0.,-1.));
#5773 = ADVANCED_FACE('',(#5774),#5792,.F.);
#5774 = FACE_BOUND('',#5775,.F.);
#5775 = EDGE_LOOP('',(#5776,#5784,#5785,#5786));
#5776 = ORIENTED_EDGE('',*,*,#5777,.F.);
#5777 = EDGE_CURVE('',#5726,#5778,#5780,.T.);
#5778 = VERTEX_POINT('',#5779);
#5779 = CARTESIAN_POINT('',(34.925031459732,13.779194630872,1.1));
#5780 = LINE('',#5781,#5782);
#5781 = CARTESIAN_POINT('',(35.264167365772,13.779194630872,1.1));
#5782 = VECTOR('',#5783,1.);
#5783 = DIRECTION('',(-1.,0.,0.));
#5784 = ORIENTED_EDGE('',*,*,#5735,.T.);
#5785 = ORIENTED_EDGE('',*,*,#980,.F.);
#5786 = ORIENTED_EDGE('',*,*,#5787,.F.);
#5787 = EDGE_CURVE('',#5778,#981,#5788,.T.);
#5788 = LINE('',#5789,#5790);
#5789 = CARTESIAN_POINT('',(34.925031459732,13.779194630872,1.1));
#5790 = VECTOR('',#5791,1.);
#5791 = DIRECTION('',(0.,0.,1.));
#5792 = PLANE('',#5793);
#5793 = AXIS2_PLACEMENT_3D('',#5794,#5795,#5796);
#5794 = CARTESIAN_POINT('',(35.264167365772,13.779194630872,1.1));
#5795 = DIRECTION('',(0.,-1.,0.));
#5796 = DIRECTION('',(-1.,0.,0.));
#5797 = ADVANCED_FACE('',(#5798),#5816,.F.);
#5798 = FACE_BOUND('',#5799,.F.);
#5799 = EDGE_LOOP('',(#5800,#5808,#5814,#5815));
#5800 = ORIENTED_EDGE('',*,*,#5801,.F.);
#5801 = EDGE_CURVE('',#5802,#5752,#5804,.T.);
#5802 = VERTEX_POINT('',#5803);
#5803 = CARTESIAN_POINT('',(35.281784815436,14.324161073826,1.1));
#5804 = B_SPLINE_CURVE_WITH_KNOTS('',2,(#5805,#5806,#5807),
  .UNSPECIFIED.,.F.,.F.,(3,3),(0.,1.),.PIECEWISE_BEZIER_KNOTS.);
#5805 = CARTESIAN_POINT('',(35.281784815436,14.324161073826,1.1));
#5806 = CARTESIAN_POINT('',(35.601101090604,14.324161073826,1.1));
#5807 = CARTESIAN_POINT('',(35.757455956376,14.423993288591,1.1));
#5808 = ORIENTED_EDGE('',*,*,#5809,.T.);
#5809 = EDGE_CURVE('',#5802,#997,#5810,.T.);
#5810 = LINE('',#5811,#5812);
#5811 = CARTESIAN_POINT('',(35.281784815436,14.324161073826,1.1));
#5812 = VECTOR('',#5813,1.);
#5813 = DIRECTION('',(0.,0.,1.));
#5814 = ORIENTED_EDGE('',*,*,#1004,.F.);
#5815 = ORIENTED_EDGE('',*,*,#5759,.F.);
#5816 = SURFACE_OF_LINEAR_EXTRUSION('',#5817,#5821);
#5817 = B_SPLINE_CURVE_WITH_KNOTS('',2,(#5818,#5819,#5820),
  .UNSPECIFIED.,.F.,.F.,(3,3),(0.,1.),.PIECEWISE_BEZIER_KNOTS.);
#5818 = CARTESIAN_POINT('',(35.281784815436,14.324161073826,1.1));
#5819 = CARTESIAN_POINT('',(35.601101090604,14.324161073826,1.1));
#5820 = CARTESIAN_POINT('',(35.757455956376,14.423993288591,1.1));
#5821 = VECTOR('',#5822,1.);
#5822 = DIRECTION('',(-0.,-0.,-1.));
#5823 = ADVANCED_FACE('',(#5824),#5842,.F.);
#5824 = FACE_BOUND('',#5825,.F.);
#5825 = EDGE_LOOP('',(#5826,#5834,#5835,#5836));
#5826 = ORIENTED_EDGE('',*,*,#5827,.F.);
#5827 = EDGE_CURVE('',#5778,#5828,#5830,.T.);
#5828 = VERTEX_POINT('',#5829);
#5829 = CARTESIAN_POINT('',(34.925031459732,14.324161073826,1.1));
#5830 = LINE('',#5831,#5832);
#5831 = CARTESIAN_POINT('',(34.925031459732,13.779194630872,1.1));
#5832 = VECTOR('',#5833,1.);
#5833 = DIRECTION('',(0.,1.,0.));
#5834 = ORIENTED_EDGE('',*,*,#5787,.T.);
#5835 = ORIENTED_EDGE('',*,*,#988,.F.);
#5836 = ORIENTED_EDGE('',*,*,#5837,.F.);
#5837 = EDGE_CURVE('',#5828,#989,#5838,.T.);
#5838 = LINE('',#5839,#5840);
#5839 = CARTESIAN_POINT('',(34.925031459732,14.324161073826,1.1));
#5840 = VECTOR('',#5841,1.);
#5841 = DIRECTION('',(0.,0.,1.));
#5842 = PLANE('',#5843);
#5843 = AXIS2_PLACEMENT_3D('',#5844,#5845,#5846);
#5844 = CARTESIAN_POINT('',(34.925031459732,13.779194630872,1.1));
#5845 = DIRECTION('',(-1.,0.,0.));
#5846 = DIRECTION('',(0.,1.,0.));
#5847 = ADVANCED_FACE('',(#5848),#5859,.F.);
#5848 = FACE_BOUND('',#5849,.F.);
#5849 = EDGE_LOOP('',(#5850,#5856,#5857,#5858));
#5850 = ORIENTED_EDGE('',*,*,#5851,.F.);
#5851 = EDGE_CURVE('',#5828,#5802,#5852,.T.);
#5852 = LINE('',#5853,#5854);
#5853 = CARTESIAN_POINT('',(34.925031459732,14.324161073826,1.1));
#5854 = VECTOR('',#5855,1.);
#5855 = DIRECTION('',(1.,0.,0.));
#5856 = ORIENTED_EDGE('',*,*,#5837,.T.);
#5857 = ORIENTED_EDGE('',*,*,#996,.F.);
#5858 = ORIENTED_EDGE('',*,*,#5809,.F.);
#5859 = PLANE('',#5860);
#5860 = AXIS2_PLACEMENT_3D('',#5861,#5862,#5863);
#5861 = CARTESIAN_POINT('',(34.925031459732,14.324161073826,1.1));
#5862 = DIRECTION('',(0.,1.,0.));
#5863 = DIRECTION('',(1.,0.,0.));
#5864 = ADVANCED_FACE('',(#5865),#5881,.T.);
#5865 = FACE_BOUND('',#5866,.T.);
#5866 = EDGE_LOOP('',(#5867,#5868,#5874,#5875));
#5867 = ORIENTED_EDGE('',*,*,#3252,.T.);
#5868 = ORIENTED_EDGE('',*,*,#5869,.T.);
#5869 = EDGE_CURVE('',#3255,#1170,#5870,.T.);
#5870 = LINE('',#5871,#5872);
#5871 = CARTESIAN_POINT('',(52.525,7.025,-0.6));
#5872 = VECTOR('',#5873,1.);
#5873 = DIRECTION('',(0.,0.,1.));
#5874 = ORIENTED_EDGE('',*,*,#1167,.F.);
#5875 = ORIENTED_EDGE('',*,*,#5876,.T.);
#5876 = EDGE_CURVE('',#1168,#3253,#5877,.T.);
#5877 = LINE('',#5878,#5879);
#5878 = CARTESIAN_POINT('',(54.025,7.025,-0.6));
#5879 = VECTOR('',#5880,1.);
#5880 = DIRECTION('',(-0.,0.,-1.));
#5881 = PLANE('',#5882);
#5882 = AXIS2_PLACEMENT_3D('',#5883,#5884,#5885);
#5883 = CARTESIAN_POINT('',(52.525,7.025,-0.6));
#5884 = DIRECTION('',(-0.,1.,0.));
#5885 = DIRECTION('',(0.,0.,1.));
#5886 = ADVANCED_FACE('',(#5887),#5898,.T.);
#5887 = FACE_BOUND('',#5888,.T.);
#5888 = EDGE_LOOP('',(#5889,#5890,#5896,#5897));
#5889 = ORIENTED_EDGE('',*,*,#1257,.F.);
#5890 = ORIENTED_EDGE('',*,*,#5891,.F.);
#5891 = EDGE_CURVE('',#3335,#1250,#5892,.T.);
#5892 = LINE('',#5893,#5894);
#5893 = CARTESIAN_POINT('',(54.025,5.525,-0.6));
#5894 = VECTOR('',#5895,1.);
#5895 = DIRECTION('',(0.,0.,1.));
#5896 = ORIENTED_EDGE('',*,*,#3342,.T.);
#5897 = ORIENTED_EDGE('',*,*,#5876,.F.);
#5898 = PLANE('',#5899);
#5899 = AXIS2_PLACEMENT_3D('',#5900,#5901,#5902);
#5900 = CARTESIAN_POINT('',(54.025,5.525,-0.6));
#5901 = DIRECTION('',(1.,0.,-0.));
#5902 = DIRECTION('',(0.,0.,1.));
#5903 = ADVANCED_FACE('',(#5904),#5915,.T.);
#5904 = FACE_BOUND('',#5905,.T.);
#5905 = EDGE_LOOP('',(#5906,#5907,#5908,#5914));
#5906 = ORIENTED_EDGE('',*,*,#5869,.F.);
#5907 = ORIENTED_EDGE('',*,*,#3262,.T.);
#5908 = ORIENTED_EDGE('',*,*,#5909,.T.);
#5909 = EDGE_CURVE('',#3263,#1178,#5910,.T.);
#5910 = LINE('',#5911,#5912);
#5911 = CARTESIAN_POINT('',(52.525,8.975,-0.6));
#5912 = VECTOR('',#5913,1.);
#5913 = DIRECTION('',(0.,0.,1.));
#5914 = ORIENTED_EDGE('',*,*,#1177,.F.);
#5915 = PLANE('',#5916);
#5916 = AXIS2_PLACEMENT_3D('',#5917,#5918,#5919);
#5917 = CARTESIAN_POINT('',(52.525,7.025,-0.6));
#5918 = DIRECTION('',(1.,0.,-0.));
#5919 = DIRECTION('',(0.,0.,1.));
#5920 = ADVANCED_FACE('',(#5921),#5932,.T.);
#5921 = FACE_BOUND('',#5922,.T.);
#5922 = EDGE_LOOP('',(#5923,#5929,#5930,#5931));
#5923 = ORIENTED_EDGE('',*,*,#5924,.F.);
#5924 = EDGE_CURVE('',#3327,#1242,#5925,.T.);
#5925 = LINE('',#5926,#5927);
#5926 = CARTESIAN_POINT('',(55.975,5.525,-0.6));
#5927 = VECTOR('',#5928,1.);
#5928 = DIRECTION('',(0.,0.,1.));
#5929 = ORIENTED_EDGE('',*,*,#3334,.T.);
#5930 = ORIENTED_EDGE('',*,*,#5891,.T.);
#5931 = ORIENTED_EDGE('',*,*,#1249,.F.);
#5932 = PLANE('',#5933);
#5933 = AXIS2_PLACEMENT_3D('',#5934,#5935,#5936);
#5934 = CARTESIAN_POINT('',(54.025,5.525,-0.6));
#5935 = DIRECTION('',(-0.,1.,0.));
#5936 = DIRECTION('',(0.,0.,1.));
#5937 = ADVANCED_FACE('',(#5938),#5949,.F.);
#5938 = FACE_BOUND('',#5939,.F.);
#5939 = EDGE_LOOP('',(#5940,#5941,#5942,#5943));
#5940 = ORIENTED_EDGE('',*,*,#3270,.T.);
#5941 = ORIENTED_EDGE('',*,*,#5909,.T.);
#5942 = ORIENTED_EDGE('',*,*,#1185,.F.);
#5943 = ORIENTED_EDGE('',*,*,#5944,.T.);
#5944 = EDGE_CURVE('',#1186,#3271,#5945,.T.);
#5945 = LINE('',#5946,#5947);
#5946 = CARTESIAN_POINT('',(54.025,8.975,-0.6));
#5947 = VECTOR('',#5948,1.);
#5948 = DIRECTION('',(-0.,0.,-1.));
#5949 = PLANE('',#5950);
#5950 = AXIS2_PLACEMENT_3D('',#5951,#5952,#5953);
#5951 = CARTESIAN_POINT('',(52.525,8.975,-0.6));
#5952 = DIRECTION('',(-0.,1.,0.));
#5953 = DIRECTION('',(0.,0.,1.));
#5954 = ADVANCED_FACE('',(#5955),#5966,.F.);
#5955 = FACE_BOUND('',#5956,.F.);
#5956 = EDGE_LOOP('',(#5957,#5958,#5959,#5960));
#5957 = ORIENTED_EDGE('',*,*,#1241,.F.);
#5958 = ORIENTED_EDGE('',*,*,#5924,.F.);
#5959 = ORIENTED_EDGE('',*,*,#3326,.T.);
#5960 = ORIENTED_EDGE('',*,*,#5961,.F.);
#5961 = EDGE_CURVE('',#1234,#3319,#5962,.T.);
#5962 = LINE('',#5963,#5964);
#5963 = CARTESIAN_POINT('',(55.975,7.025,-0.6));
#5964 = VECTOR('',#5965,1.);
#5965 = DIRECTION('',(-0.,0.,-1.));
#5966 = PLANE('',#5967);
#5967 = AXIS2_PLACEMENT_3D('',#5968,#5969,#5970);
#5968 = CARTESIAN_POINT('',(55.975,5.525,-0.6));
#5969 = DIRECTION('',(1.,0.,-0.));
#5970 = DIRECTION('',(0.,0.,1.));
#5971 = ADVANCED_FACE('',(#5972),#5983,.T.);
#5972 = FACE_BOUND('',#5973,.T.);
#5973 = EDGE_LOOP('',(#5974,#5975,#5976,#5977));
#5974 = ORIENTED_EDGE('',*,*,#1193,.F.);
#5975 = ORIENTED_EDGE('',*,*,#5944,.T.);
#5976 = ORIENTED_EDGE('',*,*,#3278,.T.);
#5977 = ORIENTED_EDGE('',*,*,#5978,.T.);
#5978 = EDGE_CURVE('',#3279,#1194,#5979,.T.);
#5979 = LINE('',#5980,#5981);
#5980 = CARTESIAN_POINT('',(54.025,10.475,-0.6));
#5981 = VECTOR('',#5982,1.);
#5982 = DIRECTION('',(0.,0.,1.));
#5983 = PLANE('',#5984);
#5984 = AXIS2_PLACEMENT_3D('',#5985,#5986,#5987);
#5985 = CARTESIAN_POINT('',(54.025,5.525,-0.6));
#5986 = DIRECTION('',(1.,0.,-0.));
#5987 = DIRECTION('',(0.,0.,1.));
#5988 = ADVANCED_FACE('',(#5989),#6000,.T.);
#5989 = FACE_BOUND('',#5990,.T.);
#5990 = EDGE_LOOP('',(#5991,#5992,#5993,#5994));
#5991 = ORIENTED_EDGE('',*,*,#3318,.T.);
#5992 = ORIENTED_EDGE('',*,*,#5961,.F.);
#5993 = ORIENTED_EDGE('',*,*,#1233,.F.);
#5994 = ORIENTED_EDGE('',*,*,#5995,.F.);
#5995 = EDGE_CURVE('',#3311,#1226,#5996,.T.);
#5996 = LINE('',#5997,#5998);
#5997 = CARTESIAN_POINT('',(57.475,7.025,-0.6));
#5998 = VECTOR('',#5999,1.);
#5999 = DIRECTION('',(0.,0.,1.));
#6000 = PLANE('',#6001);
#6001 = AXIS2_PLACEMENT_3D('',#6002,#6003,#6004);
#6002 = CARTESIAN_POINT('',(52.525,7.025,-0.6));
#6003 = DIRECTION('',(-0.,1.,0.));
#6004 = DIRECTION('',(0.,0.,1.));
#6005 = ADVANCED_FACE('',(#6006),#6017,.F.);
#6006 = FACE_BOUND('',#6007,.F.);
#6007 = EDGE_LOOP('',(#6008,#6014,#6015,#6016));
#6008 = ORIENTED_EDGE('',*,*,#6009,.F.);
#6009 = EDGE_CURVE('',#3287,#1202,#6010,.T.);
#6010 = LINE('',#6011,#6012);
#6011 = CARTESIAN_POINT('',(55.975,10.475,-0.6));
#6012 = VECTOR('',#6013,1.);
#6013 = DIRECTION('',(0.,0.,1.));
#6014 = ORIENTED_EDGE('',*,*,#3286,.T.);
#6015 = ORIENTED_EDGE('',*,*,#5978,.T.);
#6016 = ORIENTED_EDGE('',*,*,#1201,.F.);
#6017 = PLANE('',#6018);
#6018 = AXIS2_PLACEMENT_3D('',#6019,#6020,#6021);
#6019 = CARTESIAN_POINT('',(54.025,10.475,-0.6));
#6020 = DIRECTION('',(-0.,1.,0.));
#6021 = DIRECTION('',(0.,0.,1.));
#6022 = ADVANCED_FACE('',(#6023),#6034,.F.);
#6023 = FACE_BOUND('',#6024,.F.);
#6024 = EDGE_LOOP('',(#6025,#6026,#6027,#6033));
#6025 = ORIENTED_EDGE('',*,*,#5995,.F.);
#6026 = ORIENTED_EDGE('',*,*,#3310,.T.);
#6027 = ORIENTED_EDGE('',*,*,#6028,.T.);
#6028 = EDGE_CURVE('',#3303,#1218,#6029,.T.);
#6029 = LINE('',#6030,#6031);
#6030 = CARTESIAN_POINT('',(57.475,8.975,-0.6));
#6031 = VECTOR('',#6032,1.);
#6032 = DIRECTION('',(0.,0.,1.));
#6033 = ORIENTED_EDGE('',*,*,#1225,.F.);
#6034 = PLANE('',#6035);
#6035 = AXIS2_PLACEMENT_3D('',#6036,#6037,#6038);
#6036 = CARTESIAN_POINT('',(57.475,7.025,-0.6));
#6037 = DIRECTION('',(1.,0.,-0.));
#6038 = DIRECTION('',(0.,0.,1.));
#6039 = ADVANCED_FACE('',(#6040),#6051,.F.);
#6040 = FACE_BOUND('',#6041,.F.);
#6041 = EDGE_LOOP('',(#6042,#6043,#6049,#6050));
#6042 = ORIENTED_EDGE('',*,*,#1209,.F.);
#6043 = ORIENTED_EDGE('',*,*,#6044,.T.);
#6044 = EDGE_CURVE('',#1210,#3295,#6045,.T.);
#6045 = LINE('',#6046,#6047);
#6046 = CARTESIAN_POINT('',(55.975,8.975,-0.6));
#6047 = VECTOR('',#6048,1.);
#6048 = DIRECTION('',(-0.,0.,-1.));
#6049 = ORIENTED_EDGE('',*,*,#3294,.T.);
#6050 = ORIENTED_EDGE('',*,*,#6009,.T.);
#6051 = PLANE('',#6052);
#6052 = AXIS2_PLACEMENT_3D('',#6053,#6054,#6055);
#6053 = CARTESIAN_POINT('',(55.975,5.525,-0.6));
#6054 = DIRECTION('',(1.,0.,-0.));
#6055 = DIRECTION('',(0.,0.,1.));
#6056 = ADVANCED_FACE('',(#6057),#6063,.F.);
#6057 = FACE_BOUND('',#6058,.F.);
#6058 = EDGE_LOOP('',(#6059,#6060,#6061,#6062));
#6059 = ORIENTED_EDGE('',*,*,#3302,.T.);
#6060 = ORIENTED_EDGE('',*,*,#6044,.F.);
#6061 = ORIENTED_EDGE('',*,*,#1217,.F.);
#6062 = ORIENTED_EDGE('',*,*,#6028,.F.);
#6063 = PLANE('',#6064);
#6064 = AXIS2_PLACEMENT_3D('',#6065,#6066,#6067);
#6065 = CARTESIAN_POINT('',(52.525,8.975,-0.6));
#6066 = DIRECTION('',(-0.,1.,0.));
#6067 = DIRECTION('',(0.,0.,1.));
#6068 = ADVANCED_FACE('',(#6069),#6085,.T.);
#6069 = FACE_BOUND('',#6070,.T.);
#6070 = EDGE_LOOP('',(#6071,#6072,#6078,#6079));
#6071 = ORIENTED_EDGE('',*,*,#3350,.T.);
#6072 = ORIENTED_EDGE('',*,*,#6073,.T.);
#6073 = EDGE_CURVE('',#3353,#1268,#6074,.T.);
#6074 = LINE('',#6075,#6076);
#6075 = CARTESIAN_POINT('',(64.5,7.,-0.6));
#6076 = VECTOR('',#6077,1.);
#6077 = DIRECTION('',(0.,0.,1.));
#6078 = ORIENTED_EDGE('',*,*,#1265,.F.);
#6079 = ORIENTED_EDGE('',*,*,#6080,.T.);
#6080 = EDGE_CURVE('',#1266,#3351,#6081,.T.);
#6081 = LINE('',#6082,#6083);
#6082 = CARTESIAN_POINT('',(66.,7.,-0.6));
#6083 = VECTOR('',#6084,1.);
#6084 = DIRECTION('',(-0.,0.,-1.));
#6085 = PLANE('',#6086);
#6086 = AXIS2_PLACEMENT_3D('',#6087,#6088,#6089);
#6087 = CARTESIAN_POINT('',(64.5,7.,-0.6));
#6088 = DIRECTION('',(-0.,1.,0.));
#6089 = DIRECTION('',(0.,0.,1.));
#6090 = ADVANCED_FACE('',(#6091),#6102,.T.);
#6091 = FACE_BOUND('',#6092,.T.);
#6092 = EDGE_LOOP('',(#6093,#6094,#6100,#6101));
#6093 = ORIENTED_EDGE('',*,*,#1355,.F.);
#6094 = ORIENTED_EDGE('',*,*,#6095,.F.);
#6095 = EDGE_CURVE('',#3433,#1348,#6096,.T.);
#6096 = LINE('',#6097,#6098);
#6097 = CARTESIAN_POINT('',(66.,5.5,-0.6));
#6098 = VECTOR('',#6099,1.);
#6099 = DIRECTION('',(0.,0.,1.));
#6100 = ORIENTED_EDGE('',*,*,#3440,.T.);
#6101 = ORIENTED_EDGE('',*,*,#6080,.F.);
#6102 = PLANE('',#6103);
#6103 = AXIS2_PLACEMENT_3D('',#6104,#6105,#6106);
#6104 = CARTESIAN_POINT('',(66.,5.5,-0.6));
#6105 = DIRECTION('',(1.,0.,-0.));
#6106 = DIRECTION('',(0.,0.,1.));
#6107 = ADVANCED_FACE('',(#6108),#6119,.T.);
#6108 = FACE_BOUND('',#6109,.T.);
#6109 = EDGE_LOOP('',(#6110,#6111,#6112,#6118));
#6110 = ORIENTED_EDGE('',*,*,#6073,.F.);
#6111 = ORIENTED_EDGE('',*,*,#3360,.T.);
#6112 = ORIENTED_EDGE('',*,*,#6113,.T.);
#6113 = EDGE_CURVE('',#3361,#1276,#6114,.T.);
#6114 = LINE('',#6115,#6116);
#6115 = CARTESIAN_POINT('',(64.5,9.,-0.6));
#6116 = VECTOR('',#6117,1.);
#6117 = DIRECTION('',(0.,0.,1.));
#6118 = ORIENTED_EDGE('',*,*,#1275,.F.);
#6119 = PLANE('',#6120);
#6120 = AXIS2_PLACEMENT_3D('',#6121,#6122,#6123);
#6121 = CARTESIAN_POINT('',(64.5,7.,-0.6));
#6122 = DIRECTION('',(1.,0.,-0.));
#6123 = DIRECTION('',(0.,0.,1.));
#6124 = ADVANCED_FACE('',(#6125),#6136,.T.);
#6125 = FACE_BOUND('',#6126,.T.);
#6126 = EDGE_LOOP('',(#6127,#6133,#6134,#6135));
#6127 = ORIENTED_EDGE('',*,*,#6128,.F.);
#6128 = EDGE_CURVE('',#3425,#1340,#6129,.T.);
#6129 = LINE('',#6130,#6131);
#6130 = CARTESIAN_POINT('',(68.,5.5,-0.6));
#6131 = VECTOR('',#6132,1.);
#6132 = DIRECTION('',(0.,0.,1.));
#6133 = ORIENTED_EDGE('',*,*,#3432,.T.);
#6134 = ORIENTED_EDGE('',*,*,#6095,.T.);
#6135 = ORIENTED_EDGE('',*,*,#1347,.F.);
#6136 = PLANE('',#6137);
#6137 = AXIS2_PLACEMENT_3D('',#6138,#6139,#6140);
#6138 = CARTESIAN_POINT('',(66.,5.5,-0.6));
#6139 = DIRECTION('',(-0.,1.,0.));
#6140 = DIRECTION('',(0.,0.,1.));
#6141 = ADVANCED_FACE('',(#6142),#6153,.F.);
#6142 = FACE_BOUND('',#6143,.F.);
#6143 = EDGE_LOOP('',(#6144,#6145,#6146,#6147));
#6144 = ORIENTED_EDGE('',*,*,#3368,.T.);
#6145 = ORIENTED_EDGE('',*,*,#6113,.T.);
#6146 = ORIENTED_EDGE('',*,*,#1283,.F.);
#6147 = ORIENTED_EDGE('',*,*,#6148,.T.);
#6148 = EDGE_CURVE('',#1284,#3369,#6149,.T.);
#6149 = LINE('',#6150,#6151);
#6150 = CARTESIAN_POINT('',(66.,9.,-0.6));
#6151 = VECTOR('',#6152,1.);
#6152 = DIRECTION('',(-0.,0.,-1.));
#6153 = PLANE('',#6154);
#6154 = AXIS2_PLACEMENT_3D('',#6155,#6156,#6157);
#6155 = CARTESIAN_POINT('',(64.5,9.,-0.6));
#6156 = DIRECTION('',(-0.,1.,0.));
#6157 = DIRECTION('',(0.,0.,1.));
#6158 = ADVANCED_FACE('',(#6159),#6170,.F.);
#6159 = FACE_BOUND('',#6160,.F.);
#6160 = EDGE_LOOP('',(#6161,#6162,#6163,#6164));
#6161 = ORIENTED_EDGE('',*,*,#1339,.F.);
#6162 = ORIENTED_EDGE('',*,*,#6128,.F.);
#6163 = ORIENTED_EDGE('',*,*,#3424,.T.);
#6164 = ORIENTED_EDGE('',*,*,#6165,.F.);
#6165 = EDGE_CURVE('',#1332,#3417,#6166,.T.);
#6166 = LINE('',#6167,#6168);
#6167 = CARTESIAN_POINT('',(68.,7.,-0.6));
#6168 = VECTOR('',#6169,1.);
#6169 = DIRECTION('',(-0.,0.,-1.));
#6170 = PLANE('',#6171);
#6171 = AXIS2_PLACEMENT_3D('',#6172,#6173,#6174);
#6172 = CARTESIAN_POINT('',(68.,5.5,-0.6));
#6173 = DIRECTION('',(1.,0.,-0.));
#6174 = DIRECTION('',(0.,0.,1.));
#6175 = ADVANCED_FACE('',(#6176),#6187,.T.);
#6176 = FACE_BOUND('',#6177,.T.);
#6177 = EDGE_LOOP('',(#6178,#6179,#6180,#6181));
#6178 = ORIENTED_EDGE('',*,*,#1291,.F.);
#6179 = ORIENTED_EDGE('',*,*,#6148,.T.);
#6180 = ORIENTED_EDGE('',*,*,#3376,.T.);
#6181 = ORIENTED_EDGE('',*,*,#6182,.T.);
#6182 = EDGE_CURVE('',#3377,#1292,#6183,.T.);
#6183 = LINE('',#6184,#6185);
#6184 = CARTESIAN_POINT('',(66.,10.5,-0.6));
#6185 = VECTOR('',#6186,1.);
#6186 = DIRECTION('',(0.,0.,1.));
#6187 = PLANE('',#6188);
#6188 = AXIS2_PLACEMENT_3D('',#6189,#6190,#6191);
#6189 = CARTESIAN_POINT('',(66.,5.5,-0.6));
#6190 = DIRECTION('',(1.,0.,-0.));
#6191 = DIRECTION('',(0.,0.,1.));
#6192 = ADVANCED_FACE('',(#6193),#6204,.T.);
#6193 = FACE_BOUND('',#6194,.T.);
#6194 = EDGE_LOOP('',(#6195,#6196,#6197,#6198));
#6195 = ORIENTED_EDGE('',*,*,#3416,.T.);
#6196 = ORIENTED_EDGE('',*,*,#6165,.F.);
#6197 = ORIENTED_EDGE('',*,*,#1331,.F.);
#6198 = ORIENTED_EDGE('',*,*,#6199,.F.);
#6199 = EDGE_CURVE('',#3409,#1324,#6200,.T.);
#6200 = LINE('',#6201,#6202);
#6201 = CARTESIAN_POINT('',(69.5,7.,-0.6));
#6202 = VECTOR('',#6203,1.);
#6203 = DIRECTION('',(0.,0.,1.));
#6204 = PLANE('',#6205);
#6205 = AXIS2_PLACEMENT_3D('',#6206,#6207,#6208);
#6206 = CARTESIAN_POINT('',(64.5,7.,-0.6));
#6207 = DIRECTION('',(-0.,1.,0.));
#6208 = DIRECTION('',(0.,0.,1.));
#6209 = ADVANCED_FACE('',(#6210),#6221,.F.);
#6210 = FACE_BOUND('',#6211,.F.);
#6211 = EDGE_LOOP('',(#6212,#6218,#6219,#6220));
#6212 = ORIENTED_EDGE('',*,*,#6213,.F.);
#6213 = EDGE_CURVE('',#3385,#1300,#6214,.T.);
#6214 = LINE('',#6215,#6216);
#6215 = CARTESIAN_POINT('',(68.,10.5,-0.6));
#6216 = VECTOR('',#6217,1.);
#6217 = DIRECTION('',(0.,0.,1.));
#6218 = ORIENTED_EDGE('',*,*,#3384,.T.);
#6219 = ORIENTED_EDGE('',*,*,#6182,.T.);
#6220 = ORIENTED_EDGE('',*,*,#1299,.F.);
#6221 = PLANE('',#6222);
#6222 = AXIS2_PLACEMENT_3D('',#6223,#6224,#6225);
#6223 = CARTESIAN_POINT('',(66.,10.5,-0.6));
#6224 = DIRECTION('',(-0.,1.,0.));
#6225 = DIRECTION('',(0.,0.,1.));
#6226 = ADVANCED_FACE('',(#6227),#6238,.F.);
#6227 = FACE_BOUND('',#6228,.F.);
#6228 = EDGE_LOOP('',(#6229,#6230,#6231,#6237));
#6229 = ORIENTED_EDGE('',*,*,#6199,.F.);
#6230 = ORIENTED_EDGE('',*,*,#3408,.T.);
#6231 = ORIENTED_EDGE('',*,*,#6232,.T.);
#6232 = EDGE_CURVE('',#3401,#1316,#6233,.T.);
#6233 = LINE('',#6234,#6235);
#6234 = CARTESIAN_POINT('',(69.5,9.,-0.6));
#6235 = VECTOR('',#6236,1.);
#6236 = DIRECTION('',(0.,0.,1.));
#6237 = ORIENTED_EDGE('',*,*,#1323,.F.);
#6238 = PLANE('',#6239);
#6239 = AXIS2_PLACEMENT_3D('',#6240,#6241,#6242);
#6240 = CARTESIAN_POINT('',(69.5,7.,-0.6));
#6241 = DIRECTION('',(1.,0.,-0.));
#6242 = DIRECTION('',(0.,0.,1.));
#6243 = ADVANCED_FACE('',(#6244),#6255,.F.);
#6244 = FACE_BOUND('',#6245,.F.);
#6245 = EDGE_LOOP('',(#6246,#6247,#6253,#6254));
#6246 = ORIENTED_EDGE('',*,*,#1307,.F.);
#6247 = ORIENTED_EDGE('',*,*,#6248,.T.);
#6248 = EDGE_CURVE('',#1308,#3393,#6249,.T.);
#6249 = LINE('',#6250,#6251);
#6250 = CARTESIAN_POINT('',(68.,9.,-0.6));
#6251 = VECTOR('',#6252,1.);
#6252 = DIRECTION('',(-0.,0.,-1.));
#6253 = ORIENTED_EDGE('',*,*,#3392,.T.);
#6254 = ORIENTED_EDGE('',*,*,#6213,.T.);
#6255 = PLANE('',#6256);
#6256 = AXIS2_PLACEMENT_3D('',#6257,#6258,#6259);
#6257 = CARTESIAN_POINT('',(68.,5.5,-0.6));
#6258 = DIRECTION('',(1.,0.,-0.));
#6259 = DIRECTION('',(0.,0.,1.));
#6260 = ADVANCED_FACE('',(#6261),#6267,.F.);
#6261 = FACE_BOUND('',#6262,.F.);
#6262 = EDGE_LOOP('',(#6263,#6264,#6265,#6266));
#6263 = ORIENTED_EDGE('',*,*,#3400,.T.);
#6264 = ORIENTED_EDGE('',*,*,#6248,.F.);
#6265 = ORIENTED_EDGE('',*,*,#1315,.F.);
#6266 = ORIENTED_EDGE('',*,*,#6232,.F.);
#6267 = PLANE('',#6268);
#6268 = AXIS2_PLACEMENT_3D('',#6269,#6270,#6271);
#6269 = CARTESIAN_POINT('',(64.5,9.,-0.6));
#6270 = DIRECTION('',(-0.,1.,0.));
#6271 = DIRECTION('',(0.,0.,1.));
#6272 = ADVANCED_FACE('',(#6273),#6289,.T.);
#6273 = FACE_BOUND('',#6274,.T.);
#6274 = EDGE_LOOP('',(#6275,#6276,#6282,#6283));
#6275 = ORIENTED_EDGE('',*,*,#3448,.T.);
#6276 = ORIENTED_EDGE('',*,*,#6277,.T.);
#6277 = EDGE_CURVE('',#3451,#1366,#6278,.T.);
#6278 = LINE('',#6279,#6280);
#6279 = CARTESIAN_POINT('',(76.475,6.975,-0.6));
#6280 = VECTOR('',#6281,1.);
#6281 = DIRECTION('',(0.,0.,1.));
#6282 = ORIENTED_EDGE('',*,*,#1363,.F.);
#6283 = ORIENTED_EDGE('',*,*,#6284,.T.);
#6284 = EDGE_CURVE('',#1364,#3449,#6285,.T.);
#6285 = LINE('',#6286,#6287);
#6286 = CARTESIAN_POINT('',(77.975,6.975,-0.6));
#6287 = VECTOR('',#6288,1.);
#6288 = DIRECTION('',(-0.,0.,-1.));
#6289 = PLANE('',#6290);
#6290 = AXIS2_PLACEMENT_3D('',#6291,#6292,#6293);
#6291 = CARTESIAN_POINT('',(76.475,6.975,-0.6));
#6292 = DIRECTION('',(-0.,1.,0.));
#6293 = DIRECTION('',(0.,0.,1.));
#6294 = ADVANCED_FACE('',(#6295),#6306,.T.);
#6295 = FACE_BOUND('',#6296,.T.);
#6296 = EDGE_LOOP('',(#6297,#6298,#6304,#6305));
#6297 = ORIENTED_EDGE('',*,*,#1453,.F.);
#6298 = ORIENTED_EDGE('',*,*,#6299,.F.);
#6299 = EDGE_CURVE('',#3531,#1446,#6300,.T.);
#6300 = LINE('',#6301,#6302);
#6301 = CARTESIAN_POINT('',(77.975,5.475,-0.6));
#6302 = VECTOR('',#6303,1.);
#6303 = DIRECTION('',(0.,0.,1.));
#6304 = ORIENTED_EDGE('',*,*,#3538,.T.);
#6305 = ORIENTED_EDGE('',*,*,#6284,.F.);
#6306 = PLANE('',#6307);
#6307 = AXIS2_PLACEMENT_3D('',#6308,#6309,#6310);
#6308 = CARTESIAN_POINT('',(77.975,5.475,-0.6));
#6309 = DIRECTION('',(1.,0.,-0.));
#6310 = DIRECTION('',(0.,0.,1.));
#6311 = ADVANCED_FACE('',(#6312),#6323,.T.);
#6312 = FACE_BOUND('',#6313,.T.);
#6313 = EDGE_LOOP('',(#6314,#6315,#6316,#6322));
#6314 = ORIENTED_EDGE('',*,*,#6277,.F.);
#6315 = ORIENTED_EDGE('',*,*,#3458,.T.);
#6316 = ORIENTED_EDGE('',*,*,#6317,.T.);
#6317 = EDGE_CURVE('',#3459,#1374,#6318,.T.);
#6318 = LINE('',#6319,#6320);
#6319 = CARTESIAN_POINT('',(76.475,9.025,-0.6));
#6320 = VECTOR('',#6321,1.);
#6321 = DIRECTION('',(0.,0.,1.));
#6322 = ORIENTED_EDGE('',*,*,#1373,.F.);
#6323 = PLANE('',#6324);
#6324 = AXIS2_PLACEMENT_3D('',#6325,#6326,#6327);
#6325 = CARTESIAN_POINT('',(76.475,6.975,-0.6));
#6326 = DIRECTION('',(1.,0.,-0.));
#6327 = DIRECTION('',(0.,0.,1.));
#6328 = ADVANCED_FACE('',(#6329),#6340,.T.);
#6329 = FACE_BOUND('',#6330,.T.);
#6330 = EDGE_LOOP('',(#6331,#6337,#6338,#6339));
#6331 = ORIENTED_EDGE('',*,*,#6332,.F.);
#6332 = EDGE_CURVE('',#3523,#1438,#6333,.T.);
#6333 = LINE('',#6334,#6335);
#6334 = CARTESIAN_POINT('',(80.025,5.475,-0.6));
#6335 = VECTOR('',#6336,1.);
#6336 = DIRECTION('',(0.,0.,1.));
#6337 = ORIENTED_EDGE('',*,*,#3530,.T.);
#6338 = ORIENTED_EDGE('',*,*,#6299,.T.);
#6339 = ORIENTED_EDGE('',*,*,#1445,.F.);
#6340 = PLANE('',#6341);
#6341 = AXIS2_PLACEMENT_3D('',#6342,#6343,#6344);
#6342 = CARTESIAN_POINT('',(77.975,5.475,-0.6));
#6343 = DIRECTION('',(-0.,1.,0.));
#6344 = DIRECTION('',(0.,0.,1.));
#6345 = ADVANCED_FACE('',(#6346),#6357,.F.);
#6346 = FACE_BOUND('',#6347,.F.);
#6347 = EDGE_LOOP('',(#6348,#6349,#6350,#6351));
#6348 = ORIENTED_EDGE('',*,*,#3466,.T.);
#6349 = ORIENTED_EDGE('',*,*,#6317,.T.);
#6350 = ORIENTED_EDGE('',*,*,#1381,.F.);
#6351 = ORIENTED_EDGE('',*,*,#6352,.T.);
#6352 = EDGE_CURVE('',#1382,#3467,#6353,.T.);
#6353 = LINE('',#6354,#6355);
#6354 = CARTESIAN_POINT('',(77.975,9.025,-0.6));
#6355 = VECTOR('',#6356,1.);
#6356 = DIRECTION('',(-0.,0.,-1.));
#6357 = PLANE('',#6358);
#6358 = AXIS2_PLACEMENT_3D('',#6359,#6360,#6361);
#6359 = CARTESIAN_POINT('',(76.475,9.025,-0.6));
#6360 = DIRECTION('',(-0.,1.,0.));
#6361 = DIRECTION('',(0.,0.,1.));
#6362 = ADVANCED_FACE('',(#6363),#6374,.F.);
#6363 = FACE_BOUND('',#6364,.F.);
#6364 = EDGE_LOOP('',(#6365,#6366,#6367,#6368));
#6365 = ORIENTED_EDGE('',*,*,#1437,.F.);
#6366 = ORIENTED_EDGE('',*,*,#6332,.F.);
#6367 = ORIENTED_EDGE('',*,*,#3522,.T.);
#6368 = ORIENTED_EDGE('',*,*,#6369,.F.);
#6369 = EDGE_CURVE('',#1430,#3515,#6370,.T.);
#6370 = LINE('',#6371,#6372);
#6371 = CARTESIAN_POINT('',(80.025,6.975,-0.6));
#6372 = VECTOR('',#6373,1.);
#6373 = DIRECTION('',(-0.,0.,-1.));
#6374 = PLANE('',#6375);
#6375 = AXIS2_PLACEMENT_3D('',#6376,#6377,#6378);
#6376 = CARTESIAN_POINT('',(80.025,5.475,-0.6));
#6377 = DIRECTION('',(1.,0.,-0.));
#6378 = DIRECTION('',(0.,0.,1.));
#6379 = ADVANCED_FACE('',(#6380),#6391,.T.);
#6380 = FACE_BOUND('',#6381,.T.);
#6381 = EDGE_LOOP('',(#6382,#6383,#6384,#6385));
#6382 = ORIENTED_EDGE('',*,*,#1389,.F.);
#6383 = ORIENTED_EDGE('',*,*,#6352,.T.);
#6384 = ORIENTED_EDGE('',*,*,#3474,.T.);
#6385 = ORIENTED_EDGE('',*,*,#6386,.T.);
#6386 = EDGE_CURVE('',#3475,#1390,#6387,.T.);
#6387 = LINE('',#6388,#6389);
#6388 = CARTESIAN_POINT('',(77.975,10.525,-0.6));
#6389 = VECTOR('',#6390,1.);
#6390 = DIRECTION('',(0.,0.,1.));
#6391 = PLANE('',#6392);
#6392 = AXIS2_PLACEMENT_3D('',#6393,#6394,#6395);
#6393 = CARTESIAN_POINT('',(77.975,5.475,-0.6));
#6394 = DIRECTION('',(1.,0.,-0.));
#6395 = DIRECTION('',(0.,0.,1.));
#6396 = ADVANCED_FACE('',(#6397),#6408,.T.);
#6397 = FACE_BOUND('',#6398,.T.);
#6398 = EDGE_LOOP('',(#6399,#6400,#6401,#6402));
#6399 = ORIENTED_EDGE('',*,*,#3514,.T.);
#6400 = ORIENTED_EDGE('',*,*,#6369,.F.);
#6401 = ORIENTED_EDGE('',*,*,#1429,.F.);
#6402 = ORIENTED_EDGE('',*,*,#6403,.F.);
#6403 = EDGE_CURVE('',#3507,#1422,#6404,.T.);
#6404 = LINE('',#6405,#6406);
#6405 = CARTESIAN_POINT('',(81.525,6.975,-0.6));
#6406 = VECTOR('',#6407,1.);
#6407 = DIRECTION('',(0.,0.,1.));
#6408 = PLANE('',#6409);
#6409 = AXIS2_PLACEMENT_3D('',#6410,#6411,#6412);
#6410 = CARTESIAN_POINT('',(76.475,6.975,-0.6));
#6411 = DIRECTION('',(-0.,1.,0.));
#6412 = DIRECTION('',(0.,0.,1.));
#6413 = ADVANCED_FACE('',(#6414),#6425,.F.);
#6414 = FACE_BOUND('',#6415,.F.);
#6415 = EDGE_LOOP('',(#6416,#6422,#6423,#6424));
#6416 = ORIENTED_EDGE('',*,*,#6417,.F.);
#6417 = EDGE_CURVE('',#3483,#1398,#6418,.T.);
#6418 = LINE('',#6419,#6420);
#6419 = CARTESIAN_POINT('',(80.025,10.525,-0.6));
#6420 = VECTOR('',#6421,1.);
#6421 = DIRECTION('',(0.,0.,1.));
#6422 = ORIENTED_EDGE('',*,*,#3482,.T.);
#6423 = ORIENTED_EDGE('',*,*,#6386,.T.);
#6424 = ORIENTED_EDGE('',*,*,#1397,.F.);
#6425 = PLANE('',#6426);
#6426 = AXIS2_PLACEMENT_3D('',#6427,#6428,#6429);
#6427 = CARTESIAN_POINT('',(77.975,10.525,-0.6));
#6428 = DIRECTION('',(-0.,1.,0.));
#6429 = DIRECTION('',(0.,0.,1.));
#6430 = ADVANCED_FACE('',(#6431),#6442,.F.);
#6431 = FACE_BOUND('',#6432,.F.);
#6432 = EDGE_LOOP('',(#6433,#6434,#6435,#6441));
#6433 = ORIENTED_EDGE('',*,*,#6403,.F.);
#6434 = ORIENTED_EDGE('',*,*,#3506,.T.);
#6435 = ORIENTED_EDGE('',*,*,#6436,.T.);
#6436 = EDGE_CURVE('',#3499,#1414,#6437,.T.);
#6437 = LINE('',#6438,#6439);
#6438 = CARTESIAN_POINT('',(81.525,9.025,-0.6));
#6439 = VECTOR('',#6440,1.);
#6440 = DIRECTION('',(0.,0.,1.));
#6441 = ORIENTED_EDGE('',*,*,#1421,.F.);
#6442 = PLANE('',#6443);
#6443 = AXIS2_PLACEMENT_3D('',#6444,#6445,#6446);
#6444 = CARTESIAN_POINT('',(81.525,6.975,-0.6));
#6445 = DIRECTION('',(1.,0.,-0.));
#6446 = DIRECTION('',(0.,0.,1.));
#6447 = ADVANCED_FACE('',(#6448),#6459,.F.);
#6448 = FACE_BOUND('',#6449,.F.);
#6449 = EDGE_LOOP('',(#6450,#6451,#6457,#6458));
#6450 = ORIENTED_EDGE('',*,*,#1405,.F.);
#6451 = ORIENTED_EDGE('',*,*,#6452,.T.);
#6452 = EDGE_CURVE('',#1406,#3491,#6453,.T.);
#6453 = LINE('',#6454,#6455);
#6454 = CARTESIAN_POINT('',(80.025,9.025,-0.6));
#6455 = VECTOR('',#6456,1.);
#6456 = DIRECTION('',(-0.,0.,-1.));
#6457 = ORIENTED_EDGE('',*,*,#3490,.T.);
#6458 = ORIENTED_EDGE('',*,*,#6417,.T.);
#6459 = PLANE('',#6460);
#6460 = AXIS2_PLACEMENT_3D('',#6461,#6462,#6463);
#6461 = CARTESIAN_POINT('',(80.025,5.475,-0.6));
#6462 = DIRECTION('',(1.,0.,-0.));
#6463 = DIRECTION('',(0.,0.,1.));
#6464 = ADVANCED_FACE('',(#6465),#6471,.F.);
#6465 = FACE_BOUND('',#6466,.F.);
#6466 = EDGE_LOOP('',(#6467,#6468,#6469,#6470));
#6467 = ORIENTED_EDGE('',*,*,#3498,.T.);
#6468 = ORIENTED_EDGE('',*,*,#6452,.F.);
#6469 = ORIENTED_EDGE('',*,*,#1413,.F.);
#6470 = ORIENTED_EDGE('',*,*,#6436,.F.);
#6471 = PLANE('',#6472);
#6472 = AXIS2_PLACEMENT_3D('',#6473,#6474,#6475);
#6473 = CARTESIAN_POINT('',(76.475,9.025,-0.6));
#6474 = DIRECTION('',(-0.,1.,0.));
#6475 = DIRECTION('',(0.,0.,1.));
#6476 = ADVANCED_FACE('',(#6477),#6502,.F.);
#6477 = FACE_BOUND('',#6478,.F.);
#6478 = EDGE_LOOP('',(#6479,#6489,#6495,#6496));
#6479 = ORIENTED_EDGE('',*,*,#6480,.F.);
#6480 = EDGE_CURVE('',#6481,#6483,#6485,.T.);
#6481 = VERTEX_POINT('',#6482);
#6482 = CARTESIAN_POINT('',(47.552653104027,15.644295302013,1.1));
#6483 = VERTEX_POINT('',#6484);
#6484 = CARTESIAN_POINT('',(48.495186661074,15.644295302013,1.1));
#6485 = LINE('',#6486,#6487);
#6486 = CARTESIAN_POINT('',(47.552653104027,15.644295302013,1.1));
#6487 = VECTOR('',#6488,1.);
#6488 = DIRECTION('',(1.,0.,0.));
#6489 = ORIENTED_EDGE('',*,*,#6490,.T.);
#6490 = EDGE_CURVE('',#6481,#1464,#6491,.T.);
#6491 = LINE('',#6492,#6493);
#6492 = CARTESIAN_POINT('',(47.552653104027,15.644295302013,1.1));
#6493 = VECTOR('',#6494,1.);
#6494 = DIRECTION('',(0.,0.,1.));
#6495 = ORIENTED_EDGE('',*,*,#1461,.F.);
#6496 = ORIENTED_EDGE('',*,*,#6497,.F.);
#6497 = EDGE_CURVE('',#6483,#1462,#6498,.T.);
#6498 = LINE('',#6499,#6500);
#6499 = CARTESIAN_POINT('',(48.495186661074,15.644295302013,1.1));
#6500 = VECTOR('',#6501,1.);
#6501 = DIRECTION('',(0.,0.,1.));
#6502 = PLANE('',#6503);
#6503 = AXIS2_PLACEMENT_3D('',#6504,#6505,#6506);
#6504 = CARTESIAN_POINT('',(47.552653104027,15.644295302013,1.1));
#6505 = DIRECTION('',(0.,1.,0.));
#6506 = DIRECTION('',(1.,0.,0.));
#6507 = ADVANCED_FACE('',(#6508),#6526,.F.);
#6508 = FACE_BOUND('',#6509,.F.);
#6509 = EDGE_LOOP('',(#6510,#6518,#6519,#6520));
#6510 = ORIENTED_EDGE('',*,*,#6511,.F.);
#6511 = EDGE_CURVE('',#6483,#6512,#6514,.T.);
#6512 = VERTEX_POINT('',#6513);
#6513 = CARTESIAN_POINT('',(48.495186661074,13.567785234899,1.1));
#6514 = LINE('',#6515,#6516);
#6515 = CARTESIAN_POINT('',(48.495186661074,15.644295302013,1.1));
#6516 = VECTOR('',#6517,1.);
#6517 = DIRECTION('',(0.,-1.,0.));
#6518 = ORIENTED_EDGE('',*,*,#6497,.T.);
#6519 = ORIENTED_EDGE('',*,*,#1471,.F.);
#6520 = ORIENTED_EDGE('',*,*,#6521,.F.);
#6521 = EDGE_CURVE('',#6512,#1472,#6522,.T.);
#6522 = LINE('',#6523,#6524);
#6523 = CARTESIAN_POINT('',(48.495186661074,13.567785234899,1.1));
#6524 = VECTOR('',#6525,1.);
#6525 = DIRECTION('',(0.,0.,1.));
#6526 = PLANE('',#6527);
#6527 = AXIS2_PLACEMENT_3D('',#6528,#6529,#6530);
#6528 = CARTESIAN_POINT('',(48.495186661074,15.644295302013,1.1));
#6529 = DIRECTION('',(1.,0.,0.));
#6530 = DIRECTION('',(0.,-1.,0.));
#6531 = ADVANCED_FACE('',(#6532),#6550,.F.);
#6532 = FACE_BOUND('',#6533,.F.);
#6533 = EDGE_LOOP('',(#6534,#6542,#6548,#6549));
#6534 = ORIENTED_EDGE('',*,*,#6535,.F.);
#6535 = EDGE_CURVE('',#6536,#6481,#6538,.T.);
#6536 = VERTEX_POINT('',#6537);
#6537 = CARTESIAN_POINT('',(46.235748741611,13.683326342282,1.1));
#6538 = LINE('',#6539,#6540);
#6539 = CARTESIAN_POINT('',(46.235748741611,13.683326342282,1.1));
#6540 = VECTOR('',#6541,1.);
#6541 = DIRECTION('',(0.557508237146,0.830171407309,0.));
#6542 = ORIENTED_EDGE('',*,*,#6543,.T.);
#6543 = EDGE_CURVE('',#6536,#1536,#6544,.T.);
#6544 = LINE('',#6545,#6546);
#6545 = CARTESIAN_POINT('',(46.235748741611,13.683326342282,1.1));
#6546 = VECTOR('',#6547,1.);
#6547 = DIRECTION('',(0.,0.,1.));
#6548 = ORIENTED_EDGE('',*,*,#1543,.F.);
#6549 = ORIENTED_EDGE('',*,*,#6490,.F.);
#6550 = PLANE('',#6551);
#6551 = AXIS2_PLACEMENT_3D('',#6552,#6553,#6554);
#6552 = CARTESIAN_POINT('',(46.235748741611,13.683326342282,1.1));
#6553 = DIRECTION('',(-0.830171407309,0.557508237146,0.));
#6554 = DIRECTION('',(0.557508237146,0.830171407309,0.));
#6555 = ADVANCED_FACE('',(#6556),#6574,.F.);
#6556 = FACE_BOUND('',#6557,.F.);
#6557 = EDGE_LOOP('',(#6558,#6566,#6567,#6568));
#6558 = ORIENTED_EDGE('',*,*,#6559,.F.);
#6559 = EDGE_CURVE('',#6512,#6560,#6562,.T.);
#6560 = VERTEX_POINT('',#6561);
#6561 = CARTESIAN_POINT('',(48.964251258389,13.567785234899,1.1));
#6562 = LINE('',#6563,#6564);
#6563 = CARTESIAN_POINT('',(48.495186661074,13.567785234899,1.1));
#6564 = VECTOR('',#6565,1.);
#6565 = DIRECTION('',(1.,0.,0.));
#6566 = ORIENTED_EDGE('',*,*,#6521,.T.);
#6567 = ORIENTED_EDGE('',*,*,#1479,.F.);
#6568 = ORIENTED_EDGE('',*,*,#6569,.F.);
#6569 = EDGE_CURVE('',#6560,#1480,#6570,.T.);
#6570 = LINE('',#6571,#6572);
#6571 = CARTESIAN_POINT('',(48.964251258389,13.567785234899,1.1));
#6572 = VECTOR('',#6573,1.);
#6573 = DIRECTION('',(0.,0.,1.));
#6574 = PLANE('',#6575);
#6575 = AXIS2_PLACEMENT_3D('',#6576,#6577,#6578);
#6576 = CARTESIAN_POINT('',(48.495186661074,13.567785234899,1.1));
#6577 = DIRECTION('',(0.,1.,0.));
#6578 = DIRECTION('',(1.,0.,0.));
#6579 = ADVANCED_FACE('',(#6580),#6598,.F.);
#6580 = FACE_BOUND('',#6581,.F.);
#6581 = EDGE_LOOP('',(#6582,#6590,#6596,#6597));
#6582 = ORIENTED_EDGE('',*,*,#6583,.F.);
#6583 = EDGE_CURVE('',#6584,#6536,#6586,.T.);
#6584 = VERTEX_POINT('',#6585);
#6585 = CARTESIAN_POINT('',(46.235748741611,12.957046979866,1.1));
#6586 = LINE('',#6587,#6588);
#6587 = CARTESIAN_POINT('',(46.235748741611,12.957046979866,1.1));
#6588 = VECTOR('',#6589,1.);
#6589 = DIRECTION('',(0.,1.,0.));
#6590 = ORIENTED_EDGE('',*,*,#6591,.T.);
#6591 = EDGE_CURVE('',#6584,#1528,#6592,.T.);
#6592 = LINE('',#6593,#6594);
#6593 = CARTESIAN_POINT('',(46.235748741611,12.957046979866,1.1));
#6594 = VECTOR('',#6595,1.);
#6595 = DIRECTION('',(0.,0.,1.));
#6596 = ORIENTED_EDGE('',*,*,#1535,.F.);
#6597 = ORIENTED_EDGE('',*,*,#6543,.F.);
#6598 = PLANE('',#6599);
#6599 = AXIS2_PLACEMENT_3D('',#6600,#6601,#6602);
#6600 = CARTESIAN_POINT('',(46.235748741611,12.957046979866,1.1));
#6601 = DIRECTION('',(-1.,0.,0.));
#6602 = DIRECTION('',(0.,1.,0.));
#6603 = ADVANCED_FACE('',(#6604),#6622,.F.);
#6604 = FACE_BOUND('',#6605,.F.);
#6605 = EDGE_LOOP('',(#6606,#6614,#6615,#6616));
#6606 = ORIENTED_EDGE('',*,*,#6607,.F.);
#6607 = EDGE_CURVE('',#6560,#6608,#6610,.T.);
#6608 = VERTEX_POINT('',#6609);
#6609 = CARTESIAN_POINT('',(48.964251258389,12.957046979866,1.1));
#6610 = LINE('',#6611,#6612);
#6611 = CARTESIAN_POINT('',(48.964251258389,13.567785234899,1.1));
#6612 = VECTOR('',#6613,1.);
#6613 = DIRECTION('',(0.,-1.,0.));
#6614 = ORIENTED_EDGE('',*,*,#6569,.T.);
#6615 = ORIENTED_EDGE('',*,*,#1487,.F.);
#6616 = ORIENTED_EDGE('',*,*,#6617,.F.);
#6617 = EDGE_CURVE('',#6608,#1488,#6618,.T.);
#6618 = LINE('',#6619,#6620);
#6619 = CARTESIAN_POINT('',(48.964251258389,12.957046979866,1.1));
#6620 = VECTOR('',#6621,1.);
#6621 = DIRECTION('',(0.,0.,1.));
#6622 = PLANE('',#6623);
#6623 = AXIS2_PLACEMENT_3D('',#6624,#6625,#6626);
#6624 = CARTESIAN_POINT('',(48.964251258389,13.567785234899,1.1));
#6625 = DIRECTION('',(1.,0.,0.));
#6626 = DIRECTION('',(0.,-1.,0.));
#6627 = ADVANCED_FACE('',(#6628),#6646,.F.);
#6628 = FACE_BOUND('',#6629,.F.);
#6629 = EDGE_LOOP('',(#6630,#6638,#6644,#6645));
#6630 = ORIENTED_EDGE('',*,*,#6631,.F.);
#6631 = EDGE_CURVE('',#6632,#6584,#6634,.T.);
#6632 = VERTEX_POINT('',#6633);
#6633 = CARTESIAN_POINT('',(47.693592701342,12.957046979866,1.1));
#6634 = LINE('',#6635,#6636);
#6635 = CARTESIAN_POINT('',(47.693592701342,12.957046979866,1.1));
#6636 = VECTOR('',#6637,1.);
#6637 = DIRECTION('',(-1.,0.,0.));
#6638 = ORIENTED_EDGE('',*,*,#6639,.T.);
#6639 = EDGE_CURVE('',#6632,#1520,#6640,.T.);
#6640 = LINE('',#6641,#6642);
#6641 = CARTESIAN_POINT('',(47.693592701342,12.957046979866,1.1));
#6642 = VECTOR('',#6643,1.);
#6643 = DIRECTION('',(0.,0.,1.));
#6644 = ORIENTED_EDGE('',*,*,#1527,.F.);
#6645 = ORIENTED_EDGE('',*,*,#6591,.F.);
#6646 = PLANE('',#6647);
#6647 = AXIS2_PLACEMENT_3D('',#6648,#6649,#6650);
#6648 = CARTESIAN_POINT('',(47.693592701342,12.957046979866,1.1));
#6649 = DIRECTION('',(0.,-1.,0.));
#6650 = DIRECTION('',(-1.,0.,0.));
#6651 = ADVANCED_FACE('',(#6652),#6670,.F.);
#6652 = FACE_BOUND('',#6653,.F.);
#6653 = EDGE_LOOP('',(#6654,#6662,#6663,#6664));
#6654 = ORIENTED_EDGE('',*,*,#6655,.F.);
#6655 = EDGE_CURVE('',#6608,#6656,#6658,.T.);
#6656 = VERTEX_POINT('',#6657);
#6657 = CARTESIAN_POINT('',(48.495186661074,12.957046979866,1.1));
#6658 = LINE('',#6659,#6660);
#6659 = CARTESIAN_POINT('',(48.964251258389,12.957046979866,1.1));
#6660 = VECTOR('',#6661,1.);
#6661 = DIRECTION('',(-1.,0.,0.));
#6662 = ORIENTED_EDGE('',*,*,#6617,.T.);
#6663 = ORIENTED_EDGE('',*,*,#1495,.F.);
#6664 = ORIENTED_EDGE('',*,*,#6665,.F.);
#6665 = EDGE_CURVE('',#6656,#1496,#6666,.T.);
#6666 = LINE('',#6667,#6668);
#6667 = CARTESIAN_POINT('',(48.495186661074,12.957046979866,1.1));
#6668 = VECTOR('',#6669,1.);
#6669 = DIRECTION('',(0.,0.,1.));
#6670 = PLANE('',#6671);
#6671 = AXIS2_PLACEMENT_3D('',#6672,#6673,#6674);
#6672 = CARTESIAN_POINT('',(48.964251258389,12.957046979866,1.1));
#6673 = DIRECTION('',(0.,-1.,0.));
#6674 = DIRECTION('',(-1.,0.,0.));
#6675 = ADVANCED_FACE('',(#6676),#6694,.F.);
#6676 = FACE_BOUND('',#6677,.F.);
#6677 = EDGE_LOOP('',(#6678,#6686,#6692,#6693));
#6678 = ORIENTED_EDGE('',*,*,#6679,.F.);
#6679 = EDGE_CURVE('',#6680,#6632,#6682,.T.);
#6680 = VERTEX_POINT('',#6681);
#6681 = CARTESIAN_POINT('',(47.693592701342,12.355704697987,1.1));
#6682 = LINE('',#6683,#6684);
#6683 = CARTESIAN_POINT('',(47.693592701342,12.355704697987,1.1));
#6684 = VECTOR('',#6685,1.);
#6685 = DIRECTION('',(0.,1.,0.));
#6686 = ORIENTED_EDGE('',*,*,#6687,.T.);
#6687 = EDGE_CURVE('',#6680,#1512,#6688,.T.);
#6688 = LINE('',#6689,#6690);
#6689 = CARTESIAN_POINT('',(47.693592701342,12.355704697987,1.1));
#6690 = VECTOR('',#6691,1.);
#6691 = DIRECTION('',(0.,0.,1.));
#6692 = ORIENTED_EDGE('',*,*,#1519,.F.);
#6693 = ORIENTED_EDGE('',*,*,#6639,.F.);
#6694 = PLANE('',#6695);
#6695 = AXIS2_PLACEMENT_3D('',#6696,#6697,#6698);
#6696 = CARTESIAN_POINT('',(47.693592701342,12.355704697987,1.1));
#6697 = DIRECTION('',(-1.,0.,0.));
#6698 = DIRECTION('',(0.,1.,0.));
#6699 = ADVANCED_FACE('',(#6700),#6718,.F.);
#6700 = FACE_BOUND('',#6701,.F.);
#6701 = EDGE_LOOP('',(#6702,#6710,#6711,#6712));
#6702 = ORIENTED_EDGE('',*,*,#6703,.F.);
#6703 = EDGE_CURVE('',#6656,#6704,#6706,.T.);
#6704 = VERTEX_POINT('',#6705);
#6705 = CARTESIAN_POINT('',(48.495186661074,12.355704697987,1.1));
#6706 = LINE('',#6707,#6708);
#6707 = CARTESIAN_POINT('',(48.495186661074,12.957046979866,1.1));
#6708 = VECTOR('',#6709,1.);
#6709 = DIRECTION('',(0.,-1.,0.));
#6710 = ORIENTED_EDGE('',*,*,#6665,.T.);
#6711 = ORIENTED_EDGE('',*,*,#1503,.F.);
#6712 = ORIENTED_EDGE('',*,*,#6713,.F.);
#6713 = EDGE_CURVE('',#6704,#1504,#6714,.T.);
#6714 = LINE('',#6715,#6716);
#6715 = CARTESIAN_POINT('',(48.495186661074,12.355704697987,1.1));
#6716 = VECTOR('',#6717,1.);
#6717 = DIRECTION('',(0.,0.,1.));
#6718 = PLANE('',#6719);
#6719 = AXIS2_PLACEMENT_3D('',#6720,#6721,#6722);
#6720 = CARTESIAN_POINT('',(48.495186661074,12.957046979866,1.1));
#6721 = DIRECTION('',(1.,0.,0.));
#6722 = DIRECTION('',(0.,-1.,0.));
#6723 = ADVANCED_FACE('',(#6724),#6735,.F.);
#6724 = FACE_BOUND('',#6725,.F.);
#6725 = EDGE_LOOP('',(#6726,#6732,#6733,#6734));
#6726 = ORIENTED_EDGE('',*,*,#6727,.F.);
#6727 = EDGE_CURVE('',#6704,#6680,#6728,.T.);
#6728 = LINE('',#6729,#6730);
#6729 = CARTESIAN_POINT('',(48.495186661074,12.355704697987,1.1));
#6730 = VECTOR('',#6731,1.);
#6731 = DIRECTION('',(-1.,0.,0.));
#6732 = ORIENTED_EDGE('',*,*,#6713,.T.);
#6733 = ORIENTED_EDGE('',*,*,#1511,.F.);
#6734 = ORIENTED_EDGE('',*,*,#6687,.F.);
#6735 = PLANE('',#6736);
#6736 = AXIS2_PLACEMENT_3D('',#6737,#6738,#6739);
#6737 = CARTESIAN_POINT('',(48.495186661074,12.355704697987,1.1));
#6738 = DIRECTION('',(0.,-1.,0.));
#6739 = DIRECTION('',(-1.,0.,0.));
#6740 = ADVANCED_FACE('',(#6741),#6766,.F.);
#6741 = FACE_BOUND('',#6742,.F.);
#6742 = EDGE_LOOP('',(#6743,#6753,#6759,#6760));
#6743 = ORIENTED_EDGE('',*,*,#6744,.F.);
#6744 = EDGE_CURVE('',#6745,#6747,#6749,.T.);
#6745 = VERTEX_POINT('',#6746);
#6746 = CARTESIAN_POINT('',(58.492302852349,15.677181208054,1.1));
#6747 = VERTEX_POINT('',#6748);
#6748 = CARTESIAN_POINT('',(60.599790268456,15.677181208054,1.1));
#6749 = LINE('',#6750,#6751);
#6750 = CARTESIAN_POINT('',(58.492302852349,15.677181208054,1.1));
#6751 = VECTOR('',#6752,1.);
#6752 = DIRECTION('',(1.,0.,0.));
#6753 = ORIENTED_EDGE('',*,*,#6754,.T.);
#6754 = EDGE_CURVE('',#6745,#1554,#6755,.T.);
#6755 = LINE('',#6756,#6757);
#6756 = CARTESIAN_POINT('',(58.492302852349,15.677181208054,1.1));
#6757 = VECTOR('',#6758,1.);
#6758 = DIRECTION('',(0.,0.,1.));
#6759 = ORIENTED_EDGE('',*,*,#1551,.F.);
#6760 = ORIENTED_EDGE('',*,*,#6761,.F.);
#6761 = EDGE_CURVE('',#6747,#1552,#6762,.T.);
#6762 = LINE('',#6763,#6764);
#6763 = CARTESIAN_POINT('',(60.599790268456,15.677181208054,1.1));
#6764 = VECTOR('',#6765,1.);
#6765 = DIRECTION('',(0.,0.,1.));
#6766 = PLANE('',#6767);
#6767 = AXIS2_PLACEMENT_3D('',#6768,#6769,#6770);
#6768 = CARTESIAN_POINT('',(58.492302852349,15.677181208054,1.1));
#6769 = DIRECTION('',(0.,1.,0.));
#6770 = DIRECTION('',(1.,0.,0.));
#6771 = ADVANCED_FACE('',(#6772),#6790,.F.);
#6772 = FACE_BOUND('',#6773,.F.);
#6773 = EDGE_LOOP('',(#6774,#6782,#6783,#6784));
#6774 = ORIENTED_EDGE('',*,*,#6775,.F.);
#6775 = EDGE_CURVE('',#6747,#6776,#6778,.T.);
#6776 = VERTEX_POINT('',#6777);
#6777 = CARTESIAN_POINT('',(60.599790268456,15.057046979866,1.1));
#6778 = LINE('',#6779,#6780);
#6779 = CARTESIAN_POINT('',(60.599790268456,15.677181208054,1.1));
#6780 = VECTOR('',#6781,1.);
#6781 = DIRECTION('',(0.,-1.,0.));
#6782 = ORIENTED_EDGE('',*,*,#6761,.T.);
#6783 = ORIENTED_EDGE('',*,*,#1561,.F.);
#6784 = ORIENTED_EDGE('',*,*,#6785,.F.);
#6785 = EDGE_CURVE('',#6776,#1562,#6786,.T.);
#6786 = LINE('',#6787,#6788);
#6787 = CARTESIAN_POINT('',(60.599790268456,15.057046979866,1.1));
#6788 = VECTOR('',#6789,1.);
#6789 = DIRECTION('',(0.,0.,1.));
#6790 = PLANE('',#6791);
#6791 = AXIS2_PLACEMENT_3D('',#6792,#6793,#6794);
#6792 = CARTESIAN_POINT('',(60.599790268456,15.677181208054,1.1));
#6793 = DIRECTION('',(1.,0.,0.));
#6794 = DIRECTION('',(0.,-1.,0.));
#6795 = ADVANCED_FACE('',(#6796),#6814,.F.);
#6796 = FACE_BOUND('',#6797,.F.);
#6797 = EDGE_LOOP('',(#6798,#6806,#6812,#6813));
#6798 = ORIENTED_EDGE('',*,*,#6799,.F.);
#6799 = EDGE_CURVE('',#6800,#6745,#6802,.T.);
#6800 = VERTEX_POINT('',#6801);
#6801 = CARTESIAN_POINT('',(58.492302852349,13.81677852349,1.1));
#6802 = LINE('',#6803,#6804);
#6803 = CARTESIAN_POINT('',(58.492302852349,13.81677852349,1.1));
#6804 = VECTOR('',#6805,1.);
#6805 = DIRECTION('',(0.,1.,0.));
#6806 = ORIENTED_EDGE('',*,*,#6807,.T.);
#6807 = EDGE_CURVE('',#6800,#1800,#6808,.T.);
#6808 = LINE('',#6809,#6810);
#6809 = CARTESIAN_POINT('',(58.492302852349,13.81677852349,1.1));
#6810 = VECTOR('',#6811,1.);
#6811 = DIRECTION('',(0.,0.,1.));
#6812 = ORIENTED_EDGE('',*,*,#1810,.F.);
#6813 = ORIENTED_EDGE('',*,*,#6754,.F.);
#6814 = PLANE('',#6815);
#6815 = AXIS2_PLACEMENT_3D('',#6816,#6817,#6818);
#6816 = CARTESIAN_POINT('',(58.492302852349,13.81677852349,1.1));
#6817 = DIRECTION('',(-1.,0.,0.));
#6818 = DIRECTION('',(0.,1.,0.));
#6819 = ADVANCED_FACE('',(#6820),#6838,.F.);
#6820 = FACE_BOUND('',#6821,.F.);
#6821 = EDGE_LOOP('',(#6822,#6830,#6831,#6832));
#6822 = ORIENTED_EDGE('',*,*,#6823,.F.);
#6823 = EDGE_CURVE('',#6776,#6824,#6826,.T.);
#6824 = VERTEX_POINT('',#6825);
#6825 = CARTESIAN_POINT('',(59.168372483221,15.057046979866,1.1));
#6826 = LINE('',#6827,#6828);
#6827 = CARTESIAN_POINT('',(60.599790268456,15.057046979866,1.1));
#6828 = VECTOR('',#6829,1.);
#6829 = DIRECTION('',(-1.,0.,0.));
#6830 = ORIENTED_EDGE('',*,*,#6785,.T.);
#6831 = ORIENTED_EDGE('',*,*,#1569,.F.);
#6832 = ORIENTED_EDGE('',*,*,#6833,.F.);
#6833 = EDGE_CURVE('',#6824,#1570,#6834,.T.);
#6834 = LINE('',#6835,#6836);
#6835 = CARTESIAN_POINT('',(59.168372483221,15.057046979866,1.1));
#6836 = VECTOR('',#6837,1.);
#6837 = DIRECTION('',(0.,0.,1.));
#6838 = PLANE('',#6839);
#6839 = AXIS2_PLACEMENT_3D('',#6840,#6841,#6842);
#6840 = CARTESIAN_POINT('',(60.599790268456,15.057046979866,1.1));
#6841 = DIRECTION('',(0.,-1.,0.));
#6842 = DIRECTION('',(-1.,0.,0.));
#6843 = ADVANCED_FACE('',(#6844),#6862,.F.);
#6844 = FACE_BOUND('',#6845,.F.);
#6845 = EDGE_LOOP('',(#6846,#6854,#6860,#6861));
#6846 = ORIENTED_EDGE('',*,*,#6847,.F.);
#6847 = EDGE_CURVE('',#6848,#6800,#6850,.T.);
#6848 = VERTEX_POINT('',#6849);
#6849 = CARTESIAN_POINT('',(58.937143456376,13.965792785235,1.1));
#6850 = B_SPLINE_CURVE_WITH_KNOTS('',2,(#6851,#6852,#6853),
  .UNSPECIFIED.,.F.,.F.,(3,3),(0.,1.),.PIECEWISE_BEZIER_KNOTS.);
#6851 = CARTESIAN_POINT('',(58.937143456376,13.965792785235,1.1));
#6852 = CARTESIAN_POINT('',(58.730138422819,13.917638422819,1.1));
#6853 = CARTESIAN_POINT('',(58.492302852349,13.81677852349,1.1));
#6854 = ORIENTED_EDGE('',*,*,#6855,.T.);
#6855 = EDGE_CURVE('',#6848,#1789,#6856,.T.);
#6856 = LINE('',#6857,#6858);
#6857 = CARTESIAN_POINT('',(58.937143456376,13.965792785235,1.1));
#6858 = VECTOR('',#6859,1.);
#6859 = DIRECTION('',(0.,0.,1.));
#6860 = ORIENTED_EDGE('',*,*,#1799,.F.);
#6861 = ORIENTED_EDGE('',*,*,#6807,.F.);
#6862 = SURFACE_OF_LINEAR_EXTRUSION('',#6863,#6867);
#6863 = B_SPLINE_CURVE_WITH_KNOTS('',2,(#6864,#6865,#6866),
  .UNSPECIFIED.,.F.,.F.,(3,3),(0.,1.),.PIECEWISE_BEZIER_KNOTS.);
#6864 = CARTESIAN_POINT('',(58.937143456376,13.965792785235,1.1));
#6865 = CARTESIAN_POINT('',(58.730138422819,13.917638422819,1.1));
#6866 = CARTESIAN_POINT('',(58.492302852349,13.81677852349,1.1));
#6867 = VECTOR('',#6868,1.);
#6868 = DIRECTION('',(-0.,-0.,-1.));
#6869 = ADVANCED_FACE('',(#6870),#6888,.F.);
#6870 = FACE_BOUND('',#6871,.F.);
#6871 = EDGE_LOOP('',(#6872,#6880,#6881,#6882));
#6872 = ORIENTED_EDGE('',*,*,#6873,.F.);
#6873 = EDGE_CURVE('',#6824,#6874,#6876,.T.);
#6874 = VERTEX_POINT('',#6875);
#6875 = CARTESIAN_POINT('',(59.168372483221,14.54129614094,1.1));
#6876 = LINE('',#6877,#6878);
#6877 = CARTESIAN_POINT('',(59.168372483221,15.057046979866,1.1));
#6878 = VECTOR('',#6879,1.);
#6879 = DIRECTION('',(0.,-1.,0.));
#6880 = ORIENTED_EDGE('',*,*,#6833,.T.);
#6881 = ORIENTED_EDGE('',*,*,#1577,.F.);
#6882 = ORIENTED_EDGE('',*,*,#6883,.F.);
#6883 = EDGE_CURVE('',#6874,#1578,#6884,.T.);
#6884 = LINE('',#6885,#6886);
#6885 = CARTESIAN_POINT('',(59.168372483221,14.54129614094,1.1));
#6886 = VECTOR('',#6887,1.);
#6887 = DIRECTION('',(0.,0.,1.));
#6888 = PLANE('',#6889);
#6889 = AXIS2_PLACEMENT_3D('',#6890,#6891,#6892);
#6890 = CARTESIAN_POINT('',(59.168372483221,15.057046979866,1.1));
#6891 = DIRECTION('',(1.,0.,0.));
#6892 = DIRECTION('',(0.,-1.,0.));
#6893 = ADVANCED_FACE('',(#6894),#6912,.F.);
#6894 = FACE_BOUND('',#6895,.F.);
#6895 = EDGE_LOOP('',(#6896,#6904,#6910,#6911));
#6896 = ORIENTED_EDGE('',*,*,#6897,.F.);
#6897 = EDGE_CURVE('',#6898,#6848,#6900,.T.);
#6898 = VERTEX_POINT('',#6899);
#6899 = CARTESIAN_POINT('',(59.326929530201,14.014093959732,1.1));
#6900 = B_SPLINE_CURVE_WITH_KNOTS('',2,(#6901,#6902,#6903),
  .UNSPECIFIED.,.F.,.F.,(3,3),(0.,1.),.PIECEWISE_BEZIER_KNOTS.);
#6901 = CARTESIAN_POINT('',(59.326929530201,14.014093959732,1.1));
#6902 = CARTESIAN_POINT('',(59.144148489933,14.014093959732,1.1));
#6903 = CARTESIAN_POINT('',(58.937143456376,13.965792785235,1.1));
#6904 = ORIENTED_EDGE('',*,*,#6905,.T.);
#6905 = EDGE_CURVE('',#6898,#1774,#6906,.T.);
#6906 = LINE('',#6907,#6908);
#6907 = CARTESIAN_POINT('',(59.326929530201,14.014093959732,1.1));
#6908 = VECTOR('',#6909,1.);
#6909 = DIRECTION('',(0.,0.,1.));
#6910 = ORIENTED_EDGE('',*,*,#1788,.F.);
#6911 = ORIENTED_EDGE('',*,*,#6855,.F.);
#6912 = SURFACE_OF_LINEAR_EXTRUSION('',#6913,#6917);
#6913 = B_SPLINE_CURVE_WITH_KNOTS('',2,(#6914,#6915,#6916),
  .UNSPECIFIED.,.F.,.F.,(3,3),(0.,1.),.PIECEWISE_BEZIER_KNOTS.);
#6914 = CARTESIAN_POINT('',(59.326929530201,14.014093959732,1.1));
#6915 = CARTESIAN_POINT('',(59.144148489933,14.014093959732,1.1));
#6916 = CARTESIAN_POINT('',(58.937143456376,13.965792785235,1.1));
#6917 = VECTOR('',#6918,1.);
#6918 = DIRECTION('',(-0.,-0.,-1.));
#6919 = ADVANCED_FACE('',(#6920),#6938,.F.);
#6920 = FACE_BOUND('',#6921,.F.);
#6921 = EDGE_LOOP('',(#6922,#6930,#6931,#6932));
#6922 = ORIENTED_EDGE('',*,*,#6923,.F.);
#6923 = EDGE_CURVE('',#6874,#6924,#6926,.T.);
#6924 = VERTEX_POINT('',#6925);
#6925 = CARTESIAN_POINT('',(59.363192114094,14.582256711409,1.1));
#6926 = B_SPLINE_CURVE_WITH_KNOTS('',2,(#6927,#6928,#6929),
  .UNSPECIFIED.,.F.,.F.,(3,3),(0.,1.),.PIECEWISE_BEZIER_KNOTS.);
#6927 = CARTESIAN_POINT('',(59.168372483221,14.54129614094,1.1));
#6928 = CARTESIAN_POINT('',(59.265268456376,14.567869127517,1.1));
#6929 = CARTESIAN_POINT('',(59.363192114094,14.582256711409,1.1));
#6930 = ORIENTED_EDGE('',*,*,#6883,.T.);
#6931 = ORIENTED_EDGE('',*,*,#1585,.F.);
#6932 = ORIENTED_EDGE('',*,*,#6933,.F.);
#6933 = EDGE_CURVE('',#6924,#1586,#6934,.T.);
#6934 = LINE('',#6935,#6936);
#6935 = CARTESIAN_POINT('',(59.363192114094,14.582256711409,1.1));
#6936 = VECTOR('',#6937,1.);
#6937 = DIRECTION('',(0.,0.,1.));
#6938 = SURFACE_OF_LINEAR_EXTRUSION('',#6939,#6943);
#6939 = B_SPLINE_CURVE_WITH_KNOTS('',2,(#6940,#6941,#6942),
  .UNSPECIFIED.,.F.,.F.,(3,3),(0.,1.),.PIECEWISE_BEZIER_KNOTS.);
#6940 = CARTESIAN_POINT('',(59.168372483221,14.54129614094,1.1));
#6941 = CARTESIAN_POINT('',(59.265268456376,14.567869127517,1.1));
#6942 = CARTESIAN_POINT('',(59.363192114094,14.582256711409,1.1));
#6943 = VECTOR('',#6944,1.);
#6944 = DIRECTION('',(-0.,-0.,-1.));
#6945 = ADVANCED_FACE('',(#6946),#6964,.F.);
#6946 = FACE_BOUND('',#6947,.F.);
#6947 = EDGE_LOOP('',(#6948,#6956,#6962,#6963));
#6948 = ORIENTED_EDGE('',*,*,#6949,.F.);
#6949 = EDGE_CURVE('',#6950,#6898,#6952,.T.);
#6950 = VERTEX_POINT('',#6951);
#6951 = CARTESIAN_POINT('',(59.812437080537,13.864345637584,1.1));
#6952 = B_SPLINE_CURVE_WITH_KNOTS('',2,(#6953,#6954,#6955),
  .UNSPECIFIED.,.F.,.F.,(3,3),(0.,1.),.PIECEWISE_BEZIER_KNOTS.);
#6953 = CARTESIAN_POINT('',(59.812437080537,13.864345637584,1.1));
#6954 = CARTESIAN_POINT('',(59.635234899329,14.014093959732,1.1));
#6955 = CARTESIAN_POINT('',(59.326929530201,14.014093959732,1.1));
#6956 = ORIENTED_EDGE('',*,*,#6957,.T.);
#6957 = EDGE_CURVE('',#6950,#1759,#6958,.T.);
#6958 = LINE('',#6959,#6960);
#6959 = CARTESIAN_POINT('',(59.812437080537,13.864345637584,1.1));
#6960 = VECTOR('',#6961,1.);
#6961 = DIRECTION('',(0.,0.,1.));
#6962 = ORIENTED_EDGE('',*,*,#1773,.F.);
#6963 = ORIENTED_EDGE('',*,*,#6905,.F.);
#6964 = SURFACE_OF_LINEAR_EXTRUSION('',#6965,#6969);
#6965 = B_SPLINE_CURVE_WITH_KNOTS('',2,(#6966,#6967,#6968),
  .UNSPECIFIED.,.F.,.F.,(3,3),(0.,1.),.PIECEWISE_BEZIER_KNOTS.);
#6966 = CARTESIAN_POINT('',(59.812437080537,13.864345637584,1.1));
#6967 = CARTESIAN_POINT('',(59.635234899329,14.014093959732,1.1));
#6968 = CARTESIAN_POINT('',(59.326929530201,14.014093959732,1.1));
#6969 = VECTOR('',#6970,1.);
#6970 = DIRECTION('',(-0.,-0.,-1.));
#6971 = ADVANCED_FACE('',(#6972),#6990,.F.);
#6972 = FACE_BOUND('',#6973,.F.);
#6973 = EDGE_LOOP('',(#6974,#6982,#6983,#6984));
#6974 = ORIENTED_EDGE('',*,*,#6975,.F.);
#6975 = EDGE_CURVE('',#6924,#6976,#6978,.T.);
#6976 = VERTEX_POINT('',#6977);
#6977 = CARTESIAN_POINT('',(59.566967281879,14.596644295302,1.1));
#6978 = B_SPLINE_CURVE_WITH_KNOTS('',2,(#6979,#6980,#6981),
  .UNSPECIFIED.,.F.,.F.,(3,3),(0.,1.),.PIECEWISE_BEZIER_KNOTS.);
#6979 = CARTESIAN_POINT('',(59.363192114094,14.582256711409,1.1));
#6980 = CARTESIAN_POINT('',(59.461262583893,14.596644295302,1.1));
#6981 = CARTESIAN_POINT('',(59.566967281879,14.596644295302,1.1));
#6982 = ORIENTED_EDGE('',*,*,#6933,.T.);
#6983 = ORIENTED_EDGE('',*,*,#1595,.F.);
#6984 = ORIENTED_EDGE('',*,*,#6985,.F.);
#6985 = EDGE_CURVE('',#6976,#1596,#6986,.T.);
#6986 = LINE('',#6987,#6988);
#6987 = CARTESIAN_POINT('',(59.566967281879,14.596644295302,1.1));
#6988 = VECTOR('',#6989,1.);
#6989 = DIRECTION('',(0.,0.,1.));
#6990 = SURFACE_OF_LINEAR_EXTRUSION('',#6991,#6995);
#6991 = B_SPLINE_CURVE_WITH_KNOTS('',2,(#6992,#6993,#6994),
  .UNSPECIFIED.,.F.,.F.,(3,3),(0.,1.),.PIECEWISE_BEZIER_KNOTS.);
#6992 = CARTESIAN_POINT('',(59.363192114094,14.582256711409,1.1));
#6993 = CARTESIAN_POINT('',(59.461262583893,14.596644295302,1.1));
#6994 = CARTESIAN_POINT('',(59.566967281879,14.596644295302,1.1));
#6995 = VECTOR('',#6996,1.);
#6996 = DIRECTION('',(-0.,-0.,-1.));
#6997 = ADVANCED_FACE('',(#6998),#7016,.F.);
#6998 = FACE_BOUND('',#6999,.F.);
#6999 = EDGE_LOOP('',(#7000,#7008,#7014,#7015));
#7000 = ORIENTED_EDGE('',*,*,#7001,.F.);
#7001 = EDGE_CURVE('',#7002,#6950,#7004,.T.);
#7002 = VERTEX_POINT('',#7003);
#7003 = CARTESIAN_POINT('',(59.989786073825,13.455033557047,1.1));
#7004 = B_SPLINE_CURVE_WITH_KNOTS('',2,(#7005,#7006,#7007),
  .UNSPECIFIED.,.F.,.F.,(3,3),(0.,1.),.PIECEWISE_BEZIER_KNOTS.);
#7005 = CARTESIAN_POINT('',(59.989786073825,13.455033557047,1.1));
#7006 = CARTESIAN_POINT('',(59.989786073825,13.714744127517,1.1));
#7007 = CARTESIAN_POINT('',(59.812437080537,13.864345637584,1.1));
#7008 = ORIENTED_EDGE('',*,*,#7009,.T.);
#7009 = EDGE_CURVE('',#7002,#1744,#7010,.T.);
#7010 = LINE('',#7011,#7012);
#7011 = CARTESIAN_POINT('',(59.989786073825,13.455033557047,1.1));
#7012 = VECTOR('',#7013,1.);
#7013 = DIRECTION('',(0.,0.,1.));
#7014 = ORIENTED_EDGE('',*,*,#1758,.F.);
#7015 = ORIENTED_EDGE('',*,*,#6957,.F.);
#7016 = SURFACE_OF_LINEAR_EXTRUSION('',#7017,#7021);
#7017 = B_SPLINE_CURVE_WITH_KNOTS('',2,(#7018,#7019,#7020),
  .UNSPECIFIED.,.F.,.F.,(3,3),(0.,1.),.PIECEWISE_BEZIER_KNOTS.);
#7018 = CARTESIAN_POINT('',(59.989786073825,13.455033557047,1.1));
#7019 = CARTESIAN_POINT('',(59.989786073825,13.714744127517,1.1));
#7020 = CARTESIAN_POINT('',(59.812437080537,13.864345637584,1.1));
#7021 = VECTOR('',#7022,1.);
#7022 = DIRECTION('',(-0.,-0.,-1.));
#7023 = ADVANCED_FACE('',(#7024),#7042,.F.);
#7024 = FACE_BOUND('',#7025,.F.);
#7025 = EDGE_LOOP('',(#7026,#7034,#7035,#7036));
#7026 = ORIENTED_EDGE('',*,*,#7027,.F.);
#7027 = EDGE_CURVE('',#6976,#7028,#7030,.T.);
#7028 = VERTEX_POINT('',#7029);
#7029 = CARTESIAN_POINT('',(60.502894295302,14.296119966443,1.1));
#7030 = B_SPLINE_CURVE_WITH_KNOTS('',2,(#7031,#7032,#7033),
  .UNSPECIFIED.,.F.,.F.,(3,3),(0.,1.),.PIECEWISE_BEZIER_KNOTS.);
#7031 = CARTESIAN_POINT('',(59.566967281879,14.596644295302,1.1));
#7032 = CARTESIAN_POINT('',(60.168162751678,14.596644295302,1.1));
#7033 = CARTESIAN_POINT('',(60.502894295302,14.296119966443,1.1));
#7034 = ORIENTED_EDGE('',*,*,#6985,.T.);
#7035 = ORIENTED_EDGE('',*,*,#1605,.F.);
#7036 = ORIENTED_EDGE('',*,*,#7037,.F.);
#7037 = EDGE_CURVE('',#7028,#1606,#7038,.T.);
#7038 = LINE('',#7039,#7040);
#7039 = CARTESIAN_POINT('',(60.502894295302,14.296119966443,1.1));
#7040 = VECTOR('',#7041,1.);
#7041 = DIRECTION('',(0.,0.,1.));
#7042 = SURFACE_OF_LINEAR_EXTRUSION('',#7043,#7047);
#7043 = B_SPLINE_CURVE_WITH_KNOTS('',2,(#7044,#7045,#7046),
  .UNSPECIFIED.,.F.,.F.,(3,3),(0.,1.),.PIECEWISE_BEZIER_KNOTS.);
#7044 = CARTESIAN_POINT('',(59.566967281879,14.596644295302,1.1));
#7045 = CARTESIAN_POINT('',(60.168162751678,14.596644295302,1.1));
#7046 = CARTESIAN_POINT('',(60.502894295302,14.296119966443,1.1));
#7047 = VECTOR('',#7048,1.);
#7048 = DIRECTION('',(-0.,-0.,-1.));
#7049 = ADVANCED_FACE('',(#7050),#7068,.F.);
#7050 = FACE_BOUND('',#7051,.F.);
#7051 = EDGE_LOOP('',(#7052,#7060,#7066,#7067));
#7052 = ORIENTED_EDGE('',*,*,#7053,.F.);
#7053 = EDGE_CURVE('',#7054,#7002,#7056,.T.);
#7054 = VERTEX_POINT('',#7055);
#7055 = CARTESIAN_POINT('',(59.812437080537,13.046749161074,1.1));
#7056 = B_SPLINE_CURVE_WITH_KNOTS('',2,(#7057,#7058,#7059),
  .UNSPECIFIED.,.F.,.F.,(3,3),(0.,1.),.PIECEWISE_BEZIER_KNOTS.);
#7057 = CARTESIAN_POINT('',(59.812437080537,13.046749161074,1.1));
#7058 = CARTESIAN_POINT('',(59.989786073825,13.197525167785,1.1));
#7059 = CARTESIAN_POINT('',(59.989786073825,13.455033557047,1.1));
#7060 = ORIENTED_EDGE('',*,*,#7061,.T.);
#7061 = EDGE_CURVE('',#7054,#1729,#7062,.T.);
#7062 = LINE('',#7063,#7064);
#7063 = CARTESIAN_POINT('',(59.812437080537,13.046749161074,1.1));
#7064 = VECTOR('',#7065,1.);
#7065 = DIRECTION('',(0.,0.,1.));
#7066 = ORIENTED_EDGE('',*,*,#1743,.F.);
#7067 = ORIENTED_EDGE('',*,*,#7009,.F.);
#7068 = SURFACE_OF_LINEAR_EXTRUSION('',#7069,#7073);
#7069 = B_SPLINE_CURVE_WITH_KNOTS('',2,(#7070,#7071,#7072),
  .UNSPECIFIED.,.F.,.F.,(3,3),(0.,1.),.PIECEWISE_BEZIER_KNOTS.);
#7070 = CARTESIAN_POINT('',(59.812437080537,13.046749161074,1.1));
#7071 = CARTESIAN_POINT('',(59.989786073825,13.197525167785,1.1));
#7072 = CARTESIAN_POINT('',(59.989786073825,13.455033557047,1.1));
#7073 = VECTOR('',#7074,1.);
#7074 = DIRECTION('',(-0.,-0.,-1.));
#7075 = ADVANCED_FACE('',(#7076),#7094,.F.);
#7076 = FACE_BOUND('',#7077,.F.);
#7077 = EDGE_LOOP('',(#7078,#7086,#7087,#7088));
#7078 = ORIENTED_EDGE('',*,*,#7079,.F.);
#7079 = EDGE_CURVE('',#7028,#7080,#7082,.T.);
#7080 = VERTEX_POINT('',#7081);
#7081 = CARTESIAN_POINT('',(60.837625838926,13.45870385906,1.1));
#7082 = B_SPLINE_CURVE_WITH_KNOTS('',2,(#7083,#7084,#7085),
  .UNSPECIFIED.,.F.,.F.,(3,3),(0.,1.),.PIECEWISE_BEZIER_KNOTS.);
#7083 = CARTESIAN_POINT('',(60.502894295302,14.296119966443,1.1));
#7084 = CARTESIAN_POINT('',(60.837625838926,13.995742449664,1.1));
#7085 = CARTESIAN_POINT('',(60.837625838926,13.45870385906,1.1));
#7086 = ORIENTED_EDGE('',*,*,#7037,.T.);
#7087 = ORIENTED_EDGE('',*,*,#1622,.F.);
#7088 = ORIENTED_EDGE('',*,*,#7089,.F.);
#7089 = EDGE_CURVE('',#7080,#1623,#7090,.T.);
#7090 = LINE('',#7091,#7092);
#7091 = CARTESIAN_POINT('',(60.837625838926,13.45870385906,1.1));
#7092 = VECTOR('',#7093,1.);
#7093 = DIRECTION('',(0.,0.,1.));
#7094 = SURFACE_OF_LINEAR_EXTRUSION('',#7095,#7099);
#7095 = B_SPLINE_CURVE_WITH_KNOTS('',2,(#7096,#7097,#7098),
  .UNSPECIFIED.,.F.,.F.,(3,3),(0.,1.),.PIECEWISE_BEZIER_KNOTS.);
#7096 = CARTESIAN_POINT('',(60.502894295302,14.296119966443,1.1));
#7097 = CARTESIAN_POINT('',(60.837625838926,13.995742449664,1.1));
#7098 = CARTESIAN_POINT('',(60.837625838926,13.45870385906,1.1));
#7099 = VECTOR('',#7100,1.);
#7100 = DIRECTION('',(-0.,-0.,-1.));
#7101 = ADVANCED_FACE('',(#7102),#7120,.F.);
#7102 = FACE_BOUND('',#7103,.F.);
#7103 = EDGE_LOOP('',(#7104,#7112,#7118,#7119));
#7104 = ORIENTED_EDGE('',*,*,#7105,.F.);
#7105 = EDGE_CURVE('',#7106,#7054,#7108,.T.);
#7106 = VERTEX_POINT('',#7107);
#7107 = CARTESIAN_POINT('',(59.326929530201,12.895973154362,1.1));
#7108 = B_SPLINE_CURVE_WITH_KNOTS('',2,(#7109,#7110,#7111),
  .UNSPECIFIED.,.F.,.F.,(3,3),(0.,1.),.PIECEWISE_BEZIER_KNOTS.);
#7109 = CARTESIAN_POINT('',(59.326929530201,12.895973154362,1.1));
#7110 = CARTESIAN_POINT('',(59.635234899329,12.895973154362,1.1));
#7111 = CARTESIAN_POINT('',(59.812437080537,13.046749161074,1.1));
#7112 = ORIENTED_EDGE('',*,*,#7113,.T.);
#7113 = EDGE_CURVE('',#7106,#1718,#7114,.T.);
#7114 = LINE('',#7115,#7116);
#7115 = CARTESIAN_POINT('',(59.326929530201,12.895973154362,1.1));
#7116 = VECTOR('',#7117,1.);
#7117 = DIRECTION('',(0.,0.,1.));
#7118 = ORIENTED_EDGE('',*,*,#1728,.F.);
#7119 = ORIENTED_EDGE('',*,*,#7061,.F.);
#7120 = SURFACE_OF_LINEAR_EXTRUSION('',#7121,#7125);
#7121 = B_SPLINE_CURVE_WITH_KNOTS('',2,(#7122,#7123,#7124),
  .UNSPECIFIED.,.F.,.F.,(3,3),(0.,1.),.PIECEWISE_BEZIER_KNOTS.);
#7122 = CARTESIAN_POINT('',(59.326929530201,12.895973154362,1.1));
#7123 = CARTESIAN_POINT('',(59.635234899329,12.895973154362,1.1));
#7124 = CARTESIAN_POINT('',(59.812437080537,13.046749161074,1.1));
#7125 = VECTOR('',#7126,1.);
#7126 = DIRECTION('',(-0.,-0.,-1.));
#7127 = ADVANCED_FACE('',(#7128),#7146,.F.);
#7128 = FACE_BOUND('',#7129,.F.);
#7129 = EDGE_LOOP('',(#7130,#7138,#7139,#7140));
#7130 = ORIENTED_EDGE('',*,*,#7131,.F.);
#7131 = EDGE_CURVE('',#7080,#7132,#7134,.T.);
#7132 = VERTEX_POINT('',#7133);
#7133 = CARTESIAN_POINT('',(60.473091442953,12.624370805369,1.1));
#7134 = B_SPLINE_CURVE_WITH_KNOTS('',2,(#7135,#7136,#7137),
  .UNSPECIFIED.,.F.,.F.,(3,3),(0.,1.),.PIECEWISE_BEZIER_KNOTS.);
#7135 = CARTESIAN_POINT('',(60.837625838926,13.45870385906,1.1));
#7136 = CARTESIAN_POINT('',(60.837625838926,12.925922818792,1.1));
#7137 = CARTESIAN_POINT('',(60.473091442953,12.624370805369,1.1));
#7138 = ORIENTED_EDGE('',*,*,#7089,.T.);
#7139 = ORIENTED_EDGE('',*,*,#1639,.F.);
#7140 = ORIENTED_EDGE('',*,*,#7141,.F.);
#7141 = EDGE_CURVE('',#7132,#1640,#7142,.T.);
#7142 = LINE('',#7143,#7144);
#7143 = CARTESIAN_POINT('',(60.473091442953,12.624370805369,1.1));
#7144 = VECTOR('',#7145,1.);
#7145 = DIRECTION('',(0.,0.,1.));
#7146 = SURFACE_OF_LINEAR_EXTRUSION('',#7147,#7151);
#7147 = B_SPLINE_CURVE_WITH_KNOTS('',2,(#7148,#7149,#7150),
  .UNSPECIFIED.,.F.,.F.,(3,3),(0.,1.),.PIECEWISE_BEZIER_KNOTS.);
#7148 = CARTESIAN_POINT('',(60.837625838926,13.45870385906,1.1));
#7149 = CARTESIAN_POINT('',(60.837625838926,12.925922818792,1.1));
#7150 = CARTESIAN_POINT('',(60.473091442953,12.624370805369,1.1));
#7151 = VECTOR('',#7152,1.);
#7152 = DIRECTION('',(-0.,-0.,-1.));
#7153 = ADVANCED_FACE('',(#7154),#7172,.F.);
#7154 = FACE_BOUND('',#7155,.F.);
#7155 = EDGE_LOOP('',(#7156,#7164,#7170,#7171));
#7156 = ORIENTED_EDGE('',*,*,#7157,.F.);
#7157 = EDGE_CURVE('',#7158,#7106,#7160,.T.);
#7158 = VERTEX_POINT('',#7159);
#7159 = CARTESIAN_POINT('',(58.872105704698,12.973489932886,1.1));
#7160 = B_SPLINE_CURVE_WITH_KNOTS('',2,(#7161,#7162,#7163),
  .UNSPECIFIED.,.F.,.F.,(3,3),(0.,1.),.PIECEWISE_BEZIER_KNOTS.);
#7161 = CARTESIAN_POINT('',(58.872105704698,12.973489932886,1.1));
#7162 = CARTESIAN_POINT('',(59.11331795302,12.895973154362,1.1));
#7163 = CARTESIAN_POINT('',(59.326929530201,12.895973154362,1.1));
#7164 = ORIENTED_EDGE('',*,*,#7165,.T.);
#7165 = EDGE_CURVE('',#7158,#1707,#7166,.T.);
#7166 = LINE('',#7167,#7168);
#7167 = CARTESIAN_POINT('',(58.872105704698,12.973489932886,1.1));
#7168 = VECTOR('',#7169,1.);
#7169 = DIRECTION('',(0.,0.,1.));
#7170 = ORIENTED_EDGE('',*,*,#1717,.F.);
#7171 = ORIENTED_EDGE('',*,*,#7113,.F.);
#7172 = SURFACE_OF_LINEAR_EXTRUSION('',#7173,#7177);
#7173 = B_SPLINE_CURVE_WITH_KNOTS('',2,(#7174,#7175,#7176),
  .UNSPECIFIED.,.F.,.F.,(3,3),(0.,1.),.PIECEWISE_BEZIER_KNOTS.);
#7174 = CARTESIAN_POINT('',(58.872105704698,12.973489932886,1.1));
#7175 = CARTESIAN_POINT('',(59.11331795302,12.895973154362,1.1));
#7176 = CARTESIAN_POINT('',(59.326929530201,12.895973154362,1.1));
#7177 = VECTOR('',#7178,1.);
#7178 = DIRECTION('',(-0.,-0.,-1.));
#7179 = ADVANCED_FACE('',(#7180),#7198,.F.);
#7180 = FACE_BOUND('',#7181,.F.);
#7181 = EDGE_LOOP('',(#7182,#7190,#7191,#7192));
#7182 = ORIENTED_EDGE('',*,*,#7183,.F.);
#7183 = EDGE_CURVE('',#7132,#7184,#7186,.T.);
#7184 = VERTEX_POINT('',#7185);
#7185 = CARTESIAN_POINT('',(59.461262583893,12.322818791946,1.1));
#7186 = B_SPLINE_CURVE_WITH_KNOTS('',2,(#7187,#7188,#7189),
  .UNSPECIFIED.,.F.,.F.,(3,3),(0.,1.),.PIECEWISE_BEZIER_KNOTS.);
#7187 = CARTESIAN_POINT('',(60.473091442953,12.624370805369,1.1));
#7188 = CARTESIAN_POINT('',(60.10870385906,12.322818791946,1.1));
#7189 = CARTESIAN_POINT('',(59.461262583893,12.322818791946,1.1));
#7190 = ORIENTED_EDGE('',*,*,#7141,.T.);
#7191 = ORIENTED_EDGE('',*,*,#1658,.F.);
#7192 = ORIENTED_EDGE('',*,*,#7193,.F.);
#7193 = EDGE_CURVE('',#7184,#1659,#7194,.T.);
#7194 = LINE('',#7195,#7196);
#7195 = CARTESIAN_POINT('',(59.461262583893,12.322818791946,1.1));
#7196 = VECTOR('',#7197,1.);
#7197 = DIRECTION('',(0.,0.,1.));
#7198 = SURFACE_OF_LINEAR_EXTRUSION('',#7199,#7203);
#7199 = B_SPLINE_CURVE_WITH_KNOTS('',2,(#7200,#7201,#7202),
  .UNSPECIFIED.,.F.,.F.,(3,3),(0.,1.),.PIECEWISE_BEZIER_KNOTS.);
#7200 = CARTESIAN_POINT('',(60.473091442953,12.624370805369,1.1));
#7201 = CARTESIAN_POINT('',(60.10870385906,12.322818791946,1.1));
#7202 = CARTESIAN_POINT('',(59.461262583893,12.322818791946,1.1));
#7203 = VECTOR('',#7204,1.);
#7204 = DIRECTION('',(-0.,-0.,-1.));
#7205 = ADVANCED_FACE('',(#7206),#7224,.F.);
#7206 = FACE_BOUND('',#7207,.F.);
#7207 = EDGE_LOOP('',(#7208,#7216,#7222,#7223));
#7208 = ORIENTED_EDGE('',*,*,#7209,.F.);
#7209 = EDGE_CURVE('',#7210,#7158,#7212,.T.);
#7210 = VERTEX_POINT('',#7211);
#7211 = CARTESIAN_POINT('',(58.362374161074,13.206040268456,1.1));
#7212 = B_SPLINE_CURVE_WITH_KNOTS('',2,(#7213,#7214,#7215),
  .UNSPECIFIED.,.F.,.F.,(3,3),(0.,1.),.PIECEWISE_BEZIER_KNOTS.);
#7213 = CARTESIAN_POINT('',(58.362374161074,13.206040268456,1.1));
#7214 = CARTESIAN_POINT('',(58.631040268456,13.051006711409,1.1));
#7215 = CARTESIAN_POINT('',(58.872105704698,12.973489932886,1.1));
#7216 = ORIENTED_EDGE('',*,*,#7217,.T.);
#7217 = EDGE_CURVE('',#7210,#1699,#7218,.T.);
#7218 = LINE('',#7219,#7220);
#7219 = CARTESIAN_POINT('',(58.362374161074,13.206040268456,1.1));
#7220 = VECTOR('',#7221,1.);
#7221 = DIRECTION('',(0.,0.,1.));
#7222 = ORIENTED_EDGE('',*,*,#1706,.F.);
#7223 = ORIENTED_EDGE('',*,*,#7165,.F.);
#7224 = SURFACE_OF_LINEAR_EXTRUSION('',#7225,#7229);
#7225 = B_SPLINE_CURVE_WITH_KNOTS('',2,(#7226,#7227,#7228),
  .UNSPECIFIED.,.F.,.F.,(3,3),(0.,1.),.PIECEWISE_BEZIER_KNOTS.);
#7226 = CARTESIAN_POINT('',(58.362374161074,13.206040268456,1.1));
#7227 = CARTESIAN_POINT('',(58.631040268456,13.051006711409,1.1));
#7228 = CARTESIAN_POINT('',(58.872105704698,12.973489932886,1.1));
#7229 = VECTOR('',#7230,1.);
#7230 = DIRECTION('',(-0.,-0.,-1.));
#7231 = ADVANCED_FACE('',(#7232),#7250,.F.);
#7232 = FACE_BOUND('',#7233,.F.);
#7233 = EDGE_LOOP('',(#7234,#7242,#7243,#7244));
#7234 = ORIENTED_EDGE('',*,*,#7235,.F.);
#7235 = EDGE_CURVE('',#7184,#7236,#7238,.T.);
#7236 = VERTEX_POINT('',#7237);
#7237 = CARTESIAN_POINT('',(58.907340604027,12.376405201342,1.1));
#7238 = B_SPLINE_CURVE_WITH_KNOTS('',2,(#7239,#7240,#7241),
  .UNSPECIFIED.,.F.,.F.,(3,3),(0.,1.),.PIECEWISE_BEZIER_KNOTS.);
#7239 = CARTESIAN_POINT('',(59.461262583893,12.322818791946,1.1));
#7240 = CARTESIAN_POINT('',(59.18158557047,12.322818791946,1.1));
#7241 = CARTESIAN_POINT('',(58.907340604027,12.376405201342,1.1));
#7242 = ORIENTED_EDGE('',*,*,#7193,.T.);
#7243 = ORIENTED_EDGE('',*,*,#1675,.F.);
#7244 = ORIENTED_EDGE('',*,*,#7245,.F.);
#7245 = EDGE_CURVE('',#7236,#1676,#7246,.T.);
#7246 = LINE('',#7247,#7248);
#7247 = CARTESIAN_POINT('',(58.907340604027,12.376405201342,1.1));
#7248 = VECTOR('',#7249,1.);
#7249 = DIRECTION('',(0.,0.,1.));
#7250 = SURFACE_OF_LINEAR_EXTRUSION('',#7251,#7255);
#7251 = B_SPLINE_CURVE_WITH_KNOTS('',2,(#7252,#7253,#7254),
  .UNSPECIFIED.,.F.,.F.,(3,3),(0.,1.),.PIECEWISE_BEZIER_KNOTS.);
#7252 = CARTESIAN_POINT('',(59.461262583893,12.322818791946,1.1));
#7253 = CARTESIAN_POINT('',(59.18158557047,12.322818791946,1.1));
#7254 = CARTESIAN_POINT('',(58.907340604027,12.376405201342,1.1));
#7255 = VECTOR('',#7256,1.);
#7256 = DIRECTION('',(-0.,-0.,-1.));
#7257 = ADVANCED_FACE('',(#7258),#7276,.F.);
#7258 = FACE_BOUND('',#7259,.F.);
#7259 = EDGE_LOOP('',(#7260,#7268,#7274,#7275));
#7260 = ORIENTED_EDGE('',*,*,#7261,.F.);
#7261 = EDGE_CURVE('',#7262,#7210,#7264,.T.);
#7262 = VERTEX_POINT('',#7263);
#7263 = CARTESIAN_POINT('',(58.362374161074,12.538926174497,1.1));
#7264 = LINE('',#7265,#7266);
#7265 = CARTESIAN_POINT('',(58.362374161074,12.538926174497,1.1));
#7266 = VECTOR('',#7267,1.);
#7267 = DIRECTION('',(0.,1.,0.));
#7268 = ORIENTED_EDGE('',*,*,#7269,.T.);
#7269 = EDGE_CURVE('',#7262,#1689,#7270,.T.);
#7270 = LINE('',#7271,#7272);
#7271 = CARTESIAN_POINT('',(58.362374161074,12.538926174497,1.1));
#7272 = VECTOR('',#7273,1.);
#7273 = DIRECTION('',(0.,0.,1.));
#7274 = ORIENTED_EDGE('',*,*,#1698,.F.);
#7275 = ORIENTED_EDGE('',*,*,#7217,.F.);
#7276 = PLANE('',#7277);
#7277 = AXIS2_PLACEMENT_3D('',#7278,#7279,#7280);
#7278 = CARTESIAN_POINT('',(58.362374161074,12.538926174497,1.1));
#7279 = DIRECTION('',(-1.,0.,0.));
#7280 = DIRECTION('',(0.,1.,0.));
#7281 = ADVANCED_FACE('',(#7282),#7293,.F.);
#7282 = FACE_BOUND('',#7283,.F.);
#7283 = EDGE_LOOP('',(#7284,#7290,#7291,#7292));
#7284 = ORIENTED_EDGE('',*,*,#7285,.F.);
#7285 = EDGE_CURVE('',#7236,#7262,#7286,.T.);
#7286 = B_SPLINE_CURVE_WITH_KNOTS('',2,(#7287,#7288,#7289),
  .UNSPECIFIED.,.F.,.F.,(3,3),(0.,1.),.PIECEWISE_BEZIER_KNOTS.);
#7287 = CARTESIAN_POINT('',(58.907340604027,12.376405201342,1.1));
#7288 = CARTESIAN_POINT('',(58.633242449664,12.429844798658,1.1));
#7289 = CARTESIAN_POINT('',(58.362374161074,12.538926174497,1.1));
#7290 = ORIENTED_EDGE('',*,*,#7245,.T.);
#7291 = ORIENTED_EDGE('',*,*,#1688,.F.);
#7292 = ORIENTED_EDGE('',*,*,#7269,.F.);
#7293 = SURFACE_OF_LINEAR_EXTRUSION('',#7294,#7298);
#7294 = B_SPLINE_CURVE_WITH_KNOTS('',2,(#7295,#7296,#7297),
  .UNSPECIFIED.,.F.,.F.,(3,3),(0.,1.),.PIECEWISE_BEZIER_KNOTS.);
#7295 = CARTESIAN_POINT('',(58.907340604027,12.376405201342,1.1));
#7296 = CARTESIAN_POINT('',(58.633242449664,12.429844798658,1.1));
#7297 = CARTESIAN_POINT('',(58.362374161074,12.538926174497,1.1));
#7298 = VECTOR('',#7299,1.);
#7299 = DIRECTION('',(-0.,-0.,-1.));
#7300 = ADVANCED_FACE('',(#7301),#7326,.F.);
#7301 = FACE_BOUND('',#7302,.F.);
#7302 = EDGE_LOOP('',(#7303,#7313,#7319,#7320));
#7303 = ORIENTED_EDGE('',*,*,#7304,.F.);
#7304 = EDGE_CURVE('',#7305,#7307,#7309,.T.);
#7305 = VERTEX_POINT('',#7306);
#7306 = CARTESIAN_POINT('',(72.692281879195,15.564429530201,1.1));
#7307 = VERTEX_POINT('',#7308);
#7308 = CARTESIAN_POINT('',(72.692281879195,14.953691275168,1.1));
#7309 = LINE('',#7310,#7311);
#7310 = CARTESIAN_POINT('',(72.692281879195,15.564429530201,1.1));
#7311 = VECTOR('',#7312,1.);
#7312 = DIRECTION('',(0.,-1.,0.));
#7313 = ORIENTED_EDGE('',*,*,#7314,.T.);
#7314 = EDGE_CURVE('',#7305,#1821,#7315,.T.);
#7315 = LINE('',#7316,#7317);
#7316 = CARTESIAN_POINT('',(72.692281879195,15.564429530201,1.1));
#7317 = VECTOR('',#7318,1.);
#7318 = DIRECTION('',(0.,0.,1.));
#7319 = ORIENTED_EDGE('',*,*,#1818,.F.);
#7320 = ORIENTED_EDGE('',*,*,#7321,.F.);
#7321 = EDGE_CURVE('',#7307,#1819,#7322,.T.);
#7322 = LINE('',#7323,#7324);
#7323 = CARTESIAN_POINT('',(72.692281879195,14.953691275168,1.1));
#7324 = VECTOR('',#7325,1.);
#7325 = DIRECTION('',(0.,0.,1.));
#7326 = PLANE('',#7327);
#7327 = AXIS2_PLACEMENT_3D('',#7328,#7329,#7330);
#7328 = CARTESIAN_POINT('',(72.692281879195,15.564429530201,1.1));
#7329 = DIRECTION('',(1.,0.,0.));
#7330 = DIRECTION('',(0.,-1.,0.));
#7331 = ADVANCED_FACE('',(#7332),#7350,.F.);
#7332 = FACE_BOUND('',#7333,.F.);
#7333 = EDGE_LOOP('',(#7334,#7342,#7343,#7344));
#7334 = ORIENTED_EDGE('',*,*,#7335,.F.);
#7335 = EDGE_CURVE('',#7307,#7336,#7338,.T.);
#7336 = VERTEX_POINT('',#7337);
#7337 = CARTESIAN_POINT('',(72.298091442953,15.102705536913,1.1));
#7338 = B_SPLINE_CURVE_WITH_KNOTS('',2,(#7339,#7340,#7341),
  .UNSPECIFIED.,.F.,.F.,(3,3),(0.,1.),.PIECEWISE_BEZIER_KNOTS.);
#7339 = CARTESIAN_POINT('',(72.692281879195,14.953691275168,1.1));
#7340 = CARTESIAN_POINT('',(72.48307466443,15.054551174497,1.1));
#7341 = CARTESIAN_POINT('',(72.298091442953,15.102705536913,1.1));
#7342 = ORIENTED_EDGE('',*,*,#7321,.T.);
#7343 = ORIENTED_EDGE('',*,*,#1828,.F.);
#7344 = ORIENTED_EDGE('',*,*,#7345,.F.);
#7345 = EDGE_CURVE('',#7336,#1829,#7346,.T.);
#7346 = LINE('',#7347,#7348);
#7347 = CARTESIAN_POINT('',(72.298091442953,15.102705536913,1.1));
#7348 = VECTOR('',#7349,1.);
#7349 = DIRECTION('',(0.,0.,1.));
#7350 = SURFACE_OF_LINEAR_EXTRUSION('',#7351,#7355);
#7351 = B_SPLINE_CURVE_WITH_KNOTS('',2,(#7352,#7353,#7354),
  .UNSPECIFIED.,.F.,.F.,(3,3),(0.,1.),.PIECEWISE_BEZIER_KNOTS.);
#7352 = CARTESIAN_POINT('',(72.692281879195,14.953691275168,1.1));
#7353 = CARTESIAN_POINT('',(72.48307466443,15.054551174497,1.1));
#7354 = CARTESIAN_POINT('',(72.298091442953,15.102705536913,1.1));
#7355 = VECTOR('',#7356,1.);
#7356 = DIRECTION('',(-0.,-0.,-1.));
#7357 = ADVANCED_FACE('',(#7358),#7376,.F.);
#7358 = FACE_BOUND('',#7359,.F.);
#7359 = EDGE_LOOP('',(#7360,#7368,#7374,#7375));
#7360 = ORIENTED_EDGE('',*,*,#7361,.F.);
#7361 = EDGE_CURVE('',#7362,#7305,#7364,.T.);
#7362 = VERTEX_POINT('',#7363);
#7363 = CARTESIAN_POINT('',(72.269463087248,15.670134228188,1.1));
#7364 = B_SPLINE_CURVE_WITH_KNOTS('',2,(#7365,#7366,#7367),
  .UNSPECIFIED.,.F.,.F.,(3,3),(0.,1.),.PIECEWISE_BEZIER_KNOTS.);
#7365 = CARTESIAN_POINT('',(72.269463087248,15.670134228188,1.1));
#7366 = CARTESIAN_POINT('',(72.48307466443,15.634899328859,1.1));
#7367 = CARTESIAN_POINT('',(72.692281879195,15.564429530201,1.1));
#7368 = ORIENTED_EDGE('',*,*,#7369,.T.);
#7369 = EDGE_CURVE('',#7362,#2056,#7370,.T.);
#7370 = LINE('',#7371,#7372);
#7371 = CARTESIAN_POINT('',(72.269463087248,15.670134228188,1.1));
#7372 = VECTOR('',#7373,1.);
#7373 = DIRECTION('',(0.,0.,1.));
#7374 = ORIENTED_EDGE('',*,*,#2065,.F.);
#7375 = ORIENTED_EDGE('',*,*,#7314,.F.);
#7376 = SURFACE_OF_LINEAR_EXTRUSION('',#7377,#7381);
#7377 = B_SPLINE_CURVE_WITH_KNOTS('',2,(#7378,#7379,#7380),
  .UNSPECIFIED.,.F.,.F.,(3,3),(0.,1.),.PIECEWISE_BEZIER_KNOTS.);
#7378 = CARTESIAN_POINT('',(72.269463087248,15.670134228188,1.1));
#7379 = CARTESIAN_POINT('',(72.48307466443,15.634899328859,1.1));
#7380 = CARTESIAN_POINT('',(72.692281879195,15.564429530201,1.1));
#7381 = VECTOR('',#7382,1.);
#7382 = DIRECTION('',(-0.,-0.,-1.));
#7383 = ADVANCED_FACE('',(#7384),#7402,.F.);
#7384 = FACE_BOUND('',#7385,.F.);
#7385 = EDGE_LOOP('',(#7386,#7394,#7395,#7396));
#7386 = ORIENTED_EDGE('',*,*,#7387,.F.);
#7387 = EDGE_CURVE('',#7336,#7388,#7390,.T.);
#7388 = VERTEX_POINT('',#7389);
#7389 = CARTESIAN_POINT('',(71.936933724832,15.151006711409,1.1));
#7390 = B_SPLINE_CURVE_WITH_KNOTS('',2,(#7391,#7392,#7393),
  .UNSPECIFIED.,.F.,.F.,(3,3),(0.,1.),.PIECEWISE_BEZIER_KNOTS.);
#7391 = CARTESIAN_POINT('',(72.298091442953,15.102705536913,1.1));
#7392 = CARTESIAN_POINT('',(72.113108221476,15.151006711409,1.1));
#7393 = CARTESIAN_POINT('',(71.936933724832,15.151006711409,1.1));
#7394 = ORIENTED_EDGE('',*,*,#7345,.T.);
#7395 = ORIENTED_EDGE('',*,*,#1839,.F.);
#7396 = ORIENTED_EDGE('',*,*,#7397,.F.);
#7397 = EDGE_CURVE('',#7388,#1840,#7398,.T.);
#7398 = LINE('',#7399,#7400);
#7399 = CARTESIAN_POINT('',(71.936933724832,15.151006711409,1.1));
#7400 = VECTOR('',#7401,1.);
#7401 = DIRECTION('',(0.,0.,1.));
#7402 = SURFACE_OF_LINEAR_EXTRUSION('',#7403,#7407);
#7403 = B_SPLINE_CURVE_WITH_KNOTS('',2,(#7404,#7405,#7406),
  .UNSPECIFIED.,.F.,.F.,(3,3),(0.,1.),.PIECEWISE_BEZIER_KNOTS.);
#7404 = CARTESIAN_POINT('',(72.298091442953,15.102705536913,1.1));
#7405 = CARTESIAN_POINT('',(72.113108221476,15.151006711409,1.1));
#7406 = CARTESIAN_POINT('',(71.936933724832,15.151006711409,1.1));
#7407 = VECTOR('',#7408,1.);
#7408 = DIRECTION('',(-0.,-0.,-1.));
#7409 = ADVANCED_FACE('',(#7410),#7428,.F.);
#7410 = FACE_BOUND('',#7411,.F.);
#7411 = EDGE_LOOP('',(#7412,#7420,#7426,#7427));
#7412 = ORIENTED_EDGE('',*,*,#7413,.F.);
#7413 = EDGE_CURVE('',#7414,#7362,#7416,.T.);
#7414 = VERTEX_POINT('',#7415);
#7415 = CARTESIAN_POINT('',(71.829026845638,15.705369127517,1.1));
#7416 = B_SPLINE_CURVE_WITH_KNOTS('',2,(#7417,#7418,#7419),
  .UNSPECIFIED.,.F.,.F.,(3,3),(0.,1.),.PIECEWISE_BEZIER_KNOTS.);
#7417 = CARTESIAN_POINT('',(71.829026845638,15.705369127517,1.1));
#7418 = CARTESIAN_POINT('',(72.055851510067,15.705369127517,1.1));
#7419 = CARTESIAN_POINT('',(72.269463087248,15.670134228188,1.1));
#7420 = ORIENTED_EDGE('',*,*,#7421,.T.);
#7421 = EDGE_CURVE('',#7414,#2033,#7422,.T.);
#7422 = LINE('',#7423,#7424);
#7423 = CARTESIAN_POINT('',(71.829026845638,15.705369127517,1.1));
#7424 = VECTOR('',#7425,1.);
#7425 = DIRECTION('',(0.,0.,1.));
#7426 = ORIENTED_EDGE('',*,*,#2055,.F.);
#7427 = ORIENTED_EDGE('',*,*,#7369,.F.);
#7428 = SURFACE_OF_LINEAR_EXTRUSION('',#7429,#7433);
#7429 = B_SPLINE_CURVE_WITH_KNOTS('',2,(#7430,#7431,#7432),
  .UNSPECIFIED.,.F.,.F.,(3,3),(0.,1.),.PIECEWISE_BEZIER_KNOTS.);
#7430 = CARTESIAN_POINT('',(71.829026845638,15.705369127517,1.1));
#7431 = CARTESIAN_POINT('',(72.055851510067,15.705369127517,1.1));
#7432 = CARTESIAN_POINT('',(72.269463087248,15.670134228188,1.1));
#7433 = VECTOR('',#7434,1.);
#7434 = DIRECTION('',(-0.,-0.,-1.));
#7435 = ADVANCED_FACE('',(#7436),#7454,.F.);
#7436 = FACE_BOUND('',#7437,.F.);
#7437 = EDGE_LOOP('',(#7438,#7446,#7447,#7448));
#7438 = ORIENTED_EDGE('',*,*,#7439,.F.);
#7439 = EDGE_CURVE('',#7388,#7440,#7442,.T.);
#7440 = VERTEX_POINT('',#7441);
#7441 = CARTESIAN_POINT('',(71.346749161074,14.940478187919,1.1));
#7442 = B_SPLINE_CURVE_WITH_KNOTS('',2,(#7443,#7444,#7445),
  .UNSPECIFIED.,.F.,.F.,(3,3),(0.,1.),.PIECEWISE_BEZIER_KNOTS.);
#7443 = CARTESIAN_POINT('',(71.936933724832,15.151006711409,1.1));
#7444 = CARTESIAN_POINT('',(71.558158557047,15.151006711409,1.1));
#7445 = CARTESIAN_POINT('',(71.346749161074,14.940478187919,1.1));
#7446 = ORIENTED_EDGE('',*,*,#7397,.T.);
#7447 = ORIENTED_EDGE('',*,*,#1849,.F.);
#7448 = ORIENTED_EDGE('',*,*,#7449,.F.);
#7449 = EDGE_CURVE('',#7440,#1850,#7450,.T.);
#7450 = LINE('',#7451,#7452);
#7451 = CARTESIAN_POINT('',(71.346749161074,14.940478187919,1.1));
#7452 = VECTOR('',#7453,1.);
#7453 = DIRECTION('',(0.,0.,1.));
#7454 = SURFACE_OF_LINEAR_EXTRUSION('',#7455,#7459);
#7455 = B_SPLINE_CURVE_WITH_KNOTS('',2,(#7456,#7457,#7458),
  .UNSPECIFIED.,.F.,.F.,(3,3),(0.,1.),.PIECEWISE_BEZIER_KNOTS.);
#7456 = CARTESIAN_POINT('',(71.936933724832,15.151006711409,1.1));
#7457 = CARTESIAN_POINT('',(71.558158557047,15.151006711409,1.1));
#7458 = CARTESIAN_POINT('',(71.346749161074,14.940478187919,1.1));
#7459 = VECTOR('',#7460,1.);
#7460 = DIRECTION('',(-0.,-0.,-1.));
#7461 = ADVANCED_FACE('',(#7462),#7480,.F.);
#7462 = FACE_BOUND('',#7463,.F.);
#7463 = EDGE_LOOP('',(#7464,#7472,#7478,#7479));
#7464 = ORIENTED_EDGE('',*,*,#7465,.F.);
#7465 = EDGE_CURVE('',#7466,#7414,#7468,.T.);
#7466 = VERTEX_POINT('',#7467);
#7467 = CARTESIAN_POINT('',(70.702537751678,15.239093959732,1.1));
#7468 = B_SPLINE_CURVE_WITH_KNOTS('',2,(#7469,#7470,#7471),
  .UNSPECIFIED.,.F.,.F.,(3,3),(0.,1.),.PIECEWISE_BEZIER_KNOTS.);
#7469 = CARTESIAN_POINT('',(70.702537751678,15.239093959732,1.1));
#7470 = CARTESIAN_POINT('',(71.11331795302,15.705369127517,1.1));
#7471 = CARTESIAN_POINT('',(71.829026845638,15.705369127517,1.1));
#7472 = ORIENTED_EDGE('',*,*,#7473,.T.);
#7473 = EDGE_CURVE('',#7466,#2010,#7474,.T.);
#7474 = LINE('',#7475,#7476);
#7475 = CARTESIAN_POINT('',(70.702537751678,15.239093959732,1.1));
#7476 = VECTOR('',#7477,1.);
#7477 = DIRECTION('',(0.,0.,1.));
#7478 = ORIENTED_EDGE('',*,*,#2032,.F.);
#7479 = ORIENTED_EDGE('',*,*,#7421,.F.);
#7480 = SURFACE_OF_LINEAR_EXTRUSION('',#7481,#7485);
#7481 = B_SPLINE_CURVE_WITH_KNOTS('',2,(#7482,#7483,#7484),
  .UNSPECIFIED.,.F.,.F.,(3,3),(0.,1.),.PIECEWISE_BEZIER_KNOTS.);
#7482 = CARTESIAN_POINT('',(70.702537751678,15.239093959732,1.1));
#7483 = CARTESIAN_POINT('',(71.11331795302,15.705369127517,1.1));
#7484 = CARTESIAN_POINT('',(71.829026845638,15.705369127517,1.1));
#7485 = VECTOR('',#7486,1.);
#7486 = DIRECTION('',(-0.,-0.,-1.));
#7487 = ADVANCED_FACE('',(#7488),#7506,.F.);
#7488 = FACE_BOUND('',#7489,.F.);
#7489 = EDGE_LOOP('',(#7490,#7498,#7499,#7500));
#7490 = ORIENTED_EDGE('',*,*,#7491,.F.);
#7491 = EDGE_CURVE('',#7440,#7492,#7494,.T.);
#7492 = VERTEX_POINT('',#7493);
#7493 = CARTESIAN_POINT('',(71.100104865772,14.315499161074,1.1));
#7494 = B_SPLINE_CURVE_WITH_KNOTS('',2,(#7495,#7496,#7497),
  .UNSPECIFIED.,.F.,.F.,(3,3),(0.,1.),.PIECEWISE_BEZIER_KNOTS.);
#7495 = CARTESIAN_POINT('',(71.346749161074,14.940478187919,1.1));
#7496 = CARTESIAN_POINT('',(71.135339765101,14.72994966443,1.1));
#7497 = CARTESIAN_POINT('',(71.100104865772,14.315499161074,1.1));
#7498 = ORIENTED_EDGE('',*,*,#7449,.T.);
#7499 = ORIENTED_EDGE('',*,*,#1866,.F.);
#7500 = ORIENTED_EDGE('',*,*,#7501,.F.);
#7501 = EDGE_CURVE('',#7492,#1867,#7502,.T.);
#7502 = LINE('',#7503,#7504);
#7503 = CARTESIAN_POINT('',(71.100104865772,14.315499161074,1.1));
#7504 = VECTOR('',#7505,1.);
#7505 = DIRECTION('',(0.,0.,1.));
#7506 = SURFACE_OF_LINEAR_EXTRUSION('',#7507,#7511);
#7507 = B_SPLINE_CURVE_WITH_KNOTS('',2,(#7508,#7509,#7510),
  .UNSPECIFIED.,.F.,.F.,(3,3),(0.,1.),.PIECEWISE_BEZIER_KNOTS.);
#7508 = CARTESIAN_POINT('',(71.346749161074,14.940478187919,1.1));
#7509 = CARTESIAN_POINT('',(71.135339765101,14.72994966443,1.1));
#7510 = CARTESIAN_POINT('',(71.100104865772,14.315499161074,1.1));
#7511 = VECTOR('',#7512,1.);
#7512 = DIRECTION('',(-0.,-0.,-1.));
#7513 = ADVANCED_FACE('',(#7514),#7532,.F.);
#7514 = FACE_BOUND('',#7515,.F.);
#7515 = EDGE_LOOP('',(#7516,#7524,#7530,#7531));
#7516 = ORIENTED_EDGE('',*,*,#7517,.F.);
#7517 = EDGE_CURVE('',#7518,#7466,#7520,.T.);
#7518 = VERTEX_POINT('',#7519);
#7519 = CARTESIAN_POINT('',(70.291904362416,13.956984060403,1.1));
#7520 = B_SPLINE_CURVE_WITH_KNOTS('',2,(#7521,#7522,#7523),
  .UNSPECIFIED.,.F.,.F.,(3,3),(0.,1.),.PIECEWISE_BEZIER_KNOTS.);
#7521 = CARTESIAN_POINT('',(70.291904362416,13.956984060403,1.1));
#7522 = CARTESIAN_POINT('',(70.291904362416,14.772818791946,1.1));
#7523 = CARTESIAN_POINT('',(70.702537751678,15.239093959732,1.1));
#7524 = ORIENTED_EDGE('',*,*,#7525,.T.);
#7525 = EDGE_CURVE('',#7518,#1993,#7526,.T.);
#7526 = LINE('',#7527,#7528);
#7527 = CARTESIAN_POINT('',(70.291904362416,13.956984060403,1.1));
#7528 = VECTOR('',#7529,1.);
#7529 = DIRECTION('',(0.,0.,1.));
#7530 = ORIENTED_EDGE('',*,*,#2009,.F.);
#7531 = ORIENTED_EDGE('',*,*,#7473,.F.);
#7532 = SURFACE_OF_LINEAR_EXTRUSION('',#7533,#7537);
#7533 = B_SPLINE_CURVE_WITH_KNOTS('',2,(#7534,#7535,#7536),
  .UNSPECIFIED.,.F.,.F.,(3,3),(0.,1.),.PIECEWISE_BEZIER_KNOTS.);
#7534 = CARTESIAN_POINT('',(70.291904362416,13.956984060403,1.1));
#7535 = CARTESIAN_POINT('',(70.291904362416,14.772818791946,1.1));
#7536 = CARTESIAN_POINT('',(70.702537751678,15.239093959732,1.1));
#7537 = VECTOR('',#7538,1.);
#7538 = DIRECTION('',(-0.,-0.,-1.));
#7539 = ADVANCED_FACE('',(#7540),#7558,.F.);
#7540 = FACE_BOUND('',#7541,.F.);
#7541 = EDGE_LOOP('',(#7542,#7550,#7551,#7552));
#7542 = ORIENTED_EDGE('',*,*,#7543,.F.);
#7543 = EDGE_CURVE('',#7492,#7544,#7546,.T.);
#7544 = VERTEX_POINT('',#7545);
#7545 = CARTESIAN_POINT('',(71.415016778523,14.476992449664,1.1));
#7546 = B_SPLINE_CURVE_WITH_KNOTS('',2,(#7547,#7548,#7549),
  .UNSPECIFIED.,.F.,.F.,(3,3),(0.,1.),.PIECEWISE_BEZIER_KNOTS.);
#7547 = CARTESIAN_POINT('',(71.100104865772,14.315499161074,1.1));
#7548 = CARTESIAN_POINT('',(71.245448825503,14.423259228188,1.1));
#7549 = CARTESIAN_POINT('',(71.415016778523,14.476992449664,1.1));
#7550 = ORIENTED_EDGE('',*,*,#7501,.T.);
#7551 = ORIENTED_EDGE('',*,*,#1881,.F.);
#7552 = ORIENTED_EDGE('',*,*,#7553,.F.);
#7553 = EDGE_CURVE('',#7544,#1882,#7554,.T.);
#7554 = LINE('',#7555,#7556);
#7555 = CARTESIAN_POINT('',(71.415016778523,14.476992449664,1.1));
#7556 = VECTOR('',#7557,1.);
#7557 = DIRECTION('',(0.,0.,1.));
#7558 = SURFACE_OF_LINEAR_EXTRUSION('',#7559,#7563);
#7559 = B_SPLINE_CURVE_WITH_KNOTS('',2,(#7560,#7561,#7562),
  .UNSPECIFIED.,.F.,.F.,(3,3),(0.,1.),.PIECEWISE_BEZIER_KNOTS.);
#7560 = CARTESIAN_POINT('',(71.100104865772,14.315499161074,1.1));
#7561 = CARTESIAN_POINT('',(71.245448825503,14.423259228188,1.1));
#7562 = CARTESIAN_POINT('',(71.415016778523,14.476992449664,1.1));
#7563 = VECTOR('',#7564,1.);
#7564 = DIRECTION('',(-0.,-0.,-1.));
#7565 = ADVANCED_FACE('',(#7566),#7584,.F.);
#7566 = FACE_BOUND('',#7567,.F.);
#7567 = EDGE_LOOP('',(#7568,#7576,#7582,#7583));
#7568 = ORIENTED_EDGE('',*,*,#7569,.F.);
#7569 = EDGE_CURVE('',#7570,#7518,#7572,.T.);
#7570 = VERTEX_POINT('',#7571);
#7571 = CARTESIAN_POINT('',(70.64307885906,12.727873322148,1.1));
#7572 = B_SPLINE_CURVE_WITH_KNOTS('',2,(#7573,#7574,#7575),
  .UNSPECIFIED.,.F.,.F.,(3,3),(0.,1.),.PIECEWISE_BEZIER_KNOTS.);
#7573 = CARTESIAN_POINT('',(70.64307885906,12.727873322148,1.1));
#7574 = CARTESIAN_POINT('',(70.291904362416,13.161115771812,1.1));
#7575 = CARTESIAN_POINT('',(70.291904362416,13.956984060403,1.1));
#7576 = ORIENTED_EDGE('',*,*,#7577,.T.);
#7577 = EDGE_CURVE('',#7570,#1974,#7578,.T.);
#7578 = LINE('',#7579,#7580);
#7579 = CARTESIAN_POINT('',(70.64307885906,12.727873322148,1.1));
#7580 = VECTOR('',#7581,1.);
#7581 = DIRECTION('',(0.,0.,1.));
#7582 = ORIENTED_EDGE('',*,*,#1992,.F.);
#7583 = ORIENTED_EDGE('',*,*,#7525,.F.);
#7584 = SURFACE_OF_LINEAR_EXTRUSION('',#7585,#7589);
#7585 = B_SPLINE_CURVE_WITH_KNOTS('',2,(#7586,#7587,#7588),
  .UNSPECIFIED.,.F.,.F.,(3,3),(0.,1.),.PIECEWISE_BEZIER_KNOTS.);
#7586 = CARTESIAN_POINT('',(70.64307885906,12.727873322148,1.1));
#7587 = CARTESIAN_POINT('',(70.291904362416,13.161115771812,1.1));
#7588 = CARTESIAN_POINT('',(70.291904362416,13.956984060403,1.1));
#7589 = VECTOR('',#7590,1.);
#7590 = DIRECTION('',(-0.,-0.,-1.));
#7591 = ADVANCED_FACE('',(#7592),#7610,.F.);
#7592 = FACE_BOUND('',#7593,.F.);
#7593 = EDGE_LOOP('',(#7594,#7602,#7603,#7604));
#7594 = ORIENTED_EDGE('',*,*,#7595,.F.);
#7595 = EDGE_CURVE('',#7544,#7596,#7598,.T.);
#7596 = VERTEX_POINT('',#7597);
#7597 = CARTESIAN_POINT('',(71.784983221476,14.530872483221,1.1));
#7598 = B_SPLINE_CURVE_WITH_KNOTS('',2,(#7599,#7600,#7601),
  .UNSPECIFIED.,.F.,.F.,(3,3),(0.,1.),.PIECEWISE_BEZIER_KNOTS.);
#7599 = CARTESIAN_POINT('',(71.415016778523,14.476992449664,1.1));
#7600 = CARTESIAN_POINT('',(71.584584731544,14.530872483221,1.1));
#7601 = CARTESIAN_POINT('',(71.784983221476,14.530872483221,1.1));
#7602 = ORIENTED_EDGE('',*,*,#7553,.T.);
#7603 = ORIENTED_EDGE('',*,*,#1894,.F.);
#7604 = ORIENTED_EDGE('',*,*,#7605,.F.);
#7605 = EDGE_CURVE('',#7596,#1895,#7606,.T.);
#7606 = LINE('',#7607,#7608);
#7607 = CARTESIAN_POINT('',(71.784983221476,14.530872483221,1.1));
#7608 = VECTOR('',#7609,1.);
#7609 = DIRECTION('',(0.,0.,1.));
#7610 = SURFACE_OF_LINEAR_EXTRUSION('',#7611,#7615);
#7611 = B_SPLINE_CURVE_WITH_KNOTS('',2,(#7612,#7613,#7614),
  .UNSPECIFIED.,.F.,.F.,(3,3),(0.,1.),.PIECEWISE_BEZIER_KNOTS.);
#7612 = CARTESIAN_POINT('',(71.415016778523,14.476992449664,1.1));
#7613 = CARTESIAN_POINT('',(71.584584731544,14.530872483221,1.1));
#7614 = CARTESIAN_POINT('',(71.784983221476,14.530872483221,1.1));
#7615 = VECTOR('',#7616,1.);
#7616 = DIRECTION('',(-0.,-0.,-1.));
#7617 = ADVANCED_FACE('',(#7618),#7636,.F.);
#7618 = FACE_BOUND('',#7619,.F.);
#7619 = EDGE_LOOP('',(#7620,#7628,#7634,#7635));
#7620 = ORIENTED_EDGE('',*,*,#7621,.F.);
#7621 = EDGE_CURVE('',#7622,#7570,#7624,.T.);
#7622 = VERTEX_POINT('',#7623);
#7623 = CARTESIAN_POINT('',(71.635234899329,12.294630872483,1.1));
#7624 = B_SPLINE_CURVE_WITH_KNOTS('',2,(#7625,#7626,#7627),
  .UNSPECIFIED.,.F.,.F.,(3,3),(0.,1.),.PIECEWISE_BEZIER_KNOTS.);
#7625 = CARTESIAN_POINT('',(71.635234899329,12.294630872483,1.1));
#7626 = CARTESIAN_POINT('',(70.994400167785,12.294630872483,1.1));
#7627 = CARTESIAN_POINT('',(70.64307885906,12.727873322148,1.1));
#7628 = ORIENTED_EDGE('',*,*,#7629,.T.);
#7629 = EDGE_CURVE('',#7622,#1957,#7630,.T.);
#7630 = LINE('',#7631,#7632);
#7631 = CARTESIAN_POINT('',(71.635234899329,12.294630872483,1.1));
#7632 = VECTOR('',#7633,1.);
#7633 = DIRECTION('',(0.,0.,1.));
#7634 = ORIENTED_EDGE('',*,*,#1973,.F.);
#7635 = ORIENTED_EDGE('',*,*,#7577,.F.);
#7636 = SURFACE_OF_LINEAR_EXTRUSION('',#7637,#7641);
#7637 = B_SPLINE_CURVE_WITH_KNOTS('',2,(#7638,#7639,#7640),
  .UNSPECIFIED.,.F.,.F.,(3,3),(0.,1.),.PIECEWISE_BEZIER_KNOTS.);
#7638 = CARTESIAN_POINT('',(71.635234899329,12.294630872483,1.1));
#7639 = CARTESIAN_POINT('',(70.994400167785,12.294630872483,1.1));
#7640 = CARTESIAN_POINT('',(70.64307885906,12.727873322148,1.1));
#7641 = VECTOR('',#7642,1.);
#7642 = DIRECTION('',(-0.,-0.,-1.));
#7643 = ADVANCED_FACE('',(#7644),#7662,.F.);
#7644 = FACE_BOUND('',#7645,.F.);
#7645 = EDGE_LOOP('',(#7646,#7654,#7655,#7656));
#7646 = ORIENTED_EDGE('',*,*,#7647,.F.);
#7647 = EDGE_CURVE('',#7596,#7648,#7650,.T.);
#7648 = VERTEX_POINT('',#7649);
#7649 = CARTESIAN_POINT('',(72.598615771812,14.235339765101,1.1));
#7650 = B_SPLINE_CURVE_WITH_KNOTS('',2,(#7651,#7652,#7653),
  .UNSPECIFIED.,.F.,.F.,(3,3),(0.,1.),.PIECEWISE_BEZIER_KNOTS.);
#7651 = CARTESIAN_POINT('',(71.784983221476,14.530872483221,1.1));
#7652 = CARTESIAN_POINT('',(72.289282718121,14.530872483221,1.1));
#7653 = CARTESIAN_POINT('',(72.598615771812,14.235339765101,1.1));
#7654 = ORIENTED_EDGE('',*,*,#7605,.T.);
#7655 = ORIENTED_EDGE('',*,*,#1905,.F.);
#7656 = ORIENTED_EDGE('',*,*,#7657,.F.);
#7657 = EDGE_CURVE('',#7648,#1906,#7658,.T.);
#7658 = LINE('',#7659,#7660);
#7659 = CARTESIAN_POINT('',(72.598615771812,14.235339765101,1.1));
#7660 = VECTOR('',#7661,1.);
#7661 = DIRECTION('',(0.,0.,1.));
#7662 = SURFACE_OF_LINEAR_EXTRUSION('',#7663,#7667);
#7663 = B_SPLINE_CURVE_WITH_KNOTS('',2,(#7664,#7665,#7666),
  .UNSPECIFIED.,.F.,.F.,(3,3),(0.,1.),.PIECEWISE_BEZIER_KNOTS.);
#7664 = CARTESIAN_POINT('',(71.784983221476,14.530872483221,1.1));
#7665 = CARTESIAN_POINT('',(72.289282718121,14.530872483221,1.1));
#7666 = CARTESIAN_POINT('',(72.598615771812,14.235339765101,1.1));
#7667 = VECTOR('',#7668,1.);
#7668 = DIRECTION('',(-0.,-0.,-1.));
#7669 = ADVANCED_FACE('',(#7670),#7688,.F.);
#7670 = FACE_BOUND('',#7671,.F.);
#7671 = EDGE_LOOP('',(#7672,#7680,#7686,#7687));
#7672 = ORIENTED_EDGE('',*,*,#7673,.F.);
#7673 = EDGE_CURVE('',#7674,#7622,#7676,.T.);
#7674 = VERTEX_POINT('',#7675);
#7675 = CARTESIAN_POINT('',(72.562353187919,12.613213087248,1.1));
#7676 = B_SPLINE_CURVE_WITH_KNOTS('',2,(#7677,#7678,#7679),
  .UNSPECIFIED.,.F.,.F.,(3,3),(0.,1.),.PIECEWISE_BEZIER_KNOTS.);
#7677 = CARTESIAN_POINT('',(72.562353187919,12.613213087248,1.1));
#7678 = CARTESIAN_POINT('',(72.216610738255,12.294630872483,1.1));
#7679 = CARTESIAN_POINT('',(71.635234899329,12.294630872483,1.1));
#7680 = ORIENTED_EDGE('',*,*,#7681,.T.);
#7681 = EDGE_CURVE('',#7674,#1940,#7682,.T.);
#7682 = LINE('',#7683,#7684);
#7683 = CARTESIAN_POINT('',(72.562353187919,12.613213087248,1.1));
#7684 = VECTOR('',#7685,1.);
#7685 = DIRECTION('',(0.,0.,1.));
#7686 = ORIENTED_EDGE('',*,*,#1956,.F.);
#7687 = ORIENTED_EDGE('',*,*,#7629,.F.);
#7688 = SURFACE_OF_LINEAR_EXTRUSION('',#7689,#7693);
#7689 = B_SPLINE_CURVE_WITH_KNOTS('',2,(#7690,#7691,#7692),
  .UNSPECIFIED.,.F.,.F.,(3,3),(0.,1.),.PIECEWISE_BEZIER_KNOTS.);
#7690 = CARTESIAN_POINT('',(72.562353187919,12.613213087248,1.1));
#7691 = CARTESIAN_POINT('',(72.216610738255,12.294630872483,1.1));
#7692 = CARTESIAN_POINT('',(71.635234899329,12.294630872483,1.1));
#7693 = VECTOR('',#7694,1.);
#7694 = DIRECTION('',(-0.,-0.,-1.));
#7695 = ADVANCED_FACE('',(#7696),#7714,.F.);
#7696 = FACE_BOUND('',#7697,.F.);
#7697 = EDGE_LOOP('',(#7698,#7706,#7707,#7708));
#7698 = ORIENTED_EDGE('',*,*,#7699,.F.);
#7699 = EDGE_CURVE('',#7648,#7700,#7702,.T.);
#7700 = VERTEX_POINT('',#7701);
#7701 = CARTESIAN_POINT('',(72.908095637584,13.46119966443,1.1));
#7702 = B_SPLINE_CURVE_WITH_KNOTS('',2,(#7703,#7704,#7705),
  .UNSPECIFIED.,.F.,.F.,(3,3),(0.,1.),.PIECEWISE_BEZIER_KNOTS.);
#7703 = CARTESIAN_POINT('',(72.598615771812,14.235339765101,1.1));
#7704 = CARTESIAN_POINT('',(72.908095637584,13.93980704698,1.1));
#7705 = CARTESIAN_POINT('',(72.908095637584,13.46119966443,1.1));
#7706 = ORIENTED_EDGE('',*,*,#7657,.T.);
#7707 = ORIENTED_EDGE('',*,*,#1922,.F.);
#7708 = ORIENTED_EDGE('',*,*,#7709,.F.);
#7709 = EDGE_CURVE('',#7700,#1923,#7710,.T.);
#7710 = LINE('',#7711,#7712);
#7711 = CARTESIAN_POINT('',(72.908095637584,13.46119966443,1.1));
#7712 = VECTOR('',#7713,1.);
#7713 = DIRECTION('',(0.,0.,1.));
#7714 = SURFACE_OF_LINEAR_EXTRUSION('',#7715,#7719);
#7715 = B_SPLINE_CURVE_WITH_KNOTS('',2,(#7716,#7717,#7718),
  .UNSPECIFIED.,.F.,.F.,(3,3),(0.,1.),.PIECEWISE_BEZIER_KNOTS.);
#7716 = CARTESIAN_POINT('',(72.598615771812,14.235339765101,1.1));
#7717 = CARTESIAN_POINT('',(72.908095637584,13.93980704698,1.1));
#7718 = CARTESIAN_POINT('',(72.908095637584,13.46119966443,1.1));
#7719 = VECTOR('',#7720,1.);
#7720 = DIRECTION('',(-0.,-0.,-1.));
#7721 = ADVANCED_FACE('',(#7722),#7733,.F.);
#7722 = FACE_BOUND('',#7723,.F.);
#7723 = EDGE_LOOP('',(#7724,#7730,#7731,#7732));
#7724 = ORIENTED_EDGE('',*,*,#7725,.F.);
#7725 = EDGE_CURVE('',#7700,#7674,#7726,.T.);
#7726 = B_SPLINE_CURVE_WITH_KNOTS('',2,(#7727,#7728,#7729),
  .UNSPECIFIED.,.F.,.F.,(3,3),(0.,1.),.PIECEWISE_BEZIER_KNOTS.);
#7727 = CARTESIAN_POINT('',(72.908095637584,13.46119966443,1.1));
#7728 = CARTESIAN_POINT('',(72.908095637584,12.931942114094,1.1));
#7729 = CARTESIAN_POINT('',(72.562353187919,12.613213087248,1.1));
#7730 = ORIENTED_EDGE('',*,*,#7709,.T.);
#7731 = ORIENTED_EDGE('',*,*,#1939,.F.);
#7732 = ORIENTED_EDGE('',*,*,#7681,.F.);
#7733 = SURFACE_OF_LINEAR_EXTRUSION('',#7734,#7738);
#7734 = B_SPLINE_CURVE_WITH_KNOTS('',2,(#7735,#7736,#7737),
  .UNSPECIFIED.,.F.,.F.,(3,3),(0.,1.),.PIECEWISE_BEZIER_KNOTS.);
#7735 = CARTESIAN_POINT('',(72.908095637584,13.46119966443,1.1));
#7736 = CARTESIAN_POINT('',(72.908095637584,12.931942114094,1.1));
#7737 = CARTESIAN_POINT('',(72.562353187919,12.613213087248,1.1));
#7738 = VECTOR('',#7739,1.);
#7739 = DIRECTION('',(-0.,-0.,-1.));
#7740 = ADVANCED_FACE('',(#7741),#7766,.F.);
#7741 = FACE_BOUND('',#7742,.F.);
#7742 = EDGE_LOOP('',(#7743,#7753,#7759,#7760));
#7743 = ORIENTED_EDGE('',*,*,#7744,.F.);
#7744 = EDGE_CURVE('',#7745,#7747,#7749,.T.);
#7745 = VERTEX_POINT('',#7746);
#7746 = CARTESIAN_POINT('',(82.36127307047,15.644295302013,1.1));
#7747 = VERTEX_POINT('',#7748);
#7748 = CARTESIAN_POINT('',(84.83872692953,15.644295302013,1.1));
#7749 = LINE('',#7750,#7751);
#7750 = CARTESIAN_POINT('',(82.36127307047,15.644295302013,1.1));
#7751 = VECTOR('',#7752,1.);
#7752 = DIRECTION('',(1.,0.,0.));
#7753 = ORIENTED_EDGE('',*,*,#7754,.T.);
#7754 = EDGE_CURVE('',#7745,#2078,#7755,.T.);
#7755 = LINE('',#7756,#7757);
#7756 = CARTESIAN_POINT('',(82.36127307047,15.644295302013,1.1));
#7757 = VECTOR('',#7758,1.);
#7758 = DIRECTION('',(0.,0.,1.));
#7759 = ORIENTED_EDGE('',*,*,#2075,.F.);
#7760 = ORIENTED_EDGE('',*,*,#7761,.F.);
#7761 = EDGE_CURVE('',#7747,#2076,#7762,.T.);
#7762 = LINE('',#7763,#7764);
#7763 = CARTESIAN_POINT('',(84.83872692953,15.644295302013,1.1));
#7764 = VECTOR('',#7765,1.);
#7765 = DIRECTION('',(0.,0.,1.));
#7766 = PLANE('',#7767);
#7767 = AXIS2_PLACEMENT_3D('',#7768,#7769,#7770);
#7768 = CARTESIAN_POINT('',(82.36127307047,15.644295302013,1.1));
#7769 = DIRECTION('',(0.,1.,0.));
#7770 = DIRECTION('',(1.,0.,0.));
#7771 = ADVANCED_FACE('',(#7772),#7790,.F.);
#7772 = FACE_BOUND('',#7773,.F.);
#7773 = EDGE_LOOP('',(#7774,#7782,#7788,#7789));
#7774 = ORIENTED_EDGE('',*,*,#7775,.F.);
#7775 = EDGE_CURVE('',#7776,#7745,#7778,.T.);
#7776 = VERTEX_POINT('',#7777);
#7777 = CARTESIAN_POINT('',(82.36127307047,15.024161073826,1.1));
#7778 = LINE('',#7779,#7780);
#7779 = CARTESIAN_POINT('',(82.36127307047,15.024161073826,1.1));
#7780 = VECTOR('',#7781,1.);
#7781 = DIRECTION('',(0.,1.,0.));
#7782 = ORIENTED_EDGE('',*,*,#7783,.T.);
#7783 = EDGE_CURVE('',#7776,#2118,#7784,.T.);
#7784 = LINE('',#7785,#7786);
#7785 = CARTESIAN_POINT('',(82.36127307047,15.024161073826,1.1));
#7786 = VECTOR('',#7787,1.);
#7787 = DIRECTION('',(0.,0.,1.));
#7788 = ORIENTED_EDGE('',*,*,#2125,.F.);
#7789 = ORIENTED_EDGE('',*,*,#7754,.F.);
#7790 = PLANE('',#7791);
#7791 = AXIS2_PLACEMENT_3D('',#7792,#7793,#7794);
#7792 = CARTESIAN_POINT('',(82.36127307047,15.024161073826,1.1));
#7793 = DIRECTION('',(-1.,0.,0.));
#7794 = DIRECTION('',(0.,1.,0.));
#7795 = ADVANCED_FACE('',(#7796),#7814,.F.);
#7796 = FACE_BOUND('',#7797,.F.);
#7797 = EDGE_LOOP('',(#7798,#7806,#7812,#7813));
#7798 = ORIENTED_EDGE('',*,*,#7799,.F.);
#7799 = EDGE_CURVE('',#7800,#7776,#7802,.T.);
#7800 = VERTEX_POINT('',#7801);
#7801 = CARTESIAN_POINT('',(83.94464135906,15.024161073826,1.1));
#7802 = LINE('',#7803,#7804);
#7803 = CARTESIAN_POINT('',(83.94464135906,15.024161073826,1.1));
#7804 = VECTOR('',#7805,1.);
#7805 = DIRECTION('',(-1.,0.,0.));
#7806 = ORIENTED_EDGE('',*,*,#7807,.T.);
#7807 = EDGE_CURVE('',#7800,#2110,#7808,.T.);
#7808 = LINE('',#7809,#7810);
#7809 = CARTESIAN_POINT('',(83.94464135906,15.024161073826,1.1));
#7810 = VECTOR('',#7811,1.);
#7811 = DIRECTION('',(0.,0.,1.));
#7812 = ORIENTED_EDGE('',*,*,#2117,.F.);
#7813 = ORIENTED_EDGE('',*,*,#7783,.F.);
#7814 = PLANE('',#7815);
#7815 = AXIS2_PLACEMENT_3D('',#7816,#7817,#7818);
#7816 = CARTESIAN_POINT('',(83.94464135906,15.024161073826,1.1));
#7817 = DIRECTION('',(0.,-1.,0.));
#7818 = DIRECTION('',(-1.,0.,0.));
#7819 = ADVANCED_FACE('',(#7820),#7838,.F.);
#7820 = FACE_BOUND('',#7821,.F.);
#7821 = EDGE_LOOP('',(#7822,#7830,#7836,#7837));
#7822 = ORIENTED_EDGE('',*,*,#7823,.F.);
#7823 = EDGE_CURVE('',#7824,#7800,#7826,.T.);
#7824 = VERTEX_POINT('',#7825);
#7825 = CARTESIAN_POINT('',(82.731239513423,12.355704697987,1.1));
#7826 = LINE('',#7827,#7828);
#7827 = CARTESIAN_POINT('',(82.731239513423,12.355704697987,1.1));
#7828 = VECTOR('',#7829,1.);
#7829 = DIRECTION('',(0.413935007817,0.910306437033,0.));
#7830 = ORIENTED_EDGE('',*,*,#7831,.T.);
#7831 = EDGE_CURVE('',#7824,#2102,#7832,.T.);
#7832 = LINE('',#7833,#7834);
#7833 = CARTESIAN_POINT('',(82.731239513423,12.355704697987,1.1));
#7834 = VECTOR('',#7835,1.);
#7835 = DIRECTION('',(0.,0.,1.));
#7836 = ORIENTED_EDGE('',*,*,#2109,.F.);
#7837 = ORIENTED_EDGE('',*,*,#7807,.F.);
#7838 = PLANE('',#7839);
#7839 = AXIS2_PLACEMENT_3D('',#7840,#7841,#7842);
#7840 = CARTESIAN_POINT('',(82.731239513423,12.355704697987,1.1));
#7841 = DIRECTION('',(-0.910306437033,0.413935007817,0.));
#7842 = DIRECTION('',(0.413935007817,0.910306437033,0.));
#7843 = ADVANCED_FACE('',(#7844),#7862,.F.);
#7844 = FACE_BOUND('',#7845,.F.);
#7845 = EDGE_LOOP('',(#7846,#7854,#7860,#7861));
#7846 = ORIENTED_EDGE('',*,*,#7847,.F.);
#7847 = EDGE_CURVE('',#7848,#7824,#7850,.T.);
#7848 = VERTEX_POINT('',#7849);
#7849 = CARTESIAN_POINT('',(83.557057466443,12.355704697987,1.1));
#7850 = LINE('',#7851,#7852);
#7851 = CARTESIAN_POINT('',(83.557057466443,12.355704697987,1.1));
#7852 = VECTOR('',#7853,1.);
#7853 = DIRECTION('',(-1.,0.,0.));
#7854 = ORIENTED_EDGE('',*,*,#7855,.T.);
#7855 = EDGE_CURVE('',#7848,#2094,#7856,.T.);
#7856 = LINE('',#7857,#7858);
#7857 = CARTESIAN_POINT('',(83.557057466443,12.355704697987,1.1));
#7858 = VECTOR('',#7859,1.);
#7859 = DIRECTION('',(0.,0.,1.));
#7860 = ORIENTED_EDGE('',*,*,#2101,.F.);
#7861 = ORIENTED_EDGE('',*,*,#7831,.F.);
#7862 = PLANE('',#7863);
#7863 = AXIS2_PLACEMENT_3D('',#7864,#7865,#7866);
#7864 = CARTESIAN_POINT('',(83.557057466443,12.355704697987,1.1));
#7865 = DIRECTION('',(0.,-1.,0.));
#7866 = DIRECTION('',(-1.,0.,0.));
#7867 = ADVANCED_FACE('',(#7868),#7886,.F.);
#7868 = FACE_BOUND('',#7869,.F.);
#7869 = EDGE_LOOP('',(#7870,#7878,#7884,#7885));
#7870 = ORIENTED_EDGE('',*,*,#7871,.F.);
#7871 = EDGE_CURVE('',#7872,#7848,#7874,.T.);
#7872 = VERTEX_POINT('',#7873);
#7873 = CARTESIAN_POINT('',(84.83872692953,15.166275167785,1.1));
#7874 = LINE('',#7875,#7876);
#7875 = CARTESIAN_POINT('',(84.83872692953,15.166275167785,1.1));
#7876 = VECTOR('',#7877,1.);
#7877 = DIRECTION('',(-0.414912690401,-0.909861230817,0.));
#7878 = ORIENTED_EDGE('',*,*,#7879,.T.);
#7879 = EDGE_CURVE('',#7872,#2086,#7880,.T.);
#7880 = LINE('',#7881,#7882);
#7881 = CARTESIAN_POINT('',(84.83872692953,15.166275167785,1.1));
#7882 = VECTOR('',#7883,1.);
#7883 = DIRECTION('',(0.,0.,1.));
#7884 = ORIENTED_EDGE('',*,*,#2093,.F.);
#7885 = ORIENTED_EDGE('',*,*,#7855,.F.);
#7886 = PLANE('',#7887);
#7887 = AXIS2_PLACEMENT_3D('',#7888,#7889,#7890);
#7888 = CARTESIAN_POINT('',(84.83872692953,15.166275167785,1.1));
#7889 = DIRECTION('',(0.909861230817,-0.414912690401,0.));
#7890 = DIRECTION('',(-0.414912690401,-0.909861230817,0.));
#7891 = ADVANCED_FACE('',(#7892),#7903,.F.);
#7892 = FACE_BOUND('',#7893,.F.);
#7893 = EDGE_LOOP('',(#7894,#7900,#7901,#7902));
#7894 = ORIENTED_EDGE('',*,*,#7895,.F.);
#7895 = EDGE_CURVE('',#7747,#7872,#7896,.T.);
#7896 = LINE('',#7897,#7898);
#7897 = CARTESIAN_POINT('',(84.83872692953,15.644295302013,1.1));
#7898 = VECTOR('',#7899,1.);
#7899 = DIRECTION('',(0.,-1.,0.));
#7900 = ORIENTED_EDGE('',*,*,#7761,.T.);
#7901 = ORIENTED_EDGE('',*,*,#2085,.F.);
#7902 = ORIENTED_EDGE('',*,*,#7879,.F.);
#7903 = PLANE('',#7904);
#7904 = AXIS2_PLACEMENT_3D('',#7905,#7906,#7907);
#7905 = CARTESIAN_POINT('',(84.83872692953,15.644295302013,1.1));
#7906 = DIRECTION('',(1.,0.,0.));
#7907 = DIRECTION('',(0.,-1.,0.));
#7908 = ADVANCED_FACE('',(#7909),#7934,.F.);
#7909 = FACE_BOUND('',#7910,.F.);
#7910 = EDGE_LOOP('',(#7911,#7912,#7920,#7928));
#7911 = ORIENTED_EDGE('',*,*,#2133,.T.);
#7912 = ORIENTED_EDGE('',*,*,#7913,.T.);
#7913 = EDGE_CURVE('',#2136,#7914,#7916,.T.);
#7914 = VERTEX_POINT('',#7915);
#7915 = CARTESIAN_POINT('',(4.65,20.15,9.1));
#7916 = LINE('',#7917,#7918);
#7917 = CARTESIAN_POINT('',(4.65,20.15,0.6));
#7918 = VECTOR('',#7919,1.);
#7919 = DIRECTION('',(0.,0.,1.));
#7920 = ORIENTED_EDGE('',*,*,#7921,.T.);
#7921 = EDGE_CURVE('',#7914,#7922,#7924,.T.);
#7922 = VERTEX_POINT('',#7923);
#7923 = CARTESIAN_POINT('',(6.15,20.15,9.1));
#7924 = LINE('',#7925,#7926);
#7925 = CARTESIAN_POINT('',(4.65,20.15,9.1));
#7926 = VECTOR('',#7927,1.);
#7927 = DIRECTION('',(1.,0.,-0.));
#7928 = ORIENTED_EDGE('',*,*,#7929,.T.);
#7929 = EDGE_CURVE('',#7922,#2134,#7930,.T.);
#7930 = LINE('',#7931,#7932);
#7931 = CARTESIAN_POINT('',(6.15,20.15,0.6));
#7932 = VECTOR('',#7933,1.);
#7933 = DIRECTION('',(-0.,0.,-1.));
#7934 = PLANE('',#7935);
#7935 = AXIS2_PLACEMENT_3D('',#7936,#7937,#7938);
#7936 = CARTESIAN_POINT('',(4.65,20.15,0.6));
#7937 = DIRECTION('',(-0.,1.,0.));
#7938 = DIRECTION('',(0.,0.,1.));
#7939 = ADVANCED_FACE('',(#7940),#7958,.F.);
#7940 = FACE_BOUND('',#7941,.F.);
#7941 = EDGE_LOOP('',(#7942,#7950,#7956,#7957));
#7942 = ORIENTED_EDGE('',*,*,#7943,.F.);
#7943 = EDGE_CURVE('',#7944,#7922,#7946,.T.);
#7944 = VERTEX_POINT('',#7945);
#7945 = CARTESIAN_POINT('',(6.15,18.65,9.1));
#7946 = LINE('',#7947,#7948);
#7947 = CARTESIAN_POINT('',(6.15,18.65,9.1));
#7948 = VECTOR('',#7949,1.);
#7949 = DIRECTION('',(-0.,1.,0.));
#7950 = ORIENTED_EDGE('',*,*,#7951,.F.);
#7951 = EDGE_CURVE('',#2216,#7944,#7952,.T.);
#7952 = LINE('',#7953,#7954);
#7953 = CARTESIAN_POINT('',(6.15,18.65,0.6));
#7954 = VECTOR('',#7955,1.);
#7955 = DIRECTION('',(0.,0.,1.));
#7956 = ORIENTED_EDGE('',*,*,#2223,.T.);
#7957 = ORIENTED_EDGE('',*,*,#7929,.F.);
#7958 = PLANE('',#7959);
#7959 = AXIS2_PLACEMENT_3D('',#7960,#7961,#7962);
#7960 = CARTESIAN_POINT('',(6.15,18.65,0.6));
#7961 = DIRECTION('',(1.,0.,-0.));
#7962 = DIRECTION('',(0.,0.,1.));
#7963 = ADVANCED_FACE('',(#7964),#7982,.F.);
#7964 = FACE_BOUND('',#7965,.F.);
#7965 = EDGE_LOOP('',(#7966,#7967,#7968,#7976));
#7966 = ORIENTED_EDGE('',*,*,#7913,.F.);
#7967 = ORIENTED_EDGE('',*,*,#2143,.T.);
#7968 = ORIENTED_EDGE('',*,*,#7969,.T.);
#7969 = EDGE_CURVE('',#2144,#7970,#7972,.T.);
#7970 = VERTEX_POINT('',#7971);
#7971 = CARTESIAN_POINT('',(4.65,21.85,9.1));
#7972 = LINE('',#7973,#7974);
#7973 = CARTESIAN_POINT('',(4.65,21.85,0.6));
#7974 = VECTOR('',#7975,1.);
#7975 = DIRECTION('',(0.,0.,1.));
#7976 = ORIENTED_EDGE('',*,*,#7977,.F.);
#7977 = EDGE_CURVE('',#7914,#7970,#7978,.T.);
#7978 = LINE('',#7979,#7980);
#7979 = CARTESIAN_POINT('',(4.65,20.15,9.1));
#7980 = VECTOR('',#7981,1.);
#7981 = DIRECTION('',(-0.,1.,0.));
#7982 = PLANE('',#7983);
#7983 = AXIS2_PLACEMENT_3D('',#7984,#7985,#7986);
#7984 = CARTESIAN_POINT('',(4.65,20.15,0.6));
#7985 = DIRECTION('',(1.,0.,-0.));
#7986 = DIRECTION('',(0.,0.,1.));
#7987 = ADVANCED_FACE('',(#7988),#8006,.F.);
#7988 = FACE_BOUND('',#7989,.F.);
#7989 = EDGE_LOOP('',(#7990,#7998,#7999,#8000));
#7990 = ORIENTED_EDGE('',*,*,#7991,.F.);
#7991 = EDGE_CURVE('',#2208,#7992,#7994,.T.);
#7992 = VERTEX_POINT('',#7993);
#7993 = CARTESIAN_POINT('',(7.85,18.65,9.1));
#7994 = LINE('',#7995,#7996);
#7995 = CARTESIAN_POINT('',(7.85,18.65,0.6));
#7996 = VECTOR('',#7997,1.);
#7997 = DIRECTION('',(0.,0.,1.));
#7998 = ORIENTED_EDGE('',*,*,#2215,.T.);
#7999 = ORIENTED_EDGE('',*,*,#7951,.T.);
#8000 = ORIENTED_EDGE('',*,*,#8001,.T.);
#8001 = EDGE_CURVE('',#7944,#7992,#8002,.T.);
#8002 = LINE('',#8003,#8004);
#8003 = CARTESIAN_POINT('',(6.15,18.65,9.1));
#8004 = VECTOR('',#8005,1.);
#8005 = DIRECTION('',(1.,0.,-0.));
#8006 = PLANE('',#8007);
#8007 = AXIS2_PLACEMENT_3D('',#8008,#8009,#8010);
#8008 = CARTESIAN_POINT('',(6.15,18.65,0.6));
#8009 = DIRECTION('',(-0.,1.,0.));
#8010 = DIRECTION('',(0.,0.,1.));
#8011 = ADVANCED_FACE('',(#8012),#8030,.T.);
#8012 = FACE_BOUND('',#8013,.T.);
#8013 = EDGE_LOOP('',(#8014,#8015,#8016,#8024));
#8014 = ORIENTED_EDGE('',*,*,#2151,.T.);
#8015 = ORIENTED_EDGE('',*,*,#7969,.T.);
#8016 = ORIENTED_EDGE('',*,*,#8017,.T.);
#8017 = EDGE_CURVE('',#7970,#8018,#8020,.T.);
#8018 = VERTEX_POINT('',#8019);
#8019 = CARTESIAN_POINT('',(6.15,21.85,9.1));
#8020 = LINE('',#8021,#8022);
#8021 = CARTESIAN_POINT('',(4.65,21.85,9.1));
#8022 = VECTOR('',#8023,1.);
#8023 = DIRECTION('',(1.,0.,-0.));
#8024 = ORIENTED_EDGE('',*,*,#8025,.T.);
#8025 = EDGE_CURVE('',#8018,#2152,#8026,.T.);
#8026 = LINE('',#8027,#8028);
#8027 = CARTESIAN_POINT('',(6.15,21.85,0.6));
#8028 = VECTOR('',#8029,1.);
#8029 = DIRECTION('',(-0.,0.,-1.));
#8030 = PLANE('',#8031);
#8031 = AXIS2_PLACEMENT_3D('',#8032,#8033,#8034);
#8032 = CARTESIAN_POINT('',(4.65,21.85,0.6));
#8033 = DIRECTION('',(-0.,1.,0.));
#8034 = DIRECTION('',(0.,0.,1.));
#8035 = ADVANCED_FACE('',(#8036),#8054,.T.);
#8036 = FACE_BOUND('',#8037,.T.);
#8037 = EDGE_LOOP('',(#8038,#8046,#8047,#8048));
#8038 = ORIENTED_EDGE('',*,*,#8039,.F.);
#8039 = EDGE_CURVE('',#7992,#8040,#8042,.T.);
#8040 = VERTEX_POINT('',#8041);
#8041 = CARTESIAN_POINT('',(7.85,20.15,9.1));
#8042 = LINE('',#8043,#8044);
#8043 = CARTESIAN_POINT('',(7.85,18.65,9.1));
#8044 = VECTOR('',#8045,1.);
#8045 = DIRECTION('',(-0.,1.,0.));
#8046 = ORIENTED_EDGE('',*,*,#7991,.F.);
#8047 = ORIENTED_EDGE('',*,*,#2207,.T.);
#8048 = ORIENTED_EDGE('',*,*,#8049,.F.);
#8049 = EDGE_CURVE('',#8040,#2200,#8050,.T.);
#8050 = LINE('',#8051,#8052);
#8051 = CARTESIAN_POINT('',(7.85,20.15,0.6));
#8052 = VECTOR('',#8053,1.);
#8053 = DIRECTION('',(-0.,0.,-1.));
#8054 = PLANE('',#8055);
#8055 = AXIS2_PLACEMENT_3D('',#8056,#8057,#8058);
#8056 = CARTESIAN_POINT('',(7.85,18.65,0.6));
#8057 = DIRECTION('',(1.,0.,-0.));
#8058 = DIRECTION('',(0.,0.,1.));
#8059 = ADVANCED_FACE('',(#8060),#8078,.F.);
#8060 = FACE_BOUND('',#8061,.F.);
#8061 = EDGE_LOOP('',(#8062,#8070,#8071,#8072));
#8062 = ORIENTED_EDGE('',*,*,#8063,.F.);
#8063 = EDGE_CURVE('',#8018,#8064,#8066,.T.);
#8064 = VERTEX_POINT('',#8065);
#8065 = CARTESIAN_POINT('',(6.15,23.35,9.1));
#8066 = LINE('',#8067,#8068);
#8067 = CARTESIAN_POINT('',(6.15,18.65,9.1));
#8068 = VECTOR('',#8069,1.);
#8069 = DIRECTION('',(-0.,1.,0.));
#8070 = ORIENTED_EDGE('',*,*,#8025,.T.);
#8071 = ORIENTED_EDGE('',*,*,#2159,.T.);
#8072 = ORIENTED_EDGE('',*,*,#8073,.T.);
#8073 = EDGE_CURVE('',#2160,#8064,#8074,.T.);
#8074 = LINE('',#8075,#8076);
#8075 = CARTESIAN_POINT('',(6.15,23.35,0.6));
#8076 = VECTOR('',#8077,1.);
#8077 = DIRECTION('',(0.,0.,1.));
#8078 = PLANE('',#8079);
#8079 = AXIS2_PLACEMENT_3D('',#8080,#8081,#8082);
#8080 = CARTESIAN_POINT('',(6.15,18.65,0.6));
#8081 = DIRECTION('',(1.,0.,-0.));
#8082 = DIRECTION('',(0.,0.,1.));
#8083 = ADVANCED_FACE('',(#8084),#8102,.F.);
#8084 = FACE_BOUND('',#8085,.F.);
#8085 = EDGE_LOOP('',(#8086,#8087,#8088,#8096));
#8086 = ORIENTED_EDGE('',*,*,#2199,.T.);
#8087 = ORIENTED_EDGE('',*,*,#8049,.F.);
#8088 = ORIENTED_EDGE('',*,*,#8089,.T.);
#8089 = EDGE_CURVE('',#8040,#8090,#8092,.T.);
#8090 = VERTEX_POINT('',#8091);
#8091 = CARTESIAN_POINT('',(9.35,20.15,9.1));
#8092 = LINE('',#8093,#8094);
#8093 = CARTESIAN_POINT('',(4.65,20.15,9.1));
#8094 = VECTOR('',#8095,1.);
#8095 = DIRECTION('',(1.,0.,-0.));
#8096 = ORIENTED_EDGE('',*,*,#8097,.F.);
#8097 = EDGE_CURVE('',#2192,#8090,#8098,.T.);
#8098 = LINE('',#8099,#8100);
#8099 = CARTESIAN_POINT('',(9.35,20.15,0.6));
#8100 = VECTOR('',#8101,1.);
#8101 = DIRECTION('',(0.,0.,1.));
#8102 = PLANE('',#8103);
#8103 = AXIS2_PLACEMENT_3D('',#8104,#8105,#8106);
#8104 = CARTESIAN_POINT('',(4.65,20.15,0.6));
#8105 = DIRECTION('',(-0.,1.,0.));
#8106 = DIRECTION('',(0.,0.,1.));
#8107 = ADVANCED_FACE('',(#8108),#8126,.T.);
#8108 = FACE_BOUND('',#8109,.T.);
#8109 = EDGE_LOOP('',(#8110,#8118,#8119,#8120));
#8110 = ORIENTED_EDGE('',*,*,#8111,.F.);
#8111 = EDGE_CURVE('',#2168,#8112,#8114,.T.);
#8112 = VERTEX_POINT('',#8113);
#8113 = CARTESIAN_POINT('',(7.85,23.35,9.1));
#8114 = LINE('',#8115,#8116);
#8115 = CARTESIAN_POINT('',(7.85,23.35,0.6));
#8116 = VECTOR('',#8117,1.);
#8117 = DIRECTION('',(0.,0.,1.));
#8118 = ORIENTED_EDGE('',*,*,#2167,.T.);
#8119 = ORIENTED_EDGE('',*,*,#8073,.T.);
#8120 = ORIENTED_EDGE('',*,*,#8121,.T.);
#8121 = EDGE_CURVE('',#8064,#8112,#8122,.T.);
#8122 = LINE('',#8123,#8124);
#8123 = CARTESIAN_POINT('',(6.15,23.35,9.1));
#8124 = VECTOR('',#8125,1.);
#8125 = DIRECTION('',(1.,0.,-0.));
#8126 = PLANE('',#8127);
#8127 = AXIS2_PLACEMENT_3D('',#8128,#8129,#8130);
#8128 = CARTESIAN_POINT('',(6.15,23.35,0.6));
#8129 = DIRECTION('',(-0.,1.,0.));
#8130 = DIRECTION('',(0.,0.,1.));
#8131 = ADVANCED_FACE('',(#8132),#8150,.T.);
#8132 = FACE_BOUND('',#8133,.T.);
#8133 = EDGE_LOOP('',(#8134,#8135,#8136,#8144));
#8134 = ORIENTED_EDGE('',*,*,#8097,.F.);
#8135 = ORIENTED_EDGE('',*,*,#2191,.T.);
#8136 = ORIENTED_EDGE('',*,*,#8137,.T.);
#8137 = EDGE_CURVE('',#2184,#8138,#8140,.T.);
#8138 = VERTEX_POINT('',#8139);
#8139 = CARTESIAN_POINT('',(9.35,21.85,9.1));
#8140 = LINE('',#8141,#8142);
#8141 = CARTESIAN_POINT('',(9.35,21.85,0.6));
#8142 = VECTOR('',#8143,1.);
#8143 = DIRECTION('',(0.,0.,1.));
#8144 = ORIENTED_EDGE('',*,*,#8145,.F.);
#8145 = EDGE_CURVE('',#8090,#8138,#8146,.T.);
#8146 = LINE('',#8147,#8148);
#8147 = CARTESIAN_POINT('',(9.35,20.15,9.1));
#8148 = VECTOR('',#8149,1.);
#8149 = DIRECTION('',(-0.,1.,0.));
#8150 = PLANE('',#8151);
#8151 = AXIS2_PLACEMENT_3D('',#8152,#8153,#8154);
#8152 = CARTESIAN_POINT('',(9.35,20.15,0.6));
#8153 = DIRECTION('',(1.,0.,-0.));
#8154 = DIRECTION('',(0.,0.,1.));
#8155 = ADVANCED_FACE('',(#8156),#8174,.T.);
#8156 = FACE_BOUND('',#8157,.T.);
#8157 = EDGE_LOOP('',(#8158,#8166,#8172,#8173));
#8158 = ORIENTED_EDGE('',*,*,#8159,.F.);
#8159 = EDGE_CURVE('',#8160,#8112,#8162,.T.);
#8160 = VERTEX_POINT('',#8161);
#8161 = CARTESIAN_POINT('',(7.85,21.85,9.1));
#8162 = LINE('',#8163,#8164);
#8163 = CARTESIAN_POINT('',(7.85,18.65,9.1));
#8164 = VECTOR('',#8165,1.);
#8165 = DIRECTION('',(-0.,1.,0.));
#8166 = ORIENTED_EDGE('',*,*,#8167,.T.);
#8167 = EDGE_CURVE('',#8160,#2176,#8168,.T.);
#8168 = LINE('',#8169,#8170);
#8169 = CARTESIAN_POINT('',(7.85,21.85,0.6));
#8170 = VECTOR('',#8171,1.);
#8171 = DIRECTION('',(-0.,0.,-1.));
#8172 = ORIENTED_EDGE('',*,*,#2175,.T.);
#8173 = ORIENTED_EDGE('',*,*,#8111,.T.);
#8174 = PLANE('',#8175);
#8175 = AXIS2_PLACEMENT_3D('',#8176,#8177,#8178);
#8176 = CARTESIAN_POINT('',(7.85,18.65,0.6));
#8177 = DIRECTION('',(1.,0.,-0.));
#8178 = DIRECTION('',(0.,0.,1.));
#8179 = ADVANCED_FACE('',(#8180),#8191,.T.);
#8180 = FACE_BOUND('',#8181,.T.);
#8181 = EDGE_LOOP('',(#8182,#8183,#8184,#8190));
#8182 = ORIENTED_EDGE('',*,*,#2183,.T.);
#8183 = ORIENTED_EDGE('',*,*,#8167,.F.);
#8184 = ORIENTED_EDGE('',*,*,#8185,.T.);
#8185 = EDGE_CURVE('',#8160,#8138,#8186,.T.);
#8186 = LINE('',#8187,#8188);
#8187 = CARTESIAN_POINT('',(4.65,21.85,9.1));
#8188 = VECTOR('',#8189,1.);
#8189 = DIRECTION('',(1.,0.,-0.));
#8190 = ORIENTED_EDGE('',*,*,#8137,.F.);
#8191 = PLANE('',#8192);
#8192 = AXIS2_PLACEMENT_3D('',#8193,#8194,#8195);
#8193 = CARTESIAN_POINT('',(4.65,21.85,0.6));
#8194 = DIRECTION('',(-0.,1.,0.));
#8195 = DIRECTION('',(0.,0.,1.));
#8196 = ADVANCED_FACE('',(#8197),#8222,.F.);
#8197 = FACE_BOUND('',#8198,.F.);
#8198 = EDGE_LOOP('',(#8199,#8200,#8208,#8216));
#8199 = ORIENTED_EDGE('',*,*,#2231,.T.);
#8200 = ORIENTED_EDGE('',*,*,#8201,.T.);
#8201 = EDGE_CURVE('',#2234,#8202,#8204,.T.);
#8202 = VERTEX_POINT('',#8203);
#8203 = CARTESIAN_POINT('',(16.625,20.125,9.1));
#8204 = LINE('',#8205,#8206);
#8205 = CARTESIAN_POINT('',(16.625,20.125,0.6));
#8206 = VECTOR('',#8207,1.);
#8207 = DIRECTION('',(0.,0.,1.));
#8208 = ORIENTED_EDGE('',*,*,#8209,.T.);
#8209 = EDGE_CURVE('',#8202,#8210,#8212,.T.);
#8210 = VERTEX_POINT('',#8211);
#8211 = CARTESIAN_POINT('',(18.125,20.125,9.1));
#8212 = LINE('',#8213,#8214);
#8213 = CARTESIAN_POINT('',(16.625,20.125,9.1));
#8214 = VECTOR('',#8215,1.);
#8215 = DIRECTION('',(1.,0.,-0.));
#8216 = ORIENTED_EDGE('',*,*,#8217,.T.);
#8217 = EDGE_CURVE('',#8210,#2232,#8218,.T.);
#8218 = LINE('',#8219,#8220);
#8219 = CARTESIAN_POINT('',(18.125,20.125,0.6));
#8220 = VECTOR('',#8221,1.);
#8221 = DIRECTION('',(-0.,0.,-1.));
#8222 = PLANE('',#8223);
#8223 = AXIS2_PLACEMENT_3D('',#8224,#8225,#8226);
#8224 = CARTESIAN_POINT('',(16.625,20.125,0.6));
#8225 = DIRECTION('',(-0.,1.,0.));
#8226 = DIRECTION('',(0.,0.,1.));
#8227 = ADVANCED_FACE('',(#8228),#8246,.F.);
#8228 = FACE_BOUND('',#8229,.F.);
#8229 = EDGE_LOOP('',(#8230,#8238,#8244,#8245));
#8230 = ORIENTED_EDGE('',*,*,#8231,.F.);
#8231 = EDGE_CURVE('',#8232,#8210,#8234,.T.);
#8232 = VERTEX_POINT('',#8233);
#8233 = CARTESIAN_POINT('',(18.125,18.625,9.1));
#8234 = LINE('',#8235,#8236);
#8235 = CARTESIAN_POINT('',(18.125,18.625,9.1));
#8236 = VECTOR('',#8237,1.);
#8237 = DIRECTION('',(-0.,1.,0.));
#8238 = ORIENTED_EDGE('',*,*,#8239,.F.);
#8239 = EDGE_CURVE('',#2314,#8232,#8240,.T.);
#8240 = LINE('',#8241,#8242);
#8241 = CARTESIAN_POINT('',(18.125,18.625,0.6));
#8242 = VECTOR('',#8243,1.);
#8243 = DIRECTION('',(0.,0.,1.));
#8244 = ORIENTED_EDGE('',*,*,#2321,.T.);
#8245 = ORIENTED_EDGE('',*,*,#8217,.F.);
#8246 = PLANE('',#8247);
#8247 = AXIS2_PLACEMENT_3D('',#8248,#8249,#8250);
#8248 = CARTESIAN_POINT('',(18.125,18.625,0.6));
#8249 = DIRECTION('',(1.,0.,-0.));
#8250 = DIRECTION('',(0.,0.,1.));
#8251 = ADVANCED_FACE('',(#8252),#8270,.F.);
#8252 = FACE_BOUND('',#8253,.F.);
#8253 = EDGE_LOOP('',(#8254,#8255,#8256,#8264));
#8254 = ORIENTED_EDGE('',*,*,#8201,.F.);
#8255 = ORIENTED_EDGE('',*,*,#2241,.T.);
#8256 = ORIENTED_EDGE('',*,*,#8257,.T.);
#8257 = EDGE_CURVE('',#2242,#8258,#8260,.T.);
#8258 = VERTEX_POINT('',#8259);
#8259 = CARTESIAN_POINT('',(16.625,21.875,9.1));
#8260 = LINE('',#8261,#8262);
#8261 = CARTESIAN_POINT('',(16.625,21.875,0.6));
#8262 = VECTOR('',#8263,1.);
#8263 = DIRECTION('',(0.,0.,1.));
#8264 = ORIENTED_EDGE('',*,*,#8265,.F.);
#8265 = EDGE_CURVE('',#8202,#8258,#8266,.T.);
#8266 = LINE('',#8267,#8268);
#8267 = CARTESIAN_POINT('',(16.625,20.125,9.1));
#8268 = VECTOR('',#8269,1.);
#8269 = DIRECTION('',(-0.,1.,0.));
#8270 = PLANE('',#8271);
#8271 = AXIS2_PLACEMENT_3D('',#8272,#8273,#8274);
#8272 = CARTESIAN_POINT('',(16.625,20.125,0.6));
#8273 = DIRECTION('',(1.,0.,-0.));
#8274 = DIRECTION('',(0.,0.,1.));
#8275 = ADVANCED_FACE('',(#8276),#8294,.F.);
#8276 = FACE_BOUND('',#8277,.F.);
#8277 = EDGE_LOOP('',(#8278,#8286,#8287,#8288));
#8278 = ORIENTED_EDGE('',*,*,#8279,.F.);
#8279 = EDGE_CURVE('',#2306,#8280,#8282,.T.);
#8280 = VERTEX_POINT('',#8281);
#8281 = CARTESIAN_POINT('',(19.875,18.625,9.1));
#8282 = LINE('',#8283,#8284);
#8283 = CARTESIAN_POINT('',(19.875,18.625,0.6));
#8284 = VECTOR('',#8285,1.);
#8285 = DIRECTION('',(0.,0.,1.));
#8286 = ORIENTED_EDGE('',*,*,#2313,.T.);
#8287 = ORIENTED_EDGE('',*,*,#8239,.T.);
#8288 = ORIENTED_EDGE('',*,*,#8289,.T.);
#8289 = EDGE_CURVE('',#8232,#8280,#8290,.T.);
#8290 = LINE('',#8291,#8292);
#8291 = CARTESIAN_POINT('',(18.125,18.625,9.1));
#8292 = VECTOR('',#8293,1.);
#8293 = DIRECTION('',(1.,0.,-0.));
#8294 = PLANE('',#8295);
#8295 = AXIS2_PLACEMENT_3D('',#8296,#8297,#8298);
#8296 = CARTESIAN_POINT('',(18.125,18.625,0.6));
#8297 = DIRECTION('',(-0.,1.,0.));
#8298 = DIRECTION('',(0.,0.,1.));
#8299 = ADVANCED_FACE('',(#8300),#8318,.T.);
#8300 = FACE_BOUND('',#8301,.T.);
#8301 = EDGE_LOOP('',(#8302,#8303,#8304,#8312));
#8302 = ORIENTED_EDGE('',*,*,#2249,.T.);
#8303 = ORIENTED_EDGE('',*,*,#8257,.T.);
#8304 = ORIENTED_EDGE('',*,*,#8305,.T.);
#8305 = EDGE_CURVE('',#8258,#8306,#8308,.T.);
#8306 = VERTEX_POINT('',#8307);
#8307 = CARTESIAN_POINT('',(18.125,21.875,9.1));
#8308 = LINE('',#8309,#8310);
#8309 = CARTESIAN_POINT('',(16.625,21.875,9.1));
#8310 = VECTOR('',#8311,1.);
#8311 = DIRECTION('',(1.,0.,-0.));
#8312 = ORIENTED_EDGE('',*,*,#8313,.T.);
#8313 = EDGE_CURVE('',#8306,#2250,#8314,.T.);
#8314 = LINE('',#8315,#8316);
#8315 = CARTESIAN_POINT('',(18.125,21.875,0.6));
#8316 = VECTOR('',#8317,1.);
#8317 = DIRECTION('',(-0.,0.,-1.));
#8318 = PLANE('',#8319);
#8319 = AXIS2_PLACEMENT_3D('',#8320,#8321,#8322);
#8320 = CARTESIAN_POINT('',(16.625,21.875,0.6));
#8321 = DIRECTION('',(-0.,1.,0.));
#8322 = DIRECTION('',(0.,0.,1.));
#8323 = ADVANCED_FACE('',(#8324),#8342,.T.);
#8324 = FACE_BOUND('',#8325,.T.);
#8325 = EDGE_LOOP('',(#8326,#8334,#8335,#8336));
#8326 = ORIENTED_EDGE('',*,*,#8327,.F.);
#8327 = EDGE_CURVE('',#8280,#8328,#8330,.T.);
#8328 = VERTEX_POINT('',#8329);
#8329 = CARTESIAN_POINT('',(19.875,20.125,9.1));
#8330 = LINE('',#8331,#8332);
#8331 = CARTESIAN_POINT('',(19.875,18.625,9.1));
#8332 = VECTOR('',#8333,1.);
#8333 = DIRECTION('',(-0.,1.,0.));
#8334 = ORIENTED_EDGE('',*,*,#8279,.F.);
#8335 = ORIENTED_EDGE('',*,*,#2305,.T.);
#8336 = ORIENTED_EDGE('',*,*,#8337,.F.);
#8337 = EDGE_CURVE('',#8328,#2298,#8338,.T.);
#8338 = LINE('',#8339,#8340);
#8339 = CARTESIAN_POINT('',(19.875,20.125,0.6));
#8340 = VECTOR('',#8341,1.);
#8341 = DIRECTION('',(-0.,0.,-1.));
#8342 = PLANE('',#8343);
#8343 = AXIS2_PLACEMENT_3D('',#8344,#8345,#8346);
#8344 = CARTESIAN_POINT('',(19.875,18.625,0.6));
#8345 = DIRECTION('',(1.,0.,-0.));
#8346 = DIRECTION('',(0.,0.,1.));
#8347 = ADVANCED_FACE('',(#8348),#8366,.F.);
#8348 = FACE_BOUND('',#8349,.F.);
#8349 = EDGE_LOOP('',(#8350,#8358,#8359,#8360));
#8350 = ORIENTED_EDGE('',*,*,#8351,.F.);
#8351 = EDGE_CURVE('',#8306,#8352,#8354,.T.);
#8352 = VERTEX_POINT('',#8353);
#8353 = CARTESIAN_POINT('',(18.125,23.375,9.1));
#8354 = LINE('',#8355,#8356);
#8355 = CARTESIAN_POINT('',(18.125,18.625,9.1));
#8356 = VECTOR('',#8357,1.);
#8357 = DIRECTION('',(-0.,1.,0.));
#8358 = ORIENTED_EDGE('',*,*,#8313,.T.);
#8359 = ORIENTED_EDGE('',*,*,#2257,.T.);
#8360 = ORIENTED_EDGE('',*,*,#8361,.T.);
#8361 = EDGE_CURVE('',#2258,#8352,#8362,.T.);
#8362 = LINE('',#8363,#8364);
#8363 = CARTESIAN_POINT('',(18.125,23.375,0.6));
#8364 = VECTOR('',#8365,1.);
#8365 = DIRECTION('',(0.,0.,1.));
#8366 = PLANE('',#8367);
#8367 = AXIS2_PLACEMENT_3D('',#8368,#8369,#8370);
#8368 = CARTESIAN_POINT('',(18.125,18.625,0.6));
#8369 = DIRECTION('',(1.,0.,-0.));
#8370 = DIRECTION('',(0.,0.,1.));
#8371 = ADVANCED_FACE('',(#8372),#8390,.F.);
#8372 = FACE_BOUND('',#8373,.F.);
#8373 = EDGE_LOOP('',(#8374,#8375,#8376,#8384));
#8374 = ORIENTED_EDGE('',*,*,#2297,.T.);
#8375 = ORIENTED_EDGE('',*,*,#8337,.F.);
#8376 = ORIENTED_EDGE('',*,*,#8377,.T.);
#8377 = EDGE_CURVE('',#8328,#8378,#8380,.T.);
#8378 = VERTEX_POINT('',#8379);
#8379 = CARTESIAN_POINT('',(21.375,20.125,9.1));
#8380 = LINE('',#8381,#8382);
#8381 = CARTESIAN_POINT('',(16.625,20.125,9.1));
#8382 = VECTOR('',#8383,1.);
#8383 = DIRECTION('',(1.,0.,-0.));
#8384 = ORIENTED_EDGE('',*,*,#8385,.F.);
#8385 = EDGE_CURVE('',#2290,#8378,#8386,.T.);
#8386 = LINE('',#8387,#8388);
#8387 = CARTESIAN_POINT('',(21.375,20.125,0.6));
#8388 = VECTOR('',#8389,1.);
#8389 = DIRECTION('',(0.,0.,1.));
#8390 = PLANE('',#8391);
#8391 = AXIS2_PLACEMENT_3D('',#8392,#8393,#8394);
#8392 = CARTESIAN_POINT('',(16.625,20.125,0.6));
#8393 = DIRECTION('',(-0.,1.,0.));
#8394 = DIRECTION('',(0.,0.,1.));
#8395 = ADVANCED_FACE('',(#8396),#8414,.T.);
#8396 = FACE_BOUND('',#8397,.T.);
#8397 = EDGE_LOOP('',(#8398,#8406,#8407,#8408));
#8398 = ORIENTED_EDGE('',*,*,#8399,.F.);
#8399 = EDGE_CURVE('',#2266,#8400,#8402,.T.);
#8400 = VERTEX_POINT('',#8401);
#8401 = CARTESIAN_POINT('',(19.875,23.375,9.1));
#8402 = LINE('',#8403,#8404);
#8403 = CARTESIAN_POINT('',(19.875,23.375,0.6));
#8404 = VECTOR('',#8405,1.);
#8405 = DIRECTION('',(0.,0.,1.));
#8406 = ORIENTED_EDGE('',*,*,#2265,.T.);
#8407 = ORIENTED_EDGE('',*,*,#8361,.T.);
#8408 = ORIENTED_EDGE('',*,*,#8409,.T.);
#8409 = EDGE_CURVE('',#8352,#8400,#8410,.T.);
#8410 = LINE('',#8411,#8412);
#8411 = CARTESIAN_POINT('',(18.125,23.375,9.1));
#8412 = VECTOR('',#8413,1.);
#8413 = DIRECTION('',(1.,0.,-0.));
#8414 = PLANE('',#8415);
#8415 = AXIS2_PLACEMENT_3D('',#8416,#8417,#8418);
#8416 = CARTESIAN_POINT('',(18.125,23.375,0.6));
#8417 = DIRECTION('',(-0.,1.,0.));
#8418 = DIRECTION('',(0.,0.,1.));
#8419 = ADVANCED_FACE('',(#8420),#8438,.T.);
#8420 = FACE_BOUND('',#8421,.T.);
#8421 = EDGE_LOOP('',(#8422,#8423,#8424,#8432));
#8422 = ORIENTED_EDGE('',*,*,#8385,.F.);
#8423 = ORIENTED_EDGE('',*,*,#2289,.T.);
#8424 = ORIENTED_EDGE('',*,*,#8425,.T.);
#8425 = EDGE_CURVE('',#2282,#8426,#8428,.T.);
#8426 = VERTEX_POINT('',#8427);
#8427 = CARTESIAN_POINT('',(21.375,21.875,9.1));
#8428 = LINE('',#8429,#8430);
#8429 = CARTESIAN_POINT('',(21.375,21.875,0.6));
#8430 = VECTOR('',#8431,1.);
#8431 = DIRECTION('',(0.,0.,1.));
#8432 = ORIENTED_EDGE('',*,*,#8433,.F.);
#8433 = EDGE_CURVE('',#8378,#8426,#8434,.T.);
#8434 = LINE('',#8435,#8436);
#8435 = CARTESIAN_POINT('',(21.375,20.125,9.1));
#8436 = VECTOR('',#8437,1.);
#8437 = DIRECTION('',(-0.,1.,0.));
#8438 = PLANE('',#8439);
#8439 = AXIS2_PLACEMENT_3D('',#8440,#8441,#8442);
#8440 = CARTESIAN_POINT('',(21.375,20.125,0.6));
#8441 = DIRECTION('',(1.,0.,-0.));
#8442 = DIRECTION('',(0.,0.,1.));
#8443 = ADVANCED_FACE('',(#8444),#8462,.T.);
#8444 = FACE_BOUND('',#8445,.T.);
#8445 = EDGE_LOOP('',(#8446,#8454,#8460,#8461));
#8446 = ORIENTED_EDGE('',*,*,#8447,.F.);
#8447 = EDGE_CURVE('',#8448,#8400,#8450,.T.);
#8448 = VERTEX_POINT('',#8449);
#8449 = CARTESIAN_POINT('',(19.875,21.875,9.1));
#8450 = LINE('',#8451,#8452);
#8451 = CARTESIAN_POINT('',(19.875,18.625,9.1));
#8452 = VECTOR('',#8453,1.);
#8453 = DIRECTION('',(-0.,1.,0.));
#8454 = ORIENTED_EDGE('',*,*,#8455,.T.);
#8455 = EDGE_CURVE('',#8448,#2274,#8456,.T.);
#8456 = LINE('',#8457,#8458);
#8457 = CARTESIAN_POINT('',(19.875,21.875,0.6));
#8458 = VECTOR('',#8459,1.);
#8459 = DIRECTION('',(-0.,0.,-1.));
#8460 = ORIENTED_EDGE('',*,*,#2273,.T.);
#8461 = ORIENTED_EDGE('',*,*,#8399,.T.);
#8462 = PLANE('',#8463);
#8463 = AXIS2_PLACEMENT_3D('',#8464,#8465,#8466);
#8464 = CARTESIAN_POINT('',(19.875,18.625,0.6));
#8465 = DIRECTION('',(1.,0.,-0.));
#8466 = DIRECTION('',(0.,0.,1.));
#8467 = ADVANCED_FACE('',(#8468),#8479,.T.);
#8468 = FACE_BOUND('',#8469,.T.);
#8469 = EDGE_LOOP('',(#8470,#8471,#8472,#8478));
#8470 = ORIENTED_EDGE('',*,*,#2281,.T.);
#8471 = ORIENTED_EDGE('',*,*,#8455,.F.);
#8472 = ORIENTED_EDGE('',*,*,#8473,.T.);
#8473 = EDGE_CURVE('',#8448,#8426,#8474,.T.);
#8474 = LINE('',#8475,#8476);
#8475 = CARTESIAN_POINT('',(16.625,21.875,9.1));
#8476 = VECTOR('',#8477,1.);
#8477 = DIRECTION('',(1.,0.,-0.));
#8478 = ORIENTED_EDGE('',*,*,#8425,.F.);
#8479 = PLANE('',#8480);
#8480 = AXIS2_PLACEMENT_3D('',#8481,#8482,#8483);
#8481 = CARTESIAN_POINT('',(16.625,21.875,0.6));
#8482 = DIRECTION('',(-0.,1.,0.));
#8483 = DIRECTION('',(0.,0.,1.));
#8484 = ADVANCED_FACE('',(#8485),#8510,.F.);
#8485 = FACE_BOUND('',#8486,.F.);
#8486 = EDGE_LOOP('',(#8487,#8488,#8496,#8504));
#8487 = ORIENTED_EDGE('',*,*,#2329,.T.);
#8488 = ORIENTED_EDGE('',*,*,#8489,.T.);
#8489 = EDGE_CURVE('',#2332,#8490,#8492,.T.);
#8490 = VERTEX_POINT('',#8491);
#8491 = CARTESIAN_POINT('',(28.6,20.1,9.1));
#8492 = LINE('',#8493,#8494);
#8493 = CARTESIAN_POINT('',(28.6,20.1,0.6));
#8494 = VECTOR('',#8495,1.);
#8495 = DIRECTION('',(0.,0.,1.));
#8496 = ORIENTED_EDGE('',*,*,#8497,.T.);
#8497 = EDGE_CURVE('',#8490,#8498,#8500,.T.);
#8498 = VERTEX_POINT('',#8499);
#8499 = CARTESIAN_POINT('',(30.1,20.1,9.1));
#8500 = LINE('',#8501,#8502);
#8501 = CARTESIAN_POINT('',(28.6,20.1,9.1));
#8502 = VECTOR('',#8503,1.);
#8503 = DIRECTION('',(1.,0.,-0.));
#8504 = ORIENTED_EDGE('',*,*,#8505,.T.);
#8505 = EDGE_CURVE('',#8498,#2330,#8506,.T.);
#8506 = LINE('',#8507,#8508);
#8507 = CARTESIAN_POINT('',(30.1,20.1,0.6));
#8508 = VECTOR('',#8509,1.);
#8509 = DIRECTION('',(-0.,0.,-1.));
#8510 = PLANE('',#8511);
#8511 = AXIS2_PLACEMENT_3D('',#8512,#8513,#8514);
#8512 = CARTESIAN_POINT('',(28.6,20.1,0.6));
#8513 = DIRECTION('',(-0.,1.,0.));
#8514 = DIRECTION('',(0.,0.,1.));
#8515 = ADVANCED_FACE('',(#8516),#8534,.F.);
#8516 = FACE_BOUND('',#8517,.F.);
#8517 = EDGE_LOOP('',(#8518,#8526,#8532,#8533));
#8518 = ORIENTED_EDGE('',*,*,#8519,.F.);
#8519 = EDGE_CURVE('',#8520,#8498,#8522,.T.);
#8520 = VERTEX_POINT('',#8521);
#8521 = CARTESIAN_POINT('',(30.1,18.6,9.1));
#8522 = LINE('',#8523,#8524);
#8523 = CARTESIAN_POINT('',(30.1,18.6,9.1));
#8524 = VECTOR('',#8525,1.);
#8525 = DIRECTION('',(-0.,1.,0.));
#8526 = ORIENTED_EDGE('',*,*,#8527,.F.);
#8527 = EDGE_CURVE('',#2412,#8520,#8528,.T.);
#8528 = LINE('',#8529,#8530);
#8529 = CARTESIAN_POINT('',(30.1,18.6,0.6));
#8530 = VECTOR('',#8531,1.);
#8531 = DIRECTION('',(0.,0.,1.));
#8532 = ORIENTED_EDGE('',*,*,#2419,.T.);
#8533 = ORIENTED_EDGE('',*,*,#8505,.F.);
#8534 = PLANE('',#8535);
#8535 = AXIS2_PLACEMENT_3D('',#8536,#8537,#8538);
#8536 = CARTESIAN_POINT('',(30.1,18.6,0.6));
#8537 = DIRECTION('',(1.,0.,-0.));
#8538 = DIRECTION('',(0.,0.,1.));
#8539 = ADVANCED_FACE('',(#8540),#8558,.F.);
#8540 = FACE_BOUND('',#8541,.F.);
#8541 = EDGE_LOOP('',(#8542,#8543,#8544,#8552));
#8542 = ORIENTED_EDGE('',*,*,#8489,.F.);
#8543 = ORIENTED_EDGE('',*,*,#2339,.T.);
#8544 = ORIENTED_EDGE('',*,*,#8545,.T.);
#8545 = EDGE_CURVE('',#2340,#8546,#8548,.T.);
#8546 = VERTEX_POINT('',#8547);
#8547 = CARTESIAN_POINT('',(28.6,21.9,9.1));
#8548 = LINE('',#8549,#8550);
#8549 = CARTESIAN_POINT('',(28.6,21.9,0.6));
#8550 = VECTOR('',#8551,1.);
#8551 = DIRECTION('',(0.,0.,1.));
#8552 = ORIENTED_EDGE('',*,*,#8553,.F.);
#8553 = EDGE_CURVE('',#8490,#8546,#8554,.T.);
#8554 = LINE('',#8555,#8556);
#8555 = CARTESIAN_POINT('',(28.6,20.1,9.1));
#8556 = VECTOR('',#8557,1.);
#8557 = DIRECTION('',(-0.,1.,0.));
#8558 = PLANE('',#8559);
#8559 = AXIS2_PLACEMENT_3D('',#8560,#8561,#8562);
#8560 = CARTESIAN_POINT('',(28.6,20.1,0.6));
#8561 = DIRECTION('',(1.,0.,-0.));
#8562 = DIRECTION('',(0.,0.,1.));
#8563 = ADVANCED_FACE('',(#8564),#8582,.F.);
#8564 = FACE_BOUND('',#8565,.F.);
#8565 = EDGE_LOOP('',(#8566,#8574,#8575,#8576));
#8566 = ORIENTED_EDGE('',*,*,#8567,.F.);
#8567 = EDGE_CURVE('',#2404,#8568,#8570,.T.);
#8568 = VERTEX_POINT('',#8569);
#8569 = CARTESIAN_POINT('',(31.9,18.6,9.1));
#8570 = LINE('',#8571,#8572);
#8571 = CARTESIAN_POINT('',(31.9,18.6,0.6));
#8572 = VECTOR('',#8573,1.);
#8573 = DIRECTION('',(0.,0.,1.));
#8574 = ORIENTED_EDGE('',*,*,#2411,.T.);
#8575 = ORIENTED_EDGE('',*,*,#8527,.T.);
#8576 = ORIENTED_EDGE('',*,*,#8577,.T.);
#8577 = EDGE_CURVE('',#8520,#8568,#8578,.T.);
#8578 = LINE('',#8579,#8580);
#8579 = CARTESIAN_POINT('',(30.1,18.6,9.1));
#8580 = VECTOR('',#8581,1.);
#8581 = DIRECTION('',(1.,0.,-0.));
#8582 = PLANE('',#8583);
#8583 = AXIS2_PLACEMENT_3D('',#8584,#8585,#8586);
#8584 = CARTESIAN_POINT('',(30.1,18.6,0.6));
#8585 = DIRECTION('',(-0.,1.,0.));
#8586 = DIRECTION('',(0.,0.,1.));
#8587 = ADVANCED_FACE('',(#8588),#8606,.T.);
#8588 = FACE_BOUND('',#8589,.T.);
#8589 = EDGE_LOOP('',(#8590,#8591,#8592,#8600));
#8590 = ORIENTED_EDGE('',*,*,#2347,.T.);
#8591 = ORIENTED_EDGE('',*,*,#8545,.T.);
#8592 = ORIENTED_EDGE('',*,*,#8593,.T.);
#8593 = EDGE_CURVE('',#8546,#8594,#8596,.T.);
#8594 = VERTEX_POINT('',#8595);
#8595 = CARTESIAN_POINT('',(30.1,21.9,9.1));
#8596 = LINE('',#8597,#8598);
#8597 = CARTESIAN_POINT('',(28.6,21.9,9.1));
#8598 = VECTOR('',#8599,1.);
#8599 = DIRECTION('',(1.,0.,-0.));
#8600 = ORIENTED_EDGE('',*,*,#8601,.T.);
#8601 = EDGE_CURVE('',#8594,#2348,#8602,.T.);
#8602 = LINE('',#8603,#8604);
#8603 = CARTESIAN_POINT('',(30.1,21.9,0.6));
#8604 = VECTOR('',#8605,1.);
#8605 = DIRECTION('',(-0.,0.,-1.));
#8606 = PLANE('',#8607);
#8607 = AXIS2_PLACEMENT_3D('',#8608,#8609,#8610);
#8608 = CARTESIAN_POINT('',(28.6,21.9,0.6));
#8609 = DIRECTION('',(-0.,1.,0.));
#8610 = DIRECTION('',(0.,0.,1.));
#8611 = ADVANCED_FACE('',(#8612),#8630,.T.);
#8612 = FACE_BOUND('',#8613,.T.);
#8613 = EDGE_LOOP('',(#8614,#8622,#8623,#8624));
#8614 = ORIENTED_EDGE('',*,*,#8615,.F.);
#8615 = EDGE_CURVE('',#8568,#8616,#8618,.T.);
#8616 = VERTEX_POINT('',#8617);
#8617 = CARTESIAN_POINT('',(31.9,20.1,9.1));
#8618 = LINE('',#8619,#8620);
#8619 = CARTESIAN_POINT('',(31.9,18.6,9.1));
#8620 = VECTOR('',#8621,1.);
#8621 = DIRECTION('',(-0.,1.,0.));
#8622 = ORIENTED_EDGE('',*,*,#8567,.F.);
#8623 = ORIENTED_EDGE('',*,*,#2403,.T.);
#8624 = ORIENTED_EDGE('',*,*,#8625,.F.);
#8625 = EDGE_CURVE('',#8616,#2396,#8626,.T.);
#8626 = LINE('',#8627,#8628);
#8627 = CARTESIAN_POINT('',(31.9,20.1,0.6));
#8628 = VECTOR('',#8629,1.);
#8629 = DIRECTION('',(-0.,0.,-1.));
#8630 = PLANE('',#8631);
#8631 = AXIS2_PLACEMENT_3D('',#8632,#8633,#8634);
#8632 = CARTESIAN_POINT('',(31.9,18.6,0.6));
#8633 = DIRECTION('',(1.,0.,-0.));
#8634 = DIRECTION('',(0.,0.,1.));
#8635 = ADVANCED_FACE('',(#8636),#8654,.F.);
#8636 = FACE_BOUND('',#8637,.F.);
#8637 = EDGE_LOOP('',(#8638,#8646,#8647,#8648));
#8638 = ORIENTED_EDGE('',*,*,#8639,.F.);
#8639 = EDGE_CURVE('',#8594,#8640,#8642,.T.);
#8640 = VERTEX_POINT('',#8641);
#8641 = CARTESIAN_POINT('',(30.1,23.4,9.1));
#8642 = LINE('',#8643,#8644);
#8643 = CARTESIAN_POINT('',(30.1,18.6,9.1));
#8644 = VECTOR('',#8645,1.);
#8645 = DIRECTION('',(-0.,1.,0.));
#8646 = ORIENTED_EDGE('',*,*,#8601,.T.);
#8647 = ORIENTED_EDGE('',*,*,#2355,.T.);
#8648 = ORIENTED_EDGE('',*,*,#8649,.T.);
#8649 = EDGE_CURVE('',#2356,#8640,#8650,.T.);
#8650 = LINE('',#8651,#8652);
#8651 = CARTESIAN_POINT('',(30.1,23.4,0.6));
#8652 = VECTOR('',#8653,1.);
#8653 = DIRECTION('',(0.,0.,1.));
#8654 = PLANE('',#8655);
#8655 = AXIS2_PLACEMENT_3D('',#8656,#8657,#8658);
#8656 = CARTESIAN_POINT('',(30.1,18.6,0.6));
#8657 = DIRECTION('',(1.,0.,-0.));
#8658 = DIRECTION('',(0.,0.,1.));
#8659 = ADVANCED_FACE('',(#8660),#8678,.F.);
#8660 = FACE_BOUND('',#8661,.F.);
#8661 = EDGE_LOOP('',(#8662,#8663,#8664,#8672));
#8662 = ORIENTED_EDGE('',*,*,#2395,.T.);
#8663 = ORIENTED_EDGE('',*,*,#8625,.F.);
#8664 = ORIENTED_EDGE('',*,*,#8665,.T.);
#8665 = EDGE_CURVE('',#8616,#8666,#8668,.T.);
#8666 = VERTEX_POINT('',#8667);
#8667 = CARTESIAN_POINT('',(33.4,20.1,9.1));
#8668 = LINE('',#8669,#8670);
#8669 = CARTESIAN_POINT('',(28.6,20.1,9.1));
#8670 = VECTOR('',#8671,1.);
#8671 = DIRECTION('',(1.,0.,-0.));
#8672 = ORIENTED_EDGE('',*,*,#8673,.F.);
#8673 = EDGE_CURVE('',#2388,#8666,#8674,.T.);
#8674 = LINE('',#8675,#8676);
#8675 = CARTESIAN_POINT('',(33.4,20.1,0.6));
#8676 = VECTOR('',#8677,1.);
#8677 = DIRECTION('',(0.,0.,1.));
#8678 = PLANE('',#8679);
#8679 = AXIS2_PLACEMENT_3D('',#8680,#8681,#8682);
#8680 = CARTESIAN_POINT('',(28.6,20.1,0.6));
#8681 = DIRECTION('',(-0.,1.,0.));
#8682 = DIRECTION('',(0.,0.,1.));
#8683 = ADVANCED_FACE('',(#8684),#8702,.T.);
#8684 = FACE_BOUND('',#8685,.T.);
#8685 = EDGE_LOOP('',(#8686,#8694,#8695,#8696));
#8686 = ORIENTED_EDGE('',*,*,#8687,.F.);
#8687 = EDGE_CURVE('',#2364,#8688,#8690,.T.);
#8688 = VERTEX_POINT('',#8689);
#8689 = CARTESIAN_POINT('',(31.9,23.4,9.1));
#8690 = LINE('',#8691,#8692);
#8691 = CARTESIAN_POINT('',(31.9,23.4,0.6));
#8692 = VECTOR('',#8693,1.);
#8693 = DIRECTION('',(0.,0.,1.));
#8694 = ORIENTED_EDGE('',*,*,#2363,.T.);
#8695 = ORIENTED_EDGE('',*,*,#8649,.T.);
#8696 = ORIENTED_EDGE('',*,*,#8697,.T.);
#8697 = EDGE_CURVE('',#8640,#8688,#8698,.T.);
#8698 = LINE('',#8699,#8700);
#8699 = CARTESIAN_POINT('',(30.1,23.4,9.1));
#8700 = VECTOR('',#8701,1.);
#8701 = DIRECTION('',(1.,0.,-0.));
#8702 = PLANE('',#8703);
#8703 = AXIS2_PLACEMENT_3D('',#8704,#8705,#8706);
#8704 = CARTESIAN_POINT('',(30.1,23.4,0.6));
#8705 = DIRECTION('',(-0.,1.,0.));
#8706 = DIRECTION('',(0.,0.,1.));
#8707 = ADVANCED_FACE('',(#8708),#8726,.T.);
#8708 = FACE_BOUND('',#8709,.T.);
#8709 = EDGE_LOOP('',(#8710,#8711,#8712,#8720));
#8710 = ORIENTED_EDGE('',*,*,#8673,.F.);
#8711 = ORIENTED_EDGE('',*,*,#2387,.T.);
#8712 = ORIENTED_EDGE('',*,*,#8713,.T.);
#8713 = EDGE_CURVE('',#2380,#8714,#8716,.T.);
#8714 = VERTEX_POINT('',#8715);
#8715 = CARTESIAN_POINT('',(33.4,21.9,9.1));
#8716 = LINE('',#8717,#8718);
#8717 = CARTESIAN_POINT('',(33.4,21.9,0.6));
#8718 = VECTOR('',#8719,1.);
#8719 = DIRECTION('',(0.,0.,1.));
#8720 = ORIENTED_EDGE('',*,*,#8721,.F.);
#8721 = EDGE_CURVE('',#8666,#8714,#8722,.T.);
#8722 = LINE('',#8723,#8724);
#8723 = CARTESIAN_POINT('',(33.4,20.1,9.1));
#8724 = VECTOR('',#8725,1.);
#8725 = DIRECTION('',(-0.,1.,0.));
#8726 = PLANE('',#8727);
#8727 = AXIS2_PLACEMENT_3D('',#8728,#8729,#8730);
#8728 = CARTESIAN_POINT('',(33.4,20.1,0.6));
#8729 = DIRECTION('',(1.,0.,-0.));
#8730 = DIRECTION('',(0.,0.,1.));
#8731 = ADVANCED_FACE('',(#8732),#8750,.T.);
#8732 = FACE_BOUND('',#8733,.T.);
#8733 = EDGE_LOOP('',(#8734,#8742,#8748,#8749));
#8734 = ORIENTED_EDGE('',*,*,#8735,.F.);
#8735 = EDGE_CURVE('',#8736,#8688,#8738,.T.);
#8736 = VERTEX_POINT('',#8737);
#8737 = CARTESIAN_POINT('',(31.9,21.9,9.1));
#8738 = LINE('',#8739,#8740);
#8739 = CARTESIAN_POINT('',(31.9,18.6,9.1));
#8740 = VECTOR('',#8741,1.);
#8741 = DIRECTION('',(-0.,1.,0.));
#8742 = ORIENTED_EDGE('',*,*,#8743,.T.);
#8743 = EDGE_CURVE('',#8736,#2372,#8744,.T.);
#8744 = LINE('',#8745,#8746);
#8745 = CARTESIAN_POINT('',(31.9,21.9,0.6));
#8746 = VECTOR('',#8747,1.);
#8747 = DIRECTION('',(-0.,0.,-1.));
#8748 = ORIENTED_EDGE('',*,*,#2371,.T.);
#8749 = ORIENTED_EDGE('',*,*,#8687,.T.);
#8750 = PLANE('',#8751);
#8751 = AXIS2_PLACEMENT_3D('',#8752,#8753,#8754);
#8752 = CARTESIAN_POINT('',(31.9,18.6,0.6));
#8753 = DIRECTION('',(1.,0.,-0.));
#8754 = DIRECTION('',(0.,0.,1.));
#8755 = ADVANCED_FACE('',(#8756),#8767,.T.);
#8756 = FACE_BOUND('',#8757,.T.);
#8757 = EDGE_LOOP('',(#8758,#8759,#8760,#8766));
#8758 = ORIENTED_EDGE('',*,*,#2379,.T.);
#8759 = ORIENTED_EDGE('',*,*,#8743,.F.);
#8760 = ORIENTED_EDGE('',*,*,#8761,.T.);
#8761 = EDGE_CURVE('',#8736,#8714,#8762,.T.);
#8762 = LINE('',#8763,#8764);
#8763 = CARTESIAN_POINT('',(28.6,21.9,9.1));
#8764 = VECTOR('',#8765,1.);
#8765 = DIRECTION('',(1.,0.,-0.));
#8766 = ORIENTED_EDGE('',*,*,#8713,.F.);
#8767 = PLANE('',#8768);
#8768 = AXIS2_PLACEMENT_3D('',#8769,#8770,#8771);
#8769 = CARTESIAN_POINT('',(28.6,21.9,0.6));
#8770 = DIRECTION('',(-0.,1.,0.));
#8771 = DIRECTION('',(0.,0.,1.));
#8772 = ADVANCED_FACE('',(#8773),#8798,.F.);
#8773 = FACE_BOUND('',#8774,.F.);
#8774 = EDGE_LOOP('',(#8775,#8776,#8784,#8792));
#8775 = ORIENTED_EDGE('',*,*,#2427,.T.);
#8776 = ORIENTED_EDGE('',*,*,#8777,.T.);
#8777 = EDGE_CURVE('',#2430,#8778,#8780,.T.);
#8778 = VERTEX_POINT('',#8779);
#8779 = CARTESIAN_POINT('',(40.575,20.075,9.1));
#8780 = LINE('',#8781,#8782);
#8781 = CARTESIAN_POINT('',(40.575,20.075,0.6));
#8782 = VECTOR('',#8783,1.);
#8783 = DIRECTION('',(0.,0.,1.));
#8784 = ORIENTED_EDGE('',*,*,#8785,.T.);
#8785 = EDGE_CURVE('',#8778,#8786,#8788,.T.);
#8786 = VERTEX_POINT('',#8787);
#8787 = CARTESIAN_POINT('',(42.075,20.075,9.1));
#8788 = LINE('',#8789,#8790);
#8789 = CARTESIAN_POINT('',(40.575,20.075,9.1));
#8790 = VECTOR('',#8791,1.);
#8791 = DIRECTION('',(1.,0.,-0.));
#8792 = ORIENTED_EDGE('',*,*,#8793,.T.);
#8793 = EDGE_CURVE('',#8786,#2428,#8794,.T.);
#8794 = LINE('',#8795,#8796);
#8795 = CARTESIAN_POINT('',(42.075,20.075,0.6));
#8796 = VECTOR('',#8797,1.);
#8797 = DIRECTION('',(-0.,0.,-1.));
#8798 = PLANE('',#8799);
#8799 = AXIS2_PLACEMENT_3D('',#8800,#8801,#8802);
#8800 = CARTESIAN_POINT('',(40.575,20.075,0.6));
#8801 = DIRECTION('',(-0.,1.,0.));
#8802 = DIRECTION('',(0.,0.,1.));
#8803 = ADVANCED_FACE('',(#8804),#8822,.F.);
#8804 = FACE_BOUND('',#8805,.F.);
#8805 = EDGE_LOOP('',(#8806,#8814,#8820,#8821));
#8806 = ORIENTED_EDGE('',*,*,#8807,.F.);
#8807 = EDGE_CURVE('',#8808,#8786,#8810,.T.);
#8808 = VERTEX_POINT('',#8809);
#8809 = CARTESIAN_POINT('',(42.075,18.575,9.1));
#8810 = LINE('',#8811,#8812);
#8811 = CARTESIAN_POINT('',(42.075,18.575,9.1));
#8812 = VECTOR('',#8813,1.);
#8813 = DIRECTION('',(-0.,1.,0.));
#8814 = ORIENTED_EDGE('',*,*,#8815,.F.);
#8815 = EDGE_CURVE('',#2510,#8808,#8816,.T.);
#8816 = LINE('',#8817,#8818);
#8817 = CARTESIAN_POINT('',(42.075,18.575,0.6));
#8818 = VECTOR('',#8819,1.);
#8819 = DIRECTION('',(0.,0.,1.));
#8820 = ORIENTED_EDGE('',*,*,#2517,.T.);
#8821 = ORIENTED_EDGE('',*,*,#8793,.F.);
#8822 = PLANE('',#8823);
#8823 = AXIS2_PLACEMENT_3D('',#8824,#8825,#8826);
#8824 = CARTESIAN_POINT('',(42.075,18.575,0.6));
#8825 = DIRECTION('',(1.,0.,-0.));
#8826 = DIRECTION('',(0.,0.,1.));
#8827 = ADVANCED_FACE('',(#8828),#8846,.F.);
#8828 = FACE_BOUND('',#8829,.F.);
#8829 = EDGE_LOOP('',(#8830,#8831,#8832,#8840));
#8830 = ORIENTED_EDGE('',*,*,#8777,.F.);
#8831 = ORIENTED_EDGE('',*,*,#2437,.T.);
#8832 = ORIENTED_EDGE('',*,*,#8833,.T.);
#8833 = EDGE_CURVE('',#2438,#8834,#8836,.T.);
#8834 = VERTEX_POINT('',#8835);
#8835 = CARTESIAN_POINT('',(40.575,21.925,9.1));
#8836 = LINE('',#8837,#8838);
#8837 = CARTESIAN_POINT('',(40.575,21.925,0.6));
#8838 = VECTOR('',#8839,1.);
#8839 = DIRECTION('',(0.,0.,1.));
#8840 = ORIENTED_EDGE('',*,*,#8841,.F.);
#8841 = EDGE_CURVE('',#8778,#8834,#8842,.T.);
#8842 = LINE('',#8843,#8844);
#8843 = CARTESIAN_POINT('',(40.575,20.075,9.1));
#8844 = VECTOR('',#8845,1.);
#8845 = DIRECTION('',(-0.,1.,0.));
#8846 = PLANE('',#8847);
#8847 = AXIS2_PLACEMENT_3D('',#8848,#8849,#8850);
#8848 = CARTESIAN_POINT('',(40.575,20.075,0.6));
#8849 = DIRECTION('',(1.,0.,-0.));
#8850 = DIRECTION('',(0.,0.,1.));
#8851 = ADVANCED_FACE('',(#8852),#8870,.F.);
#8852 = FACE_BOUND('',#8853,.F.);
#8853 = EDGE_LOOP('',(#8854,#8862,#8863,#8864));
#8854 = ORIENTED_EDGE('',*,*,#8855,.F.);
#8855 = EDGE_CURVE('',#2502,#8856,#8858,.T.);
#8856 = VERTEX_POINT('',#8857);
#8857 = CARTESIAN_POINT('',(43.925,18.575,9.1));
#8858 = LINE('',#8859,#8860);
#8859 = CARTESIAN_POINT('',(43.925,18.575,0.6));
#8860 = VECTOR('',#8861,1.);
#8861 = DIRECTION('',(0.,0.,1.));
#8862 = ORIENTED_EDGE('',*,*,#2509,.T.);
#8863 = ORIENTED_EDGE('',*,*,#8815,.T.);
#8864 = ORIENTED_EDGE('',*,*,#8865,.T.);
#8865 = EDGE_CURVE('',#8808,#8856,#8866,.T.);
#8866 = LINE('',#8867,#8868);
#8867 = CARTESIAN_POINT('',(42.075,18.575,9.1));
#8868 = VECTOR('',#8869,1.);
#8869 = DIRECTION('',(1.,0.,-0.));
#8870 = PLANE('',#8871);
#8871 = AXIS2_PLACEMENT_3D('',#8872,#8873,#8874);
#8872 = CARTESIAN_POINT('',(42.075,18.575,0.6));
#8873 = DIRECTION('',(-0.,1.,0.));
#8874 = DIRECTION('',(0.,0.,1.));
#8875 = ADVANCED_FACE('',(#8876),#8894,.T.);
#8876 = FACE_BOUND('',#8877,.T.);
#8877 = EDGE_LOOP('',(#8878,#8879,#8880,#8888));
#8878 = ORIENTED_EDGE('',*,*,#2445,.T.);
#8879 = ORIENTED_EDGE('',*,*,#8833,.T.);
#8880 = ORIENTED_EDGE('',*,*,#8881,.T.);
#8881 = EDGE_CURVE('',#8834,#8882,#8884,.T.);
#8882 = VERTEX_POINT('',#8883);
#8883 = CARTESIAN_POINT('',(42.075,21.925,9.1));
#8884 = LINE('',#8885,#8886);
#8885 = CARTESIAN_POINT('',(40.575,21.925,9.1));
#8886 = VECTOR('',#8887,1.);
#8887 = DIRECTION('',(1.,0.,-0.));
#8888 = ORIENTED_EDGE('',*,*,#8889,.T.);
#8889 = EDGE_CURVE('',#8882,#2446,#8890,.T.);
#8890 = LINE('',#8891,#8892);
#8891 = CARTESIAN_POINT('',(42.075,21.925,0.6));
#8892 = VECTOR('',#8893,1.);
#8893 = DIRECTION('',(-0.,0.,-1.));
#8894 = PLANE('',#8895);
#8895 = AXIS2_PLACEMENT_3D('',#8896,#8897,#8898);
#8896 = CARTESIAN_POINT('',(40.575,21.925,0.6));
#8897 = DIRECTION('',(-0.,1.,0.));
#8898 = DIRECTION('',(0.,0.,1.));
#8899 = ADVANCED_FACE('',(#8900),#8918,.T.);
#8900 = FACE_BOUND('',#8901,.T.);
#8901 = EDGE_LOOP('',(#8902,#8910,#8911,#8912));
#8902 = ORIENTED_EDGE('',*,*,#8903,.F.);
#8903 = EDGE_CURVE('',#8856,#8904,#8906,.T.);
#8904 = VERTEX_POINT('',#8905);
#8905 = CARTESIAN_POINT('',(43.925,20.075,9.1));
#8906 = LINE('',#8907,#8908);
#8907 = CARTESIAN_POINT('',(43.925,18.575,9.1));
#8908 = VECTOR('',#8909,1.);
#8909 = DIRECTION('',(-0.,1.,0.));
#8910 = ORIENTED_EDGE('',*,*,#8855,.F.);
#8911 = ORIENTED_EDGE('',*,*,#2501,.T.);
#8912 = ORIENTED_EDGE('',*,*,#8913,.F.);
#8913 = EDGE_CURVE('',#8904,#2494,#8914,.T.);
#8914 = LINE('',#8915,#8916);
#8915 = CARTESIAN_POINT('',(43.925,20.075,0.6));
#8916 = VECTOR('',#8917,1.);
#8917 = DIRECTION('',(-0.,0.,-1.));
#8918 = PLANE('',#8919);
#8919 = AXIS2_PLACEMENT_3D('',#8920,#8921,#8922);
#8920 = CARTESIAN_POINT('',(43.925,18.575,0.6));
#8921 = DIRECTION('',(1.,0.,-0.));
#8922 = DIRECTION('',(0.,0.,1.));
#8923 = ADVANCED_FACE('',(#8924),#8942,.F.);
#8924 = FACE_BOUND('',#8925,.F.);
#8925 = EDGE_LOOP('',(#8926,#8934,#8935,#8936));
#8926 = ORIENTED_EDGE('',*,*,#8927,.F.);
#8927 = EDGE_CURVE('',#8882,#8928,#8930,.T.);
#8928 = VERTEX_POINT('',#8929);
#8929 = CARTESIAN_POINT('',(42.075,23.425,9.1));
#8930 = LINE('',#8931,#8932);
#8931 = CARTESIAN_POINT('',(42.075,18.575,9.1));
#8932 = VECTOR('',#8933,1.);
#8933 = DIRECTION('',(-0.,1.,0.));
#8934 = ORIENTED_EDGE('',*,*,#8889,.T.);
#8935 = ORIENTED_EDGE('',*,*,#2453,.T.);
#8936 = ORIENTED_EDGE('',*,*,#8937,.T.);
#8937 = EDGE_CURVE('',#2454,#8928,#8938,.T.);
#8938 = LINE('',#8939,#8940);
#8939 = CARTESIAN_POINT('',(42.075,23.425,0.6));
#8940 = VECTOR('',#8941,1.);
#8941 = DIRECTION('',(0.,0.,1.));
#8942 = PLANE('',#8943);
#8943 = AXIS2_PLACEMENT_3D('',#8944,#8945,#8946);
#8944 = CARTESIAN_POINT('',(42.075,18.575,0.6));
#8945 = DIRECTION('',(1.,0.,-0.));
#8946 = DIRECTION('',(0.,0.,1.));
#8947 = ADVANCED_FACE('',(#8948),#8966,.F.);
#8948 = FACE_BOUND('',#8949,.F.);
#8949 = EDGE_LOOP('',(#8950,#8951,#8952,#8960));
#8950 = ORIENTED_EDGE('',*,*,#2493,.T.);
#8951 = ORIENTED_EDGE('',*,*,#8913,.F.);
#8952 = ORIENTED_EDGE('',*,*,#8953,.T.);
#8953 = EDGE_CURVE('',#8904,#8954,#8956,.T.);
#8954 = VERTEX_POINT('',#8955);
#8955 = CARTESIAN_POINT('',(45.425,20.075,9.1));
#8956 = LINE('',#8957,#8958);
#8957 = CARTESIAN_POINT('',(40.575,20.075,9.1));
#8958 = VECTOR('',#8959,1.);
#8959 = DIRECTION('',(1.,0.,-0.));
#8960 = ORIENTED_EDGE('',*,*,#8961,.F.);
#8961 = EDGE_CURVE('',#2486,#8954,#8962,.T.);
#8962 = LINE('',#8963,#8964);
#8963 = CARTESIAN_POINT('',(45.425,20.075,0.6));
#8964 = VECTOR('',#8965,1.);
#8965 = DIRECTION('',(0.,0.,1.));
#8966 = PLANE('',#8967);
#8967 = AXIS2_PLACEMENT_3D('',#8968,#8969,#8970);
#8968 = CARTESIAN_POINT('',(40.575,20.075,0.6));
#8969 = DIRECTION('',(-0.,1.,0.));
#8970 = DIRECTION('',(0.,0.,1.));
#8971 = ADVANCED_FACE('',(#8972),#8990,.T.);
#8972 = FACE_BOUND('',#8973,.T.);
#8973 = EDGE_LOOP('',(#8974,#8982,#8983,#8984));
#8974 = ORIENTED_EDGE('',*,*,#8975,.F.);
#8975 = EDGE_CURVE('',#2462,#8976,#8978,.T.);
#8976 = VERTEX_POINT('',#8977);
#8977 = CARTESIAN_POINT('',(43.925,23.425,9.1));
#8978 = LINE('',#8979,#8980);
#8979 = CARTESIAN_POINT('',(43.925,23.425,0.6));
#8980 = VECTOR('',#8981,1.);
#8981 = DIRECTION('',(0.,0.,1.));
#8982 = ORIENTED_EDGE('',*,*,#2461,.T.);
#8983 = ORIENTED_EDGE('',*,*,#8937,.T.);
#8984 = ORIENTED_EDGE('',*,*,#8985,.T.);
#8985 = EDGE_CURVE('',#8928,#8976,#8986,.T.);
#8986 = LINE('',#8987,#8988);
#8987 = CARTESIAN_POINT('',(42.075,23.425,9.1));
#8988 = VECTOR('',#8989,1.);
#8989 = DIRECTION('',(1.,0.,-0.));
#8990 = PLANE('',#8991);
#8991 = AXIS2_PLACEMENT_3D('',#8992,#8993,#8994);
#8992 = CARTESIAN_POINT('',(42.075,23.425,0.6));
#8993 = DIRECTION('',(-0.,1.,0.));
#8994 = DIRECTION('',(0.,0.,1.));
#8995 = ADVANCED_FACE('',(#8996),#9014,.T.);
#8996 = FACE_BOUND('',#8997,.T.);
#8997 = EDGE_LOOP('',(#8998,#8999,#9000,#9008));
#8998 = ORIENTED_EDGE('',*,*,#8961,.F.);
#8999 = ORIENTED_EDGE('',*,*,#2485,.T.);
#9000 = ORIENTED_EDGE('',*,*,#9001,.T.);
#9001 = EDGE_CURVE('',#2478,#9002,#9004,.T.);
#9002 = VERTEX_POINT('',#9003);
#9003 = CARTESIAN_POINT('',(45.425,21.925,9.1));
#9004 = LINE('',#9005,#9006);
#9005 = CARTESIAN_POINT('',(45.425,21.925,0.6));
#9006 = VECTOR('',#9007,1.);
#9007 = DIRECTION('',(0.,0.,1.));
#9008 = ORIENTED_EDGE('',*,*,#9009,.F.);
#9009 = EDGE_CURVE('',#8954,#9002,#9010,.T.);
#9010 = LINE('',#9011,#9012);
#9011 = CARTESIAN_POINT('',(45.425,20.075,9.1));
#9012 = VECTOR('',#9013,1.);
#9013 = DIRECTION('',(-0.,1.,0.));
#9014 = PLANE('',#9015);
#9015 = AXIS2_PLACEMENT_3D('',#9016,#9017,#9018);
#9016 = CARTESIAN_POINT('',(45.425,20.075,0.6));
#9017 = DIRECTION('',(1.,0.,-0.));
#9018 = DIRECTION('',(0.,0.,1.));
#9019 = ADVANCED_FACE('',(#9020),#9038,.T.);
#9020 = FACE_BOUND('',#9021,.T.);
#9021 = EDGE_LOOP('',(#9022,#9030,#9036,#9037));
#9022 = ORIENTED_EDGE('',*,*,#9023,.F.);
#9023 = EDGE_CURVE('',#9024,#8976,#9026,.T.);
#9024 = VERTEX_POINT('',#9025);
#9025 = CARTESIAN_POINT('',(43.925,21.925,9.1));
#9026 = LINE('',#9027,#9028);
#9027 = CARTESIAN_POINT('',(43.925,18.575,9.1));
#9028 = VECTOR('',#9029,1.);
#9029 = DIRECTION('',(-0.,1.,0.));
#9030 = ORIENTED_EDGE('',*,*,#9031,.T.);
#9031 = EDGE_CURVE('',#9024,#2470,#9032,.T.);
#9032 = LINE('',#9033,#9034);
#9033 = CARTESIAN_POINT('',(43.925,21.925,0.6));
#9034 = VECTOR('',#9035,1.);
#9035 = DIRECTION('',(-0.,0.,-1.));
#9036 = ORIENTED_EDGE('',*,*,#2469,.T.);
#9037 = ORIENTED_EDGE('',*,*,#8975,.T.);
#9038 = PLANE('',#9039);
#9039 = AXIS2_PLACEMENT_3D('',#9040,#9041,#9042);
#9040 = CARTESIAN_POINT('',(43.925,18.575,0.6));
#9041 = DIRECTION('',(1.,0.,-0.));
#9042 = DIRECTION('',(0.,0.,1.));
#9043 = ADVANCED_FACE('',(#9044),#9055,.T.);
#9044 = FACE_BOUND('',#9045,.T.);
#9045 = EDGE_LOOP('',(#9046,#9047,#9048,#9054));
#9046 = ORIENTED_EDGE('',*,*,#2477,.T.);
#9047 = ORIENTED_EDGE('',*,*,#9031,.F.);
#9048 = ORIENTED_EDGE('',*,*,#9049,.T.);
#9049 = EDGE_CURVE('',#9024,#9002,#9050,.T.);
#9050 = LINE('',#9051,#9052);
#9051 = CARTESIAN_POINT('',(40.575,21.925,9.1));
#9052 = VECTOR('',#9053,1.);
#9053 = DIRECTION('',(1.,0.,-0.));
#9054 = ORIENTED_EDGE('',*,*,#9001,.F.);
#9055 = PLANE('',#9056);
#9056 = AXIS2_PLACEMENT_3D('',#9057,#9058,#9059);
#9057 = CARTESIAN_POINT('',(40.575,21.925,0.6));
#9058 = DIRECTION('',(-0.,1.,0.));
#9059 = DIRECTION('',(0.,0.,1.));
#9060 = ADVANCED_FACE('',(#9061),#9086,.F.);
#9061 = FACE_BOUND('',#9062,.F.);
#9062 = EDGE_LOOP('',(#9063,#9064,#9072,#9080));
#9063 = ORIENTED_EDGE('',*,*,#2525,.T.);
#9064 = ORIENTED_EDGE('',*,*,#9065,.T.);
#9065 = EDGE_CURVE('',#2528,#9066,#9068,.T.);
#9066 = VERTEX_POINT('',#9067);
#9067 = CARTESIAN_POINT('',(52.55,20.05,9.1));
#9068 = LINE('',#9069,#9070);
#9069 = CARTESIAN_POINT('',(52.55,20.05,0.6));
#9070 = VECTOR('',#9071,1.);
#9071 = DIRECTION('',(0.,0.,1.));
#9072 = ORIENTED_EDGE('',*,*,#9073,.T.);
#9073 = EDGE_CURVE('',#9066,#9074,#9076,.T.);
#9074 = VERTEX_POINT('',#9075);
#9075 = CARTESIAN_POINT('',(54.05,20.05,9.1));
#9076 = LINE('',#9077,#9078);
#9077 = CARTESIAN_POINT('',(52.55,20.05,9.1));
#9078 = VECTOR('',#9079,1.);
#9079 = DIRECTION('',(1.,0.,-0.));
#9080 = ORIENTED_EDGE('',*,*,#9081,.T.);
#9081 = EDGE_CURVE('',#9074,#2526,#9082,.T.);
#9082 = LINE('',#9083,#9084);
#9083 = CARTESIAN_POINT('',(54.05,20.05,0.6));
#9084 = VECTOR('',#9085,1.);
#9085 = DIRECTION('',(-0.,0.,-1.));
#9086 = PLANE('',#9087);
#9087 = AXIS2_PLACEMENT_3D('',#9088,#9089,#9090);
#9088 = CARTESIAN_POINT('',(52.55,20.05,0.6));
#9089 = DIRECTION('',(-0.,1.,0.));
#9090 = DIRECTION('',(0.,0.,1.));
#9091 = ADVANCED_FACE('',(#9092),#9110,.F.);
#9092 = FACE_BOUND('',#9093,.F.);
#9093 = EDGE_LOOP('',(#9094,#9102,#9108,#9109));
#9094 = ORIENTED_EDGE('',*,*,#9095,.F.);
#9095 = EDGE_CURVE('',#9096,#9074,#9098,.T.);
#9096 = VERTEX_POINT('',#9097);
#9097 = CARTESIAN_POINT('',(54.05,18.55,9.1));
#9098 = LINE('',#9099,#9100);
#9099 = CARTESIAN_POINT('',(54.05,18.55,9.1));
#9100 = VECTOR('',#9101,1.);
#9101 = DIRECTION('',(-0.,1.,0.));
#9102 = ORIENTED_EDGE('',*,*,#9103,.F.);
#9103 = EDGE_CURVE('',#2608,#9096,#9104,.T.);
#9104 = LINE('',#9105,#9106);
#9105 = CARTESIAN_POINT('',(54.05,18.55,0.6));
#9106 = VECTOR('',#9107,1.);
#9107 = DIRECTION('',(0.,0.,1.));
#9108 = ORIENTED_EDGE('',*,*,#2615,.T.);
#9109 = ORIENTED_EDGE('',*,*,#9081,.F.);
#9110 = PLANE('',#9111);
#9111 = AXIS2_PLACEMENT_3D('',#9112,#9113,#9114);
#9112 = CARTESIAN_POINT('',(54.05,18.55,0.6));
#9113 = DIRECTION('',(1.,0.,-0.));
#9114 = DIRECTION('',(0.,0.,1.));
#9115 = ADVANCED_FACE('',(#9116),#9134,.F.);
#9116 = FACE_BOUND('',#9117,.F.);
#9117 = EDGE_LOOP('',(#9118,#9119,#9120,#9128));
#9118 = ORIENTED_EDGE('',*,*,#9065,.F.);
#9119 = ORIENTED_EDGE('',*,*,#2535,.T.);
#9120 = ORIENTED_EDGE('',*,*,#9121,.T.);
#9121 = EDGE_CURVE('',#2536,#9122,#9124,.T.);
#9122 = VERTEX_POINT('',#9123);
#9123 = CARTESIAN_POINT('',(52.55,21.95,9.1));
#9124 = LINE('',#9125,#9126);
#9125 = CARTESIAN_POINT('',(52.55,21.95,0.6));
#9126 = VECTOR('',#9127,1.);
#9127 = DIRECTION('',(0.,0.,1.));
#9128 = ORIENTED_EDGE('',*,*,#9129,.F.);
#9129 = EDGE_CURVE('',#9066,#9122,#9130,.T.);
#9130 = LINE('',#9131,#9132);
#9131 = CARTESIAN_POINT('',(52.55,20.05,9.1));
#9132 = VECTOR('',#9133,1.);
#9133 = DIRECTION('',(-0.,1.,0.));
#9134 = PLANE('',#9135);
#9135 = AXIS2_PLACEMENT_3D('',#9136,#9137,#9138);
#9136 = CARTESIAN_POINT('',(52.55,20.05,0.6));
#9137 = DIRECTION('',(1.,0.,-0.));
#9138 = DIRECTION('',(0.,0.,1.));
#9139 = ADVANCED_FACE('',(#9140),#9158,.F.);
#9140 = FACE_BOUND('',#9141,.F.);
#9141 = EDGE_LOOP('',(#9142,#9150,#9151,#9152));
#9142 = ORIENTED_EDGE('',*,*,#9143,.F.);
#9143 = EDGE_CURVE('',#2600,#9144,#9146,.T.);
#9144 = VERTEX_POINT('',#9145);
#9145 = CARTESIAN_POINT('',(55.95,18.55,9.1));
#9146 = LINE('',#9147,#9148);
#9147 = CARTESIAN_POINT('',(55.95,18.55,0.6));
#9148 = VECTOR('',#9149,1.);
#9149 = DIRECTION('',(0.,0.,1.));
#9150 = ORIENTED_EDGE('',*,*,#2607,.T.);
#9151 = ORIENTED_EDGE('',*,*,#9103,.T.);
#9152 = ORIENTED_EDGE('',*,*,#9153,.T.);
#9153 = EDGE_CURVE('',#9096,#9144,#9154,.T.);
#9154 = LINE('',#9155,#9156);
#9155 = CARTESIAN_POINT('',(54.05,18.55,9.1));
#9156 = VECTOR('',#9157,1.);
#9157 = DIRECTION('',(1.,0.,-0.));
#9158 = PLANE('',#9159);
#9159 = AXIS2_PLACEMENT_3D('',#9160,#9161,#9162);
#9160 = CARTESIAN_POINT('',(54.05,18.55,0.6));
#9161 = DIRECTION('',(-0.,1.,0.));
#9162 = DIRECTION('',(0.,0.,1.));
#9163 = ADVANCED_FACE('',(#9164),#9182,.T.);
#9164 = FACE_BOUND('',#9165,.T.);
#9165 = EDGE_LOOP('',(#9166,#9167,#9168,#9176));
#9166 = ORIENTED_EDGE('',*,*,#2543,.T.);
#9167 = ORIENTED_EDGE('',*,*,#9121,.T.);
#9168 = ORIENTED_EDGE('',*,*,#9169,.T.);
#9169 = EDGE_CURVE('',#9122,#9170,#9172,.T.);
#9170 = VERTEX_POINT('',#9171);
#9171 = CARTESIAN_POINT('',(54.05,21.95,9.1));
#9172 = LINE('',#9173,#9174);
#9173 = CARTESIAN_POINT('',(52.55,21.95,9.1));
#9174 = VECTOR('',#9175,1.);
#9175 = DIRECTION('',(1.,0.,-0.));
#9176 = ORIENTED_EDGE('',*,*,#9177,.T.);
#9177 = EDGE_CURVE('',#9170,#2544,#9178,.T.);
#9178 = LINE('',#9179,#9180);
#9179 = CARTESIAN_POINT('',(54.05,21.95,0.6));
#9180 = VECTOR('',#9181,1.);
#9181 = DIRECTION('',(-0.,0.,-1.));
#9182 = PLANE('',#9183);
#9183 = AXIS2_PLACEMENT_3D('',#9184,#9185,#9186);
#9184 = CARTESIAN_POINT('',(52.55,21.95,0.6));
#9185 = DIRECTION('',(-0.,1.,0.));
#9186 = DIRECTION('',(0.,0.,1.));
#9187 = ADVANCED_FACE('',(#9188),#9206,.T.);
#9188 = FACE_BOUND('',#9189,.T.);
#9189 = EDGE_LOOP('',(#9190,#9198,#9199,#9200));
#9190 = ORIENTED_EDGE('',*,*,#9191,.F.);
#9191 = EDGE_CURVE('',#9144,#9192,#9194,.T.);
#9192 = VERTEX_POINT('',#9193);
#9193 = CARTESIAN_POINT('',(55.95,20.05,9.1));
#9194 = LINE('',#9195,#9196);
#9195 = CARTESIAN_POINT('',(55.95,18.55,9.1));
#9196 = VECTOR('',#9197,1.);
#9197 = DIRECTION('',(-0.,1.,0.));
#9198 = ORIENTED_EDGE('',*,*,#9143,.F.);
#9199 = ORIENTED_EDGE('',*,*,#2599,.T.);
#9200 = ORIENTED_EDGE('',*,*,#9201,.F.);
#9201 = EDGE_CURVE('',#9192,#2592,#9202,.T.);
#9202 = LINE('',#9203,#9204);
#9203 = CARTESIAN_POINT('',(55.95,20.05,0.6));
#9204 = VECTOR('',#9205,1.);
#9205 = DIRECTION('',(-0.,0.,-1.));
#9206 = PLANE('',#9207);
#9207 = AXIS2_PLACEMENT_3D('',#9208,#9209,#9210);
#9208 = CARTESIAN_POINT('',(55.95,18.55,0.6));
#9209 = DIRECTION('',(1.,0.,-0.));
#9210 = DIRECTION('',(0.,0.,1.));
#9211 = ADVANCED_FACE('',(#9212),#9230,.F.);
#9212 = FACE_BOUND('',#9213,.F.);
#9213 = EDGE_LOOP('',(#9214,#9222,#9223,#9224));
#9214 = ORIENTED_EDGE('',*,*,#9215,.F.);
#9215 = EDGE_CURVE('',#9170,#9216,#9218,.T.);
#9216 = VERTEX_POINT('',#9217);
#9217 = CARTESIAN_POINT('',(54.05,23.45,9.1));
#9218 = LINE('',#9219,#9220);
#9219 = CARTESIAN_POINT('',(54.05,18.55,9.1));
#9220 = VECTOR('',#9221,1.);
#9221 = DIRECTION('',(-0.,1.,0.));
#9222 = ORIENTED_EDGE('',*,*,#9177,.T.);
#9223 = ORIENTED_EDGE('',*,*,#2551,.T.);
#9224 = ORIENTED_EDGE('',*,*,#9225,.T.);
#9225 = EDGE_CURVE('',#2552,#9216,#9226,.T.);
#9226 = LINE('',#9227,#9228);
#9227 = CARTESIAN_POINT('',(54.05,23.45,0.6));
#9228 = VECTOR('',#9229,1.);
#9229 = DIRECTION('',(0.,0.,1.));
#9230 = PLANE('',#9231);
#9231 = AXIS2_PLACEMENT_3D('',#9232,#9233,#9234);
#9232 = CARTESIAN_POINT('',(54.05,18.55,0.6));
#9233 = DIRECTION('',(1.,0.,-0.));
#9234 = DIRECTION('',(0.,0.,1.));
#9235 = ADVANCED_FACE('',(#9236),#9254,.F.);
#9236 = FACE_BOUND('',#9237,.F.);
#9237 = EDGE_LOOP('',(#9238,#9239,#9240,#9248));
#9238 = ORIENTED_EDGE('',*,*,#2591,.T.);
#9239 = ORIENTED_EDGE('',*,*,#9201,.F.);
#9240 = ORIENTED_EDGE('',*,*,#9241,.T.);
#9241 = EDGE_CURVE('',#9192,#9242,#9244,.T.);
#9242 = VERTEX_POINT('',#9243);
#9243 = CARTESIAN_POINT('',(57.45,20.05,9.1));
#9244 = LINE('',#9245,#9246);
#9245 = CARTESIAN_POINT('',(52.55,20.05,9.1));
#9246 = VECTOR('',#9247,1.);
#9247 = DIRECTION('',(1.,0.,-0.));
#9248 = ORIENTED_EDGE('',*,*,#9249,.F.);
#9249 = EDGE_CURVE('',#2584,#9242,#9250,.T.);
#9250 = LINE('',#9251,#9252);
#9251 = CARTESIAN_POINT('',(57.45,20.05,0.6));
#9252 = VECTOR('',#9253,1.);
#9253 = DIRECTION('',(0.,0.,1.));
#9254 = PLANE('',#9255);
#9255 = AXIS2_PLACEMENT_3D('',#9256,#9257,#9258);
#9256 = CARTESIAN_POINT('',(52.55,20.05,0.6));
#9257 = DIRECTION('',(-0.,1.,0.));
#9258 = DIRECTION('',(0.,0.,1.));
#9259 = ADVANCED_FACE('',(#9260),#9278,.T.);
#9260 = FACE_BOUND('',#9261,.T.);
#9261 = EDGE_LOOP('',(#9262,#9270,#9271,#9272));
#9262 = ORIENTED_EDGE('',*,*,#9263,.F.);
#9263 = EDGE_CURVE('',#2560,#9264,#9266,.T.);
#9264 = VERTEX_POINT('',#9265);
#9265 = CARTESIAN_POINT('',(55.95,23.45,9.1));
#9266 = LINE('',#9267,#9268);
#9267 = CARTESIAN_POINT('',(55.95,23.45,0.6));
#9268 = VECTOR('',#9269,1.);
#9269 = DIRECTION('',(0.,0.,1.));
#9270 = ORIENTED_EDGE('',*,*,#2559,.T.);
#9271 = ORIENTED_EDGE('',*,*,#9225,.T.);
#9272 = ORIENTED_EDGE('',*,*,#9273,.T.);
#9273 = EDGE_CURVE('',#9216,#9264,#9274,.T.);
#9274 = LINE('',#9275,#9276);
#9275 = CARTESIAN_POINT('',(54.05,23.45,9.1));
#9276 = VECTOR('',#9277,1.);
#9277 = DIRECTION('',(1.,0.,-0.));
#9278 = PLANE('',#9279);
#9279 = AXIS2_PLACEMENT_3D('',#9280,#9281,#9282);
#9280 = CARTESIAN_POINT('',(54.05,23.45,0.6));
#9281 = DIRECTION('',(-0.,1.,0.));
#9282 = DIRECTION('',(0.,0.,1.));
#9283 = ADVANCED_FACE('',(#9284),#9302,.T.);
#9284 = FACE_BOUND('',#9285,.T.);
#9285 = EDGE_LOOP('',(#9286,#9287,#9288,#9296));
#9286 = ORIENTED_EDGE('',*,*,#9249,.F.);
#9287 = ORIENTED_EDGE('',*,*,#2583,.T.);
#9288 = ORIENTED_EDGE('',*,*,#9289,.T.);
#9289 = EDGE_CURVE('',#2576,#9290,#9292,.T.);
#9290 = VERTEX_POINT('',#9291);
#9291 = CARTESIAN_POINT('',(57.45,21.95,9.1));
#9292 = LINE('',#9293,#9294);
#9293 = CARTESIAN_POINT('',(57.45,21.95,0.6));
#9294 = VECTOR('',#9295,1.);
#9295 = DIRECTION('',(0.,0.,1.));
#9296 = ORIENTED_EDGE('',*,*,#9297,.F.);
#9297 = EDGE_CURVE('',#9242,#9290,#9298,.T.);
#9298 = LINE('',#9299,#9300);
#9299 = CARTESIAN_POINT('',(57.45,20.05,9.1));
#9300 = VECTOR('',#9301,1.);
#9301 = DIRECTION('',(-0.,1.,0.));
#9302 = PLANE('',#9303);
#9303 = AXIS2_PLACEMENT_3D('',#9304,#9305,#9306);
#9304 = CARTESIAN_POINT('',(57.45,20.05,0.6));
#9305 = DIRECTION('',(1.,0.,-0.));
#9306 = DIRECTION('',(0.,0.,1.));
#9307 = ADVANCED_FACE('',(#9308),#9326,.T.);
#9308 = FACE_BOUND('',#9309,.T.);
#9309 = EDGE_LOOP('',(#9310,#9318,#9324,#9325));
#9310 = ORIENTED_EDGE('',*,*,#9311,.F.);
#9311 = EDGE_CURVE('',#9312,#9264,#9314,.T.);
#9312 = VERTEX_POINT('',#9313);
#9313 = CARTESIAN_POINT('',(55.95,21.95,9.1));
#9314 = LINE('',#9315,#9316);
#9315 = CARTESIAN_POINT('',(55.95,18.55,9.1));
#9316 = VECTOR('',#9317,1.);
#9317 = DIRECTION('',(-0.,1.,0.));
#9318 = ORIENTED_EDGE('',*,*,#9319,.T.);
#9319 = EDGE_CURVE('',#9312,#2568,#9320,.T.);
#9320 = LINE('',#9321,#9322);
#9321 = CARTESIAN_POINT('',(55.95,21.95,0.6));
#9322 = VECTOR('',#9323,1.);
#9323 = DIRECTION('',(-0.,0.,-1.));
#9324 = ORIENTED_EDGE('',*,*,#2567,.T.);
#9325 = ORIENTED_EDGE('',*,*,#9263,.T.);
#9326 = PLANE('',#9327);
#9327 = AXIS2_PLACEMENT_3D('',#9328,#9329,#9330);
#9328 = CARTESIAN_POINT('',(55.95,18.55,0.6));
#9329 = DIRECTION('',(1.,0.,-0.));
#9330 = DIRECTION('',(0.,0.,1.));
#9331 = ADVANCED_FACE('',(#9332),#9343,.T.);
#9332 = FACE_BOUND('',#9333,.T.);
#9333 = EDGE_LOOP('',(#9334,#9335,#9336,#9342));
#9334 = ORIENTED_EDGE('',*,*,#2575,.T.);
#9335 = ORIENTED_EDGE('',*,*,#9319,.F.);
#9336 = ORIENTED_EDGE('',*,*,#9337,.T.);
#9337 = EDGE_CURVE('',#9312,#9290,#9338,.T.);
#9338 = LINE('',#9339,#9340);
#9339 = CARTESIAN_POINT('',(52.55,21.95,9.1));
#9340 = VECTOR('',#9341,1.);
#9341 = DIRECTION('',(1.,0.,-0.));
#9342 = ORIENTED_EDGE('',*,*,#9289,.F.);
#9343 = PLANE('',#9344);
#9344 = AXIS2_PLACEMENT_3D('',#9345,#9346,#9347);
#9345 = CARTESIAN_POINT('',(52.55,21.95,0.6));
#9346 = DIRECTION('',(-0.,1.,0.));
#9347 = DIRECTION('',(0.,0.,1.));
#9348 = ADVANCED_FACE('',(#9349),#9374,.F.);
#9349 = FACE_BOUND('',#9350,.F.);
#9350 = EDGE_LOOP('',(#9351,#9352,#9360,#9368));
#9351 = ORIENTED_EDGE('',*,*,#2623,.T.);
#9352 = ORIENTED_EDGE('',*,*,#9353,.T.);
#9353 = EDGE_CURVE('',#2626,#9354,#9356,.T.);
#9354 = VERTEX_POINT('',#9355);
#9355 = CARTESIAN_POINT('',(64.525,20.025,9.1));
#9356 = LINE('',#9357,#9358);
#9357 = CARTESIAN_POINT('',(64.525,20.025,0.6));
#9358 = VECTOR('',#9359,1.);
#9359 = DIRECTION('',(0.,0.,1.));
#9360 = ORIENTED_EDGE('',*,*,#9361,.T.);
#9361 = EDGE_CURVE('',#9354,#9362,#9364,.T.);
#9362 = VERTEX_POINT('',#9363);
#9363 = CARTESIAN_POINT('',(66.025,20.025,9.1));
#9364 = LINE('',#9365,#9366);
#9365 = CARTESIAN_POINT('',(64.525,20.025,9.1));
#9366 = VECTOR('',#9367,1.);
#9367 = DIRECTION('',(1.,0.,-0.));
#9368 = ORIENTED_EDGE('',*,*,#9369,.T.);
#9369 = EDGE_CURVE('',#9362,#2624,#9370,.T.);
#9370 = LINE('',#9371,#9372);
#9371 = CARTESIAN_POINT('',(66.025,20.025,0.6));
#9372 = VECTOR('',#9373,1.);
#9373 = DIRECTION('',(-0.,0.,-1.));
#9374 = PLANE('',#9375);
#9375 = AXIS2_PLACEMENT_3D('',#9376,#9377,#9378);
#9376 = CARTESIAN_POINT('',(64.525,20.025,0.6));
#9377 = DIRECTION('',(-0.,1.,0.));
#9378 = DIRECTION('',(0.,0.,1.));
#9379 = ADVANCED_FACE('',(#9380),#9398,.F.);
#9380 = FACE_BOUND('',#9381,.F.);
#9381 = EDGE_LOOP('',(#9382,#9390,#9396,#9397));
#9382 = ORIENTED_EDGE('',*,*,#9383,.F.);
#9383 = EDGE_CURVE('',#9384,#9362,#9386,.T.);
#9384 = VERTEX_POINT('',#9385);
#9385 = CARTESIAN_POINT('',(66.025,18.525,9.1));
#9386 = LINE('',#9387,#9388);
#9387 = CARTESIAN_POINT('',(66.025,18.525,9.1));
#9388 = VECTOR('',#9389,1.);
#9389 = DIRECTION('',(-0.,1.,0.));
#9390 = ORIENTED_EDGE('',*,*,#9391,.F.);
#9391 = EDGE_CURVE('',#2706,#9384,#9392,.T.);
#9392 = LINE('',#9393,#9394);
#9393 = CARTESIAN_POINT('',(66.025,18.525,0.6));
#9394 = VECTOR('',#9395,1.);
#9395 = DIRECTION('',(0.,0.,1.));
#9396 = ORIENTED_EDGE('',*,*,#2713,.T.);
#9397 = ORIENTED_EDGE('',*,*,#9369,.F.);
#9398 = PLANE('',#9399);
#9399 = AXIS2_PLACEMENT_3D('',#9400,#9401,#9402);
#9400 = CARTESIAN_POINT('',(66.025,18.525,0.6));
#9401 = DIRECTION('',(1.,0.,-0.));
#9402 = DIRECTION('',(0.,0.,1.));
#9403 = ADVANCED_FACE('',(#9404),#9422,.F.);
#9404 = FACE_BOUND('',#9405,.F.);
#9405 = EDGE_LOOP('',(#9406,#9407,#9408,#9416));
#9406 = ORIENTED_EDGE('',*,*,#9353,.F.);
#9407 = ORIENTED_EDGE('',*,*,#2633,.T.);
#9408 = ORIENTED_EDGE('',*,*,#9409,.T.);
#9409 = EDGE_CURVE('',#2634,#9410,#9412,.T.);
#9410 = VERTEX_POINT('',#9411);
#9411 = CARTESIAN_POINT('',(64.525,21.975,9.1));
#9412 = LINE('',#9413,#9414);
#9413 = CARTESIAN_POINT('',(64.525,21.975,0.6));
#9414 = VECTOR('',#9415,1.);
#9415 = DIRECTION('',(0.,0.,1.));
#9416 = ORIENTED_EDGE('',*,*,#9417,.F.);
#9417 = EDGE_CURVE('',#9354,#9410,#9418,.T.);
#9418 = LINE('',#9419,#9420);
#9419 = CARTESIAN_POINT('',(64.525,20.025,9.1));
#9420 = VECTOR('',#9421,1.);
#9421 = DIRECTION('',(-0.,1.,0.));
#9422 = PLANE('',#9423);
#9423 = AXIS2_PLACEMENT_3D('',#9424,#9425,#9426);
#9424 = CARTESIAN_POINT('',(64.525,20.025,0.6));
#9425 = DIRECTION('',(1.,0.,-0.));
#9426 = DIRECTION('',(0.,0.,1.));
#9427 = ADVANCED_FACE('',(#9428),#9446,.F.);
#9428 = FACE_BOUND('',#9429,.F.);
#9429 = EDGE_LOOP('',(#9430,#9438,#9439,#9440));
#9430 = ORIENTED_EDGE('',*,*,#9431,.F.);
#9431 = EDGE_CURVE('',#2698,#9432,#9434,.T.);
#9432 = VERTEX_POINT('',#9433);
#9433 = CARTESIAN_POINT('',(67.975,18.525,9.1));
#9434 = LINE('',#9435,#9436);
#9435 = CARTESIAN_POINT('',(67.975,18.525,0.6));
#9436 = VECTOR('',#9437,1.);
#9437 = DIRECTION('',(0.,0.,1.));
#9438 = ORIENTED_EDGE('',*,*,#2705,.T.);
#9439 = ORIENTED_EDGE('',*,*,#9391,.T.);
#9440 = ORIENTED_EDGE('',*,*,#9441,.T.);
#9441 = EDGE_CURVE('',#9384,#9432,#9442,.T.);
#9442 = LINE('',#9443,#9444);
#9443 = CARTESIAN_POINT('',(66.025,18.525,9.1));
#9444 = VECTOR('',#9445,1.);
#9445 = DIRECTION('',(1.,0.,-0.));
#9446 = PLANE('',#9447);
#9447 = AXIS2_PLACEMENT_3D('',#9448,#9449,#9450);
#9448 = CARTESIAN_POINT('',(66.025,18.525,0.6));
#9449 = DIRECTION('',(-0.,1.,0.));
#9450 = DIRECTION('',(0.,0.,1.));
#9451 = ADVANCED_FACE('',(#9452),#9470,.T.);
#9452 = FACE_BOUND('',#9453,.T.);
#9453 = EDGE_LOOP('',(#9454,#9455,#9456,#9464));
#9454 = ORIENTED_EDGE('',*,*,#2641,.T.);
#9455 = ORIENTED_EDGE('',*,*,#9409,.T.);
#9456 = ORIENTED_EDGE('',*,*,#9457,.T.);
#9457 = EDGE_CURVE('',#9410,#9458,#9460,.T.);
#9458 = VERTEX_POINT('',#9459);
#9459 = CARTESIAN_POINT('',(66.025,21.975,9.1));
#9460 = LINE('',#9461,#9462);
#9461 = CARTESIAN_POINT('',(64.525,21.975,9.1));
#9462 = VECTOR('',#9463,1.);
#9463 = DIRECTION('',(1.,0.,-0.));
#9464 = ORIENTED_EDGE('',*,*,#9465,.T.);
#9465 = EDGE_CURVE('',#9458,#2642,#9466,.T.);
#9466 = LINE('',#9467,#9468);
#9467 = CARTESIAN_POINT('',(66.025,21.975,0.6));
#9468 = VECTOR('',#9469,1.);
#9469 = DIRECTION('',(-0.,0.,-1.));
#9470 = PLANE('',#9471);
#9471 = AXIS2_PLACEMENT_3D('',#9472,#9473,#9474);
#9472 = CARTESIAN_POINT('',(64.525,21.975,0.6));
#9473 = DIRECTION('',(-0.,1.,0.));
#9474 = DIRECTION('',(0.,0.,1.));
#9475 = ADVANCED_FACE('',(#9476),#9494,.T.);
#9476 = FACE_BOUND('',#9477,.T.);
#9477 = EDGE_LOOP('',(#9478,#9486,#9487,#9488));
#9478 = ORIENTED_EDGE('',*,*,#9479,.F.);
#9479 = EDGE_CURVE('',#9432,#9480,#9482,.T.);
#9480 = VERTEX_POINT('',#9481);
#9481 = CARTESIAN_POINT('',(67.975,20.025,9.1));
#9482 = LINE('',#9483,#9484);
#9483 = CARTESIAN_POINT('',(67.975,18.525,9.1));
#9484 = VECTOR('',#9485,1.);
#9485 = DIRECTION('',(-0.,1.,0.));
#9486 = ORIENTED_EDGE('',*,*,#9431,.F.);
#9487 = ORIENTED_EDGE('',*,*,#2697,.T.);
#9488 = ORIENTED_EDGE('',*,*,#9489,.F.);
#9489 = EDGE_CURVE('',#9480,#2690,#9490,.T.);
#9490 = LINE('',#9491,#9492);
#9491 = CARTESIAN_POINT('',(67.975,20.025,0.6));
#9492 = VECTOR('',#9493,1.);
#9493 = DIRECTION('',(-0.,0.,-1.));
#9494 = PLANE('',#9495);
#9495 = AXIS2_PLACEMENT_3D('',#9496,#9497,#9498);
#9496 = CARTESIAN_POINT('',(67.975,18.525,0.6));
#9497 = DIRECTION('',(1.,0.,-0.));
#9498 = DIRECTION('',(0.,0.,1.));
#9499 = ADVANCED_FACE('',(#9500),#9518,.F.);
#9500 = FACE_BOUND('',#9501,.F.);
#9501 = EDGE_LOOP('',(#9502,#9510,#9511,#9512));
#9502 = ORIENTED_EDGE('',*,*,#9503,.F.);
#9503 = EDGE_CURVE('',#9458,#9504,#9506,.T.);
#9504 = VERTEX_POINT('',#9505);
#9505 = CARTESIAN_POINT('',(66.025,23.475,9.1));
#9506 = LINE('',#9507,#9508);
#9507 = CARTESIAN_POINT('',(66.025,18.525,9.1));
#9508 = VECTOR('',#9509,1.);
#9509 = DIRECTION('',(-0.,1.,0.));
#9510 = ORIENTED_EDGE('',*,*,#9465,.T.);
#9511 = ORIENTED_EDGE('',*,*,#2649,.T.);
#9512 = ORIENTED_EDGE('',*,*,#9513,.T.);
#9513 = EDGE_CURVE('',#2650,#9504,#9514,.T.);
#9514 = LINE('',#9515,#9516);
#9515 = CARTESIAN_POINT('',(66.025,23.475,0.6));
#9516 = VECTOR('',#9517,1.);
#9517 = DIRECTION('',(0.,0.,1.));
#9518 = PLANE('',#9519);
#9519 = AXIS2_PLACEMENT_3D('',#9520,#9521,#9522);
#9520 = CARTESIAN_POINT('',(66.025,18.525,0.6));
#9521 = DIRECTION('',(1.,0.,-0.));
#9522 = DIRECTION('',(0.,0.,1.));
#9523 = ADVANCED_FACE('',(#9524),#9542,.F.);
#9524 = FACE_BOUND('',#9525,.F.);
#9525 = EDGE_LOOP('',(#9526,#9527,#9528,#9536));
#9526 = ORIENTED_EDGE('',*,*,#2689,.T.);
#9527 = ORIENTED_EDGE('',*,*,#9489,.F.);
#9528 = ORIENTED_EDGE('',*,*,#9529,.T.);
#9529 = EDGE_CURVE('',#9480,#9530,#9532,.T.);
#9530 = VERTEX_POINT('',#9531);
#9531 = CARTESIAN_POINT('',(69.475,20.025,9.1));
#9532 = LINE('',#9533,#9534);
#9533 = CARTESIAN_POINT('',(64.525,20.025,9.1));
#9534 = VECTOR('',#9535,1.);
#9535 = DIRECTION('',(1.,0.,-0.));
#9536 = ORIENTED_EDGE('',*,*,#9537,.F.);
#9537 = EDGE_CURVE('',#2682,#9530,#9538,.T.);
#9538 = LINE('',#9539,#9540);
#9539 = CARTESIAN_POINT('',(69.475,20.025,0.6));
#9540 = VECTOR('',#9541,1.);
#9541 = DIRECTION('',(0.,0.,1.));
#9542 = PLANE('',#9543);
#9543 = AXIS2_PLACEMENT_3D('',#9544,#9545,#9546);
#9544 = CARTESIAN_POINT('',(64.525,20.025,0.6));
#9545 = DIRECTION('',(-0.,1.,0.));
#9546 = DIRECTION('',(0.,0.,1.));
#9547 = ADVANCED_FACE('',(#9548),#9566,.T.);
#9548 = FACE_BOUND('',#9549,.T.);
#9549 = EDGE_LOOP('',(#9550,#9558,#9559,#9560));
#9550 = ORIENTED_EDGE('',*,*,#9551,.F.);
#9551 = EDGE_CURVE('',#2658,#9552,#9554,.T.);
#9552 = VERTEX_POINT('',#9553);
#9553 = CARTESIAN_POINT('',(67.975,23.475,9.1));
#9554 = LINE('',#9555,#9556);
#9555 = CARTESIAN_POINT('',(67.975,23.475,0.6));
#9556 = VECTOR('',#9557,1.);
#9557 = DIRECTION('',(0.,0.,1.));
#9558 = ORIENTED_EDGE('',*,*,#2657,.T.);
#9559 = ORIENTED_EDGE('',*,*,#9513,.T.);
#9560 = ORIENTED_EDGE('',*,*,#9561,.T.);
#9561 = EDGE_CURVE('',#9504,#9552,#9562,.T.);
#9562 = LINE('',#9563,#9564);
#9563 = CARTESIAN_POINT('',(66.025,23.475,9.1));
#9564 = VECTOR('',#9565,1.);
#9565 = DIRECTION('',(1.,0.,-0.));
#9566 = PLANE('',#9567);
#9567 = AXIS2_PLACEMENT_3D('',#9568,#9569,#9570);
#9568 = CARTESIAN_POINT('',(66.025,23.475,0.6));
#9569 = DIRECTION('',(-0.,1.,0.));
#9570 = DIRECTION('',(0.,0.,1.));
#9571 = ADVANCED_FACE('',(#9572),#9590,.T.);
#9572 = FACE_BOUND('',#9573,.T.);
#9573 = EDGE_LOOP('',(#9574,#9575,#9576,#9584));
#9574 = ORIENTED_EDGE('',*,*,#9537,.F.);
#9575 = ORIENTED_EDGE('',*,*,#2681,.T.);
#9576 = ORIENTED_EDGE('',*,*,#9577,.T.);
#9577 = EDGE_CURVE('',#2674,#9578,#9580,.T.);
#9578 = VERTEX_POINT('',#9579);
#9579 = CARTESIAN_POINT('',(69.475,21.975,9.1));
#9580 = LINE('',#9581,#9582);
#9581 = CARTESIAN_POINT('',(69.475,21.975,0.6));
#9582 = VECTOR('',#9583,1.);
#9583 = DIRECTION('',(0.,0.,1.));
#9584 = ORIENTED_EDGE('',*,*,#9585,.F.);
#9585 = EDGE_CURVE('',#9530,#9578,#9586,.T.);
#9586 = LINE('',#9587,#9588);
#9587 = CARTESIAN_POINT('',(69.475,20.025,9.1));
#9588 = VECTOR('',#9589,1.);
#9589 = DIRECTION('',(-0.,1.,0.));
#9590 = PLANE('',#9591);
#9591 = AXIS2_PLACEMENT_3D('',#9592,#9593,#9594);
#9592 = CARTESIAN_POINT('',(69.475,20.025,0.6));
#9593 = DIRECTION('',(1.,0.,-0.));
#9594 = DIRECTION('',(0.,0.,1.));
#9595 = ADVANCED_FACE('',(#9596),#9614,.T.);
#9596 = FACE_BOUND('',#9597,.T.);
#9597 = EDGE_LOOP('',(#9598,#9606,#9612,#9613));
#9598 = ORIENTED_EDGE('',*,*,#9599,.F.);
#9599 = EDGE_CURVE('',#9600,#9552,#9602,.T.);
#9600 = VERTEX_POINT('',#9601);
#9601 = CARTESIAN_POINT('',(67.975,21.975,9.1));
#9602 = LINE('',#9603,#9604);
#9603 = CARTESIAN_POINT('',(67.975,18.525,9.1));
#9604 = VECTOR('',#9605,1.);
#9605 = DIRECTION('',(-0.,1.,0.));
#9606 = ORIENTED_EDGE('',*,*,#9607,.T.);
#9607 = EDGE_CURVE('',#9600,#2666,#9608,.T.);
#9608 = LINE('',#9609,#9610);
#9609 = CARTESIAN_POINT('',(67.975,21.975,0.6));
#9610 = VECTOR('',#9611,1.);
#9611 = DIRECTION('',(-0.,0.,-1.));
#9612 = ORIENTED_EDGE('',*,*,#2665,.T.);
#9613 = ORIENTED_EDGE('',*,*,#9551,.T.);
#9614 = PLANE('',#9615);
#9615 = AXIS2_PLACEMENT_3D('',#9616,#9617,#9618);
#9616 = CARTESIAN_POINT('',(67.975,18.525,0.6));
#9617 = DIRECTION('',(1.,0.,-0.));
#9618 = DIRECTION('',(0.,0.,1.));
#9619 = ADVANCED_FACE('',(#9620),#9631,.T.);
#9620 = FACE_BOUND('',#9621,.T.);
#9621 = EDGE_LOOP('',(#9622,#9623,#9624,#9630));
#9622 = ORIENTED_EDGE('',*,*,#2673,.T.);
#9623 = ORIENTED_EDGE('',*,*,#9607,.F.);
#9624 = ORIENTED_EDGE('',*,*,#9625,.T.);
#9625 = EDGE_CURVE('',#9600,#9578,#9626,.T.);
#9626 = LINE('',#9627,#9628);
#9627 = CARTESIAN_POINT('',(64.525,21.975,9.1));
#9628 = VECTOR('',#9629,1.);
#9629 = DIRECTION('',(1.,0.,-0.));
#9630 = ORIENTED_EDGE('',*,*,#9577,.F.);
#9631 = PLANE('',#9632);
#9632 = AXIS2_PLACEMENT_3D('',#9633,#9634,#9635);
#9633 = CARTESIAN_POINT('',(64.525,21.975,0.6));
#9634 = DIRECTION('',(-0.,1.,0.));
#9635 = DIRECTION('',(0.,0.,1.));
#9636 = ADVANCED_FACE('',(#9637),#9662,.F.);
#9637 = FACE_BOUND('',#9638,.F.);
#9638 = EDGE_LOOP('',(#9639,#9640,#9648,#9656));
#9639 = ORIENTED_EDGE('',*,*,#2721,.T.);
#9640 = ORIENTED_EDGE('',*,*,#9641,.T.);
#9641 = EDGE_CURVE('',#2724,#9642,#9644,.T.);
#9642 = VERTEX_POINT('',#9643);
#9643 = CARTESIAN_POINT('',(76.5,20.,9.1));
#9644 = LINE('',#9645,#9646);
#9645 = CARTESIAN_POINT('',(76.5,20.,0.6));
#9646 = VECTOR('',#9647,1.);
#9647 = DIRECTION('',(0.,0.,1.));
#9648 = ORIENTED_EDGE('',*,*,#9649,.T.);
#9649 = EDGE_CURVE('',#9642,#9650,#9652,.T.);
#9650 = VERTEX_POINT('',#9651);
#9651 = CARTESIAN_POINT('',(78.,20.,9.1));
#9652 = LINE('',#9653,#9654);
#9653 = CARTESIAN_POINT('',(76.5,20.,9.1));
#9654 = VECTOR('',#9655,1.);
#9655 = DIRECTION('',(1.,0.,-0.));
#9656 = ORIENTED_EDGE('',*,*,#9657,.T.);
#9657 = EDGE_CURVE('',#9650,#2722,#9658,.T.);
#9658 = LINE('',#9659,#9660);
#9659 = CARTESIAN_POINT('',(78.,20.,0.6));
#9660 = VECTOR('',#9661,1.);
#9661 = DIRECTION('',(-0.,0.,-1.));
#9662 = PLANE('',#9663);
#9663 = AXIS2_PLACEMENT_3D('',#9664,#9665,#9666);
#9664 = CARTESIAN_POINT('',(76.5,20.,0.6));
#9665 = DIRECTION('',(-0.,1.,0.));
#9666 = DIRECTION('',(0.,0.,1.));
#9667 = ADVANCED_FACE('',(#9668),#9686,.F.);
#9668 = FACE_BOUND('',#9669,.F.);
#9669 = EDGE_LOOP('',(#9670,#9678,#9684,#9685));
#9670 = ORIENTED_EDGE('',*,*,#9671,.F.);
#9671 = EDGE_CURVE('',#9672,#9650,#9674,.T.);
#9672 = VERTEX_POINT('',#9673);
#9673 = CARTESIAN_POINT('',(78.,18.5,9.1));
#9674 = LINE('',#9675,#9676);
#9675 = CARTESIAN_POINT('',(78.,18.5,9.1));
#9676 = VECTOR('',#9677,1.);
#9677 = DIRECTION('',(-0.,1.,0.));
#9678 = ORIENTED_EDGE('',*,*,#9679,.F.);
#9679 = EDGE_CURVE('',#2804,#9672,#9680,.T.);
#9680 = LINE('',#9681,#9682);
#9681 = CARTESIAN_POINT('',(78.,18.5,0.6));
#9682 = VECTOR('',#9683,1.);
#9683 = DIRECTION('',(0.,0.,1.));
#9684 = ORIENTED_EDGE('',*,*,#2811,.T.);
#9685 = ORIENTED_EDGE('',*,*,#9657,.F.);
#9686 = PLANE('',#9687);
#9687 = AXIS2_PLACEMENT_3D('',#9688,#9689,#9690);
#9688 = CARTESIAN_POINT('',(78.,18.5,0.6));
#9689 = DIRECTION('',(1.,0.,-0.));
#9690 = DIRECTION('',(0.,0.,1.));
#9691 = ADVANCED_FACE('',(#9692),#9710,.F.);
#9692 = FACE_BOUND('',#9693,.F.);
#9693 = EDGE_LOOP('',(#9694,#9695,#9696,#9704));
#9694 = ORIENTED_EDGE('',*,*,#9641,.F.);
#9695 = ORIENTED_EDGE('',*,*,#2731,.T.);
#9696 = ORIENTED_EDGE('',*,*,#9697,.T.);
#9697 = EDGE_CURVE('',#2732,#9698,#9700,.T.);
#9698 = VERTEX_POINT('',#9699);
#9699 = CARTESIAN_POINT('',(76.5,22.,9.1));
#9700 = LINE('',#9701,#9702);
#9701 = CARTESIAN_POINT('',(76.5,22.,0.6));
#9702 = VECTOR('',#9703,1.);
#9703 = DIRECTION('',(0.,0.,1.));
#9704 = ORIENTED_EDGE('',*,*,#9705,.F.);
#9705 = EDGE_CURVE('',#9642,#9698,#9706,.T.);
#9706 = LINE('',#9707,#9708);
#9707 = CARTESIAN_POINT('',(76.5,20.,9.1));
#9708 = VECTOR('',#9709,1.);
#9709 = DIRECTION('',(-0.,1.,0.));
#9710 = PLANE('',#9711);
#9711 = AXIS2_PLACEMENT_3D('',#9712,#9713,#9714);
#9712 = CARTESIAN_POINT('',(76.5,20.,0.6));
#9713 = DIRECTION('',(1.,0.,-0.));
#9714 = DIRECTION('',(0.,0.,1.));
#9715 = ADVANCED_FACE('',(#9716),#9734,.F.);
#9716 = FACE_BOUND('',#9717,.F.);
#9717 = EDGE_LOOP('',(#9718,#9726,#9727,#9728));
#9718 = ORIENTED_EDGE('',*,*,#9719,.F.);
#9719 = EDGE_CURVE('',#2796,#9720,#9722,.T.);
#9720 = VERTEX_POINT('',#9721);
#9721 = CARTESIAN_POINT('',(80.,18.5,9.1));
#9722 = LINE('',#9723,#9724);
#9723 = CARTESIAN_POINT('',(80.,18.5,0.6));
#9724 = VECTOR('',#9725,1.);
#9725 = DIRECTION('',(0.,0.,1.));
#9726 = ORIENTED_EDGE('',*,*,#2803,.T.);
#9727 = ORIENTED_EDGE('',*,*,#9679,.T.);
#9728 = ORIENTED_EDGE('',*,*,#9729,.T.);
#9729 = EDGE_CURVE('',#9672,#9720,#9730,.T.);
#9730 = LINE('',#9731,#9732);
#9731 = CARTESIAN_POINT('',(78.,18.5,9.1));
#9732 = VECTOR('',#9733,1.);
#9733 = DIRECTION('',(1.,0.,-0.));
#9734 = PLANE('',#9735);
#9735 = AXIS2_PLACEMENT_3D('',#9736,#9737,#9738);
#9736 = CARTESIAN_POINT('',(78.,18.5,0.6));
#9737 = DIRECTION('',(-0.,1.,0.));
#9738 = DIRECTION('',(0.,0.,1.));
#9739 = ADVANCED_FACE('',(#9740),#9758,.T.);
#9740 = FACE_BOUND('',#9741,.T.);
#9741 = EDGE_LOOP('',(#9742,#9743,#9744,#9752));
#9742 = ORIENTED_EDGE('',*,*,#2739,.T.);
#9743 = ORIENTED_EDGE('',*,*,#9697,.T.);
#9744 = ORIENTED_EDGE('',*,*,#9745,.T.);
#9745 = EDGE_CURVE('',#9698,#9746,#9748,.T.);
#9746 = VERTEX_POINT('',#9747);
#9747 = CARTESIAN_POINT('',(78.,22.,9.1));
#9748 = LINE('',#9749,#9750);
#9749 = CARTESIAN_POINT('',(76.5,22.,9.1));
#9750 = VECTOR('',#9751,1.);
#9751 = DIRECTION('',(1.,0.,-0.));
#9752 = ORIENTED_EDGE('',*,*,#9753,.T.);
#9753 = EDGE_CURVE('',#9746,#2740,#9754,.T.);
#9754 = LINE('',#9755,#9756);
#9755 = CARTESIAN_POINT('',(78.,22.,0.6));
#9756 = VECTOR('',#9757,1.);
#9757 = DIRECTION('',(-0.,0.,-1.));
#9758 = PLANE('',#9759);
#9759 = AXIS2_PLACEMENT_3D('',#9760,#9761,#9762);
#9760 = CARTESIAN_POINT('',(76.5,22.,0.6));
#9761 = DIRECTION('',(-0.,1.,0.));
#9762 = DIRECTION('',(0.,0.,1.));
#9763 = ADVANCED_FACE('',(#9764),#9782,.T.);
#9764 = FACE_BOUND('',#9765,.T.);
#9765 = EDGE_LOOP('',(#9766,#9774,#9775,#9776));
#9766 = ORIENTED_EDGE('',*,*,#9767,.F.);
#9767 = EDGE_CURVE('',#9720,#9768,#9770,.T.);
#9768 = VERTEX_POINT('',#9769);
#9769 = CARTESIAN_POINT('',(80.,20.,9.1));
#9770 = LINE('',#9771,#9772);
#9771 = CARTESIAN_POINT('',(80.,18.5,9.1));
#9772 = VECTOR('',#9773,1.);
#9773 = DIRECTION('',(-0.,1.,0.));
#9774 = ORIENTED_EDGE('',*,*,#9719,.F.);
#9775 = ORIENTED_EDGE('',*,*,#2795,.T.);
#9776 = ORIENTED_EDGE('',*,*,#9777,.F.);
#9777 = EDGE_CURVE('',#9768,#2788,#9778,.T.);
#9778 = LINE('',#9779,#9780);
#9779 = CARTESIAN_POINT('',(80.,20.,0.6));
#9780 = VECTOR('',#9781,1.);
#9781 = DIRECTION('',(-0.,0.,-1.));
#9782 = PLANE('',#9783);
#9783 = AXIS2_PLACEMENT_3D('',#9784,#9785,#9786);
#9784 = CARTESIAN_POINT('',(80.,18.5,0.6));
#9785 = DIRECTION('',(1.,0.,-0.));
#9786 = DIRECTION('',(0.,0.,1.));
#9787 = ADVANCED_FACE('',(#9788),#9806,.F.);
#9788 = FACE_BOUND('',#9789,.F.);
#9789 = EDGE_LOOP('',(#9790,#9798,#9799,#9800));
#9790 = ORIENTED_EDGE('',*,*,#9791,.F.);
#9791 = EDGE_CURVE('',#9746,#9792,#9794,.T.);
#9792 = VERTEX_POINT('',#9793);
#9793 = CARTESIAN_POINT('',(78.,23.5,9.1));
#9794 = LINE('',#9795,#9796);
#9795 = CARTESIAN_POINT('',(78.,18.5,9.1));
#9796 = VECTOR('',#9797,1.);
#9797 = DIRECTION('',(-0.,1.,0.));
#9798 = ORIENTED_EDGE('',*,*,#9753,.T.);
#9799 = ORIENTED_EDGE('',*,*,#2747,.T.);
#9800 = ORIENTED_EDGE('',*,*,#9801,.T.);
#9801 = EDGE_CURVE('',#2748,#9792,#9802,.T.);
#9802 = LINE('',#9803,#9804);
#9803 = CARTESIAN_POINT('',(78.,23.5,0.6));
#9804 = VECTOR('',#9805,1.);
#9805 = DIRECTION('',(0.,0.,1.));
#9806 = PLANE('',#9807);
#9807 = AXIS2_PLACEMENT_3D('',#9808,#9809,#9810);
#9808 = CARTESIAN_POINT('',(78.,18.5,0.6));
#9809 = DIRECTION('',(1.,0.,-0.));
#9810 = DIRECTION('',(0.,0.,1.));
#9811 = ADVANCED_FACE('',(#9812),#9830,.F.);
#9812 = FACE_BOUND('',#9813,.F.);
#9813 = EDGE_LOOP('',(#9814,#9815,#9816,#9824));
#9814 = ORIENTED_EDGE('',*,*,#2787,.T.);
#9815 = ORIENTED_EDGE('',*,*,#9777,.F.);
#9816 = ORIENTED_EDGE('',*,*,#9817,.T.);
#9817 = EDGE_CURVE('',#9768,#9818,#9820,.T.);
#9818 = VERTEX_POINT('',#9819);
#9819 = CARTESIAN_POINT('',(81.5,20.,9.1));
#9820 = LINE('',#9821,#9822);
#9821 = CARTESIAN_POINT('',(76.5,20.,9.1));
#9822 = VECTOR('',#9823,1.);
#9823 = DIRECTION('',(1.,0.,-0.));
#9824 = ORIENTED_EDGE('',*,*,#9825,.F.);
#9825 = EDGE_CURVE('',#2780,#9818,#9826,.T.);
#9826 = LINE('',#9827,#9828);
#9827 = CARTESIAN_POINT('',(81.5,20.,0.6));
#9828 = VECTOR('',#9829,1.);
#9829 = DIRECTION('',(0.,0.,1.));
#9830 = PLANE('',#9831);
#9831 = AXIS2_PLACEMENT_3D('',#9832,#9833,#9834);
#9832 = CARTESIAN_POINT('',(76.5,20.,0.6));
#9833 = DIRECTION('',(-0.,1.,0.));
#9834 = DIRECTION('',(0.,0.,1.));
#9835 = ADVANCED_FACE('',(#9836),#9854,.T.);
#9836 = FACE_BOUND('',#9837,.T.);
#9837 = EDGE_LOOP('',(#9838,#9846,#9847,#9848));
#9838 = ORIENTED_EDGE('',*,*,#9839,.F.);
#9839 = EDGE_CURVE('',#2756,#9840,#9842,.T.);
#9840 = VERTEX_POINT('',#9841);
#9841 = CARTESIAN_POINT('',(80.,23.5,9.1));
#9842 = LINE('',#9843,#9844);
#9843 = CARTESIAN_POINT('',(80.,23.5,0.6));
#9844 = VECTOR('',#9845,1.);
#9845 = DIRECTION('',(0.,0.,1.));
#9846 = ORIENTED_EDGE('',*,*,#2755,.T.);
#9847 = ORIENTED_EDGE('',*,*,#9801,.T.);
#9848 = ORIENTED_EDGE('',*,*,#9849,.T.);
#9849 = EDGE_CURVE('',#9792,#9840,#9850,.T.);
#9850 = LINE('',#9851,#9852);
#9851 = CARTESIAN_POINT('',(78.,23.5,9.1));
#9852 = VECTOR('',#9853,1.);
#9853 = DIRECTION('',(1.,0.,-0.));
#9854 = PLANE('',#9855);
#9855 = AXIS2_PLACEMENT_3D('',#9856,#9857,#9858);
#9856 = CARTESIAN_POINT('',(78.,23.5,0.6));
#9857 = DIRECTION('',(-0.,1.,0.));
#9858 = DIRECTION('',(0.,0.,1.));
#9859 = ADVANCED_FACE('',(#9860),#9878,.T.);
#9860 = FACE_BOUND('',#9861,.T.);
#9861 = EDGE_LOOP('',(#9862,#9863,#9864,#9872));
#9862 = ORIENTED_EDGE('',*,*,#9825,.F.);
#9863 = ORIENTED_EDGE('',*,*,#2779,.T.);
#9864 = ORIENTED_EDGE('',*,*,#9865,.T.);
#9865 = EDGE_CURVE('',#2772,#9866,#9868,.T.);
#9866 = VERTEX_POINT('',#9867);
#9867 = CARTESIAN_POINT('',(81.5,22.,9.1));
#9868 = LINE('',#9869,#9870);
#9869 = CARTESIAN_POINT('',(81.5,22.,0.6));
#9870 = VECTOR('',#9871,1.);
#9871 = DIRECTION('',(0.,0.,1.));
#9872 = ORIENTED_EDGE('',*,*,#9873,.F.);
#9873 = EDGE_CURVE('',#9818,#9866,#9874,.T.);
#9874 = LINE('',#9875,#9876);
#9875 = CARTESIAN_POINT('',(81.5,20.,9.1));
#9876 = VECTOR('',#9877,1.);
#9877 = DIRECTION('',(-0.,1.,0.));
#9878 = PLANE('',#9879);
#9879 = AXIS2_PLACEMENT_3D('',#9880,#9881,#9882);
#9880 = CARTESIAN_POINT('',(81.5,20.,0.6));
#9881 = DIRECTION('',(1.,0.,-0.));
#9882 = DIRECTION('',(0.,0.,1.));
#9883 = ADVANCED_FACE('',(#9884),#9902,.T.);
#9884 = FACE_BOUND('',#9885,.T.);
#9885 = EDGE_LOOP('',(#9886,#9894,#9900,#9901));
#9886 = ORIENTED_EDGE('',*,*,#9887,.F.);
#9887 = EDGE_CURVE('',#9888,#9840,#9890,.T.);
#9888 = VERTEX_POINT('',#9889);
#9889 = CARTESIAN_POINT('',(80.,22.,9.1));
#9890 = LINE('',#9891,#9892);
#9891 = CARTESIAN_POINT('',(80.,18.5,9.1));
#9892 = VECTOR('',#9893,1.);
#9893 = DIRECTION('',(-0.,1.,0.));
#9894 = ORIENTED_EDGE('',*,*,#9895,.T.);
#9895 = EDGE_CURVE('',#9888,#2764,#9896,.T.);
#9896 = LINE('',#9897,#9898);
#9897 = CARTESIAN_POINT('',(80.,22.,0.6));
#9898 = VECTOR('',#9899,1.);
#9899 = DIRECTION('',(-0.,0.,-1.));
#9900 = ORIENTED_EDGE('',*,*,#2763,.T.);
#9901 = ORIENTED_EDGE('',*,*,#9839,.T.);
#9902 = PLANE('',#9903);
#9903 = AXIS2_PLACEMENT_3D('',#9904,#9905,#9906);
#9904 = CARTESIAN_POINT('',(80.,18.5,0.6));
#9905 = DIRECTION('',(1.,0.,-0.));
#9906 = DIRECTION('',(0.,0.,1.));
#9907 = ADVANCED_FACE('',(#9908),#9919,.T.);
#9908 = FACE_BOUND('',#9909,.T.);
#9909 = EDGE_LOOP('',(#9910,#9911,#9912,#9918));
#9910 = ORIENTED_EDGE('',*,*,#2771,.T.);
#9911 = ORIENTED_EDGE('',*,*,#9895,.F.);
#9912 = ORIENTED_EDGE('',*,*,#9913,.T.);
#9913 = EDGE_CURVE('',#9888,#9866,#9914,.T.);
#9914 = LINE('',#9915,#9916);
#9915 = CARTESIAN_POINT('',(76.5,22.,9.1));
#9916 = VECTOR('',#9917,1.);
#9917 = DIRECTION('',(1.,0.,-0.));
#9918 = ORIENTED_EDGE('',*,*,#9865,.F.);
#9919 = PLANE('',#9920);
#9920 = AXIS2_PLACEMENT_3D('',#9921,#9922,#9923);
#9921 = CARTESIAN_POINT('',(76.5,22.,0.6));
#9922 = DIRECTION('',(-0.,1.,0.));
#9923 = DIRECTION('',(0.,0.,1.));
#9924 = ADVANCED_FACE('',(#9925),#9938,.T.);
#9925 = FACE_BOUND('',#9926,.F.);
#9926 = EDGE_LOOP('',(#9927,#9928,#9929,#9930,#9931,#9932,#9933,#9934,
    #9935,#9936,#9937));
#9927 = ORIENTED_EDGE('',*,*,#4380,.T.);
#9928 = ORIENTED_EDGE('',*,*,#4411,.T.);
#9929 = ORIENTED_EDGE('',*,*,#4459,.T.);
#9930 = ORIENTED_EDGE('',*,*,#4507,.T.);
#9931 = ORIENTED_EDGE('',*,*,#4555,.T.);
#9932 = ORIENTED_EDGE('',*,*,#4603,.T.);
#9933 = ORIENTED_EDGE('',*,*,#4627,.T.);
#9934 = ORIENTED_EDGE('',*,*,#4579,.T.);
#9935 = ORIENTED_EDGE('',*,*,#4531,.T.);
#9936 = ORIENTED_EDGE('',*,*,#4483,.T.);
#9937 = ORIENTED_EDGE('',*,*,#4435,.T.);
#9938 = PLANE('',#9939);
#9939 = AXIS2_PLACEMENT_3D('',#9940,#9941,#9942);
#9940 = CARTESIAN_POINT('',(11.478634131115,13.832322554366,1.1));
#9941 = DIRECTION('',(0.,0.,1.));
#9942 = DIRECTION('',(1.,0.,0.));
#9943 = ADVANCED_FACE('',(#9944),#9965,.T.);
#9944 = FACE_BOUND('',#9945,.F.);
#9945 = EDGE_LOOP('',(#9946,#9947,#9948,#9949,#9950,#9951,#9952,#9953,
    #9954,#9955,#9956,#9957,#9958,#9959,#9960,#9961,#9962,#9963,#9964));
#9946 = ORIENTED_EDGE('',*,*,#4644,.T.);
#9947 = ORIENTED_EDGE('',*,*,#4675,.T.);
#9948 = ORIENTED_EDGE('',*,*,#4723,.T.);
#9949 = ORIENTED_EDGE('',*,*,#4773,.T.);
#9950 = ORIENTED_EDGE('',*,*,#4823,.T.);
#9951 = ORIENTED_EDGE('',*,*,#4873,.T.);
#9952 = ORIENTED_EDGE('',*,*,#4925,.T.);
#9953 = ORIENTED_EDGE('',*,*,#4977,.T.);
#9954 = ORIENTED_EDGE('',*,*,#5029,.T.);
#9955 = ORIENTED_EDGE('',*,*,#5079,.T.);
#9956 = ORIENTED_EDGE('',*,*,#5105,.T.);
#9957 = ORIENTED_EDGE('',*,*,#5055,.T.);
#9958 = ORIENTED_EDGE('',*,*,#5003,.T.);
#9959 = ORIENTED_EDGE('',*,*,#4951,.T.);
#9960 = ORIENTED_EDGE('',*,*,#4899,.T.);
#9961 = ORIENTED_EDGE('',*,*,#4847,.T.);
#9962 = ORIENTED_EDGE('',*,*,#4797,.T.);
#9963 = ORIENTED_EDGE('',*,*,#4747,.T.);
#9964 = ORIENTED_EDGE('',*,*,#4699,.T.);
#9965 = PLANE('',#9966);
#9966 = AXIS2_PLACEMENT_3D('',#9967,#9968,#9969);
#9967 = CARTESIAN_POINT('',(23.614355389948,13.889960922456,1.1));
#9968 = DIRECTION('',(0.,0.,1.));
#9969 = DIRECTION('',(1.,0.,0.));
#9970 = ADVANCED_FACE('',(#9971),#10002,.T.);
#9971 = FACE_BOUND('',#9972,.F.);
#9972 = EDGE_LOOP('',(#9973,#9974,#9975,#9976,#9977,#9978,#9979,#9980,
    #9981,#9982,#9983,#9984,#9985,#9986,#9987,#9988,#9989,#9990,#9991,
    #9992,#9993,#9994,#9995,#9996,#9997,#9998,#9999,#10000,#10001));
#9973 = ORIENTED_EDGE('',*,*,#5124,.T.);
#9974 = ORIENTED_EDGE('',*,*,#5157,.T.);
#9975 = ORIENTED_EDGE('',*,*,#5209,.T.);
#9976 = ORIENTED_EDGE('',*,*,#5261,.T.);
#9977 = ORIENTED_EDGE('',*,*,#5313,.T.);
#9978 = ORIENTED_EDGE('',*,*,#5365,.T.);
#9979 = ORIENTED_EDGE('',*,*,#5417,.T.);
#9980 = ORIENTED_EDGE('',*,*,#5467,.T.);
#9981 = ORIENTED_EDGE('',*,*,#5517,.T.);
#9982 = ORIENTED_EDGE('',*,*,#5569,.T.);
#9983 = ORIENTED_EDGE('',*,*,#5621,.T.);
#9984 = ORIENTED_EDGE('',*,*,#5673,.T.);
#9985 = ORIENTED_EDGE('',*,*,#5725,.T.);
#9986 = ORIENTED_EDGE('',*,*,#5777,.T.);
#9987 = ORIENTED_EDGE('',*,*,#5827,.T.);
#9988 = ORIENTED_EDGE('',*,*,#5851,.T.);
#9989 = ORIENTED_EDGE('',*,*,#5801,.T.);
#9990 = ORIENTED_EDGE('',*,*,#5751,.T.);
#9991 = ORIENTED_EDGE('',*,*,#5699,.T.);
#9992 = ORIENTED_EDGE('',*,*,#5647,.T.);
#9993 = ORIENTED_EDGE('',*,*,#5595,.T.);
#9994 = ORIENTED_EDGE('',*,*,#5543,.T.);
#9995 = ORIENTED_EDGE('',*,*,#5493,.T.);
#9996 = ORIENTED_EDGE('',*,*,#5441,.T.);
#9997 = ORIENTED_EDGE('',*,*,#5391,.T.);
#9998 = ORIENTED_EDGE('',*,*,#5339,.T.);
#9999 = ORIENTED_EDGE('',*,*,#5287,.T.);
#10000 = ORIENTED_EDGE('',*,*,#5235,.T.);
#10001 = ORIENTED_EDGE('',*,*,#5183,.T.);
#10002 = PLANE('',#10003);
#10003 = AXIS2_PLACEMENT_3D('',#10004,#10005,#10006);
#10004 = CARTESIAN_POINT('',(35.599649669538,13.980389411197,1.1));
#10005 = DIRECTION('',(0.,0.,1.));
#10006 = DIRECTION('',(1.,0.,0.));
#10007 = ADVANCED_FACE('',(#10008,#10021),#10047,.T.);
#10008 = FACE_BOUND('',#10009,.F.);
#10009 = EDGE_LOOP('',(#10010,#10011,#10012,#10013,#10014,#10015,#10016,
    #10017,#10018,#10019,#10020));
#10010 = ORIENTED_EDGE('',*,*,#6480,.T.);
#10011 = ORIENTED_EDGE('',*,*,#6511,.T.);
#10012 = ORIENTED_EDGE('',*,*,#6559,.T.);
#10013 = ORIENTED_EDGE('',*,*,#6607,.T.);
#10014 = ORIENTED_EDGE('',*,*,#6655,.T.);
#10015 = ORIENTED_EDGE('',*,*,#6703,.T.);
#10016 = ORIENTED_EDGE('',*,*,#6727,.T.);
#10017 = ORIENTED_EDGE('',*,*,#6679,.T.);
#10018 = ORIENTED_EDGE('',*,*,#6631,.T.);
#10019 = ORIENTED_EDGE('',*,*,#6583,.T.);
#10020 = ORIENTED_EDGE('',*,*,#6535,.T.);
#10021 = FACE_BOUND('',#10022,.F.);
#10022 = EDGE_LOOP('',(#10023,#10033,#10041));
#10023 = ORIENTED_EDGE('',*,*,#10024,.T.);
#10024 = EDGE_CURVE('',#10025,#10027,#10029,.T.);
#10025 = VERTEX_POINT('',#10026);
#10026 = CARTESIAN_POINT('',(47.693592701342,14.945469798658,1.1));
#10027 = VERTEX_POINT('',#10028);
#10028 = CARTESIAN_POINT('',(46.764272231544,13.567785234899,1.1));
#10029 = LINE('',#10030,#10031);
#10030 = CARTESIAN_POINT('',(47.693592701342,14.945469798658,1.1));
#10031 = VECTOR('',#10032,1.);
#10032 = DIRECTION('',(-0.559217924246,-0.82902069528,0.));
#10033 = ORIENTED_EDGE('',*,*,#10034,.T.);
#10034 = EDGE_CURVE('',#10027,#10035,#10037,.T.);
#10035 = VERTEX_POINT('',#10036);
#10036 = CARTESIAN_POINT('',(47.693592701342,13.567785234899,1.1));
#10037 = LINE('',#10038,#10039);
#10038 = CARTESIAN_POINT('',(46.764272231544,13.567785234899,1.1));
#10039 = VECTOR('',#10040,1.);
#10040 = DIRECTION('',(1.,0.,0.));
#10041 = ORIENTED_EDGE('',*,*,#10042,.T.);
#10042 = EDGE_CURVE('',#10035,#10025,#10043,.T.);
#10043 = LINE('',#10044,#10045);
#10044 = CARTESIAN_POINT('',(47.693592701342,13.567785234899,1.1));
#10045 = VECTOR('',#10046,1.);
#10046 = DIRECTION('',(0.,1.,0.));
#10047 = PLANE('',#10048);
#10048 = AXIS2_PLACEMENT_3D('',#10049,#10050,#10051);
#10049 = CARTESIAN_POINT('',(47.648091440434,13.911447268064,1.1));
#10050 = DIRECTION('',(0.,0.,1.));
#10051 = DIRECTION('',(1.,0.,0.));
#10052 = ADVANCED_FACE('',(#10053),#10077,.T.);
#10053 = FACE_BOUND('',#10054,.F.);
#10054 = EDGE_LOOP('',(#10055,#10056,#10057,#10058,#10059,#10060,#10061,
    #10062,#10063,#10064,#10065,#10066,#10067,#10068,#10069,#10070,
    #10071,#10072,#10073,#10074,#10075,#10076));
#10055 = ORIENTED_EDGE('',*,*,#6744,.T.);
#10056 = ORIENTED_EDGE('',*,*,#6775,.T.);
#10057 = ORIENTED_EDGE('',*,*,#6823,.T.);
#10058 = ORIENTED_EDGE('',*,*,#6873,.T.);
#10059 = ORIENTED_EDGE('',*,*,#6923,.T.);
#10060 = ORIENTED_EDGE('',*,*,#6975,.T.);
#10061 = ORIENTED_EDGE('',*,*,#7027,.T.);
#10062 = ORIENTED_EDGE('',*,*,#7079,.T.);
#10063 = ORIENTED_EDGE('',*,*,#7131,.T.);
#10064 = ORIENTED_EDGE('',*,*,#7183,.T.);
#10065 = ORIENTED_EDGE('',*,*,#7235,.T.);
#10066 = ORIENTED_EDGE('',*,*,#7285,.T.);
#10067 = ORIENTED_EDGE('',*,*,#7261,.T.);
#10068 = ORIENTED_EDGE('',*,*,#7209,.T.);
#10069 = ORIENTED_EDGE('',*,*,#7157,.T.);
#10070 = ORIENTED_EDGE('',*,*,#7105,.T.);
#10071 = ORIENTED_EDGE('',*,*,#7053,.T.);
#10072 = ORIENTED_EDGE('',*,*,#7001,.T.);
#10073 = ORIENTED_EDGE('',*,*,#6949,.T.);
#10074 = ORIENTED_EDGE('',*,*,#6897,.T.);
#10075 = ORIENTED_EDGE('',*,*,#6847,.T.);
#10076 = ORIENTED_EDGE('',*,*,#6799,.T.);
#10077 = PLANE('',#10078);
#10078 = AXIS2_PLACEMENT_3D('',#10079,#10080,#10081);
#10079 = CARTESIAN_POINT('',(59.523359922267,14.063301009687,1.1));
#10080 = DIRECTION('',(0.,0.,1.));
#10081 = DIRECTION('',(1.,0.,0.));
#10082 = ADVANCED_FACE('',(#10083,#10102),#10168,.T.);
#10083 = FACE_BOUND('',#10084,.F.);
#10084 = EDGE_LOOP('',(#10085,#10086,#10087,#10088,#10089,#10090,#10091,
    #10092,#10093,#10094,#10095,#10096,#10097,#10098,#10099,#10100,
    #10101));
#10085 = ORIENTED_EDGE('',*,*,#7304,.T.);
#10086 = ORIENTED_EDGE('',*,*,#7335,.T.);
#10087 = ORIENTED_EDGE('',*,*,#7387,.T.);
#10088 = ORIENTED_EDGE('',*,*,#7439,.T.);
#10089 = ORIENTED_EDGE('',*,*,#7491,.T.);
#10090 = ORIENTED_EDGE('',*,*,#7543,.T.);
#10091 = ORIENTED_EDGE('',*,*,#7595,.T.);
#10092 = ORIENTED_EDGE('',*,*,#7647,.T.);
#10093 = ORIENTED_EDGE('',*,*,#7699,.T.);
#10094 = ORIENTED_EDGE('',*,*,#7725,.T.);
#10095 = ORIENTED_EDGE('',*,*,#7673,.T.);
#10096 = ORIENTED_EDGE('',*,*,#7621,.T.);
#10097 = ORIENTED_EDGE('',*,*,#7569,.T.);
#10098 = ORIENTED_EDGE('',*,*,#7517,.T.);
#10099 = ORIENTED_EDGE('',*,*,#7465,.T.);
#10100 = ORIENTED_EDGE('',*,*,#7413,.T.);
#10101 = ORIENTED_EDGE('',*,*,#7361,.T.);
#10102 = FACE_BOUND('',#10103,.F.);
#10103 = EDGE_LOOP('',(#10104,#10114,#10122,#10130,#10138,#10146,#10154,
    #10162));
#10104 = ORIENTED_EDGE('',*,*,#10105,.T.);
#10105 = EDGE_CURVE('',#10106,#10108,#10110,.T.);
#10106 = VERTEX_POINT('',#10107);
#10107 = CARTESIAN_POINT('',(71.644043624161,13.985906040268,1.1));
#10108 = VERTEX_POINT('',#10109);
#10109 = CARTESIAN_POINT('',(71.310339765101,13.84144295302,1.1));
#10110 = B_SPLINE_CURVE_WITH_KNOTS('',2,(#10111,#10112,#10113),
  .UNSPECIFIED.,.F.,.F.,(3,3),(0.,1.),.PIECEWISE_BEZIER_KNOTS.);
#10111 = CARTESIAN_POINT('',(71.644043624161,13.985906040268,1.1));
#10112 = CARTESIAN_POINT('',(71.421623322148,13.985906040268,1.1));
#10113 = CARTESIAN_POINT('',(71.310339765101,13.84144295302,1.1));
#10114 = ORIENTED_EDGE('',*,*,#10115,.T.);
#10115 = EDGE_CURVE('',#10108,#10116,#10118,.T.);
#10116 = VERTEX_POINT('',#10117);
#10117 = CARTESIAN_POINT('',(71.199203020134,13.408053691275,1.1));
#10118 = B_SPLINE_CURVE_WITH_KNOTS('',2,(#10119,#10120,#10121),
  .UNSPECIFIED.,.F.,.F.,(3,3),(0.,1.),.PIECEWISE_BEZIER_KNOTS.);
#10119 = CARTESIAN_POINT('',(71.310339765101,13.84144295302,1.1));
#10120 = CARTESIAN_POINT('',(71.199203020134,13.696979865772,1.1));
#10121 = CARTESIAN_POINT('',(71.199203020134,13.408053691275,1.1));
#10122 = ORIENTED_EDGE('',*,*,#10123,.T.);
#10123 = EDGE_CURVE('',#10116,#10124,#10126,.T.);
#10124 = VERTEX_POINT('',#10125);
#10125 = CARTESIAN_POINT('',(71.310339765101,12.97466442953,1.1));
#10126 = B_SPLINE_CURVE_WITH_KNOTS('',2,(#10127,#10128,#10129),
  .UNSPECIFIED.,.F.,.F.,(3,3),(0.,1.),.PIECEWISE_BEZIER_KNOTS.);
#10127 = CARTESIAN_POINT('',(71.199203020134,13.408053691275,1.1));
#10128 = CARTESIAN_POINT('',(71.199203020134,13.119127516779,1.1));
#10129 = CARTESIAN_POINT('',(71.310339765101,12.97466442953,1.1));
#10130 = ORIENTED_EDGE('',*,*,#10131,.T.);
#10131 = EDGE_CURVE('',#10124,#10132,#10134,.T.);
#10132 = VERTEX_POINT('',#10133);
#10133 = CARTESIAN_POINT('',(71.644043624161,12.830201342282,1.1));
#10134 = B_SPLINE_CURVE_WITH_KNOTS('',2,(#10135,#10136,#10137),
  .UNSPECIFIED.,.F.,.F.,(3,3),(0.,1.),.PIECEWISE_BEZIER_KNOTS.);
#10135 = CARTESIAN_POINT('',(71.310339765101,12.97466442953,1.1));
#10136 = CARTESIAN_POINT('',(71.421623322148,12.830201342282,1.1));
#10137 = CARTESIAN_POINT('',(71.644043624161,12.830201342282,1.1));
#10138 = ORIENTED_EDGE('',*,*,#10139,.T.);
#10139 = EDGE_CURVE('',#10132,#10140,#10142,.T.);
#10140 = VERTEX_POINT('',#10141);
#10141 = CARTESIAN_POINT('',(71.979802852349,12.97466442953,1.1));
#10142 = B_SPLINE_CURVE_WITH_KNOTS('',2,(#10143,#10144,#10145),
  .UNSPECIFIED.,.F.,.F.,(3,3),(0.,1.),.PIECEWISE_BEZIER_KNOTS.);
#10143 = CARTESIAN_POINT('',(71.644043624161,12.830201342282,1.1));
#10144 = CARTESIAN_POINT('',(71.868666107383,12.830201342282,1.1));
#10145 = CARTESIAN_POINT('',(71.979802852349,12.97466442953,1.1));
#10146 = ORIENTED_EDGE('',*,*,#10147,.T.);
#10147 = EDGE_CURVE('',#10140,#10148,#10150,.T.);
#10148 = VERTEX_POINT('',#10149);
#10149 = CARTESIAN_POINT('',(72.091086409396,13.408053691275,1.1));
#10150 = B_SPLINE_CURVE_WITH_KNOTS('',2,(#10151,#10152,#10153),
  .UNSPECIFIED.,.F.,.F.,(3,3),(0.,1.),.PIECEWISE_BEZIER_KNOTS.);
#10151 = CARTESIAN_POINT('',(71.979802852349,12.97466442953,1.1));
#10152 = CARTESIAN_POINT('',(72.091086409396,13.119127516779,1.1));
#10153 = CARTESIAN_POINT('',(72.091086409396,13.408053691275,1.1));
#10154 = ORIENTED_EDGE('',*,*,#10155,.T.);
#10155 = EDGE_CURVE('',#10148,#10156,#10158,.T.);
#10156 = VERTEX_POINT('',#10157);
#10157 = CARTESIAN_POINT('',(71.979802852349,13.84144295302,1.1));
#10158 = B_SPLINE_CURVE_WITH_KNOTS('',2,(#10159,#10160,#10161),
  .UNSPECIFIED.,.F.,.F.,(3,3),(0.,1.),.PIECEWISE_BEZIER_KNOTS.);
#10159 = CARTESIAN_POINT('',(72.091086409396,13.408053691275,1.1));
#10160 = CARTESIAN_POINT('',(72.091086409396,13.696979865772,1.1));
#10161 = CARTESIAN_POINT('',(71.979802852349,13.84144295302,1.1));
#10162 = ORIENTED_EDGE('',*,*,#10163,.T.);
#10163 = EDGE_CURVE('',#10156,#10106,#10164,.T.);
#10164 = B_SPLINE_CURVE_WITH_KNOTS('',2,(#10165,#10166,#10167),
  .UNSPECIFIED.,.F.,.F.,(3,3),(0.,1.),.PIECEWISE_BEZIER_KNOTS.);
#10165 = CARTESIAN_POINT('',(71.979802852349,13.84144295302,1.1));
#10166 = CARTESIAN_POINT('',(71.868666107383,13.985906040268,1.1));
#10167 = CARTESIAN_POINT('',(71.644043624161,13.985906040268,1.1));
#10168 = PLANE('',#10169);
#10169 = AXIS2_PLACEMENT_3D('',#10170,#10171,#10172);
#10170 = CARTESIAN_POINT('',(71.639344623718,14.030025079091,1.1));
#10171 = DIRECTION('',(0.,0.,1.));
#10172 = DIRECTION('',(1.,0.,0.));
#10173 = ADVANCED_FACE('',(#10174),#10183,.T.);
#10174 = FACE_BOUND('',#10175,.F.);
#10175 = EDGE_LOOP('',(#10176,#10177,#10178,#10179,#10180,#10181,#10182)
  );
#10176 = ORIENTED_EDGE('',*,*,#7744,.T.);
#10177 = ORIENTED_EDGE('',*,*,#7895,.T.);
#10178 = ORIENTED_EDGE('',*,*,#7871,.T.);
#10179 = ORIENTED_EDGE('',*,*,#7847,.T.);
#10180 = ORIENTED_EDGE('',*,*,#7823,.T.);
#10181 = ORIENTED_EDGE('',*,*,#7799,.T.);
#10182 = ORIENTED_EDGE('',*,*,#7775,.T.);
#10183 = PLANE('',#10184);
#10184 = AXIS2_PLACEMENT_3D('',#10185,#10186,#10187);
#10185 = CARTESIAN_POINT('',(83.584871030161,14.348959721681,1.1));
#10186 = DIRECTION('',(0.,0.,1.));
#10187 = DIRECTION('',(1.,0.,0.));
#10188 = ADVANCED_FACE('',(#10189),#10203,.T.);
#10189 = FACE_BOUND('',#10190,.T.);
#10190 = EDGE_LOOP('',(#10191,#10192,#10193,#10194,#10195,#10196,#10197,
    #10198,#10199,#10200,#10201,#10202));
#10191 = ORIENTED_EDGE('',*,*,#8017,.F.);
#10192 = ORIENTED_EDGE('',*,*,#7977,.F.);
#10193 = ORIENTED_EDGE('',*,*,#7921,.T.);
#10194 = ORIENTED_EDGE('',*,*,#7943,.F.);
#10195 = ORIENTED_EDGE('',*,*,#8001,.T.);
#10196 = ORIENTED_EDGE('',*,*,#8039,.T.);
#10197 = ORIENTED_EDGE('',*,*,#8089,.T.);
#10198 = ORIENTED_EDGE('',*,*,#8145,.T.);
#10199 = ORIENTED_EDGE('',*,*,#8185,.F.);
#10200 = ORIENTED_EDGE('',*,*,#8159,.T.);
#10201 = ORIENTED_EDGE('',*,*,#8121,.F.);
#10202 = ORIENTED_EDGE('',*,*,#8063,.F.);
#10203 = PLANE('',#10204);
#10204 = AXIS2_PLACEMENT_3D('',#10205,#10206,#10207);
#10205 = CARTESIAN_POINT('',(7.,21.,9.1));
#10206 = DIRECTION('',(0.,0.,1.));
#10207 = DIRECTION('',(1.,0.,-0.));
#10208 = ADVANCED_FACE('',(#10209),#10223,.T.);
#10209 = FACE_BOUND('',#10210,.T.);
#10210 = EDGE_LOOP('',(#10211,#10212,#10213,#10214,#10215,#10216,#10217,
    #10218,#10219,#10220,#10221,#10222));
#10211 = ORIENTED_EDGE('',*,*,#8305,.F.);
#10212 = ORIENTED_EDGE('',*,*,#8265,.F.);
#10213 = ORIENTED_EDGE('',*,*,#8209,.T.);
#10214 = ORIENTED_EDGE('',*,*,#8231,.F.);
#10215 = ORIENTED_EDGE('',*,*,#8289,.T.);
#10216 = ORIENTED_EDGE('',*,*,#8327,.T.);
#10217 = ORIENTED_EDGE('',*,*,#8377,.T.);
#10218 = ORIENTED_EDGE('',*,*,#8433,.T.);
#10219 = ORIENTED_EDGE('',*,*,#8473,.F.);
#10220 = ORIENTED_EDGE('',*,*,#8447,.T.);
#10221 = ORIENTED_EDGE('',*,*,#8409,.F.);
#10222 = ORIENTED_EDGE('',*,*,#8351,.F.);
#10223 = PLANE('',#10224);
#10224 = AXIS2_PLACEMENT_3D('',#10225,#10226,#10227);
#10225 = CARTESIAN_POINT('',(19.,21.,9.1));
#10226 = DIRECTION('',(0.,0.,1.));
#10227 = DIRECTION('',(1.,0.,-0.));
#10228 = ADVANCED_FACE('',(#10229),#10243,.T.);
#10229 = FACE_BOUND('',#10230,.T.);
#10230 = EDGE_LOOP('',(#10231,#10232,#10233,#10234,#10235,#10236,#10237,
    #10238,#10239,#10240,#10241,#10242));
#10231 = ORIENTED_EDGE('',*,*,#8593,.F.);
#10232 = ORIENTED_EDGE('',*,*,#8553,.F.);
#10233 = ORIENTED_EDGE('',*,*,#8497,.T.);
#10234 = ORIENTED_EDGE('',*,*,#8519,.F.);
#10235 = ORIENTED_EDGE('',*,*,#8577,.T.);
#10236 = ORIENTED_EDGE('',*,*,#8615,.T.);
#10237 = ORIENTED_EDGE('',*,*,#8665,.T.);
#10238 = ORIENTED_EDGE('',*,*,#8721,.T.);
#10239 = ORIENTED_EDGE('',*,*,#8761,.F.);
#10240 = ORIENTED_EDGE('',*,*,#8735,.T.);
#10241 = ORIENTED_EDGE('',*,*,#8697,.F.);
#10242 = ORIENTED_EDGE('',*,*,#8639,.F.);
#10243 = PLANE('',#10244);
#10244 = AXIS2_PLACEMENT_3D('',#10245,#10246,#10247);
#10245 = CARTESIAN_POINT('',(31.,21.,9.1));
#10246 = DIRECTION('',(0.,0.,1.));
#10247 = DIRECTION('',(1.,0.,-0.));
#10248 = ADVANCED_FACE('',(#10249),#10263,.T.);
#10249 = FACE_BOUND('',#10250,.T.);
#10250 = EDGE_LOOP('',(#10251,#10252,#10253,#10254,#10255,#10256,#10257,
    #10258,#10259,#10260,#10261,#10262));
#10251 = ORIENTED_EDGE('',*,*,#8881,.F.);
#10252 = ORIENTED_EDGE('',*,*,#8841,.F.);
#10253 = ORIENTED_EDGE('',*,*,#8785,.T.);
#10254 = ORIENTED_EDGE('',*,*,#8807,.F.);
#10255 = ORIENTED_EDGE('',*,*,#8865,.T.);
#10256 = ORIENTED_EDGE('',*,*,#8903,.T.);
#10257 = ORIENTED_EDGE('',*,*,#8953,.T.);
#10258 = ORIENTED_EDGE('',*,*,#9009,.T.);
#10259 = ORIENTED_EDGE('',*,*,#9049,.F.);
#10260 = ORIENTED_EDGE('',*,*,#9023,.T.);
#10261 = ORIENTED_EDGE('',*,*,#8985,.F.);
#10262 = ORIENTED_EDGE('',*,*,#8927,.F.);
#10263 = PLANE('',#10264);
#10264 = AXIS2_PLACEMENT_3D('',#10265,#10266,#10267);
#10265 = CARTESIAN_POINT('',(43.,21.,9.1));
#10266 = DIRECTION('',(0.,0.,1.));
#10267 = DIRECTION('',(1.,0.,-0.));
#10268 = ADVANCED_FACE('',(#10269),#10283,.T.);
#10269 = FACE_BOUND('',#10270,.T.);
#10270 = EDGE_LOOP('',(#10271,#10272,#10273,#10274,#10275,#10276,#10277,
    #10278,#10279,#10280,#10281,#10282));
#10271 = ORIENTED_EDGE('',*,*,#9169,.F.);
#10272 = ORIENTED_EDGE('',*,*,#9129,.F.);
#10273 = ORIENTED_EDGE('',*,*,#9073,.T.);
#10274 = ORIENTED_EDGE('',*,*,#9095,.F.);
#10275 = ORIENTED_EDGE('',*,*,#9153,.T.);
#10276 = ORIENTED_EDGE('',*,*,#9191,.T.);
#10277 = ORIENTED_EDGE('',*,*,#9241,.T.);
#10278 = ORIENTED_EDGE('',*,*,#9297,.T.);
#10279 = ORIENTED_EDGE('',*,*,#9337,.F.);
#10280 = ORIENTED_EDGE('',*,*,#9311,.T.);
#10281 = ORIENTED_EDGE('',*,*,#9273,.F.);
#10282 = ORIENTED_EDGE('',*,*,#9215,.F.);
#10283 = PLANE('',#10284);
#10284 = AXIS2_PLACEMENT_3D('',#10285,#10286,#10287);
#10285 = CARTESIAN_POINT('',(55.,21.,9.1));
#10286 = DIRECTION('',(0.,0.,1.));
#10287 = DIRECTION('',(1.,0.,-0.));
#10288 = ADVANCED_FACE('',(#10289),#10303,.T.);
#10289 = FACE_BOUND('',#10290,.T.);
#10290 = EDGE_LOOP('',(#10291,#10292,#10293,#10294,#10295,#10296,#10297,
    #10298,#10299,#10300,#10301,#10302));
#10291 = ORIENTED_EDGE('',*,*,#9457,.F.);
#10292 = ORIENTED_EDGE('',*,*,#9417,.F.);
#10293 = ORIENTED_EDGE('',*,*,#9361,.T.);
#10294 = ORIENTED_EDGE('',*,*,#9383,.F.);
#10295 = ORIENTED_EDGE('',*,*,#9441,.T.);
#10296 = ORIENTED_EDGE('',*,*,#9479,.T.);
#10297 = ORIENTED_EDGE('',*,*,#9529,.T.);
#10298 = ORIENTED_EDGE('',*,*,#9585,.T.);
#10299 = ORIENTED_EDGE('',*,*,#9625,.F.);
#10300 = ORIENTED_EDGE('',*,*,#9599,.T.);
#10301 = ORIENTED_EDGE('',*,*,#9561,.F.);
#10302 = ORIENTED_EDGE('',*,*,#9503,.F.);
#10303 = PLANE('',#10304);
#10304 = AXIS2_PLACEMENT_3D('',#10305,#10306,#10307);
#10305 = CARTESIAN_POINT('',(67.,21.,9.1));
#10306 = DIRECTION('',(0.,0.,1.));
#10307 = DIRECTION('',(1.,0.,-0.));
#10308 = ADVANCED_FACE('',(#10309),#10323,.T.);
#10309 = FACE_BOUND('',#10310,.T.);
#10310 = EDGE_LOOP('',(#10311,#10312,#10313,#10314,#10315,#10316,#10317,
    #10318,#10319,#10320,#10321,#10322));
#10311 = ORIENTED_EDGE('',*,*,#9745,.F.);
#10312 = ORIENTED_EDGE('',*,*,#9705,.F.);
#10313 = ORIENTED_EDGE('',*,*,#9649,.T.);
#10314 = ORIENTED_EDGE('',*,*,#9671,.F.);
#10315 = ORIENTED_EDGE('',*,*,#9729,.T.);
#10316 = ORIENTED_EDGE('',*,*,#9767,.T.);
#10317 = ORIENTED_EDGE('',*,*,#9817,.T.);
#10318 = ORIENTED_EDGE('',*,*,#9873,.T.);
#10319 = ORIENTED_EDGE('',*,*,#9913,.F.);
#10320 = ORIENTED_EDGE('',*,*,#9887,.T.);
#10321 = ORIENTED_EDGE('',*,*,#9849,.F.);
#10322 = ORIENTED_EDGE('',*,*,#9791,.F.);
#10323 = PLANE('',#10324);
#10324 = AXIS2_PLACEMENT_3D('',#10325,#10326,#10327);
#10325 = CARTESIAN_POINT('',(79.,21.,9.1));
#10326 = DIRECTION('',(0.,0.,1.));
#10327 = DIRECTION('',(1.,0.,-0.));
#10328 = ADVANCED_FACE('',(#10329),#10354,.F.);
#10329 = FACE_BOUND('',#10330,.F.);
#10330 = EDGE_LOOP('',(#10331,#10332,#10340,#10348));
#10331 = ORIENTED_EDGE('',*,*,#10024,.F.);
#10332 = ORIENTED_EDGE('',*,*,#10333,.T.);
#10333 = EDGE_CURVE('',#10025,#10334,#10336,.T.);
#10334 = VERTEX_POINT('',#10335);
#10335 = CARTESIAN_POINT('',(47.693592701342,14.945469798658,1.6));
#10336 = LINE('',#10337,#10338);
#10337 = CARTESIAN_POINT('',(47.693592701342,14.945469798658,1.1));
#10338 = VECTOR('',#10339,1.);
#10339 = DIRECTION('',(0.,0.,1.));
#10340 = ORIENTED_EDGE('',*,*,#10341,.F.);
#10341 = EDGE_CURVE('',#10342,#10334,#10344,.T.);
#10342 = VERTEX_POINT('',#10343);
#10343 = CARTESIAN_POINT('',(46.764272231544,13.567785234899,1.6));
#10344 = LINE('',#10345,#10346);
#10345 = CARTESIAN_POINT('',(36.771726727469,-1.245808289624,1.6));
#10346 = VECTOR('',#10347,1.);
#10347 = DIRECTION('',(0.559217924246,0.82902069528,-0.));
#10348 = ORIENTED_EDGE('',*,*,#10349,.F.);
#10349 = EDGE_CURVE('',#10027,#10342,#10350,.T.);
#10350 = LINE('',#10351,#10352);
#10351 = CARTESIAN_POINT('',(46.764272231544,13.567785234899,1.1));
#10352 = VECTOR('',#10353,1.);
#10353 = DIRECTION('',(0.,0.,1.));
#10354 = PLANE('',#10355);
#10355 = AXIS2_PLACEMENT_3D('',#10356,#10357,#10358);
#10356 = CARTESIAN_POINT('',(47.693592701342,14.945469798658,1.1));
#10357 = DIRECTION('',(0.82902069528,-0.559217924246,0.));
#10358 = DIRECTION('',(-0.559217924246,-0.82902069528,0.));
#10359 = ADVANCED_FACE('',(#10360),#10378,.F.);
#10360 = FACE_BOUND('',#10361,.F.);
#10361 = EDGE_LOOP('',(#10362,#10363,#10364,#10372));
#10362 = ORIENTED_EDGE('',*,*,#10034,.F.);
#10363 = ORIENTED_EDGE('',*,*,#10349,.T.);
#10364 = ORIENTED_EDGE('',*,*,#10365,.F.);
#10365 = EDGE_CURVE('',#10366,#10342,#10368,.T.);
#10366 = VERTEX_POINT('',#10367);
#10367 = CARTESIAN_POINT('',(47.693592701342,13.567785234899,1.6));
#10368 = LINE('',#10369,#10370);
#10369 = CARTESIAN_POINT('',(23.382136115772,13.567785234899,1.6));
#10370 = VECTOR('',#10371,1.);
#10371 = DIRECTION('',(-1.,0.,0.));
#10372 = ORIENTED_EDGE('',*,*,#10373,.F.);
#10373 = EDGE_CURVE('',#10035,#10366,#10374,.T.);
#10374 = LINE('',#10375,#10376);
#10375 = CARTESIAN_POINT('',(47.693592701342,13.567785234899,1.1));
#10376 = VECTOR('',#10377,1.);
#10377 = DIRECTION('',(0.,0.,1.));
#10378 = PLANE('',#10379);
#10379 = AXIS2_PLACEMENT_3D('',#10380,#10381,#10382);
#10380 = CARTESIAN_POINT('',(46.764272231544,13.567785234899,1.1));
#10381 = DIRECTION('',(0.,1.,0.));
#10382 = DIRECTION('',(1.,0.,0.));
#10383 = ADVANCED_FACE('',(#10384),#10395,.F.);
#10384 = FACE_BOUND('',#10385,.F.);
#10385 = EDGE_LOOP('',(#10386,#10387,#10388,#10394));
#10386 = ORIENTED_EDGE('',*,*,#10042,.F.);
#10387 = ORIENTED_EDGE('',*,*,#10373,.T.);
#10388 = ORIENTED_EDGE('',*,*,#10389,.F.);
#10389 = EDGE_CURVE('',#10334,#10366,#10390,.T.);
#10390 = LINE('',#10391,#10392);
#10391 = CARTESIAN_POINT('',(47.693592701342,6.78389261745,1.6));
#10392 = VECTOR('',#10393,1.);
#10393 = DIRECTION('',(0.,-1.,0.));
#10394 = ORIENTED_EDGE('',*,*,#10333,.F.);
#10395 = PLANE('',#10396);
#10396 = AXIS2_PLACEMENT_3D('',#10397,#10398,#10399);
#10397 = CARTESIAN_POINT('',(47.693592701342,13.567785234899,1.1));
#10398 = DIRECTION('',(-1.,0.,0.));
#10399 = DIRECTION('',(0.,1.,0.));
#10400 = ADVANCED_FACE('',(#10401),#10433,.F.);
#10401 = FACE_BOUND('',#10402,.F.);
#10402 = EDGE_LOOP('',(#10403,#10404,#10412,#10427));
#10403 = ORIENTED_EDGE('',*,*,#10105,.F.);
#10404 = ORIENTED_EDGE('',*,*,#10405,.T.);
#10405 = EDGE_CURVE('',#10106,#10406,#10408,.T.);
#10406 = VERTEX_POINT('',#10407);
#10407 = CARTESIAN_POINT('',(71.644043624161,13.985906040268,1.6));
#10408 = LINE('',#10409,#10410);
#10409 = CARTESIAN_POINT('',(71.644043624161,13.985906040268,1.1));
#10410 = VECTOR('',#10411,1.);
#10411 = DIRECTION('',(0.,0.,1.));
#10412 = ORIENTED_EDGE('',*,*,#10413,.F.);
#10413 = EDGE_CURVE('',#10414,#10406,#10416,.T.);
#10414 = VERTEX_POINT('',#10415);
#10415 = CARTESIAN_POINT('',(71.310339765101,13.84144295302,1.6));
#10416 = B_SPLINE_CURVE_WITH_KNOTS('',5,(#10417,#10418,#10419,#10420,
    #10421,#10422,#10423,#10424,#10425,#10426),.UNSPECIFIED.,.F.,.F.,(6,
    4,6),(0.,0.254207050833,1.),.UNSPECIFIED.);
#10417 = CARTESIAN_POINT('',(71.310339765101,13.84144295302,1.6));
#10418 = CARTESIAN_POINT('',(71.321705967458,13.856198023098,1.6));
#10419 = CARTESIAN_POINT('',(71.333818575802,13.870039516574,1.6));
#10420 = CARTESIAN_POINT('',(71.346676107351,13.882950918599,1.6));
#10421 = CARTESIAN_POINT('',(71.36027315834,13.894920340704,1.6));
#10422 = CARTESIAN_POINT('',(71.416633694526,13.93827153834,1.6));
#10423 = CARTESIAN_POINT('',(71.464957246095,13.962436593309,1.6));
#10424 = CARTESIAN_POINT('',(71.519322655562,13.978238212973,1.6));
#10425 = CARTESIAN_POINT('',(71.579226263296,13.985906040268,1.6));
#10426 = CARTESIAN_POINT('',(71.644043624161,13.985906040268,1.6));
#10427 = ORIENTED_EDGE('',*,*,#10428,.F.);
#10428 = EDGE_CURVE('',#10108,#10414,#10429,.T.);
#10429 = LINE('',#10430,#10431);
#10430 = CARTESIAN_POINT('',(71.310339765101,13.84144295302,1.1));
#10431 = VECTOR('',#10432,1.);
#10432 = DIRECTION('',(0.,0.,1.));
#10433 = SURFACE_OF_LINEAR_EXTRUSION('',#10434,#10438);
#10434 = B_SPLINE_CURVE_WITH_KNOTS('',2,(#10435,#10436,#10437),
  .UNSPECIFIED.,.F.,.F.,(3,3),(0.,1.),.PIECEWISE_BEZIER_KNOTS.);
#10435 = CARTESIAN_POINT('',(71.644043624161,13.985906040268,1.1));
#10436 = CARTESIAN_POINT('',(71.421623322148,13.985906040268,1.1));
#10437 = CARTESIAN_POINT('',(71.310339765101,13.84144295302,1.1));
#10438 = VECTOR('',#10439,1.);
#10439 = DIRECTION('',(-0.,-0.,-1.));
#10440 = ADVANCED_FACE('',(#10441),#10463,.F.);
#10441 = FACE_BOUND('',#10442,.F.);
#10442 = EDGE_LOOP('',(#10443,#10444,#10445,#10457));
#10443 = ORIENTED_EDGE('',*,*,#10115,.F.);
#10444 = ORIENTED_EDGE('',*,*,#10428,.T.);
#10445 = ORIENTED_EDGE('',*,*,#10446,.F.);
#10446 = EDGE_CURVE('',#10447,#10414,#10449,.T.);
#10447 = VERTEX_POINT('',#10448);
#10448 = CARTESIAN_POINT('',(71.199203020134,13.408053691275,1.6));
#10449 = B_SPLINE_CURVE_WITH_KNOTS('',6,(#10450,#10451,#10452,#10453,
    #10454,#10455,#10456),.UNSPECIFIED.,.F.,.F.,(7,7),(0.,1.),
  .PIECEWISE_BEZIER_KNOTS.);
#10450 = CARTESIAN_POINT('',(71.199203020134,13.408053691275,1.6));
#10451 = CARTESIAN_POINT('',(71.199203020134,13.499791328166,1.6));
#10452 = CARTESIAN_POINT('',(71.205925510154,13.585002548861,1.6));
#10453 = CARTESIAN_POINT('',(71.219978348097,13.662710084101,1.6));
#10454 = CARTESIAN_POINT('',(71.241902204618,13.73190122998,1.6));
#10455 = CARTESIAN_POINT('',(71.272045652773,13.791665665661,1.6));
#10456 = CARTESIAN_POINT('',(71.310339765101,13.84144295302,1.6));
#10457 = ORIENTED_EDGE('',*,*,#10458,.F.);
#10458 = EDGE_CURVE('',#10116,#10447,#10459,.T.);
#10459 = LINE('',#10460,#10461);
#10460 = CARTESIAN_POINT('',(71.199203020134,13.408053691275,1.1));
#10461 = VECTOR('',#10462,1.);
#10462 = DIRECTION('',(0.,0.,1.));
#10463 = SURFACE_OF_LINEAR_EXTRUSION('',#10464,#10468);
#10464 = B_SPLINE_CURVE_WITH_KNOTS('',2,(#10465,#10466,#10467),
  .UNSPECIFIED.,.F.,.F.,(3,3),(0.,1.),.PIECEWISE_BEZIER_KNOTS.);
#10465 = CARTESIAN_POINT('',(71.310339765101,13.84144295302,1.1));
#10466 = CARTESIAN_POINT('',(71.199203020134,13.696979865772,1.1));
#10467 = CARTESIAN_POINT('',(71.199203020134,13.408053691275,1.1));
#10468 = VECTOR('',#10469,1.);
#10469 = DIRECTION('',(-0.,-0.,-1.));
#10470 = ADVANCED_FACE('',(#10471),#10493,.F.);
#10471 = FACE_BOUND('',#10472,.F.);
#10472 = EDGE_LOOP('',(#10473,#10474,#10475,#10487));
#10473 = ORIENTED_EDGE('',*,*,#10123,.F.);
#10474 = ORIENTED_EDGE('',*,*,#10458,.T.);
#10475 = ORIENTED_EDGE('',*,*,#10476,.F.);
#10476 = EDGE_CURVE('',#10477,#10447,#10479,.T.);
#10477 = VERTEX_POINT('',#10478);
#10478 = CARTESIAN_POINT('',(71.310339765101,12.97466442953,1.6));
#10479 = B_SPLINE_CURVE_WITH_KNOTS('',6,(#10480,#10481,#10482,#10483,
    #10484,#10485,#10486),.UNSPECIFIED.,.F.,.F.,(7,7),(0.,1.),
  .PIECEWISE_BEZIER_KNOTS.);
#10480 = CARTESIAN_POINT('',(71.310339765101,12.97466442953,1.6));
#10481 = CARTESIAN_POINT('',(71.272045655586,13.024441713232,1.6));
#10482 = CARTESIAN_POINT('',(71.241902205526,13.084206148441,1.6));
#10483 = CARTESIAN_POINT('',(71.219978348043,13.153397296479,1.6));
#10484 = CARTESIAN_POINT('',(71.205925509544,13.231104834854,1.6));
#10485 = CARTESIAN_POINT('',(71.199203020134,13.316316058442,1.6));
#10486 = CARTESIAN_POINT('',(71.199203020134,13.408053691275,1.6));
#10487 = ORIENTED_EDGE('',*,*,#10488,.F.);
#10488 = EDGE_CURVE('',#10124,#10477,#10489,.T.);
#10489 = LINE('',#10490,#10491);
#10490 = CARTESIAN_POINT('',(71.310339765101,12.97466442953,1.1));
#10491 = VECTOR('',#10492,1.);
#10492 = DIRECTION('',(0.,0.,1.));
#10493 = SURFACE_OF_LINEAR_EXTRUSION('',#10494,#10498);
#10494 = B_SPLINE_CURVE_WITH_KNOTS('',2,(#10495,#10496,#10497),
  .UNSPECIFIED.,.F.,.F.,(3,3),(0.,1.),.PIECEWISE_BEZIER_KNOTS.);
#10495 = CARTESIAN_POINT('',(71.199203020134,13.408053691275,1.1));
#10496 = CARTESIAN_POINT('',(71.199203020134,13.119127516779,1.1));
#10497 = CARTESIAN_POINT('',(71.310339765101,12.97466442953,1.1));
#10498 = VECTOR('',#10499,1.);
#10499 = DIRECTION('',(-0.,-0.,-1.));
#10500 = ADVANCED_FACE('',(#10501),#10526,.F.);
#10501 = FACE_BOUND('',#10502,.F.);
#10502 = EDGE_LOOP('',(#10503,#10504,#10505,#10520));
#10503 = ORIENTED_EDGE('',*,*,#10131,.F.);
#10504 = ORIENTED_EDGE('',*,*,#10488,.T.);
#10505 = ORIENTED_EDGE('',*,*,#10506,.F.);
#10506 = EDGE_CURVE('',#10507,#10477,#10509,.T.);
#10507 = VERTEX_POINT('',#10508);
#10508 = CARTESIAN_POINT('',(71.644043624161,12.830201342282,1.6));
#10509 = B_SPLINE_CURVE_WITH_KNOTS('',5,(#10510,#10511,#10512,#10513,
    #10514,#10515,#10516,#10517,#10518,#10519),.UNSPECIFIED.,.F.,.F.,(6,
    4,6),(0.,0.745792952027,1.),.UNSPECIFIED.);
#10510 = CARTESIAN_POINT('',(71.644043624161,12.830201342282,1.6));
#10511 = CARTESIAN_POINT('',(71.579226263292,12.830201342282,1.6));
#10512 = CARTESIAN_POINT('',(71.519322653401,12.837869169645,1.6));
#10513 = CARTESIAN_POINT('',(71.464957245714,12.853670790047,1.6));
#10514 = CARTESIAN_POINT('',(71.41663369516,12.877835843723,1.6));
#10515 = CARTESIAN_POINT('',(71.36027315834,12.921187041846,1.6));
#10516 = CARTESIAN_POINT('',(71.346676107351,12.933156463952,1.6));
#10517 = CARTESIAN_POINT('',(71.333818575802,12.946067865976,1.6));
#10518 = CARTESIAN_POINT('',(71.321705967458,12.959909359452,1.6));
#10519 = CARTESIAN_POINT('',(71.310339765101,12.97466442953,1.6));
#10520 = ORIENTED_EDGE('',*,*,#10521,.F.);
#10521 = EDGE_CURVE('',#10132,#10507,#10522,.T.);
#10522 = LINE('',#10523,#10524);
#10523 = CARTESIAN_POINT('',(71.644043624161,12.830201342282,1.1));
#10524 = VECTOR('',#10525,1.);
#10525 = DIRECTION('',(0.,0.,1.));
#10526 = SURFACE_OF_LINEAR_EXTRUSION('',#10527,#10531);
#10527 = B_SPLINE_CURVE_WITH_KNOTS('',2,(#10528,#10529,#10530),
  .UNSPECIFIED.,.F.,.F.,(3,3),(0.,1.),.PIECEWISE_BEZIER_KNOTS.);
#10528 = CARTESIAN_POINT('',(71.310339765101,12.97466442953,1.1));
#10529 = CARTESIAN_POINT('',(71.421623322148,12.830201342282,1.1));
#10530 = CARTESIAN_POINT('',(71.644043624161,12.830201342282,1.1));
#10531 = VECTOR('',#10532,1.);
#10532 = DIRECTION('',(-0.,-0.,-1.));
#10533 = ADVANCED_FACE('',(#10534),#10559,.F.);
#10534 = FACE_BOUND('',#10535,.F.);
#10535 = EDGE_LOOP('',(#10536,#10537,#10538,#10553));
#10536 = ORIENTED_EDGE('',*,*,#10139,.F.);
#10537 = ORIENTED_EDGE('',*,*,#10521,.T.);
#10538 = ORIENTED_EDGE('',*,*,#10539,.F.);
#10539 = EDGE_CURVE('',#10540,#10507,#10542,.T.);
#10540 = VERTEX_POINT('',#10541);
#10541 = CARTESIAN_POINT('',(71.979802852349,12.97466442953,1.6));
#10542 = B_SPLINE_CURVE_WITH_KNOTS('',5,(#10543,#10544,#10545,#10546,
    #10547,#10548,#10549,#10550,#10551,#10552),.UNSPECIFIED.,.F.,.F.,(6,
    4,6),(0.,0.242159727397,1.),.UNSPECIFIED.);
#10543 = CARTESIAN_POINT('',(71.979802852349,12.97466442953,1.6));
#10544 = CARTESIAN_POINT('',(71.968981703689,12.960598365751,1.6));
#10545 = CARTESIAN_POINT('',(71.957468905773,12.947363292077,1.6));
#10546 = CARTESIAN_POINT('',(71.945265885702,12.934973468716,1.6));
#10547 = CARTESIAN_POINT('',(71.932377419857,12.923439272587,1.6));
#10548 = CARTESIAN_POINT('',(71.87635742797,12.879368875802,1.6));
#10549 = CARTESIAN_POINT('',(71.827263849859,12.85440920987,1.6));
#10550 = CARTESIAN_POINT('',(71.771794252436,12.838103545398,1.6));
#10551 = CARTESIAN_POINT('',(71.710495571699,12.830201342282,1.6));
#10552 = CARTESIAN_POINT('',(71.644043624161,12.830201342282,1.6));
#10553 = ORIENTED_EDGE('',*,*,#10554,.F.);
#10554 = EDGE_CURVE('',#10140,#10540,#10555,.T.);
#10555 = LINE('',#10556,#10557);
#10556 = CARTESIAN_POINT('',(71.979802852349,12.97466442953,1.1));
#10557 = VECTOR('',#10558,1.);
#10558 = DIRECTION('',(0.,0.,1.));
#10559 = SURFACE_OF_LINEAR_EXTRUSION('',#10560,#10564);
#10560 = B_SPLINE_CURVE_WITH_KNOTS('',2,(#10561,#10562,#10563),
  .UNSPECIFIED.,.F.,.F.,(3,3),(0.,1.),.PIECEWISE_BEZIER_KNOTS.);
#10561 = CARTESIAN_POINT('',(71.644043624161,12.830201342282,1.1));
#10562 = CARTESIAN_POINT('',(71.868666107383,12.830201342282,1.1));
#10563 = CARTESIAN_POINT('',(71.979802852349,12.97466442953,1.1));
#10564 = VECTOR('',#10565,1.);
#10565 = DIRECTION('',(-0.,-0.,-1.));
#10566 = ADVANCED_FACE('',(#10567),#10589,.F.);
#10567 = FACE_BOUND('',#10568,.F.);
#10568 = EDGE_LOOP('',(#10569,#10570,#10571,#10583));
#10569 = ORIENTED_EDGE('',*,*,#10147,.F.);
#10570 = ORIENTED_EDGE('',*,*,#10554,.T.);
#10571 = ORIENTED_EDGE('',*,*,#10572,.F.);
#10572 = EDGE_CURVE('',#10573,#10540,#10575,.T.);
#10573 = VERTEX_POINT('',#10574);
#10574 = CARTESIAN_POINT('',(72.091086409396,13.408053691275,1.6));
#10575 = B_SPLINE_CURVE_WITH_KNOTS('',6,(#10576,#10577,#10578,#10579,
    #10580,#10581,#10582),.UNSPECIFIED.,.F.,.F.,(7,7),(0.,1.),
  .PIECEWISE_BEZIER_KNOTS.);
#10576 = CARTESIAN_POINT('',(72.091086409396,13.408053691275,1.6));
#10577 = CARTESIAN_POINT('',(72.091086409396,13.316314403296,1.6));
#10578 = CARTESIAN_POINT('',(72.08435479639,13.231101676196,1.6));
#10579 = CARTESIAN_POINT('',(72.070282853353,13.153393414742,1.6));
#10580 = CARTESIAN_POINT('',(72.048329405286,13.084202690717,1.6));
#10581 = CARTESIAN_POINT('',(72.018146036777,13.02443975074,1.6));
#10582 = CARTESIAN_POINT('',(71.979802852349,12.97466442953,1.6));
#10583 = ORIENTED_EDGE('',*,*,#10584,.F.);
#10584 = EDGE_CURVE('',#10148,#10573,#10585,.T.);
#10585 = LINE('',#10586,#10587);
#10586 = CARTESIAN_POINT('',(72.091086409396,13.408053691275,1.1));
#10587 = VECTOR('',#10588,1.);
#10588 = DIRECTION('',(0.,0.,1.));
#10589 = SURFACE_OF_LINEAR_EXTRUSION('',#10590,#10594);
#10590 = B_SPLINE_CURVE_WITH_KNOTS('',2,(#10591,#10592,#10593),
  .UNSPECIFIED.,.F.,.F.,(3,3),(0.,1.),.PIECEWISE_BEZIER_KNOTS.);
#10591 = CARTESIAN_POINT('',(71.979802852349,12.97466442953,1.1));
#10592 = CARTESIAN_POINT('',(72.091086409396,13.119127516779,1.1));
#10593 = CARTESIAN_POINT('',(72.091086409396,13.408053691275,1.1));
#10594 = VECTOR('',#10595,1.);
#10595 = DIRECTION('',(-0.,-0.,-1.));
#10596 = ADVANCED_FACE('',(#10597),#10619,.F.);
#10597 = FACE_BOUND('',#10598,.F.);
#10598 = EDGE_LOOP('',(#10599,#10600,#10601,#10613));
#10599 = ORIENTED_EDGE('',*,*,#10155,.F.);
#10600 = ORIENTED_EDGE('',*,*,#10584,.T.);
#10601 = ORIENTED_EDGE('',*,*,#10602,.F.);
#10602 = EDGE_CURVE('',#10603,#10573,#10605,.T.);
#10603 = VERTEX_POINT('',#10604);
#10604 = CARTESIAN_POINT('',(71.979802852349,13.84144295302,1.6));
#10605 = B_SPLINE_CURVE_WITH_KNOTS('',6,(#10606,#10607,#10608,#10609,
    #10610,#10611,#10612),.UNSPECIFIED.,.F.,.F.,(7,7),(0.,1.),
  .PIECEWISE_BEZIER_KNOTS.);
#10606 = CARTESIAN_POINT('',(71.979802852349,13.84144295302,1.6));
#10607 = CARTESIAN_POINT('',(72.018146034968,13.791667634159,1.6));
#10608 = CARTESIAN_POINT('',(72.048329404596,13.731904694623,1.6));
#10609 = CARTESIAN_POINT('',(72.070282853355,13.66271396933,1.6));
#10610 = CARTESIAN_POINT('',(72.084354796837,13.58500570566,1.6));
#10611 = CARTESIAN_POINT('',(72.091086409396,13.49979297627,1.6));
#10612 = CARTESIAN_POINT('',(72.091086409396,13.408053691275,1.6));
#10613 = ORIENTED_EDGE('',*,*,#10614,.F.);
#10614 = EDGE_CURVE('',#10156,#10603,#10615,.T.);
#10615 = LINE('',#10616,#10617);
#10616 = CARTESIAN_POINT('',(71.979802852349,13.84144295302,1.1));
#10617 = VECTOR('',#10618,1.);
#10618 = DIRECTION('',(0.,0.,1.));
#10619 = SURFACE_OF_LINEAR_EXTRUSION('',#10620,#10624);
#10620 = B_SPLINE_CURVE_WITH_KNOTS('',2,(#10621,#10622,#10623),
  .UNSPECIFIED.,.F.,.F.,(3,3),(0.,1.),.PIECEWISE_BEZIER_KNOTS.);
#10621 = CARTESIAN_POINT('',(72.091086409396,13.408053691275,1.1));
#10622 = CARTESIAN_POINT('',(72.091086409396,13.696979865772,1.1));
#10623 = CARTESIAN_POINT('',(71.979802852349,13.84144295302,1.1));
#10624 = VECTOR('',#10625,1.);
#10625 = DIRECTION('',(-0.,-0.,-1.));
#10626 = ADVANCED_FACE('',(#10627),#10645,.F.);
#10627 = FACE_BOUND('',#10628,.F.);
#10628 = EDGE_LOOP('',(#10629,#10630,#10631,#10644));
#10629 = ORIENTED_EDGE('',*,*,#10163,.F.);
#10630 = ORIENTED_EDGE('',*,*,#10614,.T.);
#10631 = ORIENTED_EDGE('',*,*,#10632,.F.);
#10632 = EDGE_CURVE('',#10406,#10603,#10633,.T.);
#10633 = B_SPLINE_CURVE_WITH_KNOTS('',5,(#10634,#10635,#10636,#10637,
    #10638,#10639,#10640,#10641,#10642,#10643),.UNSPECIFIED.,.F.,.F.,(6,
    4,6),(0.,0.757840274984,1.),.UNSPECIFIED.);
#10634 = CARTESIAN_POINT('',(71.644043624161,13.985906040268,1.6));
#10635 = CARTESIAN_POINT('',(71.710495572221,13.985906040268,1.6));
#10636 = CARTESIAN_POINT('',(71.771794254523,13.978003836957,1.6));
#10637 = CARTESIAN_POINT('',(71.827263850093,13.961698172003,1.6));
#10638 = CARTESIAN_POINT('',(71.876357427419,13.936738507181,1.6));
#10639 = CARTESIAN_POINT('',(71.932377419857,13.892668109963,1.6));
#10640 = CARTESIAN_POINT('',(71.945265885702,13.881133913834,1.6));
#10641 = CARTESIAN_POINT('',(71.957468905773,13.868744090474,1.6));
#10642 = CARTESIAN_POINT('',(71.968981703689,13.8555090168,1.6));
#10643 = CARTESIAN_POINT('',(71.979802852349,13.84144295302,1.6));
#10644 = ORIENTED_EDGE('',*,*,#10405,.F.);
#10645 = SURFACE_OF_LINEAR_EXTRUSION('',#10646,#10650);
#10646 = B_SPLINE_CURVE_WITH_KNOTS('',2,(#10647,#10648,#10649),
  .UNSPECIFIED.,.F.,.F.,(3,3),(0.,1.),.PIECEWISE_BEZIER_KNOTS.);
#10647 = CARTESIAN_POINT('',(71.979802852349,13.84144295302,1.1));
#10648 = CARTESIAN_POINT('',(71.868666107383,13.985906040268,1.1));
#10649 = CARTESIAN_POINT('',(71.644043624161,13.985906040268,1.1));
#10650 = VECTOR('',#10651,1.);
#10651 = DIRECTION('',(-0.,-0.,-1.));
#10652 = ADVANCED_FACE('',(#10653),#10658,.T.);
#10653 = FACE_BOUND('',#10654,.T.);
#10654 = EDGE_LOOP('',(#10655,#10656,#10657));
#10655 = ORIENTED_EDGE('',*,*,#10341,.F.);
#10656 = ORIENTED_EDGE('',*,*,#10365,.F.);
#10657 = ORIENTED_EDGE('',*,*,#10389,.F.);
#10658 = PLANE('',#10659);
#10659 = AXIS2_PLACEMENT_3D('',#10660,#10661,#10662);
#10660 = CARTESIAN_POINT('',(0.,0.,1.6));
#10661 = DIRECTION('',(0.,0.,1.));
#10662 = DIRECTION('',(1.,0.,-0.));
#10663 = ADVANCED_FACE('',(#10664),#10674,.T.);
#10664 = FACE_BOUND('',#10665,.T.);
#10665 = EDGE_LOOP('',(#10666,#10667,#10668,#10669,#10670,#10671,#10672,
    #10673));
#10666 = ORIENTED_EDGE('',*,*,#10413,.F.);
#10667 = ORIENTED_EDGE('',*,*,#10446,.F.);
#10668 = ORIENTED_EDGE('',*,*,#10476,.F.);
#10669 = ORIENTED_EDGE('',*,*,#10506,.F.);
#10670 = ORIENTED_EDGE('',*,*,#10539,.F.);
#10671 = ORIENTED_EDGE('',*,*,#10572,.F.);
#10672 = ORIENTED_EDGE('',*,*,#10602,.F.);
#10673 = ORIENTED_EDGE('',*,*,#10632,.F.);
#10674 = PLANE('',#10675);
#10675 = AXIS2_PLACEMENT_3D('',#10676,#10677,#10678);
#10676 = CARTESIAN_POINT('',(0.,0.,1.6));
#10677 = DIRECTION('',(0.,0.,1.));
#10678 = DIRECTION('',(1.,0.,-0.));
#10679 = ( GEOMETRIC_REPRESENTATION_CONTEXT(3) 
GLOBAL_UNCERTAINTY_ASSIGNED_CONTEXT((#10683)) 
GLOBAL_UNIT_ASSIGNED_CONTEXT((#10680,#10681,#10682)) 
REPRESENTATION_CONTEXT('Context #1',
  '3D Context with UNIT and UNCERTAINTY') );
#10680 = ( LENGTH_UNIT() NAMED_UNIT(*) SI_UNIT(.MILLI.,.METRE.) );
#10681 = ( NAMED_UNIT(*) PLANE_ANGLE_UNIT() SI_UNIT($,.RADIAN.) );
#10682 = ( NAMED_UNIT(*) SI_UNIT($,.STERADIAN.) SOLID_ANGLE_UNIT() );
#10683 = UNCERTAINTY_MEASURE_WITH_UNIT(LENGTH_MEASURE(1.E-06),#10680,
  'distance_accuracy_value','confusion accuracy');
#10684 = PRODUCT_RELATED_PRODUCT_CATEGORY('part',$,(#7));
ENDSEC;
END-ISO-10303-21;
