ISO-10303-21;
HEADER;
FILE_DESCRIPTION(('FreeCAD Model'),'2;1');
FILE_NAME('Open CASCADE Shape Model','2026-10-06T23:34:22',('Author'),(
    ''),'Open CASCADE STEP processor 7.8','FreeCAD','Unknown');
FILE_SCHEMA(('AUTOMOTIVE_DESIGN { 1 0 10303 214 1 1 1 1 }'));
ENDSEC;
DATA;
#1 = APPLICATION_PROTOCOL_DEFINITION('international standard',
  'automotive_design',2000,#2);
#2 = APPLICATION_CONTEXT(
  'core data for automotive mechanical design processes');
#3 = SHAPE_DEFINITION_REPRESENTATION(#4,#10);
#4 = PRODUCT_DEFINITION_SHAPE('','',#5);
#5 = PRODUCT_DEFINITION('design','',#6,#9);
#6 = PRODUCT_DEFINITION_FORMATION('','',#7);
#7 = PRODUCT('FT7_Sleeves','FT7_Sleeves','',(#8));
#8 = PRODUCT_CONTEXT('',#2,'mechanical');
#9 = PRODUCT_DEFINITION_CONTEXT('part definition',#2,'design');
#10 = SHAPE_REPRESENTATION('',(#11,#15,#5179,#5257),#5335);
#11 = AXIS2_PLACEMENT_3D('',#12,#13,#14);
#12 = CARTESIAN_POINT('',(0.,0.,0.));
#13 = DIRECTION('',(0.,0.,1.));
#14 = DIRECTION('',(1.,0.,-0.));
#15 = MANIFOLD_SOLID_BREP('',#16);
#16 = CLOSED_SHELL('',(#17,#57,#88,#1131,#1155,#1172,#1203,#1227,#1251,
    #1275,#1299,#1323,#1347,#1371,#1395,#1419,#1436,#1467,#1493,#1517,
    #1543,#1567,#1593,#1617,#1643,#1667,#1693,#1717,#1743,#1769,#1793,
    #1819,#1845,#1871,#1897,#1916,#1949,#1975,#2001,#2027,#2053,#2079,
    #2105,#2131,#2157,#2183,#2209,#2233,#2259,#2285,#2309,#2335,#2361,
    #2387,#2413,#2439,#2465,#2491,#2517,#2543,#2569,#2593,#2619,#2643,
    #2660,#2691,#2715,#2739,#2763,#2787,#2811,#2835,#2859,#2883,#2907,
    #2924,#2955,#2981,#3005,#3031,#3055,#3081,#3105,#3131,#3155,#3181,
    #3207,#3233,#3259,#3285,#3311,#3337,#3363,#3387,#3413,#3439,#3465,
    #3484,#3517,#3543,#3567,#3593,#3619,#3645,#3671,#3697,#3723,#3749,
    #3775,#3801,#3827,#3853,#3879,#3905,#3924,#3955,#3979,#4003,#4027,
    #4051,#4075,#4092,#4117,#4142,#4167,#4192,#4217,#4242,#4267,#4286,
    #4313,#4350,#4395,#4425,#4516,#4531,#4551,#4571,#4591,#4611,#4631,
    #4651,#4671,#4702,#4726,#4743,#4776,#4802,#4828,#4854,#4880,#4906,
    #4932,#4951,#4962,#4978,#5067,#5083,#5099,#5115,#5131,#5147,#5163));
#17 = ADVANCED_FACE('',(#18),#52,.F.);
#18 = FACE_BOUND('',#19,.F.);
#19 = EDGE_LOOP('',(#20,#30,#38,#46));
#20 = ORIENTED_EDGE('',*,*,#21,.F.);
#21 = EDGE_CURVE('',#22,#24,#26,.T.);
#22 = VERTEX_POINT('',#23);
#23 = CARTESIAN_POINT('',(0.,0.,0.));
#24 = VERTEX_POINT('',#25);
#25 = CARTESIAN_POINT('',(0.,0.,0.8));
#26 = LINE('',#27,#28);
#27 = CARTESIAN_POINT('',(0.,0.,0.));
#28 = VECTOR('',#29,1.);
#29 = DIRECTION('',(0.,0.,1.));
#30 = ORIENTED_EDGE('',*,*,#31,.T.);
#31 = EDGE_CURVE('',#22,#32,#34,.T.);
#32 = VERTEX_POINT('',#33);
#33 = CARTESIAN_POINT('',(0.,22.,0.));
#34 = LINE('',#35,#36);
#35 = CARTESIAN_POINT('',(0.,0.,0.));
#36 = VECTOR('',#37,1.);
#37 = DIRECTION('',(-0.,1.,0.));
#38 = ORIENTED_EDGE('',*,*,#39,.T.);
#39 = EDGE_CURVE('',#32,#40,#42,.T.);
#40 = VERTEX_POINT('',#41);
#41 = CARTESIAN_POINT('',(0.,22.,0.8));
#42 = LINE('',#43,#44);
#43 = CARTESIAN_POINT('',(0.,22.,0.));
#44 = VECTOR('',#45,1.);
#45 = DIRECTION('',(0.,0.,1.));
#46 = ORIENTED_EDGE('',*,*,#47,.F.);
#47 = EDGE_CURVE('',#24,#40,#48,.T.);
#48 = LINE('',#49,#50);
#49 = CARTESIAN_POINT('',(0.,0.,0.8));
#50 = VECTOR('',#51,1.);
#51 = DIRECTION('',(-0.,1.,0.));
#52 = PLANE('',#53);
#53 = AXIS2_PLACEMENT_3D('',#54,#55,#56);
#54 = CARTESIAN_POINT('',(0.,0.,0.));
#55 = DIRECTION('',(1.,0.,-0.));
#56 = DIRECTION('',(0.,0.,1.));
#57 = ADVANCED_FACE('',(#58),#83,.F.);
#58 = FACE_BOUND('',#59,.F.);
#59 = EDGE_LOOP('',(#60,#68,#69,#77));
#60 = ORIENTED_EDGE('',*,*,#61,.F.);
#61 = EDGE_CURVE('',#22,#62,#64,.T.);
#62 = VERTEX_POINT('',#63);
#63 = CARTESIAN_POINT('',(86.,0.,0.));
#64 = LINE('',#65,#66);
#65 = CARTESIAN_POINT('',(0.,0.,0.));
#66 = VECTOR('',#67,1.);
#67 = DIRECTION('',(1.,0.,-0.));
#68 = ORIENTED_EDGE('',*,*,#21,.T.);
#69 = ORIENTED_EDGE('',*,*,#70,.T.);
#70 = EDGE_CURVE('',#24,#71,#73,.T.);
#71 = VERTEX_POINT('',#72);
#72 = CARTESIAN_POINT('',(86.,0.,0.8));
#73 = LINE('',#74,#75);
#74 = CARTESIAN_POINT('',(0.,0.,0.8));
#75 = VECTOR('',#76,1.);
#76 = DIRECTION('',(1.,0.,-0.));
#77 = ORIENTED_EDGE('',*,*,#78,.F.);
#78 = EDGE_CURVE('',#62,#71,#79,.T.);
#79 = LINE('',#80,#81);
#80 = CARTESIAN_POINT('',(86.,0.,0.));
#81 = VECTOR('',#82,1.);
#82 = DIRECTION('',(0.,0.,1.));
#83 = PLANE('',#84);
#84 = AXIS2_PLACEMENT_3D('',#85,#86,#87);
#85 = CARTESIAN_POINT('',(0.,0.,0.));
#86 = DIRECTION('',(-0.,1.,0.));
#87 = DIRECTION('',(0.,0.,1.));
#88 = ADVANCED_FACE('',(#89,#107,#197,#351,#585,#675,#853,#991,#1049,
    #1060,#1071,#1082,#1093,#1104,#1115),#1126,.T.);
#89 = FACE_BOUND('',#90,.T.);
#90 = EDGE_LOOP('',(#91,#92,#93,#101));
#91 = ORIENTED_EDGE('',*,*,#47,.F.);
#92 = ORIENTED_EDGE('',*,*,#70,.T.);
#93 = ORIENTED_EDGE('',*,*,#94,.T.);
#94 = EDGE_CURVE('',#71,#95,#97,.T.);
#95 = VERTEX_POINT('',#96);
#96 = CARTESIAN_POINT('',(86.,22.,0.8));
#97 = LINE('',#98,#99);
#98 = CARTESIAN_POINT('',(86.,0.,0.8));
#99 = VECTOR('',#100,1.);
#100 = DIRECTION('',(-0.,1.,0.));
#101 = ORIENTED_EDGE('',*,*,#102,.F.);
#102 = EDGE_CURVE('',#40,#95,#103,.T.);
#103 = LINE('',#104,#105);
#104 = CARTESIAN_POINT('',(0.,22.,0.8));
#105 = VECTOR('',#106,1.);
#106 = DIRECTION('',(1.,0.,-0.));
#107 = FACE_BOUND('',#108,.T.);
#108 = EDGE_LOOP('',(#109,#119,#127,#135,#143,#151,#159,#167,#175,#183,
    #191));
#109 = ORIENTED_EDGE('',*,*,#110,.T.);
#110 = EDGE_CURVE('',#111,#113,#115,.T.);
#111 = VERTEX_POINT('',#112);
#112 = CARTESIAN_POINT('',(5.860371224832,3.355704697987,0.8));
#113 = VERTEX_POINT('',#114);
#114 = CARTESIAN_POINT('',(5.860371224832,3.938255033557,0.8));
#115 = LINE('',#116,#117);
#116 = CARTESIAN_POINT('',(5.860371224832,3.355704697987,0.8));
#117 = VECTOR('',#118,1.);
#118 = DIRECTION('',(0.,1.,0.));
#119 = ORIENTED_EDGE('',*,*,#120,.T.);
#120 = EDGE_CURVE('',#113,#121,#123,.T.);
#121 = VERTEX_POINT('',#122);
#122 = CARTESIAN_POINT('',(6.60911283557,3.938255033557,0.8));
#123 = LINE('',#124,#125);
#124 = CARTESIAN_POINT('',(5.860371224832,3.938255033557,0.8));
#125 = VECTOR('',#126,1.);
#126 = DIRECTION('',(1.,0.,0.));
#127 = ORIENTED_EDGE('',*,*,#128,.T.);
#128 = EDGE_CURVE('',#121,#129,#131,.T.);
#129 = VERTEX_POINT('',#130);
#130 = CARTESIAN_POINT('',(6.60911283557,6.071140939597,0.8));
#131 = LINE('',#132,#133);
#132 = CARTESIAN_POINT('',(6.60911283557,3.938255033557,0.8));
#133 = VECTOR('',#134,1.);
#134 = DIRECTION('',(0.,1.,0.));
#135 = ORIENTED_EDGE('',*,*,#136,.T.);
#136 = EDGE_CURVE('',#129,#137,#139,.T.);
#137 = VERTEX_POINT('',#138);
#138 = CARTESIAN_POINT('',(5.84055159396,5.911409395973,0.8));
#139 = LINE('',#140,#141);
#140 = CARTESIAN_POINT('',(6.60911283557,6.071140939597,0.8));
#141 = VECTOR('',#142,1.);
#142 = DIRECTION('',(-0.979078331663,-0.203483710573,0.));
#143 = ORIENTED_EDGE('',*,*,#144,.T.);
#144 = EDGE_CURVE('',#137,#145,#147,.T.);
#145 = VERTEX_POINT('',#146);
#146 = CARTESIAN_POINT('',(5.84055159396,6.484563758389,0.8));
#147 = LINE('',#148,#149);
#148 = CARTESIAN_POINT('',(5.84055159396,5.911409395973,0.8));
#149 = VECTOR('',#150,1.);
#150 = DIRECTION('',(0.,1.,0.));
#151 = ORIENTED_EDGE('',*,*,#152,.T.);
#152 = EDGE_CURVE('',#145,#153,#155,.T.);
#153 = VERTEX_POINT('',#154);
#154 = CARTESIAN_POINT('',(6.604708473154,6.644295302013,0.8));
#155 = LINE('',#156,#157);
#156 = CARTESIAN_POINT('',(5.84055159396,6.484563758389,0.8));
#157 = VECTOR('',#158,1.);
#158 = DIRECTION('',(0.978844086222,0.204607563076,0.));
#159 = ORIENTED_EDGE('',*,*,#160,.T.);
#160 = EDGE_CURVE('',#153,#161,#163,.T.);
#161 = VERTEX_POINT('',#162);
#162 = CARTESIAN_POINT('',(7.410706795302,6.644295302013,0.8));
#163 = LINE('',#164,#165);
#164 = CARTESIAN_POINT('',(6.604708473154,6.644295302013,0.8));
#165 = VECTOR('',#166,1.);
#166 = DIRECTION('',(1.,0.,0.));
#167 = ORIENTED_EDGE('',*,*,#168,.T.);
#168 = EDGE_CURVE('',#161,#169,#171,.T.);
#169 = VERTEX_POINT('',#170);
#170 = CARTESIAN_POINT('',(7.410706795302,3.938255033557,0.8));
#171 = LINE('',#172,#173);
#172 = CARTESIAN_POINT('',(7.410706795302,6.644295302013,0.8));
#173 = VECTOR('',#174,1.);
#174 = DIRECTION('',(0.,-1.,-0.));
#175 = ORIENTED_EDGE('',*,*,#176,.T.);
#176 = EDGE_CURVE('',#169,#177,#179,.T.);
#177 = VERTEX_POINT('',#178);
#178 = CARTESIAN_POINT('',(8.15944840604,3.938255033557,0.8));
#179 = LINE('',#180,#181);
#180 = CARTESIAN_POINT('',(7.410706795302,3.938255033557,0.8));
#181 = VECTOR('',#182,1.);
#182 = DIRECTION('',(1.,0.,0.));
#183 = ORIENTED_EDGE('',*,*,#184,.T.);
#184 = EDGE_CURVE('',#177,#185,#187,.T.);
#185 = VERTEX_POINT('',#186);
#186 = CARTESIAN_POINT('',(8.15944840604,3.355704697987,0.8));
#187 = LINE('',#188,#189);
#188 = CARTESIAN_POINT('',(8.15944840604,3.938255033557,0.8));
#189 = VECTOR('',#190,1.);
#190 = DIRECTION('',(0.,-1.,-0.));
#191 = ORIENTED_EDGE('',*,*,#192,.T.);
#192 = EDGE_CURVE('',#185,#111,#193,.T.);
#193 = LINE('',#194,#195);
#194 = CARTESIAN_POINT('',(8.15944840604,3.355704697987,0.8));
#195 = VECTOR('',#196,1.);
#196 = DIRECTION('',(-1.,0.,0.));
#197 = FACE_BOUND('',#198,.T.);
#198 = EDGE_LOOP('',(#199,#209,#217,#225,#233,#241,#249,#257,#265,#273,
    #281,#289,#297,#305,#313,#321,#329,#337,#345));
#199 = ORIENTED_EDGE('',*,*,#200,.T.);
#200 = EDGE_CURVE('',#201,#203,#205,.T.);
#201 = VERTEX_POINT('',#202);
#202 = CARTESIAN_POINT('',(19.450346057047,4.562940436242,0.8));
#203 = VERTEX_POINT('',#204);
#204 = CARTESIAN_POINT('',(18.747850251678,3.947651006711,0.8));
#205 = LINE('',#206,#207);
#206 = CARTESIAN_POINT('',(19.450346057047,4.562940436242,0.8));
#207 = VECTOR('',#208,1.);
#208 = DIRECTION('',(-0.752255226589,-0.65887181915,0.));
#209 = ORIENTED_EDGE('',*,*,#210,.T.);
#210 = EDGE_CURVE('',#203,#211,#213,.T.);
#211 = VERTEX_POINT('',#212);
#212 = CARTESIAN_POINT('',(20.194683305369,3.947651006711,0.8));
#213 = LINE('',#214,#215);
#214 = CARTESIAN_POINT('',(18.747850251678,3.947651006711,0.8));
#215 = VECTOR('',#216,1.);
#216 = DIRECTION('',(1.,0.,0.));
#217 = ORIENTED_EDGE('',*,*,#218,.T.);
#218 = EDGE_CURVE('',#211,#219,#221,.T.);
#219 = VERTEX_POINT('',#220);
#220 = CARTESIAN_POINT('',(20.194683305369,3.327516778523,0.8));
#221 = LINE('',#222,#223);
#222 = CARTESIAN_POINT('',(20.194683305369,3.947651006711,0.8));
#223 = VECTOR('',#224,1.);
#224 = DIRECTION('',(0.,-1.,-0.));
#225 = ORIENTED_EDGE('',*,*,#226,.T.);
#226 = EDGE_CURVE('',#219,#227,#229,.T.);
#227 = VERTEX_POINT('',#228);
#228 = CARTESIAN_POINT('',(17.805316694631,3.327516778523,0.8));
#229 = LINE('',#230,#231);
#230 = CARTESIAN_POINT('',(20.194683305369,3.327516778523,0.8));
#231 = VECTOR('',#232,1.);
#232 = DIRECTION('',(-1.,0.,0.));
#233 = ORIENTED_EDGE('',*,*,#234,.T.);
#234 = EDGE_CURVE('',#227,#235,#237,.T.);
#235 = VERTEX_POINT('',#236);
#236 = CARTESIAN_POINT('',(17.805316694631,3.947651006711,0.8));
#237 = LINE('',#238,#239);
#238 = CARTESIAN_POINT('',(17.805316694631,3.327516778523,0.8));
#239 = VECTOR('',#240,1.);
#240 = DIRECTION('',(0.,1.,0.));
#241 = ORIENTED_EDGE('',*,*,#242,.T.);
#242 = EDGE_CURVE('',#235,#243,#245,.T.);
#243 = VERTEX_POINT('',#244);
#244 = CARTESIAN_POINT('',(19.00550545302,5.004551174497,0.8));
#245 = LINE('',#246,#247);
#246 = CARTESIAN_POINT('',(17.805316694631,3.947651006711,0.8));
#247 = VECTOR('',#248,1.);
#248 = DIRECTION('',(0.750485828524,0.66088654184,0.));
#249 = ORIENTED_EDGE('',*,*,#250,.T.);
#250 = EDGE_CURVE('',#243,#251,#253,.T.);
#251 = VERTEX_POINT('',#252);
#252 = CARTESIAN_POINT('',(19.24334102349,5.288485738255,0.8));
#253 = B_SPLINE_CURVE_WITH_KNOTS('',2,(#254,#255,#256),.UNSPECIFIED.,.F.
  ,.F.,(3,3),(0.,1.),.PIECEWISE_BEZIER_KNOTS.);
#254 = CARTESIAN_POINT('',(19.00550545302,5.004551174497,0.8));
#255 = CARTESIAN_POINT('',(19.166264681208,5.149895134228,0.8));
#256 = CARTESIAN_POINT('',(19.24334102349,5.288485738255,0.8));
#257 = ORIENTED_EDGE('',*,*,#258,.T.);
#258 = EDGE_CURVE('',#251,#259,#261,.T.);
#259 = VERTEX_POINT('',#260);
#260 = CARTESIAN_POINT('',(19.320417365772,5.57697147651,0.8));
#261 = B_SPLINE_CURVE_WITH_KNOTS('',2,(#262,#263,#264),.UNSPECIFIED.,.F.
  ,.F.,(3,3),(0.,1.),.PIECEWISE_BEZIER_KNOTS.);
#262 = CARTESIAN_POINT('',(19.24334102349,5.288485738255,0.8));
#263 = CARTESIAN_POINT('',(19.320417365772,5.427223154362,0.8));
#264 = CARTESIAN_POINT('',(19.320417365772,5.57697147651,0.8));
#265 = ORIENTED_EDGE('',*,*,#266,.T.);
#266 = EDGE_CURVE('',#259,#267,#269,.T.);
#267 = VERTEX_POINT('',#268);
#268 = CARTESIAN_POINT('',(19.165090184564,5.948993288591,0.8));
#269 = B_SPLINE_CURVE_WITH_KNOTS('',2,(#270,#271,#272),.UNSPECIFIED.,.F.
  ,.F.,(3,3),(0.,1.),.PIECEWISE_BEZIER_KNOTS.);
#270 = CARTESIAN_POINT('',(19.320417365772,5.57697147651,0.8));
#271 = CARTESIAN_POINT('',(19.320417365772,5.808200503356,0.8));
#272 = CARTESIAN_POINT('',(19.165090184564,5.948993288591,0.8));
#273 = ORIENTED_EDGE('',*,*,#274,.T.);
#274 = EDGE_CURVE('',#267,#275,#277,.T.);
#275 = VERTEX_POINT('',#276);
#276 = CARTESIAN_POINT('',(18.752254614094,6.089932885906,0.8));
#277 = B_SPLINE_CURVE_WITH_KNOTS('',2,(#278,#279,#280),.UNSPECIFIED.,.F.
  ,.F.,(3,3),(0.,1.),.PIECEWISE_BEZIER_KNOTS.);
#278 = CARTESIAN_POINT('',(19.165090184564,5.948993288591,0.8));
#279 = CARTESIAN_POINT('',(19.009909815436,6.089932885906,0.8));
#280 = CARTESIAN_POINT('',(18.752254614094,6.089932885906,0.8));
#281 = ORIENTED_EDGE('',*,*,#282,.T.);
#282 = EDGE_CURVE('',#275,#283,#285,.T.);
#283 = VERTEX_POINT('',#284);
#284 = CARTESIAN_POINT('',(18.318424916107,6.004781879195,0.8));
#285 = B_SPLINE_CURVE_WITH_KNOTS('',2,(#286,#287,#288),.UNSPECIFIED.,.F.
  ,.F.,(3,3),(0.,1.),.PIECEWISE_BEZIER_KNOTS.);
#286 = CARTESIAN_POINT('',(18.752254614094,6.089932885906,0.8));
#287 = CARTESIAN_POINT('',(18.554058305369,6.089932885906,0.8));
#288 = CARTESIAN_POINT('',(18.318424916107,6.004781879195,0.8));
#289 = ORIENTED_EDGE('',*,*,#290,.T.);
#290 = EDGE_CURVE('',#283,#291,#293,.T.);
#291 = VERTEX_POINT('',#292);
#292 = CARTESIAN_POINT('',(17.814125419463,5.751677852349,0.8));
#293 = B_SPLINE_CURVE_WITH_KNOTS('',2,(#294,#295,#296),.UNSPECIFIED.,.F.
  ,.F.,(3,3),(0.,1.),.PIECEWISE_BEZIER_KNOTS.);
#294 = CARTESIAN_POINT('',(18.318424916107,6.004781879195,0.8));
#295 = CARTESIAN_POINT('',(18.082791526846,5.919630872483,0.8));
#296 = CARTESIAN_POINT('',(17.814125419463,5.751677852349,0.8));
#297 = ORIENTED_EDGE('',*,*,#298,.T.);
#298 = EDGE_CURVE('',#291,#299,#301,.T.);
#299 = VERTEX_POINT('',#300);
#300 = CARTESIAN_POINT('',(17.814125419463,6.475167785235,0.8));
#301 = LINE('',#302,#303);
#302 = CARTESIAN_POINT('',(17.814125419463,5.751677852349,0.8));
#303 = VECTOR('',#304,1.);
#304 = DIRECTION('',(0.,1.,0.));
#305 = ORIENTED_EDGE('',*,*,#306,.T.);
#306 = EDGE_CURVE('',#299,#307,#309,.T.);
#307 = VERTEX_POINT('',#308);
#308 = CARTESIAN_POINT('',(18.380085989933,6.621979865772,0.8));
#309 = B_SPLINE_CURVE_WITH_KNOTS('',2,(#310,#311,#312),.UNSPECIFIED.,.F.
  ,.F.,(3,3),(0.,1.),.PIECEWISE_BEZIER_KNOTS.);
#310 = CARTESIAN_POINT('',(17.814125419463,6.475167785235,0.8));
#311 = CARTESIAN_POINT('',(18.10040897651,6.571623322148,0.8));
#312 = CARTESIAN_POINT('',(18.380085989933,6.621979865772,0.8));
#313 = ORIENTED_EDGE('',*,*,#314,.T.);
#314 = EDGE_CURVE('',#307,#315,#317,.T.);
#315 = VERTEX_POINT('',#316);
#316 = CARTESIAN_POINT('',(18.928429110738,6.672483221477,0.8));
#317 = B_SPLINE_CURVE_WITH_KNOTS('',2,(#318,#319,#320),.UNSPECIFIED.,.F.
  ,.F.,(3,3),(0.,1.),.PIECEWISE_BEZIER_KNOTS.);
#318 = CARTESIAN_POINT('',(18.380085989933,6.621979865772,0.8));
#319 = CARTESIAN_POINT('',(18.659763003356,6.672483221477,0.8));
#320 = CARTESIAN_POINT('',(18.928429110738,6.672483221477,0.8));
#321 = ORIENTED_EDGE('',*,*,#322,.T.);
#322 = EDGE_CURVE('',#315,#323,#325,.T.);
#323 = VERTEX_POINT('',#324);
#324 = CARTESIAN_POINT('',(19.845564177852,6.412332214765,0.8));
#325 = B_SPLINE_CURVE_WITH_KNOTS('',2,(#326,#327,#328),.UNSPECIFIED.,.F.
  ,.F.,(3,3),(0.,1.),.PIECEWISE_BEZIER_KNOTS.);
#326 = CARTESIAN_POINT('',(18.928429110738,6.672483221477,0.8));
#327 = CARTESIAN_POINT('',(19.518613674497,6.672483221477,0.8));
#328 = CARTESIAN_POINT('',(19.845564177852,6.412332214765,0.8));
#329 = ORIENTED_EDGE('',*,*,#330,.T.);
#330 = EDGE_CURVE('',#323,#331,#333,.T.);
#331 = VERTEX_POINT('',#332);
#332 = CARTESIAN_POINT('',(20.172661493289,5.687080536913,0.8));
#333 = B_SPLINE_CURVE_WITH_KNOTS('',2,(#334,#335,#336),.UNSPECIFIED.,.F.
  ,.F.,(3,3),(0.,1.),.PIECEWISE_BEZIER_KNOTS.);
#334 = CARTESIAN_POINT('',(19.845564177852,6.412332214765,0.8));
#335 = CARTESIAN_POINT('',(20.172661493289,6.152328020134,0.8));
#336 = CARTESIAN_POINT('',(20.172661493289,5.687080536913,0.8));
#337 = ORIENTED_EDGE('',*,*,#338,.T.);
#338 = EDGE_CURVE('',#331,#339,#341,.T.);
#339 = VERTEX_POINT('',#340);
#340 = CARTESIAN_POINT('',(20.033924077181,5.185717281879,0.8));
#341 = B_SPLINE_CURVE_WITH_KNOTS('',2,(#342,#343,#344),.UNSPECIFIED.,.F.
  ,.F.,(3,3),(0.,1.),.PIECEWISE_BEZIER_KNOTS.);
#342 = CARTESIAN_POINT('',(20.172661493289,5.687080536913,0.8));
#343 = CARTESIAN_POINT('',(20.172661493289,5.41826761745,0.8));
#344 = CARTESIAN_POINT('',(20.033924077181,5.185717281879,0.8));
#345 = ORIENTED_EDGE('',*,*,#346,.T.);
#346 = EDGE_CURVE('',#339,#201,#347,.T.);
#347 = B_SPLINE_CURVE_WITH_KNOTS('',2,(#348,#349,#350),.UNSPECIFIED.,.F.
  ,.F.,(3,3),(0.,1.),.PIECEWISE_BEZIER_KNOTS.);
#348 = CARTESIAN_POINT('',(20.033924077181,5.185717281879,0.8));
#349 = CARTESIAN_POINT('',(19.895186661074,4.953166946309,0.8));
#350 = CARTESIAN_POINT('',(19.450346057047,4.562940436242,0.8));
#351 = FACE_BOUND('',#352,.T.);
#352 = EDGE_LOOP('',(#353,#363,#371,#379,#387,#395,#403,#411,#419,#427,
    #435,#443,#451,#459,#467,#475,#483,#491,#499,#507,#515,#523,#531,
    #539,#547,#555,#563,#571,#579));
#353 = ORIENTED_EDGE('',*,*,#354,.T.);
#354 = EDGE_CURVE('',#355,#357,#359,.T.);
#355 = VERTEX_POINT('',#356);
#356 = CARTESIAN_POINT('',(32.009700083893,5.389492449664,0.8));
#357 = VERTEX_POINT('',#358);
#358 = CARTESIAN_POINT('',(31.56045511745,5.130809563758,0.8));
#359 = B_SPLINE_CURVE_WITH_KNOTS('',2,(#360,#361,#362),.UNSPECIFIED.,.F.
  ,.F.,(3,3),(0.,1.),.PIECEWISE_BEZIER_KNOTS.);
#360 = CARTESIAN_POINT('',(32.009700083893,5.389492449664,0.8));
#361 = CARTESIAN_POINT('',(31.857749580537,5.205683724832,0.8));
#362 = CARTESIAN_POINT('',(31.56045511745,5.130809563758,0.8));
#363 = ORIENTED_EDGE('',*,*,#364,.T.);
#364 = EDGE_CURVE('',#357,#365,#367,.T.);
#365 = VERTEX_POINT('',#366);
#366 = CARTESIAN_POINT('',(32.065782298658,4.832487416107,0.8));
#367 = B_SPLINE_CURVE_WITH_KNOTS('',2,(#368,#369,#370),.UNSPECIFIED.,.F.
  ,.F.,(3,3),(0.,1.),.PIECEWISE_BEZIER_KNOTS.);
#368 = CARTESIAN_POINT('',(31.56045511745,5.130809563758,0.8));
#369 = CARTESIAN_POINT('',(31.892984479866,5.044924496644,0.8));
#370 = CARTESIAN_POINT('',(32.065782298658,4.832487416107,0.8));
#371 = ORIENTED_EDGE('',*,*,#372,.T.);
#372 = EDGE_CURVE('',#365,#373,#375,.T.);
#373 = VERTEX_POINT('',#374);
#374 = CARTESIAN_POINT('',(32.23872692953,4.29192533557,0.8));
#375 = B_SPLINE_CURVE_WITH_KNOTS('',2,(#376,#377,#378),.UNSPECIFIED.,.F.
  ,.F.,(3,3),(0.,1.),.PIECEWISE_BEZIER_KNOTS.);
#376 = CARTESIAN_POINT('',(32.065782298658,4.832487416107,0.8));
#377 = CARTESIAN_POINT('',(32.23872692953,4.62005033557,0.8));
#378 = CARTESIAN_POINT('',(32.23872692953,4.29192533557,0.8));
#379 = ORIENTED_EDGE('',*,*,#380,.T.);
#380 = EDGE_CURVE('',#373,#381,#383,.T.);
#381 = VERTEX_POINT('',#382);
#382 = CARTESIAN_POINT('',(31.864356124161,3.548909395973,0.8));
#383 = B_SPLINE_CURVE_WITH_KNOTS('',2,(#384,#385,#386),.UNSPECIFIED.,.F.
  ,.F.,(3,3),(0.,1.),.PIECEWISE_BEZIER_KNOTS.);
#384 = CARTESIAN_POINT('',(32.23872692953,4.29192533557,0.8));
#385 = CARTESIAN_POINT('',(32.23872692953,3.803187919463,0.8));
#386 = CARTESIAN_POINT('',(31.864356124161,3.548909395973,0.8));
#387 = ORIENTED_EDGE('',*,*,#388,.T.);
#388 = EDGE_CURVE('',#381,#389,#391,.T.);
#389 = VERTEX_POINT('',#390);
#390 = CARTESIAN_POINT('',(30.772074244966,3.294630872483,0.8));
#391 = B_SPLINE_CURVE_WITH_KNOTS('',2,(#392,#393,#394),.UNSPECIFIED.,.F.
  ,.F.,(3,3),(0.,1.),.PIECEWISE_BEZIER_KNOTS.);
#392 = CARTESIAN_POINT('',(31.864356124161,3.548909395973,0.8));
#393 = CARTESIAN_POINT('',(31.489985318792,3.294630872483,0.8));
#394 = CARTESIAN_POINT('',(30.772074244966,3.294630872483,0.8));
#395 = ORIENTED_EDGE('',*,*,#396,.T.);
#396 = EDGE_CURVE('',#389,#397,#399,.T.);
#397 = VERTEX_POINT('',#398);
#398 = CARTESIAN_POINT('',(30.26439807047,3.334563758389,0.8));
#399 = B_SPLINE_CURVE_WITH_KNOTS('',2,(#400,#401,#402),.UNSPECIFIED.,.F.
  ,.F.,(3,3),(0.,1.),.PIECEWISE_BEZIER_KNOTS.);
#400 = CARTESIAN_POINT('',(30.772074244966,3.294630872483,0.8));
#401 = CARTESIAN_POINT('',(30.51882340604,3.294630872483,0.8));
#402 = CARTESIAN_POINT('',(30.26439807047,3.334563758389,0.8));
#403 = ORIENTED_EDGE('',*,*,#404,.T.);
#404 = EDGE_CURVE('',#397,#405,#407,.T.);
#405 = VERTEX_POINT('',#406);
#406 = CARTESIAN_POINT('',(29.76127307047,3.454362416107,0.8));
#407 = B_SPLINE_CURVE_WITH_KNOTS('',2,(#408,#409,#410),.UNSPECIFIED.,.F.
  ,.F.,(3,3),(0.,1.),.PIECEWISE_BEZIER_KNOTS.);
#408 = CARTESIAN_POINT('',(30.26439807047,3.334563758389,0.8));
#409 = CARTESIAN_POINT('',(30.01011954698,3.374496644295,0.8));
#410 = CARTESIAN_POINT('',(29.76127307047,3.454362416107,0.8));
#411 = ORIENTED_EDGE('',*,*,#412,.T.);
#412 = EDGE_CURVE('',#405,#413,#415,.T.);
#413 = VERTEX_POINT('',#414);
#414 = CARTESIAN_POINT('',(29.76127307047,4.112080536913,0.8));
#415 = LINE('',#416,#417);
#416 = CARTESIAN_POINT('',(29.76127307047,3.454362416107,0.8));
#417 = VECTOR('',#418,1.);
#418 = DIRECTION('',(0.,1.,0.));
#419 = ORIENTED_EDGE('',*,*,#420,.T.);
#420 = EDGE_CURVE('',#413,#421,#423,.T.);
#421 = VERTEX_POINT('',#422);
#422 = CARTESIAN_POINT('',(30.233567533557,3.929446308725,0.8));
#423 = B_SPLINE_CURVE_WITH_KNOTS('',2,(#424,#425,#426),.UNSPECIFIED.,.F.
  ,.F.,(3,3),(0.,1.),.PIECEWISE_BEZIER_KNOTS.);
#424 = CARTESIAN_POINT('',(29.76127307047,4.112080536913,0.8));
#425 = CARTESIAN_POINT('',(29.99910864094,3.99110738255,0.8));
#426 = CARTESIAN_POINT('',(30.233567533557,3.929446308725,0.8));
#427 = ORIENTED_EDGE('',*,*,#428,.T.);
#428 = EDGE_CURVE('',#421,#429,#431,.T.);
#429 = VERTEX_POINT('',#430);
#430 = CARTESIAN_POINT('',(30.694997902685,3.867785234899,0.8));
#431 = B_SPLINE_CURVE_WITH_KNOTS('',2,(#432,#433,#434),.UNSPECIFIED.,.F.
  ,.F.,(3,3),(0.,1.),.PIECEWISE_BEZIER_KNOTS.);
#432 = CARTESIAN_POINT('',(30.233567533557,3.929446308725,0.8));
#433 = CARTESIAN_POINT('',(30.468173238255,3.867785234899,0.8));
#434 = CARTESIAN_POINT('',(30.694997902685,3.867785234899,0.8));
#435 = ORIENTED_EDGE('',*,*,#436,.T.);
#436 = EDGE_CURVE('',#429,#437,#439,.T.);
#437 = VERTEX_POINT('',#438);
#438 = CARTESIAN_POINT('',(31.211335989933,3.984941275168,0.8));
#439 = B_SPLINE_CURVE_WITH_KNOTS('',2,(#440,#441,#442),.UNSPECIFIED.,.F.
  ,.F.,(3,3),(0.,1.),.PIECEWISE_BEZIER_KNOTS.);
#440 = CARTESIAN_POINT('',(30.694997902685,3.867785234899,0.8));
#441 = CARTESIAN_POINT('',(31.031931627517,3.867785234899,0.8));
#442 = CARTESIAN_POINT('',(31.211335989933,3.984941275168,0.8));
#443 = ORIENTED_EDGE('',*,*,#444,.T.);
#444 = EDGE_CURVE('',#437,#445,#447,.T.);
#445 = VERTEX_POINT('',#446);
#446 = CARTESIAN_POINT('',(31.39088716443,4.321287751678,0.8));
#447 = B_SPLINE_CURVE_WITH_KNOTS('',2,(#448,#449,#450),.UNSPECIFIED.,.F.
  ,.F.,(3,3),(0.,1.),.PIECEWISE_BEZIER_KNOTS.);
#448 = CARTESIAN_POINT('',(31.211335989933,3.984941275168,0.8));
#449 = CARTESIAN_POINT('',(31.39088716443,4.102244127517,0.8));
#450 = CARTESIAN_POINT('',(31.39088716443,4.321287751678,0.8));
#451 = ORIENTED_EDGE('',*,*,#452,.T.);
#452 = EDGE_CURVE('',#445,#453,#455,.T.);
#453 = VERTEX_POINT('',#454);
#454 = CARTESIAN_POINT('',(31.206931627517,4.663066275168,0.8));
#455 = B_SPLINE_CURVE_WITH_KNOTS('',2,(#456,#457,#458),.UNSPECIFIED.,.F.
  ,.F.,(3,3),(0.,1.),.PIECEWISE_BEZIER_KNOTS.);
#456 = CARTESIAN_POINT('',(31.39088716443,4.321287751678,0.8));
#457 = CARTESIAN_POINT('',(31.39088716443,4.546937919463,0.8));
#458 = CARTESIAN_POINT('',(31.206931627517,4.663066275168,0.8));
#459 = ORIENTED_EDGE('',*,*,#460,.T.);
#460 = EDGE_CURVE('',#453,#461,#463,.T.);
#461 = VERTEX_POINT('',#462);
#462 = CARTESIAN_POINT('',(30.664167365772,4.779194630872,0.8));
#463 = B_SPLINE_CURVE_WITH_KNOTS('',2,(#464,#465,#466),.UNSPECIFIED.,.F.
  ,.F.,(3,3),(0.,1.),.PIECEWISE_BEZIER_KNOTS.);
#464 = CARTESIAN_POINT('',(31.206931627517,4.663066275168,0.8));
#465 = CARTESIAN_POINT('',(31.023122902685,4.779194630872,0.8));
#466 = CARTESIAN_POINT('',(30.664167365772,4.779194630872,0.8));
#467 = ORIENTED_EDGE('',*,*,#468,.T.);
#468 = EDGE_CURVE('',#461,#469,#471,.T.);
#469 = VERTEX_POINT('',#470);
#470 = CARTESIAN_POINT('',(30.325031459732,4.779194630872,0.8));
#471 = LINE('',#472,#473);
#472 = CARTESIAN_POINT('',(30.664167365772,4.779194630872,0.8));
#473 = VECTOR('',#474,1.);
#474 = DIRECTION('',(-1.,0.,0.));
#475 = ORIENTED_EDGE('',*,*,#476,.T.);
#476 = EDGE_CURVE('',#469,#477,#479,.T.);
#477 = VERTEX_POINT('',#478);
#478 = CARTESIAN_POINT('',(30.325031459732,5.324161073826,0.8));
#479 = LINE('',#480,#481);
#480 = CARTESIAN_POINT('',(30.325031459732,4.779194630872,0.8));
#481 = VECTOR('',#482,1.);
#482 = DIRECTION('',(0.,1.,0.));
#483 = ORIENTED_EDGE('',*,*,#484,.T.);
#484 = EDGE_CURVE('',#477,#485,#487,.T.);
#485 = VERTEX_POINT('',#486);
#486 = CARTESIAN_POINT('',(30.681784815436,5.324161073826,0.8));
#487 = LINE('',#488,#489);
#488 = CARTESIAN_POINT('',(30.325031459732,5.324161073826,0.8));
#489 = VECTOR('',#490,1.);
#490 = DIRECTION('',(1.,0.,0.));
#491 = ORIENTED_EDGE('',*,*,#492,.T.);
#492 = EDGE_CURVE('',#485,#493,#495,.T.);
#493 = VERTEX_POINT('',#494);
#494 = CARTESIAN_POINT('',(31.157455956376,5.423993288591,0.8));
#495 = B_SPLINE_CURVE_WITH_KNOTS('',2,(#496,#497,#498),.UNSPECIFIED.,.F.
  ,.F.,(3,3),(0.,1.),.PIECEWISE_BEZIER_KNOTS.);
#496 = CARTESIAN_POINT('',(30.681784815436,5.324161073826,0.8));
#497 = CARTESIAN_POINT('',(31.001101090604,5.324161073826,0.8));
#498 = CARTESIAN_POINT('',(31.157455956376,5.423993288591,0.8));
#499 = ORIENTED_EDGE('',*,*,#500,.T.);
#500 = EDGE_CURVE('',#493,#501,#503,.T.);
#501 = VERTEX_POINT('',#502);
#502 = CARTESIAN_POINT('',(31.313810822148,5.727894295302,0.8));
#503 = B_SPLINE_CURVE_WITH_KNOTS('',2,(#504,#505,#506),.UNSPECIFIED.,.F.
  ,.F.,(3,3),(0.,1.),.PIECEWISE_BEZIER_KNOTS.);
#504 = CARTESIAN_POINT('',(31.157455956376,5.423993288591,0.8));
#505 = CARTESIAN_POINT('',(31.313810822148,5.523825503356,0.8));
#506 = CARTESIAN_POINT('',(31.313810822148,5.727894295302,0.8));
#507 = ORIENTED_EDGE('',*,*,#508,.T.);
#508 = EDGE_CURVE('',#501,#509,#511,.T.);
#509 = VERTEX_POINT('',#510);
#510 = CARTESIAN_POINT('',(31.161860318792,6.019609899329,0.8));
#511 = B_SPLINE_CURVE_WITH_KNOTS('',2,(#512,#513,#514),.UNSPECIFIED.,.F.
  ,.F.,(3,3),(0.,1.),.PIECEWISE_BEZIER_KNOTS.);
#512 = CARTESIAN_POINT('',(31.313810822148,5.727894295302,0.8));
#513 = CARTESIAN_POINT('',(31.313810822148,5.916547818792,0.8));
#514 = CARTESIAN_POINT('',(31.161860318792,6.019609899329,0.8));
#515 = ORIENTED_EDGE('',*,*,#516,.T.);
#516 = EDGE_CURVE('',#509,#517,#519,.T.);
#517 = VERTEX_POINT('',#518);
#518 = CARTESIAN_POINT('',(30.732434983221,6.122818791946,0.8));
#519 = B_SPLINE_CURVE_WITH_KNOTS('',2,(#520,#521,#522),.UNSPECIFIED.,.F.
  ,.F.,(3,3),(0.,1.),.PIECEWISE_BEZIER_KNOTS.);
#520 = CARTESIAN_POINT('',(31.161860318792,6.019609899329,0.8));
#521 = CARTESIAN_POINT('',(31.009909815436,6.122818791946,0.8));
#522 = CARTESIAN_POINT('',(30.732434983221,6.122818791946,0.8));
#523 = ORIENTED_EDGE('',*,*,#524,.T.);
#524 = EDGE_CURVE('',#517,#525,#527,.T.);
#525 = VERTEX_POINT('',#526);
#526 = CARTESIAN_POINT('',(30.318424916107,6.077600671141,0.8));
#527 = B_SPLINE_CURVE_WITH_KNOTS('',2,(#528,#529,#530),.UNSPECIFIED.,.F.
  ,.F.,(3,3),(0.,1.),.PIECEWISE_BEZIER_KNOTS.);
#528 = CARTESIAN_POINT('',(30.732434983221,6.122818791946,0.8));
#529 = CARTESIAN_POINT('',(30.527632130872,6.122818791946,0.8));
#530 = CARTESIAN_POINT('',(30.318424916107,6.077600671141,0.8));
#531 = ORIENTED_EDGE('',*,*,#532,.T.);
#532 = EDGE_CURVE('',#525,#533,#535,.T.);
#533 = VERTEX_POINT('',#534);
#534 = CARTESIAN_POINT('',(29.902212667785,5.944295302013,0.8));
#535 = B_SPLINE_CURVE_WITH_KNOTS('',2,(#536,#537,#538),.UNSPECIFIED.,.F.
  ,.F.,(3,3),(0.,1.),.PIECEWISE_BEZIER_KNOTS.);
#536 = CARTESIAN_POINT('',(30.318424916107,6.077600671141,0.8));
#537 = CARTESIAN_POINT('',(30.109217701342,6.032529362416,0.8));
#538 = CARTESIAN_POINT('',(29.902212667785,5.944295302013,0.8));
#539 = ORIENTED_EDGE('',*,*,#540,.T.);
#540 = EDGE_CURVE('',#533,#541,#543,.T.);
#541 = VERTEX_POINT('',#542);
#542 = CARTESIAN_POINT('',(29.902212667785,6.564429530201,0.8));
#543 = LINE('',#544,#545);
#544 = CARTESIAN_POINT('',(29.902212667785,5.944295302013,0.8));
#545 = VECTOR('',#546,1.);
#546 = DIRECTION('',(0.,1.,0.));
#547 = ORIENTED_EDGE('',*,*,#548,.T.);
#548 = EDGE_CURVE('',#541,#549,#551,.T.);
#549 = VERTEX_POINT('',#550);
#550 = CARTESIAN_POINT('',(30.399905620805,6.670134228188,0.8));
#551 = B_SPLINE_CURVE_WITH_KNOTS('',2,(#552,#553,#554),.UNSPECIFIED.,.F.
  ,.F.,(3,3),(0.,1.),.PIECEWISE_BEZIER_KNOTS.);
#552 = CARTESIAN_POINT('',(29.902212667785,6.564429530201,0.8));
#553 = CARTESIAN_POINT('',(30.153261325503,6.634899328859,0.8));
#554 = CARTESIAN_POINT('',(30.399905620805,6.670134228188,0.8));
#555 = ORIENTED_EDGE('',*,*,#556,.T.);
#556 = EDGE_CURVE('',#549,#557,#559,.T.);
#557 = VERTEX_POINT('',#558);
#558 = CARTESIAN_POINT('',(30.884385486577,6.705369127517,0.8));
#559 = B_SPLINE_CURVE_WITH_KNOTS('',2,(#560,#561,#562),.UNSPECIFIED.,.F.
  ,.F.,(3,3),(0.,1.),.PIECEWISE_BEZIER_KNOTS.);
#560 = CARTESIAN_POINT('',(30.399905620805,6.670134228188,0.8));
#561 = CARTESIAN_POINT('',(30.646549916107,6.705369127517,0.8));
#562 = CARTESIAN_POINT('',(30.884385486577,6.705369127517,0.8));
#563 = ORIENTED_EDGE('',*,*,#564,.T.);
#564 = EDGE_CURVE('',#557,#565,#567,.T.);
#565 = VERTEX_POINT('',#566);
#566 = CARTESIAN_POINT('',(31.843361996644,6.494987416107,0.8));
#567 = B_SPLINE_CURVE_WITH_KNOTS('',2,(#568,#569,#570),.UNSPECIFIED.,.F.
  ,.F.,(3,3),(0.,1.),.PIECEWISE_BEZIER_KNOTS.);
#568 = CARTESIAN_POINT('',(30.884385486577,6.705369127517,0.8));
#569 = CARTESIAN_POINT('',(31.525220218121,6.705369127517,0.8));
#570 = CARTESIAN_POINT('',(31.843361996644,6.494987416107,0.8));
#571 = ORIENTED_EDGE('',*,*,#572,.T.);
#572 = EDGE_CURVE('',#565,#573,#575,.T.);
#573 = VERTEX_POINT('',#574);
#574 = CARTESIAN_POINT('',(32.161650587248,5.861933724832,0.8));
#575 = B_SPLINE_CURVE_WITH_KNOTS('',2,(#576,#577,#578),.UNSPECIFIED.,.F.
  ,.F.,(3,3),(0.,1.),.PIECEWISE_BEZIER_KNOTS.);
#576 = CARTESIAN_POINT('',(31.843361996644,6.494987416107,0.8));
#577 = CARTESIAN_POINT('',(32.161650587248,6.284752516779,0.8));
#578 = CARTESIAN_POINT('',(32.161650587248,5.861933724832,0.8));
#579 = ORIENTED_EDGE('',*,*,#580,.T.);
#580 = EDGE_CURVE('',#573,#355,#581,.T.);
#581 = B_SPLINE_CURVE_WITH_KNOTS('',2,(#582,#583,#584),.UNSPECIFIED.,.F.
  ,.F.,(3,3),(0.,1.),.PIECEWISE_BEZIER_KNOTS.);
#582 = CARTESIAN_POINT('',(32.161650587248,5.861933724832,0.8));
#583 = CARTESIAN_POINT('',(32.161650587248,5.573447986577,0.8));
#584 = CARTESIAN_POINT('',(32.009700083893,5.389492449664,0.8));
#585 = FACE_BOUND('',#586,.T.);
#586 = EDGE_LOOP('',(#587,#597,#605,#613,#621,#629,#637,#645,#653,#661,
    #669));
#587 = ORIENTED_EDGE('',*,*,#588,.T.);
#588 = EDGE_CURVE('',#589,#591,#593,.T.);
#589 = VERTEX_POINT('',#590);
#590 = CARTESIAN_POINT('',(41.635748741611,4.683326342282,0.8));
#591 = VERTEX_POINT('',#592);
#592 = CARTESIAN_POINT('',(42.952653104027,6.644295302013,0.8));
#593 = LINE('',#594,#595);
#594 = CARTESIAN_POINT('',(41.635748741611,4.683326342282,0.8));
#595 = VECTOR('',#596,1.);
#596 = DIRECTION('',(0.557508237146,0.830171407309,0.));
#597 = ORIENTED_EDGE('',*,*,#598,.T.);
#598 = EDGE_CURVE('',#591,#599,#601,.T.);
#599 = VERTEX_POINT('',#600);
#600 = CARTESIAN_POINT('',(43.895186661074,6.644295302013,0.8));
#601 = LINE('',#602,#603);
#602 = CARTESIAN_POINT('',(42.952653104027,6.644295302013,0.8));
#603 = VECTOR('',#604,1.);
#604 = DIRECTION('',(1.,0.,0.));
#605 = ORIENTED_EDGE('',*,*,#606,.T.);
#606 = EDGE_CURVE('',#599,#607,#609,.T.);
#607 = VERTEX_POINT('',#608);
#608 = CARTESIAN_POINT('',(43.895186661074,4.567785234899,0.8));
#609 = LINE('',#610,#611);
#610 = CARTESIAN_POINT('',(43.895186661074,6.644295302013,0.8));
#611 = VECTOR('',#612,1.);
#612 = DIRECTION('',(0.,-1.,-0.));
#613 = ORIENTED_EDGE('',*,*,#614,.T.);
#614 = EDGE_CURVE('',#607,#615,#617,.T.);
#615 = VERTEX_POINT('',#616);
#616 = CARTESIAN_POINT('',(44.364251258389,4.567785234899,0.8));
#617 = LINE('',#618,#619);
#618 = CARTESIAN_POINT('',(43.895186661074,4.567785234899,0.8));
#619 = VECTOR('',#620,1.);
#620 = DIRECTION('',(1.,0.,0.));
#621 = ORIENTED_EDGE('',*,*,#622,.T.);
#622 = EDGE_CURVE('',#615,#623,#625,.T.);
#623 = VERTEX_POINT('',#624);
#624 = CARTESIAN_POINT('',(44.364251258389,3.957046979866,0.8));
#625 = LINE('',#626,#627);
#626 = CARTESIAN_POINT('',(44.364251258389,4.567785234899,0.8));
#627 = VECTOR('',#628,1.);
#628 = DIRECTION('',(0.,-1.,-0.));
#629 = ORIENTED_EDGE('',*,*,#630,.T.);
#630 = EDGE_CURVE('',#623,#631,#633,.T.);
#631 = VERTEX_POINT('',#632);
#632 = CARTESIAN_POINT('',(43.895186661074,3.957046979866,0.8));
#633 = LINE('',#634,#635);
#634 = CARTESIAN_POINT('',(44.364251258389,3.957046979866,0.8));
#635 = VECTOR('',#636,1.);
#636 = DIRECTION('',(-1.,0.,0.));
#637 = ORIENTED_EDGE('',*,*,#638,.T.);
#638 = EDGE_CURVE('',#631,#639,#641,.T.);
#639 = VERTEX_POINT('',#640);
#640 = CARTESIAN_POINT('',(43.895186661074,3.355704697987,0.8));
#641 = LINE('',#642,#643);
#642 = CARTESIAN_POINT('',(43.895186661074,3.957046979866,0.8));
#643 = VECTOR('',#644,1.);
#644 = DIRECTION('',(0.,-1.,-0.));
#645 = ORIENTED_EDGE('',*,*,#646,.T.);
#646 = EDGE_CURVE('',#639,#647,#649,.T.);
#647 = VERTEX_POINT('',#648);
#648 = CARTESIAN_POINT('',(43.093592701342,3.355704697987,0.8));
#649 = LINE('',#650,#651);
#650 = CARTESIAN_POINT('',(43.895186661074,3.355704697987,0.8));
#651 = VECTOR('',#652,1.);
#652 = DIRECTION('',(-1.,0.,0.));
#653 = ORIENTED_EDGE('',*,*,#654,.T.);
#654 = EDGE_CURVE('',#647,#655,#657,.T.);
#655 = VERTEX_POINT('',#656);
#656 = CARTESIAN_POINT('',(43.093592701342,3.957046979866,0.8));
#657 = LINE('',#658,#659);
#658 = CARTESIAN_POINT('',(43.093592701342,3.355704697987,0.8));
#659 = VECTOR('',#660,1.);
#660 = DIRECTION('',(0.,1.,0.));
#661 = ORIENTED_EDGE('',*,*,#662,.T.);
#662 = EDGE_CURVE('',#655,#663,#665,.T.);
#663 = VERTEX_POINT('',#664);
#664 = CARTESIAN_POINT('',(41.635748741611,3.957046979866,0.8));
#665 = LINE('',#666,#667);
#666 = CARTESIAN_POINT('',(43.093592701342,3.957046979866,0.8));
#667 = VECTOR('',#668,1.);
#668 = DIRECTION('',(-1.,0.,0.));
#669 = ORIENTED_EDGE('',*,*,#670,.T.);
#670 = EDGE_CURVE('',#663,#589,#671,.T.);
#671 = LINE('',#672,#673);
#672 = CARTESIAN_POINT('',(41.635748741611,3.957046979866,0.8));
#673 = VECTOR('',#674,1.);
#674 = DIRECTION('',(0.,1.,0.));
#675 = FACE_BOUND('',#676,.T.);
#676 = EDGE_LOOP('',(#677,#687,#695,#703,#711,#719,#727,#735,#743,#751,
    #759,#767,#775,#783,#791,#799,#807,#815,#823,#831,#839,#847));
#677 = ORIENTED_EDGE('',*,*,#678,.T.);
#678 = EDGE_CURVE('',#679,#681,#683,.T.);
#679 = VERTEX_POINT('',#680);
#680 = CARTESIAN_POINT('',(53.892302852349,4.81677852349,0.8));
#681 = VERTEX_POINT('',#682);
#682 = CARTESIAN_POINT('',(53.892302852349,6.677181208054,0.8));
#683 = LINE('',#684,#685);
#684 = CARTESIAN_POINT('',(53.892302852349,4.81677852349,0.8));
#685 = VECTOR('',#686,1.);
#686 = DIRECTION('',(0.,1.,0.));
#687 = ORIENTED_EDGE('',*,*,#688,.T.);
#688 = EDGE_CURVE('',#681,#689,#691,.T.);
#689 = VERTEX_POINT('',#690);
#690 = CARTESIAN_POINT('',(55.999790268456,6.677181208054,0.8));
#691 = LINE('',#692,#693);
#692 = CARTESIAN_POINT('',(53.892302852349,6.677181208054,0.8));
#693 = VECTOR('',#694,1.);
#694 = DIRECTION('',(1.,0.,0.));
#695 = ORIENTED_EDGE('',*,*,#696,.T.);
#696 = EDGE_CURVE('',#689,#697,#699,.T.);
#697 = VERTEX_POINT('',#698);
#698 = CARTESIAN_POINT('',(55.999790268456,6.057046979866,0.8));
#699 = LINE('',#700,#701);
#700 = CARTESIAN_POINT('',(55.999790268456,6.677181208054,0.8));
#701 = VECTOR('',#702,1.);
#702 = DIRECTION('',(0.,-1.,-0.));
#703 = ORIENTED_EDGE('',*,*,#704,.T.);
#704 = EDGE_CURVE('',#697,#705,#707,.T.);
#705 = VERTEX_POINT('',#706);
#706 = CARTESIAN_POINT('',(54.568372483221,6.057046979866,0.8));
#707 = LINE('',#708,#709);
#708 = CARTESIAN_POINT('',(55.999790268456,6.057046979866,0.8));
#709 = VECTOR('',#710,1.);
#710 = DIRECTION('',(-1.,0.,0.));
#711 = ORIENTED_EDGE('',*,*,#712,.T.);
#712 = EDGE_CURVE('',#705,#713,#715,.T.);
#713 = VERTEX_POINT('',#714);
#714 = CARTESIAN_POINT('',(54.568372483221,5.54129614094,0.8));
#715 = LINE('',#716,#717);
#716 = CARTESIAN_POINT('',(54.568372483221,6.057046979866,0.8));
#717 = VECTOR('',#718,1.);
#718 = DIRECTION('',(0.,-1.,-0.));
#719 = ORIENTED_EDGE('',*,*,#720,.T.);
#720 = EDGE_CURVE('',#713,#721,#723,.T.);
#721 = VERTEX_POINT('',#722);
#722 = CARTESIAN_POINT('',(54.763192114094,5.582256711409,0.8));
#723 = B_SPLINE_CURVE_WITH_KNOTS('',2,(#724,#725,#726),.UNSPECIFIED.,.F.
  ,.F.,(3,3),(0.,1.),.PIECEWISE_BEZIER_KNOTS.);
#724 = CARTESIAN_POINT('',(54.568372483221,5.54129614094,0.8));
#725 = CARTESIAN_POINT('',(54.665268456376,5.567869127517,0.8));
#726 = CARTESIAN_POINT('',(54.763192114094,5.582256711409,0.8));
#727 = ORIENTED_EDGE('',*,*,#728,.T.);
#728 = EDGE_CURVE('',#721,#729,#731,.T.);
#729 = VERTEX_POINT('',#730);
#730 = CARTESIAN_POINT('',(54.966967281879,5.596644295302,0.8));
#731 = B_SPLINE_CURVE_WITH_KNOTS('',2,(#732,#733,#734),.UNSPECIFIED.,.F.
  ,.F.,(3,3),(0.,1.),.PIECEWISE_BEZIER_KNOTS.);
#732 = CARTESIAN_POINT('',(54.763192114094,5.582256711409,0.8));
#733 = CARTESIAN_POINT('',(54.861262583893,5.596644295302,0.8));
#734 = CARTESIAN_POINT('',(54.966967281879,5.596644295302,0.8));
#735 = ORIENTED_EDGE('',*,*,#736,.T.);
#736 = EDGE_CURVE('',#729,#737,#739,.T.);
#737 = VERTEX_POINT('',#738);
#738 = CARTESIAN_POINT('',(55.902894295302,5.296119966443,0.8));
#739 = B_SPLINE_CURVE_WITH_KNOTS('',2,(#740,#741,#742),.UNSPECIFIED.,.F.
  ,.F.,(3,3),(0.,1.),.PIECEWISE_BEZIER_KNOTS.);
#740 = CARTESIAN_POINT('',(54.966967281879,5.596644295302,0.8));
#741 = CARTESIAN_POINT('',(55.568162751678,5.596644295302,0.8));
#742 = CARTESIAN_POINT('',(55.902894295302,5.296119966443,0.8));
#743 = ORIENTED_EDGE('',*,*,#744,.T.);
#744 = EDGE_CURVE('',#737,#745,#747,.T.);
#745 = VERTEX_POINT('',#746);
#746 = CARTESIAN_POINT('',(56.237625838926,4.45870385906,0.8));
#747 = B_SPLINE_CURVE_WITH_KNOTS('',2,(#748,#749,#750),.UNSPECIFIED.,.F.
  ,.F.,(3,3),(0.,1.),.PIECEWISE_BEZIER_KNOTS.);
#748 = CARTESIAN_POINT('',(55.902894295302,5.296119966443,0.8));
#749 = CARTESIAN_POINT('',(56.237625838926,4.995742449664,0.8));
#750 = CARTESIAN_POINT('',(56.237625838926,4.45870385906,0.8));
#751 = ORIENTED_EDGE('',*,*,#752,.T.);
#752 = EDGE_CURVE('',#745,#753,#755,.T.);
#753 = VERTEX_POINT('',#754);
#754 = CARTESIAN_POINT('',(55.873091442953,3.624370805369,0.8));
#755 = B_SPLINE_CURVE_WITH_KNOTS('',2,(#756,#757,#758),.UNSPECIFIED.,.F.
  ,.F.,(3,3),(0.,1.),.PIECEWISE_BEZIER_KNOTS.);
#756 = CARTESIAN_POINT('',(56.237625838926,4.45870385906,0.8));
#757 = CARTESIAN_POINT('',(56.237625838926,3.925922818792,0.8));
#758 = CARTESIAN_POINT('',(55.873091442953,3.624370805369,0.8));
#759 = ORIENTED_EDGE('',*,*,#760,.T.);
#760 = EDGE_CURVE('',#753,#761,#763,.T.);
#761 = VERTEX_POINT('',#762);
#762 = CARTESIAN_POINT('',(54.861262583893,3.322818791946,0.8));
#763 = B_SPLINE_CURVE_WITH_KNOTS('',2,(#764,#765,#766),.UNSPECIFIED.,.F.
  ,.F.,(3,3),(0.,1.),.PIECEWISE_BEZIER_KNOTS.);
#764 = CARTESIAN_POINT('',(55.873091442953,3.624370805369,0.8));
#765 = CARTESIAN_POINT('',(55.50870385906,3.322818791946,0.8));
#766 = CARTESIAN_POINT('',(54.861262583893,3.322818791946,0.8));
#767 = ORIENTED_EDGE('',*,*,#768,.T.);
#768 = EDGE_CURVE('',#761,#769,#771,.T.);
#769 = VERTEX_POINT('',#770);
#770 = CARTESIAN_POINT('',(54.307340604027,3.376405201342,0.8));
#771 = B_SPLINE_CURVE_WITH_KNOTS('',2,(#772,#773,#774),.UNSPECIFIED.,.F.
  ,.F.,(3,3),(0.,1.),.PIECEWISE_BEZIER_KNOTS.);
#772 = CARTESIAN_POINT('',(54.861262583893,3.322818791946,0.8));
#773 = CARTESIAN_POINT('',(54.58158557047,3.322818791946,0.8));
#774 = CARTESIAN_POINT('',(54.307340604027,3.376405201342,0.8));
#775 = ORIENTED_EDGE('',*,*,#776,.T.);
#776 = EDGE_CURVE('',#769,#777,#779,.T.);
#777 = VERTEX_POINT('',#778);
#778 = CARTESIAN_POINT('',(53.762374161074,3.538926174497,0.8));
#779 = B_SPLINE_CURVE_WITH_KNOTS('',2,(#780,#781,#782),.UNSPECIFIED.,.F.
  ,.F.,(3,3),(0.,1.),.PIECEWISE_BEZIER_KNOTS.);
#780 = CARTESIAN_POINT('',(54.307340604027,3.376405201342,0.8));
#781 = CARTESIAN_POINT('',(54.033242449664,3.429844798658,0.8));
#782 = CARTESIAN_POINT('',(53.762374161074,3.538926174497,0.8));
#783 = ORIENTED_EDGE('',*,*,#784,.T.);
#784 = EDGE_CURVE('',#777,#785,#787,.T.);
#785 = VERTEX_POINT('',#786);
#786 = CARTESIAN_POINT('',(53.762374161074,4.206040268456,0.8));
#787 = LINE('',#788,#789);
#788 = CARTESIAN_POINT('',(53.762374161074,3.538926174497,0.8));
#789 = VECTOR('',#790,1.);
#790 = DIRECTION('',(0.,1.,0.));
#791 = ORIENTED_EDGE('',*,*,#792,.T.);
#792 = EDGE_CURVE('',#785,#793,#795,.T.);
#793 = VERTEX_POINT('',#794);
#794 = CARTESIAN_POINT('',(54.272105704698,3.973489932886,0.8));
#795 = B_SPLINE_CURVE_WITH_KNOTS('',2,(#796,#797,#798),.UNSPECIFIED.,.F.
  ,.F.,(3,3),(0.,1.),.PIECEWISE_BEZIER_KNOTS.);
#796 = CARTESIAN_POINT('',(53.762374161074,4.206040268456,0.8));
#797 = CARTESIAN_POINT('',(54.031040268456,4.051006711409,0.8));
#798 = CARTESIAN_POINT('',(54.272105704698,3.973489932886,0.8));
#799 = ORIENTED_EDGE('',*,*,#800,.T.);
#800 = EDGE_CURVE('',#793,#801,#803,.T.);
#801 = VERTEX_POINT('',#802);
#802 = CARTESIAN_POINT('',(54.726929530201,3.895973154362,0.8));
#803 = B_SPLINE_CURVE_WITH_KNOTS('',2,(#804,#805,#806),.UNSPECIFIED.,.F.
  ,.F.,(3,3),(0.,1.),.PIECEWISE_BEZIER_KNOTS.);
#804 = CARTESIAN_POINT('',(54.272105704698,3.973489932886,0.8));
#805 = CARTESIAN_POINT('',(54.51331795302,3.895973154362,0.8));
#806 = CARTESIAN_POINT('',(54.726929530201,3.895973154362,0.8));
#807 = ORIENTED_EDGE('',*,*,#808,.T.);
#808 = EDGE_CURVE('',#801,#809,#811,.T.);
#809 = VERTEX_POINT('',#810);
#810 = CARTESIAN_POINT('',(55.212437080537,4.046749161074,0.8));
#811 = B_SPLINE_CURVE_WITH_KNOTS('',2,(#812,#813,#814),.UNSPECIFIED.,.F.
  ,.F.,(3,3),(0.,1.),.PIECEWISE_BEZIER_KNOTS.);
#812 = CARTESIAN_POINT('',(54.726929530201,3.895973154362,0.8));
#813 = CARTESIAN_POINT('',(55.035234899329,3.895973154362,0.8));
#814 = CARTESIAN_POINT('',(55.212437080537,4.046749161074,0.8));
#815 = ORIENTED_EDGE('',*,*,#816,.T.);
#816 = EDGE_CURVE('',#809,#817,#819,.T.);
#817 = VERTEX_POINT('',#818);
#818 = CARTESIAN_POINT('',(55.389786073826,4.455033557047,0.8));
#819 = B_SPLINE_CURVE_WITH_KNOTS('',2,(#820,#821,#822),.UNSPECIFIED.,.F.
  ,.F.,(3,3),(0.,1.),.PIECEWISE_BEZIER_KNOTS.);
#820 = CARTESIAN_POINT('',(55.212437080537,4.046749161074,0.8));
#821 = CARTESIAN_POINT('',(55.389786073825,4.197525167785,0.8));
#822 = CARTESIAN_POINT('',(55.389786073825,4.455033557047,0.8));
#823 = ORIENTED_EDGE('',*,*,#824,.T.);
#824 = EDGE_CURVE('',#817,#825,#827,.T.);
#825 = VERTEX_POINT('',#826);
#826 = CARTESIAN_POINT('',(55.212437080537,4.864345637584,0.8));
#827 = B_SPLINE_CURVE_WITH_KNOTS('',2,(#828,#829,#830),.UNSPECIFIED.,.F.
  ,.F.,(3,3),(0.,1.),.PIECEWISE_BEZIER_KNOTS.);
#828 = CARTESIAN_POINT('',(55.389786073825,4.455033557047,0.8));
#829 = CARTESIAN_POINT('',(55.389786073825,4.714744127517,0.8));
#830 = CARTESIAN_POINT('',(55.212437080537,4.864345637584,0.8));
#831 = ORIENTED_EDGE('',*,*,#832,.T.);
#832 = EDGE_CURVE('',#825,#833,#835,.T.);
#833 = VERTEX_POINT('',#834);
#834 = CARTESIAN_POINT('',(54.726929530201,5.014093959732,0.8));
#835 = B_SPLINE_CURVE_WITH_KNOTS('',2,(#836,#837,#838),.UNSPECIFIED.,.F.
  ,.F.,(3,3),(0.,1.),.PIECEWISE_BEZIER_KNOTS.);
#836 = CARTESIAN_POINT('',(55.212437080537,4.864345637584,0.8));
#837 = CARTESIAN_POINT('',(55.035234899329,5.014093959732,0.8));
#838 = CARTESIAN_POINT('',(54.726929530201,5.014093959732,0.8));
#839 = ORIENTED_EDGE('',*,*,#840,.T.);
#840 = EDGE_CURVE('',#833,#841,#843,.T.);
#841 = VERTEX_POINT('',#842);
#842 = CARTESIAN_POINT('',(54.337143456376,4.965792785235,0.8));
#843 = B_SPLINE_CURVE_WITH_KNOTS('',2,(#844,#845,#846),.UNSPECIFIED.,.F.
  ,.F.,(3,3),(0.,1.),.PIECEWISE_BEZIER_KNOTS.);
#844 = CARTESIAN_POINT('',(54.726929530201,5.014093959732,0.8));
#845 = CARTESIAN_POINT('',(54.544148489933,5.014093959732,0.8));
#846 = CARTESIAN_POINT('',(54.337143456376,4.965792785235,0.8));
#847 = ORIENTED_EDGE('',*,*,#848,.T.);
#848 = EDGE_CURVE('',#841,#679,#849,.T.);
#849 = B_SPLINE_CURVE_WITH_KNOTS('',2,(#850,#851,#852),.UNSPECIFIED.,.F.
  ,.F.,(3,3),(0.,1.),.PIECEWISE_BEZIER_KNOTS.);
#850 = CARTESIAN_POINT('',(54.337143456376,4.965792785235,0.8));
#851 = CARTESIAN_POINT('',(54.130138422819,4.917638422819,0.8));
#852 = CARTESIAN_POINT('',(53.892302852349,4.81677852349,0.8));
#853 = FACE_BOUND('',#854,.T.);
#854 = EDGE_LOOP('',(#855,#865,#873,#881,#889,#897,#905,#913,#921,#929,
    #937,#945,#953,#961,#969,#977,#985));
#855 = ORIENTED_EDGE('',*,*,#856,.T.);
#856 = EDGE_CURVE('',#857,#859,#861,.T.);
#857 = VERTEX_POINT('',#858);
#858 = CARTESIAN_POINT('',(67.669463087248,6.670134228188,0.8));
#859 = VERTEX_POINT('',#860);
#860 = CARTESIAN_POINT('',(68.092281879195,6.564429530201,0.8));
#861 = B_SPLINE_CURVE_WITH_KNOTS('',2,(#862,#863,#864),.UNSPECIFIED.,.F.
  ,.F.,(3,3),(0.,1.),.PIECEWISE_BEZIER_KNOTS.);
#862 = CARTESIAN_POINT('',(67.669463087248,6.670134228188,0.8));
#863 = CARTESIAN_POINT('',(67.88307466443,6.634899328859,0.8));
#864 = CARTESIAN_POINT('',(68.092281879195,6.564429530201,0.8));
#865 = ORIENTED_EDGE('',*,*,#866,.T.);
#866 = EDGE_CURVE('',#859,#867,#869,.T.);
#867 = VERTEX_POINT('',#868);
#868 = CARTESIAN_POINT('',(68.092281879195,5.953691275168,0.8));
#869 = LINE('',#870,#871);
#870 = CARTESIAN_POINT('',(68.092281879195,6.564429530201,0.8));
#871 = VECTOR('',#872,1.);
#872 = DIRECTION('',(0.,-1.,-0.));
#873 = ORIENTED_EDGE('',*,*,#874,.T.);
#874 = EDGE_CURVE('',#867,#875,#877,.T.);
#875 = VERTEX_POINT('',#876);
#876 = CARTESIAN_POINT('',(67.698091442953,6.102705536913,0.8));
#877 = B_SPLINE_CURVE_WITH_KNOTS('',2,(#878,#879,#880),.UNSPECIFIED.,.F.
  ,.F.,(3,3),(0.,1.),.PIECEWISE_BEZIER_KNOTS.);
#878 = CARTESIAN_POINT('',(68.092281879195,5.953691275168,0.8));
#879 = CARTESIAN_POINT('',(67.88307466443,6.054551174497,0.8));
#880 = CARTESIAN_POINT('',(67.698091442953,6.102705536913,0.8));
#881 = ORIENTED_EDGE('',*,*,#882,.T.);
#882 = EDGE_CURVE('',#875,#883,#885,.T.);
#883 = VERTEX_POINT('',#884);
#884 = CARTESIAN_POINT('',(67.336933724832,6.151006711409,0.8));
#885 = B_SPLINE_CURVE_WITH_KNOTS('',2,(#886,#887,#888),.UNSPECIFIED.,.F.
  ,.F.,(3,3),(0.,1.),.PIECEWISE_BEZIER_KNOTS.);
#886 = CARTESIAN_POINT('',(67.698091442953,6.102705536913,0.8));
#887 = CARTESIAN_POINT('',(67.513108221477,6.151006711409,0.8));
#888 = CARTESIAN_POINT('',(67.336933724832,6.151006711409,0.8));
#889 = ORIENTED_EDGE('',*,*,#890,.T.);
#890 = EDGE_CURVE('',#883,#891,#893,.T.);
#891 = VERTEX_POINT('',#892);
#892 = CARTESIAN_POINT('',(66.746749161074,5.940478187919,0.8));
#893 = B_SPLINE_CURVE_WITH_KNOTS('',2,(#894,#895,#896),.UNSPECIFIED.,.F.
  ,.F.,(3,3),(0.,1.),.PIECEWISE_BEZIER_KNOTS.);
#894 = CARTESIAN_POINT('',(67.336933724832,6.151006711409,0.8));
#895 = CARTESIAN_POINT('',(66.958158557047,6.151006711409,0.8));
#896 = CARTESIAN_POINT('',(66.746749161074,5.940478187919,0.8));
#897 = ORIENTED_EDGE('',*,*,#898,.T.);
#898 = EDGE_CURVE('',#891,#899,#901,.T.);
#899 = VERTEX_POINT('',#900);
#900 = CARTESIAN_POINT('',(66.500104865772,5.315499161074,0.8));
#901 = B_SPLINE_CURVE_WITH_KNOTS('',2,(#902,#903,#904),.UNSPECIFIED.,.F.
  ,.F.,(3,3),(0.,1.),.PIECEWISE_BEZIER_KNOTS.);
#902 = CARTESIAN_POINT('',(66.746749161074,5.940478187919,0.8));
#903 = CARTESIAN_POINT('',(66.535339765101,5.72994966443,0.8));
#904 = CARTESIAN_POINT('',(66.500104865772,5.315499161074,0.8));
#905 = ORIENTED_EDGE('',*,*,#906,.T.);
#906 = EDGE_CURVE('',#899,#907,#909,.T.);
#907 = VERTEX_POINT('',#908);
#908 = CARTESIAN_POINT('',(66.815016778523,5.476992449664,0.8));
#909 = B_SPLINE_CURVE_WITH_KNOTS('',2,(#910,#911,#912),.UNSPECIFIED.,.F.
  ,.F.,(3,3),(0.,1.),.PIECEWISE_BEZIER_KNOTS.);
#910 = CARTESIAN_POINT('',(66.500104865772,5.315499161074,0.8));
#911 = CARTESIAN_POINT('',(66.645448825503,5.423259228188,0.8));
#912 = CARTESIAN_POINT('',(66.815016778523,5.476992449664,0.8));
#913 = ORIENTED_EDGE('',*,*,#914,.T.);
#914 = EDGE_CURVE('',#907,#915,#917,.T.);
#915 = VERTEX_POINT('',#916);
#916 = CARTESIAN_POINT('',(67.184983221477,5.530872483221,0.8));
#917 = B_SPLINE_CURVE_WITH_KNOTS('',2,(#918,#919,#920),.UNSPECIFIED.,.F.
  ,.F.,(3,3),(0.,1.),.PIECEWISE_BEZIER_KNOTS.);
#918 = CARTESIAN_POINT('',(66.815016778523,5.476992449664,0.8));
#919 = CARTESIAN_POINT('',(66.984584731544,5.530872483221,0.8));
#920 = CARTESIAN_POINT('',(67.184983221477,5.530872483221,0.8));
#921 = ORIENTED_EDGE('',*,*,#922,.T.);
#922 = EDGE_CURVE('',#915,#923,#925,.T.);
#923 = VERTEX_POINT('',#924);
#924 = CARTESIAN_POINT('',(67.998615771812,5.235339765101,0.8));
#925 = B_SPLINE_CURVE_WITH_KNOTS('',2,(#926,#927,#928),.UNSPECIFIED.,.F.
  ,.F.,(3,3),(0.,1.),.PIECEWISE_BEZIER_KNOTS.);
#926 = CARTESIAN_POINT('',(67.184983221477,5.530872483221,0.8));
#927 = CARTESIAN_POINT('',(67.689282718121,5.530872483221,0.8));
#928 = CARTESIAN_POINT('',(67.998615771812,5.235339765101,0.8));
#929 = ORIENTED_EDGE('',*,*,#930,.T.);
#930 = EDGE_CURVE('',#923,#931,#933,.T.);
#931 = VERTEX_POINT('',#932);
#932 = CARTESIAN_POINT('',(68.308095637584,4.46119966443,0.8));
#933 = B_SPLINE_CURVE_WITH_KNOTS('',2,(#934,#935,#936),.UNSPECIFIED.,.F.
  ,.F.,(3,3),(0.,1.),.PIECEWISE_BEZIER_KNOTS.);
#934 = CARTESIAN_POINT('',(67.998615771812,5.235339765101,0.8));
#935 = CARTESIAN_POINT('',(68.308095637584,4.93980704698,0.8));
#936 = CARTESIAN_POINT('',(68.308095637584,4.46119966443,0.8));
#937 = ORIENTED_EDGE('',*,*,#938,.T.);
#938 = EDGE_CURVE('',#931,#939,#941,.T.);
#939 = VERTEX_POINT('',#940);
#940 = CARTESIAN_POINT('',(67.962353187919,3.613213087248,0.8));
#941 = B_SPLINE_CURVE_WITH_KNOTS('',2,(#942,#943,#944),.UNSPECIFIED.,.F.
  ,.F.,(3,3),(0.,1.),.PIECEWISE_BEZIER_KNOTS.);
#942 = CARTESIAN_POINT('',(68.308095637584,4.46119966443,0.8));
#943 = CARTESIAN_POINT('',(68.308095637584,3.931942114094,0.8));
#944 = CARTESIAN_POINT('',(67.962353187919,3.613213087248,0.8));
#945 = ORIENTED_EDGE('',*,*,#946,.T.);
#946 = EDGE_CURVE('',#939,#947,#949,.T.);
#947 = VERTEX_POINT('',#948);
#948 = CARTESIAN_POINT('',(67.035234899329,3.294630872483,0.8));
#949 = B_SPLINE_CURVE_WITH_KNOTS('',2,(#950,#951,#952),.UNSPECIFIED.,.F.
  ,.F.,(3,3),(0.,1.),.PIECEWISE_BEZIER_KNOTS.);
#950 = CARTESIAN_POINT('',(67.962353187919,3.613213087248,0.8));
#951 = CARTESIAN_POINT('',(67.616610738255,3.294630872483,0.8));
#952 = CARTESIAN_POINT('',(67.035234899329,3.294630872483,0.8));
#953 = ORIENTED_EDGE('',*,*,#954,.T.);
#954 = EDGE_CURVE('',#947,#955,#957,.T.);
#955 = VERTEX_POINT('',#956);
#956 = CARTESIAN_POINT('',(66.04307885906,3.727873322148,0.8));
#957 = B_SPLINE_CURVE_WITH_KNOTS('',2,(#958,#959,#960),.UNSPECIFIED.,.F.
  ,.F.,(3,3),(0.,1.),.PIECEWISE_BEZIER_KNOTS.);
#958 = CARTESIAN_POINT('',(67.035234899329,3.294630872483,0.8));
#959 = CARTESIAN_POINT('',(66.394400167785,3.294630872483,0.8));
#960 = CARTESIAN_POINT('',(66.04307885906,3.727873322148,0.8));
#961 = ORIENTED_EDGE('',*,*,#962,.T.);
#962 = EDGE_CURVE('',#955,#963,#965,.T.);
#963 = VERTEX_POINT('',#964);
#964 = CARTESIAN_POINT('',(65.691904362416,4.956984060403,0.8));
#965 = B_SPLINE_CURVE_WITH_KNOTS('',2,(#966,#967,#968),.UNSPECIFIED.,.F.
  ,.F.,(3,3),(0.,1.),.PIECEWISE_BEZIER_KNOTS.);
#966 = CARTESIAN_POINT('',(66.04307885906,3.727873322148,0.8));
#967 = CARTESIAN_POINT('',(65.691904362416,4.161115771812,0.8));
#968 = CARTESIAN_POINT('',(65.691904362416,4.956984060403,0.8));
#969 = ORIENTED_EDGE('',*,*,#970,.T.);
#970 = EDGE_CURVE('',#963,#971,#973,.T.);
#971 = VERTEX_POINT('',#972);
#972 = CARTESIAN_POINT('',(66.102537751678,6.239093959732,0.8));
#973 = B_SPLINE_CURVE_WITH_KNOTS('',2,(#974,#975,#976),.UNSPECIFIED.,.F.
  ,.F.,(3,3),(0.,1.),.PIECEWISE_BEZIER_KNOTS.);
#974 = CARTESIAN_POINT('',(65.691904362416,4.956984060403,0.8));
#975 = CARTESIAN_POINT('',(65.691904362416,5.772818791946,0.8));
#976 = CARTESIAN_POINT('',(66.102537751678,6.239093959732,0.8));
#977 = ORIENTED_EDGE('',*,*,#978,.T.);
#978 = EDGE_CURVE('',#971,#979,#981,.T.);
#979 = VERTEX_POINT('',#980);
#980 = CARTESIAN_POINT('',(67.229026845638,6.705369127517,0.8));
#981 = B_SPLINE_CURVE_WITH_KNOTS('',2,(#982,#983,#984),.UNSPECIFIED.,.F.
  ,.F.,(3,3),(0.,1.),.PIECEWISE_BEZIER_KNOTS.);
#982 = CARTESIAN_POINT('',(66.102537751678,6.239093959732,0.8));
#983 = CARTESIAN_POINT('',(66.51331795302,6.705369127517,0.8));
#984 = CARTESIAN_POINT('',(67.229026845638,6.705369127517,0.8));
#985 = ORIENTED_EDGE('',*,*,#986,.T.);
#986 = EDGE_CURVE('',#979,#857,#987,.T.);
#987 = B_SPLINE_CURVE_WITH_KNOTS('',2,(#988,#989,#990),.UNSPECIFIED.,.F.
  ,.F.,(3,3),(0.,1.),.PIECEWISE_BEZIER_KNOTS.);
#988 = CARTESIAN_POINT('',(67.229026845638,6.705369127517,0.8));
#989 = CARTESIAN_POINT('',(67.455851510067,6.705369127517,0.8));
#990 = CARTESIAN_POINT('',(67.669463087248,6.670134228188,0.8));
#991 = FACE_BOUND('',#992,.T.);
#992 = EDGE_LOOP('',(#993,#1003,#1011,#1019,#1027,#1035,#1043));
#993 = ORIENTED_EDGE('',*,*,#994,.T.);
#994 = EDGE_CURVE('',#995,#997,#999,.T.);
#995 = VERTEX_POINT('',#996);
#996 = CARTESIAN_POINT('',(77.76127307047,6.024161073826,0.8));
#997 = VERTEX_POINT('',#998);
#998 = CARTESIAN_POINT('',(77.76127307047,6.644295302013,0.8));
#999 = LINE('',#1000,#1001);
#1000 = CARTESIAN_POINT('',(77.76127307047,6.024161073826,0.8));
#1001 = VECTOR('',#1002,1.);
#1002 = DIRECTION('',(0.,1.,0.));
#1003 = ORIENTED_EDGE('',*,*,#1004,.T.);
#1004 = EDGE_CURVE('',#997,#1005,#1007,.T.);
#1005 = VERTEX_POINT('',#1006);
#1006 = CARTESIAN_POINT('',(80.23872692953,6.644295302013,0.8));
#1007 = LINE('',#1008,#1009);
#1008 = CARTESIAN_POINT('',(77.76127307047,6.644295302013,0.8));
#1009 = VECTOR('',#1010,1.);
#1010 = DIRECTION('',(1.,0.,0.));
#1011 = ORIENTED_EDGE('',*,*,#1012,.T.);
#1012 = EDGE_CURVE('',#1005,#1013,#1015,.T.);
#1013 = VERTEX_POINT('',#1014);
#1014 = CARTESIAN_POINT('',(80.23872692953,6.166275167785,0.8));
#1015 = LINE('',#1016,#1017);
#1016 = CARTESIAN_POINT('',(80.23872692953,6.644295302013,0.8));
#1017 = VECTOR('',#1018,1.);
#1018 = DIRECTION('',(0.,-1.,-0.));
#1019 = ORIENTED_EDGE('',*,*,#1020,.T.);
#1020 = EDGE_CURVE('',#1013,#1021,#1023,.T.);
#1021 = VERTEX_POINT('',#1022);
#1022 = CARTESIAN_POINT('',(78.957057466443,3.355704697987,0.8));
#1023 = LINE('',#1024,#1025);
#1024 = CARTESIAN_POINT('',(80.23872692953,6.166275167785,0.8));
#1025 = VECTOR('',#1026,1.);
#1026 = DIRECTION('',(-0.414912690401,-0.909861230817,0.));
#1027 = ORIENTED_EDGE('',*,*,#1028,.T.);
#1028 = EDGE_CURVE('',#1021,#1029,#1031,.T.);
#1029 = VERTEX_POINT('',#1030);
#1030 = CARTESIAN_POINT('',(78.131239513423,3.355704697987,0.8));
#1031 = LINE('',#1032,#1033);
#1032 = CARTESIAN_POINT('',(78.957057466443,3.355704697987,0.8));
#1033 = VECTOR('',#1034,1.);
#1034 = DIRECTION('',(-1.,0.,0.));
#1035 = ORIENTED_EDGE('',*,*,#1036,.T.);
#1036 = EDGE_CURVE('',#1029,#1037,#1039,.T.);
#1037 = VERTEX_POINT('',#1038);
#1038 = CARTESIAN_POINT('',(79.34464135906,6.024161073826,0.8));
#1039 = LINE('',#1040,#1041);
#1040 = CARTESIAN_POINT('',(78.131239513423,3.355704697987,0.8));
#1041 = VECTOR('',#1042,1.);
#1042 = DIRECTION('',(0.413935007817,0.910306437033,0.));
#1043 = ORIENTED_EDGE('',*,*,#1044,.T.);
#1044 = EDGE_CURVE('',#1037,#995,#1045,.T.);
#1045 = LINE('',#1046,#1047);
#1046 = CARTESIAN_POINT('',(79.34464135906,6.024161073826,0.8));
#1047 = VECTOR('',#1048,1.);
#1048 = DIRECTION('',(-1.,0.,0.));
#1049 = FACE_BOUND('',#1050,.T.);
#1050 = EDGE_LOOP('',(#1051));
#1051 = ORIENTED_EDGE('',*,*,#1052,.F.);
#1052 = EDGE_CURVE('',#1053,#1053,#1055,.T.);
#1053 = VERTEX_POINT('',#1054);
#1054 = CARTESIAN_POINT('',(11.85,15.,0.8));
#1055 = CIRCLE('',#1056,4.85);
#1056 = AXIS2_PLACEMENT_3D('',#1057,#1058,#1059);
#1057 = CARTESIAN_POINT('',(7.,15.,0.8));
#1058 = DIRECTION('',(0.,0.,1.));
#1059 = DIRECTION('',(1.,0.,-0.));
#1060 = FACE_BOUND('',#1061,.T.);
#1061 = EDGE_LOOP('',(#1062));
#1062 = ORIENTED_EDGE('',*,*,#1063,.F.);
#1063 = EDGE_CURVE('',#1064,#1064,#1066,.T.);
#1064 = VERTEX_POINT('',#1065);
#1065 = CARTESIAN_POINT('',(23.85,15.,0.8));
#1066 = CIRCLE('',#1067,4.85);
#1067 = AXIS2_PLACEMENT_3D('',#1068,#1069,#1070);
#1068 = CARTESIAN_POINT('',(19.,15.,0.8));
#1069 = DIRECTION('',(0.,0.,1.));
#1070 = DIRECTION('',(1.,0.,-0.));
#1071 = FACE_BOUND('',#1072,.T.);
#1072 = EDGE_LOOP('',(#1073));
#1073 = ORIENTED_EDGE('',*,*,#1074,.F.);
#1074 = EDGE_CURVE('',#1075,#1075,#1077,.T.);
#1075 = VERTEX_POINT('',#1076);
#1076 = CARTESIAN_POINT('',(35.85,15.,0.8));
#1077 = CIRCLE('',#1078,4.85);
#1078 = AXIS2_PLACEMENT_3D('',#1079,#1080,#1081);
#1079 = CARTESIAN_POINT('',(31.,15.,0.8));
#1080 = DIRECTION('',(0.,0.,1.));
#1081 = DIRECTION('',(1.,0.,-0.));
#1082 = FACE_BOUND('',#1083,.T.);
#1083 = EDGE_LOOP('',(#1084));
#1084 = ORIENTED_EDGE('',*,*,#1085,.F.);
#1085 = EDGE_CURVE('',#1086,#1086,#1088,.T.);
#1086 = VERTEX_POINT('',#1087);
#1087 = CARTESIAN_POINT('',(47.85,15.,0.8));
#1088 = CIRCLE('',#1089,4.85);
#1089 = AXIS2_PLACEMENT_3D('',#1090,#1091,#1092);
#1090 = CARTESIAN_POINT('',(43.,15.,0.8));
#1091 = DIRECTION('',(0.,0.,1.));
#1092 = DIRECTION('',(1.,0.,-0.));
#1093 = FACE_BOUND('',#1094,.T.);
#1094 = EDGE_LOOP('',(#1095));
#1095 = ORIENTED_EDGE('',*,*,#1096,.F.);
#1096 = EDGE_CURVE('',#1097,#1097,#1099,.T.);
#1097 = VERTEX_POINT('',#1098);
#1098 = CARTESIAN_POINT('',(59.85,15.,0.8));
#1099 = CIRCLE('',#1100,4.85);
#1100 = AXIS2_PLACEMENT_3D('',#1101,#1102,#1103);
#1101 = CARTESIAN_POINT('',(55.,15.,0.8));
#1102 = DIRECTION('',(0.,0.,1.));
#1103 = DIRECTION('',(1.,0.,-0.));
#1104 = FACE_BOUND('',#1105,.T.);
#1105 = EDGE_LOOP('',(#1106));
#1106 = ORIENTED_EDGE('',*,*,#1107,.F.);
#1107 = EDGE_CURVE('',#1108,#1108,#1110,.T.);
#1108 = VERTEX_POINT('',#1109);
#1109 = CARTESIAN_POINT('',(71.85,15.,0.8));
#1110 = CIRCLE('',#1111,4.85);
#1111 = AXIS2_PLACEMENT_3D('',#1112,#1113,#1114);
#1112 = CARTESIAN_POINT('',(67.,15.,0.8));
#1113 = DIRECTION('',(0.,0.,1.));
#1114 = DIRECTION('',(1.,0.,-0.));
#1115 = FACE_BOUND('',#1116,.T.);
#1116 = EDGE_LOOP('',(#1117));
#1117 = ORIENTED_EDGE('',*,*,#1118,.F.);
#1118 = EDGE_CURVE('',#1119,#1119,#1121,.T.);
#1119 = VERTEX_POINT('',#1120);
#1120 = CARTESIAN_POINT('',(83.85,15.,0.8));
#1121 = CIRCLE('',#1122,4.85);
#1122 = AXIS2_PLACEMENT_3D('',#1123,#1124,#1125);
#1123 = CARTESIAN_POINT('',(79.,15.,0.8));
#1124 = DIRECTION('',(0.,0.,1.));
#1125 = DIRECTION('',(1.,0.,-0.));
#1126 = PLANE('',#1127);
#1127 = AXIS2_PLACEMENT_3D('',#1128,#1129,#1130);
#1128 = CARTESIAN_POINT('',(0.,0.,0.8));
#1129 = DIRECTION('',(0.,0.,1.));
#1130 = DIRECTION('',(1.,0.,-0.));
#1131 = ADVANCED_FACE('',(#1132),#1150,.T.);
#1132 = FACE_BOUND('',#1133,.T.);
#1133 = EDGE_LOOP('',(#1134,#1142,#1143,#1144));
#1134 = ORIENTED_EDGE('',*,*,#1135,.F.);
#1135 = EDGE_CURVE('',#32,#1136,#1138,.T.);
#1136 = VERTEX_POINT('',#1137);
#1137 = CARTESIAN_POINT('',(86.,22.,0.));
#1138 = LINE('',#1139,#1140);
#1139 = CARTESIAN_POINT('',(0.,22.,0.));
#1140 = VECTOR('',#1141,1.);
#1141 = DIRECTION('',(1.,0.,-0.));
#1142 = ORIENTED_EDGE('',*,*,#39,.T.);
#1143 = ORIENTED_EDGE('',*,*,#102,.T.);
#1144 = ORIENTED_EDGE('',*,*,#1145,.F.);
#1145 = EDGE_CURVE('',#1136,#95,#1146,.T.);
#1146 = LINE('',#1147,#1148);
#1147 = CARTESIAN_POINT('',(86.,22.,0.));
#1148 = VECTOR('',#1149,1.);
#1149 = DIRECTION('',(0.,0.,1.));
#1150 = PLANE('',#1151);
#1151 = AXIS2_PLACEMENT_3D('',#1152,#1153,#1154);
#1152 = CARTESIAN_POINT('',(0.,22.,0.));
#1153 = DIRECTION('',(-0.,1.,0.));
#1154 = DIRECTION('',(0.,0.,1.));
#1155 = ADVANCED_FACE('',(#1156),#1167,.T.);
#1156 = FACE_BOUND('',#1157,.T.);
#1157 = EDGE_LOOP('',(#1158,#1159,#1165,#1166));
#1158 = ORIENTED_EDGE('',*,*,#78,.F.);
#1159 = ORIENTED_EDGE('',*,*,#1160,.T.);
#1160 = EDGE_CURVE('',#62,#1136,#1161,.T.);
#1161 = LINE('',#1162,#1163);
#1162 = CARTESIAN_POINT('',(86.,0.,0.));
#1163 = VECTOR('',#1164,1.);
#1164 = DIRECTION('',(-0.,1.,0.));
#1165 = ORIENTED_EDGE('',*,*,#1145,.T.);
#1166 = ORIENTED_EDGE('',*,*,#94,.F.);
#1167 = PLANE('',#1168);
#1168 = AXIS2_PLACEMENT_3D('',#1169,#1170,#1171);
#1169 = CARTESIAN_POINT('',(86.,0.,0.));
#1170 = DIRECTION('',(1.,0.,-0.));
#1171 = DIRECTION('',(0.,0.,1.));
#1172 = ADVANCED_FACE('',(#1173),#1198,.T.);
#1173 = FACE_BOUND('',#1174,.T.);
#1174 = EDGE_LOOP('',(#1175,#1183,#1191,#1197));
#1175 = ORIENTED_EDGE('',*,*,#1176,.T.);
#1176 = EDGE_CURVE('',#111,#1177,#1179,.T.);
#1177 = VERTEX_POINT('',#1178);
#1178 = CARTESIAN_POINT('',(5.860371224832,3.355704697987,1.3));
#1179 = LINE('',#1180,#1181);
#1180 = CARTESIAN_POINT('',(5.860371224832,3.355704697987,0.8));
#1181 = VECTOR('',#1182,1.);
#1182 = DIRECTION('',(0.,0.,1.));
#1183 = ORIENTED_EDGE('',*,*,#1184,.T.);
#1184 = EDGE_CURVE('',#1177,#1185,#1187,.T.);
#1185 = VERTEX_POINT('',#1186);
#1186 = CARTESIAN_POINT('',(5.860371224832,3.938255033557,1.3));
#1187 = LINE('',#1188,#1189);
#1188 = CARTESIAN_POINT('',(5.860371224832,3.355704697987,1.3));
#1189 = VECTOR('',#1190,1.);
#1190 = DIRECTION('',(0.,1.,0.));
#1191 = ORIENTED_EDGE('',*,*,#1192,.F.);
#1192 = EDGE_CURVE('',#113,#1185,#1193,.T.);
#1193 = LINE('',#1194,#1195);
#1194 = CARTESIAN_POINT('',(5.860371224832,3.938255033557,0.8));
#1195 = VECTOR('',#1196,1.);
#1196 = DIRECTION('',(0.,0.,1.));
#1197 = ORIENTED_EDGE('',*,*,#110,.F.);
#1198 = PLANE('',#1199);
#1199 = AXIS2_PLACEMENT_3D('',#1200,#1201,#1202);
#1200 = CARTESIAN_POINT('',(5.860371224832,3.355704697987,0.8));
#1201 = DIRECTION('',(-1.,0.,0.));
#1202 = DIRECTION('',(0.,1.,0.));
#1203 = ADVANCED_FACE('',(#1204),#1222,.T.);
#1204 = FACE_BOUND('',#1205,.T.);
#1205 = EDGE_LOOP('',(#1206,#1214,#1220,#1221));
#1206 = ORIENTED_EDGE('',*,*,#1207,.T.);
#1207 = EDGE_CURVE('',#185,#1208,#1210,.T.);
#1208 = VERTEX_POINT('',#1209);
#1209 = CARTESIAN_POINT('',(8.15944840604,3.355704697987,1.3));
#1210 = LINE('',#1211,#1212);
#1211 = CARTESIAN_POINT('',(8.15944840604,3.355704697987,0.8));
#1212 = VECTOR('',#1213,1.);
#1213 = DIRECTION('',(0.,0.,1.));
#1214 = ORIENTED_EDGE('',*,*,#1215,.T.);
#1215 = EDGE_CURVE('',#1208,#1177,#1216,.T.);
#1216 = LINE('',#1217,#1218);
#1217 = CARTESIAN_POINT('',(8.15944840604,3.355704697987,1.3));
#1218 = VECTOR('',#1219,1.);
#1219 = DIRECTION('',(-1.,0.,0.));
#1220 = ORIENTED_EDGE('',*,*,#1176,.F.);
#1221 = ORIENTED_EDGE('',*,*,#192,.F.);
#1222 = PLANE('',#1223);
#1223 = AXIS2_PLACEMENT_3D('',#1224,#1225,#1226);
#1224 = CARTESIAN_POINT('',(8.15944840604,3.355704697987,0.8));
#1225 = DIRECTION('',(0.,-1.,0.));
#1226 = DIRECTION('',(-1.,0.,0.));
#1227 = ADVANCED_FACE('',(#1228),#1246,.T.);
#1228 = FACE_BOUND('',#1229,.T.);
#1229 = EDGE_LOOP('',(#1230,#1231,#1239,#1245));
#1230 = ORIENTED_EDGE('',*,*,#1192,.T.);
#1231 = ORIENTED_EDGE('',*,*,#1232,.T.);
#1232 = EDGE_CURVE('',#1185,#1233,#1235,.T.);
#1233 = VERTEX_POINT('',#1234);
#1234 = CARTESIAN_POINT('',(6.60911283557,3.938255033557,1.3));
#1235 = LINE('',#1236,#1237);
#1236 = CARTESIAN_POINT('',(5.860371224832,3.938255033557,1.3));
#1237 = VECTOR('',#1238,1.);
#1238 = DIRECTION('',(1.,0.,0.));
#1239 = ORIENTED_EDGE('',*,*,#1240,.F.);
#1240 = EDGE_CURVE('',#121,#1233,#1241,.T.);
#1241 = LINE('',#1242,#1243);
#1242 = CARTESIAN_POINT('',(6.60911283557,3.938255033557,0.8));
#1243 = VECTOR('',#1244,1.);
#1244 = DIRECTION('',(0.,0.,1.));
#1245 = ORIENTED_EDGE('',*,*,#120,.F.);
#1246 = PLANE('',#1247);
#1247 = AXIS2_PLACEMENT_3D('',#1248,#1249,#1250);
#1248 = CARTESIAN_POINT('',(5.860371224832,3.938255033557,0.8));
#1249 = DIRECTION('',(0.,1.,0.));
#1250 = DIRECTION('',(1.,0.,0.));
#1251 = ADVANCED_FACE('',(#1252),#1270,.T.);
#1252 = FACE_BOUND('',#1253,.T.);
#1253 = EDGE_LOOP('',(#1254,#1262,#1268,#1269));
#1254 = ORIENTED_EDGE('',*,*,#1255,.T.);
#1255 = EDGE_CURVE('',#177,#1256,#1258,.T.);
#1256 = VERTEX_POINT('',#1257);
#1257 = CARTESIAN_POINT('',(8.15944840604,3.938255033557,1.3));
#1258 = LINE('',#1259,#1260);
#1259 = CARTESIAN_POINT('',(8.15944840604,3.938255033557,0.8));
#1260 = VECTOR('',#1261,1.);
#1261 = DIRECTION('',(0.,0.,1.));
#1262 = ORIENTED_EDGE('',*,*,#1263,.T.);
#1263 = EDGE_CURVE('',#1256,#1208,#1264,.T.);
#1264 = LINE('',#1265,#1266);
#1265 = CARTESIAN_POINT('',(8.15944840604,3.938255033557,1.3));
#1266 = VECTOR('',#1267,1.);
#1267 = DIRECTION('',(0.,-1.,-0.));
#1268 = ORIENTED_EDGE('',*,*,#1207,.F.);
#1269 = ORIENTED_EDGE('',*,*,#184,.F.);
#1270 = PLANE('',#1271);
#1271 = AXIS2_PLACEMENT_3D('',#1272,#1273,#1274);
#1272 = CARTESIAN_POINT('',(8.15944840604,3.938255033557,0.8));
#1273 = DIRECTION('',(1.,0.,-0.));
#1274 = DIRECTION('',(0.,-1.,0.));
#1275 = ADVANCED_FACE('',(#1276),#1294,.T.);
#1276 = FACE_BOUND('',#1277,.T.);
#1277 = EDGE_LOOP('',(#1278,#1279,#1287,#1293));
#1278 = ORIENTED_EDGE('',*,*,#1240,.T.);
#1279 = ORIENTED_EDGE('',*,*,#1280,.T.);
#1280 = EDGE_CURVE('',#1233,#1281,#1283,.T.);
#1281 = VERTEX_POINT('',#1282);
#1282 = CARTESIAN_POINT('',(6.60911283557,6.071140939597,1.3));
#1283 = LINE('',#1284,#1285);
#1284 = CARTESIAN_POINT('',(6.60911283557,3.938255033557,1.3));
#1285 = VECTOR('',#1286,1.);
#1286 = DIRECTION('',(0.,1.,0.));
#1287 = ORIENTED_EDGE('',*,*,#1288,.F.);
#1288 = EDGE_CURVE('',#129,#1281,#1289,.T.);
#1289 = LINE('',#1290,#1291);
#1290 = CARTESIAN_POINT('',(6.60911283557,6.071140939597,0.8));
#1291 = VECTOR('',#1292,1.);
#1292 = DIRECTION('',(0.,0.,1.));
#1293 = ORIENTED_EDGE('',*,*,#128,.F.);
#1294 = PLANE('',#1295);
#1295 = AXIS2_PLACEMENT_3D('',#1296,#1297,#1298);
#1296 = CARTESIAN_POINT('',(6.60911283557,3.938255033557,0.8));
#1297 = DIRECTION('',(-1.,0.,0.));
#1298 = DIRECTION('',(0.,1.,0.));
#1299 = ADVANCED_FACE('',(#1300),#1318,.T.);
#1300 = FACE_BOUND('',#1301,.T.);
#1301 = EDGE_LOOP('',(#1302,#1310,#1316,#1317));
#1302 = ORIENTED_EDGE('',*,*,#1303,.T.);
#1303 = EDGE_CURVE('',#169,#1304,#1306,.T.);
#1304 = VERTEX_POINT('',#1305);
#1305 = CARTESIAN_POINT('',(7.410706795302,3.938255033557,1.3));
#1306 = LINE('',#1307,#1308);
#1307 = CARTESIAN_POINT('',(7.410706795302,3.938255033557,0.8));
#1308 = VECTOR('',#1309,1.);
#1309 = DIRECTION('',(0.,0.,1.));
#1310 = ORIENTED_EDGE('',*,*,#1311,.T.);
#1311 = EDGE_CURVE('',#1304,#1256,#1312,.T.);
#1312 = LINE('',#1313,#1314);
#1313 = CARTESIAN_POINT('',(7.410706795302,3.938255033557,1.3));
#1314 = VECTOR('',#1315,1.);
#1315 = DIRECTION('',(1.,0.,0.));
#1316 = ORIENTED_EDGE('',*,*,#1255,.F.);
#1317 = ORIENTED_EDGE('',*,*,#176,.F.);
#1318 = PLANE('',#1319);
#1319 = AXIS2_PLACEMENT_3D('',#1320,#1321,#1322);
#1320 = CARTESIAN_POINT('',(7.410706795302,3.938255033557,0.8));
#1321 = DIRECTION('',(0.,1.,0.));
#1322 = DIRECTION('',(1.,0.,0.));
#1323 = ADVANCED_FACE('',(#1324),#1342,.T.);
#1324 = FACE_BOUND('',#1325,.T.);
#1325 = EDGE_LOOP('',(#1326,#1327,#1335,#1341));
#1326 = ORIENTED_EDGE('',*,*,#1288,.T.);
#1327 = ORIENTED_EDGE('',*,*,#1328,.T.);
#1328 = EDGE_CURVE('',#1281,#1329,#1331,.T.);
#1329 = VERTEX_POINT('',#1330);
#1330 = CARTESIAN_POINT('',(5.84055159396,5.911409395973,1.3));
#1331 = LINE('',#1332,#1333);
#1332 = CARTESIAN_POINT('',(6.60911283557,6.071140939597,1.3));
#1333 = VECTOR('',#1334,1.);
#1334 = DIRECTION('',(-0.979078331663,-0.203483710573,0.));
#1335 = ORIENTED_EDGE('',*,*,#1336,.F.);
#1336 = EDGE_CURVE('',#137,#1329,#1337,.T.);
#1337 = LINE('',#1338,#1339);
#1338 = CARTESIAN_POINT('',(5.84055159396,5.911409395973,0.8));
#1339 = VECTOR('',#1340,1.);
#1340 = DIRECTION('',(0.,0.,1.));
#1341 = ORIENTED_EDGE('',*,*,#136,.F.);
#1342 = PLANE('',#1343);
#1343 = AXIS2_PLACEMENT_3D('',#1344,#1345,#1346);
#1344 = CARTESIAN_POINT('',(6.60911283557,6.071140939597,0.8));
#1345 = DIRECTION('',(0.203483710573,-0.979078331663,0.));
#1346 = DIRECTION('',(-0.979078331663,-0.203483710573,0.));
#1347 = ADVANCED_FACE('',(#1348),#1366,.T.);
#1348 = FACE_BOUND('',#1349,.T.);
#1349 = EDGE_LOOP('',(#1350,#1358,#1364,#1365));
#1350 = ORIENTED_EDGE('',*,*,#1351,.T.);
#1351 = EDGE_CURVE('',#161,#1352,#1354,.T.);
#1352 = VERTEX_POINT('',#1353);
#1353 = CARTESIAN_POINT('',(7.410706795302,6.644295302013,1.3));
#1354 = LINE('',#1355,#1356);
#1355 = CARTESIAN_POINT('',(7.410706795302,6.644295302013,0.8));
#1356 = VECTOR('',#1357,1.);
#1357 = DIRECTION('',(0.,0.,1.));
#1358 = ORIENTED_EDGE('',*,*,#1359,.T.);
#1359 = EDGE_CURVE('',#1352,#1304,#1360,.T.);
#1360 = LINE('',#1361,#1362);
#1361 = CARTESIAN_POINT('',(7.410706795302,6.644295302013,1.3));
#1362 = VECTOR('',#1363,1.);
#1363 = DIRECTION('',(0.,-1.,-0.));
#1364 = ORIENTED_EDGE('',*,*,#1303,.F.);
#1365 = ORIENTED_EDGE('',*,*,#168,.F.);
#1366 = PLANE('',#1367);
#1367 = AXIS2_PLACEMENT_3D('',#1368,#1369,#1370);
#1368 = CARTESIAN_POINT('',(7.410706795302,6.644295302013,0.8));
#1369 = DIRECTION('',(1.,0.,-0.));
#1370 = DIRECTION('',(0.,-1.,0.));
#1371 = ADVANCED_FACE('',(#1372),#1390,.T.);
#1372 = FACE_BOUND('',#1373,.T.);
#1373 = EDGE_LOOP('',(#1374,#1375,#1383,#1389));
#1374 = ORIENTED_EDGE('',*,*,#1336,.T.);
#1375 = ORIENTED_EDGE('',*,*,#1376,.T.);
#1376 = EDGE_CURVE('',#1329,#1377,#1379,.T.);
#1377 = VERTEX_POINT('',#1378);
#1378 = CARTESIAN_POINT('',(5.84055159396,6.484563758389,1.3));
#1379 = LINE('',#1380,#1381);
#1380 = CARTESIAN_POINT('',(5.84055159396,5.911409395973,1.3));
#1381 = VECTOR('',#1382,1.);
#1382 = DIRECTION('',(0.,1.,0.));
#1383 = ORIENTED_EDGE('',*,*,#1384,.F.);
#1384 = EDGE_CURVE('',#145,#1377,#1385,.T.);
#1385 = LINE('',#1386,#1387);
#1386 = CARTESIAN_POINT('',(5.84055159396,6.484563758389,0.8));
#1387 = VECTOR('',#1388,1.);
#1388 = DIRECTION('',(0.,0.,1.));
#1389 = ORIENTED_EDGE('',*,*,#144,.F.);
#1390 = PLANE('',#1391);
#1391 = AXIS2_PLACEMENT_3D('',#1392,#1393,#1394);
#1392 = CARTESIAN_POINT('',(5.84055159396,5.911409395973,0.8));
#1393 = DIRECTION('',(-1.,0.,0.));
#1394 = DIRECTION('',(0.,1.,0.));
#1395 = ADVANCED_FACE('',(#1396),#1414,.T.);
#1396 = FACE_BOUND('',#1397,.T.);
#1397 = EDGE_LOOP('',(#1398,#1406,#1412,#1413));
#1398 = ORIENTED_EDGE('',*,*,#1399,.T.);
#1399 = EDGE_CURVE('',#153,#1400,#1402,.T.);
#1400 = VERTEX_POINT('',#1401);
#1401 = CARTESIAN_POINT('',(6.604708473154,6.644295302013,1.3));
#1402 = LINE('',#1403,#1404);
#1403 = CARTESIAN_POINT('',(6.604708473154,6.644295302013,0.8));
#1404 = VECTOR('',#1405,1.);
#1405 = DIRECTION('',(0.,0.,1.));
#1406 = ORIENTED_EDGE('',*,*,#1407,.T.);
#1407 = EDGE_CURVE('',#1400,#1352,#1408,.T.);
#1408 = LINE('',#1409,#1410);
#1409 = CARTESIAN_POINT('',(6.604708473154,6.644295302013,1.3));
#1410 = VECTOR('',#1411,1.);
#1411 = DIRECTION('',(1.,0.,0.));
#1412 = ORIENTED_EDGE('',*,*,#1351,.F.);
#1413 = ORIENTED_EDGE('',*,*,#160,.F.);
#1414 = PLANE('',#1415);
#1415 = AXIS2_PLACEMENT_3D('',#1416,#1417,#1418);
#1416 = CARTESIAN_POINT('',(6.604708473154,6.644295302013,0.8));
#1417 = DIRECTION('',(0.,1.,0.));
#1418 = DIRECTION('',(1.,0.,0.));
#1419 = ADVANCED_FACE('',(#1420),#1431,.T.);
#1420 = FACE_BOUND('',#1421,.T.);
#1421 = EDGE_LOOP('',(#1422,#1423,#1429,#1430));
#1422 = ORIENTED_EDGE('',*,*,#1384,.T.);
#1423 = ORIENTED_EDGE('',*,*,#1424,.T.);
#1424 = EDGE_CURVE('',#1377,#1400,#1425,.T.);
#1425 = LINE('',#1426,#1427);
#1426 = CARTESIAN_POINT('',(5.84055159396,6.484563758389,1.3));
#1427 = VECTOR('',#1428,1.);
#1428 = DIRECTION('',(0.978844086222,0.204607563076,0.));
#1429 = ORIENTED_EDGE('',*,*,#1399,.F.);
#1430 = ORIENTED_EDGE('',*,*,#152,.F.);
#1431 = PLANE('',#1432);
#1432 = AXIS2_PLACEMENT_3D('',#1433,#1434,#1435);
#1433 = CARTESIAN_POINT('',(5.84055159396,6.484563758389,0.8));
#1434 = DIRECTION('',(-0.204607563076,0.978844086222,0.));
#1435 = DIRECTION('',(0.978844086222,0.204607563076,0.));
#1436 = ADVANCED_FACE('',(#1437),#1462,.T.);
#1437 = FACE_BOUND('',#1438,.T.);
#1438 = EDGE_LOOP('',(#1439,#1447,#1455,#1461));
#1439 = ORIENTED_EDGE('',*,*,#1440,.T.);
#1440 = EDGE_CURVE('',#201,#1441,#1443,.T.);
#1441 = VERTEX_POINT('',#1442);
#1442 = CARTESIAN_POINT('',(19.450346057047,4.562940436242,1.3));
#1443 = LINE('',#1444,#1445);
#1444 = CARTESIAN_POINT('',(19.450346057047,4.562940436242,0.8));
#1445 = VECTOR('',#1446,1.);
#1446 = DIRECTION('',(0.,0.,1.));
#1447 = ORIENTED_EDGE('',*,*,#1448,.T.);
#1448 = EDGE_CURVE('',#1441,#1449,#1451,.T.);
#1449 = VERTEX_POINT('',#1450);
#1450 = CARTESIAN_POINT('',(18.747850251678,3.947651006711,1.3));
#1451 = LINE('',#1452,#1453);
#1452 = CARTESIAN_POINT('',(19.450346057047,4.562940436242,1.3));
#1453 = VECTOR('',#1454,1.);
#1454 = DIRECTION('',(-0.752255226589,-0.65887181915,0.));
#1455 = ORIENTED_EDGE('',*,*,#1456,.F.);
#1456 = EDGE_CURVE('',#203,#1449,#1457,.T.);
#1457 = LINE('',#1458,#1459);
#1458 = CARTESIAN_POINT('',(18.747850251678,3.947651006711,0.8));
#1459 = VECTOR('',#1460,1.);
#1460 = DIRECTION('',(0.,0.,1.));
#1461 = ORIENTED_EDGE('',*,*,#200,.F.);
#1462 = PLANE('',#1463);
#1463 = AXIS2_PLACEMENT_3D('',#1464,#1465,#1466);
#1464 = CARTESIAN_POINT('',(19.450346057047,4.562940436242,0.8));
#1465 = DIRECTION('',(0.65887181915,-0.752255226589,0.));
#1466 = DIRECTION('',(-0.752255226589,-0.65887181915,0.));
#1467 = ADVANCED_FACE('',(#1468),#1486,.T.);
#1468 = FACE_BOUND('',#1469,.T.);
#1469 = EDGE_LOOP('',(#1470,#1478,#1484,#1485));
#1470 = ORIENTED_EDGE('',*,*,#1471,.T.);
#1471 = EDGE_CURVE('',#339,#1472,#1474,.T.);
#1472 = VERTEX_POINT('',#1473);
#1473 = CARTESIAN_POINT('',(20.033924077181,5.185717281879,1.3));
#1474 = LINE('',#1475,#1476);
#1475 = CARTESIAN_POINT('',(20.033924077181,5.185717281879,0.8));
#1476 = VECTOR('',#1477,1.);
#1477 = DIRECTION('',(0.,0.,1.));
#1478 = ORIENTED_EDGE('',*,*,#1479,.T.);
#1479 = EDGE_CURVE('',#1472,#1441,#1480,.T.);
#1480 = B_SPLINE_CURVE_WITH_KNOTS('',2,(#1481,#1482,#1483),
  .UNSPECIFIED.,.F.,.F.,(3,3),(0.,1.),.PIECEWISE_BEZIER_KNOTS.);
#1481 = CARTESIAN_POINT('',(20.033924077181,5.185717281879,1.3));
#1482 = CARTESIAN_POINT('',(19.895186661074,4.953166946309,1.3));
#1483 = CARTESIAN_POINT('',(19.450346057047,4.562940436242,1.3));
#1484 = ORIENTED_EDGE('',*,*,#1440,.F.);
#1485 = ORIENTED_EDGE('',*,*,#346,.F.);
#1486 = SURFACE_OF_LINEAR_EXTRUSION('',#1487,#1491);
#1487 = B_SPLINE_CURVE_WITH_KNOTS('',2,(#1488,#1489,#1490),
  .UNSPECIFIED.,.F.,.F.,(3,3),(0.,1.),.PIECEWISE_BEZIER_KNOTS.);
#1488 = CARTESIAN_POINT('',(20.033924077181,5.185717281879,0.8));
#1489 = CARTESIAN_POINT('',(19.895186661074,4.953166946309,0.8));
#1490 = CARTESIAN_POINT('',(19.450346057047,4.562940436242,0.8));
#1491 = VECTOR('',#1492,1.);
#1492 = DIRECTION('',(-0.,-0.,-1.));
#1493 = ADVANCED_FACE('',(#1494),#1512,.T.);
#1494 = FACE_BOUND('',#1495,.T.);
#1495 = EDGE_LOOP('',(#1496,#1497,#1505,#1511));
#1496 = ORIENTED_EDGE('',*,*,#1456,.T.);
#1497 = ORIENTED_EDGE('',*,*,#1498,.T.);
#1498 = EDGE_CURVE('',#1449,#1499,#1501,.T.);
#1499 = VERTEX_POINT('',#1500);
#1500 = CARTESIAN_POINT('',(20.194683305369,3.947651006711,1.3));
#1501 = LINE('',#1502,#1503);
#1502 = CARTESIAN_POINT('',(18.747850251678,3.947651006711,1.3));
#1503 = VECTOR('',#1504,1.);
#1504 = DIRECTION('',(1.,0.,0.));
#1505 = ORIENTED_EDGE('',*,*,#1506,.F.);
#1506 = EDGE_CURVE('',#211,#1499,#1507,.T.);
#1507 = LINE('',#1508,#1509);
#1508 = CARTESIAN_POINT('',(20.194683305369,3.947651006711,0.8));
#1509 = VECTOR('',#1510,1.);
#1510 = DIRECTION('',(0.,0.,1.));
#1511 = ORIENTED_EDGE('',*,*,#210,.F.);
#1512 = PLANE('',#1513);
#1513 = AXIS2_PLACEMENT_3D('',#1514,#1515,#1516);
#1514 = CARTESIAN_POINT('',(18.747850251678,3.947651006711,0.8));
#1515 = DIRECTION('',(0.,1.,0.));
#1516 = DIRECTION('',(1.,0.,0.));
#1517 = ADVANCED_FACE('',(#1518),#1536,.T.);
#1518 = FACE_BOUND('',#1519,.T.);
#1519 = EDGE_LOOP('',(#1520,#1528,#1534,#1535));
#1520 = ORIENTED_EDGE('',*,*,#1521,.T.);
#1521 = EDGE_CURVE('',#331,#1522,#1524,.T.);
#1522 = VERTEX_POINT('',#1523);
#1523 = CARTESIAN_POINT('',(20.172661493289,5.687080536913,1.3));
#1524 = LINE('',#1525,#1526);
#1525 = CARTESIAN_POINT('',(20.172661493289,5.687080536913,0.8));
#1526 = VECTOR('',#1527,1.);
#1527 = DIRECTION('',(0.,0.,1.));
#1528 = ORIENTED_EDGE('',*,*,#1529,.T.);
#1529 = EDGE_CURVE('',#1522,#1472,#1530,.T.);
#1530 = B_SPLINE_CURVE_WITH_KNOTS('',2,(#1531,#1532,#1533),
  .UNSPECIFIED.,.F.,.F.,(3,3),(0.,1.),.PIECEWISE_BEZIER_KNOTS.);
#1531 = CARTESIAN_POINT('',(20.172661493289,5.687080536913,1.3));
#1532 = CARTESIAN_POINT('',(20.172661493289,5.41826761745,1.3));
#1533 = CARTESIAN_POINT('',(20.033924077181,5.185717281879,1.3));
#1534 = ORIENTED_EDGE('',*,*,#1471,.F.);
#1535 = ORIENTED_EDGE('',*,*,#338,.F.);
#1536 = SURFACE_OF_LINEAR_EXTRUSION('',#1537,#1541);
#1537 = B_SPLINE_CURVE_WITH_KNOTS('',2,(#1538,#1539,#1540),
  .UNSPECIFIED.,.F.,.F.,(3,3),(0.,1.),.PIECEWISE_BEZIER_KNOTS.);
#1538 = CARTESIAN_POINT('',(20.172661493289,5.687080536913,0.8));
#1539 = CARTESIAN_POINT('',(20.172661493289,5.41826761745,0.8));
#1540 = CARTESIAN_POINT('',(20.033924077181,5.185717281879,0.8));
#1541 = VECTOR('',#1542,1.);
#1542 = DIRECTION('',(-0.,-0.,-1.));
#1543 = ADVANCED_FACE('',(#1544),#1562,.T.);
#1544 = FACE_BOUND('',#1545,.T.);
#1545 = EDGE_LOOP('',(#1546,#1547,#1555,#1561));
#1546 = ORIENTED_EDGE('',*,*,#1506,.T.);
#1547 = ORIENTED_EDGE('',*,*,#1548,.T.);
#1548 = EDGE_CURVE('',#1499,#1549,#1551,.T.);
#1549 = VERTEX_POINT('',#1550);
#1550 = CARTESIAN_POINT('',(20.194683305369,3.327516778523,1.3));
#1551 = LINE('',#1552,#1553);
#1552 = CARTESIAN_POINT('',(20.194683305369,3.947651006711,1.3));
#1553 = VECTOR('',#1554,1.);
#1554 = DIRECTION('',(0.,-1.,-0.));
#1555 = ORIENTED_EDGE('',*,*,#1556,.F.);
#1556 = EDGE_CURVE('',#219,#1549,#1557,.T.);
#1557 = LINE('',#1558,#1559);
#1558 = CARTESIAN_POINT('',(20.194683305369,3.327516778523,0.8));
#1559 = VECTOR('',#1560,1.);
#1560 = DIRECTION('',(0.,0.,1.));
#1561 = ORIENTED_EDGE('',*,*,#218,.F.);
#1562 = PLANE('',#1563);
#1563 = AXIS2_PLACEMENT_3D('',#1564,#1565,#1566);
#1564 = CARTESIAN_POINT('',(20.194683305369,3.947651006711,0.8));
#1565 = DIRECTION('',(1.,0.,-0.));
#1566 = DIRECTION('',(0.,-1.,0.));
#1567 = ADVANCED_FACE('',(#1568),#1586,.T.);
#1568 = FACE_BOUND('',#1569,.T.);
#1569 = EDGE_LOOP('',(#1570,#1578,#1584,#1585));
#1570 = ORIENTED_EDGE('',*,*,#1571,.T.);
#1571 = EDGE_CURVE('',#323,#1572,#1574,.T.);
#1572 = VERTEX_POINT('',#1573);
#1573 = CARTESIAN_POINT('',(19.845564177852,6.412332214765,1.3));
#1574 = LINE('',#1575,#1576);
#1575 = CARTESIAN_POINT('',(19.845564177852,6.412332214765,0.8));
#1576 = VECTOR('',#1577,1.);
#1577 = DIRECTION('',(0.,0.,1.));
#1578 = ORIENTED_EDGE('',*,*,#1579,.T.);
#1579 = EDGE_CURVE('',#1572,#1522,#1580,.T.);
#1580 = B_SPLINE_CURVE_WITH_KNOTS('',2,(#1581,#1582,#1583),
  .UNSPECIFIED.,.F.,.F.,(3,3),(0.,1.),.PIECEWISE_BEZIER_KNOTS.);
#1581 = CARTESIAN_POINT('',(19.845564177852,6.412332214765,1.3));
#1582 = CARTESIAN_POINT('',(20.172661493289,6.152328020134,1.3));
#1583 = CARTESIAN_POINT('',(20.172661493289,5.687080536913,1.3));
#1584 = ORIENTED_EDGE('',*,*,#1521,.F.);
#1585 = ORIENTED_EDGE('',*,*,#330,.F.);
#1586 = SURFACE_OF_LINEAR_EXTRUSION('',#1587,#1591);
#1587 = B_SPLINE_CURVE_WITH_KNOTS('',2,(#1588,#1589,#1590),
  .UNSPECIFIED.,.F.,.F.,(3,3),(0.,1.),.PIECEWISE_BEZIER_KNOTS.);
#1588 = CARTESIAN_POINT('',(19.845564177852,6.412332214765,0.8));
#1589 = CARTESIAN_POINT('',(20.172661493289,6.152328020134,0.8));
#1590 = CARTESIAN_POINT('',(20.172661493289,5.687080536913,0.8));
#1591 = VECTOR('',#1592,1.);
#1592 = DIRECTION('',(-0.,-0.,-1.));
#1593 = ADVANCED_FACE('',(#1594),#1612,.T.);
#1594 = FACE_BOUND('',#1595,.T.);
#1595 = EDGE_LOOP('',(#1596,#1597,#1605,#1611));
#1596 = ORIENTED_EDGE('',*,*,#1556,.T.);
#1597 = ORIENTED_EDGE('',*,*,#1598,.T.);
#1598 = EDGE_CURVE('',#1549,#1599,#1601,.T.);
#1599 = VERTEX_POINT('',#1600);
#1600 = CARTESIAN_POINT('',(17.805316694631,3.327516778523,1.3));
#1601 = LINE('',#1602,#1603);
#1602 = CARTESIAN_POINT('',(20.194683305369,3.327516778523,1.3));
#1603 = VECTOR('',#1604,1.);
#1604 = DIRECTION('',(-1.,0.,0.));
#1605 = ORIENTED_EDGE('',*,*,#1606,.F.);
#1606 = EDGE_CURVE('',#227,#1599,#1607,.T.);
#1607 = LINE('',#1608,#1609);
#1608 = CARTESIAN_POINT('',(17.805316694631,3.327516778523,0.8));
#1609 = VECTOR('',#1610,1.);
#1610 = DIRECTION('',(0.,0.,1.));
#1611 = ORIENTED_EDGE('',*,*,#226,.F.);
#1612 = PLANE('',#1613);
#1613 = AXIS2_PLACEMENT_3D('',#1614,#1615,#1616);
#1614 = CARTESIAN_POINT('',(20.194683305369,3.327516778523,0.8));
#1615 = DIRECTION('',(0.,-1.,0.));
#1616 = DIRECTION('',(-1.,0.,0.));
#1617 = ADVANCED_FACE('',(#1618),#1636,.T.);
#1618 = FACE_BOUND('',#1619,.T.);
#1619 = EDGE_LOOP('',(#1620,#1628,#1634,#1635));
#1620 = ORIENTED_EDGE('',*,*,#1621,.T.);
#1621 = EDGE_CURVE('',#315,#1622,#1624,.T.);
#1622 = VERTEX_POINT('',#1623);
#1623 = CARTESIAN_POINT('',(18.928429110738,6.672483221477,1.3));
#1624 = LINE('',#1625,#1626);
#1625 = CARTESIAN_POINT('',(18.928429110738,6.672483221477,0.8));
#1626 = VECTOR('',#1627,1.);
#1627 = DIRECTION('',(0.,0.,1.));
#1628 = ORIENTED_EDGE('',*,*,#1629,.T.);
#1629 = EDGE_CURVE('',#1622,#1572,#1630,.T.);
#1630 = B_SPLINE_CURVE_WITH_KNOTS('',2,(#1631,#1632,#1633),
  .UNSPECIFIED.,.F.,.F.,(3,3),(0.,1.),.PIECEWISE_BEZIER_KNOTS.);
#1631 = CARTESIAN_POINT('',(18.928429110738,6.672483221477,1.3));
#1632 = CARTESIAN_POINT('',(19.518613674497,6.672483221477,1.3));
#1633 = CARTESIAN_POINT('',(19.845564177852,6.412332214765,1.3));
#1634 = ORIENTED_EDGE('',*,*,#1571,.F.);
#1635 = ORIENTED_EDGE('',*,*,#322,.F.);
#1636 = SURFACE_OF_LINEAR_EXTRUSION('',#1637,#1641);
#1637 = B_SPLINE_CURVE_WITH_KNOTS('',2,(#1638,#1639,#1640),
  .UNSPECIFIED.,.F.,.F.,(3,3),(0.,1.),.PIECEWISE_BEZIER_KNOTS.);
#1638 = CARTESIAN_POINT('',(18.928429110738,6.672483221477,0.8));
#1639 = CARTESIAN_POINT('',(19.518613674497,6.672483221477,0.8));
#1640 = CARTESIAN_POINT('',(19.845564177852,6.412332214765,0.8));
#1641 = VECTOR('',#1642,1.);
#1642 = DIRECTION('',(-0.,-0.,-1.));
#1643 = ADVANCED_FACE('',(#1644),#1662,.T.);
#1644 = FACE_BOUND('',#1645,.T.);
#1645 = EDGE_LOOP('',(#1646,#1647,#1655,#1661));
#1646 = ORIENTED_EDGE('',*,*,#1606,.T.);
#1647 = ORIENTED_EDGE('',*,*,#1648,.T.);
#1648 = EDGE_CURVE('',#1599,#1649,#1651,.T.);
#1649 = VERTEX_POINT('',#1650);
#1650 = CARTESIAN_POINT('',(17.805316694631,3.947651006711,1.3));
#1651 = LINE('',#1652,#1653);
#1652 = CARTESIAN_POINT('',(17.805316694631,3.327516778523,1.3));
#1653 = VECTOR('',#1654,1.);
#1654 = DIRECTION('',(0.,1.,0.));
#1655 = ORIENTED_EDGE('',*,*,#1656,.F.);
#1656 = EDGE_CURVE('',#235,#1649,#1657,.T.);
#1657 = LINE('',#1658,#1659);
#1658 = CARTESIAN_POINT('',(17.805316694631,3.947651006711,0.8));
#1659 = VECTOR('',#1660,1.);
#1660 = DIRECTION('',(0.,0.,1.));
#1661 = ORIENTED_EDGE('',*,*,#234,.F.);
#1662 = PLANE('',#1663);
#1663 = AXIS2_PLACEMENT_3D('',#1664,#1665,#1666);
#1664 = CARTESIAN_POINT('',(17.805316694631,3.327516778523,0.8));
#1665 = DIRECTION('',(-1.,0.,0.));
#1666 = DIRECTION('',(0.,1.,0.));
#1667 = ADVANCED_FACE('',(#1668),#1686,.T.);
#1668 = FACE_BOUND('',#1669,.T.);
#1669 = EDGE_LOOP('',(#1670,#1678,#1684,#1685));
#1670 = ORIENTED_EDGE('',*,*,#1671,.T.);
#1671 = EDGE_CURVE('',#307,#1672,#1674,.T.);
#1672 = VERTEX_POINT('',#1673);
#1673 = CARTESIAN_POINT('',(18.380085989933,6.621979865772,1.3));
#1674 = LINE('',#1675,#1676);
#1675 = CARTESIAN_POINT('',(18.380085989933,6.621979865772,0.8));
#1676 = VECTOR('',#1677,1.);
#1677 = DIRECTION('',(0.,0.,1.));
#1678 = ORIENTED_EDGE('',*,*,#1679,.T.);
#1679 = EDGE_CURVE('',#1672,#1622,#1680,.T.);
#1680 = B_SPLINE_CURVE_WITH_KNOTS('',2,(#1681,#1682,#1683),
  .UNSPECIFIED.,.F.,.F.,(3,3),(0.,1.),.PIECEWISE_BEZIER_KNOTS.);
#1681 = CARTESIAN_POINT('',(18.380085989933,6.621979865772,1.3));
#1682 = CARTESIAN_POINT('',(18.659763003356,6.672483221477,1.3));
#1683 = CARTESIAN_POINT('',(18.928429110738,6.672483221477,1.3));
#1684 = ORIENTED_EDGE('',*,*,#1621,.F.);
#1685 = ORIENTED_EDGE('',*,*,#314,.F.);
#1686 = SURFACE_OF_LINEAR_EXTRUSION('',#1687,#1691);
#1687 = B_SPLINE_CURVE_WITH_KNOTS('',2,(#1688,#1689,#1690),
  .UNSPECIFIED.,.F.,.F.,(3,3),(0.,1.),.PIECEWISE_BEZIER_KNOTS.);
#1688 = CARTESIAN_POINT('',(18.380085989933,6.621979865772,0.8));
#1689 = CARTESIAN_POINT('',(18.659763003356,6.672483221477,0.8));
#1690 = CARTESIAN_POINT('',(18.928429110738,6.672483221477,0.8));
#1691 = VECTOR('',#1692,1.);
#1692 = DIRECTION('',(-0.,-0.,-1.));
#1693 = ADVANCED_FACE('',(#1694),#1712,.T.);
#1694 = FACE_BOUND('',#1695,.T.);
#1695 = EDGE_LOOP('',(#1696,#1697,#1705,#1711));
#1696 = ORIENTED_EDGE('',*,*,#1656,.T.);
#1697 = ORIENTED_EDGE('',*,*,#1698,.T.);
#1698 = EDGE_CURVE('',#1649,#1699,#1701,.T.);
#1699 = VERTEX_POINT('',#1700);
#1700 = CARTESIAN_POINT('',(19.00550545302,5.004551174497,1.3));
#1701 = LINE('',#1702,#1703);
#1702 = CARTESIAN_POINT('',(17.805316694631,3.947651006711,1.3));
#1703 = VECTOR('',#1704,1.);
#1704 = DIRECTION('',(0.750485828524,0.66088654184,0.));
#1705 = ORIENTED_EDGE('',*,*,#1706,.F.);
#1706 = EDGE_CURVE('',#243,#1699,#1707,.T.);
#1707 = LINE('',#1708,#1709);
#1708 = CARTESIAN_POINT('',(19.00550545302,5.004551174497,0.8));
#1709 = VECTOR('',#1710,1.);
#1710 = DIRECTION('',(0.,0.,1.));
#1711 = ORIENTED_EDGE('',*,*,#242,.F.);
#1712 = PLANE('',#1713);
#1713 = AXIS2_PLACEMENT_3D('',#1714,#1715,#1716);
#1714 = CARTESIAN_POINT('',(17.805316694631,3.947651006711,0.8));
#1715 = DIRECTION('',(-0.66088654184,0.750485828524,0.));
#1716 = DIRECTION('',(0.750485828524,0.66088654184,0.));
#1717 = ADVANCED_FACE('',(#1718),#1736,.T.);
#1718 = FACE_BOUND('',#1719,.T.);
#1719 = EDGE_LOOP('',(#1720,#1728,#1734,#1735));
#1720 = ORIENTED_EDGE('',*,*,#1721,.T.);
#1721 = EDGE_CURVE('',#299,#1722,#1724,.T.);
#1722 = VERTEX_POINT('',#1723);
#1723 = CARTESIAN_POINT('',(17.814125419463,6.475167785235,1.3));
#1724 = LINE('',#1725,#1726);
#1725 = CARTESIAN_POINT('',(17.814125419463,6.475167785235,0.8));
#1726 = VECTOR('',#1727,1.);
#1727 = DIRECTION('',(0.,0.,1.));
#1728 = ORIENTED_EDGE('',*,*,#1729,.T.);
#1729 = EDGE_CURVE('',#1722,#1672,#1730,.T.);
#1730 = B_SPLINE_CURVE_WITH_KNOTS('',2,(#1731,#1732,#1733),
  .UNSPECIFIED.,.F.,.F.,(3,3),(0.,1.),.PIECEWISE_BEZIER_KNOTS.);
#1731 = CARTESIAN_POINT('',(17.814125419463,6.475167785235,1.3));
#1732 = CARTESIAN_POINT('',(18.10040897651,6.571623322148,1.3));
#1733 = CARTESIAN_POINT('',(18.380085989933,6.621979865772,1.3));
#1734 = ORIENTED_EDGE('',*,*,#1671,.F.);
#1735 = ORIENTED_EDGE('',*,*,#306,.F.);
#1736 = SURFACE_OF_LINEAR_EXTRUSION('',#1737,#1741);
#1737 = B_SPLINE_CURVE_WITH_KNOTS('',2,(#1738,#1739,#1740),
  .UNSPECIFIED.,.F.,.F.,(3,3),(0.,1.),.PIECEWISE_BEZIER_KNOTS.);
#1738 = CARTESIAN_POINT('',(17.814125419463,6.475167785235,0.8));
#1739 = CARTESIAN_POINT('',(18.10040897651,6.571623322148,0.8));
#1740 = CARTESIAN_POINT('',(18.380085989933,6.621979865772,0.8));
#1741 = VECTOR('',#1742,1.);
#1742 = DIRECTION('',(-0.,-0.,-1.));
#1743 = ADVANCED_FACE('',(#1744),#1762,.T.);
#1744 = FACE_BOUND('',#1745,.T.);
#1745 = EDGE_LOOP('',(#1746,#1747,#1755,#1761));
#1746 = ORIENTED_EDGE('',*,*,#1706,.T.);
#1747 = ORIENTED_EDGE('',*,*,#1748,.T.);
#1748 = EDGE_CURVE('',#1699,#1749,#1751,.T.);
#1749 = VERTEX_POINT('',#1750);
#1750 = CARTESIAN_POINT('',(19.24334102349,5.288485738255,1.3));
#1751 = B_SPLINE_CURVE_WITH_KNOTS('',2,(#1752,#1753,#1754),
  .UNSPECIFIED.,.F.,.F.,(3,3),(0.,1.),.PIECEWISE_BEZIER_KNOTS.);
#1752 = CARTESIAN_POINT('',(19.00550545302,5.004551174497,1.3));
#1753 = CARTESIAN_POINT('',(19.166264681208,5.149895134228,1.3));
#1754 = CARTESIAN_POINT('',(19.24334102349,5.288485738255,1.3));
#1755 = ORIENTED_EDGE('',*,*,#1756,.F.);
#1756 = EDGE_CURVE('',#251,#1749,#1757,.T.);
#1757 = LINE('',#1758,#1759);
#1758 = CARTESIAN_POINT('',(19.24334102349,5.288485738255,0.8));
#1759 = VECTOR('',#1760,1.);
#1760 = DIRECTION('',(0.,0.,1.));
#1761 = ORIENTED_EDGE('',*,*,#250,.F.);
#1762 = SURFACE_OF_LINEAR_EXTRUSION('',#1763,#1767);
#1763 = B_SPLINE_CURVE_WITH_KNOTS('',2,(#1764,#1765,#1766),
  .UNSPECIFIED.,.F.,.F.,(3,3),(0.,1.),.PIECEWISE_BEZIER_KNOTS.);
#1764 = CARTESIAN_POINT('',(19.00550545302,5.004551174497,0.8));
#1765 = CARTESIAN_POINT('',(19.166264681208,5.149895134228,0.8));
#1766 = CARTESIAN_POINT('',(19.24334102349,5.288485738255,0.8));
#1767 = VECTOR('',#1768,1.);
#1768 = DIRECTION('',(-0.,-0.,-1.));
#1769 = ADVANCED_FACE('',(#1770),#1788,.T.);
#1770 = FACE_BOUND('',#1771,.T.);
#1771 = EDGE_LOOP('',(#1772,#1780,#1786,#1787));
#1772 = ORIENTED_EDGE('',*,*,#1773,.T.);
#1773 = EDGE_CURVE('',#291,#1774,#1776,.T.);
#1774 = VERTEX_POINT('',#1775);
#1775 = CARTESIAN_POINT('',(17.814125419463,5.751677852349,1.3));
#1776 = LINE('',#1777,#1778);
#1777 = CARTESIAN_POINT('',(17.814125419463,5.751677852349,0.8));
#1778 = VECTOR('',#1779,1.);
#1779 = DIRECTION('',(0.,0.,1.));
#1780 = ORIENTED_EDGE('',*,*,#1781,.T.);
#1781 = EDGE_CURVE('',#1774,#1722,#1782,.T.);
#1782 = LINE('',#1783,#1784);
#1783 = CARTESIAN_POINT('',(17.814125419463,5.751677852349,1.3));
#1784 = VECTOR('',#1785,1.);
#1785 = DIRECTION('',(0.,1.,0.));
#1786 = ORIENTED_EDGE('',*,*,#1721,.F.);
#1787 = ORIENTED_EDGE('',*,*,#298,.F.);
#1788 = PLANE('',#1789);
#1789 = AXIS2_PLACEMENT_3D('',#1790,#1791,#1792);
#1790 = CARTESIAN_POINT('',(17.814125419463,5.751677852349,0.8));
#1791 = DIRECTION('',(-1.,0.,0.));
#1792 = DIRECTION('',(0.,1.,0.));
#1793 = ADVANCED_FACE('',(#1794),#1812,.T.);
#1794 = FACE_BOUND('',#1795,.T.);
#1795 = EDGE_LOOP('',(#1796,#1797,#1805,#1811));
#1796 = ORIENTED_EDGE('',*,*,#1756,.T.);
#1797 = ORIENTED_EDGE('',*,*,#1798,.T.);
#1798 = EDGE_CURVE('',#1749,#1799,#1801,.T.);
#1799 = VERTEX_POINT('',#1800);
#1800 = CARTESIAN_POINT('',(19.320417365772,5.57697147651,1.3));
#1801 = B_SPLINE_CURVE_WITH_KNOTS('',2,(#1802,#1803,#1804),
  .UNSPECIFIED.,.F.,.F.,(3,3),(0.,1.),.PIECEWISE_BEZIER_KNOTS.);
#1802 = CARTESIAN_POINT('',(19.24334102349,5.288485738255,1.3));
#1803 = CARTESIAN_POINT('',(19.320417365772,5.427223154362,1.3));
#1804 = CARTESIAN_POINT('',(19.320417365772,5.57697147651,1.3));
#1805 = ORIENTED_EDGE('',*,*,#1806,.F.);
#1806 = EDGE_CURVE('',#259,#1799,#1807,.T.);
#1807 = LINE('',#1808,#1809);
#1808 = CARTESIAN_POINT('',(19.320417365772,5.57697147651,0.8));
#1809 = VECTOR('',#1810,1.);
#1810 = DIRECTION('',(0.,0.,1.));
#1811 = ORIENTED_EDGE('',*,*,#258,.F.);
#1812 = SURFACE_OF_LINEAR_EXTRUSION('',#1813,#1817);
#1813 = B_SPLINE_CURVE_WITH_KNOTS('',2,(#1814,#1815,#1816),
  .UNSPECIFIED.,.F.,.F.,(3,3),(0.,1.),.PIECEWISE_BEZIER_KNOTS.);
#1814 = CARTESIAN_POINT('',(19.24334102349,5.288485738255,0.8));
#1815 = CARTESIAN_POINT('',(19.320417365772,5.427223154362,0.8));
#1816 = CARTESIAN_POINT('',(19.320417365772,5.57697147651,0.8));
#1817 = VECTOR('',#1818,1.);
#1818 = DIRECTION('',(-0.,-0.,-1.));
#1819 = ADVANCED_FACE('',(#1820),#1838,.T.);
#1820 = FACE_BOUND('',#1821,.T.);
#1821 = EDGE_LOOP('',(#1822,#1830,#1836,#1837));
#1822 = ORIENTED_EDGE('',*,*,#1823,.T.);
#1823 = EDGE_CURVE('',#283,#1824,#1826,.T.);
#1824 = VERTEX_POINT('',#1825);
#1825 = CARTESIAN_POINT('',(18.318424916107,6.004781879195,1.3));
#1826 = LINE('',#1827,#1828);
#1827 = CARTESIAN_POINT('',(18.318424916107,6.004781879195,0.8));
#1828 = VECTOR('',#1829,1.);
#1829 = DIRECTION('',(0.,0.,1.));
#1830 = ORIENTED_EDGE('',*,*,#1831,.T.);
#1831 = EDGE_CURVE('',#1824,#1774,#1832,.T.);
#1832 = B_SPLINE_CURVE_WITH_KNOTS('',2,(#1833,#1834,#1835),
  .UNSPECIFIED.,.F.,.F.,(3,3),(0.,1.),.PIECEWISE_BEZIER_KNOTS.);
#1833 = CARTESIAN_POINT('',(18.318424916107,6.004781879195,1.3));
#1834 = CARTESIAN_POINT('',(18.082791526846,5.919630872483,1.3));
#1835 = CARTESIAN_POINT('',(17.814125419463,5.751677852349,1.3));
#1836 = ORIENTED_EDGE('',*,*,#1773,.F.);
#1837 = ORIENTED_EDGE('',*,*,#290,.F.);
#1838 = SURFACE_OF_LINEAR_EXTRUSION('',#1839,#1843);
#1839 = B_SPLINE_CURVE_WITH_KNOTS('',2,(#1840,#1841,#1842),
  .UNSPECIFIED.,.F.,.F.,(3,3),(0.,1.),.PIECEWISE_BEZIER_KNOTS.);
#1840 = CARTESIAN_POINT('',(18.318424916107,6.004781879195,0.8));
#1841 = CARTESIAN_POINT('',(18.082791526846,5.919630872483,0.8));
#1842 = CARTESIAN_POINT('',(17.814125419463,5.751677852349,0.8));
#1843 = VECTOR('',#1844,1.);
#1844 = DIRECTION('',(-0.,-0.,-1.));
#1845 = ADVANCED_FACE('',(#1846),#1864,.T.);
#1846 = FACE_BOUND('',#1847,.T.);
#1847 = EDGE_LOOP('',(#1848,#1849,#1857,#1863));
#1848 = ORIENTED_EDGE('',*,*,#1806,.T.);
#1849 = ORIENTED_EDGE('',*,*,#1850,.T.);
#1850 = EDGE_CURVE('',#1799,#1851,#1853,.T.);
#1851 = VERTEX_POINT('',#1852);
#1852 = CARTESIAN_POINT('',(19.165090184564,5.948993288591,1.3));
#1853 = B_SPLINE_CURVE_WITH_KNOTS('',2,(#1854,#1855,#1856),
  .UNSPECIFIED.,.F.,.F.,(3,3),(0.,1.),.PIECEWISE_BEZIER_KNOTS.);
#1854 = CARTESIAN_POINT('',(19.320417365772,5.57697147651,1.3));
#1855 = CARTESIAN_POINT('',(19.320417365772,5.808200503356,1.3));
#1856 = CARTESIAN_POINT('',(19.165090184564,5.948993288591,1.3));
#1857 = ORIENTED_EDGE('',*,*,#1858,.F.);
#1858 = EDGE_CURVE('',#267,#1851,#1859,.T.);
#1859 = LINE('',#1860,#1861);
#1860 = CARTESIAN_POINT('',(19.165090184564,5.948993288591,0.8));
#1861 = VECTOR('',#1862,1.);
#1862 = DIRECTION('',(0.,0.,1.));
#1863 = ORIENTED_EDGE('',*,*,#266,.F.);
#1864 = SURFACE_OF_LINEAR_EXTRUSION('',#1865,#1869);
#1865 = B_SPLINE_CURVE_WITH_KNOTS('',2,(#1866,#1867,#1868),
  .UNSPECIFIED.,.F.,.F.,(3,3),(0.,1.),.PIECEWISE_BEZIER_KNOTS.);
#1866 = CARTESIAN_POINT('',(19.320417365772,5.57697147651,0.8));
#1867 = CARTESIAN_POINT('',(19.320417365772,5.808200503356,0.8));
#1868 = CARTESIAN_POINT('',(19.165090184564,5.948993288591,0.8));
#1869 = VECTOR('',#1870,1.);
#1870 = DIRECTION('',(-0.,-0.,-1.));
#1871 = ADVANCED_FACE('',(#1872),#1890,.T.);
#1872 = FACE_BOUND('',#1873,.T.);
#1873 = EDGE_LOOP('',(#1874,#1882,#1888,#1889));
#1874 = ORIENTED_EDGE('',*,*,#1875,.T.);
#1875 = EDGE_CURVE('',#275,#1876,#1878,.T.);
#1876 = VERTEX_POINT('',#1877);
#1877 = CARTESIAN_POINT('',(18.752254614094,6.089932885906,1.3));
#1878 = LINE('',#1879,#1880);
#1879 = CARTESIAN_POINT('',(18.752254614094,6.089932885906,0.8));
#1880 = VECTOR('',#1881,1.);
#1881 = DIRECTION('',(0.,0.,1.));
#1882 = ORIENTED_EDGE('',*,*,#1883,.T.);
#1883 = EDGE_CURVE('',#1876,#1824,#1884,.T.);
#1884 = B_SPLINE_CURVE_WITH_KNOTS('',2,(#1885,#1886,#1887),
  .UNSPECIFIED.,.F.,.F.,(3,3),(0.,1.),.PIECEWISE_BEZIER_KNOTS.);
#1885 = CARTESIAN_POINT('',(18.752254614094,6.089932885906,1.3));
#1886 = CARTESIAN_POINT('',(18.554058305369,6.089932885906,1.3));
#1887 = CARTESIAN_POINT('',(18.318424916107,6.004781879195,1.3));
#1888 = ORIENTED_EDGE('',*,*,#1823,.F.);
#1889 = ORIENTED_EDGE('',*,*,#282,.F.);
#1890 = SURFACE_OF_LINEAR_EXTRUSION('',#1891,#1895);
#1891 = B_SPLINE_CURVE_WITH_KNOTS('',2,(#1892,#1893,#1894),
  .UNSPECIFIED.,.F.,.F.,(3,3),(0.,1.),.PIECEWISE_BEZIER_KNOTS.);
#1892 = CARTESIAN_POINT('',(18.752254614094,6.089932885906,0.8));
#1893 = CARTESIAN_POINT('',(18.554058305369,6.089932885906,0.8));
#1894 = CARTESIAN_POINT('',(18.318424916107,6.004781879195,0.8));
#1895 = VECTOR('',#1896,1.);
#1896 = DIRECTION('',(-0.,-0.,-1.));
#1897 = ADVANCED_FACE('',(#1898),#1909,.T.);
#1898 = FACE_BOUND('',#1899,.T.);
#1899 = EDGE_LOOP('',(#1900,#1901,#1907,#1908));
#1900 = ORIENTED_EDGE('',*,*,#1858,.T.);
#1901 = ORIENTED_EDGE('',*,*,#1902,.T.);
#1902 = EDGE_CURVE('',#1851,#1876,#1903,.T.);
#1903 = B_SPLINE_CURVE_WITH_KNOTS('',2,(#1904,#1905,#1906),
  .UNSPECIFIED.,.F.,.F.,(3,3),(0.,1.),.PIECEWISE_BEZIER_KNOTS.);
#1904 = CARTESIAN_POINT('',(19.165090184564,5.948993288591,1.3));
#1905 = CARTESIAN_POINT('',(19.009909815436,6.089932885906,1.3));
#1906 = CARTESIAN_POINT('',(18.752254614094,6.089932885906,1.3));
#1907 = ORIENTED_EDGE('',*,*,#1875,.F.);
#1908 = ORIENTED_EDGE('',*,*,#274,.F.);
#1909 = SURFACE_OF_LINEAR_EXTRUSION('',#1910,#1914);
#1910 = B_SPLINE_CURVE_WITH_KNOTS('',2,(#1911,#1912,#1913),
  .UNSPECIFIED.,.F.,.F.,(3,3),(0.,1.),.PIECEWISE_BEZIER_KNOTS.);
#1911 = CARTESIAN_POINT('',(19.165090184564,5.948993288591,0.8));
#1912 = CARTESIAN_POINT('',(19.009909815436,6.089932885906,0.8));
#1913 = CARTESIAN_POINT('',(18.752254614094,6.089932885906,0.8));
#1914 = VECTOR('',#1915,1.);
#1915 = DIRECTION('',(-0.,-0.,-1.));
#1916 = ADVANCED_FACE('',(#1917),#1942,.T.);
#1917 = FACE_BOUND('',#1918,.T.);
#1918 = EDGE_LOOP('',(#1919,#1927,#1935,#1941));
#1919 = ORIENTED_EDGE('',*,*,#1920,.T.);
#1920 = EDGE_CURVE('',#355,#1921,#1923,.T.);
#1921 = VERTEX_POINT('',#1922);
#1922 = CARTESIAN_POINT('',(32.009700083893,5.389492449664,1.3));
#1923 = LINE('',#1924,#1925);
#1924 = CARTESIAN_POINT('',(32.009700083893,5.389492449664,0.8));
#1925 = VECTOR('',#1926,1.);
#1926 = DIRECTION('',(0.,0.,1.));
#1927 = ORIENTED_EDGE('',*,*,#1928,.T.);
#1928 = EDGE_CURVE('',#1921,#1929,#1931,.T.);
#1929 = VERTEX_POINT('',#1930);
#1930 = CARTESIAN_POINT('',(31.56045511745,5.130809563758,1.3));
#1931 = B_SPLINE_CURVE_WITH_KNOTS('',2,(#1932,#1933,#1934),
  .UNSPECIFIED.,.F.,.F.,(3,3),(0.,1.),.PIECEWISE_BEZIER_KNOTS.);
#1932 = CARTESIAN_POINT('',(32.009700083893,5.389492449664,1.3));
#1933 = CARTESIAN_POINT('',(31.857749580537,5.205683724832,1.3));
#1934 = CARTESIAN_POINT('',(31.56045511745,5.130809563758,1.3));
#1935 = ORIENTED_EDGE('',*,*,#1936,.F.);
#1936 = EDGE_CURVE('',#357,#1929,#1937,.T.);
#1937 = LINE('',#1938,#1939);
#1938 = CARTESIAN_POINT('',(31.56045511745,5.130809563758,0.8));
#1939 = VECTOR('',#1940,1.);
#1940 = DIRECTION('',(0.,0.,1.));
#1941 = ORIENTED_EDGE('',*,*,#354,.F.);
#1942 = SURFACE_OF_LINEAR_EXTRUSION('',#1943,#1947);
#1943 = B_SPLINE_CURVE_WITH_KNOTS('',2,(#1944,#1945,#1946),
  .UNSPECIFIED.,.F.,.F.,(3,3),(0.,1.),.PIECEWISE_BEZIER_KNOTS.);
#1944 = CARTESIAN_POINT('',(32.009700083893,5.389492449664,0.8));
#1945 = CARTESIAN_POINT('',(31.857749580537,5.205683724832,0.8));
#1946 = CARTESIAN_POINT('',(31.56045511745,5.130809563758,0.8));
#1947 = VECTOR('',#1948,1.);
#1948 = DIRECTION('',(-0.,-0.,-1.));
#1949 = ADVANCED_FACE('',(#1950),#1968,.T.);
#1950 = FACE_BOUND('',#1951,.T.);
#1951 = EDGE_LOOP('',(#1952,#1960,#1966,#1967));
#1952 = ORIENTED_EDGE('',*,*,#1953,.T.);
#1953 = EDGE_CURVE('',#573,#1954,#1956,.T.);
#1954 = VERTEX_POINT('',#1955);
#1955 = CARTESIAN_POINT('',(32.161650587248,5.861933724832,1.3));
#1956 = LINE('',#1957,#1958);
#1957 = CARTESIAN_POINT('',(32.161650587248,5.861933724832,0.8));
#1958 = VECTOR('',#1959,1.);
#1959 = DIRECTION('',(0.,0.,1.));
#1960 = ORIENTED_EDGE('',*,*,#1961,.T.);
#1961 = EDGE_CURVE('',#1954,#1921,#1962,.T.);
#1962 = B_SPLINE_CURVE_WITH_KNOTS('',2,(#1963,#1964,#1965),
  .UNSPECIFIED.,.F.,.F.,(3,3),(0.,1.),.PIECEWISE_BEZIER_KNOTS.);
#1963 = CARTESIAN_POINT('',(32.161650587248,5.861933724832,1.3));
#1964 = CARTESIAN_POINT('',(32.161650587248,5.573447986577,1.3));
#1965 = CARTESIAN_POINT('',(32.009700083893,5.389492449664,1.3));
#1966 = ORIENTED_EDGE('',*,*,#1920,.F.);
#1967 = ORIENTED_EDGE('',*,*,#580,.F.);
#1968 = SURFACE_OF_LINEAR_EXTRUSION('',#1969,#1973);
#1969 = B_SPLINE_CURVE_WITH_KNOTS('',2,(#1970,#1971,#1972),
  .UNSPECIFIED.,.F.,.F.,(3,3),(0.,1.),.PIECEWISE_BEZIER_KNOTS.);
#1970 = CARTESIAN_POINT('',(32.161650587248,5.861933724832,0.8));
#1971 = CARTESIAN_POINT('',(32.161650587248,5.573447986577,0.8));
#1972 = CARTESIAN_POINT('',(32.009700083893,5.389492449664,0.8));
#1973 = VECTOR('',#1974,1.);
#1974 = DIRECTION('',(-0.,-0.,-1.));
#1975 = ADVANCED_FACE('',(#1976),#1994,.T.);
#1976 = FACE_BOUND('',#1977,.T.);
#1977 = EDGE_LOOP('',(#1978,#1979,#1987,#1993));
#1978 = ORIENTED_EDGE('',*,*,#1936,.T.);
#1979 = ORIENTED_EDGE('',*,*,#1980,.T.);
#1980 = EDGE_CURVE('',#1929,#1981,#1983,.T.);
#1981 = VERTEX_POINT('',#1982);
#1982 = CARTESIAN_POINT('',(32.065782298658,4.832487416107,1.3));
#1983 = B_SPLINE_CURVE_WITH_KNOTS('',2,(#1984,#1985,#1986),
  .UNSPECIFIED.,.F.,.F.,(3,3),(0.,1.),.PIECEWISE_BEZIER_KNOTS.);
#1984 = CARTESIAN_POINT('',(31.56045511745,5.130809563758,1.3));
#1985 = CARTESIAN_POINT('',(31.892984479866,5.044924496644,1.3));
#1986 = CARTESIAN_POINT('',(32.065782298658,4.832487416107,1.3));
#1987 = ORIENTED_EDGE('',*,*,#1988,.F.);
#1988 = EDGE_CURVE('',#365,#1981,#1989,.T.);
#1989 = LINE('',#1990,#1991);
#1990 = CARTESIAN_POINT('',(32.065782298658,4.832487416107,0.8));
#1991 = VECTOR('',#1992,1.);
#1992 = DIRECTION('',(0.,0.,1.));
#1993 = ORIENTED_EDGE('',*,*,#364,.F.);
#1994 = SURFACE_OF_LINEAR_EXTRUSION('',#1995,#1999);
#1995 = B_SPLINE_CURVE_WITH_KNOTS('',2,(#1996,#1997,#1998),
  .UNSPECIFIED.,.F.,.F.,(3,3),(0.,1.),.PIECEWISE_BEZIER_KNOTS.);
#1996 = CARTESIAN_POINT('',(31.56045511745,5.130809563758,0.8));
#1997 = CARTESIAN_POINT('',(31.892984479866,5.044924496644,0.8));
#1998 = CARTESIAN_POINT('',(32.065782298658,4.832487416107,0.8));
#1999 = VECTOR('',#2000,1.);
#2000 = DIRECTION('',(-0.,-0.,-1.));
#2001 = ADVANCED_FACE('',(#2002),#2020,.T.);
#2002 = FACE_BOUND('',#2003,.T.);
#2003 = EDGE_LOOP('',(#2004,#2012,#2018,#2019));
#2004 = ORIENTED_EDGE('',*,*,#2005,.T.);
#2005 = EDGE_CURVE('',#565,#2006,#2008,.T.);
#2006 = VERTEX_POINT('',#2007);
#2007 = CARTESIAN_POINT('',(31.843361996644,6.494987416107,1.3));
#2008 = LINE('',#2009,#2010);
#2009 = CARTESIAN_POINT('',(31.843361996644,6.494987416107,0.8));
#2010 = VECTOR('',#2011,1.);
#2011 = DIRECTION('',(0.,0.,1.));
#2012 = ORIENTED_EDGE('',*,*,#2013,.T.);
#2013 = EDGE_CURVE('',#2006,#1954,#2014,.T.);
#2014 = B_SPLINE_CURVE_WITH_KNOTS('',2,(#2015,#2016,#2017),
  .UNSPECIFIED.,.F.,.F.,(3,3),(0.,1.),.PIECEWISE_BEZIER_KNOTS.);
#2015 = CARTESIAN_POINT('',(31.843361996644,6.494987416107,1.3));
#2016 = CARTESIAN_POINT('',(32.161650587248,6.284752516779,1.3));
#2017 = CARTESIAN_POINT('',(32.161650587248,5.861933724832,1.3));
#2018 = ORIENTED_EDGE('',*,*,#1953,.F.);
#2019 = ORIENTED_EDGE('',*,*,#572,.F.);
#2020 = SURFACE_OF_LINEAR_EXTRUSION('',#2021,#2025);
#2021 = B_SPLINE_CURVE_WITH_KNOTS('',2,(#2022,#2023,#2024),
  .UNSPECIFIED.,.F.,.F.,(3,3),(0.,1.),.PIECEWISE_BEZIER_KNOTS.);
#2022 = CARTESIAN_POINT('',(31.843361996644,6.494987416107,0.8));
#2023 = CARTESIAN_POINT('',(32.161650587248,6.284752516779,0.8));
#2024 = CARTESIAN_POINT('',(32.161650587248,5.861933724832,0.8));
#2025 = VECTOR('',#2026,1.);
#2026 = DIRECTION('',(-0.,-0.,-1.));
#2027 = ADVANCED_FACE('',(#2028),#2046,.T.);
#2028 = FACE_BOUND('',#2029,.T.);
#2029 = EDGE_LOOP('',(#2030,#2031,#2039,#2045));
#2030 = ORIENTED_EDGE('',*,*,#1988,.T.);
#2031 = ORIENTED_EDGE('',*,*,#2032,.T.);
#2032 = EDGE_CURVE('',#1981,#2033,#2035,.T.);
#2033 = VERTEX_POINT('',#2034);
#2034 = CARTESIAN_POINT('',(32.23872692953,4.29192533557,1.3));
#2035 = B_SPLINE_CURVE_WITH_KNOTS('',2,(#2036,#2037,#2038),
  .UNSPECIFIED.,.F.,.F.,(3,3),(0.,1.),.PIECEWISE_BEZIER_KNOTS.);
#2036 = CARTESIAN_POINT('',(32.065782298658,4.832487416107,1.3));
#2037 = CARTESIAN_POINT('',(32.23872692953,4.62005033557,1.3));
#2038 = CARTESIAN_POINT('',(32.23872692953,4.29192533557,1.3));
#2039 = ORIENTED_EDGE('',*,*,#2040,.F.);
#2040 = EDGE_CURVE('',#373,#2033,#2041,.T.);
#2041 = LINE('',#2042,#2043);
#2042 = CARTESIAN_POINT('',(32.23872692953,4.29192533557,0.8));
#2043 = VECTOR('',#2044,1.);
#2044 = DIRECTION('',(0.,0.,1.));
#2045 = ORIENTED_EDGE('',*,*,#372,.F.);
#2046 = SURFACE_OF_LINEAR_EXTRUSION('',#2047,#2051);
#2047 = B_SPLINE_CURVE_WITH_KNOTS('',2,(#2048,#2049,#2050),
  .UNSPECIFIED.,.F.,.F.,(3,3),(0.,1.),.PIECEWISE_BEZIER_KNOTS.);
#2048 = CARTESIAN_POINT('',(32.065782298658,4.832487416107,0.8));
#2049 = CARTESIAN_POINT('',(32.23872692953,4.62005033557,0.8));
#2050 = CARTESIAN_POINT('',(32.23872692953,4.29192533557,0.8));
#2051 = VECTOR('',#2052,1.);
#2052 = DIRECTION('',(-0.,-0.,-1.));
#2053 = ADVANCED_FACE('',(#2054),#2072,.T.);
#2054 = FACE_BOUND('',#2055,.T.);
#2055 = EDGE_LOOP('',(#2056,#2064,#2070,#2071));
#2056 = ORIENTED_EDGE('',*,*,#2057,.T.);
#2057 = EDGE_CURVE('',#557,#2058,#2060,.T.);
#2058 = VERTEX_POINT('',#2059);
#2059 = CARTESIAN_POINT('',(30.884385486577,6.705369127517,1.3));
#2060 = LINE('',#2061,#2062);
#2061 = CARTESIAN_POINT('',(30.884385486577,6.705369127517,0.8));
#2062 = VECTOR('',#2063,1.);
#2063 = DIRECTION('',(0.,0.,1.));
#2064 = ORIENTED_EDGE('',*,*,#2065,.T.);
#2065 = EDGE_CURVE('',#2058,#2006,#2066,.T.);
#2066 = B_SPLINE_CURVE_WITH_KNOTS('',2,(#2067,#2068,#2069),
  .UNSPECIFIED.,.F.,.F.,(3,3),(0.,1.),.PIECEWISE_BEZIER_KNOTS.);
#2067 = CARTESIAN_POINT('',(30.884385486577,6.705369127517,1.3));
#2068 = CARTESIAN_POINT('',(31.525220218121,6.705369127517,1.3));
#2069 = CARTESIAN_POINT('',(31.843361996644,6.494987416107,1.3));
#2070 = ORIENTED_EDGE('',*,*,#2005,.F.);
#2071 = ORIENTED_EDGE('',*,*,#564,.F.);
#2072 = SURFACE_OF_LINEAR_EXTRUSION('',#2073,#2077);
#2073 = B_SPLINE_CURVE_WITH_KNOTS('',2,(#2074,#2075,#2076),
  .UNSPECIFIED.,.F.,.F.,(3,3),(0.,1.),.PIECEWISE_BEZIER_KNOTS.);
#2074 = CARTESIAN_POINT('',(30.884385486577,6.705369127517,0.8));
#2075 = CARTESIAN_POINT('',(31.525220218121,6.705369127517,0.8));
#2076 = CARTESIAN_POINT('',(31.843361996644,6.494987416107,0.8));
#2077 = VECTOR('',#2078,1.);
#2078 = DIRECTION('',(-0.,-0.,-1.));
#2079 = ADVANCED_FACE('',(#2080),#2098,.T.);
#2080 = FACE_BOUND('',#2081,.T.);
#2081 = EDGE_LOOP('',(#2082,#2083,#2091,#2097));
#2082 = ORIENTED_EDGE('',*,*,#2040,.T.);
#2083 = ORIENTED_EDGE('',*,*,#2084,.T.);
#2084 = EDGE_CURVE('',#2033,#2085,#2087,.T.);
#2085 = VERTEX_POINT('',#2086);
#2086 = CARTESIAN_POINT('',(31.864356124161,3.548909395973,1.3));
#2087 = B_SPLINE_CURVE_WITH_KNOTS('',2,(#2088,#2089,#2090),
  .UNSPECIFIED.,.F.,.F.,(3,3),(0.,1.),.PIECEWISE_BEZIER_KNOTS.);
#2088 = CARTESIAN_POINT('',(32.23872692953,4.29192533557,1.3));
#2089 = CARTESIAN_POINT('',(32.23872692953,3.803187919463,1.3));
#2090 = CARTESIAN_POINT('',(31.864356124161,3.548909395973,1.3));
#2091 = ORIENTED_EDGE('',*,*,#2092,.F.);
#2092 = EDGE_CURVE('',#381,#2085,#2093,.T.);
#2093 = LINE('',#2094,#2095);
#2094 = CARTESIAN_POINT('',(31.864356124161,3.548909395973,0.8));
#2095 = VECTOR('',#2096,1.);
#2096 = DIRECTION('',(0.,0.,1.));
#2097 = ORIENTED_EDGE('',*,*,#380,.F.);
#2098 = SURFACE_OF_LINEAR_EXTRUSION('',#2099,#2103);
#2099 = B_SPLINE_CURVE_WITH_KNOTS('',2,(#2100,#2101,#2102),
  .UNSPECIFIED.,.F.,.F.,(3,3),(0.,1.),.PIECEWISE_BEZIER_KNOTS.);
#2100 = CARTESIAN_POINT('',(32.23872692953,4.29192533557,0.8));
#2101 = CARTESIAN_POINT('',(32.23872692953,3.803187919463,0.8));
#2102 = CARTESIAN_POINT('',(31.864356124161,3.548909395973,0.8));
#2103 = VECTOR('',#2104,1.);
#2104 = DIRECTION('',(-0.,-0.,-1.));
#2105 = ADVANCED_FACE('',(#2106),#2124,.T.);
#2106 = FACE_BOUND('',#2107,.T.);
#2107 = EDGE_LOOP('',(#2108,#2116,#2122,#2123));
#2108 = ORIENTED_EDGE('',*,*,#2109,.T.);
#2109 = EDGE_CURVE('',#549,#2110,#2112,.T.);
#2110 = VERTEX_POINT('',#2111);
#2111 = CARTESIAN_POINT('',(30.399905620805,6.670134228188,1.3));
#2112 = LINE('',#2113,#2114);
#2113 = CARTESIAN_POINT('',(30.399905620805,6.670134228188,0.8));
#2114 = VECTOR('',#2115,1.);
#2115 = DIRECTION('',(0.,0.,1.));
#2116 = ORIENTED_EDGE('',*,*,#2117,.T.);
#2117 = EDGE_CURVE('',#2110,#2058,#2118,.T.);
#2118 = B_SPLINE_CURVE_WITH_KNOTS('',2,(#2119,#2120,#2121),
  .UNSPECIFIED.,.F.,.F.,(3,3),(0.,1.),.PIECEWISE_BEZIER_KNOTS.);
#2119 = CARTESIAN_POINT('',(30.399905620805,6.670134228188,1.3));
#2120 = CARTESIAN_POINT('',(30.646549916107,6.705369127517,1.3));
#2121 = CARTESIAN_POINT('',(30.884385486577,6.705369127517,1.3));
#2122 = ORIENTED_EDGE('',*,*,#2057,.F.);
#2123 = ORIENTED_EDGE('',*,*,#556,.F.);
#2124 = SURFACE_OF_LINEAR_EXTRUSION('',#2125,#2129);
#2125 = B_SPLINE_CURVE_WITH_KNOTS('',2,(#2126,#2127,#2128),
  .UNSPECIFIED.,.F.,.F.,(3,3),(0.,1.),.PIECEWISE_BEZIER_KNOTS.);
#2126 = CARTESIAN_POINT('',(30.399905620805,6.670134228188,0.8));
#2127 = CARTESIAN_POINT('',(30.646549916107,6.705369127517,0.8));
#2128 = CARTESIAN_POINT('',(30.884385486577,6.705369127517,0.8));
#2129 = VECTOR('',#2130,1.);
#2130 = DIRECTION('',(-0.,-0.,-1.));
#2131 = ADVANCED_FACE('',(#2132),#2150,.T.);
#2132 = FACE_BOUND('',#2133,.T.);
#2133 = EDGE_LOOP('',(#2134,#2135,#2143,#2149));
#2134 = ORIENTED_EDGE('',*,*,#2092,.T.);
#2135 = ORIENTED_EDGE('',*,*,#2136,.T.);
#2136 = EDGE_CURVE('',#2085,#2137,#2139,.T.);
#2137 = VERTEX_POINT('',#2138);
#2138 = CARTESIAN_POINT('',(30.772074244966,3.294630872483,1.3));
#2139 = B_SPLINE_CURVE_WITH_KNOTS('',2,(#2140,#2141,#2142),
  .UNSPECIFIED.,.F.,.F.,(3,3),(0.,1.),.PIECEWISE_BEZIER_KNOTS.);
#2140 = CARTESIAN_POINT('',(31.864356124161,3.548909395973,1.3));
#2141 = CARTESIAN_POINT('',(31.489985318792,3.294630872483,1.3));
#2142 = CARTESIAN_POINT('',(30.772074244966,3.294630872483,1.3));
#2143 = ORIENTED_EDGE('',*,*,#2144,.F.);
#2144 = EDGE_CURVE('',#389,#2137,#2145,.T.);
#2145 = LINE('',#2146,#2147);
#2146 = CARTESIAN_POINT('',(30.772074244966,3.294630872483,0.8));
#2147 = VECTOR('',#2148,1.);
#2148 = DIRECTION('',(0.,0.,1.));
#2149 = ORIENTED_EDGE('',*,*,#388,.F.);
#2150 = SURFACE_OF_LINEAR_EXTRUSION('',#2151,#2155);
#2151 = B_SPLINE_CURVE_WITH_KNOTS('',2,(#2152,#2153,#2154),
  .UNSPECIFIED.,.F.,.F.,(3,3),(0.,1.),.PIECEWISE_BEZIER_KNOTS.);
#2152 = CARTESIAN_POINT('',(31.864356124161,3.548909395973,0.8));
#2153 = CARTESIAN_POINT('',(31.489985318792,3.294630872483,0.8));
#2154 = CARTESIAN_POINT('',(30.772074244966,3.294630872483,0.8));
#2155 = VECTOR('',#2156,1.);
#2156 = DIRECTION('',(-0.,-0.,-1.));
#2157 = ADVANCED_FACE('',(#2158),#2176,.T.);
#2158 = FACE_BOUND('',#2159,.T.);
#2159 = EDGE_LOOP('',(#2160,#2168,#2174,#2175));
#2160 = ORIENTED_EDGE('',*,*,#2161,.T.);
#2161 = EDGE_CURVE('',#541,#2162,#2164,.T.);
#2162 = VERTEX_POINT('',#2163);
#2163 = CARTESIAN_POINT('',(29.902212667785,6.564429530201,1.3));
#2164 = LINE('',#2165,#2166);
#2165 = CARTESIAN_POINT('',(29.902212667785,6.564429530201,0.8));
#2166 = VECTOR('',#2167,1.);
#2167 = DIRECTION('',(0.,0.,1.));
#2168 = ORIENTED_EDGE('',*,*,#2169,.T.);
#2169 = EDGE_CURVE('',#2162,#2110,#2170,.T.);
#2170 = B_SPLINE_CURVE_WITH_KNOTS('',2,(#2171,#2172,#2173),
  .UNSPECIFIED.,.F.,.F.,(3,3),(0.,1.),.PIECEWISE_BEZIER_KNOTS.);
#2171 = CARTESIAN_POINT('',(29.902212667785,6.564429530201,1.3));
#2172 = CARTESIAN_POINT('',(30.153261325503,6.634899328859,1.3));
#2173 = CARTESIAN_POINT('',(30.399905620805,6.670134228188,1.3));
#2174 = ORIENTED_EDGE('',*,*,#2109,.F.);
#2175 = ORIENTED_EDGE('',*,*,#548,.F.);
#2176 = SURFACE_OF_LINEAR_EXTRUSION('',#2177,#2181);
#2177 = B_SPLINE_CURVE_WITH_KNOTS('',2,(#2178,#2179,#2180),
  .UNSPECIFIED.,.F.,.F.,(3,3),(0.,1.),.PIECEWISE_BEZIER_KNOTS.);
#2178 = CARTESIAN_POINT('',(29.902212667785,6.564429530201,0.8));
#2179 = CARTESIAN_POINT('',(30.153261325503,6.634899328859,0.8));
#2180 = CARTESIAN_POINT('',(30.399905620805,6.670134228188,0.8));
#2181 = VECTOR('',#2182,1.);
#2182 = DIRECTION('',(-0.,-0.,-1.));
#2183 = ADVANCED_FACE('',(#2184),#2202,.T.);
#2184 = FACE_BOUND('',#2185,.T.);
#2185 = EDGE_LOOP('',(#2186,#2187,#2195,#2201));
#2186 = ORIENTED_EDGE('',*,*,#2144,.T.);
#2187 = ORIENTED_EDGE('',*,*,#2188,.T.);
#2188 = EDGE_CURVE('',#2137,#2189,#2191,.T.);
#2189 = VERTEX_POINT('',#2190);
#2190 = CARTESIAN_POINT('',(30.26439807047,3.334563758389,1.3));
#2191 = B_SPLINE_CURVE_WITH_KNOTS('',2,(#2192,#2193,#2194),
  .UNSPECIFIED.,.F.,.F.,(3,3),(0.,1.),.PIECEWISE_BEZIER_KNOTS.);
#2192 = CARTESIAN_POINT('',(30.772074244966,3.294630872483,1.3));
#2193 = CARTESIAN_POINT('',(30.51882340604,3.294630872483,1.3));
#2194 = CARTESIAN_POINT('',(30.26439807047,3.334563758389,1.3));
#2195 = ORIENTED_EDGE('',*,*,#2196,.F.);
#2196 = EDGE_CURVE('',#397,#2189,#2197,.T.);
#2197 = LINE('',#2198,#2199);
#2198 = CARTESIAN_POINT('',(30.26439807047,3.334563758389,0.8));
#2199 = VECTOR('',#2200,1.);
#2200 = DIRECTION('',(0.,0.,1.));
#2201 = ORIENTED_EDGE('',*,*,#396,.F.);
#2202 = SURFACE_OF_LINEAR_EXTRUSION('',#2203,#2207);
#2203 = B_SPLINE_CURVE_WITH_KNOTS('',2,(#2204,#2205,#2206),
  .UNSPECIFIED.,.F.,.F.,(3,3),(0.,1.),.PIECEWISE_BEZIER_KNOTS.);
#2204 = CARTESIAN_POINT('',(30.772074244966,3.294630872483,0.8));
#2205 = CARTESIAN_POINT('',(30.51882340604,3.294630872483,0.8));
#2206 = CARTESIAN_POINT('',(30.26439807047,3.334563758389,0.8));
#2207 = VECTOR('',#2208,1.);
#2208 = DIRECTION('',(-0.,-0.,-1.));
#2209 = ADVANCED_FACE('',(#2210),#2228,.T.);
#2210 = FACE_BOUND('',#2211,.T.);
#2211 = EDGE_LOOP('',(#2212,#2220,#2226,#2227));
#2212 = ORIENTED_EDGE('',*,*,#2213,.T.);
#2213 = EDGE_CURVE('',#533,#2214,#2216,.T.);
#2214 = VERTEX_POINT('',#2215);
#2215 = CARTESIAN_POINT('',(29.902212667785,5.944295302013,1.3));
#2216 = LINE('',#2217,#2218);
#2217 = CARTESIAN_POINT('',(29.902212667785,5.944295302013,0.8));
#2218 = VECTOR('',#2219,1.);
#2219 = DIRECTION('',(0.,0.,1.));
#2220 = ORIENTED_EDGE('',*,*,#2221,.T.);
#2221 = EDGE_CURVE('',#2214,#2162,#2222,.T.);
#2222 = LINE('',#2223,#2224);
#2223 = CARTESIAN_POINT('',(29.902212667785,5.944295302013,1.3));
#2224 = VECTOR('',#2225,1.);
#2225 = DIRECTION('',(0.,1.,0.));
#2226 = ORIENTED_EDGE('',*,*,#2161,.F.);
#2227 = ORIENTED_EDGE('',*,*,#540,.F.);
#2228 = PLANE('',#2229);
#2229 = AXIS2_PLACEMENT_3D('',#2230,#2231,#2232);
#2230 = CARTESIAN_POINT('',(29.902212667785,5.944295302013,0.8));
#2231 = DIRECTION('',(-1.,0.,0.));
#2232 = DIRECTION('',(0.,1.,0.));
#2233 = ADVANCED_FACE('',(#2234),#2252,.T.);
#2234 = FACE_BOUND('',#2235,.T.);
#2235 = EDGE_LOOP('',(#2236,#2237,#2245,#2251));
#2236 = ORIENTED_EDGE('',*,*,#2196,.T.);
#2237 = ORIENTED_EDGE('',*,*,#2238,.T.);
#2238 = EDGE_CURVE('',#2189,#2239,#2241,.T.);
#2239 = VERTEX_POINT('',#2240);
#2240 = CARTESIAN_POINT('',(29.76127307047,3.454362416107,1.3));
#2241 = B_SPLINE_CURVE_WITH_KNOTS('',2,(#2242,#2243,#2244),
  .UNSPECIFIED.,.F.,.F.,(3,3),(0.,1.),.PIECEWISE_BEZIER_KNOTS.);
#2242 = CARTESIAN_POINT('',(30.26439807047,3.334563758389,1.3));
#2243 = CARTESIAN_POINT('',(30.01011954698,3.374496644295,1.3));
#2244 = CARTESIAN_POINT('',(29.76127307047,3.454362416107,1.3));
#2245 = ORIENTED_EDGE('',*,*,#2246,.F.);
#2246 = EDGE_CURVE('',#405,#2239,#2247,.T.);
#2247 = LINE('',#2248,#2249);
#2248 = CARTESIAN_POINT('',(29.76127307047,3.454362416107,0.8));
#2249 = VECTOR('',#2250,1.);
#2250 = DIRECTION('',(0.,0.,1.));
#2251 = ORIENTED_EDGE('',*,*,#404,.F.);
#2252 = SURFACE_OF_LINEAR_EXTRUSION('',#2253,#2257);
#2253 = B_SPLINE_CURVE_WITH_KNOTS('',2,(#2254,#2255,#2256),
  .UNSPECIFIED.,.F.,.F.,(3,3),(0.,1.),.PIECEWISE_BEZIER_KNOTS.);
#2254 = CARTESIAN_POINT('',(30.26439807047,3.334563758389,0.8));
#2255 = CARTESIAN_POINT('',(30.01011954698,3.374496644295,0.8));
#2256 = CARTESIAN_POINT('',(29.76127307047,3.454362416107,0.8));
#2257 = VECTOR('',#2258,1.);
#2258 = DIRECTION('',(-0.,-0.,-1.));
#2259 = ADVANCED_FACE('',(#2260),#2278,.T.);
#2260 = FACE_BOUND('',#2261,.T.);
#2261 = EDGE_LOOP('',(#2262,#2270,#2276,#2277));
#2262 = ORIENTED_EDGE('',*,*,#2263,.T.);
#2263 = EDGE_CURVE('',#525,#2264,#2266,.T.);
#2264 = VERTEX_POINT('',#2265);
#2265 = CARTESIAN_POINT('',(30.318424916107,6.077600671141,1.3));
#2266 = LINE('',#2267,#2268);
#2267 = CARTESIAN_POINT('',(30.318424916107,6.077600671141,0.8));
#2268 = VECTOR('',#2269,1.);
#2269 = DIRECTION('',(0.,0.,1.));
#2270 = ORIENTED_EDGE('',*,*,#2271,.T.);
#2271 = EDGE_CURVE('',#2264,#2214,#2272,.T.);
#2272 = B_SPLINE_CURVE_WITH_KNOTS('',2,(#2273,#2274,#2275),
  .UNSPECIFIED.,.F.,.F.,(3,3),(0.,1.),.PIECEWISE_BEZIER_KNOTS.);
#2273 = CARTESIAN_POINT('',(30.318424916107,6.077600671141,1.3));
#2274 = CARTESIAN_POINT('',(30.109217701342,6.032529362416,1.3));
#2275 = CARTESIAN_POINT('',(29.902212667785,5.944295302013,1.3));
#2276 = ORIENTED_EDGE('',*,*,#2213,.F.);
#2277 = ORIENTED_EDGE('',*,*,#532,.F.);
#2278 = SURFACE_OF_LINEAR_EXTRUSION('',#2279,#2283);
#2279 = B_SPLINE_CURVE_WITH_KNOTS('',2,(#2280,#2281,#2282),
  .UNSPECIFIED.,.F.,.F.,(3,3),(0.,1.),.PIECEWISE_BEZIER_KNOTS.);
#2280 = CARTESIAN_POINT('',(30.318424916107,6.077600671141,0.8));
#2281 = CARTESIAN_POINT('',(30.109217701342,6.032529362416,0.8));
#2282 = CARTESIAN_POINT('',(29.902212667785,5.944295302013,0.8));
#2283 = VECTOR('',#2284,1.);
#2284 = DIRECTION('',(-0.,-0.,-1.));
#2285 = ADVANCED_FACE('',(#2286),#2304,.T.);
#2286 = FACE_BOUND('',#2287,.T.);
#2287 = EDGE_LOOP('',(#2288,#2289,#2297,#2303));
#2288 = ORIENTED_EDGE('',*,*,#2246,.T.);
#2289 = ORIENTED_EDGE('',*,*,#2290,.T.);
#2290 = EDGE_CURVE('',#2239,#2291,#2293,.T.);
#2291 = VERTEX_POINT('',#2292);
#2292 = CARTESIAN_POINT('',(29.76127307047,4.112080536913,1.3));
#2293 = LINE('',#2294,#2295);
#2294 = CARTESIAN_POINT('',(29.76127307047,3.454362416107,1.3));
#2295 = VECTOR('',#2296,1.);
#2296 = DIRECTION('',(0.,1.,0.));
#2297 = ORIENTED_EDGE('',*,*,#2298,.F.);
#2298 = EDGE_CURVE('',#413,#2291,#2299,.T.);
#2299 = LINE('',#2300,#2301);
#2300 = CARTESIAN_POINT('',(29.76127307047,4.112080536913,0.8));
#2301 = VECTOR('',#2302,1.);
#2302 = DIRECTION('',(0.,0.,1.));
#2303 = ORIENTED_EDGE('',*,*,#412,.F.);
#2304 = PLANE('',#2305);
#2305 = AXIS2_PLACEMENT_3D('',#2306,#2307,#2308);
#2306 = CARTESIAN_POINT('',(29.76127307047,3.454362416107,0.8));
#2307 = DIRECTION('',(-1.,0.,0.));
#2308 = DIRECTION('',(0.,1.,0.));
#2309 = ADVANCED_FACE('',(#2310),#2328,.T.);
#2310 = FACE_BOUND('',#2311,.T.);
#2311 = EDGE_LOOP('',(#2312,#2320,#2326,#2327));
#2312 = ORIENTED_EDGE('',*,*,#2313,.T.);
#2313 = EDGE_CURVE('',#517,#2314,#2316,.T.);
#2314 = VERTEX_POINT('',#2315);
#2315 = CARTESIAN_POINT('',(30.732434983221,6.122818791946,1.3));
#2316 = LINE('',#2317,#2318);
#2317 = CARTESIAN_POINT('',(30.732434983221,6.122818791946,0.8));
#2318 = VECTOR('',#2319,1.);
#2319 = DIRECTION('',(0.,0.,1.));
#2320 = ORIENTED_EDGE('',*,*,#2321,.T.);
#2321 = EDGE_CURVE('',#2314,#2264,#2322,.T.);
#2322 = B_SPLINE_CURVE_WITH_KNOTS('',2,(#2323,#2324,#2325),
  .UNSPECIFIED.,.F.,.F.,(3,3),(0.,1.),.PIECEWISE_BEZIER_KNOTS.);
#2323 = CARTESIAN_POINT('',(30.732434983221,6.122818791946,1.3));
#2324 = CARTESIAN_POINT('',(30.527632130872,6.122818791946,1.3));
#2325 = CARTESIAN_POINT('',(30.318424916107,6.077600671141,1.3));
#2326 = ORIENTED_EDGE('',*,*,#2263,.F.);
#2327 = ORIENTED_EDGE('',*,*,#524,.F.);
#2328 = SURFACE_OF_LINEAR_EXTRUSION('',#2329,#2333);
#2329 = B_SPLINE_CURVE_WITH_KNOTS('',2,(#2330,#2331,#2332),
  .UNSPECIFIED.,.F.,.F.,(3,3),(0.,1.),.PIECEWISE_BEZIER_KNOTS.);
#2330 = CARTESIAN_POINT('',(30.732434983221,6.122818791946,0.8));
#2331 = CARTESIAN_POINT('',(30.527632130872,6.122818791946,0.8));
#2332 = CARTESIAN_POINT('',(30.318424916107,6.077600671141,0.8));
#2333 = VECTOR('',#2334,1.);
#2334 = DIRECTION('',(-0.,-0.,-1.));
#2335 = ADVANCED_FACE('',(#2336),#2354,.T.);
#2336 = FACE_BOUND('',#2337,.T.);
#2337 = EDGE_LOOP('',(#2338,#2339,#2347,#2353));
#2338 = ORIENTED_EDGE('',*,*,#2298,.T.);
#2339 = ORIENTED_EDGE('',*,*,#2340,.T.);
#2340 = EDGE_CURVE('',#2291,#2341,#2343,.T.);
#2341 = VERTEX_POINT('',#2342);
#2342 = CARTESIAN_POINT('',(30.233567533557,3.929446308725,1.3));
#2343 = B_SPLINE_CURVE_WITH_KNOTS('',2,(#2344,#2345,#2346),
  .UNSPECIFIED.,.F.,.F.,(3,3),(0.,1.),.PIECEWISE_BEZIER_KNOTS.);
#2344 = CARTESIAN_POINT('',(29.76127307047,4.112080536913,1.3));
#2345 = CARTESIAN_POINT('',(29.99910864094,3.99110738255,1.3));
#2346 = CARTESIAN_POINT('',(30.233567533557,3.929446308725,1.3));
#2347 = ORIENTED_EDGE('',*,*,#2348,.F.);
#2348 = EDGE_CURVE('',#421,#2341,#2349,.T.);
#2349 = LINE('',#2350,#2351);
#2350 = CARTESIAN_POINT('',(30.233567533557,3.929446308725,0.8));
#2351 = VECTOR('',#2352,1.);
#2352 = DIRECTION('',(0.,0.,1.));
#2353 = ORIENTED_EDGE('',*,*,#420,.F.);
#2354 = SURFACE_OF_LINEAR_EXTRUSION('',#2355,#2359);
#2355 = B_SPLINE_CURVE_WITH_KNOTS('',2,(#2356,#2357,#2358),
  .UNSPECIFIED.,.F.,.F.,(3,3),(0.,1.),.PIECEWISE_BEZIER_KNOTS.);
#2356 = CARTESIAN_POINT('',(29.76127307047,4.112080536913,0.8));
#2357 = CARTESIAN_POINT('',(29.99910864094,3.99110738255,0.8));
#2358 = CARTESIAN_POINT('',(30.233567533557,3.929446308725,0.8));
#2359 = VECTOR('',#2360,1.);
#2360 = DIRECTION('',(-0.,-0.,-1.));
#2361 = ADVANCED_FACE('',(#2362),#2380,.T.);
#2362 = FACE_BOUND('',#2363,.T.);
#2363 = EDGE_LOOP('',(#2364,#2372,#2378,#2379));
#2364 = ORIENTED_EDGE('',*,*,#2365,.T.);
#2365 = EDGE_CURVE('',#509,#2366,#2368,.T.);
#2366 = VERTEX_POINT('',#2367);
#2367 = CARTESIAN_POINT('',(31.161860318792,6.019609899329,1.3));
#2368 = LINE('',#2369,#2370);
#2369 = CARTESIAN_POINT('',(31.161860318792,6.019609899329,0.8));
#2370 = VECTOR('',#2371,1.);
#2371 = DIRECTION('',(0.,0.,1.));
#2372 = ORIENTED_EDGE('',*,*,#2373,.T.);
#2373 = EDGE_CURVE('',#2366,#2314,#2374,.T.);
#2374 = B_SPLINE_CURVE_WITH_KNOTS('',2,(#2375,#2376,#2377),
  .UNSPECIFIED.,.F.,.F.,(3,3),(0.,1.),.PIECEWISE_BEZIER_KNOTS.);
#2375 = CARTESIAN_POINT('',(31.161860318792,6.019609899329,1.3));
#2376 = CARTESIAN_POINT('',(31.009909815436,6.122818791946,1.3));
#2377 = CARTESIAN_POINT('',(30.732434983221,6.122818791946,1.3));
#2378 = ORIENTED_EDGE('',*,*,#2313,.F.);
#2379 = ORIENTED_EDGE('',*,*,#516,.F.);
#2380 = SURFACE_OF_LINEAR_EXTRUSION('',#2381,#2385);
#2381 = B_SPLINE_CURVE_WITH_KNOTS('',2,(#2382,#2383,#2384),
  .UNSPECIFIED.,.F.,.F.,(3,3),(0.,1.),.PIECEWISE_BEZIER_KNOTS.);
#2382 = CARTESIAN_POINT('',(31.161860318792,6.019609899329,0.8));
#2383 = CARTESIAN_POINT('',(31.009909815436,6.122818791946,0.8));
#2384 = CARTESIAN_POINT('',(30.732434983221,6.122818791946,0.8));
#2385 = VECTOR('',#2386,1.);
#2386 = DIRECTION('',(-0.,-0.,-1.));
#2387 = ADVANCED_FACE('',(#2388),#2406,.T.);
#2388 = FACE_BOUND('',#2389,.T.);
#2389 = EDGE_LOOP('',(#2390,#2391,#2399,#2405));
#2390 = ORIENTED_EDGE('',*,*,#2348,.T.);
#2391 = ORIENTED_EDGE('',*,*,#2392,.T.);
#2392 = EDGE_CURVE('',#2341,#2393,#2395,.T.);
#2393 = VERTEX_POINT('',#2394);
#2394 = CARTESIAN_POINT('',(30.694997902685,3.867785234899,1.3));
#2395 = B_SPLINE_CURVE_WITH_KNOTS('',2,(#2396,#2397,#2398),
  .UNSPECIFIED.,.F.,.F.,(3,3),(0.,1.),.PIECEWISE_BEZIER_KNOTS.);
#2396 = CARTESIAN_POINT('',(30.233567533557,3.929446308725,1.3));
#2397 = CARTESIAN_POINT('',(30.468173238255,3.867785234899,1.3));
#2398 = CARTESIAN_POINT('',(30.694997902685,3.867785234899,1.3));
#2399 = ORIENTED_EDGE('',*,*,#2400,.F.);
#2400 = EDGE_CURVE('',#429,#2393,#2401,.T.);
#2401 = LINE('',#2402,#2403);
#2402 = CARTESIAN_POINT('',(30.694997902685,3.867785234899,0.8));
#2403 = VECTOR('',#2404,1.);
#2404 = DIRECTION('',(0.,0.,1.));
#2405 = ORIENTED_EDGE('',*,*,#428,.F.);
#2406 = SURFACE_OF_LINEAR_EXTRUSION('',#2407,#2411);
#2407 = B_SPLINE_CURVE_WITH_KNOTS('',2,(#2408,#2409,#2410),
  .UNSPECIFIED.,.F.,.F.,(3,3),(0.,1.),.PIECEWISE_BEZIER_KNOTS.);
#2408 = CARTESIAN_POINT('',(30.233567533557,3.929446308725,0.8));
#2409 = CARTESIAN_POINT('',(30.468173238255,3.867785234899,0.8));
#2410 = CARTESIAN_POINT('',(30.694997902685,3.867785234899,0.8));
#2411 = VECTOR('',#2412,1.);
#2412 = DIRECTION('',(-0.,-0.,-1.));
#2413 = ADVANCED_FACE('',(#2414),#2432,.T.);
#2414 = FACE_BOUND('',#2415,.T.);
#2415 = EDGE_LOOP('',(#2416,#2424,#2430,#2431));
#2416 = ORIENTED_EDGE('',*,*,#2417,.T.);
#2417 = EDGE_CURVE('',#501,#2418,#2420,.T.);
#2418 = VERTEX_POINT('',#2419);
#2419 = CARTESIAN_POINT('',(31.313810822148,5.727894295302,1.3));
#2420 = LINE('',#2421,#2422);
#2421 = CARTESIAN_POINT('',(31.313810822148,5.727894295302,0.8));
#2422 = VECTOR('',#2423,1.);
#2423 = DIRECTION('',(0.,0.,1.));
#2424 = ORIENTED_EDGE('',*,*,#2425,.T.);
#2425 = EDGE_CURVE('',#2418,#2366,#2426,.T.);
#2426 = B_SPLINE_CURVE_WITH_KNOTS('',2,(#2427,#2428,#2429),
  .UNSPECIFIED.,.F.,.F.,(3,3),(0.,1.),.PIECEWISE_BEZIER_KNOTS.);
#2427 = CARTESIAN_POINT('',(31.313810822148,5.727894295302,1.3));
#2428 = CARTESIAN_POINT('',(31.313810822148,5.916547818792,1.3));
#2429 = CARTESIAN_POINT('',(31.161860318792,6.019609899329,1.3));
#2430 = ORIENTED_EDGE('',*,*,#2365,.F.);
#2431 = ORIENTED_EDGE('',*,*,#508,.F.);
#2432 = SURFACE_OF_LINEAR_EXTRUSION('',#2433,#2437);
#2433 = B_SPLINE_CURVE_WITH_KNOTS('',2,(#2434,#2435,#2436),
  .UNSPECIFIED.,.F.,.F.,(3,3),(0.,1.),.PIECEWISE_BEZIER_KNOTS.);
#2434 = CARTESIAN_POINT('',(31.313810822148,5.727894295302,0.8));
#2435 = CARTESIAN_POINT('',(31.313810822148,5.916547818792,0.8));
#2436 = CARTESIAN_POINT('',(31.161860318792,6.019609899329,0.8));
#2437 = VECTOR('',#2438,1.);
#2438 = DIRECTION('',(-0.,-0.,-1.));
#2439 = ADVANCED_FACE('',(#2440),#2458,.T.);
#2440 = FACE_BOUND('',#2441,.T.);
#2441 = EDGE_LOOP('',(#2442,#2443,#2451,#2457));
#2442 = ORIENTED_EDGE('',*,*,#2400,.T.);
#2443 = ORIENTED_EDGE('',*,*,#2444,.T.);
#2444 = EDGE_CURVE('',#2393,#2445,#2447,.T.);
#2445 = VERTEX_POINT('',#2446);
#2446 = CARTESIAN_POINT('',(31.211335989933,3.984941275168,1.3));
#2447 = B_SPLINE_CURVE_WITH_KNOTS('',2,(#2448,#2449,#2450),
  .UNSPECIFIED.,.F.,.F.,(3,3),(0.,1.),.PIECEWISE_BEZIER_KNOTS.);
#2448 = CARTESIAN_POINT('',(30.694997902685,3.867785234899,1.3));
#2449 = CARTESIAN_POINT('',(31.031931627517,3.867785234899,1.3));
#2450 = CARTESIAN_POINT('',(31.211335989933,3.984941275168,1.3));
#2451 = ORIENTED_EDGE('',*,*,#2452,.F.);
#2452 = EDGE_CURVE('',#437,#2445,#2453,.T.);
#2453 = LINE('',#2454,#2455);
#2454 = CARTESIAN_POINT('',(31.211335989933,3.984941275168,0.8));
#2455 = VECTOR('',#2456,1.);
#2456 = DIRECTION('',(0.,0.,1.));
#2457 = ORIENTED_EDGE('',*,*,#436,.F.);
#2458 = SURFACE_OF_LINEAR_EXTRUSION('',#2459,#2463);
#2459 = B_SPLINE_CURVE_WITH_KNOTS('',2,(#2460,#2461,#2462),
  .UNSPECIFIED.,.F.,.F.,(3,3),(0.,1.),.PIECEWISE_BEZIER_KNOTS.);
#2460 = CARTESIAN_POINT('',(30.694997902685,3.867785234899,0.8));
#2461 = CARTESIAN_POINT('',(31.031931627517,3.867785234899,0.8));
#2462 = CARTESIAN_POINT('',(31.211335989933,3.984941275168,0.8));
#2463 = VECTOR('',#2464,1.);
#2464 = DIRECTION('',(-0.,-0.,-1.));
#2465 = ADVANCED_FACE('',(#2466),#2484,.T.);
#2466 = FACE_BOUND('',#2467,.T.);
#2467 = EDGE_LOOP('',(#2468,#2476,#2482,#2483));
#2468 = ORIENTED_EDGE('',*,*,#2469,.T.);
#2469 = EDGE_CURVE('',#493,#2470,#2472,.T.);
#2470 = VERTEX_POINT('',#2471);
#2471 = CARTESIAN_POINT('',(31.157455956376,5.423993288591,1.3));
#2472 = LINE('',#2473,#2474);
#2473 = CARTESIAN_POINT('',(31.157455956376,5.423993288591,0.8));
#2474 = VECTOR('',#2475,1.);
#2475 = DIRECTION('',(0.,0.,1.));
#2476 = ORIENTED_EDGE('',*,*,#2477,.T.);
#2477 = EDGE_CURVE('',#2470,#2418,#2478,.T.);
#2478 = B_SPLINE_CURVE_WITH_KNOTS('',2,(#2479,#2480,#2481),
  .UNSPECIFIED.,.F.,.F.,(3,3),(0.,1.),.PIECEWISE_BEZIER_KNOTS.);
#2479 = CARTESIAN_POINT('',(31.157455956376,5.423993288591,1.3));
#2480 = CARTESIAN_POINT('',(31.313810822148,5.523825503356,1.3));
#2481 = CARTESIAN_POINT('',(31.313810822148,5.727894295302,1.3));
#2482 = ORIENTED_EDGE('',*,*,#2417,.F.);
#2483 = ORIENTED_EDGE('',*,*,#500,.F.);
#2484 = SURFACE_OF_LINEAR_EXTRUSION('',#2485,#2489);
#2485 = B_SPLINE_CURVE_WITH_KNOTS('',2,(#2486,#2487,#2488),
  .UNSPECIFIED.,.F.,.F.,(3,3),(0.,1.),.PIECEWISE_BEZIER_KNOTS.);
#2486 = CARTESIAN_POINT('',(31.157455956376,5.423993288591,0.8));
#2487 = CARTESIAN_POINT('',(31.313810822148,5.523825503356,0.8));
#2488 = CARTESIAN_POINT('',(31.313810822148,5.727894295302,0.8));
#2489 = VECTOR('',#2490,1.);
#2490 = DIRECTION('',(-0.,-0.,-1.));
#2491 = ADVANCED_FACE('',(#2492),#2510,.T.);
#2492 = FACE_BOUND('',#2493,.T.);
#2493 = EDGE_LOOP('',(#2494,#2495,#2503,#2509));
#2494 = ORIENTED_EDGE('',*,*,#2452,.T.);
#2495 = ORIENTED_EDGE('',*,*,#2496,.T.);
#2496 = EDGE_CURVE('',#2445,#2497,#2499,.T.);
#2497 = VERTEX_POINT('',#2498);
#2498 = CARTESIAN_POINT('',(31.39088716443,4.321287751678,1.3));
#2499 = B_SPLINE_CURVE_WITH_KNOTS('',2,(#2500,#2501,#2502),
  .UNSPECIFIED.,.F.,.F.,(3,3),(0.,1.),.PIECEWISE_BEZIER_KNOTS.);
#2500 = CARTESIAN_POINT('',(31.211335989933,3.984941275168,1.3));
#2501 = CARTESIAN_POINT('',(31.39088716443,4.102244127517,1.3));
#2502 = CARTESIAN_POINT('',(31.39088716443,4.321287751678,1.3));
#2503 = ORIENTED_EDGE('',*,*,#2504,.F.);
#2504 = EDGE_CURVE('',#445,#2497,#2505,.T.);
#2505 = LINE('',#2506,#2507);
#2506 = CARTESIAN_POINT('',(31.39088716443,4.321287751678,0.8));
#2507 = VECTOR('',#2508,1.);
#2508 = DIRECTION('',(0.,0.,1.));
#2509 = ORIENTED_EDGE('',*,*,#444,.F.);
#2510 = SURFACE_OF_LINEAR_EXTRUSION('',#2511,#2515);
#2511 = B_SPLINE_CURVE_WITH_KNOTS('',2,(#2512,#2513,#2514),
  .UNSPECIFIED.,.F.,.F.,(3,3),(0.,1.),.PIECEWISE_BEZIER_KNOTS.);
#2512 = CARTESIAN_POINT('',(31.211335989933,3.984941275168,0.8));
#2513 = CARTESIAN_POINT('',(31.39088716443,4.102244127517,0.8));
#2514 = CARTESIAN_POINT('',(31.39088716443,4.321287751678,0.8));
#2515 = VECTOR('',#2516,1.);
#2516 = DIRECTION('',(-0.,-0.,-1.));
#2517 = ADVANCED_FACE('',(#2518),#2536,.T.);
#2518 = FACE_BOUND('',#2519,.T.);
#2519 = EDGE_LOOP('',(#2520,#2528,#2534,#2535));
#2520 = ORIENTED_EDGE('',*,*,#2521,.T.);
#2521 = EDGE_CURVE('',#485,#2522,#2524,.T.);
#2522 = VERTEX_POINT('',#2523);
#2523 = CARTESIAN_POINT('',(30.681784815436,5.324161073826,1.3));
#2524 = LINE('',#2525,#2526);
#2525 = CARTESIAN_POINT('',(30.681784815436,5.324161073826,0.8));
#2526 = VECTOR('',#2527,1.);
#2527 = DIRECTION('',(0.,0.,1.));
#2528 = ORIENTED_EDGE('',*,*,#2529,.T.);
#2529 = EDGE_CURVE('',#2522,#2470,#2530,.T.);
#2530 = B_SPLINE_CURVE_WITH_KNOTS('',2,(#2531,#2532,#2533),
  .UNSPECIFIED.,.F.,.F.,(3,3),(0.,1.),.PIECEWISE_BEZIER_KNOTS.);
#2531 = CARTESIAN_POINT('',(30.681784815436,5.324161073826,1.3));
#2532 = CARTESIAN_POINT('',(31.001101090604,5.324161073826,1.3));
#2533 = CARTESIAN_POINT('',(31.157455956376,5.423993288591,1.3));
#2534 = ORIENTED_EDGE('',*,*,#2469,.F.);
#2535 = ORIENTED_EDGE('',*,*,#492,.F.);
#2536 = SURFACE_OF_LINEAR_EXTRUSION('',#2537,#2541);
#2537 = B_SPLINE_CURVE_WITH_KNOTS('',2,(#2538,#2539,#2540),
  .UNSPECIFIED.,.F.,.F.,(3,3),(0.,1.),.PIECEWISE_BEZIER_KNOTS.);
#2538 = CARTESIAN_POINT('',(30.681784815436,5.324161073826,0.8));
#2539 = CARTESIAN_POINT('',(31.001101090604,5.324161073826,0.8));
#2540 = CARTESIAN_POINT('',(31.157455956376,5.423993288591,0.8));
#2541 = VECTOR('',#2542,1.);
#2542 = DIRECTION('',(-0.,-0.,-1.));
#2543 = ADVANCED_FACE('',(#2544),#2562,.T.);
#2544 = FACE_BOUND('',#2545,.T.);
#2545 = EDGE_LOOP('',(#2546,#2547,#2555,#2561));
#2546 = ORIENTED_EDGE('',*,*,#2504,.T.);
#2547 = ORIENTED_EDGE('',*,*,#2548,.T.);
#2548 = EDGE_CURVE('',#2497,#2549,#2551,.T.);
#2549 = VERTEX_POINT('',#2550);
#2550 = CARTESIAN_POINT('',(31.206931627517,4.663066275168,1.3));
#2551 = B_SPLINE_CURVE_WITH_KNOTS('',2,(#2552,#2553,#2554),
  .UNSPECIFIED.,.F.,.F.,(3,3),(0.,1.),.PIECEWISE_BEZIER_KNOTS.);
#2552 = CARTESIAN_POINT('',(31.39088716443,4.321287751678,1.3));
#2553 = CARTESIAN_POINT('',(31.39088716443,4.546937919463,1.3));
#2554 = CARTESIAN_POINT('',(31.206931627517,4.663066275168,1.3));
#2555 = ORIENTED_EDGE('',*,*,#2556,.F.);
#2556 = EDGE_CURVE('',#453,#2549,#2557,.T.);
#2557 = LINE('',#2558,#2559);
#2558 = CARTESIAN_POINT('',(31.206931627517,4.663066275168,0.8));
#2559 = VECTOR('',#2560,1.);
#2560 = DIRECTION('',(0.,0.,1.));
#2561 = ORIENTED_EDGE('',*,*,#452,.F.);
#2562 = SURFACE_OF_LINEAR_EXTRUSION('',#2563,#2567);
#2563 = B_SPLINE_CURVE_WITH_KNOTS('',2,(#2564,#2565,#2566),
  .UNSPECIFIED.,.F.,.F.,(3,3),(0.,1.),.PIECEWISE_BEZIER_KNOTS.);
#2564 = CARTESIAN_POINT('',(31.39088716443,4.321287751678,0.8));
#2565 = CARTESIAN_POINT('',(31.39088716443,4.546937919463,0.8));
#2566 = CARTESIAN_POINT('',(31.206931627517,4.663066275168,0.8));
#2567 = VECTOR('',#2568,1.);
#2568 = DIRECTION('',(-0.,-0.,-1.));
#2569 = ADVANCED_FACE('',(#2570),#2588,.T.);
#2570 = FACE_BOUND('',#2571,.T.);
#2571 = EDGE_LOOP('',(#2572,#2580,#2586,#2587));
#2572 = ORIENTED_EDGE('',*,*,#2573,.T.);
#2573 = EDGE_CURVE('',#477,#2574,#2576,.T.);
#2574 = VERTEX_POINT('',#2575);
#2575 = CARTESIAN_POINT('',(30.325031459732,5.324161073826,1.3));
#2576 = LINE('',#2577,#2578);
#2577 = CARTESIAN_POINT('',(30.325031459732,5.324161073826,0.8));
#2578 = VECTOR('',#2579,1.);
#2579 = DIRECTION('',(0.,0.,1.));
#2580 = ORIENTED_EDGE('',*,*,#2581,.T.);
#2581 = EDGE_CURVE('',#2574,#2522,#2582,.T.);
#2582 = LINE('',#2583,#2584);
#2583 = CARTESIAN_POINT('',(30.325031459732,5.324161073826,1.3));
#2584 = VECTOR('',#2585,1.);
#2585 = DIRECTION('',(1.,0.,0.));
#2586 = ORIENTED_EDGE('',*,*,#2521,.F.);
#2587 = ORIENTED_EDGE('',*,*,#484,.F.);
#2588 = PLANE('',#2589);
#2589 = AXIS2_PLACEMENT_3D('',#2590,#2591,#2592);
#2590 = CARTESIAN_POINT('',(30.325031459732,5.324161073826,0.8));
#2591 = DIRECTION('',(0.,1.,0.));
#2592 = DIRECTION('',(1.,0.,0.));
#2593 = ADVANCED_FACE('',(#2594),#2612,.T.);
#2594 = FACE_BOUND('',#2595,.T.);
#2595 = EDGE_LOOP('',(#2596,#2597,#2605,#2611));
#2596 = ORIENTED_EDGE('',*,*,#2556,.T.);
#2597 = ORIENTED_EDGE('',*,*,#2598,.T.);
#2598 = EDGE_CURVE('',#2549,#2599,#2601,.T.);
#2599 = VERTEX_POINT('',#2600);
#2600 = CARTESIAN_POINT('',(30.664167365772,4.779194630872,1.3));
#2601 = B_SPLINE_CURVE_WITH_KNOTS('',2,(#2602,#2603,#2604),
  .UNSPECIFIED.,.F.,.F.,(3,3),(0.,1.),.PIECEWISE_BEZIER_KNOTS.);
#2602 = CARTESIAN_POINT('',(31.206931627517,4.663066275168,1.3));
#2603 = CARTESIAN_POINT('',(31.023122902685,4.779194630872,1.3));
#2604 = CARTESIAN_POINT('',(30.664167365772,4.779194630872,1.3));
#2605 = ORIENTED_EDGE('',*,*,#2606,.F.);
#2606 = EDGE_CURVE('',#461,#2599,#2607,.T.);
#2607 = LINE('',#2608,#2609);
#2608 = CARTESIAN_POINT('',(30.664167365772,4.779194630872,0.8));
#2609 = VECTOR('',#2610,1.);
#2610 = DIRECTION('',(0.,0.,1.));
#2611 = ORIENTED_EDGE('',*,*,#460,.F.);
#2612 = SURFACE_OF_LINEAR_EXTRUSION('',#2613,#2617);
#2613 = B_SPLINE_CURVE_WITH_KNOTS('',2,(#2614,#2615,#2616),
  .UNSPECIFIED.,.F.,.F.,(3,3),(0.,1.),.PIECEWISE_BEZIER_KNOTS.);
#2614 = CARTESIAN_POINT('',(31.206931627517,4.663066275168,0.8));
#2615 = CARTESIAN_POINT('',(31.023122902685,4.779194630872,0.8));
#2616 = CARTESIAN_POINT('',(30.664167365772,4.779194630872,0.8));
#2617 = VECTOR('',#2618,1.);
#2618 = DIRECTION('',(-0.,-0.,-1.));
#2619 = ADVANCED_FACE('',(#2620),#2638,.T.);
#2620 = FACE_BOUND('',#2621,.T.);
#2621 = EDGE_LOOP('',(#2622,#2630,#2636,#2637));
#2622 = ORIENTED_EDGE('',*,*,#2623,.T.);
#2623 = EDGE_CURVE('',#469,#2624,#2626,.T.);
#2624 = VERTEX_POINT('',#2625);
#2625 = CARTESIAN_POINT('',(30.325031459732,4.779194630872,1.3));
#2626 = LINE('',#2627,#2628);
#2627 = CARTESIAN_POINT('',(30.325031459732,4.779194630872,0.8));
#2628 = VECTOR('',#2629,1.);
#2629 = DIRECTION('',(0.,0.,1.));
#2630 = ORIENTED_EDGE('',*,*,#2631,.T.);
#2631 = EDGE_CURVE('',#2624,#2574,#2632,.T.);
#2632 = LINE('',#2633,#2634);
#2633 = CARTESIAN_POINT('',(30.325031459732,4.779194630872,1.3));
#2634 = VECTOR('',#2635,1.);
#2635 = DIRECTION('',(0.,1.,0.));
#2636 = ORIENTED_EDGE('',*,*,#2573,.F.);
#2637 = ORIENTED_EDGE('',*,*,#476,.F.);
#2638 = PLANE('',#2639);
#2639 = AXIS2_PLACEMENT_3D('',#2640,#2641,#2642);
#2640 = CARTESIAN_POINT('',(30.325031459732,4.779194630872,0.8));
#2641 = DIRECTION('',(-1.,0.,0.));
#2642 = DIRECTION('',(0.,1.,0.));
#2643 = ADVANCED_FACE('',(#2644),#2655,.T.);
#2644 = FACE_BOUND('',#2645,.T.);
#2645 = EDGE_LOOP('',(#2646,#2647,#2653,#2654));
#2646 = ORIENTED_EDGE('',*,*,#2606,.T.);
#2647 = ORIENTED_EDGE('',*,*,#2648,.T.);
#2648 = EDGE_CURVE('',#2599,#2624,#2649,.T.);
#2649 = LINE('',#2650,#2651);
#2650 = CARTESIAN_POINT('',(30.664167365772,4.779194630872,1.3));
#2651 = VECTOR('',#2652,1.);
#2652 = DIRECTION('',(-1.,0.,0.));
#2653 = ORIENTED_EDGE('',*,*,#2623,.F.);
#2654 = ORIENTED_EDGE('',*,*,#468,.F.);
#2655 = PLANE('',#2656);
#2656 = AXIS2_PLACEMENT_3D('',#2657,#2658,#2659);
#2657 = CARTESIAN_POINT('',(30.664167365772,4.779194630872,0.8));
#2658 = DIRECTION('',(0.,-1.,0.));
#2659 = DIRECTION('',(-1.,0.,0.));
#2660 = ADVANCED_FACE('',(#2661),#2686,.T.);
#2661 = FACE_BOUND('',#2662,.T.);
#2662 = EDGE_LOOP('',(#2663,#2671,#2679,#2685));
#2663 = ORIENTED_EDGE('',*,*,#2664,.T.);
#2664 = EDGE_CURVE('',#589,#2665,#2667,.T.);
#2665 = VERTEX_POINT('',#2666);
#2666 = CARTESIAN_POINT('',(41.635748741611,4.683326342282,1.3));
#2667 = LINE('',#2668,#2669);
#2668 = CARTESIAN_POINT('',(41.635748741611,4.683326342282,0.8));
#2669 = VECTOR('',#2670,1.);
#2670 = DIRECTION('',(0.,0.,1.));
#2671 = ORIENTED_EDGE('',*,*,#2672,.T.);
#2672 = EDGE_CURVE('',#2665,#2673,#2675,.T.);
#2673 = VERTEX_POINT('',#2674);
#2674 = CARTESIAN_POINT('',(42.952653104027,6.644295302013,1.3));
#2675 = LINE('',#2676,#2677);
#2676 = CARTESIAN_POINT('',(41.635748741611,4.683326342282,1.3));
#2677 = VECTOR('',#2678,1.);
#2678 = DIRECTION('',(0.557508237146,0.830171407309,0.));
#2679 = ORIENTED_EDGE('',*,*,#2680,.F.);
#2680 = EDGE_CURVE('',#591,#2673,#2681,.T.);
#2681 = LINE('',#2682,#2683);
#2682 = CARTESIAN_POINT('',(42.952653104027,6.644295302013,0.8));
#2683 = VECTOR('',#2684,1.);
#2684 = DIRECTION('',(0.,0.,1.));
#2685 = ORIENTED_EDGE('',*,*,#588,.F.);
#2686 = PLANE('',#2687);
#2687 = AXIS2_PLACEMENT_3D('',#2688,#2689,#2690);
#2688 = CARTESIAN_POINT('',(41.635748741611,4.683326342282,0.8));
#2689 = DIRECTION('',(-0.830171407309,0.557508237146,0.));
#2690 = DIRECTION('',(0.557508237146,0.830171407309,0.));
#2691 = ADVANCED_FACE('',(#2692),#2710,.T.);
#2692 = FACE_BOUND('',#2693,.T.);
#2693 = EDGE_LOOP('',(#2694,#2702,#2708,#2709));
#2694 = ORIENTED_EDGE('',*,*,#2695,.T.);
#2695 = EDGE_CURVE('',#663,#2696,#2698,.T.);
#2696 = VERTEX_POINT('',#2697);
#2697 = CARTESIAN_POINT('',(41.635748741611,3.957046979866,1.3));
#2698 = LINE('',#2699,#2700);
#2699 = CARTESIAN_POINT('',(41.635748741611,3.957046979866,0.8));
#2700 = VECTOR('',#2701,1.);
#2701 = DIRECTION('',(0.,0.,1.));
#2702 = ORIENTED_EDGE('',*,*,#2703,.T.);
#2703 = EDGE_CURVE('',#2696,#2665,#2704,.T.);
#2704 = LINE('',#2705,#2706);
#2705 = CARTESIAN_POINT('',(41.635748741611,3.957046979866,1.3));
#2706 = VECTOR('',#2707,1.);
#2707 = DIRECTION('',(0.,1.,0.));
#2708 = ORIENTED_EDGE('',*,*,#2664,.F.);
#2709 = ORIENTED_EDGE('',*,*,#670,.F.);
#2710 = PLANE('',#2711);
#2711 = AXIS2_PLACEMENT_3D('',#2712,#2713,#2714);
#2712 = CARTESIAN_POINT('',(41.635748741611,3.957046979866,0.8));
#2713 = DIRECTION('',(-1.,0.,0.));
#2714 = DIRECTION('',(0.,1.,0.));
#2715 = ADVANCED_FACE('',(#2716),#2734,.T.);
#2716 = FACE_BOUND('',#2717,.T.);
#2717 = EDGE_LOOP('',(#2718,#2719,#2727,#2733));
#2718 = ORIENTED_EDGE('',*,*,#2680,.T.);
#2719 = ORIENTED_EDGE('',*,*,#2720,.T.);
#2720 = EDGE_CURVE('',#2673,#2721,#2723,.T.);
#2721 = VERTEX_POINT('',#2722);
#2722 = CARTESIAN_POINT('',(43.895186661074,6.644295302013,1.3));
#2723 = LINE('',#2724,#2725);
#2724 = CARTESIAN_POINT('',(42.952653104027,6.644295302013,1.3));
#2725 = VECTOR('',#2726,1.);
#2726 = DIRECTION('',(1.,0.,0.));
#2727 = ORIENTED_EDGE('',*,*,#2728,.F.);
#2728 = EDGE_CURVE('',#599,#2721,#2729,.T.);
#2729 = LINE('',#2730,#2731);
#2730 = CARTESIAN_POINT('',(43.895186661074,6.644295302013,0.8));
#2731 = VECTOR('',#2732,1.);
#2732 = DIRECTION('',(0.,0.,1.));
#2733 = ORIENTED_EDGE('',*,*,#598,.F.);
#2734 = PLANE('',#2735);
#2735 = AXIS2_PLACEMENT_3D('',#2736,#2737,#2738);
#2736 = CARTESIAN_POINT('',(42.952653104027,6.644295302013,0.8));
#2737 = DIRECTION('',(0.,1.,0.));
#2738 = DIRECTION('',(1.,0.,0.));
#2739 = ADVANCED_FACE('',(#2740),#2758,.T.);
#2740 = FACE_BOUND('',#2741,.T.);
#2741 = EDGE_LOOP('',(#2742,#2750,#2756,#2757));
#2742 = ORIENTED_EDGE('',*,*,#2743,.T.);
#2743 = EDGE_CURVE('',#655,#2744,#2746,.T.);
#2744 = VERTEX_POINT('',#2745);
#2745 = CARTESIAN_POINT('',(43.093592701342,3.957046979866,1.3));
#2746 = LINE('',#2747,#2748);
#2747 = CARTESIAN_POINT('',(43.093592701342,3.957046979866,0.8));
#2748 = VECTOR('',#2749,1.);
#2749 = DIRECTION('',(0.,0.,1.));
#2750 = ORIENTED_EDGE('',*,*,#2751,.T.);
#2751 = EDGE_CURVE('',#2744,#2696,#2752,.T.);
#2752 = LINE('',#2753,#2754);
#2753 = CARTESIAN_POINT('',(43.093592701342,3.957046979866,1.3));
#2754 = VECTOR('',#2755,1.);
#2755 = DIRECTION('',(-1.,0.,0.));
#2756 = ORIENTED_EDGE('',*,*,#2695,.F.);
#2757 = ORIENTED_EDGE('',*,*,#662,.F.);
#2758 = PLANE('',#2759);
#2759 = AXIS2_PLACEMENT_3D('',#2760,#2761,#2762);
#2760 = CARTESIAN_POINT('',(43.093592701342,3.957046979866,0.8));
#2761 = DIRECTION('',(0.,-1.,0.));
#2762 = DIRECTION('',(-1.,0.,0.));
#2763 = ADVANCED_FACE('',(#2764),#2782,.T.);
#2764 = FACE_BOUND('',#2765,.T.);
#2765 = EDGE_LOOP('',(#2766,#2767,#2775,#2781));
#2766 = ORIENTED_EDGE('',*,*,#2728,.T.);
#2767 = ORIENTED_EDGE('',*,*,#2768,.T.);
#2768 = EDGE_CURVE('',#2721,#2769,#2771,.T.);
#2769 = VERTEX_POINT('',#2770);
#2770 = CARTESIAN_POINT('',(43.895186661074,4.567785234899,1.3));
#2771 = LINE('',#2772,#2773);
#2772 = CARTESIAN_POINT('',(43.895186661074,6.644295302013,1.3));
#2773 = VECTOR('',#2774,1.);
#2774 = DIRECTION('',(0.,-1.,-0.));
#2775 = ORIENTED_EDGE('',*,*,#2776,.F.);
#2776 = EDGE_CURVE('',#607,#2769,#2777,.T.);
#2777 = LINE('',#2778,#2779);
#2778 = CARTESIAN_POINT('',(43.895186661074,4.567785234899,0.8));
#2779 = VECTOR('',#2780,1.);
#2780 = DIRECTION('',(0.,0.,1.));
#2781 = ORIENTED_EDGE('',*,*,#606,.F.);
#2782 = PLANE('',#2783);
#2783 = AXIS2_PLACEMENT_3D('',#2784,#2785,#2786);
#2784 = CARTESIAN_POINT('',(43.895186661074,6.644295302013,0.8));
#2785 = DIRECTION('',(1.,0.,-0.));
#2786 = DIRECTION('',(0.,-1.,0.));
#2787 = ADVANCED_FACE('',(#2788),#2806,.T.);
#2788 = FACE_BOUND('',#2789,.T.);
#2789 = EDGE_LOOP('',(#2790,#2798,#2804,#2805));
#2790 = ORIENTED_EDGE('',*,*,#2791,.T.);
#2791 = EDGE_CURVE('',#647,#2792,#2794,.T.);
#2792 = VERTEX_POINT('',#2793);
#2793 = CARTESIAN_POINT('',(43.093592701342,3.355704697987,1.3));
#2794 = LINE('',#2795,#2796);
#2795 = CARTESIAN_POINT('',(43.093592701342,3.355704697987,0.8));
#2796 = VECTOR('',#2797,1.);
#2797 = DIRECTION('',(0.,0.,1.));
#2798 = ORIENTED_EDGE('',*,*,#2799,.T.);
#2799 = EDGE_CURVE('',#2792,#2744,#2800,.T.);
#2800 = LINE('',#2801,#2802);
#2801 = CARTESIAN_POINT('',(43.093592701342,3.355704697987,1.3));
#2802 = VECTOR('',#2803,1.);
#2803 = DIRECTION('',(0.,1.,0.));
#2804 = ORIENTED_EDGE('',*,*,#2743,.F.);
#2805 = ORIENTED_EDGE('',*,*,#654,.F.);
#2806 = PLANE('',#2807);
#2807 = AXIS2_PLACEMENT_3D('',#2808,#2809,#2810);
#2808 = CARTESIAN_POINT('',(43.093592701342,3.355704697987,0.8));
#2809 = DIRECTION('',(-1.,0.,0.));
#2810 = DIRECTION('',(0.,1.,0.));
#2811 = ADVANCED_FACE('',(#2812),#2830,.T.);
#2812 = FACE_BOUND('',#2813,.T.);
#2813 = EDGE_LOOP('',(#2814,#2815,#2823,#2829));
#2814 = ORIENTED_EDGE('',*,*,#2776,.T.);
#2815 = ORIENTED_EDGE('',*,*,#2816,.T.);
#2816 = EDGE_CURVE('',#2769,#2817,#2819,.T.);
#2817 = VERTEX_POINT('',#2818);
#2818 = CARTESIAN_POINT('',(44.364251258389,4.567785234899,1.3));
#2819 = LINE('',#2820,#2821);
#2820 = CARTESIAN_POINT('',(43.895186661074,4.567785234899,1.3));
#2821 = VECTOR('',#2822,1.);
#2822 = DIRECTION('',(1.,0.,0.));
#2823 = ORIENTED_EDGE('',*,*,#2824,.F.);
#2824 = EDGE_CURVE('',#615,#2817,#2825,.T.);
#2825 = LINE('',#2826,#2827);
#2826 = CARTESIAN_POINT('',(44.364251258389,4.567785234899,0.8));
#2827 = VECTOR('',#2828,1.);
#2828 = DIRECTION('',(0.,0.,1.));
#2829 = ORIENTED_EDGE('',*,*,#614,.F.);
#2830 = PLANE('',#2831);
#2831 = AXIS2_PLACEMENT_3D('',#2832,#2833,#2834);
#2832 = CARTESIAN_POINT('',(43.895186661074,4.567785234899,0.8));
#2833 = DIRECTION('',(0.,1.,0.));
#2834 = DIRECTION('',(1.,0.,0.));
#2835 = ADVANCED_FACE('',(#2836),#2854,.T.);
#2836 = FACE_BOUND('',#2837,.T.);
#2837 = EDGE_LOOP('',(#2838,#2846,#2852,#2853));
#2838 = ORIENTED_EDGE('',*,*,#2839,.T.);
#2839 = EDGE_CURVE('',#639,#2840,#2842,.T.);
#2840 = VERTEX_POINT('',#2841);
#2841 = CARTESIAN_POINT('',(43.895186661074,3.355704697987,1.3));
#2842 = LINE('',#2843,#2844);
#2843 = CARTESIAN_POINT('',(43.895186661074,3.355704697987,0.8));
#2844 = VECTOR('',#2845,1.);
#2845 = DIRECTION('',(0.,0.,1.));
#2846 = ORIENTED_EDGE('',*,*,#2847,.T.);
#2847 = EDGE_CURVE('',#2840,#2792,#2848,.T.);
#2848 = LINE('',#2849,#2850);
#2849 = CARTESIAN_POINT('',(43.895186661074,3.355704697987,1.3));
#2850 = VECTOR('',#2851,1.);
#2851 = DIRECTION('',(-1.,0.,0.));
#2852 = ORIENTED_EDGE('',*,*,#2791,.F.);
#2853 = ORIENTED_EDGE('',*,*,#646,.F.);
#2854 = PLANE('',#2855);
#2855 = AXIS2_PLACEMENT_3D('',#2856,#2857,#2858);
#2856 = CARTESIAN_POINT('',(43.895186661074,3.355704697987,0.8));
#2857 = DIRECTION('',(0.,-1.,0.));
#2858 = DIRECTION('',(-1.,0.,0.));
#2859 = ADVANCED_FACE('',(#2860),#2878,.T.);
#2860 = FACE_BOUND('',#2861,.T.);
#2861 = EDGE_LOOP('',(#2862,#2863,#2871,#2877));
#2862 = ORIENTED_EDGE('',*,*,#2824,.T.);
#2863 = ORIENTED_EDGE('',*,*,#2864,.T.);
#2864 = EDGE_CURVE('',#2817,#2865,#2867,.T.);
#2865 = VERTEX_POINT('',#2866);
#2866 = CARTESIAN_POINT('',(44.364251258389,3.957046979866,1.3));
#2867 = LINE('',#2868,#2869);
#2868 = CARTESIAN_POINT('',(44.364251258389,4.567785234899,1.3));
#2869 = VECTOR('',#2870,1.);
#2870 = DIRECTION('',(0.,-1.,-0.));
#2871 = ORIENTED_EDGE('',*,*,#2872,.F.);
#2872 = EDGE_CURVE('',#623,#2865,#2873,.T.);
#2873 = LINE('',#2874,#2875);
#2874 = CARTESIAN_POINT('',(44.364251258389,3.957046979866,0.8));
#2875 = VECTOR('',#2876,1.);
#2876 = DIRECTION('',(0.,0.,1.));
#2877 = ORIENTED_EDGE('',*,*,#622,.F.);
#2878 = PLANE('',#2879);
#2879 = AXIS2_PLACEMENT_3D('',#2880,#2881,#2882);
#2880 = CARTESIAN_POINT('',(44.364251258389,4.567785234899,0.8));
#2881 = DIRECTION('',(1.,0.,-0.));
#2882 = DIRECTION('',(0.,-1.,0.));
#2883 = ADVANCED_FACE('',(#2884),#2902,.T.);
#2884 = FACE_BOUND('',#2885,.T.);
#2885 = EDGE_LOOP('',(#2886,#2894,#2900,#2901));
#2886 = ORIENTED_EDGE('',*,*,#2887,.T.);
#2887 = EDGE_CURVE('',#631,#2888,#2890,.T.);
#2888 = VERTEX_POINT('',#2889);
#2889 = CARTESIAN_POINT('',(43.895186661074,3.957046979866,1.3));
#2890 = LINE('',#2891,#2892);
#2891 = CARTESIAN_POINT('',(43.895186661074,3.957046979866,0.8));
#2892 = VECTOR('',#2893,1.);
#2893 = DIRECTION('',(0.,0.,1.));
#2894 = ORIENTED_EDGE('',*,*,#2895,.T.);
#2895 = EDGE_CURVE('',#2888,#2840,#2896,.T.);
#2896 = LINE('',#2897,#2898);
#2897 = CARTESIAN_POINT('',(43.895186661074,3.957046979866,1.3));
#2898 = VECTOR('',#2899,1.);
#2899 = DIRECTION('',(0.,-1.,-0.));
#2900 = ORIENTED_EDGE('',*,*,#2839,.F.);
#2901 = ORIENTED_EDGE('',*,*,#638,.F.);
#2902 = PLANE('',#2903);
#2903 = AXIS2_PLACEMENT_3D('',#2904,#2905,#2906);
#2904 = CARTESIAN_POINT('',(43.895186661074,3.957046979866,0.8));
#2905 = DIRECTION('',(1.,0.,-0.));
#2906 = DIRECTION('',(0.,-1.,0.));
#2907 = ADVANCED_FACE('',(#2908),#2919,.T.);
#2908 = FACE_BOUND('',#2909,.T.);
#2909 = EDGE_LOOP('',(#2910,#2911,#2917,#2918));
#2910 = ORIENTED_EDGE('',*,*,#2872,.T.);
#2911 = ORIENTED_EDGE('',*,*,#2912,.T.);
#2912 = EDGE_CURVE('',#2865,#2888,#2913,.T.);
#2913 = LINE('',#2914,#2915);
#2914 = CARTESIAN_POINT('',(44.364251258389,3.957046979866,1.3));
#2915 = VECTOR('',#2916,1.);
#2916 = DIRECTION('',(-1.,0.,0.));
#2917 = ORIENTED_EDGE('',*,*,#2887,.F.);
#2918 = ORIENTED_EDGE('',*,*,#630,.F.);
#2919 = PLANE('',#2920);
#2920 = AXIS2_PLACEMENT_3D('',#2921,#2922,#2923);
#2921 = CARTESIAN_POINT('',(44.364251258389,3.957046979866,0.8));
#2922 = DIRECTION('',(0.,-1.,0.));
#2923 = DIRECTION('',(-1.,0.,0.));
#2924 = ADVANCED_FACE('',(#2925),#2950,.T.);
#2925 = FACE_BOUND('',#2926,.T.);
#2926 = EDGE_LOOP('',(#2927,#2935,#2943,#2949));
#2927 = ORIENTED_EDGE('',*,*,#2928,.T.);
#2928 = EDGE_CURVE('',#679,#2929,#2931,.T.);
#2929 = VERTEX_POINT('',#2930);
#2930 = CARTESIAN_POINT('',(53.892302852349,4.81677852349,1.3));
#2931 = LINE('',#2932,#2933);
#2932 = CARTESIAN_POINT('',(53.892302852349,4.81677852349,0.8));
#2933 = VECTOR('',#2934,1.);
#2934 = DIRECTION('',(0.,0.,1.));
#2935 = ORIENTED_EDGE('',*,*,#2936,.T.);
#2936 = EDGE_CURVE('',#2929,#2937,#2939,.T.);
#2937 = VERTEX_POINT('',#2938);
#2938 = CARTESIAN_POINT('',(53.892302852349,6.677181208054,1.3));
#2939 = LINE('',#2940,#2941);
#2940 = CARTESIAN_POINT('',(53.892302852349,4.81677852349,1.3));
#2941 = VECTOR('',#2942,1.);
#2942 = DIRECTION('',(0.,1.,0.));
#2943 = ORIENTED_EDGE('',*,*,#2944,.F.);
#2944 = EDGE_CURVE('',#681,#2937,#2945,.T.);
#2945 = LINE('',#2946,#2947);
#2946 = CARTESIAN_POINT('',(53.892302852349,6.677181208054,0.8));
#2947 = VECTOR('',#2948,1.);
#2948 = DIRECTION('',(0.,0.,1.));
#2949 = ORIENTED_EDGE('',*,*,#678,.F.);
#2950 = PLANE('',#2951);
#2951 = AXIS2_PLACEMENT_3D('',#2952,#2953,#2954);
#2952 = CARTESIAN_POINT('',(53.892302852349,4.81677852349,0.8));
#2953 = DIRECTION('',(-1.,0.,0.));
#2954 = DIRECTION('',(0.,1.,0.));
#2955 = ADVANCED_FACE('',(#2956),#2974,.T.);
#2956 = FACE_BOUND('',#2957,.T.);
#2957 = EDGE_LOOP('',(#2958,#2966,#2972,#2973));
#2958 = ORIENTED_EDGE('',*,*,#2959,.T.);
#2959 = EDGE_CURVE('',#841,#2960,#2962,.T.);
#2960 = VERTEX_POINT('',#2961);
#2961 = CARTESIAN_POINT('',(54.337143456376,4.965792785235,1.3));
#2962 = LINE('',#2963,#2964);
#2963 = CARTESIAN_POINT('',(54.337143456376,4.965792785235,0.8));
#2964 = VECTOR('',#2965,1.);
#2965 = DIRECTION('',(0.,0.,1.));
#2966 = ORIENTED_EDGE('',*,*,#2967,.T.);
#2967 = EDGE_CURVE('',#2960,#2929,#2968,.T.);
#2968 = B_SPLINE_CURVE_WITH_KNOTS('',2,(#2969,#2970,#2971),
  .UNSPECIFIED.,.F.,.F.,(3,3),(0.,1.),.PIECEWISE_BEZIER_KNOTS.);
#2969 = CARTESIAN_POINT('',(54.337143456376,4.965792785235,1.3));
#2970 = CARTESIAN_POINT('',(54.130138422819,4.917638422819,1.3));
#2971 = CARTESIAN_POINT('',(53.892302852349,4.81677852349,1.3));
#2972 = ORIENTED_EDGE('',*,*,#2928,.F.);
#2973 = ORIENTED_EDGE('',*,*,#848,.F.);
#2974 = SURFACE_OF_LINEAR_EXTRUSION('',#2975,#2979);
#2975 = B_SPLINE_CURVE_WITH_KNOTS('',2,(#2976,#2977,#2978),
  .UNSPECIFIED.,.F.,.F.,(3,3),(0.,1.),.PIECEWISE_BEZIER_KNOTS.);
#2976 = CARTESIAN_POINT('',(54.337143456376,4.965792785235,0.8));
#2977 = CARTESIAN_POINT('',(54.130138422819,4.917638422819,0.8));
#2978 = CARTESIAN_POINT('',(53.892302852349,4.81677852349,0.8));
#2979 = VECTOR('',#2980,1.);
#2980 = DIRECTION('',(-0.,-0.,-1.));
#2981 = ADVANCED_FACE('',(#2982),#3000,.T.);
#2982 = FACE_BOUND('',#2983,.T.);
#2983 = EDGE_LOOP('',(#2984,#2985,#2993,#2999));
#2984 = ORIENTED_EDGE('',*,*,#2944,.T.);
#2985 = ORIENTED_EDGE('',*,*,#2986,.T.);
#2986 = EDGE_CURVE('',#2937,#2987,#2989,.T.);
#2987 = VERTEX_POINT('',#2988);
#2988 = CARTESIAN_POINT('',(55.999790268456,6.677181208054,1.3));
#2989 = LINE('',#2990,#2991);
#2990 = CARTESIAN_POINT('',(53.892302852349,6.677181208054,1.3));
#2991 = VECTOR('',#2992,1.);
#2992 = DIRECTION('',(1.,0.,0.));
#2993 = ORIENTED_EDGE('',*,*,#2994,.F.);
#2994 = EDGE_CURVE('',#689,#2987,#2995,.T.);
#2995 = LINE('',#2996,#2997);
#2996 = CARTESIAN_POINT('',(55.999790268456,6.677181208054,0.8));
#2997 = VECTOR('',#2998,1.);
#2998 = DIRECTION('',(0.,0.,1.));
#2999 = ORIENTED_EDGE('',*,*,#688,.F.);
#3000 = PLANE('',#3001);
#3001 = AXIS2_PLACEMENT_3D('',#3002,#3003,#3004);
#3002 = CARTESIAN_POINT('',(53.892302852349,6.677181208054,0.8));
#3003 = DIRECTION('',(0.,1.,0.));
#3004 = DIRECTION('',(1.,0.,0.));
#3005 = ADVANCED_FACE('',(#3006),#3024,.T.);
#3006 = FACE_BOUND('',#3007,.T.);
#3007 = EDGE_LOOP('',(#3008,#3016,#3022,#3023));
#3008 = ORIENTED_EDGE('',*,*,#3009,.T.);
#3009 = EDGE_CURVE('',#833,#3010,#3012,.T.);
#3010 = VERTEX_POINT('',#3011);
#3011 = CARTESIAN_POINT('',(54.726929530201,5.014093959732,1.3));
#3012 = LINE('',#3013,#3014);
#3013 = CARTESIAN_POINT('',(54.726929530201,5.014093959732,0.8));
#3014 = VECTOR('',#3015,1.);
#3015 = DIRECTION('',(0.,0.,1.));
#3016 = ORIENTED_EDGE('',*,*,#3017,.T.);
#3017 = EDGE_CURVE('',#3010,#2960,#3018,.T.);
#3018 = B_SPLINE_CURVE_WITH_KNOTS('',2,(#3019,#3020,#3021),
  .UNSPECIFIED.,.F.,.F.,(3,3),(0.,1.),.PIECEWISE_BEZIER_KNOTS.);
#3019 = CARTESIAN_POINT('',(54.726929530201,5.014093959732,1.3));
#3020 = CARTESIAN_POINT('',(54.544148489933,5.014093959732,1.3));
#3021 = CARTESIAN_POINT('',(54.337143456376,4.965792785235,1.3));
#3022 = ORIENTED_EDGE('',*,*,#2959,.F.);
#3023 = ORIENTED_EDGE('',*,*,#840,.F.);
#3024 = SURFACE_OF_LINEAR_EXTRUSION('',#3025,#3029);
#3025 = B_SPLINE_CURVE_WITH_KNOTS('',2,(#3026,#3027,#3028),
  .UNSPECIFIED.,.F.,.F.,(3,3),(0.,1.),.PIECEWISE_BEZIER_KNOTS.);
#3026 = CARTESIAN_POINT('',(54.726929530201,5.014093959732,0.8));
#3027 = CARTESIAN_POINT('',(54.544148489933,5.014093959732,0.8));
#3028 = CARTESIAN_POINT('',(54.337143456376,4.965792785235,0.8));
#3029 = VECTOR('',#3030,1.);
#3030 = DIRECTION('',(-0.,-0.,-1.));
#3031 = ADVANCED_FACE('',(#3032),#3050,.T.);
#3032 = FACE_BOUND('',#3033,.T.);
#3033 = EDGE_LOOP('',(#3034,#3035,#3043,#3049));
#3034 = ORIENTED_EDGE('',*,*,#2994,.T.);
#3035 = ORIENTED_EDGE('',*,*,#3036,.T.);
#3036 = EDGE_CURVE('',#2987,#3037,#3039,.T.);
#3037 = VERTEX_POINT('',#3038);
#3038 = CARTESIAN_POINT('',(55.999790268456,6.057046979866,1.3));
#3039 = LINE('',#3040,#3041);
#3040 = CARTESIAN_POINT('',(55.999790268456,6.677181208054,1.3));
#3041 = VECTOR('',#3042,1.);
#3042 = DIRECTION('',(0.,-1.,-0.));
#3043 = ORIENTED_EDGE('',*,*,#3044,.F.);
#3044 = EDGE_CURVE('',#697,#3037,#3045,.T.);
#3045 = LINE('',#3046,#3047);
#3046 = CARTESIAN_POINT('',(55.999790268456,6.057046979866,0.8));
#3047 = VECTOR('',#3048,1.);
#3048 = DIRECTION('',(0.,0.,1.));
#3049 = ORIENTED_EDGE('',*,*,#696,.F.);
#3050 = PLANE('',#3051);
#3051 = AXIS2_PLACEMENT_3D('',#3052,#3053,#3054);
#3052 = CARTESIAN_POINT('',(55.999790268456,6.677181208054,0.8));
#3053 = DIRECTION('',(1.,0.,-0.));
#3054 = DIRECTION('',(0.,-1.,0.));
#3055 = ADVANCED_FACE('',(#3056),#3074,.T.);
#3056 = FACE_BOUND('',#3057,.T.);
#3057 = EDGE_LOOP('',(#3058,#3066,#3072,#3073));
#3058 = ORIENTED_EDGE('',*,*,#3059,.T.);
#3059 = EDGE_CURVE('',#825,#3060,#3062,.T.);
#3060 = VERTEX_POINT('',#3061);
#3061 = CARTESIAN_POINT('',(55.212437080537,4.864345637584,1.3));
#3062 = LINE('',#3063,#3064);
#3063 = CARTESIAN_POINT('',(55.212437080537,4.864345637584,0.8));
#3064 = VECTOR('',#3065,1.);
#3065 = DIRECTION('',(0.,0.,1.));
#3066 = ORIENTED_EDGE('',*,*,#3067,.T.);
#3067 = EDGE_CURVE('',#3060,#3010,#3068,.T.);
#3068 = B_SPLINE_CURVE_WITH_KNOTS('',2,(#3069,#3070,#3071),
  .UNSPECIFIED.,.F.,.F.,(3,3),(0.,1.),.PIECEWISE_BEZIER_KNOTS.);
#3069 = CARTESIAN_POINT('',(55.212437080537,4.864345637584,1.3));
#3070 = CARTESIAN_POINT('',(55.035234899329,5.014093959732,1.3));
#3071 = CARTESIAN_POINT('',(54.726929530201,5.014093959732,1.3));
#3072 = ORIENTED_EDGE('',*,*,#3009,.F.);
#3073 = ORIENTED_EDGE('',*,*,#832,.F.);
#3074 = SURFACE_OF_LINEAR_EXTRUSION('',#3075,#3079);
#3075 = B_SPLINE_CURVE_WITH_KNOTS('',2,(#3076,#3077,#3078),
  .UNSPECIFIED.,.F.,.F.,(3,3),(0.,1.),.PIECEWISE_BEZIER_KNOTS.);
#3076 = CARTESIAN_POINT('',(55.212437080537,4.864345637584,0.8));
#3077 = CARTESIAN_POINT('',(55.035234899329,5.014093959732,0.8));
#3078 = CARTESIAN_POINT('',(54.726929530201,5.014093959732,0.8));
#3079 = VECTOR('',#3080,1.);
#3080 = DIRECTION('',(-0.,-0.,-1.));
#3081 = ADVANCED_FACE('',(#3082),#3100,.T.);
#3082 = FACE_BOUND('',#3083,.T.);
#3083 = EDGE_LOOP('',(#3084,#3085,#3093,#3099));
#3084 = ORIENTED_EDGE('',*,*,#3044,.T.);
#3085 = ORIENTED_EDGE('',*,*,#3086,.T.);
#3086 = EDGE_CURVE('',#3037,#3087,#3089,.T.);
#3087 = VERTEX_POINT('',#3088);
#3088 = CARTESIAN_POINT('',(54.568372483221,6.057046979866,1.3));
#3089 = LINE('',#3090,#3091);
#3090 = CARTESIAN_POINT('',(55.999790268456,6.057046979866,1.3));
#3091 = VECTOR('',#3092,1.);
#3092 = DIRECTION('',(-1.,0.,0.));
#3093 = ORIENTED_EDGE('',*,*,#3094,.F.);
#3094 = EDGE_CURVE('',#705,#3087,#3095,.T.);
#3095 = LINE('',#3096,#3097);
#3096 = CARTESIAN_POINT('',(54.568372483221,6.057046979866,0.8));
#3097 = VECTOR('',#3098,1.);
#3098 = DIRECTION('',(0.,0.,1.));
#3099 = ORIENTED_EDGE('',*,*,#704,.F.);
#3100 = PLANE('',#3101);
#3101 = AXIS2_PLACEMENT_3D('',#3102,#3103,#3104);
#3102 = CARTESIAN_POINT('',(55.999790268456,6.057046979866,0.8));
#3103 = DIRECTION('',(0.,-1.,0.));
#3104 = DIRECTION('',(-1.,0.,0.));
#3105 = ADVANCED_FACE('',(#3106),#3124,.T.);
#3106 = FACE_BOUND('',#3107,.T.);
#3107 = EDGE_LOOP('',(#3108,#3116,#3122,#3123));
#3108 = ORIENTED_EDGE('',*,*,#3109,.T.);
#3109 = EDGE_CURVE('',#817,#3110,#3112,.T.);
#3110 = VERTEX_POINT('',#3111);
#3111 = CARTESIAN_POINT('',(55.389786073826,4.455033557047,1.3));
#3112 = LINE('',#3113,#3114);
#3113 = CARTESIAN_POINT('',(55.389786073825,4.455033557047,0.8));
#3114 = VECTOR('',#3115,1.);
#3115 = DIRECTION('',(0.,0.,1.));
#3116 = ORIENTED_EDGE('',*,*,#3117,.T.);
#3117 = EDGE_CURVE('',#3110,#3060,#3118,.T.);
#3118 = B_SPLINE_CURVE_WITH_KNOTS('',2,(#3119,#3120,#3121),
  .UNSPECIFIED.,.F.,.F.,(3,3),(0.,1.),.PIECEWISE_BEZIER_KNOTS.);
#3119 = CARTESIAN_POINT('',(55.389786073825,4.455033557047,1.3));
#3120 = CARTESIAN_POINT('',(55.389786073825,4.714744127517,1.3));
#3121 = CARTESIAN_POINT('',(55.212437080537,4.864345637584,1.3));
#3122 = ORIENTED_EDGE('',*,*,#3059,.F.);
#3123 = ORIENTED_EDGE('',*,*,#824,.F.);
#3124 = SURFACE_OF_LINEAR_EXTRUSION('',#3125,#3129);
#3125 = B_SPLINE_CURVE_WITH_KNOTS('',2,(#3126,#3127,#3128),
  .UNSPECIFIED.,.F.,.F.,(3,3),(0.,1.),.PIECEWISE_BEZIER_KNOTS.);
#3126 = CARTESIAN_POINT('',(55.389786073825,4.455033557047,0.8));
#3127 = CARTESIAN_POINT('',(55.389786073825,4.714744127517,0.8));
#3128 = CARTESIAN_POINT('',(55.212437080537,4.864345637584,0.8));
#3129 = VECTOR('',#3130,1.);
#3130 = DIRECTION('',(-0.,-0.,-1.));
#3131 = ADVANCED_FACE('',(#3132),#3150,.T.);
#3132 = FACE_BOUND('',#3133,.T.);
#3133 = EDGE_LOOP('',(#3134,#3135,#3143,#3149));
#3134 = ORIENTED_EDGE('',*,*,#3094,.T.);
#3135 = ORIENTED_EDGE('',*,*,#3136,.T.);
#3136 = EDGE_CURVE('',#3087,#3137,#3139,.T.);
#3137 = VERTEX_POINT('',#3138);
#3138 = CARTESIAN_POINT('',(54.568372483221,5.54129614094,1.3));
#3139 = LINE('',#3140,#3141);
#3140 = CARTESIAN_POINT('',(54.568372483221,6.057046979866,1.3));
#3141 = VECTOR('',#3142,1.);
#3142 = DIRECTION('',(0.,-1.,-0.));
#3143 = ORIENTED_EDGE('',*,*,#3144,.F.);
#3144 = EDGE_CURVE('',#713,#3137,#3145,.T.);
#3145 = LINE('',#3146,#3147);
#3146 = CARTESIAN_POINT('',(54.568372483221,5.54129614094,0.8));
#3147 = VECTOR('',#3148,1.);
#3148 = DIRECTION('',(0.,0.,1.));
#3149 = ORIENTED_EDGE('',*,*,#712,.F.);
#3150 = PLANE('',#3151);
#3151 = AXIS2_PLACEMENT_3D('',#3152,#3153,#3154);
#3152 = CARTESIAN_POINT('',(54.568372483221,6.057046979866,0.8));
#3153 = DIRECTION('',(1.,0.,-0.));
#3154 = DIRECTION('',(0.,-1.,0.));
#3155 = ADVANCED_FACE('',(#3156),#3174,.T.);
#3156 = FACE_BOUND('',#3157,.T.);
#3157 = EDGE_LOOP('',(#3158,#3166,#3172,#3173));
#3158 = ORIENTED_EDGE('',*,*,#3159,.T.);
#3159 = EDGE_CURVE('',#809,#3160,#3162,.T.);
#3160 = VERTEX_POINT('',#3161);
#3161 = CARTESIAN_POINT('',(55.212437080537,4.046749161074,1.3));
#3162 = LINE('',#3163,#3164);
#3163 = CARTESIAN_POINT('',(55.212437080537,4.046749161074,0.8));
#3164 = VECTOR('',#3165,1.);
#3165 = DIRECTION('',(0.,0.,1.));
#3166 = ORIENTED_EDGE('',*,*,#3167,.T.);
#3167 = EDGE_CURVE('',#3160,#3110,#3168,.T.);
#3168 = B_SPLINE_CURVE_WITH_KNOTS('',2,(#3169,#3170,#3171),
  .UNSPECIFIED.,.F.,.F.,(3,3),(0.,1.),.PIECEWISE_BEZIER_KNOTS.);
#3169 = CARTESIAN_POINT('',(55.212437080537,4.046749161074,1.3));
#3170 = CARTESIAN_POINT('',(55.389786073825,4.197525167785,1.3));
#3171 = CARTESIAN_POINT('',(55.389786073825,4.455033557047,1.3));
#3172 = ORIENTED_EDGE('',*,*,#3109,.F.);
#3173 = ORIENTED_EDGE('',*,*,#816,.F.);
#3174 = SURFACE_OF_LINEAR_EXTRUSION('',#3175,#3179);
#3175 = B_SPLINE_CURVE_WITH_KNOTS('',2,(#3176,#3177,#3178),
  .UNSPECIFIED.,.F.,.F.,(3,3),(0.,1.),.PIECEWISE_BEZIER_KNOTS.);
#3176 = CARTESIAN_POINT('',(55.212437080537,4.046749161074,0.8));
#3177 = CARTESIAN_POINT('',(55.389786073825,4.197525167785,0.8));
#3178 = CARTESIAN_POINT('',(55.389786073825,4.455033557047,0.8));
#3179 = VECTOR('',#3180,1.);
#3180 = DIRECTION('',(-0.,-0.,-1.));
#3181 = ADVANCED_FACE('',(#3182),#3200,.T.);
#3182 = FACE_BOUND('',#3183,.T.);
#3183 = EDGE_LOOP('',(#3184,#3185,#3193,#3199));
#3184 = ORIENTED_EDGE('',*,*,#3144,.T.);
#3185 = ORIENTED_EDGE('',*,*,#3186,.T.);
#3186 = EDGE_CURVE('',#3137,#3187,#3189,.T.);
#3187 = VERTEX_POINT('',#3188);
#3188 = CARTESIAN_POINT('',(54.763192114094,5.582256711409,1.3));
#3189 = B_SPLINE_CURVE_WITH_KNOTS('',2,(#3190,#3191,#3192),
  .UNSPECIFIED.,.F.,.F.,(3,3),(0.,1.),.PIECEWISE_BEZIER_KNOTS.);
#3190 = CARTESIAN_POINT('',(54.568372483221,5.54129614094,1.3));
#3191 = CARTESIAN_POINT('',(54.665268456376,5.567869127517,1.3));
#3192 = CARTESIAN_POINT('',(54.763192114094,5.582256711409,1.3));
#3193 = ORIENTED_EDGE('',*,*,#3194,.F.);
#3194 = EDGE_CURVE('',#721,#3187,#3195,.T.);
#3195 = LINE('',#3196,#3197);
#3196 = CARTESIAN_POINT('',(54.763192114094,5.582256711409,0.8));
#3197 = VECTOR('',#3198,1.);
#3198 = DIRECTION('',(0.,0.,1.));
#3199 = ORIENTED_EDGE('',*,*,#720,.F.);
#3200 = SURFACE_OF_LINEAR_EXTRUSION('',#3201,#3205);
#3201 = B_SPLINE_CURVE_WITH_KNOTS('',2,(#3202,#3203,#3204),
  .UNSPECIFIED.,.F.,.F.,(3,3),(0.,1.),.PIECEWISE_BEZIER_KNOTS.);
#3202 = CARTESIAN_POINT('',(54.568372483221,5.54129614094,0.8));
#3203 = CARTESIAN_POINT('',(54.665268456376,5.567869127517,0.8));
#3204 = CARTESIAN_POINT('',(54.763192114094,5.582256711409,0.8));
#3205 = VECTOR('',#3206,1.);
#3206 = DIRECTION('',(-0.,-0.,-1.));
#3207 = ADVANCED_FACE('',(#3208),#3226,.T.);
#3208 = FACE_BOUND('',#3209,.T.);
#3209 = EDGE_LOOP('',(#3210,#3218,#3224,#3225));
#3210 = ORIENTED_EDGE('',*,*,#3211,.T.);
#3211 = EDGE_CURVE('',#801,#3212,#3214,.T.);
#3212 = VERTEX_POINT('',#3213);
#3213 = CARTESIAN_POINT('',(54.726929530201,3.895973154362,1.3));
#3214 = LINE('',#3215,#3216);
#3215 = CARTESIAN_POINT('',(54.726929530201,3.895973154362,0.8));
#3216 = VECTOR('',#3217,1.);
#3217 = DIRECTION('',(0.,0.,1.));
#3218 = ORIENTED_EDGE('',*,*,#3219,.T.);
#3219 = EDGE_CURVE('',#3212,#3160,#3220,.T.);
#3220 = B_SPLINE_CURVE_WITH_KNOTS('',2,(#3221,#3222,#3223),
  .UNSPECIFIED.,.F.,.F.,(3,3),(0.,1.),.PIECEWISE_BEZIER_KNOTS.);
#3221 = CARTESIAN_POINT('',(54.726929530201,3.895973154362,1.3));
#3222 = CARTESIAN_POINT('',(55.035234899329,3.895973154362,1.3));
#3223 = CARTESIAN_POINT('',(55.212437080537,4.046749161074,1.3));
#3224 = ORIENTED_EDGE('',*,*,#3159,.F.);
#3225 = ORIENTED_EDGE('',*,*,#808,.F.);
#3226 = SURFACE_OF_LINEAR_EXTRUSION('',#3227,#3231);
#3227 = B_SPLINE_CURVE_WITH_KNOTS('',2,(#3228,#3229,#3230),
  .UNSPECIFIED.,.F.,.F.,(3,3),(0.,1.),.PIECEWISE_BEZIER_KNOTS.);
#3228 = CARTESIAN_POINT('',(54.726929530201,3.895973154362,0.8));
#3229 = CARTESIAN_POINT('',(55.035234899329,3.895973154362,0.8));
#3230 = CARTESIAN_POINT('',(55.212437080537,4.046749161074,0.8));
#3231 = VECTOR('',#3232,1.);
#3232 = DIRECTION('',(-0.,-0.,-1.));
#3233 = ADVANCED_FACE('',(#3234),#3252,.T.);
#3234 = FACE_BOUND('',#3235,.T.);
#3235 = EDGE_LOOP('',(#3236,#3237,#3245,#3251));
#3236 = ORIENTED_EDGE('',*,*,#3194,.T.);
#3237 = ORIENTED_EDGE('',*,*,#3238,.T.);
#3238 = EDGE_CURVE('',#3187,#3239,#3241,.T.);
#3239 = VERTEX_POINT('',#3240);
#3240 = CARTESIAN_POINT('',(54.966967281879,5.596644295302,1.3));
#3241 = B_SPLINE_CURVE_WITH_KNOTS('',2,(#3242,#3243,#3244),
  .UNSPECIFIED.,.F.,.F.,(3,3),(0.,1.),.PIECEWISE_BEZIER_KNOTS.);
#3242 = CARTESIAN_POINT('',(54.763192114094,5.582256711409,1.3));
#3243 = CARTESIAN_POINT('',(54.861262583893,5.596644295302,1.3));
#3244 = CARTESIAN_POINT('',(54.966967281879,5.596644295302,1.3));
#3245 = ORIENTED_EDGE('',*,*,#3246,.F.);
#3246 = EDGE_CURVE('',#729,#3239,#3247,.T.);
#3247 = LINE('',#3248,#3249);
#3248 = CARTESIAN_POINT('',(54.966967281879,5.596644295302,0.8));
#3249 = VECTOR('',#3250,1.);
#3250 = DIRECTION('',(0.,0.,1.));
#3251 = ORIENTED_EDGE('',*,*,#728,.F.);
#3252 = SURFACE_OF_LINEAR_EXTRUSION('',#3253,#3257);
#3253 = B_SPLINE_CURVE_WITH_KNOTS('',2,(#3254,#3255,#3256),
  .UNSPECIFIED.,.F.,.F.,(3,3),(0.,1.),.PIECEWISE_BEZIER_KNOTS.);
#3254 = CARTESIAN_POINT('',(54.763192114094,5.582256711409,0.8));
#3255 = CARTESIAN_POINT('',(54.861262583893,5.596644295302,0.8));
#3256 = CARTESIAN_POINT('',(54.966967281879,5.596644295302,0.8));
#3257 = VECTOR('',#3258,1.);
#3258 = DIRECTION('',(-0.,-0.,-1.));
#3259 = ADVANCED_FACE('',(#3260),#3278,.T.);
#3260 = FACE_BOUND('',#3261,.T.);
#3261 = EDGE_LOOP('',(#3262,#3270,#3276,#3277));
#3262 = ORIENTED_EDGE('',*,*,#3263,.T.);
#3263 = EDGE_CURVE('',#793,#3264,#3266,.T.);
#3264 = VERTEX_POINT('',#3265);
#3265 = CARTESIAN_POINT('',(54.272105704698,3.973489932886,1.3));
#3266 = LINE('',#3267,#3268);
#3267 = CARTESIAN_POINT('',(54.272105704698,3.973489932886,0.8));
#3268 = VECTOR('',#3269,1.);
#3269 = DIRECTION('',(0.,0.,1.));
#3270 = ORIENTED_EDGE('',*,*,#3271,.T.);
#3271 = EDGE_CURVE('',#3264,#3212,#3272,.T.);
#3272 = B_SPLINE_CURVE_WITH_KNOTS('',2,(#3273,#3274,#3275),
  .UNSPECIFIED.,.F.,.F.,(3,3),(0.,1.),.PIECEWISE_BEZIER_KNOTS.);
#3273 = CARTESIAN_POINT('',(54.272105704698,3.973489932886,1.3));
#3274 = CARTESIAN_POINT('',(54.51331795302,3.895973154362,1.3));
#3275 = CARTESIAN_POINT('',(54.726929530201,3.895973154362,1.3));
#3276 = ORIENTED_EDGE('',*,*,#3211,.F.);
#3277 = ORIENTED_EDGE('',*,*,#800,.F.);
#3278 = SURFACE_OF_LINEAR_EXTRUSION('',#3279,#3283);
#3279 = B_SPLINE_CURVE_WITH_KNOTS('',2,(#3280,#3281,#3282),
  .UNSPECIFIED.,.F.,.F.,(3,3),(0.,1.),.PIECEWISE_BEZIER_KNOTS.);
#3280 = CARTESIAN_POINT('',(54.272105704698,3.973489932886,0.8));
#3281 = CARTESIAN_POINT('',(54.51331795302,3.895973154362,0.8));
#3282 = CARTESIAN_POINT('',(54.726929530201,3.895973154362,0.8));
#3283 = VECTOR('',#3284,1.);
#3284 = DIRECTION('',(-0.,-0.,-1.));
#3285 = ADVANCED_FACE('',(#3286),#3304,.T.);
#3286 = FACE_BOUND('',#3287,.T.);
#3287 = EDGE_LOOP('',(#3288,#3289,#3297,#3303));
#3288 = ORIENTED_EDGE('',*,*,#3246,.T.);
#3289 = ORIENTED_EDGE('',*,*,#3290,.T.);
#3290 = EDGE_CURVE('',#3239,#3291,#3293,.T.);
#3291 = VERTEX_POINT('',#3292);
#3292 = CARTESIAN_POINT('',(55.902894295302,5.296119966443,1.3));
#3293 = B_SPLINE_CURVE_WITH_KNOTS('',2,(#3294,#3295,#3296),
  .UNSPECIFIED.,.F.,.F.,(3,3),(0.,1.),.PIECEWISE_BEZIER_KNOTS.);
#3294 = CARTESIAN_POINT('',(54.966967281879,5.596644295302,1.3));
#3295 = CARTESIAN_POINT('',(55.568162751678,5.596644295302,1.3));
#3296 = CARTESIAN_POINT('',(55.902894295302,5.296119966443,1.3));
#3297 = ORIENTED_EDGE('',*,*,#3298,.F.);
#3298 = EDGE_CURVE('',#737,#3291,#3299,.T.);
#3299 = LINE('',#3300,#3301);
#3300 = CARTESIAN_POINT('',(55.902894295302,5.296119966443,0.8));
#3301 = VECTOR('',#3302,1.);
#3302 = DIRECTION('',(0.,0.,1.));
#3303 = ORIENTED_EDGE('',*,*,#736,.F.);
#3304 = SURFACE_OF_LINEAR_EXTRUSION('',#3305,#3309);
#3305 = B_SPLINE_CURVE_WITH_KNOTS('',2,(#3306,#3307,#3308),
  .UNSPECIFIED.,.F.,.F.,(3,3),(0.,1.),.PIECEWISE_BEZIER_KNOTS.);
#3306 = CARTESIAN_POINT('',(54.966967281879,5.596644295302,0.8));
#3307 = CARTESIAN_POINT('',(55.568162751678,5.596644295302,0.8));
#3308 = CARTESIAN_POINT('',(55.902894295302,5.296119966443,0.8));
#3309 = VECTOR('',#3310,1.);
#3310 = DIRECTION('',(-0.,-0.,-1.));
#3311 = ADVANCED_FACE('',(#3312),#3330,.T.);
#3312 = FACE_BOUND('',#3313,.T.);
#3313 = EDGE_LOOP('',(#3314,#3322,#3328,#3329));
#3314 = ORIENTED_EDGE('',*,*,#3315,.T.);
#3315 = EDGE_CURVE('',#785,#3316,#3318,.T.);
#3316 = VERTEX_POINT('',#3317);
#3317 = CARTESIAN_POINT('',(53.762374161074,4.206040268456,1.3));
#3318 = LINE('',#3319,#3320);
#3319 = CARTESIAN_POINT('',(53.762374161074,4.206040268456,0.8));
#3320 = VECTOR('',#3321,1.);
#3321 = DIRECTION('',(0.,0.,1.));
#3322 = ORIENTED_EDGE('',*,*,#3323,.T.);
#3323 = EDGE_CURVE('',#3316,#3264,#3324,.T.);
#3324 = B_SPLINE_CURVE_WITH_KNOTS('',2,(#3325,#3326,#3327),
  .UNSPECIFIED.,.F.,.F.,(3,3),(0.,1.),.PIECEWISE_BEZIER_KNOTS.);
#3325 = CARTESIAN_POINT('',(53.762374161074,4.206040268456,1.3));
#3326 = CARTESIAN_POINT('',(54.031040268456,4.051006711409,1.3));
#3327 = CARTESIAN_POINT('',(54.272105704698,3.973489932886,1.3));
#3328 = ORIENTED_EDGE('',*,*,#3263,.F.);
#3329 = ORIENTED_EDGE('',*,*,#792,.F.);
#3330 = SURFACE_OF_LINEAR_EXTRUSION('',#3331,#3335);
#3331 = B_SPLINE_CURVE_WITH_KNOTS('',2,(#3332,#3333,#3334),
  .UNSPECIFIED.,.F.,.F.,(3,3),(0.,1.),.PIECEWISE_BEZIER_KNOTS.);
#3332 = CARTESIAN_POINT('',(53.762374161074,4.206040268456,0.8));
#3333 = CARTESIAN_POINT('',(54.031040268456,4.051006711409,0.8));
#3334 = CARTESIAN_POINT('',(54.272105704698,3.973489932886,0.8));
#3335 = VECTOR('',#3336,1.);
#3336 = DIRECTION('',(-0.,-0.,-1.));
#3337 = ADVANCED_FACE('',(#3338),#3356,.T.);
#3338 = FACE_BOUND('',#3339,.T.);
#3339 = EDGE_LOOP('',(#3340,#3341,#3349,#3355));
#3340 = ORIENTED_EDGE('',*,*,#3298,.T.);
#3341 = ORIENTED_EDGE('',*,*,#3342,.T.);
#3342 = EDGE_CURVE('',#3291,#3343,#3345,.T.);
#3343 = VERTEX_POINT('',#3344);
#3344 = CARTESIAN_POINT('',(56.237625838926,4.45870385906,1.3));
#3345 = B_SPLINE_CURVE_WITH_KNOTS('',2,(#3346,#3347,#3348),
  .UNSPECIFIED.,.F.,.F.,(3,3),(0.,1.),.PIECEWISE_BEZIER_KNOTS.);
#3346 = CARTESIAN_POINT('',(55.902894295302,5.296119966443,1.3));
#3347 = CARTESIAN_POINT('',(56.237625838926,4.995742449664,1.3));
#3348 = CARTESIAN_POINT('',(56.237625838926,4.45870385906,1.3));
#3349 = ORIENTED_EDGE('',*,*,#3350,.F.);
#3350 = EDGE_CURVE('',#745,#3343,#3351,.T.);
#3351 = LINE('',#3352,#3353);
#3352 = CARTESIAN_POINT('',(56.237625838926,4.45870385906,0.8));
#3353 = VECTOR('',#3354,1.);
#3354 = DIRECTION('',(0.,0.,1.));
#3355 = ORIENTED_EDGE('',*,*,#744,.F.);
#3356 = SURFACE_OF_LINEAR_EXTRUSION('',#3357,#3361);
#3357 = B_SPLINE_CURVE_WITH_KNOTS('',2,(#3358,#3359,#3360),
  .UNSPECIFIED.,.F.,.F.,(3,3),(0.,1.),.PIECEWISE_BEZIER_KNOTS.);
#3358 = CARTESIAN_POINT('',(55.902894295302,5.296119966443,0.8));
#3359 = CARTESIAN_POINT('',(56.237625838926,4.995742449664,0.8));
#3360 = CARTESIAN_POINT('',(56.237625838926,4.45870385906,0.8));
#3361 = VECTOR('',#3362,1.);
#3362 = DIRECTION('',(-0.,-0.,-1.));
#3363 = ADVANCED_FACE('',(#3364),#3382,.T.);
#3364 = FACE_BOUND('',#3365,.T.);
#3365 = EDGE_LOOP('',(#3366,#3374,#3380,#3381));
#3366 = ORIENTED_EDGE('',*,*,#3367,.T.);
#3367 = EDGE_CURVE('',#777,#3368,#3370,.T.);
#3368 = VERTEX_POINT('',#3369);
#3369 = CARTESIAN_POINT('',(53.762374161074,3.538926174497,1.3));
#3370 = LINE('',#3371,#3372);
#3371 = CARTESIAN_POINT('',(53.762374161074,3.538926174497,0.8));
#3372 = VECTOR('',#3373,1.);
#3373 = DIRECTION('',(0.,0.,1.));
#3374 = ORIENTED_EDGE('',*,*,#3375,.T.);
#3375 = EDGE_CURVE('',#3368,#3316,#3376,.T.);
#3376 = LINE('',#3377,#3378);
#3377 = CARTESIAN_POINT('',(53.762374161074,3.538926174497,1.3));
#3378 = VECTOR('',#3379,1.);
#3379 = DIRECTION('',(0.,1.,0.));
#3380 = ORIENTED_EDGE('',*,*,#3315,.F.);
#3381 = ORIENTED_EDGE('',*,*,#784,.F.);
#3382 = PLANE('',#3383);
#3383 = AXIS2_PLACEMENT_3D('',#3384,#3385,#3386);
#3384 = CARTESIAN_POINT('',(53.762374161074,3.538926174497,0.8));
#3385 = DIRECTION('',(-1.,0.,0.));
#3386 = DIRECTION('',(0.,1.,0.));
#3387 = ADVANCED_FACE('',(#3388),#3406,.T.);
#3388 = FACE_BOUND('',#3389,.T.);
#3389 = EDGE_LOOP('',(#3390,#3391,#3399,#3405));
#3390 = ORIENTED_EDGE('',*,*,#3350,.T.);
#3391 = ORIENTED_EDGE('',*,*,#3392,.T.);
#3392 = EDGE_CURVE('',#3343,#3393,#3395,.T.);
#3393 = VERTEX_POINT('',#3394);
#3394 = CARTESIAN_POINT('',(55.873091442953,3.624370805369,1.3));
#3395 = B_SPLINE_CURVE_WITH_KNOTS('',2,(#3396,#3397,#3398),
  .UNSPECIFIED.,.F.,.F.,(3,3),(0.,1.),.PIECEWISE_BEZIER_KNOTS.);
#3396 = CARTESIAN_POINT('',(56.237625838926,4.45870385906,1.3));
#3397 = CARTESIAN_POINT('',(56.237625838926,3.925922818792,1.3));
#3398 = CARTESIAN_POINT('',(55.873091442953,3.624370805369,1.3));
#3399 = ORIENTED_EDGE('',*,*,#3400,.F.);
#3400 = EDGE_CURVE('',#753,#3393,#3401,.T.);
#3401 = LINE('',#3402,#3403);
#3402 = CARTESIAN_POINT('',(55.873091442953,3.624370805369,0.8));
#3403 = VECTOR('',#3404,1.);
#3404 = DIRECTION('',(0.,0.,1.));
#3405 = ORIENTED_EDGE('',*,*,#752,.F.);
#3406 = SURFACE_OF_LINEAR_EXTRUSION('',#3407,#3411);
#3407 = B_SPLINE_CURVE_WITH_KNOTS('',2,(#3408,#3409,#3410),
  .UNSPECIFIED.,.F.,.F.,(3,3),(0.,1.),.PIECEWISE_BEZIER_KNOTS.);
#3408 = CARTESIAN_POINT('',(56.237625838926,4.45870385906,0.8));
#3409 = CARTESIAN_POINT('',(56.237625838926,3.925922818792,0.8));
#3410 = CARTESIAN_POINT('',(55.873091442953,3.624370805369,0.8));
#3411 = VECTOR('',#3412,1.);
#3412 = DIRECTION('',(-0.,-0.,-1.));
#3413 = ADVANCED_FACE('',(#3414),#3432,.T.);
#3414 = FACE_BOUND('',#3415,.T.);
#3415 = EDGE_LOOP('',(#3416,#3424,#3430,#3431));
#3416 = ORIENTED_EDGE('',*,*,#3417,.T.);
#3417 = EDGE_CURVE('',#769,#3418,#3420,.T.);
#3418 = VERTEX_POINT('',#3419);
#3419 = CARTESIAN_POINT('',(54.307340604027,3.376405201342,1.3));
#3420 = LINE('',#3421,#3422);
#3421 = CARTESIAN_POINT('',(54.307340604027,3.376405201342,0.8));
#3422 = VECTOR('',#3423,1.);
#3423 = DIRECTION('',(0.,0.,1.));
#3424 = ORIENTED_EDGE('',*,*,#3425,.T.);
#3425 = EDGE_CURVE('',#3418,#3368,#3426,.T.);
#3426 = B_SPLINE_CURVE_WITH_KNOTS('',2,(#3427,#3428,#3429),
  .UNSPECIFIED.,.F.,.F.,(3,3),(0.,1.),.PIECEWISE_BEZIER_KNOTS.);
#3427 = CARTESIAN_POINT('',(54.307340604027,3.376405201342,1.3));
#3428 = CARTESIAN_POINT('',(54.033242449664,3.429844798658,1.3));
#3429 = CARTESIAN_POINT('',(53.762374161074,3.538926174497,1.3));
#3430 = ORIENTED_EDGE('',*,*,#3367,.F.);
#3431 = ORIENTED_EDGE('',*,*,#776,.F.);
#3432 = SURFACE_OF_LINEAR_EXTRUSION('',#3433,#3437);
#3433 = B_SPLINE_CURVE_WITH_KNOTS('',2,(#3434,#3435,#3436),
  .UNSPECIFIED.,.F.,.F.,(3,3),(0.,1.),.PIECEWISE_BEZIER_KNOTS.);
#3434 = CARTESIAN_POINT('',(54.307340604027,3.376405201342,0.8));
#3435 = CARTESIAN_POINT('',(54.033242449664,3.429844798658,0.8));
#3436 = CARTESIAN_POINT('',(53.762374161074,3.538926174497,0.8));
#3437 = VECTOR('',#3438,1.);
#3438 = DIRECTION('',(-0.,-0.,-1.));
#3439 = ADVANCED_FACE('',(#3440),#3458,.T.);
#3440 = FACE_BOUND('',#3441,.T.);
#3441 = EDGE_LOOP('',(#3442,#3443,#3451,#3457));
#3442 = ORIENTED_EDGE('',*,*,#3400,.T.);
#3443 = ORIENTED_EDGE('',*,*,#3444,.T.);
#3444 = EDGE_CURVE('',#3393,#3445,#3447,.T.);
#3445 = VERTEX_POINT('',#3446);
#3446 = CARTESIAN_POINT('',(54.861262583893,3.322818791946,1.3));
#3447 = B_SPLINE_CURVE_WITH_KNOTS('',2,(#3448,#3449,#3450),
  .UNSPECIFIED.,.F.,.F.,(3,3),(0.,1.),.PIECEWISE_BEZIER_KNOTS.);
#3448 = CARTESIAN_POINT('',(55.873091442953,3.624370805369,1.3));
#3449 = CARTESIAN_POINT('',(55.50870385906,3.322818791946,1.3));
#3450 = CARTESIAN_POINT('',(54.861262583893,3.322818791946,1.3));
#3451 = ORIENTED_EDGE('',*,*,#3452,.F.);
#3452 = EDGE_CURVE('',#761,#3445,#3453,.T.);
#3453 = LINE('',#3454,#3455);
#3454 = CARTESIAN_POINT('',(54.861262583893,3.322818791946,0.8));
#3455 = VECTOR('',#3456,1.);
#3456 = DIRECTION('',(0.,0.,1.));
#3457 = ORIENTED_EDGE('',*,*,#760,.F.);
#3458 = SURFACE_OF_LINEAR_EXTRUSION('',#3459,#3463);
#3459 = B_SPLINE_CURVE_WITH_KNOTS('',2,(#3460,#3461,#3462),
  .UNSPECIFIED.,.F.,.F.,(3,3),(0.,1.),.PIECEWISE_BEZIER_KNOTS.);
#3460 = CARTESIAN_POINT('',(55.873091442953,3.624370805369,0.8));
#3461 = CARTESIAN_POINT('',(55.50870385906,3.322818791946,0.8));
#3462 = CARTESIAN_POINT('',(54.861262583893,3.322818791946,0.8));
#3463 = VECTOR('',#3464,1.);
#3464 = DIRECTION('',(-0.,-0.,-1.));
#3465 = ADVANCED_FACE('',(#3466),#3477,.T.);
#3466 = FACE_BOUND('',#3467,.T.);
#3467 = EDGE_LOOP('',(#3468,#3469,#3475,#3476));
#3468 = ORIENTED_EDGE('',*,*,#3452,.T.);
#3469 = ORIENTED_EDGE('',*,*,#3470,.T.);
#3470 = EDGE_CURVE('',#3445,#3418,#3471,.T.);
#3471 = B_SPLINE_CURVE_WITH_KNOTS('',2,(#3472,#3473,#3474),
  .UNSPECIFIED.,.F.,.F.,(3,3),(0.,1.),.PIECEWISE_BEZIER_KNOTS.);
#3472 = CARTESIAN_POINT('',(54.861262583893,3.322818791946,1.3));
#3473 = CARTESIAN_POINT('',(54.58158557047,3.322818791946,1.3));
#3474 = CARTESIAN_POINT('',(54.307340604027,3.376405201342,1.3));
#3475 = ORIENTED_EDGE('',*,*,#3417,.F.);
#3476 = ORIENTED_EDGE('',*,*,#768,.F.);
#3477 = SURFACE_OF_LINEAR_EXTRUSION('',#3478,#3482);
#3478 = B_SPLINE_CURVE_WITH_KNOTS('',2,(#3479,#3480,#3481),
  .UNSPECIFIED.,.F.,.F.,(3,3),(0.,1.),.PIECEWISE_BEZIER_KNOTS.);
#3479 = CARTESIAN_POINT('',(54.861262583893,3.322818791946,0.8));
#3480 = CARTESIAN_POINT('',(54.58158557047,3.322818791946,0.8));
#3481 = CARTESIAN_POINT('',(54.307340604027,3.376405201342,0.8));
#3482 = VECTOR('',#3483,1.);
#3483 = DIRECTION('',(-0.,-0.,-1.));
#3484 = ADVANCED_FACE('',(#3485),#3510,.T.);
#3485 = FACE_BOUND('',#3486,.T.);
#3486 = EDGE_LOOP('',(#3487,#3495,#3503,#3509));
#3487 = ORIENTED_EDGE('',*,*,#3488,.T.);
#3488 = EDGE_CURVE('',#857,#3489,#3491,.T.);
#3489 = VERTEX_POINT('',#3490);
#3490 = CARTESIAN_POINT('',(67.669463087248,6.670134228188,1.3));
#3491 = LINE('',#3492,#3493);
#3492 = CARTESIAN_POINT('',(67.669463087248,6.670134228188,0.8));
#3493 = VECTOR('',#3494,1.);
#3494 = DIRECTION('',(0.,0.,1.));
#3495 = ORIENTED_EDGE('',*,*,#3496,.T.);
#3496 = EDGE_CURVE('',#3489,#3497,#3499,.T.);
#3497 = VERTEX_POINT('',#3498);
#3498 = CARTESIAN_POINT('',(68.092281879195,6.564429530201,1.3));
#3499 = B_SPLINE_CURVE_WITH_KNOTS('',2,(#3500,#3501,#3502),
  .UNSPECIFIED.,.F.,.F.,(3,3),(0.,1.),.PIECEWISE_BEZIER_KNOTS.);
#3500 = CARTESIAN_POINT('',(67.669463087248,6.670134228188,1.3));
#3501 = CARTESIAN_POINT('',(67.88307466443,6.634899328859,1.3));
#3502 = CARTESIAN_POINT('',(68.092281879195,6.564429530201,1.3));
#3503 = ORIENTED_EDGE('',*,*,#3504,.F.);
#3504 = EDGE_CURVE('',#859,#3497,#3505,.T.);
#3505 = LINE('',#3506,#3507);
#3506 = CARTESIAN_POINT('',(68.092281879195,6.564429530201,0.8));
#3507 = VECTOR('',#3508,1.);
#3508 = DIRECTION('',(0.,0.,1.));
#3509 = ORIENTED_EDGE('',*,*,#856,.F.);
#3510 = SURFACE_OF_LINEAR_EXTRUSION('',#3511,#3515);
#3511 = B_SPLINE_CURVE_WITH_KNOTS('',2,(#3512,#3513,#3514),
  .UNSPECIFIED.,.F.,.F.,(3,3),(0.,1.),.PIECEWISE_BEZIER_KNOTS.);
#3512 = CARTESIAN_POINT('',(67.669463087248,6.670134228188,0.8));
#3513 = CARTESIAN_POINT('',(67.88307466443,6.634899328859,0.8));
#3514 = CARTESIAN_POINT('',(68.092281879195,6.564429530201,0.8));
#3515 = VECTOR('',#3516,1.);
#3516 = DIRECTION('',(-0.,-0.,-1.));
#3517 = ADVANCED_FACE('',(#3518),#3536,.T.);
#3518 = FACE_BOUND('',#3519,.T.);
#3519 = EDGE_LOOP('',(#3520,#3528,#3534,#3535));
#3520 = ORIENTED_EDGE('',*,*,#3521,.T.);
#3521 = EDGE_CURVE('',#979,#3522,#3524,.T.);
#3522 = VERTEX_POINT('',#3523);
#3523 = CARTESIAN_POINT('',(67.229026845638,6.705369127517,1.3));
#3524 = LINE('',#3525,#3526);
#3525 = CARTESIAN_POINT('',(67.229026845638,6.705369127517,0.8));
#3526 = VECTOR('',#3527,1.);
#3527 = DIRECTION('',(0.,0.,1.));
#3528 = ORIENTED_EDGE('',*,*,#3529,.T.);
#3529 = EDGE_CURVE('',#3522,#3489,#3530,.T.);
#3530 = B_SPLINE_CURVE_WITH_KNOTS('',2,(#3531,#3532,#3533),
  .UNSPECIFIED.,.F.,.F.,(3,3),(0.,1.),.PIECEWISE_BEZIER_KNOTS.);
#3531 = CARTESIAN_POINT('',(67.229026845638,6.705369127517,1.3));
#3532 = CARTESIAN_POINT('',(67.455851510067,6.705369127517,1.3));
#3533 = CARTESIAN_POINT('',(67.669463087248,6.670134228188,1.3));
#3534 = ORIENTED_EDGE('',*,*,#3488,.F.);
#3535 = ORIENTED_EDGE('',*,*,#986,.F.);
#3536 = SURFACE_OF_LINEAR_EXTRUSION('',#3537,#3541);
#3537 = B_SPLINE_CURVE_WITH_KNOTS('',2,(#3538,#3539,#3540),
  .UNSPECIFIED.,.F.,.F.,(3,3),(0.,1.),.PIECEWISE_BEZIER_KNOTS.);
#3538 = CARTESIAN_POINT('',(67.229026845638,6.705369127517,0.8));
#3539 = CARTESIAN_POINT('',(67.455851510067,6.705369127517,0.8));
#3540 = CARTESIAN_POINT('',(67.669463087248,6.670134228188,0.8));
#3541 = VECTOR('',#3542,1.);
#3542 = DIRECTION('',(-0.,-0.,-1.));
#3543 = ADVANCED_FACE('',(#3544),#3562,.T.);
#3544 = FACE_BOUND('',#3545,.T.);
#3545 = EDGE_LOOP('',(#3546,#3547,#3555,#3561));
#3546 = ORIENTED_EDGE('',*,*,#3504,.T.);
#3547 = ORIENTED_EDGE('',*,*,#3548,.T.);
#3548 = EDGE_CURVE('',#3497,#3549,#3551,.T.);
#3549 = VERTEX_POINT('',#3550);
#3550 = CARTESIAN_POINT('',(68.092281879195,5.953691275168,1.3));
#3551 = LINE('',#3552,#3553);
#3552 = CARTESIAN_POINT('',(68.092281879195,6.564429530201,1.3));
#3553 = VECTOR('',#3554,1.);
#3554 = DIRECTION('',(0.,-1.,-0.));
#3555 = ORIENTED_EDGE('',*,*,#3556,.F.);
#3556 = EDGE_CURVE('',#867,#3549,#3557,.T.);
#3557 = LINE('',#3558,#3559);
#3558 = CARTESIAN_POINT('',(68.092281879195,5.953691275168,0.8));
#3559 = VECTOR('',#3560,1.);
#3560 = DIRECTION('',(0.,0.,1.));
#3561 = ORIENTED_EDGE('',*,*,#866,.F.);
#3562 = PLANE('',#3563);
#3563 = AXIS2_PLACEMENT_3D('',#3564,#3565,#3566);
#3564 = CARTESIAN_POINT('',(68.092281879195,6.564429530201,0.8));
#3565 = DIRECTION('',(1.,0.,-0.));
#3566 = DIRECTION('',(0.,-1.,0.));
#3567 = ADVANCED_FACE('',(#3568),#3586,.T.);
#3568 = FACE_BOUND('',#3569,.T.);
#3569 = EDGE_LOOP('',(#3570,#3578,#3584,#3585));
#3570 = ORIENTED_EDGE('',*,*,#3571,.T.);
#3571 = EDGE_CURVE('',#971,#3572,#3574,.T.);
#3572 = VERTEX_POINT('',#3573);
#3573 = CARTESIAN_POINT('',(66.102537751678,6.239093959732,1.3));
#3574 = LINE('',#3575,#3576);
#3575 = CARTESIAN_POINT('',(66.102537751678,6.239093959732,0.8));
#3576 = VECTOR('',#3577,1.);
#3577 = DIRECTION('',(0.,0.,1.));
#3578 = ORIENTED_EDGE('',*,*,#3579,.T.);
#3579 = EDGE_CURVE('',#3572,#3522,#3580,.T.);
#3580 = B_SPLINE_CURVE_WITH_KNOTS('',2,(#3581,#3582,#3583),
  .UNSPECIFIED.,.F.,.F.,(3,3),(0.,1.),.PIECEWISE_BEZIER_KNOTS.);
#3581 = CARTESIAN_POINT('',(66.102537751678,6.239093959732,1.3));
#3582 = CARTESIAN_POINT('',(66.51331795302,6.705369127517,1.3));
#3583 = CARTESIAN_POINT('',(67.229026845638,6.705369127517,1.3));
#3584 = ORIENTED_EDGE('',*,*,#3521,.F.);
#3585 = ORIENTED_EDGE('',*,*,#978,.F.);
#3586 = SURFACE_OF_LINEAR_EXTRUSION('',#3587,#3591);
#3587 = B_SPLINE_CURVE_WITH_KNOTS('',2,(#3588,#3589,#3590),
  .UNSPECIFIED.,.F.,.F.,(3,3),(0.,1.),.PIECEWISE_BEZIER_KNOTS.);
#3588 = CARTESIAN_POINT('',(66.102537751678,6.239093959732,0.8));
#3589 = CARTESIAN_POINT('',(66.51331795302,6.705369127517,0.8));
#3590 = CARTESIAN_POINT('',(67.229026845638,6.705369127517,0.8));
#3591 = VECTOR('',#3592,1.);
#3592 = DIRECTION('',(-0.,-0.,-1.));
#3593 = ADVANCED_FACE('',(#3594),#3612,.T.);
#3594 = FACE_BOUND('',#3595,.T.);
#3595 = EDGE_LOOP('',(#3596,#3597,#3605,#3611));
#3596 = ORIENTED_EDGE('',*,*,#3556,.T.);
#3597 = ORIENTED_EDGE('',*,*,#3598,.T.);
#3598 = EDGE_CURVE('',#3549,#3599,#3601,.T.);
#3599 = VERTEX_POINT('',#3600);
#3600 = CARTESIAN_POINT('',(67.698091442953,6.102705536913,1.3));
#3601 = B_SPLINE_CURVE_WITH_KNOTS('',2,(#3602,#3603,#3604),
  .UNSPECIFIED.,.F.,.F.,(3,3),(0.,1.),.PIECEWISE_BEZIER_KNOTS.);
#3602 = CARTESIAN_POINT('',(68.092281879195,5.953691275168,1.3));
#3603 = CARTESIAN_POINT('',(67.88307466443,6.054551174497,1.3));
#3604 = CARTESIAN_POINT('',(67.698091442953,6.102705536913,1.3));
#3605 = ORIENTED_EDGE('',*,*,#3606,.F.);
#3606 = EDGE_CURVE('',#875,#3599,#3607,.T.);
#3607 = LINE('',#3608,#3609);
#3608 = CARTESIAN_POINT('',(67.698091442953,6.102705536913,0.8));
#3609 = VECTOR('',#3610,1.);
#3610 = DIRECTION('',(0.,0.,1.));
#3611 = ORIENTED_EDGE('',*,*,#874,.F.);
#3612 = SURFACE_OF_LINEAR_EXTRUSION('',#3613,#3617);
#3613 = B_SPLINE_CURVE_WITH_KNOTS('',2,(#3614,#3615,#3616),
  .UNSPECIFIED.,.F.,.F.,(3,3),(0.,1.),.PIECEWISE_BEZIER_KNOTS.);
#3614 = CARTESIAN_POINT('',(68.092281879195,5.953691275168,0.8));
#3615 = CARTESIAN_POINT('',(67.88307466443,6.054551174497,0.8));
#3616 = CARTESIAN_POINT('',(67.698091442953,6.102705536913,0.8));
#3617 = VECTOR('',#3618,1.);
#3618 = DIRECTION('',(-0.,-0.,-1.));
#3619 = ADVANCED_FACE('',(#3620),#3638,.T.);
#3620 = FACE_BOUND('',#3621,.T.);
#3621 = EDGE_LOOP('',(#3622,#3630,#3636,#3637));
#3622 = ORIENTED_EDGE('',*,*,#3623,.T.);
#3623 = EDGE_CURVE('',#963,#3624,#3626,.T.);
#3624 = VERTEX_POINT('',#3625);
#3625 = CARTESIAN_POINT('',(65.691904362416,4.956984060403,1.3));
#3626 = LINE('',#3627,#3628);
#3627 = CARTESIAN_POINT('',(65.691904362416,4.956984060403,0.8));
#3628 = VECTOR('',#3629,1.);
#3629 = DIRECTION('',(0.,0.,1.));
#3630 = ORIENTED_EDGE('',*,*,#3631,.T.);
#3631 = EDGE_CURVE('',#3624,#3572,#3632,.T.);
#3632 = B_SPLINE_CURVE_WITH_KNOTS('',2,(#3633,#3634,#3635),
  .UNSPECIFIED.,.F.,.F.,(3,3),(0.,1.),.PIECEWISE_BEZIER_KNOTS.);
#3633 = CARTESIAN_POINT('',(65.691904362416,4.956984060403,1.3));
#3634 = CARTESIAN_POINT('',(65.691904362416,5.772818791946,1.3));
#3635 = CARTESIAN_POINT('',(66.102537751678,6.239093959732,1.3));
#3636 = ORIENTED_EDGE('',*,*,#3571,.F.);
#3637 = ORIENTED_EDGE('',*,*,#970,.F.);
#3638 = SURFACE_OF_LINEAR_EXTRUSION('',#3639,#3643);
#3639 = B_SPLINE_CURVE_WITH_KNOTS('',2,(#3640,#3641,#3642),
  .UNSPECIFIED.,.F.,.F.,(3,3),(0.,1.),.PIECEWISE_BEZIER_KNOTS.);
#3640 = CARTESIAN_POINT('',(65.691904362416,4.956984060403,0.8));
#3641 = CARTESIAN_POINT('',(65.691904362416,5.772818791946,0.8));
#3642 = CARTESIAN_POINT('',(66.102537751678,6.239093959732,0.8));
#3643 = VECTOR('',#3644,1.);
#3644 = DIRECTION('',(-0.,-0.,-1.));
#3645 = ADVANCED_FACE('',(#3646),#3664,.T.);
#3646 = FACE_BOUND('',#3647,.T.);
#3647 = EDGE_LOOP('',(#3648,#3649,#3657,#3663));
#3648 = ORIENTED_EDGE('',*,*,#3606,.T.);
#3649 = ORIENTED_EDGE('',*,*,#3650,.T.);
#3650 = EDGE_CURVE('',#3599,#3651,#3653,.T.);
#3651 = VERTEX_POINT('',#3652);
#3652 = CARTESIAN_POINT('',(67.336933724832,6.151006711409,1.3));
#3653 = B_SPLINE_CURVE_WITH_KNOTS('',2,(#3654,#3655,#3656),
  .UNSPECIFIED.,.F.,.F.,(3,3),(0.,1.),.PIECEWISE_BEZIER_KNOTS.);
#3654 = CARTESIAN_POINT('',(67.698091442953,6.102705536913,1.3));
#3655 = CARTESIAN_POINT('',(67.513108221477,6.151006711409,1.3));
#3656 = CARTESIAN_POINT('',(67.336933724832,6.151006711409,1.3));
#3657 = ORIENTED_EDGE('',*,*,#3658,.F.);
#3658 = EDGE_CURVE('',#883,#3651,#3659,.T.);
#3659 = LINE('',#3660,#3661);
#3660 = CARTESIAN_POINT('',(67.336933724832,6.151006711409,0.8));
#3661 = VECTOR('',#3662,1.);
#3662 = DIRECTION('',(0.,0.,1.));
#3663 = ORIENTED_EDGE('',*,*,#882,.F.);
#3664 = SURFACE_OF_LINEAR_EXTRUSION('',#3665,#3669);
#3665 = B_SPLINE_CURVE_WITH_KNOTS('',2,(#3666,#3667,#3668),
  .UNSPECIFIED.,.F.,.F.,(3,3),(0.,1.),.PIECEWISE_BEZIER_KNOTS.);
#3666 = CARTESIAN_POINT('',(67.698091442953,6.102705536913,0.8));
#3667 = CARTESIAN_POINT('',(67.513108221477,6.151006711409,0.8));
#3668 = CARTESIAN_POINT('',(67.336933724832,6.151006711409,0.8));
#3669 = VECTOR('',#3670,1.);
#3670 = DIRECTION('',(-0.,-0.,-1.));
#3671 = ADVANCED_FACE('',(#3672),#3690,.T.);
#3672 = FACE_BOUND('',#3673,.T.);
#3673 = EDGE_LOOP('',(#3674,#3682,#3688,#3689));
#3674 = ORIENTED_EDGE('',*,*,#3675,.T.);
#3675 = EDGE_CURVE('',#955,#3676,#3678,.T.);
#3676 = VERTEX_POINT('',#3677);
#3677 = CARTESIAN_POINT('',(66.04307885906,3.727873322148,1.3));
#3678 = LINE('',#3679,#3680);
#3679 = CARTESIAN_POINT('',(66.04307885906,3.727873322148,0.8));
#3680 = VECTOR('',#3681,1.);
#3681 = DIRECTION('',(0.,0.,1.));
#3682 = ORIENTED_EDGE('',*,*,#3683,.T.);
#3683 = EDGE_CURVE('',#3676,#3624,#3684,.T.);
#3684 = B_SPLINE_CURVE_WITH_KNOTS('',2,(#3685,#3686,#3687),
  .UNSPECIFIED.,.F.,.F.,(3,3),(0.,1.),.PIECEWISE_BEZIER_KNOTS.);
#3685 = CARTESIAN_POINT('',(66.04307885906,3.727873322148,1.3));
#3686 = CARTESIAN_POINT('',(65.691904362416,4.161115771812,1.3));
#3687 = CARTESIAN_POINT('',(65.691904362416,4.956984060403,1.3));
#3688 = ORIENTED_EDGE('',*,*,#3623,.F.);
#3689 = ORIENTED_EDGE('',*,*,#962,.F.);
#3690 = SURFACE_OF_LINEAR_EXTRUSION('',#3691,#3695);
#3691 = B_SPLINE_CURVE_WITH_KNOTS('',2,(#3692,#3693,#3694),
  .UNSPECIFIED.,.F.,.F.,(3,3),(0.,1.),.PIECEWISE_BEZIER_KNOTS.);
#3692 = CARTESIAN_POINT('',(66.04307885906,3.727873322148,0.8));
#3693 = CARTESIAN_POINT('',(65.691904362416,4.161115771812,0.8));
#3694 = CARTESIAN_POINT('',(65.691904362416,4.956984060403,0.8));
#3695 = VECTOR('',#3696,1.);
#3696 = DIRECTION('',(-0.,-0.,-1.));
#3697 = ADVANCED_FACE('',(#3698),#3716,.T.);
#3698 = FACE_BOUND('',#3699,.T.);
#3699 = EDGE_LOOP('',(#3700,#3701,#3709,#3715));
#3700 = ORIENTED_EDGE('',*,*,#3658,.T.);
#3701 = ORIENTED_EDGE('',*,*,#3702,.T.);
#3702 = EDGE_CURVE('',#3651,#3703,#3705,.T.);
#3703 = VERTEX_POINT('',#3704);
#3704 = CARTESIAN_POINT('',(66.746749161074,5.940478187919,1.3));
#3705 = B_SPLINE_CURVE_WITH_KNOTS('',2,(#3706,#3707,#3708),
  .UNSPECIFIED.,.F.,.F.,(3,3),(0.,1.),.PIECEWISE_BEZIER_KNOTS.);
#3706 = CARTESIAN_POINT('',(67.336933724832,6.151006711409,1.3));
#3707 = CARTESIAN_POINT('',(66.958158557047,6.151006711409,1.3));
#3708 = CARTESIAN_POINT('',(66.746749161074,5.940478187919,1.3));
#3709 = ORIENTED_EDGE('',*,*,#3710,.F.);
#3710 = EDGE_CURVE('',#891,#3703,#3711,.T.);
#3711 = LINE('',#3712,#3713);
#3712 = CARTESIAN_POINT('',(66.746749161074,5.940478187919,0.8));
#3713 = VECTOR('',#3714,1.);
#3714 = DIRECTION('',(0.,0.,1.));
#3715 = ORIENTED_EDGE('',*,*,#890,.F.);
#3716 = SURFACE_OF_LINEAR_EXTRUSION('',#3717,#3721);
#3717 = B_SPLINE_CURVE_WITH_KNOTS('',2,(#3718,#3719,#3720),
  .UNSPECIFIED.,.F.,.F.,(3,3),(0.,1.),.PIECEWISE_BEZIER_KNOTS.);
#3718 = CARTESIAN_POINT('',(67.336933724832,6.151006711409,0.8));
#3719 = CARTESIAN_POINT('',(66.958158557047,6.151006711409,0.8));
#3720 = CARTESIAN_POINT('',(66.746749161074,5.940478187919,0.8));
#3721 = VECTOR('',#3722,1.);
#3722 = DIRECTION('',(-0.,-0.,-1.));
#3723 = ADVANCED_FACE('',(#3724),#3742,.T.);
#3724 = FACE_BOUND('',#3725,.T.);
#3725 = EDGE_LOOP('',(#3726,#3734,#3740,#3741));
#3726 = ORIENTED_EDGE('',*,*,#3727,.T.);
#3727 = EDGE_CURVE('',#947,#3728,#3730,.T.);
#3728 = VERTEX_POINT('',#3729);
#3729 = CARTESIAN_POINT('',(67.035234899329,3.294630872483,1.3));
#3730 = LINE('',#3731,#3732);
#3731 = CARTESIAN_POINT('',(67.035234899329,3.294630872483,0.8));
#3732 = VECTOR('',#3733,1.);
#3733 = DIRECTION('',(0.,0.,1.));
#3734 = ORIENTED_EDGE('',*,*,#3735,.T.);
#3735 = EDGE_CURVE('',#3728,#3676,#3736,.T.);
#3736 = B_SPLINE_CURVE_WITH_KNOTS('',2,(#3737,#3738,#3739),
  .UNSPECIFIED.,.F.,.F.,(3,3),(0.,1.),.PIECEWISE_BEZIER_KNOTS.);
#3737 = CARTESIAN_POINT('',(67.035234899329,3.294630872483,1.3));
#3738 = CARTESIAN_POINT('',(66.394400167785,3.294630872483,1.3));
#3739 = CARTESIAN_POINT('',(66.04307885906,3.727873322148,1.3));
#3740 = ORIENTED_EDGE('',*,*,#3675,.F.);
#3741 = ORIENTED_EDGE('',*,*,#954,.F.);
#3742 = SURFACE_OF_LINEAR_EXTRUSION('',#3743,#3747);
#3743 = B_SPLINE_CURVE_WITH_KNOTS('',2,(#3744,#3745,#3746),
  .UNSPECIFIED.,.F.,.F.,(3,3),(0.,1.),.PIECEWISE_BEZIER_KNOTS.);
#3744 = CARTESIAN_POINT('',(67.035234899329,3.294630872483,0.8));
#3745 = CARTESIAN_POINT('',(66.394400167785,3.294630872483,0.8));
#3746 = CARTESIAN_POINT('',(66.04307885906,3.727873322148,0.8));
#3747 = VECTOR('',#3748,1.);
#3748 = DIRECTION('',(-0.,-0.,-1.));
#3749 = ADVANCED_FACE('',(#3750),#3768,.T.);
#3750 = FACE_BOUND('',#3751,.T.);
#3751 = EDGE_LOOP('',(#3752,#3753,#3761,#3767));
#3752 = ORIENTED_EDGE('',*,*,#3710,.T.);
#3753 = ORIENTED_EDGE('',*,*,#3754,.T.);
#3754 = EDGE_CURVE('',#3703,#3755,#3757,.T.);
#3755 = VERTEX_POINT('',#3756);
#3756 = CARTESIAN_POINT('',(66.500104865772,5.315499161074,1.3));
#3757 = B_SPLINE_CURVE_WITH_KNOTS('',2,(#3758,#3759,#3760),
  .UNSPECIFIED.,.F.,.F.,(3,3),(0.,1.),.PIECEWISE_BEZIER_KNOTS.);
#3758 = CARTESIAN_POINT('',(66.746749161074,5.940478187919,1.3));
#3759 = CARTESIAN_POINT('',(66.535339765101,5.72994966443,1.3));
#3760 = CARTESIAN_POINT('',(66.500104865772,5.315499161074,1.3));
#3761 = ORIENTED_EDGE('',*,*,#3762,.F.);
#3762 = EDGE_CURVE('',#899,#3755,#3763,.T.);
#3763 = LINE('',#3764,#3765);
#3764 = CARTESIAN_POINT('',(66.500104865772,5.315499161074,0.8));
#3765 = VECTOR('',#3766,1.);
#3766 = DIRECTION('',(0.,0.,1.));
#3767 = ORIENTED_EDGE('',*,*,#898,.F.);
#3768 = SURFACE_OF_LINEAR_EXTRUSION('',#3769,#3773);
#3769 = B_SPLINE_CURVE_WITH_KNOTS('',2,(#3770,#3771,#3772),
  .UNSPECIFIED.,.F.,.F.,(3,3),(0.,1.),.PIECEWISE_BEZIER_KNOTS.);
#3770 = CARTESIAN_POINT('',(66.746749161074,5.940478187919,0.8));
#3771 = CARTESIAN_POINT('',(66.535339765101,5.72994966443,0.8));
#3772 = CARTESIAN_POINT('',(66.500104865772,5.315499161074,0.8));
#3773 = VECTOR('',#3774,1.);
#3774 = DIRECTION('',(-0.,-0.,-1.));
#3775 = ADVANCED_FACE('',(#3776),#3794,.T.);
#3776 = FACE_BOUND('',#3777,.T.);
#3777 = EDGE_LOOP('',(#3778,#3786,#3792,#3793));
#3778 = ORIENTED_EDGE('',*,*,#3779,.T.);
#3779 = EDGE_CURVE('',#939,#3780,#3782,.T.);
#3780 = VERTEX_POINT('',#3781);
#3781 = CARTESIAN_POINT('',(67.962353187919,3.613213087248,1.3));
#3782 = LINE('',#3783,#3784);
#3783 = CARTESIAN_POINT('',(67.962353187919,3.613213087248,0.8));
#3784 = VECTOR('',#3785,1.);
#3785 = DIRECTION('',(0.,0.,1.));
#3786 = ORIENTED_EDGE('',*,*,#3787,.T.);
#3787 = EDGE_CURVE('',#3780,#3728,#3788,.T.);
#3788 = B_SPLINE_CURVE_WITH_KNOTS('',2,(#3789,#3790,#3791),
  .UNSPECIFIED.,.F.,.F.,(3,3),(0.,1.),.PIECEWISE_BEZIER_KNOTS.);
#3789 = CARTESIAN_POINT('',(67.962353187919,3.613213087248,1.3));
#3790 = CARTESIAN_POINT('',(67.616610738255,3.294630872483,1.3));
#3791 = CARTESIAN_POINT('',(67.035234899329,3.294630872483,1.3));
#3792 = ORIENTED_EDGE('',*,*,#3727,.F.);
#3793 = ORIENTED_EDGE('',*,*,#946,.F.);
#3794 = SURFACE_OF_LINEAR_EXTRUSION('',#3795,#3799);
#3795 = B_SPLINE_CURVE_WITH_KNOTS('',2,(#3796,#3797,#3798),
  .UNSPECIFIED.,.F.,.F.,(3,3),(0.,1.),.PIECEWISE_BEZIER_KNOTS.);
#3796 = CARTESIAN_POINT('',(67.962353187919,3.613213087248,0.8));
#3797 = CARTESIAN_POINT('',(67.616610738255,3.294630872483,0.8));
#3798 = CARTESIAN_POINT('',(67.035234899329,3.294630872483,0.8));
#3799 = VECTOR('',#3800,1.);
#3800 = DIRECTION('',(-0.,-0.,-1.));
#3801 = ADVANCED_FACE('',(#3802),#3820,.T.);
#3802 = FACE_BOUND('',#3803,.T.);
#3803 = EDGE_LOOP('',(#3804,#3805,#3813,#3819));
#3804 = ORIENTED_EDGE('',*,*,#3762,.T.);
#3805 = ORIENTED_EDGE('',*,*,#3806,.T.);
#3806 = EDGE_CURVE('',#3755,#3807,#3809,.T.);
#3807 = VERTEX_POINT('',#3808);
#3808 = CARTESIAN_POINT('',(66.815016778523,5.476992449664,1.3));
#3809 = B_SPLINE_CURVE_WITH_KNOTS('',2,(#3810,#3811,#3812),
  .UNSPECIFIED.,.F.,.F.,(3,3),(0.,1.),.PIECEWISE_BEZIER_KNOTS.);
#3810 = CARTESIAN_POINT('',(66.500104865772,5.315499161074,1.3));
#3811 = CARTESIAN_POINT('',(66.645448825503,5.423259228188,1.3));
#3812 = CARTESIAN_POINT('',(66.815016778523,5.476992449664,1.3));
#3813 = ORIENTED_EDGE('',*,*,#3814,.F.);
#3814 = EDGE_CURVE('',#907,#3807,#3815,.T.);
#3815 = LINE('',#3816,#3817);
#3816 = CARTESIAN_POINT('',(66.815016778523,5.476992449664,0.8));
#3817 = VECTOR('',#3818,1.);
#3818 = DIRECTION('',(0.,0.,1.));
#3819 = ORIENTED_EDGE('',*,*,#906,.F.);
#3820 = SURFACE_OF_LINEAR_EXTRUSION('',#3821,#3825);
#3821 = B_SPLINE_CURVE_WITH_KNOTS('',2,(#3822,#3823,#3824),
  .UNSPECIFIED.,.F.,.F.,(3,3),(0.,1.),.PIECEWISE_BEZIER_KNOTS.);
#3822 = CARTESIAN_POINT('',(66.500104865772,5.315499161074,0.8));
#3823 = CARTESIAN_POINT('',(66.645448825503,5.423259228188,0.8));
#3824 = CARTESIAN_POINT('',(66.815016778523,5.476992449664,0.8));
#3825 = VECTOR('',#3826,1.);
#3826 = DIRECTION('',(-0.,-0.,-1.));
#3827 = ADVANCED_FACE('',(#3828),#3846,.T.);
#3828 = FACE_BOUND('',#3829,.T.);
#3829 = EDGE_LOOP('',(#3830,#3838,#3844,#3845));
#3830 = ORIENTED_EDGE('',*,*,#3831,.T.);
#3831 = EDGE_CURVE('',#931,#3832,#3834,.T.);
#3832 = VERTEX_POINT('',#3833);
#3833 = CARTESIAN_POINT('',(68.308095637584,4.46119966443,1.3));
#3834 = LINE('',#3835,#3836);
#3835 = CARTESIAN_POINT('',(68.308095637584,4.46119966443,0.8));
#3836 = VECTOR('',#3837,1.);
#3837 = DIRECTION('',(0.,0.,1.));
#3838 = ORIENTED_EDGE('',*,*,#3839,.T.);
#3839 = EDGE_CURVE('',#3832,#3780,#3840,.T.);
#3840 = B_SPLINE_CURVE_WITH_KNOTS('',2,(#3841,#3842,#3843),
  .UNSPECIFIED.,.F.,.F.,(3,3),(0.,1.),.PIECEWISE_BEZIER_KNOTS.);
#3841 = CARTESIAN_POINT('',(68.308095637584,4.46119966443,1.3));
#3842 = CARTESIAN_POINT('',(68.308095637584,3.931942114094,1.3));
#3843 = CARTESIAN_POINT('',(67.962353187919,3.613213087248,1.3));
#3844 = ORIENTED_EDGE('',*,*,#3779,.F.);
#3845 = ORIENTED_EDGE('',*,*,#938,.F.);
#3846 = SURFACE_OF_LINEAR_EXTRUSION('',#3847,#3851);
#3847 = B_SPLINE_CURVE_WITH_KNOTS('',2,(#3848,#3849,#3850),
  .UNSPECIFIED.,.F.,.F.,(3,3),(0.,1.),.PIECEWISE_BEZIER_KNOTS.);
#3848 = CARTESIAN_POINT('',(68.308095637584,4.46119966443,0.8));
#3849 = CARTESIAN_POINT('',(68.308095637584,3.931942114094,0.8));
#3850 = CARTESIAN_POINT('',(67.962353187919,3.613213087248,0.8));
#3851 = VECTOR('',#3852,1.);
#3852 = DIRECTION('',(-0.,-0.,-1.));
#3853 = ADVANCED_FACE('',(#3854),#3872,.T.);
#3854 = FACE_BOUND('',#3855,.T.);
#3855 = EDGE_LOOP('',(#3856,#3857,#3865,#3871));
#3856 = ORIENTED_EDGE('',*,*,#3814,.T.);
#3857 = ORIENTED_EDGE('',*,*,#3858,.T.);
#3858 = EDGE_CURVE('',#3807,#3859,#3861,.T.);
#3859 = VERTEX_POINT('',#3860);
#3860 = CARTESIAN_POINT('',(67.184983221477,5.530872483221,1.3));
#3861 = B_SPLINE_CURVE_WITH_KNOTS('',2,(#3862,#3863,#3864),
  .UNSPECIFIED.,.F.,.F.,(3,3),(0.,1.),.PIECEWISE_BEZIER_KNOTS.);
#3862 = CARTESIAN_POINT('',(66.815016778523,5.476992449664,1.3));
#3863 = CARTESIAN_POINT('',(66.984584731544,5.530872483221,1.3));
#3864 = CARTESIAN_POINT('',(67.184983221477,5.530872483221,1.3));
#3865 = ORIENTED_EDGE('',*,*,#3866,.F.);
#3866 = EDGE_CURVE('',#915,#3859,#3867,.T.);
#3867 = LINE('',#3868,#3869);
#3868 = CARTESIAN_POINT('',(67.184983221477,5.530872483221,0.8));
#3869 = VECTOR('',#3870,1.);
#3870 = DIRECTION('',(0.,0.,1.));
#3871 = ORIENTED_EDGE('',*,*,#914,.F.);
#3872 = SURFACE_OF_LINEAR_EXTRUSION('',#3873,#3877);
#3873 = B_SPLINE_CURVE_WITH_KNOTS('',2,(#3874,#3875,#3876),
  .UNSPECIFIED.,.F.,.F.,(3,3),(0.,1.),.PIECEWISE_BEZIER_KNOTS.);
#3874 = CARTESIAN_POINT('',(66.815016778523,5.476992449664,0.8));
#3875 = CARTESIAN_POINT('',(66.984584731544,5.530872483221,0.8));
#3876 = CARTESIAN_POINT('',(67.184983221477,5.530872483221,0.8));
#3877 = VECTOR('',#3878,1.);
#3878 = DIRECTION('',(-0.,-0.,-1.));
#3879 = ADVANCED_FACE('',(#3880),#3898,.T.);
#3880 = FACE_BOUND('',#3881,.T.);
#3881 = EDGE_LOOP('',(#3882,#3890,#3896,#3897));
#3882 = ORIENTED_EDGE('',*,*,#3883,.T.);
#3883 = EDGE_CURVE('',#923,#3884,#3886,.T.);
#3884 = VERTEX_POINT('',#3885);
#3885 = CARTESIAN_POINT('',(67.998615771812,5.235339765101,1.3));
#3886 = LINE('',#3887,#3888);
#3887 = CARTESIAN_POINT('',(67.998615771812,5.235339765101,0.8));
#3888 = VECTOR('',#3889,1.);
#3889 = DIRECTION('',(0.,0.,1.));
#3890 = ORIENTED_EDGE('',*,*,#3891,.T.);
#3891 = EDGE_CURVE('',#3884,#3832,#3892,.T.);
#3892 = B_SPLINE_CURVE_WITH_KNOTS('',2,(#3893,#3894,#3895),
  .UNSPECIFIED.,.F.,.F.,(3,3),(0.,1.),.PIECEWISE_BEZIER_KNOTS.);
#3893 = CARTESIAN_POINT('',(67.998615771812,5.235339765101,1.3));
#3894 = CARTESIAN_POINT('',(68.308095637584,4.93980704698,1.3));
#3895 = CARTESIAN_POINT('',(68.308095637584,4.46119966443,1.3));
#3896 = ORIENTED_EDGE('',*,*,#3831,.F.);
#3897 = ORIENTED_EDGE('',*,*,#930,.F.);
#3898 = SURFACE_OF_LINEAR_EXTRUSION('',#3899,#3903);
#3899 = B_SPLINE_CURVE_WITH_KNOTS('',2,(#3900,#3901,#3902),
  .UNSPECIFIED.,.F.,.F.,(3,3),(0.,1.),.PIECEWISE_BEZIER_KNOTS.);
#3900 = CARTESIAN_POINT('',(67.998615771812,5.235339765101,0.8));
#3901 = CARTESIAN_POINT('',(68.308095637584,4.93980704698,0.8));
#3902 = CARTESIAN_POINT('',(68.308095637584,4.46119966443,0.8));
#3903 = VECTOR('',#3904,1.);
#3904 = DIRECTION('',(-0.,-0.,-1.));
#3905 = ADVANCED_FACE('',(#3906),#3917,.T.);
#3906 = FACE_BOUND('',#3907,.T.);
#3907 = EDGE_LOOP('',(#3908,#3909,#3915,#3916));
#3908 = ORIENTED_EDGE('',*,*,#3866,.T.);
#3909 = ORIENTED_EDGE('',*,*,#3910,.T.);
#3910 = EDGE_CURVE('',#3859,#3884,#3911,.T.);
#3911 = B_SPLINE_CURVE_WITH_KNOTS('',2,(#3912,#3913,#3914),
  .UNSPECIFIED.,.F.,.F.,(3,3),(0.,1.),.PIECEWISE_BEZIER_KNOTS.);
#3912 = CARTESIAN_POINT('',(67.184983221477,5.530872483221,1.3));
#3913 = CARTESIAN_POINT('',(67.689282718121,5.530872483221,1.3));
#3914 = CARTESIAN_POINT('',(67.998615771812,5.235339765101,1.3));
#3915 = ORIENTED_EDGE('',*,*,#3883,.F.);
#3916 = ORIENTED_EDGE('',*,*,#922,.F.);
#3917 = SURFACE_OF_LINEAR_EXTRUSION('',#3918,#3922);
#3918 = B_SPLINE_CURVE_WITH_KNOTS('',2,(#3919,#3920,#3921),
  .UNSPECIFIED.,.F.,.F.,(3,3),(0.,1.),.PIECEWISE_BEZIER_KNOTS.);
#3919 = CARTESIAN_POINT('',(67.184983221477,5.530872483221,0.8));
#3920 = CARTESIAN_POINT('',(67.689282718121,5.530872483221,0.8));
#3921 = CARTESIAN_POINT('',(67.998615771812,5.235339765101,0.8));
#3922 = VECTOR('',#3923,1.);
#3923 = DIRECTION('',(-0.,-0.,-1.));
#3924 = ADVANCED_FACE('',(#3925),#3950,.T.);
#3925 = FACE_BOUND('',#3926,.T.);
#3926 = EDGE_LOOP('',(#3927,#3935,#3943,#3949));
#3927 = ORIENTED_EDGE('',*,*,#3928,.T.);
#3928 = EDGE_CURVE('',#995,#3929,#3931,.T.);
#3929 = VERTEX_POINT('',#3930);
#3930 = CARTESIAN_POINT('',(77.76127307047,6.024161073826,1.3));
#3931 = LINE('',#3932,#3933);
#3932 = CARTESIAN_POINT('',(77.76127307047,6.024161073826,0.8));
#3933 = VECTOR('',#3934,1.);
#3934 = DIRECTION('',(0.,0.,1.));
#3935 = ORIENTED_EDGE('',*,*,#3936,.T.);
#3936 = EDGE_CURVE('',#3929,#3937,#3939,.T.);
#3937 = VERTEX_POINT('',#3938);
#3938 = CARTESIAN_POINT('',(77.76127307047,6.644295302013,1.3));
#3939 = LINE('',#3940,#3941);
#3940 = CARTESIAN_POINT('',(77.76127307047,6.024161073826,1.3));
#3941 = VECTOR('',#3942,1.);
#3942 = DIRECTION('',(0.,1.,0.));
#3943 = ORIENTED_EDGE('',*,*,#3944,.F.);
#3944 = EDGE_CURVE('',#997,#3937,#3945,.T.);
#3945 = LINE('',#3946,#3947);
#3946 = CARTESIAN_POINT('',(77.76127307047,6.644295302013,0.8));
#3947 = VECTOR('',#3948,1.);
#3948 = DIRECTION('',(0.,0.,1.));
#3949 = ORIENTED_EDGE('',*,*,#994,.F.);
#3950 = PLANE('',#3951);
#3951 = AXIS2_PLACEMENT_3D('',#3952,#3953,#3954);
#3952 = CARTESIAN_POINT('',(77.76127307047,6.024161073826,0.8));
#3953 = DIRECTION('',(-1.,0.,0.));
#3954 = DIRECTION('',(0.,1.,0.));
#3955 = ADVANCED_FACE('',(#3956),#3974,.T.);
#3956 = FACE_BOUND('',#3957,.T.);
#3957 = EDGE_LOOP('',(#3958,#3966,#3972,#3973));
#3958 = ORIENTED_EDGE('',*,*,#3959,.T.);
#3959 = EDGE_CURVE('',#1037,#3960,#3962,.T.);
#3960 = VERTEX_POINT('',#3961);
#3961 = CARTESIAN_POINT('',(79.34464135906,6.024161073826,1.3));
#3962 = LINE('',#3963,#3964);
#3963 = CARTESIAN_POINT('',(79.34464135906,6.024161073826,0.8));
#3964 = VECTOR('',#3965,1.);
#3965 = DIRECTION('',(0.,0.,1.));
#3966 = ORIENTED_EDGE('',*,*,#3967,.T.);
#3967 = EDGE_CURVE('',#3960,#3929,#3968,.T.);
#3968 = LINE('',#3969,#3970);
#3969 = CARTESIAN_POINT('',(79.34464135906,6.024161073826,1.3));
#3970 = VECTOR('',#3971,1.);
#3971 = DIRECTION('',(-1.,0.,0.));
#3972 = ORIENTED_EDGE('',*,*,#3928,.F.);
#3973 = ORIENTED_EDGE('',*,*,#1044,.F.);
#3974 = PLANE('',#3975);
#3975 = AXIS2_PLACEMENT_3D('',#3976,#3977,#3978);
#3976 = CARTESIAN_POINT('',(79.34464135906,6.024161073826,0.8));
#3977 = DIRECTION('',(0.,-1.,0.));
#3978 = DIRECTION('',(-1.,0.,0.));
#3979 = ADVANCED_FACE('',(#3980),#3998,.T.);
#3980 = FACE_BOUND('',#3981,.T.);
#3981 = EDGE_LOOP('',(#3982,#3990,#3996,#3997));
#3982 = ORIENTED_EDGE('',*,*,#3983,.T.);
#3983 = EDGE_CURVE('',#1029,#3984,#3986,.T.);
#3984 = VERTEX_POINT('',#3985);
#3985 = CARTESIAN_POINT('',(78.131239513423,3.355704697987,1.3));
#3986 = LINE('',#3987,#3988);
#3987 = CARTESIAN_POINT('',(78.131239513423,3.355704697987,0.8));
#3988 = VECTOR('',#3989,1.);
#3989 = DIRECTION('',(0.,0.,1.));
#3990 = ORIENTED_EDGE('',*,*,#3991,.T.);
#3991 = EDGE_CURVE('',#3984,#3960,#3992,.T.);
#3992 = LINE('',#3993,#3994);
#3993 = CARTESIAN_POINT('',(78.131239513423,3.355704697987,1.3));
#3994 = VECTOR('',#3995,1.);
#3995 = DIRECTION('',(0.413935007817,0.910306437033,0.));
#3996 = ORIENTED_EDGE('',*,*,#3959,.F.);
#3997 = ORIENTED_EDGE('',*,*,#1036,.F.);
#3998 = PLANE('',#3999);
#3999 = AXIS2_PLACEMENT_3D('',#4000,#4001,#4002);
#4000 = CARTESIAN_POINT('',(78.131239513423,3.355704697987,0.8));
#4001 = DIRECTION('',(-0.910306437033,0.413935007817,0.));
#4002 = DIRECTION('',(0.413935007817,0.910306437033,0.));
#4003 = ADVANCED_FACE('',(#4004),#4022,.T.);
#4004 = FACE_BOUND('',#4005,.T.);
#4005 = EDGE_LOOP('',(#4006,#4014,#4020,#4021));
#4006 = ORIENTED_EDGE('',*,*,#4007,.T.);
#4007 = EDGE_CURVE('',#1021,#4008,#4010,.T.);
#4008 = VERTEX_POINT('',#4009);
#4009 = CARTESIAN_POINT('',(78.957057466443,3.355704697987,1.3));
#4010 = LINE('',#4011,#4012);
#4011 = CARTESIAN_POINT('',(78.957057466443,3.355704697987,0.8));
#4012 = VECTOR('',#4013,1.);
#4013 = DIRECTION('',(0.,0.,1.));
#4014 = ORIENTED_EDGE('',*,*,#4015,.T.);
#4015 = EDGE_CURVE('',#4008,#3984,#4016,.T.);
#4016 = LINE('',#4017,#4018);
#4017 = CARTESIAN_POINT('',(78.957057466443,3.355704697987,1.3));
#4018 = VECTOR('',#4019,1.);
#4019 = DIRECTION('',(-1.,0.,0.));
#4020 = ORIENTED_EDGE('',*,*,#3983,.F.);
#4021 = ORIENTED_EDGE('',*,*,#1028,.F.);
#4022 = PLANE('',#4023);
#4023 = AXIS2_PLACEMENT_3D('',#4024,#4025,#4026);
#4024 = CARTESIAN_POINT('',(78.957057466443,3.355704697987,0.8));
#4025 = DIRECTION('',(0.,-1.,0.));
#4026 = DIRECTION('',(-1.,0.,0.));
#4027 = ADVANCED_FACE('',(#4028),#4046,.T.);
#4028 = FACE_BOUND('',#4029,.T.);
#4029 = EDGE_LOOP('',(#4030,#4038,#4044,#4045));
#4030 = ORIENTED_EDGE('',*,*,#4031,.T.);
#4031 = EDGE_CURVE('',#1013,#4032,#4034,.T.);
#4032 = VERTEX_POINT('',#4033);
#4033 = CARTESIAN_POINT('',(80.23872692953,6.166275167785,1.3));
#4034 = LINE('',#4035,#4036);
#4035 = CARTESIAN_POINT('',(80.23872692953,6.166275167785,0.8));
#4036 = VECTOR('',#4037,1.);
#4037 = DIRECTION('',(0.,0.,1.));
#4038 = ORIENTED_EDGE('',*,*,#4039,.T.);
#4039 = EDGE_CURVE('',#4032,#4008,#4040,.T.);
#4040 = LINE('',#4041,#4042);
#4041 = CARTESIAN_POINT('',(80.23872692953,6.166275167785,1.3));
#4042 = VECTOR('',#4043,1.);
#4043 = DIRECTION('',(-0.414912690401,-0.909861230817,0.));
#4044 = ORIENTED_EDGE('',*,*,#4007,.F.);
#4045 = ORIENTED_EDGE('',*,*,#1020,.F.);
#4046 = PLANE('',#4047);
#4047 = AXIS2_PLACEMENT_3D('',#4048,#4049,#4050);
#4048 = CARTESIAN_POINT('',(80.23872692953,6.166275167785,0.8));
#4049 = DIRECTION('',(0.909861230817,-0.414912690401,0.));
#4050 = DIRECTION('',(-0.414912690401,-0.909861230817,0.));
#4051 = ADVANCED_FACE('',(#4052),#4070,.T.);
#4052 = FACE_BOUND('',#4053,.T.);
#4053 = EDGE_LOOP('',(#4054,#4062,#4068,#4069));
#4054 = ORIENTED_EDGE('',*,*,#4055,.T.);
#4055 = EDGE_CURVE('',#1005,#4056,#4058,.T.);
#4056 = VERTEX_POINT('',#4057);
#4057 = CARTESIAN_POINT('',(80.23872692953,6.644295302013,1.3));
#4058 = LINE('',#4059,#4060);
#4059 = CARTESIAN_POINT('',(80.23872692953,6.644295302013,0.8));
#4060 = VECTOR('',#4061,1.);
#4061 = DIRECTION('',(0.,0.,1.));
#4062 = ORIENTED_EDGE('',*,*,#4063,.T.);
#4063 = EDGE_CURVE('',#4056,#4032,#4064,.T.);
#4064 = LINE('',#4065,#4066);
#4065 = CARTESIAN_POINT('',(80.23872692953,6.644295302013,1.3));
#4066 = VECTOR('',#4067,1.);
#4067 = DIRECTION('',(0.,-1.,-0.));
#4068 = ORIENTED_EDGE('',*,*,#4031,.F.);
#4069 = ORIENTED_EDGE('',*,*,#1012,.F.);
#4070 = PLANE('',#4071);
#4071 = AXIS2_PLACEMENT_3D('',#4072,#4073,#4074);
#4072 = CARTESIAN_POINT('',(80.23872692953,6.644295302013,0.8));
#4073 = DIRECTION('',(1.,0.,-0.));
#4074 = DIRECTION('',(0.,-1.,0.));
#4075 = ADVANCED_FACE('',(#4076),#4087,.T.);
#4076 = FACE_BOUND('',#4077,.T.);
#4077 = EDGE_LOOP('',(#4078,#4079,#4085,#4086));
#4078 = ORIENTED_EDGE('',*,*,#3944,.T.);
#4079 = ORIENTED_EDGE('',*,*,#4080,.T.);
#4080 = EDGE_CURVE('',#3937,#4056,#4081,.T.);
#4081 = LINE('',#4082,#4083);
#4082 = CARTESIAN_POINT('',(77.76127307047,6.644295302013,1.3));
#4083 = VECTOR('',#4084,1.);
#4084 = DIRECTION('',(1.,0.,0.));
#4085 = ORIENTED_EDGE('',*,*,#4055,.F.);
#4086 = ORIENTED_EDGE('',*,*,#1004,.F.);
#4087 = PLANE('',#4088);
#4088 = AXIS2_PLACEMENT_3D('',#4089,#4090,#4091);
#4089 = CARTESIAN_POINT('',(77.76127307047,6.644295302013,0.8));
#4090 = DIRECTION('',(0.,1.,0.));
#4091 = DIRECTION('',(1.,0.,0.));
#4092 = ADVANCED_FACE('',(#4093),#4112,.T.);
#4093 = FACE_BOUND('',#4094,.T.);
#4094 = EDGE_LOOP('',(#4095,#4103,#4110,#4111));
#4095 = ORIENTED_EDGE('',*,*,#4096,.T.);
#4096 = EDGE_CURVE('',#1053,#4097,#4099,.T.);
#4097 = VERTEX_POINT('',#4098);
#4098 = CARTESIAN_POINT('',(11.85,15.,8.6));
#4099 = LINE('',#4100,#4101);
#4100 = CARTESIAN_POINT('',(11.85,15.,0.));
#4101 = VECTOR('',#4102,1.);
#4102 = DIRECTION('',(0.,0.,1.));
#4103 = ORIENTED_EDGE('',*,*,#4104,.F.);
#4104 = EDGE_CURVE('',#4097,#4097,#4105,.T.);
#4105 = CIRCLE('',#4106,4.85);
#4106 = AXIS2_PLACEMENT_3D('',#4107,#4108,#4109);
#4107 = CARTESIAN_POINT('',(7.,15.,8.6));
#4108 = DIRECTION('',(0.,0.,1.));
#4109 = DIRECTION('',(1.,0.,-0.));
#4110 = ORIENTED_EDGE('',*,*,#4096,.F.);
#4111 = ORIENTED_EDGE('',*,*,#1052,.T.);
#4112 = CYLINDRICAL_SURFACE('',#4113,4.85);
#4113 = AXIS2_PLACEMENT_3D('',#4114,#4115,#4116);
#4114 = CARTESIAN_POINT('',(7.,15.,0.));
#4115 = DIRECTION('',(0.,0.,1.));
#4116 = DIRECTION('',(1.,0.,-0.));
#4117 = ADVANCED_FACE('',(#4118),#4137,.T.);
#4118 = FACE_BOUND('',#4119,.T.);
#4119 = EDGE_LOOP('',(#4120,#4128,#4135,#4136));
#4120 = ORIENTED_EDGE('',*,*,#4121,.T.);
#4121 = EDGE_CURVE('',#1064,#4122,#4124,.T.);
#4122 = VERTEX_POINT('',#4123);
#4123 = CARTESIAN_POINT('',(23.85,15.,8.6));
#4124 = LINE('',#4125,#4126);
#4125 = CARTESIAN_POINT('',(23.85,15.,0.));
#4126 = VECTOR('',#4127,1.);
#4127 = DIRECTION('',(0.,0.,1.));
#4128 = ORIENTED_EDGE('',*,*,#4129,.F.);
#4129 = EDGE_CURVE('',#4122,#4122,#4130,.T.);
#4130 = CIRCLE('',#4131,4.85);
#4131 = AXIS2_PLACEMENT_3D('',#4132,#4133,#4134);
#4132 = CARTESIAN_POINT('',(19.,15.,8.6));
#4133 = DIRECTION('',(0.,0.,1.));
#4134 = DIRECTION('',(1.,0.,-0.));
#4135 = ORIENTED_EDGE('',*,*,#4121,.F.);
#4136 = ORIENTED_EDGE('',*,*,#1063,.T.);
#4137 = CYLINDRICAL_SURFACE('',#4138,4.85);
#4138 = AXIS2_PLACEMENT_3D('',#4139,#4140,#4141);
#4139 = CARTESIAN_POINT('',(19.,15.,0.));
#4140 = DIRECTION('',(0.,0.,1.));
#4141 = DIRECTION('',(1.,0.,-0.));
#4142 = ADVANCED_FACE('',(#4143),#4162,.T.);
#4143 = FACE_BOUND('',#4144,.T.);
#4144 = EDGE_LOOP('',(#4145,#4153,#4160,#4161));
#4145 = ORIENTED_EDGE('',*,*,#4146,.T.);
#4146 = EDGE_CURVE('',#1075,#4147,#4149,.T.);
#4147 = VERTEX_POINT('',#4148);
#4148 = CARTESIAN_POINT('',(35.85,15.,8.6));
#4149 = LINE('',#4150,#4151);
#4150 = CARTESIAN_POINT('',(35.85,15.,0.));
#4151 = VECTOR('',#4152,1.);
#4152 = DIRECTION('',(0.,0.,1.));
#4153 = ORIENTED_EDGE('',*,*,#4154,.F.);
#4154 = EDGE_CURVE('',#4147,#4147,#4155,.T.);
#4155 = CIRCLE('',#4156,4.85);
#4156 = AXIS2_PLACEMENT_3D('',#4157,#4158,#4159);
#4157 = CARTESIAN_POINT('',(31.,15.,8.6));
#4158 = DIRECTION('',(0.,0.,1.));
#4159 = DIRECTION('',(1.,0.,-0.));
#4160 = ORIENTED_EDGE('',*,*,#4146,.F.);
#4161 = ORIENTED_EDGE('',*,*,#1074,.T.);
#4162 = CYLINDRICAL_SURFACE('',#4163,4.85);
#4163 = AXIS2_PLACEMENT_3D('',#4164,#4165,#4166);
#4164 = CARTESIAN_POINT('',(31.,15.,0.));
#4165 = DIRECTION('',(0.,0.,1.));
#4166 = DIRECTION('',(1.,0.,-0.));
#4167 = ADVANCED_FACE('',(#4168),#4187,.T.);
#4168 = FACE_BOUND('',#4169,.T.);
#4169 = EDGE_LOOP('',(#4170,#4178,#4185,#4186));
#4170 = ORIENTED_EDGE('',*,*,#4171,.T.);
#4171 = EDGE_CURVE('',#1086,#4172,#4174,.T.);
#4172 = VERTEX_POINT('',#4173);
#4173 = CARTESIAN_POINT('',(47.85,15.,8.6));
#4174 = LINE('',#4175,#4176);
#4175 = CARTESIAN_POINT('',(47.85,15.,0.));
#4176 = VECTOR('',#4177,1.);
#4177 = DIRECTION('',(0.,0.,1.));
#4178 = ORIENTED_EDGE('',*,*,#4179,.F.);
#4179 = EDGE_CURVE('',#4172,#4172,#4180,.T.);
#4180 = CIRCLE('',#4181,4.85);
#4181 = AXIS2_PLACEMENT_3D('',#4182,#4183,#4184);
#4182 = CARTESIAN_POINT('',(43.,15.,8.6));
#4183 = DIRECTION('',(0.,0.,1.));
#4184 = DIRECTION('',(1.,0.,-0.));
#4185 = ORIENTED_EDGE('',*,*,#4171,.F.);
#4186 = ORIENTED_EDGE('',*,*,#1085,.T.);
#4187 = CYLINDRICAL_SURFACE('',#4188,4.85);
#4188 = AXIS2_PLACEMENT_3D('',#4189,#4190,#4191);
#4189 = CARTESIAN_POINT('',(43.,15.,0.));
#4190 = DIRECTION('',(0.,0.,1.));
#4191 = DIRECTION('',(1.,0.,-0.));
#4192 = ADVANCED_FACE('',(#4193),#4212,.T.);
#4193 = FACE_BOUND('',#4194,.T.);
#4194 = EDGE_LOOP('',(#4195,#4203,#4210,#4211));
#4195 = ORIENTED_EDGE('',*,*,#4196,.T.);
#4196 = EDGE_CURVE('',#1097,#4197,#4199,.T.);
#4197 = VERTEX_POINT('',#4198);
#4198 = CARTESIAN_POINT('',(59.85,15.,8.6));
#4199 = LINE('',#4200,#4201);
#4200 = CARTESIAN_POINT('',(59.85,15.,0.));
#4201 = VECTOR('',#4202,1.);
#4202 = DIRECTION('',(0.,0.,1.));
#4203 = ORIENTED_EDGE('',*,*,#4204,.F.);
#4204 = EDGE_CURVE('',#4197,#4197,#4205,.T.);
#4205 = CIRCLE('',#4206,4.85);
#4206 = AXIS2_PLACEMENT_3D('',#4207,#4208,#4209);
#4207 = CARTESIAN_POINT('',(55.,15.,8.6));
#4208 = DIRECTION('',(0.,0.,1.));
#4209 = DIRECTION('',(1.,0.,-0.));
#4210 = ORIENTED_EDGE('',*,*,#4196,.F.);
#4211 = ORIENTED_EDGE('',*,*,#1096,.T.);
#4212 = CYLINDRICAL_SURFACE('',#4213,4.85);
#4213 = AXIS2_PLACEMENT_3D('',#4214,#4215,#4216);
#4214 = CARTESIAN_POINT('',(55.,15.,0.));
#4215 = DIRECTION('',(0.,0.,1.));
#4216 = DIRECTION('',(1.,0.,-0.));
#4217 = ADVANCED_FACE('',(#4218),#4237,.T.);
#4218 = FACE_BOUND('',#4219,.T.);
#4219 = EDGE_LOOP('',(#4220,#4228,#4235,#4236));
#4220 = ORIENTED_EDGE('',*,*,#4221,.T.);
#4221 = EDGE_CURVE('',#1108,#4222,#4224,.T.);
#4222 = VERTEX_POINT('',#4223);
#4223 = CARTESIAN_POINT('',(71.85,15.,8.6));
#4224 = LINE('',#4225,#4226);
#4225 = CARTESIAN_POINT('',(71.85,15.,0.));
#4226 = VECTOR('',#4227,1.);
#4227 = DIRECTION('',(0.,0.,1.));
#4228 = ORIENTED_EDGE('',*,*,#4229,.F.);
#4229 = EDGE_CURVE('',#4222,#4222,#4230,.T.);
#4230 = CIRCLE('',#4231,4.85);
#4231 = AXIS2_PLACEMENT_3D('',#4232,#4233,#4234);
#4232 = CARTESIAN_POINT('',(67.,15.,8.6));
#4233 = DIRECTION('',(0.,0.,1.));
#4234 = DIRECTION('',(1.,0.,-0.));
#4235 = ORIENTED_EDGE('',*,*,#4221,.F.);
#4236 = ORIENTED_EDGE('',*,*,#1107,.T.);
#4237 = CYLINDRICAL_SURFACE('',#4238,4.85);
#4238 = AXIS2_PLACEMENT_3D('',#4239,#4240,#4241);
#4239 = CARTESIAN_POINT('',(67.,15.,0.));
#4240 = DIRECTION('',(0.,0.,1.));
#4241 = DIRECTION('',(1.,0.,-0.));
#4242 = ADVANCED_FACE('',(#4243),#4262,.T.);
#4243 = FACE_BOUND('',#4244,.T.);
#4244 = EDGE_LOOP('',(#4245,#4253,#4260,#4261));
#4245 = ORIENTED_EDGE('',*,*,#4246,.T.);
#4246 = EDGE_CURVE('',#1119,#4247,#4249,.T.);
#4247 = VERTEX_POINT('',#4248);
#4248 = CARTESIAN_POINT('',(83.85,15.,8.6));
#4249 = LINE('',#4250,#4251);
#4250 = CARTESIAN_POINT('',(83.85,15.,0.));
#4251 = VECTOR('',#4252,1.);
#4252 = DIRECTION('',(0.,0.,1.));
#4253 = ORIENTED_EDGE('',*,*,#4254,.F.);
#4254 = EDGE_CURVE('',#4247,#4247,#4255,.T.);
#4255 = CIRCLE('',#4256,4.85);
#4256 = AXIS2_PLACEMENT_3D('',#4257,#4258,#4259);
#4257 = CARTESIAN_POINT('',(79.,15.,8.6));
#4258 = DIRECTION('',(0.,0.,1.));
#4259 = DIRECTION('',(1.,0.,-0.));
#4260 = ORIENTED_EDGE('',*,*,#4246,.F.);
#4261 = ORIENTED_EDGE('',*,*,#1118,.T.);
#4262 = CYLINDRICAL_SURFACE('',#4263,4.85);
#4263 = AXIS2_PLACEMENT_3D('',#4264,#4265,#4266);
#4264 = CARTESIAN_POINT('',(79.,15.,0.));
#4265 = DIRECTION('',(0.,0.,1.));
#4266 = DIRECTION('',(1.,0.,-0.));
#4267 = ADVANCED_FACE('',(#4268),#4281,.T.);
#4268 = FACE_BOUND('',#4269,.F.);
#4269 = EDGE_LOOP('',(#4270,#4271,#4272,#4273,#4274,#4275,#4276,#4277,
    #4278,#4279,#4280));
#4270 = ORIENTED_EDGE('',*,*,#1232,.T.);
#4271 = ORIENTED_EDGE('',*,*,#1280,.T.);
#4272 = ORIENTED_EDGE('',*,*,#1328,.T.);
#4273 = ORIENTED_EDGE('',*,*,#1376,.T.);
#4274 = ORIENTED_EDGE('',*,*,#1424,.T.);
#4275 = ORIENTED_EDGE('',*,*,#1407,.T.);
#4276 = ORIENTED_EDGE('',*,*,#1359,.T.);
#4277 = ORIENTED_EDGE('',*,*,#1311,.T.);
#4278 = ORIENTED_EDGE('',*,*,#1263,.T.);
#4279 = ORIENTED_EDGE('',*,*,#1215,.T.);
#4280 = ORIENTED_EDGE('',*,*,#1184,.T.);
#4281 = PLANE('',#4282);
#4282 = AXIS2_PLACEMENT_3D('',#4283,#4284,#4285);
#4283 = CARTESIAN_POINT('',(6.878634131115,4.832322554366,1.3));
#4284 = DIRECTION('',(0.,0.,1.));
#4285 = DIRECTION('',(1.,0.,-0.));
#4286 = ADVANCED_FACE('',(#4287),#4308,.T.);
#4287 = FACE_BOUND('',#4288,.F.);
#4288 = EDGE_LOOP('',(#4289,#4290,#4291,#4292,#4293,#4294,#4295,#4296,
    #4297,#4298,#4299,#4300,#4301,#4302,#4303,#4304,#4305,#4306,#4307));
#4289 = ORIENTED_EDGE('',*,*,#1498,.T.);
#4290 = ORIENTED_EDGE('',*,*,#1548,.T.);
#4291 = ORIENTED_EDGE('',*,*,#1598,.T.);
#4292 = ORIENTED_EDGE('',*,*,#1648,.T.);
#4293 = ORIENTED_EDGE('',*,*,#1698,.T.);
#4294 = ORIENTED_EDGE('',*,*,#1748,.T.);
#4295 = ORIENTED_EDGE('',*,*,#1798,.T.);
#4296 = ORIENTED_EDGE('',*,*,#1850,.T.);
#4297 = ORIENTED_EDGE('',*,*,#1902,.T.);
#4298 = ORIENTED_EDGE('',*,*,#1883,.T.);
#4299 = ORIENTED_EDGE('',*,*,#1831,.T.);
#4300 = ORIENTED_EDGE('',*,*,#1781,.T.);
#4301 = ORIENTED_EDGE('',*,*,#1729,.T.);
#4302 = ORIENTED_EDGE('',*,*,#1679,.T.);
#4303 = ORIENTED_EDGE('',*,*,#1629,.T.);
#4304 = ORIENTED_EDGE('',*,*,#1579,.T.);
#4305 = ORIENTED_EDGE('',*,*,#1529,.T.);
#4306 = ORIENTED_EDGE('',*,*,#1479,.T.);
#4307 = ORIENTED_EDGE('',*,*,#1448,.T.);
#4308 = PLANE('',#4309);
#4309 = AXIS2_PLACEMENT_3D('',#4310,#4311,#4312);
#4310 = CARTESIAN_POINT('',(19.014355389948,4.889960922456,1.3));
#4311 = DIRECTION('',(0.,0.,1.));
#4312 = DIRECTION('',(1.,0.,-0.));
#4313 = ADVANCED_FACE('',(#4314),#4345,.T.);
#4314 = FACE_BOUND('',#4315,.F.);
#4315 = EDGE_LOOP('',(#4316,#4317,#4318,#4319,#4320,#4321,#4322,#4323,
    #4324,#4325,#4326,#4327,#4328,#4329,#4330,#4331,#4332,#4333,#4334,
    #4335,#4336,#4337,#4338,#4339,#4340,#4341,#4342,#4343,#4344));
#4316 = ORIENTED_EDGE('',*,*,#1980,.T.);
#4317 = ORIENTED_EDGE('',*,*,#2032,.T.);
#4318 = ORIENTED_EDGE('',*,*,#2084,.T.);
#4319 = ORIENTED_EDGE('',*,*,#2136,.T.);
#4320 = ORIENTED_EDGE('',*,*,#2188,.T.);
#4321 = ORIENTED_EDGE('',*,*,#2238,.T.);
#4322 = ORIENTED_EDGE('',*,*,#2290,.T.);
#4323 = ORIENTED_EDGE('',*,*,#2340,.T.);
#4324 = ORIENTED_EDGE('',*,*,#2392,.T.);
#4325 = ORIENTED_EDGE('',*,*,#2444,.T.);
#4326 = ORIENTED_EDGE('',*,*,#2496,.T.);
#4327 = ORIENTED_EDGE('',*,*,#2548,.T.);
#4328 = ORIENTED_EDGE('',*,*,#2598,.T.);
#4329 = ORIENTED_EDGE('',*,*,#2648,.T.);
#4330 = ORIENTED_EDGE('',*,*,#2631,.T.);
#4331 = ORIENTED_EDGE('',*,*,#2581,.T.);
#4332 = ORIENTED_EDGE('',*,*,#2529,.T.);
#4333 = ORIENTED_EDGE('',*,*,#2477,.T.);
#4334 = ORIENTED_EDGE('',*,*,#2425,.T.);
#4335 = ORIENTED_EDGE('',*,*,#2373,.T.);
#4336 = ORIENTED_EDGE('',*,*,#2321,.T.);
#4337 = ORIENTED_EDGE('',*,*,#2271,.T.);
#4338 = ORIENTED_EDGE('',*,*,#2221,.T.);
#4339 = ORIENTED_EDGE('',*,*,#2169,.T.);
#4340 = ORIENTED_EDGE('',*,*,#2117,.T.);
#4341 = ORIENTED_EDGE('',*,*,#2065,.T.);
#4342 = ORIENTED_EDGE('',*,*,#2013,.T.);
#4343 = ORIENTED_EDGE('',*,*,#1961,.T.);
#4344 = ORIENTED_EDGE('',*,*,#1928,.T.);
#4345 = PLANE('',#4346);
#4346 = AXIS2_PLACEMENT_3D('',#4347,#4348,#4349);
#4347 = CARTESIAN_POINT('',(30.999649669538,4.980389411197,1.3));
#4348 = DIRECTION('',(0.,0.,1.));
#4349 = DIRECTION('',(1.,0.,-0.));
#4350 = ADVANCED_FACE('',(#4351,#4364),#4390,.T.);
#4351 = FACE_BOUND('',#4352,.F.);
#4352 = EDGE_LOOP('',(#4353,#4354,#4355,#4356,#4357,#4358,#4359,#4360,
    #4361,#4362,#4363));
#4353 = ORIENTED_EDGE('',*,*,#2720,.T.);
#4354 = ORIENTED_EDGE('',*,*,#2768,.T.);
#4355 = ORIENTED_EDGE('',*,*,#2816,.T.);
#4356 = ORIENTED_EDGE('',*,*,#2864,.T.);
#4357 = ORIENTED_EDGE('',*,*,#2912,.T.);
#4358 = ORIENTED_EDGE('',*,*,#2895,.T.);
#4359 = ORIENTED_EDGE('',*,*,#2847,.T.);
#4360 = ORIENTED_EDGE('',*,*,#2799,.T.);
#4361 = ORIENTED_EDGE('',*,*,#2751,.T.);
#4362 = ORIENTED_EDGE('',*,*,#2703,.T.);
#4363 = ORIENTED_EDGE('',*,*,#2672,.T.);
#4364 = FACE_BOUND('',#4365,.F.);
#4365 = EDGE_LOOP('',(#4366,#4376,#4384));
#4366 = ORIENTED_EDGE('',*,*,#4367,.T.);
#4367 = EDGE_CURVE('',#4368,#4370,#4372,.T.);
#4368 = VERTEX_POINT('',#4369);
#4369 = CARTESIAN_POINT('',(43.093592701342,5.945469798658,1.3));
#4370 = VERTEX_POINT('',#4371);
#4371 = CARTESIAN_POINT('',(42.164272231544,4.567785234899,1.3));
#4372 = LINE('',#4373,#4374);
#4373 = CARTESIAN_POINT('',(43.093592701342,5.945469798658,1.3));
#4374 = VECTOR('',#4375,1.);
#4375 = DIRECTION('',(-0.559217924246,-0.82902069528,0.));
#4376 = ORIENTED_EDGE('',*,*,#4377,.T.);
#4377 = EDGE_CURVE('',#4370,#4378,#4380,.T.);
#4378 = VERTEX_POINT('',#4379);
#4379 = CARTESIAN_POINT('',(43.093592701342,4.567785234899,1.3));
#4380 = LINE('',#4381,#4382);
#4381 = CARTESIAN_POINT('',(42.164272231544,4.567785234899,1.3));
#4382 = VECTOR('',#4383,1.);
#4383 = DIRECTION('',(1.,0.,0.));
#4384 = ORIENTED_EDGE('',*,*,#4385,.T.);
#4385 = EDGE_CURVE('',#4378,#4368,#4386,.T.);
#4386 = LINE('',#4387,#4388);
#4387 = CARTESIAN_POINT('',(43.093592701342,4.567785234899,1.3));
#4388 = VECTOR('',#4389,1.);
#4389 = DIRECTION('',(0.,1.,0.));
#4390 = PLANE('',#4391);
#4391 = AXIS2_PLACEMENT_3D('',#4392,#4393,#4394);
#4392 = CARTESIAN_POINT('',(43.048091440434,4.911447268064,1.3));
#4393 = DIRECTION('',(0.,0.,1.));
#4394 = DIRECTION('',(1.,0.,-0.));
#4395 = ADVANCED_FACE('',(#4396),#4420,.T.);
#4396 = FACE_BOUND('',#4397,.F.);
#4397 = EDGE_LOOP('',(#4398,#4399,#4400,#4401,#4402,#4403,#4404,#4405,
    #4406,#4407,#4408,#4409,#4410,#4411,#4412,#4413,#4414,#4415,#4416,
    #4417,#4418,#4419));
#4398 = ORIENTED_EDGE('',*,*,#2986,.T.);
#4399 = ORIENTED_EDGE('',*,*,#3036,.T.);
#4400 = ORIENTED_EDGE('',*,*,#3086,.T.);
#4401 = ORIENTED_EDGE('',*,*,#3136,.T.);
#4402 = ORIENTED_EDGE('',*,*,#3186,.T.);
#4403 = ORIENTED_EDGE('',*,*,#3238,.T.);
#4404 = ORIENTED_EDGE('',*,*,#3290,.T.);
#4405 = ORIENTED_EDGE('',*,*,#3342,.T.);
#4406 = ORIENTED_EDGE('',*,*,#3392,.T.);
#4407 = ORIENTED_EDGE('',*,*,#3444,.T.);
#4408 = ORIENTED_EDGE('',*,*,#3470,.T.);
#4409 = ORIENTED_EDGE('',*,*,#3425,.T.);
#4410 = ORIENTED_EDGE('',*,*,#3375,.T.);
#4411 = ORIENTED_EDGE('',*,*,#3323,.T.);
#4412 = ORIENTED_EDGE('',*,*,#3271,.T.);
#4413 = ORIENTED_EDGE('',*,*,#3219,.T.);
#4414 = ORIENTED_EDGE('',*,*,#3167,.T.);
#4415 = ORIENTED_EDGE('',*,*,#3117,.T.);
#4416 = ORIENTED_EDGE('',*,*,#3067,.T.);
#4417 = ORIENTED_EDGE('',*,*,#3017,.T.);
#4418 = ORIENTED_EDGE('',*,*,#2967,.T.);
#4419 = ORIENTED_EDGE('',*,*,#2936,.T.);
#4420 = PLANE('',#4421);
#4421 = AXIS2_PLACEMENT_3D('',#4422,#4423,#4424);
#4422 = CARTESIAN_POINT('',(54.923359922267,5.063301009687,1.3));
#4423 = DIRECTION('',(0.,0.,1.));
#4424 = DIRECTION('',(1.,0.,-0.));
#4425 = ADVANCED_FACE('',(#4426,#4445),#4511,.T.);
#4426 = FACE_BOUND('',#4427,.F.);
#4427 = EDGE_LOOP('',(#4428,#4429,#4430,#4431,#4432,#4433,#4434,#4435,
    #4436,#4437,#4438,#4439,#4440,#4441,#4442,#4443,#4444));
#4428 = ORIENTED_EDGE('',*,*,#3548,.T.);
#4429 = ORIENTED_EDGE('',*,*,#3598,.T.);
#4430 = ORIENTED_EDGE('',*,*,#3650,.T.);
#4431 = ORIENTED_EDGE('',*,*,#3702,.T.);
#4432 = ORIENTED_EDGE('',*,*,#3754,.T.);
#4433 = ORIENTED_EDGE('',*,*,#3806,.T.);
#4434 = ORIENTED_EDGE('',*,*,#3858,.T.);
#4435 = ORIENTED_EDGE('',*,*,#3910,.T.);
#4436 = ORIENTED_EDGE('',*,*,#3891,.T.);
#4437 = ORIENTED_EDGE('',*,*,#3839,.T.);
#4438 = ORIENTED_EDGE('',*,*,#3787,.T.);
#4439 = ORIENTED_EDGE('',*,*,#3735,.T.);
#4440 = ORIENTED_EDGE('',*,*,#3683,.T.);
#4441 = ORIENTED_EDGE('',*,*,#3631,.T.);
#4442 = ORIENTED_EDGE('',*,*,#3579,.T.);
#4443 = ORIENTED_EDGE('',*,*,#3529,.T.);
#4444 = ORIENTED_EDGE('',*,*,#3496,.T.);
#4445 = FACE_BOUND('',#4446,.F.);
#4446 = EDGE_LOOP('',(#4447,#4457,#4465,#4473,#4481,#4489,#4497,#4505));
#4447 = ORIENTED_EDGE('',*,*,#4448,.T.);
#4448 = EDGE_CURVE('',#4449,#4451,#4453,.T.);
#4449 = VERTEX_POINT('',#4450);
#4450 = CARTESIAN_POINT('',(67.044043624161,4.985906040268,1.3));
#4451 = VERTEX_POINT('',#4452);
#4452 = CARTESIAN_POINT('',(66.710339765101,4.84144295302,1.3));
#4453 = B_SPLINE_CURVE_WITH_KNOTS('',2,(#4454,#4455,#4456),
  .UNSPECIFIED.,.F.,.F.,(3,3),(0.,1.),.PIECEWISE_BEZIER_KNOTS.);
#4454 = CARTESIAN_POINT('',(67.044043624161,4.985906040268,1.3));
#4455 = CARTESIAN_POINT('',(66.821623322148,4.985906040268,1.3));
#4456 = CARTESIAN_POINT('',(66.710339765101,4.84144295302,1.3));
#4457 = ORIENTED_EDGE('',*,*,#4458,.T.);
#4458 = EDGE_CURVE('',#4451,#4459,#4461,.T.);
#4459 = VERTEX_POINT('',#4460);
#4460 = CARTESIAN_POINT('',(66.599203020134,4.408053691275,1.3));
#4461 = B_SPLINE_CURVE_WITH_KNOTS('',2,(#4462,#4463,#4464),
  .UNSPECIFIED.,.F.,.F.,(3,3),(0.,1.),.PIECEWISE_BEZIER_KNOTS.);
#4462 = CARTESIAN_POINT('',(66.710339765101,4.84144295302,1.3));
#4463 = CARTESIAN_POINT('',(66.599203020134,4.696979865772,1.3));
#4464 = CARTESIAN_POINT('',(66.599203020134,4.408053691275,1.3));
#4465 = ORIENTED_EDGE('',*,*,#4466,.T.);
#4466 = EDGE_CURVE('',#4459,#4467,#4469,.T.);
#4467 = VERTEX_POINT('',#4468);
#4468 = CARTESIAN_POINT('',(66.710339765101,3.97466442953,1.3));
#4469 = B_SPLINE_CURVE_WITH_KNOTS('',2,(#4470,#4471,#4472),
  .UNSPECIFIED.,.F.,.F.,(3,3),(0.,1.),.PIECEWISE_BEZIER_KNOTS.);
#4470 = CARTESIAN_POINT('',(66.599203020134,4.408053691275,1.3));
#4471 = CARTESIAN_POINT('',(66.599203020134,4.119127516779,1.3));
#4472 = CARTESIAN_POINT('',(66.710339765101,3.97466442953,1.3));
#4473 = ORIENTED_EDGE('',*,*,#4474,.T.);
#4474 = EDGE_CURVE('',#4467,#4475,#4477,.T.);
#4475 = VERTEX_POINT('',#4476);
#4476 = CARTESIAN_POINT('',(67.044043624161,3.830201342282,1.3));
#4477 = B_SPLINE_CURVE_WITH_KNOTS('',2,(#4478,#4479,#4480),
  .UNSPECIFIED.,.F.,.F.,(3,3),(0.,1.),.PIECEWISE_BEZIER_KNOTS.);
#4478 = CARTESIAN_POINT('',(66.710339765101,3.97466442953,1.3));
#4479 = CARTESIAN_POINT('',(66.821623322148,3.830201342282,1.3));
#4480 = CARTESIAN_POINT('',(67.044043624161,3.830201342282,1.3));
#4481 = ORIENTED_EDGE('',*,*,#4482,.T.);
#4482 = EDGE_CURVE('',#4475,#4483,#4485,.T.);
#4483 = VERTEX_POINT('',#4484);
#4484 = CARTESIAN_POINT('',(67.379802852349,3.97466442953,1.3));
#4485 = B_SPLINE_CURVE_WITH_KNOTS('',2,(#4486,#4487,#4488),
  .UNSPECIFIED.,.F.,.F.,(3,3),(0.,1.),.PIECEWISE_BEZIER_KNOTS.);
#4486 = CARTESIAN_POINT('',(67.044043624161,3.830201342282,1.3));
#4487 = CARTESIAN_POINT('',(67.268666107383,3.830201342282,1.3));
#4488 = CARTESIAN_POINT('',(67.379802852349,3.97466442953,1.3));
#4489 = ORIENTED_EDGE('',*,*,#4490,.T.);
#4490 = EDGE_CURVE('',#4483,#4491,#4493,.T.);
#4491 = VERTEX_POINT('',#4492);
#4492 = CARTESIAN_POINT('',(67.491086409396,4.408053691275,1.3));
#4493 = B_SPLINE_CURVE_WITH_KNOTS('',2,(#4494,#4495,#4496),
  .UNSPECIFIED.,.F.,.F.,(3,3),(0.,1.),.PIECEWISE_BEZIER_KNOTS.);
#4494 = CARTESIAN_POINT('',(67.379802852349,3.97466442953,1.3));
#4495 = CARTESIAN_POINT('',(67.491086409396,4.119127516779,1.3));
#4496 = CARTESIAN_POINT('',(67.491086409396,4.408053691275,1.3));
#4497 = ORIENTED_EDGE('',*,*,#4498,.T.);
#4498 = EDGE_CURVE('',#4491,#4499,#4501,.T.);
#4499 = VERTEX_POINT('',#4500);
#4500 = CARTESIAN_POINT('',(67.379802852349,4.84144295302,1.3));
#4501 = B_SPLINE_CURVE_WITH_KNOTS('',2,(#4502,#4503,#4504),
  .UNSPECIFIED.,.F.,.F.,(3,3),(0.,1.),.PIECEWISE_BEZIER_KNOTS.);
#4502 = CARTESIAN_POINT('',(67.491086409396,4.408053691275,1.3));
#4503 = CARTESIAN_POINT('',(67.491086409396,4.696979865772,1.3));
#4504 = CARTESIAN_POINT('',(67.379802852349,4.84144295302,1.3));
#4505 = ORIENTED_EDGE('',*,*,#4506,.T.);
#4506 = EDGE_CURVE('',#4499,#4449,#4507,.T.);
#4507 = B_SPLINE_CURVE_WITH_KNOTS('',2,(#4508,#4509,#4510),
  .UNSPECIFIED.,.F.,.F.,(3,3),(0.,1.),.PIECEWISE_BEZIER_KNOTS.);
#4508 = CARTESIAN_POINT('',(67.379802852349,4.84144295302,1.3));
#4509 = CARTESIAN_POINT('',(67.268666107383,4.985906040268,1.3));
#4510 = CARTESIAN_POINT('',(67.044043624161,4.985906040268,1.3));
#4511 = PLANE('',#4512);
#4512 = AXIS2_PLACEMENT_3D('',#4513,#4514,#4515);
#4513 = CARTESIAN_POINT('',(67.039344623718,5.030025079091,1.3));
#4514 = DIRECTION('',(0.,0.,1.));
#4515 = DIRECTION('',(1.,0.,-0.));
#4516 = ADVANCED_FACE('',(#4517),#4526,.T.);
#4517 = FACE_BOUND('',#4518,.F.);
#4518 = EDGE_LOOP('',(#4519,#4520,#4521,#4522,#4523,#4524,#4525));
#4519 = ORIENTED_EDGE('',*,*,#4080,.T.);
#4520 = ORIENTED_EDGE('',*,*,#4063,.T.);
#4521 = ORIENTED_EDGE('',*,*,#4039,.T.);
#4522 = ORIENTED_EDGE('',*,*,#4015,.T.);
#4523 = ORIENTED_EDGE('',*,*,#3991,.T.);
#4524 = ORIENTED_EDGE('',*,*,#3967,.T.);
#4525 = ORIENTED_EDGE('',*,*,#3936,.T.);
#4526 = PLANE('',#4527);
#4527 = AXIS2_PLACEMENT_3D('',#4528,#4529,#4530);
#4528 = CARTESIAN_POINT('',(78.984871030161,5.348959721681,1.3));
#4529 = DIRECTION('',(0.,0.,1.));
#4530 = DIRECTION('',(1.,0.,-0.));
#4531 = ADVANCED_FACE('',(#4532,#4535),#4546,.T.);
#4532 = FACE_BOUND('',#4533,.T.);
#4533 = EDGE_LOOP('',(#4534));
#4534 = ORIENTED_EDGE('',*,*,#4104,.T.);
#4535 = FACE_BOUND('',#4536,.T.);
#4536 = EDGE_LOOP('',(#4537));
#4537 = ORIENTED_EDGE('',*,*,#4538,.F.);
#4538 = EDGE_CURVE('',#4539,#4539,#4541,.T.);
#4539 = VERTEX_POINT('',#4540);
#4540 = CARTESIAN_POINT('',(10.375,15.,8.6));
#4541 = CIRCLE('',#4542,3.375);
#4542 = AXIS2_PLACEMENT_3D('',#4543,#4544,#4545);
#4543 = CARTESIAN_POINT('',(7.,15.,8.6));
#4544 = DIRECTION('',(0.,0.,1.));
#4545 = DIRECTION('',(1.,0.,-0.));
#4546 = PLANE('',#4547);
#4547 = AXIS2_PLACEMENT_3D('',#4548,#4549,#4550);
#4548 = CARTESIAN_POINT('',(7.,15.,8.6));
#4549 = DIRECTION('',(0.,0.,1.));
#4550 = DIRECTION('',(1.,0.,-0.));
#4551 = ADVANCED_FACE('',(#4552,#4555),#4566,.T.);
#4552 = FACE_BOUND('',#4553,.T.);
#4553 = EDGE_LOOP('',(#4554));
#4554 = ORIENTED_EDGE('',*,*,#4129,.T.);
#4555 = FACE_BOUND('',#4556,.T.);
#4556 = EDGE_LOOP('',(#4557));
#4557 = ORIENTED_EDGE('',*,*,#4558,.F.);
#4558 = EDGE_CURVE('',#4559,#4559,#4561,.T.);
#4559 = VERTEX_POINT('',#4560);
#4560 = CARTESIAN_POINT('',(22.4,15.,8.6));
#4561 = CIRCLE('',#4562,3.4);
#4562 = AXIS2_PLACEMENT_3D('',#4563,#4564,#4565);
#4563 = CARTESIAN_POINT('',(19.,15.,8.6));
#4564 = DIRECTION('',(0.,0.,1.));
#4565 = DIRECTION('',(1.,0.,-0.));
#4566 = PLANE('',#4567);
#4567 = AXIS2_PLACEMENT_3D('',#4568,#4569,#4570);
#4568 = CARTESIAN_POINT('',(19.,15.,8.6));
#4569 = DIRECTION('',(0.,0.,1.));
#4570 = DIRECTION('',(1.,0.,-0.));
#4571 = ADVANCED_FACE('',(#4572,#4575),#4586,.T.);
#4572 = FACE_BOUND('',#4573,.T.);
#4573 = EDGE_LOOP('',(#4574));
#4574 = ORIENTED_EDGE('',*,*,#4154,.T.);
#4575 = FACE_BOUND('',#4576,.T.);
#4576 = EDGE_LOOP('',(#4577));
#4577 = ORIENTED_EDGE('',*,*,#4578,.F.);
#4578 = EDGE_CURVE('',#4579,#4579,#4581,.T.);
#4579 = VERTEX_POINT('',#4580);
#4580 = CARTESIAN_POINT('',(34.425,15.,8.6));
#4581 = CIRCLE('',#4582,3.425);
#4582 = AXIS2_PLACEMENT_3D('',#4583,#4584,#4585);
#4583 = CARTESIAN_POINT('',(31.,15.,8.6));
#4584 = DIRECTION('',(0.,0.,1.));
#4585 = DIRECTION('',(1.,0.,-0.));
#4586 = PLANE('',#4587);
#4587 = AXIS2_PLACEMENT_3D('',#4588,#4589,#4590);
#4588 = CARTESIAN_POINT('',(31.,15.,8.6));
#4589 = DIRECTION('',(0.,0.,1.));
#4590 = DIRECTION('',(1.,0.,-0.));
#4591 = ADVANCED_FACE('',(#4592,#4595),#4606,.T.);
#4592 = FACE_BOUND('',#4593,.T.);
#4593 = EDGE_LOOP('',(#4594));
#4594 = ORIENTED_EDGE('',*,*,#4179,.T.);
#4595 = FACE_BOUND('',#4596,.T.);
#4596 = EDGE_LOOP('',(#4597));
#4597 = ORIENTED_EDGE('',*,*,#4598,.F.);
#4598 = EDGE_CURVE('',#4599,#4599,#4601,.T.);
#4599 = VERTEX_POINT('',#4600);
#4600 = CARTESIAN_POINT('',(46.45,15.,8.6));
#4601 = CIRCLE('',#4602,3.45);
#4602 = AXIS2_PLACEMENT_3D('',#4603,#4604,#4605);
#4603 = CARTESIAN_POINT('',(43.,15.,8.6));
#4604 = DIRECTION('',(0.,0.,1.));
#4605 = DIRECTION('',(1.,0.,-0.));
#4606 = PLANE('',#4607);
#4607 = AXIS2_PLACEMENT_3D('',#4608,#4609,#4610);
#4608 = CARTESIAN_POINT('',(43.,15.,8.6));
#4609 = DIRECTION('',(0.,0.,1.));
#4610 = DIRECTION('',(1.,0.,-0.));
#4611 = ADVANCED_FACE('',(#4612,#4615),#4626,.T.);
#4612 = FACE_BOUND('',#4613,.T.);
#4613 = EDGE_LOOP('',(#4614));
#4614 = ORIENTED_EDGE('',*,*,#4204,.T.);
#4615 = FACE_BOUND('',#4616,.T.);
#4616 = EDGE_LOOP('',(#4617));
#4617 = ORIENTED_EDGE('',*,*,#4618,.F.);
#4618 = EDGE_CURVE('',#4619,#4619,#4621,.T.);
#4619 = VERTEX_POINT('',#4620);
#4620 = CARTESIAN_POINT('',(58.475,15.,8.6));
#4621 = CIRCLE('',#4622,3.475);
#4622 = AXIS2_PLACEMENT_3D('',#4623,#4624,#4625);
#4623 = CARTESIAN_POINT('',(55.,15.,8.6));
#4624 = DIRECTION('',(0.,0.,1.));
#4625 = DIRECTION('',(1.,0.,-0.));
#4626 = PLANE('',#4627);
#4627 = AXIS2_PLACEMENT_3D('',#4628,#4629,#4630);
#4628 = CARTESIAN_POINT('',(55.,15.,8.6));
#4629 = DIRECTION('',(0.,0.,1.));
#4630 = DIRECTION('',(1.,0.,-0.));
#4631 = ADVANCED_FACE('',(#4632,#4635),#4646,.T.);
#4632 = FACE_BOUND('',#4633,.T.);
#4633 = EDGE_LOOP('',(#4634));
#4634 = ORIENTED_EDGE('',*,*,#4229,.T.);
#4635 = FACE_BOUND('',#4636,.T.);
#4636 = EDGE_LOOP('',(#4637));
#4637 = ORIENTED_EDGE('',*,*,#4638,.F.);
#4638 = EDGE_CURVE('',#4639,#4639,#4641,.T.);
#4639 = VERTEX_POINT('',#4640);
#4640 = CARTESIAN_POINT('',(70.5,15.,8.6));
#4641 = CIRCLE('',#4642,3.5);
#4642 = AXIS2_PLACEMENT_3D('',#4643,#4644,#4645);
#4643 = CARTESIAN_POINT('',(67.,15.,8.6));
#4644 = DIRECTION('',(0.,0.,1.));
#4645 = DIRECTION('',(1.,0.,-0.));
#4646 = PLANE('',#4647);
#4647 = AXIS2_PLACEMENT_3D('',#4648,#4649,#4650);
#4648 = CARTESIAN_POINT('',(67.,15.,8.6));
#4649 = DIRECTION('',(0.,0.,1.));
#4650 = DIRECTION('',(1.,0.,-0.));
#4651 = ADVANCED_FACE('',(#4652,#4655),#4666,.T.);
#4652 = FACE_BOUND('',#4653,.T.);
#4653 = EDGE_LOOP('',(#4654));
#4654 = ORIENTED_EDGE('',*,*,#4254,.T.);
#4655 = FACE_BOUND('',#4656,.T.);
#4656 = EDGE_LOOP('',(#4657));
#4657 = ORIENTED_EDGE('',*,*,#4658,.F.);
#4658 = EDGE_CURVE('',#4659,#4659,#4661,.T.);
#4659 = VERTEX_POINT('',#4660);
#4660 = CARTESIAN_POINT('',(82.525,15.,8.6));
#4661 = CIRCLE('',#4662,3.525);
#4662 = AXIS2_PLACEMENT_3D('',#4663,#4664,#4665);
#4663 = CARTESIAN_POINT('',(79.,15.,8.6));
#4664 = DIRECTION('',(0.,0.,1.));
#4665 = DIRECTION('',(1.,0.,-0.));
#4666 = PLANE('',#4667);
#4667 = AXIS2_PLACEMENT_3D('',#4668,#4669,#4670);
#4668 = CARTESIAN_POINT('',(79.,15.,8.6));
#4669 = DIRECTION('',(0.,0.,1.));
#4670 = DIRECTION('',(1.,0.,-0.));
#4671 = ADVANCED_FACE('',(#4672),#4697,.T.);
#4672 = FACE_BOUND('',#4673,.T.);
#4673 = EDGE_LOOP('',(#4674,#4682,#4683,#4691));
#4674 = ORIENTED_EDGE('',*,*,#4675,.T.);
#4675 = EDGE_CURVE('',#4676,#4368,#4678,.T.);
#4676 = VERTEX_POINT('',#4677);
#4677 = CARTESIAN_POINT('',(43.093592701342,5.945469798658,0.8));
#4678 = LINE('',#4679,#4680);
#4679 = CARTESIAN_POINT('',(43.093592701342,5.945469798658,0.8));
#4680 = VECTOR('',#4681,1.);
#4681 = DIRECTION('',(0.,0.,1.));
#4682 = ORIENTED_EDGE('',*,*,#4367,.T.);
#4683 = ORIENTED_EDGE('',*,*,#4684,.F.);
#4684 = EDGE_CURVE('',#4685,#4370,#4687,.T.);
#4685 = VERTEX_POINT('',#4686);
#4686 = CARTESIAN_POINT('',(42.164272231544,4.567785234899,0.8));
#4687 = LINE('',#4688,#4689);
#4688 = CARTESIAN_POINT('',(42.164272231544,4.567785234899,0.8));
#4689 = VECTOR('',#4690,1.);
#4690 = DIRECTION('',(0.,0.,1.));
#4691 = ORIENTED_EDGE('',*,*,#4692,.F.);
#4692 = EDGE_CURVE('',#4676,#4685,#4693,.T.);
#4693 = LINE('',#4694,#4695);
#4694 = CARTESIAN_POINT('',(43.093592701342,5.945469798658,0.8));
#4695 = VECTOR('',#4696,1.);
#4696 = DIRECTION('',(-0.559217924246,-0.82902069528,0.));
#4697 = PLANE('',#4698);
#4698 = AXIS2_PLACEMENT_3D('',#4699,#4700,#4701);
#4699 = CARTESIAN_POINT('',(43.093592701342,5.945469798658,0.8));
#4700 = DIRECTION('',(0.82902069528,-0.559217924246,0.));
#4701 = DIRECTION('',(-0.559217924246,-0.82902069528,0.));
#4702 = ADVANCED_FACE('',(#4703),#4721,.T.);
#4703 = FACE_BOUND('',#4704,.T.);
#4704 = EDGE_LOOP('',(#4705,#4706,#4707,#4715));
#4705 = ORIENTED_EDGE('',*,*,#4684,.T.);
#4706 = ORIENTED_EDGE('',*,*,#4377,.T.);
#4707 = ORIENTED_EDGE('',*,*,#4708,.F.);
#4708 = EDGE_CURVE('',#4709,#4378,#4711,.T.);
#4709 = VERTEX_POINT('',#4710);
#4710 = CARTESIAN_POINT('',(43.093592701342,4.567785234899,0.8));
#4711 = LINE('',#4712,#4713);
#4712 = CARTESIAN_POINT('',(43.093592701342,4.567785234899,0.8));
#4713 = VECTOR('',#4714,1.);
#4714 = DIRECTION('',(0.,0.,1.));
#4715 = ORIENTED_EDGE('',*,*,#4716,.F.);
#4716 = EDGE_CURVE('',#4685,#4709,#4717,.T.);
#4717 = LINE('',#4718,#4719);
#4718 = CARTESIAN_POINT('',(42.164272231544,4.567785234899,0.8));
#4719 = VECTOR('',#4720,1.);
#4720 = DIRECTION('',(1.,0.,0.));
#4721 = PLANE('',#4722);
#4722 = AXIS2_PLACEMENT_3D('',#4723,#4724,#4725);
#4723 = CARTESIAN_POINT('',(42.164272231544,4.567785234899,0.8));
#4724 = DIRECTION('',(0.,1.,0.));
#4725 = DIRECTION('',(1.,0.,0.));
#4726 = ADVANCED_FACE('',(#4727),#4738,.T.);
#4727 = FACE_BOUND('',#4728,.T.);
#4728 = EDGE_LOOP('',(#4729,#4730,#4731,#4732));
#4729 = ORIENTED_EDGE('',*,*,#4708,.T.);
#4730 = ORIENTED_EDGE('',*,*,#4385,.T.);
#4731 = ORIENTED_EDGE('',*,*,#4675,.F.);
#4732 = ORIENTED_EDGE('',*,*,#4733,.F.);
#4733 = EDGE_CURVE('',#4709,#4676,#4734,.T.);
#4734 = LINE('',#4735,#4736);
#4735 = CARTESIAN_POINT('',(43.093592701342,4.567785234899,0.8));
#4736 = VECTOR('',#4737,1.);
#4737 = DIRECTION('',(0.,1.,0.));
#4738 = PLANE('',#4739);
#4739 = AXIS2_PLACEMENT_3D('',#4740,#4741,#4742);
#4740 = CARTESIAN_POINT('',(43.093592701342,4.567785234899,0.8));
#4741 = DIRECTION('',(-1.,0.,0.));
#4742 = DIRECTION('',(0.,1.,0.));
#4743 = ADVANCED_FACE('',(#4744),#4769,.T.);
#4744 = FACE_BOUND('',#4745,.T.);
#4745 = EDGE_LOOP('',(#4746,#4754,#4755,#4763));
#4746 = ORIENTED_EDGE('',*,*,#4747,.T.);
#4747 = EDGE_CURVE('',#4748,#4449,#4750,.T.);
#4748 = VERTEX_POINT('',#4749);
#4749 = CARTESIAN_POINT('',(67.044043624161,4.985906040268,0.8));
#4750 = LINE('',#4751,#4752);
#4751 = CARTESIAN_POINT('',(67.044043624161,4.985906040268,0.8));
#4752 = VECTOR('',#4753,1.);
#4753 = DIRECTION('',(0.,0.,1.));
#4754 = ORIENTED_EDGE('',*,*,#4448,.T.);
#4755 = ORIENTED_EDGE('',*,*,#4756,.F.);
#4756 = EDGE_CURVE('',#4757,#4451,#4759,.T.);
#4757 = VERTEX_POINT('',#4758);
#4758 = CARTESIAN_POINT('',(66.710339765101,4.84144295302,0.8));
#4759 = LINE('',#4760,#4761);
#4760 = CARTESIAN_POINT('',(66.710339765101,4.84144295302,0.8));
#4761 = VECTOR('',#4762,1.);
#4762 = DIRECTION('',(0.,0.,1.));
#4763 = ORIENTED_EDGE('',*,*,#4764,.F.);
#4764 = EDGE_CURVE('',#4748,#4757,#4765,.T.);
#4765 = B_SPLINE_CURVE_WITH_KNOTS('',2,(#4766,#4767,#4768),
  .UNSPECIFIED.,.F.,.F.,(3,3),(0.,1.),.PIECEWISE_BEZIER_KNOTS.);
#4766 = CARTESIAN_POINT('',(67.044043624161,4.985906040268,0.8));
#4767 = CARTESIAN_POINT('',(66.821623322148,4.985906040268,0.8));
#4768 = CARTESIAN_POINT('',(66.710339765101,4.84144295302,0.8));
#4769 = SURFACE_OF_LINEAR_EXTRUSION('',#4770,#4774);
#4770 = B_SPLINE_CURVE_WITH_KNOTS('',2,(#4771,#4772,#4773),
  .UNSPECIFIED.,.F.,.F.,(3,3),(0.,1.),.PIECEWISE_BEZIER_KNOTS.);
#4771 = CARTESIAN_POINT('',(67.044043624161,4.985906040268,0.8));
#4772 = CARTESIAN_POINT('',(66.821623322148,4.985906040268,0.8));
#4773 = CARTESIAN_POINT('',(66.710339765101,4.84144295302,0.8));
#4774 = VECTOR('',#4775,1.);
#4775 = DIRECTION('',(-0.,-0.,-1.));
#4776 = ADVANCED_FACE('',(#4777),#4795,.T.);
#4777 = FACE_BOUND('',#4778,.T.);
#4778 = EDGE_LOOP('',(#4779,#4780,#4781,#4789));
#4779 = ORIENTED_EDGE('',*,*,#4756,.T.);
#4780 = ORIENTED_EDGE('',*,*,#4458,.T.);
#4781 = ORIENTED_EDGE('',*,*,#4782,.F.);
#4782 = EDGE_CURVE('',#4783,#4459,#4785,.T.);
#4783 = VERTEX_POINT('',#4784);
#4784 = CARTESIAN_POINT('',(66.599203020134,4.408053691275,0.8));
#4785 = LINE('',#4786,#4787);
#4786 = CARTESIAN_POINT('',(66.599203020134,4.408053691275,0.8));
#4787 = VECTOR('',#4788,1.);
#4788 = DIRECTION('',(0.,0.,1.));
#4789 = ORIENTED_EDGE('',*,*,#4790,.F.);
#4790 = EDGE_CURVE('',#4757,#4783,#4791,.T.);
#4791 = B_SPLINE_CURVE_WITH_KNOTS('',2,(#4792,#4793,#4794),
  .UNSPECIFIED.,.F.,.F.,(3,3),(0.,1.),.PIECEWISE_BEZIER_KNOTS.);
#4792 = CARTESIAN_POINT('',(66.710339765101,4.84144295302,0.8));
#4793 = CARTESIAN_POINT('',(66.599203020134,4.696979865772,0.8));
#4794 = CARTESIAN_POINT('',(66.599203020134,4.408053691275,0.8));
#4795 = SURFACE_OF_LINEAR_EXTRUSION('',#4796,#4800);
#4796 = B_SPLINE_CURVE_WITH_KNOTS('',2,(#4797,#4798,#4799),
  .UNSPECIFIED.,.F.,.F.,(3,3),(0.,1.),.PIECEWISE_BEZIER_KNOTS.);
#4797 = CARTESIAN_POINT('',(66.710339765101,4.84144295302,0.8));
#4798 = CARTESIAN_POINT('',(66.599203020134,4.696979865772,0.8));
#4799 = CARTESIAN_POINT('',(66.599203020134,4.408053691275,0.8));
#4800 = VECTOR('',#4801,1.);
#4801 = DIRECTION('',(-0.,-0.,-1.));
#4802 = ADVANCED_FACE('',(#4803),#4821,.T.);
#4803 = FACE_BOUND('',#4804,.T.);
#4804 = EDGE_LOOP('',(#4805,#4806,#4807,#4815));
#4805 = ORIENTED_EDGE('',*,*,#4782,.T.);
#4806 = ORIENTED_EDGE('',*,*,#4466,.T.);
#4807 = ORIENTED_EDGE('',*,*,#4808,.F.);
#4808 = EDGE_CURVE('',#4809,#4467,#4811,.T.);
#4809 = VERTEX_POINT('',#4810);
#4810 = CARTESIAN_POINT('',(66.710339765101,3.97466442953,0.8));
#4811 = LINE('',#4812,#4813);
#4812 = CARTESIAN_POINT('',(66.710339765101,3.97466442953,0.8));
#4813 = VECTOR('',#4814,1.);
#4814 = DIRECTION('',(0.,0.,1.));
#4815 = ORIENTED_EDGE('',*,*,#4816,.F.);
#4816 = EDGE_CURVE('',#4783,#4809,#4817,.T.);
#4817 = B_SPLINE_CURVE_WITH_KNOTS('',2,(#4818,#4819,#4820),
  .UNSPECIFIED.,.F.,.F.,(3,3),(0.,1.),.PIECEWISE_BEZIER_KNOTS.);
#4818 = CARTESIAN_POINT('',(66.599203020134,4.408053691275,0.8));
#4819 = CARTESIAN_POINT('',(66.599203020134,4.119127516779,0.8));
#4820 = CARTESIAN_POINT('',(66.710339765101,3.97466442953,0.8));
#4821 = SURFACE_OF_LINEAR_EXTRUSION('',#4822,#4826);
#4822 = B_SPLINE_CURVE_WITH_KNOTS('',2,(#4823,#4824,#4825),
  .UNSPECIFIED.,.F.,.F.,(3,3),(0.,1.),.PIECEWISE_BEZIER_KNOTS.);
#4823 = CARTESIAN_POINT('',(66.599203020134,4.408053691275,0.8));
#4824 = CARTESIAN_POINT('',(66.599203020134,4.119127516779,0.8));
#4825 = CARTESIAN_POINT('',(66.710339765101,3.97466442953,0.8));
#4826 = VECTOR('',#4827,1.);
#4827 = DIRECTION('',(-0.,-0.,-1.));
#4828 = ADVANCED_FACE('',(#4829),#4847,.T.);
#4829 = FACE_BOUND('',#4830,.T.);
#4830 = EDGE_LOOP('',(#4831,#4832,#4833,#4841));
#4831 = ORIENTED_EDGE('',*,*,#4808,.T.);
#4832 = ORIENTED_EDGE('',*,*,#4474,.T.);
#4833 = ORIENTED_EDGE('',*,*,#4834,.F.);
#4834 = EDGE_CURVE('',#4835,#4475,#4837,.T.);
#4835 = VERTEX_POINT('',#4836);
#4836 = CARTESIAN_POINT('',(67.044043624161,3.830201342282,0.8));
#4837 = LINE('',#4838,#4839);
#4838 = CARTESIAN_POINT('',(67.044043624161,3.830201342282,0.8));
#4839 = VECTOR('',#4840,1.);
#4840 = DIRECTION('',(0.,0.,1.));
#4841 = ORIENTED_EDGE('',*,*,#4842,.F.);
#4842 = EDGE_CURVE('',#4809,#4835,#4843,.T.);
#4843 = B_SPLINE_CURVE_WITH_KNOTS('',2,(#4844,#4845,#4846),
  .UNSPECIFIED.,.F.,.F.,(3,3),(0.,1.),.PIECEWISE_BEZIER_KNOTS.);
#4844 = CARTESIAN_POINT('',(66.710339765101,3.97466442953,0.8));
#4845 = CARTESIAN_POINT('',(66.821623322148,3.830201342282,0.8));
#4846 = CARTESIAN_POINT('',(67.044043624161,3.830201342282,0.8));
#4847 = SURFACE_OF_LINEAR_EXTRUSION('',#4848,#4852);
#4848 = B_SPLINE_CURVE_WITH_KNOTS('',2,(#4849,#4850,#4851),
  .UNSPECIFIED.,.F.,.F.,(3,3),(0.,1.),.PIECEWISE_BEZIER_KNOTS.);
#4849 = CARTESIAN_POINT('',(66.710339765101,3.97466442953,0.8));
#4850 = CARTESIAN_POINT('',(66.821623322148,3.830201342282,0.8));
#4851 = CARTESIAN_POINT('',(67.044043624161,3.830201342282,0.8));
#4852 = VECTOR('',#4853,1.);
#4853 = DIRECTION('',(-0.,-0.,-1.));
#4854 = ADVANCED_FACE('',(#4855),#4873,.T.);
#4855 = FACE_BOUND('',#4856,.T.);
#4856 = EDGE_LOOP('',(#4857,#4858,#4859,#4867));
#4857 = ORIENTED_EDGE('',*,*,#4834,.T.);
#4858 = ORIENTED_EDGE('',*,*,#4482,.T.);
#4859 = ORIENTED_EDGE('',*,*,#4860,.F.);
#4860 = EDGE_CURVE('',#4861,#4483,#4863,.T.);
#4861 = VERTEX_POINT('',#4862);
#4862 = CARTESIAN_POINT('',(67.379802852349,3.97466442953,0.8));
#4863 = LINE('',#4864,#4865);
#4864 = CARTESIAN_POINT('',(67.379802852349,3.97466442953,0.8));
#4865 = VECTOR('',#4866,1.);
#4866 = DIRECTION('',(0.,0.,1.));
#4867 = ORIENTED_EDGE('',*,*,#4868,.F.);
#4868 = EDGE_CURVE('',#4835,#4861,#4869,.T.);
#4869 = B_SPLINE_CURVE_WITH_KNOTS('',2,(#4870,#4871,#4872),
  .UNSPECIFIED.,.F.,.F.,(3,3),(0.,1.),.PIECEWISE_BEZIER_KNOTS.);
#4870 = CARTESIAN_POINT('',(67.044043624161,3.830201342282,0.8));
#4871 = CARTESIAN_POINT('',(67.268666107383,3.830201342282,0.8));
#4872 = CARTESIAN_POINT('',(67.379802852349,3.97466442953,0.8));
#4873 = SURFACE_OF_LINEAR_EXTRUSION('',#4874,#4878);
#4874 = B_SPLINE_CURVE_WITH_KNOTS('',2,(#4875,#4876,#4877),
  .UNSPECIFIED.,.F.,.F.,(3,3),(0.,1.),.PIECEWISE_BEZIER_KNOTS.);
#4875 = CARTESIAN_POINT('',(67.044043624161,3.830201342282,0.8));
#4876 = CARTESIAN_POINT('',(67.268666107383,3.830201342282,0.8));
#4877 = CARTESIAN_POINT('',(67.379802852349,3.97466442953,0.8));
#4878 = VECTOR('',#4879,1.);
#4879 = DIRECTION('',(-0.,-0.,-1.));
#4880 = ADVANCED_FACE('',(#4881),#4899,.T.);
#4881 = FACE_BOUND('',#4882,.T.);
#4882 = EDGE_LOOP('',(#4883,#4884,#4885,#4893));
#4883 = ORIENTED_EDGE('',*,*,#4860,.T.);
#4884 = ORIENTED_EDGE('',*,*,#4490,.T.);
#4885 = ORIENTED_EDGE('',*,*,#4886,.F.);
#4886 = EDGE_CURVE('',#4887,#4491,#4889,.T.);
#4887 = VERTEX_POINT('',#4888);
#4888 = CARTESIAN_POINT('',(67.491086409396,4.408053691275,0.8));
#4889 = LINE('',#4890,#4891);
#4890 = CARTESIAN_POINT('',(67.491086409396,4.408053691275,0.8));
#4891 = VECTOR('',#4892,1.);
#4892 = DIRECTION('',(0.,0.,1.));
#4893 = ORIENTED_EDGE('',*,*,#4894,.F.);
#4894 = EDGE_CURVE('',#4861,#4887,#4895,.T.);
#4895 = B_SPLINE_CURVE_WITH_KNOTS('',2,(#4896,#4897,#4898),
  .UNSPECIFIED.,.F.,.F.,(3,3),(0.,1.),.PIECEWISE_BEZIER_KNOTS.);
#4896 = CARTESIAN_POINT('',(67.379802852349,3.97466442953,0.8));
#4897 = CARTESIAN_POINT('',(67.491086409396,4.119127516779,0.8));
#4898 = CARTESIAN_POINT('',(67.491086409396,4.408053691275,0.8));
#4899 = SURFACE_OF_LINEAR_EXTRUSION('',#4900,#4904);
#4900 = B_SPLINE_CURVE_WITH_KNOTS('',2,(#4901,#4902,#4903),
  .UNSPECIFIED.,.F.,.F.,(3,3),(0.,1.),.PIECEWISE_BEZIER_KNOTS.);
#4901 = CARTESIAN_POINT('',(67.379802852349,3.97466442953,0.8));
#4902 = CARTESIAN_POINT('',(67.491086409396,4.119127516779,0.8));
#4903 = CARTESIAN_POINT('',(67.491086409396,4.408053691275,0.8));
#4904 = VECTOR('',#4905,1.);
#4905 = DIRECTION('',(-0.,-0.,-1.));
#4906 = ADVANCED_FACE('',(#4907),#4925,.T.);
#4907 = FACE_BOUND('',#4908,.T.);
#4908 = EDGE_LOOP('',(#4909,#4910,#4911,#4919));
#4909 = ORIENTED_EDGE('',*,*,#4886,.T.);
#4910 = ORIENTED_EDGE('',*,*,#4498,.T.);
#4911 = ORIENTED_EDGE('',*,*,#4912,.F.);
#4912 = EDGE_CURVE('',#4913,#4499,#4915,.T.);
#4913 = VERTEX_POINT('',#4914);
#4914 = CARTESIAN_POINT('',(67.379802852349,4.84144295302,0.8));
#4915 = LINE('',#4916,#4917);
#4916 = CARTESIAN_POINT('',(67.379802852349,4.84144295302,0.8));
#4917 = VECTOR('',#4918,1.);
#4918 = DIRECTION('',(0.,0.,1.));
#4919 = ORIENTED_EDGE('',*,*,#4920,.F.);
#4920 = EDGE_CURVE('',#4887,#4913,#4921,.T.);
#4921 = B_SPLINE_CURVE_WITH_KNOTS('',2,(#4922,#4923,#4924),
  .UNSPECIFIED.,.F.,.F.,(3,3),(0.,1.),.PIECEWISE_BEZIER_KNOTS.);
#4922 = CARTESIAN_POINT('',(67.491086409396,4.408053691275,0.8));
#4923 = CARTESIAN_POINT('',(67.491086409396,4.696979865772,0.8));
#4924 = CARTESIAN_POINT('',(67.379802852349,4.84144295302,0.8));
#4925 = SURFACE_OF_LINEAR_EXTRUSION('',#4926,#4930);
#4926 = B_SPLINE_CURVE_WITH_KNOTS('',2,(#4927,#4928,#4929),
  .UNSPECIFIED.,.F.,.F.,(3,3),(0.,1.),.PIECEWISE_BEZIER_KNOTS.);
#4927 = CARTESIAN_POINT('',(67.491086409396,4.408053691275,0.8));
#4928 = CARTESIAN_POINT('',(67.491086409396,4.696979865772,0.8));
#4929 = CARTESIAN_POINT('',(67.379802852349,4.84144295302,0.8));
#4930 = VECTOR('',#4931,1.);
#4931 = DIRECTION('',(-0.,-0.,-1.));
#4932 = ADVANCED_FACE('',(#4933),#4944,.T.);
#4933 = FACE_BOUND('',#4934,.T.);
#4934 = EDGE_LOOP('',(#4935,#4936,#4937,#4938));
#4935 = ORIENTED_EDGE('',*,*,#4912,.T.);
#4936 = ORIENTED_EDGE('',*,*,#4506,.T.);
#4937 = ORIENTED_EDGE('',*,*,#4747,.F.);
#4938 = ORIENTED_EDGE('',*,*,#4939,.F.);
#4939 = EDGE_CURVE('',#4913,#4748,#4940,.T.);
#4940 = B_SPLINE_CURVE_WITH_KNOTS('',2,(#4941,#4942,#4943),
  .UNSPECIFIED.,.F.,.F.,(3,3),(0.,1.),.PIECEWISE_BEZIER_KNOTS.);
#4941 = CARTESIAN_POINT('',(67.379802852349,4.84144295302,0.8));
#4942 = CARTESIAN_POINT('',(67.268666107383,4.985906040268,0.8));
#4943 = CARTESIAN_POINT('',(67.044043624161,4.985906040268,0.8));
#4944 = SURFACE_OF_LINEAR_EXTRUSION('',#4945,#4949);
#4945 = B_SPLINE_CURVE_WITH_KNOTS('',2,(#4946,#4947,#4948),
  .UNSPECIFIED.,.F.,.F.,(3,3),(0.,1.),.PIECEWISE_BEZIER_KNOTS.);
#4946 = CARTESIAN_POINT('',(67.379802852349,4.84144295302,0.8));
#4947 = CARTESIAN_POINT('',(67.268666107383,4.985906040268,0.8));
#4948 = CARTESIAN_POINT('',(67.044043624161,4.985906040268,0.8));
#4949 = VECTOR('',#4950,1.);
#4950 = DIRECTION('',(-0.,-0.,-1.));
#4951 = ADVANCED_FACE('',(#4952),#4957,.T.);
#4952 = FACE_BOUND('',#4953,.T.);
#4953 = EDGE_LOOP('',(#4954,#4955,#4956));
#4954 = ORIENTED_EDGE('',*,*,#4733,.T.);
#4955 = ORIENTED_EDGE('',*,*,#4692,.T.);
#4956 = ORIENTED_EDGE('',*,*,#4716,.T.);
#4957 = PLANE('',#4958);
#4958 = AXIS2_PLACEMENT_3D('',#4959,#4960,#4961);
#4959 = CARTESIAN_POINT('',(0.,0.,0.8));
#4960 = DIRECTION('',(0.,0.,1.));
#4961 = DIRECTION('',(1.,0.,-0.));
#4962 = ADVANCED_FACE('',(#4963),#4973,.T.);
#4963 = FACE_BOUND('',#4964,.T.);
#4964 = EDGE_LOOP('',(#4965,#4966,#4967,#4968,#4969,#4970,#4971,#4972));
#4965 = ORIENTED_EDGE('',*,*,#4939,.T.);
#4966 = ORIENTED_EDGE('',*,*,#4764,.T.);
#4967 = ORIENTED_EDGE('',*,*,#4790,.T.);
#4968 = ORIENTED_EDGE('',*,*,#4816,.T.);
#4969 = ORIENTED_EDGE('',*,*,#4842,.T.);
#4970 = ORIENTED_EDGE('',*,*,#4868,.T.);
#4971 = ORIENTED_EDGE('',*,*,#4894,.T.);
#4972 = ORIENTED_EDGE('',*,*,#4920,.T.);
#4973 = PLANE('',#4974);
#4974 = AXIS2_PLACEMENT_3D('',#4975,#4976,#4977);
#4975 = CARTESIAN_POINT('',(0.,0.,0.8));
#4976 = DIRECTION('',(0.,0.,1.));
#4977 = DIRECTION('',(1.,0.,-0.));
#4978 = ADVANCED_FACE('',(#4979,#4985,#4996,#5007,#5018,#5029,#5040,
    #5051),#5062,.F.);
#4979 = FACE_BOUND('',#4980,.T.);
#4980 = EDGE_LOOP('',(#4981,#4982,#4983,#4984));
#4981 = ORIENTED_EDGE('',*,*,#31,.T.);
#4982 = ORIENTED_EDGE('',*,*,#1135,.T.);
#4983 = ORIENTED_EDGE('',*,*,#1160,.F.);
#4984 = ORIENTED_EDGE('',*,*,#61,.F.);
#4985 = FACE_BOUND('',#4986,.F.);
#4986 = EDGE_LOOP('',(#4987));
#4987 = ORIENTED_EDGE('',*,*,#4988,.F.);
#4988 = EDGE_CURVE('',#4989,#4989,#4991,.T.);
#4989 = VERTEX_POINT('',#4990);
#4990 = CARTESIAN_POINT('',(82.525,15.,0.));
#4991 = CIRCLE('',#4992,3.525);
#4992 = AXIS2_PLACEMENT_3D('',#4993,#4994,#4995);
#4993 = CARTESIAN_POINT('',(79.,15.,0.));
#4994 = DIRECTION('',(0.,0.,1.));
#4995 = DIRECTION('',(1.,0.,-0.));
#4996 = FACE_BOUND('',#4997,.F.);
#4997 = EDGE_LOOP('',(#4998));
#4998 = ORIENTED_EDGE('',*,*,#4999,.F.);
#4999 = EDGE_CURVE('',#5000,#5000,#5002,.T.);
#5000 = VERTEX_POINT('',#5001);
#5001 = CARTESIAN_POINT('',(70.5,15.,0.));
#5002 = CIRCLE('',#5003,3.5);
#5003 = AXIS2_PLACEMENT_3D('',#5004,#5005,#5006);
#5004 = CARTESIAN_POINT('',(67.,15.,0.));
#5005 = DIRECTION('',(0.,0.,1.));
#5006 = DIRECTION('',(1.,0.,-0.));
#5007 = FACE_BOUND('',#5008,.F.);
#5008 = EDGE_LOOP('',(#5009));
#5009 = ORIENTED_EDGE('',*,*,#5010,.F.);
#5010 = EDGE_CURVE('',#5011,#5011,#5013,.T.);
#5011 = VERTEX_POINT('',#5012);
#5012 = CARTESIAN_POINT('',(58.475,15.,0.));
#5013 = CIRCLE('',#5014,3.475);
#5014 = AXIS2_PLACEMENT_3D('',#5015,#5016,#5017);
#5015 = CARTESIAN_POINT('',(55.,15.,0.));
#5016 = DIRECTION('',(0.,0.,1.));
#5017 = DIRECTION('',(1.,0.,-0.));
#5018 = FACE_BOUND('',#5019,.F.);
#5019 = EDGE_LOOP('',(#5020));
#5020 = ORIENTED_EDGE('',*,*,#5021,.F.);
#5021 = EDGE_CURVE('',#5022,#5022,#5024,.T.);
#5022 = VERTEX_POINT('',#5023);
#5023 = CARTESIAN_POINT('',(46.45,15.,0.));
#5024 = CIRCLE('',#5025,3.45);
#5025 = AXIS2_PLACEMENT_3D('',#5026,#5027,#5028);
#5026 = CARTESIAN_POINT('',(43.,15.,0.));
#5027 = DIRECTION('',(0.,0.,1.));
#5028 = DIRECTION('',(1.,0.,-0.));
#5029 = FACE_BOUND('',#5030,.F.);
#5030 = EDGE_LOOP('',(#5031));
#5031 = ORIENTED_EDGE('',*,*,#5032,.F.);
#5032 = EDGE_CURVE('',#5033,#5033,#5035,.T.);
#5033 = VERTEX_POINT('',#5034);
#5034 = CARTESIAN_POINT('',(34.425,15.,0.));
#5035 = CIRCLE('',#5036,3.425);
#5036 = AXIS2_PLACEMENT_3D('',#5037,#5038,#5039);
#5037 = CARTESIAN_POINT('',(31.,15.,0.));
#5038 = DIRECTION('',(0.,0.,1.));
#5039 = DIRECTION('',(1.,0.,-0.));
#5040 = FACE_BOUND('',#5041,.F.);
#5041 = EDGE_LOOP('',(#5042));
#5042 = ORIENTED_EDGE('',*,*,#5043,.F.);
#5043 = EDGE_CURVE('',#5044,#5044,#5046,.T.);
#5044 = VERTEX_POINT('',#5045);
#5045 = CARTESIAN_POINT('',(22.4,15.,0.));
#5046 = CIRCLE('',#5047,3.4);
#5047 = AXIS2_PLACEMENT_3D('',#5048,#5049,#5050);
#5048 = CARTESIAN_POINT('',(19.,15.,0.));
#5049 = DIRECTION('',(0.,0.,1.));
#5050 = DIRECTION('',(1.,0.,-0.));
#5051 = FACE_BOUND('',#5052,.F.);
#5052 = EDGE_LOOP('',(#5053));
#5053 = ORIENTED_EDGE('',*,*,#5054,.F.);
#5054 = EDGE_CURVE('',#5055,#5055,#5057,.T.);
#5055 = VERTEX_POINT('',#5056);
#5056 = CARTESIAN_POINT('',(10.375,15.,0.));
#5057 = CIRCLE('',#5058,3.375);
#5058 = AXIS2_PLACEMENT_3D('',#5059,#5060,#5061);
#5059 = CARTESIAN_POINT('',(7.,15.,0.));
#5060 = DIRECTION('',(0.,0.,1.));
#5061 = DIRECTION('',(1.,0.,-0.));
#5062 = PLANE('',#5063);
#5063 = AXIS2_PLACEMENT_3D('',#5064,#5065,#5066);
#5064 = CARTESIAN_POINT('',(0.,0.,0.));
#5065 = DIRECTION('',(0.,0.,1.));
#5066 = DIRECTION('',(1.,0.,-0.));
#5067 = ADVANCED_FACE('',(#5068),#5078,.F.);
#5068 = FACE_BOUND('',#5069,.F.);
#5069 = EDGE_LOOP('',(#5070,#5071,#5076,#5077));
#5070 = ORIENTED_EDGE('',*,*,#5054,.T.);
#5071 = ORIENTED_EDGE('',*,*,#5072,.T.);
#5072 = EDGE_CURVE('',#5055,#4539,#5073,.T.);
#5073 = B_SPLINE_CURVE_WITH_KNOTS('',1,(#5074,#5075),.UNSPECIFIED.,.F.,
  .F.,(2,2),(0.5,9.1),.PIECEWISE_BEZIER_KNOTS.);
#5074 = CARTESIAN_POINT('',(10.375,15.,0.));
#5075 = CARTESIAN_POINT('',(10.375,15.,8.6));
#5076 = ORIENTED_EDGE('',*,*,#4538,.F.);
#5077 = ORIENTED_EDGE('',*,*,#5072,.F.);
#5078 = CYLINDRICAL_SURFACE('',#5079,3.375);
#5079 = AXIS2_PLACEMENT_3D('',#5080,#5081,#5082);
#5080 = CARTESIAN_POINT('',(7.,15.,-0.5));
#5081 = DIRECTION('',(0.,0.,1.));
#5082 = DIRECTION('',(1.,0.,-0.));
#5083 = ADVANCED_FACE('',(#5084),#5094,.F.);
#5084 = FACE_BOUND('',#5085,.F.);
#5085 = EDGE_LOOP('',(#5086,#5087,#5092,#5093));
#5086 = ORIENTED_EDGE('',*,*,#5043,.T.);
#5087 = ORIENTED_EDGE('',*,*,#5088,.T.);
#5088 = EDGE_CURVE('',#5044,#4559,#5089,.T.);
#5089 = B_SPLINE_CURVE_WITH_KNOTS('',1,(#5090,#5091),.UNSPECIFIED.,.F.,
  .F.,(2,2),(0.5,9.1),.PIECEWISE_BEZIER_KNOTS.);
#5090 = CARTESIAN_POINT('',(22.4,15.,0.));
#5091 = CARTESIAN_POINT('',(22.4,15.,8.6));
#5092 = ORIENTED_EDGE('',*,*,#4558,.F.);
#5093 = ORIENTED_EDGE('',*,*,#5088,.F.);
#5094 = CYLINDRICAL_SURFACE('',#5095,3.4);
#5095 = AXIS2_PLACEMENT_3D('',#5096,#5097,#5098);
#5096 = CARTESIAN_POINT('',(19.,15.,-0.5));
#5097 = DIRECTION('',(0.,0.,1.));
#5098 = DIRECTION('',(1.,0.,-0.));
#5099 = ADVANCED_FACE('',(#5100),#5110,.F.);
#5100 = FACE_BOUND('',#5101,.F.);
#5101 = EDGE_LOOP('',(#5102,#5103,#5108,#5109));
#5102 = ORIENTED_EDGE('',*,*,#5032,.T.);
#5103 = ORIENTED_EDGE('',*,*,#5104,.T.);
#5104 = EDGE_CURVE('',#5033,#4579,#5105,.T.);
#5105 = B_SPLINE_CURVE_WITH_KNOTS('',1,(#5106,#5107),.UNSPECIFIED.,.F.,
  .F.,(2,2),(0.5,9.1),.PIECEWISE_BEZIER_KNOTS.);
#5106 = CARTESIAN_POINT('',(34.425,15.,0.));
#5107 = CARTESIAN_POINT('',(34.425,15.,8.6));
#5108 = ORIENTED_EDGE('',*,*,#4578,.F.);
#5109 = ORIENTED_EDGE('',*,*,#5104,.F.);
#5110 = CYLINDRICAL_SURFACE('',#5111,3.425);
#5111 = AXIS2_PLACEMENT_3D('',#5112,#5113,#5114);
#5112 = CARTESIAN_POINT('',(31.,15.,-0.5));
#5113 = DIRECTION('',(0.,0.,1.));
#5114 = DIRECTION('',(1.,0.,-0.));
#5115 = ADVANCED_FACE('',(#5116),#5126,.F.);
#5116 = FACE_BOUND('',#5117,.F.);
#5117 = EDGE_LOOP('',(#5118,#5119,#5124,#5125));
#5118 = ORIENTED_EDGE('',*,*,#4598,.F.);
#5119 = ORIENTED_EDGE('',*,*,#5120,.F.);
#5120 = EDGE_CURVE('',#5022,#4599,#5121,.T.);
#5121 = B_SPLINE_CURVE_WITH_KNOTS('',1,(#5122,#5123),.UNSPECIFIED.,.F.,
  .F.,(2,2),(0.5,9.1),.PIECEWISE_BEZIER_KNOTS.);
#5122 = CARTESIAN_POINT('',(46.45,15.,0.));
#5123 = CARTESIAN_POINT('',(46.45,15.,8.6));
#5124 = ORIENTED_EDGE('',*,*,#5021,.T.);
#5125 = ORIENTED_EDGE('',*,*,#5120,.T.);
#5126 = CYLINDRICAL_SURFACE('',#5127,3.45);
#5127 = AXIS2_PLACEMENT_3D('',#5128,#5129,#5130);
#5128 = CARTESIAN_POINT('',(43.,15.,-0.5));
#5129 = DIRECTION('',(0.,0.,1.));
#5130 = DIRECTION('',(1.,0.,-0.));
#5131 = ADVANCED_FACE('',(#5132),#5142,.F.);
#5132 = FACE_BOUND('',#5133,.F.);
#5133 = EDGE_LOOP('',(#5134,#5135,#5140,#5141));
#5134 = ORIENTED_EDGE('',*,*,#5010,.T.);
#5135 = ORIENTED_EDGE('',*,*,#5136,.T.);
#5136 = EDGE_CURVE('',#5011,#4619,#5137,.T.);
#5137 = B_SPLINE_CURVE_WITH_KNOTS('',1,(#5138,#5139),.UNSPECIFIED.,.F.,
  .F.,(2,2),(0.5,9.1),.PIECEWISE_BEZIER_KNOTS.);
#5138 = CARTESIAN_POINT('',(58.475,15.,0.));
#5139 = CARTESIAN_POINT('',(58.475,15.,8.6));
#5140 = ORIENTED_EDGE('',*,*,#4618,.F.);
#5141 = ORIENTED_EDGE('',*,*,#5136,.F.);
#5142 = CYLINDRICAL_SURFACE('',#5143,3.475);
#5143 = AXIS2_PLACEMENT_3D('',#5144,#5145,#5146);
#5144 = CARTESIAN_POINT('',(55.,15.,-0.5));
#5145 = DIRECTION('',(0.,0.,1.));
#5146 = DIRECTION('',(1.,0.,-0.));
#5147 = ADVANCED_FACE('',(#5148),#5158,.F.);
#5148 = FACE_BOUND('',#5149,.F.);
#5149 = EDGE_LOOP('',(#5150,#5151,#5156,#5157));
#5150 = ORIENTED_EDGE('',*,*,#4999,.T.);
#5151 = ORIENTED_EDGE('',*,*,#5152,.T.);
#5152 = EDGE_CURVE('',#5000,#4639,#5153,.T.);
#5153 = B_SPLINE_CURVE_WITH_KNOTS('',1,(#5154,#5155),.UNSPECIFIED.,.F.,
  .F.,(2,2),(0.5,9.1),.PIECEWISE_BEZIER_KNOTS.);
#5154 = CARTESIAN_POINT('',(70.5,15.,0.));
#5155 = CARTESIAN_POINT('',(70.5,15.,8.6));
#5156 = ORIENTED_EDGE('',*,*,#4638,.F.);
#5157 = ORIENTED_EDGE('',*,*,#5152,.F.);
#5158 = CYLINDRICAL_SURFACE('',#5159,3.5);
#5159 = AXIS2_PLACEMENT_3D('',#5160,#5161,#5162);
#5160 = CARTESIAN_POINT('',(67.,15.,-0.5));
#5161 = DIRECTION('',(0.,0.,1.));
#5162 = DIRECTION('',(1.,0.,-0.));
#5163 = ADVANCED_FACE('',(#5164),#5174,.F.);
#5164 = FACE_BOUND('',#5165,.F.);
#5165 = EDGE_LOOP('',(#5166,#5167,#5172,#5173));
#5166 = ORIENTED_EDGE('',*,*,#4988,.T.);
#5167 = ORIENTED_EDGE('',*,*,#5168,.T.);
#5168 = EDGE_CURVE('',#4989,#4659,#5169,.T.);
#5169 = B_SPLINE_CURVE_WITH_KNOTS('',1,(#5170,#5171),.UNSPECIFIED.,.F.,
  .F.,(2,2),(0.5,9.1),.PIECEWISE_BEZIER_KNOTS.);
#5170 = CARTESIAN_POINT('',(82.525,15.,0.));
#5171 = CARTESIAN_POINT('',(82.525,15.,8.6));
#5172 = ORIENTED_EDGE('',*,*,#4658,.F.);
#5173 = ORIENTED_EDGE('',*,*,#5168,.F.);
#5174 = CYLINDRICAL_SURFACE('',#5175,3.525);
#5175 = AXIS2_PLACEMENT_3D('',#5176,#5177,#5178);
#5176 = CARTESIAN_POINT('',(79.,15.,-0.5));
#5177 = DIRECTION('',(0.,0.,1.));
#5178 = DIRECTION('',(1.,0.,-0.));
#5179 = MANIFOLD_SOLID_BREP('',#5180);
#5180 = CLOSED_SHELL('',(#5181,#5214,#5239,#5248));
#5181 = ADVANCED_FACE('',(#5182),#5209,.T.);
#5182 = FACE_BOUND('',#5183,.T.);
#5183 = EDGE_LOOP('',(#5184,#5194,#5201,#5202));
#5184 = ORIENTED_EDGE('',*,*,#5185,.T.);
#5185 = EDGE_CURVE('',#5186,#5188,#5190,.T.);
#5186 = VERTEX_POINT('',#5187);
#5187 = CARTESIAN_POINT('',(103.15,11.,0.));
#5188 = VERTEX_POINT('',#5189);
#5189 = CARTESIAN_POINT('',(103.15,11.,2.1));
#5190 = LINE('',#5191,#5192);
#5191 = CARTESIAN_POINT('',(103.15,11.,0.));
#5192 = VECTOR('',#5193,1.);
#5193 = DIRECTION('',(0.,0.,1.));
#5194 = ORIENTED_EDGE('',*,*,#5195,.F.);
#5195 = EDGE_CURVE('',#5188,#5188,#5196,.T.);
#5196 = CIRCLE('',#5197,7.15);
#5197 = AXIS2_PLACEMENT_3D('',#5198,#5199,#5200);
#5198 = CARTESIAN_POINT('',(96.,11.,2.1));
#5199 = DIRECTION('',(0.,0.,1.));
#5200 = DIRECTION('',(1.,0.,-0.));
#5201 = ORIENTED_EDGE('',*,*,#5185,.F.);
#5202 = ORIENTED_EDGE('',*,*,#5203,.T.);
#5203 = EDGE_CURVE('',#5186,#5186,#5204,.T.);
#5204 = CIRCLE('',#5205,7.15);
#5205 = AXIS2_PLACEMENT_3D('',#5206,#5207,#5208);
#5206 = CARTESIAN_POINT('',(96.,11.,0.));
#5207 = DIRECTION('',(0.,0.,1.));
#5208 = DIRECTION('',(1.,0.,-0.));
#5209 = CYLINDRICAL_SURFACE('',#5210,7.15);
#5210 = AXIS2_PLACEMENT_3D('',#5211,#5212,#5213);
#5211 = CARTESIAN_POINT('',(96.,11.,0.));
#5212 = DIRECTION('',(0.,0.,1.));
#5213 = DIRECTION('',(1.,0.,-0.));
#5214 = ADVANCED_FACE('',(#5215),#5234,.T.);
#5215 = FACE_BOUND('',#5216,.T.);
#5216 = EDGE_LOOP('',(#5217,#5225,#5226,#5227));
#5217 = ORIENTED_EDGE('',*,*,#5218,.F.);
#5218 = EDGE_CURVE('',#5188,#5219,#5221,.T.);
#5219 = VERTEX_POINT('',#5220);
#5220 = CARTESIAN_POINT('',(102.65,11.,2.6));
#5221 = LINE('',#5222,#5223);
#5222 = CARTESIAN_POINT('',(103.15,11.,2.1));
#5223 = VECTOR('',#5224,1.);
#5224 = DIRECTION('',(-0.707106781187,0.,0.707106781187));
#5225 = ORIENTED_EDGE('',*,*,#5195,.T.);
#5226 = ORIENTED_EDGE('',*,*,#5218,.T.);
#5227 = ORIENTED_EDGE('',*,*,#5228,.F.);
#5228 = EDGE_CURVE('',#5219,#5219,#5229,.T.);
#5229 = CIRCLE('',#5230,6.65);
#5230 = AXIS2_PLACEMENT_3D('',#5231,#5232,#5233);
#5231 = CARTESIAN_POINT('',(96.,11.,2.6));
#5232 = DIRECTION('',(0.,0.,1.));
#5233 = DIRECTION('',(1.,0.,-0.));
#5234 = CONICAL_SURFACE('',#5235,7.15,0.785398163397);
#5235 = AXIS2_PLACEMENT_3D('',#5236,#5237,#5238);
#5236 = CARTESIAN_POINT('',(96.,11.,2.1));
#5237 = DIRECTION('',(-0.,-0.,-1.));
#5238 = DIRECTION('',(1.,0.,0.));
#5239 = ADVANCED_FACE('',(#5240),#5243,.F.);
#5240 = FACE_BOUND('',#5241,.T.);
#5241 = EDGE_LOOP('',(#5242));
#5242 = ORIENTED_EDGE('',*,*,#5203,.F.);
#5243 = PLANE('',#5244);
#5244 = AXIS2_PLACEMENT_3D('',#5245,#5246,#5247);
#5245 = CARTESIAN_POINT('',(96.,11.,0.));
#5246 = DIRECTION('',(0.,0.,1.));
#5247 = DIRECTION('',(1.,0.,-0.));
#5248 = ADVANCED_FACE('',(#5249),#5252,.T.);
#5249 = FACE_BOUND('',#5250,.T.);
#5250 = EDGE_LOOP('',(#5251));
#5251 = ORIENTED_EDGE('',*,*,#5228,.T.);
#5252 = PLANE('',#5253);
#5253 = AXIS2_PLACEMENT_3D('',#5254,#5255,#5256);
#5254 = CARTESIAN_POINT('',(96.,11.,2.6));
#5255 = DIRECTION('',(0.,0.,1.));
#5256 = DIRECTION('',(1.,0.,-0.));
#5257 = MANIFOLD_SOLID_BREP('',#5258);
#5258 = CLOSED_SHELL('',(#5259,#5292,#5317,#5326));
#5259 = ADVANCED_FACE('',(#5260),#5287,.T.);
#5260 = FACE_BOUND('',#5261,.T.);
#5261 = EDGE_LOOP('',(#5262,#5272,#5279,#5280));
#5262 = ORIENTED_EDGE('',*,*,#5263,.T.);
#5263 = EDGE_CURVE('',#5264,#5266,#5268,.T.);
#5264 = VERTEX_POINT('',#5265);
#5265 = CARTESIAN_POINT('',(120.15,11.,0.));
#5266 = VERTEX_POINT('',#5267);
#5267 = CARTESIAN_POINT('',(120.15,11.,2.1));
#5268 = LINE('',#5269,#5270);
#5269 = CARTESIAN_POINT('',(120.15,11.,0.));
#5270 = VECTOR('',#5271,1.);
#5271 = DIRECTION('',(0.,0.,1.));
#5272 = ORIENTED_EDGE('',*,*,#5273,.F.);
#5273 = EDGE_CURVE('',#5266,#5266,#5274,.T.);
#5274 = CIRCLE('',#5275,7.15);
#5275 = AXIS2_PLACEMENT_3D('',#5276,#5277,#5278);
#5276 = CARTESIAN_POINT('',(113.,11.,2.1));
#5277 = DIRECTION('',(0.,0.,1.));
#5278 = DIRECTION('',(1.,0.,-0.));
#5279 = ORIENTED_EDGE('',*,*,#5263,.F.);
#5280 = ORIENTED_EDGE('',*,*,#5281,.T.);
#5281 = EDGE_CURVE('',#5264,#5264,#5282,.T.);
#5282 = CIRCLE('',#5283,7.15);
#5283 = AXIS2_PLACEMENT_3D('',#5284,#5285,#5286);
#5284 = CARTESIAN_POINT('',(113.,11.,0.));
#5285 = DIRECTION('',(0.,0.,1.));
#5286 = DIRECTION('',(1.,0.,-0.));
#5287 = CYLINDRICAL_SURFACE('',#5288,7.15);
#5288 = AXIS2_PLACEMENT_3D('',#5289,#5290,#5291);
#5289 = CARTESIAN_POINT('',(113.,11.,0.));
#5290 = DIRECTION('',(0.,0.,1.));
#5291 = DIRECTION('',(1.,0.,-0.));
#5292 = ADVANCED_FACE('',(#5293),#5312,.T.);
#5293 = FACE_BOUND('',#5294,.T.);
#5294 = EDGE_LOOP('',(#5295,#5303,#5304,#5305));
#5295 = ORIENTED_EDGE('',*,*,#5296,.F.);
#5296 = EDGE_CURVE('',#5266,#5297,#5299,.T.);
#5297 = VERTEX_POINT('',#5298);
#5298 = CARTESIAN_POINT('',(119.65,11.,2.6));
#5299 = LINE('',#5300,#5301);
#5300 = CARTESIAN_POINT('',(120.15,11.,2.1));
#5301 = VECTOR('',#5302,1.);
#5302 = DIRECTION('',(-0.707106781187,0.,0.707106781187));
#5303 = ORIENTED_EDGE('',*,*,#5273,.T.);
#5304 = ORIENTED_EDGE('',*,*,#5296,.T.);
#5305 = ORIENTED_EDGE('',*,*,#5306,.F.);
#5306 = EDGE_CURVE('',#5297,#5297,#5307,.T.);
#5307 = CIRCLE('',#5308,6.65);
#5308 = AXIS2_PLACEMENT_3D('',#5309,#5310,#5311);
#5309 = CARTESIAN_POINT('',(113.,11.,2.6));
#5310 = DIRECTION('',(0.,0.,1.));
#5311 = DIRECTION('',(1.,0.,-0.));
#5312 = CONICAL_SURFACE('',#5313,7.15,0.785398163397);
#5313 = AXIS2_PLACEMENT_3D('',#5314,#5315,#5316);
#5314 = CARTESIAN_POINT('',(113.,11.,2.1));
#5315 = DIRECTION('',(-0.,-0.,-1.));
#5316 = DIRECTION('',(1.,0.,0.));
#5317 = ADVANCED_FACE('',(#5318),#5321,.F.);
#5318 = FACE_BOUND('',#5319,.T.);
#5319 = EDGE_LOOP('',(#5320));
#5320 = ORIENTED_EDGE('',*,*,#5281,.F.);
#5321 = PLANE('',#5322);
#5322 = AXIS2_PLACEMENT_3D('',#5323,#5324,#5325);
#5323 = CARTESIAN_POINT('',(113.,11.,0.));
#5324 = DIRECTION('',(0.,0.,1.));
#5325 = DIRECTION('',(1.,0.,-0.));
#5326 = ADVANCED_FACE('',(#5327),#5330,.T.);
#5327 = FACE_BOUND('',#5328,.T.);
#5328 = EDGE_LOOP('',(#5329));
#5329 = ORIENTED_EDGE('',*,*,#5306,.T.);
#5330 = PLANE('',#5331);
#5331 = AXIS2_PLACEMENT_3D('',#5332,#5333,#5334);
#5332 = CARTESIAN_POINT('',(113.,11.,2.6));
#5333 = DIRECTION('',(0.,0.,1.));
#5334 = DIRECTION('',(1.,0.,-0.));
#5335 = ( GEOMETRIC_REPRESENTATION_CONTEXT(3) 
GLOBAL_UNCERTAINTY_ASSIGNED_CONTEXT((#5339)) 
GLOBAL_UNIT_ASSIGNED_CONTEXT((#5336,#5337,#5338)) REPRESENTATION_CONTEXT
('Context #1','3D Context with UNIT and UNCERTAINTY') );
#5336 = ( LENGTH_UNIT() NAMED_UNIT(*) SI_UNIT(.MILLI.,.METRE.) );
#5337 = ( NAMED_UNIT(*) PLANE_ANGLE_UNIT() SI_UNIT($,.RADIAN.) );
#5338 = ( NAMED_UNIT(*) SI_UNIT($,.STERADIAN.) SOLID_ANGLE_UNIT() );
#5339 = UNCERTAINTY_MEASURE_WITH_UNIT(LENGTH_MEASURE(5.E-07),#5336,
  'distance_accuracy_value','confusion accuracy');
#5340 = PRODUCT_RELATED_PRODUCT_CATEGORY('part',$,(#7));
ENDSEC;
END-ISO-10303-21;
