ISO-10303-21;
HEADER;
FILE_DESCRIPTION(('FreeCAD Model'),'2;1');
FILE_NAME('Open CASCADE Shape Model','2026-10-06T23:34:12',('Author'),(
    ''),'Open CASCADE STEP processor 7.8','FreeCAD','Unknown');
FILE_SCHEMA(('AUTOMOTIVE_DESIGN { 1 0 10303 214 1 1 1 1 }'));
ENDSEC;
DATA;
#1 = APPLICATION_PROTOCOL_DEFINITION('international standard',
  'automotive_design',2000,#2);
#2 = APPLICATION_CONTEXT(
  'core data for automotive mechanical design processes');
#3 = SHAPE_DEFINITION_REPRESENTATION(#4,#10);
#4 = PRODUCT_DEFINITION_SHAPE('','',#5);
#5 = PRODUCT_DEFINITION('design','',#6,#9);
#6 = PRODUCT_DEFINITION_FORMATION('','',#7);
#7 = PRODUCT('SoilCore','SoilCore','',(#8));
#8 = PRODUCT_CONTEXT('',#2,'mechanical');
#9 = PRODUCT_DEFINITION_CONTEXT('part definition',#2,'design');
#10 = ADVANCED_BREP_SHAPE_REPRESENTATION('',(#11,#15),#4979);
#11 = AXIS2_PLACEMENT_3D('',#12,#13,#14);
#12 = CARTESIAN_POINT('',(0.,0.,0.));
#13 = DIRECTION('',(0.,0.,1.));
#14 = DIRECTION('',(1.,0.,-0.));
#15 = MANIFOLD_SOLID_BREP('',#16);
#16 = CLOSED_SHELL('',(#17,#67,#1232,#1296,#1360,#2100,#2122,#2144,#2186
    ,#2228,#2250,#2272,#2314,#2356,#2368,#2390,#2407,#2424,#2441,#2458,
    #2475,#2492,#2509,#2526,#2543,#2560,#2572,#2603,#2627,#2651,#2675,
    #2699,#2732,#2756,#2781,#2814,#2839,#2864,#2882,#2904,#2921,#2938,
    #2955,#2972,#2989,#3006,#3023,#3040,#3057,#3074,#3086,#3126,#3151,
    #3175,#3200,#3224,#3249,#3273,#3298,#3322,#3355,#3379,#3396,#3418,
    #3435,#3452,#3469,#3486,#3503,#3520,#3537,#3554,#3571,#3588,#3600,
    #3622,#3639,#3656,#3673,#3690,#3707,#3724,#3741,#3758,#3775,#3792,
    #3804,#3835,#3859,#3892,#3916,#3941,#3965,#3990,#4014,#4039,#4063,
    #4088,#4114,#4146,#4171,#4196,#4229,#4254,#4278,#4311,#4335,#4359,
    #4383,#4407,#4424,#4446,#4463,#4480,#4497,#4514,#4531,#4548,#4565,
    #4582,#4599,#4616,#4628,#4650,#4667,#4684,#4701,#4718,#4735,#4752,
    #4769,#4786,#4803,#4820,#4832,#4857,#4934));
#17 = ADVANCED_FACE('',(#18),#62,.T.);
#18 = FACE_BOUND('',#19,.T.);
#19 = EDGE_LOOP('',(#20,#30,#43,#51));
#20 = ORIENTED_EDGE('',*,*,#21,.T.);
#21 = EDGE_CURVE('',#22,#24,#26,.T.);
#22 = VERTEX_POINT('',#23);
#23 = CARTESIAN_POINT('',(102.5409182535,1.117709203841,-8.));
#24 = VERTEX_POINT('',#25);
#25 = CARTESIAN_POINT('',(52.238423691324,88.244185533001,-8.));
#26 = LINE('',#27,#28);
#27 = CARTESIAN_POINT('',(103.18622796322,0.,-8.));
#28 = VECTOR('',#29,1.);
#29 = DIRECTION('',(-0.5,0.866025403784,0.));
#30 = ORIENTED_EDGE('',*,*,#31,.T.);
#31 = EDGE_CURVE('',#24,#32,#34,.T.);
#32 = VERTEX_POINT('',#33);
#33 = CARTESIAN_POINT('',(53.133012740005,89.793659217212,-1.6));
#34 = B_SPLINE_CURVE_WITH_KNOTS('',3,(#35,#36,#37,#38,#39,#40,#41,#42),
  .UNSPECIFIED.,.F.,.F.,(4,2,2,4),(-0.58043832905,-0.17374069123,
    6.471645547664,6.878343185485),.UNSPECIFIED.);
#35 = CARTESIAN_POINT('',(52.183674841545,88.149357743528,-8.39168));
#36 = CARTESIAN_POINT('',(52.201924458138,88.180967006686,-8.26112));
#37 = CARTESIAN_POINT('',(52.220174074731,88.212576269844,-8.13056));
#38 = CARTESIAN_POINT('',(52.536620040884,88.760676761072,
    -5.866666666667));
#39 = CARTESIAN_POINT('',(52.834816390445,89.277167989142,
    -3.733333333333));
#40 = CARTESIAN_POINT('',(53.151262356598,89.82526848037,-1.46944));
#41 = CARTESIAN_POINT('',(53.169511973191,89.856877743528,-1.33888));
#42 = CARTESIAN_POINT('',(53.187761589784,89.888487006686,-1.20832));
#43 = ORIENTED_EDGE('',*,*,#44,.F.);
#44 = EDGE_CURVE('',#45,#32,#47,.T.);
#45 = VERTEX_POINT('',#46);
#46 = CARTESIAN_POINT('',(104.33009635087,1.117709203841,-1.6));
#47 = LINE('',#48,#49);
#48 = CARTESIAN_POINT('',(104.97540606058,0.,-1.6));
#49 = VECTOR('',#50,1.);
#50 = DIRECTION('',(-0.5,0.866025403784,0.));
#51 = ORIENTED_EDGE('',*,*,#52,.F.);
#52 = EDGE_CURVE('',#22,#45,#53,.T.);
#53 = B_SPLINE_CURVE_WITH_KNOTS('',3,(#54,#55,#56,#57,#58,#59,#60,#61),
  .UNSPECIFIED.,.F.,.F.,(4,2,2,4),(-0.58043832905,-0.17374069123,
    6.471645547664,6.878343185485),.UNSPECIFIED.);
#54 = CARTESIAN_POINT('',(102.43142055395,1.117709203841,-8.39168));
#55 = CARTESIAN_POINT('',(102.46791978713,1.117709203841,-8.26112));
#56 = CARTESIAN_POINT('',(102.50441902032,1.117709203841,-8.13056));
#57 = CARTESIAN_POINT('',(103.13731095262,1.117709203841,-5.866666666667
    ));
#58 = CARTESIAN_POINT('',(103.73370365175,1.117709203841,-3.733333333333
    ));
#59 = CARTESIAN_POINT('',(104.36659558405,1.117709203841,-1.46944));
#60 = CARTESIAN_POINT('',(104.40309481724,1.117709203841,-1.33888));
#61 = CARTESIAN_POINT('',(104.43959405042,1.117709203841,-1.20832));
#62 = B_SPLINE_SURFACE_WITH_KNOTS('',1,1,(
    (#63,#64)
    ,(#65,#66
    )),.UNSPECIFIED.,.F.,.F.,.F.,(2,2),(2,2),(0.,104.97540606058),(0.,1.
    ),.PIECEWISE_BEZIER_KNOTS.);
#63 = CARTESIAN_POINT('',(103.18622796322,0.,-8.));
#64 = CARTESIAN_POINT('',(104.97540606058,0.,-1.6));
#65 = CARTESIAN_POINT('',(51.593113981611,89.361894736842,-8.));
#66 = CARTESIAN_POINT('',(52.487703030292,90.911368421053,-1.6));
#67 = ADVANCED_FACE('',(#68,#247,#345,#443,#541,#639,#737,#835,#933,
    #1031,#1129),#1227,.T.);
#68 = FACE_BOUND('',#69,.T.);
#69 = EDGE_LOOP('',(#70,#71,#94,#102,#125,#133,#156,#164,#187,#195,#218,
    #226));
#70 = ORIENTED_EDGE('',*,*,#21,.F.);
#71 = ORIENTED_EDGE('',*,*,#72,.T.);
#72 = EDGE_CURVE('',#22,#73,#75,.T.);
#73 = VERTEX_POINT('',#74);
#74 = CARTESIAN_POINT('',(102.5409182535,-1.117709203841,-8.));
#75 = B_SPLINE_CURVE_WITH_KNOTS('',5,(#76,#77,#78,#79,#80,#81,#82,#83,
    #84,#85,#86,#87,#88,#89,#90,#91,#92,#93),.UNSPECIFIED.,.F.,.F.,(6,4,
    4,4,6),(0.,0.250041366866,0.499999479199,0.7503232811,1.),
  .UNSPECIFIED.);
#76 = CARTESIAN_POINT('',(102.5409182535,1.117709203841,-8.));
#77 = CARTESIAN_POINT('',(102.59751898227,1.019673865875,-8.));
#78 = CARTESIAN_POINT('',(102.64873858925,0.916887721664,-8.));
#79 = CARTESIAN_POINT('',(102.69382759797,0.809826577587,-8.));
#80 = CARTESIAN_POINT('',(102.73211502233,0.699169296231,-8.));
#81 = CARTESIAN_POINT('',(102.79413632766,0.472361785452,-8.));
#82 = CARTESIAN_POINT('',(102.8178757704,0.356211413622,-8.));
#83 = CARTESIAN_POINT('',(102.83387636517,0.238123585722,-8.));
#84 = CARTESIAN_POINT('',(102.84187552995,0.11906176054,-8.));
#85 = CARTESIAN_POINT('',(102.84187566351,-0.119233463304,-8.));
#86 = CARTESIAN_POINT('',(102.83385321151,-0.238469496328,-8.));
#87 = CARTESIAN_POINT('',(102.81780588671,-0.356727252275,-8.));
#88 = CARTESIAN_POINT('',(102.79399783262,-0.473039066246,-8.));
#89 = CARTESIAN_POINT('',(102.73189158824,-0.699814759011,-8.));
#90 = CARTESIAN_POINT('',(102.69363029163,-0.810294955762,-8.));
#91 = CARTESIAN_POINT('',(102.6485891832,-0.917187509378,-8.));
#92 = CARTESIAN_POINT('',(102.59743643873,-1.019816835481,-8.));
#93 = CARTESIAN_POINT('',(102.5409182535,-1.117709203841,-8.));
#94 = ORIENTED_EDGE('',*,*,#95,.F.);
#95 = EDGE_CURVE('',#96,#73,#98,.T.);
#96 = VERTEX_POINT('',#97);
#97 = CARTESIAN_POINT('',(52.238423691324,-88.244185533,-8.));
#98 = LINE('',#99,#100);
#99 = CARTESIAN_POINT('',(51.593113981611,-89.36189473684,-8.));
#100 = VECTOR('',#101,1.);
#101 = DIRECTION('',(0.5,0.866025403784,0.));
#102 = ORIENTED_EDGE('',*,*,#103,.F.);
#103 = EDGE_CURVE('',#104,#96,#106,.T.);
#104 = VERTEX_POINT('',#105);
#105 = CARTESIAN_POINT('',(50.302494562185,-89.36189473684,-8.));
#106 = B_SPLINE_CURVE_WITH_KNOTS('',5,(#107,#108,#109,#110,#111,#112,
    #113,#114,#115,#116,#117,#118,#119,#120,#121,#122,#123,#124),
  .UNSPECIFIED.,.F.,.F.,(6,4,4,4,6),(0.,0.250041366866,0.499999479199,
    0.7503232811,1.),.UNSPECIFIED.);
#107 = CARTESIAN_POINT('',(50.302494562185,-89.36189473684,-8.));
#108 = CARTESIAN_POINT('',(50.415696019714,-89.36189473684,-8.));
#109 = CARTESIAN_POINT('',(50.530321235246,-89.35485914555,-8.));
#110 = CARTESIAN_POINT('',(50.645583410139,-89.3403768005,-8.));
#111 = CARTESIAN_POINT('',(50.760559139085,-89.31820604196,-8.));
#112 = CARTESIAN_POINT('',(50.987990857855,-89.25851431256,-8.));
#113 = CARTESIAN_POINT('',(51.100449751885,-89.22099808713,-8.));
#114 = CARTESIAN_POINT('',(51.210717108113,-89.17581109473,-8.));
#115 = CARTESIAN_POINT('',(51.317827255728,-89.12320766204,-8.));
#116 = CARTESIAN_POINT('',(51.524197039962,-89.00406016579,-8.));
#117 = CARTESIAN_POINT('',(51.623447247604,-88.93749450204,-8.));
#118 = CARTESIAN_POINT('',(51.717837806049,-88.86446823313,-8.));
#119 = CARTESIAN_POINT('',(51.806662764664,-88.78569394649,-8.));
#120 = CARTESIAN_POINT('',(51.972003153371,-88.61852051474,-8.));
#121 = CARTESIAN_POINT('',(52.048551162065,-88.53014516152,-8.));
#122 = CARTESIAN_POINT('',(52.118602274757,-88.43769214059,-8.));
#123 = CARTESIAN_POINT('',(52.1819055061,-88.34207790136,-8.));
#124 = CARTESIAN_POINT('',(52.238423691324,-88.244185533,-8.));
#125 = ORIENTED_EDGE('',*,*,#126,.F.);
#126 = EDGE_CURVE('',#127,#104,#129,.T.);
#127 = VERTEX_POINT('',#128);
#128 = CARTESIAN_POINT('',(-50.30249456218,-89.36189473684,-8.));
#129 = LINE('',#130,#131);
#130 = CARTESIAN_POINT('',(-51.59311398161,-89.36189473684,-8.));
#131 = VECTOR('',#132,1.);
#132 = DIRECTION('',(1.,-2.754409187293E-16,0.));
#133 = ORIENTED_EDGE('',*,*,#134,.F.);
#134 = EDGE_CURVE('',#135,#127,#137,.T.);
#135 = VERTEX_POINT('',#136);
#136 = CARTESIAN_POINT('',(-52.23842369132,-88.244185533,-8.));
#137 = B_SPLINE_CURVE_WITH_KNOTS('',5,(#138,#139,#140,#141,#142,#143,
    #144,#145,#146,#147,#148,#149,#150,#151,#152,#153,#154,#155),
  .UNSPECIFIED.,.F.,.F.,(6,4,4,4,6),(0.,0.250041366866,0.499999479199,
    0.7503232811,1.),.UNSPECIFIED.);
#138 = CARTESIAN_POINT('',(-52.23842369132,-88.244185533,-8.));
#139 = CARTESIAN_POINT('',(-52.18182296255,-88.34222087096,-8.));
#140 = CARTESIAN_POINT('',(-52.118417354,-88.43797142388,-8.));
#141 = CARTESIAN_POINT('',(-52.04824418783,-88.53055022291,-8.));
#142 = CARTESIAN_POINT('',(-51.97155588324,-88.61903674573,-8.));
#143 = CARTESIAN_POINT('',(-51.80614546981,-88.78615252711,-8.));
#144 = CARTESIAN_POINT('',(-51.71742601851,-88.8647866735,-8.));
#145 = CARTESIAN_POINT('',(-51.62315925706,-88.93768750901,-8.));
#146 = CARTESIAN_POINT('',(-51.52404827422,-89.0041459015,-8.));
#147 = CARTESIAN_POINT('',(-51.31767862355,-89.1232936291,-8.));
#148 = CARTESIAN_POINT('',(-51.2104059639,-89.17596399837,-8.));
#149 = CARTESIAN_POINT('',(-51.09996808066,-89.2211954854,-8.));
#150 = CARTESIAN_POINT('',(-50.98733506796,-89.25873301273,-8.));
#151 = CARTESIAN_POINT('',(-50.75988843487,-89.31833527375,-8.));
#152 = CARTESIAN_POINT('',(-50.64507912956,-89.34044011728,-8.));
#153 = CARTESIAN_POINT('',(-50.52998690844,-89.35487964997,-8.));
#154 = CARTESIAN_POINT('',(-50.41553093263,-89.36189473684,-8.));
#155 = CARTESIAN_POINT('',(-50.30249456218,-89.36189473684,-8.));
#156 = ORIENTED_EDGE('',*,*,#157,.F.);
#157 = EDGE_CURVE('',#158,#135,#160,.T.);
#158 = VERTEX_POINT('',#159);
#159 = CARTESIAN_POINT('',(-102.5409182535,-1.117709203841,-8.));
#160 = LINE('',#161,#162);
#161 = CARTESIAN_POINT('',(-103.1862279632,1.263666837912E-14,-8.));
#162 = VECTOR('',#163,1.);
#163 = DIRECTION('',(0.5,-0.866025403784,0.));
#164 = ORIENTED_EDGE('',*,*,#165,.F.);
#165 = EDGE_CURVE('',#166,#158,#168,.T.);
#166 = VERTEX_POINT('',#167);
#167 = CARTESIAN_POINT('',(-102.5409182535,1.117709203841,-8.));
#168 = B_SPLINE_CURVE_WITH_KNOTS('',5,(#169,#170,#171,#172,#173,#174,
    #175,#176,#177,#178,#179,#180,#181,#182,#183,#184,#185,#186),
  .UNSPECIFIED.,.F.,.F.,(6,4,4,4,6),(0.,0.250041366875,0.499999479199,
    0.7503232811,1.),.UNSPECIFIED.);
#169 = CARTESIAN_POINT('',(-102.5409182535,1.117709203841,-8.));
#170 = CARTESIAN_POINT('',(-102.5975189822,1.019673865872,-8.));
#171 = CARTESIAN_POINT('',(-102.6487385892,0.916887721657,-8.));
#172 = CARTESIAN_POINT('',(-102.6938275979,0.809826577576,-8.));
#173 = CARTESIAN_POINT('',(-102.7321150223,0.699169296217,-8.));
#174 = CARTESIAN_POINT('',(-102.7941363276,0.472361785437,-8.));
#175 = CARTESIAN_POINT('',(-102.8178757704,0.356211413611,-8.));
#176 = CARTESIAN_POINT('',(-102.8338763651,0.238123585714,-8.));
#177 = CARTESIAN_POINT('',(-102.8418755299,0.119061760536,-8.));
#178 = CARTESIAN_POINT('',(-102.8418756635,-0.119233463304,-8.));
#179 = CARTESIAN_POINT('',(-102.8338532115,-0.238469496328,-8.));
#180 = CARTESIAN_POINT('',(-102.8178058867,-0.356727252275,-8.));
#181 = CARTESIAN_POINT('',(-102.7939978326,-0.473039066246,-8.));
#182 = CARTESIAN_POINT('',(-102.7318915882,-0.699814759011,-8.));
#183 = CARTESIAN_POINT('',(-102.6936302916,-0.810294955762,-8.));
#184 = CARTESIAN_POINT('',(-102.6485891832,-0.917187509378,-8.));
#185 = CARTESIAN_POINT('',(-102.5974364387,-1.019816835481,-8.));
#186 = CARTESIAN_POINT('',(-102.5409182535,-1.117709203841,-8.));
#187 = ORIENTED_EDGE('',*,*,#188,.F.);
#188 = EDGE_CURVE('',#189,#166,#191,.T.);
#189 = VERTEX_POINT('',#190);
#190 = CARTESIAN_POINT('',(-52.23842369132,88.244185533001,-8.));
#191 = LINE('',#192,#193);
#192 = CARTESIAN_POINT('',(-51.59311398161,89.361894736842,-8.));
#193 = VECTOR('',#194,1.);
#194 = DIRECTION('',(-0.5,-0.866025403784,0.));
#195 = ORIENTED_EDGE('',*,*,#196,.F.);
#196 = EDGE_CURVE('',#197,#189,#199,.T.);
#197 = VERTEX_POINT('',#198);
#198 = CARTESIAN_POINT('',(-50.30249456218,89.361894736842,-8.));
#199 = B_SPLINE_CURVE_WITH_KNOTS('',5,(#200,#201,#202,#203,#204,#205,
    #206,#207,#208,#209,#210,#211,#212,#213,#214,#215,#216,#217),
  .UNSPECIFIED.,.F.,.F.,(6,4,4,4,6),(0.,0.250041366874,0.499999479199,
    0.7503232811,1.),.UNSPECIFIED.);
#200 = CARTESIAN_POINT('',(-50.30249456218,89.361894736842,-8.));
#201 = CARTESIAN_POINT('',(-50.41569601971,89.361894736842,-8.));
#202 = CARTESIAN_POINT('',(-50.53032123525,89.35485914555,-8.));
#203 = CARTESIAN_POINT('',(-50.64558341015,89.340376800501,-8.));
#204 = CARTESIAN_POINT('',(-50.7605591391,89.318206041959,-8.));
#205 = CARTESIAN_POINT('',(-50.98799085786,89.258514312561,-8.));
#206 = CARTESIAN_POINT('',(-51.10044975189,89.220998087125,-8.));
#207 = CARTESIAN_POINT('',(-51.21071710812,89.17581109473,-8.));
#208 = CARTESIAN_POINT('',(-51.31782725573,89.123207662042,-8.));
#209 = CARTESIAN_POINT('',(-51.52419703996,89.004060165796,-8.));
#210 = CARTESIAN_POINT('',(-51.6234472476,88.937494502045,-8.));
#211 = CARTESIAN_POINT('',(-51.71783780604,88.864468233133,-8.));
#212 = CARTESIAN_POINT('',(-51.80666276466,88.785693946493,-8.));
#213 = CARTESIAN_POINT('',(-51.97200315337,88.618520514747,-8.));
#214 = CARTESIAN_POINT('',(-52.04855116206,88.53014516152,-8.));
#215 = CARTESIAN_POINT('',(-52.11860227475,88.437692140599,-8.));
#216 = CARTESIAN_POINT('',(-52.1819055061,88.342077901361,-8.));
#217 = CARTESIAN_POINT('',(-52.23842369132,88.244185533001,-8.));
#218 = ORIENTED_EDGE('',*,*,#219,.F.);
#219 = EDGE_CURVE('',#220,#197,#222,.T.);
#220 = VERTEX_POINT('',#221);
#221 = CARTESIAN_POINT('',(50.302494562185,89.361894736842,-8.));
#222 = LINE('',#223,#224);
#223 = CARTESIAN_POINT('',(51.593113981611,89.361894736842,-8.));
#224 = VECTOR('',#225,1.);
#225 = DIRECTION('',(-1.,1.377204593647E-16,0.));
#226 = ORIENTED_EDGE('',*,*,#227,.F.);
#227 = EDGE_CURVE('',#24,#220,#228,.T.);
#228 = B_SPLINE_CURVE_WITH_KNOTS('',5,(#229,#230,#231,#232,#233,#234,
    #235,#236,#237,#238,#239,#240,#241,#242,#243,#244,#245,#246),
  .UNSPECIFIED.,.F.,.F.,(6,4,4,4,6),(0.,0.25004136686,0.499999479199,
    0.7503232811,1.),.UNSPECIFIED.);
#229 = CARTESIAN_POINT('',(52.238423691324,88.244185533001,-8.));
#230 = CARTESIAN_POINT('',(52.181822962561,88.342220870965,-8.));
#231 = CARTESIAN_POINT('',(52.118417354007,88.437971423882,-8.));
#232 = CARTESIAN_POINT('',(52.048244187844,88.530550222909,-8.));
#233 = CARTESIAN_POINT('',(51.971555883257,88.619036745722,-8.));
#234 = CARTESIAN_POINT('',(51.80614546982,88.786152527106,-8.));
#235 = CARTESIAN_POINT('',(51.717426018521,88.864786673502,-8.));
#236 = CARTESIAN_POINT('',(51.623159257069,88.937687509008,-8.));
#237 = CARTESIAN_POINT('',(51.524048274224,89.004145901503,-8.));
#238 = CARTESIAN_POINT('',(51.317678623557,89.1232936291,-8.));
#239 = CARTESIAN_POINT('',(51.210405963908,89.175963998374,-8.));
#240 = CARTESIAN_POINT('',(51.099968080664,89.221195485408,-8.));
#241 = CARTESIAN_POINT('',(50.987335067961,89.258733012739,-8.));
#242 = CARTESIAN_POINT('',(50.759888434878,89.318335273758,-8.));
#243 = CARTESIAN_POINT('',(50.645079129568,89.340440117282,-8.));
#244 = CARTESIAN_POINT('',(50.529986908447,89.354879649977,-8.));
#245 = CARTESIAN_POINT('',(50.415530932633,89.361894736842,-8.));
#246 = CARTESIAN_POINT('',(50.302494562185,89.361894736842,-8.));
#247 = FACE_BOUND('',#248,.T.);
#248 = EDGE_LOOP('',(#249,#259,#267,#275,#283,#291,#299,#307,#315,#323,
    #331,#339));
#249 = ORIENTED_EDGE('',*,*,#250,.F.);
#250 = EDGE_CURVE('',#251,#253,#255,.T.);
#251 = VERTEX_POINT('',#252);
#252 = CARTESIAN_POINT('',(63.496296054839,-35.4471680545,-8.));
#253 = VERTEX_POINT('',#254);
#254 = CARTESIAN_POINT('',(64.862185550804,-36.23576472268,-8.));
#255 = LINE('',#256,#257);
#256 = CARTESIAN_POINT('',(69.921399489347,-39.15670325199,-8.));
#257 = VECTOR('',#258,1.);
#258 = DIRECTION('',(0.866025403784,-0.5,0.));
#259 = ORIENTED_EDGE('',*,*,#260,.T.);
#260 = EDGE_CURVE('',#251,#261,#263,.T.);
#261 = VERTEX_POINT('',#262);
#262 = CARTESIAN_POINT('',(62.446296054839,-37.26582140245,-8.));
#263 = LINE('',#264,#265);
#264 = CARTESIAN_POINT('',(75.607074550242,-14.47068438125,-8.));
#265 = VECTOR('',#266,1.);
#266 = DIRECTION('',(-0.5,-0.866025403784,-0.));
#267 = ORIENTED_EDGE('',*,*,#268,.T.);
#268 = EDGE_CURVE('',#261,#269,#271,.T.);
#269 = VERTEX_POINT('',#270);
#270 = CARTESIAN_POINT('',(63.812185550804,-38.05441807063,-8.));
#271 = LINE('',#272,#273);
#272 = CARTESIAN_POINT('',(68.871399489347,-40.97535659993,-8.));
#273 = VECTOR('',#274,1.);
#274 = DIRECTION('',(0.866025403784,-0.5,0.));
#275 = ORIENTED_EDGE('',*,*,#276,.T.);
#276 = EDGE_CURVE('',#269,#277,#279,.T.);
#277 = VERTEX_POINT('',#278);
#278 = CARTESIAN_POINT('',(63.062185550804,-39.35345617631,-8.));
#279 = LINE('',#280,#281);
#280 = CARTESIAN_POINT('',(76.597964046207,-15.90880010227,-8.));
#281 = VECTOR('',#282,1.);
#282 = DIRECTION('',(-0.5,-0.866025403784,-0.));
#283 = ORIENTED_EDGE('',*,*,#284,.T.);
#284 = EDGE_CURVE('',#277,#285,#287,.T.);
#285 = VERTEX_POINT('',#286);
#286 = CARTESIAN_POINT('',(64.974430845155,-40.45749151176,-8.));
#287 = LINE('',#288,#289);
#288 = CARTESIAN_POINT('',(68.739128817006,-42.63104089922,-8.));
#289 = VECTOR('',#290,1.);
#290 = DIRECTION('',(0.866025403784,-0.5,0.));
#291 = ORIENTED_EDGE('',*,*,#292,.F.);
#292 = EDGE_CURVE('',#293,#285,#295,.T.);
#293 = VERTEX_POINT('',#294);
#294 = CARTESIAN_POINT('',(65.724430845155,-39.15845340608,-8.));
#295 = LINE('',#296,#297);
#296 = CARTESIAN_POINT('',(78.510209340558,-17.01283543772,-8.));
#297 = VECTOR('',#298,1.);
#298 = DIRECTION('',(-0.5,-0.866025403784,-0.));
#299 = ORIENTED_EDGE('',*,*,#300,.T.);
#300 = EDGE_CURVE('',#293,#301,#303,.T.);
#301 = VERTEX_POINT('',#302);
#302 = CARTESIAN_POINT('',(67.09032034112,-39.94705007426,-8.));
#303 = LINE('',#304,#305);
#304 = CARTESIAN_POINT('',(68.871399489347,-40.97535659993,-8.));
#305 = VECTOR('',#306,1.);
#306 = DIRECTION('',(0.866025403784,-0.5,0.));
#307 = ORIENTED_EDGE('',*,*,#308,.F.);
#308 = EDGE_CURVE('',#309,#301,#311,.T.);
#309 = VERTEX_POINT('',#310);
#310 = CARTESIAN_POINT('',(68.14032034112,-38.12839672631,-8.));
#311 = LINE('',#312,#313);
#312 = CARTESIAN_POINT('',(80.251098836523,-17.15191305306,-8.));
#313 = VECTOR('',#314,1.);
#314 = DIRECTION('',(-0.5,-0.866025403784,-0.));
#315 = ORIENTED_EDGE('',*,*,#316,.F.);
#316 = EDGE_CURVE('',#317,#309,#319,.T.);
#317 = VERTEX_POINT('',#318);
#318 = CARTESIAN_POINT('',(66.774430845155,-37.33980005813,-8.));
#319 = LINE('',#320,#321);
#320 = CARTESIAN_POINT('',(69.921399489347,-39.15670325199,-8.));
#321 = VECTOR('',#322,1.);
#322 = DIRECTION('',(0.866025403784,-0.5,0.));
#323 = ORIENTED_EDGE('',*,*,#324,.F.);
#324 = EDGE_CURVE('',#325,#317,#327,.T.);
#325 = VERTEX_POINT('',#326);
#326 = CARTESIAN_POINT('',(67.524430845155,-36.04076195245,-8.));
#327 = LINE('',#328,#329);
#328 = CARTESIAN_POINT('',(78.510209340558,-17.01283543772,-8.));
#329 = VECTOR('',#330,1.);
#330 = DIRECTION('',(-0.5,-0.866025403784,-0.));
#331 = ORIENTED_EDGE('',*,*,#332,.F.);
#332 = EDGE_CURVE('',#333,#325,#335,.T.);
#333 = VERTEX_POINT('',#334);
#334 = CARTESIAN_POINT('',(65.612185550804,-34.936726617,-8.));
#335 = LINE('',#336,#337);
#336 = CARTESIAN_POINT('',(71.289128817006,-38.21431133992,-8.));
#337 = VECTOR('',#338,1.);
#338 = DIRECTION('',(0.866025403784,-0.5,0.));
#339 = ORIENTED_EDGE('',*,*,#340,.T.);
#340 = EDGE_CURVE('',#333,#253,#341,.T.);
#341 = LINE('',#342,#343);
#342 = CARTESIAN_POINT('',(76.597964046207,-15.90880010227,-8.));
#343 = VECTOR('',#344,1.);
#344 = DIRECTION('',(-0.5,-0.866025403784,-0.));
#345 = FACE_BOUND('',#346,.T.);
#346 = EDGE_LOOP('',(#347,#357,#365,#373,#381,#389,#397,#405,#413,#421,
    #429,#437));
#347 = ORIENTED_EDGE('',*,*,#348,.F.);
#348 = EDGE_CURVE('',#349,#351,#353,.T.);
#349 = VERTEX_POINT('',#350);
#350 = CARTESIAN_POINT('',(1.5,-3.,-8.));
#351 = VERTEX_POINT('',#352);
#352 = CARTESIAN_POINT('',(3.,-3.,-8.));
#353 = LINE('',#354,#355);
#354 = CARTESIAN_POINT('',(52.343113981611,-3.,-8.));
#355 = VECTOR('',#356,1.);
#356 = DIRECTION('',(1.,0.,0.));
#357 = ORIENTED_EDGE('',*,*,#358,.T.);
#358 = EDGE_CURVE('',#349,#359,#361,.T.);
#359 = VERTEX_POINT('',#360);
#360 = CARTESIAN_POINT('',(1.5,-5.,-8.));
#361 = LINE('',#362,#363);
#362 = CARTESIAN_POINT('',(1.5,-2.5,-8.));
#363 = VECTOR('',#364,1.);
#364 = DIRECTION('',(0.,-1.,0.));
#365 = ORIENTED_EDGE('',*,*,#366,.T.);
#366 = EDGE_CURVE('',#359,#367,#369,.T.);
#367 = VERTEX_POINT('',#368);
#368 = CARTESIAN_POINT('',(3.,-5.,-8.));
#369 = LINE('',#370,#371);
#370 = CARTESIAN_POINT('',(52.343113981611,-5.,-8.));
#371 = VECTOR('',#372,1.);
#372 = DIRECTION('',(1.,0.,0.));
#373 = ORIENTED_EDGE('',*,*,#374,.T.);
#374 = EDGE_CURVE('',#367,#375,#377,.T.);
#375 = VERTEX_POINT('',#376);
#376 = CARTESIAN_POINT('',(3.,-6.5,-8.));
#377 = LINE('',#378,#379);
#378 = CARTESIAN_POINT('',(3.,-3.25,-8.));
#379 = VECTOR('',#380,1.);
#380 = DIRECTION('',(0.,-1.,0.));
#381 = ORIENTED_EDGE('',*,*,#382,.T.);
#382 = EDGE_CURVE('',#375,#383,#385,.T.);
#383 = VERTEX_POINT('',#384);
#384 = CARTESIAN_POINT('',(5.,-6.5,-8.));
#385 = LINE('',#386,#387);
#386 = CARTESIAN_POINT('',(53.093113981611,-6.5,-8.));
#387 = VECTOR('',#388,1.);
#388 = DIRECTION('',(1.,0.,0.));
#389 = ORIENTED_EDGE('',*,*,#390,.F.);
#390 = EDGE_CURVE('',#391,#383,#393,.T.);
#391 = VERTEX_POINT('',#392);
#392 = CARTESIAN_POINT('',(5.,-5.,-8.));
#393 = LINE('',#394,#395);
#394 = CARTESIAN_POINT('',(5.,-3.25,-8.));
#395 = VECTOR('',#396,1.);
#396 = DIRECTION('',(0.,-1.,0.));
#397 = ORIENTED_EDGE('',*,*,#398,.T.);
#398 = EDGE_CURVE('',#391,#399,#401,.T.);
#399 = VERTEX_POINT('',#400);
#400 = CARTESIAN_POINT('',(6.5,-5.,-8.));
#401 = LINE('',#402,#403);
#402 = CARTESIAN_POINT('',(52.343113981611,-5.,-8.));
#403 = VECTOR('',#404,1.);
#404 = DIRECTION('',(1.,0.,0.));
#405 = ORIENTED_EDGE('',*,*,#406,.F.);
#406 = EDGE_CURVE('',#407,#399,#409,.T.);
#407 = VERTEX_POINT('',#408);
#408 = CARTESIAN_POINT('',(6.5,-3.,-8.));
#409 = LINE('',#410,#411);
#410 = CARTESIAN_POINT('',(6.5,-2.5,-8.));
#411 = VECTOR('',#412,1.);
#412 = DIRECTION('',(0.,-1.,0.));
#413 = ORIENTED_EDGE('',*,*,#414,.F.);
#414 = EDGE_CURVE('',#415,#407,#417,.T.);
#415 = VERTEX_POINT('',#416);
#416 = CARTESIAN_POINT('',(5.,-3.,-8.));
#417 = LINE('',#418,#419);
#418 = CARTESIAN_POINT('',(52.343113981611,-3.,-8.));
#419 = VECTOR('',#420,1.);
#420 = DIRECTION('',(1.,0.,0.));
#421 = ORIENTED_EDGE('',*,*,#422,.F.);
#422 = EDGE_CURVE('',#423,#415,#425,.T.);
#423 = VERTEX_POINT('',#424);
#424 = CARTESIAN_POINT('',(5.,-1.5,-8.));
#425 = LINE('',#426,#427);
#426 = CARTESIAN_POINT('',(5.,-3.25,-8.));
#427 = VECTOR('',#428,1.);
#428 = DIRECTION('',(0.,-1.,0.));
#429 = ORIENTED_EDGE('',*,*,#430,.F.);
#430 = EDGE_CURVE('',#431,#423,#433,.T.);
#431 = VERTEX_POINT('',#432);
#432 = CARTESIAN_POINT('',(3.,-1.5,-8.));
#433 = LINE('',#434,#435);
#434 = CARTESIAN_POINT('',(53.093113981611,-1.5,-8.));
#435 = VECTOR('',#436,1.);
#436 = DIRECTION('',(1.,0.,0.));
#437 = ORIENTED_EDGE('',*,*,#438,.T.);
#438 = EDGE_CURVE('',#431,#351,#439,.T.);
#439 = LINE('',#440,#441);
#440 = CARTESIAN_POINT('',(3.,-3.25,-8.));
#441 = VECTOR('',#442,1.);
#442 = DIRECTION('',(0.,-1.,0.));
#443 = FACE_BOUND('',#444,.T.);
#444 = EDGE_LOOP('',(#445,#455,#463,#471,#479,#487,#495,#503,#511,#519,
    #527,#535));
#445 = ORIENTED_EDGE('',*,*,#446,.F.);
#446 = EDGE_CURVE('',#447,#449,#451,.T.);
#447 = VERTEX_POINT('',#448);
#448 = CARTESIAN_POINT('',(1.05,-72.71298945696,-8.));
#449 = VERTEX_POINT('',#450);
#450 = CARTESIAN_POINT('',(1.05,-74.29018279331,-8.));
#451 = LINE('',#452,#453);
#452 = CARTESIAN_POINT('',(1.05,-35.4511124835,-8.));
#453 = VECTOR('',#454,1.);
#454 = DIRECTION('',(-1.836970198721E-16,-1.,-0.));
#455 = ORIENTED_EDGE('',*,*,#456,.T.);
#456 = EDGE_CURVE('',#447,#457,#459,.T.);
#457 = VERTEX_POINT('',#458);
#458 = CARTESIAN_POINT('',(-1.05,-72.71298945696,-8.));
#459 = LINE('',#460,#461);
#460 = CARTESIAN_POINT('',(51.068113981611,-72.71298945696,-8.));
#461 = VECTOR('',#462,1.);
#462 = DIRECTION('',(-1.,1.836970198721E-16,0.));
#463 = ORIENTED_EDGE('',*,*,#464,.T.);
#464 = EDGE_CURVE('',#457,#465,#467,.T.);
#465 = VERTEX_POINT('',#466);
#466 = CARTESIAN_POINT('',(-1.05,-74.29018279331,-8.));
#467 = LINE('',#468,#469);
#468 = CARTESIAN_POINT('',(-1.05,-35.4511124835,-8.));
#469 = VECTOR('',#470,1.);
#470 = DIRECTION('',(-1.836970198721E-16,-1.,-0.));
#471 = ORIENTED_EDGE('',*,*,#472,.T.);
#472 = EDGE_CURVE('',#465,#473,#475,.T.);
#473 = VERTEX_POINT('',#474);
#474 = CARTESIAN_POINT('',(-2.55,-74.29018279331,-8.));
#475 = LINE('',#476,#477);
#476 = CARTESIAN_POINT('',(50.318113981611,-74.29018279331,-8.));
#477 = VECTOR('',#478,1.);
#478 = DIRECTION('',(-1.,1.836970198721E-16,0.));
#479 = ORIENTED_EDGE('',*,*,#480,.T.);
#480 = EDGE_CURVE('',#473,#481,#483,.T.);
#481 = VERTEX_POINT('',#482);
#482 = CARTESIAN_POINT('',(-2.55,-76.49825346421,-8.));
#483 = LINE('',#484,#485);
#484 = CARTESIAN_POINT('',(-2.55,-36.16440487073,-8.));
#485 = VECTOR('',#486,1.);
#486 = DIRECTION('',(-1.836970198721E-16,-1.,-0.));
#487 = ORIENTED_EDGE('',*,*,#488,.F.);
#488 = EDGE_CURVE('',#489,#481,#491,.T.);
#489 = VERTEX_POINT('',#490);
#490 = CARTESIAN_POINT('',(-1.05,-76.49825346421,-8.));
#491 = LINE('',#492,#493);
#492 = CARTESIAN_POINT('',(50.318113981611,-76.49825346421,-8.));
#493 = VECTOR('',#494,1.);
#494 = DIRECTION('',(-1.,1.836970198721E-16,0.));
#495 = ORIENTED_EDGE('',*,*,#496,.T.);
#496 = EDGE_CURVE('',#489,#497,#499,.T.);
#497 = VERTEX_POINT('',#498);
#498 = CARTESIAN_POINT('',(-1.05,-78.07544680057,-8.));
#499 = LINE('',#500,#501);
#500 = CARTESIAN_POINT('',(-1.05,-35.4511124835,-8.));
#501 = VECTOR('',#502,1.);
#502 = DIRECTION('',(-1.836970198721E-16,-1.,-0.));
#503 = ORIENTED_EDGE('',*,*,#504,.F.);
#504 = EDGE_CURVE('',#505,#497,#507,.T.);
#505 = VERTEX_POINT('',#506);
#506 = CARTESIAN_POINT('',(1.05,-78.07544680057,-8.));
#507 = LINE('',#508,#509);
#508 = CARTESIAN_POINT('',(51.068113981611,-78.07544680057,-8.));
#509 = VECTOR('',#510,1.);
#510 = DIRECTION('',(-1.,1.836970198721E-16,0.));
#511 = ORIENTED_EDGE('',*,*,#512,.F.);
#512 = EDGE_CURVE('',#513,#505,#515,.T.);
#513 = VERTEX_POINT('',#514);
#514 = CARTESIAN_POINT('',(1.05,-76.49825346421,-8.));
#515 = LINE('',#516,#517);
#516 = CARTESIAN_POINT('',(1.05,-35.4511124835,-8.));
#517 = VECTOR('',#518,1.);
#518 = DIRECTION('',(-1.836970198721E-16,-1.,-0.));
#519 = ORIENTED_EDGE('',*,*,#520,.F.);
#520 = EDGE_CURVE('',#521,#513,#523,.T.);
#521 = VERTEX_POINT('',#522);
#522 = CARTESIAN_POINT('',(2.55,-76.49825346421,-8.));
#523 = LINE('',#524,#525);
#524 = CARTESIAN_POINT('',(50.318113981611,-76.49825346421,-8.));
#525 = VECTOR('',#526,1.);
#526 = DIRECTION('',(-1.,1.836970198721E-16,0.));
#527 = ORIENTED_EDGE('',*,*,#528,.F.);
#528 = EDGE_CURVE('',#529,#521,#531,.T.);
#529 = VERTEX_POINT('',#530);
#530 = CARTESIAN_POINT('',(2.55,-74.29018279331,-8.));
#531 = LINE('',#532,#533);
#532 = CARTESIAN_POINT('',(2.55,-36.16440487073,-8.));
#533 = VECTOR('',#534,1.);
#534 = DIRECTION('',(-1.836970198721E-16,-1.,-0.));
#535 = ORIENTED_EDGE('',*,*,#536,.T.);
#536 = EDGE_CURVE('',#529,#449,#537,.T.);
#537 = LINE('',#538,#539);
#538 = CARTESIAN_POINT('',(50.318113981611,-74.29018279331,-8.));
#539 = VECTOR('',#540,1.);
#540 = DIRECTION('',(-1.,1.836970198721E-16,0.));
#541 = FACE_BOUND('',#542,.T.);
#542 = EDGE_LOOP('',(#543,#553,#561,#569,#577,#585,#593,#601,#609,#617,
    #625,#633));
#543 = ORIENTED_EDGE('',*,*,#544,.F.);
#544 = EDGE_CURVE('',#545,#547,#549,.T.);
#545 = VERTEX_POINT('',#546);
#546 = CARTESIAN_POINT('',(-6.5,-3.,-8.));
#547 = VERTEX_POINT('',#548);
#548 = CARTESIAN_POINT('',(-5.,-3.,-8.));
#549 = LINE('',#550,#551);
#550 = CARTESIAN_POINT('',(48.343113981611,-3.,-8.));
#551 = VECTOR('',#552,1.);
#552 = DIRECTION('',(1.,0.,0.));
#553 = ORIENTED_EDGE('',*,*,#554,.T.);
#554 = EDGE_CURVE('',#545,#555,#557,.T.);
#555 = VERTEX_POINT('',#556);
#556 = CARTESIAN_POINT('',(-6.5,-5.,-8.));
#557 = LINE('',#558,#559);
#558 = CARTESIAN_POINT('',(-6.5,-2.5,-8.));
#559 = VECTOR('',#560,1.);
#560 = DIRECTION('',(0.,-1.,0.));
#561 = ORIENTED_EDGE('',*,*,#562,.T.);
#562 = EDGE_CURVE('',#555,#563,#565,.T.);
#563 = VERTEX_POINT('',#564);
#564 = CARTESIAN_POINT('',(-5.,-5.,-8.));
#565 = LINE('',#566,#567);
#566 = CARTESIAN_POINT('',(48.343113981611,-5.,-8.));
#567 = VECTOR('',#568,1.);
#568 = DIRECTION('',(1.,0.,0.));
#569 = ORIENTED_EDGE('',*,*,#570,.T.);
#570 = EDGE_CURVE('',#563,#571,#573,.T.);
#571 = VERTEX_POINT('',#572);
#572 = CARTESIAN_POINT('',(-5.,-6.5,-8.));
#573 = LINE('',#574,#575);
#574 = CARTESIAN_POINT('',(-5.,-3.25,-8.));
#575 = VECTOR('',#576,1.);
#576 = DIRECTION('',(0.,-1.,0.));
#577 = ORIENTED_EDGE('',*,*,#578,.T.);
#578 = EDGE_CURVE('',#571,#579,#581,.T.);
#579 = VERTEX_POINT('',#580);
#580 = CARTESIAN_POINT('',(-3.,-6.5,-8.));
#581 = LINE('',#582,#583);
#582 = CARTESIAN_POINT('',(49.093113981611,-6.5,-8.));
#583 = VECTOR('',#584,1.);
#584 = DIRECTION('',(1.,0.,0.));
#585 = ORIENTED_EDGE('',*,*,#586,.F.);
#586 = EDGE_CURVE('',#587,#579,#589,.T.);
#587 = VERTEX_POINT('',#588);
#588 = CARTESIAN_POINT('',(-3.,-5.,-8.));
#589 = LINE('',#590,#591);
#590 = CARTESIAN_POINT('',(-3.,-3.25,-8.));
#591 = VECTOR('',#592,1.);
#592 = DIRECTION('',(0.,-1.,0.));
#593 = ORIENTED_EDGE('',*,*,#594,.T.);
#594 = EDGE_CURVE('',#587,#595,#597,.T.);
#595 = VERTEX_POINT('',#596);
#596 = CARTESIAN_POINT('',(-1.5,-5.,-8.));
#597 = LINE('',#598,#599);
#598 = CARTESIAN_POINT('',(48.343113981611,-5.,-8.));
#599 = VECTOR('',#600,1.);
#600 = DIRECTION('',(1.,0.,0.));
#601 = ORIENTED_EDGE('',*,*,#602,.F.);
#602 = EDGE_CURVE('',#603,#595,#605,.T.);
#603 = VERTEX_POINT('',#604);
#604 = CARTESIAN_POINT('',(-1.5,-3.,-8.));
#605 = LINE('',#606,#607);
#606 = CARTESIAN_POINT('',(-1.5,-2.5,-8.));
#607 = VECTOR('',#608,1.);
#608 = DIRECTION('',(0.,-1.,0.));
#609 = ORIENTED_EDGE('',*,*,#610,.F.);
#610 = EDGE_CURVE('',#611,#603,#613,.T.);
#611 = VERTEX_POINT('',#612);
#612 = CARTESIAN_POINT('',(-3.,-3.,-8.));
#613 = LINE('',#614,#615);
#614 = CARTESIAN_POINT('',(48.343113981611,-3.,-8.));
#615 = VECTOR('',#616,1.);
#616 = DIRECTION('',(1.,0.,0.));
#617 = ORIENTED_EDGE('',*,*,#618,.F.);
#618 = EDGE_CURVE('',#619,#611,#621,.T.);
#619 = VERTEX_POINT('',#620);
#620 = CARTESIAN_POINT('',(-3.,-1.5,-8.));
#621 = LINE('',#622,#623);
#622 = CARTESIAN_POINT('',(-3.,-3.25,-8.));
#623 = VECTOR('',#624,1.);
#624 = DIRECTION('',(0.,-1.,0.));
#625 = ORIENTED_EDGE('',*,*,#626,.F.);
#626 = EDGE_CURVE('',#627,#619,#629,.T.);
#627 = VERTEX_POINT('',#628);
#628 = CARTESIAN_POINT('',(-5.,-1.5,-8.));
#629 = LINE('',#630,#631);
#630 = CARTESIAN_POINT('',(49.093113981611,-1.5,-8.));
#631 = VECTOR('',#632,1.);
#632 = DIRECTION('',(1.,0.,0.));
#633 = ORIENTED_EDGE('',*,*,#634,.T.);
#634 = EDGE_CURVE('',#627,#547,#635,.T.);
#635 = LINE('',#636,#637);
#636 = CARTESIAN_POINT('',(-5.,-3.25,-8.));
#637 = VECTOR('',#638,1.);
#638 = DIRECTION('',(0.,-1.,0.));
#639 = FACE_BOUND('',#640,.T.);
#640 = EDGE_LOOP('',(#641,#651,#659,#667,#675,#683,#691,#699,#707,#715,
    #723,#731));
#641 = ORIENTED_EDGE('',*,*,#642,.F.);
#642 = EDGE_CURVE('',#643,#645,#647,.T.);
#643 = VERTEX_POINT('',#644);
#644 = CARTESIAN_POINT('',(-62.44629605483,-37.26582140245,-8.));
#645 = VERTEX_POINT('',#646);
#646 = CARTESIAN_POINT('',(-63.8121855508,-38.05441807063,-8.));
#647 = LINE('',#648,#649);
#648 = CARTESIAN_POINT('',(8.51827148307,3.705590768482,-8.));
#649 = VECTOR('',#650,1.);
#650 = DIRECTION('',(-0.866025403784,-0.5,-0.));
#651 = ORIENTED_EDGE('',*,*,#652,.T.);
#652 = EDGE_CURVE('',#643,#653,#655,.T.);
#653 = VERTEX_POINT('',#654);
#654 = CARTESIAN_POINT('',(-63.49629605483,-35.4471680545,-8.));
#655 = LINE('',#656,#657);
#656 = CARTESIAN_POINT('',(-50.33551755943,-58.2423050757,-8.));
#657 = VECTOR('',#658,1.);
#658 = DIRECTION('',(-0.5,0.866025403784,0.));
#659 = ORIENTED_EDGE('',*,*,#660,.T.);
#660 = EDGE_CURVE('',#653,#661,#663,.T.);
#661 = VERTEX_POINT('',#662);
#662 = CARTESIAN_POINT('',(-64.8621855508,-36.23576472268,-8.));
#663 = LINE('',#664,#665);
#664 = CARTESIAN_POINT('',(7.46827148307,5.52424411643,-8.));
#665 = VECTOR('',#666,1.);
#666 = DIRECTION('',(-0.866025403784,-0.5,-0.));
#667 = ORIENTED_EDGE('',*,*,#668,.T.);
#668 = EDGE_CURVE('',#661,#669,#671,.T.);
#669 = VERTEX_POINT('',#670);
#670 = CARTESIAN_POINT('',(-65.6121855508,-34.936726617,-8.));
#671 = LINE('',#672,#673);
#672 = CARTESIAN_POINT('',(-52.0764070554,-58.38138269104,-8.));
#673 = VECTOR('',#674,1.);
#674 = DIRECTION('',(-0.5,0.866025403784,0.));
#675 = ORIENTED_EDGE('',*,*,#676,.T.);
#676 = EDGE_CURVE('',#669,#677,#679,.T.);
#677 = VERTEX_POINT('',#678);
#678 = CARTESIAN_POINT('',(-67.52443084515,-36.04076195245,-8.));
#679 = LINE('',#680,#681);
#680 = CARTESIAN_POINT('',(6.10054215541,6.466636028496,-8.));
#681 = VECTOR('',#682,1.);
#682 = DIRECTION('',(-0.866025403784,-0.5,-0.));
#683 = ORIENTED_EDGE('',*,*,#684,.F.);
#684 = EDGE_CURVE('',#685,#677,#687,.T.);
#685 = VERTEX_POINT('',#686);
#686 = CARTESIAN_POINT('',(-66.77443084515,-37.33980005813,-8.));
#687 = LINE('',#688,#689);
#688 = CARTESIAN_POINT('',(-53.98865234975,-59.48541802649,-8.));
#689 = VECTOR('',#690,1.);
#690 = DIRECTION('',(-0.5,0.866025403784,0.));
#691 = ORIENTED_EDGE('',*,*,#692,.T.);
#692 = EDGE_CURVE('',#685,#693,#695,.T.);
#693 = VERTEX_POINT('',#694);
#694 = CARTESIAN_POINT('',(-68.14032034112,-38.12839672631,-8.));
#695 = LINE('',#696,#697);
#696 = CARTESIAN_POINT('',(7.46827148307,5.52424411643,-8.));
#697 = VECTOR('',#698,1.);
#698 = DIRECTION('',(-0.866025403784,-0.5,-0.));
#699 = ORIENTED_EDGE('',*,*,#700,.F.);
#700 = EDGE_CURVE('',#701,#693,#703,.T.);
#701 = VERTEX_POINT('',#702);
#702 = CARTESIAN_POINT('',(-67.09032034112,-39.94705007426,-8.));
#703 = LINE('',#704,#705);
#704 = CARTESIAN_POINT('',(-54.97954184571,-60.92353374751,-8.));
#705 = VECTOR('',#706,1.);
#706 = DIRECTION('',(-0.5,0.866025403784,0.));
#707 = ORIENTED_EDGE('',*,*,#708,.F.);
#708 = EDGE_CURVE('',#709,#701,#711,.T.);
#709 = VERTEX_POINT('',#710);
#710 = CARTESIAN_POINT('',(-65.72443084515,-39.15845340608,-8.));
#711 = LINE('',#712,#713);
#712 = CARTESIAN_POINT('',(8.51827148307,3.705590768482,-8.));
#713 = VECTOR('',#714,1.);
#714 = DIRECTION('',(-0.866025403784,-0.5,-0.));
#715 = ORIENTED_EDGE('',*,*,#716,.F.);
#716 = EDGE_CURVE('',#717,#709,#719,.T.);
#717 = VERTEX_POINT('',#718);
#718 = CARTESIAN_POINT('',(-64.97443084515,-40.45749151176,-8.));
#719 = LINE('',#720,#721);
#720 = CARTESIAN_POINT('',(-53.98865234975,-59.48541802649,-8.));
#721 = VECTOR('',#722,1.);
#722 = DIRECTION('',(-0.5,0.866025403784,0.));
#723 = ORIENTED_EDGE('',*,*,#724,.F.);
#724 = EDGE_CURVE('',#725,#717,#727,.T.);
#725 = VERTEX_POINT('',#726);
#726 = CARTESIAN_POINT('',(-63.0621855508,-39.35345617631,-8.));
#727 = LINE('',#728,#729);
#728 = CARTESIAN_POINT('',(8.65054215541,2.049906469195,-8.));
#729 = VECTOR('',#730,1.);
#730 = DIRECTION('',(-0.866025403784,-0.5,-0.));
#731 = ORIENTED_EDGE('',*,*,#732,.T.);
#732 = EDGE_CURVE('',#725,#645,#733,.T.);
#733 = LINE('',#734,#735);
#734 = CARTESIAN_POINT('',(-52.0764070554,-58.38138269104,-8.));
#735 = VECTOR('',#736,1.);
#736 = DIRECTION('',(-0.5,0.866025403784,0.));
#737 = FACE_BOUND('',#738,.T.);
#738 = EDGE_LOOP('',(#739,#749,#757,#765,#773,#781,#789,#797,#805,#813,
    #821,#829));
#739 = ORIENTED_EDGE('',*,*,#740,.F.);
#740 = EDGE_CURVE('',#741,#743,#745,.T.);
#741 = VERTEX_POINT('',#742);
#742 = CARTESIAN_POINT('',(62.446296054839,37.265821402454,-8.));
#743 = VERTEX_POINT('',#744);
#744 = CARTESIAN_POINT('',(63.812185550804,38.054418070633,-8.));
#745 = LINE('',#746,#747);
#746 = CARTESIAN_POINT('',(68.871399489347,40.975356599939,-8.));
#747 = VECTOR('',#748,1.);
#748 = DIRECTION('',(0.866025403784,0.5,0.));
#749 = ORIENTED_EDGE('',*,*,#750,.T.);
#750 = EDGE_CURVE('',#741,#751,#753,.T.);
#751 = VERTEX_POINT('',#752);
#752 = CARTESIAN_POINT('',(63.496296054839,35.447168054507,-8.));
#753 = LINE('',#754,#755);
#754 = CARTESIAN_POINT('',(76.132074550242,13.561357707283,-8.));
#755 = VECTOR('',#756,1.);
#756 = DIRECTION('',(0.5,-0.866025403784,0.));
#757 = ORIENTED_EDGE('',*,*,#758,.T.);
#758 = EDGE_CURVE('',#751,#759,#761,.T.);
#759 = VERTEX_POINT('',#760);
#760 = CARTESIAN_POINT('',(64.862185550804,36.235764722686,-8.));
#761 = LINE('',#762,#763);
#762 = CARTESIAN_POINT('',(69.921399489347,39.156703251991,-8.));
#763 = VECTOR('',#764,1.);
#764 = DIRECTION('',(0.866025403784,0.5,0.));
#765 = ORIENTED_EDGE('',*,*,#766,.T.);
#766 = EDGE_CURVE('',#759,#767,#769,.T.);
#767 = VERTEX_POINT('',#768);
#768 = CARTESIAN_POINT('',(65.612185550804,34.936726617009,-8.));
#769 = LINE('',#770,#771);
#770 = CARTESIAN_POINT('',(77.872964046207,13.700435322624,-8.));
#771 = VECTOR('',#772,1.);
#772 = DIRECTION('',(0.5,-0.866025403784,0.));
#773 = ORIENTED_EDGE('',*,*,#774,.T.);
#774 = EDGE_CURVE('',#767,#775,#777,.T.);
#775 = VERTEX_POINT('',#776);
#776 = CARTESIAN_POINT('',(67.524430845155,36.040761952459,-8.));
#777 = LINE('',#778,#779);
#778 = CARTESIAN_POINT('',(71.289128817006,38.214311339925,-8.));
#779 = VECTOR('',#780,1.);
#780 = DIRECTION('',(0.866025403784,0.5,0.));
#781 = ORIENTED_EDGE('',*,*,#782,.F.);
#782 = EDGE_CURVE('',#783,#775,#785,.T.);
#783 = VERTEX_POINT('',#784);
#784 = CARTESIAN_POINT('',(66.774430845155,37.339800058136,-8.));
#785 = LINE('',#786,#787);
#786 = CARTESIAN_POINT('',(79.785209340558,14.804470658074,-8.));
#787 = VECTOR('',#788,1.);
#788 = DIRECTION('',(0.5,-0.866025403784,0.));
#789 = ORIENTED_EDGE('',*,*,#790,.T.);
#790 = EDGE_CURVE('',#783,#791,#793,.T.);
#791 = VERTEX_POINT('',#792);
#792 = CARTESIAN_POINT('',(68.14032034112,38.128396726315,-8.));
#793 = LINE('',#794,#795);
#794 = CARTESIAN_POINT('',(69.921399489347,39.156703251991,-8.));
#795 = VECTOR('',#796,1.);
#796 = DIRECTION('',(0.866025403784,0.5,0.));
#797 = ORIENTED_EDGE('',*,*,#798,.F.);
#798 = EDGE_CURVE('',#799,#791,#801,.T.);
#799 = VERTEX_POINT('',#800);
#800 = CARTESIAN_POINT('',(67.09032034112,39.947050074262,-8.));
#801 = LINE('',#802,#803);
#802 = CARTESIAN_POINT('',(80.776098836523,16.242586379091,-8.));
#803 = VECTOR('',#804,1.);
#804 = DIRECTION('',(0.5,-0.866025403784,0.));
#805 = ORIENTED_EDGE('',*,*,#806,.F.);
#806 = EDGE_CURVE('',#807,#799,#809,.T.);
#807 = VERTEX_POINT('',#808);
#808 = CARTESIAN_POINT('',(65.724430845155,39.158453406083,-8.));
#809 = LINE('',#810,#811);
#810 = CARTESIAN_POINT('',(68.871399489347,40.975356599939,-8.));
#811 = VECTOR('',#812,1.);
#812 = DIRECTION('',(0.866025403784,0.5,0.));
#813 = ORIENTED_EDGE('',*,*,#814,.F.);
#814 = EDGE_CURVE('',#815,#807,#817,.T.);
#815 = VERTEX_POINT('',#816);
#816 = CARTESIAN_POINT('',(64.974430845155,40.45749151176,-8.));
#817 = LINE('',#818,#819);
#818 = CARTESIAN_POINT('',(79.785209340558,14.804470658074,-8.));
#819 = VECTOR('',#820,1.);
#820 = DIRECTION('',(0.5,-0.866025403784,0.));
#821 = ORIENTED_EDGE('',*,*,#822,.F.);
#822 = EDGE_CURVE('',#823,#815,#825,.T.);
#823 = VERTEX_POINT('',#824);
#824 = CARTESIAN_POINT('',(63.062185550804,39.35345617631,-8.));
#825 = LINE('',#826,#827);
#826 = CARTESIAN_POINT('',(68.739128817006,42.631040899226,-8.));
#827 = VECTOR('',#828,1.);
#828 = DIRECTION('',(0.866025403784,0.5,0.));
#829 = ORIENTED_EDGE('',*,*,#830,.T.);
#830 = EDGE_CURVE('',#823,#743,#831,.T.);
#831 = LINE('',#832,#833);
#832 = CARTESIAN_POINT('',(77.872964046207,13.700435322624,-8.));
#833 = VECTOR('',#834,1.);
#834 = DIRECTION('',(0.5,-0.866025403784,0.));
#835 = FACE_BOUND('',#836,.T.);
#836 = EDGE_LOOP('',(#837,#847,#855,#863,#871,#879,#887,#895,#903,#911,
    #919,#927));
#837 = ORIENTED_EDGE('',*,*,#838,.F.);
#838 = EDGE_CURVE('',#839,#841,#843,.T.);
#839 = VERTEX_POINT('',#840);
#840 = CARTESIAN_POINT('',(1.5,5.,-8.));
#841 = VERTEX_POINT('',#842);
#842 = CARTESIAN_POINT('',(3.,5.,-8.));
#843 = LINE('',#844,#845);
#844 = CARTESIAN_POINT('',(52.343113981611,5.,-8.));
#845 = VECTOR('',#846,1.);
#846 = DIRECTION('',(1.,0.,0.));
#847 = ORIENTED_EDGE('',*,*,#848,.T.);
#848 = EDGE_CURVE('',#839,#849,#851,.T.);
#849 = VERTEX_POINT('',#850);
#850 = CARTESIAN_POINT('',(1.5,3.,-8.));
#851 = LINE('',#852,#853);
#852 = CARTESIAN_POINT('',(1.5,1.5,-8.));
#853 = VECTOR('',#854,1.);
#854 = DIRECTION('',(0.,-1.,0.));
#855 = ORIENTED_EDGE('',*,*,#856,.T.);
#856 = EDGE_CURVE('',#849,#857,#859,.T.);
#857 = VERTEX_POINT('',#858);
#858 = CARTESIAN_POINT('',(3.,3.,-8.));
#859 = LINE('',#860,#861);
#860 = CARTESIAN_POINT('',(52.343113981611,3.,-8.));
#861 = VECTOR('',#862,1.);
#862 = DIRECTION('',(1.,0.,0.));
#863 = ORIENTED_EDGE('',*,*,#864,.T.);
#864 = EDGE_CURVE('',#857,#865,#867,.T.);
#865 = VERTEX_POINT('',#866);
#866 = CARTESIAN_POINT('',(3.,1.5,-8.));
#867 = LINE('',#868,#869);
#868 = CARTESIAN_POINT('',(3.,0.75,-8.));
#869 = VECTOR('',#870,1.);
#870 = DIRECTION('',(0.,-1.,0.));
#871 = ORIENTED_EDGE('',*,*,#872,.T.);
#872 = EDGE_CURVE('',#865,#873,#875,.T.);
#873 = VERTEX_POINT('',#874);
#874 = CARTESIAN_POINT('',(5.,1.5,-8.));
#875 = LINE('',#876,#877);
#876 = CARTESIAN_POINT('',(53.093113981611,1.5,-8.));
#877 = VECTOR('',#878,1.);
#878 = DIRECTION('',(1.,0.,0.));
#879 = ORIENTED_EDGE('',*,*,#880,.F.);
#880 = EDGE_CURVE('',#881,#873,#883,.T.);
#881 = VERTEX_POINT('',#882);
#882 = CARTESIAN_POINT('',(5.,3.,-8.));
#883 = LINE('',#884,#885);
#884 = CARTESIAN_POINT('',(5.,0.75,-8.));
#885 = VECTOR('',#886,1.);
#886 = DIRECTION('',(0.,-1.,0.));
#887 = ORIENTED_EDGE('',*,*,#888,.T.);
#888 = EDGE_CURVE('',#881,#889,#891,.T.);
#889 = VERTEX_POINT('',#890);
#890 = CARTESIAN_POINT('',(6.5,3.,-8.));
#891 = LINE('',#892,#893);
#892 = CARTESIAN_POINT('',(52.343113981611,3.,-8.));
#893 = VECTOR('',#894,1.);
#894 = DIRECTION('',(1.,0.,0.));
#895 = ORIENTED_EDGE('',*,*,#896,.F.);
#896 = EDGE_CURVE('',#897,#889,#899,.T.);
#897 = VERTEX_POINT('',#898);
#898 = CARTESIAN_POINT('',(6.5,5.,-8.));
#899 = LINE('',#900,#901);
#900 = CARTESIAN_POINT('',(6.5,1.5,-8.));
#901 = VECTOR('',#902,1.);
#902 = DIRECTION('',(0.,-1.,0.));
#903 = ORIENTED_EDGE('',*,*,#904,.F.);
#904 = EDGE_CURVE('',#905,#897,#907,.T.);
#905 = VERTEX_POINT('',#906);
#906 = CARTESIAN_POINT('',(5.,5.,-8.));
#907 = LINE('',#908,#909);
#908 = CARTESIAN_POINT('',(52.343113981611,5.,-8.));
#909 = VECTOR('',#910,1.);
#910 = DIRECTION('',(1.,0.,0.));
#911 = ORIENTED_EDGE('',*,*,#912,.F.);
#912 = EDGE_CURVE('',#913,#905,#915,.T.);
#913 = VERTEX_POINT('',#914);
#914 = CARTESIAN_POINT('',(5.,6.5,-8.));
#915 = LINE('',#916,#917);
#916 = CARTESIAN_POINT('',(5.,0.75,-8.));
#917 = VECTOR('',#918,1.);
#918 = DIRECTION('',(0.,-1.,0.));
#919 = ORIENTED_EDGE('',*,*,#920,.F.);
#920 = EDGE_CURVE('',#921,#913,#923,.T.);
#921 = VERTEX_POINT('',#922);
#922 = CARTESIAN_POINT('',(3.,6.5,-8.));
#923 = LINE('',#924,#925);
#924 = CARTESIAN_POINT('',(53.093113981611,6.5,-8.));
#925 = VECTOR('',#926,1.);
#926 = DIRECTION('',(1.,0.,0.));
#927 = ORIENTED_EDGE('',*,*,#928,.T.);
#928 = EDGE_CURVE('',#921,#841,#929,.T.);
#929 = LINE('',#930,#931);
#930 = CARTESIAN_POINT('',(3.,0.75,-8.));
#931 = VECTOR('',#932,1.);
#932 = DIRECTION('',(0.,-1.,0.));
#933 = FACE_BOUND('',#934,.T.);
#934 = EDGE_LOOP('',(#935,#945,#953,#961,#969,#977,#985,#993,#1001,#1009
    ,#1017,#1025));
#935 = ORIENTED_EDGE('',*,*,#936,.F.);
#936 = EDGE_CURVE('',#937,#939,#941,.T.);
#937 = VERTEX_POINT('',#938);
#938 = CARTESIAN_POINT('',(-6.5,5.,-8.));
#939 = VERTEX_POINT('',#940);
#940 = CARTESIAN_POINT('',(-5.,5.,-8.));
#941 = LINE('',#942,#943);
#942 = CARTESIAN_POINT('',(48.343113981611,5.,-8.));
#943 = VECTOR('',#944,1.);
#944 = DIRECTION('',(1.,0.,0.));
#945 = ORIENTED_EDGE('',*,*,#946,.T.);
#946 = EDGE_CURVE('',#937,#947,#949,.T.);
#947 = VERTEX_POINT('',#948);
#948 = CARTESIAN_POINT('',(-6.5,3.,-8.));
#949 = LINE('',#950,#951);
#950 = CARTESIAN_POINT('',(-6.5,1.5,-8.));
#951 = VECTOR('',#952,1.);
#952 = DIRECTION('',(0.,-1.,0.));
#953 = ORIENTED_EDGE('',*,*,#954,.T.);
#954 = EDGE_CURVE('',#947,#955,#957,.T.);
#955 = VERTEX_POINT('',#956);
#956 = CARTESIAN_POINT('',(-5.,3.,-8.));
#957 = LINE('',#958,#959);
#958 = CARTESIAN_POINT('',(48.343113981611,3.,-8.));
#959 = VECTOR('',#960,1.);
#960 = DIRECTION('',(1.,0.,0.));
#961 = ORIENTED_EDGE('',*,*,#962,.T.);
#962 = EDGE_CURVE('',#955,#963,#965,.T.);
#963 = VERTEX_POINT('',#964);
#964 = CARTESIAN_POINT('',(-5.,1.5,-8.));
#965 = LINE('',#966,#967);
#966 = CARTESIAN_POINT('',(-5.,0.75,-8.));
#967 = VECTOR('',#968,1.);
#968 = DIRECTION('',(0.,-1.,0.));
#969 = ORIENTED_EDGE('',*,*,#970,.T.);
#970 = EDGE_CURVE('',#963,#971,#973,.T.);
#971 = VERTEX_POINT('',#972);
#972 = CARTESIAN_POINT('',(-3.,1.5,-8.));
#973 = LINE('',#974,#975);
#974 = CARTESIAN_POINT('',(49.093113981611,1.5,-8.));
#975 = VECTOR('',#976,1.);
#976 = DIRECTION('',(1.,0.,0.));
#977 = ORIENTED_EDGE('',*,*,#978,.F.);
#978 = EDGE_CURVE('',#979,#971,#981,.T.);
#979 = VERTEX_POINT('',#980);
#980 = CARTESIAN_POINT('',(-3.,3.,-8.));
#981 = LINE('',#982,#983);
#982 = CARTESIAN_POINT('',(-3.,0.75,-8.));
#983 = VECTOR('',#984,1.);
#984 = DIRECTION('',(0.,-1.,0.));
#985 = ORIENTED_EDGE('',*,*,#986,.T.);
#986 = EDGE_CURVE('',#979,#987,#989,.T.);
#987 = VERTEX_POINT('',#988);
#988 = CARTESIAN_POINT('',(-1.5,3.,-8.));
#989 = LINE('',#990,#991);
#990 = CARTESIAN_POINT('',(48.343113981611,3.,-8.));
#991 = VECTOR('',#992,1.);
#992 = DIRECTION('',(1.,0.,0.));
#993 = ORIENTED_EDGE('',*,*,#994,.F.);
#994 = EDGE_CURVE('',#995,#987,#997,.T.);
#995 = VERTEX_POINT('',#996);
#996 = CARTESIAN_POINT('',(-1.5,5.,-8.));
#997 = LINE('',#998,#999);
#998 = CARTESIAN_POINT('',(-1.5,1.5,-8.));
#999 = VECTOR('',#1000,1.);
#1000 = DIRECTION('',(0.,-1.,0.));
#1001 = ORIENTED_EDGE('',*,*,#1002,.F.);
#1002 = EDGE_CURVE('',#1003,#995,#1005,.T.);
#1003 = VERTEX_POINT('',#1004);
#1004 = CARTESIAN_POINT('',(-3.,5.,-8.));
#1005 = LINE('',#1006,#1007);
#1006 = CARTESIAN_POINT('',(48.343113981611,5.,-8.));
#1007 = VECTOR('',#1008,1.);
#1008 = DIRECTION('',(1.,0.,0.));
#1009 = ORIENTED_EDGE('',*,*,#1010,.F.);
#1010 = EDGE_CURVE('',#1011,#1003,#1013,.T.);
#1011 = VERTEX_POINT('',#1012);
#1012 = CARTESIAN_POINT('',(-3.,6.5,-8.));
#1013 = LINE('',#1014,#1015);
#1014 = CARTESIAN_POINT('',(-3.,0.75,-8.));
#1015 = VECTOR('',#1016,1.);
#1016 = DIRECTION('',(0.,-1.,0.));
#1017 = ORIENTED_EDGE('',*,*,#1018,.F.);
#1018 = EDGE_CURVE('',#1019,#1011,#1021,.T.);
#1019 = VERTEX_POINT('',#1020);
#1020 = CARTESIAN_POINT('',(-5.,6.5,-8.));
#1021 = LINE('',#1022,#1023);
#1022 = CARTESIAN_POINT('',(49.093113981611,6.5,-8.));
#1023 = VECTOR('',#1024,1.);
#1024 = DIRECTION('',(1.,0.,0.));
#1025 = ORIENTED_EDGE('',*,*,#1026,.T.);
#1026 = EDGE_CURVE('',#1019,#939,#1027,.T.);
#1027 = LINE('',#1028,#1029);
#1028 = CARTESIAN_POINT('',(-5.,0.75,-8.));
#1029 = VECTOR('',#1030,1.);
#1030 = DIRECTION('',(0.,-1.,0.));
#1031 = FACE_BOUND('',#1032,.T.);
#1032 = EDGE_LOOP('',(#1033,#1043,#1051,#1059,#1067,#1075,#1083,#1091,
    #1099,#1107,#1115,#1123));
#1033 = ORIENTED_EDGE('',*,*,#1034,.F.);
#1034 = EDGE_CURVE('',#1035,#1037,#1039,.T.);
#1035 = VERTEX_POINT('',#1036);
#1036 = CARTESIAN_POINT('',(-63.49629605483,35.447168054507,-8.));
#1037 = VERTEX_POINT('',#1038);
#1038 = CARTESIAN_POINT('',(-64.8621855508,36.235764722686,-8.));
#1039 = LINE('',#1040,#1041);
#1040 = CARTESIAN_POINT('',(7.46827148307,-5.52424411643,-8.));
#1041 = VECTOR('',#1042,1.);
#1042 = DIRECTION('',(-0.866025403784,0.5,0.));
#1043 = ORIENTED_EDGE('',*,*,#1044,.T.);
#1044 = EDGE_CURVE('',#1035,#1045,#1047,.T.);
#1045 = VERTEX_POINT('',#1046);
#1046 = CARTESIAN_POINT('',(-62.44629605483,37.265821402454,-8.));
#1047 = LINE('',#1048,#1049);
#1048 = CARTESIAN_POINT('',(-49.81051755943,59.151631749678,-8.));
#1049 = VECTOR('',#1050,1.);
#1050 = DIRECTION('',(0.5,0.866025403784,0.));
#1051 = ORIENTED_EDGE('',*,*,#1052,.T.);
#1052 = EDGE_CURVE('',#1045,#1053,#1055,.T.);
#1053 = VERTEX_POINT('',#1054);
#1054 = CARTESIAN_POINT('',(-63.8121855508,38.054418070633,-8.));
#1055 = LINE('',#1056,#1057);
#1056 = CARTESIAN_POINT('',(8.51827148307,-3.705590768482,-8.));
#1057 = VECTOR('',#1058,1.);
#1058 = DIRECTION('',(-0.866025403784,0.5,0.));
#1059 = ORIENTED_EDGE('',*,*,#1060,.T.);
#1060 = EDGE_CURVE('',#1053,#1061,#1063,.T.);
#1061 = VERTEX_POINT('',#1062);
#1062 = CARTESIAN_POINT('',(-63.0621855508,39.35345617631,-8.));
#1063 = LINE('',#1064,#1065);
#1064 = CARTESIAN_POINT('',(-50.8014070554,60.589747470695,-8.));
#1065 = VECTOR('',#1066,1.);
#1066 = DIRECTION('',(0.5,0.866025403784,0.));
#1067 = ORIENTED_EDGE('',*,*,#1068,.T.);
#1068 = EDGE_CURVE('',#1061,#1069,#1071,.T.);
#1069 = VERTEX_POINT('',#1070);
#1070 = CARTESIAN_POINT('',(-64.97443084515,40.45749151176,-8.));
#1071 = LINE('',#1072,#1073);
#1072 = CARTESIAN_POINT('',(8.65054215541,-2.049906469195,-8.));
#1073 = VECTOR('',#1074,1.);
#1074 = DIRECTION('',(-0.866025403784,0.5,0.));
#1075 = ORIENTED_EDGE('',*,*,#1076,.F.);
#1076 = EDGE_CURVE('',#1077,#1069,#1079,.T.);
#1077 = VERTEX_POINT('',#1078);
#1078 = CARTESIAN_POINT('',(-65.72443084515,39.158453406083,-8.));
#1079 = LINE('',#1080,#1081);
#1080 = CARTESIAN_POINT('',(-52.71365234975,61.693782806145,-8.));
#1081 = VECTOR('',#1082,1.);
#1082 = DIRECTION('',(0.5,0.866025403784,0.));
#1083 = ORIENTED_EDGE('',*,*,#1084,.T.);
#1084 = EDGE_CURVE('',#1077,#1085,#1087,.T.);
#1085 = VERTEX_POINT('',#1086);
#1086 = CARTESIAN_POINT('',(-67.09032034112,39.947050074262,-8.));
#1087 = LINE('',#1088,#1089);
#1088 = CARTESIAN_POINT('',(8.51827148307,-3.705590768482,-8.));
#1089 = VECTOR('',#1090,1.);
#1090 = DIRECTION('',(-0.866025403784,0.5,0.));
#1091 = ORIENTED_EDGE('',*,*,#1092,.F.);
#1092 = EDGE_CURVE('',#1093,#1085,#1095,.T.);
#1093 = VERTEX_POINT('',#1094);
#1094 = CARTESIAN_POINT('',(-68.14032034112,38.128396726315,-8.));
#1095 = LINE('',#1096,#1097);
#1096 = CARTESIAN_POINT('',(-54.45454184571,61.832860421486,-8.));
#1097 = VECTOR('',#1098,1.);
#1098 = DIRECTION('',(0.5,0.866025403784,0.));
#1099 = ORIENTED_EDGE('',*,*,#1100,.F.);
#1100 = EDGE_CURVE('',#1101,#1093,#1103,.T.);
#1101 = VERTEX_POINT('',#1102);
#1102 = CARTESIAN_POINT('',(-66.77443084515,37.339800058136,-8.));
#1103 = LINE('',#1104,#1105);
#1104 = CARTESIAN_POINT('',(7.46827148307,-5.52424411643,-8.));
#1105 = VECTOR('',#1106,1.);
#1106 = DIRECTION('',(-0.866025403784,0.5,0.));
#1107 = ORIENTED_EDGE('',*,*,#1108,.F.);
#1108 = EDGE_CURVE('',#1109,#1101,#1111,.T.);
#1109 = VERTEX_POINT('',#1110);
#1110 = CARTESIAN_POINT('',(-67.52443084515,36.040761952459,-8.));
#1111 = LINE('',#1112,#1113);
#1112 = CARTESIAN_POINT('',(-52.71365234975,61.693782806145,-8.));
#1113 = VECTOR('',#1114,1.);
#1114 = DIRECTION('',(0.5,0.866025403784,0.));
#1115 = ORIENTED_EDGE('',*,*,#1116,.F.);
#1116 = EDGE_CURVE('',#1117,#1109,#1119,.T.);
#1117 = VERTEX_POINT('',#1118);
#1118 = CARTESIAN_POINT('',(-65.6121855508,34.936726617009,-8.));
#1119 = LINE('',#1120,#1121);
#1120 = CARTESIAN_POINT('',(6.10054215541,-6.466636028496,-8.));
#1121 = VECTOR('',#1122,1.);
#1122 = DIRECTION('',(-0.866025403784,0.5,0.));
#1123 = ORIENTED_EDGE('',*,*,#1124,.T.);
#1124 = EDGE_CURVE('',#1117,#1037,#1125,.T.);
#1125 = LINE('',#1126,#1127);
#1126 = CARTESIAN_POINT('',(-50.8014070554,60.589747470695,-8.));
#1127 = VECTOR('',#1128,1.);
#1128 = DIRECTION('',(0.5,0.866025403784,0.));
#1129 = FACE_BOUND('',#1130,.T.);
#1130 = EDGE_LOOP('',(#1131,#1141,#1149,#1157,#1165,#1173,#1181,#1189,
    #1197,#1205,#1213,#1221));
#1131 = ORIENTED_EDGE('',*,*,#1132,.F.);
#1132 = EDGE_CURVE('',#1133,#1135,#1137,.T.);
#1133 = VERTEX_POINT('',#1134);
#1134 = CARTESIAN_POINT('',(-1.05,72.712989456962,-8.));
#1135 = VERTEX_POINT('',#1136);
#1136 = CARTESIAN_POINT('',(-1.05,74.290182793319,-8.));
#1137 = LINE('',#1138,#1139);
#1138 = CARTESIAN_POINT('',(-1.05,35.451112483509,-8.));
#1139 = VECTOR('',#1140,1.);
#1140 = DIRECTION('',(6.123233995737E-17,1.,0.));
#1141 = ORIENTED_EDGE('',*,*,#1142,.T.);
#1142 = EDGE_CURVE('',#1133,#1143,#1145,.T.);
#1143 = VERTEX_POINT('',#1144);
#1144 = CARTESIAN_POINT('',(1.05,72.712989456962,-8.));
#1145 = LINE('',#1146,#1147);
#1146 = CARTESIAN_POINT('',(52.118113981611,72.712989456962,-8.));
#1147 = VECTOR('',#1148,1.);
#1148 = DIRECTION('',(1.,-6.123233995737E-17,0.));
#1149 = ORIENTED_EDGE('',*,*,#1150,.T.);
#1150 = EDGE_CURVE('',#1143,#1151,#1153,.T.);
#1151 = VERTEX_POINT('',#1152);
#1152 = CARTESIAN_POINT('',(1.05,74.290182793319,-8.));
#1153 = LINE('',#1154,#1155);
#1154 = CARTESIAN_POINT('',(1.05,35.451112483509,-8.));
#1155 = VECTOR('',#1156,1.);
#1156 = DIRECTION('',(6.123233995737E-17,1.,0.));
#1157 = ORIENTED_EDGE('',*,*,#1158,.T.);
#1158 = EDGE_CURVE('',#1151,#1159,#1161,.T.);
#1159 = VERTEX_POINT('',#1160);
#1160 = CARTESIAN_POINT('',(2.55,74.290182793319,-8.));
#1161 = LINE('',#1162,#1163);
#1162 = CARTESIAN_POINT('',(52.868113981611,74.290182793319,-8.));
#1163 = VECTOR('',#1164,1.);
#1164 = DIRECTION('',(1.,-6.123233995737E-17,0.));
#1165 = ORIENTED_EDGE('',*,*,#1166,.T.);
#1166 = EDGE_CURVE('',#1159,#1167,#1169,.T.);
#1167 = VERTEX_POINT('',#1168);
#1168 = CARTESIAN_POINT('',(2.55,76.498253464219,-8.));
#1169 = LINE('',#1170,#1171);
#1170 = CARTESIAN_POINT('',(2.55,36.16440487073,-8.));
#1171 = VECTOR('',#1172,1.);
#1172 = DIRECTION('',(6.123233995737E-17,1.,0.));
#1173 = ORIENTED_EDGE('',*,*,#1174,.F.);
#1174 = EDGE_CURVE('',#1175,#1167,#1177,.T.);
#1175 = VERTEX_POINT('',#1176);
#1176 = CARTESIAN_POINT('',(1.05,76.498253464219,-8.));
#1177 = LINE('',#1178,#1179);
#1178 = CARTESIAN_POINT('',(52.868113981611,76.498253464219,-8.));
#1179 = VECTOR('',#1180,1.);
#1180 = DIRECTION('',(1.,-6.123233995737E-17,0.));
#1181 = ORIENTED_EDGE('',*,*,#1182,.T.);
#1182 = EDGE_CURVE('',#1175,#1183,#1185,.T.);
#1183 = VERTEX_POINT('',#1184);
#1184 = CARTESIAN_POINT('',(1.05,78.075446800577,-8.));
#1185 = LINE('',#1186,#1187);
#1186 = CARTESIAN_POINT('',(1.05,35.451112483509,-8.));
#1187 = VECTOR('',#1188,1.);
#1188 = DIRECTION('',(6.123233995737E-17,1.,0.));
#1189 = ORIENTED_EDGE('',*,*,#1190,.F.);
#1190 = EDGE_CURVE('',#1191,#1183,#1193,.T.);
#1191 = VERTEX_POINT('',#1192);
#1192 = CARTESIAN_POINT('',(-1.05,78.075446800577,-8.));
#1193 = LINE('',#1194,#1195);
#1194 = CARTESIAN_POINT('',(52.118113981611,78.075446800577,-8.));
#1195 = VECTOR('',#1196,1.);
#1196 = DIRECTION('',(1.,-6.123233995737E-17,0.));
#1197 = ORIENTED_EDGE('',*,*,#1198,.F.);
#1198 = EDGE_CURVE('',#1199,#1191,#1201,.T.);
#1199 = VERTEX_POINT('',#1200);
#1200 = CARTESIAN_POINT('',(-1.05,76.498253464219,-8.));
#1201 = LINE('',#1202,#1203);
#1202 = CARTESIAN_POINT('',(-1.05,35.451112483509,-8.));
#1203 = VECTOR('',#1204,1.);
#1204 = DIRECTION('',(6.123233995737E-17,1.,0.));
#1205 = ORIENTED_EDGE('',*,*,#1206,.F.);
#1206 = EDGE_CURVE('',#1207,#1199,#1209,.T.);
#1207 = VERTEX_POINT('',#1208);
#1208 = CARTESIAN_POINT('',(-2.55,76.498253464219,-8.));
#1209 = LINE('',#1210,#1211);
#1210 = CARTESIAN_POINT('',(52.868113981611,76.498253464219,-8.));
#1211 = VECTOR('',#1212,1.);
#1212 = DIRECTION('',(1.,-6.123233995737E-17,0.));
#1213 = ORIENTED_EDGE('',*,*,#1214,.F.);
#1214 = EDGE_CURVE('',#1215,#1207,#1217,.T.);
#1215 = VERTEX_POINT('',#1216);
#1216 = CARTESIAN_POINT('',(-2.55,74.290182793319,-8.));
#1217 = LINE('',#1218,#1219);
#1218 = CARTESIAN_POINT('',(-2.55,36.16440487073,-8.));
#1219 = VECTOR('',#1220,1.);
#1220 = DIRECTION('',(6.123233995737E-17,1.,0.));
#1221 = ORIENTED_EDGE('',*,*,#1222,.T.);
#1222 = EDGE_CURVE('',#1215,#1135,#1223,.T.);
#1223 = LINE('',#1224,#1225);
#1224 = CARTESIAN_POINT('',(52.868113981611,74.290182793319,-8.));
#1225 = VECTOR('',#1226,1.);
#1226 = DIRECTION('',(1.,-6.123233995737E-17,0.));
#1227 = PLANE('',#1228);
#1228 = AXIS2_PLACEMENT_3D('',#1229,#1230,#1231);
#1229 = CARTESIAN_POINT('',(103.18622796322,0.,-8.));
#1230 = DIRECTION('',(0.,0.,-1.));
#1231 = DIRECTION('',(-1.,6.886022968233E-17,0.));
#1232 = ADVANCED_FACE('',(#1233),#1271,.F.);
#1233 = FACE_BOUND('',#1234,.F.);
#1234 = EDGE_LOOP('',(#1235,#1236,#1249,#1270));
#1235 = ORIENTED_EDGE('',*,*,#72,.T.);
#1236 = ORIENTED_EDGE('',*,*,#1237,.T.);
#1237 = EDGE_CURVE('',#73,#1238,#1240,.T.);
#1238 = VERTEX_POINT('',#1239);
#1239 = CARTESIAN_POINT('',(104.33009635087,-1.117709203841,-1.6));
#1240 = B_SPLINE_CURVE_WITH_KNOTS('',3,(#1241,#1242,#1243,#1244,#1245,
    #1246,#1247,#1248),.UNSPECIFIED.,.F.,.F.,(4,2,2,4),(-0.58043832905,
    -0.17374069123,6.471645547664,6.878343185485),.UNSPECIFIED.);
#1241 = CARTESIAN_POINT('',(102.43142055395,-1.117709203841,-8.39168));
#1242 = CARTESIAN_POINT('',(102.46791978713,-1.117709203841,-8.26112));
#1243 = CARTESIAN_POINT('',(102.50441902032,-1.117709203841,-8.13056));
#1244 = CARTESIAN_POINT('',(103.13731095262,-1.117709203841,
    -5.866666666667));
#1245 = CARTESIAN_POINT('',(103.73370365175,-1.117709203841,
    -3.733333333333));
#1246 = CARTESIAN_POINT('',(104.36659558405,-1.117709203841,-1.46944));
#1247 = CARTESIAN_POINT('',(104.40309481724,-1.117709203841,-1.33888));
#1248 = CARTESIAN_POINT('',(104.43959405042,-1.117709203841,-1.20832));
#1249 = ORIENTED_EDGE('',*,*,#1250,.F.);
#1250 = EDGE_CURVE('',#45,#1238,#1251,.T.);
#1251 = B_SPLINE_CURVE_WITH_KNOTS('',5,(#1252,#1253,#1254,#1255,#1256,
    #1257,#1258,#1259,#1260,#1261,#1262,#1263,#1264,#1265,#1266,#1267,
    #1268,#1269),.UNSPECIFIED.,.F.,.F.,(6,4,4,4,6),(0.,0.250041366871,
    0.499999479199,0.7503232811,1.),.UNSPECIFIED.);
#1252 = CARTESIAN_POINT('',(104.33009635087,1.117709203841,-1.6));
#1253 = CARTESIAN_POINT('',(104.38669707963,1.019673865873,-1.6));
#1254 = CARTESIAN_POINT('',(104.43791668661,0.91688772166,-1.6));
#1255 = CARTESIAN_POINT('',(104.48300569534,0.809826577581,-1.6));
#1256 = CARTESIAN_POINT('',(104.52129311969,0.699169296223,-1.6));
#1257 = CARTESIAN_POINT('',(104.58331442503,0.472361785444,-1.6));
#1258 = CARTESIAN_POINT('',(104.60705386776,0.356211413615,-1.6));
#1259 = CARTESIAN_POINT('',(104.62305446254,0.238123585718,-1.6));
#1260 = CARTESIAN_POINT('',(104.63105362731,0.119061760537,-1.6));
#1261 = CARTESIAN_POINT('',(104.63105376088,-0.119233463304,-1.6));
#1262 = CARTESIAN_POINT('',(104.62303130887,-0.238469496328,-1.6));
#1263 = CARTESIAN_POINT('',(104.60698398407,-0.356727252275,-1.6));
#1264 = CARTESIAN_POINT('',(104.58317592998,-0.473039066246,-1.6));
#1265 = CARTESIAN_POINT('',(104.52106968561,-0.699814759011,-1.6));
#1266 = CARTESIAN_POINT('',(104.48280838899,-0.810294955762,-1.6));
#1267 = CARTESIAN_POINT('',(104.43776728056,-0.917187509378,-1.6));
#1268 = CARTESIAN_POINT('',(104.38661453609,-1.019816835481,-1.6));
#1269 = CARTESIAN_POINT('',(104.33009635087,-1.117709203841,-1.6));
#1270 = ORIENTED_EDGE('',*,*,#52,.F.);
#1271 = ( BOUNDED_SURFACE() B_SPLINE_SURFACE(2,3,(
    (#1272,#1273,#1274,#1275,#1276,#1277,#1278,#1279)
    ,(#1280,#1281,#1282,#1283,#1284,#1285,#1286,#1287)
    ,(#1288,#1289,#1290,#1291,#1292,#1293,#1294,#1295
)),.UNSPECIFIED.,.F.,.F.,.F.) B_SPLINE_SURFACE_WITH_KNOTS((3,3),(4,2,2,4
    ),(0.,6.645386238894),(-0.58043832905,-0.17374069123,6.471645547664,
6.878343185485),.UNSPECIFIED.) GEOMETRIC_REPRESENTATION_ITEM() 
RATIONAL_B_SPLINE_SURFACE((
    (1.,1.,1.,1.,1.,1.,1.,1.)
    ,(0.873980760479,0.873980760479,0.873980760479,0.873980760479
      ,0.873980760479,0.873980760479,0.873980760479,0.873980760479)
,(1.,1.,1.,1.,1.,1.,1.,1.))) REPRESENTATION_ITEM('') SURFACE() );
#1272 = CARTESIAN_POINT('',(102.43142055395,1.117709203841,-8.39168));
#1273 = CARTESIAN_POINT('',(102.46791978713,1.117709203841,-8.26112));
#1274 = CARTESIAN_POINT('',(102.50441902032,1.117709203841,-8.13056));
#1275 = CARTESIAN_POINT('',(103.13731095262,1.117709203841,
    -5.866666666667));
#1276 = CARTESIAN_POINT('',(103.73370365175,1.117709203841,
    -3.733333333333));
#1277 = CARTESIAN_POINT('',(104.36659558405,1.117709203841,-1.46944));
#1278 = CARTESIAN_POINT('',(104.40309481724,1.117709203841,-1.33888));
#1279 = CARTESIAN_POINT('',(104.43959405042,1.117709203841,-1.20832));
#1280 = CARTESIAN_POINT('',(103.0299529917,1.130018656094E-15,
    -8.55900517628));
#1281 = CARTESIAN_POINT('',(103.06645222489,1.279659918553E-15,
    -8.42844517628));
#1282 = CARTESIAN_POINT('',(103.10295145807,1.429301181011E-15,
    -8.29788517628));
#1283 = CARTESIAN_POINT('',(103.73584339038,4.02406111109E-15,
    -6.033991842946));
#1284 = CARTESIAN_POINT('',(104.3322360895,-1.270471496891E-14,
    -3.900658509613));
#1285 = CARTESIAN_POINT('',(104.96512802181,-1.016863555499E-14,
    -1.63676517628));
#1286 = CARTESIAN_POINT('',(105.00162725499,-1.002237843086E-14,
    -1.50620517628));
#1287 = CARTESIAN_POINT('',(105.03812648818,-9.876121306722E-15,
    -1.37564517628));
#1288 = CARTESIAN_POINT('',(102.43142055395,-1.117709203841,-8.39168));
#1289 = CARTESIAN_POINT('',(102.46791978713,-1.117709203841,-8.26112));
#1290 = CARTESIAN_POINT('',(102.50441902032,-1.117709203841,-8.13056));
#1291 = CARTESIAN_POINT('',(103.13731095262,-1.117709203841,
    -5.866666666667));
#1292 = CARTESIAN_POINT('',(103.73370365175,-1.117709203841,
    -3.733333333333));
#1293 = CARTESIAN_POINT('',(104.36659558405,-1.117709203841,-1.46944));
#1294 = CARTESIAN_POINT('',(104.40309481724,-1.117709203841,-1.33888));
#1295 = CARTESIAN_POINT('',(104.43959405042,-1.117709203841,-1.20832));
#1296 = ADVANCED_FACE('',(#1297),#1335,.T.);
#1297 = FACE_BOUND('',#1298,.T.);
#1298 = EDGE_LOOP('',(#1299,#1300,#1313,#1334));
#1299 = ORIENTED_EDGE('',*,*,#227,.T.);
#1300 = ORIENTED_EDGE('',*,*,#1301,.T.);
#1301 = EDGE_CURVE('',#220,#1302,#1304,.T.);
#1302 = VERTEX_POINT('',#1303);
#1303 = CARTESIAN_POINT('',(51.197083610866,90.911368421053,-1.6));
#1304 = B_SPLINE_CURVE_WITH_KNOTS('',3,(#1305,#1306,#1307,#1308,#1309,
    #1310,#1311,#1312),.UNSPECIFIED.,.F.,.F.,(4,2,2,4),(-0.58043832905,
    -0.17374069123,6.471645547664,6.878343185485),.UNSPECIFIED.);
#1305 = CARTESIAN_POINT('',(50.247745712405,89.267066947368,-8.39168));
#1306 = CARTESIAN_POINT('',(50.265995328998,89.298676210526,-8.26112));
#1307 = CARTESIAN_POINT('',(50.284244945592,89.330285473684,-8.13056));
#1308 = CARTESIAN_POINT('',(50.600690911745,89.878385964912,
    -5.866666666667));
#1309 = CARTESIAN_POINT('',(50.898887261305,90.394877192982,
    -3.733333333333));
#1310 = CARTESIAN_POINT('',(51.215333227459,90.942977684211,-1.46944));
#1311 = CARTESIAN_POINT('',(51.233582844052,90.974586947368,-1.33888));
#1312 = CARTESIAN_POINT('',(51.251832460645,91.006196210526,-1.20832));
#1313 = ORIENTED_EDGE('',*,*,#1314,.F.);
#1314 = EDGE_CURVE('',#32,#1302,#1315,.T.);
#1315 = B_SPLINE_CURVE_WITH_KNOTS('',5,(#1316,#1317,#1318,#1319,#1320,
    #1321,#1322,#1323,#1324,#1325,#1326,#1327,#1328,#1329,#1330,#1331,
    #1332,#1333),.UNSPECIFIED.,.F.,.F.,(6,4,4,4,6),(0.,0.25004136687,
    0.499999479199,0.7503232811,1.),.UNSPECIFIED.);
#1316 = CARTESIAN_POINT('',(53.133012740005,89.793659217212,-1.6));
#1317 = CARTESIAN_POINT('',(53.07641201124,89.891694555179,-1.6));
#1318 = CARTESIAN_POINT('',(53.013006402683,89.9874451081,-1.6));
#1319 = CARTESIAN_POINT('',(52.942833236517,90.08002390713,-1.6));
#1320 = CARTESIAN_POINT('',(52.866144931926,90.168510429946,-1.6));
#1321 = CARTESIAN_POINT('',(52.700734518488,90.335626211329,-1.6));
#1322 = CARTESIAN_POINT('',(52.612015067192,90.414260357721,-1.6));
#1323 = CARTESIAN_POINT('',(52.517748305743,90.487161193223,-1.6));
#1324 = CARTESIAN_POINT('',(52.418637322901,90.553619585715,-1.6));
#1325 = CARTESIAN_POINT('',(52.212267672238,90.672767313311,-1.6));
#1326 = CARTESIAN_POINT('',(52.104995012589,90.725437682584,-1.6));
#1327 = CARTESIAN_POINT('',(51.994557129345,90.770669169618,-1.6));
#1328 = CARTESIAN_POINT('',(51.881924116642,90.808206696949,-1.6));
#1329 = CARTESIAN_POINT('',(51.654477483559,90.867808957969,-1.6));
#1330 = CARTESIAN_POINT('',(51.539668178249,90.889913801493,-1.6));
#1331 = CARTESIAN_POINT('',(51.424575957128,90.904353334187,-1.6));
#1332 = CARTESIAN_POINT('',(51.310119981314,90.911368421053,-1.6));
#1333 = CARTESIAN_POINT('',(51.197083610866,90.911368421053,-1.6));
#1334 = ORIENTED_EDGE('',*,*,#31,.F.);
#1335 = ( BOUNDED_SURFACE() B_SPLINE_SURFACE(2,3,(
    (#1336,#1337,#1338,#1339,#1340,#1341,#1342,#1343)
    ,(#1344,#1345,#1346,#1347,#1348,#1349,#1350,#1351)
    ,(#1352,#1353,#1354,#1355,#1356,#1357,#1358,#1359
)),.UNSPECIFIED.,.F.,.F.,.F.) B_SPLINE_SURFACE_WITH_KNOTS((3,3),(4,2,2,4
    ),(0.,6.645386238894),(-0.58043832905,-0.17374069123,6.471645547664,
6.878343185485),.UNSPECIFIED.) GEOMETRIC_REPRESENTATION_ITEM() 
RATIONAL_B_SPLINE_SURFACE((
    (1.,1.,1.,1.,1.,1.,1.,1.)
    ,(0.873980760479,0.873980760479,0.873980760479,0.873980760479
      ,0.873980760479,0.873980760479,0.873980760479,0.873980760479)
,(1.,1.,1.,1.,1.,1.,1.,1.))) REPRESENTATION_ITEM('') SURFACE() );
#1336 = CARTESIAN_POINT('',(52.183674841545,88.149357743528,-8.39168));
#1337 = CARTESIAN_POINT('',(52.201924458138,88.180967006686,-8.26112));
#1338 = CARTESIAN_POINT('',(52.220174074731,88.212576269844,-8.13056));
#1339 = CARTESIAN_POINT('',(52.536620040884,88.760676761072,
    -5.866666666667));
#1340 = CARTESIAN_POINT('',(52.834816390445,89.277167989142,
    -3.733333333333));
#1341 = CARTESIAN_POINT('',(53.151262356598,89.82526848037,-1.46944));
#1342 = CARTESIAN_POINT('',(53.169511973191,89.856877743528,-1.33888));
#1343 = CARTESIAN_POINT('',(53.187761589784,89.888487006686,-1.20832));
#1344 = CARTESIAN_POINT('',(51.514976495852,89.226556641532,
    -8.55900517628));
#1345 = CARTESIAN_POINT('',(51.533226112445,89.25816590469,
    -8.42844517628));
#1346 = CARTESIAN_POINT('',(51.551475729038,89.289775167848,
    -8.29788517628));
#1347 = CARTESIAN_POINT('',(51.867921695192,89.837875659076,
    -6.033991842946));
#1348 = CARTESIAN_POINT('',(52.166118044752,90.354366887146,
    -3.900658509613));
#1349 = CARTESIAN_POINT('',(52.482564010906,90.902467378374,
    -1.63676517628));
#1350 = CARTESIAN_POINT('',(52.500813627499,90.934076641532,
    -1.50620517628));
#1351 = CARTESIAN_POINT('',(52.519063244092,90.96568590469,
    -1.37564517628));
#1352 = CARTESIAN_POINT('',(50.247745712405,89.267066947368,-8.39168));
#1353 = CARTESIAN_POINT('',(50.265995328998,89.298676210526,-8.26112));
#1354 = CARTESIAN_POINT('',(50.284244945592,89.330285473684,-8.13056));
#1355 = CARTESIAN_POINT('',(50.600690911745,89.878385964912,
    -5.866666666667));
#1356 = CARTESIAN_POINT('',(50.898887261305,90.394877192982,
    -3.733333333333));
#1357 = CARTESIAN_POINT('',(51.215333227459,90.942977684211,-1.46944));
#1358 = CARTESIAN_POINT('',(51.233582844052,90.974586947368,-1.33888));
#1359 = CARTESIAN_POINT('',(51.251832460645,91.006196210526,-1.20832));
#1360 = ADVANCED_FACE('',(#1361,#1496,#1594,#1692,#1790,#1888,#1899,
    #1997),#2095,.F.);
#1361 = FACE_BOUND('',#1362,.F.);
#1362 = EDGE_LOOP('',(#1363,#1364,#1365,#1373,#1396,#1404,#1427,#1435,
    #1458,#1466,#1489,#1495));
#1363 = ORIENTED_EDGE('',*,*,#44,.F.);
#1364 = ORIENTED_EDGE('',*,*,#1250,.T.);
#1365 = ORIENTED_EDGE('',*,*,#1366,.F.);
#1366 = EDGE_CURVE('',#1367,#1238,#1369,.T.);
#1367 = VERTEX_POINT('',#1368);
#1368 = CARTESIAN_POINT('',(53.133012740005,-89.79365921721,-1.6));
#1369 = LINE('',#1370,#1371);
#1370 = CARTESIAN_POINT('',(52.487703030292,-90.91136842105,-1.6));
#1371 = VECTOR('',#1372,1.);
#1372 = DIRECTION('',(0.5,0.866025403784,0.));
#1373 = ORIENTED_EDGE('',*,*,#1374,.F.);
#1374 = EDGE_CURVE('',#1375,#1367,#1377,.T.);
#1375 = VERTEX_POINT('',#1376);
#1376 = CARTESIAN_POINT('',(51.197083610866,-90.91136842105,-1.6));
#1377 = B_SPLINE_CURVE_WITH_KNOTS('',5,(#1378,#1379,#1380,#1381,#1382,
    #1383,#1384,#1385,#1386,#1387,#1388,#1389,#1390,#1391,#1392,#1393,
    #1394,#1395),.UNSPECIFIED.,.F.,.F.,(6,4,4,4,6),(0.,0.25004136687,
    0.499999479199,0.7503232811,1.),.UNSPECIFIED.);
#1378 = CARTESIAN_POINT('',(51.197083610866,-90.91136842105,-1.6));
#1379 = CARTESIAN_POINT('',(51.310285068397,-90.91136842105,-1.6));
#1380 = CARTESIAN_POINT('',(51.424910283931,-90.90433282976,-1.6));
#1381 = CARTESIAN_POINT('',(51.540172458825,-90.88985048471,-1.6));
#1382 = CARTESIAN_POINT('',(51.655148187773,-90.86767972617,-1.6));
#1383 = CARTESIAN_POINT('',(51.882579906542,-90.80798799677,-1.6));
#1384 = CARTESIAN_POINT('',(51.995038800571,-90.77047177133,-1.6));
#1385 = CARTESIAN_POINT('',(52.105306156797,-90.72528477894,-1.6));
#1386 = CARTESIAN_POINT('',(52.212416304411,-90.67268134625,-1.6));
#1387 = CARTESIAN_POINT('',(52.418786088643,-90.55353385,-1.6));
#1388 = CARTESIAN_POINT('',(52.518036296285,-90.48696818625,-1.6));
#1389 = CARTESIAN_POINT('',(52.61242685473,-90.41394191734,-1.6));
#1390 = CARTESIAN_POINT('',(52.701251813345,-90.3351676307,-1.6));
#1391 = CARTESIAN_POINT('',(52.866592202053,-90.16799419895,-1.6));
#1392 = CARTESIAN_POINT('',(52.943140210746,-90.07961884573,-1.6));
#1393 = CARTESIAN_POINT('',(53.013191323439,-89.9871658248,-1.6));
#1394 = CARTESIAN_POINT('',(53.076494554781,-89.89155158557,-1.6));
#1395 = CARTESIAN_POINT('',(53.133012740005,-89.79365921721,-1.6));
#1396 = ORIENTED_EDGE('',*,*,#1397,.F.);
#1397 = EDGE_CURVE('',#1398,#1375,#1400,.T.);
#1398 = VERTEX_POINT('',#1399);
#1399 = CARTESIAN_POINT('',(-51.19708361086,-90.91136842105,-1.6));
#1400 = LINE('',#1401,#1402);
#1401 = CARTESIAN_POINT('',(-52.48770303029,-90.91136842105,-1.6));
#1402 = VECTOR('',#1403,1.);
#1403 = DIRECTION('',(1.,-1.35373181667E-16,0.));
#1404 = ORIENTED_EDGE('',*,*,#1405,.F.);
#1405 = EDGE_CURVE('',#1406,#1398,#1408,.T.);
#1406 = VERTEX_POINT('',#1407);
#1407 = CARTESIAN_POINT('',(-53.13301274,-89.79365921721,-1.6));
#1408 = B_SPLINE_CURVE_WITH_KNOTS('',5,(#1409,#1410,#1411,#1412,#1413,
    #1414,#1415,#1416,#1417,#1418,#1419,#1420,#1421,#1422,#1423,#1424,
    #1425,#1426),.UNSPECIFIED.,.F.,.F.,(6,4,4,4,6),(0.,0.250041366871,
    0.499999479199,0.7503232811,1.),.UNSPECIFIED.);
#1409 = CARTESIAN_POINT('',(-53.13301274,-89.79365921721,-1.6));
#1410 = CARTESIAN_POINT('',(-53.07641201123,-89.89169455517,-1.6));
#1411 = CARTESIAN_POINT('',(-53.01300640268,-89.9874451081,-1.6));
#1412 = CARTESIAN_POINT('',(-52.94283323651,-90.08002390713,-1.6));
#1413 = CARTESIAN_POINT('',(-52.86614493192,-90.16851042994,-1.6));
#1414 = CARTESIAN_POINT('',(-52.70073451848,-90.33562621133,-1.6));
#1415 = CARTESIAN_POINT('',(-52.61201506719,-90.41426035772,-1.6));
#1416 = CARTESIAN_POINT('',(-52.51774830574,-90.48716119322,-1.6));
#1417 = CARTESIAN_POINT('',(-52.4186373229,-90.55361958571,-1.6));
#1418 = CARTESIAN_POINT('',(-52.21226767223,-90.67276731331,-1.6));
#1419 = CARTESIAN_POINT('',(-52.10499501258,-90.72543768258,-1.6));
#1420 = CARTESIAN_POINT('',(-51.99455712934,-90.77066916961,-1.6));
#1421 = CARTESIAN_POINT('',(-51.88192411664,-90.80820669694,-1.6));
#1422 = CARTESIAN_POINT('',(-51.65447748355,-90.86780895796,-1.6));
#1423 = CARTESIAN_POINT('',(-51.53966817824,-90.88991380149,-1.6));
#1424 = CARTESIAN_POINT('',(-51.42457595712,-90.90435333418,-1.6));
#1425 = CARTESIAN_POINT('',(-51.31011998131,-90.91136842105,-1.6));
#1426 = CARTESIAN_POINT('',(-51.19708361086,-90.91136842105,-1.6));
#1427 = ORIENTED_EDGE('',*,*,#1428,.F.);
#1428 = EDGE_CURVE('',#1429,#1406,#1431,.T.);
#1429 = VERTEX_POINT('',#1430);
#1430 = CARTESIAN_POINT('',(-104.3300963508,-1.117709203841,-1.6));
#1431 = LINE('',#1432,#1433);
#1432 = CARTESIAN_POINT('',(-104.9754060605,1.285577950213E-14,-1.6));
#1433 = VECTOR('',#1434,1.);
#1434 = DIRECTION('',(0.5,-0.866025403784,0.));
#1435 = ORIENTED_EDGE('',*,*,#1436,.F.);
#1436 = EDGE_CURVE('',#1437,#1429,#1439,.T.);
#1437 = VERTEX_POINT('',#1438);
#1438 = CARTESIAN_POINT('',(-104.3300963508,1.117709203841,-1.6));
#1439 = B_SPLINE_CURVE_WITH_KNOTS('',5,(#1440,#1441,#1442,#1443,#1444,
    #1445,#1446,#1447,#1448,#1449,#1450,#1451,#1452,#1453,#1454,#1455,
    #1456,#1457),.UNSPECIFIED.,.F.,.F.,(6,4,4,4,6),(0.,0.25004136687,
    0.499999479199,0.7503232811,1.),.UNSPECIFIED.);
#1440 = CARTESIAN_POINT('',(-104.3300963508,1.117709203841,-1.6));
#1441 = CARTESIAN_POINT('',(-104.3866970796,1.019673865874,-1.6));
#1442 = CARTESIAN_POINT('',(-104.4379166866,0.916887721661,-1.6));
#1443 = CARTESIAN_POINT('',(-104.4830056953,0.809826577582,-1.6));
#1444 = CARTESIAN_POINT('',(-104.5212931196,0.699169296225,-1.6));
#1445 = CARTESIAN_POINT('',(-104.583314425,0.472361785446,-1.6));
#1446 = CARTESIAN_POINT('',(-104.6070538677,0.356211413617,-1.6));
#1447 = CARTESIAN_POINT('',(-104.6230544625,0.238123585719,-1.6));
#1448 = CARTESIAN_POINT('',(-104.6310536273,0.119061760538,-1.6));
#1449 = CARTESIAN_POINT('',(-104.6310537608,-0.119233463304,-1.6));
#1450 = CARTESIAN_POINT('',(-104.6230313088,-0.238469496328,-1.6));
#1451 = CARTESIAN_POINT('',(-104.606983984,-0.356727252275,-1.6));
#1452 = CARTESIAN_POINT('',(-104.5831759299,-0.473039066246,-1.6));
#1453 = CARTESIAN_POINT('',(-104.5210696856,-0.699814759011,-1.6));
#1454 = CARTESIAN_POINT('',(-104.4828083889,-0.810294955762,-1.6));
#1455 = CARTESIAN_POINT('',(-104.4377672805,-0.917187509378,-1.6));
#1456 = CARTESIAN_POINT('',(-104.386614536,-1.019816835481,-1.6));
#1457 = CARTESIAN_POINT('',(-104.3300963508,-1.117709203841,-1.6));
#1458 = ORIENTED_EDGE('',*,*,#1459,.F.);
#1459 = EDGE_CURVE('',#1460,#1437,#1462,.T.);
#1460 = VERTEX_POINT('',#1461);
#1461 = CARTESIAN_POINT('',(-53.13301274,89.793659217212,-1.6));
#1462 = LINE('',#1463,#1464);
#1463 = CARTESIAN_POINT('',(-52.48770303029,90.911368421053,-1.6));
#1464 = VECTOR('',#1465,1.);
#1465 = DIRECTION('',(-0.5,-0.866025403784,0.));
#1466 = ORIENTED_EDGE('',*,*,#1467,.F.);
#1467 = EDGE_CURVE('',#1468,#1460,#1470,.T.);
#1468 = VERTEX_POINT('',#1469);
#1469 = CARTESIAN_POINT('',(-51.19708361086,90.911368421053,-1.6));
#1470 = B_SPLINE_CURVE_WITH_KNOTS('',5,(#1471,#1472,#1473,#1474,#1475,
    #1476,#1477,#1478,#1479,#1480,#1481,#1482,#1483,#1484,#1485,#1486,
    #1487,#1488),.UNSPECIFIED.,.F.,.F.,(6,4,4,4,6),(0.,0.250041366871,
    0.499999479199,0.7503232811,1.),.UNSPECIFIED.);
#1471 = CARTESIAN_POINT('',(-51.19708361086,90.911368421053,-1.6));
#1472 = CARTESIAN_POINT('',(-51.31028506839,90.911368421053,-1.6));
#1473 = CARTESIAN_POINT('',(-51.42491028393,90.90433282976,-1.6));
#1474 = CARTESIAN_POINT('',(-51.54017245882,90.889850484712,-1.6));
#1475 = CARTESIAN_POINT('',(-51.65514818777,90.867679726171,-1.6));
#1476 = CARTESIAN_POINT('',(-51.88257990654,90.807987996774,-1.6));
#1477 = CARTESIAN_POINT('',(-51.99503880057,90.770471771338,-1.6));
#1478 = CARTESIAN_POINT('',(-52.10530615679,90.725284778942,-1.6));
#1479 = CARTESIAN_POINT('',(-52.21241630441,90.672681346253,-1.6));
#1480 = CARTESIAN_POINT('',(-52.41878608864,90.553533850007,-1.6));
#1481 = CARTESIAN_POINT('',(-52.51803629628,90.486968186256,-1.6));
#1482 = CARTESIAN_POINT('',(-52.61242685473,90.413941917343,-1.6));
#1483 = CARTESIAN_POINT('',(-52.70125181334,90.335167630703,-1.6));
#1484 = CARTESIAN_POINT('',(-52.86659220205,90.167994198958,-1.6));
#1485 = CARTESIAN_POINT('',(-52.94314021074,90.079618845731,-1.6));
#1486 = CARTESIAN_POINT('',(-53.01319132343,89.987165824809,-1.6));
#1487 = CARTESIAN_POINT('',(-53.07649455478,89.891551585572,-1.6));
#1488 = CARTESIAN_POINT('',(-53.13301274,89.793659217212,-1.6));
#1489 = ORIENTED_EDGE('',*,*,#1490,.F.);
#1490 = EDGE_CURVE('',#1302,#1468,#1491,.T.);
#1491 = LINE('',#1492,#1493);
#1492 = CARTESIAN_POINT('',(52.487703030292,90.911368421053,-1.6));
#1493 = VECTOR('',#1494,1.);
#1494 = DIRECTION('',(-1.,1.35373181667E-16,0.));
#1495 = ORIENTED_EDGE('',*,*,#1314,.F.);
#1496 = FACE_BOUND('',#1497,.F.);
#1497 = EDGE_LOOP('',(#1498,#1508,#1516,#1524,#1532,#1540,#1548,#1556,
    #1564,#1572,#1580,#1588));
#1498 = ORIENTED_EDGE('',*,*,#1499,.F.);
#1499 = EDGE_CURVE('',#1500,#1502,#1504,.T.);
#1500 = VERTEX_POINT('',#1501);
#1501 = CARTESIAN_POINT('',(65.297183806056,-36.48691108245,-1.6));
#1502 = VERTEX_POINT('',#1503);
#1503 = CARTESIAN_POINT('',(66.663073302021,-37.27550775063,-1.6));
#1504 = LINE('',#1505,#1506);
#1505 = CARTESIAN_POINT('',(70.592341275857,-39.54407167304,-1.6));
#1506 = VECTOR('',#1507,1.);
#1507 = DIRECTION('',(0.866025403784,-0.5,0.));
#1508 = ORIENTED_EDGE('',*,*,#1509,.T.);
#1509 = EDGE_CURVE('',#1500,#1510,#1512,.T.);
#1510 = VERTEX_POINT('',#1511);
#1511 = CARTESIAN_POINT('',(64.247183806056,-38.3055644304,-1.6));
#1512 = LINE('',#1513,#1514);
#1513 = CARTESIAN_POINT('',(77.631609563629,-15.12305898815,-1.6));
#1514 = VECTOR('',#1515,1.);
#1515 = DIRECTION('',(-0.5,-0.866025403784,-0.));
#1516 = ORIENTED_EDGE('',*,*,#1517,.T.);
#1517 = EDGE_CURVE('',#1510,#1518,#1520,.T.);
#1518 = VERTEX_POINT('',#1519);
#1519 = CARTESIAN_POINT('',(65.613073302021,-39.09416109857,-1.6));
#1520 = LINE('',#1521,#1522);
#1521 = CARTESIAN_POINT('',(69.542341275857,-41.36272502099,-1.6));
#1522 = VECTOR('',#1523,1.);
#1523 = DIRECTION('',(0.866025403784,-0.5,0.));
#1524 = ORIENTED_EDGE('',*,*,#1525,.T.);
#1525 = EDGE_CURVE('',#1518,#1526,#1528,.T.);
#1526 = VERTEX_POINT('',#1527);
#1527 = CARTESIAN_POINT('',(64.863073302021,-40.39319920425,-1.6));
#1528 = LINE('',#1529,#1530);
#1529 = CARTESIAN_POINT('',(78.622499059594,-16.56117470916,-1.6));
#1530 = VECTOR('',#1531,1.);
#1531 = DIRECTION('',(-0.5,-0.866025403784,-0.));
#1532 = ORIENTED_EDGE('',*,*,#1533,.T.);
#1533 = EDGE_CURVE('',#1526,#1534,#1536,.T.);
#1534 = VERTEX_POINT('',#1535);
#1535 = CARTESIAN_POINT('',(66.775318596372,-41.4972345397,-1.6));
#1536 = LINE('',#1537,#1538);
#1537 = CARTESIAN_POINT('',(69.410070603517,-43.01840932027,-1.6));
#1538 = VECTOR('',#1539,1.);
#1539 = DIRECTION('',(0.866025403784,-0.5,0.));
#1540 = ORIENTED_EDGE('',*,*,#1541,.F.);
#1541 = EDGE_CURVE('',#1542,#1534,#1544,.T.);
#1542 = VERTEX_POINT('',#1543);
#1543 = CARTESIAN_POINT('',(67.525318596372,-40.19819643402,-1.6));
#1544 = LINE('',#1545,#1546);
#1545 = CARTESIAN_POINT('',(80.534744353945,-17.66521004461,-1.6));
#1546 = VECTOR('',#1547,1.);
#1547 = DIRECTION('',(-0.5,-0.866025403784,-0.));
#1548 = ORIENTED_EDGE('',*,*,#1549,.T.);
#1549 = EDGE_CURVE('',#1542,#1550,#1552,.T.);
#1550 = VERTEX_POINT('',#1551);
#1551 = CARTESIAN_POINT('',(68.891208092337,-40.9867931022,-1.6));
#1552 = LINE('',#1553,#1554);
#1553 = CARTESIAN_POINT('',(69.542341275857,-41.36272502099,-1.6));
#1554 = VECTOR('',#1555,1.);
#1555 = DIRECTION('',(0.866025403784,-0.5,0.));
#1556 = ORIENTED_EDGE('',*,*,#1557,.F.);
#1557 = EDGE_CURVE('',#1558,#1550,#1560,.T.);
#1558 = VERTEX_POINT('',#1559);
#1559 = CARTESIAN_POINT('',(69.941208092337,-39.16813975426,-1.6));
#1560 = LINE('',#1561,#1562);
#1561 = CARTESIAN_POINT('',(82.27563384991,-17.80428765995,-1.6));
#1562 = VECTOR('',#1563,1.);
#1563 = DIRECTION('',(-0.5,-0.866025403784,-0.));
#1564 = ORIENTED_EDGE('',*,*,#1565,.F.);
#1565 = EDGE_CURVE('',#1566,#1558,#1568,.T.);
#1566 = VERTEX_POINT('',#1567);
#1567 = CARTESIAN_POINT('',(68.575318596372,-38.37954308608,-1.6));
#1568 = LINE('',#1569,#1570);
#1569 = CARTESIAN_POINT('',(70.592341275857,-39.54407167304,-1.6));
#1570 = VECTOR('',#1571,1.);
#1571 = DIRECTION('',(0.866025403784,-0.5,0.));
#1572 = ORIENTED_EDGE('',*,*,#1573,.F.);
#1573 = EDGE_CURVE('',#1574,#1566,#1576,.T.);
#1574 = VERTEX_POINT('',#1575);
#1575 = CARTESIAN_POINT('',(69.325318596372,-37.0805049804,-1.6));
#1576 = LINE('',#1577,#1578);
#1577 = CARTESIAN_POINT('',(80.534744353945,-17.66521004461,-1.6));
#1578 = VECTOR('',#1579,1.);
#1579 = DIRECTION('',(-0.5,-0.866025403784,-0.));
#1580 = ORIENTED_EDGE('',*,*,#1581,.F.);
#1581 = EDGE_CURVE('',#1582,#1574,#1584,.T.);
#1582 = VERTEX_POINT('',#1583);
#1583 = CARTESIAN_POINT('',(67.413073302021,-35.97646964495,-1.6));
#1584 = LINE('',#1585,#1586);
#1585 = CARTESIAN_POINT('',(71.960070603517,-38.60167976097,-1.6));
#1586 = VECTOR('',#1587,1.);
#1587 = DIRECTION('',(0.866025403784,-0.5,0.));
#1588 = ORIENTED_EDGE('',*,*,#1589,.T.);
#1589 = EDGE_CURVE('',#1582,#1502,#1590,.T.);
#1590 = LINE('',#1591,#1592);
#1591 = CARTESIAN_POINT('',(78.622499059594,-16.56117470916,-1.6));
#1592 = VECTOR('',#1593,1.);
#1593 = DIRECTION('',(-0.5,-0.866025403784,-0.));
#1594 = FACE_BOUND('',#1595,.F.);
#1595 = EDGE_LOOP('',(#1596,#1606,#1614,#1622,#1630,#1638,#1646,#1654,
    #1662,#1670,#1678,#1686));
#1596 = ORIENTED_EDGE('',*,*,#1597,.F.);
#1597 = EDGE_CURVE('',#1598,#1600,#1602,.T.);
#1598 = VERTEX_POINT('',#1599);
#1599 = CARTESIAN_POINT('',(1.05,-74.79247551285,-1.6));
#1600 = VERTEX_POINT('',#1601);
#1601 = CARTESIAN_POINT('',(1.05,-76.36966884921,-1.6));
#1602 = LINE('',#1603,#1604);
#1603 = CARTESIAN_POINT('',(1.05,-35.4511124835,-1.6));
#1604 = VECTOR('',#1605,1.);
#1605 = DIRECTION('',(-1.836970198721E-16,-1.,-0.));
#1606 = ORIENTED_EDGE('',*,*,#1607,.T.);
#1607 = EDGE_CURVE('',#1598,#1608,#1610,.T.);
#1608 = VERTEX_POINT('',#1609);
#1609 = CARTESIAN_POINT('',(-1.05,-74.79247551285,-1.6));
#1610 = LINE('',#1611,#1612);
#1611 = CARTESIAN_POINT('',(51.962703030292,-74.79247551285,-1.6));
#1612 = VECTOR('',#1613,1.);
#1613 = DIRECTION('',(-1.,1.836970198721E-16,0.));
#1614 = ORIENTED_EDGE('',*,*,#1615,.T.);
#1615 = EDGE_CURVE('',#1608,#1616,#1618,.T.);
#1616 = VERTEX_POINT('',#1617);
#1617 = CARTESIAN_POINT('',(-1.05,-76.36966884921,-1.6));
#1618 = LINE('',#1619,#1620);
#1619 = CARTESIAN_POINT('',(-1.05,-35.4511124835,-1.6));
#1620 = VECTOR('',#1621,1.);
#1621 = DIRECTION('',(-1.836970198721E-16,-1.,-0.));
#1622 = ORIENTED_EDGE('',*,*,#1623,.T.);
#1623 = EDGE_CURVE('',#1616,#1624,#1626,.T.);
#1624 = VERTEX_POINT('',#1625);
#1625 = CARTESIAN_POINT('',(-2.55,-76.36966884921,-1.6));
#1626 = LINE('',#1627,#1628);
#1627 = CARTESIAN_POINT('',(51.212703030292,-76.36966884921,-1.6));
#1628 = VECTOR('',#1629,1.);
#1629 = DIRECTION('',(-1.,1.836970198721E-16,0.));
#1630 = ORIENTED_EDGE('',*,*,#1631,.T.);
#1631 = EDGE_CURVE('',#1624,#1632,#1634,.T.);
#1632 = VERTEX_POINT('',#1633);
#1633 = CARTESIAN_POINT('',(-2.55,-78.57773952011,-1.6));
#1634 = LINE('',#1635,#1636);
#1635 = CARTESIAN_POINT('',(-2.55,-36.16440487073,-1.6));
#1636 = VECTOR('',#1637,1.);
#1637 = DIRECTION('',(-1.836970198721E-16,-1.,-0.));
#1638 = ORIENTED_EDGE('',*,*,#1639,.F.);
#1639 = EDGE_CURVE('',#1640,#1632,#1642,.T.);
#1640 = VERTEX_POINT('',#1641);
#1641 = CARTESIAN_POINT('',(-1.05,-78.57773952011,-1.6));
#1642 = LINE('',#1643,#1644);
#1643 = CARTESIAN_POINT('',(51.212703030292,-78.57773952011,-1.6));
#1644 = VECTOR('',#1645,1.);
#1645 = DIRECTION('',(-1.,1.836970198721E-16,0.));
#1646 = ORIENTED_EDGE('',*,*,#1647,.T.);
#1647 = EDGE_CURVE('',#1640,#1648,#1650,.T.);
#1648 = VERTEX_POINT('',#1649);
#1649 = CARTESIAN_POINT('',(-1.05,-80.15493285646,-1.6));
#1650 = LINE('',#1651,#1652);
#1651 = CARTESIAN_POINT('',(-1.05,-35.4511124835,-1.6));
#1652 = VECTOR('',#1653,1.);
#1653 = DIRECTION('',(-1.836970198721E-16,-1.,-0.));
#1654 = ORIENTED_EDGE('',*,*,#1655,.F.);
#1655 = EDGE_CURVE('',#1656,#1648,#1658,.T.);
#1656 = VERTEX_POINT('',#1657);
#1657 = CARTESIAN_POINT('',(1.05,-80.15493285646,-1.6));
#1658 = LINE('',#1659,#1660);
#1659 = CARTESIAN_POINT('',(51.962703030292,-80.15493285646,-1.6));
#1660 = VECTOR('',#1661,1.);
#1661 = DIRECTION('',(-1.,1.836970198721E-16,0.));
#1662 = ORIENTED_EDGE('',*,*,#1663,.F.);
#1663 = EDGE_CURVE('',#1664,#1656,#1666,.T.);
#1664 = VERTEX_POINT('',#1665);
#1665 = CARTESIAN_POINT('',(1.05,-78.57773952011,-1.6));
#1666 = LINE('',#1667,#1668);
#1667 = CARTESIAN_POINT('',(1.05,-35.4511124835,-1.6));
#1668 = VECTOR('',#1669,1.);
#1669 = DIRECTION('',(-1.836970198721E-16,-1.,-0.));
#1670 = ORIENTED_EDGE('',*,*,#1671,.F.);
#1671 = EDGE_CURVE('',#1672,#1664,#1674,.T.);
#1672 = VERTEX_POINT('',#1673);
#1673 = CARTESIAN_POINT('',(2.55,-78.57773952011,-1.6));
#1674 = LINE('',#1675,#1676);
#1675 = CARTESIAN_POINT('',(51.212703030292,-78.57773952011,-1.6));
#1676 = VECTOR('',#1677,1.);
#1677 = DIRECTION('',(-1.,1.836970198721E-16,0.));
#1678 = ORIENTED_EDGE('',*,*,#1679,.F.);
#1679 = EDGE_CURVE('',#1680,#1672,#1682,.T.);
#1680 = VERTEX_POINT('',#1681);
#1681 = CARTESIAN_POINT('',(2.55,-76.36966884921,-1.6));
#1682 = LINE('',#1683,#1684);
#1683 = CARTESIAN_POINT('',(2.55,-36.16440487073,-1.6));
#1684 = VECTOR('',#1685,1.);
#1685 = DIRECTION('',(-1.836970198721E-16,-1.,-0.));
#1686 = ORIENTED_EDGE('',*,*,#1687,.T.);
#1687 = EDGE_CURVE('',#1680,#1600,#1688,.T.);
#1688 = LINE('',#1689,#1690);
#1689 = CARTESIAN_POINT('',(51.212703030292,-76.36966884921,-1.6));
#1690 = VECTOR('',#1691,1.);
#1691 = DIRECTION('',(-1.,1.836970198721E-16,0.));
#1692 = FACE_BOUND('',#1693,.F.);
#1693 = EDGE_LOOP('',(#1694,#1704,#1712,#1720,#1728,#1736,#1744,#1752,
    #1760,#1768,#1776,#1784));
#1694 = ORIENTED_EDGE('',*,*,#1695,.F.);
#1695 = EDGE_CURVE('',#1696,#1698,#1700,.T.);
#1696 = VERTEX_POINT('',#1697);
#1697 = CARTESIAN_POINT('',(-64.24718380605,-38.3055644304,-1.6));
#1698 = VERTEX_POINT('',#1699);
#1699 = CARTESIAN_POINT('',(-65.61307330202,-39.09416109857,-1.6));
#1700 = LINE('',#1701,#1702);
#1701 = CARTESIAN_POINT('',(9.18921326958,4.092959189535,-1.6));
#1702 = VECTOR('',#1703,1.);
#1703 = DIRECTION('',(-0.866025403784,-0.5,-0.));
#1704 = ORIENTED_EDGE('',*,*,#1705,.T.);
#1705 = EDGE_CURVE('',#1696,#1706,#1708,.T.);
#1706 = VERTEX_POINT('',#1707);
#1707 = CARTESIAN_POINT('',(-65.29718380605,-36.48691108245,-1.6));
#1708 = LINE('',#1709,#1710);
#1709 = CARTESIAN_POINT('',(-51.91275804848,-59.6694165247,-1.6));
#1710 = VECTOR('',#1711,1.);
#1711 = DIRECTION('',(-0.5,0.866025403784,0.));
#1712 = ORIENTED_EDGE('',*,*,#1713,.T.);
#1713 = EDGE_CURVE('',#1706,#1714,#1716,.T.);
#1714 = VERTEX_POINT('',#1715);
#1715 = CARTESIAN_POINT('',(-66.66307330202,-37.27550775063,-1.6));
#1716 = LINE('',#1717,#1718);
#1717 = CARTESIAN_POINT('',(8.13921326958,5.911612537482,-1.6));
#1718 = VECTOR('',#1719,1.);
#1719 = DIRECTION('',(-0.866025403784,-0.5,-0.));
#1720 = ORIENTED_EDGE('',*,*,#1721,.T.);
#1721 = EDGE_CURVE('',#1714,#1722,#1724,.T.);
#1722 = VERTEX_POINT('',#1723);
#1723 = CARTESIAN_POINT('',(-67.41307330202,-35.97646964495,-1.6));
#1724 = LINE('',#1725,#1726);
#1725 = CARTESIAN_POINT('',(-53.65364754444,-59.80849414004,-1.6));
#1726 = VECTOR('',#1727,1.);
#1727 = DIRECTION('',(-0.5,0.866025403784,0.));
#1728 = ORIENTED_EDGE('',*,*,#1729,.T.);
#1729 = EDGE_CURVE('',#1722,#1730,#1732,.T.);
#1730 = VERTEX_POINT('',#1731);
#1731 = CARTESIAN_POINT('',(-69.32531859637,-37.0805049804,-1.6));
#1732 = LINE('',#1733,#1734);
#1733 = CARTESIAN_POINT('',(6.771483941921,6.854004449548,-1.6));
#1734 = VECTOR('',#1735,1.);
#1735 = DIRECTION('',(-0.866025403784,-0.5,-0.));
#1736 = ORIENTED_EDGE('',*,*,#1737,.F.);
#1737 = EDGE_CURVE('',#1738,#1730,#1740,.T.);
#1738 = VERTEX_POINT('',#1739);
#1739 = CARTESIAN_POINT('',(-68.57531859637,-38.37954308608,-1.6));
#1740 = LINE('',#1741,#1742);
#1741 = CARTESIAN_POINT('',(-55.56589283879,-60.91252947549,-1.6));
#1742 = VECTOR('',#1743,1.);
#1743 = DIRECTION('',(-0.5,0.866025403784,0.));
#1744 = ORIENTED_EDGE('',*,*,#1745,.T.);
#1745 = EDGE_CURVE('',#1738,#1746,#1748,.T.);
#1746 = VERTEX_POINT('',#1747);
#1747 = CARTESIAN_POINT('',(-69.94120809233,-39.16813975426,-1.6));
#1748 = LINE('',#1749,#1750);
#1749 = CARTESIAN_POINT('',(8.13921326958,5.911612537482,-1.6));
#1750 = VECTOR('',#1751,1.);
#1751 = DIRECTION('',(-0.866025403784,-0.5,-0.));
#1752 = ORIENTED_EDGE('',*,*,#1753,.F.);
#1753 = EDGE_CURVE('',#1754,#1746,#1756,.T.);
#1754 = VERTEX_POINT('',#1755);
#1755 = CARTESIAN_POINT('',(-68.89120809233,-40.9867931022,-1.6));
#1756 = LINE('',#1757,#1758);
#1757 = CARTESIAN_POINT('',(-56.55678233476,-62.35064519651,-1.6));
#1758 = VECTOR('',#1759,1.);
#1759 = DIRECTION('',(-0.5,0.866025403784,0.));
#1760 = ORIENTED_EDGE('',*,*,#1761,.F.);
#1761 = EDGE_CURVE('',#1762,#1754,#1764,.T.);
#1762 = VERTEX_POINT('',#1763);
#1763 = CARTESIAN_POINT('',(-67.52531859637,-40.19819643402,-1.6));
#1764 = LINE('',#1765,#1766);
#1765 = CARTESIAN_POINT('',(9.18921326958,4.092959189535,-1.6));
#1766 = VECTOR('',#1767,1.);
#1767 = DIRECTION('',(-0.866025403784,-0.5,-0.));
#1768 = ORIENTED_EDGE('',*,*,#1769,.F.);
#1769 = EDGE_CURVE('',#1770,#1762,#1772,.T.);
#1770 = VERTEX_POINT('',#1771);
#1771 = CARTESIAN_POINT('',(-66.77531859637,-41.4972345397,-1.6));
#1772 = LINE('',#1773,#1774);
#1773 = CARTESIAN_POINT('',(-55.56589283879,-60.91252947549,-1.6));
#1774 = VECTOR('',#1775,1.);
#1775 = DIRECTION('',(-0.5,0.866025403784,0.));
#1776 = ORIENTED_EDGE('',*,*,#1777,.F.);
#1777 = EDGE_CURVE('',#1778,#1770,#1780,.T.);
#1778 = VERTEX_POINT('',#1779);
#1779 = CARTESIAN_POINT('',(-64.86307330202,-40.39319920425,-1.6));
#1780 = LINE('',#1781,#1782);
#1781 = CARTESIAN_POINT('',(9.321483941921,2.437274890248,-1.6));
#1782 = VECTOR('',#1783,1.);
#1783 = DIRECTION('',(-0.866025403784,-0.5,-0.));
#1784 = ORIENTED_EDGE('',*,*,#1785,.T.);
#1785 = EDGE_CURVE('',#1778,#1698,#1786,.T.);
#1786 = LINE('',#1787,#1788);
#1787 = CARTESIAN_POINT('',(-53.65364754444,-59.80849414004,-1.6));
#1788 = VECTOR('',#1789,1.);
#1789 = DIRECTION('',(-0.5,0.866025403784,0.));
#1790 = FACE_BOUND('',#1791,.F.);
#1791 = EDGE_LOOP('',(#1792,#1802,#1810,#1818,#1826,#1834,#1842,#1850,
    #1858,#1866,#1874,#1882));
#1792 = ORIENTED_EDGE('',*,*,#1793,.F.);
#1793 = EDGE_CURVE('',#1794,#1796,#1798,.T.);
#1794 = VERTEX_POINT('',#1795);
#1795 = CARTESIAN_POINT('',(64.247183806056,38.3055644304,-1.6));
#1796 = VERTEX_POINT('',#1797);
#1797 = CARTESIAN_POINT('',(65.613073302021,39.094161098578,-1.6));
#1798 = LINE('',#1799,#1800);
#1799 = CARTESIAN_POINT('',(69.542341275857,41.362725020991,-1.6));
#1800 = VECTOR('',#1801,1.);
#1801 = DIRECTION('',(0.866025403784,0.5,0.));
#1802 = ORIENTED_EDGE('',*,*,#1803,.T.);
#1803 = EDGE_CURVE('',#1794,#1804,#1806,.T.);
#1804 = VERTEX_POINT('',#1805);
#1805 = CARTESIAN_POINT('',(65.297183806056,36.486911082452,-1.6));
#1806 = LINE('',#1807,#1808);
#1807 = CARTESIAN_POINT('',(78.156609563629,14.213732314176,-1.6));
#1808 = VECTOR('',#1809,1.);
#1809 = DIRECTION('',(0.5,-0.866025403784,0.));
#1810 = ORIENTED_EDGE('',*,*,#1811,.T.);
#1811 = EDGE_CURVE('',#1804,#1812,#1814,.T.);
#1812 = VERTEX_POINT('',#1813);
#1813 = CARTESIAN_POINT('',(66.663073302021,37.275507750631,-1.6));
#1814 = LINE('',#1815,#1816);
#1815 = CARTESIAN_POINT('',(70.592341275857,39.544071673044,-1.6));
#1816 = VECTOR('',#1817,1.);
#1817 = DIRECTION('',(0.866025403784,0.5,0.));
#1818 = ORIENTED_EDGE('',*,*,#1819,.T.);
#1819 = EDGE_CURVE('',#1812,#1820,#1822,.T.);
#1820 = VERTEX_POINT('',#1821);
#1821 = CARTESIAN_POINT('',(67.413073302021,35.976469644955,-1.6));
#1822 = LINE('',#1823,#1824);
#1823 = CARTESIAN_POINT('',(79.897499059594,14.352809929517,-1.6));
#1824 = VECTOR('',#1825,1.);
#1825 = DIRECTION('',(0.5,-0.866025403784,0.));
#1826 = ORIENTED_EDGE('',*,*,#1827,.T.);
#1827 = EDGE_CURVE('',#1820,#1828,#1830,.T.);
#1828 = VERTEX_POINT('',#1829);
#1829 = CARTESIAN_POINT('',(69.325318596372,37.080504980405,-1.6));
#1830 = LINE('',#1831,#1832);
#1831 = CARTESIAN_POINT('',(71.960070603517,38.601679760978,-1.6));
#1832 = VECTOR('',#1833,1.);
#1833 = DIRECTION('',(0.866025403784,0.5,0.));
#1834 = ORIENTED_EDGE('',*,*,#1835,.F.);
#1835 = EDGE_CURVE('',#1836,#1828,#1838,.T.);
#1836 = VERTEX_POINT('',#1837);
#1837 = CARTESIAN_POINT('',(68.575318596372,38.379543086081,-1.6));
#1838 = LINE('',#1839,#1840);
#1839 = CARTESIAN_POINT('',(81.809744353945,15.456845264967,-1.6));
#1840 = VECTOR('',#1841,1.);
#1841 = DIRECTION('',(0.5,-0.866025403784,0.));
#1842 = ORIENTED_EDGE('',*,*,#1843,.T.);
#1843 = EDGE_CURVE('',#1836,#1844,#1846,.T.);
#1844 = VERTEX_POINT('',#1845);
#1845 = CARTESIAN_POINT('',(69.941208092337,39.16813975426,-1.6));
#1846 = LINE('',#1847,#1848);
#1847 = CARTESIAN_POINT('',(70.592341275857,39.544071673044,-1.6));
#1848 = VECTOR('',#1849,1.);
#1849 = DIRECTION('',(0.866025403784,0.5,0.));
#1850 = ORIENTED_EDGE('',*,*,#1851,.F.);
#1851 = EDGE_CURVE('',#1852,#1844,#1854,.T.);
#1852 = VERTEX_POINT('',#1853);
#1853 = CARTESIAN_POINT('',(68.891208092337,40.986793102207,-1.6));
#1854 = LINE('',#1855,#1856);
#1855 = CARTESIAN_POINT('',(82.80063384991,16.894960985984,-1.6));
#1856 = VECTOR('',#1857,1.);
#1857 = DIRECTION('',(0.5,-0.866025403784,0.));
#1858 = ORIENTED_EDGE('',*,*,#1859,.F.);
#1859 = EDGE_CURVE('',#1860,#1852,#1862,.T.);
#1860 = VERTEX_POINT('',#1861);
#1861 = CARTESIAN_POINT('',(67.525318596372,40.198196434029,-1.6));
#1862 = LINE('',#1863,#1864);
#1863 = CARTESIAN_POINT('',(69.542341275857,41.362725020991,-1.6));
#1864 = VECTOR('',#1865,1.);
#1865 = DIRECTION('',(0.866025403784,0.5,0.));
#1866 = ORIENTED_EDGE('',*,*,#1867,.F.);
#1867 = EDGE_CURVE('',#1868,#1860,#1870,.T.);
#1868 = VERTEX_POINT('',#1869);
#1869 = CARTESIAN_POINT('',(66.775318596372,41.497234539705,-1.6));
#1870 = LINE('',#1871,#1872);
#1871 = CARTESIAN_POINT('',(81.809744353945,15.456845264967,-1.6));
#1872 = VECTOR('',#1873,1.);
#1873 = DIRECTION('',(0.5,-0.866025403784,0.));
#1874 = ORIENTED_EDGE('',*,*,#1875,.F.);
#1875 = EDGE_CURVE('',#1876,#1868,#1878,.T.);
#1876 = VERTEX_POINT('',#1877);
#1877 = CARTESIAN_POINT('',(64.863073302021,40.393199204255,-1.6));
#1878 = LINE('',#1879,#1880);
#1879 = CARTESIAN_POINT('',(69.410070603517,43.018409320279,-1.6));
#1880 = VECTOR('',#1881,1.);
#1881 = DIRECTION('',(0.866025403784,0.5,0.));
#1882 = ORIENTED_EDGE('',*,*,#1883,.T.);
#1883 = EDGE_CURVE('',#1876,#1796,#1884,.T.);
#1884 = LINE('',#1885,#1886);
#1885 = CARTESIAN_POINT('',(79.897499059594,14.352809929517,-1.6));
#1886 = VECTOR('',#1887,1.);
#1887 = DIRECTION('',(0.5,-0.866025403784,0.));
#1888 = FACE_BOUND('',#1889,.F.);
#1889 = EDGE_LOOP('',(#1890));
#1890 = ORIENTED_EDGE('',*,*,#1891,.T.);
#1891 = EDGE_CURVE('',#1892,#1892,#1894,.T.);
#1892 = VERTEX_POINT('',#1893);
#1893 = CARTESIAN_POINT('',(11.8,-2.890166445988E-15,-1.6));
#1894 = CIRCLE('',#1895,11.8);
#1895 = AXIS2_PLACEMENT_3D('',#1896,#1897,#1898);
#1896 = CARTESIAN_POINT('',(0.,0.,-1.6));
#1897 = DIRECTION('',(0.,0.,1.));
#1898 = DIRECTION('',(1.,0.,-0.));
#1899 = FACE_BOUND('',#1900,.F.);
#1900 = EDGE_LOOP('',(#1901,#1911,#1919,#1927,#1935,#1943,#1951,#1959,
    #1967,#1975,#1983,#1991));
#1901 = ORIENTED_EDGE('',*,*,#1902,.F.);
#1902 = EDGE_CURVE('',#1903,#1905,#1907,.T.);
#1903 = VERTEX_POINT('',#1904);
#1904 = CARTESIAN_POINT('',(-1.05,74.792475512852,-1.6));
#1905 = VERTEX_POINT('',#1906);
#1906 = CARTESIAN_POINT('',(-1.05,76.36966884921,-1.6));
#1907 = LINE('',#1908,#1909);
#1908 = CARTESIAN_POINT('',(-1.05,35.451112483509,-1.6));
#1909 = VECTOR('',#1910,1.);
#1910 = DIRECTION('',(6.123233995737E-17,1.,0.));
#1911 = ORIENTED_EDGE('',*,*,#1912,.T.);
#1912 = EDGE_CURVE('',#1903,#1913,#1915,.T.);
#1913 = VERTEX_POINT('',#1914);
#1914 = CARTESIAN_POINT('',(1.05,74.792475512852,-1.6));
#1915 = LINE('',#1916,#1917);
#1916 = CARTESIAN_POINT('',(53.012703030292,74.792475512852,-1.6));
#1917 = VECTOR('',#1918,1.);
#1918 = DIRECTION('',(1.,-6.123233995737E-17,0.));
#1919 = ORIENTED_EDGE('',*,*,#1920,.T.);
#1920 = EDGE_CURVE('',#1913,#1921,#1923,.T.);
#1921 = VERTEX_POINT('',#1922);
#1922 = CARTESIAN_POINT('',(1.05,76.36966884921,-1.6));
#1923 = LINE('',#1924,#1925);
#1924 = CARTESIAN_POINT('',(1.05,35.451112483509,-1.6));
#1925 = VECTOR('',#1926,1.);
#1926 = DIRECTION('',(6.123233995737E-17,1.,0.));
#1927 = ORIENTED_EDGE('',*,*,#1928,.T.);
#1928 = EDGE_CURVE('',#1921,#1929,#1931,.T.);
#1929 = VERTEX_POINT('',#1930);
#1930 = CARTESIAN_POINT('',(2.55,76.36966884921,-1.6));
#1931 = LINE('',#1932,#1933);
#1932 = CARTESIAN_POINT('',(53.762703030292,76.36966884921,-1.6));
#1933 = VECTOR('',#1934,1.);
#1934 = DIRECTION('',(1.,-6.123233995737E-17,0.));
#1935 = ORIENTED_EDGE('',*,*,#1936,.T.);
#1936 = EDGE_CURVE('',#1929,#1937,#1939,.T.);
#1937 = VERTEX_POINT('',#1938);
#1938 = CARTESIAN_POINT('',(2.55,78.57773952011,-1.6));
#1939 = LINE('',#1940,#1941);
#1940 = CARTESIAN_POINT('',(2.55,36.16440487073,-1.6));
#1941 = VECTOR('',#1942,1.);
#1942 = DIRECTION('',(6.123233995737E-17,1.,0.));
#1943 = ORIENTED_EDGE('',*,*,#1944,.F.);
#1944 = EDGE_CURVE('',#1945,#1937,#1947,.T.);
#1945 = VERTEX_POINT('',#1946);
#1946 = CARTESIAN_POINT('',(1.05,78.57773952011,-1.6));
#1947 = LINE('',#1948,#1949);
#1948 = CARTESIAN_POINT('',(53.762703030292,78.57773952011,-1.6));
#1949 = VECTOR('',#1950,1.);
#1950 = DIRECTION('',(1.,-6.123233995737E-17,0.));
#1951 = ORIENTED_EDGE('',*,*,#1952,.T.);
#1952 = EDGE_CURVE('',#1945,#1953,#1955,.T.);
#1953 = VERTEX_POINT('',#1954);
#1954 = CARTESIAN_POINT('',(1.05,80.154932856467,-1.6));
#1955 = LINE('',#1956,#1957);
#1956 = CARTESIAN_POINT('',(1.05,35.451112483509,-1.6));
#1957 = VECTOR('',#1958,1.);
#1958 = DIRECTION('',(6.123233995737E-17,1.,0.));
#1959 = ORIENTED_EDGE('',*,*,#1960,.F.);
#1960 = EDGE_CURVE('',#1961,#1953,#1963,.T.);
#1961 = VERTEX_POINT('',#1962);
#1962 = CARTESIAN_POINT('',(-1.05,80.154932856467,-1.6));
#1963 = LINE('',#1964,#1965);
#1964 = CARTESIAN_POINT('',(53.012703030292,80.154932856467,-1.6));
#1965 = VECTOR('',#1966,1.);
#1966 = DIRECTION('',(1.,-6.123233995737E-17,0.));
#1967 = ORIENTED_EDGE('',*,*,#1968,.F.);
#1968 = EDGE_CURVE('',#1969,#1961,#1971,.T.);
#1969 = VERTEX_POINT('',#1970);
#1970 = CARTESIAN_POINT('',(-1.05,78.57773952011,-1.6));
#1971 = LINE('',#1972,#1973);
#1972 = CARTESIAN_POINT('',(-1.05,35.451112483509,-1.6));
#1973 = VECTOR('',#1974,1.);
#1974 = DIRECTION('',(6.123233995737E-17,1.,0.));
#1975 = ORIENTED_EDGE('',*,*,#1976,.F.);
#1976 = EDGE_CURVE('',#1977,#1969,#1979,.T.);
#1977 = VERTEX_POINT('',#1978);
#1978 = CARTESIAN_POINT('',(-2.55,78.57773952011,-1.6));
#1979 = LINE('',#1980,#1981);
#1980 = CARTESIAN_POINT('',(53.762703030292,78.57773952011,-1.6));
#1981 = VECTOR('',#1982,1.);
#1982 = DIRECTION('',(1.,-6.123233995737E-17,0.));
#1983 = ORIENTED_EDGE('',*,*,#1984,.F.);
#1984 = EDGE_CURVE('',#1985,#1977,#1987,.T.);
#1985 = VERTEX_POINT('',#1986);
#1986 = CARTESIAN_POINT('',(-2.55,76.36966884921,-1.6));
#1987 = LINE('',#1988,#1989);
#1988 = CARTESIAN_POINT('',(-2.55,36.16440487073,-1.6));
#1989 = VECTOR('',#1990,1.);
#1990 = DIRECTION('',(6.123233995737E-17,1.,0.));
#1991 = ORIENTED_EDGE('',*,*,#1992,.T.);
#1992 = EDGE_CURVE('',#1985,#1905,#1993,.T.);
#1993 = LINE('',#1994,#1995);
#1994 = CARTESIAN_POINT('',(53.762703030292,76.36966884921,-1.6));
#1995 = VECTOR('',#1996,1.);
#1996 = DIRECTION('',(1.,-6.123233995737E-17,0.));
#1997 = FACE_BOUND('',#1998,.F.);
#1998 = EDGE_LOOP('',(#1999,#2009,#2017,#2025,#2033,#2041,#2049,#2057,
    #2065,#2073,#2081,#2089));
#1999 = ORIENTED_EDGE('',*,*,#2000,.F.);
#2000 = EDGE_CURVE('',#2001,#2003,#2005,.T.);
#2001 = VERTEX_POINT('',#2002);
#2002 = CARTESIAN_POINT('',(-65.29718380605,36.486911082452,-1.6));
#2003 = VERTEX_POINT('',#2004);
#2004 = CARTESIAN_POINT('',(-66.66307330202,37.275507750631,-1.6));
#2005 = LINE('',#2006,#2007);
#2006 = CARTESIAN_POINT('',(8.13921326958,-5.911612537482,-1.6));
#2007 = VECTOR('',#2008,1.);
#2008 = DIRECTION('',(-0.866025403784,0.5,0.));
#2009 = ORIENTED_EDGE('',*,*,#2010,.T.);
#2010 = EDGE_CURVE('',#2001,#2011,#2013,.T.);
#2011 = VERTEX_POINT('',#2012);
#2012 = CARTESIAN_POINT('',(-64.24718380605,38.3055644304,-1.6));
#2013 = LINE('',#2014,#2015);
#2014 = CARTESIAN_POINT('',(-51.38775804848,60.578743198676,-1.6));
#2015 = VECTOR('',#2016,1.);
#2016 = DIRECTION('',(0.5,0.866025403784,0.));
#2017 = ORIENTED_EDGE('',*,*,#2018,.T.);
#2018 = EDGE_CURVE('',#2011,#2019,#2021,.T.);
#2019 = VERTEX_POINT('',#2020);
#2020 = CARTESIAN_POINT('',(-65.61307330202,39.094161098578,-1.6));
#2021 = LINE('',#2022,#2023);
#2022 = CARTESIAN_POINT('',(9.18921326958,-4.092959189535,-1.6));
#2023 = VECTOR('',#2024,1.);
#2024 = DIRECTION('',(-0.866025403784,0.5,0.));
#2025 = ORIENTED_EDGE('',*,*,#2026,.T.);
#2026 = EDGE_CURVE('',#2019,#2027,#2029,.T.);
#2027 = VERTEX_POINT('',#2028);
#2028 = CARTESIAN_POINT('',(-64.86307330202,40.393199204255,-1.6));
#2029 = LINE('',#2030,#2031);
#2030 = CARTESIAN_POINT('',(-52.37864754444,62.016858919693,-1.6));
#2031 = VECTOR('',#2032,1.);
#2032 = DIRECTION('',(0.5,0.866025403784,0.));
#2033 = ORIENTED_EDGE('',*,*,#2034,.T.);
#2034 = EDGE_CURVE('',#2027,#2035,#2037,.T.);
#2035 = VERTEX_POINT('',#2036);
#2036 = CARTESIAN_POINT('',(-66.77531859637,41.497234539705,-1.6));
#2037 = LINE('',#2038,#2039);
#2038 = CARTESIAN_POINT('',(9.321483941921,-2.437274890248,-1.6));
#2039 = VECTOR('',#2040,1.);
#2040 = DIRECTION('',(-0.866025403784,0.5,0.));
#2041 = ORIENTED_EDGE('',*,*,#2042,.F.);
#2042 = EDGE_CURVE('',#2043,#2035,#2045,.T.);
#2043 = VERTEX_POINT('',#2044);
#2044 = CARTESIAN_POINT('',(-67.52531859637,40.198196434029,-1.6));
#2045 = LINE('',#2046,#2047);
#2046 = CARTESIAN_POINT('',(-54.29089283879,63.120894255143,-1.6));
#2047 = VECTOR('',#2048,1.);
#2048 = DIRECTION('',(0.5,0.866025403784,0.));
#2049 = ORIENTED_EDGE('',*,*,#2050,.T.);
#2050 = EDGE_CURVE('',#2043,#2051,#2053,.T.);
#2051 = VERTEX_POINT('',#2052);
#2052 = CARTESIAN_POINT('',(-68.89120809233,40.986793102207,-1.6));
#2053 = LINE('',#2054,#2055);
#2054 = CARTESIAN_POINT('',(9.18921326958,-4.092959189535,-1.6));
#2055 = VECTOR('',#2056,1.);
#2056 = DIRECTION('',(-0.866025403784,0.5,0.));
#2057 = ORIENTED_EDGE('',*,*,#2058,.F.);
#2058 = EDGE_CURVE('',#2059,#2051,#2061,.T.);
#2059 = VERTEX_POINT('',#2060);
#2060 = CARTESIAN_POINT('',(-69.94120809233,39.16813975426,-1.6));
#2061 = LINE('',#2062,#2063);
#2062 = CARTESIAN_POINT('',(-56.03178233476,63.259971870484,-1.6));
#2063 = VECTOR('',#2064,1.);
#2064 = DIRECTION('',(0.5,0.866025403784,0.));
#2065 = ORIENTED_EDGE('',*,*,#2066,.F.);
#2066 = EDGE_CURVE('',#2067,#2059,#2069,.T.);
#2067 = VERTEX_POINT('',#2068);
#2068 = CARTESIAN_POINT('',(-68.57531859637,38.379543086081,-1.6));
#2069 = LINE('',#2070,#2071);
#2070 = CARTESIAN_POINT('',(8.13921326958,-5.911612537482,-1.6));
#2071 = VECTOR('',#2072,1.);
#2072 = DIRECTION('',(-0.866025403784,0.5,0.));
#2073 = ORIENTED_EDGE('',*,*,#2074,.F.);
#2074 = EDGE_CURVE('',#2075,#2067,#2077,.T.);
#2075 = VERTEX_POINT('',#2076);
#2076 = CARTESIAN_POINT('',(-69.32531859637,37.080504980405,-1.6));
#2077 = LINE('',#2078,#2079);
#2078 = CARTESIAN_POINT('',(-54.29089283879,63.120894255143,-1.6));
#2079 = VECTOR('',#2080,1.);
#2080 = DIRECTION('',(0.5,0.866025403784,0.));
#2081 = ORIENTED_EDGE('',*,*,#2082,.F.);
#2082 = EDGE_CURVE('',#2083,#2075,#2085,.T.);
#2083 = VERTEX_POINT('',#2084);
#2084 = CARTESIAN_POINT('',(-67.41307330202,35.976469644955,-1.6));
#2085 = LINE('',#2086,#2087);
#2086 = CARTESIAN_POINT('',(6.771483941921,-6.854004449548,-1.6));
#2087 = VECTOR('',#2088,1.);
#2088 = DIRECTION('',(-0.866025403784,0.5,0.));
#2089 = ORIENTED_EDGE('',*,*,#2090,.T.);
#2090 = EDGE_CURVE('',#2083,#2003,#2091,.T.);
#2091 = LINE('',#2092,#2093);
#2092 = CARTESIAN_POINT('',(-52.37864754444,62.016858919693,-1.6));
#2093 = VECTOR('',#2094,1.);
#2094 = DIRECTION('',(0.5,0.866025403784,0.));
#2095 = PLANE('',#2096);
#2096 = AXIS2_PLACEMENT_3D('',#2097,#2098,#2099);
#2097 = CARTESIAN_POINT('',(104.97540606058,0.,-1.6));
#2098 = DIRECTION('',(0.,0.,-1.));
#2099 = DIRECTION('',(-1.,6.768659083348E-17,0.));
#2100 = ADVANCED_FACE('',(#2101),#2117,.T.);
#2101 = FACE_BOUND('',#2102,.T.);
#2102 = EDGE_LOOP('',(#2103,#2104,#2105,#2106));
#2103 = ORIENTED_EDGE('',*,*,#95,.T.);
#2104 = ORIENTED_EDGE('',*,*,#1237,.T.);
#2105 = ORIENTED_EDGE('',*,*,#1366,.F.);
#2106 = ORIENTED_EDGE('',*,*,#2107,.F.);
#2107 = EDGE_CURVE('',#96,#1367,#2108,.T.);
#2108 = B_SPLINE_CURVE_WITH_KNOTS('',3,(#2109,#2110,#2111,#2112,#2113,
    #2114,#2115,#2116),.UNSPECIFIED.,.F.,.F.,(4,2,2,4),(-0.58043832905,
    -0.17374069123,6.471645547664,6.878343185485),.UNSPECIFIED.);
#2109 = CARTESIAN_POINT('',(52.183674841545,-88.14935774352,-8.39168));
#2110 = CARTESIAN_POINT('',(52.201924458138,-88.18096700668,-8.26112));
#2111 = CARTESIAN_POINT('',(52.220174074731,-88.21257626984,-8.13056));
#2112 = CARTESIAN_POINT('',(52.536620040884,-88.76067676107,
    -5.866666666667));
#2113 = CARTESIAN_POINT('',(52.834816390445,-89.27716798914,
    -3.733333333333));
#2114 = CARTESIAN_POINT('',(53.151262356598,-89.82526848037,-1.46944));
#2115 = CARTESIAN_POINT('',(53.169511973191,-89.85687774352,-1.33888));
#2116 = CARTESIAN_POINT('',(53.187761589784,-89.88848700668,-1.20832));
#2117 = B_SPLINE_SURFACE_WITH_KNOTS('',1,1,(
    (#2118,#2119)
    ,(#2120,#2121
    )),.UNSPECIFIED.,.F.,.F.,.F.,(2,2),(2,2),(0.,104.97540606058),(0.,1.
    ),.PIECEWISE_BEZIER_KNOTS.);
#2118 = CARTESIAN_POINT('',(51.593113981611,-89.36189473684,-8.));
#2119 = CARTESIAN_POINT('',(52.487703030292,-90.91136842105,-1.6));
#2120 = CARTESIAN_POINT('',(103.18622796322,0.,-8.));
#2121 = CARTESIAN_POINT('',(104.97540606058,0.,-1.6));
#2122 = ADVANCED_FACE('',(#2123),#2139,.T.);
#2123 = FACE_BOUND('',#2124,.T.);
#2124 = EDGE_LOOP('',(#2125,#2126,#2137,#2138));
#2125 = ORIENTED_EDGE('',*,*,#219,.T.);
#2126 = ORIENTED_EDGE('',*,*,#2127,.T.);
#2127 = EDGE_CURVE('',#197,#1468,#2128,.T.);
#2128 = B_SPLINE_CURVE_WITH_KNOTS('',3,(#2129,#2130,#2131,#2132,#2133,
    #2134,#2135,#2136),.UNSPECIFIED.,.F.,.F.,(4,2,2,4),(-0.58043832905,
    -0.17374069123,6.471645547664,6.878343185484),.UNSPECIFIED.);
#2129 = CARTESIAN_POINT('',(-50.2477457124,89.267066947368,-8.39168));
#2130 = CARTESIAN_POINT('',(-50.26599532899,89.298676210526,-8.26112));
#2131 = CARTESIAN_POINT('',(-50.28424494559,89.330285473684,-8.13056));
#2132 = CARTESIAN_POINT('',(-50.60069091174,89.878385964912,
    -5.866666666667));
#2133 = CARTESIAN_POINT('',(-50.8988872613,90.394877192982,
    -3.733333333333));
#2134 = CARTESIAN_POINT('',(-51.21533322745,90.942977684211,-1.46944));
#2135 = CARTESIAN_POINT('',(-51.23358284405,90.974586947368,-1.33888));
#2136 = CARTESIAN_POINT('',(-51.25183246064,91.006196210526,-1.20832));
#2137 = ORIENTED_EDGE('',*,*,#1490,.F.);
#2138 = ORIENTED_EDGE('',*,*,#1301,.F.);
#2139 = B_SPLINE_SURFACE_WITH_KNOTS('',1,1,(
    (#2140,#2141)
    ,(#2142,#2143
    )),.UNSPECIFIED.,.F.,.F.,.F.,(2,2),(2,2),(0.,104.97540606058),(0.,1.
    ),.PIECEWISE_BEZIER_KNOTS.);
#2140 = CARTESIAN_POINT('',(51.593113981611,89.361894736842,-8.));
#2141 = CARTESIAN_POINT('',(52.487703030292,90.911368421053,-1.6));
#2142 = CARTESIAN_POINT('',(-51.59311398161,89.361894736842,-8.));
#2143 = CARTESIAN_POINT('',(-52.48770303029,90.911368421053,-1.6));
#2144 = ADVANCED_FACE('',(#2145),#2161,.T.);
#2145 = FACE_BOUND('',#2146,.T.);
#2146 = EDGE_LOOP('',(#2147,#2148,#2149,#2150));
#2147 = ORIENTED_EDGE('',*,*,#103,.T.);
#2148 = ORIENTED_EDGE('',*,*,#2107,.T.);
#2149 = ORIENTED_EDGE('',*,*,#1374,.F.);
#2150 = ORIENTED_EDGE('',*,*,#2151,.F.);
#2151 = EDGE_CURVE('',#104,#1375,#2152,.T.);
#2152 = B_SPLINE_CURVE_WITH_KNOTS('',3,(#2153,#2154,#2155,#2156,#2157,
    #2158,#2159,#2160),.UNSPECIFIED.,.F.,.F.,(4,2,2,4),(-0.58043832905,
    -0.17374069123,6.471645547664,6.878343185485),.UNSPECIFIED.);
#2153 = CARTESIAN_POINT('',(50.247745712405,-89.26706694736,-8.39168));
#2154 = CARTESIAN_POINT('',(50.265995328998,-89.29867621052,-8.26112));
#2155 = CARTESIAN_POINT('',(50.284244945591,-89.33028547368,-8.13056));
#2156 = CARTESIAN_POINT('',(50.600690911745,-89.87838596491,
    -5.866666666667));
#2157 = CARTESIAN_POINT('',(50.898887261305,-90.39487719298,
    -3.733333333333));
#2158 = CARTESIAN_POINT('',(51.215333227459,-90.94297768421,-1.46944));
#2159 = CARTESIAN_POINT('',(51.233582844052,-90.97458694736,-1.33888));
#2160 = CARTESIAN_POINT('',(51.251832460645,-91.00619621052,-1.20832));
#2161 = ( BOUNDED_SURFACE() B_SPLINE_SURFACE(2,3,(
    (#2162,#2163,#2164,#2165,#2166,#2167,#2168,#2169)
    ,(#2170,#2171,#2172,#2173,#2174,#2175,#2176,#2177)
    ,(#2178,#2179,#2180,#2181,#2182,#2183,#2184,#2185
)),.UNSPECIFIED.,.F.,.F.,.F.) B_SPLINE_SURFACE_WITH_KNOTS((3,3),(4,2,2,4
    ),(0.,6.645386238894),(-0.58043832905,-0.17374069123,6.471645547664,
6.878343185485),.UNSPECIFIED.) GEOMETRIC_REPRESENTATION_ITEM() 
RATIONAL_B_SPLINE_SURFACE((
    (1.,1.,1.,1.,1.,1.,1.,1.)
    ,(0.873980760479,0.873980760479,0.873980760479,0.873980760479
      ,0.873980760479,0.873980760479,0.873980760479,0.873980760479)
,(1.,1.,1.,1.,1.,1.,1.,1.))) REPRESENTATION_ITEM('') SURFACE() );
#2162 = CARTESIAN_POINT('',(50.247745712405,-89.26706694736,-8.39168));
#2163 = CARTESIAN_POINT('',(50.265995328998,-89.29867621052,-8.26112));
#2164 = CARTESIAN_POINT('',(50.284244945591,-89.33028547368,-8.13056));
#2165 = CARTESIAN_POINT('',(50.600690911745,-89.87838596491,
    -5.866666666667));
#2166 = CARTESIAN_POINT('',(50.898887261305,-90.39487719298,
    -3.733333333333));
#2167 = CARTESIAN_POINT('',(51.215333227459,-90.94297768421,-1.46944));
#2168 = CARTESIAN_POINT('',(51.233582844052,-90.97458694736,-1.33888));
#2169 = CARTESIAN_POINT('',(51.251832460645,-91.00619621052,-1.20832));
#2170 = CARTESIAN_POINT('',(51.514976495852,-89.22655664153,
    -8.55900517628));
#2171 = CARTESIAN_POINT('',(51.533226112445,-89.25816590469,
    -8.42844517628));
#2172 = CARTESIAN_POINT('',(51.551475729038,-89.28977516784,
    -8.29788517628));
#2173 = CARTESIAN_POINT('',(51.867921695192,-89.83787565907,
    -6.033991842946));
#2174 = CARTESIAN_POINT('',(52.166118044752,-90.35436688714,
    -3.900658509613));
#2175 = CARTESIAN_POINT('',(52.482564010906,-90.90246737837,
    -1.63676517628));
#2176 = CARTESIAN_POINT('',(52.500813627499,-90.93407664153,
    -1.50620517628));
#2177 = CARTESIAN_POINT('',(52.519063244092,-90.96568590469,
    -1.37564517628));
#2178 = CARTESIAN_POINT('',(52.183674841545,-88.14935774352,-8.39168));
#2179 = CARTESIAN_POINT('',(52.201924458138,-88.18096700668,-8.26112));
#2180 = CARTESIAN_POINT('',(52.220174074731,-88.21257626984,-8.13056));
#2181 = CARTESIAN_POINT('',(52.536620040884,-88.76067676107,
    -5.866666666667));
#2182 = CARTESIAN_POINT('',(52.834816390445,-89.27716798914,
    -3.733333333333));
#2183 = CARTESIAN_POINT('',(53.151262356598,-89.82526848037,-1.46944));
#2184 = CARTESIAN_POINT('',(53.169511973191,-89.85687774352,-1.33888));
#2185 = CARTESIAN_POINT('',(53.187761589784,-89.88848700668,-1.20832));
#2186 = ADVANCED_FACE('',(#2187),#2203,.T.);
#2187 = FACE_BOUND('',#2188,.T.);
#2188 = EDGE_LOOP('',(#2189,#2190,#2201,#2202));
#2189 = ORIENTED_EDGE('',*,*,#196,.T.);
#2190 = ORIENTED_EDGE('',*,*,#2191,.T.);
#2191 = EDGE_CURVE('',#189,#1460,#2192,.T.);
#2192 = B_SPLINE_CURVE_WITH_KNOTS('',3,(#2193,#2194,#2195,#2196,#2197,
    #2198,#2199,#2200),.UNSPECIFIED.,.F.,.F.,(4,2,2,4),(-0.58043832905,
    -0.17374069123,6.471645547664,6.878343185484),.UNSPECIFIED.);
#2193 = CARTESIAN_POINT('',(-52.18367484154,88.149357743528,-8.39168));
#2194 = CARTESIAN_POINT('',(-52.20192445813,88.180967006686,-8.26112));
#2195 = CARTESIAN_POINT('',(-52.22017407473,88.212576269844,-8.13056));
#2196 = CARTESIAN_POINT('',(-52.53662004088,88.760676761072,
    -5.866666666667));
#2197 = CARTESIAN_POINT('',(-52.83481639044,89.277167989142,
    -3.733333333333));
#2198 = CARTESIAN_POINT('',(-53.15126235659,89.82526848037,-1.46944));
#2199 = CARTESIAN_POINT('',(-53.16951197319,89.856877743528,-1.33888));
#2200 = CARTESIAN_POINT('',(-53.18776158978,89.888487006686,-1.20832));
#2201 = ORIENTED_EDGE('',*,*,#1467,.F.);
#2202 = ORIENTED_EDGE('',*,*,#2127,.F.);
#2203 = ( BOUNDED_SURFACE() B_SPLINE_SURFACE(2,3,(
    (#2204,#2205,#2206,#2207,#2208,#2209,#2210,#2211)
    ,(#2212,#2213,#2214,#2215,#2216,#2217,#2218,#2219)
    ,(#2220,#2221,#2222,#2223,#2224,#2225,#2226,#2227
)),.UNSPECIFIED.,.F.,.F.,.F.) B_SPLINE_SURFACE_WITH_KNOTS((3,3),(4,2,2,4
    ),(0.,6.645386238894),(-0.58043832905,-0.17374069123,6.471645547664,
6.878343185484),.UNSPECIFIED.) GEOMETRIC_REPRESENTATION_ITEM() 
RATIONAL_B_SPLINE_SURFACE((
    (1.,1.,1.,1.,1.,1.,1.,1.)
    ,(0.873980760479,0.873980760479,0.873980760479,0.873980760479
      ,0.873980760479,0.873980760479,0.873980760479,0.873980760479)
,(1.,1.,1.,1.,1.,1.,1.,1.))) REPRESENTATION_ITEM('') SURFACE() );
#2204 = CARTESIAN_POINT('',(-50.2477457124,89.267066947368,-8.39168));
#2205 = CARTESIAN_POINT('',(-50.26599532899,89.298676210526,-8.26112));
#2206 = CARTESIAN_POINT('',(-50.28424494559,89.330285473684,-8.13056));
#2207 = CARTESIAN_POINT('',(-50.60069091174,89.878385964912,
    -5.866666666667));
#2208 = CARTESIAN_POINT('',(-50.8988872613,90.394877192982,
    -3.733333333333));
#2209 = CARTESIAN_POINT('',(-51.21533322745,90.942977684211,-1.46944));
#2210 = CARTESIAN_POINT('',(-51.23358284405,90.974586947368,-1.33888));
#2211 = CARTESIAN_POINT('',(-51.25183246064,91.006196210526,-1.20832));
#2212 = CARTESIAN_POINT('',(-51.51497649585,89.226556641532,
    -8.55900517628));
#2213 = CARTESIAN_POINT('',(-51.53322611244,89.25816590469,
    -8.42844517628));
#2214 = CARTESIAN_POINT('',(-51.55147572903,89.289775167848,
    -8.29788517628));
#2215 = CARTESIAN_POINT('',(-51.86792169519,89.837875659076,
    -6.033991842946));
#2216 = CARTESIAN_POINT('',(-52.16611804475,90.354366887146,
    -3.900658509613));
#2217 = CARTESIAN_POINT('',(-52.4825640109,90.902467378374,
    -1.63676517628));
#2218 = CARTESIAN_POINT('',(-52.50081362749,90.934076641532,
    -1.50620517628));
#2219 = CARTESIAN_POINT('',(-52.51906324409,90.96568590469,
    -1.37564517628));
#2220 = CARTESIAN_POINT('',(-52.18367484154,88.149357743528,-8.39168));
#2221 = CARTESIAN_POINT('',(-52.20192445813,88.180967006686,-8.26112));
#2222 = CARTESIAN_POINT('',(-52.22017407473,88.212576269844,-8.13056));
#2223 = CARTESIAN_POINT('',(-52.53662004088,88.760676761072,
    -5.866666666667));
#2224 = CARTESIAN_POINT('',(-52.83481639044,89.277167989142,
    -3.733333333333));
#2225 = CARTESIAN_POINT('',(-53.15126235659,89.82526848037,-1.46944));
#2226 = CARTESIAN_POINT('',(-53.16951197319,89.856877743528,-1.33888));
#2227 = CARTESIAN_POINT('',(-53.18776158978,89.888487006686,-1.20832));
#2228 = ADVANCED_FACE('',(#2229),#2245,.T.);
#2229 = FACE_BOUND('',#2230,.T.);
#2230 = EDGE_LOOP('',(#2231,#2232,#2233,#2234));
#2231 = ORIENTED_EDGE('',*,*,#126,.T.);
#2232 = ORIENTED_EDGE('',*,*,#2151,.T.);
#2233 = ORIENTED_EDGE('',*,*,#1397,.F.);
#2234 = ORIENTED_EDGE('',*,*,#2235,.F.);
#2235 = EDGE_CURVE('',#127,#1398,#2236,.T.);
#2236 = B_SPLINE_CURVE_WITH_KNOTS('',3,(#2237,#2238,#2239,#2240,#2241,
    #2242,#2243,#2244),.UNSPECIFIED.,.F.,.F.,(4,2,2,4),(-0.58043832905,
    -0.17374069123,6.471645547664,6.878343185485),.UNSPECIFIED.);
#2237 = CARTESIAN_POINT('',(-50.2477457124,-89.26706694736,-8.39168));
#2238 = CARTESIAN_POINT('',(-50.26599532899,-89.29867621052,-8.26112));
#2239 = CARTESIAN_POINT('',(-50.28424494559,-89.33028547368,-8.13056));
#2240 = CARTESIAN_POINT('',(-50.60069091174,-89.87838596491,
    -5.866666666667));
#2241 = CARTESIAN_POINT('',(-50.8988872613,-90.39487719298,
    -3.733333333333));
#2242 = CARTESIAN_POINT('',(-51.21533322745,-90.94297768421,-1.46944));
#2243 = CARTESIAN_POINT('',(-51.23358284405,-90.97458694736,-1.33888));
#2244 = CARTESIAN_POINT('',(-51.25183246064,-91.00619621052,-1.20832));
#2245 = B_SPLINE_SURFACE_WITH_KNOTS('',1,1,(
    (#2246,#2247)
    ,(#2248,#2249
    )),.UNSPECIFIED.,.F.,.F.,.F.,(2,2),(2,2),(0.,104.97540606058),(0.,1.
    ),.PIECEWISE_BEZIER_KNOTS.);
#2246 = CARTESIAN_POINT('',(-51.59311398161,-89.36189473684,-8.));
#2247 = CARTESIAN_POINT('',(-52.48770303029,-90.91136842105,-1.6));
#2248 = CARTESIAN_POINT('',(51.593113981611,-89.36189473684,-8.));
#2249 = CARTESIAN_POINT('',(52.487703030292,-90.91136842105,-1.6));
#2250 = ADVANCED_FACE('',(#2251),#2267,.T.);
#2251 = FACE_BOUND('',#2252,.T.);
#2252 = EDGE_LOOP('',(#2253,#2254,#2265,#2266));
#2253 = ORIENTED_EDGE('',*,*,#188,.T.);
#2254 = ORIENTED_EDGE('',*,*,#2255,.T.);
#2255 = EDGE_CURVE('',#166,#1437,#2256,.T.);
#2256 = B_SPLINE_CURVE_WITH_KNOTS('',3,(#2257,#2258,#2259,#2260,#2261,
    #2262,#2263,#2264),.UNSPECIFIED.,.F.,.F.,(4,2,2,4),(-0.58043832905,
    -0.17374069123,6.471645547664,6.878343185485),.UNSPECIFIED.);
#2257 = CARTESIAN_POINT('',(-102.4314205539,1.117709203841,-8.39168));
#2258 = CARTESIAN_POINT('',(-102.4679197871,1.117709203841,-8.26112));
#2259 = CARTESIAN_POINT('',(-102.5044190203,1.117709203841,-8.13056));
#2260 = CARTESIAN_POINT('',(-103.1373109526,1.117709203841,
    -5.866666666667));
#2261 = CARTESIAN_POINT('',(-103.7337036517,1.117709203841,
    -3.733333333333));
#2262 = CARTESIAN_POINT('',(-104.366595584,1.117709203841,-1.46944));
#2263 = CARTESIAN_POINT('',(-104.4030948172,1.117709203841,-1.33888));
#2264 = CARTESIAN_POINT('',(-104.4395940504,1.117709203841,-1.20832));
#2265 = ORIENTED_EDGE('',*,*,#1459,.F.);
#2266 = ORIENTED_EDGE('',*,*,#2191,.F.);
#2267 = B_SPLINE_SURFACE_WITH_KNOTS('',1,1,(
    (#2268,#2269)
    ,(#2270,#2271
    )),.UNSPECIFIED.,.F.,.F.,.F.,(2,2),(2,2),(0.,104.97540606058),(0.,1.
    ),.PIECEWISE_BEZIER_KNOTS.);
#2268 = CARTESIAN_POINT('',(-51.59311398161,89.361894736842,-8.));
#2269 = CARTESIAN_POINT('',(-52.48770303029,90.911368421053,-1.6));
#2270 = CARTESIAN_POINT('',(-103.1862279632,1.42108547152E-14,-8.));
#2271 = CARTESIAN_POINT('',(-104.9754060605,1.42108547152E-14,-1.6));
#2272 = ADVANCED_FACE('',(#2273),#2289,.T.);
#2273 = FACE_BOUND('',#2274,.T.);
#2274 = EDGE_LOOP('',(#2275,#2276,#2277,#2278));
#2275 = ORIENTED_EDGE('',*,*,#134,.T.);
#2276 = ORIENTED_EDGE('',*,*,#2235,.T.);
#2277 = ORIENTED_EDGE('',*,*,#1405,.F.);
#2278 = ORIENTED_EDGE('',*,*,#2279,.F.);
#2279 = EDGE_CURVE('',#135,#1406,#2280,.T.);
#2280 = B_SPLINE_CURVE_WITH_KNOTS('',3,(#2281,#2282,#2283,#2284,#2285,
    #2286,#2287,#2288),.UNSPECIFIED.,.F.,.F.,(4,2,2,4),(-0.58043832905,
    -0.17374069123,6.471645547664,6.878343185485),.UNSPECIFIED.);
#2281 = CARTESIAN_POINT('',(-52.18367484154,-88.14935774352,-8.39168));
#2282 = CARTESIAN_POINT('',(-52.20192445813,-88.18096700668,-8.26112));
#2283 = CARTESIAN_POINT('',(-52.22017407473,-88.21257626984,-8.13056));
#2284 = CARTESIAN_POINT('',(-52.53662004088,-88.76067676107,
    -5.866666666667));
#2285 = CARTESIAN_POINT('',(-52.83481639044,-89.27716798914,
    -3.733333333333));
#2286 = CARTESIAN_POINT('',(-53.15126235659,-89.82526848037,-1.46944));
#2287 = CARTESIAN_POINT('',(-53.16951197319,-89.85687774352,-1.33888));
#2288 = CARTESIAN_POINT('',(-53.18776158978,-89.88848700668,-1.20832));
#2289 = ( BOUNDED_SURFACE() B_SPLINE_SURFACE(2,3,(
    (#2290,#2291,#2292,#2293,#2294,#2295,#2296,#2297)
    ,(#2298,#2299,#2300,#2301,#2302,#2303,#2304,#2305)
    ,(#2306,#2307,#2308,#2309,#2310,#2311,#2312,#2313
)),.UNSPECIFIED.,.F.,.F.,.F.) B_SPLINE_SURFACE_WITH_KNOTS((3,3),(4,2,2,4
    ),(0.,6.645386238894),(-0.58043832905,-0.17374069123,6.471645547664,
6.878343185485),.UNSPECIFIED.) GEOMETRIC_REPRESENTATION_ITEM() 
RATIONAL_B_SPLINE_SURFACE((
    (1.,1.,1.,1.,1.,1.,1.,1.)
    ,(0.873980760479,0.873980760479,0.873980760479,0.873980760479
      ,0.873980760479,0.873980760479,0.873980760479,0.873980760479)
,(1.,1.,1.,1.,1.,1.,1.,1.))) REPRESENTATION_ITEM('') SURFACE() );
#2290 = CARTESIAN_POINT('',(-52.18367484154,-88.14935774352,-8.39168));
#2291 = CARTESIAN_POINT('',(-52.20192445813,-88.18096700668,-8.26112));
#2292 = CARTESIAN_POINT('',(-52.22017407473,-88.21257626984,-8.13056));
#2293 = CARTESIAN_POINT('',(-52.53662004088,-88.76067676107,
    -5.866666666667));
#2294 = CARTESIAN_POINT('',(-52.83481639044,-89.27716798914,
    -3.733333333333));
#2295 = CARTESIAN_POINT('',(-53.15126235659,-89.82526848037,-1.46944));
#2296 = CARTESIAN_POINT('',(-53.16951197319,-89.85687774352,-1.33888));
#2297 = CARTESIAN_POINT('',(-53.18776158978,-89.88848700668,-1.20832));
#2298 = CARTESIAN_POINT('',(-51.51497649585,-89.22655664153,
    -8.55900517628));
#2299 = CARTESIAN_POINT('',(-51.53322611244,-89.25816590469,
    -8.42844517628));
#2300 = CARTESIAN_POINT('',(-51.55147572903,-89.28977516784,
    -8.29788517628));
#2301 = CARTESIAN_POINT('',(-51.86792169519,-89.83787565907,
    -6.033991842946));
#2302 = CARTESIAN_POINT('',(-52.16611804475,-90.35436688714,
    -3.900658509613));
#2303 = CARTESIAN_POINT('',(-52.4825640109,-90.90246737837,
    -1.63676517628));
#2304 = CARTESIAN_POINT('',(-52.50081362749,-90.93407664153,
    -1.50620517628));
#2305 = CARTESIAN_POINT('',(-52.51906324409,-90.96568590469,
    -1.37564517628));
#2306 = CARTESIAN_POINT('',(-50.2477457124,-89.26706694736,-8.39168));
#2307 = CARTESIAN_POINT('',(-50.26599532899,-89.29867621052,-8.26112));
#2308 = CARTESIAN_POINT('',(-50.28424494559,-89.33028547368,-8.13056));
#2309 = CARTESIAN_POINT('',(-50.60069091174,-89.87838596491,
    -5.866666666667));
#2310 = CARTESIAN_POINT('',(-50.8988872613,-90.39487719298,
    -3.733333333333));
#2311 = CARTESIAN_POINT('',(-51.21533322745,-90.94297768421,-1.46944));
#2312 = CARTESIAN_POINT('',(-51.23358284405,-90.97458694736,-1.33888));
#2313 = CARTESIAN_POINT('',(-51.25183246064,-91.00619621052,-1.20832));
#2314 = ADVANCED_FACE('',(#2315),#2331,.T.);
#2315 = FACE_BOUND('',#2316,.T.);
#2316 = EDGE_LOOP('',(#2317,#2318,#2329,#2330));
#2317 = ORIENTED_EDGE('',*,*,#165,.T.);
#2318 = ORIENTED_EDGE('',*,*,#2319,.T.);
#2319 = EDGE_CURVE('',#158,#1429,#2320,.T.);
#2320 = B_SPLINE_CURVE_WITH_KNOTS('',3,(#2321,#2322,#2323,#2324,#2325,
    #2326,#2327,#2328),.UNSPECIFIED.,.F.,.F.,(4,2,2,4),(-0.58043832905,
    -0.17374069123,6.471645547664,6.878343185485),.UNSPECIFIED.);
#2321 = CARTESIAN_POINT('',(-102.4314205539,-1.117709203841,-8.39168));
#2322 = CARTESIAN_POINT('',(-102.4679197871,-1.117709203841,-8.26112));
#2323 = CARTESIAN_POINT('',(-102.5044190203,-1.117709203841,-8.13056));
#2324 = CARTESIAN_POINT('',(-103.1373109526,-1.117709203841,
    -5.866666666667));
#2325 = CARTESIAN_POINT('',(-103.7337036517,-1.117709203841,
    -3.733333333333));
#2326 = CARTESIAN_POINT('',(-104.366595584,-1.117709203841,-1.46944));
#2327 = CARTESIAN_POINT('',(-104.4030948172,-1.117709203841,-1.33888));
#2328 = CARTESIAN_POINT('',(-104.4395940504,-1.117709203841,-1.20832));
#2329 = ORIENTED_EDGE('',*,*,#1436,.F.);
#2330 = ORIENTED_EDGE('',*,*,#2255,.F.);
#2331 = ( BOUNDED_SURFACE() B_SPLINE_SURFACE(2,3,(
    (#2332,#2333,#2334,#2335,#2336,#2337,#2338,#2339)
    ,(#2340,#2341,#2342,#2343,#2344,#2345,#2346,#2347)
    ,(#2348,#2349,#2350,#2351,#2352,#2353,#2354,#2355
)),.UNSPECIFIED.,.F.,.F.,.F.) B_SPLINE_SURFACE_WITH_KNOTS((3,3),(4,2,2,4
    ),(0.,6.645386238894),(-0.58043832905,-0.17374069123,6.471645547664,
6.878343185485),.UNSPECIFIED.) GEOMETRIC_REPRESENTATION_ITEM() 
RATIONAL_B_SPLINE_SURFACE((
    (1.,1.,1.,1.,1.,1.,1.,1.)
    ,(0.873980760479,0.873980760479,0.873980760479,0.873980760479
      ,0.873980760479,0.873980760479,0.873980760479,0.873980760479)
,(1.,1.,1.,1.,1.,1.,1.,1.))) REPRESENTATION_ITEM('') SURFACE() );
#2332 = CARTESIAN_POINT('',(-102.4314205539,1.117709203841,-8.39168));
#2333 = CARTESIAN_POINT('',(-102.4679197871,1.117709203841,-8.26112));
#2334 = CARTESIAN_POINT('',(-102.5044190203,1.117709203841,-8.13056));
#2335 = CARTESIAN_POINT('',(-103.1373109526,1.117709203841,
    -5.866666666667));
#2336 = CARTESIAN_POINT('',(-103.7337036517,1.117709203841,
    -3.733333333333));
#2337 = CARTESIAN_POINT('',(-104.366595584,1.117709203841,-1.46944));
#2338 = CARTESIAN_POINT('',(-104.4030948172,1.117709203841,-1.33888));
#2339 = CARTESIAN_POINT('',(-104.4395940504,1.117709203841,-1.20832));
#2340 = CARTESIAN_POINT('',(-103.0299529917,9.147439021006E-15,
    -8.55900517628));
#2341 = CARTESIAN_POINT('',(-103.0664522248,9.155785505131E-15,
    -8.42844517628));
#2342 = CARTESIAN_POINT('',(-103.102951458,9.164131989256E-15,
    -8.29788517628));
#2343 = CARTESIAN_POINT('',(-103.7358433903,9.30885893294E-15,
    -6.033991842946));
#2344 = CARTESIAN_POINT('',(-104.3322360895,1.031407736168E-14,
    -3.900658509613));
#2345 = CARTESIAN_POINT('',(-104.9651280218,1.140770804678E-14,
    -1.63676517628));
#2346 = CARTESIAN_POINT('',(-105.0016272549,1.14707783426E-14,
    -1.50620517628));
#2347 = CARTESIAN_POINT('',(-105.0381264881,1.153384863842E-14,
    -1.37564517628));
#2348 = CARTESIAN_POINT('',(-102.4314205539,-1.117709203841,-8.39168));
#2349 = CARTESIAN_POINT('',(-102.4679197871,-1.117709203841,-8.26112));
#2350 = CARTESIAN_POINT('',(-102.5044190203,-1.117709203841,-8.13056));
#2351 = CARTESIAN_POINT('',(-103.1373109526,-1.117709203841,
    -5.866666666667));
#2352 = CARTESIAN_POINT('',(-103.7337036517,-1.117709203841,
    -3.733333333333));
#2353 = CARTESIAN_POINT('',(-104.366595584,-1.117709203841,-1.46944));
#2354 = CARTESIAN_POINT('',(-104.4030948172,-1.117709203841,-1.33888));
#2355 = CARTESIAN_POINT('',(-104.4395940504,-1.117709203841,-1.20832));
#2356 = ADVANCED_FACE('',(#2357),#2363,.T.);
#2357 = FACE_BOUND('',#2358,.T.);
#2358 = EDGE_LOOP('',(#2359,#2360,#2361,#2362));
#2359 = ORIENTED_EDGE('',*,*,#157,.T.);
#2360 = ORIENTED_EDGE('',*,*,#2279,.T.);
#2361 = ORIENTED_EDGE('',*,*,#1428,.F.);
#2362 = ORIENTED_EDGE('',*,*,#2319,.F.);
#2363 = B_SPLINE_SURFACE_WITH_KNOTS('',1,1,(
    (#2364,#2365)
    ,(#2366,#2367
    )),.UNSPECIFIED.,.F.,.F.,.F.,(2,2),(2,2),(0.,104.97540606058),(0.,1.
    ),.PIECEWISE_BEZIER_KNOTS.);
#2364 = CARTESIAN_POINT('',(-103.1862279632,1.263666837912E-14,-8.));
#2365 = CARTESIAN_POINT('',(-104.9754060605,1.285577950213E-14,-1.6));
#2366 = CARTESIAN_POINT('',(-51.59311398161,-89.36189473684,-8.));
#2367 = CARTESIAN_POINT('',(-52.48770303029,-90.91136842105,-1.6));
#2368 = ADVANCED_FACE('',(#2369),#2385,.F.);
#2369 = FACE_BOUND('',#2370,.F.);
#2370 = EDGE_LOOP('',(#2371,#2372,#2378,#2379));
#2371 = ORIENTED_EDGE('',*,*,#250,.F.);
#2372 = ORIENTED_EDGE('',*,*,#2373,.T.);
#2373 = EDGE_CURVE('',#251,#1500,#2374,.T.);
#2374 = LINE('',#2375,#2376);
#2375 = CARTESIAN_POINT('',(61.928128006277,-34.54178580953,
    -13.5729600604));
#2376 = VECTOR('',#2377,1.);
#2377 = DIRECTION('',(0.26761656733,-0.154508497187,0.951056516295));
#2378 = ORIENTED_EDGE('',*,*,#1499,.T.);
#2379 = ORIENTED_EDGE('',*,*,#2380,.T.);
#2380 = EDGE_CURVE('',#1502,#253,#2381,.T.);
#2381 = LINE('',#2382,#2383);
#2382 = CARTESIAN_POINT('',(63.163586661596,-35.25507819675,
    -14.03648555196));
#2383 = VECTOR('',#2384,1.);
#2384 = DIRECTION('',(-0.26761656733,0.154508497187,-0.951056516295));
#2385 = PLANE('',#2386);
#2386 = AXIS2_PLACEMENT_3D('',#2387,#2388,#2389);
#2387 = CARTESIAN_POINT('',(61.928128006277,-34.54178580953,
    -13.5729600604));
#2388 = DIRECTION('',(0.5,0.866025403784,-3.254223806033E-17));
#2389 = DIRECTION('',(0.26761656733,-0.154508497187,0.951056516295));
#2390 = ADVANCED_FACE('',(#2391),#2402,.T.);
#2391 = FACE_BOUND('',#2392,.T.);
#2392 = EDGE_LOOP('',(#2393,#2394,#2395,#2396));
#2393 = ORIENTED_EDGE('',*,*,#1589,.T.);
#2394 = ORIENTED_EDGE('',*,*,#2380,.T.);
#2395 = ORIENTED_EDGE('',*,*,#340,.F.);
#2396 = ORIENTED_EDGE('',*,*,#2397,.T.);
#2397 = EDGE_CURVE('',#333,#1582,#2398,.T.);
#2398 = LINE('',#2399,#2400);
#2399 = CARTESIAN_POINT('',(63.913586661596,-33.95604009108,
    -14.03648555196));
#2400 = VECTOR('',#2401,1.);
#2401 = DIRECTION('',(0.26761656733,-0.154508497187,0.951056516295));
#2402 = PLANE('',#2403);
#2403 = AXIS2_PLACEMENT_3D('',#2404,#2405,#2406);
#2404 = CARTESIAN_POINT('',(61.363586661596,-38.37276965038,
    -14.03648555196));
#2405 = DIRECTION('',(0.823639103546,-0.475528258148,-0.309016994375));
#2406 = DIRECTION('',(0.26761656733,-0.154508497187,0.951056516295));
#2407 = ADVANCED_FACE('',(#2408),#2419,.F.);
#2408 = FACE_BOUND('',#2409,.F.);
#2409 = EDGE_LOOP('',(#2410,#2416,#2417,#2418));
#2410 = ORIENTED_EDGE('',*,*,#2411,.F.);
#2411 = EDGE_CURVE('',#325,#1574,#2412,.T.);
#2412 = LINE('',#2413,#2414);
#2413 = CARTESIAN_POINT('',(65.643228779044,-34.95464943319,
    -14.68542124015));
#2414 = VECTOR('',#2415,1.);
#2415 = DIRECTION('',(0.26761656733,-0.154508497187,0.951056516295));
#2416 = ORIENTED_EDGE('',*,*,#332,.F.);
#2417 = ORIENTED_EDGE('',*,*,#2397,.T.);
#2418 = ORIENTED_EDGE('',*,*,#1581,.T.);
#2419 = PLANE('',#2420);
#2420 = AXIS2_PLACEMENT_3D('',#2421,#2422,#2423);
#2421 = CARTESIAN_POINT('',(63.913586661596,-33.95604009108,
    -14.03648555196));
#2422 = DIRECTION('',(0.5,0.866025403784,-3.254223806033E-17));
#2423 = DIRECTION('',(0.26761656733,-0.154508497187,0.951056516295));
#2424 = ADVANCED_FACE('',(#2425),#2436,.F.);
#2425 = FACE_BOUND('',#2426,.F.);
#2426 = EDGE_LOOP('',(#2427,#2428,#2434,#2435));
#2427 = ORIENTED_EDGE('',*,*,#1573,.T.);
#2428 = ORIENTED_EDGE('',*,*,#2429,.T.);
#2429 = EDGE_CURVE('',#1566,#317,#2430,.T.);
#2430 = LINE('',#2431,#2432);
#2431 = CARTESIAN_POINT('',(64.893228779044,-36.25368753886,
    -14.68542124015));
#2432 = VECTOR('',#2433,1.);
#2433 = DIRECTION('',(-0.26761656733,0.154508497187,-0.951056516295));
#2434 = ORIENTED_EDGE('',*,*,#324,.F.);
#2435 = ORIENTED_EDGE('',*,*,#2411,.T.);
#2436 = PLANE('',#2437);
#2437 = AXIS2_PLACEMENT_3D('',#2438,#2439,#2440);
#2438 = CARTESIAN_POINT('',(63.093228779044,-39.37137899249,
    -14.68542124015));
#2439 = DIRECTION('',(0.823639103546,-0.475528258148,-0.309016994375));
#2440 = DIRECTION('',(0.26761656733,-0.154508497187,0.951056516295));
#2441 = ADVANCED_FACE('',(#2442),#2453,.F.);
#2442 = FACE_BOUND('',#2443,.F.);
#2443 = EDGE_LOOP('',(#2444,#2445,#2446,#2447));
#2444 = ORIENTED_EDGE('',*,*,#316,.F.);
#2445 = ORIENTED_EDGE('',*,*,#2429,.F.);
#2446 = ORIENTED_EDGE('',*,*,#1565,.T.);
#2447 = ORIENTED_EDGE('',*,*,#2448,.F.);
#2448 = EDGE_CURVE('',#309,#1558,#2449,.T.);
#2449 = LINE('',#2450,#2451);
#2450 = CARTESIAN_POINT('',(66.128687434363,-36.96697992608,
    -15.14894673171));
#2451 = VECTOR('',#2452,1.);
#2452 = DIRECTION('',(0.26761656733,-0.154508497187,0.951056516295));
#2453 = PLANE('',#2454);
#2454 = AXIS2_PLACEMENT_3D('',#2455,#2456,#2457);
#2455 = CARTESIAN_POINT('',(61.928128006277,-34.54178580953,
    -13.5729600604));
#2456 = DIRECTION('',(0.5,0.866025403784,-3.254223806033E-17));
#2457 = DIRECTION('',(0.26761656733,-0.154508497187,0.951056516295));
#2458 = ADVANCED_FACE('',(#2459),#2470,.F.);
#2459 = FACE_BOUND('',#2460,.F.);
#2460 = EDGE_LOOP('',(#2461,#2467,#2468,#2469));
#2461 = ORIENTED_EDGE('',*,*,#2462,.F.);
#2462 = EDGE_CURVE('',#301,#1550,#2463,.T.);
#2463 = LINE('',#2464,#2465);
#2464 = CARTESIAN_POINT('',(65.078687434363,-38.78563327403,
    -15.14894673171));
#2465 = VECTOR('',#2466,1.);
#2466 = DIRECTION('',(0.26761656733,-0.154508497187,0.951056516295));
#2467 = ORIENTED_EDGE('',*,*,#308,.F.);
#2468 = ORIENTED_EDGE('',*,*,#2448,.T.);
#2469 = ORIENTED_EDGE('',*,*,#1557,.T.);
#2470 = PLANE('',#2471);
#2471 = AXIS2_PLACEMENT_3D('',#2472,#2473,#2474);
#2472 = CARTESIAN_POINT('',(65.078687434363,-38.78563327403,
    -15.14894673171));
#2473 = DIRECTION('',(0.823639103546,-0.475528258148,-0.309016994375));
#2474 = DIRECTION('',(0.26761656733,-0.154508497187,0.951056516295));
#2475 = ADVANCED_FACE('',(#2476),#2487,.T.);
#2476 = FACE_BOUND('',#2477,.T.);
#2477 = EDGE_LOOP('',(#2478,#2479,#2485,#2486));
#2478 = ORIENTED_EDGE('',*,*,#300,.F.);
#2479 = ORIENTED_EDGE('',*,*,#2480,.F.);
#2480 = EDGE_CURVE('',#1542,#293,#2481,.T.);
#2481 = LINE('',#2482,#2483);
#2482 = CARTESIAN_POINT('',(63.843228779044,-38.07234088681,
    -14.68542124015));
#2483 = VECTOR('',#2484,1.);
#2484 = DIRECTION('',(-0.26761656733,0.154508497187,-0.951056516295));
#2485 = ORIENTED_EDGE('',*,*,#1549,.T.);
#2486 = ORIENTED_EDGE('',*,*,#2462,.F.);
#2487 = PLANE('',#2488);
#2488 = AXIS2_PLACEMENT_3D('',#2489,#2490,#2491);
#2489 = CARTESIAN_POINT('',(60.878128006277,-36.36043915748,
    -13.5729600604));
#2490 = DIRECTION('',(0.5,0.866025403784,-3.254223806033E-17));
#2491 = DIRECTION('',(0.26761656733,-0.154508497187,0.951056516295));
#2492 = ADVANCED_FACE('',(#2493),#2504,.F.);
#2493 = FACE_BOUND('',#2494,.F.);
#2494 = EDGE_LOOP('',(#2495,#2496,#2502,#2503));
#2495 = ORIENTED_EDGE('',*,*,#1541,.T.);
#2496 = ORIENTED_EDGE('',*,*,#2497,.F.);
#2497 = EDGE_CURVE('',#285,#1534,#2498,.T.);
#2498 = LINE('',#2499,#2500);
#2499 = CARTESIAN_POINT('',(63.093228779044,-39.37137899249,
    -14.68542124015));
#2500 = VECTOR('',#2501,1.);
#2501 = DIRECTION('',(0.26761656733,-0.154508497187,0.951056516295));
#2502 = ORIENTED_EDGE('',*,*,#292,.F.);
#2503 = ORIENTED_EDGE('',*,*,#2480,.F.);
#2504 = PLANE('',#2505);
#2505 = AXIS2_PLACEMENT_3D('',#2506,#2507,#2508);
#2506 = CARTESIAN_POINT('',(63.093228779044,-39.37137899249,
    -14.68542124015));
#2507 = DIRECTION('',(0.823639103546,-0.475528258148,-0.309016994375));
#2508 = DIRECTION('',(0.26761656733,-0.154508497187,0.951056516295));
#2509 = ADVANCED_FACE('',(#2510),#2521,.T.);
#2510 = FACE_BOUND('',#2511,.T.);
#2511 = EDGE_LOOP('',(#2512,#2513,#2514,#2520));
#2512 = ORIENTED_EDGE('',*,*,#2497,.F.);
#2513 = ORIENTED_EDGE('',*,*,#284,.F.);
#2514 = ORIENTED_EDGE('',*,*,#2515,.T.);
#2515 = EDGE_CURVE('',#277,#1526,#2516,.T.);
#2516 = LINE('',#2517,#2518);
#2517 = CARTESIAN_POINT('',(61.363586661596,-38.37276965038,
    -14.03648555196));
#2518 = VECTOR('',#2519,1.);
#2519 = DIRECTION('',(0.26761656733,-0.154508497187,0.951056516295));
#2520 = ORIENTED_EDGE('',*,*,#1533,.T.);
#2521 = PLANE('',#2522);
#2522 = AXIS2_PLACEMENT_3D('',#2523,#2524,#2525);
#2523 = CARTESIAN_POINT('',(61.363586661596,-38.37276965038,
    -14.03648555196));
#2524 = DIRECTION('',(0.5,0.866025403784,-3.254223806033E-17));
#2525 = DIRECTION('',(0.26761656733,-0.154508497187,0.951056516295));
#2526 = ADVANCED_FACE('',(#2527),#2538,.T.);
#2527 = FACE_BOUND('',#2528,.T.);
#2528 = EDGE_LOOP('',(#2529,#2530,#2531,#2532));
#2529 = ORIENTED_EDGE('',*,*,#1525,.T.);
#2530 = ORIENTED_EDGE('',*,*,#2515,.F.);
#2531 = ORIENTED_EDGE('',*,*,#276,.F.);
#2532 = ORIENTED_EDGE('',*,*,#2533,.F.);
#2533 = EDGE_CURVE('',#1518,#269,#2534,.T.);
#2534 = LINE('',#2535,#2536);
#2535 = CARTESIAN_POINT('',(62.113586661596,-37.0737315447,
    -14.03648555196));
#2536 = VECTOR('',#2537,1.);
#2537 = DIRECTION('',(-0.26761656733,0.154508497187,-0.951056516295));
#2538 = PLANE('',#2539);
#2539 = AXIS2_PLACEMENT_3D('',#2540,#2541,#2542);
#2540 = CARTESIAN_POINT('',(61.363586661596,-38.37276965038,
    -14.03648555196));
#2541 = DIRECTION('',(0.823639103546,-0.475528258148,-0.309016994375));
#2542 = DIRECTION('',(0.26761656733,-0.154508497187,0.951056516295));
#2543 = ADVANCED_FACE('',(#2544),#2555,.T.);
#2544 = FACE_BOUND('',#2545,.T.);
#2545 = EDGE_LOOP('',(#2546,#2547,#2553,#2554));
#2546 = ORIENTED_EDGE('',*,*,#268,.F.);
#2547 = ORIENTED_EDGE('',*,*,#2548,.T.);
#2548 = EDGE_CURVE('',#261,#1510,#2549,.T.);
#2549 = LINE('',#2550,#2551);
#2550 = CARTESIAN_POINT('',(60.878128006277,-36.36043915748,
    -13.5729600604));
#2551 = VECTOR('',#2552,1.);
#2552 = DIRECTION('',(0.26761656733,-0.154508497187,0.951056516295));
#2553 = ORIENTED_EDGE('',*,*,#1517,.T.);
#2554 = ORIENTED_EDGE('',*,*,#2533,.T.);
#2555 = PLANE('',#2556);
#2556 = AXIS2_PLACEMENT_3D('',#2557,#2558,#2559);
#2557 = CARTESIAN_POINT('',(60.878128006277,-36.36043915748,
    -13.5729600604));
#2558 = DIRECTION('',(0.5,0.866025403784,-3.254223806033E-17));
#2559 = DIRECTION('',(0.26761656733,-0.154508497187,0.951056516295));
#2560 = ADVANCED_FACE('',(#2561),#2567,.T.);
#2561 = FACE_BOUND('',#2562,.T.);
#2562 = EDGE_LOOP('',(#2563,#2564,#2565,#2566));
#2563 = ORIENTED_EDGE('',*,*,#2548,.F.);
#2564 = ORIENTED_EDGE('',*,*,#260,.F.);
#2565 = ORIENTED_EDGE('',*,*,#2373,.T.);
#2566 = ORIENTED_EDGE('',*,*,#1509,.T.);
#2567 = PLANE('',#2568);
#2568 = AXIS2_PLACEMENT_3D('',#2569,#2570,#2571);
#2569 = CARTESIAN_POINT('',(60.878128006277,-36.36043915748,
    -13.5729600604));
#2570 = DIRECTION('',(0.823639103546,-0.475528258148,-0.309016994375));
#2571 = DIRECTION('',(0.26761656733,-0.154508497187,0.951056516295));
#2572 = ADVANCED_FACE('',(#2573),#2598,.F.);
#2573 = FACE_BOUND('',#2574,.F.);
#2574 = EDGE_LOOP('',(#2575,#2576,#2584,#2592));
#2575 = ORIENTED_EDGE('',*,*,#348,.F.);
#2576 = ORIENTED_EDGE('',*,*,#2577,.T.);
#2577 = EDGE_CURVE('',#349,#2578,#2580,.T.);
#2578 = VERTEX_POINT('',#2579);
#2579 = CARTESIAN_POINT('',(1.5,-3.,11.6));
#2580 = LINE('',#2581,#2582);
#2581 = CARTESIAN_POINT('',(1.5,-3.,-13.1));
#2582 = VECTOR('',#2583,1.);
#2583 = DIRECTION('',(0.,0.,1.));
#2584 = ORIENTED_EDGE('',*,*,#2585,.F.);
#2585 = EDGE_CURVE('',#2586,#2578,#2588,.T.);
#2586 = VERTEX_POINT('',#2587);
#2587 = CARTESIAN_POINT('',(3.,-3.,11.6));
#2588 = LINE('',#2589,#2590);
#2589 = CARTESIAN_POINT('',(0.75,-3.,11.6));
#2590 = VECTOR('',#2591,1.);
#2591 = DIRECTION('',(-1.,-0.,0.));
#2592 = ORIENTED_EDGE('',*,*,#2593,.T.);
#2593 = EDGE_CURVE('',#2586,#351,#2594,.T.);
#2594 = LINE('',#2595,#2596);
#2595 = CARTESIAN_POINT('',(3.,-3.,-13.1));
#2596 = VECTOR('',#2597,1.);
#2597 = DIRECTION('',(-0.,0.,-1.));
#2598 = PLANE('',#2599);
#2599 = AXIS2_PLACEMENT_3D('',#2600,#2601,#2602);
#2600 = CARTESIAN_POINT('',(1.5,-3.,-13.1));
#2601 = DIRECTION('',(-0.,1.,0.));
#2602 = DIRECTION('',(0.,0.,1.));
#2603 = ADVANCED_FACE('',(#2604),#2622,.T.);
#2604 = FACE_BOUND('',#2605,.T.);
#2605 = EDGE_LOOP('',(#2606,#2614,#2615,#2616));
#2606 = ORIENTED_EDGE('',*,*,#2607,.F.);
#2607 = EDGE_CURVE('',#359,#2608,#2610,.T.);
#2608 = VERTEX_POINT('',#2609);
#2609 = CARTESIAN_POINT('',(1.5,-5.,11.6));
#2610 = LINE('',#2611,#2612);
#2611 = CARTESIAN_POINT('',(1.5,-5.,-13.1));
#2612 = VECTOR('',#2613,1.);
#2613 = DIRECTION('',(0.,0.,1.));
#2614 = ORIENTED_EDGE('',*,*,#358,.F.);
#2615 = ORIENTED_EDGE('',*,*,#2577,.T.);
#2616 = ORIENTED_EDGE('',*,*,#2617,.F.);
#2617 = EDGE_CURVE('',#2608,#2578,#2618,.T.);
#2618 = LINE('',#2619,#2620);
#2619 = CARTESIAN_POINT('',(1.5,-2.5,11.6));
#2620 = VECTOR('',#2621,1.);
#2621 = DIRECTION('',(-0.,1.,0.));
#2622 = PLANE('',#2623);
#2623 = AXIS2_PLACEMENT_3D('',#2624,#2625,#2626);
#2624 = CARTESIAN_POINT('',(1.5,-5.,-13.1));
#2625 = DIRECTION('',(1.,0.,-0.));
#2626 = DIRECTION('',(0.,0.,1.));
#2627 = ADVANCED_FACE('',(#2628),#2646,.T.);
#2628 = FACE_BOUND('',#2629,.T.);
#2629 = EDGE_LOOP('',(#2630,#2638,#2639,#2640));
#2630 = ORIENTED_EDGE('',*,*,#2631,.F.);
#2631 = EDGE_CURVE('',#2586,#2632,#2634,.T.);
#2632 = VERTEX_POINT('',#2633);
#2633 = CARTESIAN_POINT('',(3.,-1.5,11.6));
#2634 = LINE('',#2635,#2636);
#2635 = CARTESIAN_POINT('',(3.,-3.25,11.6));
#2636 = VECTOR('',#2637,1.);
#2637 = DIRECTION('',(-0.,1.,0.));
#2638 = ORIENTED_EDGE('',*,*,#2593,.T.);
#2639 = ORIENTED_EDGE('',*,*,#438,.F.);
#2640 = ORIENTED_EDGE('',*,*,#2641,.T.);
#2641 = EDGE_CURVE('',#431,#2632,#2642,.T.);
#2642 = LINE('',#2643,#2644);
#2643 = CARTESIAN_POINT('',(3.,-1.5,-13.1));
#2644 = VECTOR('',#2645,1.);
#2645 = DIRECTION('',(0.,0.,1.));
#2646 = PLANE('',#2647);
#2647 = AXIS2_PLACEMENT_3D('',#2648,#2649,#2650);
#2648 = CARTESIAN_POINT('',(3.,-6.5,-13.1));
#2649 = DIRECTION('',(1.,0.,-0.));
#2650 = DIRECTION('',(0.,0.,1.));
#2651 = ADVANCED_FACE('',(#2652),#2670,.T.);
#2652 = FACE_BOUND('',#2653,.T.);
#2653 = EDGE_LOOP('',(#2654,#2655,#2656,#2664));
#2654 = ORIENTED_EDGE('',*,*,#366,.F.);
#2655 = ORIENTED_EDGE('',*,*,#2607,.T.);
#2656 = ORIENTED_EDGE('',*,*,#2657,.F.);
#2657 = EDGE_CURVE('',#2658,#2608,#2660,.T.);
#2658 = VERTEX_POINT('',#2659);
#2659 = CARTESIAN_POINT('',(3.,-5.,11.6));
#2660 = LINE('',#2661,#2662);
#2661 = CARTESIAN_POINT('',(0.75,-5.,11.6));
#2662 = VECTOR('',#2663,1.);
#2663 = DIRECTION('',(-1.,-0.,0.));
#2664 = ORIENTED_EDGE('',*,*,#2665,.T.);
#2665 = EDGE_CURVE('',#2658,#367,#2666,.T.);
#2666 = LINE('',#2667,#2668);
#2667 = CARTESIAN_POINT('',(3.,-5.,-13.1));
#2668 = VECTOR('',#2669,1.);
#2669 = DIRECTION('',(-0.,0.,-1.));
#2670 = PLANE('',#2671);
#2671 = AXIS2_PLACEMENT_3D('',#2672,#2673,#2674);
#2672 = CARTESIAN_POINT('',(1.5,-5.,-13.1));
#2673 = DIRECTION('',(-0.,1.,0.));
#2674 = DIRECTION('',(0.,0.,1.));
#2675 = ADVANCED_FACE('',(#2676),#2694,.F.);
#2676 = FACE_BOUND('',#2677,.F.);
#2677 = EDGE_LOOP('',(#2678,#2686,#2687,#2688));
#2678 = ORIENTED_EDGE('',*,*,#2679,.F.);
#2679 = EDGE_CURVE('',#423,#2680,#2682,.T.);
#2680 = VERTEX_POINT('',#2681);
#2681 = CARTESIAN_POINT('',(5.,-1.5,11.6));
#2682 = LINE('',#2683,#2684);
#2683 = CARTESIAN_POINT('',(5.,-1.5,-13.1));
#2684 = VECTOR('',#2685,1.);
#2685 = DIRECTION('',(0.,0.,1.));
#2686 = ORIENTED_EDGE('',*,*,#430,.F.);
#2687 = ORIENTED_EDGE('',*,*,#2641,.T.);
#2688 = ORIENTED_EDGE('',*,*,#2689,.F.);
#2689 = EDGE_CURVE('',#2680,#2632,#2690,.T.);
#2690 = LINE('',#2691,#2692);
#2691 = CARTESIAN_POINT('',(1.5,-1.5,11.6));
#2692 = VECTOR('',#2693,1.);
#2693 = DIRECTION('',(-1.,-0.,0.));
#2694 = PLANE('',#2695);
#2695 = AXIS2_PLACEMENT_3D('',#2696,#2697,#2698);
#2696 = CARTESIAN_POINT('',(3.,-1.5,-13.1));
#2697 = DIRECTION('',(-0.,1.,0.));
#2698 = DIRECTION('',(0.,0.,1.));
#2699 = ADVANCED_FACE('',(#2700),#2727,.T.);
#2700 = FACE_BOUND('',#2701,.T.);
#2701 = EDGE_LOOP('',(#2702,#2713,#2719,#2720,#2721));
#2702 = ORIENTED_EDGE('',*,*,#2703,.F.);
#2703 = EDGE_CURVE('',#2704,#2706,#2708,.T.);
#2704 = VERTEX_POINT('',#2705);
#2705 = CARTESIAN_POINT('',(3.,-6.5,10.641089468362));
#2706 = VERTEX_POINT('',#2707);
#2707 = CARTESIAN_POINT('',(3.,-5.4258639865,11.6));
#2708 = HYPERBOLA('',#2709,3.,3.);
#2709 = AXIS2_PLACEMENT_3D('',#2710,#2711,#2712);
#2710 = CARTESIAN_POINT('',(3.,0.,17.8));
#2711 = DIRECTION('',(1.,0.,0.));
#2712 = DIRECTION('',(0.,-0.,-1.));
#2713 = ORIENTED_EDGE('',*,*,#2714,.F.);
#2714 = EDGE_CURVE('',#375,#2704,#2715,.T.);
#2715 = LINE('',#2716,#2717);
#2716 = CARTESIAN_POINT('',(3.,-6.5,-13.1));
#2717 = VECTOR('',#2718,1.);
#2718 = DIRECTION('',(0.,0.,1.));
#2719 = ORIENTED_EDGE('',*,*,#374,.F.);
#2720 = ORIENTED_EDGE('',*,*,#2665,.F.);
#2721 = ORIENTED_EDGE('',*,*,#2722,.F.);
#2722 = EDGE_CURVE('',#2706,#2658,#2723,.T.);
#2723 = LINE('',#2724,#2725);
#2724 = CARTESIAN_POINT('',(3.,-3.25,11.6));
#2725 = VECTOR('',#2726,1.);
#2726 = DIRECTION('',(-0.,1.,0.));
#2727 = PLANE('',#2728);
#2728 = AXIS2_PLACEMENT_3D('',#2729,#2730,#2731);
#2729 = CARTESIAN_POINT('',(3.,-6.5,-13.1));
#2730 = DIRECTION('',(1.,0.,-0.));
#2731 = DIRECTION('',(0.,0.,1.));
#2732 = ADVANCED_FACE('',(#2733),#2751,.F.);
#2733 = FACE_BOUND('',#2734,.F.);
#2734 = EDGE_LOOP('',(#2735,#2743,#2749,#2750));
#2735 = ORIENTED_EDGE('',*,*,#2736,.F.);
#2736 = EDGE_CURVE('',#2737,#2680,#2739,.T.);
#2737 = VERTEX_POINT('',#2738);
#2738 = CARTESIAN_POINT('',(5.,-3.,11.6));
#2739 = LINE('',#2740,#2741);
#2740 = CARTESIAN_POINT('',(5.,-3.25,11.6));
#2741 = VECTOR('',#2742,1.);
#2742 = DIRECTION('',(-0.,1.,0.));
#2743 = ORIENTED_EDGE('',*,*,#2744,.T.);
#2744 = EDGE_CURVE('',#2737,#415,#2745,.T.);
#2745 = LINE('',#2746,#2747);
#2746 = CARTESIAN_POINT('',(5.,-3.,-13.1));
#2747 = VECTOR('',#2748,1.);
#2748 = DIRECTION('',(-0.,0.,-1.));
#2749 = ORIENTED_EDGE('',*,*,#422,.F.);
#2750 = ORIENTED_EDGE('',*,*,#2679,.T.);
#2751 = PLANE('',#2752);
#2752 = AXIS2_PLACEMENT_3D('',#2753,#2754,#2755);
#2753 = CARTESIAN_POINT('',(5.,-6.5,-13.1));
#2754 = DIRECTION('',(1.,0.,-0.));
#2755 = DIRECTION('',(0.,0.,1.));
#2756 = ADVANCED_FACE('',(#2757),#2776,.T.);
#2757 = FACE_BOUND('',#2758,.T.);
#2758 = EDGE_LOOP('',(#2759,#2767,#2768,#2769));
#2759 = ORIENTED_EDGE('',*,*,#2760,.F.);
#2760 = EDGE_CURVE('',#383,#2761,#2763,.T.);
#2761 = VERTEX_POINT('',#2762);
#2762 = CARTESIAN_POINT('',(5.,-6.5,9.599390266572));
#2763 = LINE('',#2764,#2765);
#2764 = CARTESIAN_POINT('',(5.,-6.5,-13.1));
#2765 = VECTOR('',#2766,1.);
#2766 = DIRECTION('',(0.,0.,1.));
#2767 = ORIENTED_EDGE('',*,*,#382,.F.);
#2768 = ORIENTED_EDGE('',*,*,#2714,.T.);
#2769 = ORIENTED_EDGE('',*,*,#2770,.F.);
#2770 = EDGE_CURVE('',#2761,#2704,#2771,.T.);
#2771 = HYPERBOLA('',#2772,6.5,6.5);
#2772 = AXIS2_PLACEMENT_3D('',#2773,#2774,#2775);
#2773 = CARTESIAN_POINT('',(0.,-6.5,17.8));
#2774 = DIRECTION('',(0.,1.,0.));
#2775 = DIRECTION('',(-0.,0.,-1.));
#2776 = PLANE('',#2777);
#2777 = AXIS2_PLACEMENT_3D('',#2778,#2779,#2780);
#2778 = CARTESIAN_POINT('',(3.,-6.5,-13.1));
#2779 = DIRECTION('',(-0.,1.,0.));
#2780 = DIRECTION('',(0.,0.,1.));
#2781 = ADVANCED_FACE('',(#2782),#2809,.F.);
#2782 = FACE_BOUND('',#2783,.F.);
#2783 = EDGE_LOOP('',(#2784,#2785,#2786,#2794,#2803));
#2784 = ORIENTED_EDGE('',*,*,#414,.F.);
#2785 = ORIENTED_EDGE('',*,*,#2744,.F.);
#2786 = ORIENTED_EDGE('',*,*,#2787,.F.);
#2787 = EDGE_CURVE('',#2788,#2737,#2790,.T.);
#2788 = VERTEX_POINT('',#2789);
#2789 = CARTESIAN_POINT('',(5.4258639865,-3.,11.6));
#2790 = LINE('',#2791,#2792);
#2791 = CARTESIAN_POINT('',(0.75,-3.,11.6));
#2792 = VECTOR('',#2793,1.);
#2793 = DIRECTION('',(-1.,-0.,0.));
#2794 = ORIENTED_EDGE('',*,*,#2795,.F.);
#2795 = EDGE_CURVE('',#2796,#2788,#2798,.T.);
#2796 = VERTEX_POINT('',#2797);
#2797 = CARTESIAN_POINT('',(6.5,-3.,10.641089468362));
#2798 = HYPERBOLA('',#2799,3.,3.);
#2799 = AXIS2_PLACEMENT_3D('',#2800,#2801,#2802);
#2800 = CARTESIAN_POINT('',(0.,-3.,17.8));
#2801 = DIRECTION('',(0.,1.,0.));
#2802 = DIRECTION('',(-0.,0.,-1.));
#2803 = ORIENTED_EDGE('',*,*,#2804,.F.);
#2804 = EDGE_CURVE('',#407,#2796,#2805,.T.);
#2805 = LINE('',#2806,#2807);
#2806 = CARTESIAN_POINT('',(6.5,-3.,-13.1));
#2807 = VECTOR('',#2808,1.);
#2808 = DIRECTION('',(0.,0.,1.));
#2809 = PLANE('',#2810);
#2810 = AXIS2_PLACEMENT_3D('',#2811,#2812,#2813);
#2811 = CARTESIAN_POINT('',(1.5,-3.,-13.1));
#2812 = DIRECTION('',(-0.,1.,0.));
#2813 = DIRECTION('',(0.,0.,1.));
#2814 = ADVANCED_FACE('',(#2815),#2834,.F.);
#2815 = FACE_BOUND('',#2816,.F.);
#2816 = EDGE_LOOP('',(#2817,#2826,#2827,#2828));
#2817 = ORIENTED_EDGE('',*,*,#2818,.F.);
#2818 = EDGE_CURVE('',#2761,#2819,#2821,.T.);
#2819 = VERTEX_POINT('',#2820);
#2820 = CARTESIAN_POINT('',(5.,-5.,10.728932188135));
#2821 = HYPERBOLA('',#2822,5.,5.);
#2822 = AXIS2_PLACEMENT_3D('',#2823,#2824,#2825);
#2823 = CARTESIAN_POINT('',(5.,0.,17.8));
#2824 = DIRECTION('',(1.,0.,0.));
#2825 = DIRECTION('',(0.,-0.,-1.));
#2826 = ORIENTED_EDGE('',*,*,#2760,.F.);
#2827 = ORIENTED_EDGE('',*,*,#390,.F.);
#2828 = ORIENTED_EDGE('',*,*,#2829,.F.);
#2829 = EDGE_CURVE('',#2819,#391,#2830,.T.);
#2830 = LINE('',#2831,#2832);
#2831 = CARTESIAN_POINT('',(5.,-5.,-13.1));
#2832 = VECTOR('',#2833,1.);
#2833 = DIRECTION('',(-0.,0.,-1.));
#2834 = PLANE('',#2835);
#2835 = AXIS2_PLACEMENT_3D('',#2836,#2837,#2838);
#2836 = CARTESIAN_POINT('',(5.,-6.5,-13.1));
#2837 = DIRECTION('',(1.,0.,-0.));
#2838 = DIRECTION('',(0.,0.,1.));
#2839 = ADVANCED_FACE('',(#2840),#2859,.F.);
#2840 = FACE_BOUND('',#2841,.F.);
#2841 = EDGE_LOOP('',(#2842,#2850,#2851,#2852));
#2842 = ORIENTED_EDGE('',*,*,#2843,.F.);
#2843 = EDGE_CURVE('',#399,#2844,#2846,.T.);
#2844 = VERTEX_POINT('',#2845);
#2845 = CARTESIAN_POINT('',(6.5,-5.,9.599390266572));
#2846 = LINE('',#2847,#2848);
#2847 = CARTESIAN_POINT('',(6.5,-5.,-13.1));
#2848 = VECTOR('',#2849,1.);
#2849 = DIRECTION('',(0.,0.,1.));
#2850 = ORIENTED_EDGE('',*,*,#406,.F.);
#2851 = ORIENTED_EDGE('',*,*,#2804,.T.);
#2852 = ORIENTED_EDGE('',*,*,#2853,.F.);
#2853 = EDGE_CURVE('',#2844,#2796,#2854,.T.);
#2854 = HYPERBOLA('',#2855,6.5,6.5);
#2855 = AXIS2_PLACEMENT_3D('',#2856,#2857,#2858);
#2856 = CARTESIAN_POINT('',(6.5,0.,17.8));
#2857 = DIRECTION('',(1.,0.,0.));
#2858 = DIRECTION('',(0.,-0.,-1.));
#2859 = PLANE('',#2860);
#2860 = AXIS2_PLACEMENT_3D('',#2861,#2862,#2863);
#2861 = CARTESIAN_POINT('',(6.5,-5.,-13.1));
#2862 = DIRECTION('',(1.,0.,-0.));
#2863 = DIRECTION('',(0.,0.,1.));
#2864 = ADVANCED_FACE('',(#2865),#2877,.T.);
#2865 = FACE_BOUND('',#2866,.T.);
#2866 = EDGE_LOOP('',(#2867,#2868,#2869,#2876));
#2867 = ORIENTED_EDGE('',*,*,#398,.F.);
#2868 = ORIENTED_EDGE('',*,*,#2829,.F.);
#2869 = ORIENTED_EDGE('',*,*,#2870,.F.);
#2870 = EDGE_CURVE('',#2844,#2819,#2871,.T.);
#2871 = HYPERBOLA('',#2872,5.,5.);
#2872 = AXIS2_PLACEMENT_3D('',#2873,#2874,#2875);
#2873 = CARTESIAN_POINT('',(0.,-5.,17.8));
#2874 = DIRECTION('',(0.,1.,0.));
#2875 = DIRECTION('',(-0.,0.,-1.));
#2876 = ORIENTED_EDGE('',*,*,#2843,.F.);
#2877 = PLANE('',#2878);
#2878 = AXIS2_PLACEMENT_3D('',#2879,#2880,#2881);
#2879 = CARTESIAN_POINT('',(1.5,-5.,-13.1));
#2880 = DIRECTION('',(-0.,1.,0.));
#2881 = DIRECTION('',(0.,0.,1.));
#2882 = ADVANCED_FACE('',(#2883),#2899,.F.);
#2883 = FACE_BOUND('',#2884,.F.);
#2884 = EDGE_LOOP('',(#2885,#2886,#2892,#2893));
#2885 = ORIENTED_EDGE('',*,*,#446,.F.);
#2886 = ORIENTED_EDGE('',*,*,#2887,.T.);
#2887 = EDGE_CURVE('',#447,#1598,#2888,.T.);
#2888 = LINE('',#2889,#2890);
#2889 = CARTESIAN_POINT('',(1.05,-70.90222496701,-13.5729600604));
#2890 = VECTOR('',#2891,1.);
#2891 = DIRECTION('',(-5.676550095651E-17,-0.309016994375,0.951056516295
    ));
#2892 = ORIENTED_EDGE('',*,*,#1597,.T.);
#2893 = ORIENTED_EDGE('',*,*,#2894,.T.);
#2894 = EDGE_CURVE('',#1600,#449,#2895,.T.);
#2895 = LINE('',#2896,#2897);
#2896 = CARTESIAN_POINT('',(1.05,-72.32880974146,-14.03648555196));
#2897 = VECTOR('',#2898,1.);
#2898 = DIRECTION('',(5.676550095651E-17,0.309016994375,-0.951056516295)
  );
#2899 = PLANE('',#2900);
#2900 = AXIS2_PLACEMENT_3D('',#2901,#2902,#2903);
#2901 = CARTESIAN_POINT('',(1.05,-70.90222496701,-13.5729600604));
#2902 = DIRECTION('',(1.,-1.836970198721E-16,-2.128718593227E-33));
#2903 = DIRECTION('',(-5.676550095651E-17,-0.309016994375,0.951056516295
    ));
#2904 = ADVANCED_FACE('',(#2905),#2916,.T.);
#2905 = FACE_BOUND('',#2906,.T.);
#2906 = EDGE_LOOP('',(#2907,#2913,#2914,#2915));
#2907 = ORIENTED_EDGE('',*,*,#2908,.F.);
#2908 = EDGE_CURVE('',#457,#1608,#2909,.T.);
#2909 = LINE('',#2910,#2911);
#2910 = CARTESIAN_POINT('',(-1.05,-70.90222496701,-13.5729600604));
#2911 = VECTOR('',#2912,1.);
#2912 = DIRECTION('',(-5.676550095651E-17,-0.309016994375,0.951056516295
    ));
#2913 = ORIENTED_EDGE('',*,*,#456,.F.);
#2914 = ORIENTED_EDGE('',*,*,#2887,.T.);
#2915 = ORIENTED_EDGE('',*,*,#1607,.T.);
#2916 = PLANE('',#2917);
#2917 = AXIS2_PLACEMENT_3D('',#2918,#2919,#2920);
#2918 = CARTESIAN_POINT('',(-1.05,-70.90222496701,-13.5729600604));
#2919 = DIRECTION('',(-1.747062477734E-16,-0.951056516295,
    -0.309016994375));
#2920 = DIRECTION('',(-5.676550095651E-17,-0.309016994375,0.951056516295
    ));
#2921 = ADVANCED_FACE('',(#2922),#2933,.T.);
#2922 = FACE_BOUND('',#2923,.T.);
#2923 = EDGE_LOOP('',(#2924,#2925,#2926,#2927));
#2924 = ORIENTED_EDGE('',*,*,#1687,.T.);
#2925 = ORIENTED_EDGE('',*,*,#2894,.T.);
#2926 = ORIENTED_EDGE('',*,*,#536,.F.);
#2927 = ORIENTED_EDGE('',*,*,#2928,.T.);
#2928 = EDGE_CURVE('',#529,#1680,#2929,.T.);
#2929 = LINE('',#2930,#2931);
#2930 = CARTESIAN_POINT('',(2.55,-72.32880974146,-14.03648555196));
#2931 = VECTOR('',#2932,1.);
#2932 = DIRECTION('',(-5.676550095651E-17,-0.309016994375,0.951056516295
    ));
#2933 = PLANE('',#2934);
#2934 = AXIS2_PLACEMENT_3D('',#2935,#2936,#2937);
#2935 = CARTESIAN_POINT('',(-2.55,-72.32880974146,-14.03648555196));
#2936 = DIRECTION('',(-1.747062477734E-16,-0.951056516295,
    -0.309016994375));
#2937 = DIRECTION('',(-5.676550095651E-17,-0.309016994375,0.951056516295
    ));
#2938 = ADVANCED_FACE('',(#2939),#2950,.T.);
#2939 = FACE_BOUND('',#2940,.T.);
#2940 = EDGE_LOOP('',(#2941,#2942,#2943,#2944));
#2941 = ORIENTED_EDGE('',*,*,#464,.F.);
#2942 = ORIENTED_EDGE('',*,*,#2908,.T.);
#2943 = ORIENTED_EDGE('',*,*,#1615,.T.);
#2944 = ORIENTED_EDGE('',*,*,#2945,.T.);
#2945 = EDGE_CURVE('',#1616,#465,#2946,.T.);
#2946 = LINE('',#2947,#2948);
#2947 = CARTESIAN_POINT('',(-1.05,-72.32880974146,-14.03648555196));
#2948 = VECTOR('',#2949,1.);
#2949 = DIRECTION('',(5.676550095651E-17,0.309016994375,-0.951056516295)
  );
#2950 = PLANE('',#2951);
#2951 = AXIS2_PLACEMENT_3D('',#2952,#2953,#2954);
#2952 = CARTESIAN_POINT('',(-1.05,-70.90222496701,-13.5729600604));
#2953 = DIRECTION('',(1.,-1.836970198721E-16,-2.128718593227E-33));
#2954 = DIRECTION('',(-5.676550095651E-17,-0.309016994375,0.951056516295
    ));
#2955 = ADVANCED_FACE('',(#2956),#2967,.F.);
#2956 = FACE_BOUND('',#2957,.F.);
#2957 = EDGE_LOOP('',(#2958,#2964,#2965,#2966));
#2958 = ORIENTED_EDGE('',*,*,#2959,.F.);
#2959 = EDGE_CURVE('',#521,#1672,#2960,.T.);
#2960 = LINE('',#2961,#2962);
#2961 = CARTESIAN_POINT('',(2.55,-74.32602842568,-14.68542124015));
#2962 = VECTOR('',#2963,1.);
#2963 = DIRECTION('',(-5.676550095651E-17,-0.309016994375,0.951056516295
    ));
#2964 = ORIENTED_EDGE('',*,*,#528,.F.);
#2965 = ORIENTED_EDGE('',*,*,#2928,.T.);
#2966 = ORIENTED_EDGE('',*,*,#1679,.T.);
#2967 = PLANE('',#2968);
#2968 = AXIS2_PLACEMENT_3D('',#2969,#2970,#2971);
#2969 = CARTESIAN_POINT('',(2.55,-72.32880974146,-14.03648555196));
#2970 = DIRECTION('',(1.,-1.836970198721E-16,-2.128718593227E-33));
#2971 = DIRECTION('',(-5.676550095651E-17,-0.309016994375,0.951056516295
    ));
#2972 = ADVANCED_FACE('',(#2973),#2984,.T.);
#2973 = FACE_BOUND('',#2974,.T.);
#2974 = EDGE_LOOP('',(#2975,#2976,#2982,#2983));
#2975 = ORIENTED_EDGE('',*,*,#1623,.T.);
#2976 = ORIENTED_EDGE('',*,*,#2977,.F.);
#2977 = EDGE_CURVE('',#473,#1624,#2978,.T.);
#2978 = LINE('',#2979,#2980);
#2979 = CARTESIAN_POINT('',(-2.55,-72.32880974146,-14.03648555196));
#2980 = VECTOR('',#2981,1.);
#2981 = DIRECTION('',(-5.676550095651E-17,-0.309016994375,0.951056516295
    ));
#2982 = ORIENTED_EDGE('',*,*,#472,.F.);
#2983 = ORIENTED_EDGE('',*,*,#2945,.F.);
#2984 = PLANE('',#2985);
#2985 = AXIS2_PLACEMENT_3D('',#2986,#2987,#2988);
#2986 = CARTESIAN_POINT('',(-2.55,-72.32880974146,-14.03648555196));
#2987 = DIRECTION('',(-1.747062477734E-16,-0.951056516295,
    -0.309016994375));
#2988 = DIRECTION('',(-5.676550095651E-17,-0.309016994375,0.951056516295
    ));
#2989 = ADVANCED_FACE('',(#2990),#3001,.F.);
#2990 = FACE_BOUND('',#2991,.F.);
#2991 = EDGE_LOOP('',(#2992,#2993,#2999,#3000));
#2992 = ORIENTED_EDGE('',*,*,#1671,.T.);
#2993 = ORIENTED_EDGE('',*,*,#2994,.T.);
#2994 = EDGE_CURVE('',#1664,#513,#2995,.T.);
#2995 = LINE('',#2996,#2997);
#2996 = CARTESIAN_POINT('',(1.05,-74.32602842568,-14.68542124015));
#2997 = VECTOR('',#2998,1.);
#2998 = DIRECTION('',(5.676550095651E-17,0.309016994375,-0.951056516295)
  );
#2999 = ORIENTED_EDGE('',*,*,#520,.F.);
#3000 = ORIENTED_EDGE('',*,*,#2959,.T.);
#3001 = PLANE('',#3002);
#3002 = AXIS2_PLACEMENT_3D('',#3003,#3004,#3005);
#3003 = CARTESIAN_POINT('',(-2.55,-74.32602842568,-14.68542124015));
#3004 = DIRECTION('',(-1.747062477734E-16,-0.951056516295,
    -0.309016994375));
#3005 = DIRECTION('',(-5.676550095651E-17,-0.309016994375,0.951056516295
    ));
#3006 = ADVANCED_FACE('',(#3007),#3018,.T.);
#3007 = FACE_BOUND('',#3008,.T.);
#3008 = EDGE_LOOP('',(#3009,#3015,#3016,#3017));
#3009 = ORIENTED_EDGE('',*,*,#3010,.F.);
#3010 = EDGE_CURVE('',#481,#1632,#3011,.T.);
#3011 = LINE('',#3012,#3013);
#3012 = CARTESIAN_POINT('',(-2.55,-74.32602842568,-14.68542124015));
#3013 = VECTOR('',#3014,1.);
#3014 = DIRECTION('',(-5.676550095651E-17,-0.309016994375,0.951056516295
    ));
#3015 = ORIENTED_EDGE('',*,*,#480,.F.);
#3016 = ORIENTED_EDGE('',*,*,#2977,.T.);
#3017 = ORIENTED_EDGE('',*,*,#1631,.T.);
#3018 = PLANE('',#3019);
#3019 = AXIS2_PLACEMENT_3D('',#3020,#3021,#3022);
#3020 = CARTESIAN_POINT('',(-2.55,-72.32880974146,-14.03648555196));
#3021 = DIRECTION('',(1.,-1.836970198721E-16,-2.128718593227E-33));
#3022 = DIRECTION('',(-5.676550095651E-17,-0.309016994375,0.951056516295
    ));
#3023 = ADVANCED_FACE('',(#3024),#3035,.F.);
#3024 = FACE_BOUND('',#3025,.F.);
#3025 = EDGE_LOOP('',(#3026,#3027,#3028,#3029));
#3026 = ORIENTED_EDGE('',*,*,#512,.F.);
#3027 = ORIENTED_EDGE('',*,*,#2994,.F.);
#3028 = ORIENTED_EDGE('',*,*,#1663,.T.);
#3029 = ORIENTED_EDGE('',*,*,#3030,.F.);
#3030 = EDGE_CURVE('',#505,#1656,#3031,.T.);
#3031 = LINE('',#3032,#3033);
#3032 = CARTESIAN_POINT('',(1.05,-75.75261320012,-15.14894673171));
#3033 = VECTOR('',#3034,1.);
#3034 = DIRECTION('',(-5.676550095651E-17,-0.309016994375,0.951056516295
    ));
#3035 = PLANE('',#3036);
#3036 = AXIS2_PLACEMENT_3D('',#3037,#3038,#3039);
#3037 = CARTESIAN_POINT('',(1.05,-70.90222496701,-13.5729600604));
#3038 = DIRECTION('',(1.,-1.836970198721E-16,-2.128718593227E-33));
#3039 = DIRECTION('',(-5.676550095651E-17,-0.309016994375,0.951056516295
    ));
#3040 = ADVANCED_FACE('',(#3041),#3052,.F.);
#3041 = FACE_BOUND('',#3042,.F.);
#3042 = EDGE_LOOP('',(#3043,#3044,#3045,#3046));
#3043 = ORIENTED_EDGE('',*,*,#1639,.T.);
#3044 = ORIENTED_EDGE('',*,*,#3010,.F.);
#3045 = ORIENTED_EDGE('',*,*,#488,.F.);
#3046 = ORIENTED_EDGE('',*,*,#3047,.F.);
#3047 = EDGE_CURVE('',#1640,#489,#3048,.T.);
#3048 = LINE('',#3049,#3050);
#3049 = CARTESIAN_POINT('',(-1.05,-74.32602842568,-14.68542124015));
#3050 = VECTOR('',#3051,1.);
#3051 = DIRECTION('',(5.676550095651E-17,0.309016994375,-0.951056516295)
  );
#3052 = PLANE('',#3053);
#3053 = AXIS2_PLACEMENT_3D('',#3054,#3055,#3056);
#3054 = CARTESIAN_POINT('',(-2.55,-74.32602842568,-14.68542124015));
#3055 = DIRECTION('',(-1.747062477734E-16,-0.951056516295,
    -0.309016994375));
#3056 = DIRECTION('',(-5.676550095651E-17,-0.309016994375,0.951056516295
    ));
#3057 = ADVANCED_FACE('',(#3058),#3069,.F.);
#3058 = FACE_BOUND('',#3059,.F.);
#3059 = EDGE_LOOP('',(#3060,#3066,#3067,#3068));
#3060 = ORIENTED_EDGE('',*,*,#3061,.F.);
#3061 = EDGE_CURVE('',#497,#1648,#3062,.T.);
#3062 = LINE('',#3063,#3064);
#3063 = CARTESIAN_POINT('',(-1.05,-75.75261320012,-15.14894673171));
#3064 = VECTOR('',#3065,1.);
#3065 = DIRECTION('',(-5.676550095651E-17,-0.309016994375,0.951056516295
    ));
#3066 = ORIENTED_EDGE('',*,*,#504,.F.);
#3067 = ORIENTED_EDGE('',*,*,#3030,.T.);
#3068 = ORIENTED_EDGE('',*,*,#1655,.T.);
#3069 = PLANE('',#3070);
#3070 = AXIS2_PLACEMENT_3D('',#3071,#3072,#3073);
#3071 = CARTESIAN_POINT('',(-1.05,-75.75261320012,-15.14894673171));
#3072 = DIRECTION('',(-1.747062477734E-16,-0.951056516295,
    -0.309016994375));
#3073 = DIRECTION('',(-5.676550095651E-17,-0.309016994375,0.951056516295
    ));
#3074 = ADVANCED_FACE('',(#3075),#3081,.T.);
#3075 = FACE_BOUND('',#3076,.T.);
#3076 = EDGE_LOOP('',(#3077,#3078,#3079,#3080));
#3077 = ORIENTED_EDGE('',*,*,#496,.F.);
#3078 = ORIENTED_EDGE('',*,*,#3047,.F.);
#3079 = ORIENTED_EDGE('',*,*,#1647,.T.);
#3080 = ORIENTED_EDGE('',*,*,#3061,.F.);
#3081 = PLANE('',#3082);
#3082 = AXIS2_PLACEMENT_3D('',#3083,#3084,#3085);
#3083 = CARTESIAN_POINT('',(-1.05,-70.90222496701,-13.5729600604));
#3084 = DIRECTION('',(1.,-1.836970198721E-16,-2.128718593227E-33));
#3085 = DIRECTION('',(-5.676550095651E-17,-0.309016994375,0.951056516295
    ));
#3086 = ADVANCED_FACE('',(#3087),#3121,.F.);
#3087 = FACE_BOUND('',#3088,.F.);
#3088 = EDGE_LOOP('',(#3089,#3090,#3098,#3107,#3115));
#3089 = ORIENTED_EDGE('',*,*,#544,.F.);
#3090 = ORIENTED_EDGE('',*,*,#3091,.T.);
#3091 = EDGE_CURVE('',#545,#3092,#3094,.T.);
#3092 = VERTEX_POINT('',#3093);
#3093 = CARTESIAN_POINT('',(-6.5,-3.,10.641089468362));
#3094 = LINE('',#3095,#3096);
#3095 = CARTESIAN_POINT('',(-6.5,-3.,-13.1));
#3096 = VECTOR('',#3097,1.);
#3097 = DIRECTION('',(0.,0.,1.));
#3098 = ORIENTED_EDGE('',*,*,#3099,.F.);
#3099 = EDGE_CURVE('',#3100,#3092,#3102,.T.);
#3100 = VERTEX_POINT('',#3101);
#3101 = CARTESIAN_POINT('',(-5.4258639865,-3.,11.6));
#3102 = HYPERBOLA('',#3103,3.,3.);
#3103 = AXIS2_PLACEMENT_3D('',#3104,#3105,#3106);
#3104 = CARTESIAN_POINT('',(0.,-3.,17.8));
#3105 = DIRECTION('',(0.,1.,0.));
#3106 = DIRECTION('',(-0.,0.,-1.));
#3107 = ORIENTED_EDGE('',*,*,#3108,.F.);
#3108 = EDGE_CURVE('',#3109,#3100,#3111,.T.);
#3109 = VERTEX_POINT('',#3110);
#3110 = CARTESIAN_POINT('',(-5.,-3.,11.6));
#3111 = LINE('',#3112,#3113);
#3112 = CARTESIAN_POINT('',(-3.25,-3.,11.6));
#3113 = VECTOR('',#3114,1.);
#3114 = DIRECTION('',(-1.,-0.,0.));
#3115 = ORIENTED_EDGE('',*,*,#3116,.T.);
#3116 = EDGE_CURVE('',#3109,#547,#3117,.T.);
#3117 = LINE('',#3118,#3119);
#3118 = CARTESIAN_POINT('',(-5.,-3.,-13.1));
#3119 = VECTOR('',#3120,1.);
#3120 = DIRECTION('',(-0.,0.,-1.));
#3121 = PLANE('',#3122);
#3122 = AXIS2_PLACEMENT_3D('',#3123,#3124,#3125);
#3123 = CARTESIAN_POINT('',(-6.5,-3.,-13.1));
#3124 = DIRECTION('',(-0.,1.,0.));
#3125 = DIRECTION('',(0.,0.,1.));
#3126 = ADVANCED_FACE('',(#3127),#3146,.T.);
#3127 = FACE_BOUND('',#3128,.T.);
#3128 = EDGE_LOOP('',(#3129,#3137,#3138,#3139));
#3129 = ORIENTED_EDGE('',*,*,#3130,.F.);
#3130 = EDGE_CURVE('',#555,#3131,#3133,.T.);
#3131 = VERTEX_POINT('',#3132);
#3132 = CARTESIAN_POINT('',(-6.5,-5.,9.599390266572));
#3133 = LINE('',#3134,#3135);
#3134 = CARTESIAN_POINT('',(-6.5,-5.,-13.1));
#3135 = VECTOR('',#3136,1.);
#3136 = DIRECTION('',(0.,0.,1.));
#3137 = ORIENTED_EDGE('',*,*,#554,.F.);
#3138 = ORIENTED_EDGE('',*,*,#3091,.T.);
#3139 = ORIENTED_EDGE('',*,*,#3140,.F.);
#3140 = EDGE_CURVE('',#3131,#3092,#3141,.T.);
#3141 = HYPERBOLA('',#3142,6.5,6.5);
#3142 = AXIS2_PLACEMENT_3D('',#3143,#3144,#3145);
#3143 = CARTESIAN_POINT('',(-6.5,0.,17.8));
#3144 = DIRECTION('',(1.,0.,0.));
#3145 = DIRECTION('',(0.,-0.,-1.));
#3146 = PLANE('',#3147);
#3147 = AXIS2_PLACEMENT_3D('',#3148,#3149,#3150);
#3148 = CARTESIAN_POINT('',(-6.5,-5.,-13.1));
#3149 = DIRECTION('',(1.,0.,-0.));
#3150 = DIRECTION('',(0.,0.,1.));
#3151 = ADVANCED_FACE('',(#3152),#3170,.T.);
#3152 = FACE_BOUND('',#3153,.T.);
#3153 = EDGE_LOOP('',(#3154,#3162,#3163,#3164));
#3154 = ORIENTED_EDGE('',*,*,#3155,.F.);
#3155 = EDGE_CURVE('',#3109,#3156,#3158,.T.);
#3156 = VERTEX_POINT('',#3157);
#3157 = CARTESIAN_POINT('',(-5.,-1.5,11.6));
#3158 = LINE('',#3159,#3160);
#3159 = CARTESIAN_POINT('',(-5.,-3.25,11.6));
#3160 = VECTOR('',#3161,1.);
#3161 = DIRECTION('',(-0.,1.,0.));
#3162 = ORIENTED_EDGE('',*,*,#3116,.T.);
#3163 = ORIENTED_EDGE('',*,*,#634,.F.);
#3164 = ORIENTED_EDGE('',*,*,#3165,.T.);
#3165 = EDGE_CURVE('',#627,#3156,#3166,.T.);
#3166 = LINE('',#3167,#3168);
#3167 = CARTESIAN_POINT('',(-5.,-1.5,-13.1));
#3168 = VECTOR('',#3169,1.);
#3169 = DIRECTION('',(0.,0.,1.));
#3170 = PLANE('',#3171);
#3171 = AXIS2_PLACEMENT_3D('',#3172,#3173,#3174);
#3172 = CARTESIAN_POINT('',(-5.,-6.5,-13.1));
#3173 = DIRECTION('',(1.,0.,-0.));
#3174 = DIRECTION('',(0.,0.,1.));
#3175 = ADVANCED_FACE('',(#3176),#3195,.T.);
#3176 = FACE_BOUND('',#3177,.T.);
#3177 = EDGE_LOOP('',(#3178,#3179,#3180,#3189));
#3178 = ORIENTED_EDGE('',*,*,#562,.F.);
#3179 = ORIENTED_EDGE('',*,*,#3130,.T.);
#3180 = ORIENTED_EDGE('',*,*,#3181,.F.);
#3181 = EDGE_CURVE('',#3182,#3131,#3184,.T.);
#3182 = VERTEX_POINT('',#3183);
#3183 = CARTESIAN_POINT('',(-5.,-5.,10.728932188135));
#3184 = HYPERBOLA('',#3185,5.,5.);
#3185 = AXIS2_PLACEMENT_3D('',#3186,#3187,#3188);
#3186 = CARTESIAN_POINT('',(0.,-5.,17.8));
#3187 = DIRECTION('',(0.,1.,0.));
#3188 = DIRECTION('',(-0.,0.,-1.));
#3189 = ORIENTED_EDGE('',*,*,#3190,.T.);
#3190 = EDGE_CURVE('',#3182,#563,#3191,.T.);
#3191 = LINE('',#3192,#3193);
#3192 = CARTESIAN_POINT('',(-5.,-5.,-13.1));
#3193 = VECTOR('',#3194,1.);
#3194 = DIRECTION('',(-0.,0.,-1.));
#3195 = PLANE('',#3196);
#3196 = AXIS2_PLACEMENT_3D('',#3197,#3198,#3199);
#3197 = CARTESIAN_POINT('',(-6.5,-5.,-13.1));
#3198 = DIRECTION('',(-0.,1.,0.));
#3199 = DIRECTION('',(0.,0.,1.));
#3200 = ADVANCED_FACE('',(#3201),#3219,.F.);
#3201 = FACE_BOUND('',#3202,.F.);
#3202 = EDGE_LOOP('',(#3203,#3211,#3212,#3213));
#3203 = ORIENTED_EDGE('',*,*,#3204,.F.);
#3204 = EDGE_CURVE('',#619,#3205,#3207,.T.);
#3205 = VERTEX_POINT('',#3206);
#3206 = CARTESIAN_POINT('',(-3.,-1.5,11.6));
#3207 = LINE('',#3208,#3209);
#3208 = CARTESIAN_POINT('',(-3.,-1.5,-13.1));
#3209 = VECTOR('',#3210,1.);
#3210 = DIRECTION('',(0.,0.,1.));
#3211 = ORIENTED_EDGE('',*,*,#626,.F.);
#3212 = ORIENTED_EDGE('',*,*,#3165,.T.);
#3213 = ORIENTED_EDGE('',*,*,#3214,.F.);
#3214 = EDGE_CURVE('',#3205,#3156,#3215,.T.);
#3215 = LINE('',#3216,#3217);
#3216 = CARTESIAN_POINT('',(-2.5,-1.5,11.6));
#3217 = VECTOR('',#3218,1.);
#3218 = DIRECTION('',(-1.,-0.,0.));
#3219 = PLANE('',#3220);
#3220 = AXIS2_PLACEMENT_3D('',#3221,#3222,#3223);
#3221 = CARTESIAN_POINT('',(-5.,-1.5,-13.1));
#3222 = DIRECTION('',(-0.,1.,0.));
#3223 = DIRECTION('',(0.,0.,1.));
#3224 = ADVANCED_FACE('',(#3225),#3244,.T.);
#3225 = FACE_BOUND('',#3226,.T.);
#3226 = EDGE_LOOP('',(#3227,#3236,#3242,#3243));
#3227 = ORIENTED_EDGE('',*,*,#3228,.F.);
#3228 = EDGE_CURVE('',#3229,#3182,#3231,.T.);
#3229 = VERTEX_POINT('',#3230);
#3230 = CARTESIAN_POINT('',(-5.,-6.5,9.599390266572));
#3231 = HYPERBOLA('',#3232,5.,5.);
#3232 = AXIS2_PLACEMENT_3D('',#3233,#3234,#3235);
#3233 = CARTESIAN_POINT('',(-5.,0.,17.8));
#3234 = DIRECTION('',(1.,0.,0.));
#3235 = DIRECTION('',(0.,-0.,-1.));
#3236 = ORIENTED_EDGE('',*,*,#3237,.F.);
#3237 = EDGE_CURVE('',#571,#3229,#3238,.T.);
#3238 = LINE('',#3239,#3240);
#3239 = CARTESIAN_POINT('',(-5.,-6.5,-13.1));
#3240 = VECTOR('',#3241,1.);
#3241 = DIRECTION('',(0.,0.,1.));
#3242 = ORIENTED_EDGE('',*,*,#570,.F.);
#3243 = ORIENTED_EDGE('',*,*,#3190,.F.);
#3244 = PLANE('',#3245);
#3245 = AXIS2_PLACEMENT_3D('',#3246,#3247,#3248);
#3246 = CARTESIAN_POINT('',(-5.,-6.5,-13.1));
#3247 = DIRECTION('',(1.,0.,-0.));
#3248 = DIRECTION('',(0.,0.,1.));
#3249 = ADVANCED_FACE('',(#3250),#3268,.F.);
#3250 = FACE_BOUND('',#3251,.F.);
#3251 = EDGE_LOOP('',(#3252,#3260,#3266,#3267));
#3252 = ORIENTED_EDGE('',*,*,#3253,.F.);
#3253 = EDGE_CURVE('',#3254,#3205,#3256,.T.);
#3254 = VERTEX_POINT('',#3255);
#3255 = CARTESIAN_POINT('',(-3.,-3.,11.6));
#3256 = LINE('',#3257,#3258);
#3257 = CARTESIAN_POINT('',(-3.,-3.25,11.6));
#3258 = VECTOR('',#3259,1.);
#3259 = DIRECTION('',(-0.,1.,0.));
#3260 = ORIENTED_EDGE('',*,*,#3261,.T.);
#3261 = EDGE_CURVE('',#3254,#611,#3262,.T.);
#3262 = LINE('',#3263,#3264);
#3263 = CARTESIAN_POINT('',(-3.,-3.,-13.1));
#3264 = VECTOR('',#3265,1.);
#3265 = DIRECTION('',(-0.,0.,-1.));
#3266 = ORIENTED_EDGE('',*,*,#618,.F.);
#3267 = ORIENTED_EDGE('',*,*,#3204,.T.);
#3268 = PLANE('',#3269);
#3269 = AXIS2_PLACEMENT_3D('',#3270,#3271,#3272);
#3270 = CARTESIAN_POINT('',(-3.,-6.5,-13.1));
#3271 = DIRECTION('',(1.,0.,-0.));
#3272 = DIRECTION('',(0.,0.,1.));
#3273 = ADVANCED_FACE('',(#3274),#3293,.T.);
#3274 = FACE_BOUND('',#3275,.T.);
#3275 = EDGE_LOOP('',(#3276,#3284,#3285,#3286));
#3276 = ORIENTED_EDGE('',*,*,#3277,.F.);
#3277 = EDGE_CURVE('',#579,#3278,#3280,.T.);
#3278 = VERTEX_POINT('',#3279);
#3279 = CARTESIAN_POINT('',(-3.,-6.5,10.641089468362));
#3280 = LINE('',#3281,#3282);
#3281 = CARTESIAN_POINT('',(-3.,-6.5,-13.1));
#3282 = VECTOR('',#3283,1.);
#3283 = DIRECTION('',(0.,0.,1.));
#3284 = ORIENTED_EDGE('',*,*,#578,.F.);
#3285 = ORIENTED_EDGE('',*,*,#3237,.T.);
#3286 = ORIENTED_EDGE('',*,*,#3287,.F.);
#3287 = EDGE_CURVE('',#3278,#3229,#3288,.T.);
#3288 = HYPERBOLA('',#3289,6.5,6.5);
#3289 = AXIS2_PLACEMENT_3D('',#3290,#3291,#3292);
#3290 = CARTESIAN_POINT('',(0.,-6.5,17.8));
#3291 = DIRECTION('',(0.,1.,0.));
#3292 = DIRECTION('',(-0.,0.,-1.));
#3293 = PLANE('',#3294);
#3294 = AXIS2_PLACEMENT_3D('',#3295,#3296,#3297);
#3295 = CARTESIAN_POINT('',(-5.,-6.5,-13.1));
#3296 = DIRECTION('',(-0.,1.,0.));
#3297 = DIRECTION('',(0.,0.,1.));
#3298 = ADVANCED_FACE('',(#3299),#3317,.F.);
#3299 = FACE_BOUND('',#3300,.F.);
#3300 = EDGE_LOOP('',(#3301,#3302,#3303,#3311));
#3301 = ORIENTED_EDGE('',*,*,#610,.F.);
#3302 = ORIENTED_EDGE('',*,*,#3261,.F.);
#3303 = ORIENTED_EDGE('',*,*,#3304,.F.);
#3304 = EDGE_CURVE('',#3305,#3254,#3307,.T.);
#3305 = VERTEX_POINT('',#3306);
#3306 = CARTESIAN_POINT('',(-1.5,-3.,11.6));
#3307 = LINE('',#3308,#3309);
#3308 = CARTESIAN_POINT('',(-3.25,-3.,11.6));
#3309 = VECTOR('',#3310,1.);
#3310 = DIRECTION('',(-1.,-0.,0.));
#3311 = ORIENTED_EDGE('',*,*,#3312,.F.);
#3312 = EDGE_CURVE('',#603,#3305,#3313,.T.);
#3313 = LINE('',#3314,#3315);
#3314 = CARTESIAN_POINT('',(-1.5,-3.,-13.1));
#3315 = VECTOR('',#3316,1.);
#3316 = DIRECTION('',(0.,0.,1.));
#3317 = PLANE('',#3318);
#3318 = AXIS2_PLACEMENT_3D('',#3319,#3320,#3321);
#3319 = CARTESIAN_POINT('',(-6.5,-3.,-13.1));
#3320 = DIRECTION('',(-0.,1.,0.));
#3321 = DIRECTION('',(0.,0.,1.));
#3322 = ADVANCED_FACE('',(#3323),#3350,.F.);
#3323 = FACE_BOUND('',#3324,.F.);
#3324 = EDGE_LOOP('',(#3325,#3334,#3335,#3336,#3344));
#3325 = ORIENTED_EDGE('',*,*,#3326,.F.);
#3326 = EDGE_CURVE('',#3278,#3327,#3329,.T.);
#3327 = VERTEX_POINT('',#3328);
#3328 = CARTESIAN_POINT('',(-3.,-5.4258639865,11.6));
#3329 = HYPERBOLA('',#3330,3.,3.);
#3330 = AXIS2_PLACEMENT_3D('',#3331,#3332,#3333);
#3331 = CARTESIAN_POINT('',(-3.,0.,17.8));
#3332 = DIRECTION('',(1.,0.,0.));
#3333 = DIRECTION('',(0.,-0.,-1.));
#3334 = ORIENTED_EDGE('',*,*,#3277,.F.);
#3335 = ORIENTED_EDGE('',*,*,#586,.F.);
#3336 = ORIENTED_EDGE('',*,*,#3337,.F.);
#3337 = EDGE_CURVE('',#3338,#587,#3340,.T.);
#3338 = VERTEX_POINT('',#3339);
#3339 = CARTESIAN_POINT('',(-3.,-5.,11.6));
#3340 = LINE('',#3341,#3342);
#3341 = CARTESIAN_POINT('',(-3.,-5.,-13.1));
#3342 = VECTOR('',#3343,1.);
#3343 = DIRECTION('',(-0.,0.,-1.));
#3344 = ORIENTED_EDGE('',*,*,#3345,.F.);
#3345 = EDGE_CURVE('',#3327,#3338,#3346,.T.);
#3346 = LINE('',#3347,#3348);
#3347 = CARTESIAN_POINT('',(-3.,-3.25,11.6));
#3348 = VECTOR('',#3349,1.);
#3349 = DIRECTION('',(-0.,1.,0.));
#3350 = PLANE('',#3351);
#3351 = AXIS2_PLACEMENT_3D('',#3352,#3353,#3354);
#3352 = CARTESIAN_POINT('',(-3.,-6.5,-13.1));
#3353 = DIRECTION('',(1.,0.,-0.));
#3354 = DIRECTION('',(0.,0.,1.));
#3355 = ADVANCED_FACE('',(#3356),#3374,.F.);
#3356 = FACE_BOUND('',#3357,.F.);
#3357 = EDGE_LOOP('',(#3358,#3366,#3367,#3368));
#3358 = ORIENTED_EDGE('',*,*,#3359,.F.);
#3359 = EDGE_CURVE('',#595,#3360,#3362,.T.);
#3360 = VERTEX_POINT('',#3361);
#3361 = CARTESIAN_POINT('',(-1.5,-5.,11.6));
#3362 = LINE('',#3363,#3364);
#3363 = CARTESIAN_POINT('',(-1.5,-5.,-13.1));
#3364 = VECTOR('',#3365,1.);
#3365 = DIRECTION('',(0.,0.,1.));
#3366 = ORIENTED_EDGE('',*,*,#602,.F.);
#3367 = ORIENTED_EDGE('',*,*,#3312,.T.);
#3368 = ORIENTED_EDGE('',*,*,#3369,.F.);
#3369 = EDGE_CURVE('',#3360,#3305,#3370,.T.);
#3370 = LINE('',#3371,#3372);
#3371 = CARTESIAN_POINT('',(-1.5,-2.5,11.6));
#3372 = VECTOR('',#3373,1.);
#3373 = DIRECTION('',(-0.,1.,0.));
#3374 = PLANE('',#3375);
#3375 = AXIS2_PLACEMENT_3D('',#3376,#3377,#3378);
#3376 = CARTESIAN_POINT('',(-1.5,-5.,-13.1));
#3377 = DIRECTION('',(1.,0.,-0.));
#3378 = DIRECTION('',(0.,0.,1.));
#3379 = ADVANCED_FACE('',(#3380),#3391,.T.);
#3380 = FACE_BOUND('',#3381,.T.);
#3381 = EDGE_LOOP('',(#3382,#3383,#3384,#3390));
#3382 = ORIENTED_EDGE('',*,*,#594,.F.);
#3383 = ORIENTED_EDGE('',*,*,#3337,.F.);
#3384 = ORIENTED_EDGE('',*,*,#3385,.F.);
#3385 = EDGE_CURVE('',#3360,#3338,#3386,.T.);
#3386 = LINE('',#3387,#3388);
#3387 = CARTESIAN_POINT('',(-3.25,-5.,11.6));
#3388 = VECTOR('',#3389,1.);
#3389 = DIRECTION('',(-1.,-0.,0.));
#3390 = ORIENTED_EDGE('',*,*,#3359,.F.);
#3391 = PLANE('',#3392);
#3392 = AXIS2_PLACEMENT_3D('',#3393,#3394,#3395);
#3393 = CARTESIAN_POINT('',(-6.5,-5.,-13.1));
#3394 = DIRECTION('',(-0.,1.,0.));
#3395 = DIRECTION('',(0.,0.,1.));
#3396 = ADVANCED_FACE('',(#3397),#3413,.F.);
#3397 = FACE_BOUND('',#3398,.F.);
#3398 = EDGE_LOOP('',(#3399,#3400,#3406,#3407));
#3399 = ORIENTED_EDGE('',*,*,#642,.F.);
#3400 = ORIENTED_EDGE('',*,*,#3401,.T.);
#3401 = EDGE_CURVE('',#643,#1696,#3402,.T.);
#3402 = LINE('',#3403,#3404);
#3403 = CARTESIAN_POINT('',(-60.87812800627,-36.36043915748,
    -13.5729600604));
#3404 = VECTOR('',#3405,1.);
#3405 = DIRECTION('',(-0.26761656733,-0.154508497187,0.951056516295));
#3406 = ORIENTED_EDGE('',*,*,#1695,.T.);
#3407 = ORIENTED_EDGE('',*,*,#3408,.T.);
#3408 = EDGE_CURVE('',#1698,#645,#3409,.T.);
#3409 = LINE('',#3410,#3411);
#3410 = CARTESIAN_POINT('',(-62.11358666159,-37.0737315447,
    -14.03648555196));
#3411 = VECTOR('',#3412,1.);
#3412 = DIRECTION('',(0.26761656733,0.154508497187,-0.951056516295));
#3413 = PLANE('',#3414);
#3414 = AXIS2_PLACEMENT_3D('',#3415,#3416,#3417);
#3415 = CARTESIAN_POINT('',(-60.87812800627,-36.36043915748,
    -13.5729600604));
#3416 = DIRECTION('',(0.5,-0.866025403784,1.609016685678E-16));
#3417 = DIRECTION('',(-0.26761656733,-0.154508497187,0.951056516295));
#3418 = ADVANCED_FACE('',(#3419),#3430,.T.);
#3419 = FACE_BOUND('',#3420,.T.);
#3420 = EDGE_LOOP('',(#3421,#3427,#3428,#3429));
#3421 = ORIENTED_EDGE('',*,*,#3422,.F.);
#3422 = EDGE_CURVE('',#653,#1706,#3423,.T.);
#3423 = LINE('',#3424,#3425);
#3424 = CARTESIAN_POINT('',(-61.92812800627,-34.54178580953,
    -13.5729600604));
#3425 = VECTOR('',#3426,1.);
#3426 = DIRECTION('',(-0.26761656733,-0.154508497187,0.951056516295));
#3427 = ORIENTED_EDGE('',*,*,#652,.F.);
#3428 = ORIENTED_EDGE('',*,*,#3401,.T.);
#3429 = ORIENTED_EDGE('',*,*,#1705,.T.);
#3430 = PLANE('',#3431);
#3431 = AXIS2_PLACEMENT_3D('',#3432,#3433,#3434);
#3432 = CARTESIAN_POINT('',(-61.92812800627,-34.54178580953,
    -13.5729600604));
#3433 = DIRECTION('',(-0.823639103546,-0.475528258148,-0.309016994375));
#3434 = DIRECTION('',(-0.26761656733,-0.154508497187,0.951056516295));
#3435 = ADVANCED_FACE('',(#3436),#3447,.T.);
#3436 = FACE_BOUND('',#3437,.T.);
#3437 = EDGE_LOOP('',(#3438,#3439,#3440,#3441));
#3438 = ORIENTED_EDGE('',*,*,#1785,.T.);
#3439 = ORIENTED_EDGE('',*,*,#3408,.T.);
#3440 = ORIENTED_EDGE('',*,*,#732,.F.);
#3441 = ORIENTED_EDGE('',*,*,#3442,.T.);
#3442 = EDGE_CURVE('',#725,#1778,#3443,.T.);
#3443 = LINE('',#3444,#3445);
#3444 = CARTESIAN_POINT('',(-61.36358666159,-38.37276965038,
    -14.03648555196));
#3445 = VECTOR('',#3446,1.);
#3446 = DIRECTION('',(-0.26761656733,-0.154508497187,0.951056516295));
#3447 = PLANE('',#3448);
#3448 = AXIS2_PLACEMENT_3D('',#3449,#3450,#3451);
#3449 = CARTESIAN_POINT('',(-63.91358666159,-33.95604009108,
    -14.03648555196));
#3450 = DIRECTION('',(-0.823639103546,-0.475528258148,-0.309016994375));
#3451 = DIRECTION('',(-0.26761656733,-0.154508497187,0.951056516295));
#3452 = ADVANCED_FACE('',(#3453),#3464,.T.);
#3453 = FACE_BOUND('',#3454,.T.);
#3454 = EDGE_LOOP('',(#3455,#3456,#3457,#3458));
#3455 = ORIENTED_EDGE('',*,*,#660,.F.);
#3456 = ORIENTED_EDGE('',*,*,#3422,.T.);
#3457 = ORIENTED_EDGE('',*,*,#1713,.T.);
#3458 = ORIENTED_EDGE('',*,*,#3459,.T.);
#3459 = EDGE_CURVE('',#1714,#661,#3460,.T.);
#3460 = LINE('',#3461,#3462);
#3461 = CARTESIAN_POINT('',(-63.16358666159,-35.25507819675,
    -14.03648555196));
#3462 = VECTOR('',#3463,1.);
#3463 = DIRECTION('',(0.26761656733,0.154508497187,-0.951056516295));
#3464 = PLANE('',#3465);
#3465 = AXIS2_PLACEMENT_3D('',#3466,#3467,#3468);
#3466 = CARTESIAN_POINT('',(-61.92812800627,-34.54178580953,
    -13.5729600604));
#3467 = DIRECTION('',(0.5,-0.866025403784,1.609016685678E-16));
#3468 = DIRECTION('',(-0.26761656733,-0.154508497187,0.951056516295));
#3469 = ADVANCED_FACE('',(#3470),#3481,.F.);
#3470 = FACE_BOUND('',#3471,.F.);
#3471 = EDGE_LOOP('',(#3472,#3478,#3479,#3480));
#3472 = ORIENTED_EDGE('',*,*,#3473,.F.);
#3473 = EDGE_CURVE('',#717,#1770,#3474,.T.);
#3474 = LINE('',#3475,#3476);
#3475 = CARTESIAN_POINT('',(-63.09322877904,-39.37137899249,
    -14.68542124015));
#3476 = VECTOR('',#3477,1.);
#3477 = DIRECTION('',(-0.26761656733,-0.154508497187,0.951056516295));
#3478 = ORIENTED_EDGE('',*,*,#724,.F.);
#3479 = ORIENTED_EDGE('',*,*,#3442,.T.);
#3480 = ORIENTED_EDGE('',*,*,#1777,.T.);
#3481 = PLANE('',#3482);
#3482 = AXIS2_PLACEMENT_3D('',#3483,#3484,#3485);
#3483 = CARTESIAN_POINT('',(-61.36358666159,-38.37276965038,
    -14.03648555196));
#3484 = DIRECTION('',(0.5,-0.866025403784,1.609016685678E-16));
#3485 = DIRECTION('',(-0.26761656733,-0.154508497187,0.951056516295));
#3486 = ADVANCED_FACE('',(#3487),#3498,.T.);
#3487 = FACE_BOUND('',#3488,.T.);
#3488 = EDGE_LOOP('',(#3489,#3490,#3496,#3497));
#3489 = ORIENTED_EDGE('',*,*,#1721,.T.);
#3490 = ORIENTED_EDGE('',*,*,#3491,.F.);
#3491 = EDGE_CURVE('',#669,#1722,#3492,.T.);
#3492 = LINE('',#3493,#3494);
#3493 = CARTESIAN_POINT('',(-63.91358666159,-33.95604009108,
    -14.03648555196));
#3494 = VECTOR('',#3495,1.);
#3495 = DIRECTION('',(-0.26761656733,-0.154508497187,0.951056516295));
#3496 = ORIENTED_EDGE('',*,*,#668,.F.);
#3497 = ORIENTED_EDGE('',*,*,#3459,.F.);
#3498 = PLANE('',#3499);
#3499 = AXIS2_PLACEMENT_3D('',#3500,#3501,#3502);
#3500 = CARTESIAN_POINT('',(-63.91358666159,-33.95604009108,
    -14.03648555196));
#3501 = DIRECTION('',(-0.823639103546,-0.475528258148,-0.309016994375));
#3502 = DIRECTION('',(-0.26761656733,-0.154508497187,0.951056516295));
#3503 = ADVANCED_FACE('',(#3504),#3515,.F.);
#3504 = FACE_BOUND('',#3505,.F.);
#3505 = EDGE_LOOP('',(#3506,#3507,#3513,#3514));
#3506 = ORIENTED_EDGE('',*,*,#1769,.T.);
#3507 = ORIENTED_EDGE('',*,*,#3508,.T.);
#3508 = EDGE_CURVE('',#1762,#709,#3509,.T.);
#3509 = LINE('',#3510,#3511);
#3510 = CARTESIAN_POINT('',(-63.84322877904,-38.07234088681,
    -14.68542124015));
#3511 = VECTOR('',#3512,1.);
#3512 = DIRECTION('',(0.26761656733,0.154508497187,-0.951056516295));
#3513 = ORIENTED_EDGE('',*,*,#716,.F.);
#3514 = ORIENTED_EDGE('',*,*,#3473,.T.);
#3515 = PLANE('',#3516);
#3516 = AXIS2_PLACEMENT_3D('',#3517,#3518,#3519);
#3517 = CARTESIAN_POINT('',(-65.64322877904,-34.95464943319,
    -14.68542124015));
#3518 = DIRECTION('',(-0.823639103546,-0.475528258148,-0.309016994375));
#3519 = DIRECTION('',(-0.26761656733,-0.154508497187,0.951056516295));
#3520 = ADVANCED_FACE('',(#3521),#3532,.T.);
#3521 = FACE_BOUND('',#3522,.T.);
#3522 = EDGE_LOOP('',(#3523,#3529,#3530,#3531));
#3523 = ORIENTED_EDGE('',*,*,#3524,.F.);
#3524 = EDGE_CURVE('',#677,#1730,#3525,.T.);
#3525 = LINE('',#3526,#3527);
#3526 = CARTESIAN_POINT('',(-65.64322877904,-34.95464943319,
    -14.68542124015));
#3527 = VECTOR('',#3528,1.);
#3528 = DIRECTION('',(-0.26761656733,-0.154508497187,0.951056516295));
#3529 = ORIENTED_EDGE('',*,*,#676,.F.);
#3530 = ORIENTED_EDGE('',*,*,#3491,.T.);
#3531 = ORIENTED_EDGE('',*,*,#1729,.T.);
#3532 = PLANE('',#3533);
#3533 = AXIS2_PLACEMENT_3D('',#3534,#3535,#3536);
#3534 = CARTESIAN_POINT('',(-63.91358666159,-33.95604009108,
    -14.03648555196));
#3535 = DIRECTION('',(0.5,-0.866025403784,1.609016685678E-16));
#3536 = DIRECTION('',(-0.26761656733,-0.154508497187,0.951056516295));
#3537 = ADVANCED_FACE('',(#3538),#3549,.F.);
#3538 = FACE_BOUND('',#3539,.F.);
#3539 = EDGE_LOOP('',(#3540,#3541,#3542,#3543));
#3540 = ORIENTED_EDGE('',*,*,#708,.F.);
#3541 = ORIENTED_EDGE('',*,*,#3508,.F.);
#3542 = ORIENTED_EDGE('',*,*,#1761,.T.);
#3543 = ORIENTED_EDGE('',*,*,#3544,.F.);
#3544 = EDGE_CURVE('',#701,#1754,#3545,.T.);
#3545 = LINE('',#3546,#3547);
#3546 = CARTESIAN_POINT('',(-65.07868743436,-38.78563327403,
    -15.14894673171));
#3547 = VECTOR('',#3548,1.);
#3548 = DIRECTION('',(-0.26761656733,-0.154508497187,0.951056516295));
#3549 = PLANE('',#3550);
#3550 = AXIS2_PLACEMENT_3D('',#3551,#3552,#3553);
#3551 = CARTESIAN_POINT('',(-60.87812800627,-36.36043915748,
    -13.5729600604));
#3552 = DIRECTION('',(0.5,-0.866025403784,1.609016685678E-16));
#3553 = DIRECTION('',(-0.26761656733,-0.154508497187,0.951056516295));
#3554 = ADVANCED_FACE('',(#3555),#3566,.F.);
#3555 = FACE_BOUND('',#3556,.F.);
#3556 = EDGE_LOOP('',(#3557,#3558,#3559,#3560));
#3557 = ORIENTED_EDGE('',*,*,#1737,.T.);
#3558 = ORIENTED_EDGE('',*,*,#3524,.F.);
#3559 = ORIENTED_EDGE('',*,*,#684,.F.);
#3560 = ORIENTED_EDGE('',*,*,#3561,.F.);
#3561 = EDGE_CURVE('',#1738,#685,#3562,.T.);
#3562 = LINE('',#3563,#3564);
#3563 = CARTESIAN_POINT('',(-64.89322877904,-36.25368753886,
    -14.68542124015));
#3564 = VECTOR('',#3565,1.);
#3565 = DIRECTION('',(0.26761656733,0.154508497187,-0.951056516295));
#3566 = PLANE('',#3567);
#3567 = AXIS2_PLACEMENT_3D('',#3568,#3569,#3570);
#3568 = CARTESIAN_POINT('',(-65.64322877904,-34.95464943319,
    -14.68542124015));
#3569 = DIRECTION('',(-0.823639103546,-0.475528258148,-0.309016994375));
#3570 = DIRECTION('',(-0.26761656733,-0.154508497187,0.951056516295));
#3571 = ADVANCED_FACE('',(#3572),#3583,.F.);
#3572 = FACE_BOUND('',#3573,.F.);
#3573 = EDGE_LOOP('',(#3574,#3580,#3581,#3582));
#3574 = ORIENTED_EDGE('',*,*,#3575,.F.);
#3575 = EDGE_CURVE('',#693,#1746,#3576,.T.);
#3576 = LINE('',#3577,#3578);
#3577 = CARTESIAN_POINT('',(-66.12868743436,-36.96697992608,
    -15.14894673171));
#3578 = VECTOR('',#3579,1.);
#3579 = DIRECTION('',(-0.26761656733,-0.154508497187,0.951056516295));
#3580 = ORIENTED_EDGE('',*,*,#700,.F.);
#3581 = ORIENTED_EDGE('',*,*,#3544,.T.);
#3582 = ORIENTED_EDGE('',*,*,#1753,.T.);
#3583 = PLANE('',#3584);
#3584 = AXIS2_PLACEMENT_3D('',#3585,#3586,#3587);
#3585 = CARTESIAN_POINT('',(-66.12868743436,-36.96697992608,
    -15.14894673171));
#3586 = DIRECTION('',(-0.823639103546,-0.475528258148,-0.309016994375));
#3587 = DIRECTION('',(-0.26761656733,-0.154508497187,0.951056516295));
#3588 = ADVANCED_FACE('',(#3589),#3595,.T.);
#3589 = FACE_BOUND('',#3590,.T.);
#3590 = EDGE_LOOP('',(#3591,#3592,#3593,#3594));
#3591 = ORIENTED_EDGE('',*,*,#692,.F.);
#3592 = ORIENTED_EDGE('',*,*,#3561,.F.);
#3593 = ORIENTED_EDGE('',*,*,#1745,.T.);
#3594 = ORIENTED_EDGE('',*,*,#3575,.F.);
#3595 = PLANE('',#3596);
#3596 = AXIS2_PLACEMENT_3D('',#3597,#3598,#3599);
#3597 = CARTESIAN_POINT('',(-61.92812800627,-34.54178580953,
    -13.5729600604));
#3598 = DIRECTION('',(0.5,-0.866025403784,1.609016685678E-16));
#3599 = DIRECTION('',(-0.26761656733,-0.154508497187,0.951056516295));
#3600 = ADVANCED_FACE('',(#3601),#3617,.F.);
#3601 = FACE_BOUND('',#3602,.F.);
#3602 = EDGE_LOOP('',(#3603,#3604,#3610,#3611));
#3603 = ORIENTED_EDGE('',*,*,#740,.F.);
#3604 = ORIENTED_EDGE('',*,*,#3605,.T.);
#3605 = EDGE_CURVE('',#741,#1794,#3606,.T.);
#3606 = LINE('',#3607,#3608);
#3607 = CARTESIAN_POINT('',(60.878128006277,36.360439157483,
    -13.5729600604));
#3608 = VECTOR('',#3609,1.);
#3609 = DIRECTION('',(0.26761656733,0.154508497187,0.951056516295));
#3610 = ORIENTED_EDGE('',*,*,#1793,.T.);
#3611 = ORIENTED_EDGE('',*,*,#3612,.T.);
#3612 = EDGE_CURVE('',#1796,#743,#3613,.T.);
#3613 = LINE('',#3614,#3615);
#3614 = CARTESIAN_POINT('',(62.113586661597,37.073731544704,
    -14.03648555196));
#3615 = VECTOR('',#3616,1.);
#3616 = DIRECTION('',(-0.26761656733,-0.154508497187,-0.951056516295));
#3617 = PLANE('',#3618);
#3618 = AXIS2_PLACEMENT_3D('',#3619,#3620,#3621);
#3619 = CARTESIAN_POINT('',(60.878128006277,36.360439157483,
    -13.5729600604));
#3620 = DIRECTION('',(-0.5,0.866025403784,7.001461871207E-17));
#3621 = DIRECTION('',(0.26761656733,0.154508497187,0.951056516295));
#3622 = ADVANCED_FACE('',(#3623),#3634,.T.);
#3623 = FACE_BOUND('',#3624,.T.);
#3624 = EDGE_LOOP('',(#3625,#3631,#3632,#3633));
#3625 = ORIENTED_EDGE('',*,*,#3626,.F.);
#3626 = EDGE_CURVE('',#751,#1804,#3627,.T.);
#3627 = LINE('',#3628,#3629);
#3628 = CARTESIAN_POINT('',(61.928128006277,34.541785809535,
    -13.5729600604));
#3629 = VECTOR('',#3630,1.);
#3630 = DIRECTION('',(0.26761656733,0.154508497187,0.951056516295));
#3631 = ORIENTED_EDGE('',*,*,#750,.F.);
#3632 = ORIENTED_EDGE('',*,*,#3605,.T.);
#3633 = ORIENTED_EDGE('',*,*,#1803,.T.);
#3634 = PLANE('',#3635);
#3635 = AXIS2_PLACEMENT_3D('',#3636,#3637,#3638);
#3636 = CARTESIAN_POINT('',(61.928128006277,34.541785809535,
    -13.5729600604));
#3637 = DIRECTION('',(0.823639103546,0.475528258148,-0.309016994375));
#3638 = DIRECTION('',(0.26761656733,0.154508497187,0.951056516295));
#3639 = ADVANCED_FACE('',(#3640),#3651,.T.);
#3640 = FACE_BOUND('',#3641,.T.);
#3641 = EDGE_LOOP('',(#3642,#3643,#3644,#3645));
#3642 = ORIENTED_EDGE('',*,*,#1883,.T.);
#3643 = ORIENTED_EDGE('',*,*,#3612,.T.);
#3644 = ORIENTED_EDGE('',*,*,#830,.F.);
#3645 = ORIENTED_EDGE('',*,*,#3646,.T.);
#3646 = EDGE_CURVE('',#823,#1876,#3647,.T.);
#3647 = LINE('',#3648,#3649);
#3648 = CARTESIAN_POINT('',(61.363586661597,38.372769650381,
    -14.03648555196));
#3649 = VECTOR('',#3650,1.);
#3650 = DIRECTION('',(0.26761656733,0.154508497187,0.951056516295));
#3651 = PLANE('',#3652);
#3652 = AXIS2_PLACEMENT_3D('',#3653,#3654,#3655);
#3653 = CARTESIAN_POINT('',(63.913586661597,33.95604009108,
    -14.03648555196));
#3654 = DIRECTION('',(0.823639103546,0.475528258148,-0.309016994375));
#3655 = DIRECTION('',(0.26761656733,0.154508497187,0.951056516295));
#3656 = ADVANCED_FACE('',(#3657),#3668,.T.);
#3657 = FACE_BOUND('',#3658,.T.);
#3658 = EDGE_LOOP('',(#3659,#3660,#3661,#3662));
#3659 = ORIENTED_EDGE('',*,*,#758,.F.);
#3660 = ORIENTED_EDGE('',*,*,#3626,.T.);
#3661 = ORIENTED_EDGE('',*,*,#1811,.T.);
#3662 = ORIENTED_EDGE('',*,*,#3663,.T.);
#3663 = EDGE_CURVE('',#1812,#759,#3664,.T.);
#3664 = LINE('',#3665,#3666);
#3665 = CARTESIAN_POINT('',(63.163586661597,35.255078196757,
    -14.03648555196));
#3666 = VECTOR('',#3667,1.);
#3667 = DIRECTION('',(-0.26761656733,-0.154508497187,-0.951056516295));
#3668 = PLANE('',#3669);
#3669 = AXIS2_PLACEMENT_3D('',#3670,#3671,#3672);
#3670 = CARTESIAN_POINT('',(61.928128006277,34.541785809535,
    -13.5729600604));
#3671 = DIRECTION('',(-0.5,0.866025403784,7.001461871207E-17));
#3672 = DIRECTION('',(0.26761656733,0.154508497187,0.951056516295));
#3673 = ADVANCED_FACE('',(#3674),#3685,.F.);
#3674 = FACE_BOUND('',#3675,.F.);
#3675 = EDGE_LOOP('',(#3676,#3682,#3683,#3684));
#3676 = ORIENTED_EDGE('',*,*,#3677,.F.);
#3677 = EDGE_CURVE('',#815,#1868,#3678,.T.);
#3678 = LINE('',#3679,#3680);
#3679 = CARTESIAN_POINT('',(63.093228779044,39.371378992491,
    -14.68542124015));
#3680 = VECTOR('',#3681,1.);
#3681 = DIRECTION('',(0.26761656733,0.154508497187,0.951056516295));
#3682 = ORIENTED_EDGE('',*,*,#822,.F.);
#3683 = ORIENTED_EDGE('',*,*,#3646,.T.);
#3684 = ORIENTED_EDGE('',*,*,#1875,.T.);
#3685 = PLANE('',#3686);
#3686 = AXIS2_PLACEMENT_3D('',#3687,#3688,#3689);
#3687 = CARTESIAN_POINT('',(61.363586661597,38.372769650381,
    -14.03648555196));
#3688 = DIRECTION('',(-0.5,0.866025403784,7.001461871207E-17));
#3689 = DIRECTION('',(0.26761656733,0.154508497187,0.951056516295));
#3690 = ADVANCED_FACE('',(#3691),#3702,.T.);
#3691 = FACE_BOUND('',#3692,.T.);
#3692 = EDGE_LOOP('',(#3693,#3694,#3700,#3701));
#3693 = ORIENTED_EDGE('',*,*,#1819,.T.);
#3694 = ORIENTED_EDGE('',*,*,#3695,.F.);
#3695 = EDGE_CURVE('',#767,#1820,#3696,.T.);
#3696 = LINE('',#3697,#3698);
#3697 = CARTESIAN_POINT('',(63.913586661597,33.95604009108,
    -14.03648555196));
#3698 = VECTOR('',#3699,1.);
#3699 = DIRECTION('',(0.26761656733,0.154508497187,0.951056516295));
#3700 = ORIENTED_EDGE('',*,*,#766,.F.);
#3701 = ORIENTED_EDGE('',*,*,#3663,.F.);
#3702 = PLANE('',#3703);
#3703 = AXIS2_PLACEMENT_3D('',#3704,#3705,#3706);
#3704 = CARTESIAN_POINT('',(63.913586661597,33.95604009108,
    -14.03648555196));
#3705 = DIRECTION('',(0.823639103546,0.475528258148,-0.309016994375));
#3706 = DIRECTION('',(0.26761656733,0.154508497187,0.951056516295));
#3707 = ADVANCED_FACE('',(#3708),#3719,.F.);
#3708 = FACE_BOUND('',#3709,.F.);
#3709 = EDGE_LOOP('',(#3710,#3711,#3717,#3718));
#3710 = ORIENTED_EDGE('',*,*,#1867,.T.);
#3711 = ORIENTED_EDGE('',*,*,#3712,.T.);
#3712 = EDGE_CURVE('',#1860,#807,#3713,.T.);
#3713 = LINE('',#3714,#3715);
#3714 = CARTESIAN_POINT('',(63.843228779044,38.072340886814,
    -14.68542124015));
#3715 = VECTOR('',#3716,1.);
#3716 = DIRECTION('',(-0.26761656733,-0.154508497187,-0.951056516295));
#3717 = ORIENTED_EDGE('',*,*,#814,.F.);
#3718 = ORIENTED_EDGE('',*,*,#3677,.T.);
#3719 = PLANE('',#3720);
#3720 = AXIS2_PLACEMENT_3D('',#3721,#3722,#3723);
#3721 = CARTESIAN_POINT('',(65.643228779044,34.95464943319,
    -14.68542124015));
#3722 = DIRECTION('',(0.823639103546,0.475528258148,-0.309016994375));
#3723 = DIRECTION('',(0.26761656733,0.154508497187,0.951056516295));
#3724 = ADVANCED_FACE('',(#3725),#3736,.T.);
#3725 = FACE_BOUND('',#3726,.T.);
#3726 = EDGE_LOOP('',(#3727,#3733,#3734,#3735));
#3727 = ORIENTED_EDGE('',*,*,#3728,.F.);
#3728 = EDGE_CURVE('',#775,#1828,#3729,.T.);
#3729 = LINE('',#3730,#3731);
#3730 = CARTESIAN_POINT('',(65.643228779044,34.95464943319,
    -14.68542124015));
#3731 = VECTOR('',#3732,1.);
#3732 = DIRECTION('',(0.26761656733,0.154508497187,0.951056516295));
#3733 = ORIENTED_EDGE('',*,*,#774,.F.);
#3734 = ORIENTED_EDGE('',*,*,#3695,.T.);
#3735 = ORIENTED_EDGE('',*,*,#1827,.T.);
#3736 = PLANE('',#3737);
#3737 = AXIS2_PLACEMENT_3D('',#3738,#3739,#3740);
#3738 = CARTESIAN_POINT('',(63.913586661597,33.95604009108,
    -14.03648555196));
#3739 = DIRECTION('',(-0.5,0.866025403784,7.001461871207E-17));
#3740 = DIRECTION('',(0.26761656733,0.154508497187,0.951056516295));
#3741 = ADVANCED_FACE('',(#3742),#3753,.F.);
#3742 = FACE_BOUND('',#3743,.F.);
#3743 = EDGE_LOOP('',(#3744,#3745,#3746,#3747));
#3744 = ORIENTED_EDGE('',*,*,#806,.F.);
#3745 = ORIENTED_EDGE('',*,*,#3712,.F.);
#3746 = ORIENTED_EDGE('',*,*,#1859,.T.);
#3747 = ORIENTED_EDGE('',*,*,#3748,.F.);
#3748 = EDGE_CURVE('',#799,#1852,#3749,.T.);
#3749 = LINE('',#3750,#3751);
#3750 = CARTESIAN_POINT('',(65.078687434363,38.785633274035,
    -15.14894673171));
#3751 = VECTOR('',#3752,1.);
#3752 = DIRECTION('',(0.26761656733,0.154508497187,0.951056516295));
#3753 = PLANE('',#3754);
#3754 = AXIS2_PLACEMENT_3D('',#3755,#3756,#3757);
#3755 = CARTESIAN_POINT('',(60.878128006277,36.360439157483,
    -13.5729600604));
#3756 = DIRECTION('',(-0.5,0.866025403784,7.001461871207E-17));
#3757 = DIRECTION('',(0.26761656733,0.154508497187,0.951056516295));
#3758 = ADVANCED_FACE('',(#3759),#3770,.F.);
#3759 = FACE_BOUND('',#3760,.F.);
#3760 = EDGE_LOOP('',(#3761,#3762,#3763,#3764));
#3761 = ORIENTED_EDGE('',*,*,#1835,.T.);
#3762 = ORIENTED_EDGE('',*,*,#3728,.F.);
#3763 = ORIENTED_EDGE('',*,*,#782,.F.);
#3764 = ORIENTED_EDGE('',*,*,#3765,.F.);
#3765 = EDGE_CURVE('',#1836,#783,#3766,.T.);
#3766 = LINE('',#3767,#3768);
#3767 = CARTESIAN_POINT('',(64.893228779044,36.253687538867,
    -14.68542124015));
#3768 = VECTOR('',#3769,1.);
#3769 = DIRECTION('',(-0.26761656733,-0.154508497187,-0.951056516295));
#3770 = PLANE('',#3771);
#3771 = AXIS2_PLACEMENT_3D('',#3772,#3773,#3774);
#3772 = CARTESIAN_POINT('',(65.643228779044,34.95464943319,
    -14.68542124015));
#3773 = DIRECTION('',(0.823639103546,0.475528258148,-0.309016994375));
#3774 = DIRECTION('',(0.26761656733,0.154508497187,0.951056516295));
#3775 = ADVANCED_FACE('',(#3776),#3787,.F.);
#3776 = FACE_BOUND('',#3777,.F.);
#3777 = EDGE_LOOP('',(#3778,#3784,#3785,#3786));
#3778 = ORIENTED_EDGE('',*,*,#3779,.F.);
#3779 = EDGE_CURVE('',#791,#1844,#3780,.T.);
#3780 = LINE('',#3781,#3782);
#3781 = CARTESIAN_POINT('',(66.128687434363,36.966979926088,
    -15.14894673171));
#3782 = VECTOR('',#3783,1.);
#3783 = DIRECTION('',(0.26761656733,0.154508497187,0.951056516295));
#3784 = ORIENTED_EDGE('',*,*,#798,.F.);
#3785 = ORIENTED_EDGE('',*,*,#3748,.T.);
#3786 = ORIENTED_EDGE('',*,*,#1851,.T.);
#3787 = PLANE('',#3788);
#3788 = AXIS2_PLACEMENT_3D('',#3789,#3790,#3791);
#3789 = CARTESIAN_POINT('',(66.128687434363,36.966979926088,
    -15.14894673171));
#3790 = DIRECTION('',(0.823639103546,0.475528258148,-0.309016994375));
#3791 = DIRECTION('',(0.26761656733,0.154508497187,0.951056516295));
#3792 = ADVANCED_FACE('',(#3793),#3799,.T.);
#3793 = FACE_BOUND('',#3794,.T.);
#3794 = EDGE_LOOP('',(#3795,#3796,#3797,#3798));
#3795 = ORIENTED_EDGE('',*,*,#790,.F.);
#3796 = ORIENTED_EDGE('',*,*,#3765,.F.);
#3797 = ORIENTED_EDGE('',*,*,#1843,.T.);
#3798 = ORIENTED_EDGE('',*,*,#3779,.F.);
#3799 = PLANE('',#3800);
#3800 = AXIS2_PLACEMENT_3D('',#3801,#3802,#3803);
#3801 = CARTESIAN_POINT('',(61.928128006277,34.541785809535,
    -13.5729600604));
#3802 = DIRECTION('',(-0.5,0.866025403784,7.001461871207E-17));
#3803 = DIRECTION('',(0.26761656733,0.154508497187,0.951056516295));
#3804 = ADVANCED_FACE('',(#3805),#3830,.F.);
#3805 = FACE_BOUND('',#3806,.F.);
#3806 = EDGE_LOOP('',(#3807,#3808,#3816,#3824));
#3807 = ORIENTED_EDGE('',*,*,#838,.F.);
#3808 = ORIENTED_EDGE('',*,*,#3809,.T.);
#3809 = EDGE_CURVE('',#839,#3810,#3812,.T.);
#3810 = VERTEX_POINT('',#3811);
#3811 = CARTESIAN_POINT('',(1.5,5.,11.6));
#3812 = LINE('',#3813,#3814);
#3813 = CARTESIAN_POINT('',(1.5,5.,-13.1));
#3814 = VECTOR('',#3815,1.);
#3815 = DIRECTION('',(0.,0.,1.));
#3816 = ORIENTED_EDGE('',*,*,#3817,.F.);
#3817 = EDGE_CURVE('',#3818,#3810,#3820,.T.);
#3818 = VERTEX_POINT('',#3819);
#3819 = CARTESIAN_POINT('',(3.,5.,11.6));
#3820 = LINE('',#3821,#3822);
#3821 = CARTESIAN_POINT('',(0.75,5.,11.6));
#3822 = VECTOR('',#3823,1.);
#3823 = DIRECTION('',(-1.,-0.,0.));
#3824 = ORIENTED_EDGE('',*,*,#3825,.T.);
#3825 = EDGE_CURVE('',#3818,#841,#3826,.T.);
#3826 = LINE('',#3827,#3828);
#3827 = CARTESIAN_POINT('',(3.,5.,-13.1));
#3828 = VECTOR('',#3829,1.);
#3829 = DIRECTION('',(-0.,0.,-1.));
#3830 = PLANE('',#3831);
#3831 = AXIS2_PLACEMENT_3D('',#3832,#3833,#3834);
#3832 = CARTESIAN_POINT('',(1.5,5.,-13.1));
#3833 = DIRECTION('',(-0.,1.,0.));
#3834 = DIRECTION('',(0.,0.,1.));
#3835 = ADVANCED_FACE('',(#3836),#3854,.T.);
#3836 = FACE_BOUND('',#3837,.T.);
#3837 = EDGE_LOOP('',(#3838,#3846,#3847,#3848));
#3838 = ORIENTED_EDGE('',*,*,#3839,.F.);
#3839 = EDGE_CURVE('',#849,#3840,#3842,.T.);
#3840 = VERTEX_POINT('',#3841);
#3841 = CARTESIAN_POINT('',(1.5,3.,11.6));
#3842 = LINE('',#3843,#3844);
#3843 = CARTESIAN_POINT('',(1.5,3.,-13.1));
#3844 = VECTOR('',#3845,1.);
#3845 = DIRECTION('',(0.,0.,1.));
#3846 = ORIENTED_EDGE('',*,*,#848,.F.);
#3847 = ORIENTED_EDGE('',*,*,#3809,.T.);
#3848 = ORIENTED_EDGE('',*,*,#3849,.F.);
#3849 = EDGE_CURVE('',#3840,#3810,#3850,.T.);
#3850 = LINE('',#3851,#3852);
#3851 = CARTESIAN_POINT('',(1.5,1.5,11.6));
#3852 = VECTOR('',#3853,1.);
#3853 = DIRECTION('',(-0.,1.,0.));
#3854 = PLANE('',#3855);
#3855 = AXIS2_PLACEMENT_3D('',#3856,#3857,#3858);
#3856 = CARTESIAN_POINT('',(1.5,3.,-13.1));
#3857 = DIRECTION('',(1.,0.,-0.));
#3858 = DIRECTION('',(0.,0.,1.));
#3859 = ADVANCED_FACE('',(#3860),#3887,.T.);
#3860 = FACE_BOUND('',#3861,.T.);
#3861 = EDGE_LOOP('',(#3862,#3870,#3871,#3872,#3880));
#3862 = ORIENTED_EDGE('',*,*,#3863,.F.);
#3863 = EDGE_CURVE('',#3818,#3864,#3866,.T.);
#3864 = VERTEX_POINT('',#3865);
#3865 = CARTESIAN_POINT('',(3.,5.4258639865,11.6));
#3866 = LINE('',#3867,#3868);
#3867 = CARTESIAN_POINT('',(3.,0.75,11.6));
#3868 = VECTOR('',#3869,1.);
#3869 = DIRECTION('',(-0.,1.,0.));
#3870 = ORIENTED_EDGE('',*,*,#3825,.T.);
#3871 = ORIENTED_EDGE('',*,*,#928,.F.);
#3872 = ORIENTED_EDGE('',*,*,#3873,.T.);
#3873 = EDGE_CURVE('',#921,#3874,#3876,.T.);
#3874 = VERTEX_POINT('',#3875);
#3875 = CARTESIAN_POINT('',(3.,6.5,10.641089468362));
#3876 = LINE('',#3877,#3878);
#3877 = CARTESIAN_POINT('',(3.,6.5,-13.1));
#3878 = VECTOR('',#3879,1.);
#3879 = DIRECTION('',(0.,0.,1.));
#3880 = ORIENTED_EDGE('',*,*,#3881,.F.);
#3881 = EDGE_CURVE('',#3864,#3874,#3882,.T.);
#3882 = HYPERBOLA('',#3883,3.,3.);
#3883 = AXIS2_PLACEMENT_3D('',#3884,#3885,#3886);
#3884 = CARTESIAN_POINT('',(3.,0.,17.8));
#3885 = DIRECTION('',(1.,0.,0.));
#3886 = DIRECTION('',(0.,-0.,-1.));
#3887 = PLANE('',#3888);
#3888 = AXIS2_PLACEMENT_3D('',#3889,#3890,#3891);
#3889 = CARTESIAN_POINT('',(3.,1.5,-13.1));
#3890 = DIRECTION('',(1.,0.,-0.));
#3891 = DIRECTION('',(0.,0.,1.));
#3892 = ADVANCED_FACE('',(#3893),#3911,.T.);
#3893 = FACE_BOUND('',#3894,.T.);
#3894 = EDGE_LOOP('',(#3895,#3896,#3897,#3905));
#3895 = ORIENTED_EDGE('',*,*,#856,.F.);
#3896 = ORIENTED_EDGE('',*,*,#3839,.T.);
#3897 = ORIENTED_EDGE('',*,*,#3898,.F.);
#3898 = EDGE_CURVE('',#3899,#3840,#3901,.T.);
#3899 = VERTEX_POINT('',#3900);
#3900 = CARTESIAN_POINT('',(3.,3.,11.6));
#3901 = LINE('',#3902,#3903);
#3902 = CARTESIAN_POINT('',(0.75,3.,11.6));
#3903 = VECTOR('',#3904,1.);
#3904 = DIRECTION('',(-1.,-0.,0.));
#3905 = ORIENTED_EDGE('',*,*,#3906,.T.);
#3906 = EDGE_CURVE('',#3899,#857,#3907,.T.);
#3907 = LINE('',#3908,#3909);
#3908 = CARTESIAN_POINT('',(3.,3.,-13.1));
#3909 = VECTOR('',#3910,1.);
#3910 = DIRECTION('',(-0.,0.,-1.));
#3911 = PLANE('',#3912);
#3912 = AXIS2_PLACEMENT_3D('',#3913,#3914,#3915);
#3913 = CARTESIAN_POINT('',(1.5,3.,-13.1));
#3914 = DIRECTION('',(-0.,1.,0.));
#3915 = DIRECTION('',(0.,0.,1.));
#3916 = ADVANCED_FACE('',(#3917),#3936,.F.);
#3917 = FACE_BOUND('',#3918,.F.);
#3918 = EDGE_LOOP('',(#3919,#3927,#3928,#3929));
#3919 = ORIENTED_EDGE('',*,*,#3920,.F.);
#3920 = EDGE_CURVE('',#913,#3921,#3923,.T.);
#3921 = VERTEX_POINT('',#3922);
#3922 = CARTESIAN_POINT('',(5.,6.5,9.599390266572));
#3923 = LINE('',#3924,#3925);
#3924 = CARTESIAN_POINT('',(5.,6.5,-13.1));
#3925 = VECTOR('',#3926,1.);
#3926 = DIRECTION('',(0.,0.,1.));
#3927 = ORIENTED_EDGE('',*,*,#920,.F.);
#3928 = ORIENTED_EDGE('',*,*,#3873,.T.);
#3929 = ORIENTED_EDGE('',*,*,#3930,.F.);
#3930 = EDGE_CURVE('',#3921,#3874,#3931,.T.);
#3931 = HYPERBOLA('',#3932,6.5,6.5);
#3932 = AXIS2_PLACEMENT_3D('',#3933,#3934,#3935);
#3933 = CARTESIAN_POINT('',(0.,6.5,17.8));
#3934 = DIRECTION('',(0.,1.,0.));
#3935 = DIRECTION('',(-0.,0.,-1.));
#3936 = PLANE('',#3937);
#3937 = AXIS2_PLACEMENT_3D('',#3938,#3939,#3940);
#3938 = CARTESIAN_POINT('',(3.,6.5,-13.1));
#3939 = DIRECTION('',(-0.,1.,0.));
#3940 = DIRECTION('',(0.,0.,1.));
#3941 = ADVANCED_FACE('',(#3942),#3960,.T.);
#3942 = FACE_BOUND('',#3943,.T.);
#3943 = EDGE_LOOP('',(#3944,#3952,#3958,#3959));
#3944 = ORIENTED_EDGE('',*,*,#3945,.F.);
#3945 = EDGE_CURVE('',#3946,#3899,#3948,.T.);
#3946 = VERTEX_POINT('',#3947);
#3947 = CARTESIAN_POINT('',(3.,1.5,11.6));
#3948 = LINE('',#3949,#3950);
#3949 = CARTESIAN_POINT('',(3.,0.75,11.6));
#3950 = VECTOR('',#3951,1.);
#3951 = DIRECTION('',(-0.,1.,0.));
#3952 = ORIENTED_EDGE('',*,*,#3953,.F.);
#3953 = EDGE_CURVE('',#865,#3946,#3954,.T.);
#3954 = LINE('',#3955,#3956);
#3955 = CARTESIAN_POINT('',(3.,1.5,-13.1));
#3956 = VECTOR('',#3957,1.);
#3957 = DIRECTION('',(0.,0.,1.));
#3958 = ORIENTED_EDGE('',*,*,#864,.F.);
#3959 = ORIENTED_EDGE('',*,*,#3906,.F.);
#3960 = PLANE('',#3961);
#3961 = AXIS2_PLACEMENT_3D('',#3962,#3963,#3964);
#3962 = CARTESIAN_POINT('',(3.,1.5,-13.1));
#3963 = DIRECTION('',(1.,0.,-0.));
#3964 = DIRECTION('',(0.,0.,1.));
#3965 = ADVANCED_FACE('',(#3966),#3985,.F.);
#3966 = FACE_BOUND('',#3967,.F.);
#3967 = EDGE_LOOP('',(#3968,#3977,#3983,#3984));
#3968 = ORIENTED_EDGE('',*,*,#3969,.F.);
#3969 = EDGE_CURVE('',#3970,#3921,#3972,.T.);
#3970 = VERTEX_POINT('',#3971);
#3971 = CARTESIAN_POINT('',(5.,5.,10.728932188135));
#3972 = HYPERBOLA('',#3973,5.,5.);
#3973 = AXIS2_PLACEMENT_3D('',#3974,#3975,#3976);
#3974 = CARTESIAN_POINT('',(5.,0.,17.8));
#3975 = DIRECTION('',(1.,0.,0.));
#3976 = DIRECTION('',(0.,-0.,-1.));
#3977 = ORIENTED_EDGE('',*,*,#3978,.T.);
#3978 = EDGE_CURVE('',#3970,#905,#3979,.T.);
#3979 = LINE('',#3980,#3981);
#3980 = CARTESIAN_POINT('',(5.,5.,-13.1));
#3981 = VECTOR('',#3982,1.);
#3982 = DIRECTION('',(-0.,0.,-1.));
#3983 = ORIENTED_EDGE('',*,*,#912,.F.);
#3984 = ORIENTED_EDGE('',*,*,#3920,.T.);
#3985 = PLANE('',#3986);
#3986 = AXIS2_PLACEMENT_3D('',#3987,#3988,#3989);
#3987 = CARTESIAN_POINT('',(5.,1.5,-13.1));
#3988 = DIRECTION('',(1.,0.,-0.));
#3989 = DIRECTION('',(0.,0.,1.));
#3990 = ADVANCED_FACE('',(#3991),#4009,.T.);
#3991 = FACE_BOUND('',#3992,.T.);
#3992 = EDGE_LOOP('',(#3993,#4001,#4002,#4003));
#3993 = ORIENTED_EDGE('',*,*,#3994,.F.);
#3994 = EDGE_CURVE('',#873,#3995,#3997,.T.);
#3995 = VERTEX_POINT('',#3996);
#3996 = CARTESIAN_POINT('',(5.,1.5,11.6));
#3997 = LINE('',#3998,#3999);
#3998 = CARTESIAN_POINT('',(5.,1.5,-13.1));
#3999 = VECTOR('',#4000,1.);
#4000 = DIRECTION('',(0.,0.,1.));
#4001 = ORIENTED_EDGE('',*,*,#872,.F.);
#4002 = ORIENTED_EDGE('',*,*,#3953,.T.);
#4003 = ORIENTED_EDGE('',*,*,#4004,.F.);
#4004 = EDGE_CURVE('',#3995,#3946,#4005,.T.);
#4005 = LINE('',#4006,#4007);
#4006 = CARTESIAN_POINT('',(1.5,1.5,11.6));
#4007 = VECTOR('',#4008,1.);
#4008 = DIRECTION('',(-1.,-0.,0.));
#4009 = PLANE('',#4010);
#4010 = AXIS2_PLACEMENT_3D('',#4011,#4012,#4013);
#4011 = CARTESIAN_POINT('',(3.,1.5,-13.1));
#4012 = DIRECTION('',(-0.,1.,0.));
#4013 = DIRECTION('',(0.,0.,1.));
#4014 = ADVANCED_FACE('',(#4015),#4034,.F.);
#4015 = FACE_BOUND('',#4016,.F.);
#4016 = EDGE_LOOP('',(#4017,#4018,#4019,#4028));
#4017 = ORIENTED_EDGE('',*,*,#904,.F.);
#4018 = ORIENTED_EDGE('',*,*,#3978,.F.);
#4019 = ORIENTED_EDGE('',*,*,#4020,.F.);
#4020 = EDGE_CURVE('',#4021,#3970,#4023,.T.);
#4021 = VERTEX_POINT('',#4022);
#4022 = CARTESIAN_POINT('',(6.5,5.,9.599390266572));
#4023 = HYPERBOLA('',#4024,5.,5.);
#4024 = AXIS2_PLACEMENT_3D('',#4025,#4026,#4027);
#4025 = CARTESIAN_POINT('',(0.,5.,17.8));
#4026 = DIRECTION('',(0.,1.,0.));
#4027 = DIRECTION('',(-0.,0.,-1.));
#4028 = ORIENTED_EDGE('',*,*,#4029,.F.);
#4029 = EDGE_CURVE('',#897,#4021,#4030,.T.);
#4030 = LINE('',#4031,#4032);
#4031 = CARTESIAN_POINT('',(6.5,5.,-13.1));
#4032 = VECTOR('',#4033,1.);
#4033 = DIRECTION('',(0.,0.,1.));
#4034 = PLANE('',#4035);
#4035 = AXIS2_PLACEMENT_3D('',#4036,#4037,#4038);
#4036 = CARTESIAN_POINT('',(1.5,5.,-13.1));
#4037 = DIRECTION('',(-0.,1.,0.));
#4038 = DIRECTION('',(0.,0.,1.));
#4039 = ADVANCED_FACE('',(#4040),#4058,.F.);
#4040 = FACE_BOUND('',#4041,.F.);
#4041 = EDGE_LOOP('',(#4042,#4050,#4051,#4052));
#4042 = ORIENTED_EDGE('',*,*,#4043,.F.);
#4043 = EDGE_CURVE('',#3995,#4044,#4046,.T.);
#4044 = VERTEX_POINT('',#4045);
#4045 = CARTESIAN_POINT('',(5.,3.,11.6));
#4046 = LINE('',#4047,#4048);
#4047 = CARTESIAN_POINT('',(5.,0.75,11.6));
#4048 = VECTOR('',#4049,1.);
#4049 = DIRECTION('',(-0.,1.,0.));
#4050 = ORIENTED_EDGE('',*,*,#3994,.F.);
#4051 = ORIENTED_EDGE('',*,*,#880,.F.);
#4052 = ORIENTED_EDGE('',*,*,#4053,.F.);
#4053 = EDGE_CURVE('',#4044,#881,#4054,.T.);
#4054 = LINE('',#4055,#4056);
#4055 = CARTESIAN_POINT('',(5.,3.,-13.1));
#4056 = VECTOR('',#4057,1.);
#4057 = DIRECTION('',(-0.,0.,-1.));
#4058 = PLANE('',#4059);
#4059 = AXIS2_PLACEMENT_3D('',#4060,#4061,#4062);
#4060 = CARTESIAN_POINT('',(5.,1.5,-13.1));
#4061 = DIRECTION('',(1.,0.,-0.));
#4062 = DIRECTION('',(0.,0.,1.));
#4063 = ADVANCED_FACE('',(#4064),#4083,.F.);
#4064 = FACE_BOUND('',#4065,.F.);
#4065 = EDGE_LOOP('',(#4066,#4074,#4075,#4076));
#4066 = ORIENTED_EDGE('',*,*,#4067,.F.);
#4067 = EDGE_CURVE('',#889,#4068,#4070,.T.);
#4068 = VERTEX_POINT('',#4069);
#4069 = CARTESIAN_POINT('',(6.5,3.,10.641089468362));
#4070 = LINE('',#4071,#4072);
#4071 = CARTESIAN_POINT('',(6.5,3.,-13.1));
#4072 = VECTOR('',#4073,1.);
#4073 = DIRECTION('',(0.,0.,1.));
#4074 = ORIENTED_EDGE('',*,*,#896,.F.);
#4075 = ORIENTED_EDGE('',*,*,#4029,.T.);
#4076 = ORIENTED_EDGE('',*,*,#4077,.F.);
#4077 = EDGE_CURVE('',#4068,#4021,#4078,.T.);
#4078 = HYPERBOLA('',#4079,6.5,6.5);
#4079 = AXIS2_PLACEMENT_3D('',#4080,#4081,#4082);
#4080 = CARTESIAN_POINT('',(6.5,0.,17.8));
#4081 = DIRECTION('',(1.,0.,0.));
#4082 = DIRECTION('',(0.,-0.,-1.));
#4083 = PLANE('',#4084);
#4084 = AXIS2_PLACEMENT_3D('',#4085,#4086,#4087);
#4085 = CARTESIAN_POINT('',(6.5,3.,-13.1));
#4086 = DIRECTION('',(1.,0.,-0.));
#4087 = DIRECTION('',(0.,0.,1.));
#4088 = ADVANCED_FACE('',(#4089),#4109,.T.);
#4089 = FACE_BOUND('',#4090,.T.);
#4090 = EDGE_LOOP('',(#4091,#4092,#4093,#4101,#4108));
#4091 = ORIENTED_EDGE('',*,*,#888,.F.);
#4092 = ORIENTED_EDGE('',*,*,#4053,.F.);
#4093 = ORIENTED_EDGE('',*,*,#4094,.F.);
#4094 = EDGE_CURVE('',#4095,#4044,#4097,.T.);
#4095 = VERTEX_POINT('',#4096);
#4096 = CARTESIAN_POINT('',(5.4258639865,3.,11.6));
#4097 = LINE('',#4098,#4099);
#4098 = CARTESIAN_POINT('',(0.75,3.,11.6));
#4099 = VECTOR('',#4100,1.);
#4100 = DIRECTION('',(-1.,-0.,0.));
#4101 = ORIENTED_EDGE('',*,*,#4102,.F.);
#4102 = EDGE_CURVE('',#4068,#4095,#4103,.T.);
#4103 = HYPERBOLA('',#4104,3.,3.);
#4104 = AXIS2_PLACEMENT_3D('',#4105,#4106,#4107);
#4105 = CARTESIAN_POINT('',(0.,3.,17.8));
#4106 = DIRECTION('',(0.,1.,0.));
#4107 = DIRECTION('',(-0.,0.,-1.));
#4108 = ORIENTED_EDGE('',*,*,#4067,.F.);
#4109 = PLANE('',#4110);
#4110 = AXIS2_PLACEMENT_3D('',#4111,#4112,#4113);
#4111 = CARTESIAN_POINT('',(1.5,3.,-13.1));
#4112 = DIRECTION('',(-0.,1.,0.));
#4113 = DIRECTION('',(0.,0.,1.));
#4114 = ADVANCED_FACE('',(#4115),#4141,.F.);
#4115 = FACE_BOUND('',#4116,.F.);
#4116 = EDGE_LOOP('',(#4117,#4118,#4126,#4135));
#4117 = ORIENTED_EDGE('',*,*,#936,.F.);
#4118 = ORIENTED_EDGE('',*,*,#4119,.T.);
#4119 = EDGE_CURVE('',#937,#4120,#4122,.T.);
#4120 = VERTEX_POINT('',#4121);
#4121 = CARTESIAN_POINT('',(-6.5,5.,9.599390266572));
#4122 = LINE('',#4123,#4124);
#4123 = CARTESIAN_POINT('',(-6.5,5.,-13.1));
#4124 = VECTOR('',#4125,1.);
#4125 = DIRECTION('',(0.,0.,1.));
#4126 = ORIENTED_EDGE('',*,*,#4127,.F.);
#4127 = EDGE_CURVE('',#4128,#4120,#4130,.T.);
#4128 = VERTEX_POINT('',#4129);
#4129 = CARTESIAN_POINT('',(-5.,5.,10.728932188135));
#4130 = HYPERBOLA('',#4131,5.,5.);
#4131 = AXIS2_PLACEMENT_3D('',#4132,#4133,#4134);
#4132 = CARTESIAN_POINT('',(0.,5.,17.8));
#4133 = DIRECTION('',(0.,1.,0.));
#4134 = DIRECTION('',(-0.,0.,-1.));
#4135 = ORIENTED_EDGE('',*,*,#4136,.T.);
#4136 = EDGE_CURVE('',#4128,#939,#4137,.T.);
#4137 = LINE('',#4138,#4139);
#4138 = CARTESIAN_POINT('',(-5.,5.,-13.1));
#4139 = VECTOR('',#4140,1.);
#4140 = DIRECTION('',(-0.,0.,-1.));
#4141 = PLANE('',#4142);
#4142 = AXIS2_PLACEMENT_3D('',#4143,#4144,#4145);
#4143 = CARTESIAN_POINT('',(-6.5,5.,-13.1));
#4144 = DIRECTION('',(-0.,1.,0.));
#4145 = DIRECTION('',(0.,0.,1.));
#4146 = ADVANCED_FACE('',(#4147),#4166,.T.);
#4147 = FACE_BOUND('',#4148,.T.);
#4148 = EDGE_LOOP('',(#4149,#4157,#4158,#4159));
#4149 = ORIENTED_EDGE('',*,*,#4150,.F.);
#4150 = EDGE_CURVE('',#947,#4151,#4153,.T.);
#4151 = VERTEX_POINT('',#4152);
#4152 = CARTESIAN_POINT('',(-6.5,3.,10.641089468362));
#4153 = LINE('',#4154,#4155);
#4154 = CARTESIAN_POINT('',(-6.5,3.,-13.1));
#4155 = VECTOR('',#4156,1.);
#4156 = DIRECTION('',(0.,0.,1.));
#4157 = ORIENTED_EDGE('',*,*,#946,.F.);
#4158 = ORIENTED_EDGE('',*,*,#4119,.T.);
#4159 = ORIENTED_EDGE('',*,*,#4160,.F.);
#4160 = EDGE_CURVE('',#4151,#4120,#4161,.T.);
#4161 = HYPERBOLA('',#4162,6.5,6.5);
#4162 = AXIS2_PLACEMENT_3D('',#4163,#4164,#4165);
#4163 = CARTESIAN_POINT('',(-6.5,0.,17.8));
#4164 = DIRECTION('',(1.,0.,0.));
#4165 = DIRECTION('',(0.,-0.,-1.));
#4166 = PLANE('',#4167);
#4167 = AXIS2_PLACEMENT_3D('',#4168,#4169,#4170);
#4168 = CARTESIAN_POINT('',(-6.5,3.,-13.1));
#4169 = DIRECTION('',(1.,0.,-0.));
#4170 = DIRECTION('',(0.,0.,1.));
#4171 = ADVANCED_FACE('',(#4172),#4191,.T.);
#4172 = FACE_BOUND('',#4173,.T.);
#4173 = EDGE_LOOP('',(#4174,#4183,#4184,#4185));
#4174 = ORIENTED_EDGE('',*,*,#4175,.F.);
#4175 = EDGE_CURVE('',#4128,#4176,#4178,.T.);
#4176 = VERTEX_POINT('',#4177);
#4177 = CARTESIAN_POINT('',(-5.,6.5,9.599390266572));
#4178 = HYPERBOLA('',#4179,5.,5.);
#4179 = AXIS2_PLACEMENT_3D('',#4180,#4181,#4182);
#4180 = CARTESIAN_POINT('',(-5.,0.,17.8));
#4181 = DIRECTION('',(1.,0.,0.));
#4182 = DIRECTION('',(0.,-0.,-1.));
#4183 = ORIENTED_EDGE('',*,*,#4136,.T.);
#4184 = ORIENTED_EDGE('',*,*,#1026,.F.);
#4185 = ORIENTED_EDGE('',*,*,#4186,.T.);
#4186 = EDGE_CURVE('',#1019,#4176,#4187,.T.);
#4187 = LINE('',#4188,#4189);
#4188 = CARTESIAN_POINT('',(-5.,6.5,-13.1));
#4189 = VECTOR('',#4190,1.);
#4190 = DIRECTION('',(0.,0.,1.));
#4191 = PLANE('',#4192);
#4192 = AXIS2_PLACEMENT_3D('',#4193,#4194,#4195);
#4193 = CARTESIAN_POINT('',(-5.,1.5,-13.1));
#4194 = DIRECTION('',(1.,0.,-0.));
#4195 = DIRECTION('',(0.,0.,1.));
#4196 = ADVANCED_FACE('',(#4197),#4224,.T.);
#4197 = FACE_BOUND('',#4198,.T.);
#4198 = EDGE_LOOP('',(#4199,#4200,#4201,#4210,#4218));
#4199 = ORIENTED_EDGE('',*,*,#954,.F.);
#4200 = ORIENTED_EDGE('',*,*,#4150,.T.);
#4201 = ORIENTED_EDGE('',*,*,#4202,.F.);
#4202 = EDGE_CURVE('',#4203,#4151,#4205,.T.);
#4203 = VERTEX_POINT('',#4204);
#4204 = CARTESIAN_POINT('',(-5.4258639865,3.,11.6));
#4205 = HYPERBOLA('',#4206,3.,3.);
#4206 = AXIS2_PLACEMENT_3D('',#4207,#4208,#4209);
#4207 = CARTESIAN_POINT('',(0.,3.,17.8));
#4208 = DIRECTION('',(0.,1.,0.));
#4209 = DIRECTION('',(-0.,0.,-1.));
#4210 = ORIENTED_EDGE('',*,*,#4211,.F.);
#4211 = EDGE_CURVE('',#4212,#4203,#4214,.T.);
#4212 = VERTEX_POINT('',#4213);
#4213 = CARTESIAN_POINT('',(-5.,3.,11.6));
#4214 = LINE('',#4215,#4216);
#4215 = CARTESIAN_POINT('',(-3.25,3.,11.6));
#4216 = VECTOR('',#4217,1.);
#4217 = DIRECTION('',(-1.,-0.,0.));
#4218 = ORIENTED_EDGE('',*,*,#4219,.T.);
#4219 = EDGE_CURVE('',#4212,#955,#4220,.T.);
#4220 = LINE('',#4221,#4222);
#4221 = CARTESIAN_POINT('',(-5.,3.,-13.1));
#4222 = VECTOR('',#4223,1.);
#4223 = DIRECTION('',(-0.,0.,-1.));
#4224 = PLANE('',#4225);
#4225 = AXIS2_PLACEMENT_3D('',#4226,#4227,#4228);
#4226 = CARTESIAN_POINT('',(-6.5,3.,-13.1));
#4227 = DIRECTION('',(-0.,1.,0.));
#4228 = DIRECTION('',(0.,0.,1.));
#4229 = ADVANCED_FACE('',(#4230),#4249,.F.);
#4230 = FACE_BOUND('',#4231,.F.);
#4231 = EDGE_LOOP('',(#4232,#4240,#4241,#4242));
#4232 = ORIENTED_EDGE('',*,*,#4233,.F.);
#4233 = EDGE_CURVE('',#1011,#4234,#4236,.T.);
#4234 = VERTEX_POINT('',#4235);
#4235 = CARTESIAN_POINT('',(-3.,6.5,10.641089468362));
#4236 = LINE('',#4237,#4238);
#4237 = CARTESIAN_POINT('',(-3.,6.5,-13.1));
#4238 = VECTOR('',#4239,1.);
#4239 = DIRECTION('',(0.,0.,1.));
#4240 = ORIENTED_EDGE('',*,*,#1018,.F.);
#4241 = ORIENTED_EDGE('',*,*,#4186,.T.);
#4242 = ORIENTED_EDGE('',*,*,#4243,.F.);
#4243 = EDGE_CURVE('',#4234,#4176,#4244,.T.);
#4244 = HYPERBOLA('',#4245,6.5,6.5);
#4245 = AXIS2_PLACEMENT_3D('',#4246,#4247,#4248);
#4246 = CARTESIAN_POINT('',(0.,6.5,17.8));
#4247 = DIRECTION('',(0.,1.,0.));
#4248 = DIRECTION('',(-0.,0.,-1.));
#4249 = PLANE('',#4250);
#4250 = AXIS2_PLACEMENT_3D('',#4251,#4252,#4253);
#4251 = CARTESIAN_POINT('',(-5.,6.5,-13.1));
#4252 = DIRECTION('',(-0.,1.,0.));
#4253 = DIRECTION('',(0.,0.,1.));
#4254 = ADVANCED_FACE('',(#4255),#4273,.T.);
#4255 = FACE_BOUND('',#4256,.T.);
#4256 = EDGE_LOOP('',(#4257,#4265,#4271,#4272));
#4257 = ORIENTED_EDGE('',*,*,#4258,.F.);
#4258 = EDGE_CURVE('',#4259,#4212,#4261,.T.);
#4259 = VERTEX_POINT('',#4260);
#4260 = CARTESIAN_POINT('',(-5.,1.5,11.6));
#4261 = LINE('',#4262,#4263);
#4262 = CARTESIAN_POINT('',(-5.,0.75,11.6));
#4263 = VECTOR('',#4264,1.);
#4264 = DIRECTION('',(-0.,1.,0.));
#4265 = ORIENTED_EDGE('',*,*,#4266,.F.);
#4266 = EDGE_CURVE('',#963,#4259,#4267,.T.);
#4267 = LINE('',#4268,#4269);
#4268 = CARTESIAN_POINT('',(-5.,1.5,-13.1));
#4269 = VECTOR('',#4270,1.);
#4270 = DIRECTION('',(0.,0.,1.));
#4271 = ORIENTED_EDGE('',*,*,#962,.F.);
#4272 = ORIENTED_EDGE('',*,*,#4219,.F.);
#4273 = PLANE('',#4274);
#4274 = AXIS2_PLACEMENT_3D('',#4275,#4276,#4277);
#4275 = CARTESIAN_POINT('',(-5.,1.5,-13.1));
#4276 = DIRECTION('',(1.,0.,-0.));
#4277 = DIRECTION('',(0.,0.,1.));
#4278 = ADVANCED_FACE('',(#4279),#4306,.F.);
#4279 = FACE_BOUND('',#4280,.F.);
#4280 = EDGE_LOOP('',(#4281,#4291,#4297,#4298,#4299));
#4281 = ORIENTED_EDGE('',*,*,#4282,.F.);
#4282 = EDGE_CURVE('',#4283,#4285,#4287,.T.);
#4283 = VERTEX_POINT('',#4284);
#4284 = CARTESIAN_POINT('',(-3.,5.,11.6));
#4285 = VERTEX_POINT('',#4286);
#4286 = CARTESIAN_POINT('',(-3.,5.4258639865,11.6));
#4287 = LINE('',#4288,#4289);
#4288 = CARTESIAN_POINT('',(-3.,0.75,11.6));
#4289 = VECTOR('',#4290,1.);
#4290 = DIRECTION('',(-0.,1.,0.));
#4291 = ORIENTED_EDGE('',*,*,#4292,.T.);
#4292 = EDGE_CURVE('',#4283,#1003,#4293,.T.);
#4293 = LINE('',#4294,#4295);
#4294 = CARTESIAN_POINT('',(-3.,5.,-13.1));
#4295 = VECTOR('',#4296,1.);
#4296 = DIRECTION('',(-0.,0.,-1.));
#4297 = ORIENTED_EDGE('',*,*,#1010,.F.);
#4298 = ORIENTED_EDGE('',*,*,#4233,.T.);
#4299 = ORIENTED_EDGE('',*,*,#4300,.F.);
#4300 = EDGE_CURVE('',#4285,#4234,#4301,.T.);
#4301 = HYPERBOLA('',#4302,3.,3.);
#4302 = AXIS2_PLACEMENT_3D('',#4303,#4304,#4305);
#4303 = CARTESIAN_POINT('',(-3.,0.,17.8));
#4304 = DIRECTION('',(1.,0.,0.));
#4305 = DIRECTION('',(0.,-0.,-1.));
#4306 = PLANE('',#4307);
#4307 = AXIS2_PLACEMENT_3D('',#4308,#4309,#4310);
#4308 = CARTESIAN_POINT('',(-3.,1.5,-13.1));
#4309 = DIRECTION('',(1.,0.,-0.));
#4310 = DIRECTION('',(0.,0.,1.));
#4311 = ADVANCED_FACE('',(#4312),#4330,.T.);
#4312 = FACE_BOUND('',#4313,.T.);
#4313 = EDGE_LOOP('',(#4314,#4322,#4323,#4324));
#4314 = ORIENTED_EDGE('',*,*,#4315,.F.);
#4315 = EDGE_CURVE('',#971,#4316,#4318,.T.);
#4316 = VERTEX_POINT('',#4317);
#4317 = CARTESIAN_POINT('',(-3.,1.5,11.6));
#4318 = LINE('',#4319,#4320);
#4319 = CARTESIAN_POINT('',(-3.,1.5,-13.1));
#4320 = VECTOR('',#4321,1.);
#4321 = DIRECTION('',(0.,0.,1.));
#4322 = ORIENTED_EDGE('',*,*,#970,.F.);
#4323 = ORIENTED_EDGE('',*,*,#4266,.T.);
#4324 = ORIENTED_EDGE('',*,*,#4325,.F.);
#4325 = EDGE_CURVE('',#4316,#4259,#4326,.T.);
#4326 = LINE('',#4327,#4328);
#4327 = CARTESIAN_POINT('',(-2.5,1.5,11.6));
#4328 = VECTOR('',#4329,1.);
#4329 = DIRECTION('',(-1.,-0.,0.));
#4330 = PLANE('',#4331);
#4331 = AXIS2_PLACEMENT_3D('',#4332,#4333,#4334);
#4332 = CARTESIAN_POINT('',(-5.,1.5,-13.1));
#4333 = DIRECTION('',(-0.,1.,0.));
#4334 = DIRECTION('',(0.,0.,1.));
#4335 = ADVANCED_FACE('',(#4336),#4354,.F.);
#4336 = FACE_BOUND('',#4337,.F.);
#4337 = EDGE_LOOP('',(#4338,#4339,#4340,#4348));
#4338 = ORIENTED_EDGE('',*,*,#1002,.F.);
#4339 = ORIENTED_EDGE('',*,*,#4292,.F.);
#4340 = ORIENTED_EDGE('',*,*,#4341,.F.);
#4341 = EDGE_CURVE('',#4342,#4283,#4344,.T.);
#4342 = VERTEX_POINT('',#4343);
#4343 = CARTESIAN_POINT('',(-1.5,5.,11.6));
#4344 = LINE('',#4345,#4346);
#4345 = CARTESIAN_POINT('',(-3.25,5.,11.6));
#4346 = VECTOR('',#4347,1.);
#4347 = DIRECTION('',(-1.,-0.,0.));
#4348 = ORIENTED_EDGE('',*,*,#4349,.F.);
#4349 = EDGE_CURVE('',#995,#4342,#4350,.T.);
#4350 = LINE('',#4351,#4352);
#4351 = CARTESIAN_POINT('',(-1.5,5.,-13.1));
#4352 = VECTOR('',#4353,1.);
#4353 = DIRECTION('',(0.,0.,1.));
#4354 = PLANE('',#4355);
#4355 = AXIS2_PLACEMENT_3D('',#4356,#4357,#4358);
#4356 = CARTESIAN_POINT('',(-6.5,5.,-13.1));
#4357 = DIRECTION('',(-0.,1.,0.));
#4358 = DIRECTION('',(0.,0.,1.));
#4359 = ADVANCED_FACE('',(#4360),#4378,.F.);
#4360 = FACE_BOUND('',#4361,.F.);
#4361 = EDGE_LOOP('',(#4362,#4370,#4371,#4372));
#4362 = ORIENTED_EDGE('',*,*,#4363,.F.);
#4363 = EDGE_CURVE('',#4316,#4364,#4366,.T.);
#4364 = VERTEX_POINT('',#4365);
#4365 = CARTESIAN_POINT('',(-3.,3.,11.6));
#4366 = LINE('',#4367,#4368);
#4367 = CARTESIAN_POINT('',(-3.,0.75,11.6));
#4368 = VECTOR('',#4369,1.);
#4369 = DIRECTION('',(-0.,1.,0.));
#4370 = ORIENTED_EDGE('',*,*,#4315,.F.);
#4371 = ORIENTED_EDGE('',*,*,#978,.F.);
#4372 = ORIENTED_EDGE('',*,*,#4373,.F.);
#4373 = EDGE_CURVE('',#4364,#979,#4374,.T.);
#4374 = LINE('',#4375,#4376);
#4375 = CARTESIAN_POINT('',(-3.,3.,-13.1));
#4376 = VECTOR('',#4377,1.);
#4377 = DIRECTION('',(-0.,0.,-1.));
#4378 = PLANE('',#4379);
#4379 = AXIS2_PLACEMENT_3D('',#4380,#4381,#4382);
#4380 = CARTESIAN_POINT('',(-3.,1.5,-13.1));
#4381 = DIRECTION('',(1.,0.,-0.));
#4382 = DIRECTION('',(0.,0.,1.));
#4383 = ADVANCED_FACE('',(#4384),#4402,.F.);
#4384 = FACE_BOUND('',#4385,.F.);
#4385 = EDGE_LOOP('',(#4386,#4394,#4395,#4396));
#4386 = ORIENTED_EDGE('',*,*,#4387,.F.);
#4387 = EDGE_CURVE('',#987,#4388,#4390,.T.);
#4388 = VERTEX_POINT('',#4389);
#4389 = CARTESIAN_POINT('',(-1.5,3.,11.6));
#4390 = LINE('',#4391,#4392);
#4391 = CARTESIAN_POINT('',(-1.5,3.,-13.1));
#4392 = VECTOR('',#4393,1.);
#4393 = DIRECTION('',(0.,0.,1.));
#4394 = ORIENTED_EDGE('',*,*,#994,.F.);
#4395 = ORIENTED_EDGE('',*,*,#4349,.T.);
#4396 = ORIENTED_EDGE('',*,*,#4397,.F.);
#4397 = EDGE_CURVE('',#4388,#4342,#4398,.T.);
#4398 = LINE('',#4399,#4400);
#4399 = CARTESIAN_POINT('',(-1.5,1.5,11.6));
#4400 = VECTOR('',#4401,1.);
#4401 = DIRECTION('',(-0.,1.,0.));
#4402 = PLANE('',#4403);
#4403 = AXIS2_PLACEMENT_3D('',#4404,#4405,#4406);
#4404 = CARTESIAN_POINT('',(-1.5,3.,-13.1));
#4405 = DIRECTION('',(1.,0.,-0.));
#4406 = DIRECTION('',(0.,0.,1.));
#4407 = ADVANCED_FACE('',(#4408),#4419,.T.);
#4408 = FACE_BOUND('',#4409,.T.);
#4409 = EDGE_LOOP('',(#4410,#4411,#4412,#4418));
#4410 = ORIENTED_EDGE('',*,*,#986,.F.);
#4411 = ORIENTED_EDGE('',*,*,#4373,.F.);
#4412 = ORIENTED_EDGE('',*,*,#4413,.F.);
#4413 = EDGE_CURVE('',#4388,#4364,#4414,.T.);
#4414 = LINE('',#4415,#4416);
#4415 = CARTESIAN_POINT('',(-3.25,3.,11.6));
#4416 = VECTOR('',#4417,1.);
#4417 = DIRECTION('',(-1.,-0.,0.));
#4418 = ORIENTED_EDGE('',*,*,#4387,.F.);
#4419 = PLANE('',#4420);
#4420 = AXIS2_PLACEMENT_3D('',#4421,#4422,#4423);
#4421 = CARTESIAN_POINT('',(-6.5,3.,-13.1));
#4422 = DIRECTION('',(-0.,1.,0.));
#4423 = DIRECTION('',(0.,0.,1.));
#4424 = ADVANCED_FACE('',(#4425),#4441,.F.);
#4425 = FACE_BOUND('',#4426,.F.);
#4426 = EDGE_LOOP('',(#4427,#4428,#4434,#4435));
#4427 = ORIENTED_EDGE('',*,*,#1034,.F.);
#4428 = ORIENTED_EDGE('',*,*,#4429,.T.);
#4429 = EDGE_CURVE('',#1035,#2001,#4430,.T.);
#4430 = LINE('',#4431,#4432);
#4431 = CARTESIAN_POINT('',(-61.92812800627,34.541785809535,
    -13.5729600604));
#4432 = VECTOR('',#4433,1.);
#4433 = DIRECTION('',(-0.26761656733,0.154508497187,0.951056516295));
#4434 = ORIENTED_EDGE('',*,*,#2000,.T.);
#4435 = ORIENTED_EDGE('',*,*,#4436,.T.);
#4436 = EDGE_CURVE('',#2003,#1037,#4437,.T.);
#4437 = LINE('',#4438,#4439);
#4438 = CARTESIAN_POINT('',(-63.16358666159,35.255078196757,
    -14.03648555196));
#4439 = VECTOR('',#4440,1.);
#4440 = DIRECTION('',(0.26761656733,-0.154508497187,-0.951056516295));
#4441 = PLANE('',#4442);
#4442 = AXIS2_PLACEMENT_3D('',#4443,#4444,#4445);
#4443 = CARTESIAN_POINT('',(-61.92812800627,34.541785809535,
    -13.5729600604));
#4444 = DIRECTION('',(-0.5,-0.866025403784,-7.001461871207E-17));
#4445 = DIRECTION('',(-0.26761656733,0.154508497187,0.951056516295));
#4446 = ADVANCED_FACE('',(#4447),#4458,.T.);
#4447 = FACE_BOUND('',#4448,.T.);
#4448 = EDGE_LOOP('',(#4449,#4455,#4456,#4457));
#4449 = ORIENTED_EDGE('',*,*,#4450,.F.);
#4450 = EDGE_CURVE('',#1045,#2011,#4451,.T.);
#4451 = LINE('',#4452,#4453);
#4452 = CARTESIAN_POINT('',(-60.87812800627,36.360439157483,
    -13.5729600604));
#4453 = VECTOR('',#4454,1.);
#4454 = DIRECTION('',(-0.26761656733,0.154508497187,0.951056516295));
#4455 = ORIENTED_EDGE('',*,*,#1044,.F.);
#4456 = ORIENTED_EDGE('',*,*,#4429,.T.);
#4457 = ORIENTED_EDGE('',*,*,#2010,.T.);
#4458 = PLANE('',#4459);
#4459 = AXIS2_PLACEMENT_3D('',#4460,#4461,#4462);
#4460 = CARTESIAN_POINT('',(-60.87812800627,36.360439157483,
    -13.5729600604));
#4461 = DIRECTION('',(-0.823639103546,0.475528258148,-0.309016994375));
#4462 = DIRECTION('',(-0.26761656733,0.154508497187,0.951056516295));
#4463 = ADVANCED_FACE('',(#4464),#4475,.T.);
#4464 = FACE_BOUND('',#4465,.T.);
#4465 = EDGE_LOOP('',(#4466,#4467,#4468,#4469));
#4466 = ORIENTED_EDGE('',*,*,#2090,.T.);
#4467 = ORIENTED_EDGE('',*,*,#4436,.T.);
#4468 = ORIENTED_EDGE('',*,*,#1124,.F.);
#4469 = ORIENTED_EDGE('',*,*,#4470,.T.);
#4470 = EDGE_CURVE('',#1117,#2083,#4471,.T.);
#4471 = LINE('',#4472,#4473);
#4472 = CARTESIAN_POINT('',(-63.91358666159,33.95604009108,
    -14.03648555196));
#4473 = VECTOR('',#4474,1.);
#4474 = DIRECTION('',(-0.26761656733,0.154508497187,0.951056516295));
#4475 = PLANE('',#4476);
#4476 = AXIS2_PLACEMENT_3D('',#4477,#4478,#4479);
#4477 = CARTESIAN_POINT('',(-61.36358666159,38.372769650381,
    -14.03648555196));
#4478 = DIRECTION('',(-0.823639103546,0.475528258148,-0.309016994375));
#4479 = DIRECTION('',(-0.26761656733,0.154508497187,0.951056516295));
#4480 = ADVANCED_FACE('',(#4481),#4492,.T.);
#4481 = FACE_BOUND('',#4482,.T.);
#4482 = EDGE_LOOP('',(#4483,#4484,#4485,#4486));
#4483 = ORIENTED_EDGE('',*,*,#1052,.F.);
#4484 = ORIENTED_EDGE('',*,*,#4450,.T.);
#4485 = ORIENTED_EDGE('',*,*,#2018,.T.);
#4486 = ORIENTED_EDGE('',*,*,#4487,.T.);
#4487 = EDGE_CURVE('',#2019,#1053,#4488,.T.);
#4488 = LINE('',#4489,#4490);
#4489 = CARTESIAN_POINT('',(-62.11358666159,37.073731544704,
    -14.03648555196));
#4490 = VECTOR('',#4491,1.);
#4491 = DIRECTION('',(0.26761656733,-0.154508497187,-0.951056516295));
#4492 = PLANE('',#4493);
#4493 = AXIS2_PLACEMENT_3D('',#4494,#4495,#4496);
#4494 = CARTESIAN_POINT('',(-60.87812800627,36.360439157483,
    -13.5729600604));
#4495 = DIRECTION('',(-0.5,-0.866025403784,-7.001461871207E-17));
#4496 = DIRECTION('',(-0.26761656733,0.154508497187,0.951056516295));
#4497 = ADVANCED_FACE('',(#4498),#4509,.F.);
#4498 = FACE_BOUND('',#4499,.F.);
#4499 = EDGE_LOOP('',(#4500,#4506,#4507,#4508));
#4500 = ORIENTED_EDGE('',*,*,#4501,.F.);
#4501 = EDGE_CURVE('',#1109,#2075,#4502,.T.);
#4502 = LINE('',#4503,#4504);
#4503 = CARTESIAN_POINT('',(-65.64322877904,34.95464943319,
    -14.68542124015));
#4504 = VECTOR('',#4505,1.);
#4505 = DIRECTION('',(-0.26761656733,0.154508497187,0.951056516295));
#4506 = ORIENTED_EDGE('',*,*,#1116,.F.);
#4507 = ORIENTED_EDGE('',*,*,#4470,.T.);
#4508 = ORIENTED_EDGE('',*,*,#2082,.T.);
#4509 = PLANE('',#4510);
#4510 = AXIS2_PLACEMENT_3D('',#4511,#4512,#4513);
#4511 = CARTESIAN_POINT('',(-63.91358666159,33.95604009108,
    -14.03648555196));
#4512 = DIRECTION('',(-0.5,-0.866025403784,-7.001461871207E-17));
#4513 = DIRECTION('',(-0.26761656733,0.154508497187,0.951056516295));
#4514 = ADVANCED_FACE('',(#4515),#4526,.T.);
#4515 = FACE_BOUND('',#4516,.T.);
#4516 = EDGE_LOOP('',(#4517,#4518,#4524,#4525));
#4517 = ORIENTED_EDGE('',*,*,#2026,.T.);
#4518 = ORIENTED_EDGE('',*,*,#4519,.F.);
#4519 = EDGE_CURVE('',#1061,#2027,#4520,.T.);
#4520 = LINE('',#4521,#4522);
#4521 = CARTESIAN_POINT('',(-61.36358666159,38.372769650381,
    -14.03648555196));
#4522 = VECTOR('',#4523,1.);
#4523 = DIRECTION('',(-0.26761656733,0.154508497187,0.951056516295));
#4524 = ORIENTED_EDGE('',*,*,#1060,.F.);
#4525 = ORIENTED_EDGE('',*,*,#4487,.F.);
#4526 = PLANE('',#4527);
#4527 = AXIS2_PLACEMENT_3D('',#4528,#4529,#4530);
#4528 = CARTESIAN_POINT('',(-61.36358666159,38.372769650381,
    -14.03648555196));
#4529 = DIRECTION('',(-0.823639103546,0.475528258148,-0.309016994375));
#4530 = DIRECTION('',(-0.26761656733,0.154508497187,0.951056516295));
#4531 = ADVANCED_FACE('',(#4532),#4543,.F.);
#4532 = FACE_BOUND('',#4533,.F.);
#4533 = EDGE_LOOP('',(#4534,#4535,#4541,#4542));
#4534 = ORIENTED_EDGE('',*,*,#2074,.T.);
#4535 = ORIENTED_EDGE('',*,*,#4536,.T.);
#4536 = EDGE_CURVE('',#2067,#1101,#4537,.T.);
#4537 = LINE('',#4538,#4539);
#4538 = CARTESIAN_POINT('',(-64.89322877904,36.253687538867,
    -14.68542124015));
#4539 = VECTOR('',#4540,1.);
#4540 = DIRECTION('',(0.26761656733,-0.154508497187,-0.951056516295));
#4541 = ORIENTED_EDGE('',*,*,#1108,.F.);
#4542 = ORIENTED_EDGE('',*,*,#4501,.T.);
#4543 = PLANE('',#4544);
#4544 = AXIS2_PLACEMENT_3D('',#4545,#4546,#4547);
#4545 = CARTESIAN_POINT('',(-63.09322877904,39.371378992491,
    -14.68542124015));
#4546 = DIRECTION('',(-0.823639103546,0.475528258148,-0.309016994375));
#4547 = DIRECTION('',(-0.26761656733,0.154508497187,0.951056516295));
#4548 = ADVANCED_FACE('',(#4549),#4560,.T.);
#4549 = FACE_BOUND('',#4550,.T.);
#4550 = EDGE_LOOP('',(#4551,#4557,#4558,#4559));
#4551 = ORIENTED_EDGE('',*,*,#4552,.F.);
#4552 = EDGE_CURVE('',#1069,#2035,#4553,.T.);
#4553 = LINE('',#4554,#4555);
#4554 = CARTESIAN_POINT('',(-63.09322877904,39.371378992491,
    -14.68542124015));
#4555 = VECTOR('',#4556,1.);
#4556 = DIRECTION('',(-0.26761656733,0.154508497187,0.951056516295));
#4557 = ORIENTED_EDGE('',*,*,#1068,.F.);
#4558 = ORIENTED_EDGE('',*,*,#4519,.T.);
#4559 = ORIENTED_EDGE('',*,*,#2034,.T.);
#4560 = PLANE('',#4561);
#4561 = AXIS2_PLACEMENT_3D('',#4562,#4563,#4564);
#4562 = CARTESIAN_POINT('',(-61.36358666159,38.372769650381,
    -14.03648555196));
#4563 = DIRECTION('',(-0.5,-0.866025403784,-7.001461871207E-17));
#4564 = DIRECTION('',(-0.26761656733,0.154508497187,0.951056516295));
#4565 = ADVANCED_FACE('',(#4566),#4577,.F.);
#4566 = FACE_BOUND('',#4567,.F.);
#4567 = EDGE_LOOP('',(#4568,#4569,#4570,#4571));
#4568 = ORIENTED_EDGE('',*,*,#1100,.F.);
#4569 = ORIENTED_EDGE('',*,*,#4536,.F.);
#4570 = ORIENTED_EDGE('',*,*,#2066,.T.);
#4571 = ORIENTED_EDGE('',*,*,#4572,.F.);
#4572 = EDGE_CURVE('',#1093,#2059,#4573,.T.);
#4573 = LINE('',#4574,#4575);
#4574 = CARTESIAN_POINT('',(-66.12868743436,36.966979926088,
    -15.14894673171));
#4575 = VECTOR('',#4576,1.);
#4576 = DIRECTION('',(-0.26761656733,0.154508497187,0.951056516295));
#4577 = PLANE('',#4578);
#4578 = AXIS2_PLACEMENT_3D('',#4579,#4580,#4581);
#4579 = CARTESIAN_POINT('',(-61.92812800627,34.541785809535,
    -13.5729600604));
#4580 = DIRECTION('',(-0.5,-0.866025403784,-7.001461871207E-17));
#4581 = DIRECTION('',(-0.26761656733,0.154508497187,0.951056516295));
#4582 = ADVANCED_FACE('',(#4583),#4594,.F.);
#4583 = FACE_BOUND('',#4584,.F.);
#4584 = EDGE_LOOP('',(#4585,#4586,#4587,#4588));
#4585 = ORIENTED_EDGE('',*,*,#2042,.T.);
#4586 = ORIENTED_EDGE('',*,*,#4552,.F.);
#4587 = ORIENTED_EDGE('',*,*,#1076,.F.);
#4588 = ORIENTED_EDGE('',*,*,#4589,.F.);
#4589 = EDGE_CURVE('',#2043,#1077,#4590,.T.);
#4590 = LINE('',#4591,#4592);
#4591 = CARTESIAN_POINT('',(-63.84322877904,38.072340886814,
    -14.68542124015));
#4592 = VECTOR('',#4593,1.);
#4593 = DIRECTION('',(0.26761656733,-0.154508497187,-0.951056516295));
#4594 = PLANE('',#4595);
#4595 = AXIS2_PLACEMENT_3D('',#4596,#4597,#4598);
#4596 = CARTESIAN_POINT('',(-63.09322877904,39.371378992491,
    -14.68542124015));
#4597 = DIRECTION('',(-0.823639103546,0.475528258148,-0.309016994375));
#4598 = DIRECTION('',(-0.26761656733,0.154508497187,0.951056516295));
#4599 = ADVANCED_FACE('',(#4600),#4611,.F.);
#4600 = FACE_BOUND('',#4601,.F.);
#4601 = EDGE_LOOP('',(#4602,#4608,#4609,#4610));
#4602 = ORIENTED_EDGE('',*,*,#4603,.F.);
#4603 = EDGE_CURVE('',#1085,#2051,#4604,.T.);
#4604 = LINE('',#4605,#4606);
#4605 = CARTESIAN_POINT('',(-65.07868743436,38.785633274035,
    -15.14894673171));
#4606 = VECTOR('',#4607,1.);
#4607 = DIRECTION('',(-0.26761656733,0.154508497187,0.951056516295));
#4608 = ORIENTED_EDGE('',*,*,#1092,.F.);
#4609 = ORIENTED_EDGE('',*,*,#4572,.T.);
#4610 = ORIENTED_EDGE('',*,*,#2058,.T.);
#4611 = PLANE('',#4612);
#4612 = AXIS2_PLACEMENT_3D('',#4613,#4614,#4615);
#4613 = CARTESIAN_POINT('',(-65.07868743436,38.785633274035,
    -15.14894673171));
#4614 = DIRECTION('',(-0.823639103546,0.475528258148,-0.309016994375));
#4615 = DIRECTION('',(-0.26761656733,0.154508497187,0.951056516295));
#4616 = ADVANCED_FACE('',(#4617),#4623,.T.);
#4617 = FACE_BOUND('',#4618,.T.);
#4618 = EDGE_LOOP('',(#4619,#4620,#4621,#4622));
#4619 = ORIENTED_EDGE('',*,*,#1084,.F.);
#4620 = ORIENTED_EDGE('',*,*,#4589,.F.);
#4621 = ORIENTED_EDGE('',*,*,#2050,.T.);
#4622 = ORIENTED_EDGE('',*,*,#4603,.F.);
#4623 = PLANE('',#4624);
#4624 = AXIS2_PLACEMENT_3D('',#4625,#4626,#4627);
#4625 = CARTESIAN_POINT('',(-60.87812800627,36.360439157483,
    -13.5729600604));
#4626 = DIRECTION('',(-0.5,-0.866025403784,-7.001461871207E-17));
#4627 = DIRECTION('',(-0.26761656733,0.154508497187,0.951056516295));
#4628 = ADVANCED_FACE('',(#4629),#4645,.F.);
#4629 = FACE_BOUND('',#4630,.F.);
#4630 = EDGE_LOOP('',(#4631,#4632,#4638,#4639));
#4631 = ORIENTED_EDGE('',*,*,#1132,.F.);
#4632 = ORIENTED_EDGE('',*,*,#4633,.T.);
#4633 = EDGE_CURVE('',#1133,#1903,#4634,.T.);
#4634 = LINE('',#4635,#4636);
#4635 = CARTESIAN_POINT('',(-1.05,70.902224967018,-13.5729600604));
#4636 = VECTOR('',#4637,1.);
#4637 = DIRECTION('',(1.892183365217E-17,0.309016994375,0.951056516295)
  );
#4638 = ORIENTED_EDGE('',*,*,#1902,.T.);
#4639 = ORIENTED_EDGE('',*,*,#4640,.T.);
#4640 = EDGE_CURVE('',#1905,#1135,#4641,.T.);
#4641 = LINE('',#4642,#4643);
#4642 = CARTESIAN_POINT('',(-1.05,72.328809741461,-14.03648555196));
#4643 = VECTOR('',#4644,1.);
#4644 = DIRECTION('',(-1.892183365217E-17,-0.309016994375,
    -0.951056516295));
#4645 = PLANE('',#4646);
#4646 = AXIS2_PLACEMENT_3D('',#4647,#4648,#4649);
#4647 = CARTESIAN_POINT('',(-1.05,70.902224967018,-13.5729600604));
#4648 = DIRECTION('',(-1.,6.123233995737E-17,-2.763898138422E-33));
#4649 = DIRECTION('',(1.892183365217E-17,0.309016994375,0.951056516295)
  );
#4650 = ADVANCED_FACE('',(#4651),#4662,.T.);
#4651 = FACE_BOUND('',#4652,.T.);
#4652 = EDGE_LOOP('',(#4653,#4659,#4660,#4661));
#4653 = ORIENTED_EDGE('',*,*,#4654,.F.);
#4654 = EDGE_CURVE('',#1143,#1913,#4655,.T.);
#4655 = LINE('',#4656,#4657);
#4656 = CARTESIAN_POINT('',(1.05,70.902224967018,-13.5729600604));
#4657 = VECTOR('',#4658,1.);
#4658 = DIRECTION('',(1.892183365217E-17,0.309016994375,0.951056516295)
  );
#4659 = ORIENTED_EDGE('',*,*,#1142,.F.);
#4660 = ORIENTED_EDGE('',*,*,#4633,.T.);
#4661 = ORIENTED_EDGE('',*,*,#1912,.T.);
#4662 = PLANE('',#4663);
#4663 = AXIS2_PLACEMENT_3D('',#4664,#4665,#4666);
#4664 = CARTESIAN_POINT('',(1.05,70.902224967018,-13.5729600604));
#4665 = DIRECTION('',(5.823541592445E-17,0.951056516295,-0.309016994375)
  );
#4666 = DIRECTION('',(1.892183365217E-17,0.309016994375,0.951056516295)
  );
#4667 = ADVANCED_FACE('',(#4668),#4679,.T.);
#4668 = FACE_BOUND('',#4669,.T.);
#4669 = EDGE_LOOP('',(#4670,#4671,#4672,#4673));
#4670 = ORIENTED_EDGE('',*,*,#1992,.T.);
#4671 = ORIENTED_EDGE('',*,*,#4640,.T.);
#4672 = ORIENTED_EDGE('',*,*,#1222,.F.);
#4673 = ORIENTED_EDGE('',*,*,#4674,.T.);
#4674 = EDGE_CURVE('',#1215,#1985,#4675,.T.);
#4675 = LINE('',#4676,#4677);
#4676 = CARTESIAN_POINT('',(-2.55,72.328809741461,-14.03648555196));
#4677 = VECTOR('',#4678,1.);
#4678 = DIRECTION('',(1.892183365217E-17,0.309016994375,0.951056516295)
  );
#4679 = PLANE('',#4680);
#4680 = AXIS2_PLACEMENT_3D('',#4681,#4682,#4683);
#4681 = CARTESIAN_POINT('',(2.55,72.328809741461,-14.03648555196));
#4682 = DIRECTION('',(5.823541592445E-17,0.951056516295,-0.309016994375)
  );
#4683 = DIRECTION('',(1.892183365217E-17,0.309016994375,0.951056516295)
  );
#4684 = ADVANCED_FACE('',(#4685),#4696,.T.);
#4685 = FACE_BOUND('',#4686,.T.);
#4686 = EDGE_LOOP('',(#4687,#4688,#4689,#4690));
#4687 = ORIENTED_EDGE('',*,*,#1150,.F.);
#4688 = ORIENTED_EDGE('',*,*,#4654,.T.);
#4689 = ORIENTED_EDGE('',*,*,#1920,.T.);
#4690 = ORIENTED_EDGE('',*,*,#4691,.T.);
#4691 = EDGE_CURVE('',#1921,#1151,#4692,.T.);
#4692 = LINE('',#4693,#4694);
#4693 = CARTESIAN_POINT('',(1.05,72.328809741461,-14.03648555196));
#4694 = VECTOR('',#4695,1.);
#4695 = DIRECTION('',(-1.892183365217E-17,-0.309016994375,
    -0.951056516295));
#4696 = PLANE('',#4697);
#4697 = AXIS2_PLACEMENT_3D('',#4698,#4699,#4700);
#4698 = CARTESIAN_POINT('',(1.05,70.902224967018,-13.5729600604));
#4699 = DIRECTION('',(-1.,6.123233995737E-17,-2.763898138422E-33));
#4700 = DIRECTION('',(1.892183365217E-17,0.309016994375,0.951056516295)
  );
#4701 = ADVANCED_FACE('',(#4702),#4713,.F.);
#4702 = FACE_BOUND('',#4703,.F.);
#4703 = EDGE_LOOP('',(#4704,#4710,#4711,#4712));
#4704 = ORIENTED_EDGE('',*,*,#4705,.F.);
#4705 = EDGE_CURVE('',#1207,#1977,#4706,.T.);
#4706 = LINE('',#4707,#4708);
#4707 = CARTESIAN_POINT('',(-2.55,74.326028425681,-14.68542124015));
#4708 = VECTOR('',#4709,1.);
#4709 = DIRECTION('',(1.892183365217E-17,0.309016994375,0.951056516295)
  );
#4710 = ORIENTED_EDGE('',*,*,#1214,.F.);
#4711 = ORIENTED_EDGE('',*,*,#4674,.T.);
#4712 = ORIENTED_EDGE('',*,*,#1984,.T.);
#4713 = PLANE('',#4714);
#4714 = AXIS2_PLACEMENT_3D('',#4715,#4716,#4717);
#4715 = CARTESIAN_POINT('',(-2.55,72.328809741461,-14.03648555196));
#4716 = DIRECTION('',(-1.,6.123233995737E-17,-2.763898138422E-33));
#4717 = DIRECTION('',(1.892183365217E-17,0.309016994375,0.951056516295)
  );
#4718 = ADVANCED_FACE('',(#4719),#4730,.T.);
#4719 = FACE_BOUND('',#4720,.T.);
#4720 = EDGE_LOOP('',(#4721,#4722,#4728,#4729));
#4721 = ORIENTED_EDGE('',*,*,#1928,.T.);
#4722 = ORIENTED_EDGE('',*,*,#4723,.F.);
#4723 = EDGE_CURVE('',#1159,#1929,#4724,.T.);
#4724 = LINE('',#4725,#4726);
#4725 = CARTESIAN_POINT('',(2.55,72.328809741461,-14.03648555196));
#4726 = VECTOR('',#4727,1.);
#4727 = DIRECTION('',(1.892183365217E-17,0.309016994375,0.951056516295)
  );
#4728 = ORIENTED_EDGE('',*,*,#1158,.F.);
#4729 = ORIENTED_EDGE('',*,*,#4691,.F.);
#4730 = PLANE('',#4731);
#4731 = AXIS2_PLACEMENT_3D('',#4732,#4733,#4734);
#4732 = CARTESIAN_POINT('',(2.55,72.328809741461,-14.03648555196));
#4733 = DIRECTION('',(5.823541592445E-17,0.951056516295,-0.309016994375)
  );
#4734 = DIRECTION('',(1.892183365217E-17,0.309016994375,0.951056516295)
  );
#4735 = ADVANCED_FACE('',(#4736),#4747,.F.);
#4736 = FACE_BOUND('',#4737,.F.);
#4737 = EDGE_LOOP('',(#4738,#4739,#4745,#4746));
#4738 = ORIENTED_EDGE('',*,*,#1976,.T.);
#4739 = ORIENTED_EDGE('',*,*,#4740,.T.);
#4740 = EDGE_CURVE('',#1969,#1199,#4741,.T.);
#4741 = LINE('',#4742,#4743);
#4742 = CARTESIAN_POINT('',(-1.05,74.326028425681,-14.68542124015));
#4743 = VECTOR('',#4744,1.);
#4744 = DIRECTION('',(-1.892183365217E-17,-0.309016994375,
    -0.951056516295));
#4745 = ORIENTED_EDGE('',*,*,#1206,.F.);
#4746 = ORIENTED_EDGE('',*,*,#4705,.T.);
#4747 = PLANE('',#4748);
#4748 = AXIS2_PLACEMENT_3D('',#4749,#4750,#4751);
#4749 = CARTESIAN_POINT('',(2.55,74.326028425681,-14.68542124015));
#4750 = DIRECTION('',(5.823541592445E-17,0.951056516295,-0.309016994375)
  );
#4751 = DIRECTION('',(1.892183365217E-17,0.309016994375,0.951056516295)
  );
#4752 = ADVANCED_FACE('',(#4753),#4764,.T.);
#4753 = FACE_BOUND('',#4754,.T.);
#4754 = EDGE_LOOP('',(#4755,#4761,#4762,#4763));
#4755 = ORIENTED_EDGE('',*,*,#4756,.F.);
#4756 = EDGE_CURVE('',#1167,#1937,#4757,.T.);
#4757 = LINE('',#4758,#4759);
#4758 = CARTESIAN_POINT('',(2.55,74.326028425681,-14.68542124015));
#4759 = VECTOR('',#4760,1.);
#4760 = DIRECTION('',(1.892183365217E-17,0.309016994375,0.951056516295)
  );
#4761 = ORIENTED_EDGE('',*,*,#1166,.F.);
#4762 = ORIENTED_EDGE('',*,*,#4723,.T.);
#4763 = ORIENTED_EDGE('',*,*,#1936,.T.);
#4764 = PLANE('',#4765);
#4765 = AXIS2_PLACEMENT_3D('',#4766,#4767,#4768);
#4766 = CARTESIAN_POINT('',(2.55,72.328809741461,-14.03648555196));
#4767 = DIRECTION('',(-1.,6.123233995737E-17,-2.763898138422E-33));
#4768 = DIRECTION('',(1.892183365217E-17,0.309016994375,0.951056516295)
  );
#4769 = ADVANCED_FACE('',(#4770),#4781,.F.);
#4770 = FACE_BOUND('',#4771,.F.);
#4771 = EDGE_LOOP('',(#4772,#4773,#4774,#4775));
#4772 = ORIENTED_EDGE('',*,*,#1198,.F.);
#4773 = ORIENTED_EDGE('',*,*,#4740,.F.);
#4774 = ORIENTED_EDGE('',*,*,#1968,.T.);
#4775 = ORIENTED_EDGE('',*,*,#4776,.F.);
#4776 = EDGE_CURVE('',#1191,#1961,#4777,.T.);
#4777 = LINE('',#4778,#4779);
#4778 = CARTESIAN_POINT('',(-1.05,75.752613200123,-15.14894673171));
#4779 = VECTOR('',#4780,1.);
#4780 = DIRECTION('',(1.892183365217E-17,0.309016994375,0.951056516295)
  );
#4781 = PLANE('',#4782);
#4782 = AXIS2_PLACEMENT_3D('',#4783,#4784,#4785);
#4783 = CARTESIAN_POINT('',(-1.05,70.902224967018,-13.5729600604));
#4784 = DIRECTION('',(-1.,6.123233995737E-17,-2.763898138422E-33));
#4785 = DIRECTION('',(1.892183365217E-17,0.309016994375,0.951056516295)
  );
#4786 = ADVANCED_FACE('',(#4787),#4798,.F.);
#4787 = FACE_BOUND('',#4788,.F.);
#4788 = EDGE_LOOP('',(#4789,#4790,#4791,#4792));
#4789 = ORIENTED_EDGE('',*,*,#1944,.T.);
#4790 = ORIENTED_EDGE('',*,*,#4756,.F.);
#4791 = ORIENTED_EDGE('',*,*,#1174,.F.);
#4792 = ORIENTED_EDGE('',*,*,#4793,.F.);
#4793 = EDGE_CURVE('',#1945,#1175,#4794,.T.);
#4794 = LINE('',#4795,#4796);
#4795 = CARTESIAN_POINT('',(1.05,74.326028425681,-14.68542124015));
#4796 = VECTOR('',#4797,1.);
#4797 = DIRECTION('',(-1.892183365217E-17,-0.309016994375,
    -0.951056516295));
#4798 = PLANE('',#4799);
#4799 = AXIS2_PLACEMENT_3D('',#4800,#4801,#4802);
#4800 = CARTESIAN_POINT('',(2.55,74.326028425681,-14.68542124015));
#4801 = DIRECTION('',(5.823541592445E-17,0.951056516295,-0.309016994375)
  );
#4802 = DIRECTION('',(1.892183365217E-17,0.309016994375,0.951056516295)
  );
#4803 = ADVANCED_FACE('',(#4804),#4815,.F.);
#4804 = FACE_BOUND('',#4805,.F.);
#4805 = EDGE_LOOP('',(#4806,#4812,#4813,#4814));
#4806 = ORIENTED_EDGE('',*,*,#4807,.F.);
#4807 = EDGE_CURVE('',#1183,#1953,#4808,.T.);
#4808 = LINE('',#4809,#4810);
#4809 = CARTESIAN_POINT('',(1.05,75.752613200123,-15.14894673171));
#4810 = VECTOR('',#4811,1.);
#4811 = DIRECTION('',(1.892183365217E-17,0.309016994375,0.951056516295)
  );
#4812 = ORIENTED_EDGE('',*,*,#1190,.F.);
#4813 = ORIENTED_EDGE('',*,*,#4776,.T.);
#4814 = ORIENTED_EDGE('',*,*,#1960,.T.);
#4815 = PLANE('',#4816);
#4816 = AXIS2_PLACEMENT_3D('',#4817,#4818,#4819);
#4817 = CARTESIAN_POINT('',(1.05,75.752613200123,-15.14894673171));
#4818 = DIRECTION('',(5.823541592445E-17,0.951056516295,-0.309016994375)
  );
#4819 = DIRECTION('',(1.892183365217E-17,0.309016994375,0.951056516295)
  );
#4820 = ADVANCED_FACE('',(#4821),#4827,.T.);
#4821 = FACE_BOUND('',#4822,.T.);
#4822 = EDGE_LOOP('',(#4823,#4824,#4825,#4826));
#4823 = ORIENTED_EDGE('',*,*,#1182,.F.);
#4824 = ORIENTED_EDGE('',*,*,#4793,.F.);
#4825 = ORIENTED_EDGE('',*,*,#1952,.T.);
#4826 = ORIENTED_EDGE('',*,*,#4807,.F.);
#4827 = PLANE('',#4828);
#4828 = AXIS2_PLACEMENT_3D('',#4829,#4830,#4831);
#4829 = CARTESIAN_POINT('',(1.05,70.902224967018,-13.5729600604));
#4830 = DIRECTION('',(-1.,6.123233995737E-17,-2.763898138422E-33));
#4831 = DIRECTION('',(1.892183365217E-17,0.309016994375,0.951056516295)
  );
#4832 = ADVANCED_FACE('',(#4833),#4852,.T.);
#4833 = FACE_BOUND('',#4834,.T.);
#4834 = EDGE_LOOP('',(#4835,#4844,#4850,#4851));
#4835 = ORIENTED_EDGE('',*,*,#4836,.F.);
#4836 = EDGE_CURVE('',#4837,#4837,#4839,.T.);
#4837 = VERTEX_POINT('',#4838);
#4838 = CARTESIAN_POINT('',(11.8,-2.890166445988E-15,6.));
#4839 = CIRCLE('',#4840,11.8);
#4840 = AXIS2_PLACEMENT_3D('',#4841,#4842,#4843);
#4841 = CARTESIAN_POINT('',(0.,0.,6.));
#4842 = DIRECTION('',(0.,0.,1.));
#4843 = DIRECTION('',(1.,0.,-0.));
#4844 = ORIENTED_EDGE('',*,*,#4845,.F.);
#4845 = EDGE_CURVE('',#1892,#4837,#4846,.T.);
#4846 = LINE('',#4847,#4848);
#4847 = CARTESIAN_POINT('',(11.8,-2.890166445988E-15,-1.6));
#4848 = VECTOR('',#4849,1.);
#4849 = DIRECTION('',(0.,0.,1.));
#4850 = ORIENTED_EDGE('',*,*,#1891,.T.);
#4851 = ORIENTED_EDGE('',*,*,#4845,.T.);
#4852 = CYLINDRICAL_SURFACE('',#4853,11.8);
#4853 = AXIS2_PLACEMENT_3D('',#4854,#4855,#4856);
#4854 = CARTESIAN_POINT('',(0.,0.,-1.6));
#4855 = DIRECTION('',(0.,0.,1.));
#4856 = DIRECTION('',(1.,0.,-0.));
#4857 = ADVANCED_FACE('',(#4858),#4929,.T.);
#4858 = FACE_BOUND('',#4859,.T.);
#4859 = EDGE_LOOP('',(#4860,#4861,#4862,#4869,#4870,#4871,#4872,#4873,
    #4874,#4875,#4876,#4877,#4884,#4885,#4886,#4887,#4888,#4889,#4890,
    #4891,#4892,#4899,#4900,#4901,#4902,#4903,#4904,#4905,#4906,#4907,
    #4916,#4923,#4924,#4925,#4926,#4927,#4928));
#4860 = ORIENTED_EDGE('',*,*,#3817,.F.);
#4861 = ORIENTED_EDGE('',*,*,#3863,.T.);
#4862 = ORIENTED_EDGE('',*,*,#4863,.T.);
#4863 = EDGE_CURVE('',#3864,#4285,#4864,.T.);
#4864 = CIRCLE('',#4865,6.2);
#4865 = AXIS2_PLACEMENT_3D('',#4866,#4867,#4868);
#4866 = CARTESIAN_POINT('',(0.,0.,11.6));
#4867 = DIRECTION('',(0.,0.,1.));
#4868 = DIRECTION('',(1.,0.,-0.));
#4869 = ORIENTED_EDGE('',*,*,#4282,.F.);
#4870 = ORIENTED_EDGE('',*,*,#4341,.F.);
#4871 = ORIENTED_EDGE('',*,*,#4397,.F.);
#4872 = ORIENTED_EDGE('',*,*,#4413,.T.);
#4873 = ORIENTED_EDGE('',*,*,#4363,.F.);
#4874 = ORIENTED_EDGE('',*,*,#4325,.T.);
#4875 = ORIENTED_EDGE('',*,*,#4258,.T.);
#4876 = ORIENTED_EDGE('',*,*,#4211,.T.);
#4877 = ORIENTED_EDGE('',*,*,#4878,.T.);
#4878 = EDGE_CURVE('',#4203,#3100,#4879,.T.);
#4879 = CIRCLE('',#4880,6.2);
#4880 = AXIS2_PLACEMENT_3D('',#4881,#4882,#4883);
#4881 = CARTESIAN_POINT('',(0.,0.,11.6));
#4882 = DIRECTION('',(0.,0.,1.));
#4883 = DIRECTION('',(1.,0.,-0.));
#4884 = ORIENTED_EDGE('',*,*,#3108,.F.);
#4885 = ORIENTED_EDGE('',*,*,#3155,.T.);
#4886 = ORIENTED_EDGE('',*,*,#3214,.F.);
#4887 = ORIENTED_EDGE('',*,*,#3253,.F.);
#4888 = ORIENTED_EDGE('',*,*,#3304,.F.);
#4889 = ORIENTED_EDGE('',*,*,#3369,.F.);
#4890 = ORIENTED_EDGE('',*,*,#3385,.T.);
#4891 = ORIENTED_EDGE('',*,*,#3345,.F.);
#4892 = ORIENTED_EDGE('',*,*,#4893,.T.);
#4893 = EDGE_CURVE('',#3327,#2706,#4894,.T.);
#4894 = CIRCLE('',#4895,6.2);
#4895 = AXIS2_PLACEMENT_3D('',#4896,#4897,#4898);
#4896 = CARTESIAN_POINT('',(0.,0.,11.6));
#4897 = DIRECTION('',(0.,0.,1.));
#4898 = DIRECTION('',(1.,0.,-0.));
#4899 = ORIENTED_EDGE('',*,*,#2722,.T.);
#4900 = ORIENTED_EDGE('',*,*,#2657,.T.);
#4901 = ORIENTED_EDGE('',*,*,#2617,.T.);
#4902 = ORIENTED_EDGE('',*,*,#2585,.F.);
#4903 = ORIENTED_EDGE('',*,*,#2631,.T.);
#4904 = ORIENTED_EDGE('',*,*,#2689,.F.);
#4905 = ORIENTED_EDGE('',*,*,#2736,.F.);
#4906 = ORIENTED_EDGE('',*,*,#2787,.F.);
#4907 = ORIENTED_EDGE('',*,*,#4908,.T.);
#4908 = EDGE_CURVE('',#2788,#4909,#4911,.T.);
#4909 = VERTEX_POINT('',#4910);
#4910 = CARTESIAN_POINT('',(6.2,-1.518562030943E-15,11.6));
#4911 = CIRCLE('',#4912,6.2);
#4912 = AXIS2_PLACEMENT_3D('',#4913,#4914,#4915);
#4913 = CARTESIAN_POINT('',(0.,0.,11.6));
#4914 = DIRECTION('',(0.,0.,1.));
#4915 = DIRECTION('',(1.,0.,-0.));
#4916 = ORIENTED_EDGE('',*,*,#4917,.T.);
#4917 = EDGE_CURVE('',#4909,#4095,#4918,.T.);
#4918 = CIRCLE('',#4919,6.2);
#4919 = AXIS2_PLACEMENT_3D('',#4920,#4921,#4922);
#4920 = CARTESIAN_POINT('',(0.,0.,11.6));
#4921 = DIRECTION('',(0.,0.,1.));
#4922 = DIRECTION('',(1.,0.,-0.));
#4923 = ORIENTED_EDGE('',*,*,#4094,.T.);
#4924 = ORIENTED_EDGE('',*,*,#4043,.F.);
#4925 = ORIENTED_EDGE('',*,*,#4004,.T.);
#4926 = ORIENTED_EDGE('',*,*,#3945,.T.);
#4927 = ORIENTED_EDGE('',*,*,#3898,.T.);
#4928 = ORIENTED_EDGE('',*,*,#3849,.T.);
#4929 = PLANE('',#4930);
#4930 = AXIS2_PLACEMENT_3D('',#4931,#4932,#4933);
#4931 = CARTESIAN_POINT('',(0.,0.,11.6));
#4932 = DIRECTION('',(0.,0.,1.));
#4933 = DIRECTION('',(1.,0.,-0.));
#4934 = ADVANCED_FACE('',(#4935),#4974,.T.);
#4935 = FACE_BOUND('',#4936,.T.);
#4936 = EDGE_LOOP('',(#4937,#4938,#4944,#4945,#4946,#4947,#4948,#4949,
    #4950,#4951,#4952,#4953,#4954,#4955,#4956,#4957,#4958,#4959,#4960,
    #4961,#4962,#4963,#4964,#4965,#4966,#4967,#4968,#4969,#4970,#4971,
    #4972,#4973));
#4937 = ORIENTED_EDGE('',*,*,#4836,.T.);
#4938 = ORIENTED_EDGE('',*,*,#4939,.T.);
#4939 = EDGE_CURVE('',#4837,#4909,#4940,.T.);
#4940 = LINE('',#4941,#4942);
#4941 = CARTESIAN_POINT('',(11.8,-2.890166445988E-15,6.));
#4942 = VECTOR('',#4943,1.);
#4943 = DIRECTION('',(-0.707106781187,1.731912112471E-16,0.707106781187)
  );
#4944 = ORIENTED_EDGE('',*,*,#4908,.F.);
#4945 = ORIENTED_EDGE('',*,*,#2795,.F.);
#4946 = ORIENTED_EDGE('',*,*,#2853,.F.);
#4947 = ORIENTED_EDGE('',*,*,#2870,.T.);
#4948 = ORIENTED_EDGE('',*,*,#2818,.F.);
#4949 = ORIENTED_EDGE('',*,*,#2770,.T.);
#4950 = ORIENTED_EDGE('',*,*,#2703,.T.);
#4951 = ORIENTED_EDGE('',*,*,#4893,.F.);
#4952 = ORIENTED_EDGE('',*,*,#3326,.F.);
#4953 = ORIENTED_EDGE('',*,*,#3287,.T.);
#4954 = ORIENTED_EDGE('',*,*,#3228,.T.);
#4955 = ORIENTED_EDGE('',*,*,#3181,.T.);
#4956 = ORIENTED_EDGE('',*,*,#3140,.T.);
#4957 = ORIENTED_EDGE('',*,*,#3099,.F.);
#4958 = ORIENTED_EDGE('',*,*,#4878,.F.);
#4959 = ORIENTED_EDGE('',*,*,#4202,.T.);
#4960 = ORIENTED_EDGE('',*,*,#4160,.T.);
#4961 = ORIENTED_EDGE('',*,*,#4127,.F.);
#4962 = ORIENTED_EDGE('',*,*,#4175,.T.);
#4963 = ORIENTED_EDGE('',*,*,#4243,.F.);
#4964 = ORIENTED_EDGE('',*,*,#4300,.F.);
#4965 = ORIENTED_EDGE('',*,*,#4863,.F.);
#4966 = ORIENTED_EDGE('',*,*,#3881,.T.);
#4967 = ORIENTED_EDGE('',*,*,#3930,.F.);
#4968 = ORIENTED_EDGE('',*,*,#3969,.F.);
#4969 = ORIENTED_EDGE('',*,*,#4020,.F.);
#4970 = ORIENTED_EDGE('',*,*,#4077,.F.);
#4971 = ORIENTED_EDGE('',*,*,#4102,.T.);
#4972 = ORIENTED_EDGE('',*,*,#4917,.F.);
#4973 = ORIENTED_EDGE('',*,*,#4939,.F.);
#4974 = CONICAL_SURFACE('',#4975,11.8,0.785398163397);
#4975 = AXIS2_PLACEMENT_3D('',#4976,#4977,#4978);
#4976 = CARTESIAN_POINT('',(0.,0.,6.));
#4977 = DIRECTION('',(-0.,-0.,-1.));
#4978 = DIRECTION('',(1.,0.,-0.));
#4979 = ( GEOMETRIC_REPRESENTATION_CONTEXT(3) 
GLOBAL_UNCERTAINTY_ASSIGNED_CONTEXT((#4983)) 
GLOBAL_UNIT_ASSIGNED_CONTEXT((#4980,#4981,#4982)) REPRESENTATION_CONTEXT
('Context #1','3D Context with UNIT and UNCERTAINTY') );
#4980 = ( LENGTH_UNIT() NAMED_UNIT(*) SI_UNIT(.MILLI.,.METRE.) );
#4981 = ( NAMED_UNIT(*) PLANE_ANGLE_UNIT() SI_UNIT($,.RADIAN.) );
#4982 = ( NAMED_UNIT(*) SI_UNIT($,.STERADIAN.) SOLID_ANGLE_UNIT() );
#4983 = UNCERTAINTY_MEASURE_WITH_UNIT(LENGTH_MEASURE(2.E-07),#4980,
  'distance_accuracy_value','confusion accuracy');
#4984 = PRODUCT_RELATED_PRODUCT_CATEGORY('part',$,(#7));
ENDSEC;
END-ISO-10303-21;
